event_id	event_name	time	actual_value	forecast_value	previous_value	revised_previous	importance	country_code	currency_code
276500001	S&P Global Manufacturing PMI	2020.01.02 11:55:00	43.7	43.4	43.4	nan	2	DE	EUR
276060001	Unemployment Change	2020.01.03 11:55:00	8.0	-18.0	-16.0	-14.0	2	DE	EUR
276060002	Unemployment Rate	2020.01.03 11:55:00	5.0	5.0	5.0	nan	2	DE	EUR
276060004	Unemployment	2020.01.03 11:55:00	2.279	2.236	2.266	2.271	2	DE	EUR
276010020	CPI m/m	2020.01.03 16:00:00	0.5	0.1	-0.8	nan	2	DE	EUR
276010021	CPI y/y	2020.01.03 16:00:00	1.5	1.2	1.1	nan	2	DE	EUR
276010016	Retail Sales m/m	2020.01.06 10:00:00	2.1	0.7	-1.9	-1.3	2	DE	EUR
276500002	S&P Global Services PMI	2020.01.06 11:55:00	52.9	52.0	52.0	nan	2	DE	EUR
276010018	Factory Orders m/m	2020.01.08 10:00:00	-1.3	-0.4	-0.4	0.2	2	DE	EUR
276010019	Factory Orders y/y	2020.01.08 10:00:00	-6.5	-5.5	-5.5	-5.6	2	DE	EUR
276020003	10-Year Bond Auction	2020.01.08 13:37:00	-0.25	nan	-0.33	nan	2	DE	EUR
276010007	Trade Balance	2020.01.09 10:00:00	18.2	20.4	20.6	20.4	2	DE	EUR
276010010	Industrial Production m/m	2020.01.09 10:00:00	1.1	-1.0	-1.7	-1.0	2	DE	EUR
276010020	CPI m/m	2020.01.16 10:00:00	0.5	0.5	0.5	nan	2	DE	EUR
276010021	CPI y/y	2020.01.16 10:00:00	1.5	1.5	1.5	nan	2	DE	EUR
276010014	PPI m/m	2020.01.20 10:00:00	0.1	-0.1	0.0	nan	2	DE	EUR
276070001	ZEW Economic Sentiment Indicator	2020.01.21 13:00:00	26.7	4.3	10.7	nan	2	DE	EUR
276070002	ZEW Economic Situation	2020.01.21 13:00:00	-9.5	-12.4	-19.9	nan	2	DE	EUR
276500002	S&P Global Services PMI	2020.01.24 11:30:00	54.2	54.0	52.9	nan	2	DE	EUR
276500001	S&P Global Manufacturing PMI	2020.01.24 11:30:00	45.2	43.3	43.7	nan	2	DE	EUR
276030002	Ifo Current Business Situation	2020.01.27 12:30:00	99.1	98.4	98.8	nan	2	DE	EUR
276030003	Ifo Business Climate	2020.01.27 12:30:00	95.9	95.6	96.3	nan	2	DE	EUR
276030001	Ifo Business Expectations	2020.01.27 12:30:00	92.9	92.9	93.8	93.9	2	DE	EUR
276040001	GfK Consumer Climate	2020.01.29 10:00:00	9.9	9.7	9.6	9.7	2	DE	EUR
276060001	Unemployment Change	2020.01.30 11:55:00	-2.0	-11.0	8.0	nan	2	DE	EUR
276060002	Unemployment Rate	2020.01.30 11:55:00	5.0	5.0	5.0	nan	2	DE	EUR
276060004	Unemployment	2020.01.30 11:55:00	2.277	2.253	2.279	2.28	2	DE	EUR
276010020	CPI m/m	2020.01.30 16:00:00	-0.6	0.6	0.5	nan	2	DE	EUR
276010021	CPI y/y	2020.01.30 16:00:00	1.7	1.6	1.5	nan	2	DE	EUR
276010016	Retail Sales m/m	2020.01.31 10:00:00	-3.3	-1.1	2.1	1.6	2	DE	EUR
276500001	S&P Global Manufacturing PMI	2020.02.03 11:55:00	45.3	45.2	45.2	nan	2	DE	EUR
276500002	S&P Global Services PMI	2020.02.05 11:55:00	54.2	54.2	54.2	nan	2	DE	EUR
276010018	Factory Orders m/m	2020.02.06 10:00:00	-2.1	1.1	-1.3	-0.8	2	DE	EUR
276010019	Factory Orders y/y	2020.02.06 10:00:00	-8.7	-6.0	-6.5	-6.0	2	DE	EUR
276010007	Trade Balance	2020.02.07 10:00:00	19.2	19.1	18.2	18.5	2	DE	EUR
276010010	Industrial Production m/m	2020.02.07 10:00:00	-3.5	1.1	1.1	1.2	2	DE	EUR
276020003	10-Year Bond Auction	2020.02.12 13:37:00	-0.38	nan	-0.25	nan	2	DE	EUR
276010020	CPI m/m	2020.02.13 10:00:00	-0.6	-0.6	-0.6	nan	2	DE	EUR
276010021	CPI y/y	2020.02.13 10:00:00	1.7	1.7	1.7	nan	2	DE	EUR
276010009	GDP y/y	2020.02.14 10:00:00	0.3	0.7	1.0	1.1	2	DE	EUR
276070001	ZEW Economic Sentiment Indicator	2020.02.18 13:00:00	8.7	18.8	26.7	nan	2	DE	EUR
276070002	ZEW Economic Situation	2020.02.18 13:00:00	-15.7	3.0	-9.5	nan	2	DE	EUR
276010014	PPI m/m	2020.02.20 10:00:00	0.8	0.0	0.1	nan	2	DE	EUR
276040001	GfK Consumer Climate	2020.02.20 10:00:00	9.8	9.8	9.9	nan	2	DE	EUR
276500002	S&P Global Services PMI	2020.02.21 11:30:00	53.3	54.6	54.2	nan	2	DE	EUR
276500001	S&P Global Manufacturing PMI	2020.02.21 11:30:00	47.8	46.2	45.3	nan	2	DE	EUR
276030002	Ifo Current Business Situation	2020.02.24 12:30:00	98.9	99.0	99.1	99.2	2	DE	EUR
276030003	Ifo Business Climate	2020.02.24 12:30:00	96.1	96.0	95.9	96.0	2	DE	EUR
276030001	Ifo Business Expectations	2020.02.24 12:30:00	93.4	93.3	92.9	nan	2	DE	EUR
276010009	GDP y/y	2020.02.25 10:00:00	0.3	0.3	0.3	nan	2	DE	EUR
276060001	Unemployment Change	2020.02.28 11:55:00	-10.0	-3.0	-2.0	-4.0	2	DE	EUR
276060002	Unemployment Rate	2020.02.28 11:55:00	5.0	5.0	5.0	nan	2	DE	EUR
276060004	Unemployment	2020.02.28 11:55:00	2.262	2.282	2.277	2.272	2	DE	EUR
276010020	CPI m/m	2020.02.28 16:00:00	0.4	-0.4	-0.6	nan	2	DE	EUR
276010021	CPI y/y	2020.02.28 16:00:00	1.7	1.7	1.7	nan	2	DE	EUR
276500001	S&P Global Manufacturing PMI	2020.03.02 11:55:00	48.0	47.8	47.8	nan	2	DE	EUR
276010016	Retail Sales m/m	2020.03.04 10:00:00	0.9	1.2	-3.3	-2.0	2	DE	EUR
276500002	S&P Global Services PMI	2020.03.04 11:55:00	52.5	53.3	53.3	nan	2	DE	EUR
276010019	Factory Orders y/y	2020.03.06 10:00:00	-1.4	-7.6	-8.7	-8.9	2	DE	EUR
276010018	Factory Orders m/m	2020.03.06 10:00:00	5.5	-0.5	-2.1	nan	2	DE	EUR
276010007	Trade Balance	2020.03.09 10:00:00	18.5	19.2	19.2	19.0	2	DE	EUR
276010010	Industrial Production m/m	2020.03.09 10:00:00	3.0	0.1	-3.5	-2.2	2	DE	EUR
276020003	10-Year Bond Auction	2020.03.11 13:40:00	-0.77	nan	-0.38	nan	2	DE	EUR
276010020	CPI m/m	2020.03.13 10:00:00	0.4	0.4	0.4	nan	2	DE	EUR
276010021	CPI y/y	2020.03.13 10:00:00	1.7	1.7	1.7	nan	2	DE	EUR
276070001	ZEW Economic Sentiment Indicator	2020.03.17 13:00:00	-49.5	17.7	8.7	nan	2	DE	EUR
276070002	ZEW Economic Situation	2020.03.17 13:00:00	-43.1	-26.5	-15.7	nan	2	DE	EUR
276010014	PPI m/m	2020.03.20 10:00:00	-0.4	0.1	0.8	nan	2	DE	EUR
276500002	S&P Global Services PMI	2020.03.24 11:30:00	34.5	53.0	52.5	nan	2	DE	EUR
276500001	S&P Global Manufacturing PMI	2020.03.24 11:30:00	45.7	49.4	48.0	nan	2	DE	EUR
276030002	Ifo Current Business Situation	2020.03.25 12:30:00	93.0	99.1	98.9	99.0	2	DE	EUR
276030003	Ifo Business Climate	2020.03.25 12:30:00	86.1	95.9	96.1	96.0	2	DE	EUR
276030001	Ifo Business Expectations	2020.03.25 12:30:00	79.7	93.1	93.4	93.1	2	DE	EUR
276040001	GfK Consumer Climate	2020.03.26 10:00:00	2.7	9.9	9.8	8.3	2	DE	EUR
276010020	CPI m/m	2020.03.30 15:00:00	0.1	0.3	0.4	nan	2	DE	EUR
276010021	CPI y/y	2020.03.30 15:00:00	1.4	1.6	1.7	nan	2	DE	EUR
276060001	Unemployment Change	2020.03.31 10:55:00	1.0	14.0	-10.0	-8.0	2	DE	EUR
276060002	Unemployment Rate	2020.03.31 10:55:00	5.0	5.0	5.0	nan	2	DE	EUR
276060004	Unemployment	2020.03.31 10:55:00	2.267	2.268	2.262	2.266	2	DE	EUR
276010016	Retail Sales m/m	2020.04.01 09:00:00	1.2	-0.8	0.9	1.0	2	DE	EUR
276500001	S&P Global Manufacturing PMI	2020.04.01 10:55:00	45.4	45.7	45.7	nan	2	DE	EUR
276500002	S&P Global Services PMI	2020.04.03 10:55:00	31.7	34.5	34.5	nan	2	DE	EUR
276010019	Factory Orders y/y	2020.04.06 09:00:00	1.5	-5.0	-1.4	-0.8	2	DE	EUR
276010018	Factory Orders m/m	2020.04.06 09:00:00	-1.4	-4.9	5.5	4.8	2	DE	EUR
276010010	Industrial Production m/m	2020.04.07 09:00:00	0.3	-0.7	3.0	3.2	2	DE	EUR
276020003	10-Year Bond Auction	2020.04.08 12:38:00	-0.34	nan	-0.77	nan	2	DE	EUR
276010007	Trade Balance	2020.04.09 09:00:00	21.6	18.5	18.5	18.7	2	DE	EUR
276010020	CPI m/m	2020.04.16 09:00:00	0.1	0.1	0.1	nan	2	DE	EUR
276010021	CPI y/y	2020.04.16 09:00:00	1.4	1.4	1.4	nan	2	DE	EUR
276010014	PPI m/m	2020.04.20 09:00:00	-0.8	0.1	-0.4	nan	2	DE	EUR
276070001	ZEW Economic Sentiment Indicator	2020.04.21 12:00:00	28.2	-20.8	-49.5	nan	2	DE	EUR
276070002	ZEW Economic Situation	2020.04.21 12:00:00	-91.5	-82.2	-43.1	nan	2	DE	EUR
276040001	GfK Consumer Climate	2020.04.23 09:00:00	-23.4	6.2	2.7	2.3	2	DE	EUR
276500002	S&P Global Services PMI	2020.04.23 10:30:00	15.9	27.8	31.7	nan	2	DE	EUR
276500001	S&P Global Manufacturing PMI	2020.04.23 10:30:00	34.4	44.4	45.4	nan	2	DE	EUR
276030002	Ifo Current Business Situation	2020.04.24 11:30:00	79.5	96.0	93.0	92.9	2	DE	EUR
276030003	Ifo Business Climate	2020.04.24 11:30:00	74.3	90.9	86.1	85.9	2	DE	EUR
276030001	Ifo Business Expectations	2020.04.24 11:30:00	69.4	86.4	79.7	79.5	2	DE	EUR
276020003	10-Year Bond Auction	2020.04.29 12:42:00	-0.48	nan	-0.34	nan	2	DE	EUR
276010020	CPI m/m	2020.04.29 15:00:00	0.3	0.2	0.1	nan	2	DE	EUR
276010021	CPI y/y	2020.04.29 15:00:00	0.8	1.4	1.4	nan	2	DE	EUR
276010016	Retail Sales m/m	2020.04.30 09:00:00	-5.6	-0.1	1.2	0.8	2	DE	EUR
276060001	Unemployment Change	2020.04.30 10:55:00	373.0	-4.0	1.0	nan	2	DE	EUR
276060002	Unemployment Rate	2020.04.30 10:55:00	5.8	5.0	5.0	nan	2	DE	EUR
276060004	Unemployment	2020.04.30 10:55:00	2.639	2.254	2.267	2.266	2	DE	EUR
276500001	S&P Global Manufacturing PMI	2020.05.04 10:55:00	34.5	34.4	34.4	nan	2	DE	EUR
276010019	Factory Orders y/y	2020.05.06 09:00:00	-16.0	0.0	1.5	1.9	2	DE	EUR
276010018	Factory Orders m/m	2020.05.06 09:00:00	-15.6	5.3	-1.4	-1.2	2	DE	EUR
276500002	S&P Global Services PMI	2020.05.06 10:55:00	16.2	15.9	15.9	nan	2	DE	EUR
276010010	Industrial Production m/m	2020.05.07 09:00:00	-9.2	1.7	0.3	nan	2	DE	EUR
276010007	Trade Balance	2020.05.08 09:00:00	12.7	19.6	21.6	21.4	2	DE	EUR
276010020	CPI m/m	2020.05.14 09:00:00	0.4	0.3	0.3	nan	2	DE	EUR
276010021	CPI y/y	2020.05.14 09:00:00	0.9	0.8	0.8	nan	2	DE	EUR
276010014	PPI m/m	2020.05.15 09:00:00	-0.7	0.0	-0.8	nan	2	DE	EUR
276010009	GDP y/y	2020.05.15 11:00:00	-1.9	0.5	0.3	0.2	2	DE	EUR
276070001	ZEW Economic Sentiment Indicator	2020.05.19 12:00:00	51.0	-10.6	28.2	nan	2	DE	EUR
276070002	ZEW Economic Situation	2020.05.19 12:00:00	-93.5	-135.7	-91.5	nan	2	DE	EUR
276020003	10-Year Bond Auction	2020.05.20 12:41:00	-0.47	nan	-0.48	nan	2	DE	EUR
276500002	S&P Global Services PMI	2020.05.21 10:30:00	31.4	16.4	16.2	nan	2	DE	EUR
276500001	S&P Global Manufacturing PMI	2020.05.21 10:30:00	36.8	26.9	34.5	nan	2	DE	EUR
276010009	GDP y/y	2020.05.25 09:00:00	-1.9	-1.9	-1.9	nan	2	DE	EUR
276030002	Ifo Current Business Situation	2020.05.25 11:30:00	78.9	86.2	79.5	79.4	2	DE	EUR
276030003	Ifo Business Climate	2020.05.25 11:30:00	79.5	80.0	74.3	74.2	2	DE	EUR
276030001	Ifo Business Expectations	2020.05.25 11:30:00	80.1	74.4	69.4	nan	2	DE	EUR
276040001	GfK Consumer Climate	2020.05.26 09:00:00	-18.9	-11.0	-23.4	-23.1	2	DE	EUR
276010020	CPI m/m	2020.05.28 15:00:00	-0.1	0.6	0.4	nan	2	DE	EUR
276010021	CPI y/y	2020.05.28 15:00:00	0.6	0.8	0.9	nan	2	DE	EUR
276010016	Retail Sales m/m	2020.05.29 09:00:00	-5.3	1.9	-5.6	-4.0	2	DE	EUR
276500001	S&P Global Manufacturing PMI	2020.06.01 10:55:00	36.6	36.8	36.8	nan	2	DE	EUR
276060001	Unemployment Change	2020.06.03 10:55:00	238.0	9.0	373.0	372.0	2	DE	EUR
276060002	Unemployment Rate	2020.06.03 10:55:00	6.3	6.5	5.8	nan	2	DE	EUR
276060004	Unemployment	2020.06.03 10:55:00	2.875	4.845	2.639	2.637	2	DE	EUR
276500002	S&P Global Services PMI	2020.06.03 10:55:00	32.6	31.4	31.4	nan	2	DE	EUR
276010019	Factory Orders y/y	2020.06.05 09:00:00	-36.6	-7.4	-16.0	-15.4	2	DE	EUR
276010018	Factory Orders m/m	2020.06.05 09:00:00	-25.8	26.6	-15.6	-15.0	2	DE	EUR
276010010	Industrial Production m/m	2020.06.08 09:00:00	-17.9	1.7	-9.2	-8.9	2	DE	EUR
276010007	Trade Balance	2020.06.09 09:00:00	3.2	14.1	12.7	12.8	2	DE	EUR
276010020	CPI m/m	2020.06.16 09:00:00	-0.1	-0.1	-0.1	nan	2	DE	EUR
276010021	CPI y/y	2020.06.16 09:00:00	0.6	0.6	0.6	nan	2	DE	EUR
276070001	ZEW Economic Sentiment Indicator	2020.06.16 12:00:00	63.4	40.2	51.0	nan	2	DE	EUR
276070002	ZEW Economic Situation	2020.06.16 12:00:00	-83.1	-59.9	-93.5	nan	2	DE	EUR
276020003	10-Year Bond Auction	2020.06.17 12:40:00	-0.38	nan	-0.47	nan	2	DE	EUR
276010014	PPI m/m	2020.06.19 09:00:00	-0.4	-0.1	-0.7	nan	2	DE	EUR
276500002	S&P Global Services PMI	2020.06.23 10:30:00	45.8	33.3	32.6	nan	2	DE	EUR
276500001	S&P Global Manufacturing PMI	2020.06.23 10:30:00	44.6	43.0	36.6	nan	2	DE	EUR
276030002	Ifo Current Business Situation	2020.06.24 11:30:00	81.3	79.1	78.9	nan	2	DE	EUR
276030003	Ifo Business Climate	2020.06.24 11:30:00	86.2	76.7	79.5	79.7	2	DE	EUR
276030001	Ifo Business Expectations	2020.06.24 11:30:00	91.4	68.5	80.1	80.5	2	DE	EUR
276040001	GfK Consumer Climate	2020.06.25 09:00:00	-9.6	-21.7	-18.9	-18.6	2	DE	EUR
276010020	CPI m/m	2020.06.29 15:00:00	0.6	-0.2	-0.1	nan	2	DE	EUR
276010021	CPI y/y	2020.06.29 15:00:00	0.9	0.6	0.6	nan	2	DE	EUR
276010016	Retail Sales m/m	2020.07.01 09:00:00	13.9	-1.1	-5.3	-6.5	2	DE	EUR
276060001	Unemployment Change	2020.07.01 10:55:00	69.0	104.0	238.0	237.0	2	DE	EUR
276060002	Unemployment Rate	2020.07.01 10:55:00	6.4	7.3	6.3	nan	2	DE	EUR
276060004	Unemployment	2020.07.01 10:55:00	2.943	1.702	2.875	2.874	2	DE	EUR
276500001	S&P Global Manufacturing PMI	2020.07.01 10:55:00	45.2	44.6	44.6	nan	2	DE	EUR
276500002	S&P Global Services PMI	2020.07.03 10:55:00	47.3	45.8	45.8	nan	2	DE	EUR
276010019	Factory Orders y/y	2020.07.06 09:00:00	-29.3	-28.0	-36.6	-36.9	2	DE	EUR
276010018	Factory Orders m/m	2020.07.06 09:00:00	10.4	-94.1	-25.8	-26.2	2	DE	EUR
276010010	Industrial Production m/m	2020.07.07 09:00:00	7.8	-29.5	-17.9	-17.5	2	DE	EUR
276010007	Trade Balance	2020.07.09 09:00:00	7.5	10.0	3.2	3.4	2	DE	EUR
276010020	CPI m/m	2020.07.14 09:00:00	0.6	0.6	0.6	nan	2	DE	EUR
276010021	CPI y/y	2020.07.14 09:00:00	0.9	0.9	0.9	nan	2	DE	EUR
276070001	ZEW Economic Sentiment Indicator	2020.07.14 12:00:00	59.3	30.9	63.4	nan	2	DE	EUR
276070002	ZEW Economic Situation	2020.07.14 12:00:00	-80.9	-74.1	-83.1	nan	2	DE	EUR
276020003	10-Year Bond Auction	2020.07.15 12:38:00	-0.46	nan	-0.38	nan	2	DE	EUR
276010014	PPI m/m	2020.07.20 09:00:00	0.0	-0.3	-0.4	nan	2	DE	EUR
276040001	GfK Consumer Climate	2020.07.23 09:00:00	-0.3	-14.3	-9.6	-9.4	2	DE	EUR
276500002	S&P Global Services PMI	2020.07.24 10:30:00	56.7	53.9	47.3	nan	2	DE	EUR
276500001	S&P Global Manufacturing PMI	2020.07.24 10:30:00	50.0	44.0	45.2	nan	2	DE	EUR
276030002	Ifo Current Business Situation	2020.07.27 11:30:00	84.5	80.0	81.3	nan	2	DE	EUR
276030003	Ifo Business Climate	2020.07.27 11:30:00	90.5	82.7	86.2	86.3	2	DE	EUR
276030001	Ifo Business Expectations	2020.07.27 11:30:00	97.0	85.8	91.4	91.6	2	DE	EUR
276060001	Unemployment Change	2020.07.30 10:55:00	-18.0	175.0	69.0	68.0	2	DE	EUR
276060002	Unemployment Rate	2020.07.30 10:55:00	6.4	6.2	6.4	nan	2	DE	EUR
276060004	Unemployment	2020.07.30 10:55:00	2.923	3.084	2.943	2.941	2	DE	EUR
276010009	GDP y/y	2020.07.30 11:00:00	-11.7	-1.0	-1.9	-1.8	2	DE	EUR
276010020	CPI m/m	2020.07.30 15:00:00	-0.5	-0.1	0.6	nan	2	DE	EUR
276010021	CPI y/y	2020.07.30 15:00:00	-0.1	0.9	0.9	nan	2	DE	EUR
276010016	Retail Sales m/m	2020.07.31 09:00:00	-1.6	11.0	13.9	12.7	2	DE	EUR
276500001	S&P Global Manufacturing PMI	2020.08.03 10:55:00	51.0	50.0	50.0	nan	2	DE	EUR
276500002	S&P Global Services PMI	2020.08.05 10:55:00	55.6	56.7	56.7	nan	2	DE	EUR
276010019	Factory Orders y/y	2020.08.06 09:00:00	-11.3	-34.0	-29.3	nan	2	DE	EUR
276010018	Factory Orders m/m	2020.08.06 09:00:00	27.9	5.4	10.4	nan	2	DE	EUR
276010007	Trade Balance	2020.08.07 09:00:00	14.5	8.9	7.5	nan	2	DE	EUR
276010010	Industrial Production m/m	2020.08.07 09:00:00	8.9	4.7	7.8	7.4	2	DE	EUR
276070001	ZEW Economic Sentiment Indicator	2020.08.11 12:00:00	71.5	62.4	59.3	nan	2	DE	EUR
276070002	ZEW Economic Situation	2020.08.11 12:00:00	-81.3	-101.6	-80.9	nan	2	DE	EUR
276020003	10-Year Bond Auction	2020.08.12 12:38:00	-0.46	nan	-0.46	nan	2	DE	EUR
276010020	CPI m/m	2020.08.13 09:00:00	-0.5	-0.5	-0.5	nan	2	DE	EUR
276010021	CPI y/y	2020.08.13 09:00:00	-0.1	-0.1	-0.1	nan	2	DE	EUR
276010014	PPI m/m	2020.08.20 09:00:00	0.2	-0.2	0.0	nan	2	DE	EUR
276500001	S&P Global Manufacturing PMI	2020.08.21 10:30:00	53.0	53.8	51.0	nan	2	DE	EUR
276500002	S&P Global Services PMI	2020.08.21 10:30:00	50.8	47.2	55.6	nan	2	DE	EUR
276010009	GDP y/y	2020.08.25 09:00:00	-11.3	-11.7	-11.7	nan	2	DE	EUR
276030002	Ifo Current Business Situation	2020.08.25 11:30:00	87.9	82.9	84.5	nan	2	DE	EUR
276030003	Ifo Business Climate	2020.08.25 11:30:00	92.6	88.2	90.5	90.4	2	DE	EUR
276030001	Ifo Business Expectations	2020.08.25 11:30:00	97.5	94.2	97.0	96.7	2	DE	EUR
276040001	GfK Consumer Climate	2020.08.28 09:00:00	-1.8	-4.9	-0.3	-0.2	2	DE	EUR
276010020	CPI m/m	2020.08.31 15:00:00	-0.1	0.3	-0.5	nan	2	DE	EUR
276010021	CPI y/y	2020.08.31 15:00:00	0.0	-0.1	-0.1	nan	2	DE	EUR
276060001	Unemployment Change	2020.09.01 10:55:00	-9.0	92.0	-18.0	-17.0	2	DE	EUR
276060002	Unemployment Rate	2020.09.01 10:55:00	6.4	6.7	6.4	nan	2	DE	EUR
276060004	Unemployment	2020.09.01 10:55:00	2.915	2.94	2.923	2.924	2	DE	EUR
276500001	S&P Global Manufacturing PMI	2020.09.01 10:55:00	52.2	53.0	53.0	nan	2	DE	EUR
276010016	Retail Sales m/m	2020.09.02 09:00:00	-0.9	-1.1	3.2	-1.9	2	DE	EUR
276500002	S&P Global Services PMI	2020.09.03 10:55:00	52.5	50.8	50.8	nan	2	DE	EUR
276010019	Factory Orders y/y	2020.09.04 09:00:00	-7.3	-20.4	-11.3	-10.6	2	DE	EUR
276010018	Factory Orders m/m	2020.09.04 09:00:00	2.8	21.1	27.9	28.8	2	DE	EUR
276010010	Industrial Production m/m	2020.09.07 09:00:00	1.2	0.6	8.9	9.3	2	DE	EUR
276010007	Trade Balance	2020.09.08 09:00:00	18.0	11.0	14.5	nan	2	DE	EUR
276020003	10-Year Bond Auction	2020.09.09 12:46:00	-0.5	nan	-0.46	nan	2	DE	EUR
276010020	CPI m/m	2020.09.11 09:00:00	-0.1	-0.1	-0.1	nan	2	DE	EUR
276010021	CPI y/y	2020.09.11 09:00:00	0.0	0.0	0.0	nan	2	DE	EUR
276070001	ZEW Economic Sentiment Indicator	2020.09.15 12:00:00	77.4	67.1	71.5	nan	2	DE	EUR
276070002	ZEW Economic Situation	2020.09.15 12:00:00	-66.2	-60.2	-81.3	nan	2	DE	EUR
276010014	PPI m/m	2020.09.18 09:00:00	0.0	-0.2	0.2	nan	2	DE	EUR
276040001	GfK Consumer Climate	2020.09.23 09:00:00	-1.6	-1.0	-1.8	-1.7	2	DE	EUR
276500001	S&P Global Manufacturing PMI	2020.09.23 10:30:00	56.6	50.6	52.2	nan	2	DE	EUR
276500002	S&P Global Services PMI	2020.09.23 10:30:00	49.1	43.4	52.5	nan	2	DE	EUR
276030002	Ifo Current Business Situation	2020.09.24 11:30:00	89.2	86.2	87.9	nan	2	DE	EUR
276030003	Ifo Business Climate	2020.09.24 11:30:00	93.4	91.4	92.6	92.5	2	DE	EUR
276030001	Ifo Business Expectations	2020.09.24 11:30:00	97.7	97.2	97.5	97.2	2	DE	EUR
276010020	CPI m/m	2020.09.29 15:00:00	-0.2	-0.4	-0.1	nan	2	DE	EUR
276010021	CPI y/y	2020.09.29 15:00:00	-0.2	0.0	0.0	nan	2	DE	EUR
276010016	Retail Sales m/m	2020.09.30 09:00:00	3.1	-5.2	-0.9	-0.2	2	DE	EUR
276060001	Unemployment Change	2020.09.30 10:55:00	-8.0	40.0	-9.0	nan	2	DE	EUR
276060002	Unemployment Rate	2020.09.30 10:55:00	6.3	6.7	6.4	nan	2	DE	EUR
276060004	Unemployment	2020.09.30 10:55:00	2.907	2.785	2.915	2.914	2	DE	EUR
276500001	S&P Global Manufacturing PMI	2020.10.01 10:55:00	56.4	56.6	56.6	nan	2	DE	EUR
276500002	S&P Global Services PMI	2020.10.05 10:55:00	50.6	49.1	49.1	nan	2	DE	EUR
276010019	Factory Orders y/y	2020.10.06 09:00:00	-2.2	-19.9	-7.3	-6.9	2	DE	EUR
276010018	Factory Orders m/m	2020.10.06 09:00:00	4.5	6.5	2.8	3.3	2	DE	EUR
276010010	Industrial Production m/m	2020.10.07 09:00:00	-0.2	-7.2	1.2	1.4	2	DE	EUR
276020003	10-Year Bond Auction	2020.10.07 12:34:00	-0.51	nan	-0.5	nan	2	DE	EUR
276010007	Trade Balance	2020.10.08 09:00:00	15.7	23.5	18.0	nan	2	DE	EUR
276010020	CPI m/m	2020.10.13 09:00:00	-0.2	-0.2	-0.2	nan	2	DE	EUR
276010021	CPI y/y	2020.10.13 09:00:00	-0.2	-0.2	-0.2	nan	2	DE	EUR
276070001	ZEW Economic Sentiment Indicator	2020.10.13 12:00:00	56.1	76.6	77.4	nan	2	DE	EUR
276070002	ZEW Economic Situation	2020.10.13 12:00:00	-59.5	-50.7	-66.2	nan	2	DE	EUR
276010014	PPI m/m	2020.10.20 09:00:00	0.4	-0.1	0.0	nan	2	DE	EUR
276040001	GfK Consumer Climate	2020.10.22 09:00:00	-3.1	-1.7	-1.6	-1.7	2	DE	EUR
276500001	S&P Global Manufacturing PMI	2020.10.23 10:30:00	58.0	54.4	56.4	nan	2	DE	EUR
276500002	S&P Global Services PMI	2020.10.23 10:30:00	48.9	52.5	50.6	nan	2	DE	EUR
276030002	Ifo Current Business Situation	2020.10.26 12:30:00	90.3	88.6	89.2	nan	2	DE	EUR
276030003	Ifo Business Climate	2020.10.26 12:30:00	92.7	92.9	93.4	93.2	2	DE	EUR
276030001	Ifo Business Expectations	2020.10.26 12:30:00	95.0	97.6	97.7	97.4	2	DE	EUR
276020003	10-Year Bond Auction	2020.10.28 13:41:00	-0.46	nan	-0.51	-0.51	2	DE	EUR
276060001	Unemployment Change	2020.10.29 11:55:00	-35.0	-119.0	-8.0	-10.0	2	DE	EUR
276060002	Unemployment Rate	2020.10.29 11:55:00	6.2	6.4	6.3	nan	2	DE	EUR
276060004	Unemployment	2020.10.29 11:55:00	2.863	3.082	2.907	2.899	2	DE	EUR
276010020	CPI m/m	2020.10.29 16:00:00	0.1	-0.2	-0.2	nan	2	DE	EUR
276010021	CPI y/y	2020.10.29 16:00:00	-0.2	-0.2	-0.2	nan	2	DE	EUR
276010016	Retail Sales m/m	2020.10.30 10:00:00	-2.2	-1.3	3.1	1.8	2	DE	EUR
276010009	GDP y/y	2020.10.30 10:00:00	-4.1	-12.5	-11.3	nan	2	DE	EUR
276500001	S&P Global Manufacturing PMI	2020.11.02 11:55:00	58.2	58.0	58.0	nan	2	DE	EUR
276500002	S&P Global Services PMI	2020.11.04 11:55:00	49.5	48.9	48.9	nan	2	DE	EUR
276010019	Factory Orders y/y	2020.11.05 10:00:00	-1.9	-4.7	-2.2	-1.7	2	DE	EUR
276010018	Factory Orders m/m	2020.11.05 10:00:00	0.5	-2.3	4.5	4.9	2	DE	EUR
276010010	Industrial Production m/m	2020.11.06 10:00:00	1.6	0.7	-0.2	0.5	2	DE	EUR
276010007	Trade Balance	2020.11.09 10:00:00	17.8	11.8	15.7	15.4	2	DE	EUR
276070001	ZEW Economic Sentiment Indicator	2020.11.10 13:00:00	39.0	67.7	56.1	nan	2	DE	EUR
276070002	ZEW Economic Situation	2020.11.10 13:00:00	-64.3	-81.5	-59.5	nan	2	DE	EUR
276010020	CPI m/m	2020.11.12 10:00:00	0.1	0.1	0.1	nan	2	DE	EUR
276010021	CPI y/y	2020.11.12 10:00:00	-0.2	-0.2	-0.2	nan	2	DE	EUR
276020003	10-Year Bond Auction	2020.11.18 13:41:00	-0.57	nan	-0.46	nan	2	DE	EUR
276010014	PPI m/m	2020.11.20 10:00:00	0.1	-0.2	0.4	nan	2	DE	EUR
276500001	S&P Global Manufacturing PMI	2020.11.23 11:30:00	57.9	55.0	58.2	nan	2	DE	EUR
276500002	S&P Global Services PMI	2020.11.23 11:30:00	46.2	51.2	49.5	nan	2	DE	EUR
276010009	GDP y/y	2020.11.24 10:00:00	-3.9	-4.1	-4.1	nan	2	DE	EUR
276030002	Ifo Current Business Situation	2020.11.24 12:30:00	90.0	89.8	90.3	90.4	2	DE	EUR
276030003	Ifo Business Climate	2020.11.24 12:30:00	90.7	92.9	92.7	92.5	2	DE	EUR
276030001	Ifo Business Expectations	2020.11.24 12:30:00	91.5	96.3	95.0	94.7	2	DE	EUR
276040001	GfK Consumer Climate	2020.11.26 10:00:00	-6.7	-2.3	-3.1	-3.2	2	DE	EUR
276010020	CPI m/m	2020.11.30 16:00:00	-0.8	0.2	0.1	nan	2	DE	EUR
276010021	CPI y/y	2020.11.30 16:00:00	-0.3	-0.2	-0.2	nan	2	DE	EUR
276060001	Unemployment Change	2020.12.01 11:55:00	-39.0	106.0	-35.0	-38.0	2	DE	EUR
276060002	Unemployment Rate	2020.12.01 11:55:00	6.1	5.9	6.2	nan	2	DE	EUR
276060004	Unemployment	2020.12.01 11:55:00	2.817	2.891	2.863	2.856	2	DE	EUR
276500001	S&P Global Manufacturing PMI	2020.12.01 11:55:00	57.8	57.9	57.9	nan	2	DE	EUR
276010016	Retail Sales m/m	2020.12.02 10:00:00	2.6	2.2	-2.2	-1.9	2	DE	EUR
276500002	S&P Global Services PMI	2020.12.03 11:55:00	46.0	46.2	46.2	nan	2	DE	EUR
276010019	Factory Orders y/y	2020.12.04 10:00:00	1.8	-2.0	-1.9	-1.1	2	DE	EUR
276010018	Factory Orders m/m	2020.12.04 10:00:00	2.9	-2.5	0.5	1.1	2	DE	EUR
276010010	Industrial Production m/m	2020.12.07 10:00:00	3.2	7.7	1.6	2.3	2	DE	EUR
276070001	ZEW Economic Sentiment Indicator	2020.12.08 13:00:00	55.0	47.9	39.0	nan	2	DE	EUR
276070002	ZEW Economic Situation	2020.12.08 13:00:00	-66.5	-55.0	-64.3	nan	2	DE	EUR
276010007	Trade Balance	2020.12.09 10:00:00	18.2	21.2	17.8	17.6	2	DE	EUR
276010020	CPI m/m	2020.12.11 10:00:00	-0.8	-0.8	-0.8	nan	2	DE	EUR
276010021	CPI y/y	2020.12.11 10:00:00	-0.3	-0.3	-0.3	nan	2	DE	EUR
276500001	S&P Global Manufacturing PMI	2020.12.16 11:30:00	58.6	58.0	57.8	nan	2	DE	EUR
276500002	S&P Global Services PMI	2020.12.16 11:30:00	47.7	45.7	46.0	nan	2	DE	EUR
276010014	PPI m/m	2020.12.18 10:00:00	0.2	-0.1	0.1	nan	2	DE	EUR
276030002	Ifo Current Business Situation	2020.12.18 12:30:00	91.3	90.2	90.0	nan	2	DE	EUR
276030003	Ifo Business Climate	2020.12.18 12:30:00	92.1	91.6	90.7	90.9	2	DE	EUR
276030001	Ifo Business Expectations	2020.12.18 12:30:00	92.8	93.2	91.5	91.8	2	DE	EUR
276040001	GfK Consumer Climate	2020.12.22 10:00:00	-7.3	-4.9	-6.7	-6.8	2	DE	EUR
276500001	S&P Global Manufacturing PMI	2021.01.04 11:55:00	58.3	58.6	58.6	nan	2	DE	EUR
276010016	Retail Sales m/m	2021.01.05 10:00:00	1.9	-1.3	2.6	nan	2	DE	EUR
276060001	Unemployment Change	2021.01.05 11:55:00	-37.0	-181.0	-39.0	-40.0	2	DE	EUR
276060002	Unemployment Rate	2021.01.05 11:55:00	6.1	5.8	6.1	nan	2	DE	EUR
276060004	Unemployment	2021.01.05 11:55:00	2.776	2.593	2.817	2.813	2	DE	EUR
276500002	S&P Global Services PMI	2021.01.06 11:55:00	47.0	47.7	47.7	nan	2	DE	EUR
276020003	10-Year Bond Auction	2021.01.06 13:52:00	-0.52	nan	-0.57	nan	2	DE	EUR
276010020	CPI m/m	2021.01.06 16:00:00	0.5	-0.1	-0.8	nan	2	DE	EUR
276010021	CPI y/y	2021.01.06 16:00:00	-0.3	-0.3	-0.3	nan	2	DE	EUR
276010019	Factory Orders y/y	2021.01.07 10:00:00	6.3	-0.1	1.8	2.3	2	DE	EUR
276010018	Factory Orders m/m	2021.01.07 10:00:00	2.3	-0.4	2.9	3.3	2	DE	EUR
276010007	Trade Balance	2021.01.08 10:00:00	16.4	12.2	18.2	nan	2	DE	EUR
276010010	Industrial Production m/m	2021.01.08 10:00:00	0.9	-1.9	3.2	3.4	2	DE	EUR
276010020	CPI m/m	2021.01.19 10:00:00	0.5	0.5	0.5	nan	2	DE	EUR
276010021	CPI y/y	2021.01.19 10:00:00	-0.3	-0.3	-0.3	nan	2	DE	EUR
276070001	ZEW Economic Sentiment Indicator	2021.01.19 13:05:00	61.8	47.7	55.0	nan	2	DE	EUR
276070002	ZEW Economic Situation	2021.01.19 13:05:00	-66.4	-44.2	-66.5	nan	2	DE	EUR
276010014	PPI m/m	2021.01.20 10:00:00	0.8	-0.1	0.2	nan	2	DE	EUR
276500001	S&P Global Manufacturing PMI	2021.01.22 11:30:00	57.0	58.5	58.3	nan	2	DE	EUR
276500002	S&P Global Services PMI	2021.01.22 11:30:00	46.8	48.2	47.0	nan	2	DE	EUR
276030001	Ifo Business Expectations	2021.01.25 12:30:00	91.1	92.1	92.8	93.0	2	DE	EUR
276030002	Ifo Current Business Situation	2021.01.25 12:30:00	89.2	90.7	91.3	nan	2	DE	EUR
276030003	Ifo Business Climate	2021.01.25 12:30:00	90.1	91.3	92.1	92.2	2	DE	EUR
276040001	GfK Consumer Climate	2021.01.27 10:00:00	-15.6	-7.0	-7.3	-7.5	2	DE	EUR
276020003	10-Year Bond Auction	2021.01.27 13:44:00	-0.54	nan	-0.52	nan	2	DE	EUR
276010020	CPI m/m	2021.01.28 16:00:00	0.8	-0.3	0.5	nan	2	DE	EUR
276010021	CPI y/y	2021.01.28 16:00:00	1.0	-0.3	-0.3	nan	2	DE	EUR
276060001	Unemployment Change	2021.01.29 11:55:00	-41.0	16.0	-37.0	-40.0	2	DE	EUR
276060002	Unemployment Rate	2021.01.29 11:55:00	6.0	6.4	6.1	6.0	2	DE	EUR
276060004	Unemployment	2021.01.29 11:55:00	2.729	2.743	2.776	2.77	2	DE	EUR
276010009	GDP y/y	2021.01.29 12:00:00	-2.9	-4.0	-3.9	nan	2	DE	EUR
276010016	Retail Sales m/m	2021.02.01 10:00:00	-9.6	-0.2	1.9	1.1	2	DE	EUR
276500001	S&P Global Manufacturing PMI	2021.02.01 11:55:00	57.1	57.0	57.0	nan	2	DE	EUR
276500002	S&P Global Services PMI	2021.02.03 11:55:00	46.7	46.8	46.8	nan	2	DE	EUR
276010019	Factory Orders y/y	2021.02.05 10:00:00	6.4	4.1	6.3	6.7	2	DE	EUR
276010018	Factory Orders m/m	2021.02.05 10:00:00	-1.9	1.1	2.3	2.7	2	DE	EUR
276010010	Industrial Production m/m	2021.02.08 10:00:00	0.0	-6.3	0.9	1.5	2	DE	EUR
276010007	Trade Balance	2021.02.09 10:00:00	16.1	18.0	16.4	15.9	2	DE	EUR
276010020	CPI m/m	2021.02.10 10:00:00	0.8	0.8	0.8	nan	2	DE	EUR
276010021	CPI y/y	2021.02.10 10:00:00	1.0	1.0	1.0	nan	2	DE	EUR
276070001	ZEW Economic Sentiment Indicator	2021.02.16 13:05:00	71.2	59.4	61.8	nan	2	DE	EUR
276070002	ZEW Economic Situation	2021.02.16 13:05:00	-67.2	-80.8	-66.4	nan	2	DE	EUR
276010014	PPI m/m	2021.02.19 10:00:00	1.4	0.1	0.8	nan	2	DE	EUR
276500001	S&P Global Manufacturing PMI	2021.02.19 11:30:00	60.6	57.1	57.1	nan	2	DE	EUR
276500002	S&P Global Services PMI	2021.02.19 11:30:00	45.9	47.5	46.7	nan	2	DE	EUR
276030001	Ifo Business Expectations	2021.02.22 12:30:00	94.2	91.9	91.1	91.5	2	DE	EUR
276030002	Ifo Current Business Situation	2021.02.22 12:30:00	90.6	90.3	89.2	nan	2	DE	EUR
276030003	Ifo Business Climate	2021.02.22 12:30:00	92.4	91.0	90.1	90.3	2	DE	EUR
276010009	GDP y/y	2021.02.24 10:00:00	-2.7	-2.9	-2.9	nan	2	DE	EUR
276020003	10-Year Bond Auction	2021.02.24 13:45:00	-0.32	nan	-0.54	nan	2	DE	EUR
276040001	GfK Consumer Climate	2021.02.25 10:00:00	-12.9	-11.7	-15.6	-15.5	2	DE	EUR
276500001	S&P Global Manufacturing PMI	2021.03.01 11:55:00	60.7	60.6	60.6	nan	2	DE	EUR
276010020	CPI m/m	2021.03.01 16:00:00	0.7	0.4	0.8	nan	2	DE	EUR
276010021	CPI y/y	2021.03.01 16:00:00	1.3	1.0	1.0	nan	2	DE	EUR
276010016	Retail Sales m/m	2021.03.02 10:00:00	-4.5	-3.4	-9.6	-9.1	2	DE	EUR
276060001	Unemployment Change	2021.03.02 11:55:00	9.0	9.0	-41.0	-37.0	2	DE	EUR
276060002	Unemployment Rate	2021.03.02 11:55:00	6.0	6.4	6.0	nan	2	DE	EUR
276060004	Unemployment	2021.03.02 11:55:00	2.752	2.965	2.729	2.743	2	DE	EUR
276500002	S&P Global Services PMI	2021.03.03 11:55:00	45.7	45.9	45.9	nan	2	DE	EUR
276010018	Factory Orders m/m	2021.03.05 10:00:00	1.4	-0.1	-1.9	-2.2	2	DE	EUR
276010019	Factory Orders y/y	2021.03.05 10:00:00	2.5	6.4	6.4	6.1	2	DE	EUR
276010010	Industrial Production m/m	2021.03.08 10:00:00	-2.5	-0.1	0.0	1.9	2	DE	EUR
276010007	Trade Balance	2021.03.09 10:00:00	22.3	16.2	16.1	16.4	2	DE	EUR
276010020	CPI m/m	2021.03.12 10:00:00	0.7	0.7	0.7	nan	2	DE	EUR
276010021	CPI y/y	2021.03.12 10:00:00	1.3	1.3	1.3	nan	2	DE	EUR
276070001	ZEW Economic Sentiment Indicator	2021.03.16 13:05:00	76.6	68.0	71.2	nan	2	DE	EUR
276070002	ZEW Economic Situation	2021.03.16 13:05:00	-61.0	-85.1	-67.2	nan	2	DE	EUR
276010014	PPI m/m	2021.03.19 10:00:00	0.7	0.7	1.4	nan	2	DE	EUR
276500001	S&P Global Manufacturing PMI	2021.03.24 11:30:00	66.6	60.8	60.7	nan	2	DE	EUR
276500002	S&P Global Services PMI	2021.03.24 11:30:00	50.8	45.0	45.7	nan	2	DE	EUR
276020003	10-Year Bond Auction	2021.03.24 13:37:00	-0.36	nan	-0.32	nan	2	DE	EUR
276040001	GfK Consumer Climate	2021.03.25 10:00:00	-6.2	-14.4	-12.9	-12.7	2	DE	EUR
276030001	Ifo Business Expectations	2021.03.26 12:30:00	100.4	92.6	94.2	95.0	2	DE	EUR
276030002	Ifo Current Business Situation	2021.03.26 12:30:00	93.0	89.9	90.6	nan	2	DE	EUR
276030003	Ifo Business Climate	2021.03.26 12:30:00	96.6	91.1	92.4	92.7	2	DE	EUR
276010020	CPI m/m	2021.03.30 15:00:00	0.5	0.5	0.7	nan	2	DE	EUR
276010021	CPI y/y	2021.03.30 15:00:00	1.7	1.3	1.3	nan	2	DE	EUR
276060001	Unemployment Change	2021.03.31 10:55:00	-8.0	4.0	9.0	nan	2	DE	EUR
276060002	Unemployment Rate	2021.03.31 10:55:00	6.0	6.0	6.0	nan	2	DE	EUR
276060004	Unemployment	2021.03.31 10:55:00	2.745	2.993	2.752	2.753	2	DE	EUR
276010016	Retail Sales m/m	2021.04.01 09:00:00	1.2	-1.4	-4.5	-6.5	2	DE	EUR
276500001	S&P Global Manufacturing PMI	2021.04.01 10:55:00	66.6	66.6	66.6	nan	2	DE	EUR
276500002	S&P Global Services PMI	2021.04.07 10:55:00	51.5	50.8	50.8	nan	2	DE	EUR
276010018	Factory Orders m/m	2021.04.08 09:00:00	1.2	-0.6	1.4	0.8	2	DE	EUR
276010019	Factory Orders y/y	2021.04.08 09:00:00	5.6	4.4	2.5	1.4	2	DE	EUR
276010007	Trade Balance	2021.04.09 09:00:00	19.2	19.3	22.3	21.3	2	DE	EUR
276010010	Industrial Production m/m	2021.04.09 09:00:00	-1.6	0.3	-2.5	-2.0	2	DE	EUR
276070001	ZEW Economic Sentiment Indicator	2021.04.13 12:05:00	70.7	75.7	76.6	nan	2	DE	EUR
276070002	ZEW Economic Situation	2021.04.13 12:05:00	-48.8	-56.5	-61.0	nan	2	DE	EUR
276010020	CPI m/m	2021.04.15 09:00:00	0.5	0.5	0.5	nan	2	DE	EUR
276010021	CPI y/y	2021.04.15 09:00:00	1.7	1.7	1.7	nan	2	DE	EUR
276010014	PPI m/m	2021.04.20 09:00:00	0.9	0.9	0.7	nan	2	DE	EUR
276020003	10-Year Bond Auction	2021.04.21 12:37:00	-0.25	nan	-0.36	nan	2	DE	EUR
276500001	S&P Global Manufacturing PMI	2021.04.23 10:30:00	66.4	66.8	66.6	nan	2	DE	EUR
276500002	S&P Global Services PMI	2021.04.23 10:30:00	50.1	52.9	51.5	nan	2	DE	EUR
276030001	Ifo Business Expectations	2021.04.26 11:30:00	99.5	97.3	100.4	100.3	2	DE	EUR
276030002	Ifo Current Business Situation	2021.04.26 11:30:00	94.1	91.8	93.0	93.1	2	DE	EUR
276030003	Ifo Business Climate	2021.04.26 11:30:00	96.8	94.4	96.6	nan	2	DE	EUR
276040001	GfK Consumer Climate	2021.04.28 09:00:00	-8.8	-9.6	-6.2	-6.1	2	DE	EUR
276060001	Unemployment Change	2021.04.29 10:55:00	9.0	2.0	-8.0	-6.0	2	DE	EUR
276060002	Unemployment Rate	2021.04.29 10:55:00	6.0	6.0	6.0	nan	2	DE	EUR
276060004	Unemployment	2021.04.29 10:55:00	2.76	2.745	2.745	2.751	2	DE	EUR
276010020	CPI m/m	2021.04.29 15:00:00	0.7	1.0	0.5	nan	2	DE	EUR
276010021	CPI y/y	2021.04.29 15:00:00	2.0	1.7	1.7	nan	2	DE	EUR
276010009	GDP y/y	2021.04.30 09:00:00	-3.3	-2.8	-2.7	-2.3	2	DE	EUR
276010016	Retail Sales m/m	2021.05.03 09:00:00	7.7	-3.8	1.2	2.7	2	DE	EUR
276500001	S&P Global Manufacturing PMI	2021.05.03 10:55:00	66.2	66.4	66.4	nan	2	DE	EUR
276500002	S&P Global Services PMI	2021.05.05 10:55:00	49.9	50.1	50.1	nan	2	DE	EUR
276010018	Factory Orders m/m	2021.05.06 09:00:00	3.0	0.5	1.2	1.4	2	DE	EUR
276010019	Factory Orders y/y	2021.05.06 09:00:00	27.8	4.1	5.6	5.8	2	DE	EUR
276010007	Trade Balance	2021.05.07 09:00:00	14.3	20.8	19.2	18.9	2	DE	EUR
276010010	Industrial Production m/m	2021.05.07 09:00:00	2.5	0.8	-1.6	-1.9	2	DE	EUR
276070001	ZEW Economic Sentiment Indicator	2021.05.11 12:05:00	84.4	75.1	70.7	nan	2	DE	EUR
276070002	ZEW Economic Situation	2021.05.11 12:05:00	-40.1	-37.3	-48.8	nan	2	DE	EUR
276010020	CPI m/m	2021.05.12 09:00:00	0.7	0.7	0.7	nan	2	DE	EUR
276010021	CPI y/y	2021.05.12 09:00:00	2.0	2.0	2.0	nan	2	DE	EUR
276020003	10-Year Bond Auction	2021.05.19 12:41:00	-0.09	nan	-0.25	nan	2	DE	EUR
276010014	PPI m/m	2021.05.20 09:00:00	0.8	1.0	0.9	nan	2	DE	EUR
276500001	S&P Global Manufacturing PMI	2021.05.21 10:30:00	64.0	66.5	66.2	nan	2	DE	EUR
276500002	S&P Global Services PMI	2021.05.21 10:30:00	52.8	49.3	49.9	nan	2	DE	EUR
276010009	GDP y/y	2021.05.25 09:00:00	-3.4	-3.3	-3.3	nan	2	DE	EUR
276030001	Ifo Business Expectations	2021.05.25 11:30:00	102.9	100.0	99.5	99.2	2	DE	EUR
276030002	Ifo Current Business Situation	2021.05.25 11:30:00	95.7	93.6	94.1	94.2	2	DE	EUR
276030003	Ifo Business Climate	2021.05.25 11:30:00	99.2	96.6	96.8	96.6	2	DE	EUR
276040001	GfK Consumer Climate	2021.05.27 09:00:00	-7.0	-7.5	-8.8	-8.6	2	DE	EUR
276010020	CPI m/m	2021.05.31 15:00:00	0.5	0.2	0.7	nan	2	DE	EUR
276010021	CPI y/y	2021.05.31 15:00:00	2.5	2.0	2.0	nan	2	DE	EUR
276060001	Unemployment Change	2021.06.01 10:55:00	-15.0	-12.0	9.0	8.0	2	DE	EUR
276060002	Unemployment Rate	2021.06.01 10:55:00	6.0	6.0	6.0	nan	2	DE	EUR
276060004	Unemployment	2021.06.01 10:55:00	2.739	2.749	2.76	2.754	2	DE	EUR
276500001	S&P Global Manufacturing PMI	2021.06.01 10:55:00	64.4	64.0	64.0	nan	2	DE	EUR
276010016	Retail Sales m/m	2021.06.02 09:00:00	-5.5	1.2	7.7	nan	2	DE	EUR
276500002	S&P Global Services PMI	2021.06.03 10:55:00	52.8	52.8	52.8	nan	2	DE	EUR
276010018	Factory Orders m/m	2021.06.07 09:00:00	-0.2	0.5	3.0	3.9	2	DE	EUR
276010019	Factory Orders y/y	2021.06.07 09:00:00	78.9	17.3	27.8	29.2	2	DE	EUR
276010010	Industrial Production m/m	2021.06.08 09:00:00	-1.0	0.9	2.5	2.2	2	DE	EUR
276070001	ZEW Economic Sentiment Indicator	2021.06.08 12:05:00	79.8	79.8	84.4	nan	2	DE	EUR
276070002	ZEW Economic Situation	2021.06.08 12:05:00	-9.1	-27.8	-40.1	nan	2	DE	EUR
276010007	Trade Balance	2021.06.09 09:00:00	15.8	16.7	14.3	14.0	2	DE	EUR
276010020	CPI m/m	2021.06.15 09:00:00	0.5	0.5	0.5	nan	2	DE	EUR
276010021	CPI y/y	2021.06.15 09:00:00	2.5	2.5	2.5	nan	2	DE	EUR
276020003	10-Year Bond Auction	2021.06.16 12:52:00	-0.19	nan	-0.09	nan	2	DE	EUR
276010014	PPI m/m	2021.06.18 09:00:00	1.5	0.9	0.8	nan	2	DE	EUR
276500001	S&P Global Manufacturing PMI	2021.06.23 10:30:00	64.9	64.3	64.4	nan	2	DE	EUR
276500002	S&P Global Services PMI	2021.06.23 10:30:00	58.1	51.5	52.8	nan	2	DE	EUR
276030001	Ifo Business Expectations	2021.06.24 11:30:00	104.0	101.2	102.9	nan	2	DE	EUR
276030002	Ifo Current Business Situation	2021.06.24 11:30:00	99.6	95.0	95.7	nan	2	DE	EUR
276030003	Ifo Business Climate	2021.06.24 11:30:00	101.8	97.9	99.2	nan	2	DE	EUR
276040001	GfK Consumer Climate	2021.06.25 09:00:00	-0.3	-7.9	-7.0	-6.9	2	DE	EUR
276010020	CPI m/m	2021.06.29 15:00:00	0.4	-0.1	0.5	nan	2	DE	EUR
276010021	CPI y/y	2021.06.29 15:00:00	2.3	2.5	2.5	nan	2	DE	EUR
276060001	Unemployment Change	2021.06.30 10:55:00	-38.0	-3.0	-15.0	-19.0	2	DE	EUR
276060002	Unemployment Rate	2021.06.30 10:55:00	5.9	6.0	6.0	5.9	2	DE	EUR
276060004	Unemployment	2021.06.30 10:55:00	2.691	2.746	2.739	2.729	2	DE	EUR
276010016	Retail Sales m/m	2021.07.01 09:00:00	4.2	1.5	-5.5	-6.8	2	DE	EUR
276500001	S&P Global Manufacturing PMI	2021.07.01 10:55:00	65.1	64.9	64.9	nan	2	DE	EUR
276500002	S&P Global Services PMI	2021.07.05 10:55:00	57.5	58.1	58.1	nan	2	DE	EUR
276010018	Factory Orders m/m	2021.07.06 09:00:00	-3.7	-0.8	-0.2	1.2	2	DE	EUR
276010019	Factory Orders y/y	2021.07.06 09:00:00	54.3	67.5	78.9	80.2	2	DE	EUR
276070001	ZEW Economic Sentiment Indicator	2021.07.06 12:05:00	63.3	84.1	79.8	nan	2	DE	EUR
276070002	ZEW Economic Situation	2021.07.06 12:05:00	21.9	12.7	-9.1	nan	2	DE	EUR
276010010	Industrial Production m/m	2021.07.07 09:00:00	-0.3	-0.2	-1.0	-0.3	2	DE	EUR
276010007	Trade Balance	2021.07.08 09:00:00	12.6	15.0	15.8	15.6	2	DE	EUR
276010020	CPI m/m	2021.07.13 09:00:00	0.4	0.4	0.4	nan	2	DE	EUR
276010021	CPI y/y	2021.07.13 09:00:00	2.3	2.3	2.3	nan	2	DE	EUR
276020003	10-Year Bond Auction	2021.07.14 12:35:00	-0.3	nan	-0.19	nan	2	DE	EUR
276010014	PPI m/m	2021.07.20 09:00:00	1.3	0.9	1.5	nan	2	DE	EUR
276500001	S&P Global Manufacturing PMI	2021.07.23 10:30:00	65.6	65.2	65.1	nan	2	DE	EUR
276500002	S&P Global Services PMI	2021.07.23 10:30:00	62.2	59.5	57.5	nan	2	DE	EUR
276030001	Ifo Business Expectations	2021.07.26 11:30:00	101.2	103.5	104.0	103.7	2	DE	EUR
276030002	Ifo Current Business Situation	2021.07.26 11:30:00	100.4	97.7	99.6	99.7	2	DE	EUR
276030003	Ifo Business Climate	2021.07.26 11:30:00	100.8	100.5	101.8	101.7	2	DE	EUR
276040001	GfK Consumer Climate	2021.07.28 09:00:00	-0.3	-3.6	-0.3	nan	2	DE	EUR
276060001	Unemployment Change	2021.07.29 10:55:00	-91.0	0.0	-38.0	-39.0	2	DE	EUR
276060002	Unemployment Rate	2021.07.29 10:55:00	5.7	5.9	5.9	nan	2	DE	EUR
276060004	Unemployment	2021.07.29 10:55:00	2.598	2.711	2.691	2.689	2	DE	EUR
276010020	CPI m/m	2021.07.29 15:00:00	0.9	0.2	0.4	nan	2	DE	EUR
276010021	CPI y/y	2021.07.29 15:00:00	3.8	2.3	2.3	nan	2	DE	EUR
276010009	GDP y/y	2021.07.30 09:00:00	9.6	-3.4	-3.4	nan	2	DE	EUR
276010016	Retail Sales m/m	2021.08.02 09:00:00	4.2	-1.3	4.2	4.6	2	DE	EUR
276500001	S&P Global Manufacturing PMI	2021.08.02 10:55:00	65.9	65.6	65.6	nan	2	DE	EUR
276500002	S&P Global Services PMI	2021.08.04 10:55:00	61.8	62.2	62.2	nan	2	DE	EUR
276010018	Factory Orders m/m	2021.08.05 09:00:00	4.1	-0.6	-3.7	-3.2	2	DE	EUR
276010019	Factory Orders y/y	2021.08.05 09:00:00	26.2	67.5	54.3	54.9	2	DE	EUR
276010010	Industrial Production m/m	2021.08.06 09:00:00	-1.3	-1.0	-0.3	-0.8	2	DE	EUR
276010007	Trade Balance	2021.08.09 09:00:00	13.6	14.2	12.6	12.8	2	DE	EUR
276070001	ZEW Economic Sentiment Indicator	2021.08.10 12:05:00	40.4	72.6	63.3	nan	2	DE	EUR
276070002	ZEW Economic Situation	2021.08.10 12:05:00	29.3	47.9	21.9	nan	2	DE	EUR
276010020	CPI m/m	2021.08.11 09:00:00	0.9	0.9	0.9	nan	2	DE	EUR
276010021	CPI y/y	2021.08.11 09:00:00	3.8	3.8	3.8	nan	2	DE	EUR
276020003	10-Year Bond Auction	2021.08.11 12:41:00	-0.44	nan	-0.3	nan	2	DE	EUR
276010014	PPI m/m	2021.08.20 09:00:00	1.9	0.9	1.3	nan	2	DE	EUR
276500001	S&P Global Manufacturing PMI	2021.08.23 10:30:00	62.7	65.9	65.9	nan	2	DE	EUR
276500002	S&P Global Services PMI	2021.08.23 10:30:00	61.5	61.3	61.8	nan	2	DE	EUR
276010009	GDP y/y	2021.08.24 09:00:00	9.8	9.6	9.6	nan	2	DE	EUR
276030001	Ifo Business Expectations	2021.08.25 11:30:00	97.5	102.6	101.2	101.0	2	DE	EUR
276030002	Ifo Current Business Situation	2021.08.25 11:30:00	101.4	100.1	100.4	nan	2	DE	EUR
276030003	Ifo Business Climate	2021.08.25 11:30:00	99.4	101.2	100.8	100.7	2	DE	EUR
276040001	GfK Consumer Climate	2021.08.26 09:00:00	-1.2	-0.3	-0.3	-0.4	2	DE	EUR
276010020	CPI m/m	2021.08.30 15:00:00	0.0	0.7	0.9	nan	2	DE	EUR
276010021	CPI y/y	2021.08.30 15:00:00	3.9	3.9	3.8	nan	2	DE	EUR
276060001	Unemployment Change	2021.08.31 10:55:00	-53.0	-2.0	-91.0	-90.0	2	DE	EUR
276060002	Unemployment Rate	2021.08.31 10:55:00	5.5	5.8	5.7	5.6	2	DE	EUR
276060004	Unemployment	2021.08.31 10:55:00	2.538	2.639	2.598	2.591	2	DE	EUR
276010016	Retail Sales m/m	2021.09.01 09:00:00	-5.1	-1.3	4.2	4.5	2	DE	EUR
276500001	S&P Global Manufacturing PMI	2021.09.01 10:55:00	62.6	62.7	62.7	nan	2	DE	EUR
276500002	S&P Global Services PMI	2021.09.03 10:55:00	60.8	61.5	61.5	nan	2	DE	EUR
276010018	Factory Orders m/m	2021.09.06 09:00:00	3.4	0.9	4.1	4.6	2	DE	EUR
276010019	Factory Orders y/y	2021.09.06 09:00:00	24.4	13.9	26.2	26.5	2	DE	EUR
276010010	Industrial Production m/m	2021.09.07 09:00:00	1.0	0.1	-1.3	-1.0	2	DE	EUR
276070001	ZEW Economic Sentiment Indicator	2021.09.07 12:05:00	26.5	52.1	40.4	nan	2	DE	EUR
276070002	ZEW Economic Situation	2021.09.07 12:05:00	31.9	47.6	29.3	nan	2	DE	EUR
276020003	10-Year Bond Auction	2021.09.08 12:55:00	-0.38	nan	-0.44	nan	2	DE	EUR
276010007	Trade Balance	2021.09.09 09:00:00	17.9	13.1	13.6	13.5	2	DE	EUR
276010020	CPI m/m	2021.09.10 09:00:00	0.0	0.0	0.0	nan	2	DE	EUR
276010021	CPI y/y	2021.09.10 09:00:00	3.9	3.9	3.9	nan	2	DE	EUR
276010014	PPI m/m	2021.09.20 09:00:00	1.5	1.2	1.9	nan	2	DE	EUR
276500001	S&P Global Manufacturing PMI	2021.09.23 10:30:00	58.5	62.8	62.6	nan	2	DE	EUR
276500002	S&P Global Services PMI	2021.09.23 10:30:00	56.0	58.7	60.8	nan	2	DE	EUR
276030001	Ifo Business Expectations	2021.09.24 11:30:00	97.3	99.3	97.5	97.8	2	DE	EUR
276030002	Ifo Current Business Situation	2021.09.24 11:30:00	100.4	101.0	101.4	nan	2	DE	EUR
276030003	Ifo Business Climate	2021.09.24 11:30:00	98.8	100.0	99.4	99.6	2	DE	EUR
276040001	GfK Consumer Climate	2021.09.28 09:00:00	0.3	-0.7	-1.2	-1.1	2	DE	EUR
276020003	10-Year Bond Auction	2021.09.29 12:46:00	-0.22	nan	-0.38	nan	2	DE	EUR
276060001	Unemployment Change	2021.09.30 10:55:00	-30.0	-10.0	-53.0	nan	2	DE	EUR
276060002	Unemployment Rate	2021.09.30 10:55:00	5.5	5.6	5.5	nan	2	DE	EUR
276060004	Unemployment	2021.09.30 10:55:00	2.508	2.561	2.538	nan	2	DE	EUR
276010020	CPI m/m	2021.09.30 15:00:00	0.0	0.3	0.0	nan	2	DE	EUR
276010021	CPI y/y	2021.09.30 15:00:00	4.1	4.0	3.9	nan	2	DE	EUR
276010016	Retail Sales m/m	2021.10.01 09:00:00	1.1	2.0	-5.1	-4.5	2	DE	EUR
276500001	S&P Global Manufacturing PMI	2021.10.01 10:55:00	58.4	58.5	58.5	nan	2	DE	EUR
276500002	S&P Global Services PMI	2021.10.05 10:55:00	56.2	56.0	56.0	nan	2	DE	EUR
276010018	Factory Orders m/m	2021.10.06 09:00:00	-7.7	0.6	3.4	4.9	2	DE	EUR
276010019	Factory Orders y/y	2021.10.06 09:00:00	11.7	33.7	24.4	26.1	2	DE	EUR
276010010	Industrial Production m/m	2021.10.07 09:00:00	-4.0	0.9	1.0	1.3	2	DE	EUR
276010007	Trade Balance	2021.10.08 09:00:00	13.0	15.8	17.9	17.7	2	DE	EUR
276070001	ZEW Economic Sentiment Indicator	2021.10.12 12:05:00	22.3	33.5	26.5	nan	2	DE	EUR
276070002	ZEW Economic Situation	2021.10.12 12:05:00	21.6	33.8	31.9	nan	2	DE	EUR
276010020	CPI m/m	2021.10.13 09:00:00	0.0	0.0	0.0	nan	2	DE	EUR
276010021	CPI y/y	2021.10.13 09:00:00	4.1	4.1	4.1	nan	2	DE	EUR
276010014	PPI m/m	2021.10.20 09:00:00	2.3	1.3	1.5	nan	2	DE	EUR
276020003	10-Year Bond Auction	2021.10.20 12:43:00	-0.16	nan	-0.22	nan	2	DE	EUR
276500001	S&P Global Manufacturing PMI	2021.10.22 10:30:00	58.2	58.5	58.4	nan	2	DE	EUR
276500002	S&P Global Services PMI	2021.10.22 10:30:00	52.4	53.5	56.2	nan	2	DE	EUR
276030001	Ifo Business Expectations	2021.10.25 11:30:00	95.4	97.4	97.3	97.4	2	DE	EUR
276030002	Ifo Current Business Situation	2021.10.25 11:30:00	100.1	101.0	100.4	nan	2	DE	EUR
276030003	Ifo Business Climate	2021.10.25 11:30:00	97.7	99.0	98.8	98.9	2	DE	EUR
276040001	GfK Consumer Climate	2021.10.27 09:00:00	0.9	-0.4	0.3	0.4	2	DE	EUR
276060001	Unemployment Change	2021.10.28 10:55:00	-39.0	-39.0	-30.0	-31.0	2	DE	EUR
276060002	Unemployment Rate	2021.10.28 10:55:00	5.4	5.5	5.5	nan	2	DE	EUR
276060004	Unemployment	2021.10.28 10:55:00	2.466	2.516	2.508	2.505	2	DE	EUR
276010020	CPI m/m	2021.10.28 15:00:00	0.5	-0.2	0.0	nan	2	DE	EUR
276010021	CPI y/y	2021.10.28 15:00:00	4.5	4.2	4.1	nan	2	DE	EUR
276010009	GDP y/y	2021.10.29 11:00:00	2.5	10.5	9.8	10.3	2	DE	EUR
276010016	Retail Sales m/m	2021.11.01 10:00:00	-2.5	-1.2	1.1	1.2	2	DE	EUR
276500001	S&P Global Manufacturing PMI	2021.11.02 11:55:00	57.8	58.2	58.2	nan	2	DE	EUR
276010018	Factory Orders m/m	2021.11.04 10:00:00	1.3	-1.0	-7.7	-8.8	2	DE	EUR
276010019	Factory Orders y/y	2021.11.04 10:00:00	9.7	19.8	11.7	10.4	2	DE	EUR
276500002	S&P Global Services PMI	2021.11.04 11:55:00	52.4	52.4	52.4	nan	2	DE	EUR
276010010	Industrial Production m/m	2021.11.05 10:00:00	-1.1	0.0	-4.0	-3.5	2	DE	EUR
276010007	Trade Balance	2021.11.09 10:00:00	13.2	15.4	13.0	14.1	2	DE	EUR
276070001	ZEW Economic Sentiment Indicator	2021.11.09 13:05:00	31.7	24.4	22.3	nan	2	DE	EUR
276070002	ZEW Economic Situation	2021.11.09 13:05:00	12.5	16.5	21.6	nan	2	DE	EUR
276010020	CPI m/m	2021.11.10 10:00:00	0.5	0.5	0.5	nan	2	DE	EUR
276010021	CPI y/y	2021.11.10 10:00:00	4.5	4.5	4.5	nan	2	DE	EUR
276020003	10-Year Bond Auction	2021.11.10 13:41:00	-0.29	nan	-0.16	nan	2	DE	EUR
276010014	PPI m/m	2021.11.19 10:00:00	3.8	1.6	2.3	nan	2	DE	EUR
276500001	S&P Global Manufacturing PMI	2021.11.23 11:30:00	57.6	58.1	57.8	nan	2	DE	EUR
276500002	S&P Global Services PMI	2021.11.23 11:30:00	53.4	52.6	52.4	nan	2	DE	EUR
276030001	Ifo Business Expectations	2021.11.24 12:30:00	94.2	96.3	95.4	nan	2	DE	EUR
276030002	Ifo Current Business Situation	2021.11.24 12:30:00	99.0	100.3	100.1	100.2	2	DE	EUR
276030003	Ifo Business Climate	2021.11.24 12:30:00	96.5	98.2	97.7	nan	2	DE	EUR
276010009	GDP y/y	2021.11.25 10:00:00	2.5	2.5	2.5	nan	2	DE	EUR
276040001	GfK Consumer Climate	2021.11.25 10:00:00	-1.6	0.6	0.9	1.0	2	DE	EUR
276010020	CPI m/m	2021.11.29 16:00:00	-0.2	-0.3	0.5	nan	2	DE	EUR
276010021	CPI y/y	2021.11.29 16:00:00	5.2	4.6	4.5	nan	2	DE	EUR
276060001	Unemployment Change	2021.11.30 11:55:00	-34.0	-47.0	-39.0	-40.0	2	DE	EUR
276060002	Unemployment Rate	2021.11.30 11:55:00	5.3	5.4	5.4	nan	2	DE	EUR
276060004	Unemployment	2021.11.30 11:55:00	2.428	2.479	2.466	2.462	2	DE	EUR
276010016	Retail Sales m/m	2021.12.01 10:00:00	-0.3	-0.6	-2.5	-1.9	2	DE	EUR
276500001	S&P Global Manufacturing PMI	2021.12.01 11:55:00	57.4	57.6	57.6	nan	2	DE	EUR
276500002	S&P Global Services PMI	2021.12.03 11:55:00	52.7	53.4	53.4	nan	2	DE	EUR
276010018	Factory Orders m/m	2021.12.06 10:00:00	-6.9	-0.4	1.3	1.8	2	DE	EUR
276010019	Factory Orders y/y	2021.12.06 10:00:00	-1.0	21.0	9.7	10.3	2	DE	EUR
276010010	Industrial Production m/m	2021.12.07 10:00:00	2.8	-0.7	-1.1	-0.5	2	DE	EUR
276070001	ZEW Economic Sentiment Indicator	2021.12.07 13:05:00	29.9	27.1	31.7	nan	2	DE	EUR
276070002	ZEW Economic Situation	2021.12.07 13:05:00	-7.4	1.2	12.5	nan	2	DE	EUR
276020003	10-Year Bond Auction	2021.12.08 13:41:00	-0.38	nan	-0.29	-0.29	2	DE	EUR
276010007	Trade Balance	2021.12.09 10:00:00	12.5	13.1	13.2	12.9	2	DE	EUR
276010020	CPI m/m	2021.12.10 10:00:00	-0.2	-0.2	-0.2	nan	2	DE	EUR
276010021	CPI y/y	2021.12.10 10:00:00	5.2	5.2	5.2	nan	2	DE	EUR
276500001	S&P Global Manufacturing PMI	2021.12.16 11:30:00	57.9	57.5	57.4	nan	2	DE	EUR
276500002	S&P Global Services PMI	2021.12.16 11:30:00	48.4	55.3	52.7	nan	2	DE	EUR
276010014	PPI m/m	2021.12.17 10:00:00	0.8	3.3	3.8	nan	2	DE	EUR
276030001	Ifo Business Expectations	2021.12.17 12:30:00	92.6	94.8	94.2	nan	2	DE	EUR
276030002	Ifo Current Business Situation	2021.12.17 12:30:00	96.9	99.6	99.0	nan	2	DE	EUR
276030003	Ifo Business Climate	2021.12.17 12:30:00	94.7	97.0	96.5	96.6	2	DE	EUR
276040001	GfK Consumer Climate	2021.12.21 10:00:00	-6.8	-0.3	-1.6	-1.8	2	DE	EUR
276500001	S&P Global Manufacturing PMI	2022.01.03 11:55:00	57.4	57.9	57.9	nan	2	DE	EUR
276010016	Retail Sales m/m	2022.01.04 10:00:00	0.6	1.5	-0.3	0.5	2	DE	EUR
276060001	Unemployment Change	2022.01.04 11:55:00	-23.0	-39.0	-34.0	nan	2	DE	EUR
276060002	Unemployment Rate	2022.01.04 11:55:00	5.2	5.3	5.3	nan	2	DE	EUR
276060004	Unemployment	2022.01.04 11:55:00	2.405	2.439	2.428	nan	2	DE	EUR
276500002	S&P Global Services PMI	2022.01.05 11:55:00	48.7	48.4	48.4	nan	2	DE	EUR
276020003	10-Year Bond Auction	2022.01.05 13:36:00	-0.09	nan	-0.38	nan	2	DE	EUR
276010018	Factory Orders m/m	2022.01.06 10:00:00	3.7	1.5	-6.9	-5.8	2	DE	EUR
276010019	Factory Orders y/y	2022.01.06 10:00:00	1.3	-20.3	-1.0	0.1	2	DE	EUR
276010020	CPI m/m	2022.01.06 16:00:00	0.5	0.1	-0.2	nan	2	DE	EUR
276010021	CPI y/y	2022.01.06 16:00:00	5.3	5.4	5.2	nan	2	DE	EUR
276010007	Trade Balance	2022.01.07 10:00:00	10.9	12.8	12.5	12.4	2	DE	EUR
276010010	Industrial Production m/m	2022.01.07 10:00:00	-0.2	-0.1	2.8	2.4	2	DE	EUR
276070001	ZEW Economic Sentiment Indicator	2022.01.18 13:05:00	51.7	30.9	29.9	nan	2	DE	EUR
276070002	ZEW Economic Situation	2022.01.18 13:05:00	-10.2	-22.0	-7.4	nan	2	DE	EUR
276010020	CPI m/m	2022.01.19 10:00:00	0.5	0.5	0.5	nan	2	DE	EUR
276010021	CPI y/y	2022.01.19 10:00:00	5.3	5.3	5.3	nan	2	DE	EUR
276010014	PPI m/m	2022.01.20 10:00:00	5.0	1.6	0.8	nan	2	DE	EUR
276500001	S&P Global Manufacturing PMI	2022.01.24 11:30:00	60.5	57.7	57.4	nan	2	DE	EUR
276500002	S&P Global Services PMI	2022.01.24 11:30:00	52.2	49.1	48.7	nan	2	DE	EUR
276030001	Ifo Business Expectations	2022.01.25 12:30:00	95.2	93.4	92.6	92.7	2	DE	EUR
276030002	Ifo Current Business Situation	2022.01.25 12:30:00	96.1	98.0	96.9	nan	2	DE	EUR
276030003	Ifo Business Climate	2022.01.25 12:30:00	95.7	95.5	94.7	94.8	2	DE	EUR
276020003	10-Year Bond Auction	2022.01.26 13:38:00	-0.08	nan	-0.09	nan	2	DE	EUR
276040001	GfK Consumer Climate	2022.01.27 10:00:00	-6.7	-4.2	-6.8	-6.9	2	DE	EUR
276010009	GDP y/y	2022.01.28 12:00:00	1.4	7.3	2.5	2.8	2	DE	EUR
276010020	CPI m/m	2022.01.31 16:00:00	0.4	0.4	0.5	nan	2	DE	EUR
276010021	CPI y/y	2022.01.31 16:00:00	4.9	5.5	5.3	nan	2	DE	EUR
276010016	Retail Sales m/m	2022.02.01 10:00:00	-5.5	-0.5	0.6	0.8	2	DE	EUR
276060001	Unemployment Change	2022.02.01 11:55:00	-48.0	-29.0	-23.0	-29.0	2	DE	EUR
276060002	Unemployment Rate	2022.02.01 11:55:00	5.1	5.2	5.2	nan	2	DE	EUR
276060004	Unemployment	2022.02.01 11:55:00	2.345	2.408	2.405	2.393	2	DE	EUR
276500001	S&P Global Manufacturing PMI	2022.02.01 11:55:00	59.8	60.5	60.5	nan	2	DE	EUR
276500002	S&P Global Services PMI	2022.02.03 11:55:00	52.2	52.2	52.2	nan	2	DE	EUR
276010018	Factory Orders m/m	2022.02.04 10:00:00	2.8	2.0	3.7	3.6	2	DE	EUR
276010019	Factory Orders y/y	2022.02.04 10:00:00	5.5	2.0	1.3	2.3	2	DE	EUR
276010010	Industrial Production m/m	2022.02.07 10:00:00	-0.3	0.8	-0.2	0.3	2	DE	EUR
276010007	Trade Balance	2022.02.09 10:00:00	6.8	11.7	10.9	10.8	2	DE	EUR
276010020	CPI m/m	2022.02.11 10:00:00	0.4	0.4	0.4	nan	2	DE	EUR
276010021	CPI y/y	2022.02.11 10:00:00	4.9	4.9	4.9	nan	2	DE	EUR
276070001	ZEW Economic Sentiment Indicator	2022.02.15 13:05:00	54.3	41.2	51.7	nan	2	DE	EUR
276070002	ZEW Economic Situation	2022.02.15 13:05:00	-8.1	-22.1	-10.2	nan	2	DE	EUR
276020003	10-Year Bond Auction	2022.02.16 13:42:00	0.31	nan	-0.08	nan	2	DE	EUR
276010014	PPI m/m	2022.02.21 10:00:00	2.2	4.6	5.0	nan	2	DE	EUR
276500001	S&P Global Manufacturing PMI	2022.02.21 11:30:00	58.5	60.2	59.8	nan	2	DE	EUR
276500002	S&P Global Services PMI	2022.02.21 11:30:00	56.6	50.9	52.2	nan	2	DE	EUR
276030001	Ifo Business Expectations	2022.02.22 12:30:00	99.2	93.9	95.2	95.8	2	DE	EUR
276030002	Ifo Current Business Situation	2022.02.22 12:30:00	98.6	96.6	96.1	96.2	2	DE	EUR
276030003	Ifo Business Climate	2022.02.22 12:30:00	98.9	95.1	95.7	96.0	2	DE	EUR
276040001	GfK Consumer Climate	2022.02.23 10:00:00	-8.1	-6.8	-6.7	nan	2	DE	EUR
276010009	GDP y/y	2022.02.25 10:00:00	1.8	1.4	1.4	nan	2	DE	EUR
276500001	S&P Global Manufacturing PMI	2022.03.01 11:55:00	58.4	58.5	58.5	nan	2	DE	EUR
276010020	CPI m/m	2022.03.01 16:00:00	0.9	0.2	0.4	nan	2	DE	EUR
276010021	CPI y/y	2022.03.01 16:00:00	5.1	5.0	4.9	nan	2	DE	EUR
276060001	Unemployment Change	2022.03.02 11:55:00	-33.0	-22.0	-48.0	nan	2	DE	EUR
276060002	Unemployment Rate	2022.03.02 11:55:00	5.0	5.1	5.1	nan	2	DE	EUR
276060004	Unemployment	2022.03.02 11:55:00	2.312	2.366	2.345	nan	2	DE	EUR
276020003	10-Year Bond Auction	2022.03.02 13:54:00	-0.2	nan	0.31	nan	2	DE	EUR
276500002	S&P Global Services PMI	2022.03.03 11:55:00	55.8	56.6	56.6	nan	2	DE	EUR
276010007	Trade Balance	2022.03.04 10:00:00	9.4	8.8	6.8	8.1	2	DE	EUR
276010018	Factory Orders m/m	2022.03.07 10:00:00	1.8	-1.3	2.8	3.0	2	DE	EUR
276010019	Factory Orders y/y	2022.03.07 10:00:00	7.3	5.4	5.5	5.9	2	DE	EUR
276010016	Retail Sales m/m	2022.03.07 10:00:00	2.0	-0.3	-5.5	-4.6	2	DE	EUR
276010010	Industrial Production m/m	2022.03.08 10:00:00	2.7	0.0	-0.3	1.1	2	DE	EUR
276010020	CPI m/m	2022.03.11 10:00:00	0.9	0.9	0.9	nan	2	DE	EUR
276010021	CPI y/y	2022.03.11 10:00:00	5.1	5.1	5.1	nan	2	DE	EUR
276070001	ZEW Economic Sentiment Indicator	2022.03.15 13:05:00	-39.3	53.6	54.3	nan	2	DE	EUR
276070002	ZEW Economic Situation	2022.03.15 13:05:00	-21.4	-6.7	-8.1	nan	2	DE	EUR
276020003	10-Year Bond Auction	2022.03.16 13:48:00	0.38	nan	-0.2	nan	2	DE	EUR
276010014	PPI m/m	2022.03.21 10:00:00	1.4	3.4	2.2	nan	2	DE	EUR
276500001	S&P Global Manufacturing PMI	2022.03.24 11:30:00	57.6	58.5	58.4	nan	2	DE	EUR
276500002	S&P Global Services PMI	2022.03.24 11:30:00	55.0	57.4	55.8	nan	2	DE	EUR
276030001	Ifo Business Expectations	2022.03.25 12:30:00	85.1	97.2	99.2	98.4	2	DE	EUR
276030002	Ifo Current Business Situation	2022.03.25 12:30:00	97.0	97.4	98.6	nan	2	DE	EUR
276030003	Ifo Business Climate	2022.03.25 12:30:00	90.8	97.2	98.9	98.5	2	DE	EUR
276040001	GfK Consumer Climate	2022.03.29 09:00:00	-15.5	-7.4	-8.1	-8.5	2	DE	EUR
276010020	CPI m/m	2022.03.30 15:00:00	2.5	0.2	0.9	nan	2	DE	EUR
276010021	CPI y/y	2022.03.30 15:00:00	7.3	5.2	5.1	nan	2	DE	EUR
276010016	Retail Sales m/m	2022.03.31 09:00:00	0.3	0.1	2.0	0.0	2	DE	EUR
276060001	Unemployment Change	2022.03.31 10:55:00	-18.0	-18.0	-33.0	-32.0	2	DE	EUR
276060002	Unemployment Rate	2022.03.31 10:55:00	5.0	5.0	5.0	nan	2	DE	EUR
276060004	Unemployment	2022.03.31 10:55:00	2.298	2.319	2.312	2.316	2	DE	EUR
276500001	S&P Global Manufacturing PMI	2022.04.01 10:55:00	56.9	57.6	57.6	nan	2	DE	EUR
276010007	Trade Balance	2022.04.04 09:00:00	11.6	5.1	9.4	8.8	2	DE	EUR
276500002	S&P Global Services PMI	2022.04.05 10:55:00	56.1	55.0	55.0	nan	2	DE	EUR
276010018	Factory Orders m/m	2022.04.06 09:00:00	-2.2	-2.7	1.8	2.3	2	DE	EUR
276010019	Factory Orders y/y	2022.04.06 09:00:00	2.9	32.8	7.3	8.2	2	DE	EUR
276010010	Industrial Production m/m	2022.04.07 09:00:00	0.2	-0.6	2.7	1.4	2	DE	EUR
276010020	CPI m/m	2022.04.12 09:00:00	2.5	2.5	2.5	nan	2	DE	EUR
276010021	CPI y/y	2022.04.12 09:00:00	7.3	7.3	7.3	nan	2	DE	EUR
276070001	ZEW Economic Sentiment Indicator	2022.04.12 12:05:00	-41.0	-1.1	-39.3	nan	2	DE	EUR
276070002	ZEW Economic Situation	2022.04.12 12:05:00	-30.8	-26.0	-21.4	nan	2	DE	EUR
276020003	10-Year Bond Auction	2022.04.13 12:40:00	0.83	nan	0.38	nan	2	DE	EUR
276010014	PPI m/m	2022.04.20 09:00:00	4.9	3.4	1.4	nan	2	DE	EUR
276500001	S&P Global Manufacturing PMI	2022.04.22 10:30:00	54.1	57.3	56.9	nan	2	DE	EUR
276500002	S&P Global Services PMI	2022.04.22 10:30:00	57.9	54.9	56.1	nan	2	DE	EUR
276030001	Ifo Business Expectations	2022.04.25 11:30:00	86.7	92.1	85.1	84.9	2	DE	EUR
276030002	Ifo Current Business Situation	2022.04.25 11:30:00	97.2	97.9	97.0	97.1	2	DE	EUR
276030003	Ifo Business Climate	2022.04.25 11:30:00	91.8	94.7	90.8	nan	2	DE	EUR
276040001	GfK Consumer Climate	2022.04.27 09:00:00	-26.5	-12.0	-15.5	-15.7	2	DE	EUR
276010020	CPI m/m	2022.04.28 15:00:00	0.8	1.7	2.5	nan	2	DE	EUR
276010021	CPI y/y	2022.04.28 15:00:00	7.4	7.7	7.3	nan	2	DE	EUR
276010009	GDP y/y	2022.04.29 11:00:00	4.0	1.6	1.8	nan	2	DE	EUR
276010016	Retail Sales m/m	2022.05.02 09:00:00	-2.7	0.2	0.3	nan	2	DE	EUR
276500001	S&P Global Manufacturing PMI	2022.05.02 10:55:00	54.6	54.1	54.1	nan	2	DE	EUR
276060001	Unemployment Change	2022.05.03 10:55:00	-13.0	-18.0	-18.0	nan	2	DE	EUR
276060002	Unemployment Rate	2022.05.03 10:55:00	5.0	5.0	5.0	nan	2	DE	EUR
276060004	Unemployment	2022.05.03 10:55:00	2.287	2.296	2.298	2.301	2	DE	EUR
276010007	Trade Balance	2022.05.04 09:00:00	3.2	10.5	11.6	11.1	2	DE	EUR
276500002	S&P Global Services PMI	2022.05.04 10:55:00	57.6	57.9	57.9	nan	2	DE	EUR
276020003	10-Year Bond Auction	2022.05.04 12:38:00	0.93	nan	0.83	nan	2	DE	EUR
276010018	Factory Orders m/m	2022.05.05 09:00:00	-4.7	0.3	-2.2	-0.8	2	DE	EUR
276010019	Factory Orders y/y	2022.05.05 09:00:00	-3.1	-22.9	2.9	4.3	2	DE	EUR
276010010	Industrial Production m/m	2022.05.06 09:00:00	-3.9	-0.1	0.2	0.1	2	DE	EUR
276070001	ZEW Economic Sentiment Indicator	2022.05.10 12:05:00	-34.3	-40.4	-41.0	nan	2	DE	EUR
276070002	ZEW Economic Situation	2022.05.10 12:05:00	-36.5	-42.5	-30.8	nan	2	DE	EUR
276010020	CPI m/m	2022.05.11 09:00:00	0.8	0.8	0.8	nan	2	DE	EUR
276010021	CPI y/y	2022.05.11 09:00:00	7.4	7.4	7.4	nan	2	DE	EUR
276020003	10-Year Bond Auction	2022.05.11 12:46:00	0.96	nan	0.93	nan	2	DE	EUR
276010014	PPI m/m	2022.05.20 09:00:00	2.8	3.7	4.9	nan	2	DE	EUR
276030001	Ifo Business Expectations	2022.05.23 11:30:00	86.9	85.8	86.7	86.8	2	DE	EUR
276030002	Ifo Current Business Situation	2022.05.23 11:30:00	99.5	97.2	97.2	97.3	2	DE	EUR
276030003	Ifo Business Climate	2022.05.23 11:30:00	93.0	91.2	91.8	91.9	2	DE	EUR
276500001	S&P Global Manufacturing PMI	2022.05.24 10:30:00	54.7	54.3	54.6	nan	2	DE	EUR
276500002	S&P Global Services PMI	2022.05.24 10:30:00	56.3	57.7	57.6	nan	2	DE	EUR
276010009	GDP y/y	2022.05.25 09:00:00	4.0	4.0	4.0	nan	2	DE	EUR
276040001	GfK Consumer Climate	2022.05.25 09:00:00	-26.0	-22.1	-26.5	-26.6	2	DE	EUR
276010020	CPI m/m	2022.05.30 15:00:00	0.9	1.8	0.8	nan	2	DE	EUR
276010021	CPI y/y	2022.05.30 15:00:00	7.9	7.8	7.4	nan	2	DE	EUR
276060001	Unemployment Change	2022.05.31 10:55:00	-4.0	-14.0	-13.0	nan	2	DE	EUR
276060002	Unemployment Rate	2022.05.31 10:55:00	5.0	5.0	5.0	nan	2	DE	EUR
276060004	Unemployment	2022.05.31 10:55:00	2.285	2.283	2.287	2.289	2	DE	EUR
276010016	Retail Sales m/m	2022.06.01 09:00:00	-5.4	-0.5	-2.7	nan	2	DE	EUR
276500001	S&P Global Manufacturing PMI	2022.06.01 10:55:00	54.8	54.7	54.7	nan	2	DE	EUR
276010007	Trade Balance	2022.06.03 09:00:00	3.6	7.4	3.2	1.9	2	DE	EUR
276500002	S&P Global Services PMI	2022.06.03 10:55:00	55.0	56.3	56.3	nan	2	DE	EUR
276010018	Factory Orders m/m	2022.06.07 09:00:00	-2.7	2.2	-4.7	-4.2	2	DE	EUR
276010019	Factory Orders y/y	2022.06.07 09:00:00	-8.9	-29.1	-3.1	-2.9	2	DE	EUR
276010010	Industrial Production m/m	2022.06.08 09:00:00	0.7	0.4	-3.9	-3.7	2	DE	EUR
276020003	10-Year Bond Auction	2022.06.08 12:37:00	1.33	nan	0.96	nan	2	DE	EUR
276010020	CPI m/m	2022.06.14 09:00:00	0.9	0.9	0.9	nan	2	DE	EUR
276010021	CPI y/y	2022.06.14 09:00:00	7.9	7.9	7.9	nan	2	DE	EUR
276070001	ZEW Economic Sentiment Indicator	2022.06.14 12:05:00	-28.0	-37.8	-34.3	nan	2	DE	EUR
276070002	ZEW Economic Situation	2022.06.14 12:05:00	-27.6	-42.5	-36.5	nan	2	DE	EUR
276010014	PPI m/m	2022.06.20 09:00:00	1.6	3.3	2.8	nan	2	DE	EUR
276500001	S&P Global Manufacturing PMI	2022.06.23 10:30:00	52.0	54.8	54.8	nan	2	DE	EUR
276500002	S&P Global Services PMI	2022.06.23 10:30:00	52.4	54.4	55.0	nan	2	DE	EUR
276030001	Ifo Business Expectations	2022.06.24 11:30:00	85.8	86.7	86.9	nan	2	DE	EUR
276030002	Ifo Current Business Situation	2022.06.24 11:30:00	99.3	98.4	99.5	99.6	2	DE	EUR
276030003	Ifo Business Climate	2022.06.24 11:30:00	92.3	92.3	93.0	nan	2	DE	EUR
276040001	GfK Consumer Climate	2022.06.28 09:00:00	-27.4	-27.3	-26.0	-26.2	2	DE	EUR
276010020	CPI m/m	2022.06.29 15:00:00	0.1	0.8	0.9	nan	2	DE	EUR
276010021	CPI y/y	2022.06.29 15:00:00	7.6	8.3	7.9	nan	2	DE	EUR
276010016	Retail Sales m/m	2022.06.30 09:00:00	0.6	-0.2	-5.4	nan	2	DE	EUR
276060001	Unemployment Change	2022.06.30 10:55:00	133.0	-13.0	-4.0	-5.0	2	DE	EUR
276060002	Unemployment Rate	2022.06.30 10:55:00	5.3	5.0	5.0	nan	2	DE	EUR
276060004	Unemployment	2022.06.30 10:55:00	2.417	2.277	2.285	2.284	2	DE	EUR
276500001	S&P Global Manufacturing PMI	2022.07.01 10:55:00	52.0	52.0	52.0	nan	2	DE	EUR
276010007	Trade Balance	2022.07.04 09:00:00	-1.0	3.4	3.6	3.1	2	DE	EUR
276500002	S&P Global Services PMI	2022.07.05 10:55:00	52.4	52.4	52.4	nan	2	DE	EUR
276010018	Factory Orders m/m	2022.07.06 09:00:00	0.1	0.3	-2.7	-1.8	2	DE	EUR
276010019	Factory Orders y/y	2022.07.06 09:00:00	-3.1	-6.0	-8.9	-5.3	2	DE	EUR
276020003	10-Year Bond Auction	2022.07.06 13:08:00	1.22	nan	1.33	nan	2	DE	EUR
276010010	Industrial Production m/m	2022.07.07 09:00:00	0.2	0.3	0.7	1.3	2	DE	EUR
276070001	ZEW Economic Sentiment Indicator	2022.07.12 12:05:00	-53.8	-31.2	-28.0	nan	2	DE	EUR
276070002	ZEW Economic Situation	2022.07.12 12:05:00	-45.8	-24.6	-27.6	nan	2	DE	EUR
276010020	CPI m/m	2022.07.13 09:00:00	0.1	0.1	0.1	nan	2	DE	EUR
276010021	CPI y/y	2022.07.13 09:00:00	7.6	7.6	7.6	nan	2	DE	EUR
276010014	PPI m/m	2022.07.20 09:00:00	0.6	2.9	1.6	nan	2	DE	EUR
276020003	10-Year Bond Auction	2022.07.20 12:38:00	1.05	nan	1.22	nan	2	DE	EUR
276500001	S&P Global Manufacturing PMI	2022.07.22 10:30:00	49.2	52.0	52.0	nan	2	DE	EUR
276500002	S&P Global Services PMI	2022.07.22 10:30:00	49.2	51.0	52.4	nan	2	DE	EUR
276030001	Ifo Business Expectations	2022.07.25 11:30:00	80.3	86.3	85.8	85.5	2	DE	EUR
276030002	Ifo Current Business Situation	2022.07.25 11:30:00	97.7	99.5	99.3	99.4	2	DE	EUR
276030003	Ifo Business Climate	2022.07.25 11:30:00	88.6	92.5	92.3	92.2	2	DE	EUR
276040001	GfK Consumer Climate	2022.07.27 09:00:00	-30.6	-27.9	-27.4	-27.7	2	DE	EUR
276020003	10-Year Bond Auction	2022.07.27 12:39:00	0.94	nan	1.05	nan	2	DE	EUR
276010020	CPI m/m	2022.07.28 15:00:00	0.9	-0.3	0.1	nan	2	DE	EUR
276010021	CPI y/y	2022.07.28 15:00:00	7.5	7.9	7.6	nan	2	DE	EUR
276060001	Unemployment Change	2022.07.29 10:55:00	48.0	-9.0	133.0	132.0	2	DE	EUR
276060002	Unemployment Rate	2022.07.29 10:55:00	5.4	5.1	5.3	nan	2	DE	EUR
276060004	Unemployment	2022.07.29 10:55:00	2.463	2.344	2.417	2.416	2	DE	EUR
276010009	GDP y/y	2022.07.29 11:00:00	1.5	4.0	4.0	3.9	2	DE	EUR
276010016	Retail Sales m/m	2022.08.01 09:00:00	-1.6	0.0	0.6	1.2	2	DE	EUR
276500001	S&P Global Manufacturing PMI	2022.08.01 10:55:00	49.3	49.2	49.2	nan	2	DE	EUR
276010007	Trade Balance	2022.08.03 09:00:00	6.4	1.3	-1.0	0.8	2	DE	EUR
276500002	S&P Global Services PMI	2022.08.03 10:55:00	49.7	49.2	49.2	nan	2	DE	EUR
276010018	Factory Orders m/m	2022.08.04 09:00:00	-0.4	-1.5	0.1	-0.2	2	DE	EUR
276010019	Factory Orders y/y	2022.08.04 09:00:00	-9.0	-6.0	-3.1	-3.2	2	DE	EUR
276010010	Industrial Production m/m	2022.08.05 09:00:00	0.4	-0.2	0.2	-0.1	2	DE	EUR
276010020	CPI m/m	2022.08.10 09:00:00	0.9	0.9	0.9	nan	2	DE	EUR
276010021	CPI y/y	2022.08.10 09:00:00	7.5	7.5	7.5	nan	2	DE	EUR
276070001	ZEW Economic Sentiment Indicator	2022.08.16 12:05:00	-55.3	-41.4	-53.8	nan	2	DE	EUR
276070002	ZEW Economic Situation	2022.08.16 12:05:00	-47.6	-48.0	-45.8	nan	2	DE	EUR
276010014	PPI m/m	2022.08.19 09:00:00	5.3	0.9	0.6	nan	2	DE	EUR
276500001	S&P Global Manufacturing PMI	2022.08.23 10:30:00	49.8	49.2	49.3	nan	2	DE	EUR
276500002	S&P Global Services PMI	2022.08.23 10:30:00	48.2	48.8	49.7	nan	2	DE	EUR
276020003	10-Year Bond Auction	2022.08.24 12:30:00	1.33	nan	0.94	nan	2	DE	EUR
276010009	GDP y/y	2022.08.25 09:00:00	1.8	4.0	1.5	nan	2	DE	EUR
276030001	Ifo Business Expectations	2022.08.25 11:30:00	80.3	86.3	80.3	80.4	2	DE	EUR
276030002	Ifo Current Business Situation	2022.08.25 11:30:00	97.5	98.6	97.7	nan	2	DE	EUR
276030003	Ifo Business Climate	2022.08.25 11:30:00	88.5	90.3	88.6	88.7	2	DE	EUR
276040001	GfK Consumer Climate	2022.08.26 09:00:00	-36.5	-27.9	-30.6	-30.9	2	DE	EUR
276010020	CPI m/m	2022.08.30 15:00:00	0.3	0.5	0.9	nan	2	DE	EUR
276010021	CPI y/y	2022.08.30 15:00:00	7.9	7.8	7.5	nan	2	DE	EUR
276060001	Unemployment Change	2022.08.31 10:55:00	28.0	-3.0	48.0	45.0	2	DE	EUR
276060002	Unemployment Rate	2022.08.31 10:55:00	5.5	5.3	5.4	nan	2	DE	EUR
276060004	Unemployment	2022.08.31 10:55:00	2.497	2.433	2.463	2.469	2	DE	EUR
276010016	Retail Sales m/m	2022.09.01 09:00:00	1.9	-0.1	-1.6	-1.5	2	DE	EUR
276500001	S&P Global Manufacturing PMI	2022.09.01 10:55:00	49.1	49.8	49.8	nan	2	DE	EUR
276010007	Trade Balance	2022.09.02 09:00:00	5.4	2.7	6.4	6.2	2	DE	EUR
276500002	S&P Global Services PMI	2022.09.05 10:55:00	47.7	48.2	48.2	nan	2	DE	EUR
276010018	Factory Orders m/m	2022.09.06 09:00:00	-1.1	-0.7	-0.4	-0.3	2	DE	EUR
276010019	Factory Orders y/y	2022.09.06 09:00:00	-13.6	-6.1	-9.0	nan	2	DE	EUR
276010010	Industrial Production m/m	2022.09.07 09:00:00	-0.3	-0.3	0.4	0.8	2	DE	EUR
276010020	CPI m/m	2022.09.13 09:00:00	0.3	0.3	0.3	nan	2	DE	EUR
276010021	CPI y/y	2022.09.13 09:00:00	7.9	7.9	7.9	nan	2	DE	EUR
276070001	ZEW Economic Sentiment Indicator	2022.09.13 12:05:00	-61.9	-55.1	-55.3	nan	2	DE	EUR
276070002	ZEW Economic Situation	2022.09.13 12:05:00	-60.5	-58.2	-47.6	nan	2	DE	EUR
276010014	PPI m/m	2022.09.20 09:00:00	7.9	3.7	5.3	nan	2	DE	EUR
276020003	10-Year Bond Auction	2022.09.21 12:40:00	1.87	nan	1.33	nan	2	DE	EUR
276500001	S&P Global Manufacturing PMI	2022.09.23 10:30:00	48.3	49.4	49.1	nan	2	DE	EUR
276500002	S&P Global Services PMI	2022.09.23 10:30:00	45.4	47.9	47.7	nan	2	DE	EUR
276030001	Ifo Business Expectations	2022.09.26 11:30:00	75.2	80.2	80.3	80.5	2	DE	EUR
276030002	Ifo Current Business Situation	2022.09.26 11:30:00	94.5	97.7	97.5	nan	2	DE	EUR
276030003	Ifo Business Climate	2022.09.26 11:30:00	84.3	88.4	88.5	88.6	2	DE	EUR
276040001	GfK Consumer Climate	2022.09.28 09:00:00	-42.5	-35.9	-36.5	-36.8	2	DE	EUR
276010020	CPI m/m	2022.09.29 15:00:00	1.9	0.9	0.3	nan	2	DE	EUR
276010021	CPI y/y	2022.09.29 15:00:00	10.0	8.2	7.9	nan	2	DE	EUR
276060001	Unemployment Change	2022.09.30 10:55:00	14.0	5.0	28.0	26.0	2	DE	EUR
276060002	Unemployment Rate	2022.09.30 10:55:00	5.5	5.4	5.5	nan	2	DE	EUR
276060004	Unemployment	2022.09.30 10:55:00	2.51	2.474	2.497	nan	2	DE	EUR
276500001	S&P Global Manufacturing PMI	2022.10.03 10:55:00	47.8	48.3	48.3	nan	2	DE	EUR
276010007	Trade Balance	2022.10.05 09:00:00	1.2	5.9	5.4	3.4	2	DE	EUR
276500002	S&P Global Services PMI	2022.10.05 10:55:00	45.0	45.4	45.4	nan	2	DE	EUR
276010018	Factory Orders m/m	2022.10.06 09:00:00	-2.4	1.0	-1.1	1.9	2	DE	EUR
276010019	Factory Orders y/y	2022.10.06 09:00:00	-4.1	-11.4	-13.6	-11.0	2	DE	EUR
276010010	Industrial Production m/m	2022.10.07 09:00:00	-0.8	0.0	-0.3	0.0	2	DE	EUR
276010016	Retail Sales m/m	2022.10.07 09:00:00	-1.3	-0.3	1.9	nan	2	DE	EUR
276020003	10-Year Bond Auction	2022.10.12 12:40:00	2.33	nan	1.87	nan	2	DE	EUR
276010020	CPI m/m	2022.10.13 09:00:00	1.9	1.9	1.9	nan	2	DE	EUR
276010021	CPI y/y	2022.10.13 09:00:00	10.0	10.0	10.0	nan	2	DE	EUR
276070001	ZEW Economic Sentiment Indicator	2022.10.18 12:05:00	-59.2	-59.4	-61.9	nan	2	DE	EUR
276070002	ZEW Economic Situation	2022.10.18 12:05:00	-72.2	-64.6	-60.5	nan	2	DE	EUR
276010014	PPI m/m	2022.10.20 09:00:00	2.3	6.3	7.9	nan	2	DE	EUR
276500001	S&P Global Manufacturing PMI	2022.10.24 10:30:00	45.7	48.0	47.8	nan	2	DE	EUR
276500002	S&P Global Services PMI	2022.10.24 10:30:00	44.9	45.1	45.0	nan	2	DE	EUR
276030001	Ifo Business Expectations	2022.10.25 11:30:00	75.6	77.6	75.2	75.3	2	DE	EUR
276030002	Ifo Current Business Situation	2022.10.25 11:30:00	94.1	96.0	94.5	nan	2	DE	EUR
276030003	Ifo Business Climate	2022.10.25 11:30:00	84.3	86.3	84.3	84.4	2	DE	EUR
276040001	GfK Consumer Climate	2022.10.27 09:00:00	-41.9	-42.9	-42.5	-42.8	2	DE	EUR
276010009	GDP y/y	2022.10.28 11:00:00	1.1	1.7	1.8	1.7	2	DE	EUR
276010020	CPI m/m	2022.10.28 15:00:00	0.9	0.8	1.9	nan	2	DE	EUR
276010021	CPI y/y	2022.10.28 15:00:00	10.4	10.5	10.0	nan	2	DE	EUR
276010016	Retail Sales m/m	2022.10.31 10:00:00	0.9	0.0	-1.3	nan	2	DE	EUR
276010007	Trade Balance	2022.11.02 10:00:00	3.7	3.3	1.2	nan	2	DE	EUR
276060001	Unemployment Change	2022.11.02 11:55:00	8.0	20.0	14.0	13.0	2	DE	EUR
276060002	Unemployment Rate	2022.11.02 11:55:00	5.5	5.5	5.5	nan	2	DE	EUR
276060004	Unemployment	2022.11.02 11:55:00	2.518	2.497	2.51	nan	2	DE	EUR
276500001	S&P Global Manufacturing PMI	2022.11.02 11:55:00	45.1	45.7	45.7	nan	2	DE	EUR
276020003	10-Year Bond Auction	2022.11.02 13:40:00	2.07	nan	2.33	nan	2	DE	EUR
276010018	Factory Orders m/m	2022.11.04 10:00:00	-4.0	0.8	-2.4	-2.0	2	DE	EUR
276010019	Factory Orders y/y	2022.11.04 10:00:00	-10.8	-8.8	-4.1	-3.8	2	DE	EUR
276500002	S&P Global Services PMI	2022.11.04 11:55:00	46.5	44.9	44.9	nan	2	DE	EUR
276010010	Industrial Production m/m	2022.11.07 10:00:00	0.6	0.2	-0.8	-1.2	2	DE	EUR
276020003	10-Year Bond Auction	2022.11.09 13:40:00	2.25	nan	2.07	nan	2	DE	EUR
276010020	CPI m/m	2022.11.11 10:00:00	0.9	0.9	0.9	nan	2	DE	EUR
276010021	CPI y/y	2022.11.11 10:00:00	10.4	10.4	10.4	nan	2	DE	EUR
276070001	ZEW Economic Sentiment Indicator	2022.11.15 13:05:00	-36.7	-61.2	-59.2	nan	2	DE	EUR
276070002	ZEW Economic Situation	2022.11.15 13:05:00	-64.5	-83.2	-72.2	nan	2	DE	EUR
276010014	PPI m/m	2022.11.21 10:00:00	-4.2	4.5	2.3	nan	2	DE	EUR
276500001	S&P Global Manufacturing PMI	2022.11.23 11:30:00	46.7	45.4	45.1	nan	2	DE	EUR
276500002	S&P Global Services PMI	2022.11.23 11:30:00	46.4	45.6	46.5	nan	2	DE	EUR
276030001	Ifo Business Expectations	2022.11.24 12:30:00	80.0	75.3	75.6	75.9	2	DE	EUR
276030002	Ifo Current Business Situation	2022.11.24 12:30:00	93.1	94.3	94.1	94.2	2	DE	EUR
276030003	Ifo Business Climate	2022.11.24 12:30:00	86.3	84.2	84.3	84.5	2	DE	EUR
276010009	GDP y/y	2022.11.25 10:00:00	1.2	1.1	1.1	nan	2	DE	EUR
276040001	GfK Consumer Climate	2022.11.25 10:00:00	-40.2	-45.3	-41.9	nan	2	DE	EUR
276010020	CPI m/m	2022.11.29 16:00:00	-0.5	2.0	0.9	nan	2	DE	EUR
276010021	CPI y/y	2022.11.29 16:00:00	10.0	10.9	10.4	nan	2	DE	EUR
276060001	Unemployment Change	2022.11.30 11:55:00	17.0	28.0	8.0	9.0	2	DE	EUR
276060002	Unemployment Rate	2022.11.30 11:55:00	5.6	5.5	5.5	nan	2	DE	EUR
276060004	Unemployment	2022.11.30 11:55:00	2.538	2.508	2.518	2.521	2	DE	EUR
276020003	10-Year Bond Auction	2022.11.30 13:40:00	1.95	nan	2.25	nan	2	DE	EUR
276010016	Retail Sales m/m	2022.12.01 10:00:00	-2.8	0.0	0.9	nan	2	DE	EUR
276500001	S&P Global Manufacturing PMI	2022.12.01 11:55:00	46.2	46.7	46.7	nan	2	DE	EUR
276010007	Trade Balance	2022.12.02 10:00:00	6.9	2.4	3.7	2.8	2	DE	EUR
276500002	S&P Global Services PMI	2022.12.05 11:55:00	46.1	46.4	46.4	nan	2	DE	EUR
276010018	Factory Orders m/m	2022.12.06 10:00:00	0.8	-0.5	-4.0	-2.9	2	DE	EUR
276010019	Factory Orders y/y	2022.12.06 10:00:00	-3.2	-7.5	-10.8	-9.8	2	DE	EUR
276010010	Industrial Production m/m	2022.12.07 10:00:00	-0.1	0.0	0.6	1.1	2	DE	EUR
276010020	CPI m/m	2022.12.13 10:00:00	-0.5	-0.5	-0.5	nan	2	DE	EUR
276010021	CPI y/y	2022.12.13 10:00:00	10.0	10.0	10.0	nan	2	DE	EUR
276070001	ZEW Economic Sentiment Indicator	2022.12.13 13:05:00	-23.3	-48.1	-36.7	nan	2	DE	EUR
276070002	ZEW Economic Situation	2022.12.13 13:05:00	-61.4	-63.9	-64.5	nan	2	DE	EUR
276500001	S&P Global Manufacturing PMI	2022.12.16 11:30:00	47.4	46.7	46.2	nan	2	DE	EUR
276500002	S&P Global Services PMI	2022.12.16 11:30:00	49.0	46.4	46.1	nan	2	DE	EUR
276030001	Ifo Business Expectations	2022.12.19 12:30:00	83.2	77.7	80.0	80.2	2	DE	EUR
276030002	Ifo Current Business Situation	2022.12.19 12:30:00	94.4	93.6	93.1	93.2	2	DE	EUR
276030003	Ifo Business Climate	2022.12.19 12:30:00	88.6	85.2	86.3	86.4	2	DE	EUR
276010014	PPI m/m	2022.12.20 10:00:00	-3.9	-2.0	-4.2	nan	2	DE	EUR
276040001	GfK Consumer Climate	2022.12.21 10:00:00	-37.8	-43.6	-40.2	-40.1	2	DE	EUR
276500001	S&P Global Manufacturing PMI	2023.01.02 11:55:00	47.1	47.4	47.4	nan	2	DE	EUR
276060001	Unemployment Change	2023.01.03 11:55:00	-13.0	27.0	17.0	15.0	2	DE	EUR
276060002	Unemployment Rate	2023.01.03 11:55:00	5.5	5.5	5.6	5.5	2	DE	EUR
276060004	Unemployment	2023.01.03 11:55:00	2.52	2.522	2.538	2.533	2	DE	EUR
276010020	CPI m/m	2023.01.03 16:00:00	-0.8	0.6	-0.5	nan	2	DE	EUR
276010021	CPI y/y	2023.01.03 16:00:00	8.6	10.4	10.0	nan	2	DE	EUR
276500002	S&P Global Services PMI	2023.01.04 11:55:00	49.2	49.0	49.0	nan	2	DE	EUR
276010007	Trade Balance	2023.01.05 10:00:00	10.8	5.3	6.9	6.8	2	DE	EUR
276010016	Retail Sales m/m	2023.01.06 10:00:00	1.1	0.3	-2.8	nan	2	DE	EUR
276010018	Factory Orders m/m	2023.01.06 10:00:00	-5.3	-0.7	0.8	0.6	2	DE	EUR
276010019	Factory Orders y/y	2023.01.06 10:00:00	-11.0	-7.0	-3.2	-3.3	2	DE	EUR
276010010	Industrial Production m/m	2023.01.09 10:00:00	0.2	0.0	-0.1	-0.4	2	DE	EUR
276020003	10-Year Bond Auction	2023.01.11 13:40:00	2.25	nan	1.95	nan	2	DE	EUR
276010020	CPI m/m	2023.01.17 10:00:00	-0.8	-0.8	-0.8	nan	2	DE	EUR
276010021	CPI y/y	2023.01.17 10:00:00	8.6	8.6	8.6	nan	2	DE	EUR
276070001	ZEW Economic Sentiment Indicator	2023.01.17 13:05:00	16.9	-30.0	-23.3	nan	2	DE	EUR
276070002	ZEW Economic Situation	2023.01.17 13:05:00	-58.6	-52.1	-61.4	nan	2	DE	EUR
276010014	PPI m/m	2023.01.20 10:00:00	-0.4	-1.7	-3.9	nan	2	DE	EUR
276040001	GfK Consumer Climate	2023.01.24 10:00:00	-33.9	-41.0	-37.8	-37.6	2	DE	EUR
276500001	S&P Global Manufacturing PMI	2023.01.24 11:30:00	47.0	47.5	47.1	nan	2	DE	EUR
276500002	S&P Global Services PMI	2023.01.24 11:30:00	50.4	49.1	49.2	nan	2	DE	EUR
276030001	Ifo Business Expectations	2023.01.25 12:30:00	86.4	81.5	83.2	nan	2	DE	EUR
276030002	Ifo Current Business Situation	2023.01.25 12:30:00	94.1	93.8	94.4	nan	2	DE	EUR
276030003	Ifo Business Climate	2023.01.25 12:30:00	90.2	87.3	88.6	nan	2	DE	EUR
276010009	GDP y/y	2023.01.30 12:00:00	0.5	1.1	1.2	1.3	2	DE	EUR
276010016	Retail Sales m/m	2023.01.31 10:00:00	-5.3	-0.3	1.1	nan	2	DE	EUR
276060001	Unemployment Change	2023.01.31 11:55:00	-15.0	23.0	-13.0	nan	2	DE	EUR
276060002	Unemployment Rate	2023.01.31 11:55:00	5.5	5.5	5.5	nan	2	DE	EUR
276060004	Unemployment	2023.01.31 11:55:00	2.498	2.523	2.52	nan	2	DE	EUR
276500001	S&P Global Manufacturing PMI	2023.02.01 11:55:00	47.3	47.0	47.0	nan	2	DE	EUR
276020003	10-Year Bond Auction	2023.02.01 13:41:00	2.27	nan	2.25	nan	2	DE	EUR
276010007	Trade Balance	2023.02.02 10:00:00	10.0	8.8	10.8	10.9	2	DE	EUR
276500002	S&P Global Services PMI	2023.02.03 11:55:00	50.7	50.4	50.4	nan	2	DE	EUR
276010018	Factory Orders m/m	2023.02.06 10:00:00	3.2	0.1	-5.3	-4.4	2	DE	EUR
276010019	Factory Orders y/y	2023.02.06 10:00:00	-10.1	-7.1	-11.0	-10.2	2	DE	EUR
276010010	Industrial Production m/m	2023.02.07 10:00:00	-3.1	-0.1	0.2	0.4	2	DE	EUR
276010020	CPI m/m	2023.02.09 10:00:00	1.0	-0.3	-0.8	nan	2	DE	EUR
276010021	CPI y/y	2023.02.09 10:00:00	8.7	8.8	8.6	nan	2	DE	EUR
276010014	PPI m/m	2023.02.17 10:00:00	-1.0	-3.5	-0.4	nan	2	DE	EUR
276500001	S&P Global Manufacturing PMI	2023.02.21 11:30:00	46.5	47.1	47.3	nan	2	DE	EUR
276500002	S&P Global Services PMI	2023.02.21 11:30:00	51.3	50.5	50.7	nan	2	DE	EUR
276070001	ZEW Economic Sentiment Indicator	2023.02.21 13:05:00	28.1	-3.2	16.9	nan	2	DE	EUR
276070002	ZEW Economic Situation	2023.02.21 13:05:00	-45.1	-53.9	-58.6	nan	2	DE	EUR
276010020	CPI m/m	2023.02.22 10:00:00	1.0	1.0	1.0	nan	2	DE	EUR
276010021	CPI y/y	2023.02.22 10:00:00	8.7	8.7	8.7	nan	2	DE	EUR
276030001	Ifo Business Expectations	2023.02.22 12:30:00	88.5	84.7	86.4	nan	2	DE	EUR
276030002	Ifo Current Business Situation	2023.02.22 12:30:00	93.9	94.3	94.1	nan	2	DE	EUR
276030003	Ifo Business Climate	2023.02.22 12:30:00	91.1	89.3	90.2	90.1	2	DE	EUR
276020003	10-Year Bond Auction	2023.02.22 13:41:00	2.56	nan	2.27	nan	2	DE	EUR
276010009	GDP y/y	2023.02.24 10:00:00	0.3	0.5	0.5	nan	2	DE	EUR
276040001	GfK Consumer Climate	2023.02.24 10:00:00	-30.5	-37.2	-33.9	-33.8	2	DE	EUR
276060002	Unemployment Rate	2023.03.01 11:55:00	5.5	5.5	5.5	nan	2	DE	EUR
276060004	Unemployment	2023.03.01 11:55:00	2.509	2.503	2.498	nan	2	DE	EUR
276500001	S&P Global Manufacturing PMI	2023.03.01 11:55:00	46.3	46.5	46.5	nan	2	DE	EUR
276010020	CPI m/m	2023.03.01 16:00:00	0.8	0.9	1.0	nan	2	DE	EUR
276010021	CPI y/y	2023.03.01 16:00:00	8.7	8.9	8.7	nan	2	DE	EUR
276010007	Trade Balance	2023.03.03 10:00:00	16.7	10.4	10.0	nan	2	DE	EUR
276500002	S&P Global Services PMI	2023.03.03 11:55:00	50.9	51.3	51.3	nan	2	DE	EUR
276010018	Factory Orders m/m	2023.03.07 10:00:00	1.0	0.7	3.2	3.4	2	DE	EUR
276010019	Factory Orders y/y	2023.03.07 10:00:00	-10.9	-10.6	-10.1	-9.9	2	DE	EUR
276010010	Industrial Production m/m	2023.03.08 10:00:00	3.5	0.0	-3.1	-2.4	2	DE	EUR
276010016	Retail Sales m/m	2023.03.08 10:00:00	-0.3	0.2	-5.3	nan	2	DE	EUR
276010020	CPI m/m	2023.03.10 10:00:00	0.8	0.8	0.8	nan	2	DE	EUR
276010021	CPI y/y	2023.03.10 10:00:00	8.7	8.7	8.7	nan	2	DE	EUR
276010014	PPI m/m	2023.03.20 10:00:00	-0.3	-3.0	-1.0	-1.2	2	DE	EUR
276070001	ZEW Economic Sentiment Indicator	2023.03.21 13:05:00	13.0	22.6	28.1	nan	2	DE	EUR
276070002	ZEW Economic Situation	2023.03.21 13:05:00	-46.5	-35.1	-45.1	nan	2	DE	EUR
276020003	10-Year Bond Auction	2023.03.22 13:40:00	2.32	nan	2.56	nan	2	DE	EUR
276500001	S&P Global Manufacturing PMI	2023.03.24 11:30:00	44.4	46.4	46.3	nan	2	DE	EUR
276500002	S&P Global Services PMI	2023.03.24 11:30:00	53.9	51.1	50.9	nan	2	DE	EUR
276030001	Ifo Business Expectations	2023.03.27 11:30:00	91.2	87.4	88.5	88.4	2	DE	EUR
276030002	Ifo Current Business Situation	2023.03.27 11:30:00	95.4	94.0	93.9	nan	2	DE	EUR
276030003	Ifo Business Climate	2023.03.27 11:30:00	93.3	90.5	91.1	nan	2	DE	EUR
276040001	GfK Consumer Climate	2023.03.29 09:00:00	-29.5	-33.1	-30.5	-30.6	2	DE	EUR
276010020	CPI m/m	2023.03.30 15:00:00	0.8	0.4	0.8	nan	2	DE	EUR
276010021	CPI y/y	2023.03.30 15:00:00	7.4	8.9	8.7	nan	2	DE	EUR
276010016	Retail Sales m/m	2023.03.31 09:00:00	-1.3	0.1	-0.3	nan	2	DE	EUR
276060001	Unemployment Change	2023.03.31 10:55:00	16.0	15.0	2.0	6.0	2	DE	EUR
276060002	Unemployment Rate	2023.03.31 10:55:00	5.6	5.5	5.5	nan	2	DE	EUR
276060004	Unemployment	2023.03.31 10:55:00	2.54	2.502	2.509	nan	2	DE	EUR
276500001	S&P Global Manufacturing PMI	2023.04.03 10:55:00	44.7	44.4	44.4	nan	2	DE	EUR
276010007	Trade Balance	2023.04.04 09:00:00	16.0	13.4	16.7	16.0	2	DE	EUR
276010018	Factory Orders m/m	2023.04.05 09:00:00	4.8	0.1	1.0	0.5	2	DE	EUR
276010019	Factory Orders y/y	2023.04.05 09:00:00	-5.7	-10.5	-10.9	-12.0	2	DE	EUR
276500002	S&P Global Services PMI	2023.04.05 10:55:00	53.7	53.9	53.9	nan	2	DE	EUR
276010010	Industrial Production m/m	2023.04.06 09:00:00	2.0	0.1	3.5	3.7	2	DE	EUR
276010020	CPI m/m	2023.04.13 09:00:00	0.8	0.8	0.8	nan	2	DE	EUR
276010021	CPI y/y	2023.04.13 09:00:00	7.4	7.4	7.4	nan	2	DE	EUR
276070001	ZEW Economic Sentiment Indicator	2023.04.18 12:05:00	4.1	20.6	13.0	nan	2	DE	EUR
276070002	ZEW Economic Situation	2023.04.18 12:05:00	-32.5	-38.0	-46.5	nan	2	DE	EUR
276020003	10-Year Bond Auction	2023.04.19 12:40:00	2.51	nan	2.32	nan	2	DE	EUR
276010014	PPI m/m	2023.04.20 09:00:00	-2.6	-3.2	-0.3	nan	2	DE	EUR
276500001	S&P Global Manufacturing PMI	2023.04.21 10:30:00	44.0	44.5	44.7	nan	2	DE	EUR
276500002	S&P Global Services PMI	2023.04.21 10:30:00	55.7	53.8	53.7	nan	2	DE	EUR
276030001	Ifo Business Expectations	2023.04.24 11:30:00	92.2	89.8	91.2	91.0	2	DE	EUR
276030002	Ifo Current Business Situation	2023.04.24 11:30:00	95.0	94.7	95.4	nan	2	DE	EUR
276030003	Ifo Business Climate	2023.04.24 11:30:00	93.6	92.1	93.3	93.2	2	DE	EUR
276040001	GfK Consumer Climate	2023.04.26 09:00:00	-25.7	-30.8	-29.5	-29.3	2	DE	EUR
276060001	Unemployment Change	2023.04.28 10:55:00	24.0	11.0	16.0	19.0	2	DE	EUR
276060002	Unemployment Rate	2023.04.28 10:55:00	5.6	5.5	5.6	nan	2	DE	EUR
276060004	Unemployment	2023.04.28 10:55:00	2.567	2.563	2.54	2.543	2	DE	EUR
276010009	GDP y/y	2023.04.28 11:00:00	0.2	0.4	0.3	0.2	2	DE	EUR
276010020	CPI m/m	2023.04.28 15:00:00	0.4	0.5	0.8	nan	2	DE	EUR
276010021	CPI y/y	2023.04.28 15:00:00	7.2	7.5	7.4	nan	2	DE	EUR
276010016	Retail Sales m/m	2023.05.02 09:00:00	-2.4	0.0	-1.3	nan	2	DE	EUR
276500001	S&P Global Manufacturing PMI	2023.05.02 10:55:00	44.5	44.0	44.0	nan	2	DE	EUR
276010007	Trade Balance	2023.05.04 09:00:00	16.7	16.3	16.0	nan	2	DE	EUR
276500002	S&P Global Services PMI	2023.05.04 10:55:00	56.0	55.7	55.7	nan	2	DE	EUR
276010018	Factory Orders m/m	2023.05.05 09:00:00	-10.7	-0.5	4.8	4.5	2	DE	EUR
276010019	Factory Orders y/y	2023.05.05 09:00:00	-11.0	-8.3	-5.7	-6.0	2	DE	EUR
276010010	Industrial Production m/m	2023.05.08 09:00:00	-3.4	0.0	2.0	2.1	2	DE	EUR
276010020	CPI m/m	2023.05.10 09:00:00	0.4	0.4	0.4	nan	2	DE	EUR
276010021	CPI y/y	2023.05.10 09:00:00	7.2	7.2	7.2	nan	2	DE	EUR
276070001	ZEW Economic Sentiment Indicator	2023.05.16 12:05:00	-10.7	8.6	4.1	nan	2	DE	EUR
276070002	ZEW Economic Situation	2023.05.16 12:05:00	-34.8	-26.1	-32.5	nan	2	DE	EUR
276020003	10-Year Bond Auction	2023.05.17 12:46:00	2.31	nan	2.51	nan	2	DE	EUR
276010014	PPI m/m	2023.05.19 09:00:00	0.3	-4.5	-2.6	-1.4	2	DE	EUR
276500001	S&P Global Manufacturing PMI	2023.05.23 10:30:00	42.9	44.2	44.5	nan	2	DE	EUR
276500002	S&P Global Services PMI	2023.05.23 10:30:00	57.8	55.9	56.0	nan	2	DE	EUR
276030001	Ifo Business Expectations	2023.05.24 11:30:00	88.6	91.7	92.2	91.7	2	DE	EUR
276030002	Ifo Current Business Situation	2023.05.24 11:30:00	94.8	95.2	95.0	95.1	2	DE	EUR
276030003	Ifo Business Climate	2023.05.24 11:30:00	91.7	93.4	93.6	93.4	2	DE	EUR
276010009	GDP y/y	2023.05.25 09:00:00	-0.2	0.2	0.2	nan	2	DE	EUR
276040001	GfK Consumer Climate	2023.05.25 09:00:00	-24.2	-28.1	-25.7	-25.8	2	DE	EUR
276060001	Unemployment Change	2023.05.31 10:55:00	9.0	9.0	24.0	23.0	2	DE	EUR
276060002	Unemployment Rate	2023.05.31 10:55:00	5.6	5.6	5.6	nan	2	DE	EUR
276060004	Unemployment	2023.05.31 10:55:00	2.573	2.597	2.567	2.564	2	DE	EUR
276010020	CPI m/m	2023.05.31 15:00:00	-0.1	0.5	0.4	nan	2	DE	EUR
276010021	CPI y/y	2023.05.31 15:00:00	6.1	7.3	7.2	nan	2	DE	EUR
276010016	Retail Sales m/m	2023.06.01 09:00:00	0.8	-0.1	-2.4	nan	2	DE	EUR
276500001	S&P Global Manufacturing PMI	2023.06.01 10:55:00	43.2	42.9	42.9	nan	2	DE	EUR
276010007	Trade Balance	2023.06.05 09:00:00	18.4	16.4	16.7	14.9	2	DE	EUR
276500002	S&P Global Services PMI	2023.06.05 10:55:00	57.2	57.8	57.8	nan	2	DE	EUR
276010018	Factory Orders m/m	2023.06.06 09:00:00	-0.4	-0.3	-10.7	-10.9	2	DE	EUR
276010019	Factory Orders y/y	2023.06.06 09:00:00	-9.9	-8.4	-11.0	-11.2	2	DE	EUR
276010010	Industrial Production m/m	2023.06.07 09:00:00	0.3	-0.2	-3.4	-2.1	2	DE	EUR
276010020	CPI m/m	2023.06.13 09:00:00	-0.1	-0.1	-0.1	nan	2	DE	EUR
276010021	CPI y/y	2023.06.13 09:00:00	6.1	6.1	6.1	nan	2	DE	EUR
276070001	ZEW Economic Sentiment Indicator	2023.06.13 12:05:00	-8.5	-3.3	-10.7	nan	2	DE	EUR
276070002	ZEW Economic Situation	2023.06.13 12:05:00	-56.5	-26.5	-34.8	nan	2	DE	EUR
276020003	10-Year Bond Auction	2023.06.14 12:41:00	2.43	nan	2.31	nan	2	DE	EUR
276010014	PPI m/m	2023.06.20 09:00:00	-1.4	-3.3	0.3	nan	2	DE	EUR
276500001	S&P Global Manufacturing PMI	2023.06.23 10:30:00	41.0	43.0	43.2	nan	2	DE	EUR
276500002	S&P Global Services PMI	2023.06.23 10:30:00	54.1	57.5	57.2	nan	2	DE	EUR
276030001	Ifo Business Expectations	2023.06.26 11:30:00	83.6	90.3	88.6	88.3	2	DE	EUR
276030002	Ifo Current Business Situation	2023.06.26 11:30:00	93.7	94.9	94.8	nan	2	DE	EUR
276030003	Ifo Business Climate	2023.06.26 11:30:00	88.5	92.5	91.7	91.5	2	DE	EUR
276040001	GfK Consumer Climate	2023.06.28 09:00:00	-25.4	-25.4	-24.2	-24.4	2	DE	EUR
276010020	CPI m/m	2023.06.29 15:00:00	0.3	-0.6	-0.1	nan	2	DE	EUR
276010021	CPI y/y	2023.06.29 15:00:00	6.4	6.2	6.1	nan	2	DE	EUR
276010016	Retail Sales m/m	2023.06.30 09:00:00	0.4	0.2	0.8	nan	2	DE	EUR
276060001	Unemployment Change	2023.06.30 10:55:00	28.0	7.0	9.0	13.0	2	DE	EUR
276060002	Unemployment Rate	2023.06.30 10:55:00	5.7	5.6	5.6	nan	2	DE	EUR
276060004	Unemployment	2023.06.30 10:55:00	2.61	2.588	2.573	2.582	2	DE	EUR
276500001	S&P Global Manufacturing PMI	2023.07.03 10:55:00	40.6	41.0	41.0	nan	2	DE	EUR
276010007	Trade Balance	2023.07.04 09:00:00	14.4	17.6	18.4	16.5	2	DE	EUR
276500002	S&P Global Services PMI	2023.07.05 10:55:00	54.1	54.1	54.1	nan	2	DE	EUR
276020003	10-Year Bond Auction	2023.07.05 12:41:00	2.39	nan	2.43	nan	2	DE	EUR
276010018	Factory Orders m/m	2023.07.06 09:00:00	6.4	0.4	-0.4	0.2	2	DE	EUR
276010019	Factory Orders y/y	2023.07.06 09:00:00	-4.3	-10.5	-9.9	-9.3	2	DE	EUR
276010010	Industrial Production m/m	2023.07.07 09:00:00	-0.2	0.0	0.3	nan	2	DE	EUR
276010020	CPI m/m	2023.07.11 09:00:00	0.3	0.3	0.3	nan	2	DE	EUR
276010021	CPI y/y	2023.07.11 09:00:00	6.4	6.4	6.4	nan	2	DE	EUR
276070001	ZEW Economic Sentiment Indicator	2023.07.11 12:05:00	-14.7	-9.6	-8.5	nan	2	DE	EUR
276070002	ZEW Economic Situation	2023.07.11 12:05:00	-59.5	-68.7	-56.5	nan	2	DE	EUR
276020003	10-Year Bond Auction	2023.07.12 12:41:00	2.64	nan	2.39	nan	2	DE	EUR
276010014	PPI m/m	2023.07.20 09:00:00	-0.3	-3.6	-1.4	nan	2	DE	EUR
276500001	S&P Global Manufacturing PMI	2023.07.24 10:30:00	38.8	40.7	40.6	nan	2	DE	EUR
276500002	S&P Global Services PMI	2023.07.24 10:30:00	52.0	52.0	54.1	nan	2	DE	EUR
276030001	Ifo Business Expectations	2023.07.25 11:30:00	83.5	86.0	83.6	83.8	2	DE	EUR
276030002	Ifo Current Business Situation	2023.07.25 11:30:00	91.3	94.3	93.7	nan	2	DE	EUR
276030003	Ifo Business Climate	2023.07.25 11:30:00	87.3	90.0	88.5	88.6	2	DE	EUR
276040001	GfK Consumer Climate	2023.07.27 09:00:00	-24.4	-25.2	-25.4	-25.2	2	DE	EUR
276010009	GDP y/y	2023.07.28 11:00:00	-0.6	0.0	-0.2	0.1	2	DE	EUR
276010020	CPI m/m	2023.07.28 15:00:00	0.3	0.8	0.3	nan	2	DE	EUR
276010021	CPI y/y	2023.07.28 15:00:00	6.2	6.5	6.4	nan	2	DE	EUR
276010016	Retail Sales m/m	2023.07.31 09:00:00	-0.8	-0.1	0.4	nan	2	DE	EUR
276060001	Unemployment Change	2023.08.01 10:55:00	-4.0	5.0	28.0	30.0	2	DE	EUR
276060002	Unemployment Rate	2023.08.01 10:55:00	5.6	5.6	5.7	nan	2	DE	EUR
276060004	Unemployment	2023.08.01 10:55:00	2.604	2.629	2.61	2.608	2	DE	EUR
276500001	S&P Global Manufacturing PMI	2023.08.01 10:55:00	38.8	38.8	38.8	nan	2	DE	EUR
276010007	Trade Balance	2023.08.03 09:00:00	18.7	16.4	14.4	14.6	2	DE	EUR
276500002	S&P Global Services PMI	2023.08.03 10:55:00	52.3	52.0	52.0	nan	2	DE	EUR
276010018	Factory Orders m/m	2023.08.04 09:00:00	7.0	0.8	6.4	6.2	2	DE	EUR
276010019	Factory Orders y/y	2023.08.04 09:00:00	3.0	-7.1	-4.3	-4.4	2	DE	EUR
276010010	Industrial Production m/m	2023.08.07 09:00:00	-1.5	0.1	-0.2	-0.1	2	DE	EUR
276010020	CPI m/m	2023.08.08 09:00:00	0.3	0.3	0.3	nan	2	DE	EUR
276010021	CPI y/y	2023.08.08 09:00:00	6.2	6.2	6.2	nan	2	DE	EUR
276020003	10-Year Bond Auction	2023.08.09 12:41:00	2.46	nan	2.64	nan	2	DE	EUR
276070001	ZEW Economic Sentiment Indicator	2023.08.15 12:05:00	-12.3	-11.6	-14.7	nan	2	DE	EUR
276070002	ZEW Economic Situation	2023.08.15 12:05:00	-71.3	-71.5	-59.5	nan	2	DE	EUR
276010014	PPI m/m	2023.08.21 09:00:00	-1.1	-3.2	-0.3	nan	2	DE	EUR
276500001	S&P Global Manufacturing PMI	2023.08.23 10:30:00	39.1	37.5	38.8	nan	2	DE	EUR
276500002	S&P Global Services PMI	2023.08.23 10:30:00	47.3	51.0	52.3	nan	2	DE	EUR
276010009	GDP y/y	2023.08.25 09:00:00	-0.6	-0.6	-0.6	nan	2	DE	EUR
276030001	Ifo Business Expectations	2023.08.25 11:30:00	82.6	83.5	83.5	83.6	2	DE	EUR
276030002	Ifo Current Business Situation	2023.08.25 11:30:00	89.0	92.5	91.3	91.4	2	DE	EUR
276030003	Ifo Business Climate	2023.08.25 11:30:00	85.7	87.8	87.3	87.4	2	DE	EUR
276040001	GfK Consumer Climate	2023.08.29 09:00:00	-25.5	-25.3	-24.4	-24.6	2	DE	EUR
276010020	CPI m/m	2023.08.30 15:00:00	0.3	0.3	0.3	nan	2	DE	EUR
276010021	CPI y/y	2023.08.30 15:00:00	6.1	6.3	6.2	nan	2	DE	EUR
276010016	Retail Sales m/m	2023.08.31 09:00:00	-0.8	0.1	-0.8	nan	2	DE	EUR
276060001	Unemployment Change	2023.08.31 10:55:00	18.0	3.0	-4.0	1.0	2	DE	EUR
276060002	Unemployment Rate	2023.08.31 10:55:00	5.7	5.6	5.6	5.7	2	DE	EUR
276060004	Unemployment	2023.08.31 10:55:00	2.629	2.621	2.604	2.611	2	DE	EUR
276500001	S&P Global Manufacturing PMI	2023.09.01 10:55:00	39.1	39.1	39.1	nan	2	DE	EUR
276010007	Trade Balance	2023.09.04 09:00:00	15.9	16.6	18.7	18.8	2	DE	EUR
276500002	S&P Global Services PMI	2023.09.05 10:55:00	47.3	47.3	47.3	nan	2	DE	EUR
276010018	Factory Orders m/m	2023.09.06 09:00:00	-11.7	-0.2	7.0	7.6	2	DE	EUR
276010019	Factory Orders y/y	2023.09.06 09:00:00	-10.5	-0.7	3.0	3.3	2	DE	EUR
276020003	10-Year Bond Auction	2023.09.06 12:41:00	2.63	nan	2.46	nan	2	DE	EUR
276010010	Industrial Production m/m	2023.09.07 09:00:00	-0.8	-0.2	-1.5	-1.4	2	DE	EUR
276010020	CPI m/m	2023.09.08 09:00:00	0.3	0.3	0.3	nan	2	DE	EUR
276010021	CPI y/y	2023.09.08 09:00:00	6.1	6.1	6.1	nan	2	DE	EUR
276070001	ZEW Economic Sentiment Indicator	2023.09.12 12:05:00	-11.4	-13.5	-12.3	nan	2	DE	EUR
276070002	ZEW Economic Situation	2023.09.12 12:05:00	-79.4	-75.0	-71.3	nan	2	DE	EUR
276010014	PPI m/m	2023.09.20 09:00:00	0.3	-0.9	-1.1	nan	2	DE	EUR
276500001	S&P Global Manufacturing PMI	2023.09.22 10:30:00	39.8	39.2	39.1	nan	2	DE	EUR
276500002	S&P Global Services PMI	2023.09.22 10:30:00	49.8	44.5	47.3	nan	2	DE	EUR
276030001	Ifo Business Expectations	2023.09.25 11:30:00	82.9	83.0	82.6	82.7	2	DE	EUR
276030002	Ifo Current Business Situation	2023.09.25 11:30:00	88.7	90.1	89.0	nan	2	DE	EUR
276030003	Ifo Business Climate	2023.09.25 11:30:00	85.7	86.4	85.7	85.8	2	DE	EUR
276040001	GfK Consumer Climate	2023.09.27 09:00:00	-26.5	-25.4	-25.5	-25.6	2	DE	EUR
276020003	10-Year Bond Auction	2023.09.27 12:41:00	2.78	nan	2.63	nan	2	DE	EUR
276010020	CPI m/m	2023.09.28 15:00:00	0.3	0.5	0.3	nan	2	DE	EUR
276010021	CPI y/y	2023.09.28 15:00:00	4.5	6.2	6.1	nan	2	DE	EUR
276010016	Retail Sales m/m	2023.09.29 09:00:00	-1.2	-0.1	-0.8	nan	2	DE	EUR
276060001	Unemployment Change	2023.09.29 10:55:00	10.0	0.0	18.0	20.0	2	DE	EUR
276060002	Unemployment Rate	2023.09.29 10:55:00	5.7	5.6	5.7	nan	2	DE	EUR
276060004	Unemployment	2023.09.29 10:55:00	2.642	2.634	2.629	2.632	2	DE	EUR
276500001	S&P Global Manufacturing PMI	2023.10.02 10:55:00	39.6	39.8	39.8	nan	2	DE	EUR
276500002	S&P Global Services PMI	2023.10.04 10:55:00	50.3	49.8	49.8	nan	2	DE	EUR
276010007	Trade Balance	2023.10.05 09:00:00	16.5	17.3	15.9	17.7	2	DE	EUR
276010018	Factory Orders m/m	2023.10.06 09:00:00	3.9	-1.4	-11.7	-11.3	2	DE	EUR
276010019	Factory Orders y/y	2023.10.06 09:00:00	-4.2	-3.8	-10.5	-10.1	2	DE	EUR
276010010	Industrial Production m/m	2023.10.09 09:00:00	-0.2	0.0	-0.8	-0.6	2	DE	EUR
276010020	CPI m/m	2023.10.11 09:00:00	0.3	0.3	0.3	nan	2	DE	EUR
276010021	CPI y/y	2023.10.11 09:00:00	4.5	4.5	4.5	nan	2	DE	EUR
276070001	ZEW Economic Sentiment Indicator	2023.10.17 12:05:00	-1.1	-11.9	-11.4	nan	2	DE	EUR
276070002	ZEW Economic Situation	2023.10.17 12:05:00	-79.9	-87.6	-79.4	nan	2	DE	EUR
276020003	10-Year Bond Auction	2023.10.18 12:41:00	2.9	nan	2.78	nan	2	DE	EUR
276010014	PPI m/m	2023.10.20 09:00:00	-0.2	-0.6	0.3	nan	2	DE	EUR
276040001	GfK Consumer Climate	2023.10.24 09:00:00	-28.1	-26.5	-26.5	-26.7	2	DE	EUR
276500001	S&P Global Manufacturing PMI	2023.10.24 10:30:00	40.7	39.6	39.6	nan	2	DE	EUR
276500002	S&P Global Services PMI	2023.10.24 10:30:00	48.0	51.4	50.3	nan	2	DE	EUR
276030001	Ifo Business Expectations	2023.10.25 11:30:00	84.7	82.7	82.9	83.1	2	DE	EUR
276030002	Ifo Current Business Situation	2023.10.25 11:30:00	89.2	88.8	88.7	nan	2	DE	EUR
276030003	Ifo Business Climate	2023.10.25 11:30:00	86.9	85.6	85.7	85.8	2	DE	EUR
276010009	GDP y/y	2023.10.30 12:00:00	-0.8	-0.6	-0.6	-0.4	2	DE	EUR
276010020	CPI m/m	2023.10.30 16:00:00	0.0	0.3	0.3	nan	2	DE	EUR
276010021	CPI y/y	2023.10.30 16:00:00	3.8	4.5	4.5	nan	2	DE	EUR
276010016	Retail Sales m/m	2023.10.31 10:00:00	-0.8	0.2	-1.2	nan	2	DE	EUR
276060001	Unemployment Change	2023.11.02 11:55:00	30.0	-4.0	10.0	12.0	2	DE	EUR
276060002	Unemployment Rate	2023.11.02 11:55:00	5.8	5.7	5.7	nan	2	DE	EUR
276060004	Unemployment	2023.11.02 11:55:00	2.678	2.656	2.642	2.648	2	DE	EUR
276500001	S&P Global Manufacturing PMI	2023.11.02 11:55:00	40.8	40.7	40.7	nan	2	DE	EUR
276010007	Trade Balance	2023.11.03 10:00:00	16.5	16.2	16.5	17.7	2	DE	EUR
276010018	Factory Orders m/m	2023.11.06 10:00:00	0.2	-0.1	3.9	1.9	2	DE	EUR
276010019	Factory Orders y/y	2023.11.06 10:00:00	-4.3	-7.3	-4.2	-6.3	2	DE	EUR
276500002	S&P Global Services PMI	2023.11.06 11:55:00	48.2	48.0	48.0	nan	2	DE	EUR
276010010	Industrial Production m/m	2023.11.07 10:00:00	-1.4	0.3	-0.2	-0.1	2	DE	EUR
276010020	CPI m/m	2023.11.08 10:00:00	0.0	0.0	0.0	nan	2	DE	EUR
276010021	CPI y/y	2023.11.08 10:00:00	3.8	3.8	3.8	nan	2	DE	EUR
276020003	10-Year Bond Auction	2023.11.08 13:41:00	2.64	nan	2.9	nan	2	DE	EUR
276070001	ZEW Economic Sentiment Indicator	2023.11.14 13:05:00	9.8	-6.2	-1.1	nan	2	DE	EUR
276070002	ZEW Economic Situation	2023.11.14 13:05:00	-79.8	-81.2	-79.9	nan	2	DE	EUR
276010014	PPI m/m	2023.11.20 10:00:00	-0.1	-0.5	-0.2	nan	2	DE	EUR
276500001	S&P Global Manufacturing PMI	2023.11.23 11:30:00	42.3	41.5	40.8	nan	2	DE	EUR
276500002	S&P Global Services PMI	2023.11.23 11:30:00	48.7	48.1	48.2	nan	2	DE	EUR
276010009	GDP y/y	2023.11.24 10:00:00	-0.8	-0.8	-0.8	nan	2	DE	EUR
276030001	Ifo Business Expectations	2023.11.24 12:30:00	85.2	83.7	84.7	84.8	2	DE	EUR
276030002	Ifo Current Business Situation	2023.11.24 12:30:00	89.4	89.0	89.2	nan	2	DE	EUR
276030003	Ifo Business Climate	2023.11.24 12:30:00	87.3	86.2	86.9	nan	2	DE	EUR
276040001	GfK Consumer Climate	2023.11.28 10:00:00	-27.8	-6.3	-28.1	-28.3	2	DE	EUR
276020003	10-Year Bond Auction	2023.11.29 13:41:00	2.45	nan	2.64	nan	2	DE	EUR
276010020	CPI m/m	2023.11.29 16:00:00	-0.4	-0.1	0.0	nan	2	DE	EUR
276010021	CPI y/y	2023.11.29 16:00:00	3.2	3.8	3.8	nan	2	DE	EUR
276010016	Retail Sales m/m	2023.11.30 10:00:00	1.1	0.0	-0.8	nan	2	DE	EUR
276060001	Unemployment Change	2023.11.30 11:55:00	22.0	-7.0	30.0	31.0	2	DE	EUR
276060002	Unemployment Rate	2023.11.30 11:55:00	5.9	5.7	5.8	nan	2	DE	EUR
276060004	Unemployment	2023.11.30 11:55:00	2.702	2.702	2.678	2.68	2	DE	EUR
276500001	S&P Global Manufacturing PMI	2023.12.01 11:55:00	42.6	42.3	42.3	nan	2	DE	EUR
276010007	Trade Balance	2023.12.04 10:00:00	17.8	16.5	16.5	16.7	2	DE	EUR
276500002	S&P Global Services PMI	2023.12.05 11:55:00	49.6	48.7	48.7	nan	2	DE	EUR
276010018	Factory Orders m/m	2023.12.06 10:00:00	-3.7	1.5	0.2	-0.5	2	DE	EUR
276010019	Factory Orders y/y	2023.12.06 10:00:00	-7.3	-4.2	-4.3	-2.1	2	DE	EUR
276010010	Industrial Production m/m	2023.12.07 10:00:00	-0.4	-0.1	-1.4	-1.3	2	DE	EUR
276010020	CPI m/m	2023.12.08 10:00:00	-0.4	-0.4	-0.4	nan	2	DE	EUR
276010021	CPI y/y	2023.12.08 10:00:00	3.2	3.2	3.2	nan	2	DE	EUR
276070001	ZEW Economic Sentiment Indicator	2023.12.12 13:05:00	12.8	4.3	9.8	9.8	2	DE	EUR
276070002	ZEW Economic Situation	2023.12.12 13:05:00	-77.1	-76.6	-79.8	-79.8	2	DE	EUR
276500001	S&P Global Manufacturing PMI	2023.12.15 11:30:00	43.1	43.5	42.6	nan	2	DE	EUR
276500002	S&P Global Services PMI	2023.12.15 11:30:00	48.4	49.7	49.6	nan	2	DE	EUR
276030001	Ifo Business Expectations	2023.12.18 12:30:00	84.3	84.9	85.2	85.1	2	DE	EUR
276030002	Ifo Current Business Situation	2023.12.18 12:30:00	88.5	89.3	89.4	nan	2	DE	EUR
276030003	Ifo Business Climate	2023.12.18 12:30:00	86.4	87.0	87.3	87.2	2	DE	EUR
276010014	PPI m/m	2023.12.20 10:00:00	-0.5	-0.4	-0.1	nan	2	DE	EUR
276040001	GfK Consumer Climate	2023.12.20 10:00:00	-25.1	6.9	-27.8	-27.6	2	DE	EUR
276500001	S&P Global Manufacturing PMI	2024.01.02 11:55:00	43.3	43.1	43.1	nan	2	DE	EUR
276060001	Unemployment Change	2024.01.03 11:55:00	5.0	-9.0	22.0	21.0	2	DE	EUR
276060002	Unemployment Rate	2024.01.03 11:55:00	5.9	5.8	5.9	5.8	2	DE	EUR
276060004	Unemployment	2024.01.03 11:55:00	2.703	2.727	2.702	2.698	2	DE	EUR
276500002	S&P Global Services PMI	2024.01.04 11:55:00	47.4	48.4	48.4	nan	2	DE	EUR
276010020	CPI m/m	2024.01.04 16:00:00	0.1	-0.2	-0.4	nan	2	DE	EUR
276010021	CPI y/y	2024.01.04 16:00:00	3.7	3.2	3.2	nan	2	DE	EUR
276010016	Retail Sales m/m	2024.01.05 10:00:00	-2.5	0.1	1.1	nan	2	DE	EUR
276010007	Trade Balance	2024.01.08 10:00:00	20.4	17.1	17.8	17.7	2	DE	EUR
276010018	Factory Orders m/m	2024.01.08 10:00:00	0.3	0.4	-3.7	-3.8	2	DE	EUR
276010019	Factory Orders y/y	2024.01.08 10:00:00	-4.4	-5.8	-7.3	nan	2	DE	EUR
276010010	Industrial Production m/m	2024.01.09 10:00:00	-0.7	-0.1	-0.4	-0.3	2	DE	EUR
276020003	10-Year Bond Auction	2024.01.10 13:41:00	2.19	nan	2.45	nan	2	DE	EUR
276010020	CPI m/m	2024.01.16 10:00:00	0.1	0.1	0.1	nan	2	DE	EUR
276010021	CPI y/y	2024.01.16 10:00:00	3.7	3.7	3.7	nan	2	DE	EUR
276070001	ZEW Economic Sentiment Indicator	2024.01.16 13:05:00	15.2	nan	12.8	nan	2	DE	EUR
276070002	ZEW Economic Situation	2024.01.16 13:05:00	-77.3	nan	-77.1	nan	2	DE	EUR
276010014	PPI m/m	2024.01.19 10:00:00	-1.2	-0.2	-0.5	nan	2	DE	EUR
276500001	S&P Global Manufacturing PMI	2024.01.24 11:30:00	45.4	42.6	43.3	nan	2	DE	EUR
276500002	S&P Global Services PMI	2024.01.24 11:30:00	47.6	48.5	47.4	nan	2	DE	EUR
276030001	Ifo Business Expectations	2024.01.25 12:30:00	83.5	84.3	84.3	84.2	2	DE	EUR
276030002	Ifo Current Business Situation	2024.01.25 12:30:00	87.0	87.3	88.5	nan	2	DE	EUR
276030003	Ifo Business Climate	2024.01.25 12:30:00	85.2	85.2	86.4	86.3	2	DE	EUR
276040001	GfK Consumer Climate	2024.01.26 10:00:00	-29.7	nan	-25.1	-25.1	2	DE	EUR
276010009	GDP y/y	2024.01.30 12:00:00	-0.4	-0.8	-0.8	-0.7	2	DE	EUR
276010016	Retail Sales m/m	2024.01.31 10:00:00	-1.6	-0.5	-2.5	nan	2	DE	EUR
276060001	Unemployment Change	2024.01.31 11:55:00	-2.0	16.0	5.0	2.0	2	DE	EUR
276060002	Unemployment Rate	2024.01.31 11:55:00	5.8	6.0	5.9	5.8	2	DE	EUR
276060004	Unemployment	2024.01.31 11:55:00	2.694	2.729	2.703	2.696	2	DE	EUR
276020003	10-Year Bond Auction	2024.01.31 13:41:00	2.23	nan	2.19	nan	2	DE	EUR
276010020	CPI m/m	2024.01.31 16:00:00	0.2	0.3	0.1	nan	2	DE	EUR
276010021	CPI y/y	2024.01.31 16:00:00	2.9	3.3	3.7	nan	2	DE	EUR
276500001	S&P Global Manufacturing PMI	2024.02.01 11:55:00	45.5	45.4	45.4	nan	2	DE	EUR
276010007	Trade Balance	2024.02.05 10:00:00	22.2	15.1	20.4	20.7	2	DE	EUR
276500002	S&P Global Services PMI	2024.02.05 11:55:00	47.7	47.6	47.6	nan	2	DE	EUR
276010018	Factory Orders m/m	2024.02.06 10:00:00	8.9	0.6	0.3	0.0	2	DE	EUR
276010019	Factory Orders y/y	2024.02.06 10:00:00	2.7	-0.3	-4.4	-4.7	2	DE	EUR
276010010	Industrial Production m/m	2024.02.07 10:00:00	-1.6	-0.3	-0.7	-0.2	2	DE	EUR
276010020	CPI m/m	2024.02.09 10:00:00	0.2	0.2	0.2	nan	2	DE	EUR
276010021	CPI y/y	2024.02.09 10:00:00	2.9	2.9	2.9	nan	2	DE	EUR
276070001	ZEW Economic Sentiment Indicator	2024.02.13 12:05:00	19.9	nan	15.2	15.2	2	DE	EUR
276070002	ZEW Economic Situation	2024.02.13 12:05:00	-81.7	nan	-77.3	-77.3	2	DE	EUR
276020003	10-Year Bond Auction	2024.02.21 13:41:00	2.38	nan	2.23	nan	2	DE	EUR
276500001	S&P Global Manufacturing PMI	2024.02.22 11:30:00	42.3	46.7	45.5	nan	2	DE	EUR
276500002	S&P Global Services PMI	2024.02.22 11:30:00	48.2	49.1	47.7	nan	2	DE	EUR
276010009	GDP y/y	2024.02.23 10:00:00	-0.4	-0.4	-0.4	nan	2	DE	EUR
276030001	Ifo Business Expectations	2024.02.23 12:30:00	84.1	82.4	83.5	nan	2	DE	EUR
276030002	Ifo Current Business Situation	2024.02.23 12:30:00	86.9	85.5	87.0	86.9	2	DE	EUR
276030003	Ifo Business Climate	2024.02.23 12:30:00	85.5	85.3	85.2	nan	2	DE	EUR
276040001	GfK Consumer Climate	2024.02.27 10:00:00	-29.0	-65.1	-29.7	-25.1	2	DE	EUR
276010016	Retail Sales m/m	2024.02.29 10:00:00	-0.4	0.6	-1.6	nan	2	DE	EUR
276060001	Unemployment Change	2024.02.29 11:55:00	11.0	1.0	-2.0	1.0	2	DE	EUR
276060002	Unemployment Rate	2024.02.29 11:55:00	5.9	5.8	5.8	5.9	2	DE	EUR
276060004	Unemployment	2024.02.29 11:55:00	2.713	2.698	2.694	2.701	2	DE	EUR
276010020	CPI m/m	2024.02.29 16:00:00	0.4	0.1	0.2	nan	2	DE	EUR
276010021	CPI y/y	2024.02.29 16:00:00	2.5	2.6	2.9	nan	2	DE	EUR
276500001	S&P Global Manufacturing PMI	2024.03.01 11:55:00	42.5	42.3	42.3	nan	2	DE	EUR
276500002	S&P Global Services PMI	2024.03.05 11:55:00	46.3	48.2	48.2	nan	2	DE	EUR
276010007	Trade Balance	2024.03.06 10:00:00	27.6	23.6	22.2	23.3	2	DE	EUR
276010018	Factory Orders m/m	2024.03.07 10:00:00	-11.3	2.9	8.9	12.0	2	DE	EUR
276010019	Factory Orders y/y	2024.03.07 10:00:00	-6.0	-1.3	2.7	6.6	2	DE	EUR
276010010	Industrial Production m/m	2024.03.08 10:00:00	1.0	-0.6	-1.6	-2.0	2	DE	EUR
276010014	PPI m/m	2024.03.08 10:00:00	0.2	-0.3	-1.2	-0.8	2	DE	EUR
276010020	CPI m/m	2024.03.12 10:00:00	0.4	0.4	0.4	nan	2	DE	EUR
276010021	CPI y/y	2024.03.12 10:00:00	2.5	2.5	2.5	nan	2	DE	EUR
276020003	10-Year Bond Auction	2024.03.13 13:41:00	2.31	nan	2.38	nan	2	DE	EUR
276070001	ZEW Economic Sentiment Indicator	2024.03.19 13:05:00	31.7	nan	19.9	nan	2	DE	EUR
276070002	ZEW Economic Situation	2024.03.19 13:05:00	-80.5	nan	-81.7	nan	2	DE	EUR
276010014	PPI m/m	2024.03.20 10:00:00	-0.4	-0.4	0.2	nan	2	DE	EUR
276500001	S&P Global Manufacturing PMI	2024.03.21 11:30:00	41.6	38.1	42.5	nan	2	DE	EUR
276500002	S&P Global Services PMI	2024.03.21 11:30:00	49.8	47.4	46.3	nan	2	DE	EUR
276030001	Ifo Business Expectations	2024.03.22 12:30:00	87.5	82.7	84.1	84.4	2	DE	EUR
276030002	Ifo Current Business Situation	2024.03.22 12:30:00	88.1	86.8	86.9	nan	2	DE	EUR
276030003	Ifo Business Climate	2024.03.22 12:30:00	87.8	86.3	85.5	85.7	2	DE	EUR
276040001	GfK Consumer Climate	2024.03.26 10:00:00	-27.4	nan	-29.0	-28.8	2	DE	EUR
276020003	10-Year Bond Auction	2024.03.26 13:41:00	2.3	nan	2.31	nan	2	DE	EUR
276010016	Retail Sales m/m	2024.03.28 10:00:00	-1.9	-0.7	-0.4	nan	2	DE	EUR
276060001	Unemployment Change	2024.03.28 11:55:00	4.0	4.0	11.0	12.0	2	DE	EUR
276060002	Unemployment Rate	2024.03.28 11:55:00	5.9	5.8	5.9	nan	2	DE	EUR
276060004	Unemployment	2024.03.28 11:55:00	2.719	2.729	2.713	2.714	2	DE	EUR
276500001	S&P Global Manufacturing PMI	2024.04.02 10:55:00	41.9	41.6	41.6	nan	2	DE	EUR
276010020	CPI m/m	2024.04.02 15:00:00	0.4	0.3	0.4	nan	2	DE	EUR
276010021	CPI y/y	2024.04.02 15:00:00	2.2	2.1	2.5	nan	2	DE	EUR
276020003	10-Year Bond Auction	2024.04.03 12:41:00	2.38	nan	2.3	nan	2	DE	EUR
276500002	S&P Global Services PMI	2024.04.04 10:55:00	50.1	49.8	49.8	nan	2	DE	EUR
276010018	Factory Orders m/m	2024.04.05 09:00:00	0.2	-5.2	-11.3	-11.4	2	DE	EUR
276010019	Factory Orders y/y	2024.04.05 09:00:00	-10.6	-3.7	-6.0	-6.2	2	DE	EUR
276010010	Industrial Production m/m	2024.04.08 09:00:00	2.1	0.8	1.0	1.3	2	DE	EUR
276010007	Trade Balance	2024.04.08 09:00:00	21.4	27.1	27.6	27.5	2	DE	EUR
276010020	CPI m/m	2024.04.12 09:00:00	0.4	0.4	0.4	nan	2	DE	EUR
276010021	CPI y/y	2024.04.12 09:00:00	2.2	2.2	2.2	nan	2	DE	EUR
276070001	ZEW Economic Sentiment Indicator	2024.04.16 12:05:00	42.9	42.7	31.7	nan	2	DE	EUR
276070002	ZEW Economic Situation	2024.04.16 12:05:00	-79.2	-78.7	-80.5	nan	2	DE	EUR
276010014	PPI m/m	2024.04.19 09:00:00	0.2	-0.4	-0.4	nan	2	DE	EUR
276500001	S&P Global Manufacturing PMI	2024.04.23 10:30:00	42.2	40.5	41.9	nan	2	DE	EUR
276500002	S&P Global Services PMI	2024.04.23 10:30:00	53.3	48.4	50.1	nan	2	DE	EUR
276030001	Ifo Business Expectations	2024.04.24 11:30:00	89.9	86.7	87.5	87.7	2	DE	EUR
276030002	Ifo Current Business Situation	2024.04.24 11:30:00	88.9	89.7	88.1	nan	2	DE	EUR
276030003	Ifo Business Climate	2024.04.24 11:30:00	89.4	88.8	87.8	87.9	2	DE	EUR
276020003	10-Year Bond Auction	2024.04.24 12:41:00	2.54	nan	2.38	nan	2	DE	EUR
276040001	GfK Consumer Climate	2024.04.25 09:00:00	-24.2	nan	-27.4	-27.3	2	DE	EUR
276010020	CPI m/m	2024.04.29 15:00:00	0.5	0.2	0.4	nan	2	DE	EUR
276010021	CPI y/y	2024.04.29 15:00:00	2.2	2.6	2.2	nan	2	DE	EUR
276010016	Retail Sales m/m	2024.04.30 09:00:00	1.8	0.2	-1.9	nan	2	DE	EUR
276010009	GDP y/y	2024.04.30 09:00:00	-0.9	-0.3	-0.4	nan	2	DE	EUR
276060001	Unemployment Change	2024.04.30 10:55:00	10.0	7.0	4.0	6.0	2	DE	EUR
276060002	Unemployment Rate	2024.04.30 10:55:00	5.9	5.9	5.9	nan	2	DE	EUR
276060004	Unemployment	2024.04.30 10:55:00	2.732	2.713	2.719	2.722	2	DE	EUR
276500001	S&P Global Manufacturing PMI	2024.05.02 10:55:00	42.5	42.2	42.2	nan	2	DE	EUR
276500002	S&P Global Services PMI	2024.05.06 10:55:00	53.2	53.3	53.3	nan	2	DE	EUR
276010007	Trade Balance	2024.05.07 09:00:00	22.2	23.3	21.4	nan	2	DE	EUR
276010018	Factory Orders m/m	2024.05.07 09:00:00	-0.4	0.1	0.2	-0.8	2	DE	EUR
276010019	Factory Orders y/y	2024.05.07 09:00:00	-1.9	-3.9	-10.6	-8.8	2	DE	EUR
276010010	Industrial Production m/m	2024.05.08 09:00:00	-0.4	0.0	2.1	1.7	2	DE	EUR
276010020	CPI m/m	2024.05.14 09:00:00	0.5	0.5	0.5	nan	2	DE	EUR
276010021	CPI y/y	2024.05.14 09:00:00	2.2	2.2	2.2	nan	2	DE	EUR
276070001	ZEW Economic Sentiment Indicator	2024.05.14 12:05:00	47.1	46.9	42.9	nan	2	DE	EUR
276070002	ZEW Economic Situation	2024.05.14 12:05:00	-72.3	-81.4	-79.2	nan	2	DE	EUR
276010014	PPI m/m	2024.05.21 09:00:00	0.2	-0.2	0.2	nan	2	DE	EUR
276020003	10-Year Bond Auction	2024.05.22 12:41:00	2.53	nan	2.54	nan	2	DE	EUR
276500001	S&P Global Manufacturing PMI	2024.05.23 10:30:00	45.4	40.7	42.5	nan	2	DE	EUR
276500002	S&P Global Services PMI	2024.05.23 10:30:00	53.9	50.7	53.2	nan	2	DE	EUR
276010009	GDP y/y	2024.05.24 09:00:00	-0.9	-0.9	-0.9	nan	2	DE	EUR
276030001	Ifo Business Expectations	2024.05.27 11:30:00	90.4	92.0	89.9	89.7	2	DE	EUR
276030002	Ifo Current Business Situation	2024.05.27 11:30:00	88.3	88.8	88.9	nan	2	DE	EUR
276030003	Ifo Business Climate	2024.05.27 11:30:00	89.3	89.9	89.4	89.3	2	DE	EUR
276040001	GfK Consumer Climate	2024.05.29 09:00:00	-20.9	-24.2	-24.2	-24.0	2	DE	EUR
276010020	CPI m/m	2024.05.29 15:00:00	0.1	0.3	0.5	nan	2	DE	EUR
276010021	CPI y/y	2024.05.29 15:00:00	2.4	2.1	2.2	nan	2	DE	EUR
276010016	Retail Sales m/m	2024.05.31 09:00:00	-1.2	0.5	1.8	nan	2	DE	EUR
276500001	S&P Global Manufacturing PMI	2024.06.03 10:55:00	45.4	45.4	45.4	nan	2	DE	EUR
276060001	Unemployment Change	2024.06.04 10:55:00	25.0	7.0	10.0	11.0	2	DE	EUR
276060002	Unemployment Rate	2024.06.04 10:55:00	5.9	6.0	5.9	nan	2	DE	EUR
276060004	Unemployment	2024.06.04 10:55:00	2.762	2.74	2.732	2.737	2	DE	EUR
276500002	S&P Global Services PMI	2024.06.05 10:55:00	54.2	53.9	53.9	nan	2	DE	EUR
276010018	Factory Orders m/m	2024.06.06 09:00:00	-0.2	5.6	-0.4	-0.8	2	DE	EUR
276010019	Factory Orders y/y	2024.06.06 09:00:00	-1.6	-3.3	-1.9	-2.4	2	DE	EUR
276010010	Industrial Production m/m	2024.06.07 09:00:00	-0.1	0.2	-0.4	-0.4	2	DE	EUR
276010007	Trade Balance	2024.06.07 09:00:00	22.0	22.3	22.2	22.2	2	DE	EUR
276010020	CPI m/m	2024.06.12 09:00:00	0.1	0.1	0.1	nan	2	DE	EUR
276010021	CPI y/y	2024.06.12 09:00:00	2.4	2.4	2.4	nan	2	DE	EUR
276020003	10-Year Bond Auction	2024.06.12 12:41:00	2.6	nan	2.53	nan	2	DE	EUR
276070001	ZEW Economic Sentiment Indicator	2024.06.18 12:05:00	47.5	49.2	47.1	nan	2	DE	EUR
276070002	ZEW Economic Situation	2024.06.18 12:05:00	-73.8	-70.1	-72.3	nan	2	DE	EUR
276010014	PPI m/m	2024.06.20 09:00:00	0.0	-0.1	0.2	nan	2	DE	EUR
276500001	S&P Global Manufacturing PMI	2024.06.21 10:30:00	43.4	46.6	45.4	nan	2	DE	EUR
276500002	S&P Global Services PMI	2024.06.21 10:30:00	53.5	52.3	54.2	nan	2	DE	EUR
276030001	Ifo Business Expectations	2024.06.24 11:30:00	89.0	91.4	90.4	90.3	2	DE	EUR
276030002	Ifo Current Business Situation	2024.06.24 11:30:00	88.3	86.6	88.3	nan	2	DE	EUR
276030003	Ifo Business Climate	2024.06.24 11:30:00	88.6	89.5	89.3	nan	2	DE	EUR
276040001	GfK Consumer Climate	2024.06.26 09:00:00	-21.8	-21.7	-20.9	-21.0	2	DE	EUR
276060001	Unemployment Change	2024.06.28 10:55:00	19.0	10.0	25.0	nan	2	DE	EUR
276060002	Unemployment Rate	2024.06.28 10:55:00	6.0	5.9	5.9	nan	2	DE	EUR
276060004	Unemployment	2024.06.28 10:55:00	2.781	2.774	2.762	2.763	2	DE	EUR
276500001	S&P Global Manufacturing PMI	2024.07.01 10:55:00	43.5	43.4	43.4	nan	2	DE	EUR
276010020	CPI m/m	2024.07.01 15:00:00	0.1	0.1	0.1	nan	2	DE	EUR
276010021	CPI y/y	2024.07.01 15:00:00	2.2	2.1	2.4	nan	2	DE	EUR
276500002	S&P Global Services PMI	2024.07.03 10:55:00	53.1	53.5	53.5	nan	2	DE	EUR
276020003	10-Year Bond Auction	2024.07.03 12:41:00	2.63	nan	2.6	nan	2	DE	EUR
276010018	Factory Orders m/m	2024.07.04 09:00:00	-1.6	-0.6	-0.2	-0.6	2	DE	EUR
276010019	Factory Orders y/y	2024.07.04 09:00:00	-8.6	-3.1	-1.6	-1.8	2	DE	EUR
276010010	Industrial Production m/m	2024.07.05 09:00:00	-2.5	0.5	-0.1	0.1	2	DE	EUR
276010007	Trade Balance	2024.07.08 09:00:00	24.9	20.2	22.0	22.2	2	DE	EUR
276010020	CPI m/m	2024.07.11 09:00:00	0.1	0.1	0.1	nan	2	DE	EUR
276010021	CPI y/y	2024.07.11 09:00:00	2.2	2.2	2.2	nan	2	DE	EUR
276070001	ZEW Economic Sentiment Indicator	2024.07.16 12:05:00	41.8	43.8	47.5	nan	2	DE	EUR
276070002	ZEW Economic Situation	2024.07.16 12:05:00	-68.9	-65.6	-73.8	nan	2	DE	EUR
276010014	PPI m/m	2024.07.19 09:00:00	0.2	0.0	0.0	nan	2	DE	EUR
276040001	GfK Consumer Climate	2024.07.24 09:00:00	-18.4	-19.9	-21.8	-21.6	2	DE	EUR
276500001	S&P Global Manufacturing PMI	2024.07.24 10:30:00	42.6	42.8	43.5	nan	2	DE	EUR
276500002	S&P Global Services PMI	2024.07.24 10:30:00	52.0	52.2	53.1	nan	2	DE	EUR
276020003	10-Year Bond Auction	2024.07.24 12:41:00	2.43	nan	2.63	nan	2	DE	EUR
276030001	Ifo Business Expectations	2024.07.25 11:30:00	86.9	88.3	89.0	88.8	2	DE	EUR
276030002	Ifo Current Business Situation	2024.07.25 11:30:00	87.1	88.5	88.3	nan	2	DE	EUR
276030003	Ifo Business Climate	2024.07.25 11:30:00	87.0	87.0	88.6	nan	2	DE	EUR
276010009	GDP y/y	2024.07.30 11:00:00	0.3	-0.4	-0.9	-0.8	2	DE	EUR
276010020	CPI m/m	2024.07.30 15:00:00	0.3	0.0	0.1	nan	2	DE	EUR
276010021	CPI y/y	2024.07.30 15:00:00	2.3	2.2	2.2	nan	2	DE	EUR
276060001	Unemployment Change	2024.07.31 10:55:00	18.0	12.0	19.0	20.0	2	DE	EUR
276060002	Unemployment Rate	2024.07.31 10:55:00	6.0	6.0	6.0	nan	2	DE	EUR
276060004	Unemployment	2024.07.31 10:55:00	2.802	2.789	2.781	2.784	2	DE	EUR
276500001	S&P Global Manufacturing PMI	2024.08.01 10:55:00	43.2	42.6	42.6	nan	2	DE	EUR
276500002	S&P Global Services PMI	2024.08.05 10:55:00	52.5	52.0	52.0	nan	2	DE	EUR
276010018	Factory Orders m/m	2024.08.06 09:00:00	3.9	0.4	-1.6	-1.7	2	DE	EUR
276010019	Factory Orders y/y	2024.08.06 09:00:00	-11.8	-2.8	-8.6	-8.7	2	DE	EUR
276010010	Industrial Production m/m	2024.08.07 09:00:00	1.4	-0.4	-2.5	-3.1	2	DE	EUR
276010007	Trade Balance	2024.08.07 09:00:00	20.4	23.9	24.9	25.3	2	DE	EUR
276010020	CPI m/m	2024.08.09 09:00:00	0.3	0.3	0.3	nan	2	DE	EUR
276010021	CPI y/y	2024.08.09 09:00:00	2.3	2.3	2.3	nan	2	DE	EUR
276070001	ZEW Economic Sentiment Indicator	2024.08.13 12:05:00	19.2	32.1	41.8	nan	2	DE	EUR
276070002	ZEW Economic Situation	2024.08.13 12:05:00	-77.3	-62.9	-68.9	nan	2	DE	EUR
276010014	PPI m/m	2024.08.20 09:00:00	0.2	0.1	0.2	nan	2	DE	EUR
276020003	10-Year Bond Auction	2024.08.20 12:41:00	2.16	nan	2.43	nan	2	DE	EUR
276020003	10-Year Bond Auction	2024.08.21 12:41:00	2.22	nan	2.16	nan	2	DE	EUR
276500001	S&P Global Manufacturing PMI	2024.08.22 10:30:00	42.1	43.8	43.2	nan	2	DE	EUR
276500002	S&P Global Services PMI	2024.08.22 10:30:00	51.4	52.6	52.5	nan	2	DE	EUR
276030001	Ifo Business Expectations	2024.08.26 11:30:00	86.8	85.1	86.9	87.0	2	DE	EUR
276030002	Ifo Current Business Situation	2024.08.26 11:30:00	86.5	87.1	87.1	nan	2	DE	EUR
276030003	Ifo Business Climate	2024.08.26 11:30:00	86.6	85.4	87.0	nan	2	DE	EUR
276010009	GDP y/y	2024.08.27 09:00:00	0.3	0.3	0.3	nan	2	DE	EUR
276040001	GfK Consumer Climate	2024.08.27 09:00:00	-22.0	-18.0	-18.4	-18.6	2	DE	EUR
276010020	CPI m/m	2024.08.29 15:00:00	-0.1	0.4	0.3	nan	2	DE	EUR
276010021	CPI y/y	2024.08.29 15:00:00	1.9	2.3	2.3	nan	2	DE	EUR
276060001	Unemployment Change	2024.08.30 10:55:00	2.0	14.0	18.0	17.0	2	DE	EUR
276060002	Unemployment Rate	2024.08.30 10:55:00	6.0	6.0	6.0	nan	2	DE	EUR
276060004	Unemployment	2024.08.30 10:55:00	2.801	2.813	2.802	2.799	2	DE	EUR
276500001	S&P Global Manufacturing PMI	2024.09.02 10:55:00	42.4	42.1	42.1	nan	2	DE	EUR
276500002	S&P Global Services PMI	2024.09.04 10:55:00	51.2	51.4	51.4	nan	2	DE	EUR
276010018	Factory Orders m/m	2024.09.05 09:00:00	2.9	-2.3	3.9	4.6	2	DE	EUR
276010019	Factory Orders y/y	2024.09.05 09:00:00	3.7	-3.4	-11.8	-11.2	2	DE	EUR
276010010	Industrial Production m/m	2024.09.06 09:00:00	-2.4	-0.1	1.4	1.7	2	DE	EUR
276010007	Trade Balance	2024.09.06 09:00:00	16.8	22.0	20.4	nan	2	DE	EUR
276010020	CPI m/m	2024.09.10 09:00:00	-0.1	-0.1	-0.1	nan	2	DE	EUR
276010021	CPI y/y	2024.09.10 09:00:00	1.9	1.9	1.9	nan	2	DE	EUR
276020003	10-Year Bond Auction	2024.09.11 12:41:00	2.11	nan	2.22	nan	2	DE	EUR
276070001	ZEW Economic Sentiment Indicator	2024.09.17 12:05:00	3.6	12.5	19.2	nan	2	DE	EUR
276070002	ZEW Economic Situation	2024.09.17 12:05:00	-84.5	-80.8	-77.3	nan	2	DE	EUR
276010014	PPI m/m	2024.09.20 09:00:00	0.2	0.1	0.2	nan	2	DE	EUR
276500001	S&P Global Manufacturing PMI	2024.09.23 10:30:00	40.3	43.3	42.4	nan	2	DE	EUR
276500002	S&P Global Services PMI	2024.09.23 10:30:00	50.6	51.1	51.2	nan	2	DE	EUR
276030001	Ifo Business Expectations	2024.09.24 11:30:00	86.3	87.7	86.8	nan	2	DE	EUR
276030002	Ifo Current Business Situation	2024.09.24 11:30:00	84.4	85.6	86.5	86.4	2	DE	EUR
276030003	Ifo Business Climate	2024.09.24 11:30:00	85.4	88.3	86.6	nan	2	DE	EUR
276040001	GfK Consumer Climate	2024.09.26 09:00:00	-21.2	-18.3	-22.0	-21.9	2	DE	EUR
276060001	Unemployment Change	2024.09.27 10:55:00	17.0	9.0	2.0	4.0	2	DE	EUR
276060002	Unemployment Rate	2024.09.27 10:55:00	6.0	6.0	6.0	nan	2	DE	EUR
276060004	Unemployment	2024.09.27 10:55:00	2.823	2.812	2.801	2.806	2	DE	EUR
276010020	CPI m/m	2024.09.30 15:00:00	0.0	-0.3	-0.1	nan	2	DE	EUR
276010021	CPI y/y	2024.09.30 15:00:00	1.6	1.7	1.9	nan	2	DE	EUR
276500001	S&P Global Manufacturing PMI	2024.10.01 10:55:00	40.6	40.3	40.3	nan	2	DE	EUR
276020003	10-Year Bond Auction	2024.10.02 12:41:00	2.08	nan	2.11	nan	2	DE	EUR
276500002	S&P Global Services PMI	2024.10.03 10:55:00	47.5	50.6	50.6	nan	2	DE	EUR
276010018	Factory Orders m/m	2024.10.07 09:00:00	-5.8	0.2	2.9	3.9	2	DE	EUR
276010019	Factory Orders y/y	2024.10.07 09:00:00	-3.9	-2.7	3.7	4.6	2	DE	EUR
276010010	Industrial Production m/m	2024.10.08 09:00:00	2.9	0.2	-2.4	-2.9	2	DE	EUR
276020003	10-Year Bond Auction	2024.10.08 12:41:00	2.16	nan	2.08	nan	2	DE	EUR
276010007	Trade Balance	2024.10.09 09:00:00	22.5	19.0	16.8	16.9	2	DE	EUR
276010016	Retail Sales m/m	2024.10.10 09:00:00	1.6	-0.9	1.5	nan	2	DE	EUR
276010016	Retail Sales m/m	2024.10.10 09:00:00	1.5	nan	-1.1	-1.1	2	DE	EUR
276010016	Retail Sales m/m	2024.10.10 09:00:00	-1.1	nan	-1.4	-1.4	2	DE	EUR
276010016	Retail Sales m/m	2024.10.10 09:00:00	-1.4	nan	-1.2	0.4	2	DE	EUR
276010020	CPI m/m	2024.10.11 09:00:00	0.0	0.0	0.0	nan	2	DE	EUR
276010021	CPI y/y	2024.10.11 09:00:00	1.6	1.6	1.6	nan	2	DE	EUR
276070001	ZEW Economic Sentiment Indicator	2024.10.15 12:05:00	13.1	5.8	3.6	nan	2	DE	EUR
276070002	ZEW Economic Situation	2024.10.15 12:05:00	-86.9	-92.5	-84.5	nan	2	DE	EUR
276010014	PPI m/m	2024.10.21 09:00:00	-0.5	0.1	0.2	nan	2	DE	EUR
276020003	10-Year Bond Auction	2024.10.23 12:41:00	2.31	nan	2.16	nan	2	DE	EUR
276500001	S&P Global Manufacturing PMI	2024.10.24 10:30:00	42.6	39.4	40.6	nan	2	DE	EUR
276500002	S&P Global Services PMI	2024.10.24 10:30:00	51.4	47.6	47.5	nan	2	DE	EUR
276030001	Ifo Business Expectations	2024.10.25 11:30:00	87.3	86.0	86.3	86.4	2	DE	EUR
276030002	Ifo Current Business Situation	2024.10.25 11:30:00	85.7	82.1	84.4	nan	2	DE	EUR
276030003	Ifo Business Climate	2024.10.25 11:30:00	86.5	83.8	85.4	nan	2	DE	EUR
276040001	GfK Consumer Climate	2024.10.29 10:00:00	-18.3	-19.4	-21.2	-21.0	2	DE	EUR
276060001	Unemployment Change	2024.10.30 11:55:00	27.0	9.0	17.0	19.0	2	DE	EUR
276060002	Unemployment Rate	2024.10.30 11:55:00	6.1	6.0	6.0	6.1	2	DE	EUR
276060004	Unemployment	2024.10.30 11:55:00	2.856	2.853	2.823	2.829	2	DE	EUR
276010009	GDP y/y	2024.10.30 12:00:00	0.2	0.8	0.3	0.1	2	DE	EUR
276010020	CPI m/m	2024.10.30 16:00:00	0.4	0.0	0.0	nan	2	DE	EUR
276010021	CPI y/y	2024.10.30 16:00:00	2.0	1.4	1.6	nan	2	DE	EUR
276010016	Retail Sales m/m	2024.10.31 10:00:00	1.2	0.5	1.6	nan	2	DE	EUR
276500001	S&P Global Manufacturing PMI	2024.11.04 11:55:00	43.0	42.6	42.6	nan	2	DE	EUR
276010018	Factory Orders m/m	2024.11.06 10:00:00	4.2	-1.4	-5.8	-5.4	2	DE	EUR
276010019	Factory Orders y/y	2024.11.06 10:00:00	1.0	-4.2	-3.9	-3.4	2	DE	EUR
276500002	S&P Global Services PMI	2024.11.06 11:55:00	51.6	51.4	51.4	nan	2	DE	EUR
276010007	Trade Balance	2024.11.07 10:00:00	16.9	23.5	22.5	21.4	2	DE	EUR
276010010	Industrial Production m/m	2024.11.07 10:00:00	-2.5	-0.3	2.9	2.6	2	DE	EUR
276010020	CPI m/m	2024.11.12 10:00:00	0.4	0.4	0.4	nan	2	DE	EUR
276010021	CPI y/y	2024.11.12 10:00:00	2.0	2.0	2.0	nan	2	DE	EUR
276070001	ZEW Economic Sentiment Indicator	2024.11.12 13:05:00	7.4	29.7	13.1	nan	2	DE	EUR
276070002	ZEW Economic Situation	2024.11.12 13:05:00	-91.4	-91.6	-86.9	nan	2	DE	EUR
276020003	10-Year Bond Auction	2024.11.13 13:41:00	2.38	nan	2.31	nan	2	DE	EUR
276010014	PPI m/m	2024.11.20 10:00:00	0.2	0.0	-0.5	nan	2	DE	EUR
276010009	GDP y/y	2024.11.22 10:00:00	0.1	0.2	0.2	nan	2	DE	EUR
276500001	S&P Global Manufacturing PMI	2024.11.22 11:30:00	43.2	41.8	43.0	nan	2	DE	EUR
276500002	S&P Global Services PMI	2024.11.22 11:30:00	49.4	53.6	51.6	nan	2	DE	EUR
276030001	Ifo Business Expectations	2024.11.25 12:30:00	87.2	87.1	87.3	nan	2	DE	EUR
276030002	Ifo Current Business Situation	2024.11.25 12:30:00	84.3	88.7	85.7	nan	2	DE	EUR
276030003	Ifo Business Climate	2024.11.25 12:30:00	85.7	88.4	86.5	nan	2	DE	EUR
276040001	GfK Consumer Climate	2024.11.27 10:00:00	-23.3	-19.7	-18.3	-18.4	2	DE	EUR
276010020	CPI m/m	2024.11.28 16:00:00	-0.2	0.1	0.4	nan	2	DE	EUR
276010021	CPI y/y	2024.11.28 16:00:00	2.2	2.2	2.0	nan	2	DE	EUR
276010016	Retail Sales m/m	2024.11.29 10:00:00	-1.5	0.0	1.2	nan	2	DE	EUR
276060001	Unemployment Change	2024.11.29 11:55:00	7.0	16.0	27.0	26.0	2	DE	EUR
276060002	Unemployment Rate	2024.11.29 11:55:00	6.1	6.1	6.1	nan	2	DE	EUR
276060004	Unemployment	2024.11.29 11:55:00	2.86	2.875	2.856	2.854	2	DE	EUR
276500001	S&P Global Manufacturing PMI	2024.12.02 11:55:00	43.0	43.2	43.2	nan	2	DE	EUR
276500002	S&P Global Services PMI	2024.12.04 11:55:00	49.3	49.4	49.4	nan	2	DE	EUR
276020003	10-Year Bond Auction	2024.12.04 13:41:00	2.07	nan	2.38	nan	2	DE	EUR
276010018	Factory Orders m/m	2024.12.05 10:00:00	-1.5	-2.2	4.2	7.2	2	DE	EUR
276010019	Factory Orders y/y	2024.12.05 10:00:00	5.7	-3.7	1.0	4.2	2	DE	EUR
276010010	Industrial Production m/m	2024.12.06 10:00:00	-1.0	0.1	-2.5	-2.0	2	DE	EUR
276010020	CPI m/m	2024.12.10 10:00:00	-0.2	-0.2	-0.2	nan	2	DE	EUR
276010021	CPI y/y	2024.12.10 10:00:00	2.2	2.2	2.2	nan	2	DE	EUR
276010007	Trade Balance	2024.12.13 10:00:00	13.4	23.0	16.9	nan	2	DE	EUR
276500001	S&P Global Manufacturing PMI	2024.12.16 11:30:00	42.5	42.2	43.0	nan	2	DE	EUR
276500002	S&P Global Services PMI	2024.12.16 11:30:00	51.0	51.6	49.3	nan	2	DE	EUR
276030001	Ifo Business Expectations	2024.12.17 12:30:00	84.4	86.7	87.2	87.0	2	DE	EUR
276030002	Ifo Current Business Situation	2024.12.17 12:30:00	85.1	80.8	84.3	nan	2	DE	EUR
276030003	Ifo Business Climate	2024.12.17 12:30:00	84.7	84.9	85.7	85.6	2	DE	EUR
276070001	ZEW Economic Sentiment Indicator	2024.12.17 13:05:00	15.7	-16.5	7.4	nan	2	DE	EUR
276070002	ZEW Economic Situation	2024.12.17 13:05:00	-93.1	-89.7	-91.4	nan	2	DE	EUR
276040001	GfK Consumer Climate	2024.12.19 10:00:00	-21.3	-21.6	-23.3	-23.1	2	DE	EUR
276010014	PPI m/m	2024.12.20 10:00:00	0.5	0.1	0.2	nan	2	DE	EUR
276500001	S&P Global Manufacturing PMI	2025.01.02 11:55:00	42.5	42.5	42.5	nan	2	DE	EUR
276060001	Unemployment Change	2025.01.03 11:55:00	10.0	12.0	7.0	6.0	2	DE	EUR
276060002	Unemployment Rate	2025.01.03 11:55:00	6.1	6.1	6.1	nan	2	DE	EUR
276060004	Unemployment	2025.01.03 11:55:00	2.869	2.878	2.86	nan	2	DE	EUR
276500002	S&P Global Services PMI	2025.01.06 11:55:00	51.2	51.0	51.0	nan	2	DE	EUR
276010020	CPI m/m	2025.01.06 16:00:00	0.4	0.2	-0.2	nan	2	DE	EUR
276010021	CPI y/y	2025.01.06 16:00:00	2.6	2.3	2.2	nan	2	DE	EUR
276010018	Factory Orders m/m	2025.01.08 10:00:00	-5.4	1.3	-1.5	nan	2	DE	EUR
276010019	Factory Orders y/y	2025.01.08 10:00:00	-1.7	-3.0	5.7	nan	2	DE	EUR
276010016	Retail Sales m/m	2025.01.08 10:00:00	-0.6	-0.1	-1.5	nan	2	DE	EUR
276020003	10-Year Bond Auction	2025.01.08 13:41:00	2.51	nan	2.07	nan	2	DE	EUR
276010007	Trade Balance	2025.01.09 10:00:00	19.7	17.2	13.4	nan	2	DE	EUR
276010010	Industrial Production m/m	2025.01.09 10:00:00	1.5	-1.8	-1.0	-0.4	2	DE	EUR
276010020	CPI m/m	2025.01.16 10:00:00	0.4	0.4	0.4	nan	2	DE	EUR
276010021	CPI y/y	2025.01.16 10:00:00	2.6	2.6	2.6	nan	2	DE	EUR
276010014	PPI m/m	2025.01.20 10:00:00	-0.1	0.7	0.5	nan	2	DE	EUR
276070001	ZEW Economic Sentiment Indicator	2025.01.21 13:05:00	10.3	9.4	15.7	nan	2	DE	EUR
276070002	ZEW Economic Situation	2025.01.21 13:05:00	-90.4	-89.4	-93.1	nan	2	DE	EUR
276020003	10-Year Bond Auction	2025.01.21 13:30:00	2.16	nan	2.51	nan	2	DE	EUR
276500001	S&P Global Manufacturing PMI	2025.01.24 11:30:00	44.1	42.1	42.5	nan	2	DE	EUR
276500002	S&P Global Services PMI	2025.01.24 11:30:00	52.5	51.5	51.2	nan	2	DE	EUR
276030001	Ifo Business Expectations	2025.01.27 12:30:00	84.2	82.3	84.4	nan	2	DE	EUR
276030002	Ifo Current Business Situation	2025.01.27 12:30:00	86.1	87.1	85.1	nan	2	DE	EUR
276030003	Ifo Business Climate	2025.01.27 12:30:00	85.1	83.4	84.7	nan	2	DE	EUR
276040001	GfK Consumer Climate	2025.01.29 10:00:00	-22.4	-22.5	-21.3	-21.4	2	DE	EUR
276020003	10-Year Bond Auction	2025.01.29 13:41:00	2.54	nan	2.16	nan	2	DE	EUR
276010009	GDP y/y	2025.01.30 10:00:00	-0.4	0.9	0.1	nan	2	DE	EUR
276010016	Retail Sales m/m	2025.01.31 10:00:00	-1.6	0.0	-0.6	nan	2	DE	EUR
276060001	Unemployment Change	2025.01.31 11:55:00	11.0	6.0	10.0	nan	2	DE	EUR
276060002	Unemployment Rate	2025.01.31 11:55:00	6.2	6.1	6.1	nan	2	DE	EUR
276060004	Unemployment	2025.01.31 11:55:00	2.88	2.872	2.869	nan	2	DE	EUR
276010020	CPI m/m	2025.01.31 16:00:00	-0.2	0.1	0.4	nan	2	DE	EUR
276010021	CPI y/y	2025.01.31 16:00:00	2.3	2.5	2.6	nan	2	DE	EUR
276500001	S&P Global Manufacturing PMI	2025.02.03 11:55:00	45.0	44.1	44.1	nan	2	DE	EUR
276500002	S&P Global Services PMI	2025.02.05 11:55:00	52.5	52.5	52.5	nan	2	DE	EUR
276010018	Factory Orders m/m	2025.02.06 10:00:00	6.9	5.8	-5.4	-5.2	2	DE	EUR
276010019	Factory Orders y/y	2025.02.06 10:00:00	-6.3	2.9	-1.7	-1.4	2	DE	EUR
276010010	Industrial Production m/m	2025.02.07 10:00:00	-2.4	0.7	1.5	1.3	2	DE	EUR
276010007	Trade Balance	2025.02.07 10:00:00	20.6	18.9	19.7	19.2	2	DE	EUR
276010020	CPI m/m	2025.02.13 10:00:00	-0.2	-0.2	-0.2	nan	2	DE	EUR
276010021	CPI y/y	2025.02.13 10:00:00	2.3	2.3	2.3	nan	2	DE	EUR
276070001	ZEW Economic Sentiment Indicator	2025.02.18 13:05:00	26.0	10.7	10.3	nan	2	DE	EUR
276070002	ZEW Economic Situation	2025.02.18 13:05:00	-88.5	-88.4	-90.4	nan	2	DE	EUR
276020003	10-Year Bond Auction	2025.02.19 13:41:00	2.52	nan	2.54	nan	2	DE	EUR
276010014	PPI m/m	2025.02.20 10:00:00	-0.1	-0.1	-0.1	nan	2	DE	EUR
276500001	S&P Global Manufacturing PMI	2025.02.21 11:30:00	46.1	44.0	45.0	nan	2	DE	EUR
276500002	S&P Global Services PMI	2025.02.21 11:30:00	52.2	51.7	52.5	nan	2	DE	EUR
276030001	Ifo Business Expectations	2025.02.24 12:30:00	85.4	83.8	84.2	84.3	2	DE	EUR
276030002	Ifo Current Business Situation	2025.02.24 12:30:00	85.0	84.2	86.1	86.0	2	DE	EUR
276030003	Ifo Business Climate	2025.02.24 12:30:00	85.2	86.4	85.1	85.2	2	DE	EUR
276010009	GDP y/y	2025.02.25 10:00:00	-0.4	-0.4	-0.4	nan	2	DE	EUR
276040001	GfK Consumer Climate	2025.02.26 10:00:00	-24.7	-23.3	-22.4	-22.6	2	DE	EUR
276010016	Retail Sales m/m	2025.02.28 10:00:00	0.2	0.0	-1.6	nan	2	DE	EUR
276060001	Unemployment Change	2025.02.28 11:55:00	5.0	2.0	11.0	nan	2	DE	EUR
276060002	Unemployment Rate	2025.02.28 11:55:00	6.2	6.2	6.2	nan	2	DE	EUR
276060004	Unemployment	2025.02.28 11:55:00	2.886	2.876	2.88	2.881	2	DE	EUR
276010020	CPI m/m	2025.02.28 16:00:00	0.4	-0.1	-0.2	nan	2	DE	EUR
276010021	CPI y/y	2025.02.28 16:00:00	2.3	2.3	2.3	nan	2	DE	EUR
276500001	S&P Global Manufacturing PMI	2025.03.03 11:55:00	46.5	46.1	46.1	nan	2	DE	EUR
276500002	S&P Global Services PMI	2025.03.05 11:55:00	51.1	52.2	52.2	nan	2	DE	EUR
276010018	Factory Orders m/m	2025.03.07 10:00:00	-7.0	-0.1	6.9	5.9	2	DE	EUR
276010019	Factory Orders y/y	2025.03.07 10:00:00	-2.6	-2.3	-6.3	-6.9	2	DE	EUR
276010007	Trade Balance	2025.03.10 10:00:00	16.1	20.6	20.6	20.7	2	DE	EUR
276010010	Industrial Production m/m	2025.03.10 10:00:00	2.0	0.6	-2.4	-1.5	2	DE	EUR
276020003	10-Year Bond Auction	2025.03.12 13:41:00	2.92	nan	2.52	nan	2	DE	EUR
276010020	CPI m/m	2025.03.14 10:00:00	0.4	0.4	0.4	nan	2	DE	EUR
276010021	CPI y/y	2025.03.14 10:00:00	2.3	2.3	2.3	nan	2	DE	EUR
276070001	ZEW Economic Sentiment Indicator	2025.03.18 13:05:00	51.6	17.5	26.0	nan	2	DE	EUR
276070002	ZEW Economic Situation	2025.03.18 13:05:00	-87.6	-86.7	-88.5	nan	2	DE	EUR
276010014	PPI m/m	2025.03.20 10:00:00	-0.2	0.1	-0.1	nan	2	DE	EUR
276500001	S&P Global Manufacturing PMI	2025.03.24 11:30:00	48.3	46.5	46.5	nan	2	DE	EUR
276500002	S&P Global Services PMI	2025.03.24 11:30:00	50.2	51.1	51.1	nan	2	DE	EUR
276030001	Ifo Business Expectations	2025.03.25 12:30:00	87.7	87.7	85.4	85.6	2	DE	EUR
276030002	Ifo Current Business Situation	2025.03.25 12:30:00	85.7	84.7	85.0	nan	2	DE	EUR
276030003	Ifo Business Climate	2025.03.25 12:30:00	86.7	86.1	85.2	85.3	2	DE	EUR
276040001	GfK Consumer Climate	2025.03.28 10:00:00	-24.5	-22.6	-24.7	-24.6	2	DE	EUR
276060001	Unemployment Change	2025.03.28 11:55:00	26.0	2.0	5.0	9.0	2	DE	EUR
276060002	Unemployment Rate	2025.03.28 11:55:00	6.3	6.2	6.2	nan	2	DE	EUR
276060004	Unemployment	2025.03.28 11:55:00	2.922	2.888	2.886	2.896	2	DE	EUR
276010016	Retail Sales m/m	2025.03.31 09:00:00	0.7	0.1	0.2	nan	2	DE	EUR
276010020	CPI m/m	2025.03.31 15:00:00	0.3	0.0	0.4	nan	2	DE	EUR
276010021	CPI y/y	2025.03.31 15:00:00	2.2	2.4	2.3	nan	2	DE	EUR
276500001	S&P Global Manufacturing PMI	2025.04.01 10:55:00	48.3	48.3	48.3	nan	2	DE	EUR
276020003	10-Year Bond Auction	2025.04.02 12:41:00	2.68	nan	2.92	nan	2	DE	EUR
276500002	S&P Global Services PMI	2025.04.03 10:55:00	51.3	50.2	50.2	nan	2	DE	EUR
276010018	Factory Orders m/m	2025.04.04 09:00:00	0.0	-2.8	-7.0	-5.5	2	DE	EUR
276010019	Factory Orders y/y	2025.04.04 09:00:00	-0.2	-1.9	-2.6	0.1	2	DE	EUR
276010007	Trade Balance	2025.04.07 09:00:00	17.8	19.2	16.1	16.2	2	DE	EUR
276010010	Industrial Production m/m	2025.04.07 09:00:00	-1.3	0.5	2.0	nan	2	DE	EUR
276020003	10-Year Bond Auction	2025.04.08 12:41:00	2.62	nan	2.68	nan	2	DE	EUR
276010020	CPI m/m	2025.04.11 09:00:00	0.3	0.3	0.3	nan	2	DE	EUR
276010021	CPI y/y	2025.04.11 09:00:00	2.2	2.2	2.2	nan	2	DE	EUR
276070001	ZEW Economic Sentiment Indicator	2025.04.15 12:05:00	-14.0	43.2	51.6	nan	2	DE	EUR
276070002	ZEW Economic Situation	2025.04.15 12:05:00	-81.2	-85.2	-87.6	nan	2	DE	EUR
276010014	PPI m/m	2025.04.17 09:00:00	-0.7	0.0	-0.2	nan	2	DE	EUR
276500001	S&P Global Manufacturing PMI	2025.04.23 10:30:00	48.0	49.0	48.3	nan	2	DE	EUR
276500002	S&P Global Services PMI	2025.04.23 10:30:00	48.8	50.9	51.3	nan	2	DE	EUR
276020003	10-Year Bond Auction	2025.04.23 12:41:00	2.47	nan	2.62	nan	2	DE	EUR
276030001	Ifo Business Expectations	2025.04.24 11:30:00	87.4	89.2	87.7	nan	2	DE	EUR
276030002	Ifo Current Business Situation	2025.04.24 11:30:00	86.4	85.4	85.7	nan	2	DE	EUR
276030003	Ifo Business Climate	2025.04.24 11:30:00	86.9	87.0	86.7	nan	2	DE	EUR
276040001	GfK Consumer Climate	2025.04.29 09:00:00	-20.6	-23.1	-24.5	-24.3	2	DE	EUR
276010009	GDP y/y	2025.04.30 09:00:00	-0.4	-0.1	-0.4	nan	2	DE	EUR
276010016	Retail Sales m/m	2025.04.30 09:00:00	0.2	0.0	0.7	nan	2	DE	EUR
276060001	Unemployment Change	2025.04.30 10:55:00	4.0	14.0	26.0	25.0	2	DE	EUR
276060002	Unemployment Rate	2025.04.30 10:55:00	6.3	6.3	6.3	6.2	2	DE	EUR
276060004	Unemployment	2025.04.30 10:55:00	2.922	2.938	2.922	2.918	2	DE	EUR
276010020	CPI m/m	2025.04.30 15:00:00	0.4	0.2	0.3	nan	2	DE	EUR
276010021	CPI y/y	2025.04.30 15:00:00	2.1	2.4	2.2	nan	2	DE	EUR
276500001	S&P Global Manufacturing PMI	2025.05.02 10:55:00	48.4	48.0	48.0	nan	2	DE	EUR
276500002	S&P Global Services PMI	2025.05.06 10:55:00	49.0	48.8	48.8	nan	2	DE	EUR
276010018	Factory Orders m/m	2025.05.07 09:00:00	3.6	3.9	0.0	nan	2	DE	EUR
276010019	Factory Orders y/y	2025.05.07 09:00:00	3.8	-1.7	-0.2	nan	2	DE	EUR
276010007	Trade Balance	2025.05.08 09:00:00	21.1	17.2	17.8	17.9	2	DE	EUR
276010010	Industrial Production m/m	2025.05.08 09:00:00	3.0	2.7	-1.3	nan	2	DE	EUR
276070001	ZEW Economic Sentiment Indicator	2025.05.13 12:05:00	25.2	3.7	-14.0	nan	2	DE	EUR
276070002	ZEW Economic Situation	2025.05.13 12:05:00	-82.0	-77.8	-81.2	nan	2	DE	EUR
276010020	CPI m/m	2025.05.14 09:00:00	0.4	0.4	0.4	nan	2	DE	EUR
276010021	CPI y/y	2025.05.14 09:00:00	2.1	2.1	2.1	nan	2	DE	EUR
276010014	PPI m/m	2025.05.20 09:00:00	-0.6	-0.1	-0.7	nan	2	DE	EUR
276020003	10-Year Bond Auction	2025.05.21 12:41:00	2.66	nan	2.47	nan	2	DE	EUR
276500001	S&P Global Manufacturing PMI	2025.05.22 10:30:00	48.8	48.4	48.4	nan	2	DE	EUR
276500002	S&P Global Services PMI	2025.05.22 10:30:00	47.2	50.0	49.0	nan	2	DE	EUR
276030001	Ifo Business Expectations	2025.05.22 11:30:00	88.9	85.4	87.4	87.4	2	DE	EUR
276030002	Ifo Current Business Situation	2025.05.22 11:30:00	86.1	85.3	86.4	86.4	2	DE	EUR
276030003	Ifo Business Climate	2025.05.22 11:30:00	87.5	86.5	86.9	86.9	2	DE	EUR
276010009	GDP y/y	2025.05.23 09:00:00	-0.2	-0.4	-0.4	nan	2	DE	EUR
276040001	GfK Consumer Climate	2025.05.27 09:00:00	-19.9	-21.8	-20.6	-20.8	2	DE	EUR
276060001	Unemployment Change	2025.05.28 10:55:00	34.0	12.0	4.0	6.0	2	DE	EUR
276060002	Unemployment Rate	2025.05.28 10:55:00	6.3	6.3	6.3	nan	2	DE	EUR
276060004	Unemployment	2025.05.28 10:55:00	2.963	2.939	2.922	2.93	2	DE	EUR
276010016	Retail Sales m/m	2025.05.30 09:00:00	0.9	0.0	0.2	nan	2	DE	EUR
276010020	CPI m/m	2025.05.30 15:00:00	0.1	0.4	0.4	nan	2	DE	EUR
276010021	CPI y/y	2025.05.30 15:00:00	2.1	2.2	2.1	nan	2	DE	EUR
276500001	S&P Global Manufacturing PMI	2025.06.02 10:55:00	48.3	48.8	48.8	nan	2	DE	EUR
276500002	S&P Global Services PMI	2025.06.04 10:55:00	47.1	47.2	47.2	nan	2	DE	EUR
276010018	Factory Orders m/m	2025.06.05 09:00:00	0.6	-2.8	3.6	3.4	2	DE	EUR
276010019	Factory Orders y/y	2025.06.05 09:00:00	4.8	-0.9	3.8	3.7	2	DE	EUR
276010007	Trade Balance	2025.06.06 09:00:00	14.6	18.0	21.1	21.2	2	DE	EUR
276010010	Industrial Production m/m	2025.06.06 09:00:00	-1.4	-1.5	3.0	2.3	2	DE	EUR
276020003	10-Year Bond Auction	2025.06.11 12:41:00	2.54	nan	2.66	nan	2	DE	EUR
276010020	CPI m/m	2025.06.13 09:00:00	0.1	0.1	0.1	nan	2	DE	EUR
276010021	CPI y/y	2025.06.13 09:00:00	2.1	2.1	2.1	nan	2	DE	EUR
276070001	ZEW Economic Sentiment Indicator	2025.06.17 12:05:00	47.5	22.5	25.2	nan	2	DE	EUR
276070002	ZEW Economic Situation	2025.06.17 12:05:00	-72.0	-79.5	-82.0	nan	2	DE	EUR
276020003	10-Year Bond Auction	2025.06.17 12:41:00	2.37	nan	2.54	nan	2	DE	EUR
276010014	PPI m/m	2025.06.20 09:00:00	-0.2	-0.3	-0.6	nan	2	DE	EUR
276500001	S&P Global Manufacturing PMI	2025.06.23 10:30:00	49.0	48.2	48.3	nan	2	DE	EUR
276500002	S&P Global Services PMI	2025.06.23 10:30:00	49.4	47.7	47.1	nan	2	DE	EUR
276030001	Ifo Business Expectations	2025.06.24 11:30:00	90.7	88.7	88.9	89.0	2	DE	EUR
276030002	Ifo Current Business Situation	2025.06.24 11:30:00	86.2	86.4	86.1	nan	2	DE	EUR
276030003	Ifo Business Climate	2025.06.24 11:30:00	88.4	87.1	87.5	nan	2	DE	EUR
276040001	GfK Consumer Climate	2025.06.26 09:00:00	-20.3	-21.0	-19.9	-20.0	2	DE	EUR
276010016	Retail Sales m/m	2025.06.30 09:00:00	-0.6	0.0	0.9	nan	2	DE	EUR
276010020	CPI m/m	2025.06.30 15:00:00	0.0	0.0	0.1	nan	2	DE	EUR
276010021	CPI y/y	2025.06.30 15:00:00	2.0	2.1	2.1	nan	2	DE	EUR
276060001	Unemployment Change	2025.07.01 10:55:00	11.0	18.0	34.0	33.0	2	DE	EUR
276060002	Unemployment Rate	2025.07.01 10:55:00	6.3	6.3	6.3	nan	2	DE	EUR
276060004	Unemployment	2025.07.01 10:55:00	2.972	2.975	2.963	2.961	2	DE	EUR
276500001	S&P Global Manufacturing PMI	2025.07.01 10:55:00	49.0	49.0	49.0	nan	2	DE	EUR
276020003	10-Year Bond Auction	2025.07.02 12:50:00	2.63	nan	2.37	nan	2	DE	EUR
276500002	S&P Global Services PMI	2025.07.03 10:55:00	49.7	49.4	49.4	nan	2	DE	EUR
276010018	Factory Orders m/m	2025.07.04 09:00:00	-1.4	-2.1	0.6	1.6	2	DE	EUR
276010019	Factory Orders y/y	2025.07.04 09:00:00	5.3	7.9	4.8	5.8	2	DE	EUR
276010010	Industrial Production m/m	2025.07.07 09:00:00	1.2	-1.3	-1.4	-1.6	2	DE	EUR
276010007	Trade Balance	2025.07.08 09:00:00	18.3	16.4	14.6	15.8	2	DE	EUR
276010020	CPI m/m	2025.07.10 09:00:00	0.0	0.0	0.0	nan	2	DE	EUR
276010021	CPI y/y	2025.07.10 09:00:00	2.0	2.0	2.0	nan	2	DE	EUR
276070001	ZEW Economic Sentiment Indicator	2025.07.15 12:05:00	52.7	23.0	47.5	nan	2	DE	EUR
276070002	ZEW Economic Situation	2025.07.15 12:05:00	-59.5	-70.6	-72.0	nan	2	DE	EUR
276010014	PPI m/m	2025.07.18 09:00:00	0.1	-0.4	-0.2	nan	2	DE	EUR
276020003	10-Year Bond Auction	2025.07.22 12:45:00	2.39	nan	2.63	nan	2	DE	EUR
276020003	10-Year Bond Auction	2025.07.23 12:45:00	2.62	nan	2.39	nan	2	DE	EUR
276040001	GfK Consumer Climate	2025.07.24 09:00:00	-21.5	-19.1	-20.3	-20.3	2	DE	EUR
276500001	S&P Global Manufacturing PMI	2025.07.24 10:30:00	49.2	49.4	49.0	nan	2	DE	EUR
276500002	S&P Global Services PMI	2025.07.24 10:30:00	50.1	49.6	49.7	nan	2	DE	EUR
276030001	Ifo Business Expectations	2025.07.25 11:30:00	90.7	90.1	90.7	90.6	2	DE	EUR
276030002	Ifo Current Business Situation	2025.07.25 11:30:00	86.5	86.3	86.2	nan	2	DE	EUR
276030003	Ifo Business Climate	2025.07.25 11:30:00	88.6	89.0	88.4	nan	2	DE	EUR
276010016	Retail Sales m/m	2025.07.30 09:00:00	-0.6	-0.1	-0.6	nan	2	DE	EUR
276010009	GDP y/y	2025.07.30 09:00:00	0.0	-0.2	-0.2	0.0	2	DE	EUR
276060001	Unemployment Change	2025.07.31 10:55:00	2.0	11.0	11.0	10.0	2	DE	EUR
276060002	Unemployment Rate	2025.07.31 10:55:00	6.3	6.3	6.3	nan	2	DE	EUR
276060004	Unemployment	2025.07.31 10:55:00	2.97	2.986	2.972	2.968	2	DE	EUR
276010020	CPI m/m	2025.07.31 15:00:00	0.3	-0.1	0.0	nan	2	DE	EUR
276010021	CPI y/y	2025.07.31 15:00:00	2.0	2.0	2.0	nan	2	DE	EUR
276500001	S&P Global Manufacturing PMI	2025.08.01 10:55:00	49.1	49.2	49.2	nan	2	DE	EUR
276500002	S&P Global Services PMI	2025.08.05 10:55:00	50.6	50.1	50.1	nan	2	DE	EUR
276010018	Factory Orders m/m	2025.08.06 09:00:00	-1.0	3.4	-1.4	-0.8	2	DE	EUR
276010019	Factory Orders y/y	2025.08.06 09:00:00	0.8	9.5	5.3	6.1	2	DE	EUR
276010007	Trade Balance	2025.08.07 09:00:00	14.9	20.2	18.3	18.6	2	DE	EUR
276010010	Industrial Production m/m	2025.08.07 09:00:00	-1.9	-0.6	1.2	-0.1	2	DE	EUR
276070001	ZEW Economic Sentiment Indicator	2025.08.12 12:05:00	34.7	17.2	52.7	nan	2	DE	EUR
276070002	ZEW Economic Situation	2025.08.12 12:05:00	-68.6	-53.9	-59.5	nan	2	DE	EUR
276010020	CPI m/m	2025.08.13 09:00:00	0.3	0.3	0.3	nan	2	DE	EUR
276010021	CPI y/y	2025.08.13 09:00:00	2.0	2.0	2.0	nan	2	DE	EUR
276020003	10-Year Bond Auction	2025.08.13 12:45:00	2.69	nan	2.62	nan	2	DE	EUR
276010014	PPI m/m	2025.08.20 09:00:00	-0.1	-0.3	0.1	nan	2	DE	EUR
276500001	S&P Global Manufacturing PMI	2025.08.21 10:30:00	49.9	49.1	49.1	nan	2	DE	EUR
276500002	S&P Global Services PMI	2025.08.21 10:30:00	50.1	51.4	50.6	nan	2	DE	EUR
276010009	GDP y/y	2025.08.22 09:00:00	-0.2	0.0	0.0	nan	2	DE	EUR
276030001	Ifo Business Expectations	2025.08.25 11:30:00	91.6	90.1	90.7	90.7	2	DE	EUR
276030002	Ifo Current Business Situation	2025.08.25 11:30:00	86.4	86.4	86.5	86.5	2	DE	EUR
276030003	Ifo Business Climate	2025.08.25 11:30:00	89.0	89.6	88.6	88.6	2	DE	EUR
276040001	GfK Consumer Climate	2025.08.27 09:00:00	-23.6	nan	-21.5	-21.7	2	DE	EUR
276010016	Retail Sales m/m	2025.08.29 09:00:00	1.0	-0.2	-0.6	nan	2	DE	EUR
276060001	Unemployment Change	2025.08.29 10:55:00	-9.0	12.0	2.0	nan	2	DE	EUR
276060002	Unemployment Rate	2025.08.29 10:55:00	6.3	6.3	6.3	nan	2	DE	EUR
276060004	Unemployment	2025.08.29 10:55:00	2.957	2.997	2.97	2.966	2	DE	EUR
276010020	CPI m/m	2025.08.29 15:00:00	0.1	0.4	0.3	nan	2	DE	EUR
276010021	CPI y/y	2025.08.29 15:00:00	2.2	2.0	2.0	nan	2	DE	EUR
276500001	S&P Global Manufacturing PMI	2025.09.01 10:55:00	49.8	49.9	49.9	nan	2	DE	EUR
276500002	S&P Global Services PMI	2025.09.03 10:55:00	49.3	50.1	50.1	nan	2	DE	EUR
276020003	10-Year Bond Auction	2025.09.03 12:45:00	2.77	nan	2.69	nan	2	DE	EUR
276010018	Factory Orders m/m	2025.09.05 09:00:00	-2.9	2.3	-1.0	-0.2	2	DE	EUR
276010019	Factory Orders y/y	2025.09.05 09:00:00	-3.4	0.3	0.8	1.7	2	DE	EUR
276010010	Industrial Production m/m	2025.09.08 09:00:00	1.3	-3.8	-1.9	-1.9	2	DE	EUR
276010007	Trade Balance	2025.09.08 09:00:00	14.7	20.0	14.9	14.9	2	DE	EUR
276020003	10-Year Bond Auction	2025.09.09 12:45:00	2.25	nan	2.77	nan	2	DE	EUR
276010020	CPI m/m	2025.09.12 09:00:00	0.1	0.1	0.1	0.1	2	DE	EUR
276010021	CPI y/y	2025.09.12 09:00:00	2.2	2.2	2.2	2.2	2	DE	EUR
276070001	ZEW Economic Sentiment Indicator	2025.09.16 12:05:00	37.3	17.2	34.7	nan	2	DE	EUR
276070002	ZEW Economic Situation	2025.09.16 12:05:00	-76.4	-66.8	-68.6	nan	2	DE	EUR
276500001	S&P Global Manufacturing PMI	2025.09.23 10:30:00	48.5	50.0	49.8	nan	2	DE	EUR
276500002	S&P Global Services PMI	2025.09.23 10:30:00	52.5	50.2	49.3	nan	2	DE	EUR
276030001	Ifo Business Expectations	2025.09.24 11:30:00	89.7	nan	91.6	91.4	2	DE	EUR
276030002	Ifo Current Business Situation	2025.09.24 11:30:00	85.7	nan	86.4	86.4	2	DE	EUR
276030003	Ifo Business Climate	2025.09.24 11:30:00	87.7	nan	89.0	88.9	2	DE	EUR
276040001	GfK Consumer Climate	2025.09.25 09:00:00	-22.3	-21.6	-23.6	-23.6	2	DE	EUR
276060001	Unemployment Change	2025.09.30 10:55:00	14.0	0.0	-9.0	-7.0	2	DE	EUR
276060002	Unemployment Rate	2025.09.30 10:55:00	6.3	6.3	6.3	nan	2	DE	EUR
276060004	Unemployment	2025.09.30 10:55:00	2.976	2.957	2.957	2.962	2	DE	EUR
276500001	S&P Global Manufacturing PMI	2025.10.01 10:55:00	49.5	nan	48.5	nan	2	DE	EUR
276020003	10-Year Bond Auction	2025.10.01 12:45:00	2.72	nan	2.25	nan	2	DE	EUR
276500002	S&P Global Services PMI	2025.10.03 10:55:00	52.0	nan	52.5	nan	2	DE	EUR
276010018	Factory Orders m/m	2025.10.07 09:00:00	-0.8	1.0	-2.9	-2.7	2	DE	EUR
276010019	Factory Orders y/y	2025.10.07 09:00:00	1.5	0.1	-3.4	-3.3	2	DE	EUR
276010010	Industrial Production m/m	2025.10.08 09:00:00	-4.3	nan	1.3	1.3	2	DE	EUR
276010007	Trade Balance	2025.10.09 09:00:00	17.2	nan	14.7	16.3	2	DE	EUR
276010020	CPI m/m	2025.10.14 09:00:00	0.2	nan	0.1	nan	2	DE	EUR
276010021	CPI y/y	2025.10.14 09:00:00	2.4	nan	2.2	nan	2	DE	EUR
276070001	ZEW Economic Sentiment Indicator	2025.10.14 12:05:00	39.3	17.6	37.3	nan	2	DE	EUR
276070002	ZEW Economic Situation	2025.10.14 12:05:00	-80.0	-89.9	-76.4	nan	2	DE	EUR
276010014	PPI m/m	2025.10.20 09:00:00	-0.1	-0.2	-0.1	nan	2	DE	EUR
276020003	10-Year Bond Auction	2025.10.21 12:45:00	2.52	nan	2.72	nan	2	DE	EUR
276500001	S&P Global Manufacturing PMI	2025.10.24 10:30:00	49.6	nan	49.5	nan	2	DE	EUR
276500002	S&P Global Services PMI	2025.10.24 10:30:00	54.5	50.4	52.0	nan	2	DE	EUR
276030001	Ifo Business Expectations	2025.10.27 12:30:00	91.6	nan	89.7	89.8	2	DE	EUR
276030002	Ifo Current Business Situation	2025.10.27 12:30:00	85.3	nan	85.7	85.7	2	DE	EUR
276030003	Ifo Business Climate	2025.10.27 12:30:00	88.4	nan	87.7	87.7	2	DE	EUR
276040001	GfK Consumer Climate	2025.10.28 10:00:00	-24.1	nan	-22.3	-22.5	2	DE	EUR
276020003	10-Year Bond Auction	2025.10.29 13:45:00	2.62	nan	2.52	nan	2	DE	EUR
276010009	GDP y/y	2025.10.30 10:00:00	0.3	-0.3	-0.2	-0.1	2	DE	EUR
276060001	Unemployment Change	2025.10.30 11:55:00	-1.0	2.0	14.0	13.0	2	DE	EUR
276060002	Unemployment Rate	2025.10.30 11:55:00	6.3	6.3	6.3	nan	2	DE	EUR
276060004	Unemployment	2025.10.30 11:55:00	2.973	2.971	2.976	2.975	2	DE	EUR
276010020	CPI m/m	2025.10.30 16:00:00	0.3	0.3	0.2	nan	2	DE	EUR
276010021	CPI y/y	2025.10.30 16:00:00	2.3	2.3	2.4	nan	2	DE	EUR
276010016	Retail Sales m/m	2025.10.31 10:00:00	-0.5	0.0	1.0	nan	2	DE	EUR
276500001	S&P Global Manufacturing PMI	2025.11.03 11:55:00	49.6	49.6	49.6	nan	2	DE	EUR
276010018	Factory Orders m/m	2025.11.05 10:00:00	1.1	3.6	-0.8	-0.4	2	DE	EUR
276010019	Factory Orders y/y	2025.11.05 10:00:00	-4.3	1.3	1.5	2.1	2	DE	EUR
276500002	S&P Global Services PMI	2025.11.05 11:55:00	54.6	54.5	54.5	nan	2	DE	EUR
276010010	Industrial Production m/m	2025.11.06 10:00:00	1.3	-0.4	-4.3	-3.7	2	DE	EUR
276010007	Trade Balance	2025.11.07 10:00:00	15.2	16.6	17.2	16.9	2	DE	EUR
276010020	CPI m/m	2025.11.12 10:00:00	0.3	0.3	0.3	nan	2	DE	EUR
276010021	CPI y/y	2025.11.12 10:00:00	2.3	2.3	2.3	nan	2	DE	EUR
276010014	PPI m/m	2025.11.20 10:00:00	0.1	-0.1	-0.1	nan	2	DE	EUR
276500001	S&P Global Manufacturing PMI	2025.11.21 11:30:00	48.4	49.5	49.6	nan	2	DE	EUR
276500002	S&P Global Services PMI	2025.11.21 11:30:00	52.7	52.8	54.6	nan	2	DE	EUR
276010009	GDP y/y	2025.11.25 10:00:00	0.3	0.3	0.3	nan	2	DE	EUR
276020003	10-Year Bond Auction	2025.11.26 13:45:00	2.67	nan	2.62	nan	2	DE	EUR
276040001	GfK Consumer Climate	2025.11.27 10:00:00	-23.2	-22.5	-24.1	-24.1	2	DE	EUR
276010016	Retail Sales m/m	2025.11.28 10:00:00	0.3	0.2	-0.5	nan	2	DE	EUR
276060001	Unemployment Change	2025.11.28 11:55:00	1.0	2.0	-1.0	-2.0	2	DE	EUR
276060002	Unemployment Rate	2025.11.28 11:55:00	6.3	6.3	6.3	nan	2	DE	EUR
276060004	Unemployment	2025.11.28 11:55:00	2.973	2.982	2.973	nan	2	DE	EUR
276010020	CPI m/m	2025.11.28 16:00:00	-0.2	0.3	0.3	nan	2	DE	EUR
276010021	CPI y/y	2025.11.28 16:00:00	2.3	2.3	2.3	nan	2	DE	EUR
276500001	S&P Global Manufacturing PMI	2025.12.01 11:55:00	48.2	48.4	48.4	nan	2	DE	EUR
276500002	S&P Global Services PMI	2025.12.03 11:55:00	53.1	52.7	52.7	nan	2	DE	EUR
276010018	Factory Orders m/m	2025.12.05 10:00:00	1.5	5.6	1.1	2.0	2	DE	EUR
276010019	Factory Orders y/y	2025.12.05 10:00:00	-0.7	-0.6	-4.3	-3.4	2	DE	EUR
276010010	Industrial Production m/m	2025.12.08 10:00:00	1.8	0.5	1.3	1.1	2	DE	EUR
276010007	Trade Balance	2025.12.09 10:00:00	16.8	15.7	15.2	15.3	2	DE	EUR
276010020	CPI m/m	2025.12.12 10:00:00	-0.2	-0.2	-0.2	nan	2	DE	EUR
276010021	CPI y/y	2025.12.12 10:00:00	2.3	2.3	2.3	nan	2	DE	EUR
276070001	ZEW Economic Sentiment Indicator	2025.12.16 13:05:00	45.8	nan	nan	nan	2	DE	EUR
276070002	ZEW Economic Situation	2025.12.16 13:05:00	-81.0	nan	nan	nan	2	DE	EUR
276030001	Ifo Business Expectations	2025.12.17 12:30:00	89.7	nan	nan	90.5	2	DE	EUR
276030002	Ifo Current Business Situation	2025.12.17 12:30:00	85.6	nan	nan	85.6	2	DE	EUR
276030003	Ifo Business Climate	2025.12.17 12:30:00	87.6	nan	nan	88.0	2	DE	EUR
276040001	GfK Consumer Climate	2025.12.19 10:00:00	-26.9	nan	-23.2	-23.4	2	DE	EUR
276010014	PPI m/m	2025.12.19 10:00:00	0.5	-0.2	0.1	-0.3	2	DE	EUR
276010020	CPI m/m	2026.01.06 16:00:00	0.0	0.3	-0.2	nan	2	DE	EUR
276010021	CPI y/y	2026.01.06 16:00:00	1.8	2.3	2.3	nan	2	DE	EUR
276010016	Retail Sales m/m	2026.01.07 10:00:00	0.3	0.1	0.3	nan	2	DE	EUR
276060001	Unemployment Change	2026.01.07 11:55:00	3.0	-1.0	1.0	nan	2	DE	EUR
276060002	Unemployment Rate	2026.01.07 11:55:00	6.3	6.3	6.3	nan	2	DE	EUR
276060004	Unemployment	2026.01.07 11:55:00	2.977	2.979	2.973	2.974	2	DE	EUR
276020003	10-Year Bond Auction	2026.01.07 13:45:00	2.83	nan	2.67	nan	2	DE	EUR
276010018	Factory Orders m/m	2026.01.08 10:00:00	5.6	1.2	1.5	1.6	2	DE	EUR
276010019	Factory Orders y/y	2026.01.08 10:00:00	10.5	-1.3	-0.7	nan	2	DE	EUR
276010010	Industrial Production m/m	2026.01.09 10:00:00	0.8	0.5	1.8	2.0	2	DE	EUR
276010007	Trade Balance	2026.01.09 10:00:00	13.0	15.6	16.8	17.2	2	DE	EUR
276010020	CPI m/m	2026.01.16 10:00:00	0.0	0.0	0.0	nan	2	DE	EUR
276010021	CPI y/y	2026.01.16 10:00:00	1.8	1.8	1.8	nan	2	DE	EUR
276010014	PPI m/m	2026.01.20 10:00:00	-0.2	0.1	0.5	nan	2	DE	EUR
276070001	ZEW Economic Sentiment Indicator	2026.01.20 13:05:00	59.6	15.9	45.8	nan	2	DE	EUR
276070002	ZEW Economic Situation	2026.01.20 13:05:00	-72.7	-77.8	-81.0	nan	2	DE	EUR
276040001	GfK Consumer Climate	2026.01.28 10:00:00	-24.1	nan	-26.9	-26.9	2	DE	EUR
276020003	10-Year Bond Auction	2026.01.28 13:45:00	2.85	nan	2.83	nan	2	DE	EUR
276010009	GDP y/y	2026.01.30 10:00:00	0.6	0.1	0.3	nan	2	DE	EUR
276060001	Unemployment Change	2026.01.30 11:55:00	0.0	-3.0	3.0	nan	2	DE	EUR
276060002	Unemployment Rate	2026.01.30 11:55:00	6.3	6.3	6.3	nan	2	DE	EUR
276060004	Unemployment	2026.01.30 11:55:00	2.976	2.976	2.977	2.976	2	DE	EUR
276010020	CPI m/m	2026.01.30 16:00:00	0.1	0.1	0.0	nan	2	DE	EUR
276010021	CPI y/y	2026.01.30 16:00:00	2.1	1.7	1.8	nan	2	DE	EUR
276010016	Retail Sales m/m	2026.02.02 10:00:00	-0.5	0.0	0.3	nan	2	DE	EUR
276020003	10-Year Bond Auction	2026.02.03 13:45:00	2.79	nan	2.85	nan	2	DE	EUR
276010018	Factory Orders m/m	2026.02.05 10:00:00	7.8	-4.6	5.6	5.7	2	DE	EUR
276010019	Factory Orders y/y	2026.02.05 10:00:00	13.0	7.6	10.5	10.6	2	DE	EUR
276010010	Industrial Production m/m	2026.02.06 10:00:00	-1.9	0.5	0.8	0.2	2	DE	EUR
276010007	Trade Balance	2026.02.06 10:00:00	17.1	15.3	13.0	13.6	2	DE	EUR
276010020	CPI m/m	2026.02.17 10:00:00	0.1	0.1	0.1	nan	2	DE	EUR
276010021	CPI y/y	2026.02.17 10:00:00	2.1	2.1	2.1	nan	2	DE	EUR
276020003	10-Year Bond Auction	2026.02.18 13:45:00	2.73	nan	2.79	nan	2	DE	EUR
276010014	PPI m/m	2026.02.20 10:00:00	-0.6	0.2	-0.2	nan	2	DE	EUR
276500001	S&P Global Manufacturing PMI	2026.02.20 11:30:00	50.7	nan	nan	nan	2	DE	EUR
276500002	S&P Global Services PMI	2026.02.20 11:30:00	53.4	nan	nan	nan	2	DE	EUR
276010009	GDP y/y	2026.02.25 10:00:00	0.6	0.6	0.6	nan	2	DE	EUR
276040001	GfK Consumer Climate	2026.02.25 10:00:00	-24.7	nan	-24.1	-24.2	2	DE	EUR
276060001	Unemployment Change	2026.02.27 11:55:00	1.0	2.0	0.0	1.0	2	DE	EUR
276060002	Unemployment Rate	2026.02.27 11:55:00	6.3	6.3	6.3	nan	2	DE	EUR
276060004	Unemployment	2026.02.27 11:55:00	2.977	2.979	2.976	nan	2	DE	EUR
276010020	CPI m/m	2026.02.27 16:00:00	0.2	0.1	0.1	nan	2	DE	EUR
276010021	CPI y/y	2026.02.27 16:00:00	1.9	2.1	2.1	nan	2	DE	EUR
276010016	Retail Sales m/m	2026.03.02 10:00:00	1.2	0.0	-0.5	nan	2	DE	EUR
276500001	S&P Global Manufacturing PMI	2026.03.02 11:55:00	50.9	50.7	50.7	nan	2	DE	EUR
276500002	S&P Global Services PMI	2026.03.04 11:55:00	53.5	53.4	53.4	nan	2	DE	EUR
276010010	Industrial Production m/m	2026.03.09 10:00:00	-0.5	1.0	-1.9	-1.0	2	DE	EUR
276010007	Trade Balance	2026.03.10 10:00:00	21.3	15.1	17.1	17.4	2	DE	EUR
276010020	CPI m/m	2026.03.11 10:00:00	0.2	0.2	0.2	nan	2	DE	EUR
276010021	CPI y/y	2026.03.11 10:00:00	1.9	1.9	1.9	nan	2	DE	EUR
276020003	10-Year Bond Auction	2026.03.11 13:45:00	2.89	nan	2.73	nan	2	DE	EUR
276010014	PPI m/m	2026.03.20 10:00:00	-0.5	0.0	-0.6	nan	2	DE	EUR
276500001	S&P Global Manufacturing PMI	2026.03.24 11:30:00	51.7	49.4	50.9	nan	2	DE	EUR
276500002	S&P Global Services PMI	2026.03.24 11:30:00	51.2	53.4	53.5	nan	2	DE	EUR
276040001	GfK Consumer Climate	2026.03.26 10:00:00	-28.0	nan	-24.7	-24.8	2	DE	EUR
276010020	CPI m/m	2026.03.30 15:00:00	1.1	0.1	0.2	nan	2	DE	EUR
276010021	CPI y/y	2026.03.30 15:00:00	2.7	2.0	1.9	nan	2	DE	EUR
276010016	Retail Sales m/m	2026.03.31 09:00:00	-1.1	0.6	1.2	nan	2	DE	EUR
276060001	Unemployment Change	2026.03.31 10:55:00	0.0	8.0	1.0	nan	2	DE	EUR
276060002	Unemployment Rate	2026.03.31 10:55:00	6.3	6.3	6.3	nan	2	DE	EUR
276060004	Unemployment	2026.03.31 10:55:00	2.977	2.988	2.977	nan	2	DE	EUR
276500001	S&P Global Manufacturing PMI	2026.04.01 10:55:00	52.2	51.7	51.7	nan	2	DE	EUR
276500002	S&P Global Services PMI	2026.04.07 10:55:00	50.9	51.2	51.2	nan	2	DE	EUR
276020003	10-Year Bond Auction	2026.04.07 12:30:00	2.93	nan	2.89	nan	2	DE	EUR
276010018	Factory Orders m/m	2026.04.08 09:00:00	0.9	nan	nan	-11.1	2	DE	EUR
276010019	Factory Orders y/y	2026.04.08 09:00:00	3.5	nan	nan	0.3	2	DE	EUR
276020003	10-Year Bond Auction	2026.04.08 12:30:00	2.92	nan	2.93	nan	2	DE	EUR
276010007	Trade Balance	2026.04.09 09:00:00	19.8	18.0	21.3	20.3	2	DE	EUR
276010010	Industrial Production m/m	2026.04.09 09:00:00	-0.3	2.4	-0.5	0.0	2	DE	EUR
276010020	CPI m/m	2026.04.10 09:00:00	1.1	1.1	1.1	nan	2	DE	EUR
276010021	CPI y/y	2026.04.10 09:00:00	2.7	2.7	2.7	nan	2	DE	EUR
276010014	PPI m/m	2026.04.20 09:00:00	2.5	0.0	-0.5	nan	2	DE	EUR
276500001	S&P Global Manufacturing PMI	2026.04.23 10:30:00	51.2	50.9	52.2	nan	2	DE	EUR
276500002	S&P Global Services PMI	2026.04.23 10:30:00	46.9	51.0	50.9	nan	2	DE	EUR
276040001	GfK Consumer Climate	2026.04.27 09:00:00	-33.3	nan	-28.0	-28.1	2	DE	EUR
276020003	10-Year Bond Auction	2026.04.29 12:30:00	3.08	nan	2.92	nan	2	DE	EUR
276010020	CPI m/m	2026.04.29 15:00:00	0.6	1.1	1.1	nan	2	DE	EUR
276010021	CPI y/y	2026.04.29 15:00:00	2.9	2.6	2.7	nan	2	DE	EUR
276010016	Retail Sales m/m	2026.04.30 09:00:00	-0.3	-0.3	-1.1	nan	2	DE	EUR
276010009	GDP y/y	2026.04.30 09:00:00	0.5	0.7	0.6	0.5	2	DE	EUR
276060001	Unemployment Change	2026.04.30 10:55:00	20.0	7.0	0.0	3.0	2	DE	EUR
276060002	Unemployment Rate	2026.04.30 10:55:00	6.4	6.3	6.3	6.4	2	DE	EUR
276060004	Unemployment	2026.04.30 10:55:00	3.006	2.988	2.977	2.986	2	DE	EUR
276500001	S&P Global Manufacturing PMI	2026.05.04 10:55:00	51.4	51.2	51.2	nan	2	DE	EUR
276020003	10-Year Bond Auction	2026.05.05 12:30:00	3.0	nan	3.08	nan	2	DE	EUR
276500002	S&P Global Services PMI	2026.05.06 10:55:00	46.9	46.9	46.9	nan	2	DE	EUR
276010018	Factory Orders m/m	2026.05.07 09:00:00	5.0	-9.6	0.9	1.4	2	DE	EUR
276010019	Factory Orders y/y	2026.05.07 09:00:00	6.3	4.3	3.5	nan	2	DE	EUR
276010007	Trade Balance	2026.05.08 09:00:00	14.3	18.9	19.8	19.5	2	DE	EUR
276010010	Industrial Production m/m	2026.05.08 09:00:00	-0.7	0.0	-0.3	-0.5	2	DE	EUR
276010020	CPI m/m	2026.05.12 09:00:00	0.6	0.6	0.6	nan	2	DE	EUR
276010021	CPI y/y	2026.05.12 09:00:00	2.9	2.9	2.9	nan	2	DE	EUR
276010014	PPI m/m	2026.05.20 09:00:00	1.2	1.6	2.5	nan	2	DE	EUR
276020003	10-Year Bond Auction	2026.05.20 12:30:00	3.16	nan	3.0	nan	2	DE	EUR
276500001	S&P Global Manufacturing PMI	2026.05.21 10:30:00	49.9	51.2	51.4	nan	2	DE	EUR
276500002	S&P Global Services PMI	2026.05.21 10:30:00	47.8	46.8	46.9	nan	2	DE	EUR
276010009	GDP y/y	2026.05.22 09:00:00	0.5	0.5	0.5	nan	2	DE	EUR
276060001	Unemployment Change	2026.05.29 10:55:00	-12.0	16.0	20.0	19.0	2	DE	EUR
276060002	Unemployment Rate	2026.05.29 10:55:00	6.3	6.4	6.4	nan	2	DE	EUR
276060004	Unemployment	2026.05.29 10:55:00	2.987	3.008	3.006	2.998	2	DE	EUR
276010020	CPI m/m	2026.05.29 15:00:00	-0.2	0.5	0.6	nan	2	DE	EUR
276010021	CPI y/y	2026.05.29 15:00:00	2.6	2.1	2.9	nan	2	DE	EUR
276010016	Retail Sales m/m	2026.06.01 09:00:00	-0.3	0.4	-0.3	nan	2	DE	EUR
276500001	S&P Global Manufacturing PMI	2026.06.01 10:55:00	50.1	49.9	49.9	nan	2	DE	EUR
