event_id	event_name	time	actual_value	forecast_value	previous_value	revised_previous	importance	country_code	currency_code
999500001	S&P Global Manufacturing PMI	2020.01.02 12:00:00	46.3	45.9	45.9	nan	2	EU	EUR
999010019	ECB Households Loans y/y	2020.01.03 12:00:00	3.5	3.5	3.5	nan	2	EU	EUR
999500003	S&P Global Composite PMI	2020.01.06 12:00:00	50.9	50.6	50.6	nan	2	EU	EUR
999500002	S&P Global Services PMI	2020.01.06 12:00:00	52.8	52.4	52.4	nan	2	EU	EUR
999520001	CFTC EUR Non-Commercial Net Positions	2020.01.06 23:30:00	-74.3	nan	-72.9	nan	2	EU	EUR
999030012	Core CPI y/y	2020.01.07 13:00:00	1.3	1.3	1.3	nan	2	EU	EUR
999030027	Core CPI	2020.01.07 13:00:00	104.69	nan	104.27	nan	2	EU	EUR
999030011	CPI m/m	2020.01.07 13:00:00	0.3	-0.6	-0.3	nan	2	EU	EUR
999040005	Economic Sentiment Indicator	2020.01.08 13:00:00	101.5	100.7	101.3	101.2	2	EU	EUR
999030020	Unemployment Rate	2020.01.09 13:00:00	7.5	7.5	7.5	nan	2	EU	EUR
999520001	CFTC EUR Non-Commercial Net Positions	2020.01.10 23:30:00	-61.7	nan	-74.3	nan	2	EU	EUR
999030018	Trade Balance	2020.01.15 13:00:00	19.2	21.2	24.5	24.0	2	EU	EUR
999030019	Trade Balance n.s.a.	2020.01.15 13:00:00	20.7	27.8	28.0	nan	2	EU	EUR
999030007	Industrial Production m/m	2020.01.15 13:00:00	0.2	0.1	-0.5	-0.9	2	EU	EUR
999030012	Core CPI y/y	2020.01.17 13:00:00	1.3	1.3	1.3	nan	2	EU	EUR
999030011	CPI m/m	2020.01.17 13:00:00	0.3	0.3	0.3	nan	2	EU	EUR
999030027	Core CPI	2020.01.17 13:00:00	104.69	nan	104.69	nan	2	EU	EUR
999520001	CFTC EUR Non-Commercial Net Positions	2020.01.17 23:30:00	-48.2	nan	-61.7	nan	2	EU	EUR
999050001	ZEW Economic Sentiment Indicator	2020.01.21 13:00:00	25.6	5.5	11.2	nan	2	EU	EUR
999010015	ECB Marginal Lending Facility Rate Decision	2020.01.23 15:45:00	0.25	nan	0.25	nan	2	EU	EUR
999500001	S&P Global Manufacturing PMI	2020.01.24 12:00:00	47.8	45.1	46.3	nan	2	EU	EUR
999500003	S&P Global Composite PMI	2020.01.24 12:00:00	50.9	51.0	50.9	nan	2	EU	EUR
999500002	S&P Global Services PMI	2020.01.24 12:00:00	52.2	53.0	52.8	nan	2	EU	EUR
999520001	CFTC EUR Non-Commercial Net Positions	2020.01.24 23:30:00	-47.0	nan	-48.2	nan	2	EU	EUR
999010019	ECB Households Loans y/y	2020.01.29 12:00:00	3.7	3.6	3.5	nan	2	EU	EUR
999030020	Unemployment Rate	2020.01.30 13:00:00	7.4	7.5	7.5	nan	2	EU	EUR
999040005	Economic Sentiment Indicator	2020.01.30 13:00:00	102.8	102.2	101.5	101.3	2	EU	EUR
999030017	GDP y/y	2020.01.31 13:00:00	1.0	1.2	1.2	nan	2	EU	EUR
999030016	GDP q/q	2020.01.31 13:00:00	0.1	0.2	0.2	0.3	2	EU	EUR
999030012	Core CPI y/y	2020.01.31 13:00:00	1.1	1.3	1.3	nan	2	EU	EUR
999030027	Core CPI	2020.01.31 13:00:00	102.96	nan	104.69	nan	2	EU	EUR
999030011	CPI m/m	2020.01.31 13:00:00	-1.0	1.1	0.3	nan	2	EU	EUR
999520001	CFTC EUR Non-Commercial Net Positions	2020.01.31 23:30:00	-58.9	nan	-47.0	nan	2	EU	EUR
999500001	S&P Global Manufacturing PMI	2020.02.03 12:00:00	47.9	47.8	47.8	nan	2	EU	EUR
999500003	S&P Global Composite PMI	2020.02.05 12:00:00	51.3	50.9	50.9	nan	2	EU	EUR
999500002	S&P Global Services PMI	2020.02.05 12:00:00	52.5	52.2	52.2	nan	2	EU	EUR
999520001	CFTC EUR Non-Commercial Net Positions	2020.02.07 23:30:00	-75.1	nan	-58.9	nan	2	EU	EUR
999030007	Industrial Production m/m	2020.02.12 13:00:00	-2.1	0.1	0.2	0.0	2	EU	EUR
999030017	GDP y/y	2020.02.14 13:00:00	0.9	1.0	1.0	nan	2	EU	EUR
999030016	GDP q/q	2020.02.14 13:00:00	0.1	0.1	0.1	nan	2	EU	EUR
999030018	Trade Balance	2020.02.14 13:00:00	22.2	21.6	19.2	19.1	2	EU	EUR
999030019	Trade Balance n.s.a.	2020.02.14 13:00:00	23.1	21.4	20.7	nan	2	EU	EUR
999030028	Employment Level	2020.02.14 13:00:00	160.585	nan	160.128	160.148	2	EU	EUR
999520001	CFTC EUR Non-Commercial Net Positions	2020.02.14 23:30:00	-85.7	nan	-75.1	nan	2	EU	EUR
999050001	ZEW Economic Sentiment Indicator	2020.02.18 13:00:00	10.4	30.0	25.6	nan	2	EU	EUR
999500001	S&P Global Manufacturing PMI	2020.02.21 12:00:00	49.1	49.1	47.9	nan	2	EU	EUR
999500003	S&P Global Composite PMI	2020.02.21 12:00:00	51.6	51.4	51.3	nan	2	EU	EUR
999500002	S&P Global Services PMI	2020.02.21 12:00:00	52.8	52.4	52.5	nan	2	EU	EUR
999030012	Core CPI y/y	2020.02.21 13:00:00	1.1	1.1	1.1	nan	2	EU	EUR
999030011	CPI m/m	2020.02.21 13:00:00	-1.0	-1.0	-1.0	nan	2	EU	EUR
999030027	Core CPI	2020.02.21 13:00:00	102.91	nan	102.96	nan	2	EU	EUR
999520001	CFTC EUR Non-Commercial Net Positions	2020.02.21 23:30:00	-91.5	nan	-85.7	nan	2	EU	EUR
999010019	ECB Households Loans y/y	2020.02.27 12:00:00	3.7	3.7	3.7	3.6	2	EU	EUR
999040005	Economic Sentiment Indicator	2020.02.27 13:00:00	103.5	103.9	102.8	102.6	2	EU	EUR
999520001	CFTC EUR Non-Commercial Net Positions	2020.02.28 23:30:00	-114.0	nan	-91.5	nan	2	EU	EUR
999500001	S&P Global Manufacturing PMI	2020.03.02 12:00:00	49.2	49.1	49.1	nan	2	EU	EUR
999030020	Unemployment Rate	2020.03.03 13:00:00	7.4	7.5	7.4	nan	2	EU	EUR
999030027	Core CPI	2020.03.03 13:00:00	103.32	nan	102.91	nan	2	EU	EUR
999030012	Core CPI y/y	2020.03.03 13:00:00	1.2	1.1	1.1	nan	2	EU	EUR
999030011	CPI m/m	2020.03.03 13:00:00	0.2	-0.1	-1.0	nan	2	EU	EUR
999500003	S&P Global Composite PMI	2020.03.04 12:00:00	51.6	51.6	51.6	nan	2	EU	EUR
999500002	S&P Global Services PMI	2020.03.04 12:00:00	52.6	52.8	52.8	nan	2	EU	EUR
999520001	CFTC EUR Non-Commercial Net Positions	2020.03.06 23:30:00	-86.7	nan	-114.0	nan	2	EU	EUR
999030017	GDP y/y	2020.03.10 13:00:00	1.0	0.9	0.9	nan	2	EU	EUR
999030016	GDP q/q	2020.03.10 13:00:00	0.1	0.1	0.1	nan	2	EU	EUR
999030028	Employment Level	2020.03.10 13:00:00	160.746	nan	160.585	nan	2	EU	EUR
999030007	Industrial Production m/m	2020.03.12 13:00:00	2.3	0.0	-2.1	-1.8	2	EU	EUR
999010015	ECB Marginal Lending Facility Rate Decision	2020.03.12 15:45:00	0.25	nan	0.25	nan	2	EU	EUR
999520001	CFTC EUR Non-Commercial Net Positions	2020.03.13 22:30:00	-12.7	nan	-86.7	nan	2	EU	EUR
999030023	Wage Costs y/y	2020.03.17 13:00:00	2.3	3.0	2.6	nan	2	EU	EUR
999050001	ZEW Economic Sentiment Indicator	2020.03.17 13:00:00	-49.5	35.4	10.4	nan	2	EU	EUR
999030018	Trade Balance	2020.03.18 13:00:00	17.3	22.0	22.2	21.5	2	EU	EUR
999030019	Trade Balance n.s.a.	2020.03.18 13:00:00	1.3	3.9	23.1	nan	2	EU	EUR
999030012	Core CPI y/y	2020.03.18 13:00:00	1.2	1.2	1.2	nan	2	EU	EUR
999030011	CPI m/m	2020.03.18 13:00:00	0.2	0.2	0.2	nan	2	EU	EUR
999030027	Core CPI	2020.03.18 13:00:00	103.31	nan	103.32	nan	2	EU	EUR
999010009	ECB Targeted LTRO	2020.03.19 13:30:00	114.98	nan	97.72	nan	2	EU	EUR
999520001	CFTC EUR Non-Commercial Net Positions	2020.03.20 22:30:00	32.5	nan	-12.7	nan	2	EU	EUR
999500003	S&P Global Composite PMI	2020.03.24 12:00:00	31.4	51.9	51.6	nan	2	EU	EUR
999500001	S&P Global Manufacturing PMI	2020.03.24 12:00:00	44.8	49.9	49.2	nan	2	EU	EUR
999500002	S&P Global Services PMI	2020.03.24 12:00:00	28.4	52.4	52.6	nan	2	EU	EUR
999010019	ECB Households Loans y/y	2020.03.26 12:00:00	3.8	3.8	3.7	nan	2	EU	EUR
999520001	CFTC EUR Non-Commercial Net Positions	2020.03.27 22:30:00	61.3	nan	32.5	nan	2	EU	EUR
999040005	Economic Sentiment Indicator	2020.03.30 12:00:00	94.5	104.1	103.5	103.4	2	EU	EUR
999030012	Core CPI y/y	2020.03.31 12:00:00	1.0	1.0	1.2	nan	2	EU	EUR
999030027	Core CPI	2020.03.31 12:00:00	104.45	nan	103.31	nan	2	EU	EUR
999030011	CPI m/m	2020.03.31 12:00:00	0.5	-0.4	0.2	nan	2	EU	EUR
999500001	S&P Global Manufacturing PMI	2020.04.01 11:00:00	44.5	44.8	44.8	nan	2	EU	EUR
999030020	Unemployment Rate	2020.04.01 12:00:00	7.3	7.4	7.4	nan	2	EU	EUR
999500003	S&P Global Composite PMI	2020.04.03 11:00:00	29.7	31.4	31.4	nan	2	EU	EUR
999500002	S&P Global Services PMI	2020.04.03 11:00:00	26.4	28.4	28.4	nan	2	EU	EUR
999520001	CFTC EUR Non-Commercial Net Positions	2020.04.03 22:30:00	74.2	nan	61.3	nan	2	EU	EUR
999520001	CFTC EUR Non-Commercial Net Positions	2020.04.10 22:30:00	79.6	nan	74.2	nan	2	EU	EUR
999030007	Industrial Production m/m	2020.04.16 12:00:00	-0.1	0.1	2.3	nan	2	EU	EUR
999030012	Core CPI y/y	2020.04.17 12:00:00	1.0	1.0	1.0	nan	2	EU	EUR
999030011	CPI m/m	2020.04.17 12:00:00	0.5	0.5	0.5	nan	2	EU	EUR
999030027	Core CPI	2020.04.17 12:00:00	104.49	nan	104.45	nan	2	EU	EUR
999520001	CFTC EUR Non-Commercial Net Positions	2020.04.17 22:30:00	86.6	nan	79.6	nan	2	EU	EUR
999030018	Trade Balance	2020.04.20 12:00:00	25.8	21.1	17.3	18.2	2	EU	EUR
999030019	Trade Balance n.s.a.	2020.04.20 12:00:00	23.0	20.0	1.3	1.7	2	EU	EUR
999050001	ZEW Economic Sentiment Indicator	2020.04.21 12:00:00	25.2	3.7	-49.5	nan	2	EU	EUR
999500003	S&P Global Composite PMI	2020.04.23 11:00:00	13.5	13.6	29.7	nan	2	EU	EUR
999500001	S&P Global Manufacturing PMI	2020.04.23 11:00:00	33.6	41.9	44.5	nan	2	EU	EUR
999500002	S&P Global Services PMI	2020.04.23 11:00:00	11.7	43.3	26.4	nan	2	EU	EUR
999520001	CFTC EUR Non-Commercial Net Positions	2020.04.24 22:30:00	87.2	nan	86.6	nan	2	EU	EUR
999010019	ECB Households Loans y/y	2020.04.29 11:00:00	3.4	3.9	3.8	3.7	2	EU	EUR
999040005	Economic Sentiment Indicator	2020.04.29 12:00:00	67.0	86.7	94.5	94.2	2	EU	EUR
999030017	GDP y/y	2020.04.30 12:00:00	-3.3	0.9	1.0	nan	2	EU	EUR
999030016	GDP q/q	2020.04.30 12:00:00	-3.8	0.1	0.1	nan	2	EU	EUR
999030020	Unemployment Rate	2020.04.30 12:00:00	7.4	7.3	7.3	nan	2	EU	EUR
999030012	Core CPI y/y	2020.04.30 12:00:00	0.9	1.0	1.0	nan	2	EU	EUR
999030027	Core CPI	2020.04.30 12:00:00	105.3	nan	104.49	nan	2	EU	EUR
999030011	CPI m/m	2020.04.30 12:00:00	0.3	0.3	0.5	nan	2	EU	EUR
999010015	ECB Marginal Lending Facility Rate Decision	2020.04.30 14:45:00	0.25	nan	0.25	nan	2	EU	EUR
999520001	CFTC EUR Non-Commercial Net Positions	2020.05.01 22:30:00	79.7	nan	87.2	nan	2	EU	EUR
999500001	S&P Global Manufacturing PMI	2020.05.04 11:00:00	33.4	33.6	33.6	nan	2	EU	EUR
999500003	S&P Global Composite PMI	2020.05.06 11:00:00	13.6	13.5	13.5	nan	2	EU	EUR
999500002	S&P Global Services PMI	2020.05.06 11:00:00	12.0	11.7	11.7	nan	2	EU	EUR
999520001	CFTC EUR Non-Commercial Net Positions	2020.05.08 22:30:00	76.3	nan	79.7	nan	2	EU	EUR
999030007	Industrial Production m/m	2020.05.13 12:00:00	-11.3	0.1	-0.1	nan	2	EU	EUR
999030017	GDP y/y	2020.05.15 12:00:00	-3.2	-3.3	-3.3	nan	2	EU	EUR
999030016	GDP q/q	2020.05.15 12:00:00	-3.8	-3.8	-3.8	nan	2	EU	EUR
999030018	Trade Balance	2020.05.15 12:00:00	23.5	22.0	25.8	25.6	2	EU	EUR
999030019	Trade Balance n.s.a.	2020.05.15 12:00:00	28.2	24.5	23.0	nan	2	EU	EUR
999030028	Employment Level	2020.05.15 12:00:00	160.363	nan	160.746	160.756	2	EU	EUR
999520001	CFTC EUR Non-Commercial Net Positions	2020.05.15 22:30:00	78.1	nan	76.3	nan	2	EU	EUR
999050001	ZEW Economic Sentiment Indicator	2020.05.19 12:00:00	46.0	-12.1	25.2	nan	2	EU	EUR
999030012	Core CPI y/y	2020.05.20 12:00:00	0.9	0.9	0.9	nan	2	EU	EUR
999030011	CPI m/m	2020.05.20 12:00:00	0.3	0.3	0.3	nan	2	EU	EUR
999030027	Core CPI	2020.05.20 12:00:00	105.26	nan	105.3	nan	2	EU	EUR
999500003	S&P Global Composite PMI	2020.05.21 11:00:00	30.5	1.3	13.6	nan	2	EU	EUR
999500001	S&P Global Manufacturing PMI	2020.05.21 11:00:00	39.5	24.8	33.4	nan	2	EU	EUR
999500002	S&P Global Services PMI	2020.05.21 11:00:00	28.7	11.8	12.0	nan	2	EU	EUR
999520001	CFTC EUR Non-Commercial Net Positions	2020.05.22 22:30:00	72.6	nan	78.1	nan	2	EU	EUR
999040005	Economic Sentiment Indicator	2020.05.28 12:00:00	67.5	11.0	67.0	64.9	2	EU	EUR
999010019	ECB Households Loans y/y	2020.05.29 11:00:00	3.0	3.7	3.4	nan	2	EU	EUR
999030012	Core CPI y/y	2020.05.29 12:00:00	0.9	1.1	0.9	nan	2	EU	EUR
999030027	Core CPI	2020.05.29 12:00:00	105.23	nan	105.26	nan	2	EU	EUR
999030011	CPI m/m	2020.05.29 12:00:00	-0.1	0.0	0.3	nan	2	EU	EUR
999520001	CFTC EUR Non-Commercial Net Positions	2020.05.29 22:30:00	75.2	nan	72.6	nan	2	EU	EUR
999500001	S&P Global Manufacturing PMI	2020.06.01 11:00:00	39.4	39.5	39.5	nan	2	EU	EUR
999500003	S&P Global Composite PMI	2020.06.03 11:00:00	31.9	30.5	30.5	nan	2	EU	EUR
999500002	S&P Global Services PMI	2020.06.03 11:00:00	30.5	28.7	28.7	nan	2	EU	EUR
999030020	Unemployment Rate	2020.06.03 12:00:00	7.3	7.3	7.4	7.1	2	EU	EUR
999010015	ECB Marginal Lending Facility Rate Decision	2020.06.04 14:45:00	0.25	nan	0.25	nan	2	EU	EUR
999520001	CFTC EUR Non-Commercial Net Positions	2020.06.05 22:30:00	81.2	nan	75.2	nan	2	EU	EUR
999030017	GDP y/y	2020.06.09 12:00:00	-3.1	-3.2	-3.2	nan	2	EU	EUR
999030016	GDP q/q	2020.06.09 12:00:00	-3.6	-3.8	-3.8	nan	2	EU	EUR
999030028	Employment Level	2020.06.09 12:00:00	160.371	nan	160.363	nan	2	EU	EUR
999030007	Industrial Production m/m	2020.06.12 12:00:00	-17.1	6.5	-11.3	-11.9	2	EU	EUR
999520001	CFTC EUR Non-Commercial Net Positions	2020.06.12 22:30:00	95.6	nan	81.2	nan	2	EU	EUR
999030018	Trade Balance	2020.06.15 12:00:00	1.2	22.9	23.5	25.5	2	EU	EUR
999030019	Trade Balance n.s.a.	2020.06.15 12:00:00	2.9	15.9	28.2	nan	2	EU	EUR
999030023	Wage Costs y/y	2020.06.16 12:00:00	3.4	2.9	2.3	2.4	2	EU	EUR
999050001	ZEW Economic Sentiment Indicator	2020.06.16 12:00:00	58.6	112.8	46.0	nan	2	EU	EUR
999030012	Core CPI y/y	2020.06.17 12:00:00	0.9	0.9	0.9	nan	2	EU	EUR
999030011	CPI m/m	2020.06.17 12:00:00	-0.1	-0.1	-0.1	nan	2	EU	EUR
999030027	Core CPI	2020.06.17 12:00:00	105.26	nan	105.23	nan	2	EU	EUR
999010009	ECB Targeted LTRO	2020.06.18 12:30:00	1308.43	nan	114.98	nan	2	EU	EUR
999520001	CFTC EUR Non-Commercial Net Positions	2020.06.19 22:30:00	117.1	nan	95.6	nan	2	EU	EUR
999500003	S&P Global Composite PMI	2020.06.23 11:00:00	47.5	42.7	31.9	nan	2	EU	EUR
999500001	S&P Global Manufacturing PMI	2020.06.23 11:00:00	46.9	47.9	39.4	nan	2	EU	EUR
999500002	S&P Global Services PMI	2020.06.23 11:00:00	47.3	29.5	30.5	nan	2	EU	EUR
999010019	ECB Households Loans y/y	2020.06.26 11:00:00	3.0	3.2	3.0	nan	2	EU	EUR
999520001	CFTC EUR Non-Commercial Net Positions	2020.06.26 22:30:00	118.4	nan	117.1	nan	2	EU	EUR
999040005	Economic Sentiment Indicator	2020.06.29 12:00:00	75.7	171.6	67.5	nan	2	EU	EUR
999030012	Core CPI y/y	2020.06.30 12:00:00	0.8	1.1	0.9	nan	2	EU	EUR
999030027	Core CPI	2020.06.30 12:00:00	105.58	nan	105.26	nan	2	EU	EUR
999030011	CPI m/m	2020.06.30 12:00:00	0.3	-0.3	-0.1	nan	2	EU	EUR
999500001	S&P Global Manufacturing PMI	2020.07.01 11:00:00	47.4	46.9	46.9	nan	2	EU	EUR
999030020	Unemployment Rate	2020.07.02 12:00:00	7.4	7.3	7.3	nan	2	EU	EUR
999500003	S&P Global Composite PMI	2020.07.03 11:00:00	48.5	47.5	47.5	nan	2	EU	EUR
999500002	S&P Global Services PMI	2020.07.03 11:00:00	48.3	47.3	47.3	nan	2	EU	EUR
999500004	S&P Global Construction PMI	2020.07.06 10:30:00	48.3	nan	nan	nan	2	EU	EUR
999520001	CFTC EUR Non-Commercial Net Positions	2020.07.06 22:30:00	99.0	nan	118.4	nan	2	EU	EUR
999520001	CFTC EUR Non-Commercial Net Positions	2020.07.10 22:30:00	103.6	nan	99.0	nan	2	EU	EUR
999030007	Industrial Production m/m	2020.07.14 12:00:00	12.4	-19.0	-17.1	-18.2	2	EU	EUR
999050001	ZEW Economic Sentiment Indicator	2020.07.14 12:00:00	59.6	29.0	58.6	nan	2	EU	EUR
999030018	Trade Balance	2020.07.16 12:00:00	8.0	6.9	1.2	1.6	2	EU	EUR
999030019	Trade Balance n.s.a.	2020.07.16 12:00:00	9.4	12.8	2.9	nan	2	EU	EUR
999010015	ECB Marginal Lending Facility Rate Decision	2020.07.16 14:45:00	0.25	nan	0.25	nan	2	EU	EUR
999030012	Core CPI y/y	2020.07.17 12:00:00	0.8	0.8	0.8	nan	2	EU	EUR
999030011	CPI m/m	2020.07.17 12:00:00	0.3	0.3	0.3	nan	2	EU	EUR
999030027	Core CPI	2020.07.17 12:00:00	105.59	nan	105.58	nan	2	EU	EUR
999520001	CFTC EUR Non-Commercial Net Positions	2020.07.17 22:30:00	110.9	nan	103.6	nan	2	EU	EUR
999500003	S&P Global Composite PMI	2020.07.24 11:00:00	54.8	48.0	48.5	nan	2	EU	EUR
999500001	S&P Global Manufacturing PMI	2020.07.24 11:00:00	51.1	47.1	47.4	nan	2	EU	EUR
999500002	S&P Global Services PMI	2020.07.24 11:00:00	55.1	47.8	48.3	nan	2	EU	EUR
999520001	CFTC EUR Non-Commercial Net Positions	2020.07.24 22:30:00	125.0	nan	110.9	nan	2	EU	EUR
999010019	ECB Households Loans y/y	2020.07.27 11:00:00	3.0	3.0	3.0	nan	2	EU	EUR
999030020	Unemployment Rate	2020.07.30 12:00:00	7.8	7.4	7.4	7.7	2	EU	EUR
999040005	Economic Sentiment Indicator	2020.07.30 12:00:00	82.3	77.1	75.7	75.8	2	EU	EUR
999030017	GDP y/y	2020.07.31 12:00:00	-15.0	-4.3	-3.1	nan	2	EU	EUR
999030016	GDP q/q	2020.07.31 12:00:00	-12.1	-4.7	-3.6	nan	2	EU	EUR
999030012	Core CPI y/y	2020.07.31 12:00:00	1.2	0.9	0.8	nan	2	EU	EUR
999030027	Core CPI	2020.07.31 12:00:00	105.33	nan	105.59	nan	2	EU	EUR
999030011	CPI m/m	2020.07.31 12:00:00	-0.3	-0.1	0.3	nan	2	EU	EUR
999520001	CFTC EUR Non-Commercial Net Positions	2020.07.31 22:30:00	157.6	nan	125.0	nan	2	EU	EUR
999500001	S&P Global Manufacturing PMI	2020.08.03 11:00:00	51.8	51.1	51.1	nan	2	EU	EUR
999500003	S&P Global Composite PMI	2020.08.05 11:00:00	54.9	54.8	54.8	nan	2	EU	EUR
999500002	S&P Global Services PMI	2020.08.05 11:00:00	54.7	55.1	55.1	nan	2	EU	EUR
999500004	S&P Global Construction PMI	2020.08.06 10:30:00	48.9	nan	48.3	nan	2	EU	EUR
999520001	CFTC EUR Non-Commercial Net Positions	2020.08.07 22:30:00	180.6	nan	157.6	nan	2	EU	EUR
999050001	ZEW Economic Sentiment Indicator	2020.08.11 12:00:00	64.0	59.9	59.6	nan	2	EU	EUR
999030007	Industrial Production m/m	2020.08.12 12:00:00	9.1	14.3	12.4	12.3	2	EU	EUR
999030017	GDP y/y	2020.08.14 12:00:00	-15.0	-15.0	-15.0	nan	2	EU	EUR
999030016	GDP q/q	2020.08.14 12:00:00	-12.1	-12.1	-12.1	nan	2	EU	EUR
999030018	Trade Balance	2020.08.14 12:00:00	17.1	12.4	8.0	8.6	2	EU	EUR
999030019	Trade Balance n.s.a.	2020.08.14 12:00:00	21.2	15.4	9.4	nan	2	EU	EUR
999030028	Employment Level	2020.08.14 12:00:00	155.895	nan	160.371	160.439	2	EU	EUR
999520001	CFTC EUR Non-Commercial Net Positions	2020.08.14 22:30:00	199.8	nan	180.6	nan	2	EU	EUR
999030012	Core CPI y/y	2020.08.19 12:00:00	1.2	1.2	1.2	nan	2	EU	EUR
999030011	CPI m/m	2020.08.19 12:00:00	-0.4	-0.3	-0.3	nan	2	EU	EUR
999030027	Core CPI	2020.08.19 12:00:00	105.31	nan	105.33	nan	2	EU	EUR
999500001	S&P Global Manufacturing PMI	2020.08.21 11:00:00	51.7	51.5	51.8	nan	2	EU	EUR
999500002	S&P Global Services PMI	2020.08.21 11:00:00	50.1	55.0	54.7	nan	2	EU	EUR
999500003	S&P Global Composite PMI	2020.08.21 11:00:00	51.6	54.9	54.9	nan	2	EU	EUR
999520001	CFTC EUR Non-Commercial Net Positions	2020.08.21 22:30:00	196.9	nan	199.8	nan	2	EU	EUR
999010019	ECB Households Loans y/y	2020.08.27 11:00:00	3.0	2.8	3.0	nan	2	EU	EUR
999040005	Economic Sentiment Indicator	2020.08.28 12:00:00	87.7	78.8	82.3	82.4	2	EU	EUR
999520001	CFTC EUR Non-Commercial Net Positions	2020.08.28 22:30:00	211.8	nan	196.9	nan	2	EU	EUR
999500001	S&P Global Manufacturing PMI	2020.09.01 11:00:00	51.7	51.7	51.7	nan	2	EU	EUR
999030020	Unemployment Rate	2020.09.01 12:00:00	7.9	7.6	7.8	7.7	2	EU	EUR
999030012	Core CPI y/y	2020.09.01 12:00:00	0.4	1.0	1.2	nan	2	EU	EUR
999030027	Core CPI	2020.09.01 12:00:00	104.74	nan	105.31	nan	2	EU	EUR
999030011	CPI m/m	2020.09.01 12:00:00	-0.4	-0.1	-0.4	nan	2	EU	EUR
999500002	S&P Global Services PMI	2020.09.03 11:00:00	50.5	50.1	50.1	nan	2	EU	EUR
999500003	S&P Global Composite PMI	2020.09.03 11:00:00	51.9	51.6	51.6	nan	2	EU	EUR
999500004	S&P Global Construction PMI	2020.09.04 10:30:00	47.8	nan	48.9	nan	2	EU	EUR
999520001	CFTC EUR Non-Commercial Net Positions	2020.09.04 22:30:00	196.7	nan	211.8	nan	2	EU	EUR
999030017	GDP y/y	2020.09.08 12:00:00	-14.7	-15.0	-15.0	nan	2	EU	EUR
999030016	GDP q/q	2020.09.08 12:00:00	-11.8	-12.1	-12.1	nan	2	EU	EUR
999030028	Employment Level	2020.09.08 12:00:00	155.597	nan	155.895	nan	2	EU	EUR
999010015	ECB Marginal Lending Facility Rate Decision	2020.09.10 14:45:00	0.25	nan	0.25	nan	2	EU	EUR
999520001	CFTC EUR Non-Commercial Net Positions	2020.09.11 22:30:00	196.8	nan	196.7	nan	2	EU	EUR
999030007	Industrial Production m/m	2020.09.14 12:00:00	4.1	5.4	9.1	9.5	2	EU	EUR
999030023	Wage Costs y/y	2020.09.15 12:00:00	5.2	3.1	3.4	3.9	2	EU	EUR
999050001	ZEW Economic Sentiment Indicator	2020.09.15 12:00:00	73.9	62.8	64.0	nan	2	EU	EUR
999030018	Trade Balance	2020.09.16 12:00:00	20.3	9.3	17.1	16.0	2	EU	EUR
999030019	Trade Balance n.s.a.	2020.09.16 12:00:00	27.9	21.3	21.2	nan	2	EU	EUR
999030012	Core CPI y/y	2020.09.17 12:00:00	0.4	0.4	0.4	nan	2	EU	EUR
999030011	CPI m/m	2020.09.17 12:00:00	-0.4	-0.4	-0.4	nan	2	EU	EUR
999030027	Core CPI	2020.09.17 12:00:00	104.71	nan	104.74	nan	2	EU	EUR
999520001	CFTC EUR Non-Commercial Net Positions	2020.09.18 22:30:00	178.6	nan	196.8	nan	2	EU	EUR
999500001	S&P Global Manufacturing PMI	2020.09.23 11:00:00	53.7	51.7	51.7	nan	2	EU	EUR
999500002	S&P Global Services PMI	2020.09.23 11:00:00	47.6	50.3	50.5	nan	2	EU	EUR
999500003	S&P Global Composite PMI	2020.09.23 11:00:00	50.1	51.8	51.9	nan	2	EU	EUR
999010009	ECB Targeted LTRO	2020.09.24 12:30:00	174.46	nan	1308.43	nan	2	EU	EUR
999010019	ECB Households Loans y/y	2020.09.25 11:00:00	3.0	3.0	3.0	nan	2	EU	EUR
999520001	CFTC EUR Non-Commercial Net Positions	2020.09.25 22:30:00	190.8	nan	178.6	nan	2	EU	EUR
999040005	Economic Sentiment Indicator	2020.09.29 12:00:00	91.1	84.8	87.7	87.5	2	EU	EUR
999500001	S&P Global Manufacturing PMI	2020.10.01 11:00:00	53.7	53.7	53.7	nan	2	EU	EUR
999030020	Unemployment Rate	2020.10.01 12:00:00	8.1	8.1	7.9	8.0	2	EU	EUR
999030011	CPI m/m	2020.10.02 12:00:00	0.1	0.3	-0.4	nan	2	EU	EUR
999030012	Core CPI y/y	2020.10.02 12:00:00	0.2	0.7	0.4	nan	2	EU	EUR
999030027	Core CPI	2020.10.02 12:00:00	104.96	nan	104.71	nan	2	EU	EUR
999520001	CFTC EUR Non-Commercial Net Positions	2020.10.02 22:30:00	188.1	nan	190.8	nan	2	EU	EUR
999500002	S&P Global Services PMI	2020.10.05 11:00:00	48.0	47.6	47.6	nan	2	EU	EUR
999500003	S&P Global Composite PMI	2020.10.05 11:00:00	50.4	50.1	50.1	nan	2	EU	EUR
999500004	S&P Global Construction PMI	2020.10.06 10:30:00	47.5	nan	47.8	nan	2	EU	EUR
999520001	CFTC EUR Non-Commercial Net Positions	2020.10.09 22:30:00	174.3	nan	188.1	nan	2	EU	EUR
999050001	ZEW Economic Sentiment Indicator	2020.10.13 12:00:00	52.3	70.5	73.9	nan	2	EU	EUR
999030007	Industrial Production m/m	2020.10.14 12:00:00	0.7	-7.6	4.1	5.0	2	EU	EUR
999030018	Trade Balance	2020.10.16 12:00:00	21.9	13.7	20.3	19.3	2	EU	EUR
999030019	Trade Balance n.s.a.	2020.10.16 12:00:00	14.7	17.0	27.9	nan	2	EU	EUR
999030012	Core CPI y/y	2020.10.16 12:00:00	0.2	0.2	0.2	nan	2	EU	EUR
999030011	CPI m/m	2020.10.16 12:00:00	0.1	0.1	0.1	nan	2	EU	EUR
999030027	Core CPI	2020.10.16 12:00:00	104.94	nan	104.96	nan	2	EU	EUR
999520001	CFTC EUR Non-Commercial Net Positions	2020.10.16 22:30:00	168.6	nan	174.3	nan	2	EU	EUR
999500001	S&P Global Manufacturing PMI	2020.10.23 11:00:00	54.4	53.8	53.7	nan	2	EU	EUR
999500002	S&P Global Services PMI	2020.10.23 11:00:00	46.2	47.8	48.0	nan	2	EU	EUR
999500003	S&P Global Composite PMI	2020.10.23 11:00:00	49.4	50.3	50.4	nan	2	EU	EUR
999520001	CFTC EUR Non-Commercial Net Positions	2020.10.23 22:30:00	165.9	nan	168.6	nan	2	EU	EUR
999010019	ECB Households Loans y/y	2020.10.27 12:00:00	3.1	3.0	3.0	nan	2	EU	EUR
999040005	Economic Sentiment Indicator	2020.10.29 13:00:00	90.9	89.2	91.1	90.9	2	EU	EUR
999010015	ECB Marginal Lending Facility Rate Decision	2020.10.29 15:45:00	0.25	nan	0.25	nan	2	EU	EUR
999030017	GDP y/y	2020.10.30 13:00:00	-4.3	-16.9	-14.7	-14.8	2	EU	EUR
999030016	GDP q/q	2020.10.30 13:00:00	12.7	-14.1	-11.8	nan	2	EU	EUR
999030020	Unemployment Rate	2020.10.30 13:00:00	8.3	8.3	8.1	8.3	2	EU	EUR
999030012	Core CPI y/y	2020.10.30 13:00:00	0.2	0.5	0.2	nan	2	EU	EUR
999030027	Core CPI	2020.10.30 13:00:00	105.07	nan	104.94	nan	2	EU	EUR
999030011	CPI m/m	2020.10.30 13:00:00	0.2	0.0	0.1	nan	2	EU	EUR
999520001	CFTC EUR Non-Commercial Net Positions	2020.10.30 22:30:00	155.6	nan	165.9	nan	2	EU	EUR
999500001	S&P Global Manufacturing PMI	2020.11.02 12:00:00	54.8	54.4	54.4	nan	2	EU	EUR
999500002	S&P Global Services PMI	2020.11.04 12:00:00	46.9	46.2	46.2	nan	2	EU	EUR
999500003	S&P Global Composite PMI	2020.11.04 12:00:00	50.0	49.4	49.4	nan	2	EU	EUR
999500004	S&P Global Construction PMI	2020.11.05 11:30:00	44.9	nan	47.5	nan	2	EU	EUR
999520001	CFTC EUR Non-Commercial Net Positions	2020.11.06 23:30:00	140.3	nan	155.6	nan	2	EU	EUR
999050001	ZEW Economic Sentiment Indicator	2020.11.10 13:00:00	32.8	63.7	52.3	nan	2	EU	EUR
999030007	Industrial Production m/m	2020.11.12 13:00:00	-0.4	-1.5	0.7	0.6	2	EU	EUR
999030017	GDP y/y	2020.11.13 13:00:00	-4.4	-4.3	-4.3	nan	2	EU	EUR
999030016	GDP q/q	2020.11.13 13:00:00	12.6	12.7	12.7	nan	2	EU	EUR
999030018	Trade Balance	2020.11.13 13:00:00	24.0	15.2	21.9	21.0	2	EU	EUR
999030019	Trade Balance n.s.a.	2020.11.13 13:00:00	24.8	14.4	14.7	nan	2	EU	EUR
999030028	Employment Level	2020.11.13 13:00:00	157.346	nan	155.597	155.893	2	EU	EUR
999520001	CFTC EUR Non-Commercial Net Positions	2020.11.16 23:30:00	135.3	nan	140.3	nan	2	EU	EUR
999030012	Core CPI y/y	2020.11.18 13:00:00	0.2	0.2	0.2	nan	2	EU	EUR
999030011	CPI m/m	2020.11.18 13:00:00	0.2	0.2	0.2	nan	2	EU	EUR
999030027	Core CPI	2020.11.18 13:00:00	105.07	nan	105.07	nan	2	EU	EUR
999520001	CFTC EUR Non-Commercial Net Positions	2020.11.20 23:30:00	134.0	nan	135.3	nan	2	EU	EUR
999500001	S&P Global Manufacturing PMI	2020.11.23 12:00:00	53.6	54.7	54.8	nan	2	EU	EUR
999500002	S&P Global Services PMI	2020.11.23 12:00:00	41.3	46.5	46.9	nan	2	EU	EUR
999500003	S&P Global Composite PMI	2020.11.23 12:00:00	45.1	49.7	50.0	nan	2	EU	EUR
999010019	ECB Households Loans y/y	2020.11.26 12:00:00	3.1	3.1	3.1	nan	2	EU	EUR
999040005	Economic Sentiment Indicator	2020.11.27 13:00:00	87.6	90.8	90.9	91.1	2	EU	EUR
999520001	CFTC EUR Non-Commercial Net Positions	2020.11.30 23:30:00	138.3	nan	134.0	nan	2	EU	EUR
999500001	S&P Global Manufacturing PMI	2020.12.01 12:00:00	53.8	53.6	53.6	nan	2	EU	EUR
999030012	Core CPI y/y	2020.12.01 13:00:00	0.2	-0.1	0.2	nan	2	EU	EUR
999030027	Core CPI	2020.12.01 13:00:00	104.53	nan	105.07	nan	2	EU	EUR
999030011	CPI m/m	2020.12.01 13:00:00	-0.3	-0.1	0.2	nan	2	EU	EUR
999030020	Unemployment Rate	2020.12.02 13:00:00	8.4	8.5	8.3	8.5	2	EU	EUR
999500002	S&P Global Services PMI	2020.12.03 12:00:00	41.7	41.3	41.3	nan	2	EU	EUR
999500003	S&P Global Composite PMI	2020.12.03 12:00:00	45.3	45.1	45.1	nan	2	EU	EUR
999500004	S&P Global Construction PMI	2020.12.04 11:30:00	45.6	nan	44.9	nan	2	EU	EUR
999520001	CFTC EUR Non-Commercial Net Positions	2020.12.04 23:30:00	139.9	nan	138.3	nan	2	EU	EUR
999030017	GDP y/y	2020.12.08 13:00:00	-4.3	-4.4	-4.4	nan	2	EU	EUR
999030016	GDP q/q	2020.12.08 13:00:00	12.5	12.6	12.6	nan	2	EU	EUR
999050001	ZEW Economic Sentiment Indicator	2020.12.08 13:00:00	54.4	42.7	32.8	nan	2	EU	EUR
999030028	Employment Level	2020.12.08 13:00:00	157.387	nan	157.346	nan	2	EU	EUR
999010009	ECB Targeted LTRO	2020.12.10 13:30:00	50.41	nan	174.46	nan	2	EU	EUR
999010015	ECB Marginal Lending Facility Rate Decision	2020.12.10 15:45:00	0.25	nan	0.25	nan	2	EU	EUR
999520001	CFTC EUR Non-Commercial Net Positions	2020.12.11 23:30:00	156.4	nan	139.9	nan	2	EU	EUR
999030007	Industrial Production m/m	2020.12.14 13:00:00	2.1	-1.1	-0.4	0.1	2	EU	EUR
999500001	S&P Global Manufacturing PMI	2020.12.16 12:00:00	55.5	53.8	53.8	nan	2	EU	EUR
999500002	S&P Global Services PMI	2020.12.16 12:00:00	47.3	41.5	41.7	nan	2	EU	EUR
999500003	S&P Global Composite PMI	2020.12.16 12:00:00	49.8	45.2	45.3	nan	2	EU	EUR
999030023	Wage Costs y/y	2020.12.16 13:00:00	2.2	5.2	5.2	4.5	2	EU	EUR
999030018	Trade Balance	2020.12.16 13:00:00	25.9	29.6	24.0	23.7	2	EU	EUR
999030019	Trade Balance n.s.a.	2020.12.16 13:00:00	30.0	29.2	24.8	nan	2	EU	EUR
999030012	Core CPI y/y	2020.12.17 13:00:00	0.2	0.2	0.2	nan	2	EU	EUR
999030011	CPI m/m	2020.12.17 13:00:00	-0.3	-0.3	-0.3	nan	2	EU	EUR
999030027	Core CPI	2020.12.17 13:00:00	104.53	nan	104.53	nan	2	EU	EUR
999520001	CFTC EUR Non-Commercial Net Positions	2020.12.18 23:30:00	141.8	nan	156.4	nan	2	EU	EUR
999520001	CFTC EUR Non-Commercial Net Positions	2020.12.28 23:30:00	143.9	nan	141.8	nan	2	EU	EUR
999500001	S&P Global Manufacturing PMI	2021.01.04 12:00:00	55.2	55.5	55.5	nan	2	EU	EUR
999520001	CFTC EUR Non-Commercial Net Positions	2021.01.04 23:30:00	143.1	nan	143.9	nan	2	EU	EUR
999010019	ECB Households Loans y/y	2021.01.05 12:00:00	3.1	3.1	3.1	3.2	2	EU	EUR
999500002	S&P Global Services PMI	2021.01.06 12:00:00	46.4	47.3	47.3	nan	2	EU	EUR
999500003	S&P Global Composite PMI	2021.01.06 12:00:00	49.1	49.8	49.8	nan	2	EU	EUR
999500004	S&P Global Construction PMI	2021.01.07 11:30:00	45.5	nan	45.6	nan	2	EU	EUR
999040005	Economic Sentiment Indicator	2021.01.07 13:00:00	90.4	89.1	87.6	87.7	2	EU	EUR
999030011	CPI m/m	2021.01.07 13:00:00	0.3	0.1	-0.3	nan	2	EU	EUR
999030012	Core CPI y/y	2021.01.07 13:00:00	0.2	0.2	0.2	nan	2	EU	EUR
999030027	Core CPI	2021.01.07 13:00:00	104.92	nan	104.53	nan	2	EU	EUR
999030020	Unemployment Rate	2021.01.08 13:00:00	8.3	8.6	8.4	nan	2	EU	EUR
999520001	CFTC EUR Non-Commercial Net Positions	2021.01.08 23:30:00	143.0	nan	143.1	nan	2	EU	EUR
999030007	Industrial Production m/m	2021.01.13 13:00:00	2.5	0.7	2.1	2.3	2	EU	EUR
999030018	Trade Balance	2021.01.15 13:00:00	25.1	22.6	25.9	25.2	2	EU	EUR
999030019	Trade Balance n.s.a.	2021.01.15 13:00:00	25.8	27.8	30.0	nan	2	EU	EUR
999520001	CFTC EUR Non-Commercial Net Positions	2021.01.15 23:30:00	155.9	nan	143.0	nan	2	EU	EUR
999050001	ZEW Economic Sentiment Indicator	2021.01.19 13:05:00	58.3	44.1	54.4	nan	2	EU	EUR
999030011	CPI m/m	2021.01.20 13:00:00	0.3	0.3	0.3	nan	2	EU	EUR
999030012	Core CPI y/y	2021.01.20 13:00:00	0.2	0.2	0.2	nan	2	EU	EUR
999030027	Core CPI	2021.01.20 13:00:00	104.93	nan	104.92	nan	2	EU	EUR
999010015	ECB Marginal Lending Facility Rate Decision	2021.01.21 15:45:00	0.25	nan	0.25	nan	2	EU	EUR
999500001	S&P Global Manufacturing PMI	2021.01.22 12:00:00	54.7	55.4	55.2	nan	2	EU	EUR
999500002	S&P Global Services PMI	2021.01.22 12:00:00	45.0	46.9	46.4	nan	2	EU	EUR
999500003	S&P Global Composite PMI	2021.01.22 12:00:00	47.5	49.5	49.1	nan	2	EU	EUR
999520001	CFTC EUR Non-Commercial Net Positions	2021.01.22 23:30:00	163.5	nan	155.9	nan	2	EU	EUR
999040005	Economic Sentiment Indicator	2021.01.28 13:00:00	91.5	88.8	90.4	92.4	2	EU	EUR
999010019	ECB Households Loans y/y	2021.01.29 12:00:00	3.1	3.1	3.1	nan	2	EU	EUR
999520001	CFTC EUR Non-Commercial Net Positions	2021.01.29 23:30:00	165.3	nan	163.5	nan	2	EU	EUR
999500001	S&P Global Manufacturing PMI	2021.02.01 12:00:00	54.8	54.7	54.7	nan	2	EU	EUR
999030020	Unemployment Rate	2021.02.01 13:00:00	8.3	8.5	8.3	nan	2	EU	EUR
999030016	GDP q/q	2021.02.02 13:00:00	-0.7	15.3	12.5	12.4	2	EU	EUR
999030017	GDP y/y	2021.02.02 13:00:00	-5.1	-4.4	-4.3	nan	2	EU	EUR
999500002	S&P Global Services PMI	2021.02.03 12:00:00	45.4	45.0	45.0	nan	2	EU	EUR
999500003	S&P Global Composite PMI	2021.02.03 12:00:00	47.8	47.5	47.5	nan	2	EU	EUR
999030011	CPI m/m	2021.02.03 13:00:00	0.2	0.1	0.3	nan	2	EU	EUR
999030012	Core CPI y/y	2021.02.03 13:00:00	1.4	0.2	0.2	nan	2	EU	EUR
999030027	Core CPI	2021.02.03 13:00:00	104.36	nan	104.93	nan	2	EU	EUR
999500004	S&P Global Construction PMI	2021.02.04 11:30:00	44.1	nan	45.5	nan	2	EU	EUR
999520001	CFTC EUR Non-Commercial Net Positions	2021.02.05 23:30:00	137.0	nan	165.3	nan	2	EU	EUR
999520001	CFTC EUR Non-Commercial Net Positions	2021.02.12 23:30:00	140.2	nan	137.0	nan	2	EU	EUR
999030018	Trade Balance	2021.02.15 13:00:00	27.5	19.4	25.1	24.9	2	EU	EUR
999030019	Trade Balance n.s.a.	2021.02.15 13:00:00	29.2	28.4	25.8	25.7	2	EU	EUR
999030007	Industrial Production m/m	2021.02.15 13:00:00	-1.6	0.9	2.5	2.6	2	EU	EUR
999030016	GDP q/q	2021.02.16 13:00:00	-0.6	-0.7	-0.7	nan	2	EU	EUR
999030017	GDP y/y	2021.02.16 13:00:00	-5.0	-5.1	-5.1	nan	2	EU	EUR
999030028	Employment Level	2021.02.16 13:00:00	157.927	nan	157.387	157.389	2	EU	EUR
999050001	ZEW Economic Sentiment Indicator	2021.02.16 13:05:00	69.6	57.0	58.3	nan	2	EU	EUR
999500001	S&P Global Manufacturing PMI	2021.02.19 12:00:00	57.7	54.8	54.8	nan	2	EU	EUR
999500002	S&P Global Services PMI	2021.02.19 12:00:00	44.7	45.2	45.4	nan	2	EU	EUR
999500003	S&P Global Composite PMI	2021.02.19 12:00:00	48.1	47.7	47.8	nan	2	EU	EUR
999520001	CFTC EUR Non-Commercial Net Positions	2021.02.19 23:30:00	140.0	nan	140.2	nan	2	EU	EUR
999030011	CPI m/m	2021.02.23 13:00:00	0.2	0.2	0.2	nan	2	EU	EUR
999030012	Core CPI y/y	2021.02.23 13:00:00	1.4	1.4	1.4	nan	2	EU	EUR
999030027	Core CPI	2021.02.23 13:00:00	104.36	nan	104.36	nan	2	EU	EUR
999010019	ECB Households Loans y/y	2021.02.25 12:00:00	3.0	3.1	3.1	nan	2	EU	EUR
999040005	Economic Sentiment Indicator	2021.02.25 13:00:00	93.4	90.8	91.5	nan	2	EU	EUR
999520001	CFTC EUR Non-Commercial Net Positions	2021.02.26 23:30:00	138.4	nan	140.0	nan	2	EU	EUR
999500001	S&P Global Manufacturing PMI	2021.03.01 12:00:00	57.9	57.7	57.7	nan	2	EU	EUR
999030011	CPI m/m	2021.03.02 13:00:00	0.2	-0.1	0.2	nan	2	EU	EUR
999030012	Core CPI y/y	2021.03.02 13:00:00	1.1	1.4	1.4	nan	2	EU	EUR
999030027	Core CPI	2021.03.02 13:00:00	104.45	nan	104.36	nan	2	EU	EUR
999500002	S&P Global Services PMI	2021.03.03 12:00:00	45.7	44.7	44.7	nan	2	EU	EUR
999500003	S&P Global Composite PMI	2021.03.03 12:00:00	48.8	48.1	48.1	nan	2	EU	EUR
999500004	S&P Global Construction PMI	2021.03.04 11:30:00	45.0	nan	44.1	nan	2	EU	EUR
999030020	Unemployment Rate	2021.03.04 13:00:00	8.1	8.2	8.3	8.1	2	EU	EUR
999520001	CFTC EUR Non-Commercial Net Positions	2021.03.05 23:30:00	126.0	nan	138.4	nan	2	EU	EUR
999030016	GDP q/q	2021.03.09 13:00:00	-0.7	-0.6	-0.6	nan	2	EU	EUR
999030017	GDP y/y	2021.03.09 13:00:00	-4.9	-5.0	-5.0	nan	2	EU	EUR
999030028	Employment Level	2021.03.09 13:00:00	157.948	nan	157.927	nan	2	EU	EUR
999010015	ECB Marginal Lending Facility Rate Decision	2021.03.11 15:45:00	0.25	nan	0.25	nan	2	EU	EUR
999030007	Industrial Production m/m	2021.03.12 13:00:00	0.8	-0.3	-1.6	-0.1	2	EU	EUR
999520001	CFTC EUR Non-Commercial Net Positions	2021.03.12 23:30:00	102.0	nan	126.0	nan	2	EU	EUR
999050001	ZEW Economic Sentiment Indicator	2021.03.16 13:05:00	74.0	65.1	69.6	nan	2	EU	EUR
999030011	CPI m/m	2021.03.17 13:00:00	0.2	0.2	0.2	nan	2	EU	EUR
999030012	Core CPI y/y	2021.03.17 13:00:00	1.1	1.1	1.1	nan	2	EU	EUR
999030027	Core CPI	2021.03.17 13:00:00	104.46	nan	104.45	nan	2	EU	EUR
999030018	Trade Balance	2021.03.18 13:00:00	24.2	22.6	27.5	nan	2	EU	EUR
999030019	Trade Balance n.s.a.	2021.03.18 13:00:00	6.3	18.7	29.2	nan	2	EU	EUR
999030023	Wage Costs y/y	2021.03.18 13:00:00	3.5	2.8	2.2	nan	2	EU	EUR
999010009	ECB Targeted LTRO	2021.03.18 13:30:00	330.5	nan	50.41	nan	2	EU	EUR
999520001	CFTC EUR Non-Commercial Net Positions	2021.03.19 22:30:00	90.0	nan	102.0	nan	2	EU	EUR
999500001	S&P Global Manufacturing PMI	2021.03.24 12:00:00	62.4	57.9	57.9	nan	2	EU	EUR
999500002	S&P Global Services PMI	2021.03.24 12:00:00	48.8	45.2	45.7	nan	2	EU	EUR
999500003	S&P Global Composite PMI	2021.03.24 12:00:00	52.5	48.5	48.8	nan	2	EU	EUR
999010019	ECB Households Loans y/y	2021.03.25 12:00:00	3.0	2.9	3.0	nan	2	EU	EUR
999520001	CFTC EUR Non-Commercial Net Positions	2021.03.26 22:30:00	93.3	nan	90.0	nan	2	EU	EUR
999040005	Economic Sentiment Indicator	2021.03.30 12:00:00	101.0	92.3	93.4	nan	2	EU	EUR
999030011	CPI m/m	2021.03.31 12:00:00	0.9	0.0	0.2	nan	2	EU	EUR
999030012	Core CPI y/y	2021.03.31 12:00:00	0.9	1.5	1.1	nan	2	EU	EUR
999030027	Core CPI	2021.03.31 12:00:00	105.48	nan	104.46	nan	2	EU	EUR
999500001	S&P Global Manufacturing PMI	2021.04.01 11:00:00	62.5	62.4	62.4	nan	2	EU	EUR
999520001	CFTC EUR Non-Commercial Net Positions	2021.04.02 22:30:00	73.7	nan	93.3	nan	2	EU	EUR
999030020	Unemployment Rate	2021.04.06 12:00:00	8.3	8.0	8.1	8.3	2	EU	EUR
999500002	S&P Global Services PMI	2021.04.07 11:00:00	49.6	48.8	48.8	nan	2	EU	EUR
999500003	S&P Global Composite PMI	2021.04.07 11:00:00	53.2	52.5	52.5	nan	2	EU	EUR
999500004	S&P Global Construction PMI	2021.04.08 10:30:00	50.1	nan	45.0	nan	2	EU	EUR
999520001	CFTC EUR Non-Commercial Net Positions	2021.04.09 22:30:00	67.5	nan	73.7	nan	2	EU	EUR
999050001	ZEW Economic Sentiment Indicator	2021.04.13 12:05:00	66.3	73.2	74.0	nan	2	EU	EUR
999030007	Industrial Production m/m	2021.04.14 12:00:00	-1.0	-0.7	0.8	nan	2	EU	EUR
999030011	CPI m/m	2021.04.16 12:00:00	0.9	0.9	0.9	nan	2	EU	EUR
999030012	Core CPI y/y	2021.04.16 12:00:00	0.9	0.9	0.9	nan	2	EU	EUR
999030018	Trade Balance	2021.04.16 12:00:00	18.4	20.3	24.2	28.7	2	EU	EUR
999030019	Trade Balance n.s.a.	2021.04.16 12:00:00	17.7	16.6	6.3	nan	2	EU	EUR
999030027	Core CPI	2021.04.16 12:00:00	105.47	nan	105.48	nan	2	EU	EUR
999520001	CFTC EUR Non-Commercial Net Positions	2021.04.16 22:30:00	66.9	nan	67.5	nan	2	EU	EUR
999010015	ECB Marginal Lending Facility Rate Decision	2021.04.22 14:45:00	0.25	nan	0.25	nan	2	EU	EUR
999500001	S&P Global Manufacturing PMI	2021.04.23 11:00:00	63.3	62.6	62.5	nan	2	EU	EUR
999500002	S&P Global Services PMI	2021.04.23 11:00:00	50.3	49.2	49.6	nan	2	EU	EUR
999500003	S&P Global Composite PMI	2021.04.23 11:00:00	53.7	52.9	53.2	nan	2	EU	EUR
999520001	CFTC EUR Non-Commercial Net Positions	2021.04.23 22:30:00	80.8	nan	66.9	nan	2	EU	EUR
999010019	ECB Households Loans y/y	2021.04.29 11:00:00	3.3	2.9	3.0	nan	2	EU	EUR
999040005	Economic Sentiment Indicator	2021.04.29 12:00:00	110.3	97.1	101.0	100.9	2	EU	EUR
999030011	CPI m/m	2021.04.30 12:00:00	0.6	0.1	0.9	nan	2	EU	EUR
999030012	Core CPI y/y	2021.04.30 12:00:00	0.8	0.9	0.9	nan	2	EU	EUR
999030016	GDP q/q	2021.04.30 12:00:00	-0.6	-0.7	-0.7	nan	2	EU	EUR
999030017	GDP y/y	2021.04.30 12:00:00	-1.8	-5.0	-4.9	nan	2	EU	EUR
999030020	Unemployment Rate	2021.04.30 12:00:00	8.1	8.3	8.3	8.2	2	EU	EUR
999030027	Core CPI	2021.04.30 12:00:00	106.07	nan	105.47	nan	2	EU	EUR
999520001	CFTC EUR Non-Commercial Net Positions	2021.04.30 22:30:00	81.0	nan	80.8	nan	2	EU	EUR
999500001	S&P Global Manufacturing PMI	2021.05.03 11:00:00	62.9	63.3	63.3	nan	2	EU	EUR
999500002	S&P Global Services PMI	2021.05.05 11:00:00	50.5	50.3	50.3	nan	2	EU	EUR
999500003	S&P Global Composite PMI	2021.05.05 11:00:00	53.8	53.7	53.7	nan	2	EU	EUR
999500004	S&P Global Construction PMI	2021.05.06 10:30:00	50.1	nan	50.1	nan	2	EU	EUR
999520001	CFTC EUR Non-Commercial Net Positions	2021.05.07 22:30:00	84.8	nan	81.0	nan	2	EU	EUR
999050001	ZEW Economic Sentiment Indicator	2021.05.11 12:05:00	84.0	71.2	66.3	nan	2	EU	EUR
999030007	Industrial Production m/m	2021.05.12 12:00:00	0.1	0.2	-1.0	-1.2	2	EU	EUR
999520001	CFTC EUR Non-Commercial Net Positions	2021.05.14 22:30:00	93.9	nan	84.8	nan	2	EU	EUR
999030016	GDP q/q	2021.05.18 12:00:00	-0.6	-0.6	-0.6	nan	2	EU	EUR
999030017	GDP y/y	2021.05.18 12:00:00	-1.8	-1.8	-1.8	nan	2	EU	EUR
999030018	Trade Balance	2021.05.18 12:00:00	13.0	15.2	18.4	23.1	2	EU	EUR
999030019	Trade Balance n.s.a.	2021.05.18 12:00:00	15.8	28.0	17.7	nan	2	EU	EUR
999030028	Employment Level	2021.05.18 12:00:00	157.441	nan	157.948	157.972	2	EU	EUR
999030011	CPI m/m	2021.05.19 12:00:00	0.6	0.6	0.6	nan	2	EU	EUR
999030012	Core CPI y/y	2021.05.19 12:00:00	0.7	0.8	0.8	nan	2	EU	EUR
999030027	Core CPI	2021.05.19 12:00:00	106.04	nan	106.07	nan	2	EU	EUR
999500001	S&P Global Manufacturing PMI	2021.05.21 11:00:00	62.8	63.2	62.9	nan	2	EU	EUR
999500002	S&P Global Services PMI	2021.05.21 11:00:00	55.1	50.4	50.5	nan	2	EU	EUR
999500003	S&P Global Composite PMI	2021.05.21 11:00:00	56.9	53.8	53.8	nan	2	EU	EUR
999520001	CFTC EUR Non-Commercial Net Positions	2021.05.21 22:30:00	99.9	nan	93.9	nan	2	EU	EUR
999040005	Economic Sentiment Indicator	2021.05.28 12:00:00	114.5	105.7	110.3	110.5	2	EU	EUR
999520001	CFTC EUR Non-Commercial Net Positions	2021.05.28 22:30:00	104.0	nan	99.9	nan	2	EU	EUR
999010019	ECB Households Loans y/y	2021.05.31 11:00:00	3.8	3.5	3.3	nan	2	EU	EUR
999500001	S&P Global Manufacturing PMI	2021.06.01 11:00:00	63.1	62.8	62.8	nan	2	EU	EUR
999030011	CPI m/m	2021.06.01 12:00:00	0.3	-0.2	0.6	nan	2	EU	EUR
999030012	Core CPI y/y	2021.06.01 12:00:00	0.9	0.7	0.7	nan	2	EU	EUR
999030020	Unemployment Rate	2021.06.01 12:00:00	8.0	8.3	8.1	nan	2	EU	EUR
999030027	Core CPI	2021.06.01 12:00:00	106.25	nan	106.04	nan	2	EU	EUR
999500002	S&P Global Services PMI	2021.06.03 11:00:00	55.2	55.1	55.1	nan	2	EU	EUR
999500003	S&P Global Composite PMI	2021.06.03 11:00:00	57.1	56.9	56.9	nan	2	EU	EUR
999500004	S&P Global Construction PMI	2021.06.04 10:30:00	50.3	nan	50.1	nan	2	EU	EUR
999520001	CFTC EUR Non-Commercial Net Positions	2021.06.04 22:30:00	109.3	nan	104.0	nan	2	EU	EUR
999030016	GDP q/q	2021.06.08 12:00:00	-0.3	-0.6	-0.6	nan	2	EU	EUR
999030017	GDP y/y	2021.06.08 12:00:00	-1.3	-1.8	-1.8	nan	2	EU	EUR
999030028	Employment Level	2021.06.08 12:00:00	157.619	nan	157.441	nan	2	EU	EUR
999050001	ZEW Economic Sentiment Indicator	2021.06.08 12:05:00	81.3	77.0	84.0	nan	2	EU	EUR
999010015	ECB Marginal Lending Facility Rate Decision	2021.06.10 14:45:00	0.25	nan	0.25	nan	2	EU	EUR
999520001	CFTC EUR Non-Commercial Net Positions	2021.06.11 22:30:00	107.2	nan	109.3	nan	2	EU	EUR
999030007	Industrial Production m/m	2021.06.14 12:00:00	0.8	0.8	0.1	0.4	2	EU	EUR
999030018	Trade Balance	2021.06.15 12:00:00	9.4	9.5	13.0	18.3	2	EU	EUR
999030019	Trade Balance n.s.a.	2021.06.15 12:00:00	10.9	5.4	15.8	nan	2	EU	EUR
999030023	Wage Costs y/y	2021.06.16 12:00:00	2.2	4.2	3.5	nan	2	EU	EUR
999030011	CPI m/m	2021.06.17 12:00:00	0.3	0.3	0.3	nan	2	EU	EUR
999030012	Core CPI y/y	2021.06.17 12:00:00	1.0	0.9	0.9	nan	2	EU	EUR
999030027	Core CPI	2021.06.17 12:00:00	106.26	nan	106.25	nan	2	EU	EUR
999010009	ECB Targeted LTRO	2021.06.17 12:30:00	109.83	nan	330.5	nan	2	EU	EUR
999520001	CFTC EUR Non-Commercial Net Positions	2021.06.21 22:30:00	118.2	nan	107.2	nan	2	EU	EUR
999500001	S&P Global Manufacturing PMI	2021.06.23 11:00:00	63.1	63.1	63.1	nan	2	EU	EUR
999500002	S&P Global Services PMI	2021.06.23 11:00:00	58.0	55.2	55.2	nan	2	EU	EUR
999500003	S&P Global Composite PMI	2021.06.23 11:00:00	59.2	57.1	57.1	nan	2	EU	EUR
999010019	ECB Households Loans y/y	2021.06.25 11:00:00	3.9	4.1	3.8	nan	2	EU	EUR
999520001	CFTC EUR Non-Commercial Net Positions	2021.06.25 22:30:00	89.1	nan	118.2	nan	2	EU	EUR
999040005	Economic Sentiment Indicator	2021.06.29 12:00:00	117.9	112.5	114.5	nan	2	EU	EUR
999030011	CPI m/m	2021.06.30 12:00:00	0.3	0.0	0.3	nan	2	EU	EUR
999030012	Core CPI y/y	2021.06.30 12:00:00	0.9	0.9	1.0	nan	2	EU	EUR
999030027	Core CPI	2021.06.30 12:00:00	106.55	nan	106.26	nan	2	EU	EUR
999500001	S&P Global Manufacturing PMI	2021.07.01 11:00:00	63.4	63.1	63.1	nan	2	EU	EUR
999030020	Unemployment Rate	2021.07.01 12:00:00	7.9	8.1	8.0	8.1	2	EU	EUR
999520001	CFTC EUR Non-Commercial Net Positions	2021.07.02 22:30:00	87.1	nan	89.1	nan	2	EU	EUR
999500002	S&P Global Services PMI	2021.07.05 11:00:00	58.3	58.0	58.0	nan	2	EU	EUR
999500003	S&P Global Composite PMI	2021.07.05 11:00:00	59.5	59.2	59.2	nan	2	EU	EUR
999500004	S&P Global Construction PMI	2021.07.06 10:30:00	50.3	nan	50.3	nan	2	EU	EUR
999050001	ZEW Economic Sentiment Indicator	2021.07.06 12:05:00	61.2	84.4	81.3	nan	2	EU	EUR
999520001	CFTC EUR Non-Commercial Net Positions	2021.07.09 22:30:00	77.2	nan	87.1	nan	2	EU	EUR
999030007	Industrial Production m/m	2021.07.14 12:00:00	-1.0	0.0	0.8	0.6	2	EU	EUR
999030011	CPI m/m	2021.07.16 12:00:00	0.3	0.3	0.3	nan	2	EU	EUR
999030012	Core CPI y/y	2021.07.16 12:00:00	0.9	0.9	0.9	nan	2	EU	EUR
999030018	Trade Balance	2021.07.16 12:00:00	9.4	6.9	9.4	13.4	2	EU	EUR
999030019	Trade Balance n.s.a.	2021.07.16 12:00:00	7.5	8.0	10.9	nan	2	EU	EUR
999030027	Core CPI	2021.07.16 12:00:00	106.53	nan	106.55	nan	2	EU	EUR
999520001	CFTC EUR Non-Commercial Net Positions	2021.07.16 22:30:00	59.7	nan	77.2	nan	2	EU	EUR
999010015	ECB Marginal Lending Facility Rate Decision	2021.07.22 14:45:00	0.25	nan	0.25	nan	2	EU	EUR
999500001	S&P Global Manufacturing PMI	2021.07.23 11:00:00	62.6	63.4	63.4	nan	2	EU	EUR
999500002	S&P Global Services PMI	2021.07.23 11:00:00	60.4	58.3	58.3	nan	2	EU	EUR
999500003	S&P Global Composite PMI	2021.07.23 11:00:00	60.6	59.5	59.5	nan	2	EU	EUR
999520001	CFTC EUR Non-Commercial Net Positions	2021.07.23 22:30:00	45.8	nan	59.7	nan	2	EU	EUR
999010019	ECB Households Loans y/y	2021.07.27 11:00:00	4.0	4.2	3.9	nan	2	EU	EUR
999040005	Economic Sentiment Indicator	2021.07.29 12:00:00	119.0	116.3	117.9	nan	2	EU	EUR
999030011	CPI m/m	2021.07.30 12:00:00	-0.1	0.1	0.3	nan	2	EU	EUR
999030012	Core CPI y/y	2021.07.30 12:00:00	0.7	0.9	0.9	nan	2	EU	EUR
999030016	GDP q/q	2021.07.30 12:00:00	2.0	-0.4	-0.3	nan	2	EU	EUR
999030017	GDP y/y	2021.07.30 12:00:00	13.7	-1.5	-1.3	nan	2	EU	EUR
999030020	Unemployment Rate	2021.07.30 12:00:00	7.7	7.8	7.9	8.0	2	EU	EUR
999030027	Core CPI	2021.07.30 12:00:00	106.07	nan	106.53	nan	2	EU	EUR
999520001	CFTC EUR Non-Commercial Net Positions	2021.07.30 22:30:00	38.1	nan	45.8	nan	2	EU	EUR
999500001	S&P Global Manufacturing PMI	2021.08.02 11:00:00	62.8	62.6	62.6	nan	2	EU	EUR
999500002	S&P Global Services PMI	2021.08.04 11:00:00	59.8	60.4	60.4	nan	2	EU	EUR
999500003	S&P Global Composite PMI	2021.08.04 11:00:00	60.2	60.6	60.6	nan	2	EU	EUR
999500004	S&P Global Construction PMI	2021.08.05 10:30:00	49.8	nan	50.3	nan	2	EU	EUR
999520001	CFTC EUR Non-Commercial Net Positions	2021.08.06 22:30:00	38.0	nan	38.1	nan	2	EU	EUR
999050001	ZEW Economic Sentiment Indicator	2021.08.10 12:05:00	42.7	72.0	61.2	nan	2	EU	EUR
999030007	Industrial Production m/m	2021.08.12 12:00:00	-0.3	-0.8	-1.0	-1.1	2	EU	EUR
999030018	Trade Balance	2021.08.13 12:00:00	12.4	9.3	9.4	13.8	2	EU	EUR
999030019	Trade Balance n.s.a.	2021.08.13 12:00:00	18.1	12.0	7.5	nan	2	EU	EUR
999520001	CFTC EUR Non-Commercial Net Positions	2021.08.13 22:30:00	33.9	nan	38.0	nan	2	EU	EUR
999030016	GDP q/q	2021.08.17 12:00:00	2.0	2.0	2.0	nan	2	EU	EUR
999030017	GDP y/y	2021.08.17 12:00:00	13.6	13.7	13.7	nan	2	EU	EUR
999030028	Employment Level	2021.08.17 12:00:00	158.447	nan	157.619	157.683	2	EU	EUR
999030011	CPI m/m	2021.08.18 12:00:00	-0.1	-0.1	-0.1	nan	2	EU	EUR
999030012	Core CPI y/y	2021.08.18 12:00:00	0.7	0.7	0.7	nan	2	EU	EUR
999030027	Core CPI	2021.08.18 12:00:00	106.06	nan	106.07	nan	2	EU	EUR
999520001	CFTC EUR Non-Commercial Net Positions	2021.08.20 22:30:00	57.6	nan	33.9	nan	2	EU	EUR
999500001	S&P Global Manufacturing PMI	2021.08.23 11:00:00	61.5	62.9	62.8	nan	2	EU	EUR
999500002	S&P Global Services PMI	2021.08.23 11:00:00	59.7	60.2	59.8	nan	2	EU	EUR
999500003	S&P Global Composite PMI	2021.08.23 11:00:00	59.5	60.5	60.2	nan	2	EU	EUR
999010019	ECB Households Loans y/y	2021.08.26 11:00:00	4.2	3.8	4.0	nan	2	EU	EUR
999520001	CFTC EUR Non-Commercial Net Positions	2021.08.27 22:30:00	24.6	nan	57.6	nan	2	EU	EUR
999040005	Economic Sentiment Indicator	2021.08.30 12:00:00	117.5	118.6	119.0	nan	2	EU	EUR
999030011	CPI m/m	2021.08.31 12:00:00	0.4	-0.1	-0.1	nan	2	EU	EUR
999030012	Core CPI y/y	2021.08.31 12:00:00	1.6	0.7	0.7	nan	2	EU	EUR
999030027	Core CPI	2021.08.31 12:00:00	106.38	nan	106.06	nan	2	EU	EUR
999500001	S&P Global Manufacturing PMI	2021.09.01 11:00:00	61.4	61.5	61.5	nan	2	EU	EUR
999030020	Unemployment Rate	2021.09.01 12:00:00	7.6	7.6	7.7	7.8	2	EU	EUR
999500002	S&P Global Services PMI	2021.09.03 11:00:00	59.0	59.7	59.7	nan	2	EU	EUR
999500003	S&P Global Composite PMI	2021.09.03 11:00:00	59.0	59.5	59.5	nan	2	EU	EUR
999520001	CFTC EUR Non-Commercial Net Positions	2021.09.03 22:30:00	10.5	nan	24.6	nan	2	EU	EUR
999500004	S&P Global Construction PMI	2021.09.06 10:30:00	49.5	nan	49.8	nan	2	EU	EUR
999030016	GDP q/q	2021.09.07 12:00:00	2.2	2.0	2.0	nan	2	EU	EUR
999030017	GDP y/y	2021.09.07 12:00:00	14.3	13.6	13.6	nan	2	EU	EUR
999030028	Employment Level	2021.09.07 12:00:00	158.953	nan	158.447	nan	2	EU	EUR
999050001	ZEW Economic Sentiment Indicator	2021.09.07 12:05:00	31.1	52.2	42.7	nan	2	EU	EUR
999010015	ECB Marginal Lending Facility Rate Decision	2021.09.09 14:45:00	0.25	nan	0.25	nan	2	EU	EUR
999520001	CFTC EUR Non-Commercial Net Positions	2021.09.10 22:30:00	26.3	nan	10.5	nan	2	EU	EUR
999030007	Industrial Production m/m	2021.09.15 12:00:00	1.5	-0.1	-0.3	-0.1	2	EU	EUR
999030023	Wage Costs y/y	2021.09.15 12:00:00	-0.4	3.5	2.2	2.1	2	EU	EUR
999030018	Trade Balance	2021.09.16 12:00:00	13.4	15.0	12.4	11.9	2	EU	EUR
999030019	Trade Balance n.s.a.	2021.09.16 12:00:00	20.7	22.5	18.1	nan	2	EU	EUR
999030011	CPI m/m	2021.09.17 12:00:00	0.4	0.4	0.4	nan	2	EU	EUR
999030012	Core CPI y/y	2021.09.17 12:00:00	1.6	1.6	1.6	nan	2	EU	EUR
999030027	Core CPI	2021.09.17 12:00:00	106.35	nan	106.38	nan	2	EU	EUR
999520001	CFTC EUR Non-Commercial Net Positions	2021.09.17 22:30:00	27.8	nan	26.3	nan	2	EU	EUR
999500001	S&P Global Manufacturing PMI	2021.09.23 11:00:00	58.7	61.6	61.4	nan	2	EU	EUR
999500002	S&P Global Services PMI	2021.09.23 11:00:00	56.3	59.5	59.0	nan	2	EU	EUR
999500003	S&P Global Composite PMI	2021.09.23 11:00:00	56.1	59.3	59.0	nan	2	EU	EUR
999010009	ECB Targeted LTRO	2021.09.23 12:30:00	97.57	nan	109.83	nan	2	EU	EUR
999520001	CFTC EUR Non-Commercial Net Positions	2021.09.24 22:30:00	12.1	nan	27.8	nan	2	EU	EUR
999010019	ECB Households Loans y/y	2021.09.27 11:00:00	4.2	4.3	4.2	nan	2	EU	EUR
999040005	Economic Sentiment Indicator	2021.09.29 12:00:00	117.8	118.3	117.5	117.6	2	EU	EUR
999030020	Unemployment Rate	2021.09.30 12:00:00	7.5	7.4	7.6	nan	2	EU	EUR
999500001	S&P Global Manufacturing PMI	2021.10.01 11:00:00	58.6	58.7	58.7	nan	2	EU	EUR
999030011	CPI m/m	2021.10.01 12:00:00	0.5	0.1	0.4	nan	2	EU	EUR
999030012	Core CPI y/y	2021.10.01 12:00:00	1.9	1.6	1.6	nan	2	EU	EUR
999030027	Core CPI	2021.10.01 12:00:00	106.92	nan	106.35	nan	2	EU	EUR
999520001	CFTC EUR Non-Commercial Net Positions	2021.10.01 22:30:00	0.9	nan	12.1	nan	2	EU	EUR
999500002	S&P Global Services PMI	2021.10.05 11:00:00	56.4	56.3	56.3	nan	2	EU	EUR
999500003	S&P Global Composite PMI	2021.10.05 11:00:00	56.2	56.1	56.1	nan	2	EU	EUR
999500004	S&P Global Construction PMI	2021.10.06 10:30:00	50.0	nan	49.5	nan	2	EU	EUR
999520001	CFTC EUR Non-Commercial Net Positions	2021.10.08 22:30:00	-22.3	nan	0.9	nan	2	EU	EUR
999050001	ZEW Economic Sentiment Indicator	2021.10.12 12:05:00	21.0	37.0	31.1	nan	2	EU	EUR
999030007	Industrial Production m/m	2021.10.13 12:00:00	-1.6	0.4	1.5	1.4	2	EU	EUR
999030018	Trade Balance	2021.10.15 12:00:00	11.1	19.3	13.4	13.5	2	EU	EUR
999030019	Trade Balance n.s.a.	2021.10.15 12:00:00	4.8	8.6	20.7	nan	2	EU	EUR
999520001	CFTC EUR Non-Commercial Net Positions	2021.10.15 22:30:00	-18.4	nan	-22.3	nan	2	EU	EUR
999030011	CPI m/m	2021.10.20 12:00:00	0.5	0.5	0.5	nan	2	EU	EUR
999030012	Core CPI y/y	2021.10.20 12:00:00	1.9	1.9	1.9	nan	2	EU	EUR
999030027	Core CPI	2021.10.20 12:00:00	106.9	nan	106.92	nan	2	EU	EUR
999500001	S&P Global Manufacturing PMI	2021.10.22 11:00:00	58.5	58.7	58.6	nan	2	EU	EUR
999500002	S&P Global Services PMI	2021.10.22 11:00:00	54.7	56.4	56.4	nan	2	EU	EUR
999500003	S&P Global Composite PMI	2021.10.22 11:00:00	54.3	56.2	56.2	nan	2	EU	EUR
999520001	CFTC EUR Non-Commercial Net Positions	2021.10.22 22:30:00	-12.1	nan	-18.4	nan	2	EU	EUR
999010019	ECB Households Loans y/y	2021.10.27 11:00:00	4.1	4.3	4.2	nan	2	EU	EUR
999040005	Economic Sentiment Indicator	2021.10.28 12:00:00	118.6	117.7	117.8	nan	2	EU	EUR
999010015	ECB Marginal Lending Facility Rate Decision	2021.10.28 14:45:00	0.25	nan	0.25	nan	2	EU	EUR
999030011	CPI m/m	2021.10.29 12:00:00	0.8	0.0	0.5	nan	2	EU	EUR
999030012	Core CPI y/y	2021.10.29 12:00:00	2.1	1.9	1.9	nan	2	EU	EUR
999030016	GDP q/q	2021.10.29 12:00:00	2.2	2.1	2.2	2.1	2	EU	EUR
999030017	GDP y/y	2021.10.29 12:00:00	3.7	15.2	14.3	14.2	2	EU	EUR
999030027	Core CPI	2021.10.29 12:00:00	107.24	nan	106.9	nan	2	EU	EUR
999520001	CFTC EUR Non-Commercial Net Positions	2021.10.29 22:30:00	-11.3	nan	-12.1	nan	2	EU	EUR
999500001	S&P Global Manufacturing PMI	2021.11.02 12:00:00	58.3	58.5	58.5	nan	2	EU	EUR
999030020	Unemployment Rate	2021.11.03 13:00:00	7.4	7.3	7.5	nan	2	EU	EUR
999500002	S&P Global Services PMI	2021.11.04 12:00:00	54.6	54.7	54.7	nan	2	EU	EUR
999500003	S&P Global Composite PMI	2021.11.04 12:00:00	54.2	54.3	54.3	nan	2	EU	EUR
999500004	S&P Global Construction PMI	2021.11.05 11:30:00	51.2	nan	50.0	nan	2	EU	EUR
999520001	CFTC EUR Non-Commercial Net Positions	2021.11.05 22:30:00	-6.1	nan	-11.3	nan	2	EU	EUR
999050001	ZEW Economic Sentiment Indicator	2021.11.09 13:05:00	25.9	26.1	21.0	nan	2	EU	EUR
999030007	Industrial Production m/m	2021.11.12 13:00:00	-0.2	0.2	-1.6	-1.7	2	EU	EUR
999030018	Trade Balance	2021.11.15 13:00:00	6.1	18.7	11.1	9.7	2	EU	EUR
999030019	Trade Balance n.s.a.	2021.11.15 13:00:00	7.3	16.8	4.8	nan	2	EU	EUR
999520001	CFTC EUR Non-Commercial Net Positions	2021.11.15 23:30:00	3.8	nan	-6.1	nan	2	EU	EUR
999030016	GDP q/q	2021.11.16 13:00:00	2.2	2.2	2.2	nan	2	EU	EUR
999030017	GDP y/y	2021.11.16 13:00:00	3.7	3.7	3.7	nan	2	EU	EUR
999030028	Employment Level	2021.11.16 13:00:00	160.758	nan	158.953	159.269	2	EU	EUR
999030011	CPI m/m	2021.11.17 13:00:00	0.8	0.8	0.8	nan	2	EU	EUR
999030012	Core CPI y/y	2021.11.17 13:00:00	2.0	2.1	2.1	nan	2	EU	EUR
999030027	Core CPI	2021.11.17 13:00:00	107.22	nan	107.24	nan	2	EU	EUR
999520001	CFTC EUR Non-Commercial Net Positions	2021.11.19 23:30:00	-3.8	nan	3.8	nan	2	EU	EUR
999500001	S&P Global Manufacturing PMI	2021.11.23 12:00:00	58.6	58.5	58.3	nan	2	EU	EUR
999500002	S&P Global Services PMI	2021.11.23 12:00:00	56.6	54.7	54.6	nan	2	EU	EUR
999500003	S&P Global Composite PMI	2021.11.23 12:00:00	55.8	54.3	54.2	nan	2	EU	EUR
999010019	ECB Households Loans y/y	2021.11.26 12:00:00	4.1	4.2	4.1	nan	2	EU	EUR
999040005	Economic Sentiment Indicator	2021.11.29 13:00:00	117.5	118.3	118.6	nan	2	EU	EUR
999520001	CFTC EUR Non-Commercial Net Positions	2021.11.29 23:30:00	-16.5	nan	-3.8	nan	2	EU	EUR
999030011	CPI m/m	2021.11.30 13:00:00	0.5	0.0	0.8	nan	2	EU	EUR
999030012	Core CPI y/y	2021.11.30 13:00:00	2.6	2.1	2.0	nan	2	EU	EUR
999030027	Core CPI	2021.11.30 13:00:00	107.28	nan	107.22	nan	2	EU	EUR
999500001	S&P Global Manufacturing PMI	2021.12.01 12:00:00	58.4	53.8	58.6	nan	2	EU	EUR
999030020	Unemployment Rate	2021.12.02 13:00:00	7.3	7.3	7.4	nan	2	EU	EUR
999500002	S&P Global Services PMI	2021.12.03 12:00:00	55.9	56.6	56.6	nan	2	EU	EUR
999500003	S&P Global Composite PMI	2021.12.03 12:00:00	55.4	55.8	55.8	nan	2	EU	EUR
999520001	CFTC EUR Non-Commercial Net Positions	2021.12.03 23:30:00	-23.2	nan	-16.5	nan	2	EU	EUR
999500004	S&P Global Construction PMI	2021.12.06 11:30:00	53.3	nan	51.2	nan	2	EU	EUR
999030016	GDP q/q	2021.12.07 13:00:00	2.2	2.2	2.2	nan	2	EU	EUR
999030017	GDP y/y	2021.12.07 13:00:00	3.9	3.7	3.7	nan	2	EU	EUR
999030028	Employment Level	2021.12.07 13:00:00	160.974	nan	160.758	nan	2	EU	EUR
999050001	ZEW Economic Sentiment Indicator	2021.12.07 13:05:00	26.8	23.5	25.9	nan	2	EU	EUR
999520001	CFTC EUR Non-Commercial Net Positions	2021.12.10 23:30:00	-8.3	nan	-23.2	nan	2	EU	EUR
999030007	Industrial Production m/m	2021.12.14 13:00:00	1.1	-0.3	-0.2	nan	2	EU	EUR
999500001	S&P Global Manufacturing PMI	2021.12.16 12:00:00	58.0	58.6	58.4	nan	2	EU	EUR
999500002	S&P Global Services PMI	2021.12.16 12:00:00	53.3	56.3	55.9	nan	2	EU	EUR
999500003	S&P Global Composite PMI	2021.12.16 12:00:00	53.4	55.6	55.4	nan	2	EU	EUR
999030018	Trade Balance	2021.12.16 13:00:00	2.4	12.7	6.1	nan	2	EU	EUR
999030019	Trade Balance n.s.a.	2021.12.16 13:00:00	3.6	19.3	7.3	nan	2	EU	EUR
999030023	Wage Costs y/y	2021.12.16 13:00:00	2.3	1.5	-0.4	-0.5	2	EU	EUR
999010009	ECB Targeted LTRO	2021.12.16 13:30:00	51.97	nan	97.57	nan	2	EU	EUR
999010015	ECB Marginal Lending Facility Rate Decision	2021.12.16 15:45:00	0.25	nan	0.25	nan	2	EU	EUR
999030011	CPI m/m	2021.12.17 13:00:00	0.4	0.5	0.5	nan	2	EU	EUR
999030012	Core CPI y/y	2021.12.17 13:00:00	2.6	2.6	2.6	nan	2	EU	EUR
999030027	Core CPI	2021.12.17 13:00:00	107.26	nan	107.28	nan	2	EU	EUR
999520001	CFTC EUR Non-Commercial Net Positions	2021.12.17 23:30:00	-11.9	nan	-8.3	nan	2	EU	EUR
999520001	CFTC EUR Non-Commercial Net Positions	2021.12.27 23:30:00	-10.2	nan	-11.9	nan	2	EU	EUR
999010019	ECB Households Loans y/y	2021.12.29 12:00:00	4.2	4.2	4.1	nan	2	EU	EUR
999500001	S&P Global Manufacturing PMI	2022.01.03 12:00:00	58.0	58.0	58.0	nan	2	EU	EUR
999520001	CFTC EUR Non-Commercial Net Positions	2022.01.03 23:30:00	-6.6	nan	-10.2	nan	2	EU	EUR
999500002	S&P Global Services PMI	2022.01.05 12:00:00	53.1	53.3	53.3	nan	2	EU	EUR
999500003	S&P Global Composite PMI	2022.01.05 12:00:00	53.3	53.4	53.4	nan	2	EU	EUR
999500004	S&P Global Construction PMI	2022.01.06 11:30:00	52.9	nan	53.3	nan	2	EU	EUR
999040005	Economic Sentiment Indicator	2022.01.07 13:00:00	115.3	118.1	117.5	117.6	2	EU	EUR
999030011	CPI m/m	2022.01.07 13:00:00	0.4	0.6	0.4	nan	2	EU	EUR
999030012	Core CPI y/y	2022.01.07 13:00:00	2.6	2.7	2.6	nan	2	EU	EUR
999030027	Core CPI	2022.01.07 13:00:00	107.69	nan	107.26	nan	2	EU	EUR
999520001	CFTC EUR Non-Commercial Net Positions	2022.01.07 23:30:00	-1.6	nan	-6.6	nan	2	EU	EUR
999030020	Unemployment Rate	2022.01.10 13:00:00	7.2	7.2	7.3	nan	2	EU	EUR
999030007	Industrial Production m/m	2022.01.12 13:00:00	2.3	-0.2	1.1	-1.3	2	EU	EUR
999030018	Trade Balance	2022.01.14 13:00:00	-1.3	-1.1	2.4	1.8	2	EU	EUR
999030019	Trade Balance n.s.a.	2022.01.14 13:00:00	-1.5	15.6	3.6	nan	2	EU	EUR
999520001	CFTC EUR Non-Commercial Net Positions	2022.01.14 23:30:00	6.0	nan	-1.6	nan	2	EU	EUR
999050001	ZEW Economic Sentiment Indicator	2022.01.18 13:05:00	49.4	26.4	26.8	nan	2	EU	EUR
999030011	CPI m/m	2022.01.20 13:00:00	0.4	0.4	0.4	nan	2	EU	EUR
999030012	Core CPI y/y	2022.01.20 13:00:00	2.6	2.6	2.6	nan	2	EU	EUR
999030027	Core CPI	2022.01.20 13:00:00	107.68	nan	107.69	nan	2	EU	EUR
999520001	CFTC EUR Non-Commercial Net Positions	2022.01.21 23:30:00	24.6	nan	6.0	nan	2	EU	EUR
999500001	S&P Global Manufacturing PMI	2022.01.24 12:00:00	59.0	58.1	58.0	nan	2	EU	EUR
999500002	S&P Global Services PMI	2022.01.24 12:00:00	51.2	53.2	53.1	nan	2	EU	EUR
999500003	S&P Global Composite PMI	2022.01.24 12:00:00	52.4	53.4	53.3	nan	2	EU	EUR
999010019	ECB Households Loans y/y	2022.01.28 12:00:00	4.1	4.3	4.2	nan	2	EU	EUR
999040005	Economic Sentiment Indicator	2022.01.28 13:00:00	112.7	116.5	115.3	113.8	2	EU	EUR
999520001	CFTC EUR Non-Commercial Net Positions	2022.01.28 23:30:00	31.6	nan	24.6	nan	2	EU	EUR
999030016	GDP q/q	2022.01.31 13:00:00	0.3	2.2	2.2	2.3	2	EU	EUR
999030017	GDP y/y	2022.01.31 13:00:00	4.6	3.8	3.9	nan	2	EU	EUR
999500001	S&P Global Manufacturing PMI	2022.02.01 12:00:00	58.7	59.0	59.0	nan	2	EU	EUR
999030020	Unemployment Rate	2022.02.01 13:00:00	7.0	7.1	7.2	7.1	2	EU	EUR
999030011	CPI m/m	2022.02.02 13:00:00	0.3	0.8	0.4	nan	2	EU	EUR
999030012	Core CPI y/y	2022.02.02 13:00:00	2.3	2.7	2.6	nan	2	EU	EUR
999030027	Core CPI	2022.02.02 13:00:00	106.8	nan	107.68	nan	2	EU	EUR
999500002	S&P Global Services PMI	2022.02.03 12:00:00	51.1	51.2	51.2	nan	2	EU	EUR
999500003	S&P Global Composite PMI	2022.02.03 12:00:00	52.3	52.4	52.4	nan	2	EU	EUR
999010015	ECB Marginal Lending Facility Rate Decision	2022.02.03 15:45:00	0.25	nan	0.25	nan	2	EU	EUR
999500004	S&P Global Construction PMI	2022.02.04 11:30:00	56.6	nan	52.9	nan	2	EU	EUR
999520001	CFTC EUR Non-Commercial Net Positions	2022.02.04 23:30:00	29.7	nan	31.6	nan	2	EU	EUR
999520001	CFTC EUR Non-Commercial Net Positions	2022.02.11 23:30:00	38.8	nan	29.7	nan	2	EU	EUR
999030016	GDP q/q	2022.02.15 13:00:00	0.3	0.3	0.3	nan	2	EU	EUR
999030017	GDP y/y	2022.02.15 13:00:00	4.6	4.6	4.6	nan	2	EU	EUR
999030018	Trade Balance	2022.02.15 13:00:00	-9.7	-2.5	-1.3	-1.8	2	EU	EUR
999030019	Trade Balance n.s.a.	2022.02.15 13:00:00	-4.6	10.5	-1.5	nan	2	EU	EUR
999030028	Employment Level	2022.02.15 13:00:00	161.758	nan	160.974	160.976	2	EU	EUR
999050001	ZEW Economic Sentiment Indicator	2022.02.15 13:05:00	48.6	38.4	49.4	nan	2	EU	EUR
999030007	Industrial Production m/m	2022.02.16 13:00:00	1.2	0.7	2.3	2.4	2	EU	EUR
999520001	CFTC EUR Non-Commercial Net Positions	2022.02.18 23:30:00	47.6	nan	38.8	nan	2	EU	EUR
999500001	S&P Global Manufacturing PMI	2022.02.21 12:00:00	58.4	58.9	58.7	nan	2	EU	EUR
999500002	S&P Global Services PMI	2022.02.21 12:00:00	55.8	51.2	51.1	nan	2	EU	EUR
999500003	S&P Global Composite PMI	2022.02.21 12:00:00	55.8	52.4	52.3	nan	2	EU	EUR
999030011	CPI m/m	2022.02.23 13:00:00	0.3	0.3	0.3	nan	2	EU	EUR
999030012	Core CPI y/y	2022.02.23 13:00:00	2.3	2.3	2.3	nan	2	EU	EUR
999030027	Core CPI	2022.02.23 13:00:00	106.73	nan	106.8	nan	2	EU	EUR
999010019	ECB Households Loans y/y	2022.02.25 12:00:00	4.3	4.1	4.1	4.2	2	EU	EUR
999040005	Economic Sentiment Indicator	2022.02.25 13:00:00	114.0	114.0	112.7	nan	2	EU	EUR
999520001	CFTC EUR Non-Commercial Net Positions	2022.02.25 23:30:00	59.3	nan	47.6	nan	2	EU	EUR
999500001	S&P Global Manufacturing PMI	2022.03.01 12:00:00	58.2	58.4	58.4	nan	2	EU	EUR
999030011	CPI m/m	2022.03.02 13:00:00	0.9	0.4	0.3	nan	2	EU	EUR
999030012	Core CPI y/y	2022.03.02 13:00:00	2.7	2.3	2.3	nan	2	EU	EUR
999030027	Core CPI	2022.03.02 13:00:00	107.29	nan	106.73	nan	2	EU	EUR
999500002	S&P Global Services PMI	2022.03.03 12:00:00	55.5	55.8	55.8	nan	2	EU	EUR
999500003	S&P Global Composite PMI	2022.03.03 12:00:00	55.5	55.8	55.8	nan	2	EU	EUR
999030020	Unemployment Rate	2022.03.03 13:00:00	6.8	6.9	7.0	nan	2	EU	EUR
999500004	S&P Global Construction PMI	2022.03.04 11:30:00	56.3	nan	56.6	nan	2	EU	EUR
999520001	CFTC EUR Non-Commercial Net Positions	2022.03.04 23:30:00	64.9	nan	59.3	nan	2	EU	EUR
999030016	GDP q/q	2022.03.08 13:00:00	0.3	0.3	0.3	nan	2	EU	EUR
999030017	GDP y/y	2022.03.08 13:00:00	4.6	4.6	4.6	nan	2	EU	EUR
999030028	Employment Level	2022.03.08 13:00:00	161.858	nan	161.758	nan	2	EU	EUR
999010015	ECB Marginal Lending Facility Rate Decision	2022.03.10 15:45:00	0.25	nan	0.25	nan	2	EU	EUR
999520001	CFTC EUR Non-Commercial Net Positions	2022.03.11 23:30:00	58.8	nan	64.9	nan	2	EU	EUR
999030007	Industrial Production m/m	2022.03.15 13:00:00	0.0	0.1	1.2	1.3	2	EU	EUR
999050001	ZEW Economic Sentiment Indicator	2022.03.15 13:05:00	-38.7	49.3	48.6	nan	2	EU	EUR
999030011	CPI m/m	2022.03.17 13:00:00	0.9	0.9	0.9	nan	2	EU	EUR
999030012	Core CPI y/y	2022.03.17 13:00:00	2.7	2.7	2.7	nan	2	EU	EUR
999030027	Core CPI	2022.03.17 13:00:00	107.3	nan	107.29	nan	2	EU	EUR
999030018	Trade Balance	2022.03.18 13:00:00	-7.7	-9.8	-9.7	nan	2	EU	EUR
999030019	Trade Balance n.s.a.	2022.03.18 13:00:00	-27.2	-17.8	-4.6	nan	2	EU	EUR
999030023	Wage Costs y/y	2022.03.18 13:00:00	1.5	1.5	2.3	2.2	2	EU	EUR
999520001	CFTC EUR Non-Commercial Net Positions	2022.03.18 22:30:00	18.8	nan	58.8	nan	2	EU	EUR
999500001	S&P Global Manufacturing PMI	2022.03.24 12:00:00	57.0	58.4	58.2	nan	2	EU	EUR
999500002	S&P Global Services PMI	2022.03.24 12:00:00	54.8	55.7	55.5	nan	2	EU	EUR
999500003	S&P Global Composite PMI	2022.03.24 12:00:00	54.5	55.7	55.5	nan	2	EU	EUR
999010019	ECB Households Loans y/y	2022.03.25 12:00:00	4.4	4.2	4.3	nan	2	EU	EUR
999520001	CFTC EUR Non-Commercial Net Positions	2022.03.25 22:30:00	23.8	nan	18.8	nan	2	EU	EUR
999040005	Economic Sentiment Indicator	2022.03.30 12:00:00	108.5	113.4	114.0	113.9	2	EU	EUR
999030020	Unemployment Rate	2022.03.31 12:00:00	6.8	6.6	6.8	6.9	2	EU	EUR
999500001	S&P Global Manufacturing PMI	2022.04.01 11:00:00	56.5	57.0	57.0	nan	2	EU	EUR
999030011	CPI m/m	2022.04.01 12:00:00	2.5	0.9	0.9	nan	2	EU	EUR
999030012	Core CPI y/y	2022.04.01 12:00:00	3.0	2.8	2.7	nan	2	EU	EUR
999030027	Core CPI	2022.04.01 12:00:00	108.59	nan	107.3	nan	2	EU	EUR
999520001	CFTC EUR Non-Commercial Net Positions	2022.04.01 22:30:00	21.4	nan	23.8	nan	2	EU	EUR
999500002	S&P Global Services PMI	2022.04.05 11:00:00	55.6	54.8	54.8	nan	2	EU	EUR
999500003	S&P Global Composite PMI	2022.04.05 11:00:00	54.9	54.5	54.5	nan	2	EU	EUR
999500004	S&P Global Construction PMI	2022.04.06 10:30:00	52.8	nan	56.3	nan	2	EU	EUR
999520001	CFTC EUR Non-Commercial Net Positions	2022.04.08 22:30:00	27.4	nan	21.4	nan	2	EU	EUR
999050001	ZEW Economic Sentiment Indicator	2022.04.12 12:05:00	-43.0	0.2	-38.7	nan	2	EU	EUR
999010015	ECB Marginal Lending Facility Rate Decision	2022.04.14 14:45:00	0.25	nan	0.25	nan	2	EU	EUR
999520001	CFTC EUR Non-Commercial Net Positions	2022.04.15 22:30:00	39.1	nan	27.4	nan	2	EU	EUR
999030018	Trade Balance	2022.04.20 12:00:00	-9.4	-8.4	-7.7	nan	2	EU	EUR
999030019	Trade Balance n.s.a.	2022.04.20 12:00:00	-7.6	-17.3	-27.2	nan	2	EU	EUR
999030007	Industrial Production m/m	2022.04.20 12:00:00	0.7	-0.5	0.0	-0.7	2	EU	EUR
999030011	CPI m/m	2022.04.21 12:00:00	2.4	2.5	2.5	nan	2	EU	EUR
999030012	Core CPI y/y	2022.04.21 12:00:00	2.9	3.0	3.0	nan	2	EU	EUR
999030027	Core CPI	2022.04.21 12:00:00	108.58	nan	108.59	nan	2	EU	EUR
999500001	S&P Global Manufacturing PMI	2022.04.22 11:00:00	55.3	56.8	56.5	nan	2	EU	EUR
999500002	S&P Global Services PMI	2022.04.22 11:00:00	57.7	54.9	55.6	nan	2	EU	EUR
999500003	S&P Global Composite PMI	2022.04.22 11:00:00	55.8	54.7	54.9	nan	2	EU	EUR
999520001	CFTC EUR Non-Commercial Net Positions	2022.04.22 22:30:00	31.3	nan	39.1	nan	2	EU	EUR
999010019	ECB Households Loans y/y	2022.04.29 11:00:00	4.5	4.3	4.4	nan	2	EU	EUR
999030011	CPI m/m	2022.04.29 12:00:00	0.6	1.8	2.4	nan	2	EU	EUR
999030012	Core CPI y/y	2022.04.29 12:00:00	3.5	3.0	2.9	nan	2	EU	EUR
999030016	GDP q/q	2022.04.29 12:00:00	0.2	0.3	0.3	nan	2	EU	EUR
999030017	GDP y/y	2022.04.29 12:00:00	5.0	4.6	4.6	4.7	2	EU	EUR
999030027	Core CPI	2022.04.29 12:00:00	109.73	nan	108.58	nan	2	EU	EUR
999520001	CFTC EUR Non-Commercial Net Positions	2022.04.29 22:30:00	22.2	nan	31.3	nan	2	EU	EUR
999500001	S&P Global Manufacturing PMI	2022.05.02 11:00:00	55.5	55.3	55.3	nan	2	EU	EUR
999040005	Economic Sentiment Indicator	2022.05.02 12:00:00	105.0	111.2	108.5	106.7	2	EU	EUR
999030020	Unemployment Rate	2022.05.03 12:00:00	6.8	6.6	6.8	6.9	2	EU	EUR
999500002	S&P Global Services PMI	2022.05.04 11:00:00	57.7	57.7	57.7	nan	2	EU	EUR
999500003	S&P Global Composite PMI	2022.05.04 11:00:00	55.8	55.8	55.8	nan	2	EU	EUR
999500004	S&P Global Construction PMI	2022.05.05 10:30:00	50.4	nan	52.8	nan	2	EU	EUR
999520001	CFTC EUR Non-Commercial Net Positions	2022.05.06 22:30:00	-6.4	nan	22.2	nan	2	EU	EUR
999050001	ZEW Economic Sentiment Indicator	2022.05.10 12:05:00	-29.5	-41.0	-43.0	nan	2	EU	EUR
999030007	Industrial Production m/m	2022.05.13 12:00:00	-1.8	-0.3	0.7	0.5	2	EU	EUR
999520001	CFTC EUR Non-Commercial Net Positions	2022.05.13 22:30:00	16.5	nan	-6.4	nan	2	EU	EUR
999030018	Trade Balance	2022.05.16 12:00:00	-17.6	-6.6	-9.4	-11.3	2	EU	EUR
999030019	Trade Balance n.s.a.	2022.05.16 12:00:00	-16.4	-8.5	-7.6	nan	2	EU	EUR
999030016	GDP q/q	2022.05.17 12:00:00	0.3	0.2	0.2	nan	2	EU	EUR
999030017	GDP y/y	2022.05.17 12:00:00	5.1	5.0	5.0	nan	2	EU	EUR
999030028	Employment Level	2022.05.17 12:00:00	162.551	nan	161.858	161.799	2	EU	EUR
999030011	CPI m/m	2022.05.18 12:00:00	0.6	0.6	0.6	nan	2	EU	EUR
999030012	Core CPI y/y	2022.05.18 12:00:00	3.5	3.5	3.5	nan	2	EU	EUR
999030027	Core CPI	2022.05.18 12:00:00	109.73	nan	109.73	nan	2	EU	EUR
999520001	CFTC EUR Non-Commercial Net Positions	2022.05.20 22:30:00	20.3	nan	16.5	nan	2	EU	EUR
999500001	S&P Global Manufacturing PMI	2022.05.24 11:00:00	54.4	55.4	55.5	nan	2	EU	EUR
999500002	S&P Global Services PMI	2022.05.24 11:00:00	56.3	57.9	57.7	nan	2	EU	EUR
999500003	S&P Global Composite PMI	2022.05.24 11:00:00	54.9	55.7	55.8	nan	2	EU	EUR
999010019	ECB Households Loans y/y	2022.05.27 11:00:00	4.5	4.4	4.5	nan	2	EU	EUR
999520001	CFTC EUR Non-Commercial Net Positions	2022.05.27 22:30:00	38.9	nan	20.3	nan	2	EU	EUR
999040005	Economic Sentiment Indicator	2022.05.30 12:00:00	105.0	106.7	105.0	104.9	2	EU	EUR
999030011	CPI m/m	2022.05.31 12:00:00	0.8	0.6	0.6	nan	2	EU	EUR
999030012	Core CPI y/y	2022.05.31 12:00:00	3.8	3.6	3.5	nan	2	EU	EUR
999030027	Core CPI	2022.05.31 12:00:00	110.25	nan	109.73	nan	2	EU	EUR
999500001	S&P Global Manufacturing PMI	2022.06.01 11:00:00	54.6	54.4	54.4	nan	2	EU	EUR
999030020	Unemployment Rate	2022.06.01 12:00:00	6.8	6.7	6.8	nan	2	EU	EUR
999500002	S&P Global Services PMI	2022.06.03 11:00:00	56.1	56.3	56.3	nan	2	EU	EUR
999500003	S&P Global Composite PMI	2022.06.03 11:00:00	54.8	54.9	54.9	nan	2	EU	EUR
999520001	CFTC EUR Non-Commercial Net Positions	2022.06.03 22:30:00	52.3	nan	38.9	nan	2	EU	EUR
999500004	S&P Global Construction PMI	2022.06.07 10:30:00	49.2	nan	50.4	nan	2	EU	EUR
999030016	GDP q/q	2022.06.08 12:00:00	0.6	0.3	0.3	nan	2	EU	EUR
999030017	GDP y/y	2022.06.08 12:00:00	5.4	5.1	5.1	nan	2	EU	EUR
999030028	Employment Level	2022.06.08 12:00:00	162.875	nan	162.551	nan	2	EU	EUR
999010015	ECB Marginal Lending Facility Rate Decision	2022.06.09 14:45:00	0.25	nan	0.25	nan	2	EU	EUR
999520001	CFTC EUR Non-Commercial Net Positions	2022.06.10 22:30:00	50.5	nan	52.3	nan	2	EU	EUR
999050001	ZEW Economic Sentiment Indicator	2022.06.14 12:05:00	-28.0	-24.3	-29.5	nan	2	EU	EUR
999030018	Trade Balance	2022.06.15 12:00:00	-31.7	-15.4	-17.6	-17.8	2	EU	EUR
999030019	Trade Balance n.s.a.	2022.06.15 12:00:00	-32.4	-22.8	-16.4	nan	2	EU	EUR
999030007	Industrial Production m/m	2022.06.15 12:00:00	0.4	0.3	-1.8	-1.4	2	EU	EUR
999030023	Wage Costs y/y	2022.06.16 12:00:00	2.7	1.2	1.5	nan	2	EU	EUR
999030011	CPI m/m	2022.06.17 12:00:00	0.8	0.8	0.8	nan	2	EU	EUR
999030012	Core CPI y/y	2022.06.17 12:00:00	3.8	3.8	3.8	nan	2	EU	EUR
999030027	Core CPI	2022.06.17 12:00:00	110.25	nan	110.25	nan	2	EU	EUR
999520001	CFTC EUR Non-Commercial Net Positions	2022.06.17 22:30:00	-6.0	nan	50.5	nan	2	EU	EUR
999500001	S&P Global Manufacturing PMI	2022.06.23 11:00:00	52.0	54.5	54.6	nan	2	EU	EUR
999500002	S&P Global Services PMI	2022.06.23 11:00:00	52.8	55.2	56.1	nan	2	EU	EUR
999500003	S&P Global Composite PMI	2022.06.23 11:00:00	51.9	54.2	54.8	nan	2	EU	EUR
999520001	CFTC EUR Non-Commercial Net Positions	2022.06.24 22:30:00	-15.6	nan	-6.0	nan	2	EU	EUR
999010019	ECB Households Loans y/y	2022.06.29 11:00:00	4.6	4.6	4.5	4.6	2	EU	EUR
999040005	Economic Sentiment Indicator	2022.06.29 12:00:00	104.0	105.0	105.0	nan	2	EU	EUR
999030020	Unemployment Rate	2022.06.30 12:00:00	6.6	6.8	6.8	6.7	2	EU	EUR
999500001	S&P Global Manufacturing PMI	2022.07.01 11:00:00	52.1	52.0	52.0	nan	2	EU	EUR
999030011	CPI m/m	2022.07.01 12:00:00	0.8	1.7	0.8	nan	2	EU	EUR
999030012	Core CPI y/y	2022.07.01 12:00:00	3.7	3.9	3.8	nan	2	EU	EUR
999030027	Core CPI	2022.07.01 12:00:00	110.52	nan	110.25	nan	2	EU	EUR
999520001	CFTC EUR Non-Commercial Net Positions	2022.07.01 22:30:00	-10.6	nan	-15.6	nan	2	EU	EUR
999500002	S&P Global Services PMI	2022.07.05 11:00:00	53.0	52.8	52.8	nan	2	EU	EUR
999500003	S&P Global Composite PMI	2022.07.05 11:00:00	52.0	51.9	51.9	nan	2	EU	EUR
999500004	S&P Global Construction PMI	2022.07.06 10:30:00	47.0	nan	49.2	nan	2	EU	EUR
999520001	CFTC EUR Non-Commercial Net Positions	2022.07.08 22:30:00	-16.9	nan	-10.6	nan	2	EU	EUR
999050001	ZEW Economic Sentiment Indicator	2022.07.12 12:05:00	-51.1	-32.8	-28.0	nan	2	EU	EUR
999030007	Industrial Production m/m	2022.07.13 12:00:00	0.8	0.3	0.4	0.5	2	EU	EUR
999030018	Trade Balance	2022.07.15 12:00:00	-26.0	-40.6	-31.7	-31.8	2	EU	EUR
999030019	Trade Balance n.s.a.	2022.07.15 12:00:00	-26.3	-26.0	-32.4	nan	2	EU	EUR
999520001	CFTC EUR Non-Commercial Net Positions	2022.07.15 22:30:00	-25.2	nan	-16.9	nan	2	EU	EUR
999030011	CPI m/m	2022.07.19 12:00:00	0.8	0.8	0.8	nan	2	EU	EUR
999030012	Core CPI y/y	2022.07.19 12:00:00	3.7	3.7	3.7	nan	2	EU	EUR
999030027	Core CPI	2022.07.19 12:00:00	110.5	nan	110.52	nan	2	EU	EUR
999010015	ECB Marginal Lending Facility Rate Decision	2022.07.21 14:45:00	0.75	nan	0.25	nan	2	EU	EUR
999500001	S&P Global Manufacturing PMI	2022.07.22 11:00:00	49.6	52.0	52.1	nan	2	EU	EUR
999500002	S&P Global Services PMI	2022.07.22 11:00:00	50.6	51.4	53.0	nan	2	EU	EUR
999500003	S&P Global Composite PMI	2022.07.22 11:00:00	49.4	50.6	52.0	nan	2	EU	EUR
999520001	CFTC EUR Non-Commercial Net Positions	2022.07.22 22:30:00	-42.7	nan	-25.2	nan	2	EU	EUR
999010019	ECB Households Loans y/y	2022.07.27 11:00:00	4.6	4.7	4.6	nan	2	EU	EUR
999040005	Economic Sentiment Indicator	2022.07.28 12:00:00	99.0	104.4	104.0	103.5	2	EU	EUR
999030011	CPI m/m	2022.07.29 12:00:00	0.1	0.3	0.8	nan	2	EU	EUR
999030012	Core CPI y/y	2022.07.29 12:00:00	4.0	3.8	3.7	nan	2	EU	EUR
999030016	GDP q/q	2022.07.29 12:00:00	0.7	0.4	0.6	0.5	2	EU	EUR
999030017	GDP y/y	2022.07.29 12:00:00	4.0	5.3	5.4	nan	2	EU	EUR
999030027	Core CPI	2022.07.29 12:00:00	110.32	nan	110.5	nan	2	EU	EUR
999520001	CFTC EUR Non-Commercial Net Positions	2022.07.29 22:30:00	-41.6	nan	-42.7	nan	2	EU	EUR
999500001	S&P Global Manufacturing PMI	2022.08.01 11:00:00	49.8	49.6	49.6	nan	2	EU	EUR
999030020	Unemployment Rate	2022.08.01 12:00:00	6.6	6.6	6.6	nan	2	EU	EUR
999500002	S&P Global Services PMI	2022.08.03 11:00:00	51.2	50.6	50.6	nan	2	EU	EUR
999500003	S&P Global Composite PMI	2022.08.03 11:00:00	49.9	49.4	49.4	nan	2	EU	EUR
999500004	S&P Global Construction PMI	2022.08.04 10:30:00	45.7	nan	47.0	nan	2	EU	EUR
999520001	CFTC EUR Non-Commercial Net Positions	2022.08.05 22:30:00	-38.8	nan	-41.6	nan	2	EU	EUR
999030007	Industrial Production m/m	2022.08.12 12:00:00	0.7	-0.1	0.8	2.1	2	EU	EUR
999520001	CFTC EUR Non-Commercial Net Positions	2022.08.12 22:30:00	-34.5	nan	-38.8	nan	2	EU	EUR
999030018	Trade Balance	2022.08.16 12:00:00	-30.8	-32.7	-26.0	-27.2	2	EU	EUR
999030019	Trade Balance n.s.a.	2022.08.16 12:00:00	-24.6	-18.2	-26.3	nan	2	EU	EUR
999050001	ZEW Economic Sentiment Indicator	2022.08.16 12:05:00	-54.9	-42.5	-51.1	nan	2	EU	EUR
999030016	GDP q/q	2022.08.17 12:00:00	0.6	0.7	0.7	nan	2	EU	EUR
999030017	GDP y/y	2022.08.17 12:00:00	3.9	4.0	4.0	nan	2	EU	EUR
999030028	Employment Level	2022.08.17 12:00:00	163.413	nan	162.875	162.978	2	EU	EUR
999030011	CPI m/m	2022.08.18 12:00:00	0.1	0.1	0.1	nan	2	EU	EUR
999030012	Core CPI y/y	2022.08.18 12:00:00	4.0	4.0	4.0	nan	2	EU	EUR
999030027	Core CPI	2022.08.18 12:00:00	110.33	nan	110.32	nan	2	EU	EUR
999520001	CFTC EUR Non-Commercial Net Positions	2022.08.19 22:30:00	-42.8	nan	-34.5	nan	2	EU	EUR
999500001	S&P Global Manufacturing PMI	2022.08.23 11:00:00	49.7	49.7	49.8	nan	2	EU	EUR
999500002	S&P Global Services PMI	2022.08.23 11:00:00	50.2	50.4	51.2	nan	2	EU	EUR
999500003	S&P Global Composite PMI	2022.08.23 11:00:00	49.2	49.2	49.9	nan	2	EU	EUR
999010019	ECB Households Loans y/y	2022.08.26 11:00:00	4.5	4.7	4.6	nan	2	EU	EUR
999520001	CFTC EUR Non-Commercial Net Positions	2022.08.26 22:30:00	-44.1	nan	-42.8	nan	2	EU	EUR
999040005	Economic Sentiment Indicator	2022.08.30 12:00:00	97.6	101.4	99.0	98.9	2	EU	EUR
999030011	CPI m/m	2022.08.31 12:00:00	0.5	1.1	0.1	nan	2	EU	EUR
999030012	Core CPI y/y	2022.08.31 12:00:00	4.3	4.1	4.0	nan	2	EU	EUR
999030027	Core CPI	2022.08.31 12:00:00	110.9	nan	110.33	nan	2	EU	EUR
999500001	S&P Global Manufacturing PMI	2022.09.01 11:00:00	49.6	49.7	49.7	nan	2	EU	EUR
999030020	Unemployment Rate	2022.09.01 12:00:00	6.6	6.5	6.6	6.7	2	EU	EUR
999520001	CFTC EUR Non-Commercial Net Positions	2022.09.02 22:30:00	-47.7	nan	-44.1	nan	2	EU	EUR
999500002	S&P Global Services PMI	2022.09.05 11:00:00	49.8	50.2	50.2	nan	2	EU	EUR
999500003	S&P Global Composite PMI	2022.09.05 11:00:00	48.9	49.2	49.2	nan	2	EU	EUR
999500004	S&P Global Construction PMI	2022.09.06 10:30:00	44.2	nan	45.7	nan	2	EU	EUR
999030016	GDP q/q	2022.09.07 12:00:00	0.8	0.6	0.6	nan	2	EU	EUR
999030017	GDP y/y	2022.09.07 12:00:00	4.1	3.9	3.9	nan	2	EU	EUR
999030028	Employment Level	2022.09.07 12:00:00	164.098	nan	163.413	nan	2	EU	EUR
999010015	ECB Marginal Lending Facility Rate Decision	2022.09.08 14:45:00	1.5	nan	0.75	nan	2	EU	EUR
999520001	CFTC EUR Non-Commercial Net Positions	2022.09.09 22:30:00	-36.3	nan	-47.7	nan	2	EU	EUR
999050001	ZEW Economic Sentiment Indicator	2022.09.13 12:05:00	-60.7	-52.0	-54.9	nan	2	EU	EUR
999030007	Industrial Production m/m	2022.09.14 12:00:00	-2.3	-0.2	0.7	1.1	2	EU	EUR
999030018	Trade Balance	2022.09.15 12:00:00	-40.3	-35.5	-30.8	-32.2	2	EU	EUR
999030019	Trade Balance n.s.a.	2022.09.15 12:00:00	-34.0	-16.4	-24.6	nan	2	EU	EUR
999030023	Wage Costs y/y	2022.09.15 12:00:00	4.1	2.0	2.7	3.7	2	EU	EUR
999030011	CPI m/m	2022.09.16 12:00:00	0.6	0.5	0.5	nan	2	EU	EUR
999030012	Core CPI y/y	2022.09.16 12:00:00	4.3	4.3	4.3	nan	2	EU	EUR
999030027	Core CPI	2022.09.16 12:00:00	110.92	nan	110.9	nan	2	EU	EUR
999520001	CFTC EUR Non-Commercial Net Positions	2022.09.16 22:30:00	-11.8	nan	-36.3	nan	2	EU	EUR
999500001	S&P Global Manufacturing PMI	2022.09.23 11:00:00	48.5	49.6	49.6	nan	2	EU	EUR
999500002	S&P Global Services PMI	2022.09.23 11:00:00	48.9	50.0	49.8	nan	2	EU	EUR
999500003	S&P Global Composite PMI	2022.09.23 11:00:00	48.2	49.0	48.9	nan	2	EU	EUR
999520001	CFTC EUR Non-Commercial Net Positions	2022.09.23 22:30:00	33.4	nan	-11.8	nan	2	EU	EUR
999010019	ECB Households Loans y/y	2022.09.27 11:00:00	4.5	4.5	4.5	nan	2	EU	EUR
999040005	Economic Sentiment Indicator	2022.09.29 12:00:00	93.7	98.2	97.6	97.3	2	EU	EUR
999030011	CPI m/m	2022.09.30 12:00:00	1.2	1.2	0.6	nan	2	EU	EUR
999030012	Core CPI y/y	2022.09.30 12:00:00	4.8	4.5	4.3	nan	2	EU	EUR
999030020	Unemployment Rate	2022.09.30 12:00:00	6.6	6.5	6.6	nan	2	EU	EUR
999030027	Core CPI	2022.09.30 12:00:00	112.02	nan	110.92	nan	2	EU	EUR
999520001	CFTC EUR Non-Commercial Net Positions	2022.09.30 22:30:00	33.8	nan	33.4	nan	2	EU	EUR
999500001	S&P Global Manufacturing PMI	2022.10.03 11:00:00	48.4	48.5	48.5	nan	2	EU	EUR
999500002	S&P Global Services PMI	2022.10.05 11:00:00	48.8	48.9	48.9	nan	2	EU	EUR
999500003	S&P Global Composite PMI	2022.10.05 11:00:00	48.1	48.2	48.2	nan	2	EU	EUR
999500004	S&P Global Construction PMI	2022.10.06 10:30:00	45.3	nan	44.2	nan	2	EU	EUR
999520001	CFTC EUR Non-Commercial Net Positions	2022.10.07 22:30:00	43.7	nan	33.8	nan	2	EU	EUR
999030007	Industrial Production m/m	2022.10.12 12:00:00	1.5	0.0	-2.3	nan	2	EU	EUR
999030018	Trade Balance	2022.10.14 12:00:00	-47.3	-43.8	-40.3	-40.5	2	EU	EUR
999030019	Trade Balance n.s.a.	2022.10.14 12:00:00	-50.9	-47.9	-34.0	nan	2	EU	EUR
999520001	CFTC EUR Non-Commercial Net Positions	2022.10.14 22:30:00	37.5	nan	43.7	nan	2	EU	EUR
999050001	ZEW Economic Sentiment Indicator	2022.10.18 12:05:00	-59.7	-60.6	-60.7	nan	2	EU	EUR
999030011	CPI m/m	2022.10.19 12:00:00	1.2	1.2	1.2	nan	2	EU	EUR
999030012	Core CPI y/y	2022.10.19 12:00:00	4.8	4.8	4.8	nan	2	EU	EUR
999030027	Core CPI	2022.10.19 12:00:00	111.98	nan	112.02	nan	2	EU	EUR
999520001	CFTC EUR Non-Commercial Net Positions	2022.10.21 22:30:00	48.2	nan	37.5	nan	2	EU	EUR
999500001	S&P Global Manufacturing PMI	2022.10.24 11:00:00	46.6	48.4	48.4	nan	2	EU	EUR
999500002	S&P Global Services PMI	2022.10.24 11:00:00	48.2	48.8	48.8	nan	2	EU	EUR
999500003	S&P Global Composite PMI	2022.10.24 11:00:00	47.1	48.1	48.1	nan	2	EU	EUR
999010019	ECB Households Loans y/y	2022.10.26 11:00:00	4.4	4.4	4.5	nan	2	EU	EUR
999010015	ECB Marginal Lending Facility Rate Decision	2022.10.27 14:45:00	2.25	nan	1.5	nan	2	EU	EUR
999040005	Economic Sentiment Indicator	2022.10.28 12:00:00	92.5	95.5	93.7	93.6	2	EU	EUR
999520001	CFTC EUR Non-Commercial Net Positions	2022.10.28 22:30:00	74.9	nan	48.2	nan	2	EU	EUR
999030011	CPI m/m	2022.10.31 13:00:00	1.5	0.6	1.2	nan	2	EU	EUR
999030012	Core CPI y/y	2022.10.31 13:00:00	5.0	5.0	4.8	nan	2	EU	EUR
999030016	GDP q/q	2022.10.31 13:00:00	0.2	0.7	0.8	nan	2	EU	EUR
999030017	GDP y/y	2022.10.31 13:00:00	2.1	4.0	4.1	4.3	2	EU	EUR
999030027	Core CPI	2022.10.31 13:00:00	112.61	nan	111.98	nan	2	EU	EUR
999500001	S&P Global Manufacturing PMI	2022.11.02 12:00:00	46.4	46.6	46.6	nan	2	EU	EUR
999030020	Unemployment Rate	2022.11.03 13:00:00	6.6	6.6	6.6	6.7	2	EU	EUR
999500002	S&P Global Services PMI	2022.11.04 12:00:00	48.6	48.2	48.2	nan	2	EU	EUR
999500003	S&P Global Composite PMI	2022.11.04 12:00:00	47.3	47.1	47.1	nan	2	EU	EUR
999520001	CFTC EUR Non-Commercial Net Positions	2022.11.04 22:30:00	105.8	nan	74.9	nan	2	EU	EUR
999500004	S&P Global Construction PMI	2022.11.07 11:30:00	44.9	nan	45.3	nan	2	EU	EUR
999030007	Industrial Production m/m	2022.11.14 13:00:00	0.9	0.2	1.5	2.0	2	EU	EUR
999520001	CFTC EUR Non-Commercial Net Positions	2022.11.14 23:30:00	107.6	nan	105.8	nan	2	EU	EUR
999030016	GDP q/q	2022.11.15 13:00:00	0.2	0.2	0.2	nan	2	EU	EUR
999030017	GDP y/y	2022.11.15 13:00:00	2.1	2.1	2.1	nan	2	EU	EUR
999030018	Trade Balance	2022.11.15 13:00:00	-37.7	-53.0	-47.3	-47.6	2	EU	EUR
999030019	Trade Balance n.s.a.	2022.11.15 13:00:00	-34.4	-49.5	-50.9	-52.4	2	EU	EUR
999030028	Employment Level	2022.11.15 13:00:00	164.475	nan	164.098	164.105	2	EU	EUR
999050001	ZEW Economic Sentiment Indicator	2022.11.15 13:05:00	-38.7	-67.0	-59.7	nan	2	EU	EUR
999030011	CPI m/m	2022.11.17 13:00:00	1.5	1.5	1.5	nan	2	EU	EUR
999030012	Core CPI y/y	2022.11.17 13:00:00	5.0	5.0	5.0	nan	2	EU	EUR
999030027	Core CPI	2022.11.17 13:00:00	112.6	nan	112.61	nan	2	EU	EUR
999520001	CFTC EUR Non-Commercial Net Positions	2022.11.18 23:30:00	112.7	nan	107.6	nan	2	EU	EUR
999500001	S&P Global Manufacturing PMI	2022.11.23 12:00:00	47.3	46.5	46.4	nan	2	EU	EUR
999500002	S&P Global Services PMI	2022.11.23 12:00:00	48.6	48.4	48.6	nan	2	EU	EUR
999500003	S&P Global Composite PMI	2022.11.23 12:00:00	47.8	47.2	47.3	nan	2	EU	EUR
999010019	ECB Households Loans y/y	2022.11.28 12:00:00	4.2	4.4	4.4	nan	2	EU	EUR
999520001	CFTC EUR Non-Commercial Net Positions	2022.11.28 23:30:00	123.1	nan	112.7	nan	2	EU	EUR
999040005	Economic Sentiment Indicator	2022.11.29 13:00:00	93.7	93.0	92.5	92.7	2	EU	EUR
999030011	CPI m/m	2022.11.30 13:00:00	-0.1	1.5	1.5	nan	2	EU	EUR
999030012	Core CPI y/y	2022.11.30 13:00:00	5.0	5.2	5.0	nan	2	EU	EUR
999030027	Core CPI	2022.11.30 13:00:00	112.57	nan	112.6	nan	2	EU	EUR
999500001	S&P Global Manufacturing PMI	2022.12.01 12:00:00	47.1	47.3	47.3	nan	2	EU	EUR
999030020	Unemployment Rate	2022.12.01 13:00:00	6.5	6.6	6.6	nan	2	EU	EUR
999520001	CFTC EUR Non-Commercial Net Positions	2022.12.02 23:30:00	122.2	nan	123.1	nan	2	EU	EUR
999500002	S&P Global Services PMI	2022.12.05 12:00:00	48.5	48.6	48.6	nan	2	EU	EUR
999500003	S&P Global Composite PMI	2022.12.05 12:00:00	47.8	47.8	47.8	nan	2	EU	EUR
999500004	S&P Global Construction PMI	2022.12.06 11:30:00	43.6	nan	44.9	nan	2	EU	EUR
999030016	GDP q/q	2022.12.07 13:00:00	0.3	0.2	0.2	nan	2	EU	EUR
999030017	GDP y/y	2022.12.07 13:00:00	2.3	2.1	2.1	nan	2	EU	EUR
999030028	Employment Level	2022.12.07 13:00:00	164.5	nan	164.475	nan	2	EU	EUR
999520001	CFTC EUR Non-Commercial Net Positions	2022.12.09 23:30:00	124.9	nan	122.2	nan	2	EU	EUR
999050001	ZEW Economic Sentiment Indicator	2022.12.13 13:05:00	-23.6	-67.2	-38.7	nan	2	EU	EUR
999030007	Industrial Production m/m	2022.12.14 13:00:00	-2.0	0.0	0.9	0.8	2	EU	EUR
999010015	ECB Marginal Lending Facility Rate Decision	2022.12.15 15:45:00	2.75	nan	2.25	nan	2	EU	EUR
999500001	S&P Global Manufacturing PMI	2022.12.16 12:00:00	47.8	46.8	47.1	nan	2	EU	EUR
999500002	S&P Global Services PMI	2022.12.16 12:00:00	49.1	48.5	48.5	nan	2	EU	EUR
999500003	S&P Global Composite PMI	2022.12.16 12:00:00	48.8	48.0	47.8	nan	2	EU	EUR
999030011	CPI m/m	2022.12.16 13:00:00	-0.1	-0.1	-0.1	nan	2	EU	EUR
999030012	Core CPI y/y	2022.12.16 13:00:00	5.0	5.0	5.0	nan	2	EU	EUR
999030018	Trade Balance	2022.12.16 13:00:00	-28.3	-48.6	-37.7	-36.4	2	EU	EUR
999030019	Trade Balance n.s.a.	2022.12.16 13:00:00	-26.5	-48.9	-34.4	nan	2	EU	EUR
999030027	Core CPI	2022.12.16 13:00:00	112.6	nan	112.57	nan	2	EU	EUR
999520001	CFTC EUR Non-Commercial Net Positions	2022.12.16 23:30:00	124.7	nan	124.9	nan	2	EU	EUR
999030023	Wage Costs y/y	2022.12.19 13:00:00	2.1	2.9	4.1	3.2	2	EU	EUR
999520001	CFTC EUR Non-Commercial Net Positions	2022.12.23 23:30:00	142.3	nan	124.7	nan	2	EU	EUR
999010019	ECB Households Loans y/y	2022.12.29 12:00:00	4.1	4.1	4.2	nan	2	EU	EUR
999520001	CFTC EUR Non-Commercial Net Positions	2022.12.30 23:30:00	146.2	nan	142.3	nan	2	EU	EUR
999500001	S&P Global Manufacturing PMI	2023.01.02 12:00:00	47.8	47.8	47.8	nan	2	EU	EUR
999500002	S&P Global Services PMI	2023.01.04 12:00:00	49.8	49.1	49.1	nan	2	EU	EUR
999500003	S&P Global Composite PMI	2023.01.04 12:00:00	49.3	48.8	48.8	nan	2	EU	EUR
999500004	S&P Global Construction PMI	2023.01.05 11:30:00	42.6	nan	43.6	nan	2	EU	EUR
999040005	Economic Sentiment Indicator	2023.01.06 13:00:00	95.8	93.0	93.7	94.0	2	EU	EUR
999030011	CPI m/m	2023.01.06 13:00:00	-0.3	0.8	-0.1	nan	2	EU	EUR
999030012	Core CPI y/y	2023.01.06 13:00:00	5.2	5.2	5.0	nan	2	EU	EUR
999030027	Core CPI	2023.01.06 13:00:00	113.25	nan	112.6	nan	2	EU	EUR
999520001	CFTC EUR Non-Commercial Net Positions	2023.01.06 23:30:00	129.9	nan	146.2	nan	2	EU	EUR
999030020	Unemployment Rate	2023.01.09 13:00:00	6.5	6.5	6.5	6.6	2	EU	EUR
999030007	Industrial Production m/m	2023.01.13 13:00:00	1.0	-0.2	-2.0	-1.9	2	EU	EUR
999030018	Trade Balance	2023.01.13 13:00:00	-15.2	-34.3	-28.3	-28.1	2	EU	EUR
999030019	Trade Balance n.s.a.	2023.01.13 13:00:00	-11.7	-41.0	-26.5	-27.0	2	EU	EUR
999520001	CFTC EUR Non-Commercial Net Positions	2023.01.13 23:30:00	135.0	nan	129.9	nan	2	EU	EUR
999050001	ZEW Economic Sentiment Indicator	2023.01.17 13:05:00	16.7	-61.5	-23.6	nan	2	EU	EUR
999030011	CPI m/m	2023.01.18 13:00:00	-0.4	-0.3	-0.3	nan	2	EU	EUR
999030012	Core CPI y/y	2023.01.18 13:00:00	5.2	5.2	5.2	nan	2	EU	EUR
999030027	Core CPI	2023.01.18 13:00:00	113.26	nan	113.25	nan	2	EU	EUR
999520001	CFTC EUR Non-Commercial Net Positions	2023.01.20 23:30:00	127.0	nan	135.0	nan	2	EU	EUR
999500001	S&P Global Manufacturing PMI	2023.01.24 12:00:00	48.8	48.1	47.8	nan	2	EU	EUR
999500002	S&P Global Services PMI	2023.01.24 12:00:00	50.7	49.4	49.8	nan	2	EU	EUR
999500003	S&P Global Composite PMI	2023.01.24 12:00:00	50.2	49.0	49.3	nan	2	EU	EUR
999010019	ECB Households Loans y/y	2023.01.27 12:00:00	3.8	3.9	4.1	nan	2	EU	EUR
999520001	CFTC EUR Non-Commercial Net Positions	2023.01.27 23:30:00	134.3	nan	127.0	nan	2	EU	EUR
999040005	Economic Sentiment Indicator	2023.01.30 13:00:00	99.9	94.6	95.8	97.1	2	EU	EUR
999030016	GDP q/q	2023.01.31 13:00:00	0.1	0.2	0.3	nan	2	EU	EUR
999030017	GDP y/y	2023.01.31 13:00:00	1.9	2.2	2.3	nan	2	EU	EUR
999500001	S&P Global Manufacturing PMI	2023.02.01 12:00:00	48.8	48.8	48.8	nan	2	EU	EUR
999030011	CPI m/m	2023.02.01 13:00:00	-0.4	-0.3	-0.4	nan	2	EU	EUR
999030012	Core CPI y/y	2023.02.01 13:00:00	5.2	5.4	5.2	nan	2	EU	EUR
999030020	Unemployment Rate	2023.02.01 13:00:00	6.6	6.4	6.5	6.6	2	EU	EUR
999030027	Core CPI	2023.02.01 13:00:00	112.33	nan	113.26	nan	2	EU	EUR
999010015	ECB Marginal Lending Facility Rate Decision	2023.02.02 16:15:00	3.25	nan	2.75	nan	2	EU	EUR
999500002	S&P Global Services PMI	2023.02.03 12:00:00	50.8	50.7	50.7	nan	2	EU	EUR
999500003	S&P Global Composite PMI	2023.02.03 12:00:00	50.3	50.2	50.2	nan	2	EU	EUR
999500004	S&P Global Construction PMI	2023.02.06 11:30:00	46.1	nan	42.6	nan	2	EU	EUR
999030016	GDP q/q	2023.02.14 13:00:00	0.1	0.1	0.1	nan	2	EU	EUR
999030017	GDP y/y	2023.02.14 13:00:00	1.9	1.9	1.9	nan	2	EU	EUR
999030028	Employment Level	2023.02.14 13:00:00	165.073	nan	164.5	164.488	2	EU	EUR
999030007	Industrial Production m/m	2023.02.15 13:00:00	-1.0	0.0	1.0	1.4	2	EU	EUR
999030018	Trade Balance	2023.02.15 13:00:00	-18.1	-8.1	-15.2	-14.4	2	EU	EUR
999030019	Trade Balance n.s.a.	2023.02.15 13:00:00	-8.8	-25.0	-11.7	nan	2	EU	EUR
999500001	S&P Global Manufacturing PMI	2023.02.21 12:00:00	48.5	49.4	48.8	nan	2	EU	EUR
999500002	S&P Global Services PMI	2023.02.21 12:00:00	53.0	50.7	50.8	nan	2	EU	EUR
999500003	S&P Global Composite PMI	2023.02.21 12:00:00	52.3	50.2	50.3	nan	2	EU	EUR
999050001	ZEW Economic Sentiment Indicator	2023.02.21 13:05:00	29.7	-29.7	16.7	nan	2	EU	EUR
999030011	CPI m/m	2023.02.23 13:00:00	-0.2	-0.4	-0.4	nan	2	EU	EUR
999030012	Core CPI y/y	2023.02.23 13:00:00	5.3	5.2	5.2	nan	2	EU	EUR
999030027	Core CPI	2023.02.23 13:00:00	112.38	nan	112.33	nan	2	EU	EUR
999520001	CFTC EUR Non-Commercial Net Positions	2023.02.24 23:30:00	150.5	nan	134.3	nan	2	EU	EUR
999010019	ECB Households Loans y/y	2023.02.27 12:00:00	3.6	3.7	3.8	nan	2	EU	EUR
999040005	Economic Sentiment Indicator	2023.02.27 13:00:00	99.7	97.8	99.9	99.8	2	EU	EUR
999500001	S&P Global Manufacturing PMI	2023.03.01 12:00:00	48.5	48.5	48.5	nan	2	EU	EUR
999030011	CPI m/m	2023.03.02 13:00:00	0.8	-0.3	-0.2	nan	2	EU	EUR
999030012	Core CPI y/y	2023.03.02 13:00:00	5.6	5.4	5.3	nan	2	EU	EUR
999030020	Unemployment Rate	2023.03.02 13:00:00	6.7	6.5	6.6	6.7	2	EU	EUR
999030027	Core CPI	2023.03.02 13:00:00	113.31	nan	112.38	nan	2	EU	EUR
999500002	S&P Global Services PMI	2023.03.03 12:00:00	52.7	53.0	53.0	nan	2	EU	EUR
999500003	S&P Global Composite PMI	2023.03.03 12:00:00	52.0	52.3	52.3	nan	2	EU	EUR
999520001	CFTC EUR Non-Commercial Net Positions	2023.03.03 23:30:00	163.9	nan	150.5	nan	2	EU	EUR
999500004	S&P Global Construction PMI	2023.03.06 11:30:00	47.6	nan	46.1	nan	2	EU	EUR
999030016	GDP q/q	2023.03.08 13:00:00	0.0	0.1	0.1	nan	2	EU	EUR
999030017	GDP y/y	2023.03.08 13:00:00	1.9	1.9	1.9	nan	2	EU	EUR
999030028	Employment Level	2023.03.08 13:00:00	165.042	nan	165.073	nan	2	EU	EUR
999520001	CFTC EUR Non-Commercial Net Positions	2023.03.10 23:30:00	165.1	nan	163.9	nan	2	EU	EUR
999520001	CFTC EUR Non-Commercial Net Positions	2023.03.10 23:30:00	165.1	nan	165.1	165.1	2	EU	EUR
999030007	Industrial Production m/m	2023.03.15 13:00:00	0.7	0.1	-1.0	-1.3	2	EU	EUR
999010015	ECB Marginal Lending Facility Rate Decision	2023.03.16 16:15:00	3.75	nan	3.25	nan	2	EU	EUR
999030011	CPI m/m	2023.03.17 13:00:00	0.8	0.8	0.8	nan	2	EU	EUR
999030012	Core CPI y/y	2023.03.17 13:00:00	5.6	5.6	5.6	nan	2	EU	EUR
999030023	Wage Costs y/y	2023.03.17 13:00:00	5.1	3.0	2.1	3.0	2	EU	EUR
999030027	Core CPI	2023.03.17 13:00:00	113.32	nan	113.31	nan	2	EU	EUR
999520001	CFTC EUR Non-Commercial Net Positions	2023.03.17 22:30:00	140.0	nan	165.1	nan	2	EU	EUR
999030018	Trade Balance	2023.03.20 13:00:00	-11.3	-14.0	-18.1	-13.4	2	EU	EUR
999030019	Trade Balance n.s.a.	2023.03.20 13:00:00	-30.6	-22.7	-8.8	nan	2	EU	EUR
999050001	ZEW Economic Sentiment Indicator	2023.03.21 13:05:00	10.0	23.2	29.7	nan	2	EU	EUR
999500001	S&P Global Manufacturing PMI	2023.03.24 12:00:00	47.1	48.3	48.5	nan	2	EU	EUR
999500002	S&P Global Services PMI	2023.03.24 12:00:00	55.6	52.9	52.7	nan	2	EU	EUR
999500003	S&P Global Composite PMI	2023.03.24 12:00:00	54.1	52.2	52.0	nan	2	EU	EUR
999520001	CFTC EUR Non-Commercial Net Positions	2023.03.24 22:30:00	144.8	nan	140.0	nan	2	EU	EUR
999010019	ECB Households Loans y/y	2023.03.27 11:00:00	3.2	3.4	3.6	nan	2	EU	EUR
999040005	Economic Sentiment Indicator	2023.03.30 12:00:00	99.3	99.7	99.7	99.6	2	EU	EUR
999030011	CPI m/m	2023.03.31 12:00:00	0.9	0.8	0.8	nan	2	EU	EUR
999030012	Core CPI y/y	2023.03.31 12:00:00	5.7	5.8	5.6	nan	2	EU	EUR
999030020	Unemployment Rate	2023.03.31 12:00:00	6.6	6.7	6.7	6.6	2	EU	EUR
999030027	Core CPI	2023.03.31 12:00:00	114.73	nan	113.32	nan	2	EU	EUR
999520001	CFTC EUR Non-Commercial Net Positions	2023.03.31 22:30:00	145.0	nan	144.8	nan	2	EU	EUR
999500001	S&P Global Manufacturing PMI	2023.04.03 11:00:00	47.3	47.1	47.1	nan	2	EU	EUR
999500002	S&P Global Services PMI	2023.04.05 11:00:00	55.0	55.6	55.6	nan	2	EU	EUR
999500003	S&P Global Composite PMI	2023.04.05 11:00:00	53.7	54.1	54.1	nan	2	EU	EUR
999500004	S&P Global Construction PMI	2023.04.06 10:30:00	45.0	nan	47.6	nan	2	EU	EUR
999520001	CFTC EUR Non-Commercial Net Positions	2023.04.07 22:30:00	143.4	nan	145.0	nan	2	EU	EUR
999030007	Industrial Production m/m	2023.04.13 12:00:00	1.5	0.1	0.7	1.0	2	EU	EUR
999520001	CFTC EUR Non-Commercial Net Positions	2023.04.14 22:30:00	163.3	nan	143.4	nan	2	EU	EUR
999050001	ZEW Economic Sentiment Indicator	2023.04.18 12:05:00	6.4	19.8	10.0	nan	2	EU	EUR
999030011	CPI m/m	2023.04.19 12:00:00	0.9	0.9	0.9	nan	2	EU	EUR
999030012	Core CPI y/y	2023.04.19 12:00:00	5.7	5.7	5.7	nan	2	EU	EUR
999030027	Core CPI	2023.04.19 12:00:00	114.74	nan	114.73	nan	2	EU	EUR
999030018	Trade Balance	2023.04.20 12:00:00	-0.1	-14.7	-11.3	-11.6	2	EU	EUR
999030019	Trade Balance n.s.a.	2023.04.20 12:00:00	4.6	-22.3	-30.6	nan	2	EU	EUR
999500001	S&P Global Manufacturing PMI	2023.04.21 11:00:00	45.5	46.5	47.3	nan	2	EU	EUR
999500002	S&P Global Services PMI	2023.04.21 11:00:00	56.6	55.3	55.0	nan	2	EU	EUR
999500003	S&P Global Composite PMI	2023.04.21 11:00:00	54.4	53.9	53.7	nan	2	EU	EUR
999520001	CFTC EUR Non-Commercial Net Positions	2023.04.21 22:30:00	164.4	nan	163.3	nan	2	EU	EUR
999040005	Economic Sentiment Indicator	2023.04.27 12:00:00	99.3	99.4	99.3	99.2	2	EU	EUR
999030016	GDP q/q	2023.04.28 12:00:00	0.1	0.0	0.0	nan	2	EU	EUR
999030017	GDP y/y	2023.04.28 12:00:00	1.3	1.9	1.9	1.8	2	EU	EUR
999520001	CFTC EUR Non-Commercial Net Positions	2023.04.28 22:30:00	169.4	nan	164.4	nan	2	EU	EUR
999010019	ECB Households Loans y/y	2023.05.02 11:00:00	2.9	3.0	3.2	nan	2	EU	EUR
999500001	S&P Global Manufacturing PMI	2023.05.02 11:00:00	45.8	45.5	45.5	nan	2	EU	EUR
999030011	CPI m/m	2023.05.02 12:00:00	0.7	0.9	0.9	nan	2	EU	EUR
999030012	Core CPI y/y	2023.05.02 12:00:00	5.6	5.9	5.7	nan	2	EU	EUR
999030027	Core CPI	2023.05.02 12:00:00	115.88	nan	114.74	nan	2	EU	EUR
999030020	Unemployment Rate	2023.05.03 12:00:00	6.5	6.7	6.6	nan	2	EU	EUR
999500002	S&P Global Services PMI	2023.05.04 11:00:00	56.2	56.6	56.6	nan	2	EU	EUR
999500003	S&P Global Composite PMI	2023.05.04 11:00:00	54.1	54.4	54.4	nan	2	EU	EUR
999010015	ECB Marginal Lending Facility Rate Decision	2023.05.04 15:15:00	4.0	nan	3.75	nan	2	EU	EUR
999500004	S&P Global Construction PMI	2023.05.05 10:30:00	45.2	nan	45.0	nan	2	EU	EUR
999520001	CFTC EUR Non-Commercial Net Positions	2023.05.05 22:30:00	173.5	nan	169.4	nan	2	EU	EUR
999520001	CFTC EUR Non-Commercial Net Positions	2023.05.12 22:30:00	179.4	nan	173.5	nan	2	EU	EUR
999030007	Industrial Production m/m	2023.05.15 12:00:00	-4.1	-0.1	1.5	nan	2	EU	EUR
999030016	GDP q/q	2023.05.16 12:00:00	0.1	0.1	0.1	nan	2	EU	EUR
999030017	GDP y/y	2023.05.16 12:00:00	1.3	1.3	1.3	nan	2	EU	EUR
999030018	Trade Balance	2023.05.16 12:00:00	17.0	-5.7	-0.1	nan	2	EU	EUR
999030019	Trade Balance n.s.a.	2023.05.16 12:00:00	25.6	-8.9	4.6	nan	2	EU	EUR
999030028	Employment Level	2023.05.16 12:00:00	167.817	nan	165.042	165.063	2	EU	EUR
999050001	ZEW Economic Sentiment Indicator	2023.05.16 12:05:00	-9.4	8.2	6.4	nan	2	EU	EUR
999030011	CPI m/m	2023.05.17 12:00:00	0.6	0.7	0.7	nan	2	EU	EUR
999030012	Core CPI y/y	2023.05.17 12:00:00	5.6	5.6	5.6	nan	2	EU	EUR
999030027	Core CPI	2023.05.17 12:00:00	115.87	nan	115.88	nan	2	EU	EUR
999520001	CFTC EUR Non-Commercial Net Positions	2023.05.19 22:30:00	187.1	nan	179.4	nan	2	EU	EUR
999500001	S&P Global Manufacturing PMI	2023.05.23 11:00:00	44.6	44.8	45.8	nan	2	EU	EUR
999500002	S&P Global Services PMI	2023.05.23 11:00:00	55.9	56.4	56.2	nan	2	EU	EUR
999500003	S&P Global Composite PMI	2023.05.23 11:00:00	53.3	54.3	54.1	nan	2	EU	EUR
999520001	CFTC EUR Non-Commercial Net Positions	2023.05.26 22:30:00	173.7	nan	187.1	nan	2	EU	EUR
999010019	ECB Households Loans y/y	2023.05.30 11:00:00	2.5	2.7	2.9	nan	2	EU	EUR
999040005	Economic Sentiment Indicator	2023.05.30 12:00:00	96.5	99.2	99.3	99.0	2	EU	EUR
999500001	S&P Global Manufacturing PMI	2023.06.01 11:00:00	44.8	44.6	44.6	nan	2	EU	EUR
999030011	CPI m/m	2023.06.01 12:00:00	0.0	0.6	0.6	nan	2	EU	EUR
999030012	Core CPI y/y	2023.06.01 12:00:00	5.3	5.8	5.6	nan	2	EU	EUR
999030020	Unemployment Rate	2023.06.01 12:00:00	6.5	6.5	6.5	6.6	2	EU	EUR
999030027	Core CPI	2023.06.01 12:00:00	116.14	nan	115.87	nan	2	EU	EUR
999520001	CFTC EUR Non-Commercial Net Positions	2023.06.02 22:30:00	165.7	nan	173.7	nan	2	EU	EUR
999500002	S&P Global Services PMI	2023.06.05 11:00:00	55.1	55.9	55.9	nan	2	EU	EUR
999500003	S&P Global Composite PMI	2023.06.05 11:00:00	52.8	53.3	53.3	nan	2	EU	EUR
999500004	S&P Global Construction PMI	2023.06.06 10:30:00	44.6	nan	45.2	nan	2	EU	EUR
999030016	GDP q/q	2023.06.08 12:00:00	-0.1	0.1	0.1	nan	2	EU	EUR
999030017	GDP y/y	2023.06.08 12:00:00	1.0	1.3	1.3	nan	2	EU	EUR
999030028	Employment Level	2023.06.08 12:00:00	168.181	nan	167.817	nan	2	EU	EUR
999520001	CFTC EUR Non-Commercial Net Positions	2023.06.09 22:30:00	158.4	nan	165.7	nan	2	EU	EUR
999050001	ZEW Economic Sentiment Indicator	2023.06.13 12:05:00	-10.0	-1.5	-9.4	nan	2	EU	EUR
999030007	Industrial Production m/m	2023.06.14 12:00:00	1.0	-0.1	-4.1	-3.8	2	EU	EUR
999030018	Trade Balance	2023.06.15 12:00:00	-7.1	8.5	17.0	14.0	2	EU	EUR
999030019	Trade Balance n.s.a.	2023.06.15 12:00:00	-11.7	21.5	25.6	nan	2	EU	EUR
999010015	ECB Marginal Lending Facility Rate Decision	2023.06.15 15:15:00	4.25	nan	4.0	nan	2	EU	EUR
999030011	CPI m/m	2023.06.16 12:00:00	0.0	0.0	0.0	nan	2	EU	EUR
999030012	Core CPI y/y	2023.06.16 12:00:00	5.3	5.3	5.3	nan	2	EU	EUR
999030023	Wage Costs y/y	2023.06.16 12:00:00	4.6	3.3	5.1	5.0	2	EU	EUR
999030027	Core CPI	2023.06.16 12:00:00	116.14	nan	116.14	nan	2	EU	EUR
999520001	CFTC EUR Non-Commercial Net Positions	2023.06.16 22:30:00	151.8	nan	158.4	nan	2	EU	EUR
999500001	S&P Global Manufacturing PMI	2023.06.23 11:00:00	43.6	44.2	44.8	nan	2	EU	EUR
999500002	S&P Global Services PMI	2023.06.23 11:00:00	52.4	55.5	55.1	nan	2	EU	EUR
999500003	S&P Global Composite PMI	2023.06.23 11:00:00	50.3	53.0	52.8	nan	2	EU	EUR
999520001	CFTC EUR Non-Commercial Net Positions	2023.06.23 22:30:00	144.6	nan	151.8	nan	2	EU	EUR
999010019	ECB Households Loans y/y	2023.06.28 11:00:00	2.1	2.2	2.5	nan	2	EU	EUR
999040005	Economic Sentiment Indicator	2023.06.29 12:00:00	95.3	97.8	96.5	96.4	2	EU	EUR
999030011	CPI m/m	2023.06.30 12:00:00	0.3	0.0	0.0	nan	2	EU	EUR
999030012	Core CPI y/y	2023.06.30 12:00:00	5.4	5.4	5.3	nan	2	EU	EUR
999030020	Unemployment Rate	2023.06.30 12:00:00	6.5	6.4	6.5	nan	2	EU	EUR
999030027	Core CPI	2023.06.30 12:00:00	116.52	nan	116.14	nan	2	EU	EUR
999520001	CFTC EUR Non-Commercial Net Positions	2023.06.30 22:30:00	145.0	nan	144.6	nan	2	EU	EUR
999500001	S&P Global Manufacturing PMI	2023.07.03 11:00:00	43.4	43.6	43.6	nan	2	EU	EUR
999500002	S&P Global Services PMI	2023.07.05 11:00:00	52.0	52.4	52.4	nan	2	EU	EUR
999500003	S&P Global Composite PMI	2023.07.05 11:00:00	49.9	50.3	50.3	nan	2	EU	EUR
999500004	S&P Global Construction PMI	2023.07.06 10:30:00	44.2	nan	44.6	nan	2	EU	EUR
999520001	CFTC EUR Non-Commercial Net Positions	2023.07.07 22:30:00	142.8	nan	145.0	nan	2	EU	EUR
999050001	ZEW Economic Sentiment Indicator	2023.07.11 12:05:00	-12.2	-9.7	-10.0	nan	2	EU	EUR
999030007	Industrial Production m/m	2023.07.13 12:00:00	0.2	0.1	1.0	nan	2	EU	EUR
999030018	Trade Balance	2023.07.14 12:00:00	-0.9	-14.8	-7.1	-8.0	2	EU	EUR
999030019	Trade Balance n.s.a.	2023.07.14 12:00:00	-0.3	-7.6	-11.7	nan	2	EU	EUR
999520001	CFTC EUR Non-Commercial Net Positions	2023.07.14 22:30:00	140.2	nan	142.8	nan	2	EU	EUR
999030011	CPI m/m	2023.07.19 12:00:00	0.3	0.3	0.3	nan	2	EU	EUR
999030012	Core CPI y/y	2023.07.19 12:00:00	5.5	5.4	5.4	nan	2	EU	EUR
999030027	Core CPI	2023.07.19 12:00:00	116.55	nan	116.52	nan	2	EU	EUR
999520001	CFTC EUR Non-Commercial Net Positions	2023.07.21 22:30:00	178.8	nan	140.2	nan	2	EU	EUR
999500001	S&P Global Manufacturing PMI	2023.07.24 11:00:00	42.7	42.8	43.4	nan	2	EU	EUR
999500002	S&P Global Services PMI	2023.07.24 11:00:00	51.1	50.0	52.0	nan	2	EU	EUR
999500003	S&P Global Composite PMI	2023.07.24 11:00:00	48.9	48.2	49.9	nan	2	EU	EUR
999010019	ECB Households Loans y/y	2023.07.26 11:00:00	1.7	1.8	2.1	nan	2	EU	EUR
999010015	ECB Marginal Lending Facility Rate Decision	2023.07.27 15:15:00	4.5	nan	4.25	nan	2	EU	EUR
999040005	Economic Sentiment Indicator	2023.07.28 12:00:00	94.5	95.8	95.3	nan	2	EU	EUR
999520001	CFTC EUR Non-Commercial Net Positions	2023.07.28 22:30:00	177.2	nan	178.8	nan	2	EU	EUR
999030011	CPI m/m	2023.07.31 12:00:00	-0.1	0.3	0.3	nan	2	EU	EUR
999030012	Core CPI y/y	2023.07.31 12:00:00	5.5	5.6	5.5	nan	2	EU	EUR
999030016	GDP q/q	2023.07.31 12:00:00	0.3	0.0	-0.1	0.0	2	EU	EUR
999030017	GDP y/y	2023.07.31 12:00:00	0.6	1.1	1.0	1.1	2	EU	EUR
999030027	Core CPI	2023.07.31 12:00:00	116.39	nan	116.55	nan	2	EU	EUR
999500001	S&P Global Manufacturing PMI	2023.08.01 11:00:00	42.7	42.7	42.7	nan	2	EU	EUR
999030020	Unemployment Rate	2023.08.01 12:00:00	6.4	6.4	6.5	6.4	2	EU	EUR
999500002	S&P Global Services PMI	2023.08.03 11:00:00	50.9	51.1	51.1	nan	2	EU	EUR
999500003	S&P Global Composite PMI	2023.08.03 11:00:00	48.6	48.9	48.9	nan	2	EU	EUR
999500004	S&P Global Construction PMI	2023.08.04 10:30:00	43.5	nan	44.2	nan	2	EU	EUR
999520001	CFTC EUR Non-Commercial Net Positions	2023.08.04 22:30:00	172.1	nan	177.2	nan	2	EU	EUR
999520001	CFTC EUR Non-Commercial Net Positions	2023.08.11 22:30:00	149.8	nan	172.1	nan	2	EU	EUR
999050001	ZEW Economic Sentiment Indicator	2023.08.15 12:05:00	-5.5	-11.1	-12.2	nan	2	EU	EUR
999030007	Industrial Production m/m	2023.08.16 12:00:00	0.5	0.1	0.2	0.0	2	EU	EUR
999030016	GDP q/q	2023.08.16 12:00:00	0.3	0.3	0.3	nan	2	EU	EUR
999030017	GDP y/y	2023.08.16 12:00:00	0.6	0.6	0.6	nan	2	EU	EUR
999030028	Employment Level	2023.08.16 12:00:00	168.494	nan	168.181	168.162	2	EU	EUR
999030018	Trade Balance	2023.08.17 12:00:00	12.5	-4.0	-0.9	0.2	2	EU	EUR
999030019	Trade Balance n.s.a.	2023.08.17 12:00:00	23.0	18.3	-0.3	nan	2	EU	EUR
999030011	CPI m/m	2023.08.18 12:00:00	-0.1	-0.1	-0.1	nan	2	EU	EUR
999030012	Core CPI y/y	2023.08.18 12:00:00	5.5	5.5	5.5	nan	2	EU	EUR
999030027	Core CPI	2023.08.18 12:00:00	116.39	nan	116.39	nan	2	EU	EUR
999520001	CFTC EUR Non-Commercial Net Positions	2023.08.18 22:30:00	159.9	nan	149.8	nan	2	EU	EUR
999500001	S&P Global Manufacturing PMI	2023.08.23 11:00:00	43.7	42.3	42.7	nan	2	EU	EUR
999500002	S&P Global Services PMI	2023.08.23 11:00:00	48.3	50.0	50.9	nan	2	EU	EUR
999500003	S&P Global Composite PMI	2023.08.23 11:00:00	47.0	47.7	48.6	nan	2	EU	EUR
999520001	CFTC EUR Non-Commercial Net Positions	2023.08.25 22:30:00	158.8	nan	159.9	nan	2	EU	EUR
999010019	ECB Households Loans y/y	2023.08.28 11:00:00	1.3	1.4	1.7	nan	2	EU	EUR
999040005	Economic Sentiment Indicator	2023.08.30 12:00:00	93.3	94.8	94.5	nan	2	EU	EUR
999030011	CPI m/m	2023.08.31 12:00:00	0.6	-0.1	-0.1	nan	2	EU	EUR
999030012	Core CPI y/y	2023.08.31 12:00:00	5.3	5.6	5.5	nan	2	EU	EUR
999030020	Unemployment Rate	2023.08.31 12:00:00	6.4	6.4	6.4	nan	2	EU	EUR
999030027	Core CPI	2023.08.31 12:00:00	116.79	nan	116.39	nan	2	EU	EUR
999500001	S&P Global Manufacturing PMI	2023.09.01 11:00:00	43.5	43.7	43.7	nan	2	EU	EUR
999520001	CFTC EUR Non-Commercial Net Positions	2023.09.01 22:30:00	146.7	nan	158.8	nan	2	EU	EUR
999500002	S&P Global Services PMI	2023.09.05 11:00:00	47.9	48.3	48.3	nan	2	EU	EUR
999500003	S&P Global Composite PMI	2023.09.05 11:00:00	46.7	47.0	47.0	nan	2	EU	EUR
999500004	S&P Global Construction PMI	2023.09.06 10:30:00	43.4	nan	43.5	nan	2	EU	EUR
999030016	GDP q/q	2023.09.07 12:00:00	0.1	0.3	0.3	nan	2	EU	EUR
999030017	GDP y/y	2023.09.07 12:00:00	0.5	0.6	0.6	nan	2	EU	EUR
999030028	Employment Level	2023.09.07 12:00:00	168.462	nan	168.494	nan	2	EU	EUR
999520001	CFTC EUR Non-Commercial Net Positions	2023.09.08 22:30:00	136.2	nan	146.7	nan	2	EU	EUR
999050001	ZEW Economic Sentiment Indicator	2023.09.12 12:05:00	-8.9	-8.8	-5.5	nan	2	EU	EUR
999030007	Industrial Production m/m	2023.09.13 12:00:00	-1.1	0.0	0.5	0.4	2	EU	EUR
999010015	ECB Marginal Lending Facility Rate Decision	2023.09.14 15:15:00	4.75	nan	4.5	nan	2	EU	EUR
999030018	Trade Balance	2023.09.15 12:00:00	2.9	5.8	12.5	8.6	2	EU	EUR
999030019	Trade Balance n.s.a.	2023.09.15 12:00:00	6.5	22.2	23.0	nan	2	EU	EUR
999030023	Wage Costs y/y	2023.09.15 12:00:00	4.6	3.5	4.6	4.9	2	EU	EUR
999520001	CFTC EUR Non-Commercial Net Positions	2023.09.15 22:30:00	113.1	nan	136.2	nan	2	EU	EUR
999030011	CPI m/m	2023.09.19 12:00:00	0.5	0.6	0.6	nan	2	EU	EUR
999030012	Core CPI y/y	2023.09.19 12:00:00	5.3	5.3	5.3	nan	2	EU	EUR
999030027	Core CPI	2023.09.19 12:00:00	116.78	nan	116.79	nan	2	EU	EUR
999500001	S&P Global Manufacturing PMI	2023.09.22 11:00:00	43.4	44.0	43.5	nan	2	EU	EUR
999500002	S&P Global Services PMI	2023.09.22 11:00:00	48.4	46.3	47.9	nan	2	EU	EUR
999500003	S&P Global Composite PMI	2023.09.22 11:00:00	47.1	45.6	46.7	nan	2	EU	EUR
999520001	CFTC EUR Non-Commercial Net Positions	2023.09.22 22:30:00	102.0	nan	113.1	nan	2	EU	EUR
999010019	ECB Households Loans y/y	2023.09.27 11:00:00	1.0	1.0	1.3	nan	2	EU	EUR
999040005	Economic Sentiment Indicator	2023.09.28 12:00:00	93.3	93.8	93.3	93.6	2	EU	EUR
999030011	CPI m/m	2023.09.29 12:00:00	0.3	0.6	0.5	nan	2	EU	EUR
999030012	Core CPI y/y	2023.09.29 12:00:00	4.5	5.2	5.3	nan	2	EU	EUR
999030027	Core CPI	2023.09.29 12:00:00	117.07	nan	116.78	nan	2	EU	EUR
999520001	CFTC EUR Non-Commercial Net Positions	2023.09.29 22:30:00	98.4	nan	102.0	nan	2	EU	EUR
999500001	S&P Global Manufacturing PMI	2023.10.02 11:00:00	43.4	43.4	43.4	nan	2	EU	EUR
999030020	Unemployment Rate	2023.10.02 12:00:00	6.4	6.3	6.4	6.5	2	EU	EUR
999500002	S&P Global Services PMI	2023.10.04 11:00:00	48.7	48.4	48.4	nan	2	EU	EUR
999500003	S&P Global Composite PMI	2023.10.04 11:00:00	47.2	47.1	47.1	nan	2	EU	EUR
999500004	S&P Global Construction PMI	2023.10.05 10:30:00	43.6	nan	43.4	nan	2	EU	EUR
999520001	CFTC EUR Non-Commercial Net Positions	2023.10.06 22:30:00	78.9	nan	98.4	nan	2	EU	EUR
999030007	Industrial Production m/m	2023.10.13 12:00:00	0.6	-0.2	-1.1	-1.3	2	EU	EUR
999520001	CFTC EUR Non-Commercial Net Positions	2023.10.13 22:30:00	75.5	nan	78.9	nan	2	EU	EUR
999030018	Trade Balance	2023.10.16 12:00:00	11.9	7.7	2.9	3.5	2	EU	EUR
999030019	Trade Balance n.s.a.	2023.10.16 12:00:00	6.7	-1.1	6.5	nan	2	EU	EUR
999050001	ZEW Economic Sentiment Indicator	2023.10.17 12:05:00	2.3	-7.2	-8.9	nan	2	EU	EUR
999030011	CPI m/m	2023.10.18 12:00:00	0.3	0.3	0.3	nan	2	EU	EUR
999030012	Core CPI y/y	2023.10.18 12:00:00	4.5	4.5	4.5	nan	2	EU	EUR
999030027	Core CPI	2023.10.18 12:00:00	117.04	nan	117.07	nan	2	EU	EUR
999520001	CFTC EUR Non-Commercial Net Positions	2023.10.20 22:30:00	82.4	nan	75.5	nan	2	EU	EUR
999500001	S&P Global Manufacturing PMI	2023.10.24 11:00:00	43.0	43.3	43.4	nan	2	EU	EUR
999500002	S&P Global Services PMI	2023.10.24 11:00:00	47.8	48.6	48.7	nan	2	EU	EUR
999500003	S&P Global Composite PMI	2023.10.24 11:00:00	46.5	47.1	47.2	nan	2	EU	EUR
999010019	ECB Households Loans y/y	2023.10.25 11:00:00	0.8	0.7	1.0	nan	2	EU	EUR
999010015	ECB Marginal Lending Facility Rate Decision	2023.10.26 15:15:00	4.75	nan	4.75	nan	2	EU	EUR
999520001	CFTC EUR Non-Commercial Net Positions	2023.10.27 22:30:00	85.3	nan	82.4	nan	2	EU	EUR
999040005	Economic Sentiment Indicator	2023.10.30 13:00:00	93.3	93.2	93.3	93.4	2	EU	EUR
999030011	CPI m/m	2023.10.31 13:00:00	0.1	0.3	0.3	nan	2	EU	EUR
999030012	Core CPI y/y	2023.10.31 13:00:00	4.2	4.0	4.5	nan	2	EU	EUR
999030016	GDP q/q	2023.10.31 13:00:00	-0.1	0.2	0.1	0.2	2	EU	EUR
999030017	GDP y/y	2023.10.31 13:00:00	0.1	0.5	0.5	nan	2	EU	EUR
999030027	Core CPI	2023.10.31 13:00:00	117.32	nan	117.04	nan	2	EU	EUR
999500001	S&P Global Manufacturing PMI	2023.11.02 12:00:00	43.1	43.0	43.0	nan	2	EU	EUR
999030020	Unemployment Rate	2023.11.03 13:00:00	6.5	6.4	6.4	nan	2	EU	EUR
999520001	CFTC EUR Non-Commercial Net Positions	2023.11.03 22:30:00	85.4	nan	85.3	nan	2	EU	EUR
999500002	S&P Global Services PMI	2023.11.06 12:00:00	47.8	47.8	47.8	nan	2	EU	EUR
999500003	S&P Global Composite PMI	2023.11.06 12:00:00	46.5	46.5	46.5	nan	2	EU	EUR
999500004	S&P Global Construction PMI	2023.11.07 11:30:00	51.8	nan	43.6	nan	2	EU	EUR
999520001	CFTC EUR Non-Commercial Net Positions	2023.11.13 23:30:00	89.1	nan	85.4	nan	2	EU	EUR
999030016	GDP q/q	2023.11.14 13:00:00	-0.1	-0.1	-0.1	nan	2	EU	EUR
999030017	GDP y/y	2023.11.14 13:00:00	0.1	0.1	0.1	nan	2	EU	EUR
999030028	Employment Level	2023.11.14 13:00:00	168.72	nan	168.462	168.252	2	EU	EUR
999050001	ZEW Economic Sentiment Indicator	2023.11.14 13:05:00	13.8	-3.3	2.3	nan	2	EU	EUR
999030007	Industrial Production m/m	2023.11.15 13:00:00	-1.1	0.0	0.6	nan	2	EU	EUR
999030018	Trade Balance	2023.11.15 13:00:00	9.2	7.4	11.9	11.1	2	EU	EUR
999030019	Trade Balance n.s.a.	2023.11.15 13:00:00	10.0	10.8	6.7	nan	2	EU	EUR
999030011	CPI m/m	2023.11.17 13:00:00	0.1	0.1	0.1	nan	2	EU	EUR
999030012	Core CPI y/y	2023.11.17 13:00:00	4.2	4.2	4.2	nan	2	EU	EUR
999030027	Core CPI	2023.11.17 13:00:00	117.31	nan	117.32	nan	2	EU	EUR
999520001	CFTC EUR Non-Commercial Net Positions	2023.11.17 23:30:00	108.9	nan	89.1	nan	2	EU	EUR
999500001	S&P Global Manufacturing PMI	2023.11.23 12:00:00	43.8	42.9	43.1	nan	2	EU	EUR
999500002	S&P Global Services PMI	2023.11.23 12:00:00	48.2	47.3	47.8	nan	2	EU	EUR
999500003	S&P Global Composite PMI	2023.11.23 12:00:00	47.1	46.1	46.5	nan	2	EU	EUR
999520001	CFTC EUR Non-Commercial Net Positions	2023.11.27 23:30:00	129.7	nan	108.9	nan	2	EU	EUR
999010019	ECB Households Loans y/y	2023.11.28 12:00:00	0.6	0.6	0.8	nan	2	EU	EUR
999040005	Economic Sentiment Indicator	2023.11.29 13:00:00	93.8	93.2	93.3	93.5	2	EU	EUR
999030011	CPI m/m	2023.11.30 13:00:00	-0.5	0.1	0.1	nan	2	EU	EUR
999030012	Core CPI y/y	2023.11.30 13:00:00	3.6	4.1	4.2	nan	2	EU	EUR
999030020	Unemployment Rate	2023.11.30 13:00:00	6.5	6.5	6.5	nan	2	EU	EUR
999030027	Core CPI	2023.11.30 13:00:00	116.62	nan	117.31	nan	2	EU	EUR
999500001	S&P Global Manufacturing PMI	2023.12.01 12:00:00	44.2	43.8	43.8	nan	2	EU	EUR
999520001	CFTC EUR Non-Commercial Net Positions	2023.12.01 23:30:00	143.2	nan	129.7	nan	2	EU	EUR
999500002	S&P Global Services PMI	2023.12.05 12:00:00	48.7	48.2	48.2	nan	2	EU	EUR
999500003	S&P Global Composite PMI	2023.12.05 12:00:00	47.6	47.1	47.1	nan	2	EU	EUR
999500004	S&P Global Construction PMI	2023.12.06 11:30:00	43.4	nan	51.8	nan	2	EU	EUR
999030016	GDP q/q	2023.12.07 13:00:00	-0.1	-0.1	-0.1	nan	2	EU	EUR
999030017	GDP y/y	2023.12.07 13:00:00	0.0	0.1	0.1	nan	2	EU	EUR
999030028	Employment Level	2023.12.07 13:00:00	168.734	nan	168.72	nan	2	EU	EUR
999520001	CFTC EUR Non-Commercial Net Positions	2023.12.08 23:30:00	152.4	nan	143.2	nan	2	EU	EUR
999050001	ZEW Economic Sentiment Indicator	2023.12.12 13:05:00	23.0	8.0	13.8	13.8	2	EU	EUR
999030007	Industrial Production m/m	2023.12.13 13:00:00	-0.7	0.2	-1.1	-1.0	2	EU	EUR
999010015	ECB Marginal Lending Facility Rate Decision	2023.12.14 16:15:00	4.75	nan	4.75	nan	2	EU	EUR
999500001	S&P Global Manufacturing PMI	2023.12.15 12:00:00	44.2	44.6	44.2	nan	2	EU	EUR
999500002	S&P Global Services PMI	2023.12.15 12:00:00	48.1	48.7	48.7	nan	2	EU	EUR
999500003	S&P Global Composite PMI	2023.12.15 12:00:00	47.0	47.8	47.6	nan	2	EU	EUR
999030018	Trade Balance	2023.12.15 13:00:00	10.9	10.6	9.2	8.7	2	EU	EUR
999030019	Trade Balance n.s.a.	2023.12.15 13:00:00	11.1	-3.8	10.0	nan	2	EU	EUR
999030023	Wage Costs y/y	2023.12.15 13:00:00	5.3	5.1	4.6	nan	2	EU	EUR
999520001	CFTC EUR Non-Commercial Net Positions	2023.12.15 23:30:00	147.3	nan	152.4	nan	2	EU	EUR
999030011	CPI m/m	2023.12.19 13:00:00	-0.6	-0.5	-0.5	nan	2	EU	EUR
999030012	Core CPI y/y	2023.12.19 13:00:00	3.6	3.6	3.6	nan	2	EU	EUR
999030027	Core CPI	2023.12.19 13:00:00	116.61	nan	116.62	nan	2	EU	EUR
999520001	CFTC EUR Non-Commercial Net Positions	2023.12.22 23:30:00	114.6	nan	147.3	nan	2	EU	EUR
999520001	CFTC EUR Non-Commercial Net Positions	2023.12.29 23:30:00	117.4	nan	114.6	nan	2	EU	EUR
999010019	ECB Households Loans y/y	2024.01.02 12:00:00	0.5	0.4	0.6	nan	2	EU	EUR
999500001	S&P Global Manufacturing PMI	2024.01.02 12:00:00	44.4	44.2	44.2	nan	2	EU	EUR
999500002	S&P Global Services PMI	2024.01.04 12:00:00	48.8	48.1	48.1	nan	2	EU	EUR
999500003	S&P Global Composite PMI	2024.01.04 12:00:00	47.6	47.0	47.0	nan	2	EU	EUR
999500004	S&P Global Construction PMI	2024.01.05 11:30:00	43.6	nan	43.4	nan	2	EU	EUR
999030011	CPI m/m	2024.01.05 13:00:00	0.2	-0.1	-0.6	nan	2	EU	EUR
999030012	Core CPI y/y	2024.01.05 13:00:00	3.4	3.4	3.6	nan	2	EU	EUR
999030027	Core CPI	2024.01.05 13:00:00	117.13	nan	116.61	nan	2	EU	EUR
999520001	CFTC EUR Non-Commercial Net Positions	2024.01.05 23:30:00	119.5	nan	117.4	nan	2	EU	EUR
999040005	Economic Sentiment Indicator	2024.01.08 13:00:00	96.4	93.4	93.8	94.0	2	EU	EUR
999030020	Unemployment Rate	2024.01.09 13:00:00	6.4	6.6	6.5	nan	2	EU	EUR
999520001	CFTC EUR Non-Commercial Net Positions	2024.01.12 23:30:00	118.9	nan	119.5	nan	2	EU	EUR
999030007	Industrial Production m/m	2024.01.15 13:00:00	-0.3	0.1	-0.7	nan	2	EU	EUR
999030018	Trade Balance	2024.01.15 13:00:00	14.8	10.1	10.9	11.1	2	EU	EUR
999030019	Trade Balance n.s.a.	2024.01.15 13:00:00	20.3	6.7	11.1	nan	2	EU	EUR
999050001	ZEW Economic Sentiment Indicator	2024.01.16 13:05:00	22.7	nan	23.0	nan	2	EU	EUR
999030011	CPI m/m	2024.01.17 13:00:00	0.2	0.2	0.2	nan	2	EU	EUR
999030012	Core CPI y/y	2024.01.17 13:00:00	3.4	3.4	3.4	nan	2	EU	EUR
999030027	Core CPI	2024.01.17 13:00:00	117.14	nan	117.13	nan	2	EU	EUR
999520001	CFTC EUR Non-Commercial Net Positions	2024.01.19 23:30:00	104.1	nan	118.9	nan	2	EU	EUR
999500001	S&P Global Manufacturing PMI	2024.01.24 12:00:00	46.6	43.3	44.4	nan	2	EU	EUR
999500002	S&P Global Services PMI	2024.01.24 12:00:00	48.4	49.6	48.8	nan	2	EU	EUR
999500003	S&P Global Composite PMI	2024.01.24 12:00:00	47.9	47.9	47.6	nan	2	EU	EUR
999010015	ECB Marginal Lending Facility Rate Decision	2024.01.25 16:15:00	4.75	nan	4.75	nan	2	EU	EUR
999010019	ECB Households Loans y/y	2024.01.26 12:00:00	0.3	0.3	0.5	nan	2	EU	EUR
999520001	CFTC EUR Non-Commercial Net Positions	2024.01.26 23:30:00	88.3	nan	104.1	nan	2	EU	EUR
999040005	Economic Sentiment Indicator	2024.01.30 13:00:00	96.2	97.4	96.4	96.3	2	EU	EUR
999030016	GDP q/q	2024.01.30 13:00:00	0.0	-0.1	-0.1	nan	2	EU	EUR
999030017	GDP y/y	2024.01.30 13:00:00	0.1	0.0	0.0	nan	2	EU	EUR
999500001	S&P Global Manufacturing PMI	2024.02.01 12:00:00	46.6	46.6	46.6	nan	2	EU	EUR
999030011	CPI m/m	2024.02.01 13:00:00	-0.4	0.0	0.2	nan	2	EU	EUR
999030012	Core CPI y/y	2024.02.01 13:00:00	3.3	3.2	3.4	nan	2	EU	EUR
999030020	Unemployment Rate	2024.02.01 13:00:00	6.4	6.4	6.4	nan	2	EU	EUR
999030027	Core CPI	2024.02.01 13:00:00	116.06	nan	117.14	nan	2	EU	EUR
999520001	CFTC EUR Non-Commercial Net Positions	2024.02.02 23:30:00	88.8	nan	88.3	nan	2	EU	EUR
999500002	S&P Global Services PMI	2024.02.05 12:00:00	48.4	48.4	48.4	nan	2	EU	EUR
999500003	S&P Global Composite PMI	2024.02.05 12:00:00	47.9	47.9	47.9	nan	2	EU	EUR
999500004	S&P Global Construction PMI	2024.02.06 11:30:00	41.3	nan	43.6	nan	2	EU	EUR
999520001	CFTC EUR Non-Commercial Net Positions	2024.02.09 23:30:00	62.2	nan	88.8	nan	2	EU	EUR
999050001	ZEW Economic Sentiment Indicator	2024.02.13 12:05:00	25.0	nan	22.7	nan	2	EU	EUR
999030007	Industrial Production m/m	2024.02.14 13:00:00	2.6	0.4	-0.3	0.4	2	EU	EUR
999030016	GDP q/q	2024.02.14 13:00:00	0.0	0.0	0.0	nan	2	EU	EUR
999030017	GDP y/y	2024.02.14 13:00:00	0.1	0.1	0.1	nan	2	EU	EUR
999030028	Employment Level	2024.02.14 13:00:00	167.479	nan	168.734	nan	2	EU	EUR
999030018	Trade Balance	2024.02.15 13:00:00	13.0	13.9	14.8	15.1	2	EU	EUR
999030019	Trade Balance n.s.a.	2024.02.15 13:00:00	16.8	10.8	20.3	nan	2	EU	EUR
999520001	CFTC EUR Non-Commercial Net Positions	2024.02.16 23:30:00	52.8	nan	62.2	nan	2	EU	EUR
999500001	S&P Global Manufacturing PMI	2024.02.22 12:00:00	46.1	45.1	46.6	nan	2	EU	EUR
999500002	S&P Global Services PMI	2024.02.22 12:00:00	50.0	48.4	48.4	nan	2	EU	EUR
999500003	S&P Global Composite PMI	2024.02.22 12:00:00	48.9	48.6	47.9	nan	2	EU	EUR
999030011	CPI m/m	2024.02.22 13:00:00	-0.4	-0.4	-0.4	-0.4	2	EU	EUR
999030012	Core CPI y/y	2024.02.22 13:00:00	3.3	3.3	3.3	3.3	2	EU	EUR
999030027	Core CPI	2024.02.22 13:00:00	116.05	nan	116.06	nan	2	EU	EUR
999520001	CFTC EUR Non-Commercial Net Positions	2024.02.23 23:30:00	68.0	nan	52.8	nan	2	EU	EUR
999010019	ECB Households Loans y/y	2024.02.27 12:00:00	0.3	0.1	0.3	0.4	2	EU	EUR
999040005	Economic Sentiment Indicator	2024.02.28 13:00:00	95.4	97.1	96.2	96.1	2	EU	EUR
999500001	S&P Global Manufacturing PMI	2024.03.01 12:00:00	46.5	46.1	46.1	nan	2	EU	EUR
999030011	CPI m/m	2024.03.01 13:00:00	0.6	nan	-0.4	-0.4	2	EU	EUR
999030012	Core CPI y/y	2024.03.01 13:00:00	3.1	nan	3.3	3.3	2	EU	EUR
999030020	Unemployment Rate	2024.03.01 13:00:00	6.4	6.4	6.4	nan	2	EU	EUR
999030027	Core CPI	2024.03.01 13:00:00	116.83	nan	116.05	nan	2	EU	EUR
999520001	CFTC EUR Non-Commercial Net Positions	2024.03.01 23:30:00	62.9	nan	68.0	nan	2	EU	EUR
999500002	S&P Global Services PMI	2024.03.05 12:00:00	50.2	50.0	50.0	nan	2	EU	EUR
999500003	S&P Global Composite PMI	2024.03.05 12:00:00	49.2	48.9	48.9	nan	2	EU	EUR
999500004	S&P Global Construction PMI	2024.03.06 11:30:00	42.9	nan	41.3	nan	2	EU	EUR
999010015	ECB Marginal Lending Facility Rate Decision	2024.03.07 16:15:00	4.75	nan	4.75	nan	2	EU	EUR
999030016	GDP q/q	2024.03.08 13:00:00	0.0	0.0	0.0	nan	2	EU	EUR
999030017	GDP y/y	2024.03.08 13:00:00	0.1	0.1	0.1	nan	2	EU	EUR
999030028	Employment Level	2024.03.08 13:00:00	167.534	nan	167.479	nan	2	EU	EUR
999520001	CFTC EUR Non-Commercial Net Positions	2024.03.08 23:30:00	66.3	nan	62.9	nan	2	EU	EUR
999030007	Industrial Production m/m	2024.03.13 13:00:00	-3.2	1.6	2.6	2.6	2	EU	EUR
999520001	CFTC EUR Non-Commercial Net Positions	2024.03.15 22:30:00	74.4	nan	66.3	nan	2	EU	EUR
999030011	CPI m/m	2024.03.18 13:00:00	0.6	nan	0.6	-0.4	2	EU	EUR
999030012	Core CPI y/y	2024.03.18 13:00:00	3.1	nan	3.1	3.3	2	EU	EUR
999030018	Trade Balance	2024.03.18 13:00:00	28.1	15.0	13.0	nan	2	EU	EUR
999030019	Trade Balance n.s.a.	2024.03.18 13:00:00	11.4	-2.3	16.8	16.8	2	EU	EUR
999030027	Core CPI	2024.03.18 13:00:00	116.83	nan	116.83	nan	2	EU	EUR
999030023	Wage Costs y/y	2024.03.19 13:00:00	3.1	5.4	5.3	nan	2	EU	EUR
999050001	ZEW Economic Sentiment Indicator	2024.03.19 13:05:00	33.5	nan	25.0	nan	2	EU	EUR
999500001	S&P Global Manufacturing PMI	2024.03.21 12:00:00	45.7	47.1	46.5	nan	2	EU	EUR
999500002	S&P Global Services PMI	2024.03.21 12:00:00	51.1	49.8	50.2	nan	2	EU	EUR
999500003	S&P Global Composite PMI	2024.03.21 12:00:00	49.9	49.8	49.2	nan	2	EU	EUR
999520001	CFTC EUR Non-Commercial Net Positions	2024.03.22 22:30:00	48.3	nan	74.4	nan	2	EU	EUR
999040005	Economic Sentiment Indicator	2024.03.27 13:00:00	96.3	94.2	95.4	95.5	2	EU	EUR
999010019	ECB Households Loans y/y	2024.03.28 12:00:00	0.3	0.2	0.3	nan	2	EU	EUR
999520001	CFTC EUR Non-Commercial Net Positions	2024.03.29 22:30:00	31.2	nan	48.3	nan	2	EU	EUR
999500001	S&P Global Manufacturing PMI	2024.04.02 11:00:00	46.1	45.7	45.7	nan	2	EU	EUR
999030011	CPI m/m	2024.04.03 12:00:00	0.8	nan	0.6	0.6	2	EU	EUR
999030012	Core CPI y/y	2024.04.03 12:00:00	2.9	nan	3.1	3.1	2	EU	EUR
999030020	Unemployment Rate	2024.04.03 12:00:00	6.5	nan	6.4	nan	2	EU	EUR
999030027	Core CPI	2024.04.03 12:00:00	118.12	nan	116.83	nan	2	EU	EUR
999500002	S&P Global Services PMI	2024.04.04 11:00:00	51.5	51.1	51.1	nan	2	EU	EUR
999500003	S&P Global Composite PMI	2024.04.04 11:00:00	50.3	49.9	49.9	nan	2	EU	EUR
999500004	S&P Global Construction PMI	2024.04.05 10:30:00	42.4	nan	42.9	nan	2	EU	EUR
999520001	CFTC EUR Non-Commercial Net Positions	2024.04.05 22:30:00	16.8	nan	31.2	nan	2	EU	EUR
999010015	ECB Marginal Lending Facility Rate Decision	2024.04.11 15:15:00	4.75	nan	4.75	nan	2	EU	EUR
999520001	CFTC EUR Non-Commercial Net Positions	2024.04.12 22:30:00	32.7	nan	16.8	nan	2	EU	EUR
999030007	Industrial Production m/m	2024.04.15 12:00:00	0.8	nan	-3.2	-3.0	2	EU	EUR
999030018	Trade Balance	2024.04.16 12:00:00	17.9	nan	28.1	27.1	2	EU	EUR
999030019	Trade Balance n.s.a.	2024.04.16 12:00:00	23.6	nan	11.4	11.6	2	EU	EUR
999050001	ZEW Economic Sentiment Indicator	2024.04.16 12:05:00	43.9	6.0	33.5	nan	2	EU	EUR
999030011	CPI m/m	2024.04.17 12:00:00	0.8	nan	0.8	nan	2	EU	EUR
999030012	Core CPI y/y	2024.04.17 12:00:00	2.9	nan	2.9	nan	2	EU	EUR
999030027	Core CPI	2024.04.17 12:00:00	118.12	nan	118.12	nan	2	EU	EUR
999520001	CFTC EUR Non-Commercial Net Positions	2024.04.19 22:30:00	12.2	nan	32.7	nan	2	EU	EUR
999500001	S&P Global Manufacturing PMI	2024.04.23 11:00:00	45.6	45.5	46.1	nan	2	EU	EUR
999500002	S&P Global Services PMI	2024.04.23 11:00:00	52.9	50.8	51.5	nan	2	EU	EUR
999500003	S&P Global Composite PMI	2024.04.23 11:00:00	51.4	50.6	50.3	nan	2	EU	EUR
999010019	ECB Households Loans y/y	2024.04.26 11:00:00	0.2	0.3	0.3	nan	2	EU	EUR
999520001	CFTC EUR Non-Commercial Net Positions	2024.04.26 22:30:00	-10.0	nan	12.2	nan	2	EU	EUR
999040005	Economic Sentiment Indicator	2024.04.29 12:00:00	95.6	94.9	96.3	96.2	2	EU	EUR
999030011	CPI m/m	2024.04.30 12:00:00	0.6	1.4	0.8	nan	2	EU	EUR
999030012	Core CPI y/y	2024.04.30 12:00:00	2.7	2.8	2.9	nan	2	EU	EUR
999030016	GDP q/q	2024.04.30 12:00:00	0.3	0.1	0.0	-0.1	2	EU	EUR
999030017	GDP y/y	2024.04.30 12:00:00	0.4	0.1	0.1	0.1	2	EU	EUR
999030027	Core CPI	2024.04.30 12:00:00	118.96	nan	118.12	nan	2	EU	EUR
999500001	S&P Global Manufacturing PMI	2024.05.02 11:00:00	45.7	45.6	45.6	nan	2	EU	EUR
999030020	Unemployment Rate	2024.05.03 12:00:00	6.5	6.4	6.5	nan	2	EU	EUR
999520001	CFTC EUR Non-Commercial Net Positions	2024.05.03 22:30:00	-6.8	nan	-10.0	nan	2	EU	EUR
999500002	S&P Global Services PMI	2024.05.06 11:00:00	53.3	52.9	52.9	nan	2	EU	EUR
999500003	S&P Global Composite PMI	2024.05.06 11:00:00	51.7	51.4	51.4	nan	2	EU	EUR
999500004	S&P Global Construction PMI	2024.05.07 10:30:00	41.9	nan	42.4	nan	2	EU	EUR
999520001	CFTC EUR Non-Commercial Net Positions	2024.05.10 22:30:00	4.6	nan	-6.8	nan	2	EU	EUR
999050001	ZEW Economic Sentiment Indicator	2024.05.14 12:05:00	47.0	-0.8	43.9	nan	2	EU	EUR
999030007	Industrial Production m/m	2024.05.15 12:00:00	0.6	0.2	0.8	1.0	2	EU	EUR
999030016	GDP q/q	2024.05.15 12:00:00	0.3	0.3	0.3	-0.1	2	EU	EUR
999030017	GDP y/y	2024.05.15 12:00:00	0.4	0.4	0.4	0.1	2	EU	EUR
999030028	Employment Level	2024.05.15 12:00:00	169.842	nan	167.534	169.323	2	EU	EUR
999030011	CPI m/m	2024.05.17 12:00:00	0.6	0.6	0.6	nan	2	EU	EUR
999030012	Core CPI y/y	2024.05.17 12:00:00	2.7	2.7	2.7	nan	2	EU	EUR
999030027	Core CPI	2024.05.17 12:00:00	118.95	nan	118.96	nan	2	EU	EUR
999520001	CFTC EUR Non-Commercial Net Positions	2024.05.17 22:30:00	17.2	nan	4.6	nan	2	EU	EUR
999030018	Trade Balance	2024.05.21 12:00:00	17.3	16.5	17.9	16.7	2	EU	EUR
999030019	Trade Balance n.s.a.	2024.05.21 12:00:00	24.1	22.9	23.6	22.8	2	EU	EUR
999500001	S&P Global Manufacturing PMI	2024.05.23 11:00:00	47.4	45.6	45.7	nan	2	EU	EUR
999500002	S&P Global Services PMI	2024.05.23 11:00:00	53.3	53.3	53.3	nan	2	EU	EUR
999500003	S&P Global Composite PMI	2024.05.23 11:00:00	52.3	51.7	51.7	nan	2	EU	EUR
999520001	CFTC EUR Non-Commercial Net Positions	2024.05.24 22:30:00	41.5	nan	17.2	nan	2	EU	EUR
999010019	ECB Households Loans y/y	2024.05.29 11:00:00	0.2	0.3	0.2	nan	2	EU	EUR
999040005	Economic Sentiment Indicator	2024.05.30 12:00:00	96.0	94.9	95.6	nan	2	EU	EUR
999030020	Unemployment Rate	2024.05.30 12:00:00	6.4	6.5	6.5	nan	2	EU	EUR
999030011	CPI m/m	2024.05.31 12:00:00	0.2	0.1	0.6	nan	2	EU	EUR
999030012	Core CPI y/y	2024.05.31 12:00:00	2.9	2.6	2.7	nan	2	EU	EUR
999030027	Core CPI	2024.05.31 12:00:00	119.47	nan	118.95	nan	2	EU	EUR
999520001	CFTC EUR Non-Commercial Net Positions	2024.05.31 22:30:00	57.6	nan	41.5	nan	2	EU	EUR
999500001	S&P Global Manufacturing PMI	2024.06.03 11:00:00	47.3	47.4	47.4	nan	2	EU	EUR
999500002	S&P Global Services PMI	2024.06.05 11:00:00	53.2	53.3	53.3	nan	2	EU	EUR
999500003	S&P Global Composite PMI	2024.06.05 11:00:00	52.2	52.3	52.3	nan	2	EU	EUR
999500004	S&P Global Construction PMI	2024.06.06 10:30:00	42.9	nan	41.9	nan	2	EU	EUR
999010015	ECB Marginal Lending Facility Rate Decision	2024.06.06 15:15:00	4.5	nan	4.75	nan	2	EU	EUR
999030016	GDP q/q	2024.06.07 12:00:00	0.3	0.3	0.3	0.3	2	EU	EUR
999030017	GDP y/y	2024.06.07 12:00:00	0.4	0.4	0.4	0.4	2	EU	EUR
999030028	Employment Level	2024.06.07 12:00:00	169.861	nan	169.842	nan	2	EU	EUR
999520001	CFTC EUR Non-Commercial Net Positions	2024.06.07 22:30:00	67.9	nan	57.6	nan	2	EU	EUR
999030007	Industrial Production m/m	2024.06.13 12:00:00	-0.1	-0.2	0.6	0.5	2	EU	EUR
999030018	Trade Balance	2024.06.14 12:00:00	19.4	22.5	17.3	17.2	2	EU	EUR
999030019	Trade Balance n.s.a.	2024.06.14 12:00:00	15.0	19.1	24.1	23.7	2	EU	EUR
999520001	CFTC EUR Non-Commercial Net Positions	2024.06.14 22:30:00	43.6	nan	67.9	nan	2	EU	EUR
999030023	Wage Costs y/y	2024.06.17 12:00:00	5.3	4.3	3.1	nan	2	EU	EUR
999030011	CPI m/m	2024.06.18 12:00:00	0.2	0.2	0.2	nan	2	EU	EUR
999030012	Core CPI y/y	2024.06.18 12:00:00	2.9	2.9	2.9	nan	2	EU	EUR
999030027	Core CPI	2024.06.18 12:00:00	119.47	nan	119.47	nan	2	EU	EUR
999050001	ZEW Economic Sentiment Indicator	2024.06.18 12:05:00	51.3	49.2	47.0	nan	2	EU	EUR
999500001	S&P Global Manufacturing PMI	2024.06.21 11:00:00	45.6	47.8	47.3	nan	2	EU	EUR
999500002	S&P Global Services PMI	2024.06.21 11:00:00	52.6	52.4	53.2	nan	2	EU	EUR
999500003	S&P Global Composite PMI	2024.06.21 11:00:00	50.8	51.7	52.2	nan	2	EU	EUR
999520001	CFTC EUR Non-Commercial Net Positions	2024.06.24 22:30:00	8.0	nan	43.6	nan	2	EU	EUR
999010019	ECB Households Loans y/y	2024.06.27 11:00:00	0.3	0.2	0.2	nan	2	EU	EUR
999040005	Economic Sentiment Indicator	2024.06.27 12:00:00	95.9	96.6	96.0	96.1	2	EU	EUR
999520001	CFTC EUR Non-Commercial Net Positions	2024.06.28 22:30:00	-8.4	nan	8.0	nan	2	EU	EUR
999500001	S&P Global Manufacturing PMI	2024.07.01 11:00:00	45.8	45.6	45.6	nan	2	EU	EUR
999030011	CPI m/m	2024.07.02 12:00:00	0.2	0.6	0.2	nan	2	EU	EUR
999030012	Core CPI y/y	2024.07.02 12:00:00	2.9	2.8	2.9	nan	2	EU	EUR
999030020	Unemployment Rate	2024.07.02 12:00:00	6.4	6.3	6.4	nan	2	EU	EUR
999030027	Core CPI	2024.07.02 12:00:00	119.88	nan	119.47	nan	2	EU	EUR
999500002	S&P Global Services PMI	2024.07.03 11:00:00	52.8	52.6	52.6	nan	2	EU	EUR
999500003	S&P Global Composite PMI	2024.07.03 11:00:00	50.9	50.8	50.8	nan	2	EU	EUR
999500004	S&P Global Construction PMI	2024.07.04 10:30:00	41.8	nan	42.9	nan	2	EU	EUR
999520001	CFTC EUR Non-Commercial Net Positions	2024.07.08 22:30:00	-9.5	nan	-8.4	nan	2	EU	EUR
999520001	CFTC EUR Non-Commercial Net Positions	2024.07.12 22:30:00	3.6	nan	-9.5	nan	2	EU	EUR
999030007	Industrial Production m/m	2024.07.15 12:00:00	-0.6	-0.1	-0.1	0.0	2	EU	EUR
999030018	Trade Balance	2024.07.16 12:00:00	12.3	18.9	19.4	18.5	2	EU	EUR
999030019	Trade Balance n.s.a.	2024.07.16 12:00:00	13.9	20.5	15.0	14.2	2	EU	EUR
999050001	ZEW Economic Sentiment Indicator	2024.07.16 12:05:00	43.7	49.5	51.3	nan	2	EU	EUR
999030011	CPI m/m	2024.07.17 12:00:00	0.2	0.2	0.2	nan	2	EU	EUR
999030012	Core CPI y/y	2024.07.17 12:00:00	2.9	2.9	2.9	nan	2	EU	EUR
999030027	Core CPI	2024.07.17 12:00:00	119.89	nan	119.88	nan	2	EU	EUR
999010015	ECB Marginal Lending Facility Rate Decision	2024.07.18 15:15:00	4.5	nan	4.5	nan	2	EU	EUR
999520001	CFTC EUR Non-Commercial Net Positions	2024.07.19 22:30:00	24.7	nan	3.6	nan	2	EU	EUR
999500001	S&P Global Manufacturing PMI	2024.07.24 11:00:00	45.6	45.3	45.8	nan	2	EU	EUR
999500002	S&P Global Services PMI	2024.07.24 11:00:00	51.9	52.3	52.8	nan	2	EU	EUR
999500003	S&P Global Composite PMI	2024.07.24 11:00:00	50.1	49.8	50.9	nan	2	EU	EUR
999010019	ECB Households Loans y/y	2024.07.25 11:00:00	0.3	0.3	0.3	nan	2	EU	EUR
999520001	CFTC EUR Non-Commercial Net Positions	2024.07.26 22:30:00	35.9	nan	24.7	nan	2	EU	EUR
999040005	Economic Sentiment Indicator	2024.07.30 12:00:00	95.8	95.3	95.9	nan	2	EU	EUR
999030016	GDP q/q	2024.07.30 12:00:00	0.3	0.2	0.3	nan	2	EU	EUR
999030017	GDP y/y	2024.07.30 12:00:00	0.6	0.4	0.4	0.5	2	EU	EUR
999030011	CPI m/m	2024.07.31 12:00:00	0.0	-0.4	0.2	nan	2	EU	EUR
999030012	Core CPI y/y	2024.07.31 12:00:00	2.9	2.8	2.9	nan	2	EU	EUR
999030027	Core CPI	2024.07.31 12:00:00	119.71	nan	119.89	nan	2	EU	EUR
999500001	S&P Global Manufacturing PMI	2024.08.01 11:00:00	45.8	45.6	45.6	nan	2	EU	EUR
999030020	Unemployment Rate	2024.08.01 12:00:00	6.5	6.4	6.4	nan	2	EU	EUR
999520001	CFTC EUR Non-Commercial Net Positions	2024.08.02 22:30:00	17.8	nan	35.9	nan	2	EU	EUR
999500002	S&P Global Services PMI	2024.08.05 11:00:00	51.9	51.9	51.9	nan	2	EU	EUR
999500003	S&P Global Composite PMI	2024.08.05 11:00:00	50.2	50.1	50.1	nan	2	EU	EUR
999500004	S&P Global Construction PMI	2024.08.06 10:30:00	41.4	nan	41.8	nan	2	EU	EUR
999520001	CFTC EUR Non-Commercial Net Positions	2024.08.09 22:30:00	33.6	nan	17.8	nan	2	EU	EUR
999050001	ZEW Economic Sentiment Indicator	2024.08.13 12:05:00	17.9	41.1	43.7	nan	2	EU	EUR
999030007	Industrial Production m/m	2024.08.14 12:00:00	-0.1	0.0	-0.6	-0.9	2	EU	EUR
999030016	GDP q/q	2024.08.14 12:00:00	0.3	0.3	0.3	0.3	2	EU	EUR
999030017	GDP y/y	2024.08.14 12:00:00	0.6	0.6	0.6	0.5	2	EU	EUR
999030028	Employment Level	2024.08.14 12:00:00	170.184	nan	169.861	169.809	2	EU	EUR
999030018	Trade Balance	2024.08.16 12:00:00	17.5	16.8	12.3	12.4	2	EU	EUR
999030019	Trade Balance n.s.a.	2024.08.16 12:00:00	22.3	18.3	13.9	14.0	2	EU	EUR
999520001	CFTC EUR Non-Commercial Net Positions	2024.08.16 22:30:00	27.0	nan	33.6	nan	2	EU	EUR
999030011	CPI m/m	2024.08.20 12:00:00	0.0	0.0	0.0	nan	2	EU	EUR
999030012	Core CPI y/y	2024.08.20 12:00:00	2.9	2.9	2.9	nan	2	EU	EUR
999030027	Core CPI	2024.08.20 12:00:00	119.7	nan	119.71	nan	2	EU	EUR
999500001	S&P Global Manufacturing PMI	2024.08.22 11:00:00	45.6	45.6	45.8	nan	2	EU	EUR
999500002	S&P Global Services PMI	2024.08.22 11:00:00	53.3	51.5	51.9	nan	2	EU	EUR
999500003	S&P Global Composite PMI	2024.08.22 11:00:00	51.2	49.8	50.2	nan	2	EU	EUR
999520001	CFTC EUR Non-Commercial Net Positions	2024.08.23 22:30:00	56.0	nan	27.0	nan	2	EU	EUR
999010019	ECB Households Loans y/y	2024.08.28 11:00:00	0.5	0.4	0.3	nan	2	EU	EUR
999040005	Economic Sentiment Indicator	2024.08.29 12:00:00	96.6	95.5	95.8	96.0	2	EU	EUR
999030011	CPI m/m	2024.08.30 12:00:00	0.2	0.3	0.0	nan	2	EU	EUR
999030012	Core CPI y/y	2024.08.30 12:00:00	2.8	2.9	2.9	nan	2	EU	EUR
999030020	Unemployment Rate	2024.08.30 12:00:00	6.4	6.5	6.5	nan	2	EU	EUR
999030027	Core CPI	2024.08.30 12:00:00	120.1	nan	119.7	nan	2	EU	EUR
999520001	CFTC EUR Non-Commercial Net Positions	2024.08.30 22:30:00	92.8	nan	56.0	nan	2	EU	EUR
999500001	S&P Global Manufacturing PMI	2024.09.02 11:00:00	45.8	45.6	45.6	nan	2	EU	EUR
999500002	S&P Global Services PMI	2024.09.04 11:00:00	52.9	53.3	53.3	nan	2	EU	EUR
999500003	S&P Global Composite PMI	2024.09.04 11:00:00	51.0	51.2	51.2	nan	2	EU	EUR
999500004	S&P Global Construction PMI	2024.09.05 10:30:00	41.4	nan	41.4	nan	2	EU	EUR
999030016	GDP q/q	2024.09.06 13:00:00	0.2	nan	0.3	0.3	2	EU	EUR
999030017	GDP y/y	2024.09.06 13:00:00	0.6	nan	0.6	0.6	2	EU	EUR
999520001	CFTC EUR Non-Commercial Net Positions	2024.09.06 22:30:00	100.0	nan	92.8	nan	2	EU	EUR
999010015	ECB Marginal Lending Facility Rate Decision	2024.09.12 15:15:00	3.9	nan	4.5	nan	2	EU	EUR
999030007	Industrial Production m/m	2024.09.13 12:00:00	-0.3	0.1	-0.1	0.0	2	EU	EUR
999520001	CFTC EUR Non-Commercial Net Positions	2024.09.13 22:30:00	81.4	nan	100.0	nan	2	EU	EUR
999030018	Trade Balance	2024.09.16 12:00:00	15.5	16.4	17.5	17.0	2	EU	EUR
999030019	Trade Balance n.s.a.	2024.09.16 12:00:00	21.2	19.1	22.3	21.7	2	EU	EUR
999030023	Wage Costs y/y	2024.09.16 12:00:00	4.5	4.9	5.3	nan	2	EU	EUR
999050001	ZEW Economic Sentiment Indicator	2024.09.17 12:05:00	9.3	7.5	17.9	nan	2	EU	EUR
999030011	CPI m/m	2024.09.18 12:00:00	0.1	0.2	0.2	nan	2	EU	EUR
999030012	Core CPI y/y	2024.09.18 12:00:00	2.8	2.8	2.8	nan	2	EU	EUR
999030027	Core CPI	2024.09.18 12:00:00	120.09	nan	120.1	nan	2	EU	EUR
999520001	CFTC EUR Non-Commercial Net Positions	2024.09.20 22:30:00	69.6	nan	81.4	nan	2	EU	EUR
999500001	S&P Global Manufacturing PMI	2024.09.23 11:00:00	44.8	45.3	45.8	nan	2	EU	EUR
999500002	S&P Global Services PMI	2024.09.23 11:00:00	50.5	53.4	52.9	nan	2	EU	EUR
999500003	S&P Global Composite PMI	2024.09.23 11:00:00	48.9	51.9	51.0	nan	2	EU	EUR
999010019	ECB Households Loans y/y	2024.09.26 11:00:00	0.6	0.6	0.5	nan	2	EU	EUR
999040005	Economic Sentiment Indicator	2024.09.27 12:00:00	96.2	96.9	96.6	96.5	2	EU	EUR
999520001	CFTC EUR Non-Commercial Net Positions	2024.09.27 22:30:00	71.7	nan	69.6	nan	2	EU	EUR
999500001	S&P Global Manufacturing PMI	2024.10.01 11:00:00	45.0	44.8	44.8	nan	2	EU	EUR
999030011	CPI m/m	2024.10.01 12:00:00	-0.1	0.2	0.1	nan	2	EU	EUR
999030012	Core CPI y/y	2024.10.01 12:00:00	2.7	2.8	2.8	nan	2	EU	EUR
999030027	Core CPI	2024.10.01 12:00:00	120.19	nan	120.09	nan	2	EU	EUR
999030020	Unemployment Rate	2024.10.02 12:00:00	6.4	6.4	6.4	nan	2	EU	EUR
999500002	S&P Global Services PMI	2024.10.03 11:00:00	51.4	50.5	50.5	nan	2	EU	EUR
999500003	S&P Global Composite PMI	2024.10.03 11:00:00	49.6	48.9	48.9	nan	2	EU	EUR
999500004	S&P Global Construction PMI	2024.10.04 10:30:00	42.9	nan	41.4	nan	2	EU	EUR
999520001	CFTC EUR Non-Commercial Net Positions	2024.10.04 22:30:00	55.3	nan	71.7	nan	2	EU	EUR
999520001	CFTC EUR Non-Commercial Net Positions	2024.10.11 22:30:00	39.1	nan	55.3	nan	2	EU	EUR
999030007	Industrial Production m/m	2024.10.15 12:00:00	1.8	0.3	-0.3	-0.5	2	EU	EUR
999050001	ZEW Economic Sentiment Indicator	2024.10.15 12:05:00	20.1	21.3	9.3	nan	2	EU	EUR
999030011	CPI m/m	2024.10.17 12:00:00	-0.1	-0.1	-0.1	nan	2	EU	EUR
999030012	Core CPI y/y	2024.10.17 12:00:00	2.7	2.7	2.7	nan	2	EU	EUR
999030018	Trade Balance	2024.10.17 12:00:00	11.0	12.7	15.5	13.7	2	EU	EUR
999030019	Trade Balance n.s.a.	2024.10.17 12:00:00	4.6	16.6	21.2	19.7	2	EU	EUR
999030027	Core CPI	2024.10.17 12:00:00	120.17	nan	120.19	nan	2	EU	EUR
999010015	ECB Marginal Lending Facility Rate Decision	2024.10.17 15:15:00	3.65	nan	3.9	nan	2	EU	EUR
999520001	CFTC EUR Non-Commercial Net Positions	2024.10.18 22:30:00	17.2	nan	39.1	nan	2	EU	EUR
999500001	S&P Global Manufacturing PMI	2024.10.24 11:00:00	45.9	45.0	45.0	nan	2	EU	EUR
999500002	S&P Global Services PMI	2024.10.24 11:00:00	51.2	49.7	51.4	nan	2	EU	EUR
999500003	S&P Global Composite PMI	2024.10.24 11:00:00	49.7	47.1	49.6	nan	2	EU	EUR
999010019	ECB Households Loans y/y	2024.10.25 11:00:00	0.7	0.7	0.6	nan	2	EU	EUR
999520001	CFTC EUR Non-Commercial Net Positions	2024.10.25 22:30:00	-28.5	nan	17.2	nan	2	EU	EUR
999040005	Economic Sentiment Indicator	2024.10.30 13:00:00	95.6	97.2	96.2	96.3	2	EU	EUR
999030016	GDP q/q	2024.10.30 13:00:00	0.4	0.0	0.2	0.2	2	EU	EUR
999030017	GDP y/y	2024.10.30 13:00:00	0.9	0.5	0.6	nan	2	EU	EUR
999030011	CPI m/m	2024.10.31 13:00:00	0.3	-0.2	-0.1	nan	2	EU	EUR
999030012	Core CPI y/y	2024.10.31 13:00:00	2.7	2.7	2.7	nan	2	EU	EUR
999030020	Unemployment Rate	2024.10.31 13:00:00	6.3	6.4	6.4	6.3	2	EU	EUR
999030027	Core CPI	2024.10.31 13:00:00	120.45	nan	120.17	nan	2	EU	EUR
999520001	CFTC EUR Non-Commercial Net Positions	2024.11.01 22:30:00	-50.3	nan	-28.5	nan	2	EU	EUR
999500001	S&P Global Manufacturing PMI	2024.11.04 12:00:00	46.0	45.9	45.9	nan	2	EU	EUR
999500002	S&P Global Services PMI	2024.11.06 12:00:00	51.6	51.2	51.2	nan	2	EU	EUR
999500003	S&P Global Composite PMI	2024.11.06 12:00:00	50.0	49.7	49.7	nan	2	EU	EUR
999500004	S&P Global Construction PMI	2024.11.07 11:30:00	43.0	nan	42.9	nan	2	EU	EUR
999520001	CFTC EUR Non-Commercial Net Positions	2024.11.08 23:30:00	-21.7	nan	-50.3	nan	2	EU	EUR
999050001	ZEW Economic Sentiment Indicator	2024.11.12 13:05:00	12.5	31.3	20.1	nan	2	EU	EUR
999030007	Industrial Production m/m	2024.11.14 13:00:00	-2.0	1.7	1.8	1.5	2	EU	EUR
999030016	GDP q/q	2024.11.14 13:00:00	0.4	0.4	0.4	0.2	2	EU	EUR
999030017	GDP y/y	2024.11.14 13:00:00	0.9	0.9	0.9	0.6	2	EU	EUR
999030028	Employment Level	2024.11.14 13:00:00	170.877	nan	170.184	170.571	2	EU	EUR
999520001	CFTC EUR Non-Commercial Net Positions	2024.11.15 23:30:00	-7.4	nan	-21.7	nan	2	EU	EUR
999030018	Trade Balance	2024.11.18 13:00:00	13.6	11.0	11.0	10.8	2	EU	EUR
999030019	Trade Balance n.s.a.	2024.11.18 13:00:00	12.5	10.7	4.6	4.1	2	EU	EUR
999030011	CPI m/m	2024.11.19 13:00:00	0.3	0.3	0.3	nan	2	EU	EUR
999030012	Core CPI y/y	2024.11.19 13:00:00	2.7	2.7	2.7	nan	2	EU	EUR
999030027	Core CPI	2024.11.19 13:00:00	120.47	nan	120.45	nan	2	EU	EUR
999500001	S&P Global Manufacturing PMI	2024.11.22 12:00:00	45.2	45.2	46.0	nan	2	EU	EUR
999500002	S&P Global Services PMI	2024.11.22 12:00:00	49.2	51.3	51.6	nan	2	EU	EUR
999500003	S&P Global Composite PMI	2024.11.22 12:00:00	48.1	52.4	50.0	nan	2	EU	EUR
999520001	CFTC EUR Non-Commercial Net Positions	2024.11.22 23:30:00	-42.6	nan	-7.4	nan	2	EU	EUR
999010019	ECB Households Loans y/y	2024.11.28 12:00:00	0.8	0.9	0.7	nan	2	EU	EUR
999040005	Economic Sentiment Indicator	2024.11.28 13:00:00	95.8	96.5	95.6	95.7	2	EU	EUR
999030011	CPI m/m	2024.11.29 13:00:00	-0.3	0.1	0.3	nan	2	EU	EUR
999030012	Core CPI y/y	2024.11.29 13:00:00	2.7	2.7	2.7	nan	2	EU	EUR
999030027	Core CPI	2024.11.29 13:00:00	119.8	nan	120.47	nan	2	EU	EUR
999500001	S&P Global Manufacturing PMI	2024.12.02 12:00:00	45.2	45.2	45.2	nan	2	EU	EUR
999030020	Unemployment Rate	2024.12.02 13:00:00	6.3	6.4	6.3	nan	2	EU	EUR
999520001	CFTC EUR Non-Commercial Net Positions	2024.12.02 23:30:00	-56.0	nan	-42.6	nan	2	EU	EUR
999500002	S&P Global Services PMI	2024.12.04 12:00:00	49.5	49.2	49.2	nan	2	EU	EUR
999500003	S&P Global Composite PMI	2024.12.04 12:00:00	48.3	48.1	48.1	nan	2	EU	EUR
999500004	S&P Global Construction PMI	2024.12.05 11:30:00	42.7	nan	43.0	nan	2	EU	EUR
999030016	GDP q/q	2024.12.06 13:00:00	0.4	nan	0.4	0.4	2	EU	EUR
999030017	GDP y/y	2024.12.06 13:00:00	0.9	nan	0.9	0.9	2	EU	EUR
999520001	CFTC EUR Non-Commercial Net Positions	2024.12.06 23:30:00	-57.5	nan	-56.0	nan	2	EU	EUR
999010015	ECB Marginal Lending Facility Rate Decision	2024.12.12 16:15:00	3.4	nan	3.65	nan	2	EU	EUR
999030007	Industrial Production m/m	2024.12.13 13:00:00	0.0	-0.1	-2.0	-1.5	2	EU	EUR
999520001	CFTC EUR Non-Commercial Net Positions	2024.12.13 23:30:00	-75.6	nan	-57.5	nan	2	EU	EUR
999500001	S&P Global Manufacturing PMI	2024.12.16 12:00:00	45.2	45.4	45.2	nan	2	EU	EUR
999500002	S&P Global Services PMI	2024.12.16 12:00:00	51.4	50.2	49.5	nan	2	EU	EUR
999500003	S&P Global Composite PMI	2024.12.16 12:00:00	49.5	48.9	48.3	nan	2	EU	EUR
999030023	Wage Costs y/y	2024.12.16 13:00:00	4.4	4.8	4.5	nan	2	EU	EUR
999030018	Trade Balance	2024.12.17 13:00:00	6.1	13.4	13.6	12.6	2	EU	EUR
999030019	Trade Balance n.s.a.	2024.12.17 13:00:00	6.8	18.1	12.5	11.6	2	EU	EUR
999050001	ZEW Economic Sentiment Indicator	2024.12.17 13:05:00	17.0	-15.9	12.5	nan	2	EU	EUR
999030011	CPI m/m	2024.12.18 13:00:00	-0.3	-0.3	-0.3	nan	2	EU	EUR
999030012	Core CPI y/y	2024.12.18 13:00:00	2.7	2.7	2.7	nan	2	EU	EUR
999030027	Core CPI	2024.12.18 13:00:00	119.78	nan	119.8	nan	2	EU	EUR
999520001	CFTC EUR Non-Commercial Net Positions	2024.12.20 23:30:00	-65.9	nan	-75.6	nan	2	EU	EUR
999520001	CFTC EUR Non-Commercial Net Positions	2024.12.30 23:30:00	-68.5	nan	-65.9	nan	2	EU	EUR
999010019	ECB Households Loans y/y	2025.01.02 12:00:00	0.9	0.9	0.8	nan	2	EU	EUR
999500001	S&P Global Manufacturing PMI	2025.01.02 12:00:00	45.1	45.2	45.2	nan	2	EU	EUR
999500002	S&P Global Services PMI	2025.01.06 12:00:00	51.6	51.4	51.4	nan	2	EU	EUR
999500003	S&P Global Composite PMI	2025.01.06 12:00:00	49.6	49.5	49.5	nan	2	EU	EUR
999500004	S&P Global Construction PMI	2025.01.07 11:30:00	42.9	nan	42.7	nan	2	EU	EUR
999030011	CPI m/m	2025.01.07 13:00:00	0.4	-0.2	-0.3	nan	2	EU	EUR
999030012	Core CPI y/y	2025.01.07 13:00:00	2.7	2.7	2.7	nan	2	EU	EUR
999030020	Unemployment Rate	2025.01.07 13:00:00	6.3	6.4	6.3	nan	2	EU	EUR
999030027	Core CPI	2025.01.07 13:00:00	120.32	nan	119.78	nan	2	EU	EUR
999040005	Economic Sentiment Indicator	2025.01.08 13:00:00	93.7	96.1	95.8	95.6	2	EU	EUR
999520001	CFTC EUR Non-Commercial Net Positions	2025.01.10 23:30:00	-64.1	nan	-68.5	nan	2	EU	EUR
999030007	Industrial Production m/m	2025.01.15 13:00:00	0.2	-1.3	0.0	0.2	2	EU	EUR
999030018	Trade Balance	2025.01.16 13:00:00	12.9	8.3	6.1	7.0	2	EU	EUR
999030019	Trade Balance n.s.a.	2025.01.16 13:00:00	16.4	11.6	6.8	8.6	2	EU	EUR
999030011	CPI m/m	2025.01.17 13:00:00	0.4	0.4	0.4	nan	2	EU	EUR
999030012	Core CPI y/y	2025.01.17 13:00:00	2.7	2.7	2.7	nan	2	EU	EUR
999030027	Core CPI	2025.01.17 13:00:00	120.32	nan	120.32	nan	2	EU	EUR
999520001	CFTC EUR Non-Commercial Net Positions	2025.01.17 23:30:00	-60.4	nan	-64.1	nan	2	EU	EUR
999050001	ZEW Economic Sentiment Indicator	2025.01.21 13:05:00	18.0	39.0	17.0	nan	2	EU	EUR
999500001	S&P Global Manufacturing PMI	2025.01.24 12:00:00	46.1	45.2	45.1	nan	2	EU	EUR
999500002	S&P Global Services PMI	2025.01.24 12:00:00	51.4	50.5	51.6	nan	2	EU	EUR
999500003	S&P Global Composite PMI	2025.01.24 12:00:00	50.2	48.6	49.6	nan	2	EU	EUR
999520001	CFTC EUR Non-Commercial Net Positions	2025.01.24 23:30:00	-62.5	nan	-60.4	nan	2	EU	EUR
999010019	ECB Households Loans y/y	2025.01.29 12:00:00	1.1	0.9	0.9	nan	2	EU	EUR
999040005	Economic Sentiment Indicator	2025.01.30 13:00:00	95.2	95.0	93.7	nan	2	EU	EUR
999030016	GDP q/q	2025.01.30 13:00:00	0.0	0.4	0.4	0.4	2	EU	EUR
999030017	GDP y/y	2025.01.30 13:00:00	0.9	0.8	0.9	0.9	2	EU	EUR
999030020	Unemployment Rate	2025.01.30 13:00:00	6.3	6.4	6.3	6.2	2	EU	EUR
999010015	ECB Marginal Lending Facility Rate Decision	2025.01.30 16:15:00	3.15	nan	3.4	nan	2	EU	EUR
999520001	CFTC EUR Non-Commercial Net Positions	2025.01.31 23:30:00	-66.6	nan	-62.5	nan	2	EU	EUR
999500001	S&P Global Manufacturing PMI	2025.02.03 12:00:00	46.6	46.1	46.1	nan	2	EU	EUR
999030011	CPI m/m	2025.02.03 13:00:00	-0.3	-0.1	0.4	nan	2	EU	EUR
999030012	Core CPI y/y	2025.02.03 13:00:00	2.7	2.7	2.7	nan	2	EU	EUR
999030027	Core CPI	2025.02.03 13:00:00	119.17	nan	120.32	nan	2	EU	EUR
999500002	S&P Global Services PMI	2025.02.05 12:00:00	51.3	51.4	51.4	nan	2	EU	EUR
999500003	S&P Global Composite PMI	2025.02.05 12:00:00	50.2	50.2	50.2	nan	2	EU	EUR
999500004	S&P Global Construction PMI	2025.02.06 11:30:00	45.4	nan	42.9	nan	2	EU	EUR
999520001	CFTC EUR Non-Commercial Net Positions	2025.02.07 23:30:00	-58.6	nan	-66.6	nan	2	EU	EUR
999030007	Industrial Production m/m	2025.02.13 13:00:00	-1.1	1.6	0.2	0.4	2	EU	EUR
999030016	GDP q/q	2025.02.14 13:00:00	0.1	0.0	0.0	0.4	2	EU	EUR
999030017	GDP y/y	2025.02.14 13:00:00	0.9	0.9	0.9	nan	2	EU	EUR
999030028	Employment Level	2025.02.14 13:00:00	171.166	nan	170.877	170.981	2	EU	EUR
999520001	CFTC EUR Non-Commercial Net Positions	2025.02.14 23:30:00	-64.4	nan	-58.6	nan	2	EU	EUR
999030018	Trade Balance	2025.02.17 13:00:00	14.6	10.8	12.9	13.3	2	EU	EUR
999030019	Trade Balance n.s.a.	2025.02.17 13:00:00	15.5	5.4	16.4	16.0	2	EU	EUR
999050001	ZEW Economic Sentiment Indicator	2025.02.18 13:05:00	24.2	-5.3	18.0	nan	2	EU	EUR
999500001	S&P Global Manufacturing PMI	2025.02.21 12:00:00	47.3	46.3	46.6	nan	2	EU	EUR
999500002	S&P Global Services PMI	2025.02.21 12:00:00	50.7	50.6	51.3	nan	2	EU	EUR
999500003	S&P Global Composite PMI	2025.02.21 12:00:00	50.2	49.6	50.2	nan	2	EU	EUR
999520001	CFTC EUR Non-Commercial Net Positions	2025.02.21 23:30:00	-51.4	nan	-64.4	nan	2	EU	EUR
999030011	CPI m/m	2025.02.24 13:00:00	-0.3	-0.3	-0.3	nan	2	EU	EUR
999030012	Core CPI y/y	2025.02.24 13:00:00	2.7	2.7	2.7	nan	2	EU	EUR
999030027	Core CPI	2025.02.24 13:00:00	119.18	nan	119.17	nan	2	EU	EUR
999010019	ECB Households Loans y/y	2025.02.27 12:00:00	1.3	1.1	1.1	nan	2	EU	EUR
999040005	Economic Sentiment Indicator	2025.02.27 13:00:00	96.3	96.0	95.2	95.3	2	EU	EUR
999520001	CFTC EUR Non-Commercial Net Positions	2025.02.28 23:30:00	-25.4	nan	-51.4	nan	2	EU	EUR
999500001	S&P Global Manufacturing PMI	2025.03.03 12:00:00	47.6	47.3	47.3	nan	2	EU	EUR
999030011	CPI m/m	2025.03.03 13:00:00	0.5	0.0	-0.3	nan	2	EU	EUR
999030012	Core CPI y/y	2025.03.03 13:00:00	2.6	2.7	2.7	nan	2	EU	EUR
999030027	Core CPI	2025.03.03 13:00:00	119.87	nan	119.18	nan	2	EU	EUR
999030020	Unemployment Rate	2025.03.04 13:00:00	6.2	6.3	6.3	6.2	2	EU	EUR
999500002	S&P Global Services PMI	2025.03.05 12:00:00	50.6	50.7	50.7	nan	2	EU	EUR
999500003	S&P Global Composite PMI	2025.03.05 12:00:00	50.2	50.2	50.2	nan	2	EU	EUR
999500004	S&P Global Construction PMI	2025.03.06 11:30:00	42.7	nan	45.4	nan	2	EU	EUR
999010015	ECB Marginal Lending Facility Rate Decision	2025.03.06 16:15:00	2.9	nan	3.15	nan	2	EU	EUR
999520001	CFTC EUR Non-Commercial Net Positions	2025.03.07 23:30:00	-10.1	nan	-25.4	nan	2	EU	EUR
999030007	Industrial Production m/m	2025.03.13 13:00:00	0.8	-1.5	-1.1	-0.4	2	EU	EUR
999520001	CFTC EUR Non-Commercial Net Positions	2025.03.14 22:30:00	13.1	nan	-10.1	nan	2	EU	EUR
999030018	Trade Balance	2025.03.18 13:00:00	14.0	13.2	14.6	14.2	2	EU	EUR
999030019	Trade Balance n.s.a.	2025.03.18 13:00:00	1.0	4.7	15.5	15.4	2	EU	EUR
999050001	ZEW Economic Sentiment Indicator	2025.03.18 13:05:00	39.8	36.1	24.2	nan	2	EU	EUR
999030011	CPI m/m	2025.03.19 13:00:00	0.4	0.5	0.5	nan	2	EU	EUR
999030012	Core CPI y/y	2025.03.19 13:00:00	2.6	2.6	2.6	nan	2	EU	EUR
999030023	Wage Costs y/y	2025.03.19 13:00:00	4.1	4.8	4.4	nan	2	EU	EUR
999030027	Core CPI	2025.03.19 13:00:00	119.83	nan	119.87	nan	2	EU	EUR
999520001	CFTC EUR Non-Commercial Net Positions	2025.03.21 22:30:00	59.4	nan	13.1	nan	2	EU	EUR
999500001	S&P Global Manufacturing PMI	2025.03.24 12:00:00	48.7	45.6	47.6	nan	2	EU	EUR
999500002	S&P Global Services PMI	2025.03.24 12:00:00	50.4	51.5	50.6	nan	2	EU	EUR
999500003	S&P Global Composite PMI	2025.03.24 12:00:00	50.4	50.1	50.2	nan	2	EU	EUR
999010019	ECB Households Loans y/y	2025.03.27 12:00:00	1.5	1.3	1.3	nan	2	EU	EUR
999040005	Economic Sentiment Indicator	2025.03.28 13:00:00	95.2	95.1	96.3	nan	2	EU	EUR
999520001	CFTC EUR Non-Commercial Net Positions	2025.03.28 22:30:00	65.5	nan	59.4	nan	2	EU	EUR
999500001	S&P Global Manufacturing PMI	2025.04.01 11:00:00	48.6	48.7	48.7	nan	2	EU	EUR
999030011	CPI m/m	2025.04.01 12:00:00	0.6	0.2	0.4	nan	2	EU	EUR
999030012	Core CPI y/y	2025.04.01 12:00:00	2.4	2.6	2.6	nan	2	EU	EUR
999030020	Unemployment Rate	2025.04.01 12:00:00	6.1	6.3	6.2	nan	2	EU	EUR
999030027	Core CPI	2025.04.01 12:00:00	120.97	nan	119.83	nan	2	EU	EUR
999500002	S&P Global Services PMI	2025.04.03 11:00:00	51.0	50.4	50.4	nan	2	EU	EUR
999500003	S&P Global Composite PMI	2025.04.03 11:00:00	50.9	50.4	50.4	nan	2	EU	EUR
999500004	S&P Global Construction PMI	2025.04.04 10:30:00	44.8	nan	42.7	nan	2	EU	EUR
999520001	CFTC EUR Non-Commercial Net Positions	2025.04.04 22:30:00	51.8	nan	65.5	nan	2	EU	EUR
999520001	CFTC EUR Non-Commercial Net Positions	2025.04.11 22:30:00	60.0	nan	51.8	nan	2	EU	EUR
999030007	Industrial Production m/m	2025.04.15 12:00:00	1.1	1.9	0.8	0.6	2	EU	EUR
999050001	ZEW Economic Sentiment Indicator	2025.04.15 12:05:00	-18.5	27.1	39.8	nan	2	EU	EUR
999030011	CPI m/m	2025.04.16 12:00:00	0.6	0.6	0.6	nan	2	EU	EUR
999030012	Core CPI y/y	2025.04.16 12:00:00	2.4	2.4	2.4	nan	2	EU	EUR
999030027	Core CPI	2025.04.16 12:00:00	120.99	nan	120.97	nan	2	EU	EUR
999010015	ECB Marginal Lending Facility Rate Decision	2025.04.17 15:15:00	2.65	nan	2.9	nan	2	EU	EUR
999520001	CFTC EUR Non-Commercial Net Positions	2025.04.18 22:30:00	69.3	nan	60.0	nan	2	EU	EUR
999500001	S&P Global Manufacturing PMI	2025.04.23 11:00:00	48.7	48.8	48.6	nan	2	EU	EUR
999500002	S&P Global Services PMI	2025.04.23 11:00:00	49.7	51.1	51.0	nan	2	EU	EUR
999500003	S&P Global Composite PMI	2025.04.23 11:00:00	50.1	50.2	50.9	nan	2	EU	EUR
999030018	Trade Balance	2025.04.23 12:00:00	21.0	14.1	14.0	14.4	2	EU	EUR
999030019	Trade Balance n.s.a.	2025.04.23 12:00:00	24.0	9.7	1.0	0.8	2	EU	EUR
999520001	CFTC EUR Non-Commercial Net Positions	2025.04.25 22:30:00	65.0	nan	69.3	nan	2	EU	EUR
999010019	ECB Households Loans y/y	2025.04.29 11:00:00	1.7	1.6	1.5	nan	2	EU	EUR
999040005	Economic Sentiment Indicator	2025.04.29 12:00:00	93.6	95.5	95.2	95.0	2	EU	EUR
999030016	GDP q/q	2025.04.30 12:00:00	0.4	0.0	0.1	0.2	2	EU	EUR
999030017	GDP y/y	2025.04.30 12:00:00	1.2	0.7	0.9	1.2	2	EU	EUR
999500001	S&P Global Manufacturing PMI	2025.05.02 11:00:00	49.0	48.7	48.7	nan	2	EU	EUR
999030011	CPI m/m	2025.05.02 12:00:00	0.6	0.8	0.6	nan	2	EU	EUR
999030012	Core CPI y/y	2025.05.02 12:00:00	2.7	2.3	2.4	nan	2	EU	EUR
999030020	Unemployment Rate	2025.05.02 12:00:00	6.2	6.2	6.1	6.2	2	EU	EUR
999030027	Core CPI	2025.05.02 12:00:00	122.19	nan	120.99	nan	2	EU	EUR
999520001	CFTC EUR Non-Commercial Net Positions	2025.05.02 22:30:00	75.8	nan	65.0	nan	2	EU	EUR
999500002	S&P Global Services PMI	2025.05.06 11:00:00	50.1	49.7	49.7	nan	2	EU	EUR
999500003	S&P Global Composite PMI	2025.05.06 11:00:00	50.4	50.1	50.1	nan	2	EU	EUR
999500004	S&P Global Construction PMI	2025.05.07 10:30:00	46.0	nan	44.8	nan	2	EU	EUR
999520001	CFTC EUR Non-Commercial Net Positions	2025.05.09 22:30:00	75.7	nan	75.8	nan	2	EU	EUR
999050001	ZEW Economic Sentiment Indicator	2025.05.13 12:05:00	11.6	0.7	-18.5	nan	2	EU	EUR
999030007	Industrial Production m/m	2025.05.15 12:00:00	2.6	-1.1	1.1	nan	2	EU	EUR
999030016	GDP q/q	2025.05.15 12:00:00	0.3	0.4	0.4	0.2	2	EU	EUR
999030017	GDP y/y	2025.05.15 12:00:00	1.2	1.2	1.2	nan	2	EU	EUR
999030028	Employment Level	2025.05.15 12:00:00	171.791	nan	171.166	171.266	2	EU	EUR
999030018	Trade Balance	2025.05.16 12:00:00	27.9	15.9	21.0	22.7	2	EU	EUR
999030019	Trade Balance n.s.a.	2025.05.16 12:00:00	36.9	11.9	24.0	24.8	2	EU	EUR
999520001	CFTC EUR Non-Commercial Net Positions	2025.05.16 22:30:00	84.8	nan	75.7	nan	2	EU	EUR
999030011	CPI m/m	2025.05.19 12:00:00	0.6	0.6	0.6	nan	2	EU	EUR
999030012	Core CPI y/y	2025.05.19 12:00:00	2.7	2.7	2.7	nan	2	EU	EUR
999030027	Core CPI	2025.05.19 12:00:00	122.22	nan	122.19	nan	2	EU	EUR
999500001	S&P Global Manufacturing PMI	2025.05.22 11:00:00	49.4	48.5	49.0	nan	2	EU	EUR
999500002	S&P Global Services PMI	2025.05.22 11:00:00	48.9	51.0	50.1	nan	2	EU	EUR
999500003	S&P Global Composite PMI	2025.05.22 11:00:00	49.5	50.4	50.4	nan	2	EU	EUR
999520001	CFTC EUR Non-Commercial Net Positions	2025.05.23 22:30:00	74.5	nan	84.8	nan	2	EU	EUR
999040005	Economic Sentiment Indicator	2025.05.27 12:00:00	94.8	94.4	93.6	nan	2	EU	EUR
999010019	ECB Households Loans y/y	2025.05.30 11:00:00	1.9	1.8	1.7	nan	2	EU	EUR
999520001	CFTC EUR Non-Commercial Net Positions	2025.05.30 22:30:00	79.5	nan	74.5	nan	2	EU	EUR
999500001	S&P Global Manufacturing PMI	2025.06.02 11:00:00	49.4	49.4	49.4	nan	2	EU	EUR
999030011	CPI m/m	2025.06.03 12:00:00	0.0	0.4	0.6	nan	2	EU	EUR
999030012	Core CPI y/y	2025.06.03 12:00:00	2.3	2.7	2.7	nan	2	EU	EUR
999030020	Unemployment Rate	2025.06.03 12:00:00	6.2	6.3	6.2	6.3	2	EU	EUR
999030027	Core CPI	2025.06.03 12:00:00	122.21	nan	122.22	nan	2	EU	EUR
999500002	S&P Global Services PMI	2025.06.04 11:00:00	49.7	48.9	48.9	nan	2	EU	EUR
999500003	S&P Global Composite PMI	2025.06.04 11:00:00	50.2	49.5	49.5	nan	2	EU	EUR
999500004	S&P Global Construction PMI	2025.06.05 10:30:00	45.6	nan	46.0	nan	2	EU	EUR
999010015	ECB Marginal Lending Facility Rate Decision	2025.06.05 15:15:00	2.4	nan	2.65	nan	2	EU	EUR
999520001	CFTC EUR Non-Commercial Net Positions	2025.06.06 22:30:00	82.8	nan	79.5	nan	2	EU	EUR
999030007	Industrial Production m/m	2025.06.13 12:00:00	-2.4	1.3	2.6	2.4	2	EU	EUR
999030018	Trade Balance	2025.06.13 12:00:00	14.0	21.9	27.9	28.8	2	EU	EUR
999030019	Trade Balance n.s.a.	2025.06.13 12:00:00	9.9	23.3	36.9	37.3	2	EU	EUR
999520001	CFTC EUR Non-Commercial Net Positions	2025.06.13 22:30:00	93.0	nan	82.8	nan	2	EU	EUR
999030023	Wage Costs y/y	2025.06.16 12:00:00	3.4	4.9	4.1	nan	2	EU	EUR
999050001	ZEW Economic Sentiment Indicator	2025.06.17 12:05:00	35.3	16.6	11.6	nan	2	EU	EUR
999030011	CPI m/m	2025.06.18 12:00:00	0.0	0.0	0.0	nan	2	EU	EUR
999030012	Core CPI y/y	2025.06.18 12:00:00	2.3	2.3	2.3	nan	2	EU	EUR
999030027	Core CPI	2025.06.18 12:00:00	122.19	nan	122.21	nan	2	EU	EUR
999500001	S&P Global Manufacturing PMI	2025.06.23 11:00:00	49.4	49.6	49.4	nan	2	EU	EUR
999500002	S&P Global Services PMI	2025.06.23 11:00:00	50.0	50.7	49.7	nan	2	EU	EUR
999500003	S&P Global Composite PMI	2025.06.23 11:00:00	50.2	49.6	50.2	nan	2	EU	EUR
999520001	CFTC EUR Non-Commercial Net Positions	2025.06.23 22:30:00	101.6	nan	93.0	nan	2	EU	EUR
999040005	Economic Sentiment Indicator	2025.06.27 12:00:00	94.0	93.5	94.8	nan	2	EU	EUR
999520001	CFTC EUR Non-Commercial Net Positions	2025.06.27 22:30:00	111.1	nan	101.6	nan	2	EU	EUR
999010019	ECB Households Loans y/y	2025.06.30 11:00:00	2.0	2.0	1.9	nan	2	EU	EUR
999500001	S&P Global Manufacturing PMI	2025.07.01 11:00:00	49.5	49.4	49.4	nan	2	EU	EUR
999030011	CPI m/m	2025.07.01 12:00:00	0.3	0.1	0.0	nan	2	EU	EUR
999030012	Core CPI y/y	2025.07.01 12:00:00	2.3	2.6	2.3	nan	2	EU	EUR
999030027	Core CPI	2025.07.01 12:00:00	122.63	nan	122.19	nan	2	EU	EUR
999030020	Unemployment Rate	2025.07.02 12:00:00	6.3	6.1	6.2	nan	2	EU	EUR
999500002	S&P Global Services PMI	2025.07.03 11:00:00	50.5	50.0	50.0	nan	2	EU	EUR
999500003	S&P Global Composite PMI	2025.07.03 11:00:00	50.6	50.2	50.2	nan	2	EU	EUR
999500004	S&P Global Construction PMI	2025.07.04 10:30:00	45.2	nan	45.6	nan	2	EU	EUR
999520001	CFTC EUR Non-Commercial Net Positions	2025.07.07 22:30:00	107.5	nan	111.1	nan	2	EU	EUR
999520001	CFTC EUR Non-Commercial Net Positions	2025.07.11 22:30:00	120.6	nan	107.5	nan	2	EU	EUR
999030007	Industrial Production m/m	2025.07.15 12:00:00	1.7	-2.5	-2.4	-2.2	2	EU	EUR
999050001	ZEW Economic Sentiment Indicator	2025.07.15 12:05:00	36.1	16.4	35.3	nan	2	EU	EUR
999030018	Trade Balance	2025.07.16 12:00:00	16.2	21.0	14.0	15.1	2	EU	EUR
999030019	Trade Balance n.s.a.	2025.07.16 12:00:00	16.2	20.1	9.9	11.1	2	EU	EUR
999030011	CPI m/m	2025.07.17 12:00:00	0.3	0.3	0.3	nan	2	EU	EUR
999030012	Core CPI y/y	2025.07.17 12:00:00	2.3	2.3	2.3	nan	2	EU	EUR
999030027	Core CPI	2025.07.17 12:00:00	122.66	nan	122.63	nan	2	EU	EUR
999520001	CFTC EUR Non-Commercial Net Positions	2025.07.18 22:30:00	128.2	nan	120.6	nan	2	EU	EUR
999500001	S&P Global Manufacturing PMI	2025.07.24 11:00:00	49.8	49.3	49.5	nan	2	EU	EUR
999500002	S&P Global Services PMI	2025.07.24 11:00:00	51.2	50.2	50.5	nan	2	EU	EUR
999500003	S&P Global Composite PMI	2025.07.24 11:00:00	51.0	49.8	50.6	nan	2	EU	EUR
999010015	ECB Marginal Lending Facility Rate Decision	2025.07.24 15:15:00	2.4	nan	2.4	nan	2	EU	EUR
999010019	ECB Households Loans y/y	2025.07.25 11:00:00	2.2	2.1	2.0	nan	2	EU	EUR
999520001	CFTC EUR Non-Commercial Net Positions	2025.07.25 22:30:00	125.5	nan	128.2	nan	2	EU	EUR
999040005	Economic Sentiment Indicator	2025.07.30 12:00:00	95.8	96.0	94.0	94.2	2	EU	EUR
999030016	GDP q/q	2025.07.30 12:00:00	0.1	0.3	0.3	0.6	2	EU	EUR
999030017	GDP y/y	2025.07.30 12:00:00	1.4	1.1	1.2	1.5	2	EU	EUR
999030020	Unemployment Rate	2025.07.31 12:00:00	6.2	6.2	6.3	6.2	2	EU	EUR
999500001	S&P Global Manufacturing PMI	2025.08.01 11:00:00	49.8	49.8	49.8	nan	2	EU	EUR
999030011	CPI m/m	2025.08.01 12:00:00	0.0	0.2	0.3	nan	2	EU	EUR
999030012	Core CPI y/y	2025.08.01 12:00:00	2.3	2.3	2.3	nan	2	EU	EUR
999030027	Core CPI	2025.08.01 12:00:00	122.44	nan	122.66	nan	2	EU	EUR
999520001	CFTC EUR Non-Commercial Net Positions	2025.08.01 22:30:00	123.4	nan	125.5	nan	2	EU	EUR
999500002	S&P Global Services PMI	2025.08.05 11:00:00	51.0	51.2	51.2	nan	2	EU	EUR
999500003	S&P Global Composite PMI	2025.08.05 11:00:00	50.9	51.0	51.0	nan	2	EU	EUR
999500004	S&P Global Construction PMI	2025.08.06 10:30:00	44.7	nan	45.2	nan	2	EU	EUR
999520001	CFTC EUR Non-Commercial Net Positions	2025.08.08 22:30:00	116.0	nan	123.4	nan	2	EU	EUR
999050001	ZEW Economic Sentiment Indicator	2025.08.12 12:05:00	25.1	18.3	36.1	nan	2	EU	EUR
999030007	Industrial Production m/m	2025.08.14 12:00:00	-1.3	0.4	1.7	1.1	2	EU	EUR
999030016	GDP q/q	2025.08.14 12:00:00	0.1	0.1	0.1	0.6	2	EU	EUR
999030017	GDP y/y	2025.08.14 12:00:00	1.4	1.4	1.4	1.5	2	EU	EUR
999030028	Employment Level	2025.08.14 12:00:00	171.695	nan	171.791	171.536	2	EU	EUR
999520001	CFTC EUR Non-Commercial Net Positions	2025.08.15 22:30:00	115.4	nan	116.0	nan	2	EU	EUR
999030018	Trade Balance	2025.08.18 12:00:00	2.8	16.6	16.2	15.6	2	EU	EUR
999030019	Trade Balance n.s.a.	2025.08.18 12:00:00	7.0	32.2	16.2	16.5	2	EU	EUR
999030011	CPI m/m	2025.08.20 12:00:00	0.0	0.0	0.0	nan	2	EU	EUR
999030012	Core CPI y/y	2025.08.20 12:00:00	2.3	2.3	2.3	nan	2	EU	EUR
999030027	Core CPI	2025.08.20 12:00:00	122.46	nan	122.44	nan	2	EU	EUR
999500001	S&P Global Manufacturing PMI	2025.08.21 11:00:00	50.5	49.9	49.8	nan	2	EU	EUR
999500002	S&P Global Services PMI	2025.08.21 11:00:00	50.7	51.1	51.0	nan	2	EU	EUR
999500003	S&P Global Composite PMI	2025.08.21 11:00:00	51.1	50.9	50.9	nan	2	EU	EUR
999520001	CFTC EUR Non-Commercial Net Positions	2025.08.22 22:30:00	118.7	nan	115.4	nan	2	EU	EUR
999010019	ECB Households Loans y/y	2025.08.28 11:00:00	2.4	2.3	2.2	nan	2	EU	EUR
999040005	Economic Sentiment Indicator	2025.08.28 12:00:00	95.2	94.5	95.8	nan	2	EU	EUR
999520001	CFTC EUR Non-Commercial Net Positions	2025.08.29 22:30:00	123.0	nan	118.7	nan	2	EU	EUR
999500001	S&P Global Manufacturing PMI	2025.09.01 11:00:00	50.7	50.5	50.5	nan	2	EU	EUR
999030020	Unemployment Rate	2025.09.01 12:00:00	6.2	6.2	6.2	6.3	2	EU	EUR
999030011	CPI m/m	2025.09.02 12:00:00	0.2	0.2	0.0	nan	2	EU	EUR
999030012	Core CPI y/y	2025.09.02 12:00:00	2.3	2.2	2.3	nan	2	EU	EUR
999030027	Core CPI	2025.09.02 12:00:00	122.82	nan	122.46	nan	2	EU	EUR
999500002	S&P Global Services PMI	2025.09.03 11:00:00	50.5	50.7	50.7	nan	2	EU	EUR
999500003	S&P Global Composite PMI	2025.09.03 11:00:00	51.0	51.1	51.1	nan	2	EU	EUR
999500004	S&P Global Construction PMI	2025.09.04 10:30:00	46.7	nan	44.7	nan	2	EU	EUR
999520001	CFTC EUR Non-Commercial Net Positions	2025.09.05 22:30:00	119.6	nan	123.0	nan	2	EU	EUR
999010015	ECB Marginal Lending Facility Rate Decision	2025.09.11 15:15:00	2.4	nan	2.4	nan	2	EU	EUR
999520001	CFTC EUR Non-Commercial Net Positions	2025.09.12 22:30:00	125.7	nan	119.6	nan	2	EU	EUR
999030018	Trade Balance	2025.09.15 12:00:00	5.3	8.0	2.8	3.7	2	EU	EUR
999030019	Trade Balance n.s.a.	2025.09.15 12:00:00	12.4	2.4	7.0	8.0	2	EU	EUR
999030007	Industrial Production m/m	2025.09.16 12:00:00	0.3	0.4	-1.3	-0.6	2	EU	EUR
999030023	Wage Costs y/y	2025.09.16 12:00:00	3.7	4.7	3.4	nan	2	EU	EUR
999050001	ZEW Economic Sentiment Indicator	2025.09.16 12:05:00	26.1	17.6	25.1	nan	2	EU	EUR
999030011	CPI m/m	2025.09.17 12:00:00	0.1	0.2	0.2	nan	2	EU	EUR
999030012	Core CPI y/y	2025.09.17 12:00:00	2.3	2.3	2.3	nan	2	EU	EUR
999030027	Core CPI	2025.09.17 12:00:00	122.82	nan	122.82	nan	2	EU	EUR
999520001	CFTC EUR Non-Commercial Net Positions	2025.09.19 22:30:00	117.8	nan	125.7	nan	2	EU	EUR
999500001	S&P Global Manufacturing PMI	2025.09.23 11:00:00	49.5	50.9	50.7	nan	2	EU	EUR
999500002	S&P Global Services PMI	2025.09.23 11:00:00	51.4	50.9	50.5	nan	2	EU	EUR
999500003	S&P Global Composite PMI	2025.09.23 11:00:00	51.2	51.0	51.0	nan	2	EU	EUR
999010019	ECB Households Loans y/y	2025.09.25 11:00:00	2.5	2.4	2.4	nan	2	EU	EUR
999520001	CFTC EUR Non-Commercial Net Positions	2025.09.26 22:30:00	114.3	nan	117.8	nan	2	EU	EUR
999040005	Economic Sentiment Indicator	2025.09.29 12:00:00	95.5	94.8	95.2	95.3	2	EU	EUR
999500001	S&P Global Manufacturing PMI	2025.10.01 11:00:00	49.8	nan	49.5	nan	2	EU	EUR
999030011	CPI m/m	2025.10.01 12:00:00	0.1	0.3	0.1	nan	2	EU	EUR
999030012	Core CPI y/y	2025.10.01 12:00:00	2.3	2.2	2.3	nan	2	EU	EUR
999030027	Core CPI	2025.10.01 12:00:00	122.99	nan	122.82	nan	2	EU	EUR
999030020	Unemployment Rate	2025.10.02 12:00:00	6.3	6.3	6.2	nan	2	EU	EUR
999500002	S&P Global Services PMI	2025.10.03 11:00:00	51.3	nan	51.4	nan	2	EU	EUR
999500003	S&P Global Composite PMI	2025.10.03 11:00:00	51.2	nan	51.2	nan	2	EU	EUR
999500004	S&P Global Construction PMI	2025.10.06 10:30:00	46.0	nan	46.7	nan	2	EU	EUR
999050001	ZEW Economic Sentiment Indicator	2025.10.14 12:05:00	22.7	16.5	26.1	nan	2	EU	EUR
999030007	Industrial Production m/m	2025.10.15 12:00:00	-1.2	-3.6	0.3	0.5	2	EU	EUR
999030018	Trade Balance	2025.10.16 12:00:00	9.7	13.7	5.3	6.0	2	EU	EUR
999030019	Trade Balance n.s.a.	2025.10.16 12:00:00	1.0	-5.7	12.4	12.7	2	EU	EUR
999030011	CPI m/m	2025.10.17 12:00:00	0.1	0.1	0.1	nan	2	EU	EUR
999030012	Core CPI y/y	2025.10.17 12:00:00	2.4	2.3	2.3	nan	2	EU	EUR
999030027	Core CPI	2025.10.17 12:00:00	123.0	nan	122.99	nan	2	EU	EUR
999500001	S&P Global Manufacturing PMI	2025.10.24 11:00:00	50.0	nan	49.8	nan	2	EU	EUR
999500002	S&P Global Services PMI	2025.10.24 11:00:00	52.6	50.6	51.3	nan	2	EU	EUR
999500003	S&P Global Composite PMI	2025.10.24 11:00:00	52.2	51.1	51.2	nan	2	EU	EUR
999010019	ECB Households Loans y/y	2025.10.27 12:00:00	2.6	2.6	2.5	2.5	2	EU	EUR
999040005	Economic Sentiment Indicator	2025.10.30 13:00:00	96.8	95.1	95.5	95.6	2	EU	EUR
999030016	GDP q/q	2025.10.30 13:00:00	0.2	0.2	0.1	nan	2	EU	EUR
999030017	GDP y/y	2025.10.30 13:00:00	1.3	1.3	1.4	1.5	2	EU	EUR
999030020	Unemployment Rate	2025.10.30 13:00:00	6.3	6.3	6.3	nan	2	EU	EUR
999010015	ECB Marginal Lending Facility Rate Decision	2025.10.30 16:15:00	2.4	nan	2.4	nan	2	EU	EUR
999030011	CPI m/m	2025.10.31 13:00:00	0.2	0.3	0.1	nan	2	EU	EUR
999030012	Core CPI y/y	2025.10.31 13:00:00	2.4	2.2	2.4	nan	2	EU	EUR
999030027	Core CPI	2025.10.31 13:00:00	123.32	nan	123.0	nan	2	EU	EUR
999500001	S&P Global Manufacturing PMI	2025.11.03 12:00:00	50.0	50.0	50.0	nan	2	EU	EUR
999500002	S&P Global Services PMI	2025.11.05 12:00:00	53.0	52.6	52.6	nan	2	EU	EUR
999500003	S&P Global Composite PMI	2025.11.05 12:00:00	52.5	52.2	52.2	nan	2	EU	EUR
999500004	S&P Global Construction PMI	2025.11.06 11:30:00	44.0	nan	46.0	nan	2	EU	EUR
999030007	Industrial Production m/m	2025.11.13 13:00:00	0.2	-0.1	-1.2	-1.1	2	EU	EUR
999030016	GDP q/q	2025.11.14 13:00:00	0.2	0.2	0.2	0.1	2	EU	EUR
999030017	GDP y/y	2025.11.14 13:00:00	1.4	1.3	1.3	1.5	2	EU	EUR
999030018	Trade Balance	2025.11.14 13:00:00	18.7	13.3	9.7	10.6	2	EU	EUR
999030019	Trade Balance n.s.a.	2025.11.14 13:00:00	19.4	0.3	1.0	1.9	2	EU	EUR
999030028	Employment Level	2025.11.14 13:00:00	172.049	nan	171.695	171.84	2	EU	EUR
999030011	CPI m/m	2025.11.19 13:00:00	0.2	0.2	0.2	nan	2	EU	EUR
999030012	Core CPI y/y	2025.11.19 13:00:00	2.4	2.4	2.4	nan	2	EU	EUR
999030027	Core CPI	2025.11.19 13:00:00	123.33	nan	123.32	nan	2	EU	EUR
999500001	S&P Global Manufacturing PMI	2025.11.21 12:00:00	49.7	50.1	50.0	nan	2	EU	EUR
999500002	S&P Global Services PMI	2025.11.21 12:00:00	53.1	52.0	53.0	nan	2	EU	EUR
999500003	S&P Global Composite PMI	2025.11.21 12:00:00	52.4	52.3	52.5	nan	2	EU	EUR
999010019	ECB Households Loans y/y	2025.11.27 12:00:00	2.8	2.6	2.6	nan	2	EU	EUR
999040005	Economic Sentiment Indicator	2025.11.27 13:00:00	97.0	95.8	96.8	nan	2	EU	EUR
999500001	S&P Global Manufacturing PMI	2025.12.01 12:00:00	49.6	49.7	49.7	nan	2	EU	EUR
999030011	CPI m/m	2025.12.02 13:00:00	-0.3	0.1	0.2	nan	2	EU	EUR
999030012	Core CPI y/y	2025.12.02 13:00:00	2.4	2.4	2.4	nan	2	EU	EUR
999030020	Unemployment Rate	2025.12.02 13:00:00	6.4	6.3	6.3	6.4	2	EU	EUR
999030027	Core CPI	2025.12.02 13:00:00	122.67	nan	123.33	nan	2	EU	EUR
999500002	S&P Global Services PMI	2025.12.03 12:00:00	53.6	53.1	53.1	nan	2	EU	EUR
999500003	S&P Global Composite PMI	2025.12.03 12:00:00	52.8	52.4	52.4	nan	2	EU	EUR
999500004	S&P Global Construction PMI	2025.12.04 11:30:00	45.4	nan	44.0	nan	2	EU	EUR
999030007	Industrial Production m/m	2025.12.15 13:00:00	0.8	0.1	0.2	nan	2	EU	EUR
999030018	Trade Balance	2025.12.16 13:00:00	14.0	13.2	18.7	18.0	2	EU	EUR
999030019	Trade Balance n.s.a.	2025.12.16 13:00:00	18.4	8.4	19.4	18.4	2	EU	EUR
999050001	ZEW Economic Sentiment Indicator	2025.12.16 13:05:00	33.7	nan	nan	nan	2	EU	EUR
999030011	CPI m/m	2025.12.17 13:00:00	-0.3	-0.3	-0.3	nan	2	EU	EUR
999030012	Core CPI y/y	2025.12.17 13:00:00	2.4	2.4	2.4	nan	2	EU	EUR
999030023	Wage Costs y/y	2025.12.17 13:00:00	3.0	4.6	3.7	nan	2	EU	EUR
999030027	Core CPI	2025.12.17 13:00:00	122.67	nan	122.67	nan	2	EU	EUR
999010015	ECB Marginal Lending Facility Rate Decision	2025.12.18 16:15:00	2.4	nan	2.4	nan	2	EU	EUR
999010019	ECB Households Loans y/y	2026.01.02 12:00:00	2.9	nan	2.8	nan	2	EU	EUR
999030011	CPI m/m	2026.01.07 13:00:00	0.2	0.0	-0.3	nan	2	EU	EUR
999030012	Core CPI y/y	2026.01.07 13:00:00	2.3	2.4	2.4	nan	2	EU	EUR
999030027	Core CPI	2026.01.07 13:00:00	123.08	nan	122.67	nan	2	EU	EUR
999040005	Economic Sentiment Indicator	2026.01.08 13:00:00	96.7	96.5	97.0	97.1	2	EU	EUR
999030020	Unemployment Rate	2026.01.08 13:00:00	6.3	6.3	6.4	nan	2	EU	EUR
999030007	Industrial Production m/m	2026.01.15 13:00:00	0.7	-0.3	0.8	0.7	2	EU	EUR
999030018	Trade Balance	2026.01.15 13:00:00	10.7	13.1	14.0	13.7	2	EU	EUR
999030019	Trade Balance n.s.a.	2026.01.15 13:00:00	9.9	23.8	18.4	17.9	2	EU	EUR
999030011	CPI m/m	2026.01.19 13:00:00	0.2	0.2	0.2	nan	2	EU	EUR
999030012	Core CPI y/y	2026.01.19 13:00:00	2.3	2.3	2.3	nan	2	EU	EUR
999030027	Core CPI	2026.01.19 13:00:00	123.08	nan	123.08	nan	2	EU	EUR
999050001	ZEW Economic Sentiment Indicator	2026.01.20 13:05:00	40.8	16.0	33.7	nan	2	EU	EUR
999010019	ECB Households Loans y/y	2026.01.29 12:00:00	3.0	nan	2.9	2.9	2	EU	EUR
999040005	Economic Sentiment Indicator	2026.01.29 13:00:00	99.4	95.2	96.7	97.2	2	EU	EUR
999030016	GDP q/q	2026.01.30 13:00:00	0.3	0.1	0.2	0.3	2	EU	EUR
999030017	GDP y/y	2026.01.30 13:00:00	1.3	1.3	1.4	nan	2	EU	EUR
999030020	Unemployment Rate	2026.01.30 13:00:00	6.2	6.4	6.3	nan	2	EU	EUR
999030011	CPI m/m	2026.02.04 13:00:00	2.0	-0.1	0.2	nan	2	EU	EUR
999030012	Core CPI y/y	2026.02.04 13:00:00	2.4	2.3	2.3	nan	2	EU	EUR
999010015	ECB Marginal Lending Facility Rate Decision	2026.02.05 16:15:00	2.4	nan	2.4	nan	2	EU	EUR
999520001	CFTC EUR Non-Commercial Net Positions	2026.02.06 23:30:00	163.4	nan	nan	nan	2	EU	EUR
999030016	GDP q/q	2026.02.13 13:00:00	0.3	0.3	0.3	nan	2	EU	EUR
999030017	GDP y/y	2026.02.13 13:00:00	1.3	1.3	1.3	1.4	2	EU	EUR
999030018	Trade Balance	2026.02.13 13:00:00	11.6	9.5	10.7	10.2	2	EU	EUR
999030019	Trade Balance n.s.a.	2026.02.13 13:00:00	12.6	21.9	9.9	9.3	2	EU	EUR
999030028	Employment Level	2026.02.13 13:00:00	172.517	nan	172.049	172.21	2	EU	EUR
999520001	CFTC EUR Non-Commercial Net Positions	2026.02.13 23:30:00	180.3	nan	163.4	nan	2	EU	EUR
999030007	Industrial Production m/m	2026.02.16 13:00:00	-1.4	0.0	0.7	0.3	2	EU	EUR
999500001	S&P Global Manufacturing PMI	2026.02.20 12:00:00	50.8	nan	nan	nan	2	EU	EUR
999500002	S&P Global Services PMI	2026.02.20 12:00:00	51.8	nan	nan	nan	2	EU	EUR
999500003	S&P Global Composite PMI	2026.02.20 12:00:00	51.9	nan	nan	nan	2	EU	EUR
999520001	CFTC EUR Non-Commercial Net Positions	2026.02.20 23:30:00	174.5	nan	180.3	nan	2	EU	EUR
999030011	CPI m/m	2026.02.25 13:00:00	-0.6	2.0	2.0	nan	2	EU	EUR
999030012	Core CPI y/y	2026.02.25 13:00:00	2.2	2.4	2.4	nan	2	EU	EUR
999030027	Core CPI	2026.02.25 13:00:00	99.79	nan	nan	nan	2	EU	EUR
999010019	ECB Households Loans y/y	2026.02.26 12:00:00	3.0	3.2	3.0	nan	2	EU	EUR
999040005	Economic Sentiment Indicator	2026.02.26 13:00:00	98.3	96.5	99.4	99.3	2	EU	EUR
999520001	CFTC EUR Non-Commercial Net Positions	2026.02.27 23:30:00	156.9	nan	174.5	nan	2	EU	EUR
999500001	S&P Global Manufacturing PMI	2026.03.02 12:00:00	50.8	50.8	50.8	nan	2	EU	EUR
999030011	CPI m/m	2026.03.03 13:00:00	1.7	0.1	-0.6	nan	2	EU	EUR
999030012	Core CPI y/y	2026.03.03 13:00:00	2.4	2.3	2.2	nan	2	EU	EUR
999030027	Core CPI	2026.03.03 13:00:00	100.56	nan	99.79	99.8	2	EU	EUR
999500002	S&P Global Services PMI	2026.03.04 12:00:00	51.9	51.8	51.8	nan	2	EU	EUR
999500003	S&P Global Composite PMI	2026.03.04 12:00:00	51.9	51.9	51.9	nan	2	EU	EUR
999030020	Unemployment Rate	2026.03.04 13:00:00	6.2	6.1	6.2	6.3	2	EU	EUR
999500004	S&P Global Construction PMI	2026.03.05 11:30:00	46.0	nan	nan	nan	2	EU	EUR
999520001	CFTC EUR Non-Commercial Net Positions	2026.03.06 23:30:00	136.5	nan	156.9	nan	2	EU	EUR
999030007	Industrial Production m/m	2026.03.13 13:00:00	-1.5	-0.1	-1.4	-0.6	2	EU	EUR
999520001	CFTC EUR Non-Commercial Net Positions	2026.03.13 22:30:00	105.1	nan	136.5	nan	2	EU	EUR
999030011	CPI m/m	2026.03.18 13:00:00	0.6	1.7	1.7	nan	2	EU	EUR
999030012	Core CPI y/y	2026.03.18 13:00:00	2.4	2.4	2.4	nan	2	EU	EUR
999030027	Core CPI	2026.03.18 13:00:00	100.56	nan	100.56	nan	2	EU	EUR
999030023	Wage Costs y/y	2026.03.19 13:00:00	3.0	2.5	3.0	nan	2	EU	EUR
999010015	ECB Marginal Lending Facility Rate Decision	2026.03.19 16:15:00	2.4	nan	2.4	nan	2	EU	EUR
999030018	Trade Balance	2026.03.20 13:00:00	12.1	13.1	11.6	nan	2	EU	EUR
999030019	Trade Balance n.s.a.	2026.03.20 13:00:00	-1.9	13.5	12.6	11.2	2	EU	EUR
999520001	CFTC EUR Non-Commercial Net Positions	2026.03.20 22:30:00	21.1	nan	105.1	nan	2	EU	EUR
999500001	S&P Global Manufacturing PMI	2026.03.24 12:00:00	51.4	50.1	50.8	nan	2	EU	EUR
999500002	S&P Global Services PMI	2026.03.24 12:00:00	50.1	50.9	51.9	nan	2	EU	EUR
999500003	S&P Global Composite PMI	2026.03.24 12:00:00	50.5	51.4	51.9	nan	2	EU	EUR
999010019	ECB Households Loans y/y	2026.03.26 12:00:00	3.0	3.1	3.0	nan	2	EU	EUR
999520001	CFTC EUR Non-Commercial Net Positions	2026.03.27 22:30:00	9.3	nan	21.1	nan	2	EU	EUR
999040005	Economic Sentiment Indicator	2026.03.30 12:00:00	96.6	98.6	98.3	98.2	2	EU	EUR
999030011	CPI m/m	2026.03.31 12:00:00	1.9	1.1	0.6	nan	2	EU	EUR
999030012	Core CPI y/y	2026.03.31 12:00:00	2.3	2.4	2.4	nan	2	EU	EUR
999030027	Core CPI	2026.03.31 12:00:00	101.38	nan	100.56	nan	2	EU	EUR
999500001	S&P Global Manufacturing PMI	2026.04.01 11:00:00	51.6	51.4	51.4	nan	2	EU	EUR
999030020	Unemployment Rate	2026.04.01 12:00:00	6.2	6.2	6.2	nan	2	EU	EUR
999520001	CFTC EUR Non-Commercial Net Positions	2026.04.03 22:30:00	0.5	nan	9.3	nan	2	EU	EUR
999500002	S&P Global Services PMI	2026.04.07 11:00:00	50.2	50.1	50.1	nan	2	EU	EUR
999500003	S&P Global Composite PMI	2026.04.07 11:00:00	50.7	50.5	50.5	nan	2	EU	EUR
999500004	S&P Global Construction PMI	2026.04.08 10:30:00	44.6	nan	46.0	nan	2	EU	EUR
999520001	CFTC EUR Non-Commercial Net Positions	2026.04.10 22:30:00	-7.5	nan	0.5	nan	2	EU	EUR
999030007	Industrial Production m/m	2026.04.15 12:00:00	0.4	0.0	-1.5	-0.8	2	EU	EUR
999030011	CPI m/m	2026.04.16 12:00:00	1.3	1.9	1.9	nan	2	EU	EUR
999030012	Core CPI y/y	2026.04.16 12:00:00	2.3	2.3	2.3	nan	2	EU	EUR
999030027	Core CPI	2026.04.16 12:00:00	101.41	nan	101.38	nan	2	EU	EUR
999030018	Trade Balance	2026.04.17 12:00:00	7.0	13.0	12.1	nan	2	EU	EUR
999030019	Trade Balance n.s.a.	2026.04.17 12:00:00	11.5	nan	-1.9	-1.0	2	EU	EUR
999520001	CFTC EUR Non-Commercial Net Positions	2026.04.17 22:30:00	26.0	nan	-7.5	nan	2	EU	EUR
999500001	S&P Global Manufacturing PMI	2026.04.23 11:00:00	52.2	50.6	51.6	nan	2	EU	EUR
999500002	S&P Global Services PMI	2026.04.23 11:00:00	47.4	50.1	50.2	nan	2	EU	EUR
999500003	S&P Global Composite PMI	2026.04.23 11:00:00	48.6	50.2	50.7	nan	2	EU	EUR
999520001	CFTC EUR Non-Commercial Net Positions	2026.04.24 22:30:00	41.3	nan	26.0	nan	2	EU	EUR
999010019	ECB Households Loans y/y	2026.04.29 11:00:00	3.0	3.1	3.0	nan	2	EU	EUR
999040005	Economic Sentiment Indicator	2026.04.29 12:00:00	93.0	98.2	96.6	96.2	2	EU	EUR
999030011	CPI m/m	2026.04.30 12:00:00	2.6	0.3	1.3	nan	2	EU	EUR
999030012	Core CPI y/y	2026.04.30 12:00:00	2.2	2.4	2.3	nan	2	EU	EUR
999030016	GDP q/q	2026.04.30 12:00:00	0.1	0.2	0.3	0.2	2	EU	EUR
999030017	GDP y/y	2026.04.30 12:00:00	0.8	1.3	1.3	nan	2	EU	EUR
999030020	Unemployment Rate	2026.04.30 12:00:00	6.2	6.2	6.2	nan	2	EU	EUR
999030027	Core CPI	2026.04.30 12:00:00	102.34	nan	101.41	nan	2	EU	EUR
999010015	ECB Marginal Lending Facility Rate Decision	2026.04.30 15:15:00	2.4	nan	2.4	nan	2	EU	EUR
999520001	CFTC EUR Non-Commercial Net Positions	2026.05.01 22:30:00	35.7	nan	41.3	nan	2	EU	EUR
999500001	S&P Global Manufacturing PMI	2026.05.04 11:00:00	52.2	52.2	52.2	nan	2	EU	EUR
999500002	S&P Global Services PMI	2026.05.06 11:00:00	47.6	47.4	47.4	nan	2	EU	EUR
999500003	S&P Global Composite PMI	2026.05.06 11:00:00	48.8	48.6	48.6	nan	2	EU	EUR
999500004	S&P Global Construction PMI	2026.05.07 10:30:00	41.7	nan	44.6	nan	2	EU	EUR
999520001	CFTC EUR Non-Commercial Net Positions	2026.05.08 22:30:00	32.2	nan	35.7	nan	2	EU	EUR
999030007	Industrial Production m/m	2026.05.13 12:00:00	0.2	0.1	0.4	0.2	2	EU	EUR
999030016	GDP q/q	2026.05.13 12:00:00	0.1	0.1	0.1	0.2	2	EU	EUR
999030017	GDP y/y	2026.05.13 12:00:00	0.8	0.8	0.8	1.3	2	EU	EUR
999030028	Employment Level	2026.05.13 12:00:00	176.412	nan	172.517	172.613	2	EU	EUR
999520001	CFTC EUR Non-Commercial Net Positions	2026.05.15 22:30:00	40.2	nan	32.2	nan	2	EU	EUR
999030018	Trade Balance	2026.05.19 12:00:00	3.5	10.5	7.0	6.5	2	EU	EUR
999030019	Trade Balance n.s.a.	2026.05.19 12:00:00	7.8	12.8	11.5	11.1	2	EU	EUR
999030011	CPI m/m	2026.05.20 12:00:00	1.0	2.6	2.6	nan	2	EU	EUR
999030012	Core CPI y/y	2026.05.20 12:00:00	2.2	2.2	2.2	nan	2	EU	EUR
999030027	Core CPI	2026.05.20 12:00:00	102.35	nan	102.34	nan	2	EU	EUR
999500001	S&P Global Manufacturing PMI	2026.05.21 11:00:00	51.4	52.1	52.2	nan	2	EU	EUR
999500002	S&P Global Services PMI	2026.05.21 11:00:00	46.4	46.7	47.6	nan	2	EU	EUR
999500003	S&P Global Composite PMI	2026.05.21 11:00:00	47.5	48.2	48.8	nan	2	EU	EUR
999520001	CFTC EUR Non-Commercial Net Positions	2026.05.22 22:30:00	33.5	nan	40.2	nan	2	EU	EUR
999040005	Economic Sentiment Indicator	2026.05.28 12:00:00	93.5	95.4	93.0	93.2	2	EU	EUR
999520001	CFTC EUR Non-Commercial Net Positions	2026.05.29 22:30:00	29.4	nan	33.5	nan	2	EU	EUR
999010019	ECB Households Loans y/y	2026.06.01 11:00:00	3.0	3.1	3.0	nan	2	EU	EUR
999500001	S&P Global Manufacturing PMI	2026.06.01 11:00:00	51.6	51.4	51.4	nan	2	EU	EUR
999030020	Unemployment Rate	2026.06.01 12:00:00	6.3	6.1	6.2	6.3	2	EU	EUR
