DateTime,Open,High,Low,Close,Volume
2010-01-04 00:00:00,1.43259,1.43994,1.42569,1.43778,22078
2010-01-04 12:00:00,1.43781,1.44543,1.43768,1.4411100000000001,23427
2010-01-05 00:00:00,1.44107,1.4483,1.44042,1.44177,23053
2010-01-05 12:00:00,1.44176,1.4454,1.4346700000000001,1.43624,23633
2010-01-06 00:00:00,1.43632,1.4382,1.42831,1.43788,21524
2010-01-06 12:00:00,1.43784,1.4433799999999999,1.43362,1.43998,23911
2010-01-07 00:00:00,1.44001,1.44456,1.43391,1.43491,21059
2010-01-07 12:00:00,1.43497,1.43515,1.42994,1.43041,23239
2010-01-08 00:00:00,1.43039,1.43344,1.42871,1.43015,17415
2010-01-08 12:00:00,1.43014,1.44263,1.42634,1.44085,17010
2010-01-11 00:00:00,1.44125,1.45347,1.4412099999999999,1.45257,23338
2010-01-11 12:00:00,1.4525299999999999,1.45545,1.44956,1.4512,22489
2010-01-12 00:00:00,1.4512800000000001,1.45206,1.44537,1.45044,21172
2010-01-12 12:00:00,1.4504000000000001,1.45448,1.44622,1.4492,25031
2010-01-13 00:00:00,1.4491800000000001,1.45217,1.44561,1.45161,19622
2010-01-13 12:00:00,1.4516,1.45785,1.44727,1.45052,26899
2010-01-14 00:00:00,1.45105,1.45547,1.44958,1.4505,17701
2010-01-14 12:00:00,1.45049,1.45197,1.44478,1.44978,26471
2010-01-15 00:00:00,1.44978,1.45108,1.4383,1.439,23043
2010-01-15 12:00:00,1.43797,1.43977,1.43365,1.43857,23958
2010-01-18 00:00:00,1.4348,1.4393099999999999,1.4334799999999999,1.4378199999999999,19272
2010-01-18 12:00:00,1.43783,1.43995,1.43671,1.43872,13676
2010-01-19 00:00:00,1.43881,1.44131,1.43091,1.4311,21878
2010-01-19 12:00:00,1.43109,1.43177,1.42527,1.42869,27267
2010-01-20 00:00:00,1.42869,1.4289,1.4169100000000001,1.41777,29361
2010-01-20 12:00:00,1.41773,1.41773,1.40818,1.41062,27203
2010-01-21 00:00:00,1.41062,1.41354,1.40285,1.40402,25751
2010-01-21 12:00:00,1.40404,1.41415,1.40316,1.4083700000000001,32248
2010-01-22 00:00:00,1.40833,1.41648,1.40662,1.41426,24218
2010-01-22 12:00:00,1.41428,1.41807,1.40942,1.41363,29449
2010-01-25 00:00:00,1.41523,1.4191799999999999,1.4130099999999999,1.4191099999999999,19299
2010-01-25 12:00:00,1.4191500000000001,1.4193799999999999,1.41278,1.4148100000000001,23267
2010-01-26 00:00:00,1.41476,1.41784,1.40719,1.4099,25228
2010-01-26 12:00:00,1.40988,1.41052,1.40422,1.4077,26604
2010-01-27 00:00:00,1.40773,1.40963,1.40211,1.40581,23921
2010-01-27 12:00:00,1.40578,1.40866,1.39935,1.40327,30483
2010-01-28 00:00:00,1.40332,1.40518,1.39561,1.40006,24536
2010-01-28 12:00:00,1.40007,1.40269,1.3946399999999999,1.39609,28277
2010-01-29 00:00:00,1.39616,1.3987,1.39119,1.39629,23782
2010-01-29 12:00:00,1.3963,1.3977,1.3860999999999999,1.38611,27156
2010-02-01 00:00:00,1.3862700000000001,1.3915199999999999,1.38521,1.3898,22106
2010-02-01 12:00:00,1.38982,1.3937599999999999,1.38921,1.39325,24502
2010-02-02 00:00:00,1.39329,1.39553,1.38858,1.39383,21652
2010-02-02 12:00:00,1.39382,1.39738,1.3924699999999999,1.3967100000000001,22232
2010-02-03 00:00:00,1.39675,1.40255,1.39459,1.39944,18380
2010-02-03 12:00:00,1.3994,1.40131,1.38855,1.3891200000000001,24256
2010-02-04 00:00:00,1.38894,1.39023,1.3826100000000001,1.38491,20248
2010-02-04 12:00:00,1.38492,1.38559,1.37149,1.37273,26655
2010-02-05 00:00:00,1.37277,1.37448,1.36478,1.36839,24720
2010-02-05 12:00:00,1.36837,1.37412,1.35854,1.36776,32784
2010-02-08 00:00:00,1.36561,1.37128,1.3620999999999999,1.36933,23047
2010-02-08 12:00:00,1.36931,1.37109,1.36406,1.36552,24913
2010-02-09 00:00:00,1.3655,1.37446,1.3648799999999999,1.37141,22267
2010-02-09 12:00:00,1.37144,1.3838,1.36923,1.37938,32026
2010-02-10 00:00:00,1.37942,1.38063,1.37337,1.37921,22657
2010-02-10 12:00:00,1.3792200000000001,1.38119,1.36767,1.37337,27477
2010-02-11 00:00:00,1.37336,1.38,1.37327,1.37512,19273
2010-02-11 12:00:00,1.37511,1.37516,1.35955,1.3688500000000001,28719
2010-02-12 00:00:00,1.3688500000000001,1.36943,1.35368,1.35594,22594
2010-02-12 12:00:00,1.35593,1.36428,1.35311,1.3630900000000001,26645
2010-02-15 00:00:00,1.36158,1.36322,1.35785,1.36197,14557
2010-02-15 12:00:00,1.36191,1.36306,1.3580999999999999,1.3597299999999999,13457
2010-02-16 00:00:00,1.35981,1.36823,1.35879,1.36442,20729
2010-02-16 12:00:00,1.36444,1.37785,1.36334,1.37587,26042
2010-02-17 00:00:00,1.37595,1.37881,1.37262,1.3728799999999999,19160
2010-02-17 12:00:00,1.37284,1.37371,1.35859,1.35993,28412
2010-02-18 00:00:00,1.35992,1.36125,1.35391,1.35815,21984
2010-02-18 12:00:00,1.35819,1.36537,1.34835,1.34923,29956
2010-02-19 00:00:00,1.34952,1.35149,1.34433,1.34933,25759
2010-02-19 12:00:00,1.34932,1.36174,1.34835,1.36116,25143
2010-02-22 00:00:00,1.36133,1.36531,1.35921,1.36064,17823
2010-02-22 12:00:00,1.3606099999999999,1.36318,1.35745,1.35996,20949
2010-02-23 00:00:00,1.35993,1.36913,1.35883,1.36003,20922
2010-02-23 12:00:00,1.3599999999999999,1.36063,1.34961,1.3513600000000001,27762
2010-02-24 00:00:00,1.35141,1.35714,1.3502,1.35557,18650
2010-02-24 12:00:00,1.35561,1.3625,1.35175,1.35372,27177
2010-02-25 00:00:00,1.35372,1.35471,1.34504,1.34994,22090
2010-02-25 12:00:00,1.34991,1.35702,1.34578,1.3538299999999999,27315
2010-02-26 00:00:00,1.35388,1.36276,1.353,1.3607,22458
2010-02-26 12:00:00,1.36068,1.36826,1.355,1.3631,26252
2010-03-01 00:00:00,1.36222,1.36541,1.35854,1.35941,20772
2010-03-01 12:00:00,1.35946,1.36016,1.34601,1.35677,27187
2010-03-02 00:00:00,1.35671,1.35759,1.34349,1.3528,21060
2010-03-02 12:00:00,1.35279,1.36213,1.35142,1.36087,27875
2010-03-03 00:00:00,1.3609200000000001,1.36628,1.35921,1.36223,21781
2010-03-03 12:00:00,1.36219,1.37351,1.36064,1.3694,27862
2010-03-04 00:00:00,1.3695,1.37117,1.3633,1.36745,19343
2010-03-04 12:00:00,1.36744,1.36936,1.35511,1.35793,26229
2010-03-05 00:00:00,1.35793,1.36063,1.35682,1.359,15619
2010-03-05 12:00:00,1.35901,1.36297,1.353,1.36198,20502
2010-03-08 00:00:00,1.36307,1.37038,1.36307,1.3646,15887
2010-03-08 12:00:00,1.36459,1.3691200000000001,1.36056,1.36267,15538
2010-03-09 00:00:00,1.36266,1.36347,1.35667,1.35689,16580
2010-03-09 12:00:00,1.35697,1.36161,1.3537,1.36013,17708
2010-03-10 00:00:00,1.36013,1.36127,1.3544,1.35833,13906
2010-03-10 12:00:00,1.35834,1.3679299999999999,1.35772,1.36548,17793
2010-03-11 00:00:00,1.36548,1.3667799999999999,1.36206,1.36527,12315
2010-03-11 12:00:00,1.36523,1.36864,1.36253,1.36765,17949
2010-03-12 00:00:00,1.3677000000000001,1.37954,1.36693,1.37753,15892
2010-03-12 12:00:00,1.37755,1.3786100000000001,1.37279,1.3767800000000001,18775
2010-03-15 00:00:00,1.37612,1.3774600000000001,1.37005,1.3703699999999999,15439
2010-03-15 12:00:00,1.37038,1.3728,1.36423,1.36724,18878
2010-03-16 00:00:00,1.36731,1.3703400000000001,1.36566,1.36871,15276
2010-03-16 12:00:00,1.3688,1.37825,1.3688,1.3762699999999999,22860
2010-03-17 00:00:00,1.37642,1.38171,1.37595,1.37888,16815
2010-03-17 12:00:00,1.3789,1.3792499999999999,1.3726099999999999,1.37353,20272
2010-03-18 00:00:00,1.3734199999999999,1.37402,1.36472,1.3686099999999999,18627
2010-03-18 12:00:00,1.36863,1.36938,1.35862,1.36072,21169
2010-03-19 00:00:00,1.36075,1.36263,1.35591,1.35735,16144
2010-03-19 12:00:00,1.35738,1.35742,1.35029,1.35301,19224
2010-03-22 00:00:00,1.35174,1.35458,1.3498,1.35275,13401
2010-03-22 12:00:00,1.35278,1.35676,1.34629,1.35578,21202
2010-03-23 00:00:00,1.35574,1.35687,1.35025,1.3504800000000001,16882
2010-03-23 12:00:00,1.3505,1.35622,1.34755,1.3492,24060
2010-03-24 00:00:00,1.34916,1.34946,1.33445,1.33582,23597
2010-03-24 12:00:00,1.3357999999999999,1.3377,1.3305,1.33281,22606
2010-03-25 00:00:00,1.33276,1.33653,1.32836,1.33602,17578
2010-03-25 12:00:00,1.33599,1.33861,1.32671,1.32735,23146
2010-03-26 00:00:00,1.32732,1.3393,1.32725,1.3372899999999999,20409
2010-03-26 12:00:00,1.33731,1.34231,1.3345,1.3407499999999999,22879
2010-03-29 00:00:00,1.3471899999999999,1.35056,1.34172,1.34732,18648
2010-03-29 12:00:00,1.34727,1.34918,1.34354,1.34755,18667
2010-03-30 00:00:00,1.34756,1.35367,1.34531,1.3474599999999999,16684
2010-03-30 12:00:00,1.34742,1.34897,1.33951,1.3419400000000001,19343
2010-03-31 00:00:00,1.3418999999999999,1.3472,1.33841,1.3465099999999999,18690
2010-03-31 12:00:00,1.34653,1.35477,1.34578,1.35062,24743
2010-04-01 00:00:00,1.35065,1.35602,1.34758,1.3504,17535
2010-04-01 12:00:00,1.35038,1.35904,1.346,1.35837,21055
2010-04-02 00:00:00,1.3584,1.3590200000000001,1.35437,1.3546,8271
2010-04-02 12:00:00,1.35459,1.35683,1.34748,1.3503,12477
2010-04-05 00:00:00,1.349,1.35378,1.34629,1.34717,8503
2010-04-05 12:00:00,1.34718,1.35277,1.34599,1.34818,13454
2010-04-06 00:00:00,1.34823,1.34959,1.34019,1.34101,17223
2010-04-06 12:00:00,1.341,1.34196,1.33551,1.33932,20337
2010-04-07 00:00:00,1.3393,1.34078,1.33569,1.3384,15559
2010-04-07 12:00:00,1.33842,1.33901,1.3326,1.33388,20448
2010-04-08 00:00:00,1.3339400000000001,1.33475,1.32821,1.33081,16719
2010-04-08 12:00:00,1.33074,1.33657,1.32928,1.33572,21101
2010-04-09 00:00:00,1.3357,1.34176,1.33414,1.3394300000000001,15390
2010-04-09 12:00:00,1.33941,1.34985,1.33654,1.34984,21973
2010-04-12 00:00:00,1.36107,1.36913,1.35881,1.35923,22580
2010-04-12 12:00:00,1.35925,1.36168,1.35656,1.35858,19641
2010-04-13 00:00:00,1.35862,1.36198,1.35557,1.35705,18690
2010-04-13 12:00:00,1.35704,1.36267,1.35463,1.36147,20786
2010-04-14 00:00:00,1.36147,1.36646,1.36039,1.36426,18724
2010-04-14 12:00:00,1.36423,1.3678,1.35959,1.36508,24554
2010-04-15 00:00:00,1.36516,1.36665,1.35215,1.35361,19177
2010-04-15 12:00:00,1.35366,1.35836,1.3527,1.3578999999999999,22007
2010-04-16 00:00:00,1.35789,1.35806,1.35134,1.3547,18595
2010-04-16 12:00:00,1.35468,1.35477,1.34726,1.3501699999999999,24119
2010-04-19 00:00:00,1.34769,1.34972,1.34261,1.34341,17412
2010-04-19 12:00:00,1.3434300000000001,1.34925,1.3416000000000001,1.34888,20411
2010-04-20 00:00:00,1.34887,1.35222,1.3449200000000001,1.35018,17463
2010-04-20 12:00:00,1.3502100000000001,1.35135,1.34283,1.34403,18606
2010-04-21 00:00:00,1.34409,1.34467,1.33979,1.34358,16140
2010-04-21 12:00:00,1.3436,1.34362,1.33579,1.3388200000000001,21670
2010-04-22 00:00:00,1.33878,1.34208,1.33427,1.33536,16667
2010-04-22 12:00:00,1.33539,1.33548,1.32651,1.32866,25988
2010-04-23 00:00:00,1.3287499999999999,1.33456,1.32016,1.3315000000000001,22435
2010-04-23 12:00:00,1.33149,1.3399,1.32691,1.33811,23514
2010-04-26 00:00:00,1.3346,1.33969,1.32916,1.33052,17280
2010-04-26 12:00:00,1.33057,1.34147,1.32945,1.3391899999999999,24900
2010-04-27 00:00:00,1.33923,1.3413,1.33138,1.33195,18672
2010-04-27 12:00:00,1.33196,1.33409,1.31445,1.31619,32928
2010-04-28 00:00:00,1.31644,1.32172,1.31424,1.31836,25454
2010-04-28 12:00:00,1.31837,1.32654,1.31141,1.3205200000000001,33659
2010-04-29 00:00:00,1.32061,1.32617,1.3183799999999999,1.32599,20018
2010-04-29 12:00:00,1.32596,1.3277700000000001,1.32089,1.32428,27317
2010-04-30 00:00:00,1.32408,1.33337,1.32248,1.33229,19623
2010-04-30 12:00:00,1.33231,1.33417,1.32558,1.3293599999999999,24052
2010-05-03 00:00:00,1.33296,1.3332600000000001,1.32054,1.32351,16325
2010-05-03 12:00:00,1.3235299999999999,1.3244,1.3154,1.31888,19887
2010-05-04 00:00:00,1.31884,1.32131,1.3117,1.31305,17817
2010-05-04 12:00:00,1.3130600000000001,1.31359,1.29629,1.29718,30873
2010-05-05 00:00:00,1.29702,1.29956,1.29345,1.29706,23553
2010-05-05 12:00:00,1.29704,1.29818,1.27891,1.28182,33849
2010-05-06 00:00:00,1.2819099999999999,1.2855699999999999,1.27371,1.27722,23490
2010-05-06 12:00:00,1.27724,1.28009,1.2527,1.26296,49952
2010-05-07 00:00:00,1.26296,1.2772299999999999,1.2586,1.2738,38808
2010-05-07 12:00:00,1.27378,1.27973,1.26102,1.27518,44334
2010-05-10 00:00:00,1.29299,1.30934,1.28078,1.30325,39160
2010-05-10 12:00:00,1.30321,1.30324,1.27588,1.27864,39341
2010-05-11 00:00:00,1.27867,1.28022,1.26688,1.26931,30615
2010-05-11 12:00:00,1.26935,1.27491,1.26266,1.26328,36503
2010-05-12 00:00:00,1.26329,1.27383,1.26051,1.26963,29299
2010-05-12 12:00:00,1.2696100000000001,1.2711700000000001,1.26111,1.26334,31477
2010-05-13 00:00:00,1.263,1.26834,1.25617,1.25891,20958
2010-05-13 12:00:00,1.25889,1.26099,1.25159,1.25223,28407
2010-05-14 00:00:00,1.25223,1.25753,1.24338,1.24424,23709
2010-05-14 12:00:00,1.24415,1.25328,1.23529,1.23566,35003
2010-05-17 00:00:00,1.23485,1.23712,1.22332,1.22989,60902
2010-05-17 12:00:00,1.22989,1.24138,1.22809,1.23968,88244
2010-05-18 00:00:00,1.23971,1.24323,1.2314,1.24085,29942
2010-05-18 12:00:00,1.2408299999999999,1.24437,1.21581,1.2171,43025
2010-05-19 00:00:00,1.21709,1.22276,1.21435,1.21816,35618
2010-05-19 12:00:00,1.2182,1.2429999999999999,1.2164,1.2422,11369
2010-05-20 00:00:00,1.2421,1.2436,1.2322,1.23629,8254
2010-05-20 12:00:00,1.23616,1.25969,1.22957,1.24683,35338
2010-05-21 00:00:00,1.2471,1.26711,1.24628,1.25094,33943
2010-05-21 12:00:00,1.25104,1.25966,1.24846,1.25712,27523
2010-05-24 00:00:00,1.25461,1.25622,1.23989,1.2401,23740
2010-05-24 12:00:00,1.24009,1.24157,1.23316,1.2344,27286
2010-05-25 00:00:00,1.23491,1.23535,1.21919,1.21929,26380
2010-05-25 12:00:00,1.21927,1.23877,1.21776,1.23704,25554
2010-05-26 00:00:00,1.23709,1.23709,1.22623,1.2319499999999999,23906
2010-05-26 12:00:00,1.23197,1.23292,1.21537,1.21609,25752
2010-05-27 00:00:00,1.21615,1.23407,1.21534,1.22871,28564
2010-05-27 12:00:00,1.22873,1.23937,1.22037,1.23563,30218
2010-05-28 00:00:00,1.23565,1.24518,1.22815,1.24078,25039
2010-05-28 12:00:00,1.24081,1.24308,1.22651,1.2272,29583
2010-05-31 00:00:00,1.22807,1.2334100000000001,1.22665,1.22969,19265
2010-05-31 12:00:00,1.2297,1.23236,1.2267000000000001,1.2308,15569
2010-06-01 00:00:00,1.23061,1.23068,1.21107,1.21279,32223
2010-06-01 12:00:00,1.2128,1.23487,1.21196,1.22115,34041
2010-06-02 00:00:00,1.22113,1.22726,1.21847,1.2257,27553
2010-06-02 12:00:00,1.22569,1.22667,1.21749,1.22492,33886
2010-06-03 00:00:00,1.22494,1.23252,1.22253,1.22835,25936
2010-06-03 12:00:00,1.22833,1.22871,1.2152,1.21614,29657
2010-06-04 00:00:00,1.21616,1.2215,1.21567,1.2187000000000001,18727
2010-06-04 12:00:00,1.21868,1.21891,1.19551,1.19671,35383
2010-06-07 00:00:00,1.1945999999999999,1.19781,1.18758,1.19766,30473
2010-06-07 12:00:00,1.19767,1.19907,1.1912,1.19166,32659
2010-06-08 00:00:00,1.19165,1.1981600000000001,1.19022,1.19102,28301
2010-06-08 12:00:00,1.19099,1.2008,1.1907,1.1964,34807
2010-06-09 00:00:00,1.19636,1.19783,1.19236,1.1969400000000001,21660
2010-06-09 12:00:00,1.19692,1.20724,1.19607,1.1984,33910
2010-06-10 00:00:00,1.19834,1.20872,1.19565,1.2069,27948
2010-06-10 12:00:00,1.20688,1.21411,1.20243,1.21081,35978
2010-06-11 00:00:00,1.21074,1.21473,1.20912,1.21285,29395
2010-06-11 12:00:00,1.2128700000000001,1.21521,1.20452,1.21112,41273
2010-06-14 00:00:00,1.21188,1.22576,1.21155,1.22498,23829
2010-06-14 12:00:00,1.22496,1.2297500000000001,1.22077,1.2213,26300
2010-06-15 00:00:00,1.22135,1.22483,1.21679,1.2245,24710
2010-06-15 12:00:00,1.22449,1.2349,1.22435,1.23228,67041
2010-06-16 00:00:00,1.23222,1.23525,1.22735,1.23015,19186
2010-06-16 12:00:00,1.23013,1.2337,1.22552,1.22989,24682
2010-06-17 00:00:00,1.2298499999999999,1.23927,1.22422,1.23849,23889
2010-06-17 12:00:00,1.23855,1.24095,1.23405,1.23794,22470
2010-06-18 00:00:00,1.23794,1.24156,1.23667,1.23782,18934
2010-06-18 12:00:00,1.23783,1.2394,1.23529,1.23875,19667
2010-06-21 00:00:00,1.24291,1.24664,1.23679,1.23923,26126
2010-06-21 12:00:00,1.23922,1.24098,1.23038,1.23232,24724
2010-06-22 00:00:00,1.23239,1.23531,1.22699,1.22705,24552
2010-06-22 12:00:00,1.22706,1.23173,1.22521,1.22674,20620
2010-06-23 00:00:00,1.2267299999999999,1.23051,1.2245,1.22805,17493
2010-06-23 12:00:00,1.22818,1.23431,1.2209,1.23102,15736
2010-06-24 00:00:00,1.231,1.2351,1.22616,1.22807,21174
2010-06-24 12:00:00,1.22804,1.23869,1.22614,1.23276,27729
2010-06-25 00:00:00,1.23276,1.23498,1.22538,1.22675,20389
2010-06-25 12:00:00,1.22679,1.23942,1.22581,1.23681,19229
2010-06-28 00:00:00,1.23781,1.23966,1.23447,1.23594,17681
2010-06-28 12:00:00,1.23592,1.2366,1.22651,1.22803,23872
2010-06-29 00:00:00,1.22805,1.22902,1.2179,1.2193,19824
2010-06-29 12:00:00,1.21925,1.22171,1.21495,1.21886,21114
2010-06-30 00:00:00,1.21898,1.22841,1.21662,1.22776,22137
2010-06-30 12:00:00,1.22769,1.23038,1.22251,1.22302,28512
2010-07-01 00:00:00,1.223,1.23121,1.2193,1.22918,23874
2010-07-01 12:00:00,1.2292,1.25328,1.22918,1.25163,30126
2010-07-02 00:00:00,1.25163,1.25324,1.24824,1.25171,21772
2010-07-02 12:00:00,1.25173,1.26106,1.25011,1.25655,25278
2010-07-05 00:00:00,1.25558,1.25619,1.25209,1.2527300000000001,12082
2010-07-05 12:00:00,1.25275,1.2546,1.251,1.2538,11101
2010-07-06 00:00:00,1.2538,1.26071,1.24796,1.2587,22541
2010-07-06 12:00:00,1.25868,1.26623,1.25656,1.26261,23911
2010-07-07 00:00:00,1.26261,1.26288,1.25576,1.25634,18780
2010-07-07 12:00:00,1.2563900000000001,1.2663,1.25531,1.26316,25045
2010-07-08 00:00:00,1.26312,1.2686899999999999,1.26199,1.26623,18627
2010-07-08 12:00:00,1.2662,1.27105,1.26424,1.26931,22929
2010-07-09 00:00:00,1.26924,1.27218,1.26616,1.26708,16460
2010-07-09 12:00:00,1.26705,1.2683200000000001,1.26085,1.26404,18166
2010-07-12 00:00:00,1.26413,1.26463,1.25557,1.25668,15627
2010-07-12 12:00:00,1.2567,1.2598099999999999,1.25506,1.25887,17485
2010-07-13 00:00:00,1.25889,1.26131,1.2521900000000001,1.2589299999999999,49116
2010-07-13 12:00:00,1.25891,1.27381,1.2564199999999999,1.27265,62326
2010-07-14 00:00:00,1.27271,1.2735400000000001,1.2691,1.27053,16349
2010-07-14 12:00:00,1.27055,1.27768,1.26822,1.27414,23633
2010-07-15 00:00:00,1.27411,1.28024,1.27092,1.27925,29429
2010-07-15 12:00:00,1.27929,1.2953999999999999,1.2781500000000001,1.2931,48563
2010-07-16 00:00:00,1.29321,1.29856,1.28894,1.29776,22482
2010-07-16 12:00:00,1.2977400000000001,1.30063,1.29152,1.2929599999999999,23867
2010-07-19 00:00:00,1.2904,1.29908,1.28711,1.29607,17753
2010-07-19 12:00:00,1.29605,1.29834,1.29307,1.2947199999999999,19406
2010-07-20 00:00:00,1.29465,1.30275,1.29265,1.29393,18985
2010-07-20 12:00:00,1.29394,1.29428,1.28389,1.28911,23676
2010-07-21 00:00:00,1.2891,1.29123,1.2818399999999999,1.28264,18580
2010-07-21 12:00:00,1.28266,1.28362,1.27318,1.27528,24777
2010-07-22 00:00:00,1.27529,1.28515,1.27368,1.2828300000000001,21245
2010-07-22 12:00:00,1.28282,1.29302,1.2824,1.28865,23166
2010-07-23 00:00:00,1.28868,1.29642,1.28597,1.29397,18540
2010-07-23 12:00:00,1.29398,1.29484,1.27932,1.29086,27268
2010-07-26 00:00:00,1.2894,1.29576,1.28761,1.2905,17958
2010-07-26 12:00:00,1.29048,1.30046,1.28911,1.29865,22116
2010-07-27 00:00:00,1.2986900000000001,1.30206,1.29635,1.29852,18775
2010-07-27 12:00:00,1.2984499999999999,1.30453,1.29516,1.3000099999999999,24033
2010-07-28 00:00:00,1.29995,1.30412,1.2966199999999999,1.30056,19100
2010-07-28 12:00:00,1.3005499999999999,1.30284,1.29687,1.29868,23064
2010-07-29 00:00:00,1.2988,1.30837,1.2977400000000001,1.3078,16907
2010-07-29 12:00:00,1.30783,1.3106,1.30591,1.30795,23176
2010-07-30 00:00:00,1.30798,1.3093,1.29862,1.29866,19046
2010-07-30 12:00:00,1.29865,1.30697,1.29802,1.30504,22763
2010-08-02 00:00:00,1.30596,1.30876,1.30533,1.30677,14900
2010-08-02 12:00:00,1.30673,1.31945,1.30628,1.31753,20375
2010-08-03 00:00:00,1.31741,1.32461,1.31464,1.3246,16229
2010-08-03 12:00:00,1.32457,1.3261,1.31826,1.3226,19376
2010-08-04 00:00:00,1.3225799999999999,1.32382,1.3183500000000001,1.31974,15259
2010-08-04 12:00:00,1.31976,1.3232,1.31308,1.31538,19599
2010-08-05 00:00:00,1.31542,1.32118,1.31186,1.32108,16946
2010-08-05 12:00:00,1.3211,1.32344,1.31338,1.31841,18855
2010-08-06 00:00:00,1.31844,1.3203,1.31654,1.31844,13012
2010-08-06 12:00:00,1.31846,1.33327,1.31573,1.32781,21225
2010-08-09 00:00:00,1.3288,1.3307,1.32691,1.3281100000000001,11315
2010-08-09 12:00:00,1.32808,1.32815,1.32163,1.32242,15651
2010-08-10 00:00:00,1.32242,1.32306,1.31352,1.31578,16423
2010-08-10 12:00:00,1.31575,1.32264,1.30742,1.31745,23760
2010-08-11 00:00:00,1.31745,1.3186,1.3017,1.3024499999999999,20113
2010-08-11 12:00:00,1.30243,1.30302,1.28299,1.28447,27746
2010-08-12 00:00:00,1.28442,1.2932000000000001,1.28039,1.2812999999999999,20621
2010-08-12 12:00:00,1.28128,1.28729,1.27805,1.28269,24346
2010-08-13 00:00:00,1.28263,1.29052,1.28221,1.2824499999999999,18593
2010-08-13 12:00:00,1.2824200000000001,1.2837399999999999,1.27494,1.27531,22927
2010-08-16 00:00:00,1.2765,1.28336,1.27336,1.2808,18183
2010-08-16 12:00:00,1.28082,1.28705,1.27987,1.28219,20531
2010-08-17 00:00:00,1.28211,1.29152,1.28038,1.28787,20174
2010-08-17 12:00:00,1.28784,1.29035,1.28349,1.28787,21187
2010-08-18 00:00:00,1.28787,1.29084,1.28233,1.2903,18168
2010-08-18 12:00:00,1.29027,1.29214,1.28433,1.28518,20575
2010-08-19 00:00:00,1.28522,1.28558,1.27721,1.28172,21573
2010-08-19 12:00:00,1.28171,1.29021,1.2792,1.28152,24513
2010-08-20 00:00:00,1.28171,1.28315,1.2707899999999999,1.27182,19987
2010-08-20 12:00:00,1.27185,1.2720099999999999,1.26634,1.27105,21130
2010-08-23 00:00:00,1.2705,1.27287,1.26813,1.2701,16887
2010-08-23 12:00:00,1.27012,1.27247,1.26458,1.26461,19695
2010-08-24 00:00:00,1.26484,1.26579,1.26054,1.26054,20488
2010-08-24 12:00:00,1.2605,1.27157,1.25874,1.26307,25343
2010-08-25 00:00:00,1.2631700000000001,1.27254,1.26279,1.26553,20347
2010-08-25 12:00:00,1.26552,1.26777,1.2609,1.2663,24161
2010-08-26 00:00:00,1.26632,1.27448,1.26501,1.27103,21559
2010-08-26 12:00:00,1.27101,1.27634,1.26655,1.27161,22947
2010-08-27 00:00:00,1.27159,1.27363,1.26922,1.27154,16213
2010-08-27 12:00:00,1.27152,1.27778,1.2681,1.27617,22802
2010-08-30 00:00:00,1.27641,1.27647,1.27129,1.27182,13949
2010-08-30 12:00:00,1.27183,1.27211,1.26585,1.26631,16754
2010-08-31 00:00:00,1.2663,1.26946,1.2625,1.26928,18544
2010-08-31 12:00:00,1.2692700000000001,1.2742200000000001,1.26608,1.26889,23496
2010-09-01 00:00:00,1.26892,1.2800099999999999,1.2663,1.27884,18333
2010-09-01 12:00:00,1.27882,1.28546,1.2785199999999999,1.28026,15953
2010-09-02 00:00:00,1.2801,1.28375,1.2776399999999999,1.28346,14769
2010-09-02 12:00:00,1.28342,1.28474,1.2795,1.28251,14376
2010-09-03 00:00:00,1.28246,1.28445,1.28082,1.28412,11356
2010-09-03 12:00:00,1.28407,1.28969,1.28163,1.28951,14698
2010-09-06 00:00:00,1.28934,1.2916699999999999,1.2871000000000001,1.2889599999999999,10757
2010-09-06 12:00:00,1.289,1.28925,1.28666,1.2875,7083
2010-09-07 00:00:00,1.28747,1.28757,1.27491,1.27556,19205
2010-09-07 12:00:00,1.27553,1.27716,1.26767,1.26821,14979
2010-09-08 00:00:00,1.26831,1.27326,1.2658800000000001,1.2681499999999999,18623
2010-09-08 12:00:00,1.26809,1.27624,1.26746,1.27234,22041
2010-09-09 00:00:00,1.27227,1.2741799999999999,1.26645,1.27153,18571
2010-09-09 12:00:00,1.2715,1.27654,1.26864,1.2697,19341
2010-09-10 00:00:00,1.2697,1.27461,1.26434,1.2717,18317
2010-09-10 12:00:00,1.27164,1.27435,1.2675,1.26784,17980
2010-09-13 00:00:00,1.2705,1.28332,1.2704,1.2802,19094
2010-09-13 12:00:00,1.28018,1.2892299999999999,1.27932,1.2877100000000001,20031
2010-09-14 00:00:00,1.28751,1.29089,1.2829,1.2837,19900
2010-09-14 12:00:00,1.2836699999999999,1.30324,1.28321,1.29866,24181
2010-09-15 00:00:00,1.29865,1.30219,1.29528,1.2977400000000001,23471
2010-09-15 12:00:00,1.29775,1.3035999999999999,1.2959100000000001,1.30118,23290
2010-09-16 00:00:00,1.3012000000000001,1.30831,1.2975400000000001,1.30815,19731
2010-09-16 12:00:00,1.30812,1.3115999999999999,1.30485,1.30731,23048
2010-09-17 00:00:00,1.30741,1.3158400000000001,1.30603,1.31317,18182
2010-09-17 12:00:00,1.31315,1.31315,1.30189,1.30487,22789
2010-09-20 00:00:00,1.3046,1.3121,1.3034,1.30937,10920
2010-09-20 12:00:00,1.30939,1.3100100000000001,1.30288,1.30621,19660
2010-09-21 00:00:00,1.30621,1.31483,1.30571,1.31388,16743
2010-09-21 12:00:00,1.31391,1.3281399999999999,1.31086,1.32498,25125
2010-09-22 00:00:00,1.325,1.339,1.3247499999999999,1.3373,17454
2010-09-22 12:00:00,1.3374,1.34388,1.33521,1.33991,24638
2010-09-23 00:00:00,1.33992,1.3413,1.33203,1.33415,18503
2010-09-23 12:00:00,1.33412,1.33798,1.33069,1.33133,26522
2010-09-24 00:00:00,1.33135,1.34256,1.32863,1.34233,11153
2010-09-24 12:00:00,1.3422100000000001,1.34945,1.34,1.3491900000000001,11628
2010-09-27 00:00:00,1.3482,1.34942,1.34252,1.3458999999999999,18394
2010-09-27 12:00:00,1.34589,1.35054,1.3435000000000001,1.34408,21473
2010-09-28 00:00:00,1.34399,1.34918,1.3381,1.34781,21290
2010-09-28 12:00:00,1.3477700000000001,1.35945,1.34425,1.35843,27652
2010-09-29 00:00:00,1.35833,1.36375,1.3566,1.35941,16285
2010-09-29 12:00:00,1.35934,1.3646099999999999,1.35782,1.36212,24164
2010-09-30 00:00:00,1.36219,1.36727,1.35592,1.36618,22914
2010-09-30 12:00:00,1.36619,1.36825,1.35742,1.36283,32902
2010-10-01 00:00:00,1.36295,1.3763,1.3618299999999999,1.37386,23209
2010-10-01 12:00:00,1.37384,1.37915,1.3715600000000001,1.379,24620
2010-10-04 00:00:00,1.37877,1.37888,1.36662,1.3684,21815
2010-10-04 12:00:00,1.36843,1.37228,1.3672,1.36741,23869
2010-10-05 00:00:00,1.36741,1.37933,1.36367,1.37758,26971
2010-10-05 12:00:00,1.37754,1.38582,1.37616,1.38338,26105
2010-10-06 00:00:00,1.38333,1.38724,1.38223,1.38659,20605
2010-10-06 12:00:00,1.3866100000000001,1.39469,1.38003,1.3925100000000001,30152
2010-10-07 00:00:00,1.39246,1.39938,1.38978,1.3967399999999999,20958
2010-10-07 12:00:00,1.39672,1.40285,1.38568,1.39136,31078
2010-10-08 00:00:00,1.39144,1.39619,1.3891,1.39081,19250
2010-10-08 12:00:00,1.39082,1.39831,1.38341,1.3928,28829
2010-10-11 00:00:00,1.4002,1.4007,1.3915,1.3941,13556
2010-10-11 12:00:00,1.3940000000000001,1.39477,1.38659,1.38812,16773
2010-10-12 00:00:00,1.38812,1.38861,1.37752,1.38184,23214
2010-10-12 12:00:00,1.38187,1.39344,1.37845,1.3915,28238
2010-10-13 00:00:00,1.39151,1.40009,1.39116,1.39856,20044
2010-10-13 12:00:00,1.39855,1.3991500000000001,1.39121,1.39593,23667
2010-10-14 00:00:00,1.39594,1.41215,1.39543,1.40781,21974
2010-10-14 12:00:00,1.40782,1.41087,1.40358,1.40799,26032
2010-10-15 00:00:00,1.40788,1.41126,1.40079,1.4093,19855
2010-10-15 12:00:00,1.40927,1.41505,1.39368,1.3976199999999999,30605
2010-10-18 00:00:00,1.39727,1.39734,1.38305,1.38986,23875
2010-10-18 12:00:00,1.38983,1.39975,1.3881000000000001,1.39483,27387
2010-10-19 00:00:00,1.39482,1.40022,1.38855,1.39322,24304
2010-10-19 12:00:00,1.39324,1.39386,1.3712900000000001,1.37411,37058
2010-10-20 00:00:00,1.37409,1.3848099999999999,1.36975,1.38473,25309
2010-10-20 12:00:00,1.38474,1.39887,1.3820700000000001,1.3957899999999999,30974
2010-10-21 00:00:00,1.39568,1.40495,1.38712,1.40063,27553
2010-10-21 12:00:00,1.40061,1.40395,1.39035,1.39248,30130
2010-10-22 00:00:00,1.3925100000000001,1.397,1.38604,1.39094,23388
2010-10-22 12:00:00,1.39102,1.39698,1.3894199999999999,1.39528,27721
2010-10-25 00:00:00,1.39516,1.40795,1.3934,1.40504,26070
2010-10-25 12:00:00,1.40503,1.40606,1.39514,1.39535,30330
2010-10-26 00:00:00,1.39539,1.3981,1.39075,1.39431,28232
2010-10-26 12:00:00,1.3942700000000001,1.3961999999999999,1.38251,1.38621,34445
2010-10-27 00:00:00,1.38618,1.38763,1.37704,1.3826,31679
2010-10-27 12:00:00,1.3826100000000001,1.38524,1.37338,1.3773900000000001,34742
2010-10-28 00:00:00,1.3773900000000001,1.38522,1.37671,1.3836300000000001,27139
2010-10-28 12:00:00,1.38362,1.39448,1.38248,1.39282,33192
2010-10-29 00:00:00,1.39284,1.39502,1.38068,1.38102,28017
2010-10-29 12:00:00,1.38103,1.3946100000000001,1.38074,1.39459,32291
2010-11-01 00:00:00,1.39703,1.40106,1.38952,1.39661,27905
2010-11-01 12:00:00,1.3966,1.39695,1.38636,1.38977,33180
2010-11-02 00:00:00,1.38975,1.39929,1.38812,1.39658,30754
2010-11-02 12:00:00,1.3966,1.40573,1.39486,1.40312,34965
2010-11-03 00:00:00,1.4031,1.40587,1.39916,1.40515,29619
2010-11-03 12:00:00,1.40515,1.41797,1.39973,1.41248,46168
2010-11-04 00:00:00,1.41238,1.42632,1.4102000000000001,1.42258,37937
2010-11-04 12:00:00,1.42259,1.42813,1.4185699999999999,1.4212500000000001,41915
2010-11-05 00:00:00,1.42124,1.42478,1.41024,1.4102700000000001,28796
2010-11-05 12:00:00,1.41022,1.41261,1.40238,1.40314,37462
2010-11-08 00:00:00,1.40538,1.40846,1.38981,1.3902,35683
2010-11-08 12:00:00,1.39013,1.39497,1.3887399999999999,1.39123,36956
2010-11-09 00:00:00,1.39131,1.3939,1.38236,1.39252,38397
2010-11-09 12:00:00,1.3925100000000001,1.3973,1.37483,1.37633,43843
2010-11-10 00:00:00,1.37637,1.38248,1.3735,1.37533,37792
2010-11-10 12:00:00,1.37538,1.38097,1.36711,1.37791,43824
2010-11-11 00:00:00,1.37792,1.3820000000000001,1.3718,1.37588,33915
2010-11-11 12:00:00,1.37592,1.3764,1.36369,1.36611,40278
2010-11-12 00:00:00,1.36619,1.37452,1.35735,1.37192,41878
2010-11-12 12:00:00,1.37189,1.37758,1.36591,1.369,43998
2010-11-15 00:00:00,1.36829,1.37497,1.36063,1.36136,33391
2010-11-15 12:00:00,1.36138,1.3667,1.3563399999999999,1.35789,39209
2010-11-16 00:00:00,1.35789,1.36547,1.3560400000000001,1.3596,38728
2010-11-16 12:00:00,1.35958,1.36416,1.34475,1.34821,52779
2010-11-17 00:00:00,1.34817,1.35263,1.34661,1.3507500000000001,36517
2010-11-17 12:00:00,1.35077,1.35646,1.34602,1.35294,43830
2010-11-18 00:00:00,1.3529,1.3654899999999999,1.35289,1.3633899999999999,38195
2010-11-18 12:00:00,1.36338,1.36666,1.3584100000000001,1.3642699999999999,41260
2010-11-19 00:00:00,1.3643,1.37307,1.36081,1.37199,31424
2010-11-19 12:00:00,1.37199,1.37308,1.363,1.36718,37200
2010-11-22 00:00:00,1.37355,1.37853,1.37128,1.37416,34239
2010-11-22 12:00:00,1.37418,1.37463,1.35765,1.36236,44619
2010-11-23 00:00:00,1.36236,1.3628,1.3525800000000001,1.35831,42641
2010-11-23 12:00:00,1.35829,1.35898,1.3361,1.33802,50056
2010-11-24 00:00:00,1.338,1.34182,1.3284500000000001,1.33237,43492
2010-11-24 12:00:00,1.3323800000000001,1.34202,1.331,1.33364,48290
2010-11-25 00:00:00,1.33362,1.33606,1.32862,1.33115,39597
2010-11-25 12:00:00,1.33115,1.3386,1.33048,1.33443,26214
2010-11-26 00:00:00,1.33453,1.33569,1.32178,1.32375,41963
2010-11-26 12:00:00,1.32375,1.3262800000000001,1.32003,1.32402,35760
2010-11-29 00:00:00,1.3275000000000001,1.33009,1.31816,1.31967,42104
2010-11-29 12:00:00,1.31965,1.31969,1.30639,1.31061,43735
2010-11-30 00:00:00,1.31063,1.31491,1.29825,1.30332,47362
2010-11-30 12:00:00,1.30332,1.30461,1.29694,1.2981099999999999,52027
2010-12-01 00:00:00,1.29809,1.31141,1.29707,1.3114,44176
2010-12-01 12:00:00,1.31134,1.31806,1.3048,1.31254,52607
2010-12-02 00:00:00,1.3125200000000001,1.32166,1.30874,1.31816,41963
2010-12-02 12:00:00,1.31817,1.32462,1.30603,1.32149,50740
2010-12-03 00:00:00,1.3213599999999999,1.32688,1.31929,1.32609,37948
2010-12-03 12:00:00,1.32609,1.3437299999999999,1.32386,1.3413599999999999,46126
2010-12-06 00:00:00,1.34078,1.34216,1.32505,1.3251,40273
2010-12-06 12:00:00,1.32514,1.3332899999999999,1.32463,1.33088,46447
2010-12-07 00:00:00,1.33088,1.33944,1.32768,1.33605,41044
2010-12-07 12:00:00,1.3360699999999999,1.33997,1.3253599999999999,1.32652,52090
2010-12-08 00:00:00,1.32652,1.32797,1.31796,1.3245,45039
2010-12-08 12:00:00,1.32449,1.32768,1.3192,1.32627,47608
2010-12-09 00:00:00,1.3262800000000001,1.3322,1.31989,1.32206,38434
2010-12-09 12:00:00,1.32205,1.32569,1.3164500000000001,1.32365,44063
2010-12-10 00:00:00,1.32365,1.32817,1.32212,1.32469,32115
2010-12-10 12:00:00,1.32473,1.32581,1.31786,1.3226200000000001,37290
2010-12-13 00:00:00,1.3205200000000001,1.32271,1.31823,1.32226,30468
2010-12-13 12:00:00,1.32221,1.34325,1.32221,1.33864,44754
2010-12-14 00:00:00,1.3385799999999999,1.34925,1.33723,1.34925,35719
2010-12-14 12:00:00,1.34944,1.34966,1.33637,1.33789,43497
2010-12-15 00:00:00,1.3378700000000001,1.33802,1.32853,1.33027,36906
2010-12-15 12:00:00,1.33025,1.33766,1.3208199999999999,1.32203,46169
2010-12-16 00:00:00,1.32217,1.32648,1.32069,1.3229,33137
2010-12-16 12:00:00,1.3229,1.3261,1.31812,1.32396,40408
2010-12-17 00:00:00,1.32401,1.33581,1.32336,1.33091,33730
2010-12-17 12:00:00,1.3309,1.33206,1.31328,1.31873,41048
2010-12-20 00:00:00,1.31661,1.31823,1.3125200000000001,1.31668,33158
2010-12-20 12:00:00,1.31667,1.31765,1.3094700000000001,1.31197,38241
2010-12-21 00:00:00,1.31201,1.32006,1.31131,1.31539,35867
2010-12-21 12:00:00,1.31539,1.31902,1.30732,1.30993,39070
2010-12-22 00:00:00,1.30991,1.31798,1.30801,1.3138,32682
2010-12-22 12:00:00,1.31378,1.31571,1.30777,1.3103099999999999,37006
2010-12-23 00:00:00,1.31026,1.31506,1.30875,1.30929,25551
2010-12-23 12:00:00,1.3093,1.31397,1.30549,1.3109899999999999,32336
2010-12-24 00:00:00,1.31094,1.31474,1.31033,1.31137,16728
2010-12-24 12:00:00,1.31134,1.31323,1.30948,1.31209,8828
2010-12-27 00:00:00,1.31129,1.3169,1.30718,1.31617,21754
2010-12-27 12:00:00,1.31616,1.31692,1.31242,1.3162099999999999,24428
2010-12-28 00:00:00,1.31622,1.32541,1.3159100000000001,1.32466,27638
2010-12-28 12:00:00,1.3247,1.32737,1.30932,1.31091,33996
2010-12-29 00:00:00,1.31077,1.31565,1.30832,1.31171,25681
2010-12-29 12:00:00,1.31217,1.3237999999999999,1.31149,1.32173,30407
2010-12-30 00:00:00,1.32171,1.3265500000000001,1.32171,1.3246,27160
2010-12-30 12:00:00,1.32459,1.33137,1.32409,1.32901,32091
2010-12-31 00:00:00,1.32901,1.3386,1.32863,1.33696,25937
2010-12-31 12:00:00,1.33697,1.34223,1.33314,1.33827,20402
2011-01-03 00:00:00,1.33443,1.33608,1.32501,1.332,28367
2011-01-03 12:00:00,1.332,1.33945,1.3305,1.33499,34847
2011-01-04 00:00:00,1.33507,1.34159,1.33233,1.34008,37898
2011-01-04 12:00:00,1.34009,1.3433,1.32919,1.33104,42775
2011-01-05 00:00:00,1.33099,1.33247,1.32277,1.32339,38119
2011-01-05 12:00:00,1.3234,1.32434,1.3125499999999999,1.31485,45606
2011-01-06 00:00:00,1.31495,1.31699,1.30902,1.3103,33803
2011-01-06 12:00:00,1.3103099999999999,1.3130899999999999,1.29834,1.30022,39920
2011-01-07 00:00:00,1.3001800000000001,1.30206,1.2959800000000001,1.29804,37148
2011-01-07 12:00:00,1.29802,1.30176,1.29044,1.29055,45231
2011-01-10 00:00:00,1.28939,1.29291,1.28758,1.29105,32593
2011-01-10 12:00:00,1.29111,1.29639,1.28736,1.29451,40786
2011-01-11 00:00:00,1.29457,1.29901,1.29118,1.2928600000000001,38648
2011-01-11 12:00:00,1.2928899999999999,1.2992,1.29047,1.29731,43042
2011-01-12 00:00:00,1.29736,1.3045200000000001,1.29691,1.2983,37641
2011-01-12 12:00:00,1.29832,1.31442,1.29616,1.3128,47609
2011-01-13 00:00:00,1.31283,1.31701,1.30888,1.3129,36697
2011-01-13 12:00:00,1.31292,1.3382800000000001,1.31231,1.33477,46821
2011-01-14 00:00:00,1.33477,1.34562,1.33218,1.3376000000000001,39317
2011-01-14 12:00:00,1.33759,1.3403100000000001,1.33144,1.33875,42479
2011-01-17 00:00:00,1.33704,1.3382,1.3244799999999999,1.32883,33669
2011-01-17 12:00:00,1.32881,1.33411,1.32713,1.32758,35547
2011-01-18 00:00:00,1.32795,1.34276,1.32532,1.3389,41184
2011-01-18 12:00:00,1.33884,1.34644,1.3356,1.3385099999999999,46322
2011-01-19 00:00:00,1.3385099999999999,1.35035,1.33683,1.34665,42677
2011-01-19 12:00:00,1.34665,1.35372,1.3450199999999999,1.34557,47647
2011-01-20 00:00:00,1.34559,1.35122,1.34182,1.34923,41627
2011-01-20 12:00:00,1.3492,1.35223,1.33959,1.34638,50178
2011-01-21 00:00:00,1.34641,1.35654,1.34484,1.35283,43096
2011-01-21 12:00:00,1.35282,1.36238,1.3504,1.36196,44305
2011-01-24 00:00:00,1.36097,1.36225,1.35553,1.35747,38674
2011-01-24 12:00:00,1.35745,1.3685100000000001,1.35399,1.36401,44404
2011-01-25 00:00:00,1.36392,1.36862,1.35728,1.35919,41578
2011-01-25 12:00:00,1.35919,1.37023,1.35762,1.36801,52378
2011-01-26 00:00:00,1.36801,1.3721,1.36567,1.36927,39790
2011-01-26 12:00:00,1.36926,1.37131,1.36421,1.3697599999999999,49801
2011-01-27 00:00:00,1.36971,1.37452,1.3637000000000001,1.37399,43396
2011-01-27 12:00:00,1.37392,1.37573,1.36789,1.3727800000000001,49198
2011-01-28 00:00:00,1.3727800000000001,1.37435,1.36788,1.37162,40265
2011-01-28 12:00:00,1.3715899999999999,1.37454,1.35833,1.36102,47877
2011-01-31 00:00:00,1.358,1.3661400000000001,1.35702,1.36426,41457
2011-01-31 12:00:00,1.3642699999999999,1.37385,1.36404,1.36908,48856
2011-02-01 00:00:00,1.36908,1.37745,1.36898,1.37538,43496
2011-02-01 12:00:00,1.37537,1.38419,1.37298,1.38238,48822
2011-02-02 00:00:00,1.3824,1.3860700000000001,1.38134,1.38311,40140
2011-02-02 12:00:00,1.3831,1.3845,1.37672,1.38045,43608
2011-02-03 00:00:00,1.38046,1.38248,1.3772199999999999,1.37771,35744
2011-02-03 12:00:00,1.3777300000000001,1.37853,1.3609200000000001,1.3625099999999999,46618
2011-02-04 00:00:00,1.36257,1.3642,1.36173,1.3625,30291
2011-02-04 12:00:00,1.36239,1.36748,1.35436,1.358,23427
2011-02-07 00:00:00,1.35686,1.36256,1.35641,1.3573,29905
2011-02-07 12:00:00,1.35733,1.35995,1.3508,1.35774,26330
2011-02-08 00:00:00,1.35802,1.36638,1.3572,1.36505,27874
2011-02-08 12:00:00,1.36489,1.36871,1.36144,1.36277,24755
2011-02-09 00:00:00,1.36235,1.3661699999999999,1.36121,1.36163,26844
2011-02-09 12:00:00,1.3615599999999999,1.37424,1.36106,1.37237,24972
2011-02-10 00:00:00,1.37239,1.37272,1.36152,1.3639000000000001,33909
2011-02-10 12:00:00,1.3637000000000001,1.36468,1.35773,1.3593600000000001,34235
2011-02-11 00:00:00,1.35928,1.36204,1.351,1.3518,31126
2011-02-11 12:00:00,1.35172,1.35659,1.34972,1.35513,18632
2011-02-14 00:00:00,1.3524,1.35579,1.3449,1.3465099999999999,34623
2011-02-14 12:00:00,1.34649,1.3505099999999999,1.34279,1.34885,33841
2011-02-15 00:00:00,1.34889,1.35465,1.34609,1.35269,32725
2011-02-15 12:00:00,1.35291,1.35498,1.34763,1.34851,31811
2011-02-16 00:00:00,1.3487,1.35686,1.34869,1.35232,32764
2011-02-16 12:00:00,1.35241,1.35873,1.3462,1.35601,36077
2011-02-17 00:00:00,1.35596,1.3608,1.35367,1.35697,30651
2011-02-17 12:00:00,1.35705,1.36174,1.3541400000000001,1.36051,27144
2011-02-18 00:00:00,1.36053,1.36265,1.35453,1.3561,31646
2011-02-18 12:00:00,1.35601,1.37138,1.35468,1.36923,30891
2011-02-21 00:00:00,1.36886,1.3715,1.36621,1.3689,27608
2011-02-21 12:00:00,1.3689200000000001,1.36899,1.3647,1.36746,25995
2011-02-22 00:00:00,1.36738,1.36817,1.35278,1.3639000000000001,41364
2011-02-22 12:00:00,1.36389,1.37026,1.3631,1.3654,41811
2011-02-23 00:00:00,1.36542,1.37337,1.3654,1.37145,35508
2011-02-23 12:00:00,1.37146,1.3786,1.37065,1.37491,39184
2011-02-24 00:00:00,1.37494,1.38067,1.3704,1.37832,35177
2011-02-24 12:00:00,1.3783,1.3818,1.37501,1.3801700000000001,39996
2011-02-25 00:00:00,1.38013,1.38372,1.37762,1.37791,33652
2011-02-25 12:00:00,1.3779,1.37936,1.37239,1.37523,34364
2011-02-28 00:00:00,1.3747,1.38453,1.3711,1.38297,32848
2011-02-28 12:00:00,1.3829799999999999,1.3854600000000001,1.37806,1.3808799999999999,39634
2011-03-01 00:00:00,1.3808799999999999,1.38532,1.37859,1.38431,36586
2011-03-01 12:00:00,1.38427,1.38497,1.37628,1.3775,43166
2011-03-02 00:00:00,1.37755,1.38368,1.37447,1.38334,34275
2011-03-02 12:00:00,1.38333,1.38897,1.38045,1.38633,39273
2011-03-03 00:00:00,1.38633,1.38754,1.3832900000000001,1.38629,33245
2011-03-03 12:00:00,1.38628,1.39728,1.3835899999999999,1.39596,41422
2011-03-04 00:00:00,1.39596,1.3976,1.39494,1.39638,26186
2011-03-04 12:00:00,1.39641,1.40052,1.39418,1.39863,32823
2011-03-07 00:00:00,1.39921,1.40301,1.3955,1.40222,33171
2011-03-07 12:00:00,1.4022299999999999,1.40354,1.3957,1.39682,40957
2011-03-08 00:00:00,1.39682,1.39881,1.3916,1.39246,33260
2011-03-08 12:00:00,1.39248,1.3930500000000001,1.38622,1.39023,36956
2011-03-09 00:00:00,1.39021,1.3909799999999999,1.38553,1.3881700000000001,31878
2011-03-09 12:00:00,1.38816,1.39411,1.3881299999999999,1.39045,38610
2011-03-10 00:00:00,1.39046,1.39236,1.38042,1.3844699999999999,32647
2011-03-10 12:00:00,1.3844699999999999,1.3848099999999999,1.37748,1.37999,41696
2011-03-11 00:00:00,1.37994,1.384,1.37519,1.3771,34563
2011-03-11 12:00:00,1.37707,1.39147,1.37599,1.39016,36202
2011-03-14 00:00:00,1.39507,1.39801,1.39043,1.39676,36796
2011-03-14 12:00:00,1.3967100000000001,1.40026,1.39424,1.39935,36260
2011-03-15 00:00:00,1.39941,1.39999,1.3855,1.38755,41753
2011-03-15 12:00:00,1.3875199999999999,1.40123,1.38643,1.39714,46377
2011-03-16 00:00:00,1.3971,1.40003,1.39265,1.39338,36350
2011-03-16 12:00:00,1.3933499999999999,1.39763,1.38665,1.39121,52543
2011-03-17 00:00:00,1.39126,1.40518,1.3869099999999999,1.4020299999999999,47479
2011-03-17 12:00:00,1.40208,1.40417,1.39798,1.40152,42646
2011-03-18 00:00:00,1.40156,1.41159,1.39801,1.41093,43931
2011-03-18 12:00:00,1.41096,1.41831,1.4109,1.4179300000000001,32779
2011-03-21 00:00:00,1.41808,1.4184,1.4146,1.4163299999999999,27657
2011-03-21 12:00:00,1.41631,1.42395,1.41411,1.42138,33489
2011-03-22 00:00:00,1.4214,1.42479,1.4203000000000001,1.4243700000000001,28400
2011-03-22 12:00:00,1.42434,1.42466,1.41788,1.4188399999999999,33772
2011-03-23 00:00:00,1.4188100000000001,1.4214,1.41487,1.4195,31974
2011-03-23 12:00:00,1.4195,1.41963,1.40767,1.40988,41708
2011-03-24 00:00:00,1.40991,1.41348,1.40534,1.41277,32348
2011-03-24 12:00:00,1.41278,1.4218899999999999,1.41065,1.41802,36690
2011-03-25 00:00:00,1.41798,1.4193,1.41395,1.41574,30772
2011-03-25 12:00:00,1.41577,1.41747,1.40548,1.40868,33761
2011-03-28 00:00:00,1.40463,1.4084400000000001,1.40204,1.40484,28116
2011-03-28 12:00:00,1.40482,1.4114900000000001,1.4026100000000001,1.40819,31648
2011-03-29 00:00:00,1.40825,1.4148399999999999,1.4062999999999999,1.41161,26457
2011-03-29 12:00:00,1.4116,1.412,1.40469,1.4108399999999999,34938
2011-03-30 00:00:00,1.41082,1.4126699999999999,1.40586,1.40757,32089
2011-03-30 12:00:00,1.40758,1.41464,1.40516,1.41253,36483
2011-03-31 00:00:00,1.41253,1.42319,1.41157,1.42197,32864
2011-03-31 12:00:00,1.42198,1.42283,1.41533,1.41736,37478
2011-04-01 00:00:00,1.41733,1.4178600000000001,1.41438,1.41563,28144
2011-04-01 12:00:00,1.41568,1.42448,1.40614,1.42344,38744
2011-04-04 00:00:00,1.42312,1.4267699999999999,1.41925,1.42109,28551
2011-04-04 12:00:00,1.42113,1.42496,1.41968,1.42177,32179
2011-04-05 00:00:00,1.42177,1.42318,1.4169399999999999,1.41747,27551
2011-04-05 12:00:00,1.41747,1.42445,1.4151099999999999,1.42183,32770
2011-04-06 00:00:00,1.42184,1.43137,1.4217,1.43015,32151
2011-04-06 12:00:00,1.43017,1.43483,1.42737,1.43299,33800
2011-04-07 00:00:00,1.43298,1.4335499999999999,1.42757,1.4279,27866
2011-04-07 12:00:00,1.42791,1.43219,1.42424,1.43037,41426
2011-04-08 00:00:00,1.43037,1.44208,1.42908,1.44,34160
2011-04-08 12:00:00,1.4399899999999999,1.44869,1.4398900000000001,1.4482300000000001,34784
2011-04-11 00:00:00,1.4453,1.44825,1.44409,1.44634,29480
2011-04-11 12:00:00,1.44637,1.4469400000000001,1.44205,1.44313,31159
2011-04-12 00:00:00,1.44316,1.4466,1.4377,1.44567,39172
2011-04-12 12:00:00,1.44567,1.45183,1.44372,1.44774,37435
2011-04-13 00:00:00,1.44782,1.45179,1.44543,1.44959,31808
2011-04-13 12:00:00,1.44956,1.45193,1.4413,1.44404,39446
2011-04-14 00:00:00,1.44404,1.45141,1.44071,1.44134,35848
2011-04-14 12:00:00,1.44136,1.45028,1.43647,1.4485999999999999,37286
2011-04-15 00:00:00,1.44858,1.45029,1.44415,1.44558,31344
2011-04-15 12:00:00,1.44561,1.4470100000000001,1.43905,1.44285,35497
2011-04-18 00:00:00,1.44162,1.44199,1.42987,1.43282,34222
2011-04-18 12:00:00,1.43281,1.43492,1.41574,1.42273,41952
2011-04-19 00:00:00,1.42273,1.42913,1.42051,1.42788,33594
2011-04-19 12:00:00,1.42786,1.4352,1.42659,1.43307,37124
2011-04-20 00:00:00,1.4331,1.4513,1.43278,1.44935,37214
2011-04-20 12:00:00,1.44936,1.45437,1.4482599999999999,1.45211,37818
2011-04-21 00:00:00,1.45213,1.46478,1.4505,1.46398,35067
2011-04-21 12:00:00,1.46393,1.46442,1.4531399999999999,1.4550100000000001,35060
2011-04-22 00:00:00,1.45499,1.45873,1.45405,1.45604,20399
2011-04-22 12:00:00,1.45602,1.45697,1.45339,1.45597,13567
2011-04-25 00:00:00,1.45604,1.46044,1.45251,1.46013,28021
2011-04-25 12:00:00,1.46015,1.46259,1.45385,1.45784,27391
2011-04-26 00:00:00,1.45785,1.4651100000000001,1.44929,1.46212,32212
2011-04-26 12:00:00,1.46211,1.46559,1.45979,1.46467,31851
2011-04-27 00:00:00,1.46468,1.47119,1.4641600000000001,1.46708,31682
2011-04-27 12:00:00,1.4671,1.47946,1.4632100000000001,1.47711,39615
2011-04-28 00:00:00,1.4771,1.4880900000000001,1.47705,1.48467,32172
2011-04-28 12:00:00,1.48469,1.48511,1.47722,1.48232,39308
2011-04-29 00:00:00,1.48231,1.48689,1.4803600000000001,1.48633,21089
2011-04-29 12:00:00,1.48632,1.48772,1.48034,1.48062,28191
2011-05-02 00:00:00,1.4824899999999999,1.48628,1.47632,1.484,34164
2011-05-02 12:00:00,1.4840200000000001,1.4901200000000001,1.48159,1.48218,31639
2011-05-03 00:00:00,1.48225,1.4843600000000001,1.47542,1.4788999999999999,31674
2011-05-03 12:00:00,1.47882,1.48885,1.4760900000000001,1.48205,35857
2011-05-04 00:00:00,1.48205,1.48779,1.47748,1.48691,32388
2011-05-04 12:00:00,1.48688,1.4938500000000001,1.48082,1.48285,41111
2011-05-05 00:00:00,1.4828000000000001,1.48989,1.48068,1.48423,30237
2011-05-05 12:00:00,1.48424,1.4843899999999999,1.45096,1.4540899999999999,48798
2011-05-06 00:00:00,1.45411,1.45873,1.45072,1.45378,40221
2011-05-06 12:00:00,1.45376,1.45728,1.43117,1.43149,49493
2011-05-09 00:00:00,1.43656,1.44407,1.43403,1.4405000000000001,39217
2011-05-09 12:00:00,1.44038,1.44099,1.42548,1.43567,48073
2011-05-10 00:00:00,1.43566,1.43771,1.427,1.43341,44561
2011-05-10 12:00:00,1.43342,1.4411800000000001,1.43208,1.44101,44418
2011-05-11 00:00:00,1.44102,1.44224,1.43672,1.43924,38477
2011-05-11 12:00:00,1.43927,1.43932,1.4172,1.41997,37577
2011-05-12 00:00:00,1.41993,1.4234,1.4135,1.41521,37865
2011-05-12 12:00:00,1.41519,1.4276,1.41229,1.42402,30370
2011-05-13 00:00:00,1.42405,1.43388,1.41846,1.4291800000000001,29430
2011-05-13 12:00:00,1.4292099999999999,1.43066,1.40672,1.4117,26896
2011-05-16 00:00:00,1.40753,1.4148,1.40478,1.41065,35521
2011-05-16 12:00:00,1.41072,1.4243700000000001,1.40912,1.41604,31355
2011-05-17 00:00:00,1.41605,1.42237,1.4129399999999999,1.41713,35400
2011-05-17 12:00:00,1.4169100000000001,1.42379,1.41202,1.42354,26056
2011-05-18 00:00:00,1.42351,1.42862,1.42325,1.42439,15475
2011-05-18 12:00:00,1.42438,1.42824,1.41946,1.42504,19718
2011-05-19 00:00:00,1.42499,1.43058,1.42058,1.4270800000000001,15295
2011-05-19 12:00:00,1.42705,1.43246,1.42197,1.4308,20840
2011-05-20 00:00:00,1.4307699999999999,1.43451,1.42902,1.42911,12301
2011-05-20 12:00:00,1.42905,1.42919,1.41321,1.41573,23139
2011-05-23 00:00:00,1.41318,1.41429,1.39692,1.39909,18469
2011-05-23 12:00:00,1.39905,1.4069099999999999,1.3985699999999999,1.40465,21817
2011-05-24 00:00:00,1.40476,1.41162,1.4002,1.4107,16633
2011-05-24 12:00:00,1.4107,1.41327,1.40694,1.41022,21501
2011-05-25 00:00:00,1.4102299999999999,1.4105400000000001,1.4013,1.4074,16992
2011-05-25 12:00:00,1.40737,1.41177,1.40271,1.40814,35755
2011-05-26 00:00:00,1.40815,1.41952,1.40679,1.41692,41296
2011-05-26 12:00:00,1.4169399999999999,1.42062,1.40674,1.41347,80013
2011-05-27 00:00:00,1.41346,1.42777,1.41242,1.42158,52493
2011-05-27 12:00:00,1.4216,1.43216,1.42085,1.43173,41323
2011-05-30 00:00:00,1.43099,1.43099,1.42567,1.42855,31551
2011-05-30 12:00:00,1.42853,1.42914,1.42619,1.4285700000000001,24634
2011-05-31 00:00:00,1.42854,1.4423599999999999,1.42844,1.44106,40935
2011-05-31 12:00:00,1.44102,1.4414,1.43632,1.43945,35090
2011-06-01 00:00:00,1.43947,1.4447,1.4390800000000001,1.44144,37118
2011-06-01 12:00:00,1.44143,1.4457900000000001,1.43075,1.4329399999999999,43843
2011-06-02 00:00:00,1.4329100000000001,1.44527,1.43239,1.44474,35454
2011-06-02 12:00:00,1.44557,1.45121,1.4403000000000001,1.44906,37166
2011-06-03 00:00:00,1.44907,1.4516499999999999,1.4460600000000001,1.44956,30514
2011-06-03 12:00:00,1.44953,1.4642,1.44524,1.46327,25725
2011-06-06 00:00:00,1.46269,1.46571,1.46128,1.4614099999999999,37029
2011-06-06 12:00:00,1.46146,1.46284,1.4557,1.45777,32676
2011-06-07 00:00:00,1.45773,1.4681,1.45634,1.46655,34559
2011-06-07 12:00:00,1.46655,1.46955,1.46484,1.46871,25724
2011-06-08 00:00:00,1.46872,1.46932,1.4641199999999999,1.4665,35456
2011-06-08 12:00:00,1.4665300000000001,1.46674,1.4564,1.4577499999999999,21843
2011-06-09 00:00:00,1.45776,1.46455,1.45776,1.46161,27067
2011-06-09 12:00:00,1.46151,1.4641600000000001,1.44775,1.45118,20828
2011-06-10 00:00:00,1.45127,1.4550100000000001,1.44446,1.44811,25844
2011-06-10 12:00:00,1.4481600000000001,1.44872,1.4322300000000001,1.43458,22777
2011-06-13 00:00:00,1.4327,1.43686,1.43208,1.4352800000000001,38056
2011-06-13 12:00:00,1.43529,1.44295,1.43456,1.44157,43073
2011-06-14 00:00:00,1.4416,1.44715,1.43785,1.44509,36589
2011-06-14 12:00:00,1.445,1.44971,1.44139,1.44425,38108
2011-06-15 00:00:00,1.44427,1.44506,1.42992,1.43148,34833
2011-06-15 12:00:00,1.43148,1.4320300000000001,1.4156,1.41622,40961
2011-06-16 00:00:00,1.41628,1.41997,1.40731,1.41063,46684
2011-06-16 12:00:00,1.41064,1.42184,1.4074,1.42149,52105
2011-06-17 00:00:00,1.42147,1.42534,1.4127399999999999,1.42304,41258
2011-06-17 12:00:00,1.42291,1.4338199999999999,1.42142,1.42858,41840
2011-06-20 00:00:00,1.42747,1.4293,1.4191,1.42269,40021
2011-06-20 12:00:00,1.4227,1.43265,1.42118,1.43078,40609
2011-06-21 00:00:00,1.4307699999999999,1.43824,1.43067,1.43272,39335
2011-06-21 12:00:00,1.4326699999999999,1.44315,1.43147,1.43977,41653
2011-06-22 00:00:00,1.43978,1.44187,1.43452,1.43654,36983
2011-06-22 12:00:00,1.43647,1.44407,1.4332,1.4335,46556
2011-06-23 00:00:00,1.43358,1.43372,1.42349,1.42447,38119
2011-06-23 12:00:00,1.42448,1.42667,1.41265,1.42634,44040
2011-06-24 00:00:00,1.42637,1.43055,1.4196900000000001,1.4272,33947
2011-06-24 12:00:00,1.42725,1.42739,1.4141599999999999,1.41865,44956
2011-06-27 00:00:00,1.41875,1.42085,1.4102299999999999,1.41956,41071
2011-06-27 12:00:00,1.41956,1.42924,1.41681,1.42872,41490
2011-06-28 00:00:00,1.4287,1.43271,1.42536,1.4268,37966
2011-06-28 12:00:00,1.4268100000000001,1.43959,1.42366,1.43672,41904
2011-06-29 00:00:00,1.43668,1.44164,1.4338,1.44032,32270
2011-06-29 12:00:00,1.44031,1.44466,1.434,1.44342,38111
2011-06-30 00:00:00,1.44342,1.45205,1.44268,1.44673,36824
2011-06-30 12:00:00,1.44673,1.45364,1.44474,1.44906,37112
2011-07-01 00:00:00,1.44908,1.4550100000000001,1.44661,1.44962,34376
2011-07-01 12:00:00,1.44962,1.45353,1.44359,1.4524599999999999,32866
2011-07-04 00:00:00,1.45366,1.45769,1.45106,1.4522300000000001,34219
2011-07-04 12:00:00,1.45222,1.45482,1.44953,1.45388,27531
2011-07-05 00:00:00,1.45391,1.4553,1.44592,1.44788,37457
2011-07-05 12:00:00,1.44783,1.44936,1.44025,1.44231,39061
2011-07-06 00:00:00,1.4423,1.44657,1.43418,1.4361,36886
2011-07-06 12:00:00,1.43608,1.43701,1.42858,1.43158,39313
2011-07-07 00:00:00,1.43157,1.43462,1.42779,1.42984,35029
2011-07-07 12:00:00,1.42985,1.43733,1.42214,1.43577,37996
2011-07-08 00:00:00,1.43578,1.43679,1.42287,1.42444,33376
2011-07-08 12:00:00,1.42445,1.43496,1.42059,1.42632,45789
2011-07-11 00:00:00,1.42236,1.42266,1.41163,1.41229,40790
2011-07-11 12:00:00,1.41226,1.41316,1.39858,1.40469,50839
2011-07-12 00:00:00,1.40465,1.40607,1.38371,1.39188,50949
2011-07-12 12:00:00,1.3918599999999999,1.4052799999999999,1.39028,1.3971,57673
2011-07-13 00:00:00,1.39712,1.41102,1.39512,1.41068,45083
2011-07-13 12:00:00,1.41067,1.4238,1.40359,1.4238,54630
2011-07-14 00:00:00,1.42382,1.42808,1.41678,1.41899,45395
2011-07-14 12:00:00,1.41902,1.42483,1.41156,1.4145400000000001,50649
2011-07-15 00:00:00,1.4145400000000001,1.4197899999999999,1.40954,1.41717,36665
2011-07-15 12:00:00,1.41719,1.41879,1.40919,1.41566,41892
2011-07-18 00:00:00,1.41208,1.41339,1.40138,1.4053499999999999,71831
2011-07-18 12:00:00,1.40533,1.41222,1.4018,1.41035,83268
2011-07-19 00:00:00,1.41035,1.4216,1.40687,1.41736,66289
2011-07-19 12:00:00,1.41733,1.42122,1.41099,1.41537,44383
2011-07-20 00:00:00,1.41533,1.4217,1.41331,1.42062,34531
2011-07-20 12:00:00,1.42063,1.42391,1.41681,1.42208,38302
2011-07-21 00:00:00,1.42202,1.42932,1.4146,1.41688,38692
2011-07-21 12:00:00,1.41687,1.44375,1.41388,1.44193,50052
2011-07-22 00:00:00,1.44193,1.44369,1.43815,1.44048,34757
2011-07-22 12:00:00,1.44049,1.44262,1.43241,1.4358,38642
2011-07-25 00:00:00,1.43997,1.44059,1.43288,1.4405700000000001,36317
2011-07-25 12:00:00,1.44056,1.4405999999999999,1.43247,1.43772,38663
2011-07-26 00:00:00,1.43768,1.4521899999999999,1.43571,1.44744,40692
2011-07-26 12:00:00,1.44739,1.45244,1.44559,1.45137,38276
2011-07-27 00:00:00,1.45134,1.4535,1.44693,1.44852,33134
2011-07-27 12:00:00,1.44851,1.4489,1.4339,1.43674,43674
2011-07-28 00:00:00,1.43674,1.4399899999999999,1.42993,1.4300899999999999,44996
2011-07-28 12:00:00,1.4300899999999999,1.4338,1.42544,1.43273,43499
2011-07-29 00:00:00,1.43273,1.43625,1.42561,1.4289,39475
2011-07-29 12:00:00,1.42885,1.44128,1.42293,1.43945,43460
2011-08-01 00:00:00,1.43607,1.4445999999999999,1.43458,1.4443,38933
2011-08-01 12:00:00,1.44427,1.44526,1.41843,1.42533,47667
2011-08-02 00:00:00,1.42535,1.42817,1.41583,1.4179300000000001,39482
2011-08-02 12:00:00,1.41791,1.42822,1.4151,1.41919,46874
2011-08-03 00:00:00,1.41903,1.43436,1.41425,1.4321,42726
2011-08-03 12:00:00,1.43211,1.4365999999999999,1.4258199999999999,1.4363000000000001,45626
2011-08-04 00:00:00,1.43631,1.43671,1.42065,1.42185,45505
2011-08-04 12:00:00,1.42184,1.42634,1.40862,1.4092,60811
2011-08-05 00:00:00,1.40921,1.41769,1.40553,1.41288,49876
2011-08-05 12:00:00,1.41289,1.42972,1.41235,1.42804,58802
2011-08-08 00:00:00,1.43705,1.44006,1.42412,1.42569,56152
2011-08-08 12:00:00,1.42572,1.42801,1.41303,1.41628,63268
2011-08-09 00:00:00,1.4163000000000001,1.42863,1.41521,1.42604,62599
2011-08-09 12:00:00,1.42602,1.43967,1.41952,1.4391,66695
2011-08-10 00:00:00,1.4391,1.44006,1.4311099999999999,1.43814,49553
2011-08-10 12:00:00,1.4381599999999999,1.43907,1.41608,1.41615,58040
2011-08-11 00:00:00,1.41614,1.42741,1.41224,1.41772,56363
2011-08-11 12:00:00,1.41771,1.42912,1.41039,1.42353,61809
2011-08-12 00:00:00,1.42357,1.42607,1.41495,1.4234499999999999,45083
2011-08-12 12:00:00,1.42346,1.42899,1.42111,1.42479,48472
2011-08-15 00:00:00,1.42639,1.43288,1.42637,1.4298600000000001,40681
2011-08-15 12:00:00,1.42985,1.44748,1.42635,1.44482,48043
2011-08-16 00:00:00,1.44483,1.4448400000000001,1.43652,1.4382,43595
2011-08-16 12:00:00,1.43819,1.44709,1.4353799999999999,1.43988,51552
2011-08-17 00:00:00,1.4399,1.44536,1.4325,1.44287,43318
2011-08-17 12:00:00,1.44286,1.45167,1.4421300000000001,1.4425,48831
2011-08-18 00:00:00,1.44244,1.44508,1.43761,1.4403000000000001,43803
2011-08-18 12:00:00,1.44031,1.44169,1.4271099999999999,1.4322300000000001,50135
2011-08-19 00:00:00,1.43221,1.43442,1.42585,1.43157,47755
2011-08-19 12:00:00,1.43159,1.44507,1.42942,1.4395,49917
2011-08-22 00:00:00,1.43735,1.44187,1.4346999999999999,1.44041,42344
2011-08-22 12:00:00,1.44041,1.44339,1.43546,1.43571,42901
2011-08-23 00:00:00,1.4357,1.44987,1.43527,1.44878,39565
2011-08-23 12:00:00,1.44879,1.44952,1.4377900000000001,1.44346,46397
2011-08-24 00:00:00,1.44347,1.44706,1.43798,1.44671,42533
2011-08-24 12:00:00,1.44671,1.44806,1.43891,1.44081,42369
2011-08-25 00:00:00,1.4408,1.4473799999999999,1.43891,1.44133,37846
2011-08-25 12:00:00,1.44133,1.4454799999999999,1.43283,1.43709,41983
2011-08-26 00:00:00,1.4371,1.4452099999999999,1.43701,1.4435799999999999,38884
2011-08-26 12:00:00,1.44361,1.45008,1.4329100000000001,1.44984,43396
2011-08-29 00:00:00,1.44916,1.45482,1.44657,1.44992,35434
2011-08-29 12:00:00,1.44992,1.4543,1.44845,1.45228,39757
2011-08-30 00:00:00,1.45228,1.45328,1.43841,1.441,47793
2011-08-30 12:00:00,1.4409100000000001,1.44649,1.43909,1.44308,48279
2011-08-31 00:00:00,1.44308,1.44688,1.44163,1.44353,44057
2011-08-31 12:00:00,1.44354,1.4457900000000001,1.43584,1.4372500000000001,49159
2011-09-01 00:00:00,1.4372500000000001,1.43767,1.42631,1.42801,40722
2011-09-01 12:00:00,1.42802,1.43127,1.42262,1.42615,42964
2011-09-02 00:00:00,1.42614,1.4287,1.42087,1.42538,40092
2011-09-02 12:00:00,1.42537,1.42852,1.41839,1.4203700000000001,40040
2011-09-05 00:00:00,1.41571,1.41726,1.41126,1.41306,43876
2011-09-05 12:00:00,1.41305,1.41377,1.40584,1.40636,38763
2011-09-06 00:00:00,1.40637,1.42544,1.40387,1.4179300000000001,49247
2011-09-06 12:00:00,1.41794,1.41866,1.39733,1.4001000000000001,51391
2011-09-07 00:00:00,1.40007,1.41476,1.40001,1.40512,48778
2011-09-07 12:00:00,1.40512,1.41073,1.4012,1.40838,46198
2011-09-08 00:00:00,1.40839,1.40888,1.40407,1.40549,43140
2011-09-08 12:00:00,1.40546,1.4064,1.3872,1.39015,54258
2011-09-09 00:00:00,1.39015,1.3936,1.37882,1.38076,51142
2011-09-09 12:00:00,1.3807800000000001,1.3838599999999999,1.36272,1.36532,52999
2011-09-12 00:00:00,1.3578299999999999,1.36421,1.34989,1.36254,54695
2011-09-12 12:00:00,1.36254,1.3692,1.3556,1.36604,63078
2011-09-13 00:00:00,1.36603,1.36943,1.35582,1.36167,50034
2011-09-13 12:00:00,1.3617,1.37385,1.36084,1.36782,61094
2011-09-14 00:00:00,1.36782,1.37051,1.3590900000000001,1.36882,55196
2011-09-14 12:00:00,1.36881,1.37826,1.36367,1.37406,58512
2011-09-15 00:00:00,1.37401,1.3805399999999999,1.37031,1.38031,49198
2011-09-15 12:00:00,1.38034,1.39359,1.37713,1.3881000000000001,56771
2011-09-16 00:00:00,1.38809,1.38835,1.3777,1.38102,44905
2011-09-16 12:00:00,1.38103,1.3844,1.3753600000000001,1.37941,50929
2011-09-19 00:00:00,1.36761,1.37063,1.3634,1.36599,47347
2011-09-19 12:00:00,1.36599,1.37196,1.35868,1.36742,54093
2011-09-20 00:00:00,1.36745,1.37161,1.35927,1.37093,55852
2011-09-20 12:00:00,1.37094,1.37432,1.36472,1.3700700000000001,56170
2011-09-21 00:00:00,1.37004,1.3722400000000001,1.3642,1.36791,46707
2011-09-21 12:00:00,1.3679000000000001,1.37953,1.35578,1.3587099999999999,65758
2011-09-22 00:00:00,1.35865,1.36001,1.34478,1.3474300000000001,55451
2011-09-22 12:00:00,1.34742,1.35269,1.33856,1.34549,68890
2011-09-23 00:00:00,1.34549,1.35663,1.34549,1.34989,55819
2011-09-23 12:00:00,1.34993,1.35447,1.34188,1.34974,63243
2011-09-26 00:00:00,1.3507799999999999,1.35492,1.33624,1.34469,59908
2011-09-26 12:00:00,1.3447,1.35461,1.3415,1.3526799999999999,64643
2011-09-27 00:00:00,1.3526799999999999,1.35687,1.34793,1.35188,49624
2011-09-27 12:00:00,1.35186,1.3666800000000001,1.34921,1.35849,62464
2011-09-28 00:00:00,1.35849,1.36571,1.35413,1.3655300000000001,50806
2011-09-28 12:00:00,1.36552,1.3689200000000001,1.35228,1.35245,58791
2011-09-29 00:00:00,1.35247,1.36773,1.35194,1.36536,51810
2011-09-29 12:00:00,1.36535,1.36774,1.3552,1.35824,62369
2011-09-30 00:00:00,1.35831,1.36001,1.34879,1.35202,46975
2011-09-30 12:00:00,1.35201,1.35358,1.33837,1.33846,57685
2011-10-03 00:00:00,1.33447,1.33717,1.33135,1.33437,49175
2011-10-03 12:00:00,1.33438,1.33808,1.31635,1.3189899999999999,63252
2011-10-04 00:00:00,1.31901,1.3226,1.31458,1.3207,53568
2011-10-04 12:00:00,1.32071,1.33681,1.31691,1.33365,68916
2011-10-05 00:00:00,1.3336299999999999,1.33366,1.32599,1.33012,52757
2011-10-05 12:00:00,1.33013,1.33826,1.32772,1.33472,60878
2011-10-06 00:00:00,1.33466,1.33978,1.3311,1.33667,45669
2011-10-06 12:00:00,1.33666,1.345,1.32417,1.34274,61981
2011-10-07 00:00:00,1.34275,1.34639,1.34026,1.34238,61690
2011-10-07 12:00:00,1.34237,1.35241,1.3360699999999999,1.33755,57929
2011-10-10 00:00:00,1.33863,1.35819,1.33774,1.35584,44012
2011-10-10 12:00:00,1.35585,1.36975,1.35579,1.36349,50203
2011-10-11 00:00:00,1.36353,1.36717,1.35785,1.36047,43916
2011-10-11 12:00:00,1.36046,1.36828,1.35654,1.36489,56223
2011-10-12 00:00:00,1.36493,1.38063,1.35824,1.37961,45520
2011-10-12 12:00:00,1.3796300000000001,1.3832499999999999,1.3752499999999999,1.37759,57359
2011-10-13 00:00:00,1.37759,1.38251,1.37116,1.37264,46549
2011-10-13 12:00:00,1.37262,1.37989,1.36852,1.37716,56803
2011-10-14 00:00:00,1.37716,1.38265,1.37231,1.37976,46399
2011-10-14 12:00:00,1.37977,1.38936,1.3777599999999999,1.3878,51022
2011-10-17 00:00:00,1.38782,1.39137,1.38285,1.38404,41227
2011-10-17 12:00:00,1.38402,1.38525,1.37241,1.3734600000000001,56073
2011-10-18 00:00:00,1.3734899999999999,1.37873,1.36567,1.36832,44601
2011-10-18 12:00:00,1.36839,1.38163,1.36526,1.37331,61947
2011-10-19 00:00:00,1.37336,1.38561,1.37247,1.38503,46706
2011-10-19 12:00:00,1.38504,1.38681,1.37313,1.37579,57935
2011-10-20 00:00:00,1.37578,1.38354,1.36734,1.38006,46974
2011-10-20 12:00:00,1.38005,1.38412,1.36565,1.37759,62698
2011-10-21 00:00:00,1.37759,1.38077,1.37043,1.37758,45917
2011-10-21 12:00:00,1.37759,1.39004,1.37509,1.38917,55275
2011-10-24 00:00:00,1.38686,1.39528,1.38294,1.38618,50117
2011-10-24 12:00:00,1.38617,1.39557,1.38222,1.39314,51900
2011-10-25 00:00:00,1.39316,1.39469,1.38771,1.3925100000000001,46811
2011-10-25 12:00:00,1.39252,1.39588,1.38492,1.39079,57720
2011-10-26 00:00:00,1.39081,1.39477,1.38926,1.3936899999999999,42856
2011-10-26 12:00:00,1.3936899999999999,1.3974,1.37997,1.38941,62944
2011-10-27 00:00:00,1.38943,1.40375,1.38641,1.4019,54119
2011-10-27 12:00:00,1.4019,1.4245999999999999,1.4004400000000001,1.41844,59803
2011-10-28 00:00:00,1.41843,1.42001,1.41555,1.4175,44236
2011-10-28 12:00:00,1.41746,1.4188,1.41331,1.41453,52084
2011-10-31 00:00:00,1.41501,1.41695,1.39753,1.39972,50562
2011-10-31 12:00:00,1.39975,1.40255,1.38287,1.38594,56481
2011-11-01 00:00:00,1.38592,1.38702,1.36756,1.37013,45975
2011-11-01 12:00:00,1.3701400000000001,1.37632,1.3608500000000001,1.3696,68758
2011-11-02 00:00:00,1.36963,1.38016,1.36362,1.37554,48864
2011-11-02 12:00:00,1.3755600000000001,1.38265,1.37131,1.37473,62339
2011-11-03 00:00:00,1.37473,1.3789799999999999,1.36563,1.37747,46281
2011-11-03 12:00:00,1.3774600000000001,1.38541,1.36601,1.38128,64884
2011-11-04 00:00:00,1.38128,1.38541,1.37873,1.38457,40610
2011-11-04 12:00:00,1.38457,1.38655,1.37111,1.3789799999999999,59021
2011-11-07 00:00:00,1.3816,1.38166,1.36814,1.3719299999999999,44976
2011-11-07 12:00:00,1.37192,1.38123,1.3713600000000001,1.37643,53488
2011-11-08 00:00:00,1.37647,1.37923,1.37242,1.37814,41965
2011-11-08 12:00:00,1.37812,1.38464,1.3756599999999999,1.38287,52589
2011-11-09 00:00:00,1.38283,1.3858,1.36578,1.36806,44789
2011-11-09 12:00:00,1.36807,1.36812,1.35218,1.35227,64280
2011-11-10 00:00:00,1.3523800000000001,1.36287,1.34837,1.35828,48191
2011-11-10 12:00:00,1.35827,1.36518,1.3550200000000001,1.36082,58998
2011-11-11 00:00:00,1.36086,1.36667,1.35778,1.36218,43743
2011-11-11 12:00:00,1.3622,1.37944,1.36151,1.37672,41650
2011-11-14 00:00:00,1.37759,1.37919,1.36796,1.36974,44639
2011-11-14 12:00:00,1.36972,1.3699,1.35914,1.3620999999999999,54275
2011-11-15 00:00:00,1.3620999999999999,1.36402,1.35281,1.35351,47325
2011-11-15 12:00:00,1.35351,1.35727,1.34961,1.35252,53824
2011-11-16 00:00:00,1.35249,1.3556,1.34286,1.34848,52074
2011-11-16 12:00:00,1.34849,1.3552,1.3447,1.34547,55989
2011-11-17 00:00:00,1.34552,1.35174,1.34213,1.34731,50945
2011-11-17 12:00:00,1.34731,1.35392,1.34365,1.34688,61282
2011-11-18 00:00:00,1.34683,1.35484,1.3447,1.35243,47974
2011-11-18 12:00:00,1.35242,1.36136,1.34951,1.35222,53089
2011-11-21 00:00:00,1.35214,1.35375,1.3439,1.34575,45284
2011-11-21 12:00:00,1.34574,1.35398,1.343,1.34855,55223
2011-11-22 00:00:00,1.34854,1.35557,1.34687,1.35407,43450
2011-11-22 12:00:00,1.35403,1.35678,1.3483100000000001,1.35157,52604
2011-11-23 00:00:00,1.3516,1.35304,1.3373599999999999,1.33879,44452
2011-11-23 12:00:00,1.3388,1.34131,1.33201,1.33464,53787
2011-11-24 00:00:00,1.33459,1.34109,1.33401,1.33575,40964
2011-11-24 12:00:00,1.33576,1.34081,1.3316,1.334,38744
2011-11-25 00:00:00,1.33401,1.33441,1.32376,1.32383,41975
2011-11-25 12:00:00,1.32385,1.32965,1.32119,1.32375,43376
2011-11-28 00:00:00,1.33095,1.33981,1.32725,1.33801,47480
2011-11-28 12:00:00,1.338,1.33959,1.3293,1.33121,47367
2011-11-29 00:00:00,1.33121,1.34412,1.3285,1.34191,42701
2011-11-29 12:00:00,1.34192,1.34257,1.32937,1.33321,52119
2011-11-30 00:00:00,1.33318,1.3357700000000001,1.32587,1.32785,41694
2011-11-30 12:00:00,1.32783,1.35302,1.3274599999999999,1.34392,50906
2011-12-01 00:00:00,1.34392,1.35038,1.34177,1.34939,44048
2011-12-01 12:00:00,1.34936,1.3519999999999999,1.34426,1.34599,45630
2011-12-02 00:00:00,1.34601,1.34915,1.34483,1.34866,29897
2011-12-02 12:00:00,1.34866,1.35449,1.33625,1.33898,43093
2011-12-05 00:00:00,1.34094,1.34596,1.33987,1.34476,31804
2011-12-05 12:00:00,1.34476,1.34851,1.33748,1.3394300000000001,50200
2011-12-06 00:00:00,1.33939,1.3416000000000001,1.3333300000000001,1.34157,40094
2011-12-06 12:00:00,1.34158,1.34271,1.3360400000000001,1.34021,46723
2011-12-07 00:00:00,1.34018,1.3453,1.33778,1.33881,34710
2011-12-07 12:00:00,1.3388,1.3427,1.33508,1.34158,47953
2011-12-08 00:00:00,1.34155,1.3429,1.33866,1.33866,34372
2011-12-08 12:00:00,1.33865,1.34569,1.32882,1.33433,50374
2011-12-09 00:00:00,1.3343,1.33786,1.3281,1.33735,39874
2011-12-09 12:00:00,1.3373599999999999,1.34327,1.33171,1.33842,42789
2011-12-12 00:00:00,1.33636,1.33759,1.32544,1.32657,34848
2011-12-12 12:00:00,1.32656,1.32762,1.31623,1.31665,46579
2011-12-13 00:00:00,1.31665,1.32139,1.31603,1.31979,36987
2011-12-13 12:00:00,1.31981,1.32356,1.3008600000000001,1.30335,49819
2011-12-14 00:00:00,1.30334,1.3063500000000001,1.30042,1.30212,38733
2011-12-14 12:00:00,1.3020800000000001,1.30284,1.29462,1.29829,53466
2011-12-15 00:00:00,1.29829,1.30374,1.29566,1.30057,37454
2011-12-15 12:00:00,1.30056,1.3048899999999999,1.29816,1.30197,44939
2011-12-16 00:00:00,1.30195,1.30433,1.3003,1.3034,33750
2011-12-16 12:00:00,1.30339,1.30834,1.2995,1.30419,42055
2011-12-19 00:00:00,1.30328,1.30399,1.29828,1.3024200000000001,32323
2011-12-19 12:00:00,1.30241,1.3043,1.29885,1.29961,33708
2011-12-20 00:00:00,1.29951,1.30893,1.2995,1.3082799999999999,30207
2011-12-20 12:00:00,1.30819,1.31314,1.3060100000000001,1.30805,34680
2011-12-21 00:00:00,1.30811,1.31956,1.30777,1.3103799999999999,35743
2011-12-21 12:00:00,1.31037,1.31165,1.30254,1.30438,47678
2011-12-22 00:00:00,1.30438,1.31183,1.30329,1.30572,34359
2011-12-22 12:00:00,1.30567,1.30795,1.30171,1.30507,39630
2011-12-23 00:00:00,1.30503,1.30946,1.30494,1.30716,30316
2011-12-23 12:00:00,1.30719,1.30832,1.30259,1.30451,30867
2011-12-26 00:00:00,1.30487,1.30742,1.30487,1.30671,6865
2011-12-26 12:00:00,1.3067199999999999,1.30813,1.30505,1.3054000000000001,14674
2011-12-27 00:00:00,1.30537,1.30824,1.30422,1.30753,24455
2011-12-27 12:00:00,1.30751,1.30788,1.30562,1.30676,26634
2011-12-28 00:00:00,1.30677,1.3079100000000001,1.30567,1.30724,26848
2011-12-28 12:00:00,1.3072599999999999,1.30745,1.29116,1.29362,40125
2011-12-29 00:00:00,1.29362,1.29427,1.28869,1.2904,36888
2011-12-29 12:00:00,1.29039,1.29641,1.28577,1.29505,39048
2011-12-30 00:00:00,1.29501,1.29558,1.29039,1.29369,33523
2011-12-30 12:00:00,1.2937,1.29981,1.29226,1.29565,37519
2012-01-02 00:00:00,1.29443,1.29681,1.29206,1.29452,19577
2012-01-02 12:00:00,1.29454,1.29512,1.29168,1.29338,20912
2012-01-03 00:00:00,1.29337,1.30427,1.2931599999999999,1.30368,36649
2012-01-03 12:00:00,1.30359,1.30762,1.30114,1.3050899999999999,45612
2012-01-04 00:00:00,1.3050899999999999,1.30719,1.30048,1.30136,35356
2012-01-04 12:00:00,1.30136,1.3017400000000001,1.28974,1.29361,45197
2012-01-05 00:00:00,1.29359,1.29434,1.283,1.28319,42276
2012-01-05 12:00:00,1.28318,1.28471,1.27702,1.27904,49996
2012-01-06 00:00:00,1.27907,1.28121,1.2763,1.27922,35292
2012-01-06 12:00:00,1.27921,1.2805900000000001,1.26972,1.27188,42834
2012-01-09 00:00:00,1.26923,1.27848,1.26661,1.27619,37986
2012-01-09 12:00:00,1.27618,1.27766,1.2720099999999999,1.27686,43635
2012-01-10 00:00:00,1.27682,1.28088,1.27424,1.27986,37049
2012-01-10 12:00:00,1.27984,1.28174,1.2763,1.27708,39826
2012-01-11 00:00:00,1.27708,1.27893,1.27284,1.2760799999999999,35281
2012-01-11 12:00:00,1.2760799999999999,1.2760799999999999,1.26619,1.27075,48231
2012-01-12 00:00:00,1.2708,1.2763,1.26994,1.27576,36970
2012-01-12 12:00:00,1.27576,1.28442,1.27142,1.28136,47430
2012-01-13 00:00:00,1.28135,1.28778,1.27741,1.27917,39557
2012-01-13 12:00:00,1.27919,1.28044,1.26241,1.26754,50814
2012-01-16 00:00:00,1.26383,1.26809,1.26254,1.26651,37679
2012-01-16 12:00:00,1.26653,1.2687300000000001,1.26493,1.2650000000000001,34212
2012-01-17 00:00:00,1.26501,1.2800500000000001,1.26488,1.27769,43071
2012-01-17 12:00:00,1.27771,1.2808,1.27111,1.27401,44942
2012-01-18 00:00:00,1.27402,1.28441,1.27337,1.28274,42991
2012-01-18 12:00:00,1.28271,1.28673,1.2779,1.2852999999999999,47972
2012-01-19 00:00:00,1.28529,1.2906900000000001,1.2839,1.2895400000000001,40152
2012-01-19 12:00:00,1.28955,1.2971300000000001,1.28742,1.29666,46749
2012-01-20 00:00:00,1.29664,1.29854,1.28901,1.29077,35468
2012-01-20 12:00:00,1.2907600000000001,1.29497,1.28873,1.29298,41475
2012-01-23 00:00:00,1.28808,1.29792,1.28807,1.29757,33885
2012-01-23 12:00:00,1.29755,1.30521,1.29734,1.3013,47010
2012-01-24 00:00:00,1.30131,1.30618,1.2987199999999999,1.2995,36450
2012-01-24 12:00:00,1.29956,1.30363,1.29534,1.3030300000000001,39675
2012-01-25 00:00:00,1.30302,1.30494,1.29645,1.29667,35363
2012-01-25 12:00:00,1.29668,1.31199,1.29307,1.30987,47214
2012-01-26 00:00:00,1.3099,1.31739,1.30896,1.31554,32392
2012-01-26 12:00:00,1.31556,1.31832,1.30953,1.31045,43953
2012-01-27 00:00:00,1.31044,1.31583,1.3077,1.31573,38474
2012-01-27 12:00:00,1.31566,1.3233,1.30927,1.32189,44716
2012-01-30 00:00:00,1.32148,1.32206,1.31115,1.3124799999999999,37370
2012-01-30 12:00:00,1.31247,1.31449,1.3076699999999999,1.31403,43538
2012-01-31 00:00:00,1.3140399999999999,1.32126,1.31334,1.32022,40507
2012-01-31 12:00:00,1.32024,1.32069,1.30427,1.3087900000000001,45353
2012-02-01 00:00:00,1.30881,1.31507,1.30257,1.3131300000000001,40059
2012-02-01 12:00:00,1.3131300000000001,1.32168,1.31165,1.31698,47531
2012-02-02 00:00:00,1.31697,1.31959,1.31216,1.3149600000000001,39192
2012-02-02 12:00:00,1.31494,1.31863,1.30854,1.31446,44592
2012-02-03 00:00:00,1.31445,1.31827,1.31143,1.31735,36543
2012-02-03 12:00:00,1.3173599999999999,1.31989,1.30657,1.31561,44171
2012-02-06 00:00:00,1.31211,1.31305,1.3030300000000001,1.3042799999999999,39204
2012-02-06 12:00:00,1.3042799999999999,1.31409,1.30278,1.3123,43956
2012-02-07 00:00:00,1.31229,1.31667,1.30891,1.31332,39171
2012-02-07 12:00:00,1.31333,1.3269199999999999,1.30956,1.32613,49762
2012-02-08 00:00:00,1.32612,1.32878,1.32412,1.32674,39056
2012-02-08 12:00:00,1.32679,1.32852,1.32207,1.32508,44051
2012-02-09 00:00:00,1.32507,1.3311899999999999,1.32148,1.32772,43107
2012-02-09 12:00:00,1.32773,1.33199,1.3234,1.32847,44859
2012-02-10 00:00:00,1.32846,1.32901,1.32385,1.32576,39864
2012-02-10 12:00:00,1.32577,1.3261,1.31551,1.3195700000000001,43948
2012-02-13 00:00:00,1.3237999999999999,1.32833,1.32068,1.32671,40983
2012-02-13 12:00:00,1.32673,1.32676,1.31685,1.31731,39631
2012-02-14 00:00:00,1.3173,1.32154,1.31271,1.32031,42200
2012-02-14 12:00:00,1.32032,1.32043,1.308,1.31278,45956
2012-02-15 00:00:00,1.31277,1.31902,1.31086,1.31556,41987
2012-02-15 12:00:00,1.31559,1.31641,1.30442,1.30592,50285
2012-02-16 00:00:00,1.30592,1.30628,1.2983,1.3001,43385
2012-02-16 12:00:00,1.30012,1.31572,1.29745,1.31303,48521
2012-02-17 00:00:00,1.31303,1.31683,1.31148,1.31442,35060
2012-02-17 12:00:00,1.31441,1.31964,1.31291,1.31418,39559
2012-02-20 00:00:00,1.32026,1.32365,1.31821,1.32337,36002
2012-02-20 12:00:00,1.32337,1.32762,1.32305,1.32332,32032
2012-02-21 00:00:00,1.3233,1.32922,1.3186499999999999,1.32318,45264
2012-02-21 12:00:00,1.3231899999999999,1.3275000000000001,1.31983,1.3232,44069
2012-02-22 00:00:00,1.32318,1.32633,1.3211,1.3234,39590
2012-02-22 12:00:00,1.3234,1.32652,1.32117,1.32476,42088
2012-02-23 00:00:00,1.32476,1.33413,1.32309,1.33095,34152
2012-02-23 12:00:00,1.33095,1.33776,1.32693,1.33738,42799
2012-02-24 00:00:00,1.3373599999999999,1.34048,1.33569,1.33875,33153
2012-02-24 12:00:00,1.33876,1.34856,1.33854,1.34478,39615
2012-02-27 00:00:00,1.34595,1.34707,1.33952,1.34022,36398
2012-02-27 12:00:00,1.3402,1.3417,1.33662,1.33939,45257
2012-02-28 00:00:00,1.33938,1.3462,1.33934,1.3445,39130
2012-02-28 12:00:00,1.3445,1.34703,1.33896,1.34583,44886
2012-02-29 00:00:00,1.34584,1.34851,1.34252,1.34398,35852
2012-02-29 12:00:00,1.34399,1.34679,1.33145,1.33232,51697
2012-03-01 00:00:00,1.33227,1.33559,1.33047,1.33251,38970
2012-03-01 12:00:00,1.3324799999999999,1.33368,1.32825,1.33161,42664
2012-03-02 00:00:00,1.3316,1.3332,1.32398,1.32428,35312
2012-03-02 12:00:00,1.32428,1.32544,1.31876,1.31979,41582
2012-03-05 00:00:00,1.3195299999999999,1.32129,1.316,1.31917,36516
2012-03-05 12:00:00,1.31915,1.32394,1.31791,1.32158,40696
2012-03-06 00:00:00,1.32157,1.32252,1.31308,1.31375,38420
2012-03-06 12:00:00,1.3137400000000001,1.3155700000000001,1.3103,1.31134,43534
2012-03-07 00:00:00,1.31135,1.31635,1.31112,1.31488,36616
2012-03-07 12:00:00,1.3148900000000001,1.31636,1.30961,1.31503,40036
2012-03-08 00:00:00,1.31503,1.32264,1.31349,1.32132,33869
2012-03-08 12:00:00,1.32131,1.32904,1.32102,1.3276,44426
2012-03-09 00:00:00,1.32759,1.32766,1.32121,1.32266,34657
2012-03-09 12:00:00,1.3225799999999999,1.32298,1.30966,1.3122099999999999,39999
2012-03-12 00:00:00,1.3115999999999999,1.31348,1.30786,1.31081,34306
2012-03-12 12:00:00,1.31081,1.31581,1.31017,1.31547,36652
2012-03-13 00:00:00,1.31547,1.31905,1.31093,1.31163,32300
2012-03-13 12:00:00,1.31159,1.3121800000000001,1.3051599999999999,1.30816,42302
2012-03-14 00:00:00,1.30816,1.30893,1.3030599999999999,1.30731,32513
2012-03-14 12:00:00,1.3073000000000001,1.30901,1.30106,1.3029899999999999,39399
2012-03-15 00:00:00,1.303,1.30677,1.30032,1.30439,35752
2012-03-15 12:00:00,1.30438,1.3118400000000001,1.3038,1.30715,39562
2012-03-16 00:00:00,1.30715,1.30996,1.30484,1.30619,30624
2012-03-16 12:00:00,1.30619,1.3186200000000001,1.30607,1.31735,35685
2012-03-19 00:00:00,1.3179699999999999,1.31815,1.31415,1.31671,27304
2012-03-19 12:00:00,1.31673,1.32642,1.31486,1.32345,34293
2012-03-20 00:00:00,1.32345,1.32434,1.31887,1.32042,30114
2012-03-20 12:00:00,1.3204099999999999,1.32512,1.3172,1.3229,36751
2012-03-21 00:00:00,1.3228900000000001,1.3284,1.3228900000000001,1.32544,32524
2012-03-21 12:00:00,1.3254299999999999,1.32554,1.3178,1.32121,37290
2012-03-22 00:00:00,1.3212,1.3254000000000001,1.3134299999999999,1.31599,37468
2012-03-22 12:00:00,1.316,1.32019,1.3143500000000001,1.3197999999999999,37097
2012-03-23 00:00:00,1.31981,1.32916,1.31906,1.3262800000000001,33629
2012-03-23 12:00:00,1.32626,1.3283,1.32213,1.3269,34882
2012-03-26 00:00:00,1.3268,1.32837,1.3191899999999999,1.32171,31492
2012-03-26 12:00:00,1.3216999999999999,1.33667,1.32139,1.33561,39262
2012-03-27 00:00:00,1.3356,1.3384800000000001,1.33269,1.33612,29938
2012-03-27 12:00:00,1.3361100000000001,1.33657,1.3312599999999999,1.33181,36265
2012-03-28 00:00:00,1.3317999999999999,1.3372,1.33131,1.33438,32539
2012-03-28 12:00:00,1.33439,1.336,1.3277,1.3314599999999999,39178
2012-03-29 00:00:00,1.33147,1.33449,1.3273,1.32828,34251
2012-03-29 12:00:00,1.32824,1.33036,1.32518,1.32987,36898
2012-03-30 00:00:00,1.32988,1.33755,1.32975,1.33487,33856
2012-03-30 12:00:00,1.33486,1.3366500000000001,1.3309199999999999,1.33408,34476
2012-04-02 00:00:00,1.33562,1.33801,1.33313,1.33522,30419
2012-04-02 12:00:00,1.33523,1.33617,1.32781,1.33167,37349
2012-04-03 00:00:00,1.33166,1.3367,1.33148,1.33449,32031
2012-04-03 12:00:00,1.33446,1.3347,1.32128,1.32347,43132
2012-04-04 00:00:00,1.32346,1.32372,1.31606,1.31746,37848
2012-04-04 12:00:00,1.31745,1.31756,1.3106900000000001,1.31393,41556
2012-04-05 00:00:00,1.31396,1.31636,1.30566,1.3066900000000001,32591
2012-04-05 12:00:00,1.3066900000000001,1.30822,1.30346,1.3063500000000001,37998
2012-04-06 00:00:00,1.30634,1.30774,1.30532,1.3063500000000001,17323
2012-04-06 12:00:00,1.30634,1.31115,1.30506,1.30911,23173
2012-04-09 00:00:00,1.30961,1.30965,1.3033000000000001,1.30745,22018
2012-04-09 12:00:00,1.3075,1.3133,1.3047900000000001,1.31088,26944
2012-04-10 00:00:00,1.31086,1.31436,1.30724,1.30749,35329
2012-04-10 12:00:00,1.30747,1.3136700000000001,1.30538,1.30815,43925
2012-04-11 00:00:00,1.30815,1.31412,1.30659,1.31379,35098
2012-04-11 12:00:00,1.3137699999999999,1.31564,1.30934,1.3109600000000001,40042
2012-04-12 00:00:00,1.31095,1.31497,1.31018,1.31183,34842
2012-04-12 12:00:00,1.31183,1.32122,1.3112,1.31864,42128
2012-04-13 00:00:00,1.31863,1.32001,1.31424,1.31534,34812
2012-04-13 12:00:00,1.31535,1.31741,1.30691,1.3076400000000001,38138
2012-04-16 00:00:00,1.3069,1.3074,1.29945,1.30278,38564
2012-04-16 12:00:00,1.30279,1.31466,1.30155,1.3131300000000001,43606
2012-04-17 00:00:00,1.31314,1.31717,1.30899,1.31457,34963
2012-04-17 12:00:00,1.31457,1.3155700000000001,1.31043,1.31271,39159
2012-04-18 00:00:00,1.31271,1.31402,1.30755,1.30859,34200
2012-04-18 12:00:00,1.3086,1.31361,1.3057699999999999,1.31181,41276
2012-04-19 00:00:00,1.31182,1.3164799999999999,1.31056,1.31476,33401
2012-04-19 12:00:00,1.31475,1.3152300000000001,1.30697,1.3134299999999999,45462
2012-04-20 00:00:00,1.3134299999999999,1.31785,1.31284,1.31667,33166
2012-04-20 12:00:00,1.31665,1.3226200000000001,1.31656,1.3216999999999999,37028
2012-04-23 00:00:00,1.3192,1.32098,1.31341,1.315,31217
2012-04-23 12:00:00,1.31502,1.31599,1.31042,1.31554,37487
2012-04-24 00:00:00,1.3155299999999999,1.31833,1.31445,1.31671,31477
2012-04-24 12:00:00,1.31671,1.3217400000000001,1.31484,1.31944,37276
2012-04-25 00:00:00,1.31945,1.3229,1.31853,1.3211,29405
2012-04-25 12:00:00,1.3211,1.32356,1.3173,1.32224,42595
2012-04-26 00:00:00,1.32222,1.32623,1.32158,1.3222800000000001,30434
2012-04-26 12:00:00,1.32226,1.32537,1.31806,1.3191899999999999,40218
2012-04-27 00:00:00,1.31918,1.32415,1.31572,1.32237,38148
2012-04-27 12:00:00,1.3223799999999999,1.32695,1.32179,1.32514,35332
2012-04-30 00:00:00,1.32408,1.3266,1.32248,1.32283,29184
2012-04-30 12:00:00,1.32285,1.32428,1.32078,1.32417,34012
2012-05-01 00:00:00,1.32416,1.3277700000000001,1.32331,1.32501,23008
2012-05-01 12:00:00,1.32501,1.32828,1.32039,1.32378,27150
2012-05-02 00:00:00,1.32376,1.32408,1.3134000000000001,1.31454,31772
2012-05-02 12:00:00,1.31454,1.3167200000000001,1.3123,1.31538,36428
2012-05-03 00:00:00,1.31539,1.31624,1.3122500000000001,1.31351,26645
2012-05-03 12:00:00,1.31352,1.31795,1.30963,1.31513,36107
2012-05-04 00:00:00,1.31513,1.31617,1.31268,1.31328,24324
2012-05-04 12:00:00,1.31329,1.31775,1.30799,1.30832,37822
2012-05-07 00:00:00,1.3024499999999999,1.30283,1.29546,1.30271,41446
2012-05-07 12:00:00,1.3027,1.3064,1.302,1.30573,34664
2012-05-08 00:00:00,1.3057400000000001,1.30645,1.30007,1.3014299999999999,33634
2012-05-08 12:00:00,1.30142,1.30417,1.29821,1.29985,44696
2012-05-09 00:00:00,1.29987,1.30053,1.29648,1.29752,37597
2012-05-09 12:00:00,1.29753,1.29841,1.2911000000000001,1.2934,48084
2012-05-10 00:00:00,1.29341,1.29675,1.29249,1.29304,35121
2012-05-10 12:00:00,1.29304,1.29783,1.29244,1.29314,41843
2012-05-11 00:00:00,1.2931300000000001,1.29535,1.29044,1.2941500000000001,37575
2012-05-11 12:00:00,1.2941500000000001,1.29569,1.29153,1.29162,37029
2012-05-14 00:00:00,1.28872,1.29038,1.2860800000000001,1.28697,33542
2012-05-14 12:00:00,1.28698,1.28768,1.28207,1.28256,38362
2012-05-15 00:00:00,1.28257,1.28689,1.28135,1.28487,31619
2012-05-15 12:00:00,1.28488,1.28617,1.27215,1.27337,42462
2012-05-16 00:00:00,1.27336,1.27412,1.26807,1.27009,35655
2012-05-16 12:00:00,1.27007,1.27579,1.26884,1.27158,45945
2012-05-17 00:00:00,1.27161,1.27488,1.27037,1.27114,30520
2012-05-17 12:00:00,1.27106,1.27366,1.2664900000000001,1.2681200000000001,48178
2012-05-18 00:00:00,1.26813,1.2707600000000001,1.26417,1.2698800000000001,37073
2012-05-18 12:00:00,1.2699,1.27933,1.26847,1.27783,46989
2012-05-21 00:00:00,1.27767,1.2812000000000001,1.27484,1.27739,39042
2012-05-21 12:00:00,1.2774,1.2823,1.27248,1.2806899999999999,43036
2012-05-22 00:00:00,1.28073,1.28168,1.2753700000000001,1.2764,34142
2012-05-22 12:00:00,1.2764,1.2777,1.26575,1.26798,47481
2012-05-23 00:00:00,1.26799,1.26864,1.26145,1.26366,41557
2012-05-23 12:00:00,1.26364,1.26858,1.25449,1.2586300000000001,53747
2012-05-24 00:00:00,1.25864,1.2598,1.25156,1.2567300000000001,41939
2012-05-24 12:00:00,1.25674,1.2618800000000001,1.25203,1.2536,50775
2012-05-25 00:00:00,1.25359,1.2601499999999999,1.2518099999999999,1.25814,36163
2012-05-25 12:00:00,1.25811,1.25937,1.24964,1.25153,43850
2012-05-28 00:00:00,1.2570700000000001,1.26235,1.25595,1.2586300000000001,35856
2012-05-28 12:00:00,1.25862,1.2597,1.25244,1.25394,29823
2012-05-29 00:00:00,1.25393,1.2574,1.25094,1.2534100000000001,37953
2012-05-29 12:00:00,1.2534,1.25532,1.24609,1.24864,48724
2012-05-30 00:00:00,1.24865,1.24932,1.24335,1.24447,39929
2012-05-30 12:00:00,1.24444,1.24688,1.23608,1.23675,51417
2012-05-31 00:00:00,1.23676,1.24278,1.23574,1.24209,39792
2012-05-31 12:00:00,1.2421,1.24256,1.23362,1.23597,50701
2012-06-01 00:00:00,1.23594,1.23659,1.23116,1.23223,40104
2012-06-01 12:00:00,1.23222,1.24537,1.22882,1.24325,55459
2012-06-04 00:00:00,1.24371,1.24371,1.23854,1.24305,36998
2012-06-04 12:00:00,1.24306,1.25087,1.24248,1.24943,44687
2012-06-05 00:00:00,1.24943,1.25411,1.24138,1.24268,39360
2012-06-05 12:00:00,1.2426599999999999,1.24689,1.24099,1.2450700000000001,43731
2012-06-06 00:00:00,1.2450700000000001,1.25271,1.24404,1.2494,41478
2012-06-06 12:00:00,1.24945,1.25848,1.2441200000000001,1.2577,50229
2012-06-07 00:00:00,1.2577,1.25936,1.25397,1.25885,38139
2012-06-07 12:00:00,1.25884,1.26243,1.25447,1.25631,51791
2012-06-08 00:00:00,1.2563,1.25742,1.24523,1.24765,44058
2012-06-08 12:00:00,1.24764,1.25182,1.24352,1.2516,46350
2012-06-11 00:00:00,1.26478,1.26677,1.25678,1.25748,40990
2012-06-11 12:00:00,1.25747,1.2581,1.24637,1.24653,48709
2012-06-12 00:00:00,1.24652,1.25213,1.24503,1.25079,39211
2012-06-12 12:00:00,1.25078,1.2528000000000001,1.24423,1.25045,50652
2012-06-13 00:00:00,1.25045,1.25499,1.24733,1.25453,38746
2012-06-13 12:00:00,1.25454,1.26094,1.25152,1.25659,50935
2012-06-14 00:00:00,1.25657,1.2588300000000001,1.25419,1.25577,36261
2012-06-14 12:00:00,1.25575,1.2635399999999999,1.25501,1.26281,51195
2012-06-15 00:00:00,1.2628,1.26464,1.26131,1.26243,35060
2012-06-15 12:00:00,1.26242,1.26643,1.25919,1.26361,45936
2012-06-18 00:00:00,1.27371,1.27468,1.2618800000000001,1.2641,45157
2012-06-18 12:00:00,1.26411,1.26582,1.25569,1.25767,48071
2012-06-19 00:00:00,1.25766,1.26202,1.25682,1.26129,40143
2012-06-19 12:00:00,1.26133,1.27297,1.26067,1.26877,48312
2012-06-20 00:00:00,1.26878,1.27074,1.26615,1.2701,35652
2012-06-20 12:00:00,1.27009,1.2741799999999999,1.2638099999999999,1.26974,53206
2012-06-21 00:00:00,1.26975,1.27009,1.26423,1.26738,38017
2012-06-21 12:00:00,1.26737,1.26983,1.25317,1.25474,54219
2012-06-22 00:00:00,1.25475,1.25643,1.25191,1.25548,34016
2012-06-22 12:00:00,1.2554699999999999,1.25827,1.25221,1.25677,42313
2012-06-25 00:00:00,1.2554400000000001,1.25575,1.24818,1.2484899999999999,31286
2012-06-25 12:00:00,1.24848,1.25054,1.2471,1.25008,41201
2012-06-26 00:00:00,1.25003,1.25298,1.24814,1.25072,35957
2012-06-26 12:00:00,1.25072,1.25146,1.24419,1.2490999999999999,46752
2012-06-27 00:00:00,1.24911,1.25074,1.24798,1.2493400000000001,33650
2012-06-27 12:00:00,1.24933,1.25,1.24454,1.24686,44312
2012-06-28 00:00:00,1.24686,1.25236,1.24071,1.24257,38660
2012-06-28 12:00:00,1.24258,1.2460499999999999,1.24134,1.24403,49161
2012-06-29 00:00:00,1.24402,1.26261,1.24331,1.2576399999999999,48598
2012-06-29 12:00:00,1.25765,1.26918,1.25658,1.26655,50846
2012-07-02 00:00:00,1.26696,1.26703,1.26096,1.26316,31598
2012-07-02 12:00:00,1.26314,1.26332,1.2568,1.25846,43561
2012-07-03 00:00:00,1.25845,1.26139,1.25754,1.25873,34768
2012-07-03 12:00:00,1.25875,1.26257,1.2558799999999999,1.26058,37436
2012-07-04 00:00:00,1.26057,1.26063,1.25751,1.25805,32866
2012-07-04 12:00:00,1.25808,1.25818,1.2508,1.25261,34594
2012-07-05 00:00:00,1.25262,1.25375,1.24975,1.25035,35023
2012-07-05 12:00:00,1.25035,1.25268,1.23637,1.23901,47740
2012-07-06 00:00:00,1.23899,1.24008,1.23659,1.23781,35120
2012-07-06 12:00:00,1.23781,1.23849,1.22598,1.22875,43920
2012-07-09 00:00:00,1.22659,1.23068,1.22557,1.22891,33900
2012-07-09 12:00:00,1.22889,1.2323,1.22771,1.23135,39836
2012-07-10 00:00:00,1.23135,1.23331,1.22806,1.23205,34005
2012-07-10 12:00:00,1.23206,1.23232,1.22351,1.2251,42788
2012-07-11 00:00:00,1.22512,1.22957,1.2246299999999999,1.2275800000000001,31386
2012-07-11 12:00:00,1.22759,1.22939,1.2212399999999999,1.22422,44655
2012-07-12 00:00:00,1.22422,1.22475,1.22075,1.22169,35263
2012-07-12 12:00:00,1.22167,1.22182,1.2167,1.21989,43853
2012-07-13 00:00:00,1.21988,1.2218,1.2181,1.22023,35175
2012-07-13 12:00:00,1.22023,1.22554,1.21622,1.22485,38338
2012-07-16 00:00:00,1.22498,1.22597,1.21801,1.21858,27489
2012-07-16 12:00:00,1.21857,1.22889,1.21753,1.22695,39410
2012-07-17 00:00:00,1.22693,1.23156,1.2264599999999999,1.2291400000000001,33791
2012-07-17 12:00:00,1.22913,1.22978,1.2189,1.22887,44039
2012-07-18 00:00:00,1.2288999999999999,1.23052,1.2231,1.2236799999999999,33875
2012-07-18 12:00:00,1.22367,1.2286,1.22166,1.22802,43184
2012-07-19 00:00:00,1.22804,1.23214,1.22627,1.23059,35120
2012-07-19 12:00:00,1.23058,1.23186,1.2229,1.22742,46225
2012-07-20 00:00:00,1.22741,1.22823,1.22367,1.22367,34513
2012-07-20 12:00:00,1.22365,1.22414,1.2144,1.21551,42299
2012-07-23 00:00:00,1.21217,1.21333,1.20819,1.21068,40541
2012-07-23 12:00:00,1.21067,1.21438,1.20669,1.21153,45605
2012-07-24 00:00:00,1.21152,1.21368,1.20913,1.20976,37398
2012-07-24 12:00:00,1.20975,1.21136,1.20418,1.20602,48478
2012-07-25 00:00:00,1.20604,1.21485,1.20529,1.21339,40646
2012-07-25 12:00:00,1.21342,1.21681,1.2113,1.21479,46352
2012-07-26 00:00:00,1.2147999999999999,1.21605,1.21172,1.21259,35760
2012-07-26 12:00:00,1.21263,1.23276,1.21231,1.22788,50830
2012-07-27 00:00:00,1.22787,1.23138,1.22417,1.22664,36796
2012-07-27 12:00:00,1.22663,1.23889,1.22606,1.23211,51590
2012-07-30 00:00:00,1.2301199999999999,1.23099,1.22552,1.22755,32913
2012-07-30 12:00:00,1.22754,1.22787,1.22251,1.2254800000000001,38950
2012-07-31 00:00:00,1.2254800000000001,1.22889,1.22487,1.22812,36277
2012-07-31 12:00:00,1.22813,1.23289,1.227,1.22989,42833
2012-08-01 00:00:00,1.22989,1.23357,1.22799,1.23103,32423
2012-08-01 12:00:00,1.23099,1.2325,1.2217500000000001,1.22287,43233
2012-08-02 00:00:00,1.22286,1.22957,1.2217500000000001,1.228,35906
2012-08-02 12:00:00,1.22799,1.24011,1.21337,1.21822,53331
2012-08-03 00:00:00,1.2182,1.22447,1.21662,1.22355,33246
2012-08-03 12:00:00,1.22355,1.23918,1.22198,1.23848,47963
2012-08-06 00:00:00,1.23945,1.2442199999999999,1.23413,1.23631,38159
2012-08-06 12:00:00,1.2363,1.24285,1.23477,1.2398,38231
2012-08-07 00:00:00,1.23978,1.24321,1.23756,1.24029,34585
2012-08-07 12:00:00,1.24027,1.24414,1.2392,1.23972,40362
2012-08-08 00:00:00,1.23972,1.24016,1.2353399999999999,1.23612,35912
2012-08-08 12:00:00,1.2361,1.2375,1.23264,1.23645,38870
2012-08-09 00:00:00,1.2364600000000001,1.2386,1.2331699999999999,1.23408,35977
2012-08-09 12:00:00,1.23408,1.2341,1.22667,1.23037,41276
2012-08-10 00:00:00,1.23037,1.23045,1.2260900000000001,1.22766,34680
2012-08-10 12:00:00,1.22765,1.23156,1.22409,1.22884,36261
2012-08-13 00:00:00,1.22864,1.23213,1.22604,1.2309,31552
2012-08-13 12:00:00,1.23084,1.23729,1.23057,1.23322,37582
2012-08-14 00:00:00,1.23321,1.23849,1.23247,1.23562,33790
2012-08-14 12:00:00,1.23562,1.23633,1.23166,1.23183,36529
2012-08-15 00:00:00,1.23184,1.23429,1.23056,1.2309700000000001,28206
2012-08-15 12:00:00,1.2309700000000001,1.23105,1.2263600000000001,1.22861,34107
2012-08-16 00:00:00,1.22861,1.23052,1.22561,1.22701,30920
2012-08-16 12:00:00,1.227,1.23718,1.22639,1.2355800000000001,37673
2012-08-17 00:00:00,1.2355800000000001,1.23814,1.23383,1.23691,31325
2012-08-17 12:00:00,1.2368999999999999,1.23738,1.22886,1.23327,34552
2012-08-20 00:00:00,1.2338,1.23683,1.23209,1.23433,29092
2012-08-20 12:00:00,1.23433,1.23508,1.22948,1.23459,35169
2012-08-21 00:00:00,1.23459,1.24181,1.23457,1.2408299999999999,29288
2012-08-21 12:00:00,1.24084,1.24868,1.2408299999999999,1.24701,41006
2012-08-22 00:00:00,1.24702,1.24781,1.24472,1.24668,30612
2012-08-22 12:00:00,1.24667,1.25367,1.2431,1.25297,43814
2012-08-23 00:00:00,1.25298,1.25715,1.25232,1.25586,36884
2012-08-23 12:00:00,1.25586,1.25885,1.25358,1.2564,37152
2012-08-24 00:00:00,1.2563900000000001,1.25675,1.25268,1.25348,28982
2012-08-24 12:00:00,1.25349,1.2560799999999999,1.2482199999999999,1.25109,33157
2012-08-27 00:00:00,1.25118,1.2533699999999999,1.24894,1.25132,22702
2012-08-27 12:00:00,1.25129,1.25349,1.24953,1.2497099999999999,21667
2012-08-28 00:00:00,1.2497,1.25601,1.24647,1.25462,27646
2012-08-28 12:00:00,1.25461,1.25753,1.25343,1.25635,28085
2012-08-29 00:00:00,1.25633,1.25723,1.25316,1.25573,24108
2012-08-29 12:00:00,1.25575,1.25636,1.25184,1.25305,27705
2012-08-30 00:00:00,1.25305,1.25632,1.25225,1.2551700000000001,24037
2012-08-30 12:00:00,1.25511,1.25594,1.24875,1.2505600000000001,28996
2012-08-31 00:00:00,1.25057,1.25804,1.24929,1.2566,25830
2012-08-31 12:00:00,1.2566,1.2636,1.25576,1.25783,40601
2012-09-03 00:00:00,1.25803,1.25851,1.25598,1.25671,27978
2012-09-03 12:00:00,1.25668,1.26098,1.2563,1.2587,21289
2012-09-04 00:00:00,1.25872,1.26267,1.25807,1.26059,27688
2012-09-04 12:00:00,1.26053,1.26117,1.2555,1.25668,33384
2012-09-05 00:00:00,1.25667,1.25678,1.25012,1.2546599999999999,30965
2012-09-05 12:00:00,1.25467,1.26234,1.25317,1.26021,38716
2012-09-06 00:00:00,1.2602,1.26342,1.25928,1.26121,28159
2012-09-06 12:00:00,1.26122,1.26501,1.25619,1.2631999999999999,41737
2012-09-07 00:00:00,1.26321,1.26846,1.26262,1.26819,28453
2012-09-07 12:00:00,1.26817,1.28165,1.26786,1.2815400000000001,39726
2012-09-10 00:00:00,1.28064,1.2808,1.27695,1.27787,25263
2012-09-10 12:00:00,1.27789,1.28027,1.27543,1.27579,33142
2012-09-11 00:00:00,1.2757800000000001,1.28178,1.27565,1.27965,30985
2012-09-11 12:00:00,1.27963,1.28705,1.27676,1.28507,35838
2012-09-12 00:00:00,1.28506,1.29303,1.28148,1.29263,34077
2012-09-12 12:00:00,1.2926,1.29358,1.28759,1.2898399999999999,38834
2012-09-13 00:00:00,1.28982,1.29304,1.2896,1.29038,28091
2012-09-13 12:00:00,1.29039,1.30008,1.28564,1.29862,45000
2012-09-14 00:00:00,1.29862,1.3066499999999999,1.29795,1.30621,33326
2012-09-14 12:00:00,1.3062,1.31676,1.30573,1.3128600000000001,45611
2012-09-17 00:00:00,1.31239,1.31399,1.30915,1.3109600000000001,28946
2012-09-17 12:00:00,1.31093,1.3170600000000001,1.30831,1.31134,39395
2012-09-18 00:00:00,1.3113299999999999,1.31182,1.30528,1.30596,32380
2012-09-18 12:00:00,1.30597,1.30736,1.30288,1.30434,39186
2012-09-19 00:00:00,1.30433,1.30844,1.3009,1.30132,32210
2012-09-19 12:00:00,1.3013,1.3075,1.29929,1.3045499999999999,40130
2012-09-20 00:00:00,1.30453,1.30584,1.29297,1.2944,36648
2012-09-20 12:00:00,1.2943799999999999,1.29736,1.2920099999999999,1.29649,40404
2012-09-21 00:00:00,1.2965,1.30471,1.29553,1.3027199999999999,33879
2012-09-21 12:00:00,1.3027199999999999,1.30427,1.2965499999999999,1.29788,38728
2012-09-24 00:00:00,1.29789,1.29798,1.28961,1.2911000000000001,29934
2012-09-24 12:00:00,1.2911000000000001,1.2935699999999999,1.28905,1.29304,31781
2012-09-25 00:00:00,1.29304,1.29521,1.28863,1.28975,28886
2012-09-25 12:00:00,1.28974,1.297,1.2891599999999999,1.29036,40370
2012-09-26 00:00:00,1.29034,1.29122,1.2847,1.28651,29932
2012-09-26 12:00:00,1.2865199999999999,1.28741,1.28349,1.28734,37187
2012-09-27 00:00:00,1.28735,1.28995,1.28449,1.28529,29302
2012-09-27 12:00:00,1.28528,1.29272,1.28293,1.29139,40474
2012-09-28 00:00:00,1.29139,1.2959100000000001,1.2907600000000001,1.29405,27595
2012-09-28 12:00:00,1.2940800000000001,1.29478,1.28382,1.28595,41899
2012-10-01 00:00:00,1.28488,1.29099,1.28031,1.2898800000000001,29388
2012-10-01 12:00:00,1.28991,1.29382,1.28756,1.2886,35309
2012-10-02 00:00:00,1.2885900000000001,1.2922799999999999,1.28797,1.29107,24503
2012-10-02 12:00:00,1.2910599999999999,1.29669,1.29075,1.29163,34534
2012-10-03 00:00:00,1.2916,1.29362,1.28769,1.29258,25506
2012-10-03 12:00:00,1.2926,1.2929599999999999,1.28873,1.29085,34901
2012-10-04 00:00:00,1.29084,1.2956699999999999,1.29075,1.2944,25882
2012-10-04 12:00:00,1.29437,1.3031,1.2936,1.30164,39560
2012-10-05 00:00:00,1.30163,1.30217,1.29934,1.3006,22517
2012-10-05 12:00:00,1.3005900000000001,1.30708,1.29965,1.3039100000000001,36088
2012-10-08 00:00:00,1.30231,1.30246,1.29563,1.29616,25564
2012-10-08 12:00:00,1.29617,1.2977400000000001,1.29373,1.29665,28793
2012-10-09 00:00:00,1.29675,1.29902,1.29063,1.2935400000000001,24331
2012-10-09 12:00:00,1.29353,1.296,1.28585,1.28837,35869
2012-10-10 00:00:00,1.2883499999999999,1.2883499999999999,1.28352,1.28546,25504
2012-10-10 12:00:00,1.28546,1.29124,1.2845900000000001,1.2851,34126
2012-10-11 00:00:00,1.28511,1.28921,1.28253,1.2884,26737
2012-10-11 12:00:00,1.28838,1.29504,1.28807,1.29298,30227
2012-10-12 00:00:00,1.29297,1.2983500000000001,1.29219,1.29699,23424
2012-10-12 12:00:00,1.29697,1.2991,1.29379,1.2950300000000001,30706
2012-10-15 00:00:00,1.29545,1.2969,1.28908,1.29589,26004
2012-10-15 12:00:00,1.29586,1.2978399999999999,1.2929,1.29456,28663
2012-10-16 00:00:00,1.29459,1.30142,1.29424,1.30067,23900
2012-10-16 12:00:00,1.30069,1.30983,1.30005,1.3097699999999999,34073
2012-10-17 00:00:00,1.30975,1.31235,1.3082799999999999,1.31117,27489
2012-10-17 12:00:00,1.31117,1.31384,1.31033,1.31149,33164
2012-10-18 00:00:00,1.31149,1.3128,1.3083,1.31089,25913
2012-10-18 12:00:00,1.31089,1.31169,1.30553,1.30682,34934
2012-10-19 00:00:00,1.30679,1.3076400000000001,1.30399,1.3042799999999999,22298
2012-10-19 12:00:00,1.3042799999999999,1.3064200000000001,1.30128,1.3023,33210
2012-10-22 00:00:00,1.30231,1.30652,1.30154,1.30572,23391
2012-10-22 12:00:00,1.30568,1.30824,1.30417,1.30649,31701
2012-10-23 00:00:00,1.30649,1.30748,1.30206,1.30311,21697
2012-10-23 12:00:00,1.30311,1.30352,1.29515,1.2983799999999999,35677
2012-10-24 00:00:00,1.2984,1.29962,1.29217,1.29344,24187
2012-10-24 12:00:00,1.29345,1.29819,1.2920099999999999,1.29698,33468
2012-10-25 00:00:00,1.297,1.30224,1.29609,1.30107,24694
2012-10-25 12:00:00,1.30111,1.30134,1.29265,1.29416,31080
2012-10-26 00:00:00,1.2941500000000001,1.29556,1.2916,1.29295,20961
2012-10-26 12:00:00,1.29292,1.29549,1.28819,1.29385,30216
2012-10-29 00:00:00,1.29244,1.29356,1.28856,1.29086,16202
2012-10-29 12:00:00,1.29089,1.2922799999999999,1.28846,1.29032,17199
2012-10-30 00:00:00,1.29031,1.29592,1.28853,1.29521,19832
2012-10-30 12:00:00,1.29525,1.29828,1.29426,1.2966199999999999,16689
2012-10-31 00:00:00,1.2966,1.30129,1.29458,1.30048,20387
2012-10-31 12:00:00,1.30046,1.30199,1.29522,1.29582,30293
2012-11-01 00:00:00,1.29581,1.29697,1.29243,1.29439,21298
2012-11-01 12:00:00,1.29444,1.2982,1.29282,1.29467,29653
2012-11-02 00:00:00,1.29466,1.2947600000000001,1.28651,1.28808,23290
2012-11-02 12:00:00,1.28807,1.28918,1.28207,1.28333,31424
2012-11-05 00:00:00,1.28198,1.28418,1.27769,1.27977,24740
2012-11-05 12:00:00,1.27982,1.28027,1.2766899999999999,1.2796699999999999,30347
2012-11-06 00:00:00,1.27965,1.28074,1.2763200000000001,1.27957,27148
2012-11-06 12:00:00,1.27955,1.2826,1.27742,1.2809,31562
2012-11-07 00:00:00,1.28091,1.28757,1.27826,1.28427,34178
2012-11-07 12:00:00,1.2842799999999999,1.2842799999999999,1.27358,1.27705,41578
2012-11-08 00:00:00,1.27705,1.2775400000000001,1.27197,1.27355,26377
2012-11-08 12:00:00,1.2735400000000001,1.27579,1.2717100000000001,1.27435,37222
2012-11-09 00:00:00,1.27438,1.27895,1.27095,1.27132,29127
2012-11-09 12:00:00,1.27133,1.27263,1.26895,1.27106,34274
2012-11-12 00:00:00,1.27154,1.27385,1.2697,1.2713700000000001,23745
2012-11-12 12:00:00,1.27138,1.27337,1.27053,1.27069,24162
2012-11-13 00:00:00,1.27069,1.27088,1.26612,1.26818,29047
2012-11-13 12:00:00,1.26818,1.27261,1.26714,1.27017,32520
2012-11-14 00:00:00,1.2701799999999999,1.27558,1.2701500000000001,1.27471,28522
2012-11-14 12:00:00,1.27471,1.27758,1.2723900000000001,1.27324,35550
2012-11-15 00:00:00,1.27326,1.2772299999999999,1.27169,1.27597,26953
2012-11-15 12:00:00,1.27594,1.2801,1.27515,1.27801,33006
2012-11-16 00:00:00,1.27801,1.27837,1.27236,1.27319,24218
2012-11-16 12:00:00,1.27319,1.27528,1.26905,1.2741799999999999,33813
2012-11-19 00:00:00,1.27411,1.27867,1.27396,1.27686,25345
2012-11-19 12:00:00,1.27683,1.2818800000000001,1.27585,1.27808,30948
2012-11-20 00:00:00,1.27806,1.28206,1.27646,1.28099,27246
2012-11-20 12:00:00,1.28099,1.2827600000000001,1.27857,1.28134,31573
2012-11-21 00:00:00,1.28134,1.28211,1.27359,1.2789,32120
2012-11-21 12:00:00,1.27888,1.28324,1.27857,1.28268,28832
2012-11-22 00:00:00,1.28269,1.28683,1.28269,1.2862,27437
2012-11-22 12:00:00,1.28616,1.28983,1.28571,1.288,25119
2012-11-23 00:00:00,1.28799,1.29142,1.28677,1.28915,22485
2012-11-23 12:00:00,1.28915,1.2989600000000001,1.28894,1.29729,28863
2012-11-26 00:00:00,1.29731,1.29836,1.2943500000000001,1.2966,24081
2012-11-26 12:00:00,1.2965900000000001,1.30053,1.29523,1.29934,29753
2012-11-27 00:00:00,1.29931,1.30077,1.29387,1.2944,28774
2012-11-27 12:00:00,1.29441,1.29684,1.2915,1.29369,32480
2012-11-28 00:00:00,1.29369,1.29425,1.29115,1.29207,25750
2012-11-28 12:00:00,1.29207,1.29606,1.28796,1.29496,33775
2012-11-29 00:00:00,1.2949899999999999,1.29939,1.29385,1.29862,23246
2012-11-29 12:00:00,1.2986,1.30125,1.29448,1.29765,30596
2012-11-30 00:00:00,1.29763,1.30267,1.2969,1.2999100000000001,26762
2012-11-30 12:00:00,1.2999,1.30227,1.29679,1.29848,31539
2012-12-03 00:00:00,1.29934,1.3048199999999999,1.29882,1.30338,23254
2012-12-03 12:00:00,1.30339,1.30751,1.30232,1.30587,30678
2012-12-04 00:00:00,1.30584,1.30837,1.30453,1.30745,25160
2012-12-04 12:00:00,1.30739,1.31073,1.30695,1.30935,30710
2012-12-05 00:00:00,1.30934,1.31253,1.30805,1.3087,23959
2012-12-05 12:00:00,1.30867,1.3094299999999999,1.30596,1.30701,30116
2012-12-06 00:00:00,1.30702,1.30808,1.30417,1.30739,23459
2012-12-06 12:00:00,1.3074,1.30857,1.295,1.29571,34332
2012-12-07 00:00:00,1.29573,1.29718,1.2916699999999999,1.29261,23110
2012-12-07 12:00:00,1.29261,1.29513,1.28769,1.29261,30139
2012-12-10 00:00:00,1.28992,1.2916400000000001,1.2885499999999999,1.29086,24202
2012-12-10 12:00:00,1.29084,1.29458,1.29028,1.294,25223
2012-12-11 00:00:00,1.294,1.29749,1.29283,1.2958,23952
2012-12-11 12:00:00,1.29578,1.3014000000000001,1.29578,1.30078,27812
2012-12-12 00:00:00,1.3008,1.3030300000000001,1.29951,1.3026900000000001,21325
2012-12-12 12:00:00,1.3027,1.3096,1.30243,1.30698,31327
2012-12-13 00:00:00,1.307,1.30998,1.3042,1.30559,23613
2012-12-13 12:00:00,1.30559,1.30994,1.30405,1.30745,28347
2012-12-14 00:00:00,1.30748,1.3118699999999999,1.30657,1.30859,24451
2012-12-14 12:00:00,1.30856,1.31727,1.30667,1.31622,28242
2012-12-17 00:00:00,1.31821,1.31863,1.31437,1.3155000000000001,22722
2012-12-17 12:00:00,1.31549,1.31784,1.3148900000000001,1.31593,24814
2012-12-18 00:00:00,1.3159399999999999,1.31887,1.31558,1.31827,19350
2012-12-18 12:00:00,1.3182800000000001,1.32376,1.31712,1.3223500000000001,26944
2012-12-19 00:00:00,1.32237,1.3283,1.32229,1.32721,23820
2012-12-19 12:00:00,1.32725,1.33076,1.3188900000000001,1.31986,32755
2012-12-20 00:00:00,1.31988,1.32493,1.31988,1.32457,24402
2012-12-20 12:00:00,1.32459,1.32942,1.32139,1.32454,29913
2012-12-21 00:00:00,1.32461,1.32464,1.31796,1.32091,30918
2012-12-21 12:00:00,1.3209,1.32171,1.3157,1.31867,30618
2012-12-24 00:00:00,1.3179,1.32226,1.3170600000000001,1.32177,16795
2012-12-24 12:00:00,1.32175,1.3232599999999999,1.3174000000000001,1.3187,15503
2012-12-26 00:00:00,1.31867,1.32126,1.31826,1.3210600000000001,7514
2012-12-26 12:00:00,1.3210600000000001,1.32534,1.31871,1.32203,20321
2012-12-27 00:00:00,1.3220399999999999,1.32744,1.3219,1.32654,19223
2012-12-27 12:00:00,1.32653,1.32833,1.3201399999999999,1.32342,29020
2012-12-28 00:00:00,1.32344,1.32562,1.31654,1.31734,21433
2012-12-28 12:00:00,1.31732,1.32373,1.3169,1.32146,23740
2012-12-31 00:00:00,1.32157,1.32338,1.31758,1.31898,16567
2012-12-31 12:00:00,1.3189899999999999,1.32275,1.3171599999999999,1.31964,19989
2013-01-01 12:00:00,1.32036,1.32192,1.31977,1.32053,1377
2013-01-02 00:00:00,1.32049,1.32992,1.31866,1.3244799999999999,54486
2013-01-02 12:00:00,1.3244799999999999,1.32792,1.31567,1.31888,28945
2013-01-03 00:00:00,1.3188900000000001,1.3188900000000001,1.30938,1.30956,21509
2013-01-03 12:00:00,1.30958,1.31202,1.30246,1.30366,29010
2013-01-04 00:00:00,1.3036400000000001,1.30528,1.3002,1.30068,21330
2013-01-04 12:00:00,1.30065,1.30884,1.29975,1.30677,27924
2013-01-07 00:00:00,1.30779,1.30781,1.30165,1.3041,23336
2013-01-07 12:00:00,1.30409,1.31276,1.30215,1.3125200000000001,25479
2013-01-08 00:00:00,1.31253,1.31388,1.31025,1.31233,22479
2013-01-08 12:00:00,1.31235,1.3130899999999999,1.30569,1.30802,27607
2013-01-09 00:00:00,1.30804,1.30953,1.30634,1.30676,21686
2013-01-09 12:00:00,1.30677,1.3079399999999999,1.3036400000000001,1.3054000000000001,27072
2013-01-10 00:00:00,1.30538,1.3109,1.30383,1.30994,20132
2013-01-10 12:00:00,1.30991,1.32789,1.30923,1.32668,33783
2013-01-11 00:00:00,1.32669,1.32831,1.32484,1.32672,25380
2013-01-11 12:00:00,1.32671,1.33644,1.32481,1.33416,29429
2013-01-14 00:00:00,1.33621,1.3403100000000001,1.33476,1.3364500000000001,22194
2013-01-14 12:00:00,1.33644,1.33935,1.33357,1.33765,27854
2013-01-15 00:00:00,1.33762,1.3393,1.33331,1.33498,25671
2013-01-15 12:00:00,1.33495,1.3357299999999999,1.32664,1.32972,31925
2013-01-16 00:00:00,1.32972,1.33169,1.32615,1.33118,24965
2013-01-16 12:00:00,1.3312,1.33242,1.32564,1.32901,28424
2013-01-17 00:00:00,1.32905,1.33704,1.32696,1.33653,24441
2013-01-17 12:00:00,1.33649,1.33871,1.3333300000000001,1.33743,30406
2013-01-18 00:00:00,1.33741,1.33979,1.33328,1.33636,25121
2013-01-18 12:00:00,1.33635,1.337,1.32798,1.33195,28666
2013-01-21 00:00:00,1.33107,1.33315,1.32998,1.33087,18908
2013-01-21 12:00:00,1.33084,1.33235,1.32991,1.3315299999999999,18712
2013-01-22 00:00:00,1.33149,1.33711,1.32667,1.33486,27660
2013-01-22 12:00:00,1.33491,1.3366500000000001,1.32775,1.33213,27420
2013-01-23 00:00:00,1.3321,1.33443,1.3284799999999999,1.33345,22666
2013-01-23 12:00:00,1.33349,1.33538,1.32642,1.33094,25100
2013-01-24 00:00:00,1.33095,1.33465,1.32859,1.33266,24665
2013-01-24 12:00:00,1.33271,1.33922,1.33196,1.3378999999999999,30482
2013-01-25 00:00:00,1.3378999999999999,1.34509,1.335,1.34181,26277
2013-01-25 12:00:00,1.34176,1.34785,1.34127,1.34629,31173
2013-01-28 00:00:00,1.34598,1.34706,1.34244,1.3449900000000001,22629
2013-01-28 12:00:00,1.34497,1.34765,1.34287,1.34447,27553
2013-01-29 00:00:00,1.34446,1.34599,1.34183,1.34266,22650
2013-01-29 12:00:00,1.34261,1.3496299999999999,1.3414,1.34867,31080
2013-01-30 00:00:00,1.34866,1.35592,1.34816,1.35552,24449
2013-01-30 12:00:00,1.35548,1.35857,1.3532600000000001,1.35677,32836
2013-01-31 00:00:00,1.35676,1.35836,1.35433,1.35542,23855
2013-01-31 12:00:00,1.35544,1.35931,1.35409,1.35869,30144
2013-02-01 00:00:00,1.35864,1.36745,1.35828,1.36642,27550
2013-02-01 12:00:00,1.36646,1.37106,1.35858,1.36391,35509
2013-02-04 00:00:00,1.3648799999999999,1.36532,1.35591,1.3566500000000001,24764
2013-02-04 12:00:00,1.35664,1.35794,1.34985,1.35026,32768
2013-02-05 00:00:00,1.3502399999999999,1.35515,1.34578,1.35457,28763
2013-02-05 12:00:00,1.35461,1.35969,1.3501699999999999,1.35816,35343
2013-02-06 00:00:00,1.35815,1.35953,1.35129,1.35436,26788
2013-02-06 12:00:00,1.35432,1.35432,1.34939,1.35175,32039
2013-02-07 00:00:00,1.35174,1.35765,1.35028,1.35691,25437
2013-02-07 12:00:00,1.3569,1.35737,1.33705,1.3394300000000001,37843
2013-02-08 00:00:00,1.33945,1.3428200000000001,1.33807,1.34109,26352
2013-02-08 12:00:00,1.3409900000000001,1.34228,1.33532,1.3361399999999999,30449
2013-02-11 00:00:00,1.33682,1.34036,1.33562,1.33849,20768
2013-02-11 12:00:00,1.3384800000000001,1.34265,1.33615,1.34016,30020
2013-02-12 00:00:00,1.34015,1.34456,1.3364,1.34356,24982
2013-02-12 12:00:00,1.34355,1.34751,1.341,1.34518,30808
2013-02-13 00:00:00,1.34519,1.3492,1.34376,1.3483,23450
2013-02-13 12:00:00,1.34826,1.35193,1.3426,1.34484,29500
2013-02-14 00:00:00,1.34483,1.34546,1.33178,1.33317,26504
2013-02-14 12:00:00,1.33316,1.33711,1.33147,1.3357299999999999,31116
2013-02-15 00:00:00,1.33572,1.33929,1.33106,1.33281,24136
2013-02-15 12:00:00,1.33279,1.33756,1.3306200000000001,1.33585,20130
2013-02-18 00:00:00,1.33484,1.33782,1.33215,1.33534,16521
2013-02-18 12:00:00,1.33535,1.33646,1.33324,1.33515,13492
2013-02-19 00:00:00,1.33518,1.3372600000000001,1.33294,1.33359,17370
2013-02-19 12:00:00,1.33359,1.33954,1.33323,1.33847,17389
2013-02-20 00:00:00,1.33846,1.3431600000000001,1.33836,1.33949,18165
2013-02-20 12:00:00,1.33941,1.33982,1.32709,1.32874,22043
2013-02-21 00:00:00,1.3287200000000001,1.32888,1.31677,1.31846,21643
2013-02-21 12:00:00,1.31849,1.3231,1.31612,1.31916,20213
2013-02-22 00:00:00,1.31915,1.32443,1.31829,1.32044,18505
2013-02-22 12:00:00,1.32042,1.3222800000000001,1.31451,1.31907,17515
2013-02-25 00:00:00,1.31904,1.32696,1.31812,1.32674,17223
2013-02-25 12:00:00,1.32671,1.33183,1.30487,1.3057400000000001,33843
2013-02-26 00:00:00,1.30575,1.3118400000000001,1.3018,1.30831,26463
2013-02-26 12:00:00,1.30829,1.31209,1.30368,1.30645,27684
2013-02-27 00:00:00,1.30646,1.3121399999999999,1.30415,1.30935,21927
2013-02-27 12:00:00,1.30934,1.3146499999999999,1.30668,1.31352,25361
2013-02-28 00:00:00,1.31352,1.31605,1.30965,1.3106499999999999,18310
2013-02-28 12:00:00,1.31067,1.31368,1.30527,1.3066499999999999,21699
2013-03-01 00:00:00,1.30664,1.31006,1.30219,1.30316,18291
2013-03-01 12:00:00,1.30315,1.30413,1.29664,1.3018,22059
2013-03-04 00:00:00,1.30136,1.30304,1.29822,1.29986,8101
2013-03-04 12:00:00,1.29973,1.30286,1.29833,1.30241,7704
2013-03-05 00:00:00,1.30252,1.30742,1.30187,1.30332,7145
2013-03-05 12:00:00,1.30321,1.30542,1.30122,1.30439,7555
2013-03-06 00:00:00,1.30438,1.30698,1.3024200000000001,1.30293,6349
2013-03-06 12:00:00,1.30288,1.30449,1.29646,1.29765,18137
2013-03-07 00:00:00,1.29769,1.30437,1.29731,1.3018399999999999,19254
2013-03-07 12:00:00,1.30187,1.31181,1.2989,1.31042,27899
2013-03-08 00:00:00,1.31043,1.31341,1.3079399999999999,1.31199,16397
2013-03-08 12:00:00,1.312,1.31276,1.2955,1.30042,19955
2013-03-11 00:00:00,1.29892,1.3024,1.29793,1.30004,16893
2013-03-11 12:00:00,1.3000099999999999,1.30535,1.2988,1.30344,19244
2013-03-12 00:00:00,1.30341,1.30379,1.29909,1.30112,22098
2013-03-12 12:00:00,1.30114,1.30742,1.30023,1.30277,25267
2013-03-13 00:00:00,1.30277,1.30646,1.30036,1.30048,20896
2013-03-13 12:00:00,1.3005200000000001,1.30141,1.2922799999999999,1.29568,26466
2013-03-14 00:00:00,1.29568,1.2981099999999999,1.29242,1.29337,22886
2013-03-14 12:00:00,1.29336,1.30311,1.2911000000000001,1.30124,30435
2013-03-15 00:00:00,1.30124,1.3069600000000001,1.30023,1.3060100000000001,22621
2013-03-15 12:00:00,1.3060100000000001,1.3106900000000001,1.3045499999999999,1.30754,27144
2013-03-18 00:00:00,1.29071,1.29759,1.28817,1.29461,31325
2013-03-18 12:00:00,1.29461,1.29954,1.2919399999999999,1.29425,27832
2013-03-19 00:00:00,1.29423,1.29694,1.29156,1.29309,24103
2013-03-19 12:00:00,1.2931,1.29604,1.28438,1.28578,35915
2013-03-20 00:00:00,1.28578,1.2934999999999999,1.28566,1.29156,22622
2013-03-20 12:00:00,1.29157,1.29776,1.29034,1.2933,30085
2013-03-21 00:00:00,1.29331,1.29551,1.28799,1.29168,24035
2013-03-21 12:00:00,1.29166,1.2942,1.2883,1.2898,30306
2013-03-22 00:00:00,1.2898100000000001,1.2945,1.2888,1.29365,21263
2013-03-22 12:00:00,1.29363,1.30095,1.2936,1.29867,25262
2013-03-25 00:00:00,1.29724,1.3047900000000001,1.29724,1.29945,24451
2013-03-25 12:00:00,1.29946,1.3004,1.28296,1.28593,32536
2013-03-26 00:00:00,1.28596,1.28847,1.28396,1.28708,22335
2013-03-26 12:00:00,1.28707,1.28895,1.28286,1.28633,25815
2013-03-27 00:00:00,1.28632,1.28668,1.2782,1.27931,22946
2013-03-27 12:00:00,1.2793,1.27982,1.27509,1.27785,24457
2013-03-28 00:00:00,1.27786,1.28143,1.2755,1.27976,21680
2013-03-28 12:00:00,1.27979,1.28443,1.27916,1.28144,22636
2013-03-29 00:00:00,1.28144,1.28368,1.2793,1.28179,12742
2013-03-29 12:00:00,1.28178,1.28259,1.28107,1.28148,7691
2013-04-01 00:00:00,1.28112,1.28185,1.2771,1.28159,12398
2013-04-01 12:00:00,1.2816,1.28677,1.28022,1.2843499999999999,14769
2013-04-02 00:00:00,1.28431,1.28775,1.2824200000000001,1.28419,20691
2013-04-02 12:00:00,1.28426,1.2856,1.28086,1.28223,21006
2013-04-03 00:00:00,1.28221,1.2837,1.27898,1.2828,17386
2013-04-03 12:00:00,1.28281,1.28639,1.28081,1.28427,21954
2013-04-04 00:00:00,1.28427,1.28534,1.27828,1.27949,21294
2013-04-04 12:00:00,1.2795,1.29487,1.27454,1.2933,30042
2013-04-05 00:00:00,1.2933,1.29378,1.29005,1.29182,21537
2013-04-05 12:00:00,1.29182,1.30397,1.2916,1.29915,26974
2013-04-08 00:00:00,1.2993700000000001,1.30185,1.29683,1.30124,20878
2013-04-08 12:00:00,1.30122,1.30376,1.29921,1.3018399999999999,21497
2013-04-09 00:00:00,1.3018399999999999,1.30679,1.30045,1.30397,23027
2013-04-09 12:00:00,1.30397,1.31029,1.30284,1.30812,23618
2013-04-10 00:00:00,1.30811,1.3121399999999999,1.3073000000000001,1.30953,18993
2013-04-10 12:00:00,1.30953,1.31086,1.30521,1.30667,22760
2013-04-11 00:00:00,1.30668,1.30978,1.30431,1.3094999999999999,19981
2013-04-11 12:00:00,1.30951,1.3138,1.3084,1.3106499999999999,25105
2013-04-12 00:00:00,1.3106499999999999,1.31262,1.304,1.3045499999999999,21395
2013-04-12 12:00:00,1.3046,1.31256,1.30366,1.31082,23811
2013-04-15 00:00:00,1.31025,1.31094,1.30522,1.30632,23671
2013-04-15 12:00:00,1.30633,1.3107199999999999,1.3021,1.30466,31956
2013-04-16 00:00:00,1.30466,1.30878,1.30275,1.30732,29179
2013-04-16 12:00:00,1.3073000000000001,1.32015,1.307,1.3179,30094
2013-04-17 00:00:00,1.3179,1.31995,1.31525,1.31603,23202
2013-04-17 12:00:00,1.31604,1.3164799999999999,1.30011,1.30355,34744
2013-04-18 00:00:00,1.30355,1.30738,1.3020800000000001,1.3067199999999999,24553
2013-04-18 12:00:00,1.30671,1.30961,1.30258,1.30483,31034
2013-04-19 00:00:00,1.30485,1.30971,1.30485,1.30934,19870
2013-04-19 12:00:00,1.30935,1.3128199999999999,1.3047,1.3051,25807
2013-04-22 00:00:00,1.30691,1.3084,1.30316,1.30445,18748
2013-04-22 12:00:00,1.30442,1.30685,1.3014999999999999,1.30615,22213
2013-04-23 00:00:00,1.30615,1.30831,1.2973,1.2987,23906
2013-04-23 12:00:00,1.2987,1.30279,1.2976,1.30006,25119
2013-04-24 00:00:00,1.3001,1.30233,1.29547,1.30233,20309
2013-04-24 12:00:00,1.3023799999999999,1.3034,1.29736,1.30111,23950
2013-04-25 00:00:00,1.30111,1.30766,1.30105,1.3061,20698
2013-04-25 12:00:00,1.30607,1.30933,1.29887,1.30088,24220
2013-04-26 00:00:00,1.3009,1.30475,1.2998,1.30231,23684
2013-04-26 12:00:00,1.30232,1.3036400000000001,1.29905,1.30267,25557
2013-04-29 00:00:00,1.30585,1.30999,1.30318,1.3079,17657
2013-04-29 12:00:00,1.30782,1.31163,1.3076699999999999,1.30929,21558
2013-04-30 00:00:00,1.30929,1.31206,1.3054000000000001,1.30765,18524
2013-04-30 12:00:00,1.30765,1.3185799999999999,1.30631,1.31664,24317
2013-05-01 00:00:00,1.31667,1.31997,1.31605,1.31922,13454
2013-05-01 12:00:00,1.31922,1.32427,1.31685,1.31836,25509
2013-05-02 00:00:00,1.31842,1.31897,1.3147199999999999,1.31673,17937
2013-05-02 12:00:00,1.31674,1.32176,1.30376,1.30618,29515
2013-05-03 00:00:00,1.3062,1.31372,1.30605,1.31211,15981
2013-05-03 12:00:00,1.3121,1.31582,1.30323,1.31131,25746
2013-05-06 00:00:00,1.3117,1.31406,1.30921,1.31078,13719
2013-05-06 12:00:00,1.3108,1.31161,1.30534,1.30727,15633
2013-05-07 00:00:00,1.30728,1.3094299999999999,1.30677,1.30777,16264
2013-05-07 12:00:00,1.30778,1.31315,1.3073000000000001,1.3078699999999999,19685
2013-05-08 00:00:00,1.3078699999999999,1.31301,1.30715,1.31235,17174
2013-05-08 12:00:00,1.31235,1.31944,1.31205,1.316,22743
2013-05-09 00:00:00,1.31592,1.31769,1.31344,1.31444,15850
2013-05-09 12:00:00,1.31443,1.31571,1.30098,1.30441,26969
2013-05-10 00:00:00,1.30446,1.30506,1.29905,1.30057,22863
2013-05-10 12:00:00,1.3006,1.30158,1.2934999999999999,1.29853,29556
2013-05-13 00:00:00,1.29756,1.29914,1.29524,1.29759,18975
2013-05-13 12:00:00,1.29758,1.29982,1.2941500000000001,1.2982,23353
2013-05-14 00:00:00,1.29817,1.30293,1.29766,1.2987199999999999,20443
2013-05-14 12:00:00,1.29864,1.29944,1.29129,1.2931300000000001,28308
2013-05-15 00:00:00,1.2931300000000001,1.29424,1.28795,1.2882,20269
2013-05-15 12:00:00,1.28822,1.28895,1.2843,1.28802,27290
2013-05-16 00:00:00,1.28808,1.2888899999999999,1.28463,1.28721,18759
2013-05-16 12:00:00,1.2872,1.29297,1.28613,1.28829,26843
2013-05-17 00:00:00,1.2883499999999999,1.28897,1.28504,1.28824,17257
2013-05-17 12:00:00,1.28824,1.2888899999999999,1.27962,1.28363,24795
2013-05-20 00:00:00,1.28446,1.28782,1.28192,1.2863,17219
2013-05-20 12:00:00,1.2864,1.29006,1.2842,1.28839,20555
2013-05-21 00:00:00,1.2884,1.29035,1.28537,1.28683,19808
2013-05-21 12:00:00,1.28684,1.29333,1.28413,1.29061,24566
2013-05-22 00:00:00,1.29055,1.29444,1.29033,1.29362,19285
2013-05-22 12:00:00,1.29359,1.2998,1.28335,1.28529,39377
2013-05-23 00:00:00,1.2852700000000001,1.29041,1.28214,1.28805,38362
2013-05-23 12:00:00,1.28804,1.2956400000000001,1.28758,1.29321,33499
2013-05-24 00:00:00,1.29322,1.29904,1.29043,1.29604,27392
2013-05-24 12:00:00,1.29602,1.2993299999999999,1.2910599999999999,1.29278,32749
2013-05-27 00:00:00,1.29363,1.29484,1.29152,1.29446,15677
2013-05-27 12:00:00,1.29448,1.29485,1.29222,1.29335,13102
2013-05-28 00:00:00,1.29332,1.29351,1.28839,1.29292,23517
2013-05-28 12:00:00,1.29288,1.29496,1.2849300000000001,1.28522,33667
2013-05-29 00:00:00,1.28522,1.2897,1.28378,1.28917,25972
2013-05-29 12:00:00,1.28918,1.29775,1.2882799999999999,1.29401,38402
2013-05-30 00:00:00,1.29398,1.3006,1.29334,1.29971,25976
2013-05-30 12:00:00,1.29969,1.30614,1.29416,1.3044,38473
2013-05-31 00:00:00,1.30458,1.30593,1.2975400000000001,1.29813,27133
2013-05-31 12:00:00,1.29813,1.30162,1.2944200000000001,1.29956,35890
2013-06-03 00:00:00,1.29922,1.30434,1.29849,1.30243,22028
2013-06-03 12:00:00,1.3024499999999999,1.31074,1.29555,1.307,35275
2013-06-04 00:00:00,1.3069899999999999,1.30881,1.30519,1.30758,23950
2013-06-04 12:00:00,1.3075999999999999,1.31012,1.30426,1.30823,32661
2013-06-05 00:00:00,1.3082099999999999,1.3107199999999999,1.30532,1.30627,26834
2013-06-05 12:00:00,1.30626,1.3115700000000001,1.30553,1.30923,35306
2013-06-06 00:00:00,1.30923,1.31301,1.30749,1.31251,21670
2013-06-06 12:00:00,1.3125200000000001,1.33045,1.3090600000000001,1.32453,44168
2013-06-07 00:00:00,1.32452,1.32682,1.32243,1.32303,29036
2013-06-07 12:00:00,1.32304,1.32844,1.31915,1.32168,41812
2013-06-10 00:00:00,1.31917,1.32279,1.31772,1.32168,19877
2013-06-10 12:00:00,1.32169,1.32687,1.3183,1.32566,35459
2013-06-11 00:00:00,1.3256700000000001,1.32912,1.3247200000000001,1.32805,24920
2013-06-11 12:00:00,1.32806,1.33171,1.32322,1.33137,43007
2013-06-12 00:00:00,1.33135,1.33343,1.32783,1.32966,21559
2013-06-12 12:00:00,1.32969,1.33589,1.32656,1.3336999999999999,39157
2013-06-13 00:00:00,1.33369,1.33898,1.33305,1.33388,25226
2013-06-13 12:00:00,1.33386,1.33782,1.32786,1.33756,40043
2013-06-14 00:00:00,1.33734,1.33734,1.33135,1.33158,24414
2013-06-14 12:00:00,1.33157,1.33502,1.32947,1.33445,32258
2013-06-17 00:00:00,1.33487,1.33574,1.3318400000000001,1.33416,18519
2013-06-17 12:00:00,1.33419,1.33803,1.33279,1.3362,26496
2013-06-18 00:00:00,1.33623,1.33986,1.33258,1.33762,24554
2013-06-18 12:00:00,1.3376000000000001,1.3415599999999999,1.33379,1.3394,30066
2013-06-19 00:00:00,1.33941,1.34106,1.33847,1.33884,20049
2013-06-19 12:00:00,1.33883,1.34158,1.32621,1.32959,33729
2013-06-20 00:00:00,1.32959,1.33015,1.31827,1.31945,36304
2013-06-20 12:00:00,1.31945,1.32393,1.31612,1.3227,43719
2013-06-21 00:00:00,1.32268,1.32541,1.32006,1.3223500000000001,26432
2013-06-21 12:00:00,1.32233,1.32284,1.30988,1.31209,38781
2013-06-24 00:00:00,1.31042,1.31236,1.30785,1.3105,27490
2013-06-24 12:00:00,1.31051,1.3143799999999999,1.30592,1.31232,38834
2013-06-25 00:00:00,1.31232,1.31508,1.31088,1.31171,28197
2013-06-25 12:00:00,1.31169,1.31432,1.30651,1.3082099999999999,34251
2013-06-26 00:00:00,1.30822,1.3087,1.3026900000000001,1.303,27324
2013-06-26 12:00:00,1.303,1.30554,1.29848,1.30067,35068
2013-06-27 00:00:00,1.3011599999999999,1.3041,1.30045,1.30301,17602
2013-06-27 12:00:00,1.30302,1.30545,1.29999,1.30377,30980
2013-06-28 00:00:00,1.30378,1.30754,1.30302,1.30504,18444
2013-06-28 12:00:00,1.30504,1.31022,1.29911,1.30078,32441
2013-07-01 00:00:00,1.30144,1.30602,1.3005200000000001,1.30532,20617
2013-07-01 12:00:00,1.30529,1.307,1.30141,1.30614,26222
2013-07-02 00:00:00,1.30614,1.3078,1.3017699999999999,1.30256,20787
2013-07-02 12:00:00,1.30255,1.30379,1.29636,1.29816,32222
2013-07-03 00:00:00,1.2981500000000001,1.29836,1.2923,1.29592,27242
2013-07-03 12:00:00,1.29592,1.30314,1.2944,1.30084,29127
2013-07-04 00:00:00,1.30084,1.30232,1.2983799999999999,1.30003,20835
2013-07-04 12:00:00,1.30003,1.30173,1.28831,1.2912,29100
2013-07-05 00:00:00,1.29114,1.2916699999999999,1.28691,1.28782,22671
2013-07-05 12:00:00,1.28781,1.28967,1.28061,1.28291,32787
2013-07-08 00:00:00,1.28204,1.28504,1.28117,1.2848,20622
2013-07-08 12:00:00,1.28465,1.28819,1.28386,1.2867899999999999,25626
2013-07-09 00:00:00,1.2868,1.2898100000000001,1.2846,1.287,23034
2013-07-09 12:00:00,1.28699,1.28711,1.27553,1.27863,32528
2013-07-10 00:00:00,1.27862,1.2836,1.27647,1.28128,25704
2013-07-10 12:00:00,1.28135,1.30239,1.28104,1.3023500000000001,39250
2013-07-11 00:00:00,1.30236,1.32066,1.30076,1.30434,46637
2013-07-11 12:00:00,1.3043,1.31222,1.3006,1.30957,39689
2013-07-12 00:00:00,1.30958,1.3100100000000001,1.30359,1.30532,21716
2013-07-12 12:00:00,1.3053,1.30904,1.29992,1.30651,30083
2013-07-15 00:00:00,1.30664,1.30788,1.30203,1.30324,17403
2013-07-15 12:00:00,1.30321,1.30773,1.29934,1.3066,29181
2013-07-16 00:00:00,1.3066,1.30986,1.30524,1.30785,21696
2013-07-16 12:00:00,1.3078400000000001,1.31742,1.30749,1.3153299999999999,31916
2013-07-17 00:00:00,1.31541,1.31659,1.3122,1.31493,19708
2013-07-17 12:00:00,1.31494,1.31781,1.30831,1.31228,33395
2013-07-18 00:00:00,1.31228,1.3125499999999999,1.30904,1.3106200000000001,18720
2013-07-18 12:00:00,1.31061,1.31203,1.30668,1.31113,27424
2013-07-19 00:00:00,1.31115,1.31502,1.30891,1.31026,21611
2013-07-19 12:00:00,1.31026,1.31539,1.31005,1.3140800000000001,22131
2013-07-22 00:00:00,1.31366,1.3191,1.31358,1.31813,17693
2013-07-22 12:00:00,1.31813,1.32179,1.316,1.31842,23021
2013-07-23 00:00:00,1.31839,1.32073,1.31634,1.31718,19107
2013-07-23 12:00:00,1.31718,1.32386,1.31691,1.32232,24187
2013-07-24 00:00:00,1.32233,1.32544,1.31905,1.3232599999999999,20634
2013-07-24 12:00:00,1.32331,1.3256000000000001,1.31772,1.31972,28080
2013-07-25 00:00:00,1.31969,1.32375,1.3165499999999999,1.31745,19021
2013-07-25 12:00:00,1.31745,1.32956,1.31722,1.32759,31008
2013-07-26 00:00:00,1.32758,1.32968,1.32686,1.32816,19324
2013-07-26 12:00:00,1.32815,1.32944,1.32526,1.32765,24638
2013-07-29 00:00:00,1.32792,1.32937,1.3261,1.3289,18568
2013-07-29 12:00:00,1.32888,1.32949,1.32393,1.3262,23257
2013-07-30 00:00:00,1.32622,1.32788,1.3247499999999999,1.3267,18975
2013-07-30 12:00:00,1.3267,1.33009,1.32346,1.32626,23677
2013-07-31 00:00:00,1.32625,1.33003,1.32407,1.3274,19331
2013-07-31 12:00:00,1.3274,1.33446,1.3214000000000001,1.3296299999999999,35677
2013-08-01 00:00:00,1.33022,1.33108,1.3227,1.32366,18403
2013-08-01 12:00:00,1.32364,1.32671,1.31943,1.32096,30154
2013-08-02 00:00:00,1.32097,1.32266,1.31895,1.32119,18278
2013-08-02 12:00:00,1.32118,1.32937,1.31877,1.32798,28207
2013-08-05 00:00:00,1.32813,1.33003,1.32632,1.32819,18207
2013-08-05 12:00:00,1.32822,1.32827,1.32327,1.32611,21905
2013-08-06 00:00:00,1.32612,1.32883,1.3246,1.32877,17073
2013-08-06 12:00:00,1.32943,1.33229,1.32661,1.33073,24755
2013-08-07 00:00:00,1.3308,1.33156,1.3265500000000001,1.32863,21014
2013-08-07 12:00:00,1.32859,1.33452,1.32827,1.33365,27710
2013-08-08 00:00:00,1.33365,1.33691,1.33282,1.33613,20640
2013-08-08 12:00:00,1.3360699999999999,1.34002,1.3352,1.33814,24328
2013-08-09 00:00:00,1.33809,1.33903,1.3368,1.3383099999999999,15026
2013-08-09 12:00:00,1.33827,1.33838,1.3332600000000001,1.3338700000000001,20318
2013-08-12 00:00:00,1.33366,1.33439,1.32873,1.3290600000000001,17239
2013-08-12 12:00:00,1.32908,1.33127,1.32772,1.3299,19758
2013-08-13 00:00:00,1.32991,1.33171,1.32813,1.33074,20159
2013-08-13 12:00:00,1.33087,1.33114,1.32335,1.3260100000000001,26525
2013-08-14 00:00:00,1.32605,1.32795,1.32388,1.3242,19114
2013-08-14 12:00:00,1.32419,1.32711,1.32396,1.32577,22569
2013-08-15 00:00:00,1.32575,1.33105,1.32541,1.32907,19134
2013-08-15 12:00:00,1.32907,1.33623,1.32058,1.33504,25325
2013-08-16 00:00:00,1.33503,1.33559,1.33255,1.33355,15707
2013-08-16 12:00:00,1.33355,1.33798,1.33109,1.33279,25330
2013-08-19 00:00:00,1.33354,1.33402,1.33152,1.33358,17045
2013-08-19 12:00:00,1.33358,1.33744,1.33332,1.33357,23655
2013-08-20 00:00:00,1.33357,1.33999,1.33233,1.3392,21815
2013-08-20 12:00:00,1.3392,1.34518,1.33728,1.34176,26787
2013-08-21 00:00:00,1.34178,1.34267,1.33859,1.34058,19236
2013-08-21 12:00:00,1.34057,1.34061,1.33355,1.33579,29790
2013-08-22 00:00:00,1.3357700000000001,1.3364,1.3307,1.3315299999999999,20642
2013-08-22 12:00:00,1.33154,1.3373,1.3298,1.33559,25539
2013-08-23 00:00:00,1.33557,1.33707,1.33349,1.33617,17953
2013-08-23 12:00:00,1.33617,1.34097,1.33334,1.33788,22259
2013-08-26 00:00:00,1.33819,1.33904,1.33644,1.33751,11398
2013-08-26 12:00:00,1.33751,1.33942,1.33566,1.3370199999999999,16539
2013-08-27 00:00:00,1.33701,1.33903,1.33232,1.33436,17925
2013-08-27 12:00:00,1.33442,1.33986,1.33283,1.33905,24879
2013-08-28 00:00:00,1.33906,1.33976,1.33617,1.33743,17659
2013-08-28 12:00:00,1.33744,1.33744,1.3305,1.33404,25693
2013-08-29 00:00:00,1.33404,1.3343099999999999,1.32535,1.32585,20472
2013-08-29 12:00:00,1.32585,1.3266499999999999,1.32195,1.32374,24856
2013-08-30 00:00:00,1.32389,1.32546,1.32221,1.32343,17757
2013-08-30 12:00:00,1.32348,1.32451,1.3175,1.32195,22878
2013-09-02 00:00:00,1.32122,1.3227,1.31917,1.32216,17321
2013-09-02 12:00:00,1.32218,1.32259,1.31837,1.3195700000000001,13440
2013-09-03 00:00:00,1.31954,1.31969,1.31606,1.31792,15641
2013-09-03 12:00:00,1.3179400000000001,1.31871,1.31386,1.31661,21235
2013-09-04 00:00:00,1.31667,1.31802,1.31571,1.31756,14204
2013-09-04 12:00:00,1.31756,1.32178,1.31646,1.32028,20575
2013-09-05 00:00:00,1.32043,1.3207200000000001,1.31635,1.31985,15201
2013-09-05 12:00:00,1.31983,1.32226,1.31104,1.31177,22107
2013-09-06 00:00:00,1.3118,1.31383,1.3112300000000001,1.31144,12618
2013-09-06 12:00:00,1.31131,1.3189,1.31047,1.31766,20059
2013-09-09 00:00:00,1.31735,1.31978,1.31651,1.31885,13109
2013-09-09 12:00:00,1.31887,1.32806,1.31847,1.32531,19131
2013-09-10 00:00:00,1.32534,1.32757,1.32349,1.32435,15182
2013-09-10 12:00:00,1.32436,1.32756,1.323,1.3265500000000001,19242
2013-09-11 00:00:00,1.32654,1.3281800000000001,1.3243800000000001,1.32611,14235
2013-09-11 12:00:00,1.32611,1.33244,1.32539,1.33108,20656
2013-09-12 00:00:00,1.3311,1.3324099999999999,1.32833,1.32873,14617
2013-09-12 12:00:00,1.32873,1.3324099999999999,1.32577,1.32998,19873
2013-09-13 00:00:00,1.3300100000000001,1.33004,1.32643,1.32903,14111
2013-09-13 12:00:00,1.32904,1.3321100000000001,1.3254299999999999,1.32932,18532
2013-09-16 00:00:00,1.33627,1.33819,1.33416,1.33521,14386
2013-09-16 12:00:00,1.33522,1.33854,1.333,1.33349,18711
2013-09-17 00:00:00,1.3335,1.33685,1.33251,1.33602,13998
2013-09-17 12:00:00,1.336,1.33693,1.33371,1.33578,15538
2013-09-18 00:00:00,1.33578,1.33639,1.33444,1.3355299999999999,11549
2013-09-18 12:00:00,1.33554,1.35415,1.3338,1.3508200000000001,26178
2013-09-19 00:00:00,1.35083,1.3568500000000001,1.35009,1.35504,21056
2013-09-19 12:00:00,1.35504,1.35623,1.35091,1.35291,23394
2013-09-20 00:00:00,1.35286,1.3541699999999999,1.35156,1.35212,12259
2013-09-20 12:00:00,1.3519999999999999,1.35486,1.3498,1.35217,21493
2013-09-23 00:00:00,1.35318,1.3544399999999999,1.35009,1.35122,14214
2013-09-23 12:00:00,1.35127,1.35248,1.34792,1.34927,19415
2013-09-24 00:00:00,1.3493,1.35186,1.34823,1.34824,13771
2013-09-24 12:00:00,1.34825,1.34961,1.34643,1.34702,20177
2013-09-25 00:00:00,1.3470900000000001,1.35147,1.34622,1.35096,12391
2013-09-25 12:00:00,1.35096,1.35372,1.34943,1.35219,18945
2013-09-26 00:00:00,1.35222,1.3526,1.34854,1.34911,13305
2013-09-26 12:00:00,1.34909,1.3511,1.34722,1.3486500000000001,17197
2013-09-27 00:00:00,1.3487,1.35107,1.34741,1.34914,12029
2013-09-27 12:00:00,1.34914,1.35642,1.3490199999999999,1.35216,18464
2013-09-30 00:00:00,1.34819,1.3511,1.34775,1.3492600000000001,14453
2013-09-30 12:00:00,1.34924,1.35556,1.34912,1.35215,19371
2013-10-01 00:00:00,1.35215,1.35876,1.35172,1.35432,17809
2013-10-01 12:00:00,1.35432,1.35636,1.35168,1.35241,19955
2013-10-02 00:00:00,1.35241,1.35389,1.35073,1.35307,14425
2013-10-02 12:00:00,1.35306,1.36068,1.3506,1.35811,22841
2013-10-03 00:00:00,1.35812,1.36231,1.35774,1.36054,15880
2013-10-03 12:00:00,1.36052,1.36455,1.35864,1.36215,22154
2013-10-04 00:00:00,1.36219,1.36315,1.35946,1.35991,13975
2013-10-04 12:00:00,1.3599,1.36062,1.35384,1.35565,20268
2013-10-07 00:00:00,1.35629,1.3590900000000001,1.3561,1.35732,14306
2013-10-07 12:00:00,1.35733,1.35849,1.35425,1.35766,17179
2013-10-08 00:00:00,1.35767,1.3581400000000001,1.3557299999999999,1.35757,12585
2013-10-08 12:00:00,1.3575599999999999,1.3607,1.35642,1.35727,19076
2013-10-09 00:00:00,1.3572899999999999,1.36044,1.3516,1.35271,17545
2013-10-09 12:00:00,1.35267,1.3536000000000001,1.34857,1.35232,21616
2013-10-10 00:00:00,1.35232,1.3532199999999999,1.34877,1.35221,14278
2013-10-10 12:00:00,1.35221,1.35463,1.3505099999999999,1.35253,19513
2013-10-11 00:00:00,1.35254,1.35794,1.35193,1.35761,14348
2013-10-11 12:00:00,1.35761,1.35813,1.3523100000000001,1.35372,16837
2013-10-14 00:00:00,1.35569,1.35689,1.35453,1.35589,10379
2013-10-14 12:00:00,1.3559,1.35974,1.35557,1.35591,15587
2013-10-15 00:00:00,1.35592,1.35708,1.34988,1.3507,13628
2013-10-15 12:00:00,1.35069,1.35361,1.34794,1.35256,23617
2013-10-16 00:00:00,1.35254,1.35436,1.35058,1.35311,13833
2013-10-16 12:00:00,1.35313,1.35673,1.34734,1.35334,24570
2013-10-17 00:00:00,1.35335,1.36375,1.35154,1.36195,18414
2013-10-17 12:00:00,1.36193,1.36816,1.36166,1.36723,23252
2013-10-18 00:00:00,1.36723,1.36947,1.36594,1.3691900000000001,14476
2013-10-18 12:00:00,1.36918,1.37036,1.3669,1.36853,17906
2013-10-21 00:00:00,1.36829,1.36879,1.36658,1.36815,11361
2013-10-21 12:00:00,1.36816,1.36884,1.36509,1.36768,14450
2013-10-22 00:00:00,1.36769,1.36809,1.36622,1.36731,10083
2013-10-22 12:00:00,1.36731,1.37916,1.367,1.37781,19702
2013-10-23 00:00:00,1.3778000000000001,1.3792499999999999,1.37455,1.37575,15477
2013-10-23 12:00:00,1.37576,1.37927,1.37414,1.3775,18747
2013-10-24 00:00:00,1.37751,1.38221,1.37647,1.3804400000000001,15380
2013-10-24 12:00:00,1.38043,1.38249,1.37814,1.37989,19482
2013-10-25 00:00:00,1.37988,1.3832,1.3785,1.37994,15932
2013-10-25 12:00:00,1.3799299999999999,1.38138,1.3774199999999999,1.3801999999999999,17503
2013-10-28 00:00:00,1.3808,1.38171,1.37958,1.38079,10480
2013-10-28 12:00:00,1.3807800000000001,1.38097,1.37748,1.37829,17424
2013-10-29 00:00:00,1.37831,1.37938,1.37539,1.37596,15474
2013-10-29 12:00:00,1.37595,1.38129,1.37364,1.37465,22234
2013-10-30 00:00:00,1.37465,1.3768099999999999,1.37327,1.37589,14714
2013-10-30 12:00:00,1.37587,1.3784100000000001,1.36961,1.3721700000000001,20633
2013-10-31 00:00:00,1.37219,1.37384,1.3654600000000001,1.36589,17740
2013-10-31 12:00:00,1.36601,1.36639,1.3575,1.3588,24187
2013-11-01 00:00:00,1.3587799999999999,1.35892,1.3508200000000001,1.35259,18205
2013-11-01 12:00:00,1.35256,1.35368,1.34799,1.3485800000000001,19165
2013-11-04 00:00:00,1.3491,1.35132,1.34425,1.35058,13441
2013-11-04 12:00:00,1.35058,1.35244,1.34915,1.35121,16112
2013-11-05 00:00:00,1.35121,1.35221,1.34782,1.3502100000000001,14540
2013-11-05 12:00:00,1.3502,1.35036,1.34489,1.34717,19004
2013-11-06 00:00:00,1.34717,1.35213,1.3467500000000001,1.35063,12924
2013-11-06 12:00:00,1.35069,1.35472,1.35018,1.35149,17467
2013-11-07 00:00:00,1.35151,1.35286,1.35006,1.3504800000000001,12008
2013-11-07 12:00:00,1.35047,1.35175,1.32959,1.34131,31852
2013-11-08 00:00:00,1.34134,1.34313,1.3388200000000001,1.34173,15062
2013-11-08 12:00:00,1.34172,1.34376,1.33178,1.33644,23509
2013-11-11 00:00:00,1.33574,1.34063,1.33445,1.33999,13108
2013-11-11 12:00:00,1.33998,1.34158,1.33904,1.3406500000000001,14850
2013-11-12 00:00:00,1.3406500000000001,1.34137,1.33591,1.33983,17938
2013-11-12 12:00:00,1.33981,1.34558,1.3381,1.34345,22584
2013-11-13 00:00:00,1.34344,1.34523,1.34079,1.3419699999999999,15045
2013-11-13 12:00:00,1.3419699999999999,1.34972,1.339,1.34816,24891
2013-11-14 00:00:00,1.34816,1.3494,1.3428499999999999,1.3428499999999999,17160
2013-11-14 12:00:00,1.34286,1.34886,1.34182,1.34585,21458
2013-11-15 00:00:00,1.34582,1.34638,1.3431899999999999,1.34473,14354
2013-11-15 12:00:00,1.34473,1.35046,1.34437,1.34943,16917
2013-11-18 00:00:00,1.34917,1.35176,1.3474300000000001,1.35088,13758
2013-11-18 12:00:00,1.35086,1.3541699999999999,1.3495599999999999,1.35037,19061
2013-11-19 00:00:00,1.35034,1.35427,1.34923,1.34946,15585
2013-11-19 12:00:00,1.34941,1.35469,1.34876,1.35354,20117
2013-11-20 00:00:00,1.3535300000000001,1.3577,1.35164,1.35281,15819
2013-11-20 12:00:00,1.3528,1.35466,1.34152,1.3439,25052
2013-11-21 00:00:00,1.34387,1.34433,1.33992,1.34394,16249
2013-11-21 12:00:00,1.34399,1.34862,1.34281,1.34753,24552
2013-11-22 00:00:00,1.34753,1.3526500000000001,1.3462100000000001,1.3513600000000001,15351
2013-11-22 12:00:00,1.35138,1.35567,1.35113,1.35554,16719
2013-11-25 00:00:00,1.3553600000000001,1.3559999999999999,1.35079,1.35125,12495
2013-11-25 12:00:00,1.35125,1.35282,1.3490199999999999,1.3522,17190
2013-11-26 00:00:00,1.35217,1.3571,1.35193,1.3551199999999999,13416
2013-11-26 12:00:00,1.3551199999999999,1.35747,1.35211,1.35666,18421
2013-11-27 00:00:00,1.35673,1.36128,1.35576,1.35989,15322
2013-11-27 12:00:00,1.35995,1.3608500000000001,1.35588,1.35776,19327
2013-11-28 00:00:00,1.35776,1.36179,1.35635,1.35915,14974
2013-11-28 12:00:00,1.35916,1.36079,1.3587500000000001,1.36025,13002
2013-11-29 00:00:00,1.36022,1.3621400000000001,1.35957,1.36073,16968
2013-11-29 12:00:00,1.36071,1.36175,1.35798,1.35901,18326
2013-12-02 00:00:00,1.3587799999999999,1.36152,1.35427,1.3544100000000001,15550
2013-12-02 12:00:00,1.35439,1.35605,1.35259,1.35385,20791
2013-12-03 00:00:00,1.3538999999999999,1.3575300000000001,1.35241,1.35681,15760
2013-12-03 12:00:00,1.3569,1.36134,1.35638,1.35885,22134
2013-12-04 00:00:00,1.35889,1.35974,1.35672,1.35906,16011
2013-12-04 12:00:00,1.35907,1.36052,1.35282,1.35898,25873
2013-12-05 00:00:00,1.35896,1.36391,1.35798,1.35983,17726
2013-12-05 12:00:00,1.35983,1.36771,1.35431,1.36722,27571
2013-12-06 00:00:00,1.3672,1.36746,1.36507,1.36625,14183
2013-12-06 12:00:00,1.36622,1.37061,1.36195,1.37045,22868
2013-12-09 00:00:00,1.37101,1.37287,1.36943,1.371,12668
2013-12-09 12:00:00,1.37099,1.37452,1.3707500000000001,1.37351,17536
2013-12-10 00:00:00,1.37354,1.37671,1.37341,1.3743699999999999,14292
2013-12-10 12:00:00,1.37438,1.37947,1.374,1.37589,19654
2013-12-11 00:00:00,1.37592,1.37733,1.37412,1.37652,13515
2013-12-11 12:00:00,1.37644,1.38105,1.37616,1.3786100000000001,21063
2013-12-12 00:00:00,1.37862,1.3803,1.37639,1.37726,15695
2013-12-12 12:00:00,1.37724,1.37901,1.3737599999999999,1.37501,24359
2013-12-13 00:00:00,1.3749799999999999,1.37689,1.3709799999999999,1.3709799999999999,15377
2013-12-13 12:00:00,1.3709799999999999,1.37542,1.37093,1.3737599999999999,19717
2013-12-16 00:00:00,1.3737,1.3784,1.37361,1.3774899999999999,14809
2013-12-16 12:00:00,1.3774199999999999,1.37984,1.37426,1.37582,20863
2013-12-17 00:00:00,1.37583,1.3782,1.37516,1.37693,13776
2013-12-17 12:00:00,1.37693,1.37743,1.3723,1.37711,21653
2013-12-18 00:00:00,1.3771200000000001,1.3778000000000001,1.37436,1.37508,14804
2013-12-18 12:00:00,1.37503,1.38111,1.36727,1.3675,29514
2013-12-19 00:00:00,1.3675,1.36938,1.3649200000000001,1.36828,18656
2013-12-19 12:00:00,1.36829,1.36884,1.36513,1.3654899999999999,23530
2013-12-20 00:00:00,1.36548,1.36631,1.3625099999999999,1.36588,17355
2013-12-20 12:00:00,1.36586,1.3709,1.3632,1.367,22498
2013-12-23 00:00:00,1.36723,1.36947,1.36714,1.3679700000000001,10967
2013-12-23 12:00:00,1.36799,1.37164,1.36791,1.36957,17302
2013-12-24 00:00:00,1.3695300000000001,1.36987,1.36723,1.36734,11386
2013-12-24 12:00:00,1.36735,1.36855,1.36547,1.36794,9034
2013-12-26 00:00:00,1.3685399999999999,1.37018,1.3681,1.36895,4233
2013-12-26 12:00:00,1.3689200000000001,1.36992,1.3679700000000001,1.36889,11542
2013-12-27 00:00:00,1.3688500000000001,1.38114,1.36881,1.38038,17903
2013-12-27 12:00:00,1.38038,1.3893,1.37314,1.37462,22878
2013-12-30 00:00:00,1.37586,1.37673,1.3728500000000001,1.37633,14163
2013-12-30 12:00:00,1.37635,1.38189,1.37565,1.37937,18506
2013-12-31 00:00:00,1.37938,1.38123,1.3759700000000001,1.37632,11176
2013-12-31 12:00:00,1.37635,1.37942,1.37596,1.37876,13472
2014-01-01 12:00:00,1.3755,1.37648,1.37372,1.3758,2671
2014-01-02 00:00:00,1.37581,1.3774899999999999,1.3715899999999999,1.3724,30279
2014-01-02 12:00:00,1.37241,1.37241,1.36294,1.36643,27898
2014-01-03 00:00:00,1.36643,1.36716,1.36284,1.36462,16263
2014-01-03 12:00:00,1.3646099999999999,1.36584,1.35821,1.35874,22170
2014-01-06 00:00:00,1.35955,1.36212,1.35712,1.36167,17876
2014-01-06 12:00:00,1.36168,1.36528,1.35928,1.36334,22766
2014-01-07 00:00:00,1.36334,1.36463,1.36102,1.36413,16770
2014-01-07 12:00:00,1.36412,1.36562,1.3596599999999999,1.36138,21455
2014-01-08 00:00:00,1.36142,1.36349,1.35802,1.35835,17017
2014-01-08 12:00:00,1.35835,1.36179,1.35533,1.3574899999999999,24542
2014-01-09 00:00:00,1.35746,1.3621699999999999,1.3566500000000001,1.36102,16471
2014-01-09 12:00:00,1.36102,1.36328,1.35484,1.36017,25163
2014-01-10 00:00:00,1.36016,1.36193,1.35885,1.3590200000000001,13137
2014-01-10 12:00:00,1.35903,1.36871,1.35721,1.36665,25011
2014-01-13 00:00:00,1.36662,1.36846,1.36564,1.36623,15301
2014-01-13 12:00:00,1.36622,1.36768,1.3637299999999999,1.3668,22739
2014-01-14 00:00:00,1.3668,1.36992,1.3649,1.36748,17163
2014-01-14 12:00:00,1.36748,1.36899,1.36575,1.36722,21283
2014-01-15 00:00:00,1.36728,1.3676,1.36081,1.36212,17224
2014-01-15 12:00:00,1.3620999999999999,1.3626800000000001,1.35812,1.36042,20787
2014-01-16 00:00:00,1.36043,1.3627799999999999,1.35858,1.36142,16620
2014-01-16 12:00:00,1.36142,1.3649200000000001,1.3583,1.36162,22435
2014-01-17 00:00:00,1.36163,1.36208,1.35923,1.36053,13457
2014-01-17 12:00:00,1.36054,1.3606,1.35168,1.35405,22184
2014-01-20 00:00:00,1.35325,1.35616,1.35074,1.35508,16720
2014-01-20 12:00:00,1.35507,1.35677,1.3545,1.35557,12773
2014-01-21 00:00:00,1.35557,1.35625,1.35249,1.35384,17469
2014-01-21 12:00:00,1.3538299999999999,1.35687,1.35162,1.35591,20398
2014-01-22 00:00:00,1.35588,1.35798,1.35344,1.35443,17811
2014-01-22 12:00:00,1.35442,1.35832,1.3538700000000001,1.35447,19193
2014-01-23 00:00:00,1.3545099999999999,1.36466,1.35303,1.36355,20080
2014-01-23 12:00:00,1.36353,1.36981,1.3624800000000001,1.36931,27388
2014-01-24 00:00:00,1.3693,1.37046,1.36627,1.36776,20723
2014-01-24 12:00:00,1.36772,1.37393,1.3669,1.36752,26271
2014-01-27 00:00:00,1.3679999999999999,1.3716300000000001,1.36747,1.36781,20654
2014-01-27 12:00:00,1.36781,1.3679999999999999,1.36529,1.36728,23256
2014-01-28 00:00:00,1.3673,1.36882,1.3629,1.36383,17503
2014-01-28 12:00:00,1.36386,1.3685800000000001,1.36372,1.36517,20724
2014-01-29 00:00:00,1.3651900000000001,1.36845,1.36476,1.36765,17190
2014-01-29 12:00:00,1.3676300000000001,1.36819,1.36029,1.36608,30486
2014-01-30 00:00:00,1.36609,1.36642,1.35855,1.36048,20321
2014-01-30 12:00:00,1.36046,1.36165,1.35434,1.35565,24824
2014-01-31 00:00:00,1.35567,1.35595,1.35174,1.3532600000000001,18987
2014-01-31 12:00:00,1.35325,1.35733,1.3479,1.34849,28072
2014-02-03 00:00:00,1.34855,1.35187,1.3477000000000001,1.35106,18413
2014-02-03 12:00:00,1.35104,1.3535300000000001,1.34848,1.3525800000000001,25368
2014-02-04 00:00:00,1.3526,1.35384,1.34934,1.3517700000000001,20896
2014-02-04 12:00:00,1.35178,1.35314,1.34949,1.3514300000000001,19433
2014-02-05 00:00:00,1.35147,1.35282,1.34986,1.3510499999999999,17644
2014-02-05 12:00:00,1.3510499999999999,1.35552,1.35037,1.35361,29566
2014-02-06 00:00:00,1.35361,1.35394,1.35147,1.35285,15897
2014-02-06 12:00:00,1.35285,1.36188,1.3484099999999999,1.35898,32319
2014-02-07 00:00:00,1.35898,1.35942,1.35516,1.35635,17174
2014-02-07 12:00:00,1.35635,1.36425,1.35621,1.36342,27364
2014-02-10 00:00:00,1.36232,1.36501,1.36179,1.3630499999999999,13419
2014-02-10 12:00:00,1.3630200000000001,1.36513,1.36225,1.36442,14217
2014-02-11 00:00:00,1.36441,1.3682699999999999,1.3643100000000001,1.3670499999999999,13059
2014-02-11 12:00:00,1.36704,1.36803,1.36291,1.36372,20430
2014-02-12 00:00:00,1.36375,1.36525,1.36255,1.36381,15033
2014-02-12 12:00:00,1.36381,1.36396,1.3562,1.35948,21100
2014-02-13 00:00:00,1.35952,1.3686,1.35852,1.36659,19012
2014-02-13 12:00:00,1.36659,1.36916,1.36572,1.36787,18448
2014-02-14 00:00:00,1.36785,1.3713600000000001,1.36735,1.3694899999999999,18089
2014-02-14 12:00:00,1.36948,1.37145,1.36825,1.36918,15255
2014-02-17 00:00:00,1.3700700000000001,1.3724,1.36933,1.37081,13902
2014-02-17 12:00:00,1.37082,1.3710499999999999,1.3691900000000001,1.37047,10684
2014-02-18 00:00:00,1.37047,1.37287,1.36943,1.37259,15744
2014-02-18 12:00:00,1.37259,1.37696,1.37238,1.37604,16505
2014-02-19 00:00:00,1.37601,1.3773,1.37458,1.37462,12630
2014-02-19 12:00:00,1.37461,1.3765,1.37242,1.37321,16272
2014-02-20 00:00:00,1.3732199999999999,1.37623,1.36857,1.36927,17119
2014-02-20 12:00:00,1.36927,1.37279,1.36875,1.37202,17353
2014-02-21 00:00:00,1.37208,1.37245,1.37018,1.37087,11644
2014-02-21 12:00:00,1.37086,1.37583,1.37053,1.3738000000000001,16638
2014-02-24 00:00:00,1.37382,1.3771,1.37284,1.37596,12162
2014-02-24 12:00:00,1.37595,1.37613,1.37081,1.37336,17611
2014-02-25 00:00:00,1.37337,1.37631,1.37291,1.37552,13135
2014-02-25 12:00:00,1.37552,1.37668,1.37152,1.37447,19141
2014-02-26 00:00:00,1.37449,1.37569,1.37331,1.37424,12766
2014-02-26 12:00:00,1.37425,1.37435,1.3661400000000001,1.3683100000000001,20940
2014-02-27 00:00:00,1.3683100000000001,1.36954,1.3643,1.36542,15544
2014-02-27 12:00:00,1.3654899999999999,1.37266,1.36501,1.3708,18773
2014-02-28 00:00:00,1.37081,1.38127,1.3694,1.37919,17773
2014-02-28 12:00:00,1.37921,1.3824100000000001,1.37879,1.38016,22954
2014-03-03 00:00:00,1.37856,1.37924,1.37669,1.37814,15169
2014-03-03 12:00:00,1.37813,1.37825,1.3726,1.37361,21192
2014-03-04 00:00:00,1.37362,1.37732,1.37206,1.37626,15330
2014-03-04 12:00:00,1.3762400000000001,1.37812,1.37257,1.37395,18605
2014-03-05 00:00:00,1.37396,1.37446,1.37072,1.37184,13625
2014-03-05 12:00:00,1.37185,1.37491,1.37073,1.37361,17736
2014-03-06 00:00:00,1.37361,1.37416,1.3721,1.37391,11736
2014-03-06 12:00:00,1.37391,1.38723,1.37274,1.38596,24431
2014-03-07 00:00:00,1.38599,1.38877,1.38554,1.38865,13518
2014-03-07 12:00:00,1.38863,1.39146,1.38522,1.38746,32524
2014-03-10 00:00:00,1.38761,1.3897599999999999,1.3869,1.3873199999999999,22650
2014-03-10 12:00:00,1.38734,1.38873,1.38614,1.38769,24999
2014-03-11 00:00:00,1.38767,1.38784,1.38399,1.38442,24584
2014-03-11 12:00:00,1.38442,1.38764,1.38335,1.38545,27963
2014-03-12 00:00:00,1.38545,1.38746,1.38432,1.38606,24020
2014-03-12 12:00:00,1.3860700000000001,1.39142,1.3860700000000001,1.39018,33881
2014-03-13 00:00:00,1.39018,1.39666,1.38961,1.39512,35201
2014-03-13 12:00:00,1.39512,1.39582,1.3845399999999999,1.38676,54430
2014-03-14 00:00:00,1.38676,1.38952,1.38473,1.38897,35636
2014-03-14 12:00:00,1.38898,1.39374,1.38727,1.39134,41709
2014-03-17 00:00:00,1.39062,1.39126,1.38788,1.38941,24046
2014-03-17 12:00:00,1.38941,1.39474,1.38862,1.39252,30548
2014-03-18 00:00:00,1.3925100000000001,1.39372,1.38896,1.39033,24501
2014-03-18 12:00:00,1.3903400000000001,1.3942700000000001,1.38797,1.39304,40980
2014-03-19 00:00:00,1.39304,1.39329,1.39048,1.39275,22700
2014-03-19 12:00:00,1.3927800000000001,1.39294,1.38095,1.38223,48873
2014-03-20 00:00:00,1.38226,1.38448,1.37573,1.37626,36473
2014-03-20 12:00:00,1.37626,1.37904,1.3749,1.37782,36670
2014-03-21 00:00:00,1.37781,1.38019,1.3765399999999999,1.37888,22145
2014-03-21 12:00:00,1.37887,1.38106,1.37741,1.37933,30117
2014-03-24 00:00:00,1.37914,1.38266,1.37632,1.37744,26395
2014-03-24 12:00:00,1.3774199999999999,1.38757,1.37601,1.3838,35814
2014-03-25 00:00:00,1.38381,1.3847,1.3804400000000001,1.38171,28791
2014-03-25 12:00:00,1.38171,1.38448,1.3749,1.3825,49151
2014-03-26 00:00:00,1.38249,1.38263,1.37897,1.37995,24841
2014-03-26 12:00:00,1.37995,1.38089,1.37762,1.3783,41099
2014-03-27 00:00:00,1.3783400000000001,1.37967,1.37406,1.3756599999999999,31778
2014-03-27 12:00:00,1.37567,1.37789,1.37283,1.3743699999999999,42136
2014-03-28 00:00:00,1.37436,1.37517,1.37047,1.37359,28648
2014-03-28 12:00:00,1.37359,1.37729,1.37291,1.37513,33708
2014-03-31 00:00:00,1.37531,1.37924,1.37215,1.3784399999999999,29207
2014-03-31 12:00:00,1.37843,1.3808500000000001,1.37625,1.37735,42161
2014-04-01 00:00:00,1.37734,1.38015,1.3769,1.37946,23177
2014-04-01 12:00:00,1.37943,1.38152,1.37835,1.3793199999999999,33094
2014-04-02 00:00:00,1.37931,1.38201,1.3785,1.37931,21154
2014-04-02 12:00:00,1.3793199999999999,1.3795899999999999,1.3753,1.3765100000000001,33780
2014-04-03 00:00:00,1.37653,1.3771900000000001,1.37544,1.37648,21558
2014-04-03 12:00:00,1.37648,1.38066,1.3698000000000001,1.37168,51082
2014-04-04 00:00:00,1.37169,1.37234,1.36955,1.37089,18707
2014-04-04 12:00:00,1.37088,1.3731200000000001,1.36725,1.3701400000000001,53468
2014-04-07 00:00:00,1.37008,1.37204,1.3696,1.37177,15970
2014-04-07 12:00:00,1.37177,1.37483,1.3716599999999999,1.37412,24175
2014-04-08 00:00:00,1.37413,1.37735,1.37371,1.37683,15644
2014-04-08 12:00:00,1.37682,1.38116,1.3761999999999999,1.37946,55084
2014-04-09 00:00:00,1.37955,1.38087,1.37799,1.37942,36258
2014-04-09 12:00:00,1.37942,1.3862,1.37903,1.38536,34444
2014-04-10 00:00:00,1.38534,1.38703,1.38357,1.38694,18063
2014-04-10 12:00:00,1.38694,1.38988,1.38535,1.38868,25460
2014-04-11 00:00:00,1.38868,1.3905699999999999,1.38811,1.38906,14647
2014-04-11 12:00:00,1.38903,1.39004,1.38632,1.3884400000000001,23371
2014-04-14 00:00:00,1.3857300000000001,1.3862700000000001,1.38157,1.38226,18016
2014-04-14 12:00:00,1.38228,1.38334,1.3808,1.38181,22740
2014-04-15 00:00:00,1.38185,1.3820999999999999,1.37899,1.38046,14675
2014-04-15 12:00:00,1.38046,1.3833199999999999,1.3791,1.38133,24311
2014-04-16 00:00:00,1.38133,1.38507,1.38064,1.3839000000000001,16279
2014-04-16 12:00:00,1.38391,1.3844,1.38035,1.3816,22553
2014-04-17 00:00:00,1.3816,1.38645,1.38145,1.38595,14158
2014-04-17 12:00:00,1.38601,1.38642,1.38109,1.38131,19769
2014-04-18 00:00:00,1.3813,1.38222,1.38082,1.38185,5853
2014-04-18 12:00:00,1.38185,1.38204,1.38068,1.38068,4678
2014-04-21 00:00:00,1.38164,1.3830200000000001,1.38048,1.38249,6809
2014-04-21 12:00:00,1.3825,1.38254,1.37869,1.37944,10351
2014-04-22 00:00:00,1.37945,1.38105,1.37849,1.38052,12227
2014-04-22 12:00:00,1.3805100000000001,1.38247,1.37888,1.38053,17734
2014-04-23 00:00:00,1.38052,1.38545,1.38001,1.38394,18145
2014-04-23 12:00:00,1.38395,1.38453,1.38113,1.3816,19357
2014-04-24 00:00:00,1.38158,1.38432,1.38118,1.38274,14373
2014-04-24 12:00:00,1.38274,1.38338,1.37912,1.38312,21410
2014-04-25 00:00:00,1.38314,1.3848099999999999,1.38267,1.38412,11233
2014-04-25 12:00:00,1.38412,1.3848,1.38293,1.3833,16396
2014-04-28 00:00:00,1.38394,1.38792,1.38145,1.38653,16265
2014-04-28 12:00:00,1.38655,1.38741,1.38394,1.38497,19554
2014-04-29 00:00:00,1.38497,1.38788,1.38491,1.3863400000000001,14148
2014-04-29 12:00:00,1.3863400000000001,1.3867099999999999,1.3805399999999999,1.38116,22360
2014-04-30 00:00:00,1.38118,1.38334,1.3774899999999999,1.38214,18455
2014-04-30 12:00:00,1.38215,1.38764,1.38214,1.38653,27602
2014-05-01 00:00:00,1.38656,1.38889,1.38653,1.38805,7768
2014-05-01 12:00:00,1.38805,1.38814,1.38626,1.3867,13251
2014-05-02 00:00:00,1.3867099999999999,1.38706,1.38516,1.38574,10214
2014-05-02 12:00:00,1.38574,1.38811,1.3812,1.38689,30585
2014-05-05 00:00:00,1.38724,1.38815,1.38643,1.38707,10000
2014-05-05 12:00:00,1.38707,1.38858,1.38701,1.3874,13785
2014-05-06 00:00:00,1.38743,1.3930500000000001,1.38719,1.3925100000000001,13904
2014-05-06 12:00:00,1.39252,1.39511,1.39194,1.3924699999999999,29057
2014-05-07 00:00:00,1.39248,1.39349,1.39115,1.3921000000000001,20539
2014-05-07 12:00:00,1.39209,1.39384,1.39097,1.39109,37849
2014-05-08 00:00:00,1.39109,1.39473,1.39052,1.39429,21346
2014-05-08 12:00:00,1.39428,1.39932,1.38328,1.38392,43283
2014-05-09 00:00:00,1.3839299999999999,1.38441,1.38035,1.38165,15342
2014-05-09 12:00:00,1.38162,1.3817300000000001,1.37453,1.37577,27856
2014-05-12 00:00:00,1.37569,1.37747,1.37492,1.37672,16689
2014-05-12 12:00:00,1.37671,1.37724,1.37531,1.37582,17534
2014-05-13 00:00:00,1.37582,1.37713,1.37399,1.37477,16793
2014-05-13 12:00:00,1.37477,1.3752499999999999,1.36889,1.3703400000000001,37018
2014-05-14 00:00:00,1.37035,1.37304,1.36978,1.37143,19749
2014-05-14 12:00:00,1.37144,1.37247,1.37025,1.37142,19176
2014-05-15 00:00:00,1.3713899999999999,1.3723,1.3654,1.3655300000000001,14868
2014-05-15 12:00:00,1.3655300000000001,1.3732199999999999,1.36484,1.37101,30592
2014-05-16 00:00:00,1.37101,1.37267,1.37074,1.37107,14185
2014-05-16 12:00:00,1.37106,1.37182,1.3685100000000001,1.36933,19649
2014-05-19 00:00:00,1.36978,1.37232,1.36951,1.3719299999999999,13163
2014-05-19 12:00:00,1.37196,1.37337,1.3703,1.37085,15477
2014-05-20 00:00:00,1.37086,1.37133,1.3678,1.3697599999999999,12256
2014-05-20 12:00:00,1.3697599999999999,1.37054,1.36875,1.36989,13969
2014-05-21 00:00:00,1.36991,1.37229,1.36984,1.3704399999999999,12339
2014-05-21 12:00:00,1.37043,1.37058,1.36353,1.36856,19204
2014-05-22 00:00:00,1.36856,1.36871,1.3656,1.36802,14474
2014-05-22 12:00:00,1.36802,1.36849,1.3645100000000001,1.36561,20643
2014-05-23 00:00:00,1.36557,1.36563,1.36165,1.36196,19088
2014-05-23 12:00:00,1.36197,1.3642400000000001,1.36155,1.3628,14089
2014-05-26 00:00:00,1.36246,1.36482,1.3615300000000001,1.36468,10778
2014-05-26 12:00:00,1.36467,1.3654,1.36351,1.36438,8548
2014-05-27 00:00:00,1.36439,1.36681,1.36376,1.36449,13577
2014-05-27 12:00:00,1.36449,1.36578,1.36123,1.36334,16067
2014-05-28 00:00:00,1.3633600000000001,1.3637299999999999,1.36158,1.36192,12217
2014-05-28 12:00:00,1.36189,1.36286,1.3588,1.35921,16425
2014-05-29 00:00:00,1.3592,1.36197,1.35858,1.36172,12295
2014-05-29 12:00:00,1.36169,1.36253,1.35946,1.36017,15703
2014-05-30 00:00:00,1.36019,1.36172,1.3598,1.36139,12849
2014-05-30 12:00:00,1.3614,1.36498,1.36052,1.3633899999999999,17491
2014-06-02 00:00:00,1.36304,1.36359,1.35935,1.3603399999999999,15439
2014-06-02 12:00:00,1.36035,1.3627799999999999,1.35879,1.35979,20366
2014-06-03 00:00:00,1.35979,1.36128,1.35867,1.3608799999999999,14797
2014-06-03 12:00:00,1.3608799999999999,1.36475,1.36038,1.3627099999999999,22326
2014-06-04 00:00:00,1.3626800000000001,1.36292,1.36001,1.36134,17773
2014-06-04 12:00:00,1.36135,1.36389,1.35962,1.36001,23869
2014-06-05 00:00:00,1.3599700000000001,1.36173,1.3594,1.36141,15124
2014-06-05 12:00:00,1.3614,1.36693,1.35028,1.36628,39581
2014-06-06 00:00:00,1.36629,1.36647,1.36212,1.36218,17955
2014-06-06 12:00:00,1.36215,1.36769,1.36208,1.36423,25292
2014-06-09 00:00:00,1.3645800000000001,1.36685,1.36201,1.36201,14216
2014-06-09 12:00:00,1.362,1.36263,1.35823,1.35923,21416
2014-06-10 00:00:00,1.35925,1.36017,1.3541699999999999,1.35429,18354
2014-06-10 12:00:00,1.35427,1.35575,1.35333,1.35445,23851
2014-06-11 00:00:00,1.35445,1.35471,1.35215,1.35312,19131
2014-06-11 12:00:00,1.35311,1.35569,1.35254,1.35337,21935
2014-06-12 00:00:00,1.35339,1.35487,1.35121,1.35203,17509
2014-06-12 12:00:00,1.35202,1.35714,1.35188,1.35489,24824
2014-06-13 00:00:00,1.3549,1.3578700000000001,1.35471,1.35712,14918
2014-06-13 12:00:00,1.35714,1.35725,1.3520699999999999,1.35379,20964
2014-06-16 00:00:00,1.35373,1.35521,1.35129,1.3529900000000001,15529
2014-06-16 12:00:00,1.3529900000000001,1.35792,1.35264,1.3572199999999999,20126
2014-06-17 00:00:00,1.3571900000000001,1.35869,1.35529,1.35626,16928
2014-06-17 12:00:00,1.35625,1.35714,1.3536000000000001,1.35462,20857
2014-06-18 00:00:00,1.3546,1.3565,1.35416,1.35574,12777
2014-06-18 12:00:00,1.35574,1.35992,1.35479,1.3587500000000001,25068
2014-06-19 00:00:00,1.3587500000000001,1.36433,1.35838,1.36353,17646
2014-06-19 12:00:00,1.36353,1.36398,1.36015,1.3606,22354
2014-06-20 00:00:00,1.36063,1.36338,1.36019,1.36026,13156
2014-06-20 12:00:00,1.36025,1.36055,1.35642,1.35995,19042
2014-06-23 00:00:00,1.35949,1.36133,1.35738,1.35771,15125
2014-06-23 12:00:00,1.3577,1.36047,1.35745,1.36035,15945
2014-06-24 00:00:00,1.36037,1.36257,1.35922,1.36205,15452
2014-06-24 12:00:00,1.36204,1.36274,1.35832,1.36028,19128
2014-06-25 00:00:00,1.36028,1.3618999999999999,1.36011,1.36033,12311
2014-06-25 12:00:00,1.36032,1.3651,1.36003,1.36306,18910
2014-06-26 00:00:00,1.36306,1.36411,1.3611,1.36144,13512
2014-06-26 12:00:00,1.36144,1.36193,1.35757,1.3612,21578
2014-06-27 00:00:00,1.36124,1.36344,1.36098,1.3612,15077
2014-06-27 12:00:00,1.3612,1.36502,1.36101,1.3648799999999999,19268
2014-06-30 00:00:00,1.3645,1.36624,1.36402,1.36529,14498
2014-06-30 12:00:00,1.36529,1.36969,1.3646099999999999,1.36927,15555
2014-07-01 00:00:00,1.36928,1.36967,1.36777,1.36931,8712
2014-07-01 12:00:00,1.36935,1.36991,1.36753,1.36787,11594
2014-07-02 00:00:00,1.36786,1.3682,1.36547,1.36603,8421
2014-07-02 12:00:00,1.36604,1.36687,1.36422,1.36567,11419
2014-07-03 00:00:00,1.36568,1.36639,1.36449,1.3652,9869
2014-07-03 12:00:00,1.3651900000000001,1.36543,1.35962,1.3608799999999999,15332
2014-07-04 00:00:00,1.36087,1.3611,1.35855,1.35881,8327
2014-07-04 12:00:00,1.35884,1.36017,1.3585099999999999,1.35944,7128
2014-07-07 00:00:00,1.35935,1.3601,1.35758,1.35956,11187
2014-07-07 12:00:00,1.35954,1.36089,1.35857,1.36056,12922
2014-07-08 00:00:00,1.36055,1.3609200000000001,1.35881,1.3593199999999999,10632
2014-07-08 12:00:00,1.35931,1.36172,1.35891,1.36117,13361
2014-07-09 00:00:00,1.36116,1.36303,1.36089,1.36128,12120
2014-07-09 12:00:00,1.36127,1.36473,1.36021,1.36404,16093
2014-07-10 00:00:00,1.36403,1.36506,1.36232,1.36238,11923
2014-07-10 12:00:00,1.36239,1.36265,1.35891,1.36063,16814
2014-07-11 00:00:00,1.36064,1.3624399999999999,1.35949,1.3604,11971
2014-07-11 12:00:00,1.3604,1.36101,1.35916,1.36032,34461
2014-07-14 00:00:00,1.36055,1.36401,1.3597299999999999,1.3621400000000001,26428
2014-07-14 12:00:00,1.36213,1.3631199999999999,1.36084,1.3620700000000001,33515
2014-07-15 00:00:00,1.36206,1.36277,1.3587099999999999,1.35972,32584
2014-07-15 12:00:00,1.3597299999999999,1.36205,1.35619,1.35679,32909
2014-07-16 00:00:00,1.35679,1.35714,1.35339,1.35351,13506
2014-07-16 12:00:00,1.35347,1.35398,1.35206,1.35251,14900
2014-07-17 00:00:00,1.35249,1.35399,1.35203,1.35315,13009
2014-07-17 12:00:00,1.35314,1.35345,1.35163,1.3525800000000001,16820
2014-07-18 00:00:00,1.3525800000000001,1.35358,1.35124,1.3522,12934
2014-07-18 12:00:00,1.35219,1.35307,1.34908,1.35203,17972
2014-07-21 00:00:00,1.3526799999999999,1.35484,1.35181,1.35236,10750
2014-07-21 12:00:00,1.35239,1.35275,1.35123,1.35221,12618
2014-07-22 00:00:00,1.35221,1.3529,1.3477700000000001,1.3482,17140
2014-07-22 12:00:00,1.34822,1.34959,1.34584,1.34659,32800
2014-07-23 00:00:00,1.34659,1.34731,1.34545,1.34628,21224
2014-07-23 12:00:00,1.34628,1.34737,1.34545,1.34622,22268
2014-07-24 00:00:00,1.34622,1.34846,1.34378,1.34767,25570
2014-07-24 12:00:00,1.34768,1.3483399999999999,1.34573,1.34622,25678
2014-07-25 00:00:00,1.34622,1.34752,1.3440400000000001,1.3449200000000001,20633
2014-07-25 12:00:00,1.34494,1.34557,1.3421,1.34288,32418
2014-07-28 00:00:00,1.34305,1.34416,1.34265,1.34362,17875
2014-07-28 12:00:00,1.34362,1.34436,1.34303,1.34393,22748
2014-07-29 00:00:00,1.34393,1.3444099999999999,1.3427,1.34344,19868
2014-07-29 12:00:00,1.34344,1.3437299999999999,1.34039,1.34087,33939
2014-07-30 00:00:00,1.34088,1.34149,1.33941,1.34015,24404
2014-07-30 12:00:00,1.34016,1.34064,1.3366500000000001,1.33945,29358
2014-07-31 00:00:00,1.33945,1.3400400000000001,1.33827,1.33872,12896
2014-07-31 12:00:00,1.33872,1.33993,1.3371,1.33877,19524
2014-08-01 00:00:00,1.33872,1.33955,1.33781,1.33944,12627
2014-08-01 12:00:00,1.33945,1.34446,1.3384800000000001,1.34264,22378
2014-08-04 00:00:00,1.34271,1.34308,1.34161,1.34204,13861
2014-08-04 12:00:00,1.34204,1.34247,1.34091,1.34218,15423
2014-08-05 00:00:00,1.3421699999999999,1.34244,1.33884,1.3391600000000001,15039
2014-08-05 12:00:00,1.33917,1.33927,1.3357999999999999,1.33712,27546
2014-08-06 00:00:00,1.33712,1.33743,1.3349199999999999,1.3358400000000001,19161
2014-08-06 12:00:00,1.33583,1.33875,1.33327,1.33838,32526
2014-08-07 00:00:00,1.33836,1.3391,1.33647,1.33782,19113
2014-08-07 12:00:00,1.33785,1.33933,1.3336700000000001,1.3361399999999999,33284
2014-08-08 00:00:00,1.33613,1.34078,1.33432,1.33906,24784
2014-08-08 12:00:00,1.33905,1.34323,1.33823,1.34094,28176
2014-08-11 00:00:00,1.34061,1.34082,1.33829,1.33884,15749
2014-08-11 12:00:00,1.3388499999999999,1.33962,1.33801,1.33843,15716
2014-08-12 00:00:00,1.33843,1.33857,1.3338999999999999,1.3342100000000001,16285
2014-08-12 12:00:00,1.3342100000000001,1.33694,1.33356,1.3367,20589
2014-08-13 00:00:00,1.33674,1.3372899999999999,1.33419,1.33569,16378
2014-08-13 12:00:00,1.33569,1.34148,1.33506,1.3363,27253
2014-08-14 00:00:00,1.3363,1.3396,1.33479,1.338,19396
2014-08-14 12:00:00,1.338,1.34074,1.33602,1.33637,24519
2014-08-15 00:00:00,1.33637,1.33914,1.33583,1.33615,14337
2014-08-15 12:00:00,1.33616,1.34114,1.33612,1.33975,30640
2014-08-18 00:00:00,1.33913,1.33988,1.33811,1.33933,11846
2014-08-18 12:00:00,1.33934,1.33944,1.33526,1.3361100000000001,17377
2014-08-19 00:00:00,1.3361100000000001,1.33627,1.3343,1.3345799999999999,14810
2014-08-19 12:00:00,1.3345799999999999,1.33567,1.33129,1.33174,25433
2014-08-20 00:00:00,1.33174,1.3324,1.32829,1.32833,19446
2014-08-20 12:00:00,1.32833,1.32971,1.3255,1.32576,28115
2014-08-21 00:00:00,1.32575,1.32774,1.32417,1.3265500000000001,18627
2014-08-21 12:00:00,1.3265500000000001,1.32881,1.32554,1.32819,19443
2014-08-22 00:00:00,1.32817,1.3296299999999999,1.32703,1.32764,13571
2014-08-22 12:00:00,1.32764,1.3284799999999999,1.3220399999999999,1.32381,29386
2014-08-25 00:00:00,1.31914,1.32076,1.31834,1.32025,16543
2014-08-25 12:00:00,1.32025,1.321,1.3189199999999999,1.31903,13776
2014-08-26 00:00:00,1.31904,1.32144,1.31785,1.32047,15753
2014-08-26 12:00:00,1.32046,1.3209,1.31644,1.3168199999999999,24065
2014-08-27 00:00:00,1.31681,1.31885,1.3152300000000001,1.31818,18807
2014-08-27 12:00:00,1.3182,1.32094,1.3167900000000001,1.31935,25574
2014-08-28 00:00:00,1.31934,1.3220399999999999,1.31859,1.31859,19169
2014-08-28 12:00:00,1.3185799999999999,1.31908,1.31596,1.3183799999999999,17863
2014-08-29 00:00:00,1.31837,1.31947,1.31601,1.3176700000000001,9278
2014-08-29 12:00:00,1.31771,1.3195999999999999,1.31323,1.31323,20529
2014-09-01 00:00:00,1.31292,1.31451,1.31188,1.31383,14851
2014-09-01 12:00:00,1.31382,1.31407,1.31265,1.31273,9961
2014-09-02 00:00:00,1.31271,1.31365,1.31098,1.31116,18652
2014-09-02 12:00:00,1.31116,1.31342,1.3109899999999999,1.31326,19979
2014-09-03 00:00:00,1.31323,1.31565,1.31219,1.31411,21325
2014-09-03 12:00:00,1.3141,1.316,1.31326,1.31487,17767
2014-09-04 00:00:00,1.31488,1.3154,1.31364,1.31453,10057
2014-09-04 12:00:00,1.31452,1.3146200000000001,1.2920099999999999,1.2935699999999999,48910
2014-09-05 00:00:00,1.2935699999999999,1.29578,1.29221,1.29548,17422
2014-09-05 12:00:00,1.29548,1.29883,1.29433,1.2951,31167
2014-09-08 00:00:00,1.29531,1.2959,1.29312,1.29457,23412
2014-09-08 12:00:00,1.29457,1.29572,1.28811,1.29001,33369
2014-09-09 00:00:00,1.29,1.29004,1.28594,1.28854,30598
2014-09-09 12:00:00,1.28852,1.29574,1.28734,1.29404,35801
2014-09-10 00:00:00,1.29403,1.2962799999999999,1.2922500000000001,1.29459,30718
2014-09-10 12:00:00,1.2946,1.2953999999999999,1.28833,1.29157,27438
2014-09-11 00:00:00,1.29157,1.29394,1.28966,1.29215,16807
2014-09-11 12:00:00,1.29218,1.29516,1.29112,1.29233,37455
2014-09-12 00:00:00,1.29231,1.29331,1.29144,1.29234,23369
2014-09-12 12:00:00,1.29233,1.29791,1.29089,1.29643,37010
2014-09-15 00:00:00,1.29679,1.29694,1.29159,1.2923499999999999,23064
2014-09-15 12:00:00,1.29234,1.29513,1.29088,1.29409,25777
2014-09-16 00:00:00,1.2940800000000001,1.29602,1.29223,1.29496,25142
2014-09-16 12:00:00,1.295,1.29951,1.29356,1.29574,29712
2014-09-17 00:00:00,1.29575,1.29666,1.29434,1.29596,13378
2014-09-17 12:00:00,1.29595,1.29814,1.28355,1.28449,40261
2014-09-18 00:00:00,1.28456,1.2908,1.2834699999999999,1.28722,22280
2014-09-18 12:00:00,1.28723,1.29303,1.28568,1.2916,26670
2014-09-19 00:00:00,1.2916,1.2928899999999999,1.28667,1.28812,27949
2014-09-19 12:00:00,1.2880099999999999,1.28817,1.28275,1.28284,26060
2014-09-22 00:00:00,1.28267,1.2867899999999999,1.28261,1.28542,74614
2014-09-22 12:00:00,1.28542,1.28566,1.28164,1.28464,22654
2014-09-23 00:00:00,1.28463,1.28952,1.28427,1.28906,17451
2014-09-23 12:00:00,1.28907,1.29012,1.28452,1.2848600000000001,24764
2014-09-24 00:00:00,1.28485,1.28637,1.28394,1.28491,16742
2014-09-24 12:00:00,1.2849,1.28509,1.27742,1.2778,27121
2014-09-25 00:00:00,1.2778100000000001,1.27834,1.26968,1.27309,24312
2014-09-25 12:00:00,1.27307,1.27647,1.27077,1.27515,32487
2014-09-26 00:00:00,1.27515,1.27607,1.2728,1.27462,18814
2014-09-26 12:00:00,1.27461,1.2748300000000001,1.26769,1.26825,28061
2014-09-29 00:00:00,1.2681200000000001,1.26978,1.26638,1.2677800000000001,20929
2014-09-29 12:00:00,1.26779,1.27149,1.26769,1.26887,25763
2014-09-30 00:00:00,1.26889,1.27024,1.25901,1.25976,24407
2014-09-30 12:00:00,1.25975,1.2634699999999999,1.25712,1.26307,33356
2014-10-01 00:00:00,1.26306,1.26324,1.25853,1.26125,22762
2014-10-01 12:00:00,1.26126,1.26397,1.25837,1.26185,35133
2014-10-02 00:00:00,1.26183,1.26745,1.26138,1.26372,28553
2014-10-02 12:00:00,1.26371,1.2698800000000001,1.26181,1.26696,42597
2014-10-03 00:00:00,1.267,1.26719,1.26208,1.26213,16716
2014-10-03 12:00:00,1.26212,1.26255,1.25006,1.25145,35416
2014-10-06 00:00:00,1.25132,1.25494,1.25089,1.25436,15098
2014-10-06 12:00:00,1.25434,1.2675,1.25417,1.2653400000000001,34497
2014-10-07 00:00:00,1.26536,1.26647,1.25932,1.25966,33329
2014-10-07 12:00:00,1.25965,1.2682,1.25836,1.26646,40660
2014-10-08 00:00:00,1.2664900000000001,1.26845,1.26228,1.26569,26232
2014-10-08 12:00:00,1.26572,1.27489,1.26411,1.27304,47287
2014-10-09 00:00:00,1.2730299999999999,1.27914,1.27193,1.2760799999999999,34860
2014-10-09 12:00:00,1.2760799999999999,1.27847,1.26638,1.26895,47534
2014-10-10 00:00:00,1.26895,1.27161,1.26501,1.2669000000000001,27029
2014-10-10 12:00:00,1.2669000000000001,1.26754,1.26056,1.26272,42099
2014-10-13 00:00:00,1.26273,1.26976,1.26273,1.2680799999999999,34196
2014-10-13 12:00:00,1.26809,1.27681,1.26646,1.27412,43429
2014-10-14 00:00:00,1.27412,1.27489,1.264,1.26474,37573
2014-10-14 12:00:00,1.2647300000000001,1.26792,1.2640799999999999,1.2658,43645
2014-10-15 00:00:00,1.2658,1.26694,1.26248,1.26457,32411
2014-10-15 12:00:00,1.26459,1.28868,1.26376,1.28156,80633
2014-10-16 00:00:00,1.28173,1.2845,1.27515,1.2751700000000001,46698
2014-10-16 12:00:00,1.27519,1.2839800000000001,1.2705899999999999,1.2804,67031
2014-10-17 00:00:00,1.28036,1.28368,1.27808,1.28113,31195
2014-10-17 12:00:00,1.28108,1.28358,1.27435,1.27591,36445
2014-10-20 00:00:00,1.27552,1.2778,1.27308,1.27692,31062
2014-10-20 12:00:00,1.27691,1.28164,1.27548,1.27942,39350
2014-10-21 00:00:00,1.27941,1.28397,1.27607,1.27636,34983
2014-10-21 12:00:00,1.27634,1.27836,1.27107,1.27112,45814
2014-10-22 00:00:00,1.2711299999999999,1.2739099999999999,1.26806,1.26889,31438
2014-10-22 12:00:00,1.26889,1.27275,1.26367,1.26441,44757
2014-10-23 00:00:00,1.26444,1.26703,1.2613400000000001,1.2659099999999999,32851
2014-10-23 12:00:00,1.2659099999999999,1.26762,1.26302,1.26447,38266
2014-10-24 00:00:00,1.26447,1.26644,1.2634400000000001,1.26444,27014
2014-10-24 12:00:00,1.26449,1.26953,1.26422,1.26681,38307
2014-10-27 00:00:00,1.2675100000000001,1.27124,1.26676,1.26678,38040
2014-10-27 12:00:00,1.26679,1.27231,1.26653,1.26947,33648
2014-10-28 00:00:00,1.26947,1.27194,1.26848,1.26977,25304
2014-10-28 12:00:00,1.26977,1.27644,1.26939,1.27355,39243
2014-10-29 00:00:00,1.27355,1.27469,1.2723200000000001,1.27392,24119
2014-10-29 12:00:00,1.2739099999999999,1.27701,1.26261,1.26377,47565
2014-10-30 00:00:00,1.26376,1.26388,1.25549,1.25869,42471
2014-10-30 12:00:00,1.2587,1.26318,1.25469,1.26047,45953
2014-10-31 00:00:00,1.26047,1.26135,1.25404,1.2576800000000001,49505
2014-10-31 12:00:00,1.2576800000000001,1.2591,1.24851,1.25231,53387
2014-11-03 00:00:00,1.25085,1.2511,1.2438500000000001,1.25003,42805
2014-11-03 12:00:00,1.25001,1.2509299999999999,1.24703,1.24903,50765
2014-11-04 00:00:00,1.24901,1.25308,1.2487,1.25234,40917
2014-11-04 12:00:00,1.25234,1.25772,1.25045,1.25521,46467
2014-11-05 00:00:00,1.2551999999999999,1.25665,1.24744,1.2487300000000001,45709
2014-11-05 12:00:00,1.2487300000000001,1.25067,1.2456800000000001,1.24746,56901
2014-11-06 00:00:00,1.24746,1.25295,1.24718,1.25126,56022
2014-11-06 12:00:00,1.25125,1.25328,1.23645,1.23786,64141
2014-11-07 00:00:00,1.23785,1.24066,1.23678,1.24038,36761
2014-11-07 12:00:00,1.24039,1.24683,1.23571,1.24535,53870
2014-11-10 00:00:00,1.24637,1.2509000000000001,1.24528,1.25065,34395
2014-11-10 12:00:00,1.25067,1.25077,1.2418,1.24235,41119
2014-11-11 00:00:00,1.24234,1.24405,1.23939,1.24082,34719
2014-11-11 12:00:00,1.24081,1.24988,1.24066,1.24728,44211
2014-11-12 00:00:00,1.24729,1.24974,1.24299,1.24647,45361
2014-11-12 12:00:00,1.24646,1.24917,1.24187,1.24279,53705
2014-11-13 00:00:00,1.24281,1.24753,1.24259,1.24657,34202
2014-11-13 12:00:00,1.2465600000000001,1.24917,1.2450700000000001,1.24747,64946
2014-11-14 00:00:00,1.24744,1.24759,1.24257,1.24619,34343
2014-11-14 12:00:00,1.24617,1.25462,1.23988,1.2521499999999999,76926
2014-11-17 00:00:00,1.25204,1.2577099999999999,1.24819,1.2495,39311
2014-11-17 12:00:00,1.24953,1.2507,1.2444,1.24491,56574
2014-11-18 00:00:00,1.24492,1.25381,1.24432,1.25098,42398
2014-11-18 12:00:00,1.25089,1.25449,1.2501,1.25311,31536
2014-11-19 00:00:00,1.25309,1.25472,1.25116,1.2542499999999999,29188
2014-11-19 12:00:00,1.25423,1.25991,1.25237,1.25446,30047
2014-11-20 00:00:00,1.25446,1.25746,1.2504,1.2527599999999999,39565
2014-11-20 12:00:00,1.2527599999999999,1.25685,1.25088,1.25413,44731
2014-11-21 00:00:00,1.25412,1.25675,1.2422900000000001,1.24308,43202
2014-11-21 12:00:00,1.24307,1.2438500000000001,1.23747,1.23892,36314
2014-11-24 00:00:00,1.23623,1.24136,1.23623,1.24021,27296
2014-11-24 12:00:00,1.2402,1.24444,1.23919,1.2441,29153
2014-11-25 00:00:00,1.24407,1.24434,1.24153,1.24338,21219
2014-11-25 12:00:00,1.24336,1.24865,1.24015,1.24736,39293
2014-11-26 00:00:00,1.24734,1.24941,1.24537,1.24575,26479
2014-11-26 12:00:00,1.24574,1.2530999999999999,1.24429,1.25044,41914
2014-11-27 00:00:00,1.25047,1.25233,1.24647,1.24654,18667
2014-11-27 12:00:00,1.24652,1.24983,1.24643,1.24664,17073
2014-11-28 00:00:00,1.24657,1.24672,1.24287,1.24356,26955
2014-11-28 12:00:00,1.24357,1.24897,1.24259,1.24498,30893
2014-12-01 00:00:00,1.24613,1.2474,1.24189,1.24644,23032
2014-12-01 12:00:00,1.24644,1.25062,1.24545,1.24682,38137
2014-12-02 00:00:00,1.24685,1.24757,1.2432699999999999,1.24354,23671
2014-12-02 12:00:00,1.2435100000000001,1.24479,1.23765,1.23818,31304
2014-12-03 00:00:00,1.23806,1.23904,1.23224,1.23269,23300
2014-12-03 12:00:00,1.23263,1.23446,1.23008,1.23092,30142
2014-12-04 00:00:00,1.23103,1.23248,1.2295099999999999,1.23154,20195
2014-12-04 12:00:00,1.23152,1.24561,1.22794,1.23787,39631
2014-12-05 00:00:00,1.23767,1.23925,1.23602,1.23683,23803
2014-12-05 12:00:00,1.23682,1.23786,1.2270699999999999,1.22844,33833
2014-12-08 00:00:00,1.22828,1.23029,1.22523,1.22596,26256
2014-12-08 12:00:00,1.22593,1.23435,1.22472,1.23162,35628
2014-12-09 00:00:00,1.23061,1.23673,1.2292,1.23462,31457
2014-12-09 12:00:00,1.23462,1.24476,1.2341199999999999,1.23736,40598
2014-12-10 00:00:00,1.23737,1.23989,1.2361900000000001,1.23907,29804
2014-12-10 12:00:00,1.23906,1.24481,1.23655,1.24467,40879
2014-12-11 00:00:00,1.24435,1.24949,1.2417799999999999,1.24211,30004
2014-12-11 12:00:00,1.24209,1.24676,1.237,1.2408,36754
2014-12-12 00:00:00,1.24112,1.24526,1.23842,1.24261,24046
2014-12-12 12:00:00,1.24262,1.2485,1.24242,1.246,40009
2014-12-15 00:00:00,1.24731,1.24773,1.24186,1.242,30272
2014-12-15 12:00:00,1.24199,1.24785,1.2414399999999999,1.24345,40273
2014-12-16 00:00:00,1.2435100000000001,1.25193,1.24334,1.25098,29726
2014-12-16 12:00:00,1.25102,1.25696,1.24776,1.25102,47891
2014-12-17 00:00:00,1.25079,1.2515399999999999,1.24545,1.24616,29596
2014-12-17 12:00:00,1.24619,1.24767,1.23204,1.23406,44300
2014-12-18 00:00:00,1.23405,1.23527,1.22778,1.23028,29896
2014-12-18 12:00:00,1.23026,1.2337799999999999,1.22656,1.22856,38796
2014-12-19 00:00:00,1.22849,1.2298,1.22709,1.22744,25534
2014-12-19 12:00:00,1.22742,1.23019,1.222,1.22224,35442
2014-12-22 00:00:00,1.2223,1.22723,1.22197,1.2263,76458
2014-12-22 12:00:00,1.2263,1.22702,1.22164,1.22285,93405
2014-12-23 00:00:00,1.22285,1.22454,1.22203,1.2234,68113
2014-12-23 12:00:00,1.22342,1.22364,1.21644,1.21721,87156
2014-12-24 00:00:00,1.21721,1.22069,1.21693,1.22029,68873
2014-12-24 12:00:00,1.22029,1.22199,1.21853,1.21891,51726
2014-12-26 00:00:00,1.22085,1.22108,1.21864,1.21934,14576
2014-12-26 12:00:00,1.21934,1.21947,1.21684,1.21773,61860
2014-12-29 00:00:00,1.21807,1.2220900000000001,1.21668,1.22079,45017
2014-12-29 12:00:00,1.22079,1.22144,1.2143,1.215,22544
2014-12-30 00:00:00,1.215,1.21873,1.21237,1.2160199999999999,21290
2014-12-30 12:00:00,1.21598,1.21806,1.21478,1.21546,25120
2014-12-31 00:00:00,1.21525,1.21695,1.21441,1.21519,15320
2014-12-31 12:00:00,1.21515,1.21584,1.20973,1.20995,16728
2015-01-02 00:00:00,1.20538,1.2069,1.20344,1.20573,13196
2015-01-02 12:00:00,1.20574,1.20577,1.19997,1.20014,39886
2015-01-05 00:00:00,1.19454,1.19757,1.18642,1.19539,46447
2015-01-05 12:00:00,1.19538,1.19566,1.18866,1.19317,48694
2015-01-06 00:00:00,1.19318,1.19682,1.19045,1.19072,34266
2015-01-06 12:00:00,1.19073,1.19577,1.18836,1.18887,57431
2015-01-07 00:00:00,1.18889,1.18956,1.18466,1.1853,38796
2015-01-07 12:00:00,1.18529,1.1875499999999999,1.18014,1.18386,59295
2015-01-08 00:00:00,1.18386,1.1846700000000001,1.17797,1.17809,33421
2015-01-08 12:00:00,1.17808,1.18186,1.17536,1.17899,49184
2015-01-09 00:00:00,1.17901,1.18194,1.17844,1.1815,34332
2015-01-09 12:00:00,1.18151,1.1844999999999999,1.1762299999999999,1.18402,56699
2015-01-12 00:00:00,1.18481,1.18702,1.18046,1.18125,33472
2015-01-12 12:00:00,1.18126,1.18452,1.17856,1.18325,47519
2015-01-13 00:00:00,1.18324,1.18589,1.17936,1.1807699999999999,37944
2015-01-13 12:00:00,1.18076,1.18103,1.17529,1.17718,55128
2015-01-14 00:00:00,1.17712,1.18106,1.17267,1.17438,42923
2015-01-14 12:00:00,1.17437,1.18451,1.1737,1.17881,58259
2015-01-15 00:00:00,1.17882,1.17921,1.15728,1.17219,36827
2015-01-15 12:00:00,1.1722,1.1772,1.15673,1.1629800000000001,86650
2015-01-16 00:00:00,1.16305,1.16479,1.15995,1.1628,49897
2015-01-16 12:00:00,1.16282,1.16345,1.14594,1.1565,71446
2015-01-19 00:00:00,1.15524,1.16273,1.15512,1.16151,30948
2015-01-19 12:00:00,1.16151,1.16381,1.15849,1.1606,19049
2015-01-20 00:00:00,1.1605,1.16084,1.15676,1.16039,15432
2015-01-20 12:00:00,1.1604,1.16138,1.15397,1.15479,21148
2015-01-21 00:00:00,1.1548,1.15875,1.15406,1.157,14676
2015-01-21 12:00:00,1.15699,1.1679,1.15614,1.16087,31103
2015-01-22 00:00:00,1.16088,1.16287,1.15748,1.16227,14750
2015-01-22 12:00:00,1.16228,1.16485,1.13156,1.13642,41510
2015-01-23 00:00:00,1.1363,1.13731,1.12303,1.12323,23391
2015-01-23 12:00:00,1.12328,1.12881,1.11145,1.12032,39052
2015-01-26 00:00:00,1.11492,1.12591,1.1097,1.12498,25485
2015-01-26 12:00:00,1.12499,1.12945,1.12208,1.1237300000000001,25532
2015-01-27 00:00:00,1.12377,1.13451,1.1223,1.1317599999999999,18827
2015-01-27 12:00:00,1.1317300000000001,1.14221,1.12609,1.13803,46575
2015-01-28 00:00:00,1.13803,1.13828,1.13263,1.13622,27204
2015-01-28 12:00:00,1.13624,1.13806,1.12757,1.12865,44443
2015-01-29 00:00:00,1.12867,1.13184,1.12612,1.13148,17376
2015-01-29 12:00:00,1.1314899999999999,1.1367,1.1278,1.13185,28432
2015-01-30 00:00:00,1.13154,1.13518,1.13035,1.1308799999999999,13778
2015-01-30 12:00:00,1.13093,1.13628,1.1277,1.1284399999999999,31119
2015-02-02 00:00:00,1.1311499999999999,1.13524,1.12918,1.13518,25145
2015-02-02 12:00:00,1.13516,1.13616,1.13019,1.13413,37844
2015-02-03 00:00:00,1.13399,1.1351499999999999,1.13122,1.1333,26802
2015-02-03 12:00:00,1.13329,1.15332,1.13313,1.14781,50114
2015-02-04 00:00:00,1.14779,1.14842,1.1436600000000001,1.14444,21977
2015-02-04 12:00:00,1.14443,1.14619,1.13155,1.13433,46460
2015-02-05 00:00:00,1.13428,1.13956,1.13035,1.1388,30517
2015-02-05 12:00:00,1.13882,1.14983,1.13738,1.14763,44911
2015-02-06 00:00:00,1.1476,1.1485,1.14405,1.14536,20782
2015-02-06 12:00:00,1.14537,1.1466,1.1309,1.13102,45300
2015-02-09 00:00:00,1.12952,1.13586,1.12947,1.13439,23426
2015-02-09 12:00:00,1.13439,1.13543,1.12698,1.1323400000000001,42007
2015-02-10 00:00:00,1.13233,1.13448,1.12842,1.12842,22946
2015-02-10 12:00:00,1.12843,1.13345,1.12726,1.13197,45850
2015-02-11 00:00:00,1.1320000000000001,1.13308,1.13021,1.13227,20258
2015-02-11 12:00:00,1.13227,1.13466,1.12794,1.13351,44135
2015-02-12 00:00:00,1.13348,1.1353900000000001,1.13016,1.13437,25025
2015-02-12 12:00:00,1.13433,1.14224,1.1326100000000001,1.14022,46172
2015-02-13 00:00:00,1.1402,1.14421,1.13936,1.1431499999999999,25737
2015-02-13 12:00:00,1.14303,1.14319,1.13792,1.13919,34802
2015-02-16 00:00:00,1.13994,1.14285,1.13887,1.1403,19704
2015-02-16 12:00:00,1.14029,1.14198,1.13191,1.13528,31482
2015-02-17 00:00:00,1.13533,1.13965,1.13217,1.13855,26928
2015-02-17 12:00:00,1.13849,1.14478,1.13763,1.141,42479
2015-02-18 00:00:00,1.14097,1.14152,1.13776,1.13926,20470
2015-02-18 12:00:00,1.13925,1.14072,1.13335,1.13962,44471
2015-02-19 00:00:00,1.1396,1.14496,1.13923,1.13948,21252
2015-02-19 12:00:00,1.1395,1.14053,1.1355,1.13674,38370
2015-02-20 00:00:00,1.13675,1.1372200000000001,1.13034,1.13308,20413
2015-02-20 12:00:00,1.1331,1.14231,1.12788,1.13785,49318
2015-02-23 00:00:00,1.1394,1.13952,1.131,1.13121,20823
2015-02-23 12:00:00,1.13122,1.13597,1.12947,1.1334,34378
2015-02-24 00:00:00,1.13335,1.13413,1.1299299999999999,1.1302699999999999,20216
2015-02-24 12:00:00,1.1303,1.13577,1.129,1.13397,38822
2015-02-25 00:00:00,1.13395,1.1388,1.1335899999999999,1.13676,22365
2015-02-25 12:00:00,1.13675,1.1371,1.13353,1.13606,33919
2015-02-26 00:00:00,1.13593,1.13745,1.13442,1.13727,19330
2015-02-26 12:00:00,1.13727,1.13791,1.11834,1.11975,42392
2015-02-27 00:00:00,1.11975,1.12314,1.11927,1.12209,23678
2015-02-27 12:00:00,1.1221,1.12446,1.11758,1.11957,40553
2015-03-02 00:00:00,1.11805,1.12176,1.11597,1.12161,21812
2015-03-02 12:00:00,1.12158,1.12402,1.11762,1.11824,32196
2015-03-03 00:00:00,1.11835,1.12118,1.11696,1.11717,21756
2015-03-03 12:00:00,1.11719,1.12171,1.11545,1.11752,35047
2015-03-04 00:00:00,1.11742,1.11852,1.11153,1.11302,20756
2015-03-04 12:00:00,1.11304,1.1144,1.10615,1.10767,38236
2015-03-05 00:00:00,1.10772,1.10845,1.10259,1.10362,22495
2015-03-05 12:00:00,1.10362,1.11118,1.09879,1.10291,42768
2015-03-06 00:00:00,1.10284,1.10322,1.09649,1.09671,18927
2015-03-06 12:00:00,1.09668,1.09856,1.0838700000000001,1.08433,46863
2015-03-09 00:00:00,1.08296,1.08992,1.08227,1.08914,24025
2015-03-09 12:00:00,1.08914,1.09061,1.0838,1.08518,35276
2015-03-10 00:00:00,1.08509,1.08547,1.07348,1.07535,33148
2015-03-10 12:00:00,1.07534,1.07913,1.06676,1.06785,47619
2015-03-11 00:00:00,1.06791,1.07163,1.0594,1.06019,34858
2015-03-11 12:00:00,1.06016,1.06278,1.05108,1.05444,53861
2015-03-12 00:00:00,1.05457,1.06425,1.04943,1.05996,37798
2015-03-12 12:00:00,1.05997,1.06833,1.05876,1.06241,52101
2015-03-13 00:00:00,1.06238,1.06343,1.05644,1.06081,26504
2015-03-13 12:00:00,1.0608,1.06123,1.04619,1.0491,56732
2015-03-16 00:00:00,1.04855,1.05524,1.04791,1.05354,34070
2015-03-16 12:00:00,1.05352,1.06193,1.05232,1.05669,49436
2015-03-17 00:00:00,1.05664,1.06152,1.0551,1.06069,27385
2015-03-17 12:00:00,1.06072,1.06505,1.05838,1.05972,44994
2015-03-18 00:00:00,1.05961,1.06193,1.05797,1.06098,24736
2015-03-18 12:00:00,1.06098,1.10415,1.05891,1.08284,63012
2015-03-19 00:00:00,1.08291,1.09191,1.06299,1.06867,53179
2015-03-19 12:00:00,1.06821,1.07364,1.06125,1.06561,55316
2015-03-20 00:00:00,1.06562,1.06946,1.0655000000000001,1.06719,31973
2015-03-20 12:00:00,1.06719,1.08813,1.0671599999999999,1.08189,51025
2015-03-23 00:00:00,1.08667,1.08687,1.07667,1.0813,37986
2015-03-23 12:00:00,1.08128,1.09707,1.08088,1.0944099999999999,53178
2015-03-24 00:00:00,1.09457,1.1,1.09035,1.0971,31573
2015-03-24 12:00:00,1.09711,1.10286,1.08897,1.09176,48868
2015-03-25 00:00:00,1.09184,1.09734,1.09002,1.09537,25719
2015-03-25 12:00:00,1.09537,1.10139,1.09432,1.09708,44084
2015-03-26 00:00:00,1.09711,1.10515,1.09575,1.10357,38888
2015-03-26 12:00:00,1.10357,1.10433,1.08555,1.0874,51208
2015-03-27 00:00:00,1.08743,1.0895299999999999,1.08007,1.08207,35439
2015-03-27 12:00:00,1.08209,1.09473,1.08118,1.08841,47564
2015-03-30 00:00:00,1.08841,1.08913,1.08195,1.08617,28734
2015-03-30 12:00:00,1.08617,1.08701,1.08095,1.0832,46787
2015-03-31 00:00:00,1.08317,1.08447,1.07219,1.07219,28146
2015-03-31 12:00:00,1.07225,1.07752,1.07123,1.07308,41863
2015-04-01 00:00:00,1.07331,1.07914,1.0718,1.07312,29846
2015-04-01 12:00:00,1.07313,1.07992,1.07244,1.07624,42177
2015-04-02 00:00:00,1.07622,1.08434,1.07497,1.08268,24524
2015-04-02 12:00:00,1.0827,1.09048,1.08011,1.08792,43237
2015-04-03 00:00:00,1.08793,1.08883,1.08632,1.08789,14262
2015-04-03 12:00:00,1.08788,1.10261,1.08731,1.09679,27915
2015-04-06 00:00:00,1.10007,1.10173,1.09653,1.09829,14388
2015-04-06 12:00:00,1.09829,1.10348,1.0909,1.09213,28430
2015-04-07 00:00:00,1.09211,1.0954,1.08333,1.08481,28052
2015-04-07 12:00:00,1.08481,1.08845,1.08029,1.08137,42580
2015-04-08 00:00:00,1.08137,1.08804,1.08072,1.08581,26646
2015-04-08 12:00:00,1.08578,1.0887,1.07627,1.07795,48898
2015-04-09 00:00:00,1.07796,1.07884,1.07304,1.07439,25358
2015-04-09 12:00:00,1.07439,1.0777700000000001,1.06372,1.06584,45242
2015-04-10 00:00:00,1.06585,1.06833,1.06046,1.06063,26108
2015-04-10 12:00:00,1.06062,1.06352,1.05674,1.0603,43600
2015-04-13 00:00:00,1.0603,1.0619,1.05492,1.05561,25215
2015-04-13 12:00:00,1.0556,1.06105,1.05202,1.05659,45249
2015-04-14 00:00:00,1.05658,1.05933,1.05311,1.0549,28566
2015-04-14 12:00:00,1.0549,1.07043,1.05486,1.06539,48551
2015-04-15 00:00:00,1.06534,1.06636,1.05705,1.05804,27107
2015-04-15 12:00:00,1.05806,1.07015,1.05732,1.06869,55082
2015-04-16 00:00:00,1.06869,1.07461,1.06254,1.06312,42785
2015-04-16 12:00:00,1.06308,1.08172,1.06246,1.07592,66368
2015-04-17 00:00:00,1.07592,1.08264,1.07378,1.0820400000000001,37443
2015-04-17 12:00:00,1.08209,1.08481,1.07343,1.08089,54886
2015-04-20 00:00:00,1.08089,1.08195,1.07479,1.07527,30237
2015-04-20 12:00:00,1.07523,1.0768,1.0712,1.07379,40913
2015-04-21 00:00:00,1.07379,1.0751,1.0659399999999999,1.06808,33490
2015-04-21 12:00:00,1.06802,1.07808,1.06643,1.07333,55228
2015-04-22 00:00:00,1.07333,1.07946,1.07161,1.07753,35524
2015-04-22 12:00:00,1.07752,1.08004,1.07079,1.07253,56657
2015-04-23 00:00:00,1.07253,1.07359,1.0665499999999999,1.07274,36847
2015-04-23 12:00:00,1.07269,1.08458,1.07168,1.08245,63493
2015-04-24 00:00:00,1.08245,1.08996,1.07842,1.08843,38812
2015-04-24 12:00:00,1.08843,1.08845,1.08047,1.087,61631
2015-04-27 00:00:00,1.08627,1.08864,1.08247,1.08344,30304
2015-04-27 12:00:00,1.08342,1.09263,1.08191,1.08869,55917
2015-04-28 00:00:00,1.08897,1.09046,1.08595,1.09035,35092
2015-04-28 12:00:00,1.09033,1.09905,1.0899,1.09788,65302
2015-04-29 00:00:00,1.09767,1.10095,1.09591,1.10067,31786
2015-04-29 12:00:00,1.10068,1.11875,1.09853,1.11265,85988
2015-04-30 00:00:00,1.11277,1.12485,1.10708,1.12082,43840
2015-04-30 12:00:00,1.12085,1.12659,1.11154,1.12222,99378
2015-05-01 00:00:00,1.12188,1.12694,1.11996,1.12547,34365
2015-05-01 12:00:00,1.12547,1.12896,1.11742,1.11967,67682
2015-05-04 00:00:00,1.11922,1.12238,1.11355,1.11415,30992
2015-05-04 12:00:00,1.11413,1.11897,1.11224,1.11469,31228
2015-05-05 00:00:00,1.11444,1.11507,1.10662,1.1097299999999999,5985
2015-05-05 12:00:00,1.10977,1.12203,1.10828,1.11849,15112
2015-05-06 00:00:00,1.1185100000000001,1.12694,1.11749,1.12281,9106
2015-05-06 12:00:00,1.12273,1.13693,1.12024,1.13447,32690
2015-05-07 00:00:00,1.13473,1.13812,1.1325,1.13573,9287
2015-05-07 12:00:00,1.13557,1.13918,1.12371,1.12657,21879
2015-05-08 00:00:00,1.12654,1.12765,1.11816,1.1233,9777
2015-05-08 12:00:00,1.12317,1.12876,1.11789,1.12085,24563
2015-05-11 00:00:00,1.12,1.12053,1.11327,1.11694,6753
2015-05-11 12:00:00,1.11672,1.11746,1.11305,1.11542,41445
2015-05-12 00:00:00,1.11544,1.12668,1.11337,1.12577,46714
2015-05-12 12:00:00,1.12576,1.1278,1.12051,1.12127,58749
2015-05-13 00:00:00,1.12127,1.12654,1.12067,1.12258,34615
2015-05-13 12:00:00,1.12253,1.13821,1.12019,1.13542,51528
2015-05-14 00:00:00,1.13535,1.14301,1.13402,1.1403,40930
2015-05-14 12:00:00,1.14028,1.14442,1.13428,1.14095,64519
2015-05-15 00:00:00,1.14094,1.14199,1.1351499999999999,1.13588,36513
2015-05-15 12:00:00,1.13587,1.14661,1.13233,1.14466,41152
2015-05-18 00:00:00,1.14485,1.14485,1.13666,1.13853,6072
2015-05-18 12:00:00,1.13863,1.14226,1.12979,1.1314,45654
2015-05-19 00:00:00,1.13146,1.13256,1.11594,1.11944,45886
2015-05-19 12:00:00,1.11939,1.1216,1.11184,1.1149,66235
2015-05-20 00:00:00,1.11506,1.11514,1.10616,1.1108,45217
2015-05-20 12:00:00,1.11078,1.11444,1.10693,1.10932,77084
2015-05-21 00:00:00,1.10917,1.11724,1.1078999999999999,1.11537,44746
2015-05-21 12:00:00,1.11536,1.11807,1.11044,1.11113,64576
2015-05-22 00:00:00,1.11113,1.11755,1.11001,1.11687,39010
2015-05-22 12:00:00,1.11685,1.12069,1.10016,1.10141,66127
2015-05-25 00:00:00,1.10052,1.10089,1.09584,1.09721,33332
2015-05-25 12:00:00,1.09722,1.09907,1.09672,1.09769,27366
2015-05-26 00:00:00,1.09764,1.09806,1.08844,1.08907,45591
2015-05-26 12:00:00,1.08907,1.09394,1.08626,1.08723,68183
2015-05-27 00:00:00,1.08718,1.09284,1.08644,1.09192,39331
2015-05-27 12:00:00,1.09191,1.0924,1.08185,1.09034,68568
2015-05-28 00:00:00,1.09035,1.0950199999999999,1.08893,1.09401,48342
2015-05-28 12:00:00,1.09396,1.09579,1.08681,1.09473,69136
2015-05-29 00:00:00,1.09471,1.09733,1.09251,1.09575,39450
2015-05-29 12:00:00,1.09578,1.10053,1.09515,1.09895,64964
2015-06-01 00:00:00,1.09835,1.09876,1.08945,1.08978,38541
2015-06-01 12:00:00,1.08977,1.09784,1.08865,1.0925799999999999,79644
2015-06-02 00:00:00,1.09257,1.0991900000000001,1.09152,1.09815,59785
2015-06-02 12:00:00,1.09814,1.11927,1.096,1.11501,129739
2015-06-03 00:00:00,1.11499,1.1189,1.11219,1.11291,65355
2015-06-03 12:00:00,1.1129,1.12843,1.10811,1.12737,36757
2015-06-04 00:00:00,1.12736,1.1379299999999999,1.12309,1.13363,8007
2015-06-04 12:00:00,1.13362,1.13676,1.12219,1.12372,59023
2015-06-05 00:00:00,1.1237,1.12793,1.11791,1.12584,73630
2015-06-05 12:00:00,1.12587,1.12717,1.10489,1.11163,111630
2015-06-08 00:00:00,1.11018,1.11777,1.10837,1.112,57334
2015-06-08 12:00:00,1.11199,1.13063,1.11144,1.12908,94605
2015-06-09 00:00:00,1.12902,1.13446,1.12554,1.12808,70006
2015-06-09 12:00:00,1.12807,1.12977,1.12136,1.12817,101011
2015-06-10 00:00:00,1.12796,1.13855,1.12709,1.1317599999999999,82593
2015-06-10 12:00:00,1.1317599999999999,1.13495,1.12599,1.1323,104499
2015-06-11 00:00:00,1.13232,1.13306,1.12402,1.12662,55533
2015-06-11 12:00:00,1.12659,1.12837,1.11816,1.1256599999999999,95114
2015-06-12 00:00:00,1.12567,1.12667,1.11509,1.1166800000000001,52799
2015-06-12 12:00:00,1.1166800000000001,1.12961,1.11537,1.12621,95398
2015-06-15 00:00:00,1.12133,1.12594,1.11893,1.12372,30263
2015-06-15 12:00:00,1.12375,1.12938,1.12036,1.1282,82293
2015-06-16 00:00:00,1.1283,1.13292,1.12534,1.12568,53873
2015-06-16 12:00:00,1.12554,1.12701,1.12044,1.12467,75083
2015-06-17 00:00:00,1.12467,1.12919,1.12382,1.12616,45223
2015-06-17 12:00:00,1.12608,1.13574,1.12057,1.13365,105289
2015-06-18 00:00:00,1.13365,1.14193,1.13297,1.13836,65356
2015-06-18 12:00:00,1.13836,1.1436,1.13395,1.13595,98725
2015-06-19 00:00:00,1.13575,1.13962,1.1299299999999999,1.1313,52127
2015-06-19 12:00:00,1.1313,1.13655,1.12915,1.13483,75120
2015-06-22 00:00:00,1.1374,1.1403,1.1311499999999999,1.13412,45245
2015-06-22 12:00:00,1.13414,1.14097,1.13206,1.13396,86770
2015-06-23 00:00:00,1.13398,1.13469,1.12309,1.12381,64636
2015-06-23 12:00:00,1.1238,1.12497,1.11347,1.11674,91010
2015-06-24 00:00:00,1.11663,1.12344,1.11539,1.12185,55687
2015-06-24 12:00:00,1.12185,1.12276,1.11684,1.12033,87959
2015-06-25 00:00:00,1.12056,1.12273,1.1182,1.11869,46120
2015-06-25 12:00:00,1.1187,1.1224,1.11534,1.12035,76408
2015-06-26 00:00:00,1.12023,1.12194,1.11786,1.12043,42066
2015-06-26 12:00:00,1.12041,1.12115,1.11297,1.11713,75962
2015-06-29 00:00:00,1.10047,1.11243,1.09538,1.11178,94805
2015-06-29 12:00:00,1.11177,1.12776,1.10827,1.1235,99158
2015-06-30 00:00:00,1.12346,1.12398,1.11353,1.114,57068
2015-06-30 12:00:00,1.11399,1.12437,1.11123,1.11453,99744
2015-07-01 00:00:00,1.1138,1.1151200000000001,1.10949,1.11473,49284
2015-07-01 12:00:00,1.11475,1.11708,1.10425,1.10518,86099
2015-07-02 00:00:00,1.10525,1.10872,1.1031900000000001,1.10762,48654
2015-07-02 12:00:00,1.10768,1.11209,1.10467,1.10826,79010
2015-07-03 00:00:00,1.10835,1.11169,1.10799,1.11071,41376
2015-07-03 12:00:00,1.11071,1.11175,1.10643,1.11038,59029
2015-07-06 00:00:00,1.09794,1.1095,1.09688,1.10615,70978
2015-07-06 12:00:00,1.1062,1.10907,1.10011,1.10551,82263
2015-07-07 00:00:00,1.10551,1.10581,1.09601,1.0966,57353
2015-07-07 12:00:00,1.0966,1.10507,1.09158,1.10103,116267
2015-07-08 00:00:00,1.10104,1.10584,1.09734,1.10427,64075
2015-07-08 12:00:00,1.10428,1.10925,1.10053,1.10756,96093
2015-07-09 00:00:00,1.10754,1.11245,1.10265,1.10436,58981
2015-07-09 12:00:00,1.1044,1.10686,1.0991,1.10353,84077
2015-07-10 00:00:00,1.10353,1.11334,1.103,1.11128,61540
2015-07-10 12:00:00,1.11127,1.12153,1.1108500000000001,1.11541,95760
2015-07-13 00:00:00,1.10993,1.11963,1.10532,1.10616,65398
2015-07-13 12:00:00,1.10616,1.1084,1.09948,1.10001,83599
2015-07-14 00:00:00,1.10001,1.10377,1.09649,1.1025800000000001,60503
2015-07-14 12:00:00,1.10257,1.10808,1.09923,1.10082,83087
2015-07-15 00:00:00,1.10082,1.10349,1.09862,1.1026799999999999,53977
2015-07-15 12:00:00,1.1026799999999999,1.10322,1.09293,1.09477,88361
2015-07-16 00:00:00,1.09483,1.0962,1.08957,1.09034,57248
2015-07-16 12:00:00,1.09032,1.09259,1.08549,1.0873,85192
2015-07-17 00:00:00,1.08731,1.09063,1.08719,1.08893,46067
2015-07-17 12:00:00,1.08894,1.08969,1.08281,1.08299,72312
2015-07-20 00:00:00,1.08332,1.08643,1.08198,1.08491,43223
2015-07-20 12:00:00,1.08494,1.08695,1.08078,1.08245,71842
2015-07-21 00:00:00,1.08243,1.08626,1.08109,1.08545,42634
2015-07-21 12:00:00,1.08541,1.0969,1.08418,1.09324,105455
2015-07-22 00:00:00,1.09341,1.09662,1.09235,1.09375,79942
2015-07-22 12:00:00,1.09374,1.09499,1.08691,1.09278,121622
2015-07-23 00:00:00,1.09234,1.10049,1.09213,1.09914,75796
2015-07-23 12:00:00,1.09912,1.1018,1.09513,1.09826,91955
2015-07-24 00:00:00,1.098,1.09955,1.09306,1.09393,47378
2015-07-24 12:00:00,1.09393,1.09922,1.09251,1.09762,76486
2015-07-27 00:00:00,1.09759,1.1113,1.09687,1.10777,58395
2015-07-27 12:00:00,1.10777,1.11292,1.10495,1.10866,86416
2015-07-28 00:00:00,1.10871,1.10995,1.10519,1.10643,52870
2015-07-28 12:00:00,1.10643,1.1073,1.10219,1.10592,77878
2015-07-29 00:00:00,1.10588,1.10837,1.10297,1.10625,47881
2015-07-29 12:00:00,1.10625,1.10793,1.09667,1.09821,89692
2015-07-30 00:00:00,1.09809,1.0989,1.09417,1.0968,52883
2015-07-30 12:00:00,1.09681,1.09843,1.08931,1.09313,88417
2015-07-31 00:00:00,1.09304,1.09671,1.09208,1.09362,50814
2015-07-31 12:00:00,1.09363,1.11139,1.0936,1.09831,103127
2015-08-03 00:00:00,1.09711,1.09957,1.09569,1.09701,46282
2015-08-03 12:00:00,1.09701,1.09885,1.0941,1.09503,86907
2015-08-04 00:00:00,1.09493,1.09783,1.0932,1.09702,53580
2015-08-04 12:00:00,1.09701,1.09873,1.08786,1.08809,92382
2015-08-05 00:00:00,1.08783,1.08937,1.08477,1.08579,55800
2015-08-05 12:00:00,1.08579,1.0937000000000001,1.08478,1.09052,91118
2015-08-06 00:00:00,1.09041,1.09433,1.08857,1.08861,48192
2015-08-06 12:00:00,1.08862,1.09352,1.08733,1.09235,82027
2015-08-07 00:00:00,1.09216,1.0949,1.09067,1.09232,40744
2015-08-07 12:00:00,1.09232,1.0977999999999999,1.08548,1.0964,83690
2015-08-10 00:00:00,1.09623,1.09809,1.09498,1.09734,27690
2015-08-10 12:00:00,1.09734,1.10411,1.0925,1.10154,72622
2015-08-11 00:00:00,1.10167,1.10489,1.09602,1.10366,56326
2015-08-11 12:00:00,1.10365,1.1088,1.10102,1.1037,79011
2015-08-12 00:00:00,1.1039,1.11572,1.1024,1.11302,57404
2015-08-12 12:00:00,1.11302,1.12137,1.11233,1.11553,86160
2015-08-13 00:00:00,1.11563,1.11885,1.11067,1.11184,42931
2015-08-13 12:00:00,1.11183,1.11653,1.10796,1.11476,68640
2015-08-14 00:00:00,1.1146,1.11712,1.11236,1.11379,37441
2015-08-14 12:00:00,1.11383,1.11885,1.10976,1.111,72675
2015-08-17 00:00:00,1.1114,1.11197,1.10622,1.11039,47183
2015-08-17 12:00:00,1.11039,1.11245,1.10584,1.10728,73771
2015-08-18 00:00:00,1.10738,1.10935,1.10511,1.10754,48194
2015-08-18 12:00:00,1.10753,1.10797,1.10171,1.10228,70431
2015-08-19 00:00:00,1.10238,1.10725,1.102,1.10532,46615
2015-08-19 12:00:00,1.10531,1.11342,1.10174,1.1116,102963
2015-08-20 00:00:00,1.11154,1.11483,1.11067,1.11424,55302
2015-08-20 12:00:00,1.11435,1.1244399999999999,1.11334,1.12375,99002
2015-08-21 00:00:00,1.12372,1.12946,1.12289,1.12577,65940
2015-08-21 12:00:00,1.12577,1.13884,1.12437,1.13865,120491
2015-08-24 00:00:00,1.13742,1.15002,1.13679,1.14709,92673
2015-08-24 12:00:00,1.14709,1.17138,1.14564,1.16129,168351
2015-08-25 00:00:00,1.16168,1.16214,1.1513,1.15554,96362
2015-08-25 12:00:00,1.15553,1.15579,1.13961,1.15127,143969
2015-08-26 00:00:00,1.15155,1.15612,1.14648,1.14731,87949
2015-08-26 12:00:00,1.1473,1.14798,1.12912,1.1311499999999999,143738
2015-08-27 00:00:00,1.13072,1.13642,1.12767,1.12826,66074
2015-08-27 12:00:00,1.12828,1.13076,1.12028,1.12393,116142
2015-08-28 00:00:00,1.12428,1.13094,1.12318,1.12881,53633
2015-08-28 12:00:00,1.12881,1.13009,1.11559,1.11803,103411
2015-08-31 00:00:00,1.11767,1.1262,1.11692,1.12,49538
2015-08-31 12:00:00,1.12004,1.12431,1.11799,1.1209,73636
2015-09-01 00:00:00,1.12079,1.13318,1.12077,1.1274899999999999,61824
2015-09-01 12:00:00,1.12751,1.1319,1.12331,1.13133,112188
2015-09-02 00:00:00,1.13127,1.13193,1.12419,1.1280000000000001,66516
2015-09-02 12:00:00,1.12801,1.12939,1.12162,1.12258,92878
2015-09-03 00:00:00,1.12252,1.1243,1.1205,1.12399,47366
2015-09-03 12:00:00,1.12399,1.12411,1.10869,1.11222,96397
2015-09-04 00:00:00,1.11206,1.11611,1.11156,1.11402,55541
2015-09-04 12:00:00,1.11402,1.11894,1.10897,1.11469,89988
2015-09-07 00:00:00,1.11571,1.1174,1.1121,1.11621,57763
2015-09-07 12:00:00,1.1162,1.11774,1.11385,1.11684,54496
2015-09-08 00:00:00,1.1166800000000001,1.12292,1.11531,1.11828,64967
2015-09-08 12:00:00,1.11828,1.12135,1.11522,1.12012,79673
2015-09-09 00:00:00,1.11981,1.1216,1.11465,1.11936,59160
2015-09-09 12:00:00,1.11936,1.1209,1.11313,1.1206,93944
2015-09-10 00:00:00,1.1202,1.1244399999999999,1.11818,1.11967,70890
2015-09-10 12:00:00,1.11966,1.1295,1.11715,1.12776,97250
2015-09-11 00:00:00,1.12755,1.13096,1.12719,1.12904,58093
2015-09-11 12:00:00,1.12904,1.13493,1.12538,1.13395,88116
2015-09-14 00:00:00,1.1329799999999999,1.13729,1.1326100000000001,1.13372,50871
2015-09-14 12:00:00,1.13372,1.1338,1.12832,1.1315,72177
2015-09-15 00:00:00,1.13145,1.13283,1.12838,1.13025,54905
2015-09-15 12:00:00,1.13033,1.13284,1.1258,1.12687,82113
2015-09-16 00:00:00,1.1268,1.12982,1.12452,1.12528,50049
2015-09-16 12:00:00,1.1252900000000001,1.13204,1.12138,1.1289,82483
2015-09-17 00:00:00,1.12885,1.13376,1.12842,1.13296,49838
2015-09-17 12:00:00,1.13297,1.14408,1.12941,1.14336,95851
2015-09-18 00:00:00,1.14333,1.1452499999999999,1.13899,1.14485,62683
2015-09-18 12:00:00,1.14485,1.146,1.12691,1.12985,96406
2015-09-21 00:00:00,1.12823,1.1329799999999999,1.12819,1.12967,53573
2015-09-21 12:00:00,1.12968,1.12991,1.11809,1.11888,85864
2015-09-22 00:00:00,1.11886,1.12072,1.11548,1.11963,48580
2015-09-22 12:00:00,1.11964,1.12001,1.1113,1.11236,87925
2015-09-23 00:00:00,1.11229,1.11542,1.11049,1.11121,49282
2015-09-23 12:00:00,1.11121,1.1213,1.11106,1.11844,94389
2015-09-24 00:00:00,1.11843,1.12228,1.11641,1.11987,56051
2015-09-24 12:00:00,1.11986,1.1295600000000001,1.11929,1.12321,103621
2015-09-25 00:00:00,1.1228,1.1228,1.11159,1.11391,64570
2015-09-25 12:00:00,1.11392,1.12127,1.11248,1.11994,91572
2015-09-28 00:00:00,1.1191,1.1214,1.11642,1.11798,48574
2015-09-28 12:00:00,1.11799,1.12474,1.11463,1.12436,96609
2015-09-29 00:00:00,1.12441,1.1280999999999999,1.12188,1.1227,56101
2015-09-29 12:00:00,1.1227,1.12675,1.11935,1.12478,100206
2015-09-30 00:00:00,1.12469,1.1261,1.12117,1.12272,52693
2015-09-30 12:00:00,1.12269,1.12361,1.11569,1.11763,91727
2015-10-01 00:00:00,1.11748,1.1178,1.11347,1.1163,47526
2015-10-01 12:00:00,1.1163,1.1209,1.11437,1.11939,88777
2015-10-02 00:00:00,1.11931,1.12038,1.11598,1.11632,46425
2015-10-02 12:00:00,1.11634,1.13181,1.11501,1.1209500000000001,106149
2015-10-05 00:00:00,1.12202,1.12645,1.12072,1.12582,65458
2015-10-05 12:00:00,1.12582,1.1289,1.11731,1.11871,90206
2015-10-06 00:00:00,1.11854,1.12195,1.11717,1.12059,51097
2015-10-06 12:00:00,1.1206,1.12792,1.12005,1.12704,85884
2015-10-07 00:00:00,1.12706,1.1284,1.12219,1.12418,54557
2015-10-07 12:00:00,1.12419,1.12731,1.12112,1.12368,91136
2015-10-08 00:00:00,1.12353,1.13094,1.12341,1.1293,46714
2015-10-08 12:00:00,1.1293,1.13265,1.12378,1.12756,92544
2015-10-09 00:00:00,1.12748,1.1347,1.12667,1.13232,53448
2015-10-09 12:00:00,1.13232,1.13869,1.13148,1.13569,92156
2015-10-12 00:00:00,1.13588,1.1384400000000001,1.13547,1.13802,40063
2015-10-12 12:00:00,1.13802,1.1396600000000001,1.13563,1.13578,53950
2015-10-13 00:00:00,1.13571,1.14108,1.13438,1.13803,46564
2015-10-13 12:00:00,1.13803,1.14005,1.1355,1.13782,78353
2015-10-14 00:00:00,1.13773,1.1427100000000001,1.13768,1.14055,48395
2015-10-14 12:00:00,1.14059,1.14889,1.13911,1.1473,90111
2015-10-15 00:00:00,1.14723,1.1494900000000001,1.14251,1.14413,54205
2015-10-15 12:00:00,1.14414,1.1451,1.13629,1.13803,90195
2015-10-16 00:00:00,1.13819,1.13945,1.13527,1.13599,43433
2015-10-16 12:00:00,1.13599,1.13909,1.13339,1.13474,78837
2015-10-19 00:00:00,1.13546,1.13788,1.1339299999999999,1.13595,52041
2015-10-19 12:00:00,1.13595,1.13599,1.1305399999999999,1.13269,72796
2015-10-20 00:00:00,1.13268,1.13643,1.1323699999999999,1.13588,38249
2015-10-20 12:00:00,1.13588,1.13868,1.13321,1.13453,72061
2015-10-21 00:00:00,1.1343,1.13772,1.13429,1.13594,41024
2015-10-21 12:00:00,1.13594,1.1363699999999999,1.13342,1.13382,70387
2015-10-22 00:00:00,1.13372,1.13507,1.13021,1.13128,46304
2015-10-22 12:00:00,1.13128,1.13257,1.10998,1.11087,103942
2015-10-23 00:00:00,1.11055,1.11372,1.10716,1.11289,59536
2015-10-23 12:00:00,1.11288,1.11394,1.0996299999999999,1.10169,94210
2015-10-26 00:00:00,1.10071,1.1056,1.10055,1.1024,44641
2015-10-26 12:00:00,1.10244,1.10682,1.10035,1.10529,69478
2015-10-27 00:00:00,1.10524,1.10705,1.10359,1.10442,40819
2015-10-27 12:00:00,1.1044,1.1078000000000001,1.103,1.10462,74563
2015-10-28 00:00:00,1.10454,1.10593,1.1025,1.10473,41062
2015-10-28 12:00:00,1.10473,1.10955,1.08966,1.09267,87558
2015-10-29 00:00:00,1.09268,1.09707,1.09026,1.09628,50997
2015-10-29 12:00:00,1.09627,1.09862,1.09244,1.0985800000000001,74220
2015-10-30 00:00:00,1.0985800000000001,1.10194,1.09653,1.10061,56495
2015-10-30 12:00:00,1.10038,1.10723,1.09865,1.1005,81211
2015-11-02 00:00:00,1.10266,1.10492,1.10038,1.1004,46144
2015-11-02 12:00:00,1.10038,1.10527,1.09998,1.1015,62970
2015-11-03 00:00:00,1.10139,1.10298,1.09773,1.09844,37630
2015-11-03 12:00:00,1.09842,1.0989,1.09357,1.09627,82119
2015-11-04 00:00:00,1.09626,1.0967500000000001,1.0916,1.09173,50235
2015-11-04 12:00:00,1.09174,1.0939,1.08439,1.08653,86305
2015-11-05 00:00:00,1.08628,1.0892,1.08333,1.08647,49589
2015-11-05 12:00:00,1.08647,1.08972,1.085,1.08828,84343
2015-11-06 00:00:00,1.08825,1.08935,1.08626,1.08649,41870
2015-11-06 12:00:00,1.08648,1.08842,1.0707,1.0739,90826
2015-11-09 00:00:00,1.07283,1.0777700000000001,1.07191,1.07696,53109
2015-11-09 12:00:00,1.07696,1.07896,1.07262,1.0749900000000001,93586
2015-11-10 00:00:00,1.075,1.07637,1.07295,1.07364,48147
2015-11-10 12:00:00,1.07363,1.07444,1.0674,1.07227,93666
2015-11-11 00:00:00,1.07214,1.07733,1.07171,1.07493,56903
2015-11-11 12:00:00,1.07493,1.07535,1.07054,1.07417,74171
2015-11-12 00:00:00,1.07432,1.07801,1.06906,1.07122,63944
2015-11-12 12:00:00,1.07122,1.08301,1.07075,1.0812,111924
2015-11-13 00:00:00,1.08103,1.08167,1.07517,1.07561,56657
2015-11-13 12:00:00,1.0756000000000001,1.08075,1.07137,1.07668,102103
2015-11-16 00:00:00,1.07366,1.07578,1.06865,1.0726,63835
2015-11-16 12:00:00,1.0726,1.07451,1.06744,1.06847,84982
2015-11-17 00:00:00,1.0677,1.06904,1.06425,1.0667200000000001,56008
2015-11-17 12:00:00,1.0668,1.06789,1.06305,1.0643,89776
2015-11-18 00:00:00,1.06413,1.06922,1.06308,1.06792,48406
2015-11-18 12:00:00,1.06791,1.06814,1.06166,1.06583,87560
2015-11-19 00:00:00,1.06574,1.07176,1.06549,1.06857,64103
2015-11-19 12:00:00,1.06857,1.07628,1.06684,1.07338,92591
2015-11-20 00:00:00,1.07322,1.07382,1.06637,1.06878,57851
2015-11-20 12:00:00,1.06878,1.07075,1.06397,1.06451,83710
2015-11-23 00:00:00,1.06372,1.06457,1.06002,1.06309,60179
2015-11-23 12:00:00,1.06309,1.06565,1.05922,1.06354,90411
2015-11-24 00:00:00,1.06355,1.06697,1.06193,1.06461,56933
2015-11-24 12:00:00,1.06462,1.0673300000000001,1.0628,1.06426,97850
2015-11-25 00:00:00,1.0642800000000001,1.0689,1.0606,1.06112,65755
2015-11-25 12:00:00,1.06113,1.06412,1.05657,1.06238,98105
2015-11-26 00:00:00,1.06228,1.0627,1.05996,1.06096,48702
2015-11-26 12:00:00,1.06096,1.06229,1.06043,1.06102,51703
2015-11-27 00:00:00,1.06101,1.06376,1.05837,1.05839,54070
2015-11-27 12:00:00,1.0584,1.06042,1.05682,1.05938,68233
2015-11-30 00:00:00,1.05887,1.05947,1.05629,1.05804,49596
2015-11-30 12:00:00,1.05804,1.05847,1.05576,1.05643,76240
2015-12-01 00:00:00,1.05639,1.06185,1.05629,1.05972,60482
2015-12-01 12:00:00,1.05973,1.06369,1.05851,1.06324,82313
2015-12-02 00:00:00,1.0634,1.06355,1.06071,1.06212,46301
2015-12-02 12:00:00,1.06211,1.06265,1.05505,1.06135,102371
2015-12-03 00:00:00,1.06121,1.06174,1.05524,1.05606,51210
2015-12-03 12:00:00,1.05606,1.09807,1.05222,1.09385,142667
2015-12-04 00:00:00,1.09408,1.09559,1.08585,1.08898,79496
2015-12-04 12:00:00,1.08897,1.09504,1.08357,1.08779,118319
2015-12-07 00:00:00,1.08681,1.08872,1.08112,1.08166,48646
2015-12-07 12:00:00,1.08167,1.08599,1.07958,1.08366,88358
2015-12-08 00:00:00,1.08348,1.08821,1.08299,1.08534,49034
2015-12-08 12:00:00,1.08533,1.09021,1.08403,1.0892,98759
2015-12-09 00:00:00,1.08895,1.09371,1.08789,1.09307,51685
2015-12-09 12:00:00,1.09307,1.10427,1.09158,1.10244,122276
2015-12-10 00:00:00,1.10214,1.10242,1.09609,1.09677,52931
2015-12-10 12:00:00,1.09677,1.09723,1.09247,1.09401,99631
2015-12-11 00:00:00,1.09395,1.097,1.09263,1.09432,51706
2015-12-11 12:00:00,1.0943100000000001,1.10305,1.09346,1.09894,112022
2015-12-14 00:00:00,1.09801,1.09932,1.09452,1.0958,59725
2015-12-14 12:00:00,1.09579,1.10483,1.09498,1.09922,114272
2015-12-15 00:00:00,1.09905,1.10593,1.09883,1.10247,59614
2015-12-15 12:00:00,1.10247,1.1038000000000001,1.09044,1.09285,99697
2015-12-16 00:00:00,1.09289,1.09584,1.09151,1.09213,53955
2015-12-16 12:00:00,1.09213,1.10116,1.08878,1.09104,119068
2015-12-17 00:00:00,1.09097,1.09138,1.08318,1.08548,63757
2015-12-17 12:00:00,1.08549,1.08706,1.08023,1.08245,86782
2015-12-18 00:00:00,1.08242,1.08681,1.08047,1.08233,69406
2015-12-18 12:00:00,1.08233,1.08742,1.08083,1.08613,87138
2015-12-21 00:00:00,1.08511,1.08829,1.08457,1.08535,47458
2015-12-21 12:00:00,1.08539,1.09387,1.08477,1.09139,80481
2015-12-22 00:00:00,1.09133,1.09437,1.09021,1.09347,45211
2015-12-22 12:00:00,1.09347,1.09839,1.09259,1.09568,75146
2015-12-23 00:00:00,1.09506,1.09568,1.09143,1.0922,37753
2015-12-23 12:00:00,1.09219,1.09343,1.08696,1.09099,66742
2015-12-24 00:00:00,1.09087,1.09673,1.09023,1.09594,32638
2015-12-24 12:00:00,1.09595,1.09644,1.09318,1.09542,28664
2015-12-28 00:00:00,1.0944099999999999,1.09815,1.0944099999999999,1.0979,29687
2015-12-28 12:00:00,1.09789,1.09922,1.0958,1.09681,49628
2015-12-29 00:00:00,1.09641,1.09914,1.09598,1.09787,32314
2015-12-29 12:00:00,1.09787,1.09802,1.08988,1.0918,60586
2015-12-30 00:00:00,1.09214,1.09434,1.09187,1.09313,30621
2015-12-30 12:00:00,1.09314,1.09428,1.0901399999999999,1.09312,63317
2015-12-31 00:00:00,1.09303,1.09368,1.09143,1.09229,21036
2015-12-31 12:00:00,1.09229,1.09247,1.08526,1.08609,45700
2016-01-04 00:00:00,1.08696,1.09462,1.0827,1.09288,64472
2016-01-04 12:00:00,1.09288,1.09355,1.07808,1.08319,93215
2016-01-05 00:00:00,1.08274,1.08386,1.07725,1.07735,51343
2016-01-05 12:00:00,1.07734,1.07847,1.07104,1.07463,80860
2016-01-06 00:00:00,1.07464,1.07729,1.07187,1.07342,57202
2016-01-06 12:00:00,1.07341,1.07992,1.07127,1.07796,91915
2016-01-07 00:00:00,1.07789,1.08691,1.07707,1.08455,71574
2016-01-07 12:00:00,1.08454,1.09399,1.08257,1.09287,106111
2016-01-08 00:00:00,1.09243,1.09331,1.08545,1.08728,64795
2016-01-08 12:00:00,1.08728,1.09299,1.08028,1.09245,107908
2016-01-11 00:00:00,1.09171,1.09697,1.08719,1.08853,62555
2016-01-11 12:00:00,1.08853,1.09098,1.08476,1.08581,91198
2016-01-12 00:00:00,1.08568,1.08999,1.0841,1.08564,60298
2016-01-12 12:00:00,1.08565,1.08773,1.08193,1.0857,99000
2016-01-13 00:00:00,1.08579,1.08593,1.0805,1.08192,66606
2016-01-13 12:00:00,1.08192,1.0887,1.08046,1.08757,98640
2016-01-14 00:00:00,1.08739,1.09365,1.08539,1.09019,69923
2016-01-14 12:00:00,1.09018,1.09429,1.08342,1.08634,111084
2016-01-15 00:00:00,1.08647,1.09174,1.0854300000000001,1.09049,67225
2016-01-15 12:00:00,1.09049,1.09844,1.08897,1.09132,117343
2016-01-18 00:00:00,1.09206,1.09273,1.0874,1.08992,70877
2016-01-18 12:00:00,1.08991,1.09042,1.08684,1.08941,57687
2016-01-19 00:00:00,1.08894,1.09047,1.08591,1.0872,60983
2016-01-19 12:00:00,1.08719,1.09389,1.08596,1.09065,102133
2016-01-20 00:00:00,1.09051,1.09757,1.09044,1.09233,75968
2016-01-20 12:00:00,1.09232,1.0937999999999999,1.08769,1.08883,116816
2016-01-21 00:00:00,1.08876,1.09208,1.08667,1.08903,79993
2016-01-21 12:00:00,1.08903,1.092,1.0777,1.0872600000000001,128566
2016-01-22 00:00:00,1.08727,1.08763,1.08128,1.08355,75047
2016-01-22 12:00:00,1.08355,1.08452,1.07888,1.07965,91810
2016-01-25 00:00:00,1.07886,1.08351,1.07886,1.08153,63163
2016-01-25 12:00:00,1.08154,1.08566,1.08084,1.08475,90059
2016-01-26 00:00:00,1.08474,1.0874,1.0834,1.08373,61376
2016-01-26 12:00:00,1.08373,1.08698,1.08185,1.08683,87521
2016-01-27 00:00:00,1.08685,1.08822,1.08503,1.08723,59125
2016-01-27 12:00:00,1.08723,1.09163,1.08596,1.0892,116950
2016-01-28 00:00:00,1.08925,1.09263,1.08694,1.09081,64030
2016-01-28 12:00:00,1.0908,1.09674,1.08914,1.0939,106429
2016-01-29 00:00:00,1.09384,1.09483,1.08828,1.0903,99663
2016-01-29 12:00:00,1.0903100000000001,1.09255,1.08096,1.083,109647
2016-02-01 00:00:00,1.08297,1.08595,1.08142,1.08572,61187
2016-02-01 12:00:00,1.08569,1.09125,1.08514,1.08873,87885
2016-02-02 00:00:00,1.08873,1.0919699999999999,1.08819,1.09139,61398
2016-02-02 12:00:00,1.09139,1.09397,1.08921,1.09177,89991
2016-02-03 00:00:00,1.09158,1.09358,1.09034,1.09172,62487
2016-02-03 12:00:00,1.0917,1.11452,1.09104,1.11017,137865
2016-02-04 00:00:00,1.11016,1.1167,1.10693,1.11625,85733
2016-02-04 12:00:00,1.11625,1.12387,1.1152,1.12067,139953
2016-02-05 00:00:00,1.12053,1.12162,1.11832,1.11945,67388
2016-02-05 12:00:00,1.11946,1.12468,1.11084,1.11578,120396
2016-02-08 00:00:00,1.11415,1.11828,1.11279,1.11784,58621
2016-02-08 12:00:00,1.11782,1.12155,1.10862,1.1191200000000001,131116
2016-02-09 00:00:00,1.1191,1.12372,1.1162,1.11852,91789
2016-02-09 12:00:00,1.11852,1.13378,1.11826,1.1294,139867
2016-02-10 00:00:00,1.12903,1.13111,1.1252,1.12646,80811
2016-02-10 12:00:00,1.12646,1.12985,1.11602,1.12889,148545
2016-02-11 00:00:00,1.12899,1.13543,1.12736,1.13243,93151
2016-02-11 12:00:00,1.13248,1.13761,1.13051,1.13218,160254
2016-02-12 00:00:00,1.1322,1.13337,1.12646,1.12948,94040
2016-02-12 12:00:00,1.12946,1.12972,1.12138,1.12503,114603
2016-02-15 00:00:00,1.12336,1.1249500000000001,1.11876,1.12063,83073
2016-02-15 12:00:00,1.12063,1.12087,1.11276,1.11531,76883
2016-02-16 00:00:00,1.1153,1.11928,1.11462,1.11747,68173
2016-02-16 12:00:00,1.11745,1.11902,1.11239,1.11423,100076
2016-02-17 00:00:00,1.1142,1.11788,1.11183,1.11302,69549
2016-02-17 12:00:00,1.11301,1.11566,1.11057,1.11267,102077
2016-02-18 00:00:00,1.11262,1.11493,1.11183,1.1137299999999999,61810
2016-02-18 12:00:00,1.1137299999999999,1.1139000000000001,1.10707,1.11058,104375
2016-02-19 00:00:00,1.11063,1.1139000000000001,1.10795,1.10845,65597
2016-02-19 12:00:00,1.10844,1.1137,1.10664,1.11279,92201
2016-02-22 00:00:00,1.11111,1.11244,1.10806,1.10808,62314
2016-02-22 12:00:00,1.10808,1.10808,1.10028,1.10281,86615
2016-02-23 00:00:00,1.10273,1.10524,1.09911,1.10026,64937
2016-02-23 12:00:00,1.10026,1.10375,1.09898,1.1018,95040
2016-02-24 00:00:00,1.10173,1.10267,1.09761,1.09823,65567
2016-02-24 12:00:00,1.09822,1.10459,1.09571,1.10116,110474
2016-02-25 00:00:00,1.10137,1.10384,1.10044,1.10137,65008
2016-02-25 12:00:00,1.1013600000000001,1.10496,1.09865,1.10168,96048
2016-02-26 00:00:00,1.10168,1.10679,1.10046,1.10156,61027
2016-02-26 12:00:00,1.10156,1.10307,1.09114,1.09289,98858
2016-02-29 00:00:00,1.0913,1.09625,1.09105,1.09148,66489
2016-02-29 12:00:00,1.09148,1.09148,1.08589,1.08718,95269
2016-03-01 00:00:00,1.08751,1.08932,1.08567,1.08611,66157
2016-03-01 12:00:00,1.08611,1.08846,1.08338,1.08656,96141
2016-03-02 00:00:00,1.08644,1.08807,1.08465,1.08699,63842
2016-03-02 12:00:00,1.08698,1.08724,1.08251,1.08672,96344
2016-03-03 00:00:00,1.08676,1.08769,1.08533,1.08662,63637
2016-03-03 12:00:00,1.08662,1.09725,1.08662,1.09556,91179
2016-03-04 00:00:00,1.09556,1.0973600000000001,1.09281,1.09623,55239
2016-03-04 12:00:00,1.09622,1.1043,1.09027,1.10064,111050
2016-03-07 00:00:00,1.09879,1.0997,1.09439,1.09542,47364
2016-03-07 12:00:00,1.09539,1.10255,1.09397,1.10121,80365
2016-03-08 00:00:00,1.10127,1.10443,1.10105,1.10139,55805
2016-03-08 12:00:00,1.10137,1.10575,1.09933,1.10096,87105
2016-03-09 00:00:00,1.10095,1.10107,1.09613,1.097,51354
2016-03-09 12:00:00,1.09699,1.10345,1.09457,1.09981,82874
2016-03-10 00:00:00,1.09973,1.10036,1.0959699999999999,1.09671,48228
2016-03-10 12:00:00,1.09671,1.12177,1.08219,1.11759,128465
2016-03-11 00:00:00,1.11759,1.12093,1.11043,1.11107,67062
2016-03-11 12:00:00,1.11105,1.11913,1.10801,1.11462,83478
2016-03-14 00:00:00,1.11444,1.11759,1.1112,1.11246,52282
2016-03-14 12:00:00,1.11245,1.11346,1.10775,1.11012,74718
2016-03-15 00:00:00,1.11012,1.11202,1.10715,1.10733,54627
2016-03-15 12:00:00,1.10738,1.11248,1.10733,1.11048,75730
2016-03-16 00:00:00,1.11049,1.11121,1.10743,1.10937,45358
2016-03-16 12:00:00,1.10937,1.1242,1.10575,1.1212,101615
2016-03-17 00:00:00,1.12123,1.13035,1.12048,1.12982,67022
2016-03-17 12:00:00,1.12982,1.13422,1.12781,1.13151,94010
2016-03-18 00:00:00,1.1313900000000001,1.13365,1.12558,1.12723,64850
2016-03-18 12:00:00,1.1272,1.13067,1.12622,1.1268799999999999,73567
2016-03-21 00:00:00,1.12682,1.1284399999999999,1.12352,1.12595,47653
2016-03-21 12:00:00,1.12596,1.12843,1.12344,1.12386,67996
2016-03-22 00:00:00,1.12386,1.12596,1.11881,1.12072,59040
2016-03-22 12:00:00,1.1207,1.12361,1.11959,1.1215,59522
2016-03-23 00:00:00,1.12151,1.12231,1.11798,1.11886,39424
2016-03-23 12:00:00,1.11886,1.12002,1.11628,1.11796,50685
2016-03-24 00:00:00,1.11802,1.1186,1.11486,1.11697,43096
2016-03-24 12:00:00,1.11697,1.11874,1.11439,1.11786,61636
2016-03-25 00:00:00,1.11786,1.11789,1.11536,1.11665,20169
2016-03-25 12:00:00,1.11665,1.11757,1.11576,1.11613,25345
2016-03-28 00:00:00,1.11599,1.11726,1.11527,1.11705,20871
2016-03-28 12:00:00,1.11702,1.12197,1.11572,1.11952,41162
2016-03-29 00:00:00,1.1193,1.12022,1.11687,1.11804,41070
2016-03-29 12:00:00,1.11804,1.13032,1.11753,1.12893,100222
2016-03-30 00:00:00,1.12896,1.13327,1.12831,1.13194,53640
2016-03-30 12:00:00,1.13195,1.13652,1.1302,1.13387,98848
2016-03-31 00:00:00,1.1335899999999999,1.13605,1.13098,1.13563,47073
2016-03-31 12:00:00,1.13559,1.14115,1.13496,1.13788,98288
2016-04-01 00:00:00,1.13777,1.14014,1.13665,1.13991,50205
2016-04-01 12:00:00,1.13992,1.14377,1.13344,1.13897,109485
2016-04-04 00:00:00,1.13994,1.14123,1.13667,1.13705,48564
2016-04-04 12:00:00,1.13709,1.14092,1.1357,1.13888,80911
2016-04-05 00:00:00,1.13863,1.14049,1.13435,1.13663,56907
2016-04-05 12:00:00,1.13665,1.1401,1.1335600000000001,1.13826,89788
2016-04-06 00:00:00,1.13826,1.13869,1.13403,1.1349,48634
2016-04-06 12:00:00,1.13491,1.14317,1.13262,1.13979,100577
2016-04-07 00:00:00,1.13975,1.14538,1.13597,1.13864,64120
2016-04-07 12:00:00,1.13864,1.14055,1.13373,1.13767,101769
2016-04-08 00:00:00,1.13751,1.13935,1.1348799999999999,1.13862,59149
2016-04-08 12:00:00,1.13863,1.1419,1.1351499999999999,1.13949,81270
2016-04-11 00:00:00,1.14138,1.14277,1.13721,1.13924,49134
2016-04-11 12:00:00,1.13924,1.1447,1.13772,1.14097,77701
2016-04-12 00:00:00,1.14052,1.14645,1.14001,1.1433,52928
2016-04-12 12:00:00,1.1433,1.14346,1.13458,1.13835,91424
2016-04-13 00:00:00,1.13827,1.13909,1.13361,1.13372,57898
2016-04-13 12:00:00,1.13374,1.13391,1.1268,1.12723,93626
2016-04-14 00:00:00,1.12728,1.12839,1.12335,1.1267800000000001,56409
2016-04-14 12:00:00,1.12677,1.12945,1.12477,1.12663,81362
2016-04-15 00:00:00,1.12616,1.1271,1.12453,1.12645,44460
2016-04-15 12:00:00,1.12644,1.13167,1.12569,1.12827,74989
2016-04-18 00:00:00,1.12998,1.13094,1.12734,1.13015,52197
2016-04-18 12:00:00,1.13015,1.13317,1.1296,1.13119,67013
2016-04-19 00:00:00,1.13091,1.13442,1.1303,1.13326,44192
2016-04-19 12:00:00,1.13325,1.13842,1.13252,1.13575,77603
2016-04-20 00:00:00,1.1356600000000001,1.13733,1.13484,1.13654,43075
2016-04-20 12:00:00,1.13653,1.13876,1.12901,1.12952,86743
2016-04-21 00:00:00,1.12952,1.13103,1.12828,1.12926,50598
2016-04-21 12:00:00,1.12926,1.13985,1.12696,1.1286,96985
2016-04-22 00:00:00,1.12859,1.13084,1.12643,1.12729,52612
2016-04-22 12:00:00,1.12728,1.12831,1.12154,1.12154,90708
2016-04-25 00:00:00,1.12167,1.12625,1.12145,1.12554,48470
2016-04-25 12:00:00,1.12555,1.12779,1.1243,1.1266,73530
2016-04-26 00:00:00,1.1266,1.12997,1.12559,1.12924,46525
2016-04-26 12:00:00,1.12924,1.13394,1.12703,1.1295,79217
2016-04-27 00:00:00,1.12948,1.1333199999999999,1.1291,1.13213,45785
2016-04-27 12:00:00,1.13213,1.13611,1.12713,1.13191,85337
2016-04-28 00:00:00,1.13199,1.13676,1.1296,1.13581,70987
2016-04-28 12:00:00,1.1358,1.1365,1.131,1.13509,84088
2016-04-29 00:00:00,1.13509,1.14141,1.1347,1.13779,54546
2016-04-29 12:00:00,1.1377,1.1459,1.13762,1.14504,102028
2016-05-02 00:00:00,1.14582,1.14837,1.14479,1.14785,47027
2016-05-02 12:00:00,1.14786,1.15354,1.14688,1.15331,84797
2016-05-03 00:00:00,1.15331,1.16159,1.15206,1.15922,59398
2016-05-03 12:00:00,1.15919,1.16006,1.14947,1.1494900000000001,99916
2016-05-04 00:00:00,1.1496,1.15111,1.14694,1.14887,54808
2016-05-04 12:00:00,1.14883,1.15292,1.14659,1.14855,101230
2016-05-05 00:00:00,1.14829,1.14934,1.14327,1.14379,41976
2016-05-05 12:00:00,1.1438,1.14445,1.13856,1.14048,87078
2016-05-06 00:00:00,1.1404,1.14273,1.13923,1.14221,43962
2016-05-06 12:00:00,1.14222,1.14796,1.13863,1.14009,94528
2016-05-09 00:00:00,1.13939,1.14194,1.138,1.13933,45639
2016-05-09 12:00:00,1.13936,1.14138,1.1375,1.13806,72536
2016-05-10 00:00:00,1.13814,1.14016,1.13694,1.13947,43782
2016-05-10 12:00:00,1.13947,1.14096,1.13583,1.13717,73391
2016-05-11 00:00:00,1.13691,1.13974,1.13686,1.13894,39008
2016-05-11 12:00:00,1.13894,1.14462,1.1384,1.14251,71010
2016-05-12 00:00:00,1.14242,1.14288,1.1403699999999999,1.14077,37002
2016-05-12 12:00:00,1.14074,1.14144,1.13702,1.13766,79603
2016-05-13 00:00:00,1.13736,1.13795,1.13285,1.13508,46480
2016-05-13 12:00:00,1.13508,1.13561,1.12825,1.1308799999999999,87053
2016-05-16 00:00:00,1.13098,1.13304,1.13019,1.13214,42246
2016-05-16 12:00:00,1.13215,1.1342,1.1307,1.13193,61578
2016-05-17 00:00:00,1.13198,1.13399,1.13108,1.1324,43386
2016-05-17 12:00:00,1.1324,1.13482,1.13013,1.13118,77551
2016-05-18 00:00:00,1.13111,1.13159,1.12559,1.12626,48797
2016-05-18 12:00:00,1.12626,1.12925,1.1214,1.12158,94142
2016-05-19 00:00:00,1.12144,1.12297,1.12052,1.12252,52029
2016-05-19 12:00:00,1.12252,1.12272,1.11796,1.12019,85644
2016-05-20 00:00:00,1.12016,1.12279,1.1196,1.12207,36171
2016-05-20 12:00:00,1.12208,1.1237,1.12043,1.1221700000000001,64497
2016-05-23 00:00:00,1.12033,1.12426,1.12002,1.121,43837
2016-05-23 12:00:00,1.121,1.12304,1.11873,1.1219,61675
2016-05-24 00:00:00,1.12187,1.12267,1.11682,1.11783,42982
2016-05-24 12:00:00,1.1177,1.11887,1.11321,1.11393,79781
2016-05-25 00:00:00,1.11398,1.11576,1.11341,1.11461,42308
2016-05-25 12:00:00,1.11461,1.11666,1.11285,1.11539,75236
2016-05-26 00:00:00,1.11536,1.11896,1.11492,1.11778,45230
2016-05-26 12:00:00,1.11779,1.12164,1.11586,1.11927,72328
2016-05-27 00:00:00,1.11918,1.12004,1.11741,1.11806,42281
2016-05-27 12:00:00,1.11807,1.11842,1.11107,1.1113,68583
2016-05-30 00:00:00,1.11125,1.11374,1.10977,1.11338,42285
2016-05-30 12:00:00,1.11339,1.11443,1.11277,1.1138,32311
2016-05-31 00:00:00,1.11362,1.11545,1.11219,1.11337,49684
2016-05-31 12:00:00,1.1134,1.11731,1.11245,1.11303,84970
2016-06-01 00:00:00,1.11301,1.1161699999999999,1.11138,1.11547,52641
2016-06-01 12:00:00,1.11547,1.11937,1.11485,1.11869,89982
2016-06-02 00:00:00,1.11865,1.12198,1.11823,1.12103,52470
2016-06-02 12:00:00,1.12103,1.1215600000000001,1.11449,1.1151,82021
2016-06-03 00:00:00,1.11499,1.11585,1.11419,1.11483,41313
2016-06-03 12:00:00,1.11483,1.1373199999999999,1.10707,1.13662,109922
2016-06-06 00:00:00,1.13542,1.13719,1.1335899999999999,1.13574,58557
2016-06-06 12:00:00,1.13575,1.13923,1.13262,1.13528,84184
2016-06-07 00:00:00,1.13528,1.1372200000000001,1.135,1.13642,48297
2016-06-07 12:00:00,1.1364,1.13801,1.1338300000000001,1.13555,73565
2016-06-08 00:00:00,1.13563,1.13768,1.13541,1.13699,43619
2016-06-08 12:00:00,1.137,1.14103,1.1364,1.13938,74661
2016-06-09 00:00:00,1.13936,1.14151,1.13509,1.13644,50947
2016-06-09 12:00:00,1.13644,1.13649,1.13052,1.13129,78108
2016-06-10 00:00:00,1.1313,1.1320999999999999,1.12894,1.1301,47847
2016-06-10 12:00:00,1.1301,1.1312,1.1245,1.12533,85703
2016-06-13 00:00:00,1.12478,1.12742,1.12316,1.1271,64798
2016-06-13 12:00:00,1.1271,1.1302699999999999,1.1237300000000001,1.12893,85013
2016-06-14 00:00:00,1.1289,1.1298,1.12282,1.12351,51815
2016-06-14 12:00:00,1.12351,1.1241,1.11886,1.12056,87678
2016-06-15 00:00:00,1.12068,1.1229,1.11894,1.1219,47196
2016-06-15 12:00:00,1.12189,1.12982,1.1209,1.12602,93338
2016-06-16 00:00:00,1.1258,1.12946,1.1255600000000001,1.12604,67587
2016-06-16 12:00:00,1.12605,1.12643,1.11307,1.1223,112020
2016-06-17 00:00:00,1.12231,1.12716,1.12225,1.1256599999999999,58194
2016-06-17 12:00:00,1.1256599999999999,1.12961,1.12415,1.12752,78362
2016-06-20 00:00:00,1.13308,1.13821,1.13079,1.13472,60044
2016-06-20 12:00:00,1.13472,1.13571,1.13018,1.13121,81546
2016-06-21 00:00:00,1.13093,1.13492,1.1306,1.13348,42803
2016-06-21 12:00:00,1.13347,1.13462,1.12428,1.12439,83436
2016-06-22 00:00:00,1.12421,1.12779,1.12362,1.12724,40745
2016-06-22 12:00:00,1.12726,1.13372,1.1265100000000001,1.12947,81323
2016-06-23 00:00:00,1.12937,1.13544,1.1293,1.13536,43084
2016-06-23 12:00:00,1.1354,1.14208,1.13401,1.13791,98087
2016-06-24 00:00:00,1.1384,1.14278,1.09113,1.11269,174021
2016-06-24 12:00:00,1.1127,1.11796,1.10345,1.1091199999999999,124031
2016-06-27 00:00:00,1.1002399999999999,1.10833,1.0984,1.10506,88049
2016-06-27 12:00:00,1.10507,1.10508,1.09705,1.10237,123833
2016-06-28 00:00:00,1.10235,1.1078999999999999,1.10098,1.10529,59610
2016-06-28 12:00:00,1.10534,1.11112,1.10345,1.10647,94463
2016-06-29 00:00:00,1.10641,1.1103,1.10489,1.10613,54210
2016-06-29 12:00:00,1.10613,1.113,1.10514,1.11235,98356
2016-06-30 00:00:00,1.1117,1.11347,1.10844,1.11206,53942
2016-06-30 12:00:00,1.11202,1.11541,1.10238,1.11048,118164
2016-07-01 00:00:00,1.11014,1.11164,1.10716,1.11051,49904
2016-07-01 12:00:00,1.1105,1.11689,1.11009,1.11361,83593
2016-07-04 00:00:00,1.11245,1.11439,1.10975,1.1108500000000001,42719
2016-07-04 12:00:00,1.11084,1.11591,1.11038,1.11532,51820
2016-07-05 00:00:00,1.11528,1.11862,1.11193,1.11359,48420
2016-07-05 12:00:00,1.11358,1.11669,1.10619,1.1075,80027
2016-07-06 00:00:00,1.10709,1.10785,1.10357,1.10554,66052
2016-07-06 12:00:00,1.10555,1.11112,1.10288,1.10989,93028
2016-07-07 00:00:00,1.10969,1.11069,1.1056,1.10812,51194
2016-07-07 12:00:00,1.10811,1.11009,1.10522,1.10601,77219
2016-07-08 00:00:00,1.10601,1.10893,1.10586,1.10744,40862
2016-07-08 12:00:00,1.10744,1.11198,1.10016,1.10497,83954
2016-07-11 00:00:00,1.10448,1.10553,1.10153,1.10259,50266
2016-07-11 12:00:00,1.1026,1.10743,1.10206,1.10568,65361
2016-07-12 00:00:00,1.10556,1.1126,1.10517,1.1111,57346
2016-07-12 12:00:00,1.1111,1.1116,1.10602,1.10604,85511
2016-07-13 00:00:00,1.10595,1.10707,1.10418,1.10593,56092
2016-07-13 12:00:00,1.10593,1.11195,1.10495,1.10883,77601
2016-07-14 00:00:00,1.10877,1.11288,1.1085,1.11074,64393
2016-07-14 12:00:00,1.11074,1.11644,1.1096300000000001,1.11191,86544
2016-07-15 00:00:00,1.11173,1.11486,1.11016,1.11381,60855
2016-07-15 12:00:00,1.11382,1.11435,1.1024,1.10244,79317
2016-07-18 00:00:00,1.10497,1.10725,1.10443,1.10508,44204
2016-07-18 12:00:00,1.10508,1.10839,1.10372,1.10748,63905
2016-07-19 00:00:00,1.10735,1.10801,1.10482,1.10664,38444
2016-07-19 12:00:00,1.10636,1.10733,1.09996,1.10189,70613
2016-07-20 00:00:00,1.10187,1.1021,1.0981,1.10015,43908
2016-07-20 12:00:00,1.10015,1.10298,1.09908,1.10129,61324
2016-07-21 00:00:00,1.10122,1.10469,1.10028,1.10143,47879
2016-07-21 12:00:00,1.10143,1.106,1.09793,1.10237,86629
2016-07-22 00:00:00,1.10229,1.10406,1.10159,1.10284,46063
2016-07-22 12:00:00,1.10284,1.10368,1.09551,1.09747,72395
2016-07-25 00:00:00,1.09725,1.09868,1.09516,1.09822,44835
2016-07-25 12:00:00,1.09821,1.09986,1.0967500000000001,1.09942,55309
2016-07-26 00:00:00,1.09927,1.10205,1.09826,1.10113,45093
2016-07-26 12:00:00,1.10111,1.10294,1.09778,1.09855,58423
2016-07-27 00:00:00,1.09821,1.10034,1.09811,1.09935,41969
2016-07-27 12:00:00,1.09935,1.10647,1.09314,1.10583,77291
2016-07-28 00:00:00,1.1057,1.11191,1.10519,1.11047,51492
2016-07-28 12:00:00,1.11048,1.11077,1.10683,1.10757,65572
2016-07-29 00:00:00,1.10763,1.11012,1.1072,1.10977,55814
2016-07-29 12:00:00,1.10978,1.11972,1.10929,1.11743,84495
2016-08-01 00:00:00,1.11715,1.11831,1.11591,1.11591,37800
2016-08-01 12:00:00,1.11592,1.11786,1.11548,1.11614,63394
2016-08-02 00:00:00,1.11602,1.12083,1.11573,1.1201699999999999,45398
2016-08-02 12:00:00,1.1202,1.12334,1.11866,1.12209,70975
2016-08-03 00:00:00,1.12202,1.12265,1.11966,1.11994,38176
2016-08-03 12:00:00,1.11995,1.12043,1.11403,1.11474,61072
2016-08-04 00:00:00,1.11478,1.11561,1.11271,1.1134,38210
2016-08-04 12:00:00,1.11338,1.11484,1.11135,1.11282,72469
2016-08-05 00:00:00,1.11252,1.11508,1.1125099999999999,1.11497,32853
2016-08-05 12:00:00,1.11497,1.11608,1.10453,1.10867,70981
2016-08-08 00:00:00,1.10795,1.11046,1.10768,1.10859,36611
2016-08-08 12:00:00,1.10857,1.10971,1.10716,1.10878,51461
2016-08-09 00:00:00,1.10855,1.10949,1.107,1.10938,34928
2016-08-09 12:00:00,1.10938,1.11221,1.10743,1.11169,58248
2016-08-10 00:00:00,1.11151,1.11557,1.11114,1.11464,41074
2016-08-10 12:00:00,1.11463,1.11898,1.11458,1.11744,64955
2016-08-11 00:00:00,1.11744,1.11909,1.11362,1.11428,41647
2016-08-11 12:00:00,1.11429,1.11817,1.11349,1.11354,65523
2016-08-12 00:00:00,1.11356,1.11589,1.11309,1.11542,35519
2016-08-12 12:00:00,1.11541,1.12209,1.11445,1.11634,73669
2016-08-15 00:00:00,1.11659,1.11757,1.1153,1.1167799999999999,34485
2016-08-15 12:00:00,1.1167799999999999,1.12032,1.11651,1.11825,49230
2016-08-16 00:00:00,1.1182,1.12763,1.1177,1.12576,46305
2016-08-16 12:00:00,1.12577,1.13221,1.12456,1.12772,77051
2016-08-17 00:00:00,1.1277300000000001,1.12898,1.12548,1.12564,43938
2016-08-17 12:00:00,1.12563,1.13155,1.12403,1.12874,70539
2016-08-18 00:00:00,1.12837,1.13316,1.12837,1.13254,53839
2016-08-18 12:00:00,1.13255,1.1366100000000001,1.13049,1.13536,67911
2016-08-19 00:00:00,1.13521,1.13591,1.13037,1.13165,47223
2016-08-19 12:00:00,1.13165,1.13328,1.13065,1.1323699999999999,62876
2016-08-22 00:00:00,1.13087,1.1322,1.12707,1.12971,49131
2016-08-22 12:00:00,1.12972,1.13302,1.12906,1.1319,56161
2016-08-23 00:00:00,1.1318,1.13548,1.13146,1.13314,42545
2016-08-23 12:00:00,1.13314,1.13482,1.13028,1.13041,58392
2016-08-24 00:00:00,1.13039,1.13111,1.12869,1.12941,42829
2016-08-24 12:00:00,1.12942,1.12942,1.12448,1.12628,66413
2016-08-25 00:00:00,1.12625,1.12909,1.12588,1.1284,32114
2016-08-25 12:00:00,1.12839,1.1297,1.12708,1.12833,50637
2016-08-26 00:00:00,1.1278299999999999,1.13074,1.12774,1.12867,30527
2016-08-26 12:00:00,1.12866,1.13406,1.11806,1.11856,92454
2016-08-29 00:00:00,1.11823,1.12074,1.11717,1.11858,40857
2016-08-29 12:00:00,1.11858,1.11924,1.11575,1.11889,54131
2016-08-30 00:00:00,1.11873,1.1192,1.11549,1.11686,34934
2016-08-30 12:00:00,1.11688,1.1177,1.11317,1.11418,61239
2016-08-31 00:00:00,1.114,1.1161699999999999,1.11292,1.11424,40170
2016-08-31 12:00:00,1.11424,1.1165,1.11227,1.11571,62880
2016-09-01 00:00:00,1.11562,1.11657,1.11272,1.11496,38584
2016-09-01 12:00:00,1.11496,1.12048,1.11298,1.11957,67310
2016-09-02 00:00:00,1.11927,1.12077,1.11783,1.11826,37614
2016-09-02 12:00:00,1.11826,1.12518,1.11449,1.11449,82108
2016-09-05 00:00:00,1.11564,1.11819,1.11519,1.11675,36754
2016-09-05 12:00:00,1.11675,1.11717,1.11393,1.11458,44932
2016-09-06 00:00:00,1.11456,1.11689,1.11404,1.11632,36736
2016-09-06 12:00:00,1.11632,1.1262699999999999,1.11541,1.12555,73926
2016-09-07 00:00:00,1.12516,1.1265,1.12328,1.12392,46417
2016-09-07 12:00:00,1.12392,1.12706,1.12283,1.12385,63183
2016-09-08 00:00:00,1.12384,1.12788,1.1234,1.1272199999999999,37736
2016-09-08 12:00:00,1.1272,1.13266,1.12403,1.12607,89707
2016-09-09 00:00:00,1.12596,1.12849,1.12573,1.12698,38244
2016-09-09 12:00:00,1.12698,1.12764,1.11981,1.12235,83229
2016-09-12 00:00:00,1.12304,1.12635,1.1228,1.12392,37913
2016-09-12 12:00:00,1.12393,1.1268,1.121,1.12349,88873
2016-09-13 00:00:00,1.12331,1.12416,1.12165,1.12321,40026
2016-09-13 12:00:00,1.1232,1.12601,1.12036,1.12182,84507
2016-09-14 00:00:00,1.1218,1.1241,1.12097,1.12238,39194
2016-09-14 12:00:00,1.12239,1.12737,1.1215600000000001,1.1249500000000001,77336
2016-09-15 00:00:00,1.12488,1.12531,1.12187,1.12333,41350
2016-09-15 12:00:00,1.12334,1.12833,1.12252,1.12435,82320
2016-09-16 00:00:00,1.12422,1.12497,1.12294,1.12324,37041
2016-09-16 12:00:00,1.12324,1.1234,1.11492,1.11535,82393
2016-09-19 00:00:00,1.11531,1.1172900000000001,1.11505,1.11638,41143
2016-09-19 12:00:00,1.11639,1.11975,1.11582,1.11731,57996
2016-09-20 00:00:00,1.1172900000000001,1.12131,1.11684,1.11878,43817
2016-09-20 12:00:00,1.11879,1.11899,1.1149499999999999,1.11501,69962
2016-09-21 00:00:00,1.11486,1.11584,1.11228,1.11483,53345
2016-09-21 12:00:00,1.11483,1.11962,1.11332,1.11878,81506
2016-09-22 00:00:00,1.11865,1.12474,1.11844,1.12361,42785
2016-09-22 12:00:00,1.12368,1.12569,1.11991,1.12068,68137
2016-09-23 00:00:00,1.12068,1.12183,1.11935,1.12027,44879
2016-09-23 12:00:00,1.12025,1.12403,1.12009,1.12149,60471
2016-09-26 00:00:00,1.1229,1.12432,1.12204,1.12397,33016
2016-09-26 12:00:00,1.12397,1.12788,1.12347,1.12524,67810
2016-09-27 00:00:00,1.12533,1.12586,1.12346,1.124,45723
2016-09-27 12:00:00,1.124,1.12501,1.11906,1.12137,73285
2016-09-28 00:00:00,1.12152,1.12192,1.11814,1.12145,45677
2016-09-28 12:00:00,1.12145,1.12365,1.11868,1.12163,75575
2016-09-29 00:00:00,1.1216,1.12354,1.12124,1.1214,43360
2016-09-29 12:00:00,1.1214,1.12496,1.11965,1.1221,84201
2016-09-30 00:00:00,1.12212,1.12267,1.11676,1.11825,62402
2016-09-30 12:00:00,1.11829,1.12503,1.11531,1.12399,97030
2016-10-03 00:00:00,1.12262,1.12439,1.12205,1.12331,43981
2016-10-03 12:00:00,1.12331,1.12412,1.12049,1.12096,59355
2016-10-04 00:00:00,1.12101,1.1216,1.11648,1.11715,49905
2016-10-04 12:00:00,1.11713,1.12384,1.11376,1.12042,96440
2016-10-05 00:00:00,1.12015,1.12281,1.11995,1.1228,49783
2016-10-05 12:00:00,1.1228,1.1233,1.11894,1.12031,77681
2016-10-06 00:00:00,1.1203,1.12121,1.11839,1.11901,46684
2016-10-06 12:00:00,1.11901,1.11916,1.11395,1.11493,80785
2016-10-07 00:00:00,1.11481,1.1152,1.1104,1.11285,73320
2016-10-07 12:00:00,1.11285,1.12048,1.11165,1.11931,114426
2016-10-10 00:00:00,1.1181,1.12028,1.11682,1.11809,49947
2016-10-10 12:00:00,1.11807,1.11807,1.11309,1.1139000000000001,60011
2016-10-11 00:00:00,1.11346,1.11419,1.11057,1.11113,54459
2016-10-11 12:00:00,1.11112,1.11161,1.10486,1.1053,93156
2016-10-12 00:00:00,1.1053,1.10673,1.10164,1.10241,64499
2016-10-12 12:00:00,1.10242,1.10471,1.10041,1.10046,87552
2016-10-13 00:00:00,1.10063,1.10373,1.09851,1.09952,60648
2016-10-13 12:00:00,1.09952,1.10573,1.09932,1.10547,60526
2016-10-14 00:00:00,1.10543,1.10582,1.10039,1.10225,47140
2016-10-14 12:00:00,1.10224,1.10273,1.09699,1.09711,85947
2016-10-17 00:00:00,1.09689,1.0994,1.09635,1.09887,46219
2016-10-17 12:00:00,1.09887,1.10076,1.09847,1.09985,63594
2016-10-18 00:00:00,1.09994,1.10262,1.09946,1.10169,39773
2016-10-18 12:00:00,1.10169,1.10213,1.09697,1.09794,69107
2016-10-19 00:00:00,1.09783,1.10044,1.09731,1.09973,40930
2016-10-19 12:00:00,1.09972,1.10028,1.09547,1.09735,70119
2016-10-20 00:00:00,1.0972,1.098,1.09519,1.0971899999999999,38848
2016-10-20 12:00:00,1.0971899999999999,1.10388,1.09154,1.09285,81139
2016-10-21 00:00:00,1.09281,1.09293,1.08774,1.08804,39984
2016-10-21 12:00:00,1.08803,1.09037,1.0859,1.0873599999999999,67495
2016-10-24 00:00:00,1.08801,1.08926,1.08592,1.0891,39189
2016-10-24 12:00:00,1.0891,1.08993,1.08693,1.08812,56775
2016-10-25 00:00:00,1.088,1.08931,1.08676,1.08893,39539
2016-10-25 12:00:00,1.08894,1.09045,1.08507,1.0888,77491
2016-10-26 00:00:00,1.08863,1.09269,1.0874,1.09235,41045
2016-10-26 12:00:00,1.09235,1.09462,1.08998,1.09069,59861
2016-10-27 00:00:00,1.09068,1.092,1.08915,1.09143,41680
2016-10-27 12:00:00,1.09144,1.09418,1.08821,1.08945,71513
2016-10-28 00:00:00,1.0896,1.09244,1.08926,1.09056,37482
2016-10-28 12:00:00,1.09056,1.09915,1.09022,1.09745,88204
2016-10-31 00:00:00,1.0984099999999999,1.09907,1.09475,1.0955300000000001,40876
2016-10-31 12:00:00,1.09549,1.09823,1.09355,1.09762,58290
2016-11-01 00:00:00,1.09761,1.10005,1.0959699999999999,1.09939,39780
2016-11-01 12:00:00,1.09939,1.10686,1.0993,1.10564,74734
2016-11-02 00:00:00,1.10571,1.10992,1.10493,1.10817,47779
2016-11-02 12:00:00,1.10816,1.11228,1.10715,1.10946,82667
2016-11-03 00:00:00,1.1095,1.11255,1.1091199999999999,1.10953,51236
2016-11-03 12:00:00,1.10952,1.11202,1.10595,1.1105,76576
2016-11-04 00:00:00,1.11052,1.1109499999999999,1.10864,1.10992,40782
2016-11-04 12:00:00,1.10993,1.11405,1.10795,1.11375,76335
2016-11-07 00:00:00,1.10616,1.11099,1.10479,1.10598,56071
2016-11-07 12:00:00,1.10597,1.10733,1.1027,1.10395,57586
2016-11-08 00:00:00,1.10396,1.10667,1.10295,1.10499,39305
2016-11-08 12:00:00,1.10499,1.10539,1.10083,1.10257,65798
2016-11-09 00:00:00,1.10238,1.12991,1.09892,1.1051,167295
2016-11-09 12:00:00,1.1051,1.11079,1.09066,1.09077,122131
2016-11-10 00:00:00,1.09083,1.09533,1.08869,1.08938,67296
2016-11-10 12:00:00,1.08939,1.09202,1.08645,1.08907,112061
2016-11-11 00:00:00,1.08932,1.09229,1.08676,1.0869,73555
2016-11-11 12:00:00,1.08689,1.09188,1.08301,1.08503,95672
2016-11-14 00:00:00,1.08316,1.08403,1.07278,1.07571,75233
2016-11-14 12:00:00,1.07571,1.07887,1.07087,1.07358,112953
2016-11-15 00:00:00,1.07357,1.08161,1.07335,1.07979,61351
2016-11-15 12:00:00,1.08,1.0803,1.07138,1.07215,97876
2016-11-16 00:00:00,1.07205,1.07592,1.06998,1.07144,51080
2016-11-16 12:00:00,1.0714299999999999,1.07221,1.06656,1.06898,98185
2016-11-17 00:00:00,1.0689899999999999,1.0735999999999999,1.06827,1.0723799999999999,62331
2016-11-17 12:00:00,1.07236,1.07453,1.06197,1.06241,97500
2016-11-18 00:00:00,1.06216,1.06288,1.05812,1.05984,72873
2016-11-18 12:00:00,1.05984,1.06425,1.05687,1.05826,100715
2016-11-21 00:00:00,1.05915,1.06488,1.05785,1.0631599999999999,72681
2016-11-21 12:00:00,1.06317,1.06463,1.05896,1.06264,94706
2016-11-22 00:00:00,1.06256,1.06575,1.06042,1.06468,66587
2016-11-22 12:00:00,1.06467,1.06491,1.05835,1.06243,86298
2016-11-23 00:00:00,1.0622,1.06433,1.05998,1.06118,43540
2016-11-23 12:00:00,1.06118,1.06361,1.05258,1.05516,107298
2016-11-24 00:00:00,1.05485,1.0578,1.05176,1.05667,71862
2016-11-24 12:00:00,1.05667,1.05849,1.05426,1.05517,64374
2016-11-25 00:00:00,1.05462,1.06144,1.05291,1.05951,75736
2016-11-25 12:00:00,1.05954,1.0627,1.05772,1.05772,77778
2016-11-28 00:00:00,1.06079,1.06854,1.05939,1.06419,76215
2016-11-28 12:00:00,1.06417,1.0642,1.05632,1.06122,80991
2016-11-29 00:00:00,1.06116,1.06214,1.05826,1.05961,53667
2016-11-29 12:00:00,1.05961,1.06542,1.05645,1.06487,92013
2016-11-30 00:00:00,1.0647199999999999,1.0664,1.0619,1.06364,61373
2016-11-30 12:00:00,1.06363,1.06662,1.05521,1.0587,111272
2016-12-01 00:00:00,1.05891,1.06393,1.05851,1.06285,57511
2016-12-01 12:00:00,1.06283,1.06683,1.05842,1.06596,86129
2016-12-02 00:00:00,1.06581,1.06896,1.06458,1.0646,46989
2016-12-02 12:00:00,1.0646,1.06806,1.06248,1.06538,79297
2016-12-05 00:00:00,1.06171,1.06617,1.05044,1.06331,84539
2016-12-05 12:00:00,1.06331,1.07959,1.06294,1.07631,82708
2016-12-06 00:00:00,1.07617,1.0785,1.07366,1.07663,44354
2016-12-06 12:00:00,1.0766,1.0776,1.06979,1.07177,63969
2016-12-07 00:00:00,1.07153,1.07322,1.07106,1.0719,33252
2016-12-07 12:00:00,1.0719,1.07679,1.07095,1.07513,57284
2016-12-08 00:00:00,1.07521,1.08048,1.07484,1.08016,36512
2016-12-08 12:00:00,1.08016,1.08734,1.05968,1.06121,100083
2016-12-09 00:00:00,1.06117,1.06293,1.05887,1.0625499999999999,38225
2016-12-09 12:00:00,1.06252,1.06293,1.05306,1.05515,68021
2016-12-12 00:00:00,1.05326,1.05947,1.0525,1.05926,43019
2016-12-12 12:00:00,1.05926,1.06513,1.05904,1.06336,67122
2016-12-13 00:00:00,1.06333,1.06499,1.06123,1.06175,47577
2016-12-13 12:00:00,1.06174,1.06667,1.06034,1.06244,63813
2016-12-14 00:00:00,1.06233,1.06645,1.06118,1.06257,39058
2016-12-14 12:00:00,1.06257,1.06698,1.04955,1.0534,91376
2016-12-15 00:00:00,1.05308,1.05389,1.0468,1.05002,68680
2016-12-15 12:00:00,1.0500099999999999,1.05002,1.0366,1.04126,108034
2016-12-16 00:00:00,1.04107,1.04656,1.04053,1.04628,50596
2016-12-16 12:00:00,1.04634,1.04738,1.04003,1.04401,80716
2016-12-19 00:00:00,1.0437400000000001,1.04791,1.04358,1.04475,48932
2016-12-19 12:00:00,1.04476,1.04518,1.03922,1.0401,72264
2016-12-20 00:00:00,1.03998,1.04175,1.03753,1.03831,51605
2016-12-20 12:00:00,1.03831,1.04074,1.03519,1.03867,64049
2016-12-21 00:00:00,1.03846,1.04187,1.03819,1.03978,43995
2016-12-21 12:00:00,1.03978,1.04509,1.03881,1.04228,61496
2016-12-22 00:00:00,1.0422,1.04561,1.04213,1.04424,43868
2016-12-22 12:00:00,1.04424,1.04989,1.04288,1.04355,66682
2016-12-23 00:00:00,1.04326,1.0463,1.04305,1.04548,31254
2016-12-23 12:00:00,1.04549,1.047,1.04262,1.047,43873
2016-12-26 00:00:00,1.04607,1.04668,1.04365,1.0445,11282
2016-12-26 12:00:00,1.04448,1.04639,1.03249,1.04491,36546
2016-12-27 00:00:00,1.04493,1.04561,1.04319,1.04503,40382
2016-12-27 12:00:00,1.04502,1.0463,1.04398,1.04566,32376
2016-12-28 00:00:00,1.04546,1.04795,1.04338,1.04394,35103
2016-12-28 12:00:00,1.04394,1.04453,1.03717,1.04102,58769
2016-12-29 00:00:00,1.04162,1.04796,1.04079,1.04684,52805
2016-12-29 12:00:00,1.04685,1.04936,1.04451,1.04892,62363
2016-12-30 00:00:00,1.04844,1.06522,1.04827,1.0588899999999999,77989
2016-12-30 12:00:00,1.0588899999999999,1.05905,1.05068,1.05068,70668
2017-01-02 00:00:00,1.051,1.05275,1.04763,1.04862,20326
2017-01-02 12:00:00,1.04864,1.0489,1.0448,1.04519,52594
2017-01-03 00:00:00,1.04524,1.04898,1.03998,1.04014,57811
2017-01-03 12:00:00,1.04014,1.04336,1.03399,1.04044,81524
2017-01-04 00:00:00,1.04044,1.04451,1.03895,1.04375,59971
2017-01-04 12:00:00,1.0437400000000001,1.04996,1.0423,1.04871,78619
2017-01-05 00:00:00,1.04871,1.05744,1.04804,1.05044,79918
2017-01-05 12:00:00,1.05043,1.06149,1.0482,1.06055,90918
2017-01-06 00:00:00,1.06005,1.06127,1.05738,1.06003,60838
2017-01-06 12:00:00,1.06004,1.06207,1.05235,1.05235,85170
2017-01-09 00:00:00,1.05292,1.05557,1.05161,1.05238,52209
2017-01-09 12:00:00,1.05237,1.05826,1.05104,1.0572300000000001,73591
2017-01-10 00:00:00,1.05718,1.06268,1.05701,1.05961,73324
2017-01-10 12:00:00,1.05963,1.06046,1.05506,1.05534,74199
2017-01-11 00:00:00,1.0553,1.05665,1.053,1.05348,55448
2017-01-11 12:00:00,1.05349,1.06226,1.04534,1.05818,125411
2017-01-12 00:00:00,1.05818,1.06642,1.0571,1.06406,80629
2017-01-12 12:00:00,1.06405,1.06844,1.06103,1.06109,100110
2017-01-13 00:00:00,1.06104,1.06506,1.06034,1.06439,56570
2017-01-13 12:00:00,1.06439,1.0673,1.05959,1.0642,84402
2017-01-16 00:00:00,1.06023,1.06355,1.05791,1.05896,60790
2017-01-16 12:00:00,1.05895,1.06084,1.05789,1.05946,57133
2017-01-17 00:00:00,1.05946,1.06815,1.05893,1.06779,65658
2017-01-17 12:00:00,1.0677699999999999,1.0719,1.06573,1.0712,105953
2017-01-18 00:00:00,1.07111,1.0715,1.06755,1.06951,58257
2017-01-18 12:00:00,1.06952,1.07026,1.06278,1.06286,86797
2017-01-19 00:00:00,1.06288,1.06701,1.06218,1.06604,63428
2017-01-19 12:00:00,1.06604,1.06763,1.05888,1.06627,103802
2017-01-20 00:00:00,1.0661,1.06931,1.06419,1.0646,61913
2017-01-20 12:00:00,1.06458,1.0709,1.06248,1.06982,99159
2017-01-23 00:00:00,1.07004,1.07544,1.0693,1.07254,68612
2017-01-23 12:00:00,1.0726,1.07688,1.07059,1.07631,88369
2017-01-24 00:00:00,1.07643,1.07719,1.07335,1.07401,66465
2017-01-24 12:00:00,1.07404,1.07745,1.07199,1.0731,75608
2017-01-25 00:00:00,1.07288,1.07544,1.07109,1.07495,59920
2017-01-25 12:00:00,1.07494,1.07694,1.07196,1.07465,79161
2017-01-26 00:00:00,1.07477,1.07653,1.07156,1.07208,57171
2017-01-26 12:00:00,1.07206,1.0733,1.06572,1.0681,88963
2017-01-27 00:00:00,1.0679400000000001,1.06981,1.06579,1.06928,56155
2017-01-27 12:00:00,1.06925,1.07247,1.06704,1.06968,73754
2017-01-30 00:00:00,1.07023,1.07399,1.06867,1.06952,50716
2017-01-30 12:00:00,1.06952,1.0709,1.062,1.0692,79708
2017-01-31 00:00:00,1.06921,1.07247,1.06843,1.07111,66622
2017-01-31 12:00:00,1.07113,1.0812,1.0699,1.07968,101619
2017-02-01 00:00:00,1.07958,1.08043,1.07744,1.07842,55378
2017-02-01 12:00:00,1.07842,1.0807,1.07298,1.07675,92355
2017-02-02 00:00:00,1.07668,1.08181,1.07619,1.08148,65013
2017-02-02 12:00:00,1.08148,1.08284,1.07556,1.07569,85376
2017-02-03 00:00:00,1.0757,1.07715,1.07387,1.07412,57772
2017-02-03 12:00:00,1.07412,1.07973,1.07106,1.07789,80902
2017-02-06 00:00:00,1.0784799999999999,1.07906,1.0742099999999999,1.07461,48735
2017-02-06 12:00:00,1.07461,1.07547,1.07053,1.07488,79350
2017-02-07 00:00:00,1.07392,1.07492,1.06558,1.0659399999999999,62624
2017-02-07 12:00:00,1.0659399999999999,1.07058,1.06572,1.0682,66640
2017-02-08 00:00:00,1.06795,1.06909,1.06402,1.0644,53325
2017-02-08 12:00:00,1.06441,1.07138,1.06412,1.06969,74865
2017-02-09 00:00:00,1.06971,1.07092,1.06698,1.07017,51379
2017-02-09 12:00:00,1.07015,1.07016,1.06505,1.06541,70970
2017-02-10 00:00:00,1.06552,1.06674,1.06357,1.06417,51027
2017-02-10 12:00:00,1.06416,1.06525,1.06072,1.0637699999999999,75635
2017-02-13 00:00:00,1.06276,1.06581,1.06116,1.0637,49314
2017-02-13 12:00:00,1.06369,1.06466,1.05917,1.05972,61816
2017-02-14 00:00:00,1.05948,1.0633,1.0591,1.0617,45785
2017-02-14 12:00:00,1.06169,1.06331,1.05607,1.05764,76431
2017-02-15 00:00:00,1.05738,1.05859,1.05472,1.05553,51419
2017-02-15 12:00:00,1.05549,1.0609,1.0521,1.05991,78264
2017-02-16 00:00:00,1.0598,1.0641,1.0590600000000001,1.06393,51936
2017-02-16 12:00:00,1.06393,1.0679,1.0624,1.06727,77270
2017-02-17 00:00:00,1.06725,1.06762,1.06369,1.06431,48057
2017-02-17 12:00:00,1.0643,1.06668,1.06051,1.06056,69768
2017-02-20 00:00:00,1.06069,1.06326,1.06029,1.06221,49921
2017-02-20 12:00:00,1.06221,1.06284,1.06068,1.06103,44828
2017-02-21 00:00:00,1.06099,1.06149,1.05415,1.05422,50995
2017-02-21 12:00:00,1.05422,1.05518,1.05255,1.05349,63614
2017-02-22 00:00:00,1.05345,1.0556,1.04973,1.05085,51604
2017-02-22 12:00:00,1.05086,1.05737,1.04933,1.05573,78821
2017-02-23 00:00:00,1.05526,1.0572,1.05375,1.05462,47899
2017-02-23 12:00:00,1.05463,1.05949,1.05373,1.05804,66815
2017-02-24 00:00:00,1.05778,1.06038,1.05692,1.05931,45262
2017-02-24 12:00:00,1.05929,1.06176,1.05513,1.05513,69696
2017-02-27 00:00:00,1.05622,1.05874,1.05511,1.05857,48586
2017-02-27 12:00:00,1.05856,1.06304,1.05777,1.05851,63420
2017-02-28 00:00:00,1.05851,1.06033,1.0568,1.05886,46467
2017-02-28 12:00:00,1.05888,1.06298,1.05707,1.05757,73199
2017-03-01 00:00:00,1.05731,1.0589,1.05255,1.05395,70553
2017-03-01 12:00:00,1.05395,1.05714,1.05138,1.05459,75111
2017-03-02 00:00:00,1.05457,1.05512,1.05217,1.05254,48584
2017-03-02 12:00:00,1.05255,1.05329,1.04946,1.05059,71158
2017-03-03 00:00:00,1.05058,1.05278,1.05015,1.05165,48138
2017-03-03 12:00:00,1.05165,1.06236,1.05154,1.06166,84726
2017-03-06 00:00:00,1.06033,1.06397,1.05901,1.06017,51752
2017-03-06 12:00:00,1.06017,1.06076,1.05745,1.05803,58313
2017-03-07 00:00:00,1.05806,1.06022,1.05629,1.0563,45259
2017-03-07 12:00:00,1.05631,1.05884,1.0558,1.05655,56699
2017-03-08 00:00:00,1.05635,1.05738,1.05472,1.05554,44662
2017-03-08 12:00:00,1.05554,1.05621,1.05345,1.05392,69620
2017-03-09 00:00:00,1.05392,1.05695,1.05247,1.05583,50710
2017-03-09 12:00:00,1.05583,1.06151,1.05419,1.05756,89495
2017-03-10 00:00:00,1.05737,1.0619,1.05721,1.06135,45302
2017-03-10 12:00:00,1.06134,1.06988,1.05958,1.06712,88552
2017-03-13 00:00:00,1.06832,1.07141,1.06645,1.06648,58170
2017-03-13 12:00:00,1.06648,1.06788,1.06519,1.06535,66265
2017-03-14 00:00:00,1.0653299999999999,1.06624,1.06326,1.06389,47732
2017-03-14 12:00:00,1.0639,1.06464,1.05995,1.06077,66518
2017-03-15 00:00:00,1.06077,1.06389,1.06042,1.06259,44595
2017-03-15 12:00:00,1.06262,1.07397,1.0607,1.0735999999999999,85486
2017-03-16 00:00:00,1.07359,1.07461,1.07053,1.07109,62281
2017-03-16 12:00:00,1.07114,1.07738,1.07071,1.07715,77170
2017-03-17 00:00:00,1.07715,1.07821,1.07532,1.07747,43440
2017-03-17 12:00:00,1.07747,1.07757,1.07272,1.07362,70714
2017-03-20 00:00:00,1.07384,1.0777,1.0735999999999999,1.07548,40549
2017-03-20 12:00:00,1.07547,1.0762,1.07249,1.07363,56454
2017-03-21 00:00:00,1.07363,1.08037,1.07189,1.0792,53571
2017-03-21 12:00:00,1.07916,1.0819,1.07904,1.0806,76380
2017-03-22 00:00:00,1.08061,1.08183,1.07755,1.0785,54125
2017-03-22 12:00:00,1.0785,1.08245,1.07828,1.07919,73009
2017-03-23 00:00:00,1.07919,1.08047,1.07693,1.0771,43429
2017-03-23 12:00:00,1.07709,1.07944,1.07677,1.07822,76278
2017-03-24 00:00:00,1.07821,1.08069,1.076,1.08038,44858
2017-03-24 12:00:00,1.08039,1.08178,1.07902,1.07957,66100
2017-03-27 00:00:00,1.08316,1.08732,1.08266,1.08592,51660
2017-03-27 12:00:00,1.08593,1.09057,1.08533,1.08638,63387
2017-03-28 00:00:00,1.08637,1.08723,1.08451,1.08586,38932
2017-03-28 12:00:00,1.08587,1.08717,1.07985,1.08123,62758
2017-03-29 00:00:00,1.08117,1.08263,1.0777,1.07878,46556
2017-03-29 12:00:00,1.07879,1.07942,1.07396,1.0764,64229
2017-03-30 00:00:00,1.07647,1.07695,1.07302,1.07326,41808
2017-03-30 12:00:00,1.07326,1.0753,1.06717,1.0674,68143
2017-03-31 00:00:00,1.06742,1.06972,1.06727,1.06941,44099
2017-03-31 12:00:00,1.0694,1.07017,1.06462,1.06462,67242
2017-04-03 00:00:00,1.06591,1.06807,1.06568,1.06713,37981
2017-04-03 12:00:00,1.06712,1.0679400000000001,1.06421,1.06683,57915
2017-04-04 00:00:00,1.0669,1.06742,1.06441,1.06606,36200
2017-04-04 12:00:00,1.06605,1.0677,1.06354,1.0672,54274
2017-04-05 00:00:00,1.0671,1.06887,1.06677,1.06736,35063
2017-04-05 12:00:00,1.06737,1.06855,1.06345,1.06624,66743
2017-04-06 00:00:00,1.0661100000000001,1.0683799999999999,1.06287,1.06577,48290
2017-04-06 12:00:00,1.06577,1.06752,1.06379,1.06434,54634
2017-04-07 00:00:00,1.06425,1.06601,1.0629,1.06318,48016
2017-04-07 12:00:00,1.06318,1.06664,1.05804,1.05884,73236
2017-04-10 00:00:00,1.0586,1.05936,1.05699,1.0586,36528
2017-04-10 12:00:00,1.05861,1.06063,1.05695,1.05947,48846
2017-04-11 00:00:00,1.05935,1.06048,1.05783,1.06006,35696
2017-04-11 12:00:00,1.06005,1.06299,1.05989,1.06037,56212
2017-04-12 00:00:00,1.06034,1.06218,1.05947,1.06185,36090
2017-04-12 12:00:00,1.06185,1.06749,1.05886,1.06633,61649
2017-04-13 00:00:00,1.06639,1.06773,1.06381,1.06421,42276
2017-04-13 12:00:00,1.06421,1.06471,1.06089,1.06122,54471
2017-04-14 00:00:00,1.06116,1.06268,1.06056,1.06225,28794
2017-04-14 12:00:00,1.06225,1.06294,1.06082,1.06096,27646
2017-04-17 00:00:00,1.06102,1.06511,1.06025,1.06251,32152
2017-04-17 12:00:00,1.0625,1.06701,1.06185,1.06411,34173
2017-04-18 00:00:00,1.06415,1.06555,1.06365,1.06504,35753
2017-04-18 12:00:00,1.06504,1.07357,1.06476,1.07302,68897
2017-04-19 00:00:00,1.07279,1.07366,1.07125,1.07152,34578
2017-04-19 12:00:00,1.07151,1.07295,1.06995,1.07094,54289
2017-04-20 00:00:00,1.07089,1.07756,1.07073,1.07695,33144
2017-04-20 12:00:00,1.07696,1.07773,1.07145,1.07161,56090
2017-04-21 00:00:00,1.0716,1.07378,1.07068,1.07181,29654
2017-04-21 12:00:00,1.07183,1.0729899999999999,1.0682,1.07266,58073
2017-04-24 00:00:00,1.09047,1.09061,1.08205,1.08581,69187
2017-04-24 12:00:00,1.08582,1.08773,1.08349,1.08667,57848
2017-04-25 00:00:00,1.08668,1.08942,1.08511,1.08921,36340
2017-04-25 12:00:00,1.08922,1.09497,1.08703,1.09245,62237
2017-04-26 00:00:00,1.09243,1.09506,1.0895299999999999,1.09024,41792
2017-04-26 12:00:00,1.09024,1.09121,1.08554,1.09033,72964
2017-04-27 00:00:00,1.09024,1.09208,1.08957,1.09072,36737
2017-04-27 12:00:00,1.09072,1.09325,1.08514,1.0872,71078
2017-04-28 00:00:00,1.08702,1.09017,1.08567,1.09017,35043
2017-04-28 12:00:00,1.09018,1.09471,1.0883099999999999,1.08921,68986
2017-05-01 00:00:00,1.09086,1.09109,1.08838,1.08982,21564
2017-05-01 12:00:00,1.08982,1.09234,1.0895,1.08985,40199
2017-05-02 00:00:00,1.0897000000000001,1.09251,1.08952,1.09144,35751
2017-05-02 12:00:00,1.09144,1.09328,1.08878,1.09317,52921
2017-05-03 00:00:00,1.09276,1.09365,1.09076,1.09117,31806
2017-05-03 12:00:00,1.09117,1.09267,1.08825,1.08839,67522
2017-05-04 00:00:00,1.08847,1.09245,1.08745,1.09182,40185
2017-05-04 12:00:00,1.09179,1.09869,1.0917,1.09837,80235
2017-05-05 00:00:00,1.09837,1.09897,1.09564,1.09581,39583
2017-05-05 12:00:00,1.09581,1.09988,1.09476,1.09863,71316
2017-05-08 00:00:00,1.1016,1.10176,1.0951,1.09558,52828
2017-05-08 12:00:00,1.09558,1.09571,1.09159,1.09236,61969
2017-05-09 00:00:00,1.09234,1.09331,1.09022,1.09061,41155
2017-05-09 12:00:00,1.09061,1.09089,1.08631,1.08729,72738
2017-05-10 00:00:00,1.08728,1.08979,1.08694,1.08706,40500
2017-05-10 12:00:00,1.08706,1.08825,1.0853,1.08672,66432
2017-05-11 00:00:00,1.08671,1.08927,1.0861,1.0878,37638
2017-05-11 12:00:00,1.0878,1.08783,1.0838700000000001,1.08611,64519
2017-05-12 00:00:00,1.08611,1.08735,1.0855299999999999,1.08654,31244
2017-05-12 12:00:00,1.08654,1.09341,1.08628,1.09268,68946
2017-05-15 00:00:00,1.09318,1.09495,1.09222,1.09448,35562
2017-05-15 12:00:00,1.09449,1.09892,1.09445,1.09748,57802
2017-05-16 00:00:00,1.09747,1.10493,1.0973,1.1045,42239
2017-05-16 12:00:00,1.10451,1.1097,1.10297,1.10825,72646
2017-05-17 00:00:00,1.10823,1.11221,1.10792,1.1085099999999999,53301
2017-05-17 12:00:00,1.10852,1.11618,1.10845,1.11583,85128
2017-05-18 00:00:00,1.11583,1.11716,1.1121,1.1126800000000001,59053
2017-05-18 12:00:00,1.1126800000000001,1.11399,1.10755,1.11027,107315
2017-05-19 00:00:00,1.11025,1.11608,1.10957,1.11491,44761
2017-05-19 12:00:00,1.1149,1.12115,1.11465,1.1174,72031
2017-05-22 00:00:00,1.11984,1.12096,1.11611,1.11677,41340
2017-05-22 12:00:00,1.1167799999999999,1.12631,1.11655,1.12371,67894
2017-05-23 00:00:00,1.12371,1.1268,1.1221700000000001,1.12481,51133
2017-05-23 12:00:00,1.12481,1.12626,1.11747,1.11825,82161
2017-05-24 00:00:00,1.11821,1.11964,1.11697,1.11852,42819
2017-05-24 12:00:00,1.11852,1.12198,1.11681,1.12184,79270
2017-05-25 00:00:00,1.12181,1.12502,1.12104,1.12417,42961
2017-05-25 12:00:00,1.12417,1.12417,1.11932,1.12101,62936
2017-05-26 00:00:00,1.121,1.12342,1.11847,1.12237,39756
2017-05-26 12:00:00,1.12237,1.12266,1.11602,1.11733,66419
2017-05-29 00:00:00,1.1166,1.11895,1.11615,1.11831,28801
2017-05-29 12:00:00,1.11832,1.11896,1.11618,1.11627,34579
2017-05-30 00:00:00,1.11622,1.11689,1.11092,1.11397,43901
2017-05-30 12:00:00,1.11399,1.12051,1.11364,1.11855,69261
2017-05-31 00:00:00,1.11853,1.11967,1.11643,1.1173899999999999,39953
2017-05-31 12:00:00,1.1174,1.1252,1.11707,1.1243,77460
2017-06-01 00:00:00,1.12429,1.12564,1.12226,1.12259,41209
2017-06-01 12:00:00,1.1226099999999999,1.12366,1.12018,1.12121,59967
2017-06-02 00:00:00,1.12123,1.12279,1.12112,1.12207,28975
2017-06-02 12:00:00,1.12207,1.12848,1.12047,1.12784,73121
2017-06-05 00:00:00,1.12699,1.12835,1.12599,1.12717,28017
2017-06-05 12:00:00,1.12716,1.12716,1.12339,1.12536,42580
2017-06-06 00:00:00,1.12546,1.12775,1.12421,1.12516,30847
2017-06-06 12:00:00,1.12518,1.12837,1.12401,1.12764,52855
2017-06-07 00:00:00,1.1274899999999999,1.12815,1.12458,1.12621,26489
2017-06-07 12:00:00,1.1262,1.12824,1.12037,1.12563,64752
2017-06-08 00:00:00,1.12557,1.12691,1.1243,1.12486,28333
2017-06-08 12:00:00,1.12484,1.12624,1.11948,1.12122,68126
2017-06-09 00:00:00,1.12153,1.12365,1.11695,1.11759,57923
2017-06-09 12:00:00,1.11759,1.12036,1.11661,1.11935,47003
2017-06-12 00:00:00,1.12045,1.12274,1.11968,1.12252,25864
2017-06-12 12:00:00,1.12253,1.12318,1.11916,1.12039,49183
2017-06-13 00:00:00,1.12015,1.12247,1.1185,1.12122,29420
2017-06-13 12:00:00,1.12123,1.12199,1.11918,1.121,41144
2017-06-14 00:00:00,1.121,1.12251,1.12051,1.12072,28041
2017-06-14 12:00:00,1.12074,1.12954,1.11927,1.12173,85721
2017-06-15 00:00:00,1.12157,1.12283,1.11751,1.11794,38717
2017-06-15 12:00:00,1.11793,1.11849,1.11318,1.11449,64503
2017-06-16 00:00:00,1.11435,1.11749,1.11382,1.1172900000000001,30376
2017-06-16 12:00:00,1.1172900000000001,1.12014,1.1157,1.11961,50337
2017-06-19 00:00:00,1.12037,1.12075,1.11822,1.11949,26622
2017-06-19 12:00:00,1.11949,1.12125,1.11428,1.11476,46832
2017-06-20 00:00:00,1.11476,1.11647,1.11407,1.1158,33998
2017-06-20 12:00:00,1.1158,1.11645,1.11186,1.11337,51439
2017-06-21 00:00:00,1.11319,1.11454,1.1127,1.11424,27342
2017-06-21 12:00:00,1.11423,1.11687,1.11298,1.11682,51178
2017-06-22 00:00:00,1.11682,1.11777,1.11541,1.11677,30277
2017-06-22 12:00:00,1.1167799999999999,1.11741,1.1139000000000001,1.11509,45610
2017-06-23 00:00:00,1.1151200000000001,1.11876,1.11449,1.11711,26250
2017-06-23 12:00:00,1.11711,1.12087,1.11613,1.11928,40292
2017-06-26 00:00:00,1.11969,1.12077,1.11815,1.11855,27155
2017-06-26 12:00:00,1.11854,1.12195,1.11714,1.1181,49922
2017-06-27 00:00:00,1.11785,1.12546,1.11785,1.12489,34901
2017-06-27 12:00:00,1.12492,1.1349,1.12438,1.13379,65954
2017-06-28 00:00:00,1.13366,1.13879,1.13288,1.13601,48487
2017-06-28 12:00:00,1.13601,1.13901,1.12912,1.13762,76285
2017-06-29 00:00:00,1.13784,1.14346,1.13741,1.14253,40845
2017-06-29 12:00:00,1.14253,1.14451,1.13878,1.14396,64104
2017-06-30 00:00:00,1.14396,1.14449,1.13952,1.1402700000000001,43585
2017-06-30 12:00:00,1.14025,1.14273,1.13919,1.14254,58906
2017-07-03 00:00:00,1.14175,1.14264,1.13768,1.1378300000000001,32471
2017-07-03 12:00:00,1.13784,1.1385399999999999,1.13548,1.13641,44871
2017-07-04 00:00:00,1.13612,1.13766,1.13357,1.13534,35067
2017-07-04 12:00:00,1.13535,1.13551,1.13377,1.13438,38627
2017-07-05 00:00:00,1.13401,1.13682,1.13373,1.13414,32051
2017-07-05 12:00:00,1.13414,1.13564,1.13121,1.13495,55885
2017-07-06 00:00:00,1.1350500000000001,1.13569,1.13269,1.13486,31173
2017-07-06 12:00:00,1.13485,1.14243,1.1344,1.14216,61015
2017-07-07 00:00:00,1.14207,1.14272,1.14067,1.14215,37566
2017-07-07 12:00:00,1.14214,1.14395,1.13794,1.13954,57624
2017-07-10 00:00:00,1.13965,1.14177,1.1391499999999999,1.13954,28196
2017-07-10 12:00:00,1.13957,1.14077,1.13814,1.13985,40694
2017-07-11 00:00:00,1.1396600000000001,1.13997,1.13825,1.13958,29374
2017-07-11 12:00:00,1.13955,1.1479300000000001,1.13898,1.14659,56607
2017-07-12 00:00:00,1.14641,1.1489099999999999,1.14416,1.14573,38573
2017-07-12 12:00:00,1.14573,1.1479300000000001,1.13914,1.14127,71711
2017-07-13 00:00:00,1.14124,1.14556,1.13953,1.14032,38031
2017-07-13 12:00:00,1.14032,1.14189,1.137,1.1396600000000001,63902
2017-07-14 00:00:00,1.13958,1.14237,1.13912,1.14075,31572
2017-07-14 12:00:00,1.14078,1.14718,1.14069,1.14666,63892
2017-07-17 00:00:00,1.14688,1.14745,1.14345,1.14478,35801
2017-07-17 12:00:00,1.14479,1.14866,1.14448,1.14777,49478
2017-07-18 00:00:00,1.1479,1.1537600000000001,1.14711,1.15251,55018
2017-07-18 12:00:00,1.1525,1.1583,1.1519,1.15538,68338
2017-07-19 00:00:00,1.15539,1.1555900000000001,1.15143,1.15263,37130
2017-07-19 12:00:00,1.15263,1.15381,1.15097,1.15152,50013
2017-07-20 00:00:00,1.15135,1.1532499999999999,1.14957,1.15044,41954
2017-07-20 12:00:00,1.15043,1.1657899999999999,1.1479,1.16303,87459
2017-07-21 00:00:00,1.16296,1.16765,1.16188,1.1649,41561
2017-07-21 12:00:00,1.16491,1.16825,1.16349,1.16623,59290
2017-07-24 00:00:00,1.16589,1.1684,1.16297,1.16526,40748
2017-07-24 12:00:00,1.16525,1.16595,1.16256,1.16417,52663
2017-07-25 00:00:00,1.16421,1.16687,1.16304,1.16535,41132
2017-07-25 12:00:00,1.16536,1.17122,1.16419,1.16464,64712
2017-07-26 00:00:00,1.16476,1.16535,1.16123,1.16228,38352
2017-07-26 12:00:00,1.16228,1.17394,1.16185,1.17262,76715
2017-07-27 00:00:00,1.17262,1.17765,1.17118,1.1728,53055
2017-07-27 12:00:00,1.1728,1.17332,1.16497,1.16757,73226
2017-07-28 00:00:00,1.16757,1.1715,1.16709,1.17054,46014
2017-07-28 12:00:00,1.17053,1.17638,1.17041,1.17494,69394
2017-07-31 00:00:00,1.1751800000000001,1.17618,1.17229,1.17319,43254
2017-07-31 12:00:00,1.17321,1.18446,1.1723,1.18397,62892
2017-08-01 00:00:00,1.18397,1.18415,1.18108,1.18213,44284
2017-08-01 12:00:00,1.18212,1.1838899999999999,1.17849,1.18021,63432
2017-08-02 00:00:00,1.18006,1.1868,1.17932,1.18542,41549
2017-08-02 12:00:00,1.18541,1.191,1.18181,1.18545,64210
2017-08-03 00:00:00,1.18548,1.1859899999999999,1.18302,1.18429,36689
2017-08-03 12:00:00,1.18429,1.18926,1.18333,1.18706,65869
2017-08-04 00:00:00,1.18706,1.18889,1.18691,1.18819,30209
2017-08-04 12:00:00,1.18819,1.18847,1.17278,1.17719,71061
2017-08-07 00:00:00,1.17729,1.18139,1.17679,1.1798,36036
2017-08-07 12:00:00,1.1798,1.18082,1.1781,1.17949,41220
2017-08-08 00:00:00,1.17942,1.18235,1.17907,1.18079,32217
2017-08-08 12:00:00,1.18078,1.18183,1.17149,1.17527,58108
2017-08-09 00:00:00,1.17502,1.17635,1.17188,1.17315,45425
2017-08-09 12:00:00,1.17316,1.17615,1.16885,1.17578,63164
2017-08-10 00:00:00,1.17558,1.17697,1.1715200000000001,1.17226,38262
2017-08-10 12:00:00,1.17225,1.1785,1.17039,1.17725,67622
2017-08-11 00:00:00,1.17717,1.17789,1.17494,1.1755200000000001,35210
2017-08-11 12:00:00,1.1755200000000001,1.18468,1.17483,1.18189,64545
2017-08-14 00:00:00,1.18212,1.1838,1.17917,1.18031,33949
2017-08-14 12:00:00,1.1803,1.1807,1.17694,1.17811,49184
2017-08-15 00:00:00,1.17811,1.17923,1.17204,1.1756,40122
2017-08-15 12:00:00,1.1756,1.1763,1.16869,1.17341,59624
2017-08-16 00:00:00,1.17337,1.17577,1.16911,1.17254,37812
2017-08-16 12:00:00,1.17254,1.17783,1.16809,1.17667,70121
2017-08-17 00:00:00,1.17673,1.17897,1.17298,1.17325,42893
2017-08-17 12:00:00,1.17326,1.17536,1.16619,1.17228,75718
2017-08-18 00:00:00,1.17222,1.17583,1.1708,1.17474,41151
2017-08-18 12:00:00,1.17472,1.17741,1.17291,1.17578,65438
2017-08-21 00:00:00,1.1759,1.17625,1.17307,1.17403,27243
2017-08-21 12:00:00,1.174,1.18277,1.17364,1.18151,47922
2017-08-22 00:00:00,1.1814,1.18239,1.17656,1.17694,32907
2017-08-22 12:00:00,1.17696,1.17726,1.17448,1.17611,47879
2017-08-23 00:00:00,1.17611,1.17919,1.17398,1.17896,35847
2017-08-23 12:00:00,1.17897,1.1823,1.17755,1.18086,47399
2017-08-24 00:00:00,1.18086,1.18175,1.17838,1.1787,34043
2017-08-24 12:00:00,1.1787,1.18142,1.17844,1.17993,46679
2017-08-25 00:00:00,1.17987,1.18035,1.17728,1.1796,32458
2017-08-25 12:00:00,1.17959,1.19411,1.17851,1.19209,69826
2017-08-28 00:00:00,1.1942300000000001,1.19592,1.19166,1.19305,31642
2017-08-28 12:00:00,1.19305,1.19834,1.19214,1.19775,46987
2017-08-29 00:00:00,1.19775,1.20699,1.19551,1.20597,57342
2017-08-29 12:00:00,1.20598,1.20661,1.19461,1.19786,75192
2017-08-30 00:00:00,1.1971,1.19839,1.19381,1.19436,45094
2017-08-30 12:00:00,1.1943,1.19542,1.18813,1.18819,61938
2017-08-31 00:00:00,1.18825,1.19031,1.18666,1.18965,36713
2017-08-31 12:00:00,1.1896200000000001,1.19123,1.18228,1.19039,69645
2017-09-01 00:00:00,1.19039,1.19225,1.18788,1.18926,31762
2017-09-01 12:00:00,1.18926,1.19795,1.18499,1.18627,78936
2017-09-04 00:00:00,1.18807,1.19204,1.18735,1.1918199999999999,37418
2017-09-04 12:00:00,1.1918199999999999,1.19217,1.18884,1.18934,46077
2017-09-05 00:00:00,1.18934,1.19109,1.18679,1.1884299999999999,48909
2017-09-05 12:00:00,1.18848,1.19404,1.18761,1.19165,62130
2017-09-06 00:00:00,1.19081,1.19491,1.19025,1.19436,43413
2017-09-06 12:00:00,1.19434,1.195,1.19076,1.19187,67300
2017-09-07 00:00:00,1.19158,1.197,1.19136,1.19587,40215
2017-09-07 12:00:00,1.1959,1.20593,1.19337,1.20233,87244
2017-09-08 00:00:00,1.20208,1.2092100000000001,1.20175,1.20631,66021
2017-09-08 12:00:00,1.2063,1.20734,1.20145,1.20337,66395
2017-09-11 00:00:00,1.20161,1.20292,1.19928,1.20211,42009
2017-09-11 12:00:00,1.2021,1.2025299999999999,1.19489,1.19524,52940
2017-09-12 00:00:00,1.19522,1.19781,1.19456,1.19578,40162
2017-09-12 12:00:00,1.19577,1.19737,1.19262,1.19662,58712
2017-09-13 00:00:00,1.19661,1.19949,1.19604,1.1979,37911
2017-09-13 12:00:00,1.19793,1.19895,1.18729,1.18848,53780
2017-09-14 00:00:00,1.18848,1.19097,1.18659,1.19045,33573
2017-09-14 12:00:00,1.19045,1.19223,1.1837900000000001,1.19187,70863
2017-09-15 00:00:00,1.19187,1.1939899999999999,1.19009,1.19292,43507
2017-09-15 12:00:00,1.1929,1.19867,1.1926700000000001,1.19447,62871
2017-09-18 00:00:00,1.1923300000000001,1.19561,1.1915,1.19391,31429
2017-09-18 12:00:00,1.19386,1.19693,1.19223,1.1952099999999999,50520
2017-09-19 00:00:00,1.1952099999999999,1.20064,1.19481,1.19838,38185
2017-09-19 12:00:00,1.19833,1.20065,1.19541,1.19935,59838
2017-09-20 00:00:00,1.19936,1.20195,1.19867,1.20069,35938
2017-09-20 12:00:00,1.2006999999999999,1.2033,1.18611,1.18926,75071
2017-09-21 00:00:00,1.18926,1.1918,1.18656,1.19132,51081
2017-09-21 12:00:00,1.19132,1.19535,1.18906,1.19407,54667
2017-09-22 00:00:00,1.1939899999999999,1.20026,1.19366,1.19901,39573
2017-09-22 12:00:00,1.19901,1.20045,1.1937,1.19465,56891
2017-09-25 00:00:00,1.18987,1.19366,1.18966,1.19054,35656
2017-09-25 12:00:00,1.19053,1.19067,1.18321,1.18472,63693
2017-09-26 00:00:00,1.18472,1.18615,1.18099,1.18171,45401
2017-09-26 12:00:00,1.1817,1.18291,1.17573,1.17925,64589
2017-09-27 00:00:00,1.17925,1.1795200000000001,1.17311,1.17359,43909
2017-09-27 12:00:00,1.17357,1.17763,1.17171,1.17444,65732
2017-09-28 00:00:00,1.17444,1.17724,1.1721,1.17662,45006
2017-09-28 12:00:00,1.17662,1.1804000000000001,1.17586,1.17858,51022
2017-09-29 00:00:00,1.17854,1.18087,1.17725,1.17987,32084
2017-09-29 12:00:00,1.17986,1.18324,1.17886,1.18131,54700
2017-10-02 00:00:00,1.17945,1.18151,1.17333,1.17453,34943
2017-10-02 12:00:00,1.1745,1.17631,1.17302,1.17326,47420
2017-10-03 00:00:00,1.17326,1.17476,1.1696,1.17331,40610
2017-10-03 12:00:00,1.17331,1.1773500000000001,1.17326,1.17434,38798
2017-10-04 00:00:00,1.17434,1.17797,1.17349,1.17565,33821
2017-10-04 12:00:00,1.17565,1.17876,1.17465,1.1758899999999999,43079
2017-10-05 00:00:00,1.1758899999999999,1.17788,1.17477,1.17753,29509
2017-10-05 12:00:00,1.17754,1.17759,1.16991,1.17106,44793
2017-10-06 00:00:00,1.17106,1.17155,1.16859,1.16963,30766
2017-10-06 12:00:00,1.16962,1.17387,1.16692,1.1729,55391
2017-10-09 00:00:00,1.17305,1.17475,1.17195,1.17356,19387
2017-10-09 12:00:00,1.17355,1.17561,1.17251,1.17402,23016
2017-10-10 00:00:00,1.17402,1.17886,1.1739,1.17784,30628
2017-10-10 12:00:00,1.17785,1.18253,1.17734,1.1807699999999999,45025
2017-10-11 00:00:00,1.1807699999999999,1.18449,1.17951,1.18272,33322
2017-10-11 12:00:00,1.18271,1.1869,1.18014,1.18581,43683
2017-10-12 00:00:00,1.18581,1.18797,1.18556,1.18622,33055
2017-10-12 12:00:00,1.1862300000000001,1.1865999999999999,1.1827,1.1829399999999999,38416
2017-10-13 00:00:00,1.1829399999999999,1.18515,1.18151,1.1831,28882
2017-10-13 12:00:00,1.18311,1.18749,1.18052,1.18195,49432
2017-10-16 00:00:00,1.1812,1.18193,1.17805,1.17897,26420
2017-10-16 12:00:00,1.17897,1.18194,1.17842,1.1795200000000001,36565
2017-10-17 00:00:00,1.17958,1.18,1.17549,1.17649,28932
2017-10-17 12:00:00,1.17652,1.1775,1.17361,1.17659,37408
2017-10-18 00:00:00,1.1766,1.17808,1.17441,1.17456,26732
2017-10-18 12:00:00,1.17456,1.18053,1.173,1.17872,42676
2017-10-19 00:00:00,1.17872,1.18224,1.17681,1.18063,40983
2017-10-19 12:00:00,1.18064,1.18578,1.18005,1.18508,43869
2017-10-20 00:00:00,1.18508,1.18579,1.17905,1.18032,44141
2017-10-20 12:00:00,1.18031,1.18205,1.1762299999999999,1.17811,43513
2017-10-23 00:00:00,1.17664,1.17774,1.17402,1.17461,24144
2017-10-23 12:00:00,1.1746,1.17634,1.1724700000000001,1.17487,38092
2017-10-24 00:00:00,1.17487,1.177,1.17428,1.17642,24772
2017-10-24 12:00:00,1.17642,1.17929,1.17512,1.17606,42699
2017-10-25 00:00:00,1.17605,1.17748,1.17531,1.17676,31510
2017-10-25 12:00:00,1.17673,1.18176,1.17598,1.18126,56610
2017-10-26 00:00:00,1.18126,1.18367,1.18108,1.18137,25442
2017-10-26 12:00:00,1.18137,1.18168,1.16403,1.16503,64098
2017-10-27 00:00:00,1.16503,1.16568,1.16159,1.1627,33975
2017-10-27 12:00:00,1.16272,1.1638600000000001,1.1574200000000001,1.16075,58190
2017-10-30 00:00:00,1.16054,1.16353,1.15933,1.16332,21202
2017-10-30 12:00:00,1.16316,1.16578,1.16035,1.16505,38028
2017-10-31 00:00:00,1.16503,1.16529,1.16251,1.16412,19933
2017-10-31 12:00:00,1.16412,1.16612,1.16248,1.1645699999999999,37746
2017-11-01 00:00:00,1.16451,1.16573,1.16255,1.16402,23296
2017-11-01 12:00:00,1.16401,1.16454,1.16063,1.16184,48152
2017-11-02 00:00:00,1.16177,1.16715,1.1613,1.16327,29131
2017-11-02 12:00:00,1.1633,1.16782,1.16317,1.16559,50624
2017-11-03 00:00:00,1.16559,1.16679,1.164,1.16468,19117
2017-11-03 12:00:00,1.16469,1.16906,1.15991,1.16066,50070
2017-11-06 00:00:00,1.16097,1.16241,1.1588,1.16025,31147
2017-11-06 12:00:00,1.16025,1.16161,1.15802,1.16089,35107
2017-11-07 00:00:00,1.1609099999999999,1.16157,1.15658,1.15671,27527
2017-11-07 12:00:00,1.15671,1.15926,1.1554,1.15854,45782
2017-11-08 00:00:00,1.15854,1.1611,1.15845,1.15921,25602
2017-11-08 12:00:00,1.15921,1.16066,1.15792,1.15943,33566
2017-11-09 00:00:00,1.15943,1.16156,1.15856,1.16021,26712
2017-11-09 12:00:00,1.16019,1.16548,1.1599,1.16411,50377
2017-11-10 00:00:00,1.16411,1.1662,1.16227,1.16602,24991
2017-11-10 12:00:00,1.166,1.16779,1.16383,1.16637,34122
2017-11-13 00:00:00,1.16574,1.16647,1.16373,1.16413,22075
2017-11-13 12:00:00,1.16415,1.1675200000000001,1.16382,1.16667,28627
2017-11-14 00:00:00,1.16665,1.17199,1.16614,1.17179,21376
2017-11-14 12:00:00,1.17177,1.18048,1.17127,1.17974,44630
2017-11-15 00:00:00,1.17974,1.1852800000000001,1.17846,1.18395,31326
2017-11-15 12:00:00,1.18394,1.18603,1.17887,1.17903,55609
2017-11-16 00:00:00,1.17903,1.18008,1.1768399999999999,1.17756,31211
2017-11-16 12:00:00,1.17759,1.17851,1.17566,1.17695,40629
2017-11-17 00:00:00,1.17695,1.18217,1.17653,1.17936,30603
2017-11-17 12:00:00,1.17934,1.18126,1.17739,1.17884,40776
2017-11-20 00:00:00,1.17852,1.18085,1.17221,1.17944,40521
2017-11-20 12:00:00,1.17943,1.17964,1.1728,1.1733,40790
2017-11-21 00:00:00,1.1733,1.17577,1.17138,1.17285,23555
2017-11-21 12:00:00,1.17287,1.1752,1.17129,1.17378,41679
2017-11-22 00:00:00,1.17378,1.17732,1.17321,1.17564,22768
2017-11-22 12:00:00,1.17564,1.18269,1.17355,1.18218,40909
2017-11-23 00:00:00,1.18218,1.1846700000000001,1.18132,1.18427,23511
2017-11-23 12:00:00,1.18427,1.1856,1.18382,1.18486,25132
2017-11-24 00:00:00,1.18486,1.18747,1.18368,1.18683,24686
2017-11-24 12:00:00,1.18683,1.19443,1.18552,1.19287,38517
2017-11-27 00:00:00,1.19265,1.19567,1.19118,1.19303,25277
2017-11-27 12:00:00,1.19301,1.19611,1.18955,1.18978,40921
2017-11-28 00:00:00,1.1897,1.19199,1.18852,1.18917,26307
2017-11-28 12:00:00,1.18912,1.19003,1.18268,1.18372,57295
2017-11-29 00:00:00,1.18365,1.18827,1.18364,1.18664,25888
2017-11-29 12:00:00,1.18662,1.18672,1.18168,1.18468,50226
2017-11-30 00:00:00,1.18468,1.18759,1.18252,1.1829399999999999,27039
2017-11-30 12:00:00,1.18281,1.19315,1.18089,1.19035,56272
2017-12-01 00:00:00,1.19031,1.19403,1.18864,1.19024,34626
2017-12-01 12:00:00,1.19024,1.19346,1.18508,1.18919,77584
2017-12-04 00:00:00,1.18618,1.18786,1.18362,1.18518,32006
2017-12-04 12:00:00,1.1852800000000001,1.18682,1.18291,1.18656,51201
2017-12-05 00:00:00,1.18655,1.18766,1.18418,1.18529,27847
2017-12-05 12:00:00,1.18527,1.18739,1.18007,1.18261,55921
2017-12-06 00:00:00,1.18247,1.1848,1.18122,1.18234,31646
2017-12-06 12:00:00,1.18234,1.18335,1.1780599999999999,1.17948,45328
2017-12-07 00:00:00,1.17948,1.18088,1.1786699999999999,1.1789100000000001,23971
2017-12-07 12:00:00,1.1789,1.18147,1.17719,1.17719,46679
2017-12-08 00:00:00,1.17719,1.17765,1.17323,1.17367,29925
2017-12-08 12:00:00,1.17367,1.17736,1.17302,1.17731,49882
2017-12-11 00:00:00,1.1764999999999999,1.18006,1.17634,1.17972,25339
2017-12-11 12:00:00,1.17972,1.18118,1.17641,1.17685,36605
2017-12-12 00:00:00,1.17685,1.17927,1.17645,1.1783299999999999,21740
2017-12-12 12:00:00,1.17836,1.17859,1.17175,1.1741,41902
2017-12-13 00:00:00,1.1741,1.17627,1.17351,1.17492,17985
2017-12-13 12:00:00,1.17492,1.18315,1.17294,1.1825700000000001,61973
2017-12-14 00:00:00,1.1825700000000001,1.18437,1.18108,1.18192,32093
2017-12-14 12:00:00,1.18193,1.18625,1.17707,1.17773,65176
2017-12-15 00:00:00,1.17774,1.17986,1.17646,1.17971,28204
2017-12-15 12:00:00,1.17971,1.18124,1.17482,1.17505,50553
2017-12-18 00:00:00,1.17435,1.17951,1.17375,1.17892,40782
2017-12-18 12:00:00,1.1789399999999999,1.18344,1.17752,1.17812,56802
2017-12-19 00:00:00,1.17812,1.18186,1.17766,1.18064,36341
2017-12-19 12:00:00,1.18063,1.18486,1.17998,1.18385,70034
2017-12-20 00:00:00,1.18382,1.18542,1.18289,1.18376,33915
2017-12-20 12:00:00,1.18375,1.19017,1.18324,1.18702,70067
2017-12-21 00:00:00,1.18702,1.1886700000000001,1.18631,1.18807,38242
2017-12-21 12:00:00,1.18807,1.18896,1.18493,1.18724,56377
2017-12-22 00:00:00,1.18722,1.18754,1.18169,1.18488,46256
2017-12-22 12:00:00,1.18488,1.18639,1.18285,1.1863,57011
2017-12-26 00:00:00,1.18704,1.18756,1.18576,1.18608,5644
2017-12-26 12:00:00,1.18607,1.18785,1.18466,1.18579,24479
2017-12-27 00:00:00,1.18579,1.18909,1.18551,1.1888,31483
2017-12-27 12:00:00,1.18879,1.19103,1.18804,1.18865,53701
2017-12-28 00:00:00,1.18865,1.19465,1.18864,1.19318,33084
2017-12-28 12:00:00,1.19317,1.19589,1.19234,1.19422,46788
2017-12-29 00:00:00,1.19422,1.19876,1.19362,1.19812,33297
2017-12-29 12:00:00,1.19812,1.20255,1.19734,1.20045,52367
2018-01-02 00:00:00,1.20088,1.20707,1.20007,1.20705,29535
2018-01-02 12:00:00,1.20705,1.20812,1.20261,1.20579,63244
2018-01-03 00:00:00,1.20579,1.20661,1.20312,1.20382,37251
2018-01-03 12:00:00,1.20382,1.20406,1.2001,1.20142,63344
2018-01-04 00:00:00,1.20142,1.2046000000000001,1.2004299999999999,1.2043300000000001,39455
2018-01-04 12:00:00,1.2043300000000001,1.20889,1.20414,1.20678,70260
2018-01-05 00:00:00,1.20678,1.20795,1.20416,1.20444,39301
2018-01-05 12:00:00,1.20426,1.20828,1.20206,1.20298,74327
2018-01-08 00:00:00,1.20268,1.20523,1.19834,1.19897,35268
2018-01-08 12:00:00,1.19898,1.20093,1.19556,1.19669,53653
2018-01-09 00:00:00,1.19669,1.19756,1.1932,1.19387,45455
2018-01-09 12:00:00,1.19386,1.19396,1.1915499999999999,1.19364,55332
2018-01-10 00:00:00,1.19364,1.19549,1.19232,1.19387,47398
2018-01-10 12:00:00,1.19387,1.20181,1.19316,1.19474,104354
2018-01-11 00:00:00,1.19474,1.19701,1.19293,1.19478,55312
2018-01-11 12:00:00,1.19477,1.20588,1.19364,1.2031399999999999,99885
2018-01-12 00:00:00,1.2031399999999999,1.21368,1.20308,1.21254,74757
2018-01-12 12:00:00,1.21253,1.2218499999999999,1.2111399999999999,1.22,114690
2018-01-15 00:00:00,1.21932,1.22695,1.21875,1.22602,77772
2018-01-15 12:00:00,1.22602,1.22965,1.2251400000000001,1.22626,78161
2018-01-16 00:00:00,1.22626,1.22834,1.2215799999999999,1.2233100000000001,78670
2018-01-16 12:00:00,1.2233100000000001,1.22807,1.21951,1.22595,86177
2018-01-17 00:00:00,1.22595,1.23231,1.22085,1.22365,96071
2018-01-17 12:00:00,1.22366,1.22881,1.21769,1.2184300000000001,108112
2018-01-18 00:00:00,1.2184300000000001,1.22178,1.21652,1.22144,74797
2018-01-18 12:00:00,1.22145,1.22648,1.22123,1.22369,92850
2018-01-19 00:00:00,1.22369,1.22954,1.22316,1.22817,72772
2018-01-19 12:00:00,1.22816,1.2284,1.22149,1.22224,87252
2018-01-22 00:00:00,1.22698,1.22708,1.22139,1.22498,65428
2018-01-22 12:00:00,1.225,1.2267000000000001,1.22241,1.22615,64390
2018-01-23 00:00:00,1.22615,1.22763,1.2223,1.22376,67575
2018-01-23 12:00:00,1.22379,1.23062,1.2234,1.22983,79911
2018-01-24 00:00:00,1.22979,1.2356,1.22912,1.2337,80747
2018-01-24 12:00:00,1.23371,1.24149,1.23295,1.2407,105098
2018-01-25 00:00:00,1.2407,1.24594,1.23846,1.24319,107272
2018-01-25 12:00:00,1.24318,1.25378,1.23638,1.23926,201447
2018-01-26 00:00:00,1.23926,1.24938,1.23699,1.24556,101283
2018-01-26 12:00:00,1.24556,1.24669,1.2406,1.24264,132297
2018-01-29 00:00:00,1.24259,1.24321,1.23852,1.24121,85871
2018-01-29 12:00:00,1.24122,1.24279,1.23368,1.23813,98275
2018-01-30 00:00:00,1.23813,1.24077,1.23348,1.2398,75033
2018-01-30 12:00:00,1.23982,1.2454,1.2383899999999999,1.24021,101353
2018-01-31 00:00:00,1.24017,1.24626,1.23963,1.24514,89276
2018-01-31 12:00:00,1.24523,1.24748,1.2387,1.24132,119032
2018-02-01 00:00:00,1.24132,1.24497,1.23854,1.24461,68515
2018-02-01 12:00:00,1.24461,1.2522,1.24246,1.25078,117318
2018-02-02 00:00:00,1.25073,1.2518099999999999,1.24804,1.24867,67710
2018-02-02 12:00:00,1.24866,1.2499,1.24091,1.2456,128983
2018-02-05 00:00:00,1.24344,1.24749,1.24245,1.24606,73094
2018-02-05 12:00:00,1.2460499999999999,1.24719,1.23625,1.23665,139789
2018-02-06 00:00:00,1.23658,1.24346,1.23508,1.24029,147088
2018-02-06 12:00:00,1.24028,1.24172,1.23139,1.2376800000000001,151039
2018-02-07 00:00:00,1.2376800000000001,1.2406,1.23498,1.23506,71195
2018-02-07 12:00:00,1.23508,1.23548,1.22457,1.22627,109588
2018-02-08 00:00:00,1.2262,1.22948,1.22251,1.22308,85180
2018-02-08 12:00:00,1.22308,1.22948,1.22121,1.22467,152061
2018-02-09 00:00:00,1.22467,1.22873,1.22401,1.22648,74450
2018-02-09 12:00:00,1.22649,1.22795,1.22054,1.22498,157001
2018-02-12 00:00:00,1.22442,1.22973,1.22396,1.22638,64100
2018-02-12 12:00:00,1.22637,1.22973,1.2235,1.22906,72692
2018-02-13 00:00:00,1.22906,1.23377,1.22845,1.23137,60685
2018-02-13 12:00:00,1.23138,1.2371,1.23121,1.23501,78275
2018-02-14 00:00:00,1.2349700000000001,1.2392400000000001,1.23472,1.2353,58998
2018-02-14 12:00:00,1.2353,1.24651,1.2275800000000001,1.24494,138640
2018-02-15 00:00:00,1.24491,1.25102,1.2448,1.24872,72330
2018-02-15 12:00:00,1.24871,1.25089,1.24571,1.25062,93343
2018-02-16 00:00:00,1.25062,1.2555399999999999,1.24965,1.25274,68030
2018-02-16 12:00:00,1.25275,1.2529,1.2393399999999999,1.24105,103878
2018-02-19 00:00:00,1.24008,1.24352,1.23875,1.2410700000000001,55731
2018-02-19 12:00:00,1.24106,1.2427,1.23691,1.2407,62290
2018-02-20 00:00:00,1.24068,1.24123,1.2343,1.2343600000000001,65449
2018-02-20 12:00:00,1.23437,1.23617,1.23196,1.23367,84633
2018-02-21 00:00:00,1.23367,1.23447,1.23075,1.23336,58589
2018-02-21 12:00:00,1.23336,1.23598,1.2281,1.22822,131491
2018-02-22 00:00:00,1.2281900000000001,1.22955,1.22595,1.22939,57766
2018-02-22 12:00:00,1.22937,1.23521,1.22645,1.23292,92254
2018-02-23 00:00:00,1.23292,1.23369,1.22798,1.23079,50020
2018-02-23 12:00:00,1.23079,1.23183,1.22851,1.22935,67574
2018-02-26 00:00:00,1.2293,1.2349700000000001,1.22803,1.2343,55273
2018-02-26 12:00:00,1.23426,1.2355,1.22779,1.23167,72302
2018-02-27 00:00:00,1.23167,1.23464,1.23086,1.23312,49189
2018-02-27 12:00:00,1.23312,1.23376,1.22215,1.22325,104918
2018-02-28 00:00:00,1.22325,1.22416,1.21986,1.22204,56441
2018-02-28 12:00:00,1.22203,1.22298,1.21878,1.21929,84577
2018-03-01 00:00:00,1.21924,1.2213,1.218,1.21816,49476
2018-03-01 12:00:00,1.21815,1.22733,1.21546,1.22651,123182
2018-03-02 00:00:00,1.22651,1.22877,1.2251400000000001,1.22759,54970
2018-03-02 12:00:00,1.22759,1.23359,1.22745,1.23184,98498
2018-03-05 00:00:00,1.23324,1.23645,1.22688,1.23221,76706
2018-03-05 12:00:00,1.23222,1.23488,1.22839,1.23353,83157
2018-03-06 00:00:00,1.23353,1.2363,1.2328000000000001,1.23441,52264
2018-03-06 12:00:00,1.23441,1.24201,1.23345,1.24033,96321
2018-03-07 00:00:00,1.24033,1.24336,1.24033,1.24233,69085
2018-03-07 12:00:00,1.24231,1.24448,1.23848,1.2410700000000001,81697
2018-03-08 00:00:00,1.2410700000000001,1.24154,1.2378,1.23827,51770
2018-03-08 12:00:00,1.23827,1.24462,1.22979,1.23103,123282
2018-03-09 00:00:00,1.23102,1.23218,1.22945,1.23019,57183
2018-03-09 12:00:00,1.23019,1.23342,1.2273,1.23053,94932
2018-03-12 00:00:00,1.23096,1.23408,1.2298499999999999,1.23118,39858
2018-03-12 12:00:00,1.23118,1.23456,1.22903,1.23346,63199
2018-03-13 00:00:00,1.23344,1.23453,1.23145,1.23291,38151
2018-03-13 12:00:00,1.23295,1.24074,1.23261,1.23911,95944
2018-03-14 00:00:00,1.23911,1.24125,1.23612,1.23666,49853
2018-03-14 12:00:00,1.23667,1.23968,1.23471,1.2368000000000001,82336
2018-03-15 00:00:00,1.23678,1.23836,1.23518,1.23597,47344
2018-03-15 12:00:00,1.23596,1.23672,1.23003,1.23044,92320
2018-03-16 00:00:00,1.2304599999999999,1.23362,1.2295,1.2323,41588
2018-03-16 12:00:00,1.23225,1.23314,1.226,1.22889,68743
2018-03-19 00:00:00,1.22872,1.22919,1.2258,1.22822,36053
2018-03-19 12:00:00,1.22823,1.23588,1.2276,1.2334100000000001,81453
2018-03-20 00:00:00,1.2334100000000001,1.23547,1.23128,1.23165,42879
2018-03-20 12:00:00,1.23164,1.23165,1.22396,1.22435,68994
2018-03-21 00:00:00,1.22435,1.22906,1.22417,1.22787,33728
2018-03-21 12:00:00,1.22786,1.23498,1.22509,1.23385,111401
2018-03-22 00:00:00,1.23385,1.23885,1.23295,1.23342,49059
2018-03-22 12:00:00,1.2334100000000001,1.23355,1.2285,1.23056,101478
2018-03-23 00:00:00,1.23056,1.23487,1.23056,1.23241,50381
2018-03-23 12:00:00,1.23242,1.23733,1.23227,1.23514,74757
2018-03-26 00:00:00,1.2349700000000001,1.23986,1.23485,1.23922,37113
2018-03-26 12:00:00,1.23921,1.24615,1.23918,1.24431,74081
2018-03-27 00:00:00,1.2442199999999999,1.24763,1.24261,1.24302,44677
2018-03-27 12:00:00,1.24301,1.24306,1.23719,1.2402,80033
2018-03-28 00:00:00,1.24017,1.24216,1.23765,1.23975,43710
2018-03-28 12:00:00,1.23973,1.24087,1.23,1.2307299999999999,79598
2018-03-29 00:00:00,1.23079,1.2335099999999999,1.22954,1.23069,42052
2018-03-29 12:00:00,1.23069,1.23358,1.22839,1.23001,73645
2018-03-30 00:00:00,1.22999,1.23304,1.22866,1.23278,32657
2018-03-30 12:00:00,1.23277,1.23301,1.23092,1.23218,22078
2018-04-02 00:00:00,1.23192,1.2331699999999999,1.2310699999999999,1.23289,18109
2018-04-02 12:00:00,1.23288,1.2345,1.22811,1.23016,47461
2018-04-03 00:00:00,1.23018,1.2336,1.22921,1.23167,38545
2018-04-03 12:00:00,1.23166,1.2319,1.22536,1.22699,68150
2018-04-04 00:00:00,1.22699,1.23147,1.2257,1.22906,25409
2018-04-04 12:00:00,1.22904,1.23098,1.22708,1.22777,42263
2018-04-05 00:00:00,1.22774,1.22903,1.2248999999999999,1.22651,21025
2018-04-05 12:00:00,1.22651,1.22837,1.22183,1.22401,45806
2018-04-06 00:00:00,1.22394,1.22599,1.22149,1.2235,36513
2018-04-06 12:00:00,1.2235,1.22908,1.22194,1.22809,63362
2018-04-09 00:00:00,1.22794,1.22864,1.22602,1.22799,36260
2018-04-09 12:00:00,1.228,1.23309,1.22621,1.23204,41623
2018-04-10 00:00:00,1.23184,1.23352,1.23027,1.23248,32990
2018-04-10 12:00:00,1.23248,1.23776,1.23182,1.23557,53447
2018-04-11 00:00:00,1.2355,1.23872,1.23501,1.23771,26105
2018-04-11 12:00:00,1.23771,1.23964,1.23469,1.23669,51734
2018-04-12 00:00:00,1.23657,1.23798,1.2345,1.23458,26698
2018-04-12 12:00:00,1.23458,1.23516,1.22992,1.23261,53373
2018-04-13 00:00:00,1.23255,1.23459,1.23173,1.2335,25836
2018-04-13 12:00:00,1.2335,1.23441,1.2307,1.2328999999999999,37878
2018-04-16 00:00:00,1.23289,1.23685,1.23231,1.23645,23670
2018-04-16 12:00:00,1.23645,1.23945,1.23565,1.23792,33842
2018-04-17 00:00:00,1.23783,1.24137,1.23757,1.23853,20605
2018-04-17 12:00:00,1.23853,1.2387,1.2336,1.23692,38626
2018-04-18 00:00:00,1.23689,1.23823,1.23486,1.23596,25478
2018-04-18 12:00:00,1.23594,1.23971,1.23415,1.23734,44861
2018-04-19 00:00:00,1.23726,1.24002,1.236,1.23661,29070
2018-04-19 12:00:00,1.23661,1.23854,1.23291,1.23453,51190
2018-04-20 00:00:00,1.23446,1.23529,1.23118,1.23147,27152
2018-04-20 12:00:00,1.23147,1.23157,1.22496,1.22873,45177
2018-04-23 00:00:00,1.22695,1.22895,1.22376,1.22384,31179
2018-04-23 12:00:00,1.22382,1.22458,1.21975,1.22083,43298
2018-04-24 00:00:00,1.22083,1.22238,1.21816,1.22029,30958
2018-04-24 12:00:00,1.2203,1.2245,1.21963,1.22318,49205
2018-04-25 00:00:00,1.22311,1.22387,1.21866,1.22028,25735
2018-04-25 12:00:00,1.22028,1.22153,1.216,1.21605,53207
2018-04-26 00:00:00,1.21599,1.21884,1.21561,1.21714,32959
2018-04-26 12:00:00,1.21714,1.22099,1.20963,1.21031,83780
2018-04-27 00:00:00,1.21031,1.2116500000000001,1.20647,1.20716,31129
2018-04-27 12:00:00,1.20716,1.21329,1.20553,1.21293,58878
2018-04-30 00:00:00,1.21248,1.21387,1.2102,1.21041,29094
2018-04-30 12:00:00,1.21041,1.21213,1.20641,1.20774,58668
2018-05-01 00:00:00,1.20772,1.2084,1.20326,1.20339,23337
2018-05-01 12:00:00,1.20339,1.20413,1.19814,1.1992099999999999,54742
2018-05-02 00:00:00,1.1992099999999999,1.20316,1.19875,1.19993,34127
2018-05-02 12:00:00,1.19993,1.20256,1.19379,1.19503,94715
2018-05-03 00:00:00,1.19503,1.20088,1.19477,1.19859,38521
2018-05-03 12:00:00,1.1985999999999999,1.20045,1.19494,1.19878,83346
2018-05-04 00:00:00,1.19878,1.19954,1.19585,1.19629,23244
2018-05-04 12:00:00,1.19629,1.19942,1.19108,1.1960899999999999,75152
2018-05-07 00:00:00,1.19507,1.1978,1.1921599999999999,1.19306,22501
2018-05-07 12:00:00,1.19306,1.1938,1.18975,1.19218,42616
2018-05-08 00:00:00,1.19218,1.19387,1.18828,1.18882,35684
2018-05-08 12:00:00,1.18883,1.18959,1.1838,1.1864,65951
2018-05-09 00:00:00,1.18638,1.18698,1.18226,1.18559,34272
2018-05-09 12:00:00,1.18559,1.18969,1.1841,1.1850100000000001,58458
2018-05-10 00:00:00,1.18502,1.18792,1.18429,1.18728,35835
2018-05-10 12:00:00,1.18728,1.19465,1.1871,1.19149,86950
2018-05-11 00:00:00,1.1914500000000001,1.19257,1.18911,1.19213,31936
2018-05-11 12:00:00,1.19213,1.19679,1.19134,1.19417,53619
2018-05-14 00:00:00,1.19418,1.19859,1.19363,1.19843,33621
2018-05-14 12:00:00,1.19843,1.19961,1.1926,1.19262,46629
2018-05-15 00:00:00,1.19261,1.19385,1.19103,1.19185,29794
2018-05-15 12:00:00,1.19185,1.19295,1.18201,1.18374,80352
2018-05-16 00:00:00,1.18374,1.18543,1.18158,1.18371,46839
2018-05-16 12:00:00,1.1837,1.1838,1.17631,1.18069,83169
2018-05-17 00:00:00,1.18065,1.18374,1.17923,1.18148,48826
2018-05-17 12:00:00,1.18148,1.18247,1.17763,1.17931,66924
2018-05-18 00:00:00,1.17938,1.18221,1.17892,1.18063,28715
2018-05-18 12:00:00,1.18063,1.181,1.17498,1.17705,58693
2018-05-21 00:00:00,1.17696,1.1776,1.17166,1.17416,31514
2018-05-21 12:00:00,1.17416,1.17957,1.17333,1.17911,46506
2018-05-22 00:00:00,1.17911,1.18297,1.17565,1.18081,39604
2018-05-22 12:00:00,1.18081,1.18271,1.17688,1.1778,60031
2018-05-23 00:00:00,1.17782,1.17896,1.16985,1.17289,53789
2018-05-23 12:00:00,1.17289,1.17478,1.16758,1.16951,87014
2018-05-24 00:00:00,1.16948,1.17459,1.16907,1.17381,54607
2018-05-24 12:00:00,1.1738,1.17503,1.17054,1.17192,59074
2018-05-25 00:00:00,1.17202,1.17281,1.16843,1.1727,38146
2018-05-25 12:00:00,1.1727,1.1733500000000001,1.16452,1.16492,69190
2018-05-28 00:00:00,1.1682299999999999,1.1728399999999999,1.16753,1.1678,41139
2018-05-28 12:00:00,1.1678,1.16788,1.16073,1.16238,50005
2018-05-29 00:00:00,1.1623,1.1639599999999999,1.15308,1.15428,55025
2018-05-29 12:00:00,1.15428,1.1589800000000001,1.1509800000000001,1.15391,106678
2018-05-30 00:00:00,1.15349,1.1612,1.15186,1.16114,57404
2018-05-30 12:00:00,1.16114,1.1676199999999999,1.15922,1.16622,86381
2018-05-31 00:00:00,1.16622,1.17244,1.16479,1.17198,45245
2018-05-31 12:00:00,1.17198,1.17232,1.16409,1.16906,83146
2018-06-01 00:00:00,1.16879,1.17065,1.16653,1.16819,37893
2018-06-01 12:00:00,1.16818,1.17179,1.16166,1.16596,80727
2018-06-04 00:00:00,1.16554,1.17181,1.16554,1.17097,38576
2018-06-04 12:00:00,1.17097,1.17445,1.16772,1.16978,51565
2018-06-05 00:00:00,1.16966,1.17165,1.16832,1.17047,33957
2018-06-05 12:00:00,1.17047,1.17321,1.16526,1.17167,66820
2018-06-06 00:00:00,1.17118,1.17709,1.17107,1.17423,46942
2018-06-06 12:00:00,1.17423,1.17956,1.17415,1.1773500000000001,53431
2018-06-07 00:00:00,1.17728,1.1838,1.17723,1.18209,39865
2018-06-07 12:00:00,1.18208,1.18398,1.17963,1.1797900000000001,72282
2018-06-08 00:00:00,1.17981,1.18103,1.1759,1.17641,39440
2018-06-08 12:00:00,1.17641,1.1778,1.17269,1.17693,51489
2018-06-11 00:00:00,1.17732,1.18204,1.1771,1.17841,30174
2018-06-11 12:00:00,1.17841,1.18139,1.17751,1.17828,44218
2018-06-12 00:00:00,1.17821,1.1809,1.1741,1.17933,40019
2018-06-12 12:00:00,1.17933,1.18032,1.17329,1.17454,56878
2018-06-13 00:00:00,1.17461,1.17537,1.17301,1.17438,23428
2018-06-13 12:00:00,1.17438,1.18008,1.17249,1.17912,77895
2018-06-14 00:00:00,1.17908,1.18275,1.17871,1.1825700000000001,25924
2018-06-14 12:00:00,1.18256,1.18519,1.15628,1.15659,112414
2018-06-15 00:00:00,1.1568,1.16002,1.1543,1.15919,41493
2018-06-15 12:00:00,1.15919,1.1627,1.1559,1.1607,74270
2018-06-18 00:00:00,1.1587399999999999,1.16015,1.15652,1.1589800000000001,30234
2018-06-18 12:00:00,1.1589800000000001,1.16242,1.1589,1.16222,45982
2018-06-19 00:00:00,1.16224,1.16443,1.15418,1.15538,57991
2018-06-19 12:00:00,1.15538,1.15938,1.15305,1.15877,70568
2018-06-20 00:00:00,1.15872,1.15955,1.15359,1.15573,42242
2018-06-20 12:00:00,1.15573,1.15999,1.15562,1.15704,63142
2018-06-21 00:00:00,1.15695,1.15802,1.15171,1.1519300000000001,49583
2018-06-21 12:00:00,1.15191,1.1633499999999999,1.15078,1.16025,87616
2018-06-22 00:00:00,1.15983,1.16738,1.15982,1.16692,53399
2018-06-22 12:00:00,1.16692,1.16749,1.16172,1.16539,73659
2018-06-25 00:00:00,1.16635,1.16726,1.16284,1.16589,50919
2018-06-25 12:00:00,1.16589,1.1713,1.1639,1.17027,55587
2018-06-26 00:00:00,1.17027,1.17205,1.16695,1.16726,48960
2018-06-26 12:00:00,1.16726,1.16844,1.16347,1.1646,72638
2018-06-27 00:00:00,1.16455,1.16721,1.16238,1.16277,44570
2018-06-27 12:00:00,1.16277,1.16434,1.15404,1.15524,78036
2018-06-28 00:00:00,1.15516,1.1573,1.15271,1.1555,55138
2018-06-28 12:00:00,1.1555,1.16006,1.15509,1.15679,76820
2018-06-29 00:00:00,1.15672,1.16662,1.1558,1.16488,65756
2018-06-29 12:00:00,1.16488,1.16903,1.16279,1.16831,77095
2018-07-02 00:00:00,1.16841,1.16894,1.16259,1.16436,44176
2018-07-02 12:00:00,1.16436,1.16483,1.15912,1.16388,51138
2018-07-03 00:00:00,1.1638600000000001,1.16731,1.1620300000000001,1.16595,47983
2018-07-03 12:00:00,1.16595,1.16669,1.16419,1.1655,44974
2018-07-04 00:00:00,1.16559,1.16817,1.1635900000000001,1.16443,39438
2018-07-04 12:00:00,1.16444,1.16747,1.16305,1.16555,36314
2018-07-05 00:00:00,1.16554,1.17107,1.16499,1.16931,43142
2018-07-05 12:00:00,1.1693,1.17203,1.1672,1.16895,56470
2018-07-06 00:00:00,1.16892,1.17267,1.168,1.17132,36752
2018-07-06 12:00:00,1.17132,1.17679,1.17023,1.17435,52721
2018-07-09 00:00:00,1.17382,1.17812,1.17354,1.17722,36726
2018-07-09 12:00:00,1.17722,1.17908,1.17326,1.17496,51314
2018-07-10 00:00:00,1.17495,1.17626,1.17212,1.17262,32788
2018-07-10 12:00:00,1.17262,1.17496,1.16902,1.17438,47876
2018-07-11 00:00:00,1.17424,1.17462,1.1708,1.17084,37251
2018-07-11 12:00:00,1.17084,1.17584,1.16653,1.16714,76077
2018-07-12 00:00:00,1.16718,1.1693,1.1670099999999999,1.16745,34944
2018-07-12 12:00:00,1.16745,1.16957,1.16496,1.16705,60123
2018-07-13 00:00:00,1.16698,1.1675,1.16128,1.16271,35083
2018-07-13 12:00:00,1.16271,1.16867,1.1616,1.16856,55754
2018-07-16 00:00:00,1.16895,1.17071,1.16755,1.16965,37492
2018-07-16 12:00:00,1.16965,1.17254,1.16936,1.17108,45135
2018-07-17 00:00:00,1.17094,1.17428,1.17013,1.17413,34641
2018-07-17 12:00:00,1.17413,1.17446,1.16491,1.16602,62339
2018-07-18 00:00:00,1.16591,1.16649,1.16071,1.16219,38180
2018-07-18 12:00:00,1.16219,1.16621,1.16019,1.1638,55147
2018-07-19 00:00:00,1.16381,1.16566,1.16036,1.16126,48657
2018-07-19 12:00:00,1.16126,1.16785,1.15747,1.16409,85758
2018-07-20 00:00:00,1.16419,1.16736,1.16262,1.16409,62075
2018-07-20 12:00:00,1.16411,1.17388,1.16402,1.17209,84635
2018-07-23 00:00:00,1.17261,1.17497,1.1703999999999999,1.17057,34221
2018-07-23 12:00:00,1.17057,1.17271,1.16833,1.16915,38861
2018-07-24 00:00:00,1.16913,1.17041,1.1654200000000001,1.16841,34165
2018-07-24 12:00:00,1.16841,1.17165,1.16727,1.16856,42694
2018-07-25 00:00:00,1.16856,1.16992,1.16751,1.16958,27766
2018-07-25 12:00:00,1.16958,1.17382,1.16635,1.1728,52026
2018-07-26 00:00:00,1.1729,1.17433,1.17105,1.1713,28377
2018-07-26 12:00:00,1.17131,1.17304,1.16397,1.1642299999999999,49132
2018-07-27 00:00:00,1.16403,1.16573,1.16244,1.16257,24433
2018-07-27 12:00:00,1.16257,1.1663999999999999,1.16199,1.16565,40865
2018-07-30 00:00:00,1.16563,1.16764,1.16477,1.1676,20838
2018-07-30 12:00:00,1.16756,1.17184,1.16739,1.1705,29283
2018-07-31 00:00:00,1.17027,1.17311,1.16997,1.17251,28969
2018-07-31 12:00:00,1.1724999999999999,1.17455,1.16855,1.16906,41858
2018-08-01 00:00:00,1.16895,1.1693500000000001,1.16716,1.1681300000000001,24685
2018-08-01 12:00:00,1.1681300000000001,1.16993,1.16568,1.16594,38224
2018-08-02 00:00:00,1.1659,1.16671,1.16177,1.16196,21817
2018-08-02 12:00:00,1.16196,1.16318,1.1581299999999999,1.1584,39339
2018-08-03 00:00:00,1.15838,1.15946,1.15612,1.15786,21690
2018-08-03 12:00:00,1.15788,1.16102,1.15598,1.15672,46706
2018-08-06 00:00:00,1.1568100000000001,1.15708,1.15497,1.15573,18999
2018-08-06 12:00:00,1.1557,1.15701,1.15296,1.1553200000000001,27318
2018-08-07 00:00:00,1.1553200000000001,1.15902,1.155,1.1587,20748
2018-08-07 12:00:00,1.15873,1.16078,1.15817,1.15979,28530
2018-08-08 00:00:00,1.1598,1.16278,1.15834,1.15882,21115
2018-08-08 12:00:00,1.15882,1.16194,1.15729,1.16096,28706
2018-08-09 00:00:00,1.16096,1.16189,1.15757,1.1592500000000001,23715
2018-08-09 12:00:00,1.15924,1.16069,1.15253,1.15265,35095
2018-08-10 00:00:00,1.15262,1.1536,1.14316,1.14566,48362
2018-08-10 12:00:00,1.14566,1.1482,1.13878,1.14111,63672
2018-08-13 00:00:00,1.13714,1.14112,1.13646,1.13825,51718
2018-08-13 12:00:00,1.13826,1.14324,1.13715,1.14096,49620
2018-08-14 00:00:00,1.14095,1.1429,1.13835,1.13853,34694
2018-08-14 12:00:00,1.1385399999999999,1.14179,1.13297,1.13436,46313
2018-08-15 00:00:00,1.13429,1.13498,1.13157,1.1325,29485
2018-08-15 12:00:00,1.13249,1.13546,1.13006,1.1344400000000001,50579
2018-08-16 00:00:00,1.13452,1.13979,1.13353,1.13819,43649
2018-08-16 12:00:00,1.13818,1.1408800000000001,1.13473,1.13758,43480
2018-08-17 00:00:00,1.13758,1.14193,1.1366,1.1396,29661
2018-08-17 12:00:00,1.13961,1.14445,1.13739,1.14381,45469
2018-08-20 00:00:00,1.1436600000000001,1.14398,1.14038,1.14063,26927
2018-08-20 12:00:00,1.14063,1.14846,1.1394,1.14807,34715
2018-08-21 00:00:00,1.14802,1.15418,1.1479300000000001,1.15334,37934
2018-08-21 12:00:00,1.15334,1.16008,1.14916,1.157,47564
2018-08-22 00:00:00,1.15696,1.1582,1.15528,1.15731,27506
2018-08-22 12:00:00,1.15731,1.16226,1.15727,1.15958,47711
2018-08-23 00:00:00,1.15936,1.15993,1.15418,1.15633,31088
2018-08-23 12:00:00,1.15633,1.15904,1.15292,1.15378,41918
2018-08-24 00:00:00,1.15369,1.15796,1.15344,1.15628,28375
2018-08-24 12:00:00,1.15629,1.16394,1.15578,1.16218,48413
2018-08-27 00:00:00,1.1616,1.16532,1.15941,1.16095,28636
2018-08-27 12:00:00,1.16095,1.16932,1.16046,1.16777,35397
2018-08-28 00:00:00,1.16766,1.16993,1.16622,1.16916,29347
2018-08-28 12:00:00,1.16916,1.17333,1.16871,1.16939,43874
2018-08-29 00:00:00,1.16939,1.16973,1.16628,1.16659,31383
2018-08-29 12:00:00,1.16659,1.17096,1.16514,1.17063,51425
2018-08-30 00:00:00,1.17063,1.17178,1.16748,1.16864,28375
2018-08-30 12:00:00,1.16864,1.17085,1.16413,1.16697,51417
2018-08-31 00:00:00,1.16652,1.16897,1.16592,1.16686,31842
2018-08-31 12:00:00,1.16686,1.16727,1.15842,1.16021,55452
2018-09-03 00:00:00,1.15955,1.16257,1.15885,1.16111,24454
2018-09-03 12:00:00,1.16111,1.16275,1.15958,1.1618,26827
2018-09-04 00:00:00,1.1616900000000001,1.16207,1.15575,1.15651,27828
2018-09-04 12:00:00,1.1565,1.15891,1.15297,1.15804,41629
2018-09-05 00:00:00,1.15801,1.16078,1.15422,1.1568100000000001,28398
2018-09-05 12:00:00,1.1568,1.16398,1.15665,1.16289,48803
2018-09-06 00:00:00,1.16297,1.16588,1.16134,1.16351,32072
2018-09-06 12:00:00,1.16351,1.16547,1.1605,1.16226,46959
2018-09-07 00:00:00,1.16226,1.16489,1.16133,1.16437,28446
2018-09-07 12:00:00,1.16437,1.16491,1.15501,1.15526,55903
2018-09-10 00:00:00,1.15494,1.15735,1.15255,1.15705,25893
2018-09-10 12:00:00,1.15705,1.16158,1.1568,1.1593,33229
2018-09-11 00:00:00,1.15923,1.16438,1.15772,1.16143,22466
2018-09-11 12:00:00,1.16143,1.16168,1.1565,1.16045,38910
2018-09-12 00:00:00,1.16041,1.16054,1.15696,1.15902,21282
2018-09-12 12:00:00,1.15901,1.16493,1.15717,1.16252,46206
2018-09-13 00:00:00,1.16253,1.16425,1.1614200000000001,1.1614200000000001,18415
2018-09-13 12:00:00,1.16139,1.17007,1.16087,1.16897,46470
2018-09-14 00:00:00,1.16892,1.1721300000000001,1.16868,1.17054,20023
2018-09-14 12:00:00,1.17054,1.17083,1.16202,1.16219,42835
2018-09-17 00:00:00,1.16231,1.16604,1.16175,1.16528,17828
2018-09-17 12:00:00,1.16524,1.16978,1.16468,1.16829,32268
2018-09-18 00:00:00,1.16829,1.17174,1.1666400000000001,1.16866,34572
2018-09-18 12:00:00,1.16866,1.17241,1.16517,1.1665,42250
2018-09-19 00:00:00,1.16649,1.17146,1.16552,1.17021,27360
2018-09-19 12:00:00,1.17021,1.17054,1.16496,1.1672,42070
2018-09-20 00:00:00,1.16718,1.17083,1.16685,1.16912,28019
2018-09-20 12:00:00,1.16912,1.17842,1.1685699999999999,1.17765,48369
2018-09-21 00:00:00,1.1776200000000001,1.18024,1.17687,1.1792799999999999,28499
2018-09-21 12:00:00,1.1792799999999999,1.17934,1.17323,1.17537,43502
2018-09-24 00:00:00,1.17405,1.1768,1.17237,1.17673,21499
2018-09-24 12:00:00,1.17673,1.18148,1.1743999999999999,1.17472,39573
2018-09-25 00:00:00,1.1748,1.1774,1.17304,1.17603,29341
2018-09-25 12:00:00,1.17602,1.17921,1.17576,1.17658,37125
2018-09-26 00:00:00,1.17653,1.17752,1.17556,1.17667,23240
2018-09-26 12:00:00,1.1767,1.17974,1.17256,1.17379,54516
2018-09-27 00:00:00,1.17362,1.17568,1.1684700000000001,1.17109,40345
2018-09-27 12:00:00,1.17103,1.17198,1.16385,1.16407,45836
2018-09-28 00:00:00,1.16407,1.16509,1.16112,1.16136,30549
2018-09-28 12:00:00,1.16133,1.1629,1.15693,1.1602000000000001,47709
2018-10-01 00:00:00,1.16156,1.16166,1.15735,1.16067,24136
2018-10-01 12:00:00,1.16066,1.16243,1.15632,1.15778,40822
2018-10-02 00:00:00,1.1579,1.158,1.15112,1.15141,29000
2018-10-02 12:00:00,1.1514,1.157,1.15048,1.1546,41105
2018-10-03 00:00:00,1.1547399999999999,1.15933,1.15353,1.15745,37667
2018-10-03 12:00:00,1.15745,1.15745,1.14639,1.1476600000000001,46570
2018-10-04 00:00:00,1.14762,1.14989,1.1463,1.14861,32336
2018-10-04 12:00:00,1.14861,1.15424,1.14861,1.15134,50339
2018-10-05 00:00:00,1.15139,1.1519300000000001,1.14909,1.14917,29111
2018-10-05 12:00:00,1.14916,1.15494,1.14837,1.15234,60656
2018-10-08 00:00:00,1.15205,1.15292,1.14714,1.14735,26604
2018-10-08 12:00:00,1.14735,1.14984,1.14596,1.14907,38445
2018-10-09 00:00:00,1.14903,1.15023,1.14636,1.14776,32312
2018-10-09 12:00:00,1.14775,1.15029,1.14318,1.14899,57726
2018-10-10 00:00:00,1.14899,1.1515,1.1481,1.14859,26312
2018-10-10 12:00:00,1.14859,1.1545,1.14794,1.15182,53561
2018-10-11 00:00:00,1.15186,1.1572,1.15175,1.15453,43333
2018-10-11 12:00:00,1.15453,1.15989,1.15421,1.1593,71967
2018-10-12 00:00:00,1.15861,1.16101,1.1575199999999999,1.15863,30190
2018-10-12 12:00:00,1.15863,1.15882,1.15339,1.15584,47980
2018-10-15 00:00:00,1.15364,1.15753,1.15364,1.15723,25758
2018-10-15 12:00:00,1.15722,1.16059,1.15698,1.15784,42474
2018-10-16 00:00:00,1.15786,1.15982,1.1565699999999999,1.15871,27555
2018-10-16 12:00:00,1.1587399999999999,1.16209,1.1565699999999999,1.15733,39640
2018-10-17 00:00:00,1.15733,1.15801,1.15477,1.1565,28721
2018-10-17 12:00:00,1.15651,1.15748,1.14954,1.14999,49344
2018-10-18 00:00:00,1.15,1.15208,1.14812,1.15173,31452
2018-10-18 12:00:00,1.15173,1.15268,1.14487,1.14523,55001
2018-10-19 00:00:00,1.14522,1.14695,1.14326,1.14485,32978
2018-10-19 12:00:00,1.14484,1.1534200000000001,1.1441,1.1514199999999999,54138
2018-10-22 00:00:00,1.1516,1.1549800000000001,1.14977,1.1515,26245
2018-10-22 12:00:00,1.1515,1.15157,1.14553,1.1463700000000001,40288
2018-10-23 00:00:00,1.14635,1.14739,1.14389,1.14664,32114
2018-10-23 12:00:00,1.14662,1.14931,1.14485,1.14697,53791
2018-10-24 00:00:00,1.14704,1.14761,1.1407,1.14157,37843
2018-10-24 12:00:00,1.14157,1.14253,1.1378300000000001,1.13911,51854
2018-10-25 00:00:00,1.13919,1.14197,1.13909,1.14093,29272
2018-10-25 12:00:00,1.14093,1.14322,1.13558,1.13746,53947
2018-10-26 00:00:00,1.13731,1.13833,1.13575,1.13787,34850
2018-10-26 12:00:00,1.13788,1.14206,1.13353,1.14021,52405
2018-10-29 00:00:00,1.13978,1.1412499999999999,1.13602,1.13791,27775
2018-10-29 12:00:00,1.13791,1.1416,1.1367099999999999,1.1372,46484
2018-10-30 00:00:00,1.13719,1.13874,1.1357599999999999,1.13654,26720
2018-10-30 12:00:00,1.13639,1.13814,1.13401,1.13431,39838
2018-10-31 00:00:00,1.13431,1.13598,1.13303,1.13374,24849
2018-10-31 12:00:00,1.13374,1.13528,1.1301700000000001,1.13135,47986
2018-11-01 00:00:00,1.13134,1.13878,1.13123,1.13797,32615
2018-11-01 12:00:00,1.13797,1.14238,1.13681,1.14014,45974
2018-11-02 00:00:00,1.14014,1.14443,1.13908,1.14377,32046
2018-11-02 12:00:00,1.14377,1.14555,1.13718,1.13859,50588
2018-11-05 00:00:00,1.13853,1.13991,1.13741,1.13811,26898
2018-11-05 12:00:00,1.13811,1.14236,1.13526,1.14067,39028
2018-11-06 00:00:00,1.1406399999999999,1.1425,1.13987,1.14056,24421
2018-11-06 12:00:00,1.14056,1.14375,1.1391,1.1426,41206
2018-11-07 00:00:00,1.14261,1.14935,1.1394199999999999,1.1491,50737
2018-11-07 12:00:00,1.14909,1.14994,1.14246,1.14255,52328
2018-11-08 00:00:00,1.14253,1.14443,1.14114,1.14226,28536
2018-11-08 12:00:00,1.14226,1.14465,1.13512,1.13629,53923
2018-11-09 00:00:00,1.13628,1.13685,1.13294,1.13371,32267
2018-11-09 12:00:00,1.1337,1.13594,1.13157,1.13343,47271
2018-11-12 00:00:00,1.13184,1.13303,1.12397,1.12562,35976
2018-11-12 12:00:00,1.12562,1.12778,1.12153,1.12174,40120
2018-11-13 00:00:00,1.12176,1.1257,1.12162,1.12342,33476
2018-11-13 12:00:00,1.12344,1.12933,1.12215,1.12898,54437
2018-11-14 00:00:00,1.12904,1.1320000000000001,1.12667,1.12696,34735
2018-11-14 12:00:00,1.12699,1.13472,1.12628,1.1308,63249
2018-11-15 00:00:00,1.13089,1.13516,1.12847,1.1285,38504
2018-11-15 12:00:00,1.1285,1.1362,1.12703,1.13255,62821
2018-11-16 00:00:00,1.13249,1.13676,1.13211,1.13398,31106
2018-11-16 12:00:00,1.13398,1.14199,1.13212,1.1414,48602
2018-11-19 00:00:00,1.14136,1.14288,1.13935,1.14272,22284
2018-11-19 12:00:00,1.1427100000000001,1.1464,1.14146,1.14524,34809
2018-11-20 00:00:00,1.14529,1.14719,1.14216,1.14273,25912
2018-11-20 12:00:00,1.14277,1.14391,1.13583,1.13695,42240
2018-11-21 00:00:00,1.13695,1.14096,1.13645,1.13838,22247
2018-11-21 12:00:00,1.13838,1.14243,1.13666,1.13843,41546
2018-11-22 00:00:00,1.13848,1.14116,1.13799,1.1403,18793
2018-11-22 12:00:00,1.1403,1.14337,1.13907,1.14005,34896
2018-11-23 00:00:00,1.1400299999999999,1.14208,1.13648,1.13738,20634
2018-11-23 12:00:00,1.13739,1.13797,1.1327,1.13296,34278
2018-11-26 00:00:00,1.13391,1.13834,1.1326,1.13739,28050
2018-11-26 12:00:00,1.13738,1.13761,1.13246,1.13273,31423
2018-11-27 00:00:00,1.13274,1.13434,1.13048,1.13094,31302
2018-11-27 12:00:00,1.13094,1.13361,1.1277,1.12874,42366
2018-11-28 00:00:00,1.12849,1.13005,1.12667,1.12802,22013
2018-11-28 12:00:00,1.12801,1.13875,1.1268,1.13659,56404
2018-11-29 00:00:00,1.13658,1.13971,1.13597,1.13702,27618
2018-11-29 12:00:00,1.13706,1.14013,1.13483,1.13925,45315
2018-11-30 00:00:00,1.13924,1.14001,1.13696,1.13703,22443
2018-11-30 12:00:00,1.13703,1.1379,1.1305,1.13155,45179
2018-12-03 00:00:00,1.13499,1.1379299999999999,1.13278,1.13652,25403
2018-12-03 12:00:00,1.13652,1.13658,1.13189,1.13534,38242
2018-12-04 00:00:00,1.13535,1.14185,1.13495,1.14103,31890
2018-12-04 12:00:00,1.14102,1.14168,1.13181,1.13423,50774
2018-12-05 00:00:00,1.13413,1.13461,1.13165,1.13369,23577
2018-12-05 12:00:00,1.13369,1.13609,1.13104,1.13445,27182
2018-12-06 00:00:00,1.13447,1.13524,1.13205,1.13402,31289
2018-12-06 12:00:00,1.13401,1.14123,1.13222,1.13746,60404
2018-12-07 00:00:00,1.13767,1.13821,1.1360000000000001,1.13657,23260
2018-12-07 12:00:00,1.13656,1.14233,1.13625,1.13962,60403
2018-12-10 00:00:00,1.13893,1.14423,1.13893,1.14118,32154
2018-12-10 12:00:00,1.14118,1.14277,1.135,1.13552,59034
2018-12-11 00:00:00,1.13548,1.13867,1.13501,1.13814,24641
2018-12-11 12:00:00,1.13814,1.14001,1.13059,1.13163,57668
2018-12-12 00:00:00,1.1316,1.13374,1.13146,1.13329,25863
2018-12-12 12:00:00,1.13329,1.13868,1.13248,1.1368,57801
2018-12-13 00:00:00,1.13686,1.1393,1.13624,1.13771,21933
2018-12-13 12:00:00,1.13771,1.13924,1.13307,1.13583,52335
2018-12-14 00:00:00,1.13574,1.13646,1.12859,1.12929,29515
2018-12-14 12:00:00,1.12927,1.1307800000000001,1.12694,1.13053,39663
2018-12-17 00:00:00,1.12995,1.13309,1.12957,1.13288,26633
2018-12-17 12:00:00,1.13288,1.13574,1.13269,1.13471,39437
2018-12-18 00:00:00,1.13469,1.13815,1.13363,1.13758,26552
2018-12-18 12:00:00,1.13757,1.14018,1.13497,1.1360000000000001,44439
2018-12-19 00:00:00,1.13599,1.14055,1.13599,1.13886,27504
2018-12-19 12:00:00,1.13886,1.14388,1.13639,1.1376,64371
2018-12-20 00:00:00,1.13762,1.14804,1.1369,1.14777,35552
2018-12-20 12:00:00,1.14777,1.14855,1.14018,1.14452,67840
2018-12-21 00:00:00,1.14453,1.14736,1.14117,1.14275,29217
2018-12-21 12:00:00,1.14278,1.14287,1.13556,1.13665,64618
2018-12-24 00:00:00,1.13675,1.14077,1.13599,1.13946,19643
2018-12-24 12:00:00,1.13946,1.14381,1.13883,1.14164,44905
2018-12-26 00:00:00,1.14144,1.14147,1.13807,1.13838,5817
2018-12-26 12:00:00,1.13839,1.14137,1.13422,1.1352,35367
2018-12-27 00:00:00,1.13536,1.13996,1.13512,1.13936,35165
2018-12-27 12:00:00,1.13937,1.14538,1.1364,1.14292,64507
2018-12-28 00:00:00,1.14309,1.1467,1.1426,1.14424,27753
2018-12-28 12:00:00,1.14424,1.14723,1.14299,1.14398,54319
2018-12-31 00:00:00,1.14337,1.1449799999999999,1.1421000000000001,1.14359,18685
2018-12-31 12:00:00,1.14359,1.14655,1.14252,1.14558,37939
2019-01-02 00:00:00,1.1445400000000001,1.14967,1.14218,1.14336,21100
2019-01-02 12:00:00,1.14336,1.14414,1.13247,1.13437,54037
2019-01-03 00:00:00,1.13436,1.13837,1.1308799999999999,1.13754,43488
2019-01-03 12:00:00,1.13754,1.14107,1.1337,1.13929,68548
2019-01-04 00:00:00,1.13923,1.14187,1.13828,1.1402700000000001,26169
2019-01-04 12:00:00,1.14024,1.14174,1.13453,1.13955,61517
2019-01-07 00:00:00,1.13957,1.14474,1.13952,1.14408,23529
2019-01-07 12:00:00,1.14408,1.14821,1.14329,1.14739,38334
2019-01-08 00:00:00,1.14737,1.14841,1.14318,1.1451500000000001,24162
2019-01-08 12:00:00,1.1451500000000001,1.14688,1.14216,1.14406,41214
2019-01-09 00:00:00,1.14409,1.14785,1.1437,1.14605,23703
2019-01-09 12:00:00,1.14603,1.15578,1.14387,1.15415,61413
2019-01-10 00:00:00,1.15416,1.15698,1.15195,1.15242,32361
2019-01-10 12:00:00,1.15242,1.15451,1.14844,1.14994,44908
2019-01-11 00:00:00,1.14998,1.15317,1.14962,1.15196,23896
2019-01-11 12:00:00,1.15197,1.154,1.1457600000000001,1.14626,51759
2019-01-14 00:00:00,1.14569,1.14816,1.14541,1.14619,23464
2019-01-14 12:00:00,1.14622,1.14802,1.14501,1.14678,41279
2019-01-15 00:00:00,1.14678,1.14893,1.14229,1.1433200000000001,25601
2019-01-15 12:00:00,1.1433200000000001,1.14545,1.13813,1.14124,59434
2019-01-16 00:00:00,1.14114,1.1424400000000001,1.13911,1.141,24789
2019-01-16 12:00:00,1.14102,1.14111,1.13773,1.13912,42413
2019-01-17 00:00:00,1.13909,1.14013,1.13707,1.13931,21688
2019-01-17 12:00:00,1.1393,1.14056,1.13697,1.13879,47403
2019-01-18 00:00:00,1.13878,1.14004,1.13859,1.13978,19483
2019-01-18 12:00:00,1.13978,1.14099,1.13528,1.13655,41148
2019-01-21 00:00:00,1.13587,1.13907,1.13587,1.13709,16983
2019-01-21 12:00:00,1.13709,1.13798,1.13563,1.13657,23392
2019-01-22 00:00:00,1.1364,1.13725,1.13456,1.13604,23026
2019-01-22 12:00:00,1.1360000000000001,1.13735,1.1335600000000001,1.13594,37699
2019-01-23 00:00:00,1.13593,1.13716,1.1353,1.13554,19951
2019-01-23 12:00:00,1.13554,1.1394,1.1350500000000001,1.13807,40289
2019-01-24 00:00:00,1.13796,1.13911,1.13396,1.13463,27953
2019-01-24 12:00:00,1.13463,1.13804,1.12889,1.13031,63179
2019-01-25 00:00:00,1.13065,1.13341,1.12997,1.13297,29804
2019-01-25 12:00:00,1.13296,1.14172,1.13262,1.14051,52154
2019-01-28 00:00:00,1.14006,1.14254,1.13897,1.14078,22061
2019-01-28 12:00:00,1.14078,1.14432,1.14045,1.14262,38047
2019-01-29 00:00:00,1.14253,1.1449799999999999,1.142,1.1441,22703
2019-01-29 12:00:00,1.1441,1.14455,1.14108,1.1432,54493
2019-01-30 00:00:00,1.1431499999999999,1.14495,1.14238,1.14299,26653
2019-01-30 12:00:00,1.14297,1.15013,1.14057,1.14779,53465
2019-01-31 00:00:00,1.14789,1.15139,1.14777,1.14839,29040
2019-01-31 12:00:00,1.14839,1.14955,1.14353,1.14461,50492
2019-02-01 00:00:00,1.14468,1.1467100000000001,1.14339,1.14662,21378
2019-02-01 12:00:00,1.14662,1.1488,1.14471,1.14529,46760
2019-02-04 00:00:00,1.14506,1.146,1.1437599999999999,1.14449,20795
2019-02-04 12:00:00,1.14448,1.14538,1.14239,1.1435,35617
2019-02-05 00:00:00,1.14351,1.14401,1.14111,1.14189,17343
2019-02-05 12:00:00,1.14189,1.14335,1.14007,1.14043,34879
2019-02-06 00:00:00,1.14038,1.14091,1.13797,1.13879,19353
2019-02-06 12:00:00,1.13879,1.13984,1.13604,1.13607,32037
2019-02-07 00:00:00,1.13612,1.1368,1.13397,1.13446,16642
2019-02-07 12:00:00,1.13447,1.13596,1.13242,1.13385,38853
2019-02-08 00:00:00,1.13374,1.13439,1.13224,1.13252,15748
2019-02-08 12:00:00,1.13254,1.1350500000000001,1.13206,1.13217,29377
2019-02-11 00:00:00,1.13196,1.13296,1.13016,1.13023,15997
2019-02-11 12:00:00,1.13023,1.13211,1.12675,1.12748,31077
2019-02-12 00:00:00,1.12743,1.129,1.12573,1.1273900000000001,19584
2019-02-12 12:00:00,1.1273900000000001,1.13392,1.12725,1.13246,31622
2019-02-13 00:00:00,1.1326100000000001,1.1341,1.13125,1.13203,20917
2019-02-13 12:00:00,1.13204,1.1331,1.12595,1.12595,37716
2019-02-14 00:00:00,1.12609,1.12944,1.12488,1.12661,24361
2019-02-14 12:00:00,1.1266,1.13095,1.12607,1.12939,45135
2019-02-15 00:00:00,1.1295,1.1296599999999999,1.1267800000000001,1.12828,17610
2019-02-15 12:00:00,1.12828,1.13058,1.12336,1.1290499999999999,45968
2019-02-18 00:00:00,1.12917,1.13245,1.12886,1.13152,16986
2019-02-18 12:00:00,1.13151,1.13335,1.13019,1.13081,22415
2019-02-19 00:00:00,1.13087,1.13242,1.12926,1.13026,18032
2019-02-19 12:00:00,1.13026,1.13571,1.1275,1.13394,45464
2019-02-20 00:00:00,1.13399,1.1358,1.13311,1.13465,19476
2019-02-20 12:00:00,1.13465,1.13707,1.13243,1.13351,43390
2019-02-21 00:00:00,1.13368,1.13629,1.13197,1.1327,30397
2019-02-21 12:00:00,1.13269,1.1366,1.13226,1.1333,43964
2019-02-22 00:00:00,1.13319,1.13512,1.1329500000000001,1.1339299999999999,18167
2019-02-22 12:00:00,1.1339299999999999,1.13552,1.13157,1.13303,40331
2019-02-25 00:00:00,1.1333199999999999,1.13585,1.1327,1.1349,18990
2019-02-25 12:00:00,1.13489,1.1367099999999999,1.13364,1.1356,36720
2019-02-26 00:00:00,1.13564,1.13675,1.13452,1.13669,19144
2019-02-26 12:00:00,1.13669,1.14024,1.13447,1.1388,44378
2019-02-27 00:00:00,1.13887,1.13971,1.13721,1.13945,21674
2019-02-27 12:00:00,1.13945,1.14032,1.13619,1.13685,40557
2019-02-28 00:00:00,1.13692,1.13932,1.1363,1.13907,21008
2019-02-28 12:00:00,1.13907,1.14192,1.1359,1.13696,50916
2019-03-01 00:00:00,1.13697,1.1375,1.13529,1.13596,19563
2019-03-01 12:00:00,1.13597,1.14081,1.1354,1.13626,44781
2019-03-04 00:00:00,1.13734,1.1381000000000001,1.13336,1.13424,22830
2019-03-04 12:00:00,1.13424,1.13453,1.13087,1.13386,35403
2019-03-05 00:00:00,1.1339299999999999,1.13406,1.13156,1.13266,20855
2019-03-05 12:00:00,1.13267,1.13381,1.12892,1.13069,35277
2019-03-06 00:00:00,1.13067,1.13098,1.12893,1.13007,19409
2019-03-06 12:00:00,1.13007,1.13243,1.12852,1.13053,32685
2019-03-07 00:00:00,1.13058,1.13153,1.13007,1.13089,16025
2019-03-07 12:00:00,1.13089,1.13198,1.11756,1.11923,54504
2019-03-08 00:00:00,1.11929,1.12151,1.11848,1.12123,20795
2019-03-08 12:00:00,1.12123,1.12457,1.12085,1.12324,46281
2019-03-11 00:00:00,1.12345,1.1258,1.12226,1.12519,17478
2019-03-11 12:00:00,1.1252,1.12542,1.12214,1.12485,36829
2019-03-12 00:00:00,1.12484,1.1284,1.12469,1.12726,24568
2019-03-12 12:00:00,1.12727,1.13046,1.12487,1.12877,47916
2019-03-13 00:00:00,1.12877,1.12974,1.1277,1.12936,16533
2019-03-13 12:00:00,1.12936,1.1338300000000001,1.12892,1.13301,38208
2019-03-14 00:00:00,1.133,1.13372,1.13109,1.13131,21687
2019-03-14 12:00:00,1.13131,1.13134,1.12938,1.13043,41865
2019-03-15 00:00:00,1.1304,1.13287,1.13034,1.13216,18283
2019-03-15 12:00:00,1.13217,1.13439,1.12996,1.1323699999999999,30985
2019-03-18 00:00:00,1.1323,1.1350500000000001,1.13186,1.135,17430
2019-03-18 12:00:00,1.13503,1.13586,1.13241,1.13349,25714
2019-03-19 00:00:00,1.13348,1.13569,1.1333199999999999,1.13518,14973
2019-03-19 12:00:00,1.13519,1.13612,1.1338300000000001,1.13492,27983
2019-03-20 00:00:00,1.13491,1.13567,1.1335,1.1348799999999999,16070
2019-03-20 12:00:00,1.1348799999999999,1.14477,1.13456,1.14238,50805
2019-03-21 00:00:00,1.14238,1.14369,1.13923,1.14056,22837
2019-03-21 12:00:00,1.14056,1.14066,1.1342,1.13727,48366
2019-03-22 00:00:00,1.13727,1.13903,1.12881,1.13043,31695
2019-03-22 12:00:00,1.1304400000000001,1.13193,1.12729,1.13006,47871
2019-03-25 00:00:00,1.12934,1.1323,1.12885,1.1320000000000001,21526
2019-03-25 12:00:00,1.1320000000000001,1.1331,1.13033,1.13125,38696
2019-03-26 00:00:00,1.13125,1.13215,1.13025,1.13164,20948
2019-03-26 12:00:00,1.13165,1.13256,1.1262699999999999,1.12699,42175
2019-03-27 00:00:00,1.12698,1.12849,1.12464,1.12798,27146
2019-03-27 12:00:00,1.12798,1.12852,1.12418,1.12508,54402
2019-03-28 00:00:00,1.12508,1.12609,1.12336,1.12547,27623
2019-03-28 12:00:00,1.12546,1.1258,1.12132,1.12259,45752
2019-03-29 00:00:00,1.1226099999999999,1.12386,1.1211,1.1211,22427
2019-03-29 12:00:00,1.1211,1.12463,1.12094,1.12166,47674
2019-04-01 00:00:00,1.12258,1.12496,1.12193,1.12458,23361
2019-04-01 12:00:00,1.12455,1.12484,1.12036,1.12117,40692
2019-04-02 00:00:00,1.12121,1.12121,1.11898,1.11977,19777
2019-04-02 12:00:00,1.11977,1.12157,1.11833,1.12033,39910
2019-04-03 00:00:00,1.12037,1.12446,1.11995,1.12429,23821
2019-04-03 12:00:00,1.12431,1.12543,1.12247,1.12312,31949
2019-04-04 00:00:00,1.12324,1.12472,1.12302,1.12313,16522
2019-04-04 12:00:00,1.12313,1.12359,1.12056,1.12191,35623
2019-04-05 00:00:00,1.1219999999999999,1.12361,1.1217,1.12296,15417
2019-04-05 12:00:00,1.12296,1.12476,1.12096,1.12152,33514
2019-04-08 00:00:00,1.1213899999999999,1.12368,1.12101,1.1233,14517
2019-04-08 12:00:00,1.12332,1.12741,1.12303,1.12609,25790
2019-04-09 00:00:00,1.12587,1.12799,1.12546,1.12796,17103
2019-04-09 12:00:00,1.12795,1.12838,1.12608,1.12609,29446
2019-04-10 00:00:00,1.12625,1.12734,1.1255,1.12692,14448
2019-04-10 12:00:00,1.12692,1.12872,1.123,1.12724,40604
2019-04-11 00:00:00,1.1273900000000001,1.1287,1.12705,1.12788,17913
2019-04-11 12:00:00,1.12788,1.1284399999999999,1.1249500000000001,1.12507,29452
2019-04-12 00:00:00,1.12538,1.13095,1.12504,1.13051,19214
2019-04-12 12:00:00,1.13051,1.13235,1.1292200000000001,1.12981,29031
2019-04-15 00:00:00,1.13032,1.13205,1.12989,1.13177,15633
2019-04-15 12:00:00,1.1317599999999999,1.13192,1.12972,1.13023,24961
2019-04-16 00:00:00,1.13036,1.13135,1.1292200000000001,1.13046,16529
2019-04-16 12:00:00,1.13048,1.13112,1.12793,1.12799,40969
2019-04-17 00:00:00,1.1280000000000001,1.1323400000000001,1.1278299999999999,1.13156,17214
2019-04-17 12:00:00,1.13155,1.1319,1.12904,1.12946,31148
2019-04-18 00:00:00,1.12986,1.13037,1.12427,1.12603,23506
2019-04-18 12:00:00,1.12603,1.12606,1.12258,1.12305,36174
2019-04-19 00:00:00,1.12306,1.1247,1.12268,1.12461,6769
2019-04-19 12:00:00,1.12461,1.12473,1.12376,1.12388,12472
2019-04-22 00:00:00,1.12396,1.12472,1.12354,1.12455,7183
2019-04-22 12:00:00,1.12455,1.12616,1.12454,1.1256,12615
2019-04-23 00:00:00,1.12567,1.126,1.12414,1.12498,14644
2019-04-23 12:00:00,1.12499,1.12609,1.11918,1.12262,30504
2019-04-24 00:00:00,1.1227,1.1227,1.11943,1.12177,20586
2019-04-24 12:00:00,1.12177,1.1223,1.11401,1.11524,40733
2019-04-25 00:00:00,1.11516,1.1162,1.11343,1.11469,20882
2019-04-25 12:00:00,1.11469,1.11542,1.11173,1.11313,35720
2019-04-26 00:00:00,1.11322,1.1147,1.11237,1.11419,17179
2019-04-26 12:00:00,1.11419,1.11735,1.11105,1.1142,41015
2019-04-29 00:00:00,1.1139000000000001,1.11666,1.1139000000000001,1.11646,11947
2019-04-29 12:00:00,1.11645,1.11864,1.11453,1.11852,24031
2019-04-30 00:00:00,1.11841,1.12076,1.11753,1.12055,17852
2019-04-30 12:00:00,1.12055,1.12286,1.11972,1.1214,37718
2019-05-01 00:00:00,1.12148,1.12297,1.12103,1.12277,7160
2019-05-01 12:00:00,1.12277,1.12644,1.11867,1.11941,45401
2019-05-02 00:00:00,1.11942,1.12187,1.11907,1.12079,19261
2019-05-02 12:00:00,1.12079,1.12129,1.11703,1.11709,39942
2019-05-03 00:00:00,1.1171,1.11772,1.11577,1.11646,15490
2019-05-03 12:00:00,1.11647,1.12045,1.11346,1.12021,47436
2019-05-06 00:00:00,1.11707,1.12,1.1167,1.11836,22329
2019-05-06 12:00:00,1.11836,1.1209,1.11787,1.11978,28364
2019-05-07 00:00:00,1.11985,1.12176,1.11901,1.11961,21610
2019-05-07 12:00:00,1.11961,1.12059,1.11662,1.11906,33523
2019-05-08 00:00:00,1.11914,1.12123,1.11874,1.11977,22113
2019-05-08 12:00:00,1.11977,1.12134,1.11823,1.11904,43547
2019-05-09 00:00:00,1.11916,1.12029,1.1173,1.11883,25000
2019-05-09 12:00:00,1.11884,1.1250499999999999,1.11841,1.12128,46388
2019-05-10 00:00:00,1.12115,1.12344,1.12115,1.12306,23980
2019-05-10 12:00:00,1.12306,1.1253199999999999,1.12227,1.12333,37736
2019-05-13 00:00:00,1.12296,1.12409,1.12225,1.12293,14969
2019-05-13 12:00:00,1.12293,1.12631,1.12208,1.12208,38979
2019-05-14 00:00:00,1.1224,1.12436,1.12183,1.12418,17116
2019-05-14 12:00:00,1.12418,1.12429,1.12008,1.12028,29157
2019-05-15 00:00:00,1.12029,1.12165,1.11977,1.12136,14908
2019-05-15 12:00:00,1.12136,1.12242,1.11776,1.12,40069
2019-05-16 00:00:00,1.12013,1.12207,1.12,1.12201,14516
2019-05-16 12:00:00,1.12201,1.12236,1.11658,1.11734,29439
2019-05-17 00:00:00,1.11723,1.11839,1.11683,1.11735,16789
2019-05-17 12:00:00,1.11735,1.11786,1.11548,1.11565,35556
2019-05-20 00:00:00,1.116,1.11672,1.11503,1.11547,16077
2019-05-20 12:00:00,1.11546,1.11744,1.11527,1.1165,23611
2019-05-21 00:00:00,1.11649,1.11719,1.11416,1.11467,15600
2019-05-21 12:00:00,1.11468,1.11876,1.11437,1.11598,33667
2019-05-22 00:00:00,1.11612,1.11656,1.11483,1.11591,14151
2019-05-22 12:00:00,1.11591,1.11799,1.11491,1.11494,26035
2019-05-23 00:00:00,1.11499,1.11567,1.11299,1.11393,17672
2019-05-23 12:00:00,1.11393,1.11871,1.11066,1.11807,38719
2019-05-24 00:00:00,1.11817,1.12052,1.11712,1.11842,17225
2019-05-24 12:00:00,1.11842,1.12118,1.11777,1.12044,30428
2019-05-27 00:00:00,1.12094,1.1215,1.11914,1.11922,11842
2019-05-27 12:00:00,1.11922,1.11992,1.11865,1.11908,10483
2019-05-28 00:00:00,1.11907,1.12009,1.11751,1.1192,17581
2019-05-28 12:00:00,1.1192,1.11981,1.11586,1.11591,29895
2019-05-29 00:00:00,1.11594,1.11721,1.11516,1.11542,17643
2019-05-29 12:00:00,1.11544,1.11584,1.1124,1.11302,34461
2019-05-30 00:00:00,1.11306,1.11429,1.11239,1.11336,14059
2019-05-30 12:00:00,1.11336,1.1143,1.11157,1.11283,25621
2019-05-31 00:00:00,1.11287,1.11542,1.11248,1.11477,20931
2019-05-31 12:00:00,1.11476,1.11795,1.11364,1.11676,42881
2019-06-03 00:00:00,1.11644,1.11896,1.11596,1.11791,23361
2019-06-03 12:00:00,1.11791,1.12616,1.11691,1.12406,36925
2019-06-04 00:00:00,1.12407,1.12769,1.12403,1.12476,21877
2019-06-04 12:00:00,1.12476,1.12664,1.12263,1.12507,44348
2019-06-05 00:00:00,1.12514,1.12841,1.12501,1.12788,18415
2019-06-05 12:00:00,1.12788,1.13061,1.12194,1.1219999999999999,50176
2019-06-06 00:00:00,1.12201,1.12421,1.12201,1.12391,14133
2019-06-06 12:00:00,1.1239,1.13084,1.12,1.12747,51548
2019-06-07 00:00:00,1.1274899999999999,1.12794,1.1256,1.12649,15368
2019-06-07 12:00:00,1.12648,1.13474,1.12509,1.1332200000000001,49649
2019-06-10 00:00:00,1.13224,1.13301,1.12897,1.12961,16269
2019-06-10 12:00:00,1.1296,1.1324,1.12904,1.1311,25699
2019-06-11 00:00:00,1.13108,1.13314,1.1307,1.13125,16466
2019-06-11 12:00:00,1.13125,1.13371,1.1301,1.13253,38306
2019-06-12 00:00:00,1.13253,1.1343,1.13253,1.13337,18137
2019-06-12 12:00:00,1.13337,1.13402,1.1282,1.12866,37215
2019-06-13 00:00:00,1.12865,1.13033,1.12852,1.12912,17998
2019-06-13 12:00:00,1.12911,1.12965,1.12679,1.12761,28913
2019-06-14 00:00:00,1.12761,1.12888,1.12694,1.12794,16730
2019-06-14 12:00:00,1.12794,1.12794,1.1202,1.12103,40857
2019-06-17 00:00:00,1.12088,1.12237,1.12033,1.12135,13160
2019-06-17 12:00:00,1.12134,1.12467,1.12103,1.12178,22938
2019-06-18 00:00:00,1.12171,1.12425,1.11877,1.11893,21660
2019-06-18 12:00:00,1.11892,1.12124,1.11809,1.11936,48295
2019-06-19 00:00:00,1.11926,1.12057,1.11868,1.11997,14252
2019-06-19 12:00:00,1.11997,1.12538,1.11969,1.12259,46580
2019-06-20 00:00:00,1.12255,1.13008,1.12252,1.12891,33062
2019-06-20 12:00:00,1.12892,1.1317300000000001,1.12703,1.12916,44902
2019-06-21 00:00:00,1.12913,1.13158,1.12827,1.1302699999999999,26855
2019-06-21 12:00:00,1.13026,1.13773,1.1296599999999999,1.13699,47098
2019-06-24 00:00:00,1.13696,1.13945,1.13654,1.1385399999999999,21792
2019-06-24 12:00:00,1.13855,1.14036,1.13788,1.13978,28684
2019-06-25 00:00:00,1.13979,1.14116,1.13807,1.13848,27932
2019-06-25 12:00:00,1.13847,1.13984,1.13437,1.13655,45413
2019-06-26 00:00:00,1.13665,1.13738,1.13522,1.1358,23457
2019-06-26 12:00:00,1.13581,1.13909,1.1347,1.13683,38538
2019-06-27 00:00:00,1.13684,1.13763,1.13474,1.13712,21387
2019-06-27 12:00:00,1.13712,1.13811,1.1356,1.13689,31802
2019-06-28 00:00:00,1.1368800000000001,1.13923,1.13603,1.13901,17371
2019-06-28 12:00:00,1.13904,1.13931,1.13501,1.13693,34555
2019-07-01 00:00:00,1.1367,1.13707,1.13161,1.13303,25919
2019-07-01 12:00:00,1.13302,1.13597,1.12806,1.12851,34520
2019-07-02 00:00:00,1.1285,1.12992,1.12748,1.1293199999999999,15978
2019-07-02 12:00:00,1.1293199999999999,1.13212,1.12818,1.12857,31568
2019-07-03 00:00:00,1.12847,1.12948,1.12682,1.1288,18405
2019-07-03 12:00:00,1.12879,1.13111,1.12715,1.12774,30041
2019-07-04 00:00:00,1.12777,1.12947,1.12768,1.12794,9496
2019-07-04 12:00:00,1.12794,1.12897,1.12727,1.12847,10386
2019-07-05 00:00:00,1.12837,1.12874,1.12609,1.12619,11457
2019-07-05 12:00:00,1.12619,1.12701,1.1207,1.12248,36008
2019-07-08 00:00:00,1.1224,1.12343,1.12194,1.12314,11926
2019-07-08 12:00:00,1.12313,1.12326,1.12069,1.12142,18713
2019-07-09 00:00:00,1.12141,1.12187,1.11961,1.11986,11516
2019-07-09 12:00:00,1.11986,1.12138,1.11932,1.1207799999999999,19343
2019-07-10 00:00:00,1.12076,1.12269,1.12018,1.12252,13466
2019-07-10 12:00:00,1.12252,1.12642,1.12121,1.12503,38332
2019-07-11 00:00:00,1.12503,1.12808,1.12498,1.12734,17227
2019-07-11 12:00:00,1.12735,1.12857,1.12451,1.1253199999999999,37051
2019-07-12 00:00:00,1.1253199999999999,1.12748,1.12493,1.12629,17710
2019-07-12 12:00:00,1.12629,1.1274,1.1238299999999999,1.12699,30181
2019-07-15 00:00:00,1.12654,1.12837,1.1264,1.12727,16940
2019-07-15 12:00:00,1.12727,1.12838,1.12531,1.12577,19245
2019-07-16 00:00:00,1.12574,1.12634,1.12358,1.12448,15285
2019-07-16 12:00:00,1.12448,1.12456,1.12018,1.12103,29754
2019-07-17 00:00:00,1.12102,1.12173,1.11997,1.12106,12757
2019-07-17 12:00:00,1.12106,1.12336,1.1209500000000001,1.12242,21380
2019-07-18 00:00:00,1.12237,1.1244,1.12232,1.12394,15650
2019-07-18 12:00:00,1.12394,1.12804,1.12051,1.12765,37663
2019-07-19 00:00:00,1.12766,1.1282,1.124,1.12511,19937
2019-07-19 12:00:00,1.12511,1.12523,1.12033,1.12194,33437
2019-07-22 00:00:00,1.1214,1.12239,1.12075,1.12172,16659
2019-07-22 12:00:00,1.12172,1.12252,1.12062,1.12094,21483
2019-07-23 00:00:00,1.12093,1.12096,1.11807,1.11829,14417
2019-07-23 12:00:00,1.11829,1.11848,1.11458,1.11517,21774
2019-07-24 00:00:00,1.11516,1.11555,1.11269,1.11384,15292
2019-07-24 12:00:00,1.11384,1.11557,1.1132900000000001,1.11399,21356
2019-07-25 00:00:00,1.114,1.11435,1.1122,1.11291,11256
2019-07-25 12:00:00,1.11291,1.11877,1.11013,1.11467,45982
2019-07-26 00:00:00,1.11464,1.11509,1.1132,1.11357,11552
2019-07-26 12:00:00,1.11357,1.11472,1.11118,1.1127,24684
2019-07-29 00:00:00,1.11253,1.11387,1.11169,1.11232,8889
2019-07-29 12:00:00,1.11232,1.11509,1.11129,1.11443,20839
2019-07-30 00:00:00,1.11443,1.11493,1.11321,1.11467,16474
2019-07-30 12:00:00,1.11467,1.11609,1.11379,1.11545,24383
2019-07-31 00:00:00,1.11548,1.1162,1.1143,1.11441,14616
2019-07-31 12:00:00,1.1144,1.11527,1.10601,1.10749,51749
2019-08-01 00:00:00,1.10749,1.10815,1.10321,1.10471,26359
2019-08-01 12:00:00,1.10471,1.10957,1.10269,1.10847,61610
2019-08-02 00:00:00,1.10849,1.1115,1.10699,1.10959,41550
2019-08-02 12:00:00,1.10959,1.11163,1.10783,1.1105,52857
2019-08-05 00:00:00,1.11032,1.11475,1.11027,1.11467,36623
2019-08-05 12:00:00,1.11467,1.12131,1.11415,1.12033,47623
2019-08-06 00:00:00,1.1203400000000001,1.1249500000000001,1.119,1.1199,42890
2019-08-06 12:00:00,1.1199,1.12065,1.11673,1.1198,39152
2019-08-07 00:00:00,1.1198,1.12195,1.11869,1.11908,27814
2019-08-07 12:00:00,1.11905,1.12419,1.1179000000000001,1.11982,66094
2019-08-08 00:00:00,1.1198,1.12277,1.11969,1.12145,29134
2019-08-08 12:00:00,1.12145,1.12327,1.11768,1.11801,45175
2019-08-09 00:00:00,1.11802,1.1198,1.11793,1.1194,15650
2019-08-09 12:00:00,1.1194,1.12229,1.11881,1.11998,37545
2019-08-12 00:00:00,1.11977,1.12111,1.11619,1.11757,22139
2019-08-12 12:00:00,1.11757,1.12306,1.11727,1.12131,33801
2019-08-13 00:00:00,1.12129,1.12198,1.11817,1.11916,25330
2019-08-13 12:00:00,1.11915,1.12286,1.117,1.11709,50253
2019-08-14 00:00:00,1.1171,1.11852,1.11646,1.11763,23724
2019-08-14 12:00:00,1.11763,1.11907,1.11305,1.11377,47335
2019-08-15 00:00:00,1.1138,1.11537,1.11361,1.11482,28259
2019-08-15 12:00:00,1.11482,1.11584,1.10914,1.11065,59283
2019-08-16 00:00:00,1.11065,1.11121,1.10816,1.1084100000000001,26518
2019-08-16 12:00:00,1.10839,1.11068,1.10663,1.10893,33468
2019-08-19 00:00:00,1.10924,1.11101,1.10876,1.11023,19586
2019-08-19 12:00:00,1.11023,1.11137,1.1076,1.10778,21147
2019-08-20 00:00:00,1.10773,1.10885,1.1071,1.10781,18523
2019-08-20 12:00:00,1.10781,1.11067,1.10654,1.10998,30728
2019-08-21 00:00:00,1.10989,1.11058,1.10878,1.10977,26894
2019-08-21 12:00:00,1.10977,1.1107,1.108,1.10845,24484
2019-08-22 00:00:00,1.10844,1.11131,1.10755,1.10986,19773
2019-08-22 12:00:00,1.10986,1.10993,1.10635,1.10799,32470
2019-08-23 00:00:00,1.10798,1.10857,1.10609,1.10675,21213
2019-08-23 12:00:00,1.10675,1.11531,1.10515,1.11386,57690
2019-08-26 00:00:00,1.11496,1.11639,1.11104,1.1114600000000001,54386
2019-08-26 12:00:00,1.1114600000000001,1.11242,1.10942,1.11018,51725
2019-08-27 00:00:00,1.11018,1.11158,1.10979,1.11131,31508
2019-08-27 12:00:00,1.11131,1.11152,1.10856,1.10901,38098
2019-08-28 00:00:00,1.10901,1.10978,1.10825,1.10887,26071
2019-08-28 12:00:00,1.10886,1.10976,1.10732,1.1077,40134
2019-08-29 00:00:00,1.1077,1.10873,1.10748,1.10763,27805
2019-08-29 12:00:00,1.10763,1.10932,1.1042,1.1056300000000001,41639
2019-08-30 00:00:00,1.1056300000000001,1.10602,1.10333,1.1038000000000001,25910
2019-08-30 12:00:00,1.10385,1.10493,1.0963,1.09893,42678
2019-09-02 00:00:00,1.09899,1.09965,1.09701,1.09726,21455
2019-09-02 12:00:00,1.09726,1.09754,1.09579,1.09696,20861
2019-09-03 00:00:00,1.0965799999999999,1.09718,1.09307,1.0949,36963
2019-09-03 12:00:00,1.0949,1.09787,1.09257,1.09733,42840
2019-09-04 00:00:00,1.09737,1.10129,1.09684,1.10071,25525
2019-09-04 12:00:00,1.10071,1.10383,1.10034,1.10348,37414
2019-09-05 00:00:00,1.10348,1.10443,1.10167,1.10374,29349
2019-09-05 12:00:00,1.10374,1.10846,1.1031900000000001,1.1034,42122
2019-09-06 00:00:00,1.1034,1.10514,1.10297,1.1037,24061
2019-09-06 12:00:00,1.1037,1.10571,1.10202,1.10245,41397
2019-09-09 00:00:00,1.10256,1.10367,1.10154,1.10337,21180
2019-09-09 12:00:00,1.10337,1.1068,1.10211,1.10477,27139
2019-09-10 00:00:00,1.10474,1.10593,1.10366,1.10384,18085
2019-09-10 12:00:00,1.10384,1.1052,1.10304,1.10432,23904
2019-09-11 00:00:00,1.1043,1.10555,1.1023,1.10255,15361
2019-09-11 12:00:00,1.10255,1.10276,1.09851,1.10102,23569
2019-09-12 00:00:00,1.10102,1.10323,1.10054,1.10269,14710
2019-09-12 12:00:00,1.10269,1.1087,1.09267,1.10643,51303
2019-09-13 00:00:00,1.10643,1.11094,1.10553,1.10919,21830
2019-09-13 12:00:00,1.10922,1.11065,1.10608,1.10697,29315
2019-09-16 00:00:00,1.1072,1.10863,1.10581,1.10594,19943
2019-09-16 12:00:00,1.10594,1.10694,1.09932,1.10003,27632
2019-09-17 00:00:00,1.09998,1.10225,1.0990199999999999,1.10141,20649
2019-09-17 12:00:00,1.10141,1.10745,1.10067,1.10725,29681
2019-09-18 00:00:00,1.10723,1.10756,1.10409,1.10417,14610
2019-09-18 12:00:00,1.1042,1.10683,1.1013600000000001,1.10299,32588
2019-09-19 00:00:00,1.10298,1.10646,1.10227,1.10586,22587
2019-09-19 12:00:00,1.10587,1.10734,1.10384,1.10408,28113
2019-09-20 00:00:00,1.10408,1.10675,1.10397,1.10473,17274
2019-09-20 12:00:00,1.10474,1.10541,1.09962,1.10187,31276
2019-09-23 00:00:00,1.1012,1.10253,1.0966,1.09774,20430
2019-09-23 12:00:00,1.09775,1.09997,1.09665,1.09925,27479
2019-09-24 00:00:00,1.09927,1.0997,1.09837,1.0994,15562
2019-09-24 12:00:00,1.0994,1.10239,1.0987,1.10193,31676
2019-09-25 00:00:00,1.10192,1.10228,1.09924,1.10016,20319
2019-09-25 12:00:00,1.10016,1.1005,1.09373,1.09419,30491
2019-09-26 00:00:00,1.09415,1.0965,1.0933,1.09394,14988
2019-09-26 12:00:00,1.09394,1.09673,1.09087,1.09198,31393
2019-09-27 00:00:00,1.09201,1.09287,1.09038,1.09237,16654
2019-09-27 12:00:00,1.09237,1.09586,1.092,1.09411,28668
2019-09-30 00:00:00,1.09403,1.09476,1.093,1.09336,13724
2019-09-30 12:00:00,1.09336,1.09344,1.08846,1.08991,26858
2019-10-01 00:00:00,1.08991,1.09006,1.0879,1.08932,16683
2019-10-01 12:00:00,1.08932,1.09427,1.08845,1.09317,33078
2019-10-02 00:00:00,1.09311,1.09413,1.09042,1.09053,17277
2019-10-02 12:00:00,1.09053,1.09635,1.09045,1.0959,29530
2019-10-03 00:00:00,1.09584,1.0973600000000001,1.09409,1.09632,17181
2019-10-03 12:00:00,1.09632,1.09992,1.09449,1.0963,35797
2019-10-04 00:00:00,1.0963,1.09837,1.09627,1.0973600000000001,15986
2019-10-04 12:00:00,1.0973600000000001,1.09983,1.09569,1.09772,34393
2019-10-07 00:00:00,1.0979,1.09898,1.09618,1.0964,13459
2019-10-07 12:00:00,1.0964,1.10006,1.09633,1.09704,25077
2019-10-08 00:00:00,1.09703,1.09917,1.09647,1.09905,15432
2019-10-08 12:00:00,1.09905,1.09959,1.09411,1.0956,34854
2019-10-09 00:00:00,1.0956,1.09898,1.09514,1.0984,13789
2019-10-09 12:00:00,1.0984,1.09901,1.09677,1.0971,25184
2019-10-10 00:00:00,1.09704,1.10196,1.09697,1.10174,21098
2019-10-10 12:00:00,1.10174,1.10338,1.1002,1.1005,34328
2019-10-11 00:00:00,1.10049,1.10226,1.10008,1.10094,16956
2019-10-11 12:00:00,1.10095,1.10627,1.10073,1.1036,44865
2019-10-14 00:00:00,1.10314,1.10382,1.10126,1.10299,16261
2019-10-14 12:00:00,1.10299,1.10427,1.10175,1.10251,19042
2019-10-15 00:00:00,1.10252,1.1046,1.10127,1.10263,18456
2019-10-15 12:00:00,1.10263,1.10444,1.09912,1.1032,34285
2019-10-16 00:00:00,1.1031900000000001,1.106,1.10237,1.10362,20178
2019-10-16 12:00:00,1.10362,1.10854,1.10225,1.1071,35554
2019-10-17 00:00:00,1.1071,1.10928,1.1065,1.10897,15889
2019-10-17 12:00:00,1.10897,1.11398,1.10897,1.11234,37175
2019-10-18 00:00:00,1.11236,1.11313,1.1114600000000001,1.11277,14563
2019-10-18 12:00:00,1.11277,1.11702,1.11247,1.11689,25691
2019-10-21 00:00:00,1.11604,1.11793,1.11496,1.11664,16172
2019-10-21 12:00:00,1.1166800000000001,1.11737,1.11387,1.11487,20003
2019-10-22 00:00:00,1.11487,1.11568,1.11332,1.11409,11366
2019-10-22 12:00:00,1.11409,1.11539,1.11176,1.11243,25995
2019-10-23 00:00:00,1.11242,1.11311,1.11157,1.11183,13094
2019-10-23 12:00:00,1.11182,1.11402,1.11061,1.11297,17538
2019-10-24 00:00:00,1.11296,1.11626,1.1124,1.11321,15429
2019-10-24 12:00:00,1.11321,1.11535,1.1093,1.11037,26003
2019-10-25 00:00:00,1.11036,1.11226,1.11007,1.11208,9490
2019-10-25 12:00:00,1.11208,1.11228,1.1072899999999999,1.10794,18240
2019-10-28 00:00:00,1.10788,1.10969,1.1076,1.10914,10544
2019-10-28 12:00:00,1.10914,1.11065,1.10843,1.10994,16210
2019-10-29 00:00:00,1.10994,1.11023,1.1077,1.10773,10426
2019-10-29 12:00:00,1.10773,1.11184,1.10735,1.11118,20155
2019-10-30 00:00:00,1.11117,1.11232,1.11064,1.11116,12237
2019-10-30 12:00:00,1.11116,1.11533,1.108,1.11516,31498
2019-10-31 00:00:00,1.11516,1.11756,1.11516,1.11634,17326
2019-10-31 12:00:00,1.11634,1.11747,1.11314,1.11514,26183
2019-11-01 00:00:00,1.11514,1.11687,1.11477,1.1149499999999999,10923
2019-11-01 12:00:00,1.11496,1.11718,1.11281,1.11648,24084
2019-11-04 00:00:00,1.11687,1.11753,1.11491,1.11649,12574
2019-11-04 12:00:00,1.11649,1.11701,1.11247,1.11272,17963
2019-11-05 00:00:00,1.11269,1.11401,1.11124,1.11292,14858
2019-11-05 12:00:00,1.11292,1.1131199999999999,1.10634,1.10742,26522
2019-11-06 00:00:00,1.10742,1.10927,1.10666,1.1091199999999999,12269
2019-11-06 12:00:00,1.1091199999999999,1.10921,1.10649,1.10658,19590
2019-11-07 00:00:00,1.10658,1.10837,1.10549,1.10777,16059
2019-11-07 12:00:00,1.10777,1.10915,1.10361,1.10497,29853
2019-11-08 00:00:00,1.10492,1.10553,1.10379,1.10384,13069
2019-11-08 12:00:00,1.10384,1.10478,1.10166,1.10189,19961
2019-11-11 00:00:00,1.10185,1.10332,1.10164,1.10295,9569
2019-11-11 12:00:00,1.10295,1.1043,1.10256,1.10323,13756
2019-11-12 00:00:00,1.10323,1.10385,1.10188,1.10326,11804
2019-11-12 12:00:00,1.10325,1.10365,1.10025,1.10088,19637
2019-11-13 00:00:00,1.10089,1.10184,1.09991,1.1015,13422
2019-11-13 12:00:00,1.1015,1.10202,1.09953,1.10053,21045
2019-11-14 00:00:00,1.10052,1.10156,1.0994,1.10007,14176
2019-11-14 12:00:00,1.10007,1.10273,1.0989,1.10212,18401
2019-11-15 00:00:00,1.10212,1.10297,1.10145,1.10189,11386
2019-11-15 12:00:00,1.10189,1.10567,1.10183,1.10515,16406
2019-11-18 00:00:00,1.1051,1.10678,1.10477,1.10618,12110
2019-11-18 12:00:00,1.10617,1.10899,1.10538,1.10718,16372
2019-11-19 00:00:00,1.10718,1.10814,1.1062400000000001,1.10682,10842
2019-11-19 12:00:00,1.10682,1.10838,1.10655,1.1078000000000001,15802
2019-11-20 00:00:00,1.10777,1.10801,1.10558,1.10636,12701
2019-11-20 12:00:00,1.10636,1.10813,1.1053,1.10723,21430
2019-11-21 00:00:00,1.10723,1.1089,1.10705,1.10863,12616
2019-11-21 12:00:00,1.10863,1.10969,1.10521,1.10581,19213
2019-11-22 00:00:00,1.1058,1.10875,1.1047,1.1060699999999999,14455
2019-11-22 12:00:00,1.1060699999999999,1.10676,1.10144,1.10182,18190
2019-11-25 00:00:00,1.10151,1.1032,1.10102,1.10133,12162
2019-11-25 12:00:00,1.10133,1.10248,1.10035,1.10126,15833
2019-11-26 00:00:00,1.10129,1.10199,1.10072,1.10141,12154
2019-11-26 12:00:00,1.10141,1.10255,1.10072,1.10194,16484
2019-11-27 00:00:00,1.10194,1.10246,1.10026,1.10092,9619
2019-11-27 12:00:00,1.10092,1.10133,1.09923,1.09989,19863
2019-11-28 00:00:00,1.09987,1.10178,1.09986,1.10138,9754
2019-11-28 12:00:00,1.10138,1.10152,1.10004,1.1007500000000001,10992
2019-11-29 00:00:00,1.10071,1.10134,1.1002,1.10045,8604
2019-11-29 12:00:00,1.10045,1.10282,1.0981,1.10152,19000
2019-12-02 00:00:00,1.10241,1.10265,1.1011,1.10142,10132
2019-12-02 12:00:00,1.10142,1.1091,1.10029,1.10784,21348
2019-12-03 00:00:00,1.10782,1.10868,1.10713,1.10834,10563
2019-12-03 12:00:00,1.10834,1.10934,1.10658,1.10809,21458
2019-12-04 00:00:00,1.10809,1.10878,1.10667,1.10724,13189
2019-12-04 12:00:00,1.10724,1.11161,1.10672,1.10775,22320
2019-12-05 00:00:00,1.10772,1.10929,1.10771,1.1092,9943
2019-12-05 12:00:00,1.1092,1.11079,1.10845,1.11042,17902
2019-12-06 00:00:00,1.11042,1.11097,1.10952,1.10966,8422
2019-12-06 12:00:00,1.10966,1.11013,1.10396,1.10595,19466
2019-12-09 00:00:00,1.10574,1.10691,1.10533,1.10654,8649
2019-12-09 12:00:00,1.10654,1.10779,1.10551,1.10635,12732
2019-12-10 00:00:00,1.10635,1.10781,1.10627,1.10768,8440
2019-12-10 12:00:00,1.10768,1.10976,1.10698,1.10919,18853
2019-12-11 00:00:00,1.10914,1.10958,1.10794,1.10835,10290
2019-12-11 12:00:00,1.10835,1.11447,1.10701,1.11294,23566
2019-12-12 00:00:00,1.11294,1.11441,1.11246,1.11275,9998
2019-12-12 12:00:00,1.11275,1.11541,1.1103,1.11286,34763
2019-12-13 00:00:00,1.11294,1.11993,1.11032,1.11801,29513
2019-12-13 12:00:00,1.11801,1.1186,1.1112,1.11173,33588
2019-12-16 00:00:00,1.11259,1.11505,1.11226,1.11347,14455
2019-12-16 12:00:00,1.11347,1.1158,1.11334,1.1143399999999999,16169
2019-12-17 00:00:00,1.11435,1.11572,1.11291,1.11501,14342
2019-12-17 12:00:00,1.11499,1.11745,1.11445,1.11487,21068
2019-12-18 00:00:00,1.11483,1.11541,1.11265,1.11328,12649
2019-12-18 12:00:00,1.11326,1.11365,1.11102,1.11127,18841
2019-12-19 00:00:00,1.11126,1.11392,1.11119,1.11363,11619
2019-12-19 12:00:00,1.11363,1.11442,1.11072,1.11204,23124
2019-12-20 00:00:00,1.11201,1.11246,1.11137,1.1120700000000001,10978
2019-12-20 12:00:00,1.11206,1.1122,1.10662,1.10751,18756
2019-12-23 00:00:00,1.1075,1.10886,1.1072899999999999,1.10834,10935
2019-12-23 12:00:00,1.10832,1.10958,1.10698,1.10895,18267
2019-12-24 00:00:00,1.10895,1.10939,1.10748,1.10748,10277
2019-12-24 12:00:00,1.10749,1.10934,1.1069,1.1085099999999999,11753
2019-12-26 00:00:00,1.109,1.1096300000000001,1.10859,1.10915,2587
2019-12-26 12:00:00,1.10915,1.11088,1.1082,1.10974,7943
2019-12-27 00:00:00,1.1097299999999999,1.11416,1.1094,1.11384,16109
2019-12-27 12:00:00,1.11384,1.11882,1.11364,1.1176,20567
2019-12-30 00:00:00,1.11754,1.12107,1.11713,1.11992,15280
2019-12-30 12:00:00,1.11992,1.12206,1.11816,1.11985,21092
2019-12-31 00:00:00,1.11985,1.12173,1.11976,1.12136,10264
2019-12-31 12:00:00,1.12136,1.12392,1.12086,1.12171,22171
2020-01-02 00:00:00,1.12132,1.12143,1.12008,1.12029,7424
2020-01-02 12:00:00,1.12029,1.12037,1.11635,1.11722,22980
2020-01-03 00:00:00,1.11722,1.11784,1.11399,1.114,15287
2020-01-03 12:00:00,1.114,1.11797,1.1125,1.11558,24162
2020-01-06 00:00:00,1.11646,1.11936,1.11571,1.11932,14660
2020-01-06 12:00:00,1.11932,1.12054,1.11809,1.11968,17788
2020-01-07 00:00:00,1.1196,1.11975,1.11725,1.11844,13478
2020-01-07 12:00:00,1.11843,1.1186,1.11335,1.11526,22431
2020-01-08 00:00:00,1.11529,1.11681,1.11253,1.11384,25818
2020-01-08 12:00:00,1.11382,1.11385,1.11016,1.11053,24801
2020-01-09 00:00:00,1.11053,1.11203,1.10983,1.10993,13700
2020-01-09 12:00:00,1.10994,1.11173,1.10923,1.11051,18324
2020-01-10 00:00:00,1.11051,1.1111,1.1091199999999999,1.10964,9712
2020-01-10 12:00:00,1.1096300000000001,1.11291,1.1085,1.11212,20469
2020-01-13 00:00:00,1.11162,1.11359,1.11128,1.1115,9805
2020-01-13 12:00:00,1.1115,1.11469,1.11127,1.11338,16127
2020-01-14 00:00:00,1.11338,1.11444,1.11303,1.11313,11757
2020-01-14 12:00:00,1.1131199999999999,1.11353,1.11042,1.11274,20005
2020-01-15 00:00:00,1.11284,1.11367,1.11185,1.11283,9883
2020-01-15 12:00:00,1.11283,1.11633,1.1125,1.1149499999999999,19219
2020-01-16 00:00:00,1.11492,1.11636,1.11446,1.11533,10767
2020-01-16 12:00:00,1.11533,1.11726,1.11278,1.11358,19686
2020-01-17 00:00:00,1.11352,1.11425,1.11247,1.11276,10236
2020-01-17 12:00:00,1.11276,1.11282,1.10862,1.10893,17853
2020-01-20 00:00:00,1.1092,1.1102400000000001,1.1082,1.10894,9129
2020-01-20 12:00:00,1.10895,1.10976,1.10766,1.10944,9423
2020-01-21 00:00:00,1.10934,1.10993,1.10855,1.10906,11284
2020-01-21 12:00:00,1.10906,1.1118,1.10809,1.10819,17767
2020-01-22 00:00:00,1.10816,1.10926,1.10748,1.10907,10710
2020-01-22 12:00:00,1.10907,1.10983,1.10701,1.1092,19560
2020-01-23 00:00:00,1.1092,1.10994,1.1078999999999999,1.10842,11197
2020-01-23 12:00:00,1.10842,1.11087,1.1036299999999999,1.10542,26380
2020-01-24 00:00:00,1.10542,1.10617,1.10334,1.10358,12473
2020-01-24 12:00:00,1.10358,1.10397,1.10196,1.10255,20377
2020-01-27 00:00:00,1.10295,1.10375,1.1015,1.10209,15366
2020-01-27 12:00:00,1.10209,1.1032,1.10096,1.10184,18411
2020-01-28 00:00:00,1.10185,1.10251,1.10126,1.10167,10663
2020-01-28 12:00:00,1.10167,1.10226,1.09977,1.1022,17668
2020-01-29 00:00:00,1.10219,1.10277,1.09945,1.10021,9918
2020-01-29 12:00:00,1.10021,1.10208,1.09922,1.10099,18125
2020-01-30 00:00:00,1.10098,1.10211,1.10068,1.10188,10513
2020-01-30 12:00:00,1.10189,1.10393,1.10114,1.10312,23902
2020-01-31 00:00:00,1.10313,1.10353,1.10168,1.10283,10435
2020-01-31 12:00:00,1.10284,1.10951,1.10226,1.10943,27514
2020-02-03 00:00:00,1.10907,1.10927,1.1059,1.10727,14641
2020-02-03 12:00:00,1.10726,1.10741,1.10349,1.10593,20623
2020-02-04 00:00:00,1.1059,1.10642,1.10487,1.10557,13615
2020-02-04 12:00:00,1.10557,1.10579,1.10327,1.10434,18828
2020-02-05 00:00:00,1.10436,1.10478,1.10214,1.1025800000000001,13261
2020-02-05 12:00:00,1.1025800000000001,1.10297,1.09935,1.09989,20315
2020-02-06 00:00:00,1.09989,1.10138,1.09938,1.09989,11121
2020-02-06 12:00:00,1.09989,1.10056,1.09643,1.09827,17893
2020-02-07 00:00:00,1.09827,1.09849,1.09533,1.09543,15893
2020-02-07 12:00:00,1.09542,1.09763,1.09418,1.0943,22601
2020-02-10 00:00:00,1.09424,1.09574,1.09422,1.09496,11024
2020-02-10 12:00:00,1.09497,1.09549,1.09076,1.09105,17187
2020-02-11 00:00:00,1.09105,1.09171,1.09056,1.0913599999999999,10714
2020-02-11 12:00:00,1.0913599999999999,1.09247,1.08912,1.09145,20263
2020-02-12 00:00:00,1.09146,1.09255,1.09022,1.09202,11538
2020-02-12 12:00:00,1.09202,1.09217,1.08651,1.08728,19525
2020-02-13 00:00:00,1.08716,1.08887,1.08652,1.08828,12097
2020-02-13 12:00:00,1.08828,1.08876,1.08339,1.08408,22316
2020-02-14 00:00:00,1.08408,1.08501,1.08272,1.08448,10945
2020-02-14 12:00:00,1.08448,1.08612,1.08291,1.08301,18253
2020-02-17 00:00:00,1.08397,1.08509,1.08335,1.0844,9798
2020-02-17 12:00:00,1.0844,1.0848,1.08291,1.08346,11214
2020-02-18 00:00:00,1.08345,1.08372,1.08228,1.08275,12371
2020-02-18 12:00:00,1.08274,1.08368,1.07852,1.07907,22196
2020-02-19 00:00:00,1.07906,1.08079,1.07896,1.08031,10585
2020-02-19 12:00:00,1.0803,1.08117,1.07821,1.08039,22730
2020-02-20 00:00:00,1.08033,1.08152,1.07775,1.07999,15396
2020-02-20 12:00:00,1.07999,1.08211,1.07828,1.0783800000000001,25588
2020-02-21 00:00:00,1.07841,1.082,1.07835,1.08097,15980
2020-02-21 12:00:00,1.08099,1.08634,1.07952,1.08474,24474
2020-02-24 00:00:00,1.0825,1.08423,1.08049,1.08155,21636
2020-02-24 12:00:00,1.08157,1.0872,1.08129,1.0852,33207
2020-02-25 00:00:00,1.08519,1.0867499999999999,1.08448,1.08505,22175
2020-02-25 12:00:00,1.08505,1.08901,1.083,1.08806,38463
2020-02-26 00:00:00,1.08806,1.08976,1.08624,1.0889,22833
2020-02-26 12:00:00,1.0889,1.09087,1.08549,1.08807,37812
2020-02-27 00:00:00,1.08812,1.09478,1.08771,1.09353,25472
2020-02-27 12:00:00,1.09353,1.10066,1.09326,1.09998,50766
2020-02-28 00:00:00,1.09998,1.10531,1.09822,1.10444,34365
2020-02-28 12:00:00,1.10444,1.1046,1.09508,1.10293,63233
2020-03-02 00:00:00,1.10407,1.10932,1.10362,1.10795,34541
2020-03-02 12:00:00,1.10795,1.11845,1.10775,1.11332,51583
2020-03-03 00:00:00,1.11314,1.11554,1.11001,1.11266,23724
2020-03-03 12:00:00,1.11265,1.1213,1.10951,1.1171,57076
2020-03-04 00:00:00,1.11707,1.11875,1.11433,1.11566,25163
2020-03-04 12:00:00,1.11566,1.1166800000000001,1.10953,1.11336,38659
2020-03-05 00:00:00,1.1134,1.1174,1.11195,1.11733,18011
2020-03-05 12:00:00,1.11733,1.12447,1.11565,1.12371,42725
2020-03-06 00:00:00,1.1237,1.12953,1.12113,1.12938,28727
2020-03-06 12:00:00,1.12938,1.13546,1.1287099999999999,1.12901,65274
2020-03-09 00:00:00,1.13469,1.14964,1.13397,1.13911,72700
2020-03-09 12:00:00,1.1391,1.14841,1.1374900000000001,1.14358,114627
2020-03-10 00:00:00,1.14358,1.14574,1.13315,1.13506,75247
2020-03-10 12:00:00,1.1350500000000001,1.13938,1.12743,1.1290499999999999,115092
2020-03-11 00:00:00,1.1290499999999999,1.13662,1.12853,1.13037,55581
2020-03-11 12:00:00,1.13038,1.13516,1.125,1.12607,73516
2020-03-12 00:00:00,1.12602,1.1333199999999999,1.12371,1.12448,63628
2020-03-12 12:00:00,1.12438,1.13011,1.10554,1.11667,109256
2020-03-13 00:00:00,1.11686,1.12211,1.11523,1.11648,76106
2020-03-13 12:00:00,1.11648,1.1186099999999999,1.10549,1.11025,91956
2020-03-16 00:00:00,1.11886,1.12364,1.10846,1.11926,106216
2020-03-16 12:00:00,1.11926,1.12083,1.10941,1.11777,99416
2020-03-17 00:00:00,1.11777,1.1189,1.10924,1.10938,92415
2020-03-17 12:00:00,1.10937,1.10951,1.0955,1.10052,85454
2020-03-18 00:00:00,1.10061,1.1045,1.09552,1.09949,86337
2020-03-18 12:00:00,1.09952,1.10174,1.08016,1.09116,115605
2020-03-19 00:00:00,1.09117,1.09817,1.08133,1.08237,90707
2020-03-19 12:00:00,1.08237,1.08393,1.06541,1.06589,128797
2020-03-20 00:00:00,1.06614,1.0830899999999999,1.06527,1.07209,129856
2020-03-20 12:00:00,1.07209,1.076,1.06375,1.06935,115081
2020-03-23 00:00:00,1.06937,1.07684,1.06355,1.06835,118296
2020-03-23 12:00:00,1.06835,1.08274,1.06661,1.07257,102620
2020-03-24 00:00:00,1.07226,1.08659,1.07226,1.08538,81232
2020-03-24 12:00:00,1.08538,1.0888,1.07458,1.07825,90213
2020-03-25 00:00:00,1.07823,1.08494,1.07601,1.0843099999999999,82244
2020-03-25 12:00:00,1.0843099999999999,1.08939,1.0784799999999999,1.08796,85914
2020-03-26 00:00:00,1.08797,1.09508,1.087,1.09461,57275
2020-03-26 12:00:00,1.09461,1.10586,1.09271,1.10291,92163
2020-03-27 00:00:00,1.1029,1.10866,1.09934,1.10018,55087
2020-03-27 12:00:00,1.10018,1.1147,1.09533,1.11431,84099
2020-03-30 00:00:00,1.11159,1.11439,1.10603,1.10915,47478
2020-03-30 12:00:00,1.10915,1.10957,1.10099,1.10427,62372
2020-03-31 00:00:00,1.10414,1.10537,1.09783,1.09787,47089
2020-03-31 12:00:00,1.09787,1.1037,1.09266,1.10349,85278
2020-04-01 00:00:00,1.10299,1.1039,1.09308,1.09567,41323
2020-04-01 12:00:00,1.09567,1.09696,1.09027,1.09616,61486
2020-04-02 00:00:00,1.09619,1.09678,1.09146,1.09188,31971
2020-04-02 12:00:00,1.09188,1.09396,1.08205,1.08568,72661
2020-04-03 00:00:00,1.0855,1.08641,1.0787,1.0798,33380
2020-04-03 12:00:00,1.0798,1.0828,1.07727,1.08127,60260
2020-04-06 00:00:00,1.08088,1.08354,1.0783,1.0793,43267
2020-04-06 12:00:00,1.0793,1.08179,1.07682,1.0792,51642
2020-04-07 00:00:00,1.0792,1.08786,1.07834,1.0868,38449
2020-04-07 12:00:00,1.08679,1.09259,1.08572,1.08904,51012
2020-04-08 00:00:00,1.08903,1.0902,1.08298,1.08519,35218
2020-04-08 12:00:00,1.08519,1.08882,1.085,1.08565,43446
2020-04-09 00:00:00,1.08559,1.0882,1.08409,1.08692,26821
2020-04-09 12:00:00,1.08692,1.09515,1.08495,1.09285,55589
2020-04-10 00:00:00,1.09286,1.09518,1.09185,1.09422,24902
2020-04-10 12:00:00,1.09421,1.09522,1.0932,1.09347,20103
2020-04-13 00:00:00,1.09428,1.09676,1.0924800000000001,1.09312,38291
2020-04-13 12:00:00,1.09312,1.09386,1.08925,1.0912,50694
2020-04-14 00:00:00,1.0912,1.09487,1.08987,1.09228,44277
2020-04-14 12:00:00,1.09228,1.0987,1.09198,1.09798,68786
2020-04-15 00:00:00,1.09794,1.09907,1.09202,1.09322,32567
2020-04-15 12:00:00,1.09322,1.09388,1.08562,1.09066,68329
2020-04-16 00:00:00,1.09076,1.09111,1.08644,1.08877,41949
2020-04-16 12:00:00,1.08877,1.09009,1.08166,1.08386,81407
2020-04-17 00:00:00,1.08386,1.08785,1.08171,1.08291,48836
2020-04-17 12:00:00,1.08291,1.08925,1.08119,1.08739,75609
2020-04-20 00:00:00,1.08625,1.08794,1.08411,1.08788,34496
2020-04-20 12:00:00,1.08788,1.08965,1.08497,1.08607,58083
2020-04-21 00:00:00,1.08611,1.08701,1.082,1.08365,35989
2020-04-21 12:00:00,1.08365,1.08801,1.08164,1.08564,71638
2020-04-22 00:00:00,1.08563,1.08734,1.08449,1.08596,31928
2020-04-22 12:00:00,1.08596,1.08851,1.08032,1.08229,51049
2020-04-23 00:00:00,1.08226,1.08342,1.07844,1.07961,33857
2020-04-23 12:00:00,1.07961,1.08466,1.0756000000000001,1.0776,89203
2020-04-24 00:00:00,1.0776,1.07849,1.07269,1.07557,33261
2020-04-24 12:00:00,1.07557,1.08257,1.07495,1.08244,67200
2020-04-27 00:00:00,1.08208,1.08592,1.08112,1.08498,41176
2020-04-27 12:00:00,1.08498,1.08602,1.08164,1.0828,54263
2020-04-28 00:00:00,1.08275,1.08583,1.08096,1.08502,29344
2020-04-28 12:00:00,1.08502,1.08883,1.08176,1.08182,47705
2020-04-29 00:00:00,1.0818,1.08741,1.08179,1.0866,24742
2020-04-29 12:00:00,1.0866,1.08855,1.08395,1.08728,49963
2020-04-30 00:00:00,1.08709,1.08912,1.08513,1.08856,26725
2020-04-30 12:00:00,1.08856,1.09724,1.08328,1.09507,57746
2020-05-01 00:00:00,1.09485,1.09794,1.09343,1.09761,20840
2020-05-01 12:00:00,1.09761,1.1018,1.09707,1.09802,34688
2020-05-04 00:00:00,1.09684,1.09743,1.09235,1.09447,22337
2020-05-04 12:00:00,1.09447,1.09452,1.08956,1.09065,32424
2020-05-05 00:00:00,1.09054,1.09257,1.08413,1.08461,19375
2020-05-05 12:00:00,1.08444,1.08872,1.08257,1.0839,38775
2020-05-06 00:00:00,1.08397,1.08454,1.07914,1.08017,20040
2020-05-06 12:00:00,1.0802,1.08268,1.07818,1.07929,33993
2020-05-07 00:00:00,1.07925,1.08162,1.07861,1.0793,20544
2020-05-07 12:00:00,1.07929,1.08339,1.07664,1.08319,40170
2020-05-08 00:00:00,1.08315,1.08546,1.08193,1.08343,16874
2020-05-08 12:00:00,1.08344,1.08755,1.0815,1.08386,31660
2020-05-11 00:00:00,1.0824,1.08503,1.08085,1.08178,17332
2020-05-11 12:00:00,1.08177,1.08438,1.08005,1.0806,32202
2020-05-12 00:00:00,1.08038,1.08275,1.07843,1.082,19292
2020-05-12 12:00:00,1.08199,1.08852,1.08124,1.08469,35014
2020-05-13 00:00:00,1.08464,1.0857,1.0830899999999999,1.08423,18070
2020-05-13 12:00:00,1.08423,1.08963,1.08115,1.08173,40458
2020-05-14 00:00:00,1.08167,1.08238,1.07965,1.08099,16256
2020-05-14 12:00:00,1.08099,1.08161,1.07748,1.08042,36941
2020-05-15 00:00:00,1.08031,1.08193,1.07932,1.08111,15730
2020-05-15 12:00:00,1.08111,1.08505,1.07888,1.0818699999999999,34838
2020-05-18 00:00:00,1.08014,1.08285,1.08014,1.08093,13933
2020-05-18 12:00:00,1.08093,1.09269,1.07998,1.09139,34954
2020-05-19 00:00:00,1.09145,1.09531,1.09021,1.09511,21029
2020-05-19 12:00:00,1.09508,1.09759,1.09185,1.09217,30062
2020-05-20 00:00:00,1.09208,1.09599,1.09165,1.09421,15429
2020-05-20 12:00:00,1.09419,1.09989,1.0937999999999999,1.09767,31140
2020-05-21 00:00:00,1.09761,1.09819,1.09521,1.09722,13810
2020-05-21 12:00:00,1.09722,1.10082,1.09372,1.09476,32453
2020-05-22 00:00:00,1.09458,1.09536,1.08962,1.08993,17856
2020-05-22 12:00:00,1.08993,1.09132,1.08852,1.09022,25102
2020-05-25 00:00:00,1.0895299999999999,1.09086,1.08706,1.08891,11719
2020-05-25 12:00:00,1.08891,1.09144,1.08884,1.08956,14847
2020-05-26 00:00:00,1.08922,1.0959699999999999,1.08919,1.09572,15581
2020-05-26 12:00:00,1.09575,1.09958,1.09516,1.09818,31223
2020-05-27 00:00:00,1.09814,1.09849,1.0951,1.09567,18577
2020-05-27 12:00:00,1.09566,1.10306,1.09339,1.10026,53401
2020-05-28 00:00:00,1.09962,1.1035,1.09917,1.09992,22624
2020-05-28 12:00:00,1.0999,1.10934,1.09921,1.10757,41706
2020-05-29 00:00:00,1.10756,1.11199,1.10669,1.1117,24843
2020-05-29 12:00:00,1.1117,1.1145,1.10807,1.11076,51780
2020-06-01 00:00:00,1.1115,1.11536,1.11025,1.11397,27139
2020-06-01 12:00:00,1.11399,1.11412,1.11003,1.11343,34409
2020-06-02 00:00:00,1.11342,1.11712,1.11151,1.11702,24775
2020-06-02 12:00:00,1.11702,1.11957,1.11549,1.11685,44397
2020-06-03 00:00:00,1.1167799999999999,1.12275,1.11665,1.12106,29654
2020-06-03 12:00:00,1.12105,1.12576,1.11839,1.12333,48144
2020-06-04 00:00:00,1.12321,1.12377,1.11947,1.1207,20984
2020-06-04 12:00:00,1.12069,1.13621,1.11951,1.13365,60092
2020-06-05 00:00:00,1.13367,1.13837,1.13258,1.13321,27247
2020-06-05 12:00:00,1.13321,1.13433,1.12782,1.12874,52012
2020-06-08 00:00:00,1.1293199999999999,1.13195,1.12811,1.13003,24561
2020-06-08 12:00:00,1.13001,1.13183,1.12682,1.1293199999999999,38907
2020-06-09 00:00:00,1.12933,1.1315,1.12409,1.12615,28033
2020-06-09 12:00:00,1.1261700000000001,1.13635,1.12554,1.13389,43584
2020-06-10 00:00:00,1.13388,1.13756,1.13315,1.13689,23738
2020-06-10 12:00:00,1.1369,1.14222,1.13215,1.13723,54646
2020-06-11 00:00:00,1.13723,1.13952,1.1325,1.13896,36905
2020-06-11 12:00:00,1.13896,1.14035,1.12886,1.12981,64270
2020-06-12 00:00:00,1.12933,1.13402,1.12765,1.13248,34770
2020-06-12 12:00:00,1.1325,1.13273,1.12125,1.12604,59322
2020-06-15 00:00:00,1.12356,1.12682,1.12263,1.12664,38864
2020-06-15 12:00:00,1.12664,1.13323,1.12403,1.13222,51172
2020-06-16 00:00:00,1.1322,1.13531,1.13153,1.13362,30030
2020-06-16 12:00:00,1.13362,1.13411,1.12276,1.12633,51101
2020-06-17 00:00:00,1.12628,1.12939,1.1251,1.12574,28880
2020-06-17 12:00:00,1.1257,1.12601,1.1207,1.12426,47553
2020-06-18 00:00:00,1.12428,1.12611,1.12248,1.12491,27806
2020-06-18 12:00:00,1.12491,1.12612,1.11854,1.12049,44363
2020-06-19 00:00:00,1.12047,1.12216,1.11989,1.1216,21403
2020-06-19 12:00:00,1.12159,1.12542,1.11681,1.11765,46308
2020-06-22 00:00:00,1.11819,1.1225,1.11684,1.12244,23044
2020-06-22 12:00:00,1.12243,1.12697,1.12031,1.1259299999999999,33743
2020-06-23 00:00:00,1.12592,1.13057,1.1233,1.12904,34348
2020-06-23 12:00:00,1.12904,1.13483,1.12822,1.13074,38254
2020-06-24 00:00:00,1.13073,1.13257,1.12868,1.13012,21686
2020-06-24 12:00:00,1.13011,1.13109,1.12483,1.12503,38457
2020-06-25 00:00:00,1.12503,1.12595,1.12237,1.12294,20652
2020-06-25 12:00:00,1.12294,1.12345,1.11902,1.1217,33469
2020-06-26 00:00:00,1.12181,1.12391,1.1205,1.1239,14693
2020-06-26 12:00:00,1.1239,1.1239,1.11951,1.12179,26203
2020-06-29 00:00:00,1.12146,1.12667,1.12146,1.12541,16095
2020-06-29 12:00:00,1.1254,1.12876,1.12192,1.1241,26313
2020-06-30 00:00:00,1.12412,1.12515,1.1204,1.12184,14728
2020-06-30 12:00:00,1.12191,1.12616,1.11909,1.12336,33884
2020-07-01 00:00:00,1.1234,1.12446,1.1215,1.12309,14889
2020-07-01 12:00:00,1.12311,1.1274899999999999,1.11847,1.12507,30805
2020-07-02 00:00:00,1.12507,1.13025,1.12458,1.12973,16330
2020-07-02 12:00:00,1.12973,1.12986,1.12231,1.12388,29190
2020-07-03 00:00:00,1.12391,1.12489,1.12243,1.12334,14472
2020-07-03 12:00:00,1.12336,1.12524,1.12192,1.12482,25375
2020-07-06 00:00:00,1.1243,1.13025,1.12406,1.12902,17538
2020-07-06 12:00:00,1.12903,1.13455,1.12827,1.13085,26143
2020-07-07 00:00:00,1.13084,1.13323,1.12631,1.12643,18715
2020-07-07 12:00:00,1.12645,1.13067,1.12587,1.12727,27895
2020-07-08 00:00:00,1.12674,1.12941,1.12621,1.12786,16462
2020-07-08 12:00:00,1.12788,1.1351499999999999,1.1266,1.13292,29958
2020-07-09 00:00:00,1.13287,1.13706,1.13251,1.13292,19447
2020-07-09 12:00:00,1.13292,1.13486,1.12801,1.12846,34205
2020-07-10 00:00:00,1.12845,1.12912,1.12548,1.12858,16322
2020-07-10 12:00:00,1.12858,1.13247,1.12735,1.12965,27456
2020-07-13 00:00:00,1.13015,1.1335899999999999,1.13008,1.13086,16510
2020-07-13 12:00:00,1.13086,1.13748,1.1304,1.13435,29328
2020-07-14 00:00:00,1.13431,1.13585,1.1325,1.13509,17099
2020-07-14 12:00:00,1.13506,1.14085,1.13473,1.13993,36879
2020-07-15 00:00:00,1.1399,1.14445,1.1391,1.1437,18887
2020-07-15 12:00:00,1.14367,1.14518,1.14014,1.14114,27757
2020-07-16 00:00:00,1.14113,1.14186,1.13855,1.13928,16557
2020-07-16 12:00:00,1.13928,1.14419,1.13703,1.13834,31127
2020-07-17 00:00:00,1.13832,1.14174,1.13745,1.14163,14421
2020-07-17 12:00:00,1.14163,1.1443699999999999,1.14094,1.14258,22193
2020-07-20 00:00:00,1.14042,1.14676,1.14042,1.14575,20576
2020-07-20 12:00:00,1.14572,1.14641,1.14021,1.14472,26089
2020-07-21 00:00:00,1.1447,1.14696,1.14227,1.14435,19544
2020-07-21 12:00:00,1.14432,1.15396,1.1425,1.15265,31189
2020-07-22 00:00:00,1.15268,1.15468,1.15066,1.15221,21967
2020-07-22 12:00:00,1.15221,1.16009,1.15166,1.15695,35666
2020-07-23 00:00:00,1.15693,1.15982,1.15641,1.15885,17502
2020-07-23 12:00:00,1.15883,1.16266,1.15402,1.1595900000000001,37322
2020-07-24 00:00:00,1.15957,1.16211,1.159,1.16002,21749
2020-07-24 12:00:00,1.16003,1.16576,1.1581299999999999,1.16549,31923
2020-07-27 00:00:00,1.16431,1.1724700000000001,1.16412,1.16952,26624
2020-07-27 12:00:00,1.16953,1.17811,1.16817,1.1751,33004
2020-07-28 00:00:00,1.17512,1.1773500000000001,1.16986,1.17208,26356
2020-07-28 12:00:00,1.17208,1.17429,1.17003,1.1715,32858
2020-07-29 00:00:00,1.17148,1.17697,1.17126,1.17506,18940
2020-07-29 12:00:00,1.17506,1.18059,1.17184,1.17906,38677
2020-07-30 00:00:00,1.1791,1.1792799999999999,1.17402,1.17415,20946
2020-07-30 12:00:00,1.1742,1.1848,1.17307,1.1846700000000001,41453
2020-07-31 00:00:00,1.18465,1.19086,1.1835499999999999,1.18575,31311
2020-07-31 12:00:00,1.18569,1.1862300000000001,1.1761300000000001,1.17713,44053
2020-08-03 00:00:00,1.17697,1.17966,1.17404,1.17789,25730
2020-08-03 12:00:00,1.1779,1.17797,1.16957,1.17617,31646
2020-08-04 00:00:00,1.17633,1.18026,1.1752,1.17924,20187
2020-08-04 12:00:00,1.17929,1.1806,1.17212,1.18028,35166
2020-08-05 00:00:00,1.18026,1.18413,1.17929,1.18405,19129
2020-08-05 12:00:00,1.1840600000000001,1.19047,1.18315,1.18629,35330
2020-08-06 00:00:00,1.18627,1.1916,1.1838,1.18423,24333
2020-08-06 12:00:00,1.18422,1.18937,1.18178,1.18762,39787
2020-08-07 00:00:00,1.18763,1.18827,1.18195,1.18326,22059
2020-08-07 12:00:00,1.18326,1.18458,1.1755,1.17854,39553
2020-08-10 00:00:00,1.17864,1.18006,1.1752,1.17723,15441
2020-08-10 12:00:00,1.17727,1.17917,1.17359,1.17371,26820
2020-08-11 00:00:00,1.17373,1.17743,1.1722,1.17721,18755
2020-08-11 12:00:00,1.17717,1.1807400000000001,1.1728,1.17395,40310
2020-08-12 00:00:00,1.17402,1.17605,1.17109,1.17475,23661
2020-08-12 12:00:00,1.17475,1.18165,1.17444,1.17835,35336
2020-08-13 00:00:00,1.17835,1.18409,1.1779600000000001,1.18381,19296
2020-08-13 12:00:00,1.18385,1.1864,1.17934,1.18131,33349
2020-08-14 00:00:00,1.18126,1.18265,1.17906,1.1816,15340
2020-08-14 12:00:00,1.18161,1.18503,1.17814,1.18413,26740
2020-08-17 00:00:00,1.18377,1.18679,1.18285,1.18381,14878
2020-08-17 12:00:00,1.18381,1.1881,1.18338,1.18698,24709
2020-08-18 00:00:00,1.18695,1.19149,1.18655,1.19102,19435
2020-08-18 12:00:00,1.19102,1.19656,1.1897,1.19306,31446
2020-08-19 00:00:00,1.19302,1.19526,1.1922,1.19403,18638
2020-08-19 12:00:00,1.19404,1.19506,1.18301,1.18385,37004
2020-08-20 00:00:00,1.1835499999999999,1.18685,1.1812,1.18369,22145
2020-08-20 12:00:00,1.18365,1.1865,1.1802,1.1859899999999999,35644
2020-08-21 00:00:00,1.1859899999999999,1.18827,1.17991,1.18126,19461
2020-08-21 12:00:00,1.18127,1.18182,1.17542,1.17964,33272
2020-08-24 00:00:00,1.17929,1.18249,1.17846,1.18219,15988
2020-08-24 12:00:00,1.18218,1.18496,1.17841,1.17873,26522
2020-08-25 00:00:00,1.17871,1.1834500000000001,1.1784,1.18234,17519
2020-08-25 12:00:00,1.18234,1.18436,1.18037,1.18343,30399
2020-08-26 00:00:00,1.1834,1.18391,1.18003,1.18143,15183
2020-08-26 12:00:00,1.18142,1.18391,1.17721,1.18298,28950
2020-08-27 00:00:00,1.18297,1.18496,1.18164,1.18339,16882
2020-08-27 12:00:00,1.18339,1.19013,1.17621,1.18217,49562
2020-08-28 00:00:00,1.18215,1.19179,1.1811,1.19091,26264
2020-08-28 12:00:00,1.19091,1.19196,1.18674,1.19055,36173
2020-08-31 00:00:00,1.19036,1.19292,1.18839,1.1908,19891
2020-08-31 12:00:00,1.19077,1.1966,1.19077,1.19361,30268
2020-09-01 00:00:00,1.19358,1.1997200000000001,1.19322,1.1972800000000001,23443
2020-09-01 12:00:00,1.19724,1.20108,1.19011,1.19113,35496
2020-09-02 00:00:00,1.19112,1.19285,1.18522,1.18571,18842
2020-09-02 12:00:00,1.18571,1.18773,1.1822,1.18547,34801
2020-09-03 00:00:00,1.18521,1.18615,1.17887,1.18322,20629
2020-09-03 12:00:00,1.18325,1.18645,1.1801599999999999,1.18512,36838
2020-09-04 00:00:00,1.18513,1.18652,1.18332,1.1859,17559
2020-09-04 12:00:00,1.18589,1.18627,1.17808,1.18394,40625
2020-09-07 00:00:00,1.18458,1.18485,1.18244,1.18322,15093
2020-09-07 12:00:00,1.18323,1.18369,1.1811099999999999,1.18136,16292
2020-09-08 00:00:00,1.18136,1.18273,1.17951,1.18082,16503
2020-09-08 12:00:00,1.18086,1.1815,1.17654,1.17739,40450
2020-09-09 00:00:00,1.17747,1.17872,1.17567,1.17632,18225
2020-09-09 12:00:00,1.17632,1.18337,1.1752799999999999,1.18027,32093
2020-09-10 00:00:00,1.18026,1.184,1.17994,1.1834,15313
2020-09-10 12:00:00,1.18341,1.19174,1.18099,1.18146,45280
2020-09-11 00:00:00,1.18145,1.18597,1.18086,1.18565,16670
2020-09-11 12:00:00,1.18565,1.18739,1.18261,1.18459,29481
2020-09-14 00:00:00,1.18362,1.18685,1.18321,1.18563,13427
2020-09-14 12:00:00,1.18563,1.1888,1.18493,1.18643,24009
2020-09-15 00:00:00,1.18648,1.18996,1.18585,1.18814,14752
2020-09-15 12:00:00,1.18812,1.19004,1.18393,1.18462,24152
2020-09-16 00:00:00,1.18465,1.18726,1.18286,1.1865700000000001,13480
2020-09-16 12:00:00,1.18656,1.18826,1.17873,1.18155,39561
2020-09-17 00:00:00,1.18146,1.1819,1.17374,1.18036,24500
2020-09-17 12:00:00,1.18035,1.18523,1.1783,1.18476,33856
2020-09-18 00:00:00,1.18476,1.18689,1.18405,1.18592,17580
2020-09-18 12:00:00,1.1859,1.18703,1.18258,1.18413,28343
2020-09-21 00:00:00,1.18455,1.18717,1.17911,1.1801,19215
2020-09-21 12:00:00,1.1801,1.1801,1.17316,1.17707,35286
2020-09-22 00:00:00,1.177,1.1773500000000001,1.172,1.17448,21558
2020-09-22 12:00:00,1.17445,1.17671,1.16916,1.17077,32949
2020-09-23 00:00:00,1.17074,1.17104,1.16718,1.17042,21888
2020-09-23 12:00:00,1.17042,1.1718899999999999,1.16511,1.16595,31515
2020-09-24 00:00:00,1.1659,1.16797,1.16442,1.1656900000000001,19178
2020-09-24 12:00:00,1.1656900000000001,1.16868,1.1626400000000001,1.16708,34416
2020-09-25 00:00:00,1.16706,1.16849,1.16516,1.16557,17502
2020-09-25 12:00:00,1.16557,1.16558,1.16122,1.16296,28920
2020-09-28 00:00:00,1.16222,1.16455,1.16151,1.16408,14443
2020-09-28 12:00:00,1.16408,1.16799,1.16375,1.1665,24818
2020-09-29 00:00:00,1.1665,1.16863,1.16609,1.16832,14359
2020-09-29 12:00:00,1.16832,1.17455,1.16808,1.17426,28137
2020-09-30 00:00:00,1.1743000000000001,1.17547,1.17061,1.17096,19268
2020-09-30 12:00:00,1.17095,1.17516,1.16846,1.1721,38608
2020-10-01 00:00:00,1.1721,1.17575,1.17171,1.17243,19286
2020-10-01 12:00:00,1.17242,1.17694,1.17207,1.17465,38312
2020-10-02 00:00:00,1.17489,1.17489,1.16957,1.17134,27042
2020-10-02 12:00:00,1.17136,1.17333,1.16982,1.17165,38306
2020-10-05 00:00:00,1.17131,1.17497,1.17053,1.17492,17041
2020-10-05 12:00:00,1.1749,1.17974,1.17461,1.17825,24880
2020-10-06 00:00:00,1.17826,1.18001,1.17652,1.17776,16176
2020-10-06 12:00:00,1.17776,1.18076,1.17316,1.17334,34459
2020-10-07 00:00:00,1.1733500000000001,1.17669,1.17248,1.17577,18245
2020-10-07 12:00:00,1.17577,1.17818,1.1749100000000001,1.17628,28367
2020-10-08 00:00:00,1.17624,1.17816,1.17556,1.17605,15115
2020-10-08 12:00:00,1.17605,1.17688,1.17324,1.17582,24097
2020-10-09 00:00:00,1.17587,1.18038,1.17551,1.18017,15379
2020-10-09 12:00:00,1.18017,1.18304,1.17913,1.18293,24911
2020-10-12 00:00:00,1.18173,1.18265,1.18056,1.1811,15511
2020-10-12 12:00:00,1.1811,1.18164,1.17866,1.1812,18889
2020-10-13 00:00:00,1.1812,1.18155,1.17781,1.17933,17081
2020-10-13 12:00:00,1.17932,1.17986,1.17305,1.17446,23626
2020-10-14 00:00:00,1.17452,1.17535,1.1728399999999999,1.17402,16120
2020-10-14 12:00:00,1.17402,1.17712,1.17195,1.17452,25878
2020-10-15 00:00:00,1.17452,1.17576,1.1703000000000001,1.17063,18319
2020-10-15 12:00:00,1.17063,1.17251,1.16882,1.17073,28592
2020-10-16 00:00:00,1.17073,1.17201,1.16939,1.17044,15668
2020-10-16 12:00:00,1.17044,1.1746,1.17023,1.1716,25986
2020-10-19 00:00:00,1.17195,1.17417,1.1703000000000001,1.17376,14817
2020-10-19 12:00:00,1.17375,1.17936,1.17373,1.17695,23375
2020-10-20 00:00:00,1.17695,1.17932,1.17598,1.17819,15112
2020-10-20 12:00:00,1.17819,1.18407,1.17809,1.18211,23701
2020-10-21 00:00:00,1.18214,1.18702,1.18208,1.18505,18836
2020-10-21 12:00:00,1.18505,1.1880600000000001,1.18414,1.18598,28431
2020-10-22 00:00:00,1.18582,1.18667,1.18382,1.18444,17545
2020-10-22 12:00:00,1.18443,1.18456,1.18114,1.18177,24066
2020-10-23 00:00:00,1.18177,1.18464,1.1786699999999999,1.18386,18718
2020-10-23 12:00:00,1.18384,1.18646,1.18253,1.18598,22401
2020-10-26 00:00:00,1.18551,1.18554,1.18055,1.18098,18331
2020-10-26 12:00:00,1.18098,1.18278,1.18031,1.18087,22890
2020-10-27 00:00:00,1.18087,1.18357,1.17961,1.18087,16550
2020-10-27 12:00:00,1.18087,1.18387,1.17818,1.1787,21035
2020-10-28 00:00:00,1.1787,1.17879,1.17431,1.17483,19376
2020-10-28 12:00:00,1.17483,1.17602,1.17178,1.17451,29197
2020-10-29 00:00:00,1.17451,1.17586,1.17236,1.17255,17963
2020-10-29 12:00:00,1.17255,1.1728,1.16499,1.1674,32851
2020-10-30 00:00:00,1.16741,1.16944,1.16601,1.16731,20646
2020-10-30 12:00:00,1.16731,1.1703999999999999,1.16398,1.16462,29707
2020-11-02 00:00:00,1.16468,1.16495,1.16221,1.16401,20325
2020-11-02 12:00:00,1.16402,1.16556,1.16227,1.16404,22432
2020-11-03 00:00:00,1.16406,1.16975,1.16323,1.16964,15719
2020-11-03 12:00:00,1.16965,1.1739600000000001,1.16916,1.1715,22622
2020-11-04 00:00:00,1.1715,1.17704,1.16019,1.16756,50610
2020-11-04 12:00:00,1.16756,1.17454,1.1672,1.17244,40787
2020-11-05 00:00:00,1.17244,1.18024,1.17108,1.17944,35074
2020-11-05 12:00:00,1.17944,1.18598,1.17887,1.1826699999999999,50360
2020-11-06 00:00:00,1.18272,1.18535,1.17954,1.18531,36384
2020-11-06 12:00:00,1.18531,1.18909,1.18464,1.18746,43883
2020-11-09 00:00:00,1.18873,1.18984,1.18648,1.18737,28637
2020-11-09 12:00:00,1.18737,1.192,1.17951,1.18127,73939
2020-11-10 00:00:00,1.18124,1.18432,1.18003,1.18064,37995
2020-11-10 12:00:00,1.18064,1.18342,1.17798,1.18136,50046
2020-11-11 00:00:00,1.18138,1.1832799999999999,1.17798,1.1792799999999999,23863
2020-11-11 12:00:00,1.17925,1.17972,1.17455,1.17771,29401
2020-11-12 00:00:00,1.17771,1.18121,1.17586,1.1809,22985
2020-11-12 12:00:00,1.1809,1.18231,1.17873,1.18048,34112
2020-11-13 00:00:00,1.18047,1.18271,1.1798899999999999,1.1826699999999999,19763
2020-11-13 12:00:00,1.1826699999999999,1.18372,1.18082,1.18326,25347
2020-11-16 00:00:00,1.184,1.18688,1.1827,1.18448,19537
2020-11-16 12:00:00,1.18448,1.18568,1.18141,1.18516,38204
2020-11-17 00:00:00,1.18509,1.1875499999999999,1.18428,1.1868,18038
2020-11-17 12:00:00,1.1868,1.18939,1.18574,1.18605,25679
2020-11-18 00:00:00,1.18618,1.1891,1.18502,1.18881,19377
2020-11-18 12:00:00,1.18881,1.18881,1.18491,1.18526,30046
2020-11-19 00:00:00,1.18526,1.18568,1.18217,1.18295,22778
2020-11-19 12:00:00,1.18296,1.18825,1.18163,1.1874500000000001,30762
2020-11-20 00:00:00,1.1874500000000001,1.18909,1.1856200000000001,1.18592,19970
2020-11-20 12:00:00,1.18592,1.18784,1.18497,1.18587,25001
2020-11-23 00:00:00,1.18496,1.18829,1.18496,1.18777,15893
2020-11-23 12:00:00,1.18777,1.19061,1.18,1.18399,33477
2020-11-24 00:00:00,1.18399,1.18904,1.18358,1.18835,19375
2020-11-24 12:00:00,1.18835,1.18959,1.1841,1.18904,30289
2020-11-25 00:00:00,1.18905,1.19298,1.18887,1.19047,24896
2020-11-25 12:00:00,1.19047,1.19264,1.18819,1.19157,31323
2020-11-26 00:00:00,1.19164,1.19409,1.19019,1.19036,15756
2020-11-26 12:00:00,1.19035,1.19186,1.18853,1.19127,18738
2020-11-27 00:00:00,1.19125,1.1932800000000001,1.19067,1.19228,14000
2020-11-27 12:00:00,1.19229,1.1963,1.1914,1.19593,24264
2020-11-30 00:00:00,1.196,1.19852,1.196,1.19842,20237
2020-11-30 12:00:00,1.19842,1.20034,1.19236,1.19256,37494
2020-12-01 00:00:00,1.19261,1.19856,1.19253,1.19807,19475
2020-12-01 12:00:00,1.19807,1.20766,1.196,1.20692,39416
2020-12-02 00:00:00,1.20691,1.20875,1.20455,1.20535,23294
2020-12-02 12:00:00,1.20535,1.21184,1.204,1.21136,45839
2020-12-03 00:00:00,1.21137,1.21393,1.21011,1.21115,25909
2020-12-03 12:00:00,1.2111399999999999,1.21746,1.2104,1.21469,48187
2020-12-04 00:00:00,1.21447,1.21733,1.21389,1.21668,28117
2020-12-04 12:00:00,1.21668,1.21773,1.211,1.21201,48857
2020-12-07 00:00:00,1.21299,1.21403,1.20787,1.2093,31140
2020-12-07 12:00:00,1.2093,1.21664,1.2085,1.21091,46701
2020-12-08 00:00:00,1.21091,1.2134,1.20956,1.21296,25161
2020-12-08 12:00:00,1.21296,1.21337,1.21,1.21022,46817
2020-12-09 00:00:00,1.21022,1.21474,1.21003,1.21254,24780
2020-12-09 12:00:00,1.21255,1.21366,1.20585,1.20802,47535
2020-12-10 00:00:00,1.20789,1.21086,1.2073800000000001,1.21061,26863
2020-12-10 12:00:00,1.21061,1.21588,1.20812,1.21398,58611
2020-12-11 00:00:00,1.21361,1.21628,1.21126,1.21176,27301
2020-12-11 12:00:00,1.21172,1.21376,1.21054,1.21125,43730
2020-12-14 00:00:00,1.21366,1.2160199999999999,1.21156,1.21579,24424
2020-12-14 12:00:00,1.21576,1.21766,1.21231,1.21432,41426
2020-12-15 00:00:00,1.21432,1.2163,1.21316,1.2158,25825
2020-12-15 12:00:00,1.21579,1.2168700000000001,1.21214,1.21505,39790
2020-12-16 00:00:00,1.21489,1.2212399999999999,1.21451,1.2206299999999999,26300
2020-12-16 12:00:00,1.2206299999999999,1.22068,1.21249,1.21984,50168
2020-12-17 00:00:00,1.21985,1.22438,1.21897,1.22327,27633
2020-12-17 12:00:00,1.22326,1.22729,1.22252,1.22684,38282
2020-12-18 00:00:00,1.22676,1.22719,1.22385,1.22492,23221
2020-12-18 12:00:00,1.22493,1.22687,1.22256,1.22542,35327
2020-12-21 00:00:00,1.22166,1.22349,1.2168,1.21753,42143
2020-12-21 12:00:00,1.21754,1.22528,1.21296,1.22424,60998
2020-12-22 00:00:00,1.22434,1.22498,1.22049,1.22071,29109
2020-12-22 12:00:00,1.22073,1.22573,1.2152,1.21616,50041
2020-12-23 00:00:00,1.21618,1.22009,1.2154,1.21937,30784
2020-12-23 12:00:00,1.21939,1.22212,1.21604,1.2186,48759
2020-12-24 00:00:00,1.21857,1.22157,1.21835,1.21914,26041
2020-12-24 12:00:00,1.21914,1.22035,1.21774,1.21808,21717
2020-12-28 00:00:00,1.21696,1.22506,1.21696,1.22488,25493
2020-12-28 12:00:00,1.22488,1.22501,1.21914,1.2216,39715
2020-12-29 00:00:00,1.2216,1.22579,1.2207,1.22497,20431
2020-12-29 12:00:00,1.22498,1.22749,1.22361,1.22482,35606
2020-12-30 00:00:00,1.22471,1.2295,1.2247,1.22687,28277
2020-12-30 12:00:00,1.22687,1.23099,1.22665,1.22961,38619
2020-12-31 00:00:00,1.22963,1.23093,1.2277,1.22793,25741
2020-12-31 12:00:00,1.22793,1.22885,1.22127,1.22155,32818
2021-01-04 00:00:00,1.22395,1.23004,1.2227999999999999,1.22932,34223
2021-01-04 12:00:00,1.22932,1.23098,1.22416,1.22473,51397
2021-01-05 00:00:00,1.22466,1.22839,1.22432,1.22723,28723
2021-01-05 12:00:00,1.22724,1.23056,1.2254,1.22965,46657
2021-01-06 00:00:00,1.22968,1.23455,1.22757,1.23382,53386
2021-01-06 12:00:00,1.23383,1.23494,1.22657,1.23252,64873
2021-01-07 00:00:00,1.2325599999999999,1.23441,1.22642,1.2269,35721
2021-01-07 12:00:00,1.22688,1.22826,1.22452,1.2271,49028
2021-01-08 00:00:00,1.22713,1.2273100000000001,1.22133,1.224,37649
2021-01-08 12:00:00,1.224,1.22845,1.21932,1.22218,62489
2021-01-11 00:00:00,1.22116,1.22285,1.2160199999999999,1.21609,36547
2021-01-11 12:00:00,1.21607,1.21743,1.21323,1.21497,43034
2021-01-12 00:00:00,1.21498,1.21791,1.21387,1.21619,27872
2021-01-12 12:00:00,1.21619,1.2209699999999999,1.21372,1.22062,42756
2021-01-13 00:00:00,1.22064,1.22229,1.21823,1.21895,26362
2021-01-13 12:00:00,1.21895,1.2192,1.21399,1.21568,43885
2021-01-14 00:00:00,1.21568,1.2172,1.2135799999999999,1.2166299999999999,33132
2021-01-14 12:00:00,1.21662,1.21784,1.21112,1.2154,48870
2021-01-15 00:00:00,1.21537,1.21625,1.21178,1.21391,27461
2021-01-15 12:00:00,1.2139,1.21444,1.2075,1.20766,43911
2021-01-18 00:00:00,1.20813,1.20867,1.2059199999999999,1.20622,28575
2021-01-18 12:00:00,1.20622,1.2082,1.20536,1.20757,23390
2021-01-19 00:00:00,1.20768,1.21227,1.20739,1.21183,25423
2021-01-19 12:00:00,1.21184,1.21449,1.21158,1.21284,33879
2021-01-20 00:00:00,1.21281,1.21582,1.21182,1.21275,27466
2021-01-20 12:00:00,1.21275,1.21278,1.20767,1.21046,35927
2021-01-21 00:00:00,1.2104300000000001,1.21461,1.21022,1.21423,21748
2021-01-21 12:00:00,1.21423,1.21732,1.21326,1.2164,43270
2021-01-22 00:00:00,1.21586,1.21894,1.21515,1.21739,28081
2021-01-22 12:00:00,1.21738,1.21872,1.21543,1.21704,29013
2021-01-25 00:00:00,1.21704,1.21833,1.2144,1.21477,21054
2021-01-25 12:00:00,1.21477,1.21627,1.2116,1.21413,33317
2021-01-26 00:00:00,1.21371,1.2146,1.21078,1.21289,20390
2021-01-26 12:00:00,1.21289,1.2176,1.21232,1.2159200000000001,31523
2021-01-27 00:00:00,1.21598,1.21696,1.21194,1.2122600000000001,20566
2021-01-27 12:00:00,1.21225,1.21329,1.20586,1.21096,54248
2021-01-28 00:00:00,1.21086,1.21133,1.20805,1.21087,32676
2021-01-28 12:00:00,1.21086,1.21421,1.2088,1.2121,43885
2021-01-29 00:00:00,1.21209,1.21269,1.20944,1.21164,26016
2021-01-29 12:00:00,1.21163,1.21558,1.21069,1.21353,49623
2021-02-01 00:00:00,1.21301,1.21364,1.20837,1.2094,26579
2021-02-01 12:00:00,1.20938,1.2099199999999999,1.20562,1.20594,37164
2021-02-02 00:00:00,1.20594,1.20876,1.20587,1.20669,22366
2021-02-02 12:00:00,1.2067,1.20696,1.20117,1.20428,36623
2021-02-03 00:00:00,1.20423,1.205,1.20098,1.20229,21247
2021-02-03 12:00:00,1.20237,1.20369,1.20042,1.20351,28130
2021-02-04 00:00:00,1.20349,1.20428,1.19832,1.19858,21930
2021-02-04 12:00:00,1.19857,1.1998,1.19574,1.1962,29877
2021-02-05 00:00:00,1.19618,1.1987700000000001,1.19522,1.19768,27135
2021-02-05 12:00:00,1.19769,1.20498,1.19692,1.20492,40706
2021-02-08 00:00:00,1.20426,1.20553,1.2024,1.20282,26141
2021-02-08 12:00:00,1.20282,1.20661,1.20197,1.20493,33754
2021-02-09 00:00:00,1.20493,1.2116500000000001,1.20472,1.21096,33286
2021-02-09 12:00:00,1.21096,1.21221,1.20886,1.21174,31472
2021-02-10 00:00:00,1.21173,1.2144,1.21088,1.21194,17734
2021-02-10 12:00:00,1.21194,1.21395,1.21131,1.21172,30940
2021-02-11 00:00:00,1.21172,1.21361,1.21135,1.21303,14421
2021-02-11 12:00:00,1.21303,1.21493,1.21211,1.21303,32382
2021-02-12 00:00:00,1.21303,1.21349,1.21003,1.21083,24930
2021-02-12 12:00:00,1.21081,1.21289,1.20815,1.21189,30346
2021-02-15 00:00:00,1.2124,1.21452,1.21167,1.21347,21731
2021-02-15 12:00:00,1.21347,1.21406,1.21208,1.21274,18113
2021-02-16 00:00:00,1.21271,1.21574,1.21248,1.21526,22866
2021-02-16 12:00:00,1.21527,1.21694,1.20949,1.2105299999999999,40149
2021-02-17 00:00:00,1.21047,1.21089,1.20598,1.20678,32044
2021-02-17 12:00:00,1.20679,1.20693,1.20234,1.20374,37953
2021-02-18 00:00:00,1.20351,1.20751,1.2035,1.20734,23616
2021-02-18 12:00:00,1.20734,1.20944,1.20619,1.20908,36894
2021-02-19 00:00:00,1.20908,1.21415,1.20823,1.21339,26548
2021-02-19 12:00:00,1.21339,1.2144300000000001,1.21078,1.21174,33248
2021-02-22 00:00:00,1.21131,1.21355,1.20912,1.21082,30095
2021-02-22 12:00:00,1.21082,1.21694,1.21079,1.21554,36556
2021-02-23 00:00:00,1.21564,1.21802,1.21452,1.21491,23296
2021-02-23 12:00:00,1.21491,1.2166299999999999,1.21353,1.21493,41380
2021-02-24 00:00:00,1.21493,1.21745,1.21428,1.21628,36764
2021-02-24 12:00:00,1.21628,1.21743,1.21092,1.21665,46443
2021-02-25 00:00:00,1.21637,1.22227,1.2156,1.22198,30376
2021-02-25 12:00:00,1.22199,1.22432,1.21604,1.21743,76399
2021-02-26 00:00:00,1.2173,1.21828,1.21228,1.21252,55204
2021-02-26 12:00:00,1.21252,1.21412,1.20622,1.20727,74067
2021-03-01 00:00:00,1.20688,1.21012,1.20282,1.20387,35807
2021-03-01 12:00:00,1.20387,1.20691,1.20278,1.20488,47499
2021-03-02 00:00:00,1.20488,1.20506,1.19915,1.20061,41176
2021-03-02 12:00:00,1.20062,1.20944,1.2006000000000001,1.20893,38878
2021-03-03 00:00:00,1.20898,1.21132,1.2074,1.21015,23528
2021-03-03 12:00:00,1.21012,1.21033,1.20429,1.20627,48143
2021-03-04 00:00:00,1.20627,1.20662,1.20267,1.20326,30251
2021-03-04 12:00:00,1.20325,1.20536,1.19616,1.1969400000000001,63273
2021-03-05 00:00:00,1.1968,1.19767,1.1914,1.19279,33082
2021-03-05 12:00:00,1.19278,1.19463,1.1892800000000001,1.1912,63886
2021-03-08 00:00:00,1.19166,1.19321,1.18654,1.1872,43923
2021-03-08 12:00:00,1.18722,1.18872,1.18442,1.1846,56957
2021-03-09 00:00:00,1.18456,1.19089,1.18356,1.19053,43121
2021-03-09 12:00:00,1.19054,1.19157,1.18815,1.19001,50931
2021-03-10 00:00:00,1.19002,1.19024,1.18687,1.18997,30773
2021-03-10 12:00:00,1.18997,1.19298,1.18819,1.19284,56994
2021-03-11 00:00:00,1.19283,1.19688,1.19158,1.19636,31334
2021-03-11 12:00:00,1.19636,1.199,1.1928,1.19851,54674
2021-03-12 00:00:00,1.1985000000000001,1.19886,1.1911,1.19179,32388
2021-03-12 12:00:00,1.19179,1.19612,1.19098,1.19519,51278
2021-03-15 00:00:00,1.19473,1.19674,1.19179,1.1926,32166
2021-03-15 12:00:00,1.1926,1.19373,1.1911100000000001,1.19271,35284
2021-03-16 00:00:00,1.19271,1.19386,1.19137,1.19284,25469
2021-03-16 12:00:00,1.19284,1.19517,1.18823,1.19009,41852
2021-03-17 00:00:00,1.19009,1.19166,1.18863,1.19104,22416
2021-03-17 12:00:00,1.19104,1.19853,1.18913,1.19802,49117
2021-03-18 00:00:00,1.19802,1.1989,1.19351,1.19422,35209
2021-03-18 12:00:00,1.1942300000000001,1.19498,1.19062,1.19135,50578
2021-03-19 00:00:00,1.19134,1.19372,1.18926,1.18934,32052
2021-03-19 12:00:00,1.18934,1.19124,1.18738,1.19044,41339
2021-03-22 00:00:00,1.18828,1.1905999999999999,1.18744,1.19,26930
2021-03-22 12:00:00,1.19,1.19467,1.18993,1.19332,34275
2021-03-23 00:00:00,1.19337,1.19407,1.1886,1.18911,27132
2021-03-23 12:00:00,1.18911,1.1899899999999999,1.18423,1.1848,37197
2021-03-24 00:00:00,1.1847699999999999,1.18516,1.18123,1.1835,29331
2021-03-24 12:00:00,1.1835,1.1838899999999999,1.18097,1.18123,35540
2021-03-25 00:00:00,1.18122,1.18277,1.18015,1.18104,27262
2021-03-25 12:00:00,1.18104,1.18179,1.17619,1.17677,45704
2021-03-26 00:00:00,1.17683,1.17974,1.17677,1.17924,21074
2021-03-26 12:00:00,1.17922,1.18049,1.17719,1.17933,32214
2021-03-29 00:00:00,1.17886,1.17937,1.17628,1.17665,22901
2021-03-29 12:00:00,1.17667,1.17925,1.17608,1.17642,36802
2021-03-30 00:00:00,1.1764000000000001,1.17736,1.17332,1.17463,21095
2021-03-30 12:00:00,1.17462,1.17497,1.17114,1.17169,35239
2021-03-31 00:00:00,1.1717,1.17481,1.17041,1.17465,22609
2021-03-31 12:00:00,1.17462,1.17598,1.17196,1.17298,37609
2021-04-01 00:00:00,1.17298,1.17446,1.17124,1.17278,24533
2021-04-01 12:00:00,1.17278,1.17799,1.17244,1.17759,29548
2021-04-02 00:00:00,1.1776,1.17864,1.17692,1.17817,9102
2021-04-02 12:00:00,1.17817,1.1786,1.17488,1.17608,16873
2021-04-05 00:00:00,1.17543,1.17717,1.17409,1.17473,14006
2021-04-05 12:00:00,1.17473,1.1819600000000001,1.17382,1.18125,21613
2021-04-06 00:00:00,1.18125,1.18217,1.17951,1.18136,21807
2021-04-06 12:00:00,1.18137,1.18776,1.18023,1.1874,32414
2021-04-07 00:00:00,1.1873,1.18874,1.18639,1.18861,25951
2021-04-07 12:00:00,1.18861,1.19147,1.18609,1.18668,38470
2021-04-08 00:00:00,1.18666,1.18929,1.18605,1.18813,18974
2021-04-08 12:00:00,1.18811,1.19273,1.18618,1.19124,33497
2021-04-09 00:00:00,1.1912099999999999,1.19202,1.18839,1.18859,22621
2021-04-09 12:00:00,1.18858,1.19105,1.18672,1.1901,30573
2021-04-12 00:00:00,1.18881,1.19037,1.18712,1.18839,24226
2021-04-12 12:00:00,1.18838,1.1919,1.18837,1.19099,29610
2021-04-13 00:00:00,1.19093,1.19158,1.18829,1.19005,23493
2021-04-13 12:00:00,1.19009,1.1956,1.18775,1.19474,40697
2021-04-14 00:00:00,1.19478,1.1974,1.19459,1.19666,20811
2021-04-14 12:00:00,1.1966700000000001,1.19874,1.19509,1.19784,25487
2021-04-15 00:00:00,1.19781,1.19901,1.19698,1.19808,16978
2021-04-15 12:00:00,1.19808,1.19933,1.19561,1.19655,27603
2021-04-16 00:00:00,1.19654,1.1988699999999999,1.19504,1.19779,18415
2021-04-16 12:00:00,1.19779,1.19949,1.19692,1.19809,20704
2021-04-19 00:00:00,1.19716,1.20326,1.1942599999999999,1.20251,22405
2021-04-19 12:00:00,1.20251,1.20481,1.20153,1.20367,25379
2021-04-20 00:00:00,1.20364,1.20798,1.20324,1.20686,21546
2021-04-20 12:00:00,1.20685,1.20709,1.20224,1.20343,26419
2021-04-21 00:00:00,1.20343,1.20436,1.2003300000000001,1.20062,16665
2021-04-21 12:00:00,1.20062,1.20392,1.19984,1.20343,23889
2021-04-22 00:00:00,1.20345,1.20495,1.20244,1.20262,16839
2021-04-22 12:00:00,1.2026,1.2069,1.19937,1.2014,33230
2021-04-23 00:00:00,1.20139,1.2061,1.20129,1.20587,16874
2021-04-23 12:00:00,1.20587,1.21,1.20464,1.20973,25018
2021-04-26 00:00:00,1.20922,1.2117,1.2088700000000001,1.20999,19300
2021-04-26 12:00:00,1.20999,1.21094,1.20613,1.20841,23146
2021-04-27 00:00:00,1.20854,1.2089699999999999,1.20572,1.20583,14898
2021-04-27 12:00:00,1.20583,1.20928,1.20568,1.20892,23528
2021-04-28 00:00:00,1.20896,1.2093,1.20563,1.20749,15474
2021-04-28 12:00:00,1.2075,1.2134800000000001,1.2057,1.2125,34782
2021-04-29 00:00:00,1.21249,1.21502,1.21112,1.21156,16475
2021-04-29 12:00:00,1.21157,1.2135799999999999,1.21021,1.21187,29823
2021-04-30 00:00:00,1.2119,1.21266,1.20945,1.20952,15087
2021-04-30 12:00:00,1.20952,1.20983,1.20166,1.20208,31741
2021-05-03 00:00:00,1.20301,1.20495,1.20129,1.20471,14669
2021-05-03 12:00:00,1.20474,1.20759,1.20417,1.20629,22653
2021-05-04 00:00:00,1.2063,1.20641,1.20023,1.20035,14926
2021-05-04 12:00:00,1.20035,1.20356,1.19992,1.20121,35689
2021-05-05 00:00:00,1.20118,1.20268,1.1985999999999999,1.19968,15725
2021-05-05 12:00:00,1.19968,1.20197,1.19912,1.20036,25053
2021-05-06 00:00:00,1.20036,1.20445,1.19931,1.20396,17463
2021-05-06 12:00:00,1.20396,1.20716,1.20361,1.20646,27368
2021-05-07 00:00:00,1.20647,1.20906,1.2053,1.20875,17321
2021-05-07 12:00:00,1.20875,1.21713,1.20583,1.21618,41147
2021-05-10 00:00:00,1.216,1.21769,1.21367,1.2171,21420
2021-05-10 12:00:00,1.21705,1.21783,1.21278,1.21282,30093
2021-05-11 00:00:00,1.2128,1.21642,1.2123,1.21624,22166
2021-05-11 12:00:00,1.21625,1.21817,1.2145,1.2147000000000001,35051
2021-05-12 00:00:00,1.21472,1.215,1.21152,1.21342,19860
2021-05-12 12:00:00,1.21345,1.21521,1.20656,1.20705,49674
2021-05-13 00:00:00,1.20724,1.21061,1.20515,1.20623,26338
2021-05-13 12:00:00,1.20624,1.21002,1.206,1.20791,39620
2021-05-14 00:00:00,1.20787,1.21295,1.20708,1.21253,19889
2021-05-14 12:00:00,1.21254,1.21476,1.21031,1.21441,30087
2021-05-17 00:00:00,1.21323,1.21513,1.2126000000000001,1.21479,19158
2021-05-17 12:00:00,1.21479,1.2168700000000001,1.21347,1.21511,27270
2021-05-18 00:00:00,1.21513,1.22195,1.2147999999999999,1.2218499999999999,20053
2021-05-18 12:00:00,1.22182,1.22339,1.2198,1.2221899999999999,29530
2021-05-19 00:00:00,1.2221899999999999,1.22452,1.22048,1.22167,21469
2021-05-19 12:00:00,1.22167,1.22387,1.21599,1.21744,53639
2021-05-20 00:00:00,1.21744,1.22047,1.2169,1.21883,23065
2021-05-20 12:00:00,1.21883,1.2229,1.21811,1.22269,32385
2021-05-21 00:00:00,1.2227000000000001,1.22398,1.22098,1.22238,22292
2021-05-21 12:00:00,1.22237,1.2238,1.2161,1.21806,36171
2021-05-24 00:00:00,1.21776,1.22043,1.21722,1.21967,26788
2021-05-24 12:00:00,1.21967,1.223,1.21929,1.2215,30297
2021-05-25 00:00:00,1.22146,1.22622,1.22117,1.2259,27442
2021-05-25 12:00:00,1.2259,1.22664,1.22268,1.22497,34160
2021-05-26 00:00:00,1.22491,1.2263,1.22324,1.22409,23018
2021-05-26 12:00:00,1.22409,1.2247,1.2182,1.21922,35569
2021-05-27 00:00:00,1.21906,1.22151,1.21751,1.21827,24769
2021-05-27 12:00:00,1.21827,1.22117,1.21798,1.21934,34635
2021-05-28 00:00:00,1.21932,1.22006,1.21716,1.21973,21962
2021-05-28 12:00:00,1.21973,1.2205,1.21327,1.21896,38148
2021-05-31 00:00:00,1.21993,1.22042,1.21833,1.22005,18392
2021-05-31 12:00:00,1.22005,1.22314,1.2185,1.2225,18302
2021-06-01 00:00:00,1.22254,1.22416,1.22133,1.22298,20937
2021-06-01 12:00:00,1.22298,1.22543,1.22118,1.22126,31511
2021-06-02 00:00:00,1.22125,1.22265,1.21796,1.21814,23012
2021-06-02 12:00:00,1.21814,1.2218499999999999,1.21643,1.221,30781
2021-06-03 00:00:00,1.2209699999999999,1.22143,1.2178499999999999,1.21878,17401
2021-06-03 12:00:00,1.21876,1.22083,1.21183,1.21265,41898
2021-06-04 00:00:00,1.21261,1.21322,1.21041,1.21121,21693
2021-06-04 12:00:00,1.2112,1.21856,1.21041,1.21662,34380
2021-06-07 00:00:00,1.21595,1.21727,1.21448,1.21621,17824
2021-06-07 12:00:00,1.2162,1.22018,1.21507,1.21893,22718
2021-06-08 00:00:00,1.21891,1.21942,1.21643,1.21761,19975
2021-06-08 12:00:00,1.21761,1.2193100000000001,1.21682,1.21726,28707
2021-06-09 00:00:00,1.21722,1.21926,1.21709,1.21883,15229
2021-06-09 12:00:00,1.21884,1.22179,1.21743,1.21787,27763
2021-06-10 00:00:00,1.21787,1.2181,1.21534,1.21665,19333
2021-06-10 12:00:00,1.21665,1.2195,1.21432,1.21751,47214
2021-06-11 00:00:00,1.21751,1.2193100000000001,1.2164,1.21661,20703
2021-06-11 12:00:00,1.21659,1.21673,1.20927,1.21063,34104
2021-06-14 00:00:00,1.21025,1.21208,1.20942,1.2109,21195
2021-06-14 12:00:00,1.2109,1.21303,1.21086,1.212,25749
2021-06-15 00:00:00,1.2119,1.21473,1.21139,1.21304,20138
2021-06-15 12:00:00,1.21303,1.21311,1.21014,1.21264,30541
2021-06-16 00:00:00,1.21256,1.2134800000000001,1.21167,1.21286,20051
2021-06-16 12:00:00,1.21286,1.21293,1.1994,1.19943,46365
2021-06-17 00:00:00,1.19939,1.20064,1.19361,1.19478,38691
2021-06-17 12:00:00,1.19475,1.1957,1.18918,1.19069,51879
2021-06-18 00:00:00,1.19056,1.19251,1.18853,1.19129,35993
2021-06-18 12:00:00,1.19129,1.19222,1.18537,1.18597,45414
2021-06-21 00:00:00,1.1855,1.1893799999999999,1.1847699999999999,1.18932,42465
2021-06-21 12:00:00,1.18931,1.19212,1.18849,1.19185,45502
2021-06-22 00:00:00,1.19166,1.19201,1.18918,1.18968,25386
2021-06-22 12:00:00,1.18968,1.19525,1.18809,1.19413,43029
2021-06-23 00:00:00,1.19376,1.19457,1.19116,1.19327,27501
2021-06-23 12:00:00,1.19327,1.19703,1.19195,1.19258,39322
2021-06-24 00:00:00,1.19254,1.19432,1.19175,1.19254,26096
2021-06-24 12:00:00,1.19253,1.19563,1.192,1.19315,38931
2021-06-25 00:00:00,1.19315,1.19506,1.19269,1.19431,22874
2021-06-25 12:00:00,1.1943,1.19752,1.19265,1.1937,36181
2021-06-28 00:00:00,1.19316,1.19445,1.19202,1.19415,24453
2021-06-28 12:00:00,1.19416,1.1944,1.19025,1.19242,36221
2021-06-29 00:00:00,1.1923,1.19298,1.18994,1.19014,23569
2021-06-29 12:00:00,1.19016,1.19133,1.18777,1.1896,38024
2021-06-30 00:00:00,1.18954,1.1909,1.18851,1.18863,26012
2021-06-30 12:00:00,1.18864,1.18981,1.18452,1.1856,44549
2021-07-01 00:00:00,1.18559,1.18604,1.18374,1.18447,26471
2021-07-01 12:00:00,1.18445,1.18842,1.18404,1.18497,43845
2021-07-02 00:00:00,1.18491,1.18516,1.18224,1.18278,22714
2021-07-02 12:00:00,1.18278,1.18743,1.18071,1.18646,49113
2021-07-05 00:00:00,1.18576,1.18734,1.18515,1.18703,22164
2021-07-05 12:00:00,1.18702,1.18805,1.18555,1.18634,25096
2021-07-06 00:00:00,1.18619,1.1895,1.18427,1.18453,29750
2021-07-06 12:00:00,1.18454,1.18512,1.18067,1.18231,49892
2021-07-07 00:00:00,1.18235,1.18346,1.18121,1.18241,27906
2021-07-07 12:00:00,1.18239,1.18362,1.17817,1.17903,48026
2021-07-08 00:00:00,1.17899,1.18251,1.17836,1.18224,35717
2021-07-08 12:00:00,1.1822300000000001,1.18679,1.18213,1.18449,55282
2021-07-09 00:00:00,1.1844000000000001,1.18502,1.18251,1.18325,35715
2021-07-09 12:00:00,1.18325,1.18811,1.18289,1.18774,38234
2021-07-12 00:00:00,1.18715,1.18802,1.18561,1.18706,23279
2021-07-12 12:00:00,1.18706,1.18742,1.18361,1.18606,33319
2021-07-13 00:00:00,1.18593,1.18752,1.18411,1.18498,22060
2021-07-13 12:00:00,1.18498,1.1851,1.17724,1.17765,47108
2021-07-14 00:00:00,1.17761,1.17994,1.17719,1.17838,25762
2021-07-14 12:00:00,1.17839,1.18388,1.17757,1.18358,45039
2021-07-15 00:00:00,1.18349,1.18506,1.18213,1.1849,29908
2021-07-15 12:00:00,1.18489,1.18497,1.17962,1.18118,44173
2021-07-16 00:00:00,1.18118,1.18195,1.17969,1.18182,27738
2021-07-16 12:00:00,1.18182,1.18224,1.17921,1.18055,43034
2021-07-19 00:00:00,1.18054,1.18138,1.17654,1.17732,27143
2021-07-19 12:00:00,1.17732,1.18243,1.1764000000000001,1.17987,53814
2021-07-20 00:00:00,1.1798,1.18022,1.17723,1.17878,27094
2021-07-20 12:00:00,1.17878,1.18025,1.17558,1.17805,43472
2021-07-21 00:00:00,1.1779600000000001,1.17832,1.17519,1.17794,21583
2021-07-21 12:00:00,1.17795,1.18047,1.17599,1.17946,34936
2021-07-22 00:00:00,1.17907,1.1802,1.17792,1.17967,19211
2021-07-22 12:00:00,1.17967,1.18303,1.17575,1.17707,45601
2021-07-23 00:00:00,1.17705,1.17865,1.17605,1.1774499999999999,20517
2021-07-23 12:00:00,1.17746,1.17811,1.17544,1.17689,28573
2021-07-26 00:00:00,1.17677,1.18,1.17635,1.1784,22811
2021-07-26 12:00:00,1.17839,1.18173,1.17792,1.18029,31049
2021-07-27 00:00:00,1.1803,1.18122,1.1770100000000001,1.17779,28001
2021-07-27 12:00:00,1.17776,1.18411,1.17746,1.18165,36420
2021-07-28 00:00:00,1.18159,1.18302,1.18023,1.18288,17994
2021-07-28 12:00:00,1.18289,1.18494,1.17721,1.18441,46213
2021-07-29 00:00:00,1.18431,1.18796,1.18402,1.18766,21186
2021-07-29 12:00:00,1.18767,1.18927,1.1869399999999999,1.18865,27858
2021-07-30 00:00:00,1.18858,1.19075,1.18749,1.19065,19262
2021-07-30 12:00:00,1.19066,1.19087,1.18517,1.1873,34980
2021-08-02 00:00:00,1.18641,1.18885,1.1859,1.18848,17625
2021-08-02 12:00:00,1.18848,1.18969,1.1865,1.18688,29386
2021-08-03 00:00:00,1.1867,1.18854,1.1865999999999999,1.1884000000000001,21936
2021-08-03 12:00:00,1.1884000000000001,1.18933,1.18537,1.18637,27752
2021-08-04 00:00:00,1.18631,1.188,1.18421,1.1851099999999999,16610
2021-08-04 12:00:00,1.1851099999999999,1.18997,1.1832799999999999,1.18367,31781
2021-08-05 00:00:00,1.1836,1.18496,1.18298,1.18373,16476
2021-08-05 12:00:00,1.18374,1.1857199999999999,1.18282,1.18327,30525
2021-08-06 00:00:00,1.18324,1.18357,1.18075,1.18109,14219
2021-08-06 12:00:00,1.18109,1.18127,1.17544,1.17611,33248
2021-08-09 00:00:00,1.17568,1.17666,1.17423,1.17547,20412
2021-08-09 12:00:00,1.17547,1.1769,1.17349,1.17362,26669
2021-08-10 00:00:00,1.17358,1.17429,1.1726,1.17322,16068
2021-08-10 12:00:00,1.17321,1.17321,1.17098,1.17203,25783
2021-08-11 00:00:00,1.17184,1.17254,1.17061,1.1712500000000001,14090
2021-08-11 12:00:00,1.1712500000000001,1.1754,1.17085,1.17388,31351
2021-08-12 00:00:00,1.1738,1.17482,1.17329,1.1746699999999999,14145
2021-08-12 12:00:00,1.17466,1.17472,1.17237,1.17296,22743
2021-08-13 00:00:00,1.1729,1.17428,1.17281,1.17424,11589
2021-08-13 12:00:00,1.17426,1.18048,1.17405,1.17962,23786
2021-08-16 00:00:00,1.17941,1.18007,1.17788,1.17871,13174
2021-08-16 12:00:00,1.17872,1.17905,1.17675,1.17768,24314
2021-08-17 00:00:00,1.1776200000000001,1.17845,1.17602,1.1777199999999999,18194
2021-08-17 12:00:00,1.17775,1.17776,1.17081,1.17081,31876
2021-08-18 00:00:00,1.17088,1.17294,1.17019,1.17203,15198
2021-08-18 12:00:00,1.17201,1.17425,1.16937,1.17108,33613
2021-08-19 00:00:00,1.17087,1.17176,1.16657,1.16867,25437
2021-08-19 12:00:00,1.16868,1.17041,1.16726,1.16756,34188
2021-08-20 00:00:00,1.1675200000000001,1.16893,1.16709,1.16742,16644
2021-08-20 12:00:00,1.16742,1.17045,1.1663999999999999,1.16996,26210
2021-08-23 00:00:00,1.16897,1.1732,1.16897,1.1731,17498
2021-08-23 12:00:00,1.1730800000000001,1.17503,1.17153,1.1745700000000001,24640
2021-08-24 00:00:00,1.17449,1.17485,1.17273,1.17287,14379
2021-08-24 12:00:00,1.17286,1.1764999999999999,1.17279,1.17555,25807
2021-08-25 00:00:00,1.17537,1.17596,1.17324,1.17512,15729
2021-08-25 12:00:00,1.17513,1.17743,1.1726,1.17716,29521
2021-08-26 00:00:00,1.17706,1.17746,1.17567,1.17592,16518
2021-08-26 12:00:00,1.17592,1.1779,1.17459,1.17515,33095
2021-08-27 00:00:00,1.17514,1.17714,1.17421,1.1751,15512
2021-08-27 12:00:00,1.17509,1.18026,1.17349,1.1795499999999999,39038
2021-08-30 00:00:00,1.17926,1.18099,1.17892,1.17988,14795
2021-08-30 12:00:00,1.1798899999999999,1.1804000000000001,1.17829,1.17962,21429
2021-08-31 00:00:00,1.17961,1.18316,1.17939,1.18202,16676
2021-08-31 12:00:00,1.18203,1.1844999999999999,1.17967,1.18083,39816
2021-09-01 00:00:00,1.18078,1.18167,1.17936,1.18139,18743
2021-09-01 12:00:00,1.18138,1.1857199999999999,1.18114,1.18384,31399
2021-09-02 00:00:00,1.18374,1.18517,1.18344,1.18457,14447
2021-09-02 12:00:00,1.18457,1.18759,1.18366,1.18744,27557
2021-09-03 00:00:00,1.18739,1.1884299999999999,1.18696,1.18746,14060
2021-09-03 12:00:00,1.18747,1.19091,1.1865700000000001,1.18772,39166
2021-09-06 00:00:00,1.18768,1.18862,1.18606,1.1864,12968
2021-09-06 12:00:00,1.18639,1.18716,1.18557,1.18701,16915
2021-09-07 00:00:00,1.18675,1.18852,1.18596,1.18761,19604
2021-09-07 12:00:00,1.1876,1.18804,1.18373,1.18402,34945
2021-09-08 00:00:00,1.18356,1.18512,1.1816200000000001,1.18216,23186
2021-09-08 12:00:00,1.18218,1.183,1.18022,1.1815,41570
2021-09-09 00:00:00,1.18125,1.18361,1.18113,1.18337,22776
2021-09-09 12:00:00,1.18337,1.18413,1.18053,1.18244,45788
2021-09-10 00:00:00,1.18229,1.1851,1.18187,1.18478,16990
2021-09-10 12:00:00,1.1847699999999999,1.18479,1.18091,1.18107,35660
2021-09-13 00:00:00,1.18143,1.18148,1.17747,1.1789399999999999,21827
2021-09-13 12:00:00,1.17895,1.18171,1.17702,1.18103,29988
2021-09-14 00:00:00,1.18092,1.18299,1.18056,1.18212,18687
2021-09-14 12:00:00,1.18213,1.1846,1.18001,1.18025,39803
2021-09-15 00:00:00,1.1801300000000001,1.18287,1.17991,1.18261,22496
2021-09-15 12:00:00,1.18262,1.18319,1.18033,1.18165,35577
2021-09-16 00:00:00,1.18153,1.1820599999999999,1.1772,1.17725,20732
2021-09-16 12:00:00,1.17725,1.17778,1.17506,1.17652,37551
2021-09-17 00:00:00,1.17675,1.17849,1.17587,1.1777199999999999,19804
2021-09-17 12:00:00,1.17773,1.17888,1.17242,1.1724999999999999,36409
2021-09-20 00:00:00,1.17272,1.17303,1.17053,1.17097,20003
2021-09-20 12:00:00,1.17097,1.17363,1.17004,1.17257,38441
2021-09-21 00:00:00,1.17248,1.17401,1.17183,1.1734,20897
2021-09-21 12:00:00,1.17339,1.17486,1.17149,1.17252,37617
2021-09-22 00:00:00,1.1724,1.17376,1.17166,1.17341,21651
2021-09-22 12:00:00,1.17342,1.17555,1.16843,1.16866,50920
2021-09-23 00:00:00,1.1686,1.17292,1.16835,1.1721,25142
2021-09-23 12:00:00,1.17209,1.1750099999999999,1.17113,1.17381,43394
2021-09-24 00:00:00,1.17379,1.17476,1.1731,1.17361,21796
2021-09-24 12:00:00,1.17361,1.17381,1.17007,1.17206,29605
2021-09-27 00:00:00,1.17255,1.17255,1.16848,1.16896,21200
2021-09-27 12:00:00,1.16896,1.17105,1.16893,1.16952,36607
2021-09-28 00:00:00,1.1694,1.17032,1.16721,1.16806,14323
2021-09-28 12:00:00,1.16807,1.17011,1.16682,1.16826,50470
2021-09-29 00:00:00,1.16825,1.16901,1.16566,1.16637,27158
2021-09-29 12:00:00,1.16637,1.16714,1.15894,1.1596899999999999,41806
2021-09-30 00:00:00,1.15963,1.16097,1.15915,1.16041,18321
2021-09-30 12:00:00,1.16041,1.16067,1.15626,1.15769,50196
2021-10-01 00:00:00,1.1574,1.15912,1.1562999999999999,1.15786,25985
2021-10-01 12:00:00,1.15786,1.16075,1.15725,1.15927,40792
2021-10-04 00:00:00,1.15922,1.1616,1.15876,1.16125,22307
2021-10-04 12:00:00,1.16126,1.164,1.16079,1.16193,32683
2021-10-05 00:00:00,1.16184,1.16216,1.159,1.15987,19557
2021-10-05 12:00:00,1.15987,1.16131,1.15806,1.15972,30976
2021-10-06 00:00:00,1.1595900000000001,1.16019,1.1551,1.15521,23613
2021-10-06 12:00:00,1.15521,1.15594,1.15292,1.15556,39781
2021-10-07 00:00:00,1.15538,1.15706,1.1549,1.15603,19355
2021-10-07 12:00:00,1.15602,1.15723,1.1547399999999999,1.15527,31256
2021-10-08 00:00:00,1.15526,1.15598,1.15414,1.1553499999999999,19467
2021-10-08 12:00:00,1.1553499999999999,1.15861,1.15531,1.15736,40503
2021-10-11 00:00:00,1.15659,1.15867,1.15635,1.157,20509
2021-10-11 12:00:00,1.157,1.1583700000000001,1.15487,1.15517,25976
2021-10-12 00:00:00,1.15522,1.15702,1.15473,1.15617,20206
2021-10-12 12:00:00,1.15618,1.15672,1.15242,1.15295,37592
2021-10-13 00:00:00,1.15294,1.15602,1.1525,1.15565,21373
2021-10-13 12:00:00,1.15565,1.15973,1.15363,1.1594,46229
2021-10-14 00:00:00,1.15903,1.16188,1.15876,1.1616,23011
2021-10-14 12:00:00,1.1616,1.16245,1.15838,1.1595900000000001,33577
2021-10-15 00:00:00,1.15947,1.16186,1.1588,1.16033,23083
2021-10-15 12:00:00,1.16033,1.16121,1.15887,1.15981,38103
2021-10-18 00:00:00,1.15976,1.1604700000000001,1.15717,1.15806,26790
2021-10-18 12:00:00,1.15807,1.16224,1.15767,1.16097,36764
2021-10-19 00:00:00,1.16088,1.16611,1.16074,1.1660300000000001,26590
2021-10-19 12:00:00,1.1660300000000001,1.16692,1.1629800000000001,1.1632500000000001,33959
2021-10-20 00:00:00,1.16304,1.16521,1.1617,1.16262,26859
2021-10-20 12:00:00,1.1626,1.16586,1.1621299999999999,1.16505,34915
2021-10-21 00:00:00,1.16478,1.16675,1.1634,1.16418,26839
2021-10-21 12:00:00,1.16418,1.1651799999999999,1.16192,1.1623999999999999,38350
2021-10-22 00:00:00,1.16197,1.16466,1.16194,1.16412,23758
2021-10-22 12:00:00,1.16412,1.16554,1.16219,1.16437,41414
2021-10-25 00:00:00,1.1638,1.1665,1.16355,1.16498,25852
2021-10-25 12:00:00,1.16498,1.16499,1.15907,1.1608100000000001,33873
2021-10-26 00:00:00,1.16076,1.16132,1.15941,1.16085,21535
2021-10-26 12:00:00,1.16084,1.16257,1.1585,1.15957,33440
2021-10-27 00:00:00,1.15955,1.16133,1.15849,1.1595,22774
2021-10-27 12:00:00,1.15949,1.16257,1.15848,1.16026,43779
2021-10-28 00:00:00,1.16023,1.1614200000000001,1.15831,1.15902,25338
2021-10-28 12:00:00,1.15902,1.1692,1.15824,1.16801,57476
2021-10-29 00:00:00,1.16781,1.16901,1.1649,1.16505,31525
2021-10-29 12:00:00,1.16511,1.16568,1.15353,1.1562000000000001,50644
2021-11-01 00:00:00,1.15626,1.1575199999999999,1.1546,1.15658,21457
2021-11-01 12:00:00,1.15658,1.1609,1.15647,1.16041,29882
2021-11-02 00:00:00,1.16028,1.16132,1.1586,1.15989,21784
2021-11-02 12:00:00,1.15989,1.16077,1.15747,1.1578,34542
2021-11-03 00:00:00,1.1577,1.15979,1.15747,1.15927,16645
2021-11-03 12:00:00,1.15927,1.16161,1.15621,1.16131,52884
2021-11-04 00:00:00,1.1611,1.16162,1.1547399999999999,1.15529,22234
2021-11-04 12:00:00,1.15528,1.15731,1.15284,1.15539,43025
2021-11-05 00:00:00,1.15537,1.1562999999999999,1.15393,1.15426,24130
2021-11-05 12:00:00,1.15425,1.1573,1.15134,1.15665,43993
2021-11-08 00:00:00,1.15597,1.1576,1.15503,1.15614,24924
2021-11-08 12:00:00,1.15614,1.1595,1.15552,1.1586400000000001,29631
2021-11-09 00:00:00,1.1584,1.16066,1.15771,1.1593499999999999,26063
2021-11-09 12:00:00,1.15934,1.16086,1.15697,1.15929,41231
2021-11-10 00:00:00,1.1590799999999999,1.15953,1.1558,1.15774,25540
2021-11-10 12:00:00,1.15775,1.15812,1.14756,1.14783,60415
2021-11-11 00:00:00,1.14774,1.14876,1.14539,1.14632,24140
2021-11-11 12:00:00,1.1463,1.14772,1.14429,1.14495,29587
2021-11-12 00:00:00,1.14484,1.1456,1.14361,1.14428,23187
2021-11-12 12:00:00,1.1442700000000001,1.14623,1.14328,1.1442700000000001,34422
2021-11-15 00:00:00,1.14456,1.14641,1.14369,1.14485,22765
2021-11-15 12:00:00,1.14484,1.14566,1.13562,1.13672,41517
2021-11-16 00:00:00,1.13666,1.13855,1.1358,1.13613,27075
2021-11-16 12:00:00,1.13613,1.1374900000000001,1.1308799999999999,1.13194,48634
2021-11-17 00:00:00,1.13184,1.13267,1.12632,1.13125,35114
2021-11-17 12:00:00,1.13125,1.13324,1.12933,1.13187,41885
2021-11-18 00:00:00,1.13177,1.13399,1.13138,1.13318,28641
2021-11-18 12:00:00,1.13318,1.13741,1.13267,1.13704,41117
2021-11-19 00:00:00,1.13686,1.13724,1.12826,1.12996,28580
2021-11-19 12:00:00,1.12996,1.13222,1.12498,1.12829,61626
2021-11-22 00:00:00,1.12884,1.12898,1.12601,1.1280000000000001,33809
2021-11-22 12:00:00,1.1280000000000001,1.12901,1.12307,1.12364,47858
2021-11-23 00:00:00,1.12362,1.1275,1.1226,1.1259299999999999,31218
2021-11-23 12:00:00,1.1259299999999999,1.12714,1.12344,1.12474,50323
2021-11-24 00:00:00,1.12461,1.12554,1.12054,1.12082,32766
2021-11-24 12:00:00,1.12081,1.12201,1.1186099999999999,1.11982,53717
2021-11-25 00:00:00,1.1196,1.12265,1.11954,1.1223,17297
2021-11-25 12:00:00,1.12228,1.12299,1.12046,1.12083,30939
2021-11-26 00:00:00,1.1206,1.12791,1.12044,1.12648,52895
2021-11-26 12:00:00,1.12648,1.13303,1.1258,1.13215,60676
2021-11-29 00:00:00,1.13002,1.13112,1.12603,1.12862,34897
2021-11-29 12:00:00,1.12862,1.12949,1.12584,1.12902,40107
2021-11-30 00:00:00,1.12883,1.13666,1.12825,1.13634,37717
2021-11-30 12:00:00,1.1364,1.1383,1.12354,1.1338,71028
2021-12-01 00:00:00,1.1335,1.13597,1.13025,1.13255,35701
2021-12-01 12:00:00,1.13253,1.13577,1.13091,1.13193,54158
2021-12-02 00:00:00,1.1317599999999999,1.13394,1.13073,1.13244,24406
2021-12-02 12:00:00,1.13244,1.1347800000000001,1.12952,1.13006,51460
2021-12-03 00:00:00,1.12996,1.13073,1.12816,1.12975,22533
2021-12-03 12:00:00,1.12975,1.13335,1.12666,1.13083,64018
2021-12-06 00:00:00,1.12995,1.13104,1.1274899999999999,1.12974,22102
2021-12-06 12:00:00,1.12974,1.131,1.12665,1.12847,35511
2021-12-07 00:00:00,1.12821,1.1298300000000001,1.12534,1.12744,22055
2021-12-07 12:00:00,1.12745,1.12778,1.12274,1.12671,37885
2021-12-08 00:00:00,1.12658,1.12955,1.12633,1.12848,20614
2021-12-08 12:00:00,1.12848,1.1354899999999999,1.12668,1.1341700000000001,50929
2021-12-09 00:00:00,1.13418,1.13449,1.13154,1.13191,20718
2021-12-09 12:00:00,1.13192,1.13235,1.12784,1.12924,40886
2021-12-10 00:00:00,1.12919,1.1302699999999999,1.12803,1.12824,18537
2021-12-10 12:00:00,1.12823,1.13243,1.12649,1.13162,40765
2021-12-13 00:00:00,1.13077,1.1319,1.12599,1.12681,18453
2021-12-13 12:00:00,1.12681,1.13071,1.12626,1.12842,35943
2021-12-14 00:00:00,1.12807,1.13042,1.12663,1.1301,18569
2021-12-14 12:00:00,1.13011,1.1323699999999999,1.12537,1.12583,36008
2021-12-15 00:00:00,1.12575,1.12774,1.1253199999999999,1.12717,16306
2021-12-15 12:00:00,1.12717,1.12992,1.1221700000000001,1.12919,54951
2021-12-16 00:00:00,1.1290499999999999,1.1319,1.12811,1.13131,22066
2021-12-16 12:00:00,1.13132,1.13602,1.12903,1.13296,50662
2021-12-17 00:00:00,1.13296,1.13489,1.1317300000000001,1.13345,22785
2021-12-17 12:00:00,1.13345,1.13345,1.12344,1.12372,40508
2021-12-20 00:00:00,1.12356,1.12741,1.12341,1.1262,24697
2021-12-20 12:00:00,1.1262,1.1304,1.1257,1.12769,36069
2021-12-21 00:00:00,1.12743,1.1302699999999999,1.12729,1.12951,19755
2021-12-21 12:00:00,1.12951,1.13015,1.12609,1.12822,34686
2021-12-22 00:00:00,1.1282,1.12941,1.12642,1.12826,18111
2021-12-22 12:00:00,1.12827,1.13423,1.12812,1.13258,34755
2021-12-23 00:00:00,1.13246,1.13422,1.13106,1.13207,14917
2021-12-23 12:00:00,1.13204,1.13378,1.12902,1.13263,34513
2021-12-24 00:00:00,1.1326,1.13415,1.1304400000000001,1.13405,20837
2021-12-24 12:00:00,1.13405,1.13435,1.13062,1.13197,32662
2021-12-27 00:00:00,1.13023,1.13342,1.13023,1.1308799999999999,15201
2021-12-27 12:00:00,1.13086,1.13315,1.13035,1.13264,22490
2021-12-28 00:00:00,1.1326,1.13314,1.13156,1.13303,13105
2021-12-28 12:00:00,1.13303,1.1333,1.12894,1.13079,26932
2021-12-29 00:00:00,1.13079,1.13141,1.12732,1.12801,15935
2021-12-29 12:00:00,1.12799,1.13687,1.12781,1.13477,35296
2021-12-30 00:00:00,1.13445,1.13599,1.12996,1.13016,16240
2021-12-30 12:00:00,1.13016,1.1344400000000001,1.12988,1.13256,34074
2021-12-31 00:00:00,1.13244,1.13363,1.13033,1.13281,11149
2021-12-31 12:00:00,1.13282,1.13861,1.13119,1.13755,28114
2022-01-03 00:00:00,1.13693,1.13778,1.13349,1.13518,16651
2022-01-03 12:00:00,1.13518,1.1366100000000001,1.12795,1.12971,37162
2022-01-04 00:00:00,1.12961,1.13094,1.1283,1.13022,22607
2022-01-04 12:00:00,1.13022,1.13226,1.12723,1.12862,39918
2022-01-05 00:00:00,1.12852,1.13111,1.12765,1.1306,16513
2022-01-05 12:00:00,1.13059,1.13466,1.13018,1.13135,44776
2022-01-06 00:00:00,1.13111,1.13204,1.12846,1.13055,22879
2022-01-06 12:00:00,1.13053,1.13316,1.12862,1.12976,44372
2022-01-07 00:00:00,1.1296,1.1317300000000001,1.12901,1.1314899999999999,13608
2022-01-07 12:00:00,1.1314899999999999,1.13647,1.1292200000000001,1.1359,36228
2022-01-10 00:00:00,1.1355,1.13599,1.13206,1.1326100000000001,17178
2022-01-10 12:00:00,1.13264,1.13364,1.12853,1.13252,36279
2022-01-11 00:00:00,1.1323,1.13517,1.13189,1.13335,16968
2022-01-11 12:00:00,1.13336,1.13753,1.13131,1.13666,32418
2022-01-12 00:00:00,1.13655,1.13781,1.13552,1.1367099999999999,13291
2022-01-12 12:00:00,1.13672,1.14528,1.13545,1.14411,38581
2022-01-13 00:00:00,1.14402,1.14784,1.14357,1.14714,15420
2022-01-13 12:00:00,1.14714,1.14817,1.14472,1.14539,37658
2022-01-14 00:00:00,1.14531,1.14829,1.14512,1.14583,20086
2022-01-14 12:00:00,1.14583,1.14612,1.13987,1.14151,39796
2022-01-17 00:00:00,1.14117,1.1434199999999999,1.14002,1.1424,14198
2022-01-17 12:00:00,1.1424,1.14266,1.1391499999999999,1.14062,20413
2022-01-18 00:00:00,1.14062,1.14216,1.13848,1.13947,26227
2022-01-18 12:00:00,1.13947,1.13996,1.13147,1.13258,42136
2022-01-19 00:00:00,1.13249,1.13482,1.13163,1.13401,21037
2022-01-19 12:00:00,1.13401,1.13569,1.13329,1.1342,37137
2022-01-20 00:00:00,1.1339299999999999,1.13689,1.1339299999999999,1.13476,19599
2022-01-20 12:00:00,1.13476,1.1357599999999999,1.13031,1.13108,39849
2022-01-21 00:00:00,1.13092,1.13452,1.1301,1.1339299999999999,22642
2022-01-21 12:00:00,1.1339299999999999,1.13597,1.13255,1.13421,37805
2022-01-24 00:00:00,1.13371,1.13447,1.13098,1.13252,20512
2022-01-24 12:00:00,1.13253,1.13351,1.12906,1.13254,50250
2022-01-25 00:00:00,1.13226,1.1328,1.1284399999999999,1.12879,21877
2022-01-25 12:00:00,1.12879,1.13069,1.12632,1.13006,41366
2022-01-26 00:00:00,1.12991,1.13108,1.12833,1.12868,18477
2022-01-26 12:00:00,1.12868,1.13006,1.12354,1.12405,56592
2022-01-27 00:00:00,1.12404,1.12431,1.11931,1.11965,30226
2022-01-27 12:00:00,1.11965,1.12012,1.11313,1.11444,53606
2022-01-28 00:00:00,1.11428,1.11558,1.11214,1.11326,25771
2022-01-28 12:00:00,1.11326,1.11737,1.11254,1.11469,52636
2022-01-31 00:00:00,1.11406,1.11823,1.11378,1.1175,23612
2022-01-31 12:00:00,1.1175,1.12477,1.11462,1.12333,50716
2022-02-01 00:00:00,1.12315,1.12694,1.12208,1.12612,26337
2022-02-01 12:00:00,1.12612,1.12786,1.12345,1.12718,46566
2022-02-02 00:00:00,1.12715,1.12942,1.12667,1.1293199999999999,19039
2022-02-02 12:00:00,1.12931,1.13301,1.12897,1.13035,42104
2022-02-03 00:00:00,1.13018,1.13081,1.12839,1.12842,20330
2022-02-03 12:00:00,1.12842,1.14513,1.12665,1.14392,76920
2022-02-04 00:00:00,1.14389,1.14719,1.14311,1.1463,31279
2022-02-04 12:00:00,1.1463,1.14836,1.14116,1.14514,65385
2022-02-07 00:00:00,1.14573,1.14614,1.14151,1.14231,29278
2022-02-07 12:00:00,1.14232,1.1458599999999999,1.1416,1.14419,47222
2022-02-08 00:00:00,1.14411,1.14486,1.13958,1.14059,27000
2022-02-08 12:00:00,1.14057,1.14335,1.14002,1.14163,40506
2022-02-09 00:00:00,1.14127,1.14325,1.14025,1.14265,20228
2022-02-09 12:00:00,1.14265,1.14479,1.14202,1.14233,39743
2022-02-10 00:00:00,1.1421000000000001,1.14462,1.1413,1.14431,20535
2022-02-10 12:00:00,1.14431,1.1495,1.13748,1.14275,78148
2022-02-11 00:00:00,1.14263,1.14291,1.13699,1.1386,31836
2022-02-11 12:00:00,1.1386,1.1418,1.13297,1.13477,78260
2022-02-14 00:00:00,1.13376,1.1368800000000001,1.13036,1.13116,37863
2022-02-14 12:00:00,1.13116,1.13424,1.1280000000000001,1.13058,70865
2022-02-15 00:00:00,1.13032,1.135,1.1299,1.13463,31863
2022-02-15 12:00:00,1.13463,1.13683,1.13202,1.13582,55217
2022-02-16 00:00:00,1.13568,1.13951,1.13448,1.13775,23693
2022-02-16 12:00:00,1.13776,1.13955,1.13532,1.1372200000000001,53742
2022-02-17 00:00:00,1.13713,1.13857,1.13229,1.13614,44901
2022-02-17 12:00:00,1.13614,1.13794,1.1350500000000001,1.13608,53938
2022-02-18 00:00:00,1.1358,1.13769,1.13565,1.13708,25111
2022-02-18 12:00:00,1.13709,1.13724,1.1313900000000001,1.13227,51399
2022-02-21 00:00:00,1.13145,1.13907,1.13125,1.13636,24053
2022-02-21 12:00:00,1.13636,1.13668,1.13064,1.13093,31932
2022-02-22 00:00:00,1.1307,1.13367,1.12878,1.13193,39383
2022-02-22 12:00:00,1.13194,1.1367,1.13185,1.13241,63524
2022-02-23 00:00:00,1.13246,1.13588,1.13161,1.13554,20553
2022-02-23 12:00:00,1.13554,1.13582,1.13012,1.13051,43886
2022-02-24 00:00:00,1.13023,1.13086,1.12081,1.12112,69147
2022-02-24 12:00:00,1.12111,1.12211,1.11063,1.11919,102028
2022-02-25 00:00:00,1.11908,1.12286,1.11695,1.11815,45821
2022-02-25 12:00:00,1.11816,1.12735,1.11659,1.12716,67691
2022-02-28 00:00:00,1.11295,1.12,1.11245,1.11781,68512
2022-02-28 12:00:00,1.11778,1.12464,1.11777,1.12178,69956
2022-03-01 00:00:00,1.12177,1.12331,1.11899,1.11963,31816
2022-03-01 12:00:00,1.11962,1.11985,1.10897,1.11229,82365
2022-03-02 00:00:00,1.11248,1.11353,1.10589,1.10821,43769
2022-03-02 12:00:00,1.10821,1.1143399999999999,1.10574,1.11184,85879
2022-03-03 00:00:00,1.1116,1.11205,1.10718,1.10798,33766
2022-03-03 12:00:00,1.10798,1.10968,1.10332,1.10659,65959
2022-03-04 00:00:00,1.10651,1.10679,1.10084,1.10141,53670
2022-03-04 12:00:00,1.10142,1.1019700000000001,1.08852,1.09305,75696
2022-03-07 00:00:00,1.09255,1.09295,1.08209,1.08582,70629
2022-03-07 12:00:00,1.08582,1.09324,1.0806,1.08533,95807
2022-03-08 00:00:00,1.08511,1.09217,1.08471,1.08876,58748
2022-03-08 12:00:00,1.08876,1.09583,1.08654,1.0901399999999999,100093
2022-03-09 00:00:00,1.0896,1.0973,1.08896,1.09702,38998
2022-03-09 12:00:00,1.09702,1.10961,1.09418,1.1075,77646
2022-03-10 00:00:00,1.1072899999999999,1.10799,1.10263,1.1041,44094
2022-03-10 12:00:00,1.10411,1.11213,1.09758,1.09859,81595
2022-03-11 00:00:00,1.09845,1.1019,1.09601,1.09677,39487
2022-03-11 12:00:00,1.09674,1.10434,1.09021,1.09137,73791
2022-03-14 00:00:00,1.09155,1.099,1.09004,1.09824,43852
2022-03-14 12:00:00,1.09821,1.09938,1.0935,1.09447,59329
2022-03-15 00:00:00,1.09416,1.102,1.09304,1.10048,50584
2022-03-15 12:00:00,1.10048,1.10049,1.0926,1.09489,61549
2022-03-16 00:00:00,1.09491,1.10053,1.09491,1.09868,39833
2022-03-16 12:00:00,1.09868,1.1047,1.095,1.1031,88266
2022-03-17 00:00:00,1.10305,1.1067,1.10071,1.10541,35665
2022-03-17 12:00:00,1.10541,1.11376,1.10231,1.10901,50059
2022-03-18 00:00:00,1.1089,1.11186,1.10532,1.10573,35114
2022-03-18 12:00:00,1.10573,1.1072,1.10031,1.10503,56353
2022-03-21 00:00:00,1.10504,1.10702,1.10345,1.10571,19129
2022-03-21 12:00:00,1.10571,1.10584,1.10102,1.10188,50509
2022-03-22 00:00:00,1.10176,1.10251,1.0961,1.09964,38222
2022-03-22 12:00:00,1.09964,1.10458,1.09872,1.10294,47532
2022-03-23 00:00:00,1.10279,1.10427,1.09885,1.09971,31787
2022-03-23 12:00:00,1.0997,1.1012,1.09641,1.10066,45548
2022-03-24 00:00:00,1.10052,1.10134,1.09721,1.09881,33544
2022-03-24 12:00:00,1.09879,1.10135,1.0965799999999999,1.09982,50156
2022-03-25 00:00:00,1.09959,1.1038000000000001,1.09959,1.10053,34674
2022-03-25 12:00:00,1.10053,1.10247,1.09809,1.09854,48322
2022-03-28 00:00:00,1.09842,1.09997,1.09447,1.09909,43897
2022-03-28 12:00:00,1.09909,1.09994,1.09464,1.09859,60291
2022-03-29 00:00:00,1.09834,1.10183,1.0969,1.09852,41085
2022-03-29 12:00:00,1.09852,1.11371,1.09751,1.10858,85372
2022-03-30 00:00:00,1.1085099999999999,1.11564,1.10792,1.11564,52684
2022-03-30 12:00:00,1.11563,1.1171,1.11115,1.11575,57061
2022-03-31 00:00:00,1.11579,1.11848,1.11128,1.11295,41506
2022-03-31 12:00:00,1.11296,1.11325,1.10613,1.10665,69391
2022-04-01 00:00:00,1.10656,1.10757,1.10429,1.10604,35816
2022-04-01 12:00:00,1.10603,1.10671,1.10283,1.10447,49958
2022-04-04 00:00:00,1.10336,1.10543,1.10191,1.10222,26858
2022-04-04 12:00:00,1.10222,1.10321,1.09608,1.09715,42463
2022-04-05 00:00:00,1.09688,1.09886,1.0962,1.09681,27545
2022-04-05 12:00:00,1.0968,1.09851,1.09,1.09041,47359
2022-04-06 00:00:00,1.09029,1.0927,1.08741,1.09231,33813
2022-04-06 12:00:00,1.0923,1.09381,1.08788,1.08956,63786
2022-04-07 00:00:00,1.08956,1.09339,1.08757,1.08783,29886
2022-04-07 12:00:00,1.08783,1.09382,1.08649,1.08777,58379
2022-04-08 00:00:00,1.08764,1.08824,1.08479,1.08669,32283
2022-04-08 12:00:00,1.08668,1.08921,1.08364,1.08747,44905
2022-04-11 00:00:00,1.09159,1.09195,1.0874,1.09074,35404
2022-04-11 12:00:00,1.09074,1.09333,1.08729,1.08829,42064
2022-04-12 00:00:00,1.08825,1.08872,1.08536,1.08618,33013
2022-04-12 12:00:00,1.08618,1.09035,1.08216,1.08269,65329
2022-04-13 00:00:00,1.08256,1.08449,1.08111,1.08371,30091
2022-04-13 12:00:00,1.08371,1.08942,1.0809,1.08902,53882
2022-04-14 00:00:00,1.08897,1.09233,1.08733,1.09083,28321
2022-04-14 12:00:00,1.09083,1.09179,1.07576,1.08286,72299
2022-04-15 00:00:00,1.08278,1.08303,1.07961,1.08186,34696
2022-04-15 12:00:00,1.08186,1.08203,1.0804,1.08113,21939
2022-04-18 00:00:00,1.07994,1.08213,1.07829,1.07922,24575
2022-04-18 12:00:00,1.07919,1.08147,1.07702,1.0781,28390
2022-04-19 00:00:00,1.07805,1.08141,1.07612,1.08108,33292
2022-04-19 12:00:00,1.08109,1.08114,1.0782,1.07877,48210
2022-04-20 00:00:00,1.07876,1.08413,1.07827,1.08396,34789
2022-04-20 12:00:00,1.08395,1.08667,1.08208,1.08539,53503
2022-04-21 00:00:00,1.08496,1.09364,1.08239,1.09212,39171
2022-04-21 12:00:00,1.09213,1.09254,1.08299,1.08336,59860
2022-04-22 00:00:00,1.08368,1.08519,1.07904,1.07978,37020
2022-04-22 12:00:00,1.07978,1.0845,1.07707,1.08009,57036
2022-04-25 00:00:00,1.08071,1.08145,1.07065,1.0745,49119
2022-04-25 12:00:00,1.0745,1.07584,1.06965,1.07125,73151
2022-04-26 00:00:00,1.07106,1.07388,1.06727,1.06813,39805
2022-04-26 12:00:00,1.06813,1.06973,1.06353,1.06372,55665
2022-04-27 00:00:00,1.06363,1.06547,1.05854,1.05886,44418
2022-04-27 12:00:00,1.05884,1.06228,1.05144,1.05573,72914
2022-04-28 00:00:00,1.05571,1.05646,1.04815,1.05163,56291
2022-04-28 12:00:00,1.05163,1.05386,1.04709,1.04983,77799
2022-04-29 00:00:00,1.04976,1.05927,1.04906,1.05689,38550
2022-04-29 12:00:00,1.05692,1.05804,1.05101,1.0546,72835
2022-05-02 00:00:00,1.05421,1.05681,1.05103,1.05287,37443
2022-05-02 12:00:00,1.05287,1.05415,1.04902,1.05072,54428
2022-05-03 00:00:00,1.0507,1.05277,1.04944,1.05005,32000
2022-05-03 12:00:00,1.05004,1.05775,1.04922,1.05202,57550
2022-05-04 00:00:00,1.05186,1.05347,1.0506,1.05218,24141
2022-05-04 12:00:00,1.05221,1.0630600000000001,1.05108,1.06219,85666
2022-05-05 00:00:00,1.06196,1.06419,1.05813,1.06004,40879
2022-05-05 12:00:00,1.06004,1.06076,1.04928,1.0541,89647
2022-05-06 00:00:00,1.05413,1.05802,1.04828,1.0557,53183
2022-05-06 12:00:00,1.0557,1.05987,1.05366,1.05439,93674
2022-05-09 00:00:00,1.05387,1.05425,1.04954,1.05077,44350
2022-05-09 12:00:00,1.05077,1.05925,1.0505,1.0557,79300
2022-05-10 00:00:00,1.0557,1.05851,1.0551,1.0572300000000001,50334
2022-05-10 12:00:00,1.05721,1.05755,1.05257,1.05281,76713
2022-05-11 00:00:00,1.05281,1.05743,1.0524,1.05677,35345
2022-05-11 12:00:00,1.05677,1.0577,1.05017,1.05092,99052
2022-05-12 00:00:00,1.05092,1.05291,1.04402,1.04407,52462
2022-05-12 12:00:00,1.04407,1.04465,1.0354,1.03779,86941
2022-05-13 00:00:00,1.03779,1.04196,1.03731,1.04079,40442
2022-05-13 12:00:00,1.04079,1.04161,1.03494,1.04077,57404
2022-05-16 00:00:00,1.03959,1.04344,1.03887,1.04328,37677
2022-05-16 12:00:00,1.04328,1.0443,1.039,1.04311,43793
2022-05-17 00:00:00,1.0431,1.04921,1.04276,1.04905,31033
2022-05-17 12:00:00,1.04906,1.0556,1.04686,1.05465,64954
2022-05-18 00:00:00,1.05465,1.05639,1.04946,1.05095,32379
2022-05-18 12:00:00,1.05095,1.05418,1.04599,1.04609,55548
2022-05-19 00:00:00,1.04609,1.05091,1.0459,1.04952,39456
2022-05-19 12:00:00,1.04951,1.06073,1.04874,1.05854,75875
2022-05-20 00:00:00,1.05816,1.05935,1.05542,1.05754,35808
2022-05-20 12:00:00,1.05752,1.0599,1.05328,1.05582,57892
2022-05-23 00:00:00,1.05601,1.06485,1.05561,1.06447,36216
2022-05-23 12:00:00,1.06455,1.06975,1.06443,1.06881,52952
2022-05-24 00:00:00,1.06878,1.07362,1.0661100000000001,1.0705,33437
2022-05-24 12:00:00,1.0705,1.07489,1.0695999999999999,1.07333,63090
2022-05-25 00:00:00,1.07329,1.07382,1.06667,1.06698,34078
2022-05-25 12:00:00,1.06695,1.06947,1.06418,1.0679,62720
2022-05-26 00:00:00,1.06775,1.07066,1.06627,1.06824,35087
2022-05-26 12:00:00,1.06824,1.0731,1.06795,1.07239,49185
2022-05-27 00:00:00,1.07239,1.07651,1.07139,1.07305,29194
2022-05-27 12:00:00,1.07304,1.07502,1.06974,1.07309,47576
2022-05-30 00:00:00,1.07326,1.07701,1.07243,1.07633,26927
2022-05-30 12:00:00,1.07633,1.07869,1.07485,1.0778,28096
2022-05-31 00:00:00,1.07756,1.07788,1.07254,1.07282,34531
2022-05-31 12:00:00,1.07286,1.07466,1.06791,1.07326,71007
2022-06-01 00:00:00,1.0732,1.0739,1.07054,1.0718,34171
2022-06-01 12:00:00,1.07177,1.07308,1.06272,1.06484,57785
2022-06-02 00:00:00,1.06453,1.06954,1.06405,1.06842,25172
2022-06-02 12:00:00,1.06839,1.0749900000000001,1.06807,1.07463,48682
2022-06-03 00:00:00,1.07443,1.07638,1.07345,1.07537,22315
2022-06-03 12:00:00,1.07537,1.07559,1.07039,1.07165,50480
2022-06-06 00:00:00,1.07146,1.07516,1.071,1.0751,19658
2022-06-06 12:00:00,1.0751,1.07513,1.06841,1.06955,40637
2022-06-07 00:00:00,1.0695000000000001,1.07047,1.06654,1.06796,39180
2022-06-07 12:00:00,1.06797,1.0714299999999999,1.06523,1.07049,49076
2022-06-08 00:00:00,1.07036,1.07073,1.06761,1.06792,30521
2022-06-08 12:00:00,1.06791,1.07485,1.06715,1.07157,50902
2022-06-09 00:00:00,1.07154,1.07335,1.06943,1.07152,29649
2022-06-09 12:00:00,1.07153,1.07739,1.06107,1.06159,78868
2022-06-10 00:00:00,1.06142,1.06424,1.06075,1.06149,33508
2022-06-10 12:00:00,1.06148,1.0618,1.0506,1.05207,76016
2022-06-13 00:00:00,1.05137,1.05195,1.04564,1.04753,43133
2022-06-13 12:00:00,1.04752,1.04819,1.03996,1.04076,82770
2022-06-14 00:00:00,1.04078,1.04848,1.03969,1.04654,50106
2022-06-14 12:00:00,1.04655,1.04683,1.03998,1.04151,86947
2022-06-15 00:00:00,1.0414,1.05076,1.03995,1.04943,59775
2022-06-15 12:00:00,1.04943,1.04976,1.0359099999999999,1.0443,113351
2022-06-16 00:00:00,1.04412,1.04691,1.03811,1.04092,63012
2022-06-16 12:00:00,1.04093,1.06009,1.03838,1.05483,114326
2022-06-17 00:00:00,1.05454,1.05602,1.04937,1.05202,67409
2022-06-17 12:00:00,1.05202,1.05359,1.04447,1.04962,82982
2022-06-20 00:00:00,1.04747,1.0543,1.04727,1.05244,45116
2022-06-20 12:00:00,1.0524499999999999,1.05457,1.04979,1.05104,37824
2022-06-21 00:00:00,1.05104,1.0579,1.05053,1.05781,39157
2022-06-21 12:00:00,1.05781,1.05824,1.05187,1.05318,59623
2022-06-22 00:00:00,1.05299,1.05387,1.04691,1.0507900000000001,49948
2022-06-22 12:00:00,1.0507900000000001,1.06054,1.05043,1.05678,67844
2022-06-23 00:00:00,1.05631,1.05812,1.04827,1.04939,59948
2022-06-23 12:00:00,1.04939,1.05538,1.04904,1.05215,87586
2022-06-24 00:00:00,1.05225,1.05465,1.05119,1.05445,38067
2022-06-24 12:00:00,1.05444,1.05711,1.05144,1.05534,65468
2022-06-27 00:00:00,1.05456,1.05911,1.05456,1.05841,47382
2022-06-27 12:00:00,1.05841,1.06149,1.05537,1.05829,61970
2022-06-28 00:00:00,1.05817,1.06058,1.05705,1.05919,51891
2022-06-28 12:00:00,1.05919,1.05969,1.05033,1.0518,69887
2022-06-29 00:00:00,1.0517,1.05353,1.04857,1.05107,52830
2022-06-29 12:00:00,1.05107,1.05352,1.04352,1.04411,75253
2022-06-30 00:00:00,1.04394,1.04688,1.04299,1.04411,50875
2022-06-30 12:00:00,1.04413,1.04891,1.03823,1.04827,83619
2022-07-01 00:00:00,1.04826,1.04854,1.04329,1.04587,56411
2022-07-01 12:00:00,1.04587,1.04742,1.03657,1.04261,82131
2022-07-04 00:00:00,1.04146,1.04443,1.04146,1.04376,43873
2022-07-04 12:00:00,1.04377,1.04627,1.04169,1.04221,38290
2022-07-05 00:00:00,1.04198,1.04488,1.03057,1.03072,55538
2022-07-05 12:00:00,1.03073,1.03248,1.02349,1.02656,84776
2022-07-06 00:00:00,1.02641,1.02769,1.0226,1.02445,57938
2022-07-06 12:00:00,1.02445,1.02447,1.01618,1.0181,99950
2022-07-07 00:00:00,1.01797,1.02213,1.01762,1.01979,51452
2022-07-07 12:00:00,1.01979,1.02176,1.01441,1.01587,74609
2022-07-08 00:00:00,1.01564,1.01912,1.00717,1.01137,54266
2022-07-08 12:00:00,1.01137,1.01905,1.01051,1.01831,77435
2022-07-11 00:00:00,1.01696,1.01831,1.01056,1.01185,46125
2022-07-11 12:00:00,1.01184,1.01255,1.00337,1.00396,73596
2022-07-12 00:00:00,1.00396,1.00554,1.00021,1.00102,62960
2022-07-12 12:00:00,1.00102,1.00739,0.99996,1.00365,76978
2022-07-13 00:00:00,1.00346,1.00531,1.00062,1.00369,52311
2022-07-13 12:00:00,1.00369,1.01222,0.99977,1.00574,97781
2022-07-14 00:00:00,1.00551,1.00598,1.00052,1.00202,58321
2022-07-14 12:00:00,1.00202,1.00505,0.99522,1.00178,106763
2022-07-15 00:00:00,1.00154,1.00409,1.0007,1.00311,46142
2022-07-15 12:00:00,1.0031,1.00981,1.00285,1.00854,75543
2022-07-18 00:00:00,1.00816,1.01491,1.00734,1.01307,45594
2022-07-18 12:00:00,1.01307,1.02014,1.01195,1.01418,71660
2022-07-19 00:00:00,1.01408,1.02532,1.01193,1.02437,52043
2022-07-19 12:00:00,1.0244,1.02694,1.02202,1.02247,83501
2022-07-20 00:00:00,1.02245,1.02729,1.02191,1.02317,40346
2022-07-20 12:00:00,1.02316,1.02529,1.01552,1.01803,83889
2022-07-21 00:00:00,1.01766,1.02307,1.01703,1.01913,54572
2022-07-21 12:00:00,1.01914,1.02783,1.01535,1.023,101742
2022-07-22 00:00:00,1.02282,1.02306,1.01299,1.01532,53432
2022-07-22 12:00:00,1.01532,1.02553,1.01432,1.02109,94447
2022-07-25 00:00:00,1.02116,1.02288,1.01785,1.02222,54872
2022-07-25 12:00:00,1.02219,1.0258,1.02032,1.02188,70948
2022-07-26 00:00:00,1.02185,1.02502,1.02023,1.02079,40093
2022-07-26 12:00:00,1.0208,1.02083,1.01077,1.01155,74251
2022-07-27 00:00:00,1.01134,1.01586,1.011,1.01419,37820
2022-07-27 12:00:00,1.01419,1.0221,1.00964,1.01975,86551
2022-07-28 00:00:00,1.02003,1.02344,1.01802,1.02175,53138
2022-07-28 12:00:00,1.02176,1.02176,1.01142,1.01963,88860
2022-07-29 00:00:00,1.01956,1.02542,1.0187,1.02219,53410
2022-07-29 12:00:00,1.02216,1.02456,1.01461,1.02258,77795
2022-08-01 00:00:00,1.02075,1.02677,1.02052,1.0256,46588
2022-08-01 12:00:00,1.0256,1.02752,1.02252,1.02617,74978
2022-08-02 00:00:00,1.02603,1.02936,1.02153,1.0241,61394
2022-08-02 12:00:00,1.02406,1.02457,1.0163,1.01655,87689
2022-08-03 00:00:00,1.01653,1.0193699999999999,1.01501,1.01878,49925
2022-08-03 12:00:00,1.0188,1.02104,1.01229,1.01661,80572
2022-08-04 00:00:00,1.01672,1.01941,1.01539,1.01917,40844
2022-08-04 12:00:00,1.01917,1.02539,1.01605,1.02447,78854
2022-08-05 00:00:00,1.02437,1.02518,1.02183,1.02238,33274
2022-08-05 12:00:00,1.02239,1.02387,1.01416,1.01776,75808
2022-08-08 00:00:00,1.01711,1.02151,1.01594,1.01921,37187
2022-08-08 12:00:00,1.0192,1.02219,1.01729,1.01943,56543
2022-08-09 00:00:00,1.01945,1.02447,1.01884,1.02396,28622
2022-08-09 12:00:00,1.02394,1.02475,1.02026,1.02126,50042
2022-08-10 00:00:00,1.02122,1.0226,1.02021,1.02224,27321
2022-08-10 12:00:00,1.02224,1.03688,1.02172,1.02988,89559
2022-08-11 00:00:00,1.02983,1.03413,1.02757,1.0341,48370
2022-08-11 12:00:00,1.03411,1.03645,1.03096,1.03194,77857
2022-08-12 00:00:00,1.03174,1.03273,1.02882,1.03023,35799
2022-08-12 12:00:00,1.03024,1.03084,1.02385,1.0256,62615
2022-08-15 00:00:00,1.02545,1.02684,1.02,1.02071,34798
2022-08-15 12:00:00,1.02072,1.02233,1.01544,1.01596,56549
2022-08-16 00:00:00,1.01579,1.01699,1.01341,1.01386,40200
2022-08-16 12:00:00,1.01388,1.01949,1.01224,1.01702,59178
2022-08-17 00:00:00,1.01698,1.01867,1.01494,1.01741,41648
2022-08-17 12:00:00,1.01741,1.02031,1.01457,1.01807,77152
2022-08-18 00:00:00,1.01776,1.0193,1.01461,1.0167,37402
2022-08-18 12:00:00,1.01673,1.01883,1.00792,1.00875,66288
2022-08-19 00:00:00,1.00866,1.00955,1.00695,1.00887,35703
2022-08-19 12:00:00,1.00887,1.00892,1.00321,1.00393,53207
2022-08-22 00:00:00,1.00348,1.00466,0.99889,1.00138,39587
2022-08-22 12:00:00,1.00138,1.00185,0.99263,0.9943,57588
2022-08-23 00:00:00,0.99423,0.99501,0.99004,0.99324,47051
2022-08-23 12:00:00,0.99323,1.00179,0.99128,0.99695,72013
2022-08-24 00:00:00,0.99682,0.99734,0.99346,0.99462,36474
2022-08-24 12:00:00,0.99462,0.9999,0.99101,0.99662,68807
2022-08-25 00:00:00,0.9964,1.00334,0.99605,1.00072,44427
2022-08-25 12:00:00,1.00074,1.00113,0.99491,0.99743,62011
2022-08-26 00:00:00,0.99724,0.99915,0.99465,0.99891,35446
2022-08-26 12:00:00,0.99891,1.00901,0.99567,0.99646,85897
2022-08-29 00:00:00,0.99645,0.99656,0.99143,0.99385,45375
2022-08-29 12:00:00,0.99385,1.00293,0.9938,0.99972,73106
2022-08-30 00:00:00,0.99927,1.00342,0.9982,1.0025,42569
2022-08-30 12:00:00,1.0025,1.00549,0.99826,1.00137,79711
2022-08-31 00:00:00,1.00122,1.0046,0.99741,0.99793,38897
2022-08-31 12:00:00,0.99794,1.0079,0.99714,1.00545,85990
2022-09-01 00:00:00,1.0051,1.00545,1.00079,1.00371,47693
2022-09-01 12:00:00,1.00369,1.00469,0.9911,0.99442,77481
2022-09-02 00:00:00,0.99442,0.99966,0.99404,0.99729,36522
2022-09-02 12:00:00,0.99729,1.00338,0.99452,0.99571,86848
2022-09-05 00:00:00,0.99282,0.99372,0.98778,0.99112,54710
2022-09-05 12:00:00,0.99113,0.99443,0.99071,0.9931,37197
2022-09-06 00:00:00,0.99245,0.99865,0.99133,0.99581,56751
2022-09-06 12:00:00,0.99581,0.99604,0.9864,0.99031,83612
2022-09-07 00:00:00,0.99031,0.99301,0.9877,0.99066,46486
2022-09-07 12:00:00,0.99068,1.00107,0.98756,1.00057,72168
2022-09-08 00:00:00,0.99969,1.00146,0.99762,0.99979,44583
2022-09-08 12:00:00,0.99979,1.003,0.99308,0.99983,95873
2022-09-09 00:00:00,0.99983,1.01134,0.99915,1.01073,46775
2022-09-09 12:00:00,1.01072,1.01073,1.00322,1.00455,63650
2022-09-12 00:00:00,1.01017,1.01979,1.00597,1.01919,47987
2022-09-12 12:00:00,1.01919,1.01919,1.01044,1.01211,66636
2022-09-13 00:00:00,1.01207,1.01563,1.01178,1.01545,33139
2022-09-13 12:00:00,1.01544,1.01873,0.99663,0.99686,85458
2022-09-14 00:00:00,0.99674,1.00098,0.99551,0.99915,54740
2022-09-14 12:00:00,0.99912,1.00236,0.99692,0.99814,77312
2022-09-15 00:00:00,0.99781,0.99956,0.99556,0.99924,24248
2022-09-15 12:00:00,0.99924,1.00181,0.99691,0.99966,65518
2022-09-16 00:00:00,0.99975,1.00121,0.99444,0.9955,31961
2022-09-16 12:00:00,0.9955,1.00367,0.99533,1.00129,70146
2022-09-19 00:00:00,1.00043,1.00291,0.99659,0.99761,20725
2022-09-19 12:00:00,0.99759,1.00275,0.99668,1.0024,57876
2022-09-20 00:00:00,1.00197,1.00506,1.00003,1.00101,31730
2022-09-20 12:00:00,1.001,1.00188,0.99549,0.99711,68465
2022-09-21 00:00:00,0.99697,0.99753,0.98842,0.9902,38427
2022-09-21 12:00:00,0.9902,0.99377,0.98127,0.98372,86884
2022-09-22 00:00:00,0.98362,0.99074,0.98075,0.98792,58431
2022-09-22 12:00:00,0.9879,0.98879,0.9812,0.98395,95493
2022-09-23 00:00:00,0.98283,0.9852,0.97509,0.97528,32037
2022-09-23 12:00:00,0.97528,0.9775,0.96678,0.9688,95139
2022-09-26 00:00:00,0.96714,0.9709,0.95524,0.9685,78160
2022-09-26 12:00:00,0.9685,0.96977,0.95994,0.96087,119100
2022-09-27 00:00:00,0.96084,0.96711,0.95834,0.96242,46738
2022-09-27 12:00:00,0.96241,0.96527,0.95691,0.95924,107143
2022-09-28 00:00:00,0.95923,0.96006,0.95357,0.95562,57498
2022-09-28 12:00:00,0.95567,0.97509,0.95379,0.97347,130375
2022-09-29 00:00:00,0.97315,0.97365,0.96355,0.96655,52975
2022-09-29 12:00:00,0.96646,0.98151,0.96638,0.98147,119318
2022-09-30 00:00:00,0.98144,0.98539,0.979,0.98328,59896
2022-09-30 12:00:00,0.98335,0.98379,0.97348,0.9799,114762
2022-10-03 00:00:00,0.97747,0.98344,0.97746,0.98109,54058
2022-10-03 12:00:00,0.98108,0.98447,0.97526,0.98246,96443
2022-10-04 00:00:00,0.98239,0.98959,0.9806,0.9875,46176
2022-10-04 12:00:00,0.98747,0.99996,0.98527,0.99842,98006
2022-10-05 00:00:00,0.99835,0.99949,0.99229,0.99475,47645
2022-10-05 12:00:00,0.99474,0.99519,0.98345,0.98752,89347
2022-10-06 00:00:00,0.98747,0.99263,0.98629,0.98886,48798
2022-10-06 12:00:00,0.98887,0.99026,0.97881,0.97911,112113
2022-10-07 00:00:00,0.97879,0.98168,0.97657,0.98018,41766
2022-10-07 12:00:00,0.98017,0.98111,0.97259,0.97381,95307
2022-10-10 00:00:00,0.97312,0.97533,0.96819,0.96885,50769
2022-10-10 12:00:00,0.96887,0.97455,0.96847,0.97029,87538
2022-10-11 00:00:00,0.97005,0.97249,0.96706,0.97077,67332
2022-10-11 12:00:00,0.97078,0.97747,0.96908,0.97075,101194
2022-10-12 00:00:00,0.9705,0.97343,0.96826,0.97038,66918
2022-10-12 12:00:00,0.97039,0.97204,0.96678,0.97023,91771
2022-10-13 00:00:00,0.9701,0.97221,0.96854,0.97141,41915
2022-10-13 12:00:00,0.97142,0.98061,0.96314,0.97774,139089
2022-10-14 00:00:00,0.97717,0.98082,0.97448,0.97504,48365
2022-10-14 12:00:00,0.97506,0.97998,0.9707,0.97234,112265
2022-10-17 00:00:00,0.97184,0.97571,0.97176,0.97386,62661
2022-10-17 12:00:00,0.97388,0.98522,0.97296,0.98408,83068
2022-10-18 00:00:00,0.98387,0.98738,0.98232,0.98286,60399
2022-10-18 12:00:00,0.98286,0.98757,0.98127,0.98576,96290
2022-10-19 00:00:00,0.98545,0.98724,0.98123,0.98171,56869
2022-10-19 12:00:00,0.98171,0.98241,0.97574,0.97722,88752
2022-10-20 00:00:00,0.97713,0.97947,0.97544,0.97817,61483
2022-10-20 12:00:00,0.97817,0.98456,0.9773,0.97862,98827
2022-10-21 00:00:00,0.97843,0.98025,0.97529,0.97563,53295
2022-10-21 12:00:00,0.97563,0.98692,0.9705,0.98626,142039
2022-10-24 00:00:00,0.98619,0.98992,0.98168,0.9835,87095
2022-10-24 12:00:00,0.9835,0.98938,0.9807,0.98737,101627
2022-10-25 00:00:00,0.98712,0.98986,0.98527,0.98572,58578
2022-10-25 12:00:00,0.98572,0.99769,0.98482,0.99644,85953
2022-10-26 00:00:00,0.9962,1.00449,0.99433,1.00385,58149
2022-10-26 12:00:00,1.00383,1.00889,0.99958,1.00826,97732
2022-10-27 00:00:00,1.00746,1.00933,1.00543,1.00602,45785
2022-10-27 12:00:00,1.00601,1.00628,0.99574,0.99634,101231
2022-10-28 00:00:00,0.99631,0.99981,0.99265,0.99407,50182
2022-10-28 12:00:00,0.9941,0.99899,0.99289,0.99657,83845
2022-10-31 00:00:00,0.99554,0.99659,0.99143,0.99464,42487
2022-10-31 12:00:00,0.99465,0.99465,0.98711,0.98827,65744
2022-11-01 00:00:00,0.98827,0.9948,0.98808,0.99341,48337
2022-11-01 12:00:00,0.9934,0.9954,0.98531,0.98748,83218
2022-11-02 00:00:00,0.98741,0.9907,0.98693,0.9905,44600
2022-11-02 12:00:00,0.9905,0.99761,0.98128,0.98169,89156
2022-11-03 00:00:00,0.98149,0.98398,0.97475,0.97534,49722
2022-11-03 12:00:00,0.97534,0.9795,0.97302,0.97491,85953
2022-11-04 00:00:00,0.97492,0.97963,0.97421,0.97755,48669
2022-11-04 12:00:00,0.97755,0.99667,0.97513,0.99594,106826
2022-11-07 00:00:00,0.99007,1.00073,0.98987,0.99856,61370
2022-11-07 12:00:00,0.99856,1.00341,0.99659,1.00217,76906
2022-11-08 00:00:00,1.00169,1.00311,0.99717,1.00035,41715
2022-11-08 12:00:00,1.00036,1.00964,0.99853,1.00729,73267
2022-11-09 00:00:00,1.00715,1.00882,1.00405,1.0047,48532
2022-11-09 12:00:00,1.0047,1.00863,0.99927,1.0012,93283
2022-11-10 00:00:00,1.00094,1.0043,0.99596,0.99612,44534
2022-11-10 12:00:00,0.99612,1.0222,0.99355,1.02093,123109
2022-11-11 00:00:00,1.02062,1.02739,1.01629,1.02692,68767
2022-11-11 12:00:00,1.02692,1.03642,1.02541,1.0352999999999999,96268
2022-11-14 00:00:00,1.03393,1.03507,1.0298,1.03127,65511
2022-11-14 12:00:00,1.03126,1.03588,1.02714,1.0326,85111
2022-11-15 00:00:00,1.03256,1.04181,1.03122,1.04005,57819
2022-11-15 12:00:00,1.0406,1.04819,1.02801,1.03482,139318
2022-11-16 00:00:00,1.03466,1.04254,1.03305,1.042,75524
2022-11-16 12:00:00,1.042,1.04387,1.0354700000000001,1.03941,90241
2022-11-17 00:00:00,1.03933,1.04067,1.03567,1.03635,47807
2022-11-17 12:00:00,1.03636,1.03702,1.03053,1.03636,88222
2022-11-18 00:00:00,1.03583,1.0396,1.03423,1.03817,49735
2022-11-18 12:00:00,1.03818,1.03867,1.03134,1.032,69975
2022-11-21 00:00:00,1.03195,1.03332,1.02261,1.02268,52396
2022-11-21 12:00:00,1.02269,1.02628,1.02228,1.02406,66687
2022-11-22 00:00:00,1.02384,1.02866,1.02375,1.02689,45531
2022-11-22 12:00:00,1.02687,1.03082,1.0254,1.03035,59925
2022-11-23 00:00:00,1.03012,1.03488,1.02978,1.03251,38826
2022-11-23 12:00:00,1.03251,1.04052,1.02963,1.03941,83981
2022-11-24 00:00:00,1.03941,1.04485,1.03918,1.04194,43067
2022-11-24 12:00:00,1.04194,1.04293,1.03819,1.04114,45886
2022-11-25 00:00:00,1.04067,1.04293,1.03822,1.03936,43198
2022-11-25 12:00:00,1.03937,1.04217,1.03548,1.03939,58917
2022-11-28 00:00:00,1.03664,1.04567,1.03411,1.04477,56051
2022-11-28 12:00:00,1.04477,1.04969,1.03302,1.03381,78145
2022-11-29 00:00:00,1.03368,1.03941,1.0334,1.03649,53655
2022-11-29 12:00:00,1.03645,1.03935,1.03199,1.03287,77121
2022-11-30 00:00:00,1.03276,1.03816,1.03185,1.03581,33196
2022-11-30 12:00:00,1.03581,1.04288,1.02899,1.04055,106469
2022-12-01 00:00:00,1.0408,1.0464,1.0393,1.04415,49828
2022-12-01 12:00:00,1.04414,1.05335,1.04176,1.05247,97876
2022-12-02 00:00:00,1.05194,1.05449,1.05049,1.05299,47084
2022-12-02 12:00:00,1.05301,1.05447,1.04281,1.05407,92667
2022-12-05 00:00:00,1.05306,1.05848,1.05296,1.05593,42639
2022-12-05 12:00:00,1.05593,1.0594999999999999,1.04803,1.04908,73936
2022-12-06 00:00:00,1.04914,1.05187,1.04757,1.04942,44565
2022-12-06 12:00:00,1.04936,1.05329,1.04593,1.04642,71401
2022-12-07 00:00:00,1.04641,1.04844,1.04431,1.04759,41102
2022-12-07 12:00:00,1.0476,1.05498,1.04727,1.05036,81998
2022-12-08 00:00:00,1.05031,1.05308,1.04895,1.04948,36901
2022-12-08 12:00:00,1.04948,1.05651,1.04909,1.05523,68466
2022-12-09 00:00:00,1.05536,1.05881,1.05466,1.05573,37766
2022-12-09 12:00:00,1.05576,1.05688,1.05043,1.05334,73549
2022-12-12 00:00:00,1.05276,1.05649,1.05058,1.05595,37822
2022-12-12 12:00:00,1.05594,1.05803,1.05108,1.05378,60839
2022-12-13 00:00:00,1.05351,1.05607,1.05288,1.05431,36647
2022-12-13 12:00:00,1.05431,1.06734,1.0528,1.06319,103294
2022-12-14 00:00:00,1.06319,1.0665,1.0619,1.06622,42462
2022-12-14 12:00:00,1.06623,1.06951,1.06204,1.06819,101979
2022-12-15 00:00:00,1.06811,1.06827,1.06057,1.06219,39532
2022-12-15 12:00:00,1.06219,1.07363,1.05922,1.06259,93386
2022-12-16 00:00:00,1.06236,1.06631,1.061,1.06113,39515
2022-12-16 12:00:00,1.06112,1.0648900000000001,1.05849,1.05891,71597
2022-12-19 00:00:00,1.05812,1.0658,1.05812,1.06177,39205
2022-12-19 12:00:00,1.06181,1.06352,1.05756,1.06064,69925
2022-12-20 00:00:00,1.06031,1.06515,1.05788,1.06372,75336
2022-12-20 12:00:00,1.06368,1.06587,1.05939,1.06218,79565
2022-12-21 00:00:00,1.06232,1.06375,1.06067,1.06144,36047
2022-12-21 12:00:00,1.06144,1.06451,1.05904,1.0604,67095
2022-12-22 00:00:00,1.0602800000000001,1.06595,1.0602800000000001,1.06464,33202
2022-12-22 12:00:00,1.06464,1.06564,1.05733,1.05971,70905
2022-12-23 00:00:00,1.05948,1.06308,1.05865,1.06098,31253
2022-12-23 12:00:00,1.06098,1.0633,1.0592,1.06163,68974
2022-12-26 00:00:00,1.06282,1.06308,1.06141,1.06222,1393
2022-12-26 12:00:00,1.06222,1.06366,1.06161,1.06352,3473
2022-12-27 00:00:00,1.06356,1.06676,1.06277,1.06604,20110
2022-12-27 12:00:00,1.06607,1.06696,1.06116,1.0639,43232
2022-12-28 00:00:00,1.06389,1.06546,1.06243,1.06371,29297
2022-12-28 12:00:00,1.06371,1.06744,1.06063,1.06115,55053
2022-12-29 00:00:00,1.06091,1.06583,1.06055,1.06564,25355
2022-12-29 12:00:00,1.06564,1.06904,1.06315,1.0661,64004
2022-12-30 00:00:00,1.06607,1.06747,1.06386,1.06546,30767
2022-12-30 12:00:00,1.06548,1.0713300000000001,1.0645,1.06976,81252
2023-01-02 00:00:00,1.07016,1.07017,1.06636,1.06784,6130
2023-01-02 12:00:00,1.06788,1.06898,1.06499,1.06665,10611
2023-01-03 00:00:00,1.06642,1.0683,1.05339,1.05476,56847
2023-01-03 12:00:00,1.05479,1.05974,1.05196,1.0547,82354
2023-01-04 00:00:00,1.05465,1.06354,1.05402,1.06109,51422
2023-01-04 12:00:00,1.06109,1.06286,1.05812,1.0603,89229
2023-01-05 00:00:00,1.06015,1.06315,1.05902,1.06235,42579
2023-01-05 12:00:00,1.06238,1.0626,1.0515,1.05207,83644
2023-01-06 00:00:00,1.05205,1.05362,1.04968,1.05075,38177
2023-01-06 12:00:00,1.05075,1.06481,1.04832,1.06427,87837
2023-01-09 00:00:00,1.06394,1.06997,1.0636,1.06724,43595
2023-01-09 12:00:00,1.06727,1.07607,1.06614,1.07318,71691
2023-01-10 00:00:00,1.07293,1.07518,1.07204,1.07461,40540
2023-01-10 12:00:00,1.07461,1.07593,1.07121,1.07334,71319
2023-01-11 00:00:00,1.07329,1.07575,1.07252,1.07417,32780
2023-01-11 12:00:00,1.07417,1.07765,1.07282,1.07556,57433
2023-01-12 00:00:00,1.07535,1.07752,1.07427,1.0765500000000001,35420
2023-01-12 12:00:00,1.07654,1.0867,1.07302,1.08515,105818
2023-01-13 00:00:00,1.08497,1.08678,1.08314,1.08426,44539
2023-01-13 12:00:00,1.08425,1.08518,1.07805,1.08323,69314
2023-01-16 00:00:00,1.08295,1.08742,1.08016,1.0821,36888
2023-01-16 12:00:00,1.0821,1.08367,1.0806,1.0821,28883
2023-01-17 00:00:00,1.08197,1.08388,1.0806,1.08172,37733
2023-01-17 12:00:00,1.08174,1.08694,1.07745,1.07876,76273
2023-01-18 00:00:00,1.07879,1.08715,1.07661,1.08699,59825
2023-01-18 12:00:00,1.08699,1.08874,1.07868,1.07936,87962
2023-01-19 00:00:00,1.07903,1.08293,1.07822,1.08249,39079
2023-01-19 12:00:00,1.0825,1.08401,1.07836,1.08294,73931
2023-01-20 00:00:00,1.08291,1.08591,1.08207,1.0831,29568
2023-01-20 12:00:00,1.08311,1.08586,1.08024,1.08557,59850
2023-01-23 00:00:00,1.08622,1.09267,1.0859,1.09118,34824
2023-01-23 12:00:00,1.09118,1.0915300000000001,1.08464,1.08715,64455
2023-01-24 00:00:00,1.08705,1.0898,1.08519,1.08609,25848
2023-01-24 12:00:00,1.08605,1.0889,1.08352,1.08879,60844
2023-01-25 00:00:00,1.08856,1.09113,1.08676,1.08813,28817
2023-01-25 12:00:00,1.08814,1.09236,1.08574,1.09147,60381
2023-01-26 00:00:00,1.09152,1.09294,1.08926,1.08957,27327
2023-01-26 12:00:00,1.08957,1.09177,1.08506,1.08917,57057
2023-01-27 00:00:00,1.0890900000000001,1.09003,1.08657,1.08839,25013
2023-01-27 12:00:00,1.08839,1.08954,1.08378,1.08673,54724
2023-01-30 00:00:00,1.08618,1.09041,1.08531,1.09019,32737
2023-01-30 12:00:00,1.0902,1.09138,1.08393,1.085,52072
2023-01-31 00:00:00,1.0848,1.08601,1.08017,1.08296,30732
2023-01-31 12:00:00,1.08295,1.0875,1.08203,1.0861399999999999,60102
2023-02-01 00:00:00,1.08607,1.08886,1.08523,1.08833,22950
2023-02-01 12:00:00,1.08825,1.1001400000000001,1.08792,1.09886,78698
2023-02-02 00:00:00,1.0987,1.10329,1.09838,1.09987,36454
2023-02-02 12:00:00,1.09987,1.10043,1.08853,1.09099,85862
2023-02-03 00:00:00,1.09081,1.0931,1.0882,1.09301,30240
2023-02-03 12:00:00,1.09299,1.09402,1.07923,1.07932,86007
2023-02-06 00:00:00,1.078,1.07989,1.07652,1.07667,40863
2023-02-06 12:00:00,1.07667,1.07832,1.07095,1.07249,58211
2023-02-07 00:00:00,1.07242,1.0743800000000001,1.06971,1.0711,39222
2023-02-07 12:00:00,1.07109,1.07664,1.06692,1.07267,87935
2023-02-08 00:00:00,1.07233,1.07609,1.07182,1.07553,29683
2023-02-08 12:00:00,1.07553,1.07558,1.07094,1.07129,58472
2023-02-09 00:00:00,1.07095,1.0769,1.07083,1.07638,36029
2023-02-09 12:00:00,1.07638,1.07908,1.07317,1.07386,54642
2023-02-10 00:00:00,1.07361,1.07529,1.07042,1.07068,41415
2023-02-10 12:00:00,1.07067,1.07114,1.06664,1.06782,52693
2023-02-13 00:00:00,1.06803,1.0689899999999999,1.06555,1.06772,32722
2023-02-13 12:00:00,1.06772,1.073,1.06734,1.07243,40590
2023-02-14 00:00:00,1.07188,1.0767,1.07182,1.07615,29639
2023-02-14 12:00:00,1.07614,1.08045,1.07068,1.07352,94486
2023-02-15 00:00:00,1.0735999999999999,1.07445,1.07,1.07258,33675
2023-02-15 12:00:00,1.07257,1.07331,1.06606,1.06864,59291
2023-02-16 00:00:00,1.06862,1.07225,1.06796,1.07005,36731
2023-02-16 12:00:00,1.07005,1.07128,1.06546,1.0671599999999999,68771
2023-02-17 00:00:00,1.0672,1.06742,1.06296,1.0637,31151
2023-02-17 12:00:00,1.06369,1.06985,1.06128,1.06935,56881
2023-02-20 00:00:00,1.06848,1.07047,1.0673,1.0679400000000001,26606
2023-02-20 12:00:00,1.0679400000000001,1.06939,1.06704,1.06853,20127
2023-02-21 00:00:00,1.06837,1.06885,1.0642800000000001,1.06625,32452
2023-02-21 12:00:00,1.06625,1.06983,1.06375,1.06465,54446
2023-02-22 00:00:00,1.06445,1.0664,1.06357,1.06375,33478
2023-02-22 12:00:00,1.06375,1.06605,1.05992,1.06045,62143
2023-02-23 00:00:00,1.06036,1.06278,1.05874,1.0591,24777
2023-02-23 12:00:00,1.05907,1.06211,1.05771,1.05971,60898
2023-02-24 00:00:00,1.05926,1.06143,1.058,1.05858,33254
2023-02-24 12:00:00,1.05857,1.05962,1.05362,1.05446,72376
2023-02-27 00:00:00,1.05459,1.05614,1.0533,1.05512,30604
2023-02-27 12:00:00,1.05512,1.06199,1.05488,1.06096,48354
2023-02-28 00:00:00,1.06084,1.06254,1.05821,1.0606,28640
2023-02-28 12:00:00,1.0606,1.06454,1.05739,1.05741,47801
2023-03-01 00:00:00,1.05751,1.06576,1.05654,1.06424,37030
2023-03-01 12:00:00,1.06423,1.06916,1.064,1.06694,57502
2023-03-02 00:00:00,1.06683,1.06728,1.06192,1.06239,31764
2023-03-02 12:00:00,1.0624,1.06313,1.05765,1.05972,64776
2023-03-03 00:00:00,1.05966,1.06292,1.05936,1.06101,27845
2023-03-03 12:00:00,1.06099,1.06387,1.05884,1.06328,55502
2023-03-06 00:00:00,1.06228,1.06574,1.06217,1.06292,27395
2023-03-06 12:00:00,1.06293,1.06945,1.06222,1.0683,48895
2023-03-07 00:00:00,1.06819,1.06945,1.06557,1.06569,29417
2023-03-07 12:00:00,1.06569,1.0672,1.0546,1.05495,73093
2023-03-08 00:00:00,1.05485,1.0553,1.05244,1.05356,24813
2023-03-08 12:00:00,1.05356,1.0574,1.05292,1.05442,54161
2023-03-09 00:00:00,1.05434,1.05698,1.0538,1.05585,15561
2023-03-09 12:00:00,1.05586,1.05913,1.05526,1.05814,50137
2023-03-10 00:00:00,1.05815,1.06068,1.0574,1.05814,35376
2023-03-10 12:00:00,1.05813,1.07008,1.05778,1.06381,95970
2023-03-13 00:00:00,1.06934,1.07372,1.06626,1.06704,80971
2023-03-13 12:00:00,1.06705,1.07486,1.06504,1.07286,110607
2023-03-14 00:00:00,1.07274,1.07304,1.0679,1.07114,54429
2023-03-14 12:00:00,1.07112,1.07496,1.06981,1.07309,85378
2023-03-15 00:00:00,1.0731,1.07599,1.06657,1.06781,43114
2023-03-15 12:00:00,1.06781,1.06844,1.0516,1.05766,112664
2023-03-16 00:00:00,1.05757,1.06357,1.05731,1.06174,53662
2023-03-16 12:00:00,1.06173,1.06268,1.05507,1.06115,91879
2023-03-17 00:00:00,1.06115,1.06701,1.06081,1.0647,40117
2023-03-17 12:00:00,1.06468,1.06854,1.06122,1.06653,58995
2023-03-20 00:00:00,1.0683,1.0689899999999999,1.06313,1.06745,60537
2023-03-20 12:00:00,1.06745,1.07309,1.06709,1.07177,52407
2023-03-21 00:00:00,1.07177,1.07496,1.07041,1.07462,33714
2023-03-21 12:00:00,1.07462,1.07886,1.07401,1.07667,41563
2023-03-22 00:00:00,1.07667,1.07931,1.07592,1.07867,31258
2023-03-22 12:00:00,1.07867,1.09125,1.07758,1.08574,63186
2023-03-23 00:00:00,1.08574,1.09299,1.08569,1.08858,43027
2023-03-23 12:00:00,1.08858,1.09079,1.08242,1.0832,57557
2023-03-24 00:00:00,1.0832,1.08384,1.07215,1.07258,47425
2023-03-24 12:00:00,1.07258,1.07677,1.07124,1.07601,59787
2023-03-27 00:00:00,1.07706,1.07822,1.07451,1.07667,35680
2023-03-27 12:00:00,1.07666,1.08001,1.07566,1.07977,38002
2023-03-28 00:00:00,1.07974,1.08342,1.07934,1.08123,28320
2023-03-28 12:00:00,1.08123,1.08486,1.08102,1.08444,37092
2023-03-29 00:00:00,1.08454,1.08495,1.08178,1.08329,27348
2023-03-29 12:00:00,1.08329,1.08717,1.08236,1.08444,42414
2023-03-30 00:00:00,1.08432,1.08794,1.08237,1.08732,31454
2023-03-30 12:00:00,1.0874,1.09263,1.08591,1.0905,38563
2023-03-31 00:00:00,1.09044,1.09257,1.0873,1.08895,27241
2023-03-31 12:00:00,1.08893,1.09018,1.08363,1.08429,44052
2023-04-03 00:00:00,1.08398,1.08498,1.07882,1.08429,34251
2023-04-03 12:00:00,1.08428,1.09167,1.08428,1.0903100000000001,44120
2023-04-04 00:00:00,1.09015,1.09384,1.0883,1.09171,27680
2023-04-04 12:00:00,1.09172,1.09733,1.08869,1.0956,45705
2023-04-05 00:00:00,1.09547,1.09696,1.09409,1.09513,25045
2023-04-05 12:00:00,1.09514,1.09668,1.08911,1.09056,43517
2023-04-06 00:00:00,1.09063,1.09173,1.08846,1.08995,23137
2023-04-06 12:00:00,1.08994,1.09377,1.0886,1.09192,32699
2023-04-07 00:00:00,1.09198,1.0924,1.09115,1.09156,8556
2023-04-07 12:00:00,1.09156,1.09218,1.08757,1.08984,15160
2023-04-10 00:00:00,1.0895299999999999,1.09173,1.0891,1.0912,16118
2023-04-10 12:00:00,1.0912,1.09167,1.08313,1.08613,28933
2023-04-11 00:00:00,1.08599,1.09103,1.08458,1.0907,27238
2023-04-11 12:00:00,1.0907,1.09282,1.08962,1.09131,30831
2023-04-12 00:00:00,1.09122,1.09373,1.0906,1.09238,19866
2023-04-12 12:00:00,1.09235,1.10004,1.0919699999999999,1.09914,42041
2023-04-13 00:00:00,1.09903,1.10252,1.09766,1.10148,20174
2023-04-13 12:00:00,1.10148,1.10678,1.10084,1.10473,38095
2023-04-14 00:00:00,1.10462,1.10759,1.10436,1.10591,19891
2023-04-14 12:00:00,1.10591,1.1074,1.09724,1.09946,47865
2023-04-17 00:00:00,1.09886,1.09998,1.09617,1.0965,21999
2023-04-17 12:00:00,1.0965,1.0985,1.09093,1.09287,37291
2023-04-18 00:00:00,1.09269,1.09829,1.09202,1.09812,21716
2023-04-18 12:00:00,1.09812,1.0983,1.0943,1.09723,34045
2023-04-19 00:00:00,1.09728,1.0984,1.09465,1.09554,26224
2023-04-19 12:00:00,1.09552,1.09794,1.09174,1.09558,35591
2023-04-20 00:00:00,1.09545,1.09785,1.0947,1.09714,22329
2023-04-20 12:00:00,1.09715,1.09898,1.09335,1.09698,39405
2023-04-21 00:00:00,1.09698,1.09732,1.09379,1.09596,20476
2023-04-21 12:00:00,1.09596,1.09938,1.09426,1.09894,36751
2023-04-24 00:00:00,1.09885,1.10095,1.09659,1.10086,19184
2023-04-24 12:00:00,1.10086,1.10501,1.09991,1.10446,30824
2023-04-25 00:00:00,1.10457,1.1067,1.10247,1.10397,23234
2023-04-25 12:00:00,1.10398,1.1044100000000001,1.09641,1.09746,36461
2023-04-26 00:00:00,1.0973,1.10431,1.09604,1.10419,25489
2023-04-26 12:00:00,1.1042,1.10956,1.10313,1.10416,48347
2023-04-27 00:00:00,1.10382,1.10635,1.1031900000000001,1.1053,22518
2023-04-27 12:00:00,1.1053,1.10575,1.09922,1.10284,42879
2023-04-28 00:00:00,1.10281,1.10395,1.09768,1.09914,34318
2023-04-28 12:00:00,1.09914,1.1045,1.09624,1.10163,48240
2023-05-01 00:00:00,1.10119,1.10219,1.09915,1.09922,17630
2023-05-01 12:00:00,1.09923,1.10357,1.09644,1.09759,33068
2023-05-02 00:00:00,1.09755,1.10066,1.096,1.09717,24781
2023-05-02 12:00:00,1.09731,1.1008,1.09422,1.09993,39945
2023-05-03 00:00:00,1.09983,1.10469,1.09969,1.10397,19401
2023-05-03 12:00:00,1.10395,1.10916,1.10216,1.106,54527
2023-05-04 00:00:00,1.10606,1.10918,1.10371,1.10401,27406
2023-05-04 12:00:00,1.10403,1.10837,1.09862,1.10138,58807
2023-05-05 00:00:00,1.10105,1.10479,1.10087,1.10283,19388
2023-05-05 12:00:00,1.10283,1.10367,1.09667,1.10182,41042
2023-05-08 00:00:00,1.10226,1.10538,1.10142,1.10362,18450
2023-05-08 12:00:00,1.10366,1.10515,1.10001,1.10043,27494
2023-05-09 00:00:00,1.10033,1.1005,1.09728,1.09789,22106
2023-05-09 12:00:00,1.09789,1.09844,1.09411,1.09604,30281
2023-05-10 00:00:00,1.09606,1.09825,1.0945,1.09521,20345
2023-05-10 12:00:00,1.09518,1.1007,1.09417,1.0983,44639
2023-05-11 00:00:00,1.09818,1.09981,1.09182,1.09285,24892
2023-05-11 12:00:00,1.09286,1.0948,1.09002,1.09165,44564
2023-05-12 00:00:00,1.09149,1.09356,1.09045,1.09135,21812
2023-05-12 12:00:00,1.09135,1.09174,1.08478,1.08498,39430
2023-05-15 00:00:00,1.0853,1.08802,1.08454,1.08686,20099
2023-05-15 12:00:00,1.08686,1.0890900000000001,1.08556,1.08741,30990
2023-05-16 00:00:00,1.0873599999999999,1.08979,1.0863,1.08911,20033
2023-05-16 12:00:00,1.08911,1.09047,1.08549,1.08616,39064
2023-05-17 00:00:00,1.08617,1.0873599999999999,1.08272,1.08291,21425
2023-05-17 12:00:00,1.08288,1.0849199999999999,1.08103,1.08381,38221
2023-05-18 00:00:00,1.08377,1.0848,1.08092,1.08166,20427
2023-05-18 12:00:00,1.08167,1.082,1.07625,1.07711,36330
2023-05-19 00:00:00,1.07686,1.07946,1.07599,1.07882,21776
2023-05-19 12:00:00,1.07882,1.08288,1.07822,1.08048,47383
2023-05-22 00:00:00,1.08045,1.08299,1.07956,1.08104,25323
2023-05-22 12:00:00,1.08103,1.08314,1.07962,1.08131,38511
2023-05-23 00:00:00,1.0811,1.08205,1.07849,1.08033,26098
2023-05-23 12:00:00,1.08033,1.08038,1.07602,1.07709,42548
2023-05-24 00:00:00,1.07693,1.07949,1.07637,1.0777700000000001,28484
2023-05-24 12:00:00,1.0777700000000001,1.08014,1.0748199999999999,1.07505,48245
2023-05-25 00:00:00,1.07486,1.07566,1.07141,1.0723,24787
2023-05-25 12:00:00,1.07229,1.07404,1.07074,1.07251,46466
2023-05-26 00:00:00,1.07242,1.07445,1.0719,1.07317,22533
2023-05-26 12:00:00,1.07315,1.07587,1.07018,1.07258,43446
2023-05-29 00:00:00,1.07178,1.07436,1.07154,1.07241,14869
2023-05-29 12:00:00,1.07239,1.07239,1.07055,1.07093,11943
2023-05-30 00:00:00,1.0708199999999999,1.07264,1.06726,1.07047,28599
2023-05-30 12:00:00,1.07047,1.07467,1.06971,1.07346,43520
2023-05-31 00:00:00,1.0733,1.07356,1.06587,1.06598,27743
2023-05-31 12:00:00,1.06596,1.07053,1.06353,1.06885,49331
2023-06-01 00:00:00,1.06872,1.06974,1.06619,1.06866,24905
2023-06-01 12:00:00,1.06872,1.07686,1.06829,1.07615,41420
2023-06-02 00:00:00,1.07617,1.07791,1.0755,1.07743,18203
2023-06-02 12:00:00,1.07742,1.0777,1.07052,1.0706,40938
2023-06-05 00:00:00,1.07071,1.07091,1.06834,1.06961,31362
2023-06-05 12:00:00,1.06961,1.07225,1.06747,1.07125,30563
2023-06-06 00:00:00,1.07109,1.07329,1.06951,1.06993,22908
2023-06-06 12:00:00,1.06994,1.0701100000000001,1.06671,1.06923,27907
2023-06-07 00:00:00,1.06915,1.07044,1.06683,1.06931,18155
2023-06-07 12:00:00,1.06933,1.07398,1.06902,1.06982,35230
2023-06-08 00:00:00,1.06975,1.073,1.06913,1.07268,18822
2023-06-08 12:00:00,1.07268,1.07871,1.07209,1.07814,34465
2023-06-09 00:00:00,1.07823,1.07851,1.07593,1.07634,17927
2023-06-09 12:00:00,1.07633,1.07842,1.0743,1.07495,30412
2023-06-12 00:00:00,1.07448,1.0784,1.0733,1.07771,23265
2023-06-12 12:00:00,1.07771,1.07902,1.07431,1.07579,30085
2023-06-13 00:00:00,1.07567,1.08083,1.07509,1.08073,21576
2023-06-13 12:00:00,1.08074,1.08236,1.0778,1.07925,42340
2023-06-14 00:00:00,1.07923,1.08048,1.0774,1.0802100000000001,16702
2023-06-14 12:00:00,1.0802100000000001,1.0864,1.07965,1.08308,45605
2023-06-15 00:00:00,1.08303,1.08444,1.08039,1.08329,21925
2023-06-15 12:00:00,1.08329,1.09528,1.08146,1.09454,39479
2023-06-16 00:00:00,1.09425,1.09625,1.09339,1.09505,23304
2023-06-16 12:00:00,1.09505,1.09706,1.09176,1.09406,35334
2023-06-19 00:00:00,1.09273,1.09463,1.09252,1.09295,20715
2023-06-19 12:00:00,1.09296,1.09297,1.09073,1.09225,18779
2023-06-20 00:00:00,1.0919699999999999,1.09463,1.09105,1.0937999999999999,25259
2023-06-20 12:00:00,1.0937999999999999,1.09401,1.08918,1.09178,36509
2023-06-21 00:00:00,1.09176,1.09338,1.09056,1.0925,24207
2023-06-21 12:00:00,1.0925,1.09908,1.09082,1.09856,40694
2023-06-22 00:00:00,1.09856,1.10038,1.0979700000000001,1.0993,19617
2023-06-22 12:00:00,1.09929,1.10122,1.09486,1.09551,40186
2023-06-23 00:00:00,1.09551,1.09586,1.08487,1.0849199999999999,29813
2023-06-23 12:00:00,1.0849199999999999,1.09029,1.08444,1.08898,37561
2023-06-26 00:00:00,1.09047,1.09111,1.08873,1.08921,24579
2023-06-26 12:00:00,1.08919,1.09202,1.08908,1.09053,34103
2023-06-27 00:00:00,1.09052,1.09439,1.09018,1.09395,27532
2023-06-27 12:00:00,1.09396,1.09769,1.09262,1.09599,47288
2023-06-28 00:00:00,1.09603,1.09626,1.09361,1.09529,23550
2023-06-28 12:00:00,1.09529,1.09623,1.08968,1.09124,50775
2023-06-29 00:00:00,1.09123,1.09219,1.08807,1.09143,31769
2023-06-29 12:00:00,1.09146,1.09415,1.08602,1.08631,54420
2023-06-30 00:00:00,1.08632,1.08756,1.08354,1.08386,23958
2023-06-30 12:00:00,1.08386,1.0931899999999999,1.08357,1.0909200000000001,47175
2023-07-03 00:00:00,1.0909,1.09182,1.08702,1.08864,19067
2023-07-03 12:00:00,1.08864,1.0934,1.08762,1.09103,35066
2023-07-04 00:00:00,1.09102,1.09163,1.08921,1.08956,13882
2023-07-04 12:00:00,1.08956,1.0907499999999999,1.08767,1.08784,17746
2023-07-05 00:00:00,1.0879,1.09079,1.08664,1.08881,20651
2023-07-05 12:00:00,1.0888,1.09021,1.0851,1.08534,33849
2023-07-06 00:00:00,1.08533,1.08755,1.08337,1.08641,20907
2023-07-06 12:00:00,1.08643,1.09007,1.08336,1.08883,53211
2023-07-07 00:00:00,1.08853,1.09003,1.08671,1.08776,17559
2023-07-07 12:00:00,1.08776,1.09734,1.08701,1.0968,57143
2023-07-10 00:00:00,1.0959,1.09698,1.09452,1.09648,17481
2023-07-10 12:00:00,1.09648,1.10015,1.09436,1.10007,31006
2023-07-11 00:00:00,1.10008,1.1027,1.09946,1.10027,18843
2023-07-11 12:00:00,1.10027,1.10127,1.09769,1.10079,32471
2023-07-12 00:00:00,1.10074,1.10369,1.09972,1.10223,17593
2023-07-12 12:00:00,1.10222,1.11404,1.1013600000000001,1.11292,57892
2023-07-13 00:00:00,1.1125099999999999,1.11701,1.1125099999999999,1.1161,24777
2023-07-13 12:00:00,1.1161,1.12279,1.11552,1.12252,48679
2023-07-14 00:00:00,1.12257,1.12429,1.12028,1.12313,22445
2023-07-14 12:00:00,1.12313,1.1245,1.12099,1.12303,41289
2023-07-17 00:00:00,1.12288,1.12488,1.12145,1.1238,17477
2023-07-17 12:00:00,1.1238,1.12461,1.12033,1.12314,28938
2023-07-18 00:00:00,1.12314,1.12758,1.12281,1.12369,25860
2023-07-18 12:00:00,1.1237300000000001,1.12698,1.12089,1.1228,50484
2023-07-19 00:00:00,1.12263,1.1237300000000001,1.11958,1.12323,27493
2023-07-19 12:00:00,1.12321,1.12402,1.11744,1.11986,41671
2023-07-20 00:00:00,1.11991,1.1229,1.11941,1.12086,22656
2023-07-20 12:00:00,1.12086,1.12167,1.11185,1.1129,45034
2023-07-21 00:00:00,1.11291,1.11449,1.11216,1.11283,23591
2023-07-21 12:00:00,1.11283,1.11381,1.1108,1.11246,33437
2023-07-24 00:00:00,1.11213,1.1147,1.10653,1.1071,31174
2023-07-24 12:00:00,1.1071,1.1109,1.10603,1.10641,36367
2023-07-25 00:00:00,1.10636,1.10869,1.10526,1.10648,23611
2023-07-25 12:00:00,1.10648,1.10676,1.10206,1.10497,36404
2023-07-26 00:00:00,1.105,1.10777,1.10378,1.10757,20276
2023-07-26 12:00:00,1.10757,1.11065,1.10562,1.10852,56640
2023-07-27 00:00:00,1.10856,1.11393,1.10738,1.11391,23898
2023-07-27 12:00:00,1.11392,1.11497,1.09659,1.09765,86844
2023-07-28 00:00:00,1.09762,1.09913,1.09437,1.0959699999999999,49924
2023-07-28 12:00:00,1.09599,1.10477,1.09564,1.10141,57017
2023-07-31 00:00:00,1.1023,1.10359,1.10054,1.10339,23513
2023-07-31 12:00:00,1.1034,1.10459,1.09932,1.09964,40360
2023-08-01 00:00:00,1.09966,1.10029,1.09702,1.09744,19595
2023-08-01 12:00:00,1.09745,1.09891,1.09525,1.09842,44386
2023-08-02 00:00:00,1.09816,1.10187,1.09756,1.09844,26948
2023-08-02 12:00:00,1.09843,1.09872,1.09178,1.09379,50067
2023-08-03 00:00:00,1.09371,1.09491,1.09124,1.0924800000000001,26401
2023-08-03 12:00:00,1.0924800000000001,1.09628,1.09156,1.0948,54158
2023-08-04 00:00:00,1.0949,1.09616,1.09293,1.09404,16985
2023-08-04 12:00:00,1.09404,1.10421,1.09349,1.10055,61371
2023-08-07 00:00:00,1.10111,1.1016,1.09708,1.09748,19583
2023-08-07 12:00:00,1.09748,1.10118,1.09655,1.10021,33241
2023-08-08 00:00:00,1.10026,1.10112,1.0974,1.09854,21446
2023-08-08 12:00:00,1.09854,1.09865,1.09292,1.09556,39565
2023-08-09 00:00:00,1.09556,1.09888,1.09445,1.09838,18503
2023-08-09 12:00:00,1.09838,1.09954,1.09621,1.09734,30724
2023-08-10 00:00:00,1.09739,1.10265,1.09651,1.10187,20507
2023-08-10 12:00:00,1.10187,1.10653,1.09763,1.09805,72037
2023-08-11 00:00:00,1.09799,1.10032,1.0976,1.09995,15759
2023-08-11 12:00:00,1.09995,1.10049,1.0943100000000001,1.09451,50385
2023-08-14 00:00:00,1.0949200000000001,1.09602,1.09261,1.09463,23805
2023-08-14 12:00:00,1.09463,1.09531,1.08744,1.09052,46710
2023-08-15 00:00:00,1.09028,1.09343,1.09005,1.09278,25952
2023-08-15 12:00:00,1.09278,1.09525,1.08967,1.09043,60724
2023-08-16 00:00:00,1.09042,1.09346,1.08952,1.09283,21094
2023-08-16 12:00:00,1.09283,1.09326,1.08716,1.08788,48259
2023-08-17 00:00:00,1.08789,1.08868,1.0861399999999999,1.08731,22665
2023-08-17 12:00:00,1.0873,1.09185,1.08561,1.08717,69004
2023-08-18 00:00:00,1.08716,1.08938,1.08587,1.08672,27477
2023-08-18 12:00:00,1.08674,1.08815,1.08451,1.08696,56419
2023-08-21 00:00:00,1.08671,1.08899,1.08634,1.0886,23265
2023-08-21 12:00:00,1.0886,1.09137,1.08754,1.08949,52366
2023-08-22 00:00:00,1.08949,1.09305,1.08864,1.091,21136
2023-08-22 12:00:00,1.091,1.09124,1.08329,1.08452,53980
2023-08-23 00:00:00,1.08448,1.08715,1.08115,1.08192,32011
2023-08-23 12:00:00,1.08193,1.08701,1.08026,1.08627,46242
2023-08-24 00:00:00,1.08631,1.08767,1.08522,1.08621,19383
2023-08-24 12:00:00,1.08621,1.08636,1.0805,1.08096,41288
2023-08-25 00:00:00,1.08086,1.0815,1.07661,1.07865,21412
2023-08-25 12:00:00,1.07864,1.0842,1.07656,1.07944,64679
2023-08-28 00:00:00,1.07958,1.08209,1.07928,1.08006,15392
2023-08-28 12:00:00,1.08006,1.08223,1.0799,1.08182,37035
2023-08-29 00:00:00,1.08186,1.08383,1.08081,1.08103,17677
2023-08-29 12:00:00,1.08102,1.0892,1.07822,1.08793,62632
2023-08-30 00:00:00,1.08796,1.0884800000000001,1.08551,1.08673,22601
2023-08-30 12:00:00,1.0867499999999999,1.09455,1.08661,1.09227,62443
2023-08-31 00:00:00,1.09228,1.09394,1.08772,1.08779,23783
2023-08-31 12:00:00,1.08779,1.08851,1.08353,1.08427,64612
2023-09-01 00:00:00,1.08428,1.08597,1.08286,1.08486,23802
2023-09-01 12:00:00,1.08486,1.08818,1.07715,1.07728,80192
2023-09-04 00:00:00,1.07738,1.0807,1.07712,1.07978,17492
2023-09-04 12:00:00,1.07979,1.08089,1.07834,1.07934,18463
2023-09-05 00:00:00,1.07961,1.07983,1.07419,1.07483,26774
2023-09-05 12:00:00,1.07483,1.07571,1.07062,1.07209,58592
2023-09-06 00:00:00,1.0722,1.07479,1.07132,1.07341,26091
2023-09-06 12:00:00,1.07341,1.07489,1.07024,1.07268,57310
2023-09-07 00:00:00,1.07233,1.07318,1.07077,1.07105,20706
2023-09-07 12:00:00,1.07105,1.07179,1.06861,1.06948,52077
2023-09-08 00:00:00,1.06965,1.07283,1.06924,1.07119,22107
2023-09-08 12:00:00,1.07119,1.0743800000000001,1.06942,1.06993,47431
2023-09-11 00:00:00,1.07147,1.07414,1.0698,1.07286,23576
2023-09-11 12:00:00,1.07285,1.07594,1.07155,1.075,42260
2023-09-12 00:00:00,1.07427,1.07688,1.07122,1.07146,20070
2023-09-12 12:00:00,1.07145,1.07647,1.07055,1.07529,40967
2023-09-13 00:00:00,1.07538,1.07647,1.07312,1.07352,21379
2023-09-13 12:00:00,1.07352,1.07618,1.07107,1.07283,65810
2023-09-14 00:00:00,1.07281,1.07522,1.07269,1.0734,18702
2023-09-14 12:00:00,1.0734,1.07473,1.06319,1.0642,81671
2023-09-15 00:00:00,1.06426,1.06689,1.06314,1.06658,22156
2023-09-15 12:00:00,1.06657,1.06879,1.06452,1.06591,50666
2023-09-18 00:00:00,1.06587,1.06778,1.06564,1.0664,16021
2023-09-18 12:00:00,1.0664,1.06989,1.06546,1.06907,37895
2023-09-19 00:00:00,1.06913,1.06965,1.06691,1.06864,16417
2023-09-19 12:00:00,1.06861,1.07181,1.06762,1.0679,41526
2023-09-20 00:00:00,1.06775,1.0697,1.06729,1.06963,18530
2023-09-20 12:00:00,1.06963,1.0737,1.06501,1.06608,61736
2023-09-21 00:00:00,1.06597,1.06639,1.06164,1.06556,27884
2023-09-21 12:00:00,1.06556,1.06736,1.06248,1.06604,62103
2023-09-22 00:00:00,1.0658,1.0668,1.06149,1.06464,27813
2023-09-22 12:00:00,1.06464,1.06718,1.06338,1.0642800000000001,23756
2023-09-25 00:00:00,1.06498,1.06552,1.0624,1.06258,12809
2023-09-25 12:00:00,1.06257,1.06436,1.05753,1.05919,22893
2023-09-26 00:00:00,1.05928,1.06,1.057,1.05959,14530
2023-09-26 12:00:00,1.0596,1.06091,1.05618,1.05719,24007
2023-09-27 00:00:00,1.05682,1.0574,1.05547,1.05598,13109
2023-09-27 12:00:00,1.05599,1.05636,1.04881,1.05015,34670
2023-09-28 00:00:00,1.05009,1.05242,1.04909,1.05167,16790
2023-09-28 12:00:00,1.0517,1.0579,1.05152,1.0564,41934
2023-09-29 00:00:00,1.05646,1.06167,1.05544,1.06094,15740
2023-09-29 12:00:00,1.0609,1.0617,1.05641,1.05735,41949
2023-10-02 00:00:00,1.05651,1.05917,1.05574,1.0562,15145
2023-10-02 12:00:00,1.05619,1.05627,1.04768,1.04768,36878
2023-10-03 00:00:00,1.0477,1.04934,1.04599,1.04853,17209
2023-10-03 12:00:00,1.04851,1.0491,1.0448,1.04655,51126
2023-10-04 00:00:00,1.04665,1.04888,1.04514,1.04861,16135
2023-10-04 12:00:00,1.04862,1.05323,1.04831,1.05037,41645
2023-10-05 00:00:00,1.05061,1.05289,1.05005,1.05043,18102
2023-10-05 12:00:00,1.05043,1.05517,1.05002,1.05489,60946
2023-10-06 00:00:00,1.05399,1.05533,1.05315,1.05483,22309
2023-10-06 12:00:00,1.05483,1.06002,1.04822,1.05852,70401
2023-10-09 00:00:00,1.05491,1.05744,1.05196,1.05417,31658
2023-10-09 12:00:00,1.05417,1.05722,1.05224,1.05657,46520
2023-10-10 00:00:00,1.05605,1.06097,1.05545,1.06045,36635
2023-10-10 12:00:00,1.06043,1.06199,1.05719,1.06052,52577
2023-10-11 00:00:00,1.05952,1.06284,1.05934,1.06086,28935
2023-10-11 12:00:00,1.06085,1.06348,1.05809,1.06182,61114
2023-10-12 00:00:00,1.06198,1.06398,1.0603,1.06265,22337
2023-10-12 12:00:00,1.06264,1.06279,1.05258,1.05272,70141
2023-10-13 00:00:00,1.0528,1.05586,1.05249,1.05539,26525
2023-10-13 12:00:00,1.05539,1.0555,1.04954,1.0507,52494
2023-10-16 00:00:00,1.05084,1.05428,1.05023,1.05406,24665
2023-10-16 12:00:00,1.05404,1.05627,1.05255,1.05592,38783
2023-10-17 00:00:00,1.05599,1.05618,1.05327,1.05356,22052
2023-10-17 12:00:00,1.05362,1.05947,1.05359,1.05769,51469
2023-10-18 00:00:00,1.05765,1.0594,1.05602,1.0582799999999999,23320
2023-10-18 12:00:00,1.0582799999999999,1.05865,1.05229,1.05354,46646
2023-10-19 00:00:00,1.05363,1.0548,1.05281,1.05355,23797
2023-10-19 12:00:00,1.05355,1.06164,1.05349,1.05814,73010
2023-10-20 00:00:00,1.05795,1.0594999999999999,1.05647,1.05876,24540
2023-10-20 12:00:00,1.05876,1.06033,1.05649,1.05931,41159
2023-10-23 00:00:00,1.05918,1.06105,1.05714,1.06025,23172
2023-10-23 12:00:00,1.06025,1.06778,1.0590600000000001,1.06693,44408
2023-10-24 00:00:00,1.06686,1.06947,1.06439,1.06501,28518
2023-10-24 12:00:00,1.06497,1.0651,1.05829,1.05886,45960
2023-10-25 00:00:00,1.05895,1.06065,1.05782,1.05851,23734
2023-10-25 12:00:00,1.0585,1.05955,1.05653,1.05664,46510
2023-10-26 00:00:00,1.05668,1.0569,1.05328,1.05452,24238
2023-10-26 12:00:00,1.05452,1.05645,1.05218,1.05615,50857
2023-10-27 00:00:00,1.05564,1.05698,1.0552,1.05619,18205
2023-10-27 12:00:00,1.05619,1.05969,1.05353,1.0564,47329
2023-10-30 00:00:00,1.05647,1.0586,1.0547,1.05823,19633
2023-10-30 12:00:00,1.05823,1.0625,1.05733,1.0614,35786
2023-10-31 00:00:00,1.0614,1.06749,1.05904,1.06684,27725
2023-10-31 12:00:00,1.06684,1.06704,1.05575,1.05752,56679
2023-11-01 00:00:00,1.05769,1.05804,1.05453,1.05491,22728
2023-11-01 12:00:00,1.05491,1.05757,1.05166,1.05687,73387
2023-11-02 00:00:00,1.05683,1.06246,1.05683,1.06236,27042
2023-11-02 12:00:00,1.06237,1.06675,1.06104,1.062,46933
2023-11-03 00:00:00,1.062,1.06483,1.06145,1.06479,18398
2023-11-03 12:00:00,1.06478,1.07466,1.06406,1.07292,60626
2023-11-06 00:00:00,1.07215,1.07561,1.07166,1.07471,19768
2023-11-06 12:00:00,1.07471,1.07557,1.07157,1.07168,22653
2023-11-07 00:00:00,1.07172,1.07221,1.06829,1.06836,14564
2023-11-07 12:00:00,1.06834,1.07046,1.0664,1.06993,30132
2023-11-08 00:00:00,1.06992,1.07004,1.06602,1.06651,13901
2023-11-08 12:00:00,1.0665,1.07159,1.06593,1.07083,28115
2023-11-09 00:00:00,1.0706,1.07156,1.06935,1.06975,11640
2023-11-09 12:00:00,1.06976,1.07253,1.06599,1.06674,41415
2023-11-10 00:00:00,1.06674,1.06799,1.0656,1.06771,12722
2023-11-10 12:00:00,1.06772,1.06926,1.06624,1.06845,39922
2023-11-13 00:00:00,1.06751,1.07013,1.06751,1.06896,16827
2023-11-13 12:00:00,1.06895,1.0706,1.06648,1.06981,30727
2023-11-14 00:00:00,1.06916,1.07176,1.06916,1.07157,15639
2023-11-14 12:00:00,1.07157,1.08872,1.07147,1.08782,64089
2023-11-15 00:00:00,1.08784,1.08836,1.08438,1.0852,24943
2023-11-15 12:00:00,1.08519,1.08855,1.08314,1.08461,48608
2023-11-16 00:00:00,1.08462,1.08607,1.08299,1.0851,18583
2023-11-16 12:00:00,1.08509,1.0895299999999999,1.0839,1.08513,35945
2023-11-17 00:00:00,1.08519,1.08582,1.08247,1.08528,16613
2023-11-17 12:00:00,1.08529,1.09137,1.08515,1.09128,32891
2023-11-20 00:00:00,1.09008,1.094,1.08973,1.09365,19466
2023-11-20 12:00:00,1.09368,1.09517,1.09187,1.09396,25704
2023-11-21 00:00:00,1.09398,1.09649,1.09353,1.09436,18108
2023-11-21 12:00:00,1.09436,1.09612,1.09,1.09101,31178
2023-11-22 00:00:00,1.09067,1.09227,1.08825,1.09024,16587
2023-11-22 12:00:00,1.09023,1.09175,1.08522,1.08882,36067
2023-11-23 00:00:00,1.08882,1.09304,1.08809,1.0923,11208
2023-11-23 12:00:00,1.0923,1.09239,1.08871,1.09018,10236
2023-11-24 00:00:00,1.08996,1.09206,1.08948,1.09027,8944
2023-11-24 12:00:00,1.09024,1.09485,1.09018,1.09362,17579
2023-11-27 00:00:00,1.09386,1.0959,1.09266,1.09483,10930
2023-11-27 12:00:00,1.09482,1.09573,1.09249,1.09534,19777
2023-11-28 00:00:00,1.09535,1.09625,1.09343,1.09536,10635
2023-11-28 12:00:00,1.09537,1.10087,1.09453,1.09922,27529
2023-11-29 00:00:00,1.09903,1.10169,1.09717,1.09743,14696
2023-11-29 12:00:00,1.09743,1.09947,1.096,1.09686,25311
2023-11-30 00:00:00,1.0969,1.09837,1.092,1.0924800000000001,19125
2023-11-30 12:00:00,1.09249,1.09495,1.08793,1.08866,37022
2023-12-01 00:00:00,1.08845,1.09128,1.08764,1.08979,17924
2023-12-01 12:00:00,1.08979,1.09038,1.08289,1.08823,37119
2023-12-04 00:00:00,1.08738,1.08944,1.08498,1.08747,22733
2023-12-04 12:00:00,1.08746,1.08789,1.0804,1.08351,29732
2023-12-05 00:00:00,1.08353,1.08474,1.08042,1.08322,18736
2023-12-05 12:00:00,1.08318,1.08397,1.07782,1.07956,34322
2023-12-06 00:00:00,1.07957,1.08017,1.07751,1.07913,17225
2023-12-06 12:00:00,1.07913,1.08048,1.07587,1.07636,29855
2023-12-07 00:00:00,1.07628,1.07847,1.07552,1.07795,19749
2023-12-07 12:00:00,1.07797,1.08175,1.07593,1.07934,36425
2023-12-08 00:00:00,1.0792,1.08006,1.07724,1.07768,21173
2023-12-08 12:00:00,1.07766,1.07897,1.07235,1.07573,34075
2023-12-11 00:00:00,1.07583,1.07739,1.07515,1.07669,16504
2023-12-11 12:00:00,1.07667,1.07789,1.07415,1.07642,25694
2023-12-12 00:00:00,1.07643,1.07977,1.07548,1.07936,14601
2023-12-12 12:00:00,1.07936,1.08282,1.07672,1.07938,31382
2023-12-13 00:00:00,1.0794,1.07997,1.07803,1.07876,14592
2023-12-13 12:00:00,1.07873,1.08966,1.07732,1.08741,37044
2023-12-14 00:00:00,1.0873599999999999,1.09154,1.0866,1.09043,26164
2023-12-14 12:00:00,1.0904,1.10092,1.08983,1.09917,42996
2023-12-15 00:00:00,1.09918,1.10039,1.09463,1.09604,22787
2023-12-15 12:00:00,1.09605,1.09696,1.08885,1.08939,167672
2023-12-18 00:00:00,1.08968,1.093,1.08918,1.09196,65160
2023-12-18 12:00:00,1.09196,1.09312,1.09071,1.09228,111596
2023-12-19 00:00:00,1.09235,1.09495,1.09108,1.09414,76939
2023-12-19 12:00:00,1.09414,1.09876,1.09305,1.09798,122057
2023-12-20 00:00:00,1.09803,1.09833,1.09508,1.09644,65535
2023-12-20 12:00:00,1.09644,1.09759,1.0929,1.09397,139654
2023-12-21 00:00:00,1.09382,1.0956,1.09348,1.09438,58385
2023-12-21 12:00:00,1.09438,1.10121,1.09399,1.10098,158586
2023-12-22 00:00:00,1.10101,1.10135,1.09838,1.10043,59662
2023-12-22 12:00:00,1.10043,1.10405,1.09999,1.10132,139043
2023-12-25 00:00:00,1.10119,1.10162,1.10119,1.10135,624
2023-12-26 00:00:00,1.10028,1.10289,1.09998,1.10143,28183
2023-12-26 12:00:00,1.10144,1.10451,1.10084,1.10415,69060
2023-12-27 00:00:00,1.10414,1.10549,1.10284,1.10544,44648
2023-12-27 12:00:00,1.10544,1.11229,1.10483,1.11043,119150
2023-12-28 00:00:00,1.1105,1.11396,1.10972,1.11294,57580
2023-12-28 12:00:00,1.11293,1.11324,1.1055,1.10609,123588
2023-12-29 00:00:00,1.10602,1.10847,1.10443,1.10491,55636
2023-12-29 12:00:00,1.10491,1.10809,1.10334,1.1036,132260
2024-01-02 00:00:00,1.10437,1.10451,1.10108,1.10152,63898
2024-01-02 12:00:00,1.1015,1.10171,1.09374,1.09407,141273
2024-01-03 00:00:00,1.09425,1.09655,1.09349,1.09364,55064
2024-01-03 12:00:00,1.09363,1.09391,1.08925,1.09212,179737
2024-01-04 00:00:00,1.09205,1.09691,1.09056,1.09676,65991
2024-01-04 12:00:00,1.09677,1.09723,1.09326,1.09435,129269
2024-01-05 00:00:00,1.09443,1.09559,1.09027,1.09128,61843
2024-01-05 12:00:00,1.09128,1.09988,1.08769,1.09408,201732
2024-01-08 00:00:00,1.09331,1.0953,1.09225,1.0937000000000001,57111
2024-01-08 12:00:00,1.09374,1.09789,1.09342,1.09496,126300
2024-01-09 00:00:00,1.09525,1.09664,1.0937999999999999,1.0944099999999999,63737
2024-01-09 12:00:00,1.09442,1.09514,1.09101,1.09305,138571
2024-01-10 00:00:00,1.09305,1.09519,1.09228,1.09473,60094
2024-01-10 12:00:00,1.09472,1.0973,1.09318,1.09718,114469
2024-01-11 00:00:00,1.09716,1.09886,1.09589,1.09638,54794
2024-01-11 12:00:00,1.09637,1.10004,1.09299,1.09716,214864
2024-01-12 00:00:00,1.0962,1.09854,1.09609,1.09626,61843
2024-01-12 12:00:00,1.09625,1.09871,1.09358,1.09497,154176
2024-01-15 00:00:00,1.09472,1.0967500000000001,1.09406,1.09467,56797
2024-01-15 12:00:00,1.09467,1.09592,1.09335,1.09482,71667
2024-01-16 00:00:00,1.09468,1.0951,1.08839,1.08862,86126
2024-01-16 12:00:00,1.08862,1.08981,1.08619,1.08748,165346
2024-01-17 00:00:00,1.08743,1.08846,1.0855299999999999,1.08766,76935
2024-01-17 12:00:00,1.08765,1.0884,1.08444,1.08823,145588
2024-01-18 00:00:00,1.08814,1.09069,1.08767,1.08846,71728
2024-01-18 12:00:00,1.08845,1.08961,1.08465,1.08757,144262
2024-01-19 00:00:00,1.0876,1.08895,1.08591,1.08829,56698
2024-01-19 12:00:00,1.08829,1.08974,1.08654,1.08968,116096
2024-01-22 00:00:00,1.08898,1.09096,1.08832,1.0897000000000001,61258
2024-01-22 12:00:00,1.0897000000000001,1.09,1.08797,1.0882,104650
2024-01-23 00:00:00,1.08816,1.09162,1.08756,1.08875,81960
2024-01-23 12:00:00,1.08875,1.08883,1.08215,1.08542,125862
2024-01-24 00:00:00,1.08547,1.09078,1.0841,1.09028,64804
2024-01-24 12:00:00,1.09027,1.09325,1.08769,1.0884,147891
2024-01-25 00:00:00,1.0884,1.08998,1.087,1.08959,54782
2024-01-25 12:00:00,1.08959,1.09021,1.08213,1.08455,181850
2024-01-26 00:00:00,1.08455,1.08505,1.08128,1.08442,59219
2024-01-26 12:00:00,1.08442,1.08857,1.08441,1.08533,125039
2024-01-29 00:00:00,1.0844,1.08502,1.0823,1.08252,56357
2024-01-29 12:00:00,1.08252,1.08404,1.07957,1.08321,112383
2024-01-30 00:00:00,1.08314,1.08424,1.08116,1.08269,60333
2024-01-30 12:00:00,1.0827,1.08575,1.08231,1.08451,133219
2024-01-31 00:00:00,1.08451,1.08481,1.08061,1.08223,68376
2024-01-31 12:00:00,1.08223,1.08876,1.07945,1.08174,253241
2024-02-01 00:00:00,1.08173,1.0822,1.07799,1.07987,71781
2024-02-01 12:00:00,1.07988,1.08749,1.07915,1.08709,190173
2024-02-02 00:00:00,1.0871,1.08976,1.08626,1.0890900000000001,50744
2024-02-02 12:00:00,1.0890900000000001,1.0895,1.07803,1.07858,162438
2024-02-05 00:00:00,1.07818,1.07863,1.07519,1.07538,77125
2024-02-05 12:00:00,1.07538,1.07588,1.07231,1.0742099999999999,122632
2024-02-06 00:00:00,1.07408,1.07625,1.0725500000000001,1.07292,58159
2024-02-06 12:00:00,1.07292,1.07574,1.07225,1.07539,83045
2024-02-07 00:00:00,1.07536,1.07736,1.07468,1.07693,36447
2024-02-07 12:00:00,1.07693,1.07841,1.07556,1.07711,83071
2024-02-08 00:00:00,1.07711,1.07889,1.076,1.0783,34430
2024-02-08 12:00:00,1.0783,1.07856,1.07414,1.07769,80245
2024-02-09 00:00:00,1.07771,1.0784799999999999,1.07661,1.07671,31177
2024-02-09 12:00:00,1.07671,1.07953,1.07622,1.07844,78464
2024-02-12 00:00:00,1.07785,1.08058,1.07668,1.07691,45862
2024-02-12 12:00:00,1.07692,1.07863,1.07557,1.07695,77854
2024-02-13 00:00:00,1.07712,1.07778,1.07566,1.07668,38674
2024-02-13 12:00:00,1.07669,1.07977,1.07002,1.07084,107519
2024-02-14 00:00:00,1.07083,1.07188,1.06945,1.07003,44490
2024-02-14 12:00:00,1.07002,1.07347,1.06962,1.07257,80219
2024-02-15 00:00:00,1.07241,1.07417,1.07229,1.07331,35656
2024-02-15 12:00:00,1.07331,1.0785,1.07306,1.07714,91015
2024-02-16 00:00:00,1.07705,1.07769,1.07571,1.07661,37114
2024-02-16 12:00:00,1.07661,1.07874,1.07319,1.07769,87638
2024-02-19 00:00:00,1.07722,1.07894,1.07706,1.07747,36592
2024-02-19 12:00:00,1.07748,1.07837,1.07618,1.07782,47532
2024-02-20 00:00:00,1.07785,1.0799,1.07613,1.07976,43217
2024-02-20 12:00:00,1.07976,1.08389,1.07935,1.08068,88554
2024-02-21 00:00:00,1.08064,1.0819,1.07897,1.07996,41514
2024-02-21 12:00:00,1.07996,1.08245,1.07939,1.0818,84889
2024-02-22 00:00:00,1.08181,1.08884,1.08102,1.08529,54647
2024-02-22 12:00:00,1.08529,1.0859,1.08027,1.0822,88760
2024-02-23 00:00:00,1.08222,1.0832600000000001,1.08138,1.08174,37640
2024-02-23 12:00:00,1.08174,1.08396,1.08116,1.08184,76433
2024-02-26 00:00:00,1.0830899999999999,1.08405,1.08125,1.08399,43272
2024-02-26 12:00:00,1.084,1.08597,1.08383,1.08484,75851
2024-02-27 00:00:00,1.08502,1.08661,1.08449,1.08528,39876
2024-02-27 12:00:00,1.0853,1.08633,1.08328,1.0843099999999999,77183
2024-02-28 00:00:00,1.08432,1.08468,1.07963,1.07998,48779
2024-02-28 12:00:00,1.07998,1.0846,1.07992,1.08369,80300
2024-02-29 00:00:00,1.08372,1.08521,1.08256,1.08507,50572
2024-02-29 12:00:00,1.08505,1.0856,1.07957,1.08038,100635
2024-03-01 00:00:00,1.08045,1.08218,1.07963,1.08154,39289
2024-03-01 12:00:00,1.08154,1.08433,1.07979,1.0838700000000001,87985
2024-03-04 00:00:00,1.084,1.0858,1.0829,1.0849199999999999,54032
2024-03-04 12:00:00,1.08491,1.0867,1.084,1.0853,68114
2024-03-05 00:00:00,1.08548,1.08581,1.08415,1.08514,46747
2024-03-05 12:00:00,1.08512,1.08765,1.08401,1.08545,79447
2024-03-06 00:00:00,1.0856,1.08778,1.08417,1.08763,46813
2024-03-06 12:00:00,1.08762,1.09154,1.08674,1.08973,95644
2024-03-07 00:00:00,1.08975,1.0907499999999999,1.08875,1.09016,46361
2024-03-07 12:00:00,1.09016,1.09493,1.08676,1.09465,91267
2024-03-08 00:00:00,1.09472,1.09557,1.0925799999999999,1.09353,45427
2024-03-08 12:00:00,1.09353,1.09813,1.09183,1.0937000000000001,96949
2024-03-11 00:00:00,1.09388,1.09483,1.09337,1.09346,41987
2024-03-11 12:00:00,1.09346,1.09436,1.09144,1.09249,67386
2024-03-12 00:00:00,1.09249,1.09395,1.09211,1.09303,34663
2024-03-12 12:00:00,1.09302,1.09436,1.09022,1.09261,30354
2024-03-13 00:00:00,1.09261,1.09327,1.09201,1.09232,14244
2024-03-13 12:00:00,1.09232,1.09637,1.09222,1.09473,22808
2024-03-14 00:00:00,1.09475,1.09547,1.09318,1.09413,13218
2024-03-14 12:00:00,1.09413,1.09453,1.08792,1.08845,28724
2024-03-15 00:00:00,1.08845,1.08995,1.08729,1.0898,13543
2024-03-15 12:00:00,1.08981,1.08996,1.08813,1.08872,20729
2024-03-18 00:00:00,1.08881,1.09005,1.08803,1.08993,12550
2024-03-18 12:00:00,1.08993,1.0906,1.08661,1.08728,18317
2024-03-19 00:00:00,1.08708,1.08765,1.08347,1.08366,17613
2024-03-19 12:00:00,1.08366,1.0867499999999999,1.08366,1.08645,21924
2024-03-20 00:00:00,1.08642,1.08719,1.08364,1.0839,11307
2024-03-20 12:00:00,1.0839,1.09227,1.08365,1.09205,29335
2024-03-21 00:00:00,1.09196,1.09426,1.08872,1.0913,18765
2024-03-21 12:00:00,1.0913,1.09236,1.08528,1.08596,27121
2024-03-22 00:00:00,1.08596,1.08679,1.08081,1.08162,16924
2024-03-22 12:00:00,1.08162,1.08316,1.08017,1.08062,19842
2024-03-25 00:00:00,1.08062,1.08237,1.08022,1.08175,12999
2024-03-25 12:00:00,1.08174,1.08423,1.08164,1.08355,16144
2024-03-26 00:00:00,1.08355,1.08557,1.08348,1.08537,13885
2024-03-26 12:00:00,1.08537,1.08643,1.08243,1.08312,21491
2024-03-27 00:00:00,1.08312,1.08391,1.08206,1.08276,14263
2024-03-27 12:00:00,1.08277,1.0835,1.08107,1.08262,21818
2024-03-28 00:00:00,1.08261,1.0826500000000001,1.07751,1.07754,14351
2024-03-28 12:00:00,1.07754,1.0818699999999999,1.0775,1.07881,26223
2024-03-29 00:00:00,1.07872,1.07923,1.07678,1.07822,9698
2024-03-29 12:00:00,1.07822,1.08052,1.07813,1.07917,12259
2024-04-01 00:00:00,1.0787,1.07987,1.07826,1.07897,11592
2024-04-01 12:00:00,1.07897,1.0790899999999999,1.07309,1.07422,18764
2024-04-02 00:00:00,1.07423,1.07436,1.07246,1.07312,14936
2024-04-02 12:00:00,1.07312,1.0779,1.07311,1.07687,22892
2024-04-03 00:00:00,1.07685,1.07794,1.0764,1.07712,11171
2024-04-03 12:00:00,1.07707,1.08369,1.07651,1.08355,28009
2024-04-04 00:00:00,1.08352,1.08626,1.08292,1.08619,11563
2024-04-04 12:00:00,1.08617,1.08764,1.08315,1.08362,22354
2024-04-05 00:00:00,1.08361,1.08463,1.08224,1.08375,15453
2024-04-05 12:00:00,1.08373,1.08479,1.07912,1.08363,27767
2024-04-08 00:00:00,1.0836999999999999,1.08432,1.08222,1.08234,15607
2024-04-08 12:00:00,1.08234,1.08622,1.08209,1.08585,19914
2024-04-09 00:00:00,1.08582,1.08634,1.08471,1.08575,11007
2024-04-09 12:00:00,1.08575,1.0885,1.08477,1.08563,20549
2024-04-10 00:00:00,1.08558,1.08605,1.08479,1.0860400000000001,12228
2024-04-10 12:00:00,1.0860400000000001,1.08664,1.07287,1.07416,36604
2024-04-11 00:00:00,1.07415,1.0749900000000001,1.07266,1.07405,14971
2024-04-11 12:00:00,1.07404,1.07563,1.06992,1.07252,35123
2024-04-12 00:00:00,1.07251,1.07289,1.06709,1.0671,14166
2024-04-12 12:00:00,1.06711,1.06749,1.06225,1.06406,31948
2024-04-15 00:00:00,1.0636,1.06648,1.06278,1.06563,19630
2024-04-15 12:00:00,1.06563,1.06651,1.06203,1.06237,32439
2024-04-16 00:00:00,1.06234,1.06284,1.06023,1.06158,17529
2024-04-16 12:00:00,1.06159,1.06536,1.0601099999999999,1.06181,38757
2024-04-17 00:00:00,1.0618,1.06487,1.06061,1.06406,17455
2024-04-17 12:00:00,1.06404,1.06796,1.06299,1.0672,33595
2024-04-18 00:00:00,1.06702,1.069,1.06642,1.06784,14509
2024-04-18 12:00:00,1.06785,1.06812,1.06408,1.06425,34241
2024-04-19 00:00:00,1.06424,1.06593,1.06104,1.06454,41275
2024-04-19 12:00:00,1.06457,1.06775,1.06402,1.06557,24901
2024-04-22 00:00:00,1.06526,1.06706,1.06474,1.06568,14291
2024-04-22 12:00:00,1.06568,1.06618,1.0624,1.06539,18409
2024-04-23 00:00:00,1.06521,1.06949,1.06385,1.06707,12066
2024-04-23 12:00:00,1.06706,1.07112,1.06532,1.07006,21338
2024-04-24 00:00:00,1.07006,1.07141,1.06807,1.06831,10948
2024-04-24 12:00:00,1.06833,1.07069,1.06779,1.0698,18837
2024-04-25 00:00:00,1.06982,1.07287,1.06884,1.07257,10375
2024-04-25 12:00:00,1.07257,1.07402,1.06784,1.0729,24533
2024-04-26 00:00:00,1.07283,1.07527,1.07185,1.07409,11925
2024-04-26 12:00:00,1.07409,1.07432,1.0674,1.06922,21432
2024-04-29 00:00:00,1.0694,1.07337,1.06865,1.07045,18368
2024-04-29 12:00:00,1.07044,1.07295,1.06901,1.072,19936
2024-04-30 00:00:00,1.07197,1.07221,1.069,1.07107,11199
2024-04-30 12:00:00,1.07112,1.07353,1.0663,1.0665499999999999,25157
2024-05-01 00:00:00,1.0665,1.0671599999999999,1.06494,1.06694,8579
2024-05-01 12:00:00,1.06697,1.07327,1.06667,1.07089,25773
2024-05-02 00:00:00,1.07096,1.07281,1.0693,1.07042,14446
2024-05-02 12:00:00,1.07041,1.07302,1.06742,1.07245,24386
2024-05-03 00:00:00,1.0722,1.07441,1.07192,1.07425,11305
2024-05-03 12:00:00,1.07422,1.0812,1.07387,1.07611,25651
2024-05-06 00:00:00,1.0763,1.07761,1.07552,1.07684,11605
2024-05-06 12:00:00,1.07685,1.07908,1.07658,1.07676,14728
2024-05-07 00:00:00,1.07678,1.07767,1.07541,1.07637,12534
2024-05-07 12:00:00,1.07636,1.07874,1.07479,1.07538,18231
2024-05-08 00:00:00,1.07534,1.07552,1.0735,1.07441,10594
2024-05-08 12:00:00,1.07441,1.07574,1.07399,1.07476,15530
2024-05-09 00:00:00,1.07476,1.07514,1.07261,1.0728,9485
2024-05-09 12:00:00,1.07281,1.07843,1.07239,1.07816,19819
2024-05-10 00:00:00,1.07812,1.07866,1.07715,1.07806,11247
2024-05-10 12:00:00,1.0781,1.07901,1.07603,1.07694,18199
2024-05-13 00:00:00,1.07686,1.07845,1.07648,1.07836,10552
2024-05-13 12:00:00,1.07836,1.08068,1.07772,1.07893,14450
2024-05-14 00:00:00,1.07882,1.07935,1.07753,1.07835,8881
2024-05-14 12:00:00,1.07835,1.08256,1.07664,1.08182,18153
2024-05-15 00:00:00,1.08172,1.08345,1.08131,1.08299,9750
2024-05-15 12:00:00,1.08299,1.08857,1.08219,1.08837,22250
2024-05-16 00:00:00,1.08837,1.08949,1.0866500000000001,1.08732,12903
2024-05-16 12:00:00,1.08732,1.08757,1.08544,1.08663,18393
2024-05-17 00:00:00,1.08662,1.08688,1.08417,1.0844,10175
2024-05-17 12:00:00,1.0844,1.08783,1.08358,1.08685,16646
2024-05-20 00:00:00,1.0867,1.08845,1.08647,1.08748,10161
2024-05-20 12:00:00,1.08746,1.08751,1.08535,1.08561,16714
2024-05-21 00:00:00,1.08557,1.08694,1.08509,1.08666,12028
2024-05-21 12:00:00,1.08666,1.08748,1.08429,1.08532,18428
2024-05-22 00:00:00,1.08518,1.08634,1.08464,1.08483,10266
2024-05-22 12:00:00,1.08483,1.08496,1.08174,1.08221,21124
2024-05-23 00:00:00,1.08214,1.08448,1.08124,1.08386,11692
2024-05-23 12:00:00,1.08386,1.0861,1.08047,1.08144,23512
2024-05-24 00:00:00,1.08141,1.08283,1.08054,1.08246,11441
2024-05-24 12:00:00,1.08246,1.08578,1.08236,1.08457,18875
2024-05-27 00:00:00,1.0848,1.08535,1.08416,1.08494,7986
2024-05-27 12:00:00,1.08494,1.08674,1.08409,1.08581,10404
2024-05-28 00:00:00,1.08564,1.08801,1.08506,1.087,13651
2024-05-28 12:00:00,1.087,1.0889,1.08551,1.08559,20260
2024-05-29 00:00:00,1.08555,1.08588,1.08292,1.08373,11896
2024-05-29 12:00:00,1.08373,1.08584,1.07994,1.08003,21646
2024-05-30 00:00:00,1.08003,1.08185,1.07885,1.0815,14237
2024-05-30 12:00:00,1.0815,1.08451,1.08084,1.08313,21611
2024-05-31 00:00:00,1.0830899999999999,1.08384,1.08112,1.0834,13759
2024-05-31 12:00:00,1.08335,1.08822,1.08335,1.08474,25147
2024-06-03 00:00:00,1.085,1.08587,1.08334,1.08402,13500
2024-06-03 12:00:00,1.08403,1.09039,1.08278,1.09036,23988
2024-06-04 00:00:00,1.09029,1.0916,1.08742,1.08808,14222
2024-06-04 12:00:00,1.08807,1.08876,1.08593,1.08785,26471
2024-06-05 00:00:00,1.08781,1.08861,1.087,1.08758,11231
2024-06-05 12:00:00,1.08757,1.08917,1.08544,1.08678,22076
2024-06-06 00:00:00,1.08677,1.08958,1.08669,1.08772,11705
2024-06-06 12:00:00,1.08769,1.0902,1.08622,1.0887,21736
2024-06-07 00:00:00,1.08857,1.08984,1.08832,1.0889,12683
2024-06-07 12:00:00,1.08889,1.09019,1.07992,1.07994,26563
2024-06-10 00:00:00,1.0774,1.07816,1.0748,1.07567,14671
2024-06-10 12:00:00,1.07567,1.07659,1.07327,1.07644,19879
2024-06-11 00:00:00,1.07643,1.07735,1.07436,1.07454,12094
2024-06-11 12:00:00,1.07452,1.07564,1.07196,1.07396,22505
2024-06-12 00:00:00,1.07365,1.07538,1.0733,1.07466,10827
2024-06-12 12:00:00,1.07467,1.08523,1.07442,1.08081,31104
2024-06-13 00:00:00,1.08081,1.08165,1.08005,1.08061,12720
2024-06-13 12:00:00,1.08061,1.08161,1.0733,1.07363,25474
2024-06-14 00:00:00,1.07358,1.07449,1.06896,1.06918,15068
2024-06-14 12:00:00,1.06918,1.0707200000000001,1.06676,1.07018,27224
2024-06-17 00:00:00,1.07035,1.07122,1.06863,1.07071,15228
2024-06-17 12:00:00,1.07071,1.07378,1.0702099999999999,1.07326,21704
2024-06-18 00:00:00,1.07336,1.07409,1.07149,1.07193,13725
2024-06-18 12:00:00,1.0719400000000001,1.07614,1.07099,1.07393,23977
2024-06-19 00:00:00,1.07393,1.07425,1.07248,1.07403,11710
2024-06-19 12:00:00,1.07404,1.07533,1.07325,1.07416,12704
2024-06-20 00:00:00,1.07419,1.07488,1.07127,1.07167,11744
2024-06-20 12:00:00,1.07168,1.07319,1.07009,1.0701100000000001,23550
2024-06-21 00:00:00,1.07012,1.07205,1.0671,1.0691,13321
2024-06-21 12:00:00,1.06909,1.06981,1.06766,1.06915,22559
2024-06-24 00:00:00,1.0685,1.07178,1.06835,1.07135,11954
2024-06-24 12:00:00,1.0713300000000001,1.07464,1.07131,1.07313,20545
2024-06-25 00:00:00,1.07314,1.07442,1.07208,1.07342,11581
2024-06-25 12:00:00,1.07342,1.07352,1.06908,1.07132,19236
2024-06-26 00:00:00,1.07116,1.07179,1.06853,1.06947,11506
2024-06-26 12:00:00,1.06947,1.06996,1.06659,1.06797,22214
2024-06-27 00:00:00,1.06787,1.06989,1.0674,1.06879,12054
2024-06-27 12:00:00,1.06879,1.07264,1.06872,1.07032,22427
2024-06-28 00:00:00,1.06999,1.0714,1.06853,1.06979,12716
2024-06-28 12:00:00,1.06979,1.07248,1.0692,1.07116,25716
2024-07-01 00:00:00,1.0745,1.07762,1.07319,1.07684,16432
2024-07-01 12:00:00,1.07678,1.07694,1.07197,1.07397,21858
2024-07-02 00:00:00,1.07384,1.07417,1.0712,1.07201,12697
2024-07-02 12:00:00,1.072,1.07226,1.07169,1.07202,321
2024-07-03 00:00:00,1.07444,1.07635,1.0735999999999999,1.07582,10557
2024-07-03 12:00:00,1.07581,1.08168,1.07525,1.0781,20382
2024-07-04 00:00:00,1.07804,1.0803,1.07778,1.08018,10813
2024-07-04 12:00:00,1.08017,1.08138,1.07939,1.081,11424
2024-07-05 00:00:00,1.08089,1.08305,1.08088,1.0828,10408
2024-07-05 12:00:00,1.0828,1.08425,1.08026,1.08397,22541
2024-07-08 00:00:00,1.0802,1.08429,1.08002,1.08384,15118
2024-07-08 12:00:00,1.08382,1.08449,1.0822,1.08232,18314
2024-07-09 00:00:00,1.08223,1.08333,1.0815,1.08225,10179
2024-07-09 12:00:00,1.08224,1.08284,1.08055,1.08131,20199
2024-07-10 00:00:00,1.08115,1.08249,1.08092,1.08153,10726
2024-07-10 12:00:00,1.08151,1.08299,1.08133,1.08296,18035
2024-07-11 00:00:00,1.08284,1.08477,1.08249,1.08473,9694
2024-07-11 12:00:00,1.08474,1.08995,1.0843099999999999,1.08677,27705
2024-07-12 00:00:00,1.08676,1.08872,1.08598,1.08867,14585
2024-07-12 12:00:00,1.08867,1.09113,1.08727,1.09055,23172
2024-07-15 00:00:00,1.0886,1.09093,1.08818,1.09083,13360
2024-07-15 12:00:00,1.09083,1.09222,1.08933,1.08937,24006
2024-07-16 00:00:00,1.08884,1.09027,1.08834,1.09003,12378
2024-07-16 12:00:00,1.09003,1.09055,1.08715,1.08987,21839
2024-07-17 00:00:00,1.08968,1.09436,1.0895,1.09417,14544
2024-07-17 12:00:00,1.09419,1.0948,1.09237,1.09388,24915
2024-07-18 00:00:00,1.0937999999999999,1.0941,1.09262,1.09306,14312
2024-07-18 12:00:00,1.09306,1.0937000000000001,1.08936,1.08959,23925
2024-07-19 00:00:00,1.08955,1.09017,1.08762,1.08791,15038
2024-07-19 12:00:00,1.08789,1.08941,1.08754,1.08839,22516
2024-07-22 00:00:00,1.0888,1.09025,1.08788,1.0888,14724
2024-07-22 12:00:00,1.08881,1.08954,1.08731,1.08902,20229
2024-07-23 00:00:00,1.08887,1.08967,1.0868,1.08778,13308
2024-07-23 12:00:00,1.08778,1.08781,1.08437,1.0853,20507
2024-07-24 00:00:00,1.08514,1.0854300000000001,1.08257,1.0835,14336
2024-07-24 12:00:00,1.0835,1.0866500000000001,1.08324,1.08393,23494
2024-07-25 00:00:00,1.08392,1.08577,1.08282,1.08461,17139
2024-07-25 12:00:00,1.08456,1.08699,1.08302,1.08446,28218
2024-07-26 00:00:00,1.08448,1.08607,1.08421,1.08515,12783
2024-07-26 12:00:00,1.08515,1.08682,1.08472,1.08552,22077
2024-07-29 00:00:00,1.0857,1.08698,1.08317,1.08321,14329
2024-07-29 12:00:00,1.08322,1.0842,1.08026,1.08206,18785
2024-07-30 00:00:00,1.08198,1.08346,1.08142,1.08288,12960
2024-07-30 12:00:00,1.08287,1.08356,1.07984,1.08141,22093
2024-07-31 00:00:00,1.0814,1.08301,1.0806499999999999,1.08221,17541
2024-07-31 12:00:00,1.08222,1.08493,1.08018,1.08247,28947
2024-08-01 00:00:00,1.08238,1.08352,1.07813,1.07843,16689
2024-08-01 12:00:00,1.07843,1.08181,1.07773,1.0790899999999999,29029
2024-08-02 00:00:00,1.07905,1.08152,1.07816,1.08145,18745
2024-08-02 12:00:00,1.08144,1.09265,1.08144,1.09102,34369
2024-08-05 00:00:00,1.09221,1.09749,1.08925,1.0951,34372
2024-08-05 12:00:00,1.09509,1.10084,1.0933,1.09504,43184
2024-08-06 00:00:00,1.09512,1.0963,1.09188,1.09278,27695
2024-08-06 12:00:00,1.09263,1.09348,1.09036,1.09284,33308
2024-08-07 00:00:00,1.09303,1.09318,1.09054,1.09188,22195
2024-08-07 12:00:00,1.09188,1.09366,1.09085,1.09203,27954
2024-08-08 00:00:00,1.09203,1.0945,1.09148,1.0937000000000001,19709
2024-08-08 12:00:00,1.0937000000000001,1.09396,1.08813,1.09177,25961
2024-08-09 00:00:00,1.09177,1.09291,1.09097,1.09175,14043
2024-08-09 12:00:00,1.09174,1.09312,1.0909,1.09151,19606
2024-08-12 00:00:00,1.09146,1.09283,1.091,1.09206,10962
2024-08-12 12:00:00,1.09206,1.09393,1.0915,1.09305,18532
2024-08-13 00:00:00,1.09292,1.09409,1.09205,1.09231,10522
2024-08-13 12:00:00,1.09231,1.09996,1.0913599999999999,1.0991900000000001,21901
2024-08-14 00:00:00,1.099,1.1019700000000001,1.09793,1.10191,13113
2024-08-14 12:00:00,1.10191,1.10471,1.1004,1.10112,20837
2024-08-15 00:00:00,1.10109,1.10154,1.10029,1.1006,10026
2024-08-15 12:00:00,1.10059,1.10141,1.09493,1.09712,20347
2024-08-16 00:00:00,1.09709,1.09896,1.09662,1.09808,10441
2024-08-16 12:00:00,1.09808,1.10293,1.09786,1.10271,17847
2024-08-19 00:00:00,1.1026799999999999,1.10505,1.1022,1.1037,13752
2024-08-19 12:00:00,1.1037,1.10861,1.10304,1.1084100000000001,18459
2024-08-20 00:00:00,1.10833,1.10887,1.10717,1.10795,12968
2024-08-20 12:00:00,1.10796,1.11301,1.10749,1.1128,20400
2024-08-21 00:00:00,1.1127,1.11325,1.11102,1.11183,13119
2024-08-21 12:00:00,1.11183,1.1173899999999999,1.10995,1.11486,23899
2024-08-22 00:00:00,1.11479,1.11653,1.11273,1.11424,12297
2024-08-22 12:00:00,1.11425,1.11458,1.10979,1.11112,21907
2024-08-23 00:00:00,1.11087,1.11318,1.11036,1.11226,11635
2024-08-23 12:00:00,1.11226,1.12009,1.11054,1.11921,24878
2024-08-26 00:00:00,1.1188,1.12014,1.11756,1.11803,14758
2024-08-26 12:00:00,1.11803,1.11826,1.115,1.11601,21115
2024-08-27 00:00:00,1.11596,1.1173899999999999,1.1155599999999999,1.11665,11324
2024-08-27 12:00:00,1.11665,1.11904,1.11503,1.11828,21666
2024-08-28 00:00:00,1.11826,1.1185100000000001,1.11351,1.11411,13642
2024-08-28 12:00:00,1.11412,1.11454,1.11047,1.11189,22702
2024-08-29 00:00:00,1.1118,1.11397,1.10718,1.10846,13851
2024-08-29 12:00:00,1.10846,1.10999,1.10555,1.10762,24357
2024-08-30 00:00:00,1.10765,1.10948,1.10696,1.10745,11552
2024-08-30 12:00:00,1.10745,1.1088,1.10434,1.10465,24851
2024-09-02 00:00:00,1.10461,1.10773,1.10418,1.10674,12220
2024-09-02 12:00:00,1.10674,1.10725,1.10584,1.10701,11326
2024-09-03 00:00:00,1.10692,1.10726,1.10479,1.10484,13740
2024-09-03 12:00:00,1.1048499999999999,1.10702,1.10262,1.10422,23805
2024-09-04 00:00:00,1.10426,1.10626,1.1031,1.10515,14988
2024-09-04 12:00:00,1.10516,1.10951,1.10398,1.10815,22363
2024-09-05 00:00:00,1.10808,1.11002,1.10746,1.10988,13298
2024-09-05 12:00:00,1.10989,1.11195,1.10762,1.11092,25893
2024-09-06 00:00:00,1.1109,1.11208,1.11008,1.11173,12012
2024-09-06 12:00:00,1.11172,1.11543,1.10655,1.1085,34088
2024-09-09 00:00:00,1.10793,1.10909,1.10454,1.10474,15780
2024-09-09 12:00:00,1.10474,1.10589,1.10326,1.10332,22896
2024-09-10 00:00:00,1.10334,1.10496,1.10283,1.10376,11282
2024-09-10 12:00:00,1.10378,1.10437,1.1015,1.10186,20781
2024-09-11 00:00:00,1.10184,1.10518,1.10164,1.10437,13876
2024-09-11 12:00:00,1.10436,1.1054599999999999,1.10018,1.10114,26376
2024-09-12 00:00:00,1.101,1.10238,1.10054,1.10154,10702
2024-09-12 12:00:00,1.10155,1.10749,1.10099,1.10737,24968
2024-09-13 00:00:00,1.10734,1.10937,1.10684,1.10926,12901
2024-09-13 12:00:00,1.10926,1.11016,1.10727,1.10753,22654
2024-09-16 00:00:00,1.10755,1.1126,1.10743,1.11226,11851
2024-09-16 12:00:00,1.11226,1.11375,1.11158,1.11316,20655
2024-09-17 00:00:00,1.1131199999999999,1.11461,1.11156,1.11446,12024
2024-09-17 12:00:00,1.11447,1.11447,1.11103,1.11124,25227
2024-09-18 00:00:00,1.11116,1.11332,1.11113,1.11295,11479
2024-09-18 12:00:00,1.11294,1.1189,1.10966,1.11176,29501
2024-09-19 00:00:00,1.11174,1.1169,1.10684,1.11627,20190
2024-09-19 12:00:00,1.11625,1.11786,1.11164,1.11605,29186
2024-09-20 00:00:00,1.11613,1.11817,1.11522,1.11642,15591
2024-09-20 12:00:00,1.11643,1.11767,1.11359,1.11629,25465
2024-09-23 00:00:00,1.11615,1.11671,1.10831,1.10924,15186
2024-09-23 12:00:00,1.10923,1.11432,1.10921,1.11099,25012
2024-09-24 00:00:00,1.11152,1.11447,1.1103,1.11399,15498
2024-09-24 12:00:00,1.11398,1.11807,1.1122,1.11785,23182
2024-09-25 00:00:00,1.11765,1.11985,1.11726,1.11847,13971
2024-09-25 12:00:00,1.11846,1.1214,1.11214,1.11321,24354
2024-09-26 00:00:00,1.11306,1.11578,1.11257,1.11411,13562
2024-09-26 12:00:00,1.11413,1.1189,1.11257,1.11756,27639
2024-09-27 00:00:00,1.11746,1.11785,1.11247,1.11444,18022
2024-09-27 12:00:00,1.11444,1.12028,1.11371,1.11629,26959
2024-09-30 00:00:00,1.116,1.12087,1.11524,1.12049,15101
2024-09-30 12:00:00,1.12056,1.12057,1.11136,1.11341,27437
2024-10-01 00:00:00,1.11334,1.11439,1.10979,1.11015,14860
2024-10-01 12:00:00,1.11016,1.11143,1.10457,1.10669,29328
2024-10-02 00:00:00,1.10628,1.10827,1.1054,1.10722,15200
2024-10-02 12:00:00,1.10723,1.10773,1.10326,1.10432,23265
2024-10-03 00:00:00,1.10429,1.10491,1.10249,1.10374,14791
2024-10-03 12:00:00,1.10376,1.10466,1.1008,1.10306,25503
2024-10-04 00:00:00,1.10334,1.10396,1.10211,1.10253,13847
2024-10-04 12:00:00,1.10254,1.10367,1.09512,1.09737,25117
2024-10-07 00:00:00,1.09633,1.09789,1.09543,1.097,16268
2024-10-07 12:00:00,1.097,1.09867,1.09541,1.09739,23580
2024-10-08 00:00:00,1.09743,1.0997,1.09581,1.09937,15829
2024-10-08 12:00:00,1.09937,1.09946,1.09608,1.09721,20546
2024-10-09 00:00:00,1.0977,1.09809,1.0951,1.09574,15159
2024-10-09 12:00:00,1.09577,1.09705,1.0936,1.09372,18918
2024-10-10 00:00:00,1.09379,1.09459,1.0928,1.09329,12975
2024-10-10 12:00:00,1.09329,1.09548,1.09,1.09346,26079
2024-10-11 00:00:00,1.09249,1.09537,1.09095,1.09494,10355
2024-10-11 12:00:00,1.0949200000000001,1.09523,1.09259,1.09362,18735
2024-10-14 00:00:00,1.093,1.09345,1.09152,1.09268,11230
2024-10-14 12:00:00,1.09267,1.09365,1.08879,1.09081,16593
2024-10-15 00:00:00,1.09045,1.09159,1.08849,1.09103,11983
2024-10-15 12:00:00,1.09104,1.09165,1.08817,1.08907,20968
2024-10-16 00:00:00,1.0889,1.08956,1.08751,1.08832,12200
2024-10-16 12:00:00,1.0883099999999999,1.09013,1.08533,1.08605,17588
2024-10-17 00:00:00,1.08556,1.08754,1.08488,1.08515,12123
2024-10-17 12:00:00,1.08517,1.08733,1.08109,1.083,22483
2024-10-18 00:00:00,1.08302,1.08484,1.08252,1.08377,12262
2024-10-18 12:00:00,1.08377,1.08694,1.0834,1.08666,17466
2024-10-21 00:00:00,1.0861,1.08717,1.08462,1.08552,11089
2024-10-21 12:00:00,1.08551,1.08589,1.08109,1.08147,17318
2024-10-22 00:00:00,1.08128,1.0838,1.08099,1.0827,11011
2024-10-22 12:00:00,1.08269,1.08305,1.07925,1.07988,18261
2024-10-23 00:00:00,1.07992,1.0806499999999999,1.07793,1.0788,11559
2024-10-23 12:00:00,1.07881,1.07892,1.07611,1.07811,19128
2024-10-24 00:00:00,1.07808,1.08078,1.07706,1.08031,12999
2024-10-24 12:00:00,1.08028,1.08297,1.07885,1.08266,19504
2024-10-25 00:00:00,1.08271,1.0836999999999999,1.08135,1.08237,11295
2024-10-25 12:00:00,1.08237,1.08391,1.0793,1.07952,18024
2024-10-28 00:00:00,1.07937,1.08212,1.07819,1.08128,14421
2024-10-28 12:00:00,1.08129,1.08275,1.08099,1.08135,16860
2024-10-29 00:00:00,1.08135,1.08262,1.08055,1.08176,12653
2024-10-29 12:00:00,1.08176,1.08206,1.07687,1.08136,22683
2024-10-30 00:00:00,1.08133,1.08591,1.08121,1.08395,13249
2024-10-30 12:00:00,1.08395,1.08712,1.08081,1.08554,23343
2024-10-31 00:00:00,1.08554,1.08671,1.08441,1.0865,13905
2024-10-31 12:00:00,1.0865,1.08879,1.08466,1.08817,26182
2024-11-01 00:00:00,1.08817,1.08885,1.08572,1.08583,12284
2024-11-01 12:00:00,1.08582,1.09054,1.08318,1.0833,23175
2024-11-04 00:00:00,1.08755,1.09048,1.08698,1.08961,15965
2024-11-04 12:00:00,1.08961,1.09147,1.08738,1.08767,20504
2024-11-05 00:00:00,1.08768,1.08975,1.08723,1.08917,9990
2024-11-05 12:00:00,1.08919,1.09363,1.08894,1.09263,18775
2024-11-06 00:00:00,1.09274,1.09369,1.07026,1.07552,40939
2024-11-06 12:00:00,1.07547,1.07616,1.06825,1.07254,35126
2024-11-07 00:00:00,1.0722,1.07714,1.07128,1.07462,18201
2024-11-07 12:00:00,1.07462,1.08246,1.07462,1.08034,30869
2024-11-08 00:00:00,1.08035,1.08047,1.07609,1.0779,18334
2024-11-08 12:00:00,1.07789,1.07973,1.06868,1.07179,25571
2024-11-11 00:00:00,1.0708,1.07277,1.06679,1.06815,17108
2024-11-11 12:00:00,1.06814,1.06884,1.06286,1.06509,19300
2024-11-12 00:00:00,1.06508,1.0663,1.06164,1.06263,17272
2024-11-12 12:00:00,1.06262,1.06295,1.05949,1.062,25062
2024-11-13 00:00:00,1.06202,1.06296,1.05932,1.06267,15092
2024-11-13 12:00:00,1.06268,1.0653299999999999,1.05556,1.05618,29768
2024-11-14 00:00:00,1.05626,1.05684,1.05177,1.05203,16724
2024-11-14 12:00:00,1.05202,1.05824,1.04961,1.05298,31344
2024-11-15 00:00:00,1.05306,1.05799,1.05236,1.0562,16889
2024-11-15 12:00:00,1.05622,1.05926,1.05163,1.05389,29246
2024-11-18 00:00:00,1.053,1.05711,1.0529,1.05661,17776
2024-11-18 12:00:00,1.05657,1.0607,1.05323,1.05974,22040
2024-11-19 00:00:00,1.05964,1.06006,1.05238,1.05492,18719
2024-11-19 12:00:00,1.05492,1.06005,1.05433,1.05931,26160
2024-11-20 00:00:00,1.05898,1.06097,1.0553,1.05554,15439
2024-11-20 12:00:00,1.05552,1.05677,1.05068,1.05431,23275
2024-11-21 00:00:00,1.05431,1.05548,1.05138,1.05168,15295
2024-11-21 12:00:00,1.05169,1.05445,1.04621,1.04734,27401
2024-11-22 00:00:00,1.04732,1.04979,1.03313,1.04019,19702
2024-11-22 12:00:00,1.0402,1.04373,1.03848,1.04178,29153
2024-11-25 00:00:00,1.04799,1.05011,1.0449,1.04892,22150
2024-11-25 12:00:00,1.0489,1.053,1.04667,1.04928,27171
2024-11-26 00:00:00,1.04889,1.05189,1.0425,1.05072,23721
2024-11-26 12:00:00,1.05072,1.05446,1.04571,1.04811,29366
2024-11-27 00:00:00,1.0481,1.05402,1.04743,1.05164,19393
2024-11-27 12:00:00,1.05162,1.05875,1.05104,1.05643,28937
2024-11-28 00:00:00,1.05645,1.0569,1.05275,1.05319,17647
2024-11-28 12:00:00,1.0532,1.05569,1.05299,1.05469,14796
2024-11-29 00:00:00,1.05477,1.0597,1.05464,1.05565,20110
2024-11-29 12:00:00,1.05564,1.05844,1.05414,1.05755,24513
2024-12-02 00:00:00,1.057,1.05719,1.04959,1.05134,22586
2024-12-02 12:00:00,1.05131,1.05381,1.04606,1.0496,30231
2024-12-03 00:00:00,1.04968,1.05306,1.04807,1.05203,18708
2024-12-03 12:00:00,1.05202,1.05349,1.0492,1.05049,27065
2024-12-04 00:00:00,1.05052,1.05288,1.04824,1.05028,19615
2024-12-04 12:00:00,1.0503,1.05439,1.04722,1.0506,29808
2024-12-05 00:00:00,1.05051,1.05463,1.05051,1.05285,15934
2024-12-05 12:00:00,1.05278,1.05895,1.05233,1.05824,26220
2024-12-06 00:00:00,1.05823,1.05938,1.05658,1.05772,15814
2024-12-06 12:00:00,1.05775,1.06296,1.05421,1.05665,27139
2024-12-09 00:00:00,1.05557,1.05748,1.05321,1.05661,16973
2024-12-09 12:00:00,1.05661,1.05943,1.0547,1.05496,22570
2024-12-10 00:00:00,1.0551,1.0568,1.0523,1.05311,16675
2024-12-10 12:00:00,1.05309,1.05377,1.04985,1.05235,24058
2024-12-11 00:00:00,1.05256,1.05393,1.04879,1.05004,16453
2024-12-11 12:00:00,1.05003,1.0537,1.04801,1.04917,28343
2024-12-12 00:00:00,1.04887,1.05309,1.04887,1.05099,16087
2024-12-12 12:00:00,1.05099,1.05208,1.04622,1.04641,30703
2024-12-13 00:00:00,1.04674,1.0493999999999999,1.04532,1.04864,16860
2024-12-13 12:00:00,1.04877,1.05241,1.04821,1.05025,23688
2024-12-16 00:00:00,1.04841,1.0524499999999999,1.04841,1.05051,14997
2024-12-16 12:00:00,1.05051,1.05224,1.04745,1.05088,22567
2024-12-17 00:00:00,1.05063,1.05342,1.04804,1.04856,15078
2024-12-17 12:00:00,1.04872,1.05157,1.04789,1.04883,23997
2024-12-18 00:00:00,1.0486,1.05126,1.0486,1.04941,13876
2024-12-18 12:00:00,1.04942,1.05033,1.03441,1.03496,30382
2024-12-19 00:00:00,1.03485,1.04222,1.03428,1.04124,22931
2024-12-19 12:00:00,1.04124,1.04157,1.03545,1.0362,30657
2024-12-20 00:00:00,1.03616,1.03982,1.0343,1.03828,18674
2024-12-20 12:00:00,1.03828,1.04473,1.03794,1.04287,28744
2024-12-23 00:00:00,1.04257,1.04451,1.04072,1.04077,13640
2024-12-23 12:00:00,1.04076,1.04178,1.03842,1.04021,21100
2024-12-24 00:00:00,1.04018,1.04097,1.03887,1.03918,9637
2024-12-24 12:00:00,1.03917,1.04098,1.03834,1.03897,14059
2024-12-25 00:00:00,1.03901,1.03963,1.03888,1.03961,18
2024-12-26 00:00:00,1.04021,1.0404,1.03903,1.0399,8318
2024-12-26 12:00:00,1.0399,1.04299,1.03925,1.04151,14351
2024-12-27 00:00:00,1.04147,1.04257,1.0405,1.04166,10444
2024-12-27 12:00:00,1.04166,1.04441,1.04116,1.04228,18868
2024-12-30 00:00:00,1.04251,1.0439,1.04092,1.04339,10831
2024-12-30 12:00:00,1.04338,1.04582,1.03715,1.0403,24306
2024-12-31 00:00:00,1.04039,1.04243,1.0394,1.04185,11910
2024-12-31 12:00:00,1.04189,1.04199,1.03438,1.03493,23700
2025-01-02 00:00:00,1.03515,1.03757,1.03444,1.03514,15125
2025-01-02 12:00:00,1.03516,1.03567,1.02239,1.02558,28402
2025-01-03 00:00:00,1.02556,1.02998,1.02513,1.02901,13348
2025-01-03 12:00:00,1.02901,1.03098,1.02728,1.03078,21613
2025-01-06 00:00:00,1.03018,1.03687,1.02955,1.03555,15976
2025-01-06 12:00:00,1.03556,1.04365,1.03288,1.0386,32795
2025-01-07 00:00:00,1.03864,1.0429599999999999,1.03761,1.04267,11149
2025-01-07 12:00:00,1.04264,1.04343,1.0336400000000001,1.0336400000000001,28328
2025-01-08 00:00:00,1.03371,1.03573,1.03154,1.03194,14976
2025-01-08 12:00:00,1.03194,1.03242,1.02732,1.03149,29796
2025-01-09 00:00:00,1.03155,1.03212,1.02836,1.03058,16029
2025-01-09 12:00:00,1.03056,1.03185,1.0291,1.02992,18404
2025-01-10 00:00:00,1.03011,1.03117,1.02811,1.02998,13231
2025-01-10 12:00:00,1.02999,1.03117,1.02128,1.02404,30425
2025-01-13 00:00:00,1.0231,1.02497,1.01772,1.01932,19184
2025-01-13 12:00:00,1.0193,1.02463,1.01859,1.02412,26585
2025-01-14 00:00:00,1.02424,1.02773,1.0237,1.02595,20014
2025-01-14 12:00:00,1.0259,1.03084,1.02394,1.03064,27294
2025-01-15 00:00:00,1.03064,1.0317,1.02866,1.03097,14993
2025-01-15 12:00:00,1.03096,1.03543,1.02579,1.02875,26610
2025-01-16 00:00:00,1.02854,1.03013,1.02807,1.0286,16032
2025-01-16 12:00:00,1.0286,1.0315,1.02599,1.02933,26860
2025-01-17 00:00:00,1.02965,1.03094,1.02774,1.02964,14160
2025-01-17 12:00:00,1.02967,1.03303,1.02651,1.02705,25576
2025-01-20 00:00:00,1.02731,1.03187,1.02663,1.0306,15267
2025-01-20 12:00:00,1.03061,1.04341,1.03061,1.04131,25791
2025-01-21 00:00:00,1.04133,1.04343,1.0342,1.03536,25479
2025-01-21 12:00:00,1.03535,1.04353,1.0343,1.04242,27298
2025-01-22 00:00:00,1.04259,1.04472,1.03925,1.04463,19530
2025-01-22 12:00:00,1.04466,1.04572,1.04053,1.04053,23591
2025-01-23 00:00:00,1.04053,1.04158,1.03899,1.04116,15937
2025-01-23 12:00:00,1.04117,1.04379,1.03721,1.04145,26537
2025-01-24 00:00:00,1.04109,1.05149,1.04108,1.04942,21566
2025-01-24 12:00:00,1.04942,1.05214,1.04635,1.04919,23621
2025-01-27 00:00:00,1.04751,1.04937,1.04539,1.04886,20683
2025-01-27 12:00:00,1.04888,1.0533,1.04791,1.04904,30533
2025-01-28 00:00:00,1.04905,1.04927,1.04192,1.0435,21572
2025-01-28 12:00:00,1.04346,1.04409,1.04138,1.04287,23491
2025-01-29 00:00:00,1.04238,1.0443500000000001,1.0402,1.04038,15088
2025-01-29 12:00:00,1.04036,1.04287,1.03822,1.04202,30772
2025-01-30 00:00:00,1.04176,1.04288,1.0402,1.04074,14377
2025-01-30 12:00:00,1.04072,1.04676,1.03861,1.03868,28313
2025-01-31 00:00:00,1.0381,1.04126,1.0365199999999999,1.03834,17900
2025-01-31 12:00:00,1.03833,1.04338,1.03496,1.0364,34522
2025-02-03 00:00:00,1.02509,1.02698,1.02111,1.02297,32208
2025-02-03 12:00:00,1.02296,1.03498,1.02296,1.03435,36369
2025-02-04 00:00:00,1.03402,1.03504,1.02717,1.03385,22933
2025-02-04 12:00:00,1.03381,1.03875,1.03201,1.03773,25560
2025-02-05 00:00:00,1.03739,1.04175,1.03687,1.04039,18385
2025-02-05 12:00:00,1.04039,1.04424,1.03968,1.04012,24486
2025-02-06 00:00:00,1.03993,1.04063,1.03561,1.03594,15649
2025-02-06 12:00:00,1.03595,1.03962,1.03525,1.03818,24002
2025-02-07 00:00:00,1.03809,1.03997,1.03724,1.03909,13860
2025-02-07 12:00:00,1.03909,1.04123,1.03051,1.03262,30200
2025-02-10 00:00:00,1.02966,1.0334699999999999,1.02779,1.03268,16811
2025-02-10 12:00:00,1.03264,1.0336400000000001,1.03043,1.0306,18532
2025-02-11 00:00:00,1.03024,1.03219,1.0292,1.03177,13491
2025-02-11 12:00:00,1.03178,1.0381,1.03143,1.03602,19735
2025-02-12 00:00:00,1.03604,1.03799,1.03539,1.03734,14492
2025-02-12 12:00:00,1.03738,1.04298,1.0317,1.03813,29672
2025-02-13 00:00:00,1.03772,1.04399,1.03769,1.04226,18937
2025-02-13 12:00:00,1.04228,1.04669,1.03728,1.04627,30715
2025-02-14 00:00:00,1.04589,1.04877,1.0447,1.04811,17272
2025-02-14 12:00:00,1.04812,1.0514000000000001,1.0457,1.04898,22521
2025-02-17 00:00:00,1.04845,1.05063,1.04709,1.04742,16113
2025-02-17 12:00:00,1.04741,1.04893,1.0467,1.04828,12410
2025-02-18 00:00:00,1.04762,1.04863,1.04522,1.04639,15886
2025-02-18 12:00:00,1.04648,1.04694,1.0435,1.04441,19138
2025-02-19 00:00:00,1.04412,1.04612,1.04284,1.0429,14120
2025-02-19 12:00:00,1.04291,1.04415,1.04006,1.04213,27864
2025-02-20 00:00:00,1.04157,1.04421,1.04143,1.04366,22875
2025-02-20 12:00:00,1.04367,1.05033,1.04309,1.05,33693
2025-02-21 00:00:00,1.04936,1.05058,1.04665,1.04689,23729
2025-02-21 12:00:00,1.0469,1.04924,1.04492,1.04571,33135
2025-02-24 00:00:00,1.04684,1.05283,1.04568,1.04723,32084
2025-02-24 12:00:00,1.04722,1.04858,1.04528,1.04665,32206
2025-02-25 00:00:00,1.04662,1.04802,1.0456,1.04728,22976
2025-02-25 12:00:00,1.0473,1.05193,1.04652,1.05115,36342
2025-02-26 00:00:00,1.05095,1.05248,1.04871,1.04972,23226
2025-02-26 12:00:00,1.04973,1.05286,1.04749,1.04823,40739
2025-02-27 00:00:00,1.04767,1.04926,1.0459,1.0484,21394
2025-02-27 12:00:00,1.04843,1.04898,1.03957,1.03963,40199
2025-02-28 00:00:00,1.03927,1.0408,1.03803,1.03955,24292
2025-02-28 12:00:00,1.03955,1.042,1.03597,1.03743,40549
2025-03-03 00:00:00,1.04025,1.04291,1.03885,1.04271,26916
2025-03-03 12:00:00,1.04272,1.05042,1.04272,1.04851,44552
2025-03-04 00:00:00,1.04854,1.05274,1.04709,1.05118,32279
2025-03-04 12:00:00,1.0512299999999999,1.06269,1.04963,1.06246,54297
2025-03-05 00:00:00,1.06192,1.07222,1.0602,1.07115,38613
2025-03-05 12:00:00,1.07116,1.07969,1.06764,1.0788,56929
2025-03-06 00:00:00,1.07878,1.08223,1.07803,1.07997,37045
2025-03-06 12:00:00,1.07997,1.08541,1.0765500000000001,1.07802,57960
2025-03-07 00:00:00,1.07795,1.08716,1.07758,1.08613,28521
2025-03-07 12:00:00,1.08613,1.08887,1.08256,1.08325,51486
2025-03-10 00:00:00,1.08373,1.08709,1.0805,1.08514,32519
2025-03-10 12:00:00,1.08513,1.08745,1.08124,1.08344,41390
2025-03-11 00:00:00,1.08342,1.09208,1.0832600000000001,1.09086,33675
2025-03-11 12:00:00,1.09086,1.09472,1.08811,1.09101,42463
2025-03-12 00:00:00,1.0912,1.09266,1.08873,1.09147,28004
2025-03-12 12:00:00,1.09141,1.0931899999999999,1.08757,1.08841,42358
2025-03-13 00:00:00,1.08874,1.08972,1.08591,1.08795,24833
2025-03-13 12:00:00,1.08797,1.08829,1.08224,1.08511,42969
2025-03-14 00:00:00,1.0851,1.08621,1.08305,1.08523,24432
2025-03-14 12:00:00,1.08519,1.09124,1.08513,1.08751,39164
2025-03-17 00:00:00,1.0878,1.09006,1.08684,1.09,21199
2025-03-17 12:00:00,1.09001,1.09299,1.08874,1.09215,29078
2025-03-18 00:00:00,1.09214,1.09546,1.09035,1.09504,19049
2025-03-18 12:00:00,1.09503,1.09524,1.08924,1.09434,32459
2025-03-19 00:00:00,1.09437,1.09457,1.08733,1.09022,21270
2025-03-19 12:00:00,1.09023,1.09178,1.08601,1.0903,35676
2025-03-20 00:00:00,1.09041,1.09174,1.08385,1.0852,23336
2025-03-20 12:00:00,1.08523,1.08585,1.08148,1.08534,29683
2025-03-21 00:00:00,1.0853,1.08588,1.08198,1.08258,20075
2025-03-21 12:00:00,1.08261,1.08617,1.07964,1.08129,29195
2025-03-24 00:00:00,1.08184,1.08584,1.08159,1.08394,25163
2025-03-24 12:00:00,1.08398,1.0854300000000001,1.07811,1.07992,33071
2025-03-25 00:00:00,1.08008,1.08084,1.07765,1.08001,23734
2025-03-25 12:00:00,1.08,1.08295,1.07876,1.07918,33849
2025-03-26 00:00:00,1.07914,1.08022,1.07774,1.07954,23718
2025-03-26 12:00:00,1.07953,1.08011,1.07343,1.0737,35862
2025-03-27 00:00:00,1.07367,1.07864,1.07327,1.07703,28084
2025-03-27 12:00:00,1.07703,1.08207,1.07662,1.07975,35631
2025-03-28 00:00:00,1.07975,1.08008,1.07683,1.0773,22901
2025-03-28 12:00:00,1.07732,1.08442,1.07642,1.08276,35985
2025-03-31 00:00:00,1.08203,1.08489,1.08049,1.08269,31888
2025-03-31 12:00:00,1.08269,1.083,1.07836,1.08139,38116
2025-04-01 00:00:00,1.0813,1.08295,1.07984,1.08168,24625
2025-04-01 12:00:00,1.08168,1.08288,1.07779,1.07916,39719
2025-04-02 00:00:00,1.07863,1.08077,1.07796,1.07971,21723
2025-04-02 12:00:00,1.07971,1.09242,1.07854,1.08474,43221
2025-04-03 00:00:00,1.08436,1.10203,1.08044,1.10088,53791
2025-04-03 12:00:00,1.10088,1.11456,1.10033,1.10507,65304
2025-04-04 00:00:00,1.10499,1.11072,1.09748,1.09958,49045
2025-04-04 12:00:00,1.09961,1.10891,1.09241,1.09623,90509
2025-04-07 00:00:00,1.0889,1.10495,1.08778,1.09916,72296
2025-04-07 12:00:00,1.09916,1.09959,1.09009,1.0907499999999999,83748
2025-04-08 00:00:00,1.09012,1.09913,1.09009,1.0936,55065
2025-04-08 12:00:00,1.09359,1.09774,1.08884,1.09532,76053
2025-04-09 00:00:00,1.09574,1.10892,1.09451,1.10269,72950
2025-04-09 12:00:00,1.10269,1.10944,1.0913,1.09453,88650
2025-04-10 00:00:00,1.09449,1.10474,1.09425,1.10369,57594
2025-04-10 12:00:00,1.1037,1.12409,1.1033,1.11941,81580
2025-04-11 00:00:00,1.11978,1.14736,1.11806,1.14269,70658
2025-04-11 12:00:00,1.14269,1.14269,1.1276,1.1359,80387
2025-04-14 00:00:00,1.13103,1.14242,1.13096,1.13872,52681
2025-04-14 12:00:00,1.13871,1.14074,1.12953,1.13484,57899
2025-04-15 00:00:00,1.13493,1.13784,1.13154,1.13462,38611
2025-04-15 12:00:00,1.13458,1.13555,1.12635,1.1280000000000001,54506
2025-04-16 00:00:00,1.12795,1.13917,1.12768,1.1369,44155
2025-04-16 12:00:00,1.13686,1.14123,1.13402,1.1397,61144
2025-04-17 00:00:00,1.13919,1.14087,1.13431,1.13781,39626
2025-04-17 12:00:00,1.13778,1.13852,1.13352,1.13609,55918
2025-04-18 00:00:00,1.13608,1.13848,1.13519,1.13708,40003
2025-04-18 12:00:00,1.13705,1.13967,1.13667,1.13898,39389
2025-04-21 00:00:00,1.13964,1.15668,1.1384400000000001,1.15577,44482
2025-04-21 12:00:00,1.15577,1.15727,1.14811,1.15126,44888
2025-04-22 00:00:00,1.15097,1.15467,1.14815,1.14992,50605
2025-04-22 12:00:00,1.14993,1.15073,1.14162,1.14204,54828
2025-04-23 00:00:00,1.1415899999999999,1.14247,1.13074,1.14124,57679
2025-04-23 12:00:00,1.14124,1.14394,1.13094,1.13122,61478
2025-04-24 00:00:00,1.13089,1.13924,1.13075,1.138,40832
2025-04-24 12:00:00,1.13797,1.13974,1.13472,1.13839,48114
2025-04-25 00:00:00,1.1384400000000001,1.1391,1.13151,1.13499,41465
2025-04-25 12:00:00,1.135,1.13882,1.13326,1.13618,42894
2025-04-28 00:00:00,1.1364,1.13802,1.1329,1.13432,34264
2025-04-28 12:00:00,1.13432,1.14245,1.13391,1.14152,44874
2025-04-29 00:00:00,1.1414,1.14217,1.13735,1.13848,36477
2025-04-29 12:00:00,1.13848,1.1418300000000001,1.13696,1.13808,47861
2025-04-30 00:00:00,1.13811,1.13989,1.13546,1.13708,33618
2025-04-30 12:00:00,1.13712,1.13882,1.13166,1.13265,51956
2025-05-01 00:00:00,1.13259,1.13313,1.12873,1.13192,32548
2025-05-01 12:00:00,1.13192,1.13405,1.12654,1.12854,42372
2025-05-02 00:00:00,1.12858,1.13373,1.1273900000000001,1.13317,32482
2025-05-02 12:00:00,1.13321,1.13804,1.12911,1.12988,53979
2025-05-05 00:00:00,1.13042,1.13468,1.12921,1.13254,34040
2025-05-05 12:00:00,1.13262,1.13644,1.1296599999999999,1.13126,39901
2025-05-06 00:00:00,1.13128,1.1349,1.12795,1.13268,31577
2025-05-06 12:00:00,1.13267,1.13805,1.13049,1.13654,41337
2025-05-07 00:00:00,1.13662,1.13777,1.13248,1.13578,40175
2025-05-07 12:00:00,1.1357599999999999,1.13723,1.12913,1.12948,45145
2025-05-08 00:00:00,1.12948,1.13358,1.12698,1.12875,34553
2025-05-08 12:00:00,1.12874,1.13197,1.12115,1.12224,48340
2025-05-09 00:00:00,1.12224,1.12586,1.11963,1.12559,29105
2025-05-09 12:00:00,1.1256,1.12923,1.12418,1.12466,32493
2025-05-12 00:00:00,1.11948,1.12423,1.10818,1.1137299999999999,44301
2025-05-12 12:00:00,1.1137299999999999,1.11414,1.1065,1.1083,49970
2025-05-13 00:00:00,1.10811,1.11239,1.10802,1.11114,30171
2025-05-13 12:00:00,1.11118,1.11944,1.10965,1.11839,38128
2025-05-14 00:00:00,1.11794,1.12517,1.11794,1.12381,33305
2025-05-14 12:00:00,1.1238299999999999,1.1265100000000001,1.1164,1.11695,46012
2025-05-15 00:00:00,1.11667,1.12275,1.11629,1.12093,27889
2025-05-15 12:00:00,1.12094,1.12233,1.11698,1.11853,37919
2025-05-16 00:00:00,1.11835,1.12191,1.11773,1.11986,28412
2025-05-16 12:00:00,1.11984,1.12082,1.11306,1.11619,35747
2025-05-19 00:00:00,1.11756,1.12586,1.1162,1.12567,36227
2025-05-19 12:00:00,1.1257,1.12876,1.12236,1.1233,39890
2025-05-20 00:00:00,1.12342,1.1277300000000001,1.12176,1.12578,31502
2025-05-20 12:00:00,1.12578,1.12854,1.12231,1.12813,36437
2025-05-21 00:00:00,1.12811,1.13526,1.12774,1.13221,33053
2025-05-21 12:00:00,1.13223,1.13623,1.13142,1.13235,43904
2025-05-22 00:00:00,1.13238,1.13443,1.1295,1.13014,39600
2025-05-22 12:00:00,1.13012,1.13144,1.12553,1.12774,43437
2025-05-23 00:00:00,1.1277300000000001,1.13441,1.12755,1.13414,27123
2025-05-23 12:00:00,1.13413,1.1375,1.1297,1.13589,46842
2025-05-26 00:00:00,1.1363,1.14181,1.13597,1.13841,34926
2025-05-26 12:00:00,1.13841,1.13877,1.13684,1.13811,14859
2025-05-27 00:00:00,1.13809,1.14066,1.13366,1.13481,28575
2025-05-27 12:00:00,1.1348,1.13751,1.13227,1.1327,36052
2025-05-28 00:00:00,1.13263,1.13453,1.12949,1.13315,31011
2025-05-28 12:00:00,1.13316,1.13402,1.12833,1.12898,38921
2025-05-29 00:00:00,1.129,1.12967,1.12099,1.12714,43682
2025-05-29 12:00:00,1.12714,1.13839,1.12675,1.1365,42776
2025-05-30 00:00:00,1.13644,1.13893,1.13229,1.13235,35157
2025-05-30 12:00:00,1.13235,1.13665,1.1312,1.13457,44434
2025-06-02 00:00:00,1.1346,1.14363,1.13398,1.14197,32610
2025-06-02 12:00:00,1.14197,1.14494,1.14039,1.1437599999999999,41824
2025-06-03 00:00:00,1.14339,1.14541,1.1405,1.1411,27120
2025-06-03 12:00:00,1.14109,1.14175,1.13635,1.13708,35578
2025-06-04 00:00:00,1.137,1.14035,1.1356600000000001,1.1399,29077
2025-06-04 12:00:00,1.13989,1.1434,1.13744,1.1412499999999999,37848
2025-06-05 00:00:00,1.14113,1.14343,1.14041,1.14124,27625
2025-06-05 12:00:00,1.14124,1.14944,1.14091,1.14431,48321
2025-06-06 00:00:00,1.14429,1.14569,1.14111,1.14142,23296
2025-06-06 12:00:00,1.14141,1.14308,1.13712,1.13934,42763
2025-06-09 00:00:00,1.13955,1.14355,1.13885,1.14279,24121
2025-06-09 12:00:00,1.14279,1.14388,1.1386,1.14194,28968
2025-06-10 00:00:00,1.142,1.14351,1.13725,1.14077,32111
2025-06-10 12:00:00,1.14076,1.14471,1.14031,1.14201,31016
2025-06-11 00:00:00,1.14208,1.1439,1.14048,1.14304,25461
2025-06-11 12:00:00,1.14304,1.14989,1.14263,1.14859,39217
2025-06-12 00:00:00,1.14865,1.15471,1.14816,1.1543700000000001,35126
2025-06-12 12:00:00,1.15436,1.16313,1.15399,1.15799,45321
2025-06-13 00:00:00,1.15795,1.16141,1.15113,1.15282,44242
2025-06-13 12:00:00,1.15282,1.15689,1.14882,1.1549,43415
2025-06-16 00:00:00,1.15272,1.1586,1.15211,1.15777,36479
2025-06-16 12:00:00,1.1578,1.16141,1.15541,1.15572,36854
2025-06-17 00:00:00,1.15574,1.1571799999999999,1.15421,1.15515,32924
2025-06-17 12:00:00,1.15513,1.15795,1.14741,1.14787,44696
2025-06-18 00:00:00,1.1476899999999999,1.15228,1.14696,1.15016,29780
2025-06-18 12:00:00,1.15016,1.15298,1.14603,1.14753,48043
2025-06-19 00:00:00,1.14738,1.14885,1.14458,1.14761,33645
2025-06-19 12:00:00,1.14761,1.14994,1.14542,1.149,27990
2025-06-20 00:00:00,1.14872,1.15317,1.14861,1.15221,31767
2025-06-20 12:00:00,1.15219,1.15434,1.14947,1.15216,35759
2025-06-23 00:00:00,1.14516,1.15206,1.14516,1.14812,39314
2025-06-23 12:00:00,1.14811,1.15811,1.1453,1.15731,49992
2025-06-24 00:00:00,1.15727,1.16217,1.15709,1.1592,38080
2025-06-24 12:00:00,1.1592,1.16412,1.15816,1.16077,41872
2025-06-25 00:00:00,1.16043,1.16314,1.15895,1.16095,26391
2025-06-25 12:00:00,1.16093,1.16646,1.15896,1.16578,33685
2025-06-26 00:00:00,1.1655,1.17444,1.16514,1.17272,30356
2025-06-26 12:00:00,1.17269,1.17397,1.16894,1.16992,41610
2025-06-27 00:00:00,1.16936,1.17264,1.168,1.17088,26634
2025-06-27 12:00:00,1.1709,1.17532,1.1687400000000001,1.17148,40027
2025-06-30 00:00:00,1.1728,1.1750099999999999,1.17112,1.17289,28891
2025-06-30 12:00:00,1.17286,1.17881,1.17073,1.17862,35322
2025-07-01 00:00:00,1.17849,1.18168,1.17669,1.18039,25736
2025-07-01 12:00:00,1.18037,1.18293,1.17608,1.18052,39717
2025-07-02 00:00:00,1.18014,1.18096,1.17695,1.17749,22555
2025-07-02 12:00:00,1.1775,1.18028,1.17463,1.17968,38979
2025-07-03 00:00:00,1.1797,1.1801599999999999,1.17864,1.17992,2770
2025-07-03 12:00:00,1.17913,1.17995,1.17168,1.17549,34632
2025-07-04 00:00:00,1.17553,1.17771,1.17503,1.1774,10351
2025-07-04 12:00:00,1.17736,1.17869,1.17634,1.17663,28370
2025-07-07 00:00:00,1.17804,1.17897,1.1723,1.17238,24080
2025-07-07 12:00:00,1.17238,1.17449,1.16863,1.1706699999999999,33661
2025-07-08 00:00:00,1.17047,1.17646,1.17047,1.17484,25502
2025-07-08 12:00:00,1.17483,1.175,1.16821,1.17238,34626
2025-07-09 00:00:00,1.17227,1.17288,1.1701,1.1712799999999999,24572
2025-07-09 12:00:00,1.1712799999999999,1.17243,1.16891,1.1717,30935
2025-07-10 00:00:00,1.17157,1.1749100000000001,1.17071,1.17272,19976
2025-07-10 12:00:00,1.17271,1.17338,1.16621,1.16994,31457
2025-07-11 00:00:00,1.16981,1.1706699999999999,1.16642,1.16815,29395
2025-07-11 12:00:00,1.16815,1.17136,1.16736,1.16882,33710
2025-07-14 00:00:00,1.1659,1.16973,1.16538,1.1682,24956
2025-07-14 12:00:00,1.1682,1.16966,1.16586,1.16636,28668
2025-07-15 00:00:00,1.16627,1.16921,1.16596,1.16863,19537
2025-07-15 12:00:00,1.16864,1.16906,1.15924,1.16018,34025
2025-07-16 00:00:00,1.15954,1.16279,1.15951,1.16249,19163
2025-07-16 12:00:00,1.16248,1.17207,1.1562000000000001,1.16331,47528
2025-07-17 00:00:00,1.16291,1.16421,1.15729,1.16009,22488
2025-07-17 12:00:00,1.16012,1.16042,1.15563,1.15943,30040
2025-07-18 00:00:00,1.15934,1.16451,1.15896,1.1635,20500
2025-07-18 12:00:00,1.1635,1.16715,1.16166,1.16242,30927
2025-07-21 00:00:00,1.16223,1.16516,1.16141,1.16417,23586
2025-07-21 12:00:00,1.16417,1.1716199999999999,1.16331,1.16872,28103
2025-07-22 00:00:00,1.16873,1.17029,1.1681300000000001,1.1698,16052
2025-07-22 12:00:00,1.1697899999999999,1.176,1.16783,1.17531,27587
2025-07-23 00:00:00,1.17522,1.17554,1.17268,1.17322,23557
2025-07-23 12:00:00,1.17322,1.17747,1.17104,1.17665,33060
2025-07-24 00:00:00,1.17648,1.17795,1.17546,1.17575,18267
2025-07-24 12:00:00,1.17575,1.17883,1.17302,1.17469,32176
2025-07-25 00:00:00,1.17507,1.17603,1.17327,1.17427,21756
2025-07-25 12:00:00,1.17426,1.17465,1.17027,1.17402,31221
2025-07-28 00:00:00,1.17519,1.17698,1.1670099999999999,1.16785,25429
2025-07-28 12:00:00,1.16785,1.16839,1.1584699999999999,1.15863,33511
2025-07-29 00:00:00,1.15854,1.15987,1.15262,1.15685,22070
2025-07-29 12:00:00,1.15685,1.15877,1.15185,1.15442,34103
2025-07-30 00:00:00,1.15421,1.15722,1.15396,1.15562,19584
2025-07-30 12:00:00,1.15562,1.156,1.14002,1.14012,43261
2025-07-31 00:00:00,1.14008,1.14602,1.14002,1.14494,26350
2025-07-31 12:00:00,1.14494,1.14504,1.14054,1.14136,36757
2025-08-01 00:00:00,1.14119,1.14375,1.14044,1.14059,25356
2025-08-01 12:00:00,1.14059,1.15965,1.1391,1.15873,54461
2025-08-04 00:00:00,1.15892,1.15961,1.15495,1.15579,26082
2025-08-04 12:00:00,1.15577,1.15884,1.15548,1.15743,35095
2025-08-05 00:00:00,1.15679,1.15881,1.15312,1.15369,20200
2025-08-05 12:00:00,1.15373,1.15862,1.15276,1.15758,33766
2025-08-06 00:00:00,1.15711,1.15886,1.1564,1.1575,17234
2025-08-06 12:00:00,1.15749,1.1668,1.15741,1.16593,33436
2025-08-07 00:00:00,1.16538,1.16982,1.1649,1.16822,20976
2025-08-07 12:00:00,1.16822,1.16842,1.16105,1.16631,39682
2025-08-08 00:00:00,1.16594,1.16788,1.1634,1.16367,20910
2025-08-08 12:00:00,1.16365,1.16673,1.16282,1.16397,30216
2025-08-11 00:00:00,1.16436,1.1675,1.16405,1.16549,24793
2025-08-11 12:00:00,1.16548,1.16577,1.15896,1.16149,27135
2025-08-12 00:00:00,1.16068,1.16285,1.16067,1.16143,20454
2025-08-12 12:00:00,1.16143,1.16966,1.15982,1.16721,40525
2025-08-13 00:00:00,1.16696,1.17199,1.16676,1.17135,21016
2025-08-13 12:00:00,1.17135,1.17297,1.16926,1.17037,27734
2025-08-14 00:00:00,1.16999,1.17146,1.1667399999999999,1.16679,21800
2025-08-14 12:00:00,1.16679,1.16968,1.16305,1.16471,34688
2025-08-15 00:00:00,1.1647,1.1684700000000001,1.16451,1.16818,16837
2025-08-15 12:00:00,1.16817,1.17147,1.16732,1.17066,28305
2025-08-18 00:00:00,1.17096,1.17157,1.16705,1.1681300000000001,18648
2025-08-18 12:00:00,1.1681300000000001,1.16878,1.16555,1.166,26024
2025-08-19 00:00:00,1.1659,1.16837,1.1638600000000001,1.16745,19217
2025-08-19 12:00:00,1.16747,1.16924,1.16418,1.16453,23905
2025-08-20 00:00:00,1.16393,1.1650800000000001,1.16218,1.16372,22992
2025-08-20 12:00:00,1.16371,1.16731,1.16345,1.16493,28157
2025-08-21 00:00:00,1.16486,1.16608,1.16245,1.1654200000000001,18635
2025-08-21 12:00:00,1.1654200000000001,1.16622,1.16007,1.16056,30021
2025-08-22 00:00:00,1.16012,1.1616,1.15824,1.15989,17115
2025-08-22 12:00:00,1.15988,1.1742,1.1593,1.17208,34156
2025-08-25 00:00:00,1.17199,1.17286,1.16931,1.17036,21857
2025-08-25 12:00:00,1.17036,1.17086,1.16024,1.1617899999999999,26314
2025-08-26 00:00:00,1.16158,1.16594,1.16017,1.16174,27271
2025-08-26 12:00:00,1.16174,1.16647,1.16171,1.16402,30292
2025-08-27 00:00:00,1.16402,1.16471,1.15766,1.15881,18459
2025-08-27 12:00:00,1.15883,1.16422,1.15736,1.16369,28404
2025-08-28 00:00:00,1.16331,1.1654200000000001,1.16286,1.16419,17394
2025-08-28 12:00:00,1.16419,1.1696900000000001,1.16419,1.16812,29705
2025-08-29 00:00:00,1.168,1.16897,1.16557,1.1675200000000001,18385
2025-08-29 12:00:00,1.1675200000000001,1.17083,1.16504,1.16825,29415
2025-09-01 00:00:00,1.16943,1.17357,1.16846,1.17348,17969
2025-09-01 12:00:00,1.17347,1.17356,1.16961,1.17106,17964
2025-09-02 00:00:00,1.17061,1.17177,1.16332,1.16446,24244
2025-09-02 12:00:00,1.16445,1.16821,1.16125,1.16402,38269
2025-09-03 00:00:00,1.16339,1.1657,1.16077,1.16559,19641
2025-09-03 12:00:00,1.16559,1.16816,1.16382,1.16602,29927
2025-09-04 00:00:00,1.16584,1.16689,1.16439,1.16572,19051
2025-09-04 12:00:00,1.16573,1.16599,1.16302,1.16498,28930
2025-09-05 00:00:00,1.16459,1.16845,1.16427,1.16831,14278
2025-09-05 12:00:00,1.16831,1.17597,1.16775,1.17167,40286
2025-09-08 00:00:00,1.17089,1.1743000000000001,1.17027,1.17315,19525
2025-09-08 12:00:00,1.17311,1.17658,1.17199,1.17622,26033
2025-09-09 00:00:00,1.17588,1.17803,1.17441,1.17593,19262
2025-09-09 12:00:00,1.17593,1.17723,1.17034,1.17094,33181
2025-09-10 00:00:00,1.17027,1.17181,1.16826,1.16998,19451
2025-09-10 12:00:00,1.16997,1.17307,1.16915,1.16939,31078
2025-09-11 00:00:00,1.1693,1.17071,1.16835,1.1692,15462
2025-09-11 12:00:00,1.16917,1.17463,1.16604,1.17352,40817
2025-09-12 00:00:00,1.17307,1.17479,1.17154,1.17171,18546
2025-09-12 12:00:00,1.1717,1.17418,1.17011,1.1734,27772
2025-09-15 00:00:00,1.17269,1.17444,1.1716,1.1736900000000001,16681
2025-09-15 12:00:00,1.17367,1.17747,1.17364,1.17605,25036
2025-09-16 00:00:00,1.17593,1.18042,1.1757,1.17947,18796
2025-09-16 12:00:00,1.17948,1.18787,1.1789399999999999,1.18659,36935
2025-09-17 00:00:00,1.18588,1.18731,1.18381,1.18484,15348
2025-09-17 12:00:00,1.18485,1.19185,1.18069,1.1812,43452
2025-09-18 00:00:00,1.18102,1.18387,1.17803,1.1828,23010
2025-09-18 12:00:00,1.1828,1.18484,1.17503,1.17856,36873
2025-09-19 00:00:00,1.17828,1.17927,1.17513,1.1761300000000001,22641
2025-09-19 12:00:00,1.17612,1.17691,1.17286,1.17419,27948
2025-09-22 00:00:00,1.17338,1.17693,1.17258,1.17625,18034
2025-09-22 12:00:00,1.17626,1.18024,1.17615,1.1801,23505
2025-09-23 00:00:00,1.17913,1.18202,1.17789,1.1803,20601
2025-09-23 12:00:00,1.18029,1.18179,1.17841,1.18141,30135
2025-09-24 00:00:00,1.18117,1.18184,1.17662,1.1772,19760
2025-09-24 12:00:00,1.17718,1.17752,1.17279,1.1737,29313
2025-09-25 00:00:00,1.17358,1.17537,1.17304,1.1743000000000001,16549
2025-09-25 12:00:00,1.17428,1.17541,1.16452,1.16645,36662
2025-09-26 00:00:00,1.1657,1.1688,1.1651,1.16808,21751
2025-09-26 12:00:00,1.16807,1.1706699999999999,1.16615,1.1699,30116
2025-09-29 00:00:00,1.16993,1.17334,1.16978,1.17239,17026
2025-09-29 12:00:00,1.17239,1.17547,1.1709,1.17261,25416
2025-09-30 00:00:00,1.17238,1.17616,1.17119,1.17553,17550
2025-09-30 12:00:00,1.17554,1.17615,1.17164,1.1733,29551
2025-10-01 00:00:00,1.17339,1.17789,1.17287,1.17492,23772
2025-10-01 12:00:00,1.17495,1.17688,1.1715200000000001,1.173,41242
2025-10-02 00:00:00,1.17279,1.17569,1.17239,1.17534,17228
2025-10-02 12:00:00,1.17539,1.17585,1.1683,1.17161,30682
2025-10-03 00:00:00,1.17123,1.17447,1.17115,1.17404,15417
2025-10-03 12:00:00,1.174,1.17591,1.17265,1.1741,26076
2025-10-06 00:00:00,1.17141,1.1731,1.1652,1.16675,28014
2025-10-06 12:00:00,1.16675,1.17212,1.16524,1.17119,27506
2025-10-07 00:00:00,1.17088,1.1715200000000001,1.16651,1.16662,17590
2025-10-07 12:00:00,1.1666,1.1681300000000001,1.16468,1.16566,29021
2025-10-08 00:00:00,1.16528,1.16607,1.16069,1.16143,21049
2025-10-08 12:00:00,1.16145,1.1644700000000001,1.15981,1.16278,30643
2025-10-09 00:00:00,1.16231,1.1648399999999999,1.16029,1.16121,23100
2025-10-09 12:00:00,1.16122,1.1627399999999999,1.15418,1.15642,36993
2025-10-10 00:00:00,1.15531,1.15896,1.15435,1.15791,17078
2025-10-10 12:00:00,1.1579,1.16305,1.15592,1.16227,35790
2025-10-13 00:00:00,1.16112,1.1630099999999999,1.1581299999999999,1.15854,23723
2025-10-13 12:00:00,1.15855,1.15982,1.15574,1.15696,25400
2025-10-14 00:00:00,1.15649,1.15939,1.15427,1.1559,23569
2025-10-14 12:00:00,1.15592,1.16151,1.15461,1.16073,34644
2025-10-15 00:00:00,1.16041,1.16455,1.16017,1.16324,20723
2025-10-15 12:00:00,1.16323,1.16474,1.16103,1.16466,31204
2025-10-16 00:00:00,1.16418,1.16756,1.1636199999999999,1.16591,23334
2025-10-16 12:00:00,1.16592,1.16941,1.16461,1.16868,32210
2025-10-17 00:00:00,1.1682299999999999,1.17281,1.1681,1.1697,25352
2025-10-17 12:00:00,1.16972,1.1708,1.16495,1.16502,31549
2025-10-20 00:00:00,1.16622,1.16757,1.16507,1.16637,16284
2025-10-20 12:00:00,1.16636,1.16679,1.16384,1.16404,24183
2025-10-21 00:00:00,1.16389,1.16553,1.16127,1.16214,18340
2025-10-21 12:00:00,1.16215,1.16275,1.15975,1.15988,30230
2025-10-22 00:00:00,1.15965,1.16159,1.15897,1.15979,16797
2025-10-22 12:00:00,1.15978,1.16224,1.15768,1.16089,26921
2025-10-23 00:00:00,1.16079,1.16138,1.15902,1.15965,14800
2025-10-23 12:00:00,1.15964,1.16201,1.15852,1.16175,20707
2025-10-24 00:00:00,1.1615199999999999,1.16281,1.16008,1.16099,15768
2025-10-24 12:00:00,1.16097,1.16489,1.16051,1.16253,28512
2025-10-27 00:00:00,1.1629,1.16478,1.16175,1.1638,16958
2025-10-27 12:00:00,1.16381,1.1652,1.16313,1.1644700000000001,20552
2025-10-28 00:00:00,1.16467,1.16684,1.16448,1.16571,17482
2025-10-28 12:00:00,1.16573,1.16689,1.16254,1.1651,24985
2025-10-29 00:00:00,1.16519,1.16608,1.16186,1.16411,18639
2025-10-29 12:00:00,1.1641,1.16661,1.15774,1.16019,38663
2025-10-30 00:00:00,1.16016,1.16375,1.15965,1.16168,22906
2025-10-30 12:00:00,1.1617,1.162,1.1547,1.15684,29611
2025-10-31 00:00:00,1.15683,1.15775,1.15546,1.15763,20388
2025-10-31 12:00:00,1.15763,1.15764,1.15211,1.15361,30626
2025-11-03 00:00:00,1.1529099999999999,1.1541299999999999,1.15094,1.15147,20775
2025-11-03 12:00:00,1.15143,1.1538,1.15049,1.15187,27273
2025-11-04 00:00:00,1.15158,1.15339,1.14975,1.15011,23527
2025-11-04 12:00:00,1.15012,1.15101,1.14728,1.14821,32828
2025-11-05 00:00:00,1.1480299999999999,1.14981,1.14778,1.14847,23136
2025-11-05 12:00:00,1.14847,1.14938,1.14688,1.14924,33183
2025-11-06 00:00:00,1.14895,1.15241,1.14893,1.15134,18621
2025-11-06 12:00:00,1.15133,1.15523,1.151,1.15465,28238
2025-11-07 00:00:00,1.15357,1.15517,1.15293,1.15384,20193
2025-11-07 12:00:00,1.15383,1.15912,1.15372,1.15637,26188
2025-11-10 00:00:00,1.15545,1.15831,1.15415,1.1568,20464
2025-11-10 12:00:00,1.15679,1.15782,1.15408,1.15564,24814
2025-11-11 00:00:00,1.15531,1.15686,1.15464,1.15647,19594
2025-11-11 12:00:00,1.15645,1.16061,1.15623,1.15818,25004
2025-11-12 00:00:00,1.15809,1.15886,1.15678,1.15702,19025
2025-11-12 12:00:00,1.15698,1.15981,1.15627,1.1592500000000001,25894
2025-11-13 00:00:00,1.15907,1.1635,1.15789,1.16168,21316
2025-11-13 12:00:00,1.16167,1.16564,1.16048,1.16338,29076
2025-11-14 00:00:00,1.16296,1.16489,1.16201,1.16221,24063
2025-11-14 12:00:00,1.16217,1.16539,1.16062,1.16201,30420
2025-11-17 00:00:00,1.16109,1.16248,1.15949,1.16016,24259
2025-11-17 12:00:00,1.16015,1.16083,1.15822,1.15916,26079
2025-11-18 00:00:00,1.1589,1.16064,1.15843,1.15892,20103
2025-11-18 12:00:00,1.15893,1.1608,1.15712,1.15797,27960
2025-11-19 00:00:00,1.15737,1.15975,1.15656,1.15735,20921
2025-11-19 12:00:00,1.15735,1.15911,1.15181,1.15378,29245
2025-11-20 00:00:00,1.15365,1.1542,1.15097,1.15273,20044
2025-11-20 12:00:00,1.15277,1.15501,1.15013,1.15279,34395
2025-11-21 00:00:00,1.15243,1.15526,1.15154,1.15249,22227
2025-11-21 12:00:00,1.15248,1.15273,1.14909,1.15136,33402
2025-11-24 00:00:00,1.15097,1.15346,1.15021,1.153,22690
2025-11-24 12:00:00,1.15301,1.15507,1.15113,1.15206,25748
2025-11-25 00:00:00,1.1518,1.15367,1.15114,1.15339,20603
2025-11-25 12:00:00,1.15338,1.1586,1.15246,1.15688,34312
2025-11-26 00:00:00,1.15675,1.1595900000000001,1.15631,1.15721,23252
2025-11-26 12:00:00,1.15724,1.1601,1.15469,1.15967,33099
2025-11-27 00:00:00,1.15887,1.16136,1.15764,1.15778,20209
2025-11-27 12:00:00,1.15778,1.16016,1.15769,1.15951,16997
2025-11-28 00:00:00,1.15923,1.16022,1.15667,1.1569,47255
2025-11-28 12:00:00,1.15684,1.16077,1.15553,1.15983,33492
2025-12-01 00:00:00,1.15891,1.16238,1.15891,1.16224,25408
2025-12-01 12:00:00,1.16224,1.1652,1.16059,1.16085,28090
2025-12-02 00:00:00,1.1606,1.16164,1.16021,1.16102,15237
2025-12-02 12:00:00,1.16103,1.16262,1.15914,1.16243,28592
2025-12-03 00:00:00,1.16178,1.1653,1.16178,1.16454,19833
2025-12-03 12:00:00,1.16454,1.16781,1.16448,1.16703,29285
2025-12-04 00:00:00,1.1665,1.16822,1.16528,1.16773,21385
2025-12-04 12:00:00,1.16774,1.1681,1.16403,1.16443,28539
2025-12-05 00:00:00,1.16388,1.16718,1.16388,1.16543,18545
2025-12-05 12:00:00,1.16544,1.16599,1.16279,1.16424,27244
2025-12-08 00:00:00,1.16332,1.16722,1.16332,1.16485,23662
2025-12-08 12:00:00,1.1648399999999999,1.16576,1.16162,1.16366,28715
2025-12-09 00:00:00,1.16314,1.16571,1.16314,1.16521,18426
2025-12-09 12:00:00,1.1652,1.16539,1.16149,1.16257,27948
2025-12-10 00:00:00,1.1626,1.1658,1.16187,1.1637,17189
2025-12-10 12:00:00,1.16366,1.16999,1.16275,1.1695,39117
2025-12-11 00:00:00,1.16934,1.17075,1.16789,1.17022,22183
2025-12-11 12:00:00,1.17023,1.1763,1.16986,1.17381,31682
2025-12-12 00:00:00,1.17353,1.17465,1.17268,1.17328,19712
2025-12-12 12:00:00,1.17328,1.17497,1.17193,1.17402,32649
2025-12-15 00:00:00,1.17276,1.17446,1.17237,1.17431,17649
2025-12-15 12:00:00,1.17431,1.17688,1.17383,1.17515,28846
2025-12-16 00:00:00,1.17506,1.17639,1.17442,1.17566,19326
2025-12-16 12:00:00,1.17564,1.1804000000000001,1.17346,1.17462,45831
2025-12-17 00:00:00,1.17462,1.17521,1.1703000000000001,1.17158,22566
2025-12-17 12:00:00,1.17158,1.1758,1.17076,1.17399,34292
2025-12-18 00:00:00,1.17398,1.17494,1.17172,1.17219,18098
2025-12-18 12:00:00,1.17219,1.17628,1.17122,1.17216,45373
2025-12-19 00:00:00,1.1721,1.17286,1.17032,1.1712,20895
2025-12-19 12:00:00,1.17121,1.17377,1.17026,1.1709100000000001,31851
2025-12-22 00:00:00,1.1712,1.17381,1.1706,1.173,17505
2025-12-22 12:00:00,1.173,1.17692,1.17286,1.176,25336
2025-12-23 00:00:00,1.176,1.1792799999999999,1.1755200000000001,1.17926,20066
2025-12-23 12:00:00,1.17926,1.18019,1.17639,1.17942,31645
2025-12-24 00:00:00,1.17941,1.1807699999999999,1.1779600000000001,1.17995,23207
2025-12-24 12:00:00,1.17995,1.17999,1.17726,1.17764,32344
2025-12-26 00:00:00,1.17769,1.17934,1.17664,1.1770100000000001,33159
2025-12-26 12:00:00,1.1770100000000001,1.17967,1.17615,1.17712,36803
2025-12-29 00:00:00,1.17631,1.1789,1.17537,1.1776200000000001,24642
2025-12-29 12:00:00,1.1776200000000001,1.17886,1.17494,1.17721,44567
2025-12-30 00:00:00,1.17714,1.1779600000000001,1.17641,1.17689,18835
2025-12-30 12:00:00,1.17689,1.17773,1.17432,1.17476,37559
2025-12-31 00:00:00,1.17476,1.17488,1.17199,1.17349,18367
2025-12-31 12:00:00,1.17349,1.17593,1.17202,1.17455,43858
2026-01-02 00:00:00,1.17486,1.17648,1.17205,1.1721300000000001,21982
2026-01-02 12:00:00,1.1721300000000001,1.17545,1.17131,1.17197,42868
2026-01-05 00:00:00,1.17181,1.17211,1.16721,1.1682299999999999,31948
2026-01-05 12:00:00,1.1682299999999999,1.17288,1.16589,1.17211,50460
2026-01-06 00:00:00,1.17211,1.17427,1.1708,1.17132,26418
2026-01-06 12:00:00,1.17132,1.17176,1.16838,1.16882,46764
2026-01-07 00:00:00,1.16883,1.17025,1.16729,1.16841,21756
2026-01-07 12:00:00,1.16841,1.16986,1.16733,1.16733,44827
2026-01-08 00:00:00,1.16733,1.16829,1.16688,1.16766,21496
2026-01-08 12:00:00,1.16766,1.16819,1.16425,1.16593,42943
2026-01-09 00:00:00,1.16593,1.16621,1.16399,1.16422,21582
2026-01-09 12:00:00,1.1642299999999999,1.16606,1.1618,1.16367,56903
2026-01-12 00:00:00,1.16253,1.16956,1.16214,1.16817,31063
2026-01-12 12:00:00,1.16817,1.16985,1.16629,1.16663,41401
2026-01-13 00:00:00,1.16663,1.16726,1.16537,1.16718,24979
2026-01-13 12:00:00,1.16718,1.16775,1.16341,1.1642000000000001,48039
2026-01-14 00:00:00,1.1642000000000001,1.16537,1.1636,1.16516,19606
2026-01-14 12:00:00,1.16517,1.16616,1.16352,1.16437,45655
2026-01-15 00:00:00,1.16438,1.16468,1.16259,1.16356,21989
2026-01-15 12:00:00,1.16355,1.16409,1.15929,1.16077,38857
2026-01-16 00:00:00,1.16077,1.1615,1.16022,1.16082,17070
2026-01-16 12:00:00,1.16086,1.16273,1.15843,1.15985,45560
2026-01-19 00:00:00,1.15818,1.16413,1.15775,1.16242,38739
2026-01-19 12:00:00,1.16242,1.16487,1.162,1.16448,29842
2026-01-20 00:00:00,1.16448,1.17328,1.1632500000000001,1.17261,37226
2026-01-20 12:00:00,1.17261,1.17688,1.17107,1.17241,71500
2026-01-21 00:00:00,1.17241,1.17341,1.17045,1.17055,28066
2026-01-21 12:00:00,1.17055,1.1743000000000001,1.1676199999999999,1.1682,69037
2026-01-22 00:00:00,1.1682,1.16974,1.16697,1.16924,27209
2026-01-22 12:00:00,1.16924,1.1756,1.16865,1.17544,48373
2026-01-23 00:00:00,1.17544,1.17591,1.17282,1.17351,34646
2026-01-23 12:00:00,1.17351,1.18334,1.17299,1.18303,58332
2026-01-26 00:00:00,1.18632,1.18976,1.18364,1.18636,60308
2026-01-26 12:00:00,1.18637,1.1907,1.18349,1.18802,63301
2026-01-27 00:00:00,1.18802,1.18993,1.18502,1.1889,37005
2026-01-27 12:00:00,1.1889,1.20819,1.1874,1.20384,104628
2026-01-28 00:00:00,1.20384,1.20449,1.1970399999999999,1.19866,54480
2026-01-28 12:00:00,1.19866,1.1994799999999999,1.18956,1.19536,99678
2026-01-29 00:00:00,1.19536,1.19963,1.19514,1.19556,50234
2026-01-29 12:00:00,1.19556,1.19724,1.1905999999999999,1.1970399999999999,100473
2026-01-30 00:00:00,1.1970399999999999,1.19744,1.18946,1.19083,70689
2026-01-30 12:00:00,1.19083,1.19546,1.18497,1.18503,107113
2026-02-02 00:00:00,1.18491,1.18746,1.18394,1.1862300000000001,68806
2026-02-02 12:00:00,1.1862300000000001,1.18713,1.17758,1.17904,86332
2026-02-03 00:00:00,1.17904,1.18244,1.17845,1.17921,38702
2026-02-03 12:00:00,1.17921,1.18288,1.17799,1.18168,65212
2026-02-04 00:00:00,1.18168,1.1837900000000001,1.18087,1.18138,33340
2026-02-04 12:00:00,1.18138,1.18268,1.17904,1.18068,69832
2026-02-05 00:00:00,1.18069,1.18087,1.17802,1.17804,34055
2026-02-05 12:00:00,1.17804,1.18217,1.17747,1.17769,71376
2026-02-06 00:00:00,1.17764,1.1801599999999999,1.17656,1.1791800000000001,29977
2026-02-06 12:00:00,1.1791800000000001,1.18261,1.17854,1.18141,48593
2026-02-09 00:00:00,1.18095,1.18696,1.18078,1.18622,42625
2026-02-09 12:00:00,1.18622,1.19266,1.18547,1.19123,65460
2026-02-10 00:00:00,1.19123,1.19198,1.18964,1.19144,30314
2026-02-10 12:00:00,1.19144,1.19286,1.18866,1.18946,61024
2026-02-11 00:00:00,1.18946,1.19255,1.18856,1.19179,29854
2026-02-11 12:00:00,1.19179,1.19272,1.1832799999999999,1.18714,79809
2026-02-12 00:00:00,1.18708,1.18879,1.18515,1.1887,34029
2026-02-12 12:00:00,1.1887,1.18898,1.18559,1.187,64866
2026-02-13 00:00:00,1.187,1.18732,1.18468,1.18604,27030
2026-02-13 12:00:00,1.18604,1.18848,1.18473,1.18689,55858
2026-02-16 00:00:00,1.18642,1.18752,1.18565,1.18643,24133
2026-02-16 12:00:00,1.18643,1.18676,1.18423,1.18506,24748
2026-02-17 00:00:00,1.18507,1.18519,1.18278,1.18464,25911
2026-02-17 12:00:00,1.18464,1.1855,1.1804000000000001,1.1855,56486
2026-02-18 00:00:00,1.1855,1.18574,1.18279,1.1836,23477
2026-02-18 12:00:00,1.1836,1.18485,1.178,1.17824,51686
2026-02-19 00:00:00,1.17822,1.18076,1.17777,1.17997,25030
2026-02-19 12:00:00,1.17997,1.18029,1.17418,1.17729,51515
2026-02-20 00:00:00,1.17721,1.17756,1.17432,1.17667,26131
2026-02-20 12:00:00,1.17667,1.18075,1.1755200000000001,1.17816,75401
2026-02-23 00:00:00,1.17905,1.18346,1.17898,1.18006,34305
2026-02-23 12:00:00,1.18008,1.18099,1.17744,1.17848,48145
2026-02-24 00:00:00,1.17847,1.17962,1.17678,1.17875,29320
2026-02-24 12:00:00,1.17876,1.1791,1.17659,1.17718,42338
2026-02-25 00:00:00,1.17718,1.18078,1.17713,1.17877,28560
2026-02-25 12:00:00,1.17877,1.18142,1.17709,1.18096,42363
2026-02-26 00:00:00,1.18096,1.18289,1.17967,1.1797,27596
2026-02-26 12:00:00,1.1797,1.18167,1.17738,1.1795,45052
2026-02-27 00:00:00,1.17974,1.18216,1.17887,1.17951,23297
2026-02-27 12:00:00,1.1795200000000001,1.18269,1.17903,1.18132,55989
2026-03-02 00:00:00,1.17713,1.17957,1.1697899999999999,1.17329,61354
2026-03-02 12:00:00,1.17329,1.17472,1.16716,1.16867,81440
2026-03-03 00:00:00,1.16865,1.17068,1.1598600000000001,1.16052,57105
2026-03-03 12:00:00,1.16052,1.16257,1.15301,1.1613,123180
2026-03-04 00:00:00,1.16134,1.1628,1.15745,1.16085,59083
2026-03-04 12:00:00,1.16085,1.16546,1.16085,1.1633,84982
2026-03-05 00:00:00,1.1633,1.16474,1.15814,1.16225,64277
2026-03-05 12:00:00,1.16225,1.16315,1.15587,1.1608,102702
2026-03-06 00:00:00,1.16079,1.1621,1.1571799999999999,1.1574200000000001,41079
2026-03-06 12:00:00,1.1574200000000001,1.16215,1.1546,1.1616900000000001,135006
2026-03-09 00:00:00,1.15465,1.15733,1.1507,1.1554,113963
2026-03-09 12:00:00,1.1554,1.16377,1.15468,1.16366,127535
2026-03-10 00:00:00,1.16366,1.16635,1.16067,1.16513,72827
2026-03-10 12:00:00,1.16513,1.16673,1.16053,1.161,110200
2026-03-11 00:00:00,1.161,1.16455,1.15901,1.15921,59434
2026-03-11 12:00:00,1.15922,1.16128,1.15608,1.15729,97159
2026-03-12 00:00:00,1.15729,1.15744,1.15319,1.15597,45548
2026-03-12 12:00:00,1.1559599999999999,1.15663,1.15086,1.15116,89312
2026-03-13 00:00:00,1.15116,1.15298,1.14329,1.14533,55871
2026-03-13 12:00:00,1.14533,1.14902,1.14108,1.1416,90954
2026-03-16 00:00:00,1.14275,1.14563,1.1414,1.1449799999999999,51374
2026-03-16 12:00:00,1.1449799999999999,1.15247,1.14474,1.15056,75981
2026-03-17 00:00:00,1.15056,1.15248,1.14658,1.15164,41359
2026-03-17 12:00:00,1.15164,1.15472,1.1503,1.15359,53796
2026-03-18 00:00:00,1.15359,1.15491,1.15168,1.1538599999999999,28999
2026-03-18 12:00:00,1.1538599999999999,1.15552,1.1448800000000001,1.14668,72699
2026-03-19 00:00:00,1.14667,1.14913,1.14428,1.14802,49521
2026-03-19 12:00:00,1.14802,1.16161,1.14624,1.15815,106407
2026-03-20 00:00:00,1.15815,1.15951,1.15472,1.15485,32371
2026-03-20 12:00:00,1.15485,1.15799,1.15242,1.15713,79089
2026-03-23 00:00:00,1.15416,1.15646,1.14902,1.14948,54693
2026-03-23 12:00:00,1.14948,1.16397,1.14835,1.16147,145464
2026-03-24 00:00:00,1.16145,1.16177,1.15749,1.15947,57065
2026-03-24 12:00:00,1.15948,1.16282,1.1557,1.16104,97548
2026-03-25 00:00:00,1.16104,1.16307,1.15868,1.1599,46367
2026-03-25 12:00:00,1.1599,1.16133,1.15547,1.15605,70571
2026-03-26 00:00:00,1.15604,1.15723,1.15471,1.1559599999999999,31441
2026-03-26 12:00:00,1.15595,1.15651,1.15178,1.15332,62576
2026-03-27 00:00:00,1.15332,1.15461,1.15138,1.15191,31787
2026-03-27 12:00:00,1.15191,1.15478,1.15014,1.1507100000000001,58200
2026-03-30 00:00:00,1.15008,1.15211,1.14866,1.14961,35576
2026-03-30 12:00:00,1.14961,1.15003,1.14428,1.14612,52635
2026-03-31 00:00:00,1.14667,1.14907,1.14462,1.14672,34089
2026-03-31 12:00:00,1.14672,1.15633,1.14571,1.15527,82354
2026-04-01 00:00:00,1.15519,1.16106,1.15417,1.15965,42505
2026-04-01 12:00:00,1.15965,1.16271,1.15756,1.15892,70189
2026-04-02 00:00:00,1.15878,1.16055,1.15146,1.15251,48631
2026-04-02 12:00:00,1.15251,1.15639,1.15087,1.15382,60443
2026-04-03 00:00:00,1.15382,1.15463,1.15019,1.15429,12052
2026-04-03 12:00:00,1.15429,1.1549,1.15099,1.15105,26959
2026-04-06 00:00:00,1.15195,1.15687,1.1505,1.1555,31969
2026-04-06 12:00:00,1.1555,1.15714,1.15331,1.15418,50618
2026-04-07 00:00:00,1.1540300000000001,1.15755,1.15242,1.15735,29898
2026-04-07 12:00:00,1.15735,1.16048,1.15457,1.15965,68729
2026-04-08 00:00:00,1.15937,1.17086,1.15883,1.16811,74928
2026-04-08 12:00:00,1.16811,1.17216,1.16434,1.16619,73914
2026-04-09 00:00:00,1.1662,1.16748,1.16498,1.16721,26917
2026-04-09 12:00:00,1.16721,1.17234,1.16681,1.16988,53142
2026-04-10 00:00:00,1.17009,1.17024,1.16765,1.16856,21917
2026-04-10 12:00:00,1.16856,1.17394,1.16845,1.17259,50648
2026-04-13 00:00:00,1.1670099999999999,1.17001,1.16635,1.1686,31631
2026-04-13 12:00:00,1.1686,1.17654,1.16801,1.17585,53903
2026-04-14 00:00:00,1.17572,1.17966,1.17531,1.1782,26016
2026-04-14 12:00:00,1.1782,1.1811,1.17815,1.17949,45112
2026-04-15 00:00:00,1.17946,1.18017,1.17782,1.17893,25159
2026-04-15 12:00:00,1.17893,1.18079,1.17715,1.17986,47993
2026-04-16 00:00:00,1.17986,1.18238,1.17751,1.17862,24946
2026-04-16 12:00:00,1.17862,1.17886,1.17666,1.17819,46238
2026-04-17 00:00:00,1.17791,1.1795499999999999,1.17697,1.17938,21723
2026-04-17 12:00:00,1.17938,1.1849,1.17603,1.17616,66084
2026-04-20 00:00:00,1.17355,1.17718,1.17289,1.17606,38543
2026-04-20 12:00:00,1.17606,1.17902,1.17544,1.17871,55428
2026-04-21 00:00:00,1.17874,1.17908,1.1756199999999999,1.17652,26732
2026-04-21 12:00:00,1.17652,1.17759,1.1718600000000001,1.17426,67761
2026-04-22 00:00:00,1.17411,1.17625,1.17338,1.17536,26175
2026-04-22 12:00:00,1.17536,1.17573,1.1702,1.17049,44894
2026-04-23 00:00:00,1.17044,1.17136,1.16921,1.17015,31304
2026-04-23 12:00:00,1.17015,1.17164,1.16687,1.16829,67117
2026-04-24 00:00:00,1.16821,1.16958,1.16716,1.16898,26512
2026-04-24 12:00:00,1.16898,1.17229,1.16832,1.17195,51859
2026-04-27 00:00:00,1.1693500000000001,1.17508,1.16852,1.17484,26441
2026-04-27 12:00:00,1.17484,1.17549,1.17183,1.17203,38158
2026-04-28 00:00:00,1.17204,1.17269,1.16853,1.17021,26233
2026-04-28 12:00:00,1.17021,1.17176,1.16773,1.1712,50000
2026-04-29 00:00:00,1.17108,1.17205,1.16931,1.17001,22590
2026-04-29 12:00:00,1.17001,1.17097,1.166,1.16743,56190
2026-04-30 00:00:00,1.16775,1.16974,1.16543,1.16794,36651
2026-04-30 12:00:00,1.1679599999999999,1.17416,1.16732,1.17306,80564
2026-05-01 00:00:00,1.17316,1.1748,1.17179,1.17434,32929
2026-05-01 12:00:00,1.17435,1.17852,1.1715200000000001,1.17179,56201
2026-05-04 00:00:00,1.17439,1.1749,1.17113,1.17191,33937
2026-05-04 12:00:00,1.17191,1.17237,1.16807,1.16907,70389
2026-05-05 00:00:00,1.16915,1.16975,1.16761,1.16887,24168
2026-05-05 12:00:00,1.16886,1.17135,1.1681,1.16924,49251
2026-05-06 00:00:00,1.16914,1.17705,1.16876,1.1762299999999999,42533
2026-05-06 12:00:00,1.1762299999999999,1.17966,1.17412,1.17479,63372
2026-05-07 00:00:00,1.17459,1.17741,1.17428,1.17717,32559
2026-05-07 12:00:00,1.17717,1.17783,1.17226,1.17228,64209
2026-05-08 00:00:00,1.17245,1.17656,1.1723,1.17637,30205
2026-05-08 12:00:00,1.17638,1.17877,1.17574,1.17824,48926
2026-05-11 00:00:00,1.17461,1.17821,1.17393,1.17713,26020
2026-05-11 12:00:00,1.17714,1.17878,1.1763,1.17816,40956
2026-05-12 00:00:00,1.1778,1.17875,1.17386,1.17446,28862
2026-05-12 12:00:00,1.17445,1.17516,1.1721,1.17397,49041
2026-05-13 00:00:00,1.17366,1.17417,1.17001,1.1703000000000001,22634
2026-05-13 12:00:00,1.1703000000000001,1.17179,1.16948,1.17139,41934
2026-05-14 00:00:00,1.1709,1.17214,1.17032,1.17109,23096
2026-05-14 12:00:00,1.1711,1.17132,1.16649,1.16688,44138
2026-05-15 00:00:00,1.16685,1.16733,1.16294,1.16329,34803
2026-05-15 12:00:00,1.16329,1.16554,1.16167,1.16242,56067
2026-05-18 00:00:00,1.16175,1.16452,1.16074,1.16415,36048
2026-05-18 12:00:00,1.16415,1.16606,1.16258,1.16554,63697
2026-05-19 00:00:00,1.16567,1.16614,1.1622,1.16233,33110
2026-05-19 12:00:00,1.16233,1.16265,1.15909,1.16061,56236
2026-05-20 00:00:00,1.16032,1.16128,1.1583,1.15902,33526
2026-05-20 12:00:00,1.15902,1.16452,1.15814,1.1625,58189
2026-05-21 00:00:00,1.16221,1.16354,1.15928,1.16235,33981
2026-05-21 12:00:00,1.16236,1.16334,1.15763,1.16173,58503
2026-05-22 00:00:00,1.16177,1.16224,1.16013,1.16078,17179
2026-05-22 12:00:00,1.16077,1.16191,1.15881,1.16032,35820
2026-05-25 00:00:00,1.16373,1.16489,1.16295,1.16437,19024
2026-05-25 12:00:00,1.16436,1.16527,1.16366,1.16432,13611
2026-05-26 00:00:00,1.16426,1.16448,1.1623999999999999,1.16363,17275
2026-05-26 12:00:00,1.16363,1.16451,1.16162,1.16319,26708
2026-05-27 00:00:00,1.16275,1.16492,1.16235,1.16449,18414
2026-05-27 12:00:00,1.16449,1.16614,1.16221,1.16255,39262
2026-05-28 00:00:00,1.16285,1.16302,1.15862,1.16156,22669
2026-05-28 12:00:00,1.16156,1.16611,1.16033,1.16494,38949
2026-05-29 00:00:00,1.16509,1.16564,1.16249,1.16282,19497
2026-05-29 12:00:00,1.16282,1.16858,1.16266,1.16606,37781
2026-06-01 00:00:00,1.1652,1.16647,1.16415,1.16578,21209
2026-06-01 12:00:00,1.1657899999999999,1.16605,1.16068,1.16313,36724
2026-06-02 00:00:00,1.16308,1.16525,1.1628,1.16435,14514
