window_start_idx,timestamp,relevance_score,confidence_score,overall_eurusd_bias
2,2020-01-02 00:00:00,0.9,0.85,sell
3,2020-01-02 12:00:00,0.9,0.8,sell
4,2020-01-03 00:00:00,0.9,0.8,sell
5,2020-01-03 12:00:00,0.9,0.85,sell
10,2020-01-06 00:00:00,0.9,0.9,sell
11,2020-01-06 12:00:00,0.9,0.7,hold
12,2020-01-07 00:00:00,0.9,0.85,sell
13,2020-01-07 12:00:00,0.9,0.85,sell
14,2020-01-08 00:00:00,0.9,0.85,sell
15,2020-01-08 12:00:00,0.9,0.85,sell
16,2020-01-09 00:00:00,0.9,0.85,sell
17,2020-01-09 12:00:00,0.9,0.85,sell
18,2020-01-10 00:00:00,0.9,0.85,sell
19,2020-01-10 12:00:00,0.85,0.8,sell
24,2020-01-13 00:00:00,0.9,0.85,sell
25,2020-01-13 12:00:00,0.9,0.8,sell
26,2020-01-14 00:00:00,0.9,0.85,sell
27,2020-01-14 12:00:00,0.85,0.8,sell
28,2020-01-15 00:00:00,0.9,0.85,sell
29,2020-01-15 12:00:00,0.9,0.85,sell
30,2020-01-16 00:00:00,0.9,0.85,sell
31,2020-01-16 12:00:00,0.9,0.9,sell
32,2020-01-17 00:00:00,0.9,0.9,sell
33,2020-01-17 12:00:00,0.9,0.9,sell
38,2020-01-20 00:00:00,0.85,0.8,sell
39,2020-01-20 12:00:00,0.85,0.75,sell
40,2020-01-21 00:00:00,0.9,0.85,sell
41,2020-01-21 12:00:00,0.9,0.85,sell
42,2020-01-22 00:00:00,0.9,0.8,sell
43,2020-01-22 12:00:00,0.85,0.7,hold
44,2020-01-23 00:00:00,0.8,0.75,hold
45,2020-01-23 12:00:00,0.9,0.8,sell
46,2020-01-24 00:00:00,0.9,0.85,sell
47,2020-01-24 12:00:00,0.9,0.85,sell
52,2020-01-27 00:00:00,0.9,0.85,sell
53,2020-01-27 12:00:00,0.9,0.85,sell
54,2020-01-28 00:00:00,0.9,0.85,sell
55,2020-01-28 12:00:00,0.95,0.9,sell
56,2020-01-29 00:00:00,0.9,0.85,sell
57,2020-01-29 12:00:00,0.9,0.85,sell
58,2020-01-30 00:00:00,0.9,0.85,sell
59,2020-01-30 12:00:00,0.9,0.85,sell
60,2020-01-31 00:00:00,0.95,0.9,sell
61,2020-01-31 12:00:00,0.95,0.9,sell
66,2020-02-03 00:00:00,0.9,0.85,sell
67,2020-02-03 12:00:00,0.9,0.8,hold
68,2020-02-04 00:00:00,0.9,0.85,sell
69,2020-02-04 12:00:00,0.9,0.9,sell
70,2020-02-05 00:00:00,0.9,0.85,sell
71,2020-02-05 12:00:00,0.9,0.85,sell
72,2020-02-06 00:00:00,0.9,0.85,sell
73,2020-02-06 12:00:00,0.9,0.9,sell
74,2020-02-07 00:00:00,0.9,0.9,sell
75,2020-02-07 12:00:00,0.9,0.85,sell
80,2020-02-10 00:00:00,0.9,0.85,sell
81,2020-02-10 12:00:00,0.9,0.85,sell
82,2020-02-11 00:00:00,0.9,0.85,sell
83,2020-02-11 12:00:00,0.95,0.9,sell
84,2020-02-12 00:00:00,0.9,0.7,hold
85,2020-02-12 12:00:00,0.85,0.7,hold
86,2020-02-13 00:00:00,0.9,0.85,sell
87,2020-02-13 12:00:00,0.9,0.85,sell
88,2020-02-14 00:00:00,0.9,0.85,sell
89,2020-02-14 12:00:00,0.9,0.9,sell
94,2020-02-17 00:00:00,0.9,0.9,sell
95,2020-02-17 12:00:00,0.9,0.85,sell
96,2020-02-18 00:00:00,0.9,0.8,sell
97,2020-02-18 12:00:00,0.9,0.8,sell
98,2020-02-19 00:00:00,0.95,0.9,sell
99,2020-02-19 12:00:00,0.9,0.9,sell
100,2020-02-20 00:00:00,0.9,0.9,sell
101,2020-02-20 12:00:00,0.9,0.9,sell
102,2020-02-21 00:00:00,0.9,0.9,sell
103,2020-02-21 12:00:00,0.9,0.9,sell
108,2020-02-24 00:00:00,0.9,0.85,sell
109,2020-02-24 12:00:00,0.9,0.85,sell
110,2020-02-25 00:00:00,0.9,0.85,sell
111,2020-02-25 12:00:00,0.95,0.9,sell
112,2020-02-26 00:00:00,0.9,0.7,hold
113,2020-02-26 12:00:00,0.95,0.9,sell
114,2020-02-27 00:00:00,0.9,0.85,sell
115,2020-02-27 12:00:00,0.9,0.85,sell
116,2020-02-28 00:00:00,0.9,0.85,sell
117,2020-02-28 12:00:00,0.9,0.85,sell
122,2020-03-02 00:00:00,1.0,0.9,sell
123,2020-03-02 12:00:00,0.9,0.8,hold
124,2020-03-03 00:00:00,0.95,0.9,sell
125,2020-03-03 12:00:00,0.9,0.85,sell
126,2020-03-04 00:00:00,0.95,0.7,hold
127,2020-03-04 12:00:00,0.9,0.75,sell
128,2020-03-05 00:00:00,0.9,0.85,sell
129,2020-03-05 12:00:00,0.9,0.85,sell
130,2020-03-06 00:00:00,0.9,0.7,hold
131,2020-03-06 12:00:00,0.9,0.7,hold
136,2020-03-09 00:00:00,0.9,0.6,hold
137,2020-03-09 12:00:00,0.9,0.7,hold
138,2020-03-10 00:00:00,0.95,0.85,sell
139,2020-03-10 12:00:00,0.95,0.85,sell
140,2020-03-11 00:00:00,0.9,0.6,hold
141,2020-03-11 12:00:00,0.9,0.85,sell
142,2020-03-12 00:00:00,1.0,0.9,sell
143,2020-03-12 12:00:00,1.0,0.9,sell
144,2020-03-13 00:00:00,0.9,0.85,sell
145,2020-03-13 12:00:00,0.9,0.8,sell
150,2020-03-16 00:00:00,1.0,0.8,hold
151,2020-03-16 12:00:00,1.0,0.8,hold
152,2020-03-17 00:00:00,1.0,0.9,sell
153,2020-03-17 12:00:00,1.0,0.9,sell
154,2020-03-18 00:00:00,0.95,0.9,sell
155,2020-03-18 12:00:00,0.95,0.9,sell
156,2020-03-19 00:00:00,0.9,0.85,sell
157,2020-03-19 12:00:00,0.95,0.9,sell
158,2020-03-20 00:00:00,0.95,0.8,hold
159,2020-03-20 12:00:00,0.95,0.7,hold
164,2020-03-23 00:00:00,0.9,0.85,sell
165,2020-03-23 12:00:00,0.95,0.9,sell
166,2020-03-24 00:00:00,0.95,0.9,sell
167,2020-03-24 12:00:00,0.9,0.9,sell
168,2020-03-25 00:00:00,0.9,0.85,sell
169,2020-03-25 12:00:00,0.9,0.8,sell
170,2020-03-26 00:00:00,0.95,0.8,hold
171,2020-03-26 12:00:00,0.8,0.6,hold
172,2020-03-27 00:00:00,0.9,0.7,hold
173,2020-03-27 12:00:00,0.95,0.85,buy
178,2020-03-30 00:00:00,0.9,0.75,sell
179,2020-03-30 12:00:00,0.85,0.75,sell
180,2020-03-31 00:00:00,0.9,0.85,sell
181,2020-03-31 12:00:00,0.9,0.85,sell
182,2020-04-01 00:00:00,0.9,0.75,sell
183,2020-04-01 12:00:00,0.95,0.9,sell
184,2020-04-02 00:00:00,0.9,0.85,sell
185,2020-04-02 12:00:00,0.9,0.85,sell
186,2020-04-03 00:00:00,0.9,0.8,hold
187,2020-04-03 12:00:00,0.9,0.75,sell
192,2020-04-06 00:00:00,0.9,0.8,sell
193,2020-04-06 12:00:00,0.85,0.75,hold
194,2020-04-07 00:00:00,0.8,0.7,hold
195,2020-04-07 12:00:00,0.8,0.7,hold
196,2020-04-08 00:00:00,0.85,0.8,buy
197,2020-04-08 12:00:00,0.9,0.8,sell
198,2020-04-09 00:00:00,0.9,0.8,sell
199,2020-04-09 12:00:00,0.85,0.75,sell
200,2020-04-10 00:00:00,0.9,0.75,hold
201,2020-04-10 12:00:00,0.9,0.8,buy
206,2020-04-13 00:00:00,0.8,0.7,hold
207,2020-04-13 12:00:00,0.8,0.7,hold
208,2020-04-14 00:00:00,0.9,0.8,hold
209,2020-04-14 12:00:00,0.8,0.7,hold
210,2020-04-15 00:00:00,0.8,0.7,hold
211,2020-04-15 12:00:00,0.7,0.65,buy
212,2020-04-16 00:00:00,0.9,0.8,hold
213,2020-04-16 12:00:00,0.9,0.8,sell
214,2020-04-17 00:00:00,0.9,0.7,hold
215,2020-04-17 12:00:00,0.9,0.85,hold
220,2020-04-20 00:00:00,0.85,0.75,sell
221,2020-04-20 12:00:00,0.8,0.7,sell
222,2020-04-21 00:00:00,0.9,0.7,hold
223,2020-04-21 12:00:00,0.85,0.7,hold
224,2020-04-22 00:00:00,0.9,0.8,sell
225,2020-04-22 12:00:00,0.9,0.7,hold
226,2020-04-23 00:00:00,0.9,0.7,hold
227,2020-04-23 12:00:00,0.9,0.9,sell
228,2020-04-24 00:00:00,0.9,0.6,hold
229,2020-04-24 12:00:00,0.85,0.7,hold
234,2020-04-27 00:00:00,0.8,0.7,hold
235,2020-04-27 12:00:00,0.7,0.8,hold
236,2020-04-28 00:00:00,0.8,0.7,buy
237,2020-04-28 12:00:00,0.8,0.7,buy
238,2020-04-29 00:00:00,0.9,0.8,buy
239,2020-04-29 12:00:00,0.8,0.7,hold
240,2020-04-30 00:00:00,0.9,0.8,buy
241,2020-04-30 12:00:00,0.9,0.8,hold
242,2020-05-01 00:00:00,0.8,0.8,hold
243,2020-05-01 12:00:00,0.9,0.6,hold
248,2020-05-04 00:00:00,0.85,0.75,sell
249,2020-05-04 12:00:00,0.9,0.85,sell
250,2020-05-05 00:00:00,0.85,0.75,sell
251,2020-05-05 12:00:00,0.9,0.75,sell
252,2020-05-06 00:00:00,0.9,0.7,hold
253,2020-05-06 12:00:00,0.9,0.75,sell
254,2020-05-07 00:00:00,0.9,0.7,hold
255,2020-05-07 12:00:00,0.85,0.7,hold
256,2020-05-08 00:00:00,0.85,0.75,sell
257,2020-05-08 12:00:00,0.85,0.75,sell
262,2020-05-11 00:00:00,0.8,0.7,hold
263,2020-05-11 12:00:00,0.85,0.75,buy
264,2020-05-12 00:00:00,0.8,0.7,hold
265,2020-05-12 12:00:00,0.9,0.8,sell
266,2020-05-13 00:00:00,0.9,0.7,hold
267,2020-05-13 12:00:00,0.85,0.75,hold
268,2020-05-14 00:00:00,0.9,0.8,hold
269,2020-05-14 12:00:00,0.8,0.7,hold
270,2020-05-15 00:00:00,0.8,0.7,sell
271,2020-05-15 12:00:00,0.95,0.9,sell
276,2020-05-18 00:00:00,0.85,0.75,sell
277,2020-05-18 12:00:00,0.8,0.7,sell
278,2020-05-19 00:00:00,0.6,0.7,hold
279,2020-05-19 12:00:00,0.9,0.85,buy
280,2020-05-20 00:00:00,0.9,0.8,buy
281,2020-05-20 12:00:00,0.85,0.8,buy
282,2020-05-21 00:00:00,0.7,0.65,hold
283,2020-05-21 12:00:00,0.85,0.8,buy
284,2020-05-22 00:00:00,0.7,0.6,hold
285,2020-05-22 12:00:00,0.8,0.8,hold
290,2020-05-25 00:00:00,0.8,0.75,sell
291,2020-05-25 12:00:00,0.8,0.7,sell
292,2020-05-26 00:00:00,0.8,0.75,sell
293,2020-05-26 12:00:00,0.7,0.6,hold
294,2020-05-27 00:00:00,0.85,0.75,buy
295,2020-05-27 12:00:00,0.9,0.7,hold
296,2020-05-28 00:00:00,0.85,0.8,hold
297,2020-05-28 12:00:00,0.9,0.8,buy
298,2020-05-29 00:00:00,0.9,0.8,buy
299,2020-05-29 12:00:00,0.85,0.75,buy
304,2020-06-01 00:00:00,0.8,0.7,buy
305,2020-06-01 12:00:00,0.7,0.8,hold
306,2020-06-02 00:00:00,0.9,0.8,buy
307,2020-06-02 12:00:00,0.9,0.85,buy
308,2020-06-03 00:00:00,0.9,0.85,buy
309,2020-06-03 12:00:00,0.85,0.8,buy
310,2020-06-04 00:00:00,0.9,0.85,buy
311,2020-06-04 12:00:00,0.9,0.8,buy
312,2020-06-05 00:00:00,0.85,0.7,hold
313,2020-06-05 12:00:00,0.8,0.75,hold
318,2020-06-08 00:00:00,0.8,0.7,hold
319,2020-06-08 12:00:00,0.9,0.85,sell
320,2020-06-09 00:00:00,0.9,0.85,sell
321,2020-06-09 12:00:00,0.85,0.75,sell
322,2020-06-10 00:00:00,0.85,0.75,hold
323,2020-06-10 12:00:00,0.8,0.65,hold
324,2020-06-11 00:00:00,0.8,0.8,hold
325,2020-06-11 12:00:00,0.85,0.8,hold
326,2020-06-12 00:00:00,0.9,0.85,sell
327,2020-06-12 12:00:00,0.9,0.85,sell
332,2020-06-15 00:00:00,0.8,0.7,buy
333,2020-06-15 12:00:00,0.8,0.75,sell
334,2020-06-16 00:00:00,0.8,0.6,hold
335,2020-06-16 12:00:00,0.8,0.7,hold
336,2020-06-17 00:00:00,0.8,0.7,hold
337,2020-06-17 12:00:00,0.9,0.85,sell
338,2020-06-18 00:00:00,0.9,0.85,sell
339,2020-06-18 12:00:00,0.85,0.8,sell
340,2020-06-19 00:00:00,0.9,0.85,sell
341,2020-06-19 12:00:00,0.9,0.85,sell
346,2020-06-22 00:00:00,0.85,0.75,sell
347,2020-06-22 12:00:00,0.8,0.75,sell
348,2020-06-23 00:00:00,0.8,0.7,hold
349,2020-06-23 12:00:00,0.9,0.75,buy
350,2020-06-24 00:00:00,0.8,0.7,hold
351,2020-06-24 12:00:00,0.8,0.7,hold
352,2020-06-25 00:00:00,0.85,0.75,sell
353,2020-06-25 12:00:00,0.85,0.75,hold
354,2020-06-26 00:00:00,0.9,0.9,sell
355,2020-06-26 12:00:00,0.9,0.85,sell
360,2020-06-29 00:00:00,0.8,0.6,hold
361,2020-06-29 12:00:00,0.9,0.85,sell
362,2020-06-30 00:00:00,0.85,0.75,sell
363,2020-06-30 12:00:00,0.8,0.75,hold
364,2020-07-01 00:00:00,0.9,0.85,sell
365,2020-07-01 12:00:00,0.85,0.8,sell
366,2020-07-02 00:00:00,0.9,0.9,sell
367,2020-07-02 12:00:00,0.9,0.85,sell
368,2020-07-03 00:00:00,0.9,0.85,sell
369,2020-07-03 12:00:00,0.9,0.8,sell
374,2020-07-06 00:00:00,0.8,0.6,hold
375,2020-07-06 12:00:00,0.7,0.8,hold
376,2020-07-07 00:00:00,0.9,0.8,sell
377,2020-07-07 12:00:00,0.8,0.6,hold
378,2020-07-08 00:00:00,0.9,0.8,sell
379,2020-07-08 12:00:00,0.9,0.85,sell
380,2020-07-09 00:00:00,0.6,0.7,hold
381,2020-07-09 12:00:00,0.85,0.75,sell
382,2020-07-10 00:00:00,0.85,0.7,sell
383,2020-07-10 12:00:00,0.8,0.7,sell
388,2020-07-13 00:00:00,0.85,0.7,sell
389,2020-07-13 12:00:00,0.8,0.7,hold
390,2020-07-14 00:00:00,0.7,0.6,hold
391,2020-07-14 12:00:00,0.85,0.8,buy
392,2020-07-15 00:00:00,0.8,0.7,hold
393,2020-07-15 12:00:00,0.85,0.75,buy
394,2020-07-16 00:00:00,0.85,0.8,sell
395,2020-07-16 12:00:00,0.8,0.7,hold
396,2020-07-17 00:00:00,0.8,0.65,buy
397,2020-07-17 12:00:00,0.85,0.8,buy
402,2020-07-20 00:00:00,0.85,0.7,sell
403,2020-07-20 12:00:00,0.8,0.7,hold
404,2020-07-21 00:00:00,0.9,0.8,buy
405,2020-07-21 12:00:00,0.95,0.85,buy
406,2020-07-22 00:00:00,0.95,0.9,buy
407,2020-07-22 12:00:00,0.9,0.9,buy
408,2020-07-23 00:00:00,0.9,0.8,buy
409,2020-07-23 12:00:00,0.9,0.85,buy
410,2020-07-24 00:00:00,0.9,0.9,buy
411,2020-07-24 12:00:00,0.95,0.9,buy
416,2020-07-27 00:00:00,0.7,0.65,buy
417,2020-07-27 12:00:00,0.85,0.8,buy
418,2020-07-28 00:00:00,0.9,0.85,buy
419,2020-07-28 12:00:00,0.8,0.8,buy
420,2020-07-29 00:00:00,0.8,0.65,hold
421,2020-07-29 12:00:00,0.9,0.75,buy
422,2020-07-30 00:00:00,0.8,0.7,buy
423,2020-07-30 12:00:00,0.9,0.8,hold
424,2020-07-31 00:00:00,0.9,0.85,buy
425,2020-07-31 12:00:00,0.9,0.8,buy
430,2020-08-03 00:00:00,0.9,0.85,buy
431,2020-08-03 12:00:00,0.9,0.85,buy
432,2020-08-04 00:00:00,0.85,0.7,hold
433,2020-08-04 12:00:00,0.85,0.7,hold
434,2020-08-05 00:00:00,0.85,0.75,sell
435,2020-08-05 12:00:00,0.8,0.75,hold
436,2020-08-06 00:00:00,0.85,0.7,sell
437,2020-08-06 12:00:00,0.6,0.7,hold
438,2020-08-07 00:00:00,0.7,0.6,hold
439,2020-08-07 12:00:00,0.8,0.7,buy
444,2020-08-10 00:00:00,0.8,0.7,buy
445,2020-08-10 12:00:00,0.7,0.65,buy
446,2020-08-11 00:00:00,0.85,0.8,sell
447,2020-08-11 12:00:00,0.7,0.6,hold
448,2020-08-12 00:00:00,0.9,0.8,sell
449,2020-08-12 12:00:00,0.9,0.8,sell
450,2020-08-13 00:00:00,0.9,0.85,sell
451,2020-08-13 12:00:00,0.9,0.85,sell
452,2020-08-14 00:00:00,0.9,0.85,sell
453,2020-08-14 12:00:00,0.9,0.85,sell
458,2020-08-17 00:00:00,0.8,0.7,hold
459,2020-08-17 12:00:00,0.8,0.7,hold
460,2020-08-18 00:00:00,0.7,0.6,hold
461,2020-08-18 12:00:00,0.6,0.7,hold
462,2020-08-19 00:00:00,0.7,0.6,hold
463,2020-08-19 12:00:00,0.8,0.6,hold
464,2020-08-20 00:00:00,0.7,0.6,hold
465,2020-08-20 12:00:00,0.9,0.8,buy
466,2020-08-21 00:00:00,0.8,0.7,buy
467,2020-08-21 12:00:00,0.8,0.7,hold
472,2020-08-24 00:00:00,0.9,0.8,hold
473,2020-08-24 12:00:00,0.8,0.8,hold
474,2020-08-25 00:00:00,0.8,0.7,hold
475,2020-08-25 12:00:00,0.8,0.75,buy
476,2020-08-26 00:00:00,0.85,0.75,buy
477,2020-08-26 12:00:00,0.8,0.75,buy
478,2020-08-27 00:00:00,0.8,0.7,hold
479,2020-08-27 12:00:00,0.8,0.7,hold
480,2020-08-28 00:00:00,0.9,0.7,hold
481,2020-08-28 12:00:00,0.85,0.8,sell
486,2020-08-31 00:00:00,0.9,0.8,buy
487,2020-08-31 12:00:00,0.9,0.85,buy
488,2020-09-01 00:00:00,0.9,0.75,hold
489,2020-09-01 12:00:00,0.8,0.7,hold
490,2020-09-02 00:00:00,0.9,0.85,sell
491,2020-09-02 12:00:00,0.9,0.8,hold
492,2020-09-03 00:00:00,0.85,0.75,sell
493,2020-09-03 12:00:00,0.8,0.6,hold
494,2020-09-04 00:00:00,0.85,0.75,sell
495,2020-09-04 12:00:00,0.85,0.8,sell
500,2020-09-07 00:00:00,0.7,0.65,sell
501,2020-09-07 12:00:00,0.8,0.7,hold
502,2020-09-08 00:00:00,0.7,0.6,hold
503,2020-09-08 12:00:00,0.9,0.8,buy
504,2020-09-09 00:00:00,0.85,0.75,sell
505,2020-09-09 12:00:00,0.9,0.8,sell
506,2020-09-10 00:00:00,0.9,0.85,sell
507,2020-09-10 12:00:00,0.9,0.85,sell
508,2020-09-11 00:00:00,0.9,0.9,sell
509,2020-09-11 12:00:00,0.9,0.9,sell
514,2020-09-14 00:00:00,0.85,0.8,sell
515,2020-09-14 12:00:00,0.85,0.8,sell
516,2020-09-15 00:00:00,0.75,0.7,sell
517,2020-09-15 12:00:00,0.8,0.65,buy
518,2020-09-16 00:00:00,0.8,0.7,hold
519,2020-09-16 12:00:00,0.9,0.8,hold
520,2020-09-17 00:00:00,0.8,0.75,hold
521,2020-09-17 12:00:00,0.85,0.75,buy
522,2020-09-18 00:00:00,0.7,0.6,hold
523,2020-09-18 12:00:00,0.85,0.75,sell
528,2020-09-21 00:00:00,0.8,0.7,sell
529,2020-09-21 12:00:00,0.8,0.65,sell
530,2020-09-22 00:00:00,0.85,0.75,sell
531,2020-09-22 12:00:00,0.9,0.8,sell
532,2020-09-23 00:00:00,0.9,0.7,hold
533,2020-09-23 12:00:00,0.9,0.85,sell
534,2020-09-24 00:00:00,0.9,0.85,sell
535,2020-09-24 12:00:00,0.9,0.8,hold
536,2020-09-25 00:00:00,0.9,0.8,sell
537,2020-09-25 12:00:00,0.9,0.85,sell
542,2020-09-28 00:00:00,0.85,0.75,sell
543,2020-09-28 12:00:00,0.8,0.75,sell
544,2020-09-29 00:00:00,0.85,0.75,sell
545,2020-09-29 12:00:00,0.85,0.8,sell
546,2020-09-30 00:00:00,0.9,0.85,sell
547,2020-09-30 12:00:00,0.85,0.75,hold
548,2020-10-01 00:00:00,0.85,0.75,sell
549,2020-10-01 12:00:00,0.7,0.5,hold
550,2020-10-02 00:00:00,0.9,0.8,sell
551,2020-10-02 12:00:00,0.95,0.9,sell
556,2020-10-05 00:00:00,0.9,0.85,sell
557,2020-10-05 12:00:00,0.9,0.8,sell
558,2020-10-06 00:00:00,0.85,0.75,sell
559,2020-10-06 12:00:00,0.8,0.6,hold
560,2020-10-07 00:00:00,0.8,0.65,hold
561,2020-10-07 12:00:00,0.8,0.7,hold
562,2020-10-08 00:00:00,0.8,0.7,hold
563,2020-10-08 12:00:00,0.8,0.65,buy
564,2020-10-09 00:00:00,0.8,0.75,buy
565,2020-10-09 12:00:00,0.85,0.7,hold
570,2020-10-12 00:00:00,0.8,0.7,hold
571,2020-10-12 12:00:00,0.8,0.7,sell
572,2020-10-13 00:00:00,0.8,0.7,hold
573,2020-10-13 12:00:00,0.9,0.85,sell
574,2020-10-14 00:00:00,0.9,0.85,sell
575,2020-10-14 12:00:00,0.8,0.75,hold
576,2020-10-15 00:00:00,0.7,0.6,hold
577,2020-10-15 12:00:00,0.8,0.7,hold
578,2020-10-16 00:00:00,0.9,0.8,sell
579,2020-10-16 12:00:00,0.9,0.8,sell
584,2020-10-19 00:00:00,0.9,0.8,sell
585,2020-10-19 12:00:00,0.85,0.8,sell
586,2020-10-20 00:00:00,0.8,0.75,sell
587,2020-10-20 12:00:00,0.8,0.6,hold
588,2020-10-21 00:00:00,0.8,0.7,sell
589,2020-10-21 12:00:00,0.85,0.7,sell
590,2020-10-22 00:00:00,0.8,0.7,hold
591,2020-10-22 12:00:00,0.85,0.75,sell
592,2020-10-23 00:00:00,0.9,0.85,sell
593,2020-10-23 12:00:00,0.9,0.8,sell
598,2020-10-26 00:00:00,0.9,0.8,sell
599,2020-10-26 12:00:00,0.9,0.75,sell
600,2020-10-27 00:00:00,0.85,0.8,sell
601,2020-10-27 12:00:00,0.9,0.8,sell
602,2020-10-28 00:00:00,0.9,0.85,sell
603,2020-10-28 12:00:00,0.9,0.85,sell
604,2020-10-29 00:00:00,0.9,0.85,sell
605,2020-10-29 12:00:00,0.9,0.85,sell
606,2020-10-30 00:00:00,0.95,0.9,sell
607,2020-10-30 12:00:00,0.9,0.85,sell
612,2020-11-02 00:00:00,0.9,0.8,sell
613,2020-11-02 12:00:00,0.9,0.75,hold
614,2020-11-03 00:00:00,0.9,0.85,sell
615,2020-11-03 12:00:00,0.9,0.85,sell
616,2020-11-04 00:00:00,0.9,0.85,sell
617,2020-11-04 12:00:00,0.9,0.85,sell
618,2020-11-05 00:00:00,0.9,0.85,sell
619,2020-11-05 12:00:00,0.9,0.85,sell
620,2020-11-06 00:00:00,0.8,0.7,hold
621,2020-11-06 12:00:00,0.85,0.7,hold
626,2020-11-09 00:00:00,0.85,0.8,sell
627,2020-11-09 12:00:00,0.9,0.8,hold
628,2020-11-10 00:00:00,0.85,0.7,hold
629,2020-11-10 12:00:00,0.9,0.7,hold
630,2020-11-11 00:00:00,0.9,0.85,sell
631,2020-11-11 12:00:00,0.85,0.8,sell
632,2020-11-12 00:00:00,0.9,0.85,sell
633,2020-11-12 12:00:00,0.9,0.85,sell
634,2020-11-13 00:00:00,0.85,0.7,hold
635,2020-11-13 12:00:00,0.85,0.7,hold
640,2020-11-16 00:00:00,0.85,0.75,sell
641,2020-11-16 12:00:00,0.85,0.7,sell
642,2020-11-17 00:00:00,0.9,0.85,sell
643,2020-11-17 12:00:00,0.85,0.8,sell
644,2020-11-18 00:00:00,0.9,0.85,sell
645,2020-11-18 12:00:00,0.8,0.75,sell
646,2020-11-19 00:00:00,0.85,0.75,sell
647,2020-11-19 12:00:00,0.85,0.75,sell
648,2020-11-20 00:00:00,0.8,0.8,hold
649,2020-11-20 12:00:00,0.9,0.8,sell
654,2020-11-23 00:00:00,0.8,0.7,hold
655,2020-11-23 12:00:00,0.9,0.85,sell
656,2020-11-24 00:00:00,0.9,0.9,sell
657,2020-11-24 12:00:00,0.9,0.85,sell
658,2020-11-25 00:00:00,0.8,0.65,hold
659,2020-11-25 12:00:00,0.7,0.8,hold
660,2020-11-26 00:00:00,0.7,0.8,hold
661,2020-11-26 12:00:00,0.8,0.65,hold
662,2020-11-27 00:00:00,0.8,0.7,hold
663,2020-11-27 12:00:00,0.8,0.7,hold
668,2020-11-30 00:00:00,0.85,0.75,sell
669,2020-11-30 12:00:00,0.85,0.75,sell
670,2020-12-01 00:00:00,0.85,0.7,hold
671,2020-12-01 12:00:00,0.7,0.6,hold
672,2020-12-02 00:00:00,0.85,0.75,sell
673,2020-12-02 12:00:00,0.8,0.75,sell
674,2020-12-03 00:00:00,0.9,0.85,sell
675,2020-12-03 12:00:00,0.9,0.85,sell
676,2020-12-04 00:00:00,0.95,0.9,sell
677,2020-12-04 12:00:00,0.9,0.85,sell
682,2020-12-07 00:00:00,0.85,0.75,sell
683,2020-12-07 12:00:00,0.9,0.85,sell
684,2020-12-08 00:00:00,0.9,0.85,sell
685,2020-12-08 12:00:00,0.9,0.85,sell
686,2020-12-09 00:00:00,0.9,0.8,sell
687,2020-12-09 12:00:00,0.9,0.8,sell
688,2020-12-10 00:00:00,0.9,0.85,sell
689,2020-12-10 12:00:00,0.9,0.85,sell
690,2020-12-11 00:00:00,0.9,0.75,sell
691,2020-12-11 12:00:00,0.9,0.7,hold
696,2020-12-14 00:00:00,0.9,0.8,sell
697,2020-12-14 12:00:00,0.9,0.8,sell
698,2020-12-15 00:00:00,0.85,0.7,hold
699,2020-12-15 12:00:00,0.8,0.7,hold
700,2020-12-16 00:00:00,0.9,0.8,sell
701,2020-12-16 12:00:00,0.8,0.75,hold
702,2020-12-17 00:00:00,0.85,0.75,buy
703,2020-12-17 12:00:00,0.85,0.7,hold
704,2020-12-18 00:00:00,0.8,0.7,hold
705,2020-12-18 12:00:00,0.8,0.7,hold
710,2020-12-21 00:00:00,0.8,0.75,sell
711,2020-12-21 12:00:00,0.85,0.75,sell
712,2020-12-22 00:00:00,0.9,0.85,sell
713,2020-12-22 12:00:00,0.9,0.85,sell
714,2020-12-23 00:00:00,0.9,0.85,sell
715,2020-12-23 12:00:00,0.9,0.85,sell
716,2020-12-24 00:00:00,0.85,0.8,hold
717,2020-12-24 12:00:00,0.8,0.65,hold
724,2020-12-28 00:00:00,0.8,0.65,buy
725,2020-12-28 12:00:00,0.8,0.7,sell
726,2020-12-29 00:00:00,0.7,0.6,hold
727,2020-12-29 12:00:00,0.8,0.75,sell
728,2020-12-30 00:00:00,0.7,0.6,hold
729,2020-12-30 12:00:00,0.8,0.75,sell
730,2020-12-31 00:00:00,0.9,0.8,hold
731,2020-12-31 12:00:00,0.85,0.7,hold
738,2021-01-04 00:00:00,0.85,0.75,sell
739,2021-01-04 12:00:00,0.7,0.65,sell
740,2021-01-05 00:00:00,0.85,0.8,sell
741,2021-01-05 12:00:00,0.85,0.75,sell
742,2021-01-06 00:00:00,0.9,0.8,sell
743,2021-01-06 12:00:00,0.9,0.85,sell
744,2021-01-07 00:00:00,0.8,0.75,sell
745,2021-01-07 12:00:00,0.8,0.65,sell
746,2021-01-08 00:00:00,0.85,0.75,sell
747,2021-01-08 12:00:00,0.8,0.75,sell
752,2021-01-11 00:00:00,0.85,0.75,hold
753,2021-01-11 12:00:00,0.8,0.65,buy
754,2021-01-12 00:00:00,0.7,0.8,hold
755,2021-01-12 12:00:00,0.7,0.75,hold
756,2021-01-13 00:00:00,0.8,0.7,buy
757,2021-01-13 12:00:00,0.7,0.6,hold
758,2021-01-14 00:00:00,0.85,0.75,sell
759,2021-01-14 12:00:00,0.8,0.75,sell
760,2021-01-15 00:00:00,0.8,0.75,hold
761,2021-01-15 12:00:00,0.85,0.7,hold
766,2021-01-18 00:00:00,0.9,0.85,sell
767,2021-01-18 12:00:00,0.8,0.75,sell
768,2021-01-19 00:00:00,0.85,0.75,sell
769,2021-01-19 12:00:00,0.9,0.8,sell
770,2021-01-20 00:00:00,0.8,0.75,sell
771,2021-01-20 12:00:00,0.8,0.7,hold
772,2021-01-21 00:00:00,0.85,0.75,sell
773,2021-01-21 12:00:00,0.8,0.8,hold
774,2021-01-22 00:00:00,0.9,0.85,sell
775,2021-01-22 12:00:00,0.9,0.85,sell
780,2021-01-25 00:00:00,0.85,0.75,sell
781,2021-01-25 12:00:00,0.8,0.75,sell
782,2021-01-26 00:00:00,0.9,0.85,sell
783,2021-01-26 12:00:00,0.9,0.85,sell
784,2021-01-27 00:00:00,0.8,0.65,hold
785,2021-01-27 12:00:00,0.85,0.75,sell
786,2021-01-28 00:00:00,0.85,0.75,sell
787,2021-01-28 12:00:00,0.85,0.75,sell
788,2021-01-29 00:00:00,0.85,0.8,sell
789,2021-01-29 12:00:00,0.9,0.85,sell
794,2021-02-01 00:00:00,0.85,0.75,sell
795,2021-02-01 12:00:00,0.8,0.7,hold
796,2021-02-02 00:00:00,0.6,0.75,hold
797,2021-02-02 12:00:00,0.8,0.7,hold
798,2021-02-03 00:00:00,0.9,0.9,sell
799,2021-02-03 12:00:00,0.8,0.6,hold
800,2021-02-04 00:00:00,0.95,0.9,sell
801,2021-02-04 12:00:00,0.9,0.85,sell
802,2021-02-05 00:00:00,0.8,0.75,hold
803,2021-02-05 12:00:00,0.8,0.7,hold
808,2021-02-08 00:00:00,0.7,0.7,hold
809,2021-02-08 12:00:00,0.8,0.7,hold
810,2021-02-09 00:00:00,0.8,0.75,hold
811,2021-02-09 12:00:00,0.85,0.75,sell
812,2021-02-10 00:00:00,0.8,0.75,sell
813,2021-02-10 12:00:00,0.85,0.75,sell
814,2021-02-11 00:00:00,0.8,0.7,sell
815,2021-02-11 12:00:00,0.85,0.7,hold
816,2021-02-12 00:00:00,0.8,0.7,hold
817,2021-02-12 12:00:00,0.85,0.75,buy
822,2021-02-15 00:00:00,0.6,0.75,hold
823,2021-02-15 12:00:00,0.7,0.8,hold
824,2021-02-16 00:00:00,0.8,0.7,hold
825,2021-02-16 12:00:00,0.7,0.7,hold
826,2021-02-17 00:00:00,0.8,0.8,hold
827,2021-02-17 12:00:00,0.8,0.7,hold
828,2021-02-18 00:00:00,0.9,0.85,sell
829,2021-02-18 12:00:00,0.9,0.85,sell
830,2021-02-19 00:00:00,0.7,0.8,hold
831,2021-02-19 12:00:00,0.7,0.8,hold
836,2021-02-22 00:00:00,0.7,0.8,hold
837,2021-02-22 12:00:00,0.7,0.8,hold
838,2021-02-23 00:00:00,0.6,0.7,hold
839,2021-02-23 12:00:00,0.8,0.75,buy
840,2021-02-24 00:00:00,0.7,0.8,hold
841,2021-02-24 12:00:00,0.85,0.75,buy
842,2021-02-25 00:00:00,0.85,0.75,sell
843,2021-02-25 12:00:00,0.8,0.75,sell
844,2021-02-26 00:00:00,0.9,0.85,sell
845,2021-02-26 12:00:00,0.9,0.85,sell
850,2021-03-01 00:00:00,0.85,0.8,sell
851,2021-03-01 12:00:00,0.9,0.8,buy
852,2021-03-02 00:00:00,0.8,0.7,sell
853,2021-03-02 12:00:00,0.8,0.75,sell
854,2021-03-03 00:00:00,0.9,0.85,sell
855,2021-03-03 12:00:00,0.85,0.75,sell
856,2021-03-04 00:00:00,0.9,0.85,sell
857,2021-03-04 12:00:00,0.9,0.85,sell
858,2021-03-05 00:00:00,0.9,0.85,sell
859,2021-03-05 12:00:00,0.9,0.8,sell
864,2021-03-08 00:00:00,0.9,0.8,sell
865,2021-03-08 12:00:00,0.85,0.8,sell
866,2021-03-09 00:00:00,0.8,0.8,sell
867,2021-03-09 12:00:00,0.9,0.8,sell
868,2021-03-10 00:00:00,0.85,0.8,sell
869,2021-03-10 12:00:00,0.8,0.75,sell
870,2021-03-11 00:00:00,0.9,0.8,sell
871,2021-03-11 12:00:00,0.9,0.8,sell
872,2021-03-12 00:00:00,0.9,0.9,sell
873,2021-03-12 12:00:00,0.9,0.9,sell
878,2021-03-15 00:00:00,0.8,0.75,sell
879,2021-03-15 12:00:00,0.8,0.75,sell
880,2021-03-16 00:00:00,0.8,0.85,sell
881,2021-03-16 12:00:00,0.9,0.85,sell
882,2021-03-17 00:00:00,0.8,0.7,buy
883,2021-03-17 12:00:00,0.85,0.7,hold
884,2021-03-18 00:00:00,0.8,0.7,hold
885,2021-03-18 12:00:00,0.85,0.7,hold
886,2021-03-19 00:00:00,0.9,0.85,sell
887,2021-03-19 12:00:00,0.9,0.85,sell
892,2021-03-22 00:00:00,0.9,0.85,sell
893,2021-03-22 12:00:00,0.9,0.8,sell
894,2021-03-23 00:00:00,0.8,0.7,hold
895,2021-03-23 12:00:00,0.9,0.75,hold
896,2021-03-24 00:00:00,0.9,0.8,sell
897,2021-03-24 12:00:00,0.85,0.7,hold
898,2021-03-25 00:00:00,0.9,0.85,sell
899,2021-03-25 12:00:00,0.9,0.8,sell
900,2021-03-26 00:00:00,0.9,0.85,sell
901,2021-03-26 12:00:00,0.9,0.9,sell
906,2021-03-29 00:00:00,0.9,0.85,sell
907,2021-03-29 12:00:00,0.9,0.85,sell
908,2021-03-30 00:00:00,0.85,0.8,sell
909,2021-03-30 12:00:00,0.8,0.7,hold
910,2021-03-31 00:00:00,0.85,0.75,sell
911,2021-03-31 12:00:00,0.85,0.75,sell
912,2021-04-01 00:00:00,0.9,0.85,sell
913,2021-04-01 12:00:00,0.9,0.85,sell
914,2021-04-02 00:00:00,0.9,0.85,sell
915,2021-04-02 12:00:00,0.9,0.85,sell
920,2021-04-05 00:00:00,0.9,0.85,sell
921,2021-04-05 12:00:00,0.85,0.8,sell
922,2021-04-06 00:00:00,0.9,0.9,sell
923,2021-04-06 12:00:00,0.9,0.9,sell
924,2021-04-07 00:00:00,0.9,0.85,sell
925,2021-04-07 12:00:00,0.9,0.85,sell
926,2021-04-08 00:00:00,0.8,0.7,sell
927,2021-04-08 12:00:00,0.8,0.7,hold
928,2021-04-09 00:00:00,0.8,0.7,hold
929,2021-04-09 12:00:00,0.8,0.75,sell
934,2021-04-12 00:00:00,0.85,0.75,sell
935,2021-04-12 12:00:00,0.8,0.75,sell
936,2021-04-13 00:00:00,0.85,0.8,sell
937,2021-04-13 12:00:00,0.8,0.85,sell
938,2021-04-14 00:00:00,0.9,0.85,sell
939,2021-04-14 12:00:00,0.9,0.85,sell
940,2021-04-15 00:00:00,0.9,0.85,sell
941,2021-04-15 12:00:00,0.9,0.85,sell
942,2021-04-16 00:00:00,0.9,0.9,sell
943,2021-04-16 12:00:00,0.9,0.9,sell
948,2021-04-19 00:00:00,0.85,0.8,sell
949,2021-04-19 12:00:00,0.85,0.75,sell
950,2021-04-20 00:00:00,0.9,0.8,sell
951,2021-04-20 12:00:00,0.85,0.75,sell
952,2021-04-21 00:00:00,0.9,0.8,sell
953,2021-04-21 12:00:00,0.9,0.85,sell
954,2021-04-22 00:00:00,0.8,0.75,sell
955,2021-04-22 12:00:00,0.85,0.75,sell
956,2021-04-23 00:00:00,0.9,0.85,sell
957,2021-04-23 12:00:00,0.85,0.75,sell
962,2021-04-26 00:00:00,0.8,0.7,sell
963,2021-04-26 12:00:00,0.8,0.75,buy
964,2021-04-27 00:00:00,0.7,0.6,hold
965,2021-04-27 12:00:00,0.8,0.7,hold
966,2021-04-28 00:00:00,0.9,0.85,sell
967,2021-04-28 12:00:00,0.9,0.85,sell
968,2021-04-29 00:00:00,0.8,0.75,sell
969,2021-04-29 12:00:00,0.8,0.75,hold
970,2021-04-30 00:00:00,0.85,0.75,sell
971,2021-04-30 12:00:00,0.9,0.8,buy
976,2021-05-03 00:00:00,0.9,0.85,sell
977,2021-05-03 12:00:00,0.8,0.7,hold
978,2021-05-04 00:00:00,0.85,0.8,buy
979,2021-05-04 12:00:00,0.7,0.8,hold
980,2021-05-05 00:00:00,0.8,0.75,buy
981,2021-05-05 12:00:00,0.85,0.8,buy
982,2021-05-06 00:00:00,0.9,0.8,sell
983,2021-05-06 12:00:00,0.85,0.75,hold
984,2021-05-07 00:00:00,0.9,0.8,sell
985,2021-05-07 12:00:00,0.9,0.8,sell
990,2021-05-10 00:00:00,0.9,0.85,buy
991,2021-05-10 12:00:00,0.85,0.8,buy
992,2021-05-11 00:00:00,0.9,0.8,buy
993,2021-05-11 12:00:00,0.8,0.7,buy
994,2021-05-12 00:00:00,0.9,0.75,sell
995,2021-05-12 12:00:00,0.85,0.8,sell
996,2021-05-13 00:00:00,0.95,0.9,sell
997,2021-05-13 12:00:00,0.9,0.85,sell
998,2021-05-14 00:00:00,0.9,0.85,sell
999,2021-05-14 12:00:00,0.95,0.9,sell
1004,2021-05-17 00:00:00,0.85,0.75,hold
1005,2021-05-17 12:00:00,0.85,0.75,sell
1006,2021-05-18 00:00:00,0.8,0.8,sell
1007,2021-05-18 12:00:00,0.7,0.7,sell
1008,2021-05-19 00:00:00,0.85,0.75,sell
1009,2021-05-19 12:00:00,0.8,0.7,sell
1010,2021-05-20 00:00:00,0.85,0.7,sell
1011,2021-05-20 12:00:00,0.8,0.75,sell
1012,2021-05-21 00:00:00,0.9,0.85,sell
1013,2021-05-21 12:00:00,0.85,0.8,buy
1018,2021-05-24 00:00:00,0.7,0.6,hold
1019,2021-05-24 12:00:00,0.8,0.7,sell
1020,2021-05-25 00:00:00,0.85,0.75,sell
1021,2021-05-25 12:00:00,0.7,0.7,hold
1022,2021-05-26 00:00:00,0.6,0.7,hold
1023,2021-05-26 12:00:00,0.8,0.7,hold
1024,2021-05-27 00:00:00,0.85,0.75,sell
1025,2021-05-27 12:00:00,0.7,0.8,hold
1026,2021-05-28 00:00:00,0.7,0.8,hold
1027,2021-05-28 12:00:00,0.8,0.65,hold
1032,2021-05-31 00:00:00,0.7,0.65,hold
1033,2021-05-31 12:00:00,0.9,0.8,sell
1034,2021-06-01 00:00:00,0.6,0.7,hold
1035,2021-06-01 12:00:00,0.85,0.75,buy
1036,2021-06-02 00:00:00,0.9,0.75,buy
1037,2021-06-02 12:00:00,0.8,0.7,hold
1038,2021-06-03 00:00:00,0.8,0.7,hold
1039,2021-06-03 12:00:00,0.85,0.75,buy
1040,2021-06-04 00:00:00,0.9,0.9,sell
1041,2021-06-04 12:00:00,0.9,0.85,sell
1046,2021-06-07 00:00:00,0.8,0.7,sell
1047,2021-06-07 12:00:00,0.8,0.75,sell
1048,2021-06-08 00:00:00,0.8,0.75,sell
1049,2021-06-08 12:00:00,0.8,0.75,sell
1050,2021-06-09 00:00:00,0.8,0.75,sell
1051,2021-06-09 12:00:00,0.8,0.75,sell
1052,2021-06-10 00:00:00,0.8,0.75,sell
1053,2021-06-10 12:00:00,0.9,0.85,sell
1054,2021-06-11 00:00:00,0.95,0.9,sell
1055,2021-06-11 12:00:00,0.9,0.85,sell
1060,2021-06-14 00:00:00,0.6,0.6,hold
1061,2021-06-14 12:00:00,0.5,0.8,hold
1062,2021-06-15 00:00:00,0.8,0.75,sell
1063,2021-06-15 12:00:00,0.6,0.7,hold
1064,2021-06-16 00:00:00,0.9,0.65,hold
1065,2021-06-16 12:00:00,0.8,0.75,hold
1066,2021-06-17 00:00:00,0.8,0.8,hold
1067,2021-06-17 12:00:00,0.9,0.8,sell
1068,2021-06-18 00:00:00,0.9,0.85,sell
1069,2021-06-18 12:00:00,0.85,0.8,sell
1074,2021-06-21 00:00:00,0.8,0.7,sell
1075,2021-06-21 12:00:00,0.8,0.75,sell
1076,2021-06-22 00:00:00,0.9,0.8,sell
1077,2021-06-22 12:00:00,0.9,0.8,sell
1078,2021-06-23 00:00:00,0.8,0.7,hold
1079,2021-06-23 12:00:00,0.8,0.7,hold
1080,2021-06-24 00:00:00,0.75,0.65,hold
1081,2021-06-24 12:00:00,0.85,0.65,hold
1082,2021-06-25 00:00:00,0.8,0.75,sell
1083,2021-06-25 12:00:00,0.8,0.8,hold
1088,2021-06-28 00:00:00,0.8,0.75,sell
1089,2021-06-28 12:00:00,0.85,0.8,sell
1090,2021-06-29 00:00:00,0.8,0.7,sell
1091,2021-06-29 12:00:00,0.8,0.7,hold
1092,2021-06-30 00:00:00,0.85,0.75,sell
1093,2021-06-30 12:00:00,0.9,0.8,sell
1094,2021-07-01 00:00:00,0.85,0.75,sell
1095,2021-07-01 12:00:00,0.85,0.65,hold
1096,2021-07-02 00:00:00,0.85,0.75,sell
1097,2021-07-02 12:00:00,0.8,0.8,hold
1102,2021-07-05 00:00:00,0.8,0.75,sell
1103,2021-07-05 12:00:00,0.8,0.7,hold
1104,2021-07-06 00:00:00,0.85,0.8,buy
1105,2021-07-06 12:00:00,0.7,0.8,hold
1106,2021-07-07 00:00:00,0.8,0.75,hold
1107,2021-07-07 12:00:00,0.8,0.6,hold
1108,2021-07-08 00:00:00,0.75,0.65,sell
1109,2021-07-08 12:00:00,0.85,0.75,sell
1110,2021-07-09 00:00:00,0.8,0.7,hold
1111,2021-07-09 12:00:00,0.8,0.7,hold
1116,2021-07-12 00:00:00,0.8,0.75,sell
1117,2021-07-12 12:00:00,0.7,0.65,sell
1118,2021-07-13 00:00:00,0.75,0.65,sell
1119,2021-07-13 12:00:00,0.8,0.6,hold
1120,2021-07-14 00:00:00,0.95,0.9,sell
1121,2021-07-14 12:00:00,0.9,0.85,sell
1122,2021-07-15 00:00:00,0.85,0.7,hold
1123,2021-07-15 12:00:00,0.9,0.85,sell
1124,2021-07-16 00:00:00,0.8,0.7,sell
1125,2021-07-16 12:00:00,0.8,0.65,sell
1130,2021-07-19 00:00:00,0.85,0.8,sell
1131,2021-07-19 12:00:00,0.8,0.75,sell
1132,2021-07-20 00:00:00,0.85,0.75,sell
1133,2021-07-20 12:00:00,0.9,0.8,sell
1134,2021-07-21 00:00:00,0.9,0.8,sell
1135,2021-07-21 12:00:00,0.8,0.75,sell
1136,2021-07-22 00:00:00,0.8,0.7,hold
1137,2021-07-22 12:00:00,0.8,0.75,sell
1138,2021-07-23 00:00:00,0.8,0.7,hold
1139,2021-07-23 12:00:00,0.8,0.7,hold
1144,2021-07-26 00:00:00,0.7,0.65,sell
1145,2021-07-26 12:00:00,0.8,0.75,sell
1146,2021-07-27 00:00:00,0.8,0.75,hold
1147,2021-07-27 12:00:00,0.8,0.7,hold
1148,2021-07-28 00:00:00,0.85,0.75,sell
1149,2021-07-28 12:00:00,0.8,0.7,sell
1150,2021-07-29 00:00:00,0.8,0.65,sell
1151,2021-07-29 12:00:00,0.9,0.8,sell
1152,2021-07-30 00:00:00,0.9,0.9,sell
1153,2021-07-30 12:00:00,0.9,0.8,sell
1158,2021-08-02 00:00:00,0.6,0.7,hold
1159,2021-08-02 12:00:00,0.7,0.8,hold
1160,2021-08-03 00:00:00,0.85,0.75,buy
1161,2021-08-03 12:00:00,0.6,0.7,hold
1162,2021-08-04 00:00:00,0.7,0.8,hold
1163,2021-08-04 12:00:00,0.8,0.75,hold
1164,2021-08-05 00:00:00,0.8,0.7,hold
1165,2021-08-05 12:00:00,0.8,0.75,hold
1166,2021-08-06 00:00:00,0.8,0.7,sell
1167,2021-08-06 12:00:00,0.85,0.75,sell
1172,2021-08-09 00:00:00,0.85,0.75,sell
1173,2021-08-09 12:00:00,0.8,0.75,sell
1174,2021-08-10 00:00:00,0.9,0.85,sell
1175,2021-08-10 12:00:00,0.85,0.8,sell
1176,2021-08-11 00:00:00,0.9,0.85,sell
1177,2021-08-11 12:00:00,0.9,0.85,sell
1178,2021-08-12 00:00:00,0.8,0.7,hold
1179,2021-08-12 12:00:00,0.8,0.7,hold
1180,2021-08-13 00:00:00,0.9,0.75,sell
1181,2021-08-13 12:00:00,0.8,0.75,sell
1186,2021-08-16 00:00:00,0.8,0.7,sell
1187,2021-08-16 12:00:00,0.6,0.8,hold
1188,2021-08-17 00:00:00,0.85,0.75,sell
1189,2021-08-17 12:00:00,0.8,0.7,sell
1190,2021-08-18 00:00:00,0.9,0.7,hold
1191,2021-08-18 12:00:00,0.9,0.8,hold
1192,2021-08-19 00:00:00,0.85,0.7,hold
1193,2021-08-19 12:00:00,0.85,0.75,hold
1194,2021-08-20 00:00:00,0.8,0.75,sell
1195,2021-08-20 12:00:00,0.9,0.8,sell
1200,2021-08-23 00:00:00,0.9,0.85,sell
1201,2021-08-23 12:00:00,0.9,0.9,sell
1202,2021-08-24 00:00:00,0.9,0.8,sell
1203,2021-08-24 12:00:00,0.85,0.75,hold
1204,2021-08-25 00:00:00,0.8,0.7,buy
1205,2021-08-25 12:00:00,0.85,0.75,sell
1206,2021-08-26 00:00:00,0.85,0.8,sell
1207,2021-08-26 12:00:00,0.9,0.85,sell
1208,2021-08-27 00:00:00,0.9,0.9,sell
1209,2021-08-27 12:00:00,0.9,0.85,sell
1214,2021-08-30 00:00:00,0.85,0.8,sell
1215,2021-08-30 12:00:00,0.9,0.85,sell
1216,2021-08-31 00:00:00,0.8,0.7,hold
1217,2021-08-31 12:00:00,0.9,0.85,buy
1218,2021-09-01 00:00:00,0.9,0.85,buy
1219,2021-09-01 12:00:00,0.9,0.85,buy
1220,2021-09-02 00:00:00,0.85,0.75,buy
1221,2021-09-02 12:00:00,0.9,0.85,buy
1222,2021-09-03 00:00:00,0.85,0.8,sell
1223,2021-09-03 12:00:00,0.9,0.85,sell
1228,2021-09-06 00:00:00,0.85,0.75,hold
1229,2021-09-06 12:00:00,0.85,0.75,buy
1230,2021-09-07 00:00:00,0.85,0.8,buy
1231,2021-09-07 12:00:00,0.9,0.85,buy
1232,2021-09-08 00:00:00,0.8,0.6,hold
1233,2021-09-08 12:00:00,0.8,0.75,sell
1234,2021-09-09 00:00:00,0.9,0.85,sell
1235,2021-09-09 12:00:00,0.9,0.85,sell
1236,2021-09-10 00:00:00,0.9,0.8,sell
1237,2021-09-10 12:00:00,0.85,0.75,sell
1242,2021-09-13 00:00:00,0.8,0.7,sell
1243,2021-09-13 12:00:00,0.7,0.6,hold
1244,2021-09-14 00:00:00,0.8,0.7,sell
1245,2021-09-14 12:00:00,0.85,0.75,sell
1246,2021-09-15 00:00:00,0.9,0.8,hold
1247,2021-09-15 12:00:00,0.9,0.8,buy
1248,2021-09-16 00:00:00,0.8,0.6,hold
1249,2021-09-16 12:00:00,0.85,0.8,sell
1250,2021-09-17 00:00:00,0.9,0.85,sell
1251,2021-09-17 12:00:00,0.9,0.85,sell
1256,2021-09-20 00:00:00,0.85,0.8,sell
1257,2021-09-20 12:00:00,0.9,0.85,sell
1258,2021-09-21 00:00:00,0.9,0.85,sell
1259,2021-09-21 12:00:00,0.9,0.85,sell
1260,2021-09-22 00:00:00,0.9,0.85,sell
1261,2021-09-22 12:00:00,0.9,0.85,sell
1262,2021-09-23 00:00:00,0.9,0.85,sell
1263,2021-09-23 12:00:00,0.9,0.9,sell
1264,2021-09-24 00:00:00,0.9,0.8,sell
1265,2021-09-24 12:00:00,0.9,0.8,sell
1270,2021-09-27 00:00:00,0.9,0.8,sell
1271,2021-09-27 12:00:00,0.9,0.85,sell
1272,2021-09-28 00:00:00,0.9,0.9,sell
1273,2021-09-28 12:00:00,0.9,0.85,sell
1274,2021-09-29 00:00:00,0.9,0.8,sell
1275,2021-09-29 12:00:00,0.9,0.85,sell
1276,2021-09-30 00:00:00,0.8,0.75,sell
1277,2021-09-30 12:00:00,0.9,0.75,sell
1278,2021-10-01 00:00:00,0.9,0.8,sell
1279,2021-10-01 12:00:00,0.85,0.7,hold
1284,2021-10-04 00:00:00,0.9,0.8,sell
1285,2021-10-04 12:00:00,0.9,0.85,sell
1286,2021-10-05 00:00:00,0.9,0.85,sell
1287,2021-10-05 12:00:00,0.9,0.85,sell
1288,2021-10-06 00:00:00,0.9,0.8,sell
1289,2021-10-06 12:00:00,0.9,0.85,sell
1290,2021-10-07 00:00:00,0.9,0.9,sell
1291,2021-10-07 12:00:00,0.9,0.9,sell
1292,2021-10-08 00:00:00,0.9,0.9,sell
1293,2021-10-08 12:00:00,0.9,0.9,sell
1298,2021-10-11 00:00:00,0.8,0.75,sell
1299,2021-10-11 12:00:00,0.9,0.8,sell
1300,2021-10-12 00:00:00,0.85,0.8,sell
1301,2021-10-12 12:00:00,0.85,0.8,sell
1302,2021-10-13 00:00:00,0.9,0.85,sell
1303,2021-10-13 12:00:00,0.9,0.85,sell
1304,2021-10-14 00:00:00,0.9,0.85,sell
1305,2021-10-14 12:00:00,0.9,0.85,sell
1306,2021-10-15 00:00:00,0.9,0.85,sell
1307,2021-10-15 12:00:00,0.9,0.85,sell
1312,2021-10-18 00:00:00,0.9,0.85,sell
1313,2021-10-18 12:00:00,0.9,0.85,sell
1314,2021-10-19 00:00:00,0.9,0.8,sell
1315,2021-10-19 12:00:00,0.85,0.8,sell
1316,2021-10-20 00:00:00,0.8,0.8,hold
1317,2021-10-20 12:00:00,0.9,0.85,hold
1318,2021-10-21 00:00:00,0.9,0.8,sell
1319,2021-10-21 12:00:00,0.9,0.85,sell
1320,2021-10-22 00:00:00,0.9,0.9,sell
1321,2021-10-22 12:00:00,0.9,0.9,sell
1326,2021-10-25 00:00:00,0.9,0.85,sell
1327,2021-10-25 12:00:00,0.9,0.85,sell
1328,2021-10-26 00:00:00,0.9,0.9,sell
1329,2021-10-26 12:00:00,0.9,0.85,sell
1330,2021-10-27 00:00:00,0.9,0.9,sell
1331,2021-10-27 12:00:00,0.9,0.85,sell
1332,2021-10-28 00:00:00,0.9,0.85,sell
1333,2021-10-28 12:00:00,0.9,0.8,hold
1334,2021-10-29 00:00:00,0.9,0.8,hold
1335,2021-10-29 12:00:00,0.9,0.8,hold
1340,2021-11-01 00:00:00,0.9,0.9,sell
1341,2021-11-01 12:00:00,0.95,0.9,sell
1342,2021-11-02 00:00:00,0.9,0.85,sell
1343,2021-11-02 12:00:00,0.9,0.8,sell
1344,2021-11-03 00:00:00,0.9,0.85,sell
1345,2021-11-03 12:00:00,0.9,0.85,sell
1346,2021-11-04 00:00:00,0.9,0.9,sell
1347,2021-11-04 12:00:00,0.9,0.9,sell
1348,2021-11-05 00:00:00,0.95,0.9,sell
1349,2021-11-05 12:00:00,0.9,0.85,sell
1354,2021-11-08 00:00:00,0.9,0.85,sell
1355,2021-11-08 12:00:00,0.9,0.85,sell
1356,2021-11-09 00:00:00,0.95,0.9,sell
1357,2021-11-09 12:00:00,0.9,0.85,sell
1358,2021-11-10 00:00:00,0.9,0.85,sell
1359,2021-11-10 12:00:00,0.9,0.8,sell
1360,2021-11-11 00:00:00,0.95,0.9,sell
1361,2021-11-11 12:00:00,0.95,0.9,sell
1362,2021-11-12 00:00:00,0.95,0.9,sell
1363,2021-11-12 12:00:00,0.9,0.9,sell
1368,2021-11-15 00:00:00,0.9,0.85,sell
1369,2021-11-15 12:00:00,0.9,0.85,sell
1370,2021-11-16 00:00:00,0.9,0.9,sell
1371,2021-11-16 12:00:00,0.9,0.9,sell
1372,2021-11-17 00:00:00,0.9,0.9,sell
1373,2021-11-17 12:00:00,0.9,0.9,sell
1374,2021-11-18 00:00:00,0.9,0.85,sell
1375,2021-11-18 12:00:00,0.9,0.85,sell
1376,2021-11-19 00:00:00,0.9,0.9,sell
1377,2021-11-19 12:00:00,0.9,0.9,sell
1382,2021-11-22 00:00:00,0.9,0.85,sell
1383,2021-11-22 12:00:00,0.9,0.9,sell
1384,2021-11-23 00:00:00,0.95,0.9,sell
1385,2021-11-23 12:00:00,0.9,0.7,hold
1386,2021-11-24 00:00:00,0.9,0.75,hold
1387,2021-11-24 12:00:00,0.9,0.85,sell
1388,2021-11-25 00:00:00,0.9,0.9,sell
1389,2021-11-25 12:00:00,0.9,0.95,sell
1390,2021-11-26 00:00:00,0.9,0.9,sell
1391,2021-11-26 12:00:00,0.9,0.9,sell
1396,2021-11-29 00:00:00,0.9,0.9,sell
1397,2021-11-29 12:00:00,0.9,0.9,sell
1398,2021-11-30 00:00:00,0.9,0.9,sell
1399,2021-11-30 12:00:00,0.95,0.9,sell
1400,2021-12-01 00:00:00,0.85,0.7,hold
1401,2021-12-01 12:00:00,0.9,0.7,hold
1402,2021-12-02 00:00:00,0.9,0.85,sell
1403,2021-12-02 12:00:00,0.9,0.85,sell
1404,2021-12-03 00:00:00,0.9,0.9,sell
1405,2021-12-03 12:00:00,0.9,0.9,sell
1410,2021-12-06 00:00:00,0.85,0.8,sell
1411,2021-12-06 12:00:00,0.85,0.9,sell
1412,2021-12-07 00:00:00,0.9,0.85,sell
1413,2021-12-07 12:00:00,0.9,0.85,sell
1414,2021-12-08 00:00:00,0.9,0.8,sell
1415,2021-12-08 12:00:00,0.9,0.8,sell
1416,2021-12-09 00:00:00,0.9,0.9,sell
1417,2021-12-09 12:00:00,0.9,0.85,sell
1418,2021-12-10 00:00:00,0.9,0.9,sell
1419,2021-12-10 12:00:00,0.9,0.85,sell
1424,2021-12-13 00:00:00,0.9,0.85,sell
1425,2021-12-13 12:00:00,0.8,0.8,sell
1426,2021-12-14 00:00:00,0.8,0.75,sell
1427,2021-12-14 12:00:00,0.9,0.85,sell
1428,2021-12-15 00:00:00,0.9,0.85,sell
1429,2021-12-15 12:00:00,0.9,0.85,sell
1430,2021-12-16 00:00:00,0.9,0.9,sell
1431,2021-12-16 12:00:00,0.9,0.9,sell
1432,2021-12-17 00:00:00,0.85,0.75,hold
1433,2021-12-17 12:00:00,0.8,0.75,hold
1438,2021-12-20 00:00:00,0.9,0.85,sell
1439,2021-12-20 12:00:00,0.9,0.85,sell
1440,2021-12-21 00:00:00,0.9,0.85,sell
1441,2021-12-21 12:00:00,0.85,0.9,sell
1442,2021-12-22 00:00:00,0.9,0.85,sell
1443,2021-12-22 12:00:00,0.9,0.85,sell
1444,2021-12-23 00:00:00,0.9,0.9,sell
1445,2021-12-23 12:00:00,0.85,0.8,sell
1446,2021-12-24 00:00:00,0.9,0.85,sell
1447,2021-12-24 12:00:00,0.9,0.9,sell
1452,2021-12-27 00:00:00,0.7,0.8,hold
1453,2021-12-27 12:00:00,0.8,0.75,sell
1454,2021-12-28 00:00:00,0.85,0.8,sell
1455,2021-12-28 12:00:00,0.8,0.8,sell
1456,2021-12-29 00:00:00,0.8,0.75,sell
1457,2021-12-29 12:00:00,0.8,0.75,sell
1458,2021-12-30 00:00:00,0.85,0.8,sell
1459,2021-12-30 12:00:00,0.85,0.8,hold
1460,2021-12-31 00:00:00,0.8,0.7,hold
1461,2021-12-31 12:00:00,0.8,0.75,hold
1466,2022-01-03 00:00:00,0.7,0.65,sell
1467,2022-01-03 12:00:00,0.85,0.75,sell
1468,2022-01-04 00:00:00,0.85,0.8,hold
1469,2022-01-04 12:00:00,0.8,0.75,hold
1470,2022-01-05 00:00:00,0.8,0.7,hold
1471,2022-01-05 12:00:00,0.8,0.8,hold
1472,2022-01-06 00:00:00,0.9,0.9,sell
1473,2022-01-06 12:00:00,0.9,0.85,sell
1474,2022-01-07 00:00:00,0.9,0.85,sell
1475,2022-01-07 12:00:00,0.9,0.85,sell
1480,2022-01-10 00:00:00,0.9,0.85,sell
1481,2022-01-10 12:00:00,0.9,0.85,sell
1482,2022-01-11 00:00:00,0.9,0.85,sell
1483,2022-01-11 12:00:00,0.9,0.85,sell
1484,2022-01-12 00:00:00,0.9,0.85,sell
1485,2022-01-12 12:00:00,0.9,0.85,sell
1486,2022-01-13 00:00:00,0.85,0.7,hold
1487,2022-01-13 12:00:00,0.8,0.7,hold
1488,2022-01-14 00:00:00,0.9,0.8,hold
1489,2022-01-14 12:00:00,0.85,0.7,hold
1494,2022-01-17 00:00:00,0.9,0.85,sell
1495,2022-01-17 12:00:00,0.9,0.85,sell
1496,2022-01-18 00:00:00,0.9,0.85,sell
1497,2022-01-18 12:00:00,0.9,0.85,sell
1498,2022-01-19 00:00:00,0.85,0.75,hold
1499,2022-01-19 12:00:00,0.9,0.7,hold
1500,2022-01-20 00:00:00,0.9,0.85,sell
1501,2022-01-20 12:00:00,0.8,0.7,hold
1502,2022-01-21 00:00:00,0.9,0.75,hold
1503,2022-01-21 12:00:00,0.9,0.8,hold
1508,2022-01-24 00:00:00,0.9,0.85,sell
1509,2022-01-24 12:00:00,0.85,0.8,sell
1510,2022-01-25 00:00:00,0.8,0.7,hold
1511,2022-01-25 12:00:00,0.85,0.7,hold
1512,2022-01-26 00:00:00,0.85,0.7,hold
1513,2022-01-26 12:00:00,0.9,0.8,sell
1514,2022-01-27 00:00:00,0.95,0.9,sell
1515,2022-01-27 12:00:00,0.95,0.9,sell
1516,2022-01-28 00:00:00,1.0,0.95,sell
1517,2022-01-28 12:00:00,0.95,0.95,sell
1522,2022-01-31 00:00:00,0.9,0.85,sell
1523,2022-01-31 12:00:00,0.95,0.9,sell
1524,2022-02-01 00:00:00,0.9,0.9,sell
1525,2022-02-01 12:00:00,0.9,0.9,sell
1526,2022-02-02 00:00:00,0.9,0.85,sell
1527,2022-02-02 12:00:00,0.9,0.85,sell
1528,2022-02-03 00:00:00,0.9,0.8,sell
1529,2022-02-03 12:00:00,0.9,0.7,hold
1530,2022-02-04 00:00:00,0.9,0.7,hold
1531,2022-02-04 12:00:00,0.9,0.8,hold
1536,2022-02-07 00:00:00,0.9,0.85,sell
1537,2022-02-07 12:00:00,0.9,0.85,sell
1538,2022-02-08 00:00:00,0.9,0.9,sell
1539,2022-02-08 12:00:00,0.9,0.85,sell
1540,2022-02-09 00:00:00,0.9,0.9,sell
1541,2022-02-09 12:00:00,0.9,0.85,sell
1542,2022-02-10 00:00:00,0.9,0.9,sell
1543,2022-02-10 12:00:00,0.9,0.9,sell
1544,2022-02-11 00:00:00,0.9,0.9,sell
1545,2022-02-11 12:00:00,0.9,0.9,sell
1550,2022-02-14 00:00:00,0.95,0.9,sell
1551,2022-02-14 12:00:00,0.95,0.9,sell
1552,2022-02-15 00:00:00,0.9,0.9,sell
1553,2022-02-15 12:00:00,0.95,0.9,sell
1554,2022-02-16 00:00:00,0.9,0.85,sell
1555,2022-02-16 12:00:00,0.95,0.9,sell
1556,2022-02-17 00:00:00,0.95,0.95,sell
1557,2022-02-17 12:00:00,0.9,0.9,sell
1558,2022-02-18 00:00:00,0.9,0.85,sell
1559,2022-02-18 12:00:00,0.95,0.9,sell
1564,2022-02-21 00:00:00,1.0,0.95,sell
1565,2022-02-21 12:00:00,1.0,0.9,sell
1566,2022-02-22 00:00:00,1.0,0.95,sell
1567,2022-02-22 12:00:00,1.0,0.95,sell
1568,2022-02-23 00:00:00,1.0,0.9,sell
1569,2022-02-23 12:00:00,0.95,0.9,sell
1570,2022-02-24 00:00:00,1.0,0.95,sell
1571,2022-02-24 12:00:00,1.0,0.95,sell
1572,2022-02-25 00:00:00,1.0,0.95,sell
1573,2022-02-25 12:00:00,1.0,0.95,sell
1578,2022-02-28 00:00:00,1.0,0.95,sell
1579,2022-02-28 12:00:00,1.0,0.95,sell
1580,2022-03-01 00:00:00,0.95,0.9,sell
1581,2022-03-01 12:00:00,0.95,0.9,sell
1582,2022-03-02 00:00:00,0.95,0.9,sell
1583,2022-03-02 12:00:00,1.0,0.95,sell
1584,2022-03-03 00:00:00,0.9,0.8,sell
1585,2022-03-03 12:00:00,0.95,0.9,sell
1586,2022-03-04 00:00:00,0.9,0.8,hold
1587,2022-03-04 12:00:00,0.95,0.85,hold
1592,2022-03-07 00:00:00,0.95,0.9,sell
1593,2022-03-07 12:00:00,0.9,0.8,sell
1594,2022-03-08 00:00:00,0.9,0.85,sell
1595,2022-03-08 12:00:00,0.9,0.8,hold
1596,2022-03-09 00:00:00,0.9,0.85,sell
1597,2022-03-09 12:00:00,0.9,0.85,hold
1598,2022-03-10 00:00:00,0.95,0.9,sell
1599,2022-03-10 12:00:00,0.9,0.9,sell
1600,2022-03-11 00:00:00,0.95,0.9,sell
1601,2022-03-11 12:00:00,0.95,0.9,sell
1606,2022-03-14 00:00:00,0.9,0.85,sell
1607,2022-03-14 12:00:00,0.9,0.85,sell
1608,2022-03-15 00:00:00,0.9,0.85,sell
1609,2022-03-15 12:00:00,0.9,0.85,sell
1610,2022-03-16 00:00:00,0.9,0.9,sell
1611,2022-03-16 12:00:00,0.9,0.9,sell
1612,2022-03-17 00:00:00,0.95,0.9,sell
1613,2022-03-17 12:00:00,0.95,0.9,sell
1614,2022-03-18 00:00:00,0.95,0.9,sell
1615,2022-03-18 12:00:00,0.95,0.9,sell
1620,2022-03-21 00:00:00,0.9,0.85,sell
1621,2022-03-21 12:00:00,0.9,0.9,sell
1622,2022-03-22 00:00:00,0.9,0.9,sell
1623,2022-03-22 12:00:00,0.9,0.9,sell
1624,2022-03-23 00:00:00,0.9,0.9,sell
1625,2022-03-23 12:00:00,0.9,0.85,sell
1626,2022-03-24 00:00:00,0.9,0.85,sell
1627,2022-03-24 12:00:00,0.9,0.9,sell
1628,2022-03-25 00:00:00,0.95,0.9,sell
1629,2022-03-25 12:00:00,0.9,0.9,sell
1634,2022-03-28 00:00:00,0.9,0.85,sell
1635,2022-03-28 12:00:00,0.9,0.85,sell
1636,2022-03-29 00:00:00,0.95,0.9,sell
1637,2022-03-29 12:00:00,0.9,0.9,sell
1638,2022-03-30 00:00:00,0.9,0.85,sell
1639,2022-03-30 12:00:00,0.9,0.8,sell
1640,2022-03-31 00:00:00,0.9,0.8,sell
1641,2022-03-31 12:00:00,0.9,0.85,sell
1642,2022-04-01 00:00:00,0.9,0.9,sell
1643,2022-04-01 12:00:00,0.9,0.8,sell
1648,2022-04-04 00:00:00,0.9,0.9,sell
1649,2022-04-04 12:00:00,0.9,0.85,sell
1650,2022-04-05 00:00:00,0.9,0.85,sell
1651,2022-04-05 12:00:00,0.85,0.7,hold
1652,2022-04-06 00:00:00,0.9,0.7,hold
1653,2022-04-06 12:00:00,0.9,0.8,sell
1654,2022-04-07 00:00:00,0.9,0.9,sell
1655,2022-04-07 12:00:00,0.9,0.85,sell
1656,2022-04-08 00:00:00,0.9,0.9,sell
1657,2022-04-08 12:00:00,0.9,0.8,sell
1662,2022-04-11 00:00:00,0.9,0.85,sell
1663,2022-04-11 12:00:00,0.9,0.85,sell
1664,2022-04-12 00:00:00,0.9,0.8,sell
1665,2022-04-12 12:00:00,0.9,0.85,sell
1666,2022-04-13 00:00:00,0.95,0.9,sell
1667,2022-04-13 12:00:00,0.95,0.9,sell
1668,2022-04-14 00:00:00,0.95,0.9,sell
1669,2022-04-14 12:00:00,0.9,0.9,sell
1670,2022-04-15 00:00:00,0.9,0.9,sell
1671,2022-04-15 12:00:00,0.9,0.85,sell
1676,2022-04-18 00:00:00,0.9,0.85,sell
1677,2022-04-18 12:00:00,0.9,0.8,sell
1678,2022-04-19 00:00:00,0.85,0.8,sell
1679,2022-04-19 12:00:00,0.95,0.9,sell
1680,2022-04-20 00:00:00,0.9,0.9,sell
1681,2022-04-20 12:00:00,0.9,0.85,sell
1682,2022-04-21 00:00:00,0.9,0.85,sell
1683,2022-04-21 12:00:00,0.9,0.85,sell
1684,2022-04-22 00:00:00,0.9,0.7,hold
1685,2022-04-22 12:00:00,0.85,0.75,hold
1690,2022-04-25 00:00:00,0.9,0.85,sell
1691,2022-04-25 12:00:00,0.9,0.9,sell
1692,2022-04-26 00:00:00,0.9,0.9,sell
1693,2022-04-26 12:00:00,0.9,0.9,sell
1694,2022-04-27 00:00:00,0.9,0.85,sell
1695,2022-04-27 12:00:00,0.95,0.9,sell
1696,2022-04-28 00:00:00,0.9,0.85,sell
1697,2022-04-28 12:00:00,0.9,0.85,sell
1698,2022-04-29 00:00:00,0.9,0.75,hold
1699,2022-04-29 12:00:00,0.9,0.7,hold
1704,2022-05-02 00:00:00,0.9,0.8,sell
1705,2022-05-02 12:00:00,0.85,0.8,sell
1706,2022-05-03 00:00:00,0.9,0.85,sell
1707,2022-05-03 12:00:00,0.9,0.8,sell
1708,2022-05-04 00:00:00,0.9,0.85,sell
1709,2022-05-04 12:00:00,0.9,0.85,sell
1710,2022-05-05 00:00:00,0.95,0.9,sell
1711,2022-05-05 12:00:00,0.9,0.9,sell
1712,2022-05-06 00:00:00,0.9,0.9,sell
1713,2022-05-06 12:00:00,0.95,0.9,sell
1718,2022-05-09 00:00:00,0.9,0.85,sell
1719,2022-05-09 12:00:00,0.9,0.85,sell
1720,2022-05-10 00:00:00,0.9,0.85,sell
1721,2022-05-10 12:00:00,0.85,0.9,sell
1722,2022-05-11 00:00:00,0.9,0.75,hold
1723,2022-05-11 12:00:00,0.9,0.85,sell
1724,2022-05-12 00:00:00,0.9,0.75,hold
1725,2022-05-12 12:00:00,0.85,0.7,hold
1726,2022-05-13 00:00:00,0.85,0.7,hold
1727,2022-05-13 12:00:00,0.8,0.7,hold
1732,2022-05-16 00:00:00,0.9,0.85,sell
1733,2022-05-16 12:00:00,0.9,0.9,sell
1734,2022-05-17 00:00:00,0.85,0.75,hold
1735,2022-05-17 12:00:00,0.8,0.75,sell
1736,2022-05-18 00:00:00,0.9,0.9,sell
1737,2022-05-18 12:00:00,0.9,0.9,sell
1738,2022-05-19 00:00:00,0.95,0.9,sell
1739,2022-05-19 12:00:00,0.9,0.9,sell
1740,2022-05-20 00:00:00,0.8,0.75,hold
1741,2022-05-20 12:00:00,0.9,0.75,hold
1746,2022-05-23 00:00:00,0.9,0.85,sell
1747,2022-05-23 12:00:00,0.9,0.85,sell
1748,2022-05-24 00:00:00,0.9,0.8,hold
1749,2022-05-24 12:00:00,0.9,0.85,sell
1750,2022-05-25 00:00:00,0.85,0.8,hold
1751,2022-05-25 12:00:00,0.9,0.8,sell
1752,2022-05-26 00:00:00,0.9,0.85,sell
1753,2022-05-26 12:00:00,0.9,0.85,sell
1754,2022-05-27 00:00:00,0.9,0.85,sell
1755,2022-05-27 12:00:00,0.9,0.8,sell
1760,2022-05-30 00:00:00,0.9,0.85,sell
1761,2022-05-30 12:00:00,0.9,0.85,sell
1762,2022-05-31 00:00:00,0.9,0.85,sell
1763,2022-05-31 12:00:00,0.9,0.8,hold
1764,2022-06-01 00:00:00,0.9,0.7,hold
1765,2022-06-01 12:00:00,0.9,0.85,sell
1766,2022-06-02 00:00:00,0.9,0.75,sell
1767,2022-06-02 12:00:00,0.9,0.75,sell
1768,2022-06-03 00:00:00,0.9,0.9,sell
1769,2022-06-03 12:00:00,0.9,0.85,sell
1774,2022-06-06 00:00:00,0.9,0.85,sell
1775,2022-06-06 12:00:00,0.9,0.9,sell
1776,2022-06-07 00:00:00,0.9,0.85,sell
1777,2022-06-07 12:00:00,0.9,0.9,sell
1778,2022-06-08 00:00:00,0.9,0.9,sell
1779,2022-06-08 12:00:00,0.9,0.75,hold
1780,2022-06-09 00:00:00,0.85,0.7,hold
1781,2022-06-09 12:00:00,0.9,0.8,hold
1782,2022-06-10 00:00:00,0.9,0.8,hold
1783,2022-06-10 12:00:00,0.9,0.7,hold
1788,2022-06-13 00:00:00,0.9,0.85,sell
1789,2022-06-13 12:00:00,0.9,0.8,sell
1790,2022-06-14 00:00:00,0.9,0.8,sell
1791,2022-06-14 12:00:00,0.85,0.8,sell
1792,2022-06-15 00:00:00,0.9,0.85,sell
1793,2022-06-15 12:00:00,0.9,0.85,sell
1794,2022-06-16 00:00:00,0.9,0.85,sell
1795,2022-06-16 12:00:00,0.9,0.85,sell
1796,2022-06-17 00:00:00,0.9,0.7,hold
1797,2022-06-17 12:00:00,0.85,0.75,hold
1802,2022-06-20 00:00:00,0.9,0.85,sell
1803,2022-06-20 12:00:00,0.9,0.85,sell
1804,2022-06-21 00:00:00,0.9,0.85,sell
1805,2022-06-21 12:00:00,0.9,0.85,sell
1806,2022-06-22 00:00:00,0.9,0.8,sell
1807,2022-06-22 12:00:00,0.8,0.7,hold
1808,2022-06-23 00:00:00,0.9,0.8,sell
1809,2022-06-23 12:00:00,0.9,0.9,sell
1810,2022-06-24 00:00:00,0.9,0.8,hold
1811,2022-06-24 12:00:00,0.85,0.8,hold
1816,2022-06-27 00:00:00,0.85,0.8,sell
1817,2022-06-27 12:00:00,0.9,0.8,sell
1818,2022-06-28 00:00:00,0.9,0.9,sell
1819,2022-06-28 12:00:00,0.9,0.9,sell
1820,2022-06-29 00:00:00,0.85,0.8,hold
1821,2022-06-29 12:00:00,0.9,0.65,hold
1822,2022-06-30 00:00:00,0.8,0.7,hold
1823,2022-06-30 12:00:00,0.85,0.75,hold
1824,2022-07-01 00:00:00,0.8,0.7,hold
1825,2022-07-01 12:00:00,0.9,0.85,sell
1830,2022-07-04 00:00:00,0.9,0.8,sell
1831,2022-07-04 12:00:00,0.9,0.85,sell
1832,2022-07-05 00:00:00,0.85,0.8,sell
1833,2022-07-05 12:00:00,0.8,0.75,hold
1834,2022-07-06 00:00:00,0.9,0.85,sell
1835,2022-07-06 12:00:00,0.8,0.7,sell
1836,2022-07-07 00:00:00,0.9,0.8,hold
1837,2022-07-07 12:00:00,0.9,0.85,sell
1838,2022-07-08 00:00:00,0.9,0.8,hold
1839,2022-07-08 12:00:00,0.9,0.75,hold
1844,2022-07-11 00:00:00,0.9,0.85,sell
1845,2022-07-11 12:00:00,0.9,0.85,sell
1846,2022-07-12 00:00:00,0.9,0.9,sell
1847,2022-07-12 12:00:00,0.9,0.85,sell
1848,2022-07-13 00:00:00,0.9,0.9,sell
1849,2022-07-13 12:00:00,0.9,0.85,sell
1850,2022-07-14 00:00:00,0.95,0.9,sell
1851,2022-07-14 12:00:00,0.95,0.9,sell
1852,2022-07-15 00:00:00,0.95,0.9,sell
1853,2022-07-15 12:00:00,0.9,0.9,sell
1858,2022-07-18 00:00:00,0.9,0.85,sell
1859,2022-07-18 12:00:00,0.9,0.85,sell
1860,2022-07-19 00:00:00,0.9,0.9,sell
1861,2022-07-19 12:00:00,0.95,0.9,sell
1862,2022-07-20 00:00:00,0.9,0.85,sell
1863,2022-07-20 12:00:00,0.9,0.85,sell
1864,2022-07-21 00:00:00,0.9,0.85,sell
1865,2022-07-21 12:00:00,0.9,0.8,sell
1866,2022-07-22 00:00:00,0.9,0.6,hold
1867,2022-07-22 12:00:00,0.8,0.7,hold
1872,2022-07-25 00:00:00,0.9,0.8,sell
1873,2022-07-25 12:00:00,0.9,0.85,sell
1874,2022-07-26 00:00:00,0.9,0.85,sell
1875,2022-07-26 12:00:00,0.9,0.85,sell
1876,2022-07-27 00:00:00,0.8,0.7,hold
1877,2022-07-27 12:00:00,0.85,0.7,hold
1878,2022-07-28 00:00:00,0.9,0.9,sell
1879,2022-07-28 12:00:00,0.9,0.9,sell
1880,2022-07-29 00:00:00,0.9,0.85,sell
1881,2022-07-29 12:00:00,0.9,0.85,sell
1886,2022-08-01 00:00:00,0.85,0.75,sell
1887,2022-08-01 12:00:00,0.9,0.85,sell
1888,2022-08-02 00:00:00,0.9,0.7,hold
1889,2022-08-02 12:00:00,0.85,0.8,hold
1890,2022-08-03 00:00:00,0.85,0.7,hold
1891,2022-08-03 12:00:00,0.85,0.7,hold
1892,2022-08-04 00:00:00,0.9,0.85,sell
1893,2022-08-04 12:00:00,0.9,0.85,sell
1894,2022-08-05 00:00:00,0.9,0.85,sell
1895,2022-08-05 12:00:00,0.85,0.75,sell
1900,2022-08-08 00:00:00,0.8,0.8,sell
1901,2022-08-08 12:00:00,0.9,0.85,sell
1902,2022-08-09 00:00:00,0.9,0.85,sell
1903,2022-08-09 12:00:00,0.85,0.75,sell
1904,2022-08-10 00:00:00,0.9,0.85,sell
1905,2022-08-10 12:00:00,0.9,0.85,sell
1906,2022-08-11 00:00:00,0.95,0.85,buy
1907,2022-08-11 12:00:00,0.9,0.85,buy
1908,2022-08-12 00:00:00,0.9,0.75,hold
1909,2022-08-12 12:00:00,0.9,0.85,buy
1914,2022-08-15 00:00:00,0.8,0.7,hold
1915,2022-08-15 12:00:00,0.8,0.7,hold
1916,2022-08-16 00:00:00,0.8,0.7,hold
1917,2022-08-16 12:00:00,0.85,0.75,hold
1918,2022-08-17 00:00:00,0.9,0.85,sell
1919,2022-08-17 12:00:00,0.9,0.85,sell
1920,2022-08-18 00:00:00,0.9,0.9,sell
1921,2022-08-18 12:00:00,0.9,0.85,sell
1922,2022-08-19 00:00:00,0.9,0.85,sell
1923,2022-08-19 12:00:00,0.9,0.85,sell
1928,2022-08-22 00:00:00,0.9,0.85,sell
1929,2022-08-22 12:00:00,0.9,0.85,sell
1930,2022-08-23 00:00:00,0.9,0.85,sell
1931,2022-08-23 12:00:00,0.9,0.85,sell
1932,2022-08-24 00:00:00,0.85,0.7,hold
1933,2022-08-24 12:00:00,0.9,0.8,hold
1934,2022-08-25 00:00:00,0.85,0.8,hold
1935,2022-08-25 12:00:00,0.9,0.85,sell
1936,2022-08-26 00:00:00,0.9,0.9,sell
1937,2022-08-26 12:00:00,0.9,0.9,sell
1942,2022-08-29 00:00:00,0.9,0.9,sell
1943,2022-08-29 12:00:00,0.9,0.85,sell
1944,2022-08-30 00:00:00,0.9,0.85,sell
1945,2022-08-30 12:00:00,0.95,0.9,sell
1946,2022-08-31 00:00:00,0.9,0.9,sell
1947,2022-08-31 12:00:00,0.95,0.9,sell
1948,2022-09-01 00:00:00,0.95,0.9,sell
1949,2022-09-01 12:00:00,0.95,0.9,sell
1950,2022-09-02 00:00:00,0.95,0.9,sell
1951,2022-09-02 12:00:00,0.9,0.9,sell
1956,2022-09-05 00:00:00,0.9,0.85,sell
1957,2022-09-05 12:00:00,0.95,0.9,sell
1958,2022-09-06 00:00:00,0.9,0.9,sell
1959,2022-09-06 12:00:00,0.9,0.9,sell
1960,2022-09-07 00:00:00,0.9,0.85,sell
1961,2022-09-07 12:00:00,0.9,0.85,sell
1962,2022-09-08 00:00:00,0.9,0.85,sell
1963,2022-09-08 12:00:00,0.9,0.85,sell
1964,2022-09-09 00:00:00,0.9,0.85,sell
1965,2022-09-09 12:00:00,0.9,0.85,sell
1970,2022-09-12 00:00:00,0.9,0.85,sell
1971,2022-09-12 12:00:00,0.9,0.8,sell
1972,2022-09-13 00:00:00,0.9,0.85,sell
1973,2022-09-13 12:00:00,0.9,0.8,sell
1974,2022-09-14 00:00:00,0.9,0.8,sell
1975,2022-09-14 12:00:00,0.9,0.9,sell
1976,2022-09-15 00:00:00,0.9,0.75,sell
1977,2022-09-15 12:00:00,0.9,0.75,sell
1978,2022-09-16 00:00:00,0.85,0.7,hold
1979,2022-09-16 12:00:00,0.9,0.75,sell
1984,2022-09-19 00:00:00,0.9,0.85,sell
1985,2022-09-19 12:00:00,0.9,0.85,sell
1986,2022-09-20 00:00:00,0.9,0.85,sell
1987,2022-09-20 12:00:00,0.9,0.8,hold
1988,2022-09-21 00:00:00,0.9,0.85,sell
1989,2022-09-21 12:00:00,0.9,0.85,sell
1990,2022-09-22 00:00:00,0.9,0.9,sell
1991,2022-09-22 12:00:00,0.9,0.9,sell
1992,2022-09-23 00:00:00,0.9,0.9,sell
1993,2022-09-23 12:00:00,0.9,0.9,sell
1998,2022-09-26 00:00:00,0.9,0.85,sell
1999,2022-09-26 12:00:00,0.9,0.9,sell
2000,2022-09-27 00:00:00,0.9,0.9,sell
2001,2022-09-27 12:00:00,0.9,0.9,sell
2002,2022-09-28 00:00:00,0.9,0.9,sell
2003,2022-09-28 12:00:00,0.9,0.9,sell
2004,2022-09-29 00:00:00,0.95,0.9,sell
2005,2022-09-29 12:00:00,0.9,0.85,sell
2006,2022-09-30 00:00:00,0.9,0.85,sell
2007,2022-09-30 12:00:00,0.9,0.7,hold
2012,2022-10-03 00:00:00,0.9,0.85,sell
2013,2022-10-03 12:00:00,0.9,0.85,sell
2014,2022-10-04 00:00:00,0.9,0.85,sell
2015,2022-10-04 12:00:00,0.9,0.85,sell
2016,2022-10-05 00:00:00,0.9,0.85,sell
2017,2022-10-05 12:00:00,0.9,0.85,sell
2018,2022-10-06 00:00:00,0.9,0.9,sell
2019,2022-10-06 12:00:00,0.9,0.9,sell
2020,2022-10-07 00:00:00,0.9,0.85,sell
2021,2022-10-07 12:00:00,0.95,0.9,sell
2026,2022-10-10 00:00:00,0.9,0.85,sell
2027,2022-10-10 12:00:00,0.9,0.85,sell
2028,2022-10-11 00:00:00,0.9,0.9,sell
2029,2022-10-11 12:00:00,0.9,0.85,sell
2030,2022-10-12 00:00:00,0.9,0.9,sell
2031,2022-10-12 12:00:00,0.9,0.85,hold
2032,2022-10-13 00:00:00,0.9,0.85,sell
2033,2022-10-13 12:00:00,0.9,0.85,sell
2034,2022-10-14 00:00:00,0.95,0.9,sell
2035,2022-10-14 12:00:00,0.9,0.9,sell
2040,2022-10-17 00:00:00,0.9,0.8,sell
2041,2022-10-17 12:00:00,0.9,0.85,sell
2042,2022-10-18 00:00:00,0.9,0.85,sell
2043,2022-10-18 12:00:00,0.9,0.85,sell
2044,2022-10-19 00:00:00,0.9,0.85,sell
2045,2022-10-19 12:00:00,0.9,0.85,sell
2046,2022-10-20 00:00:00,0.9,0.8,hold
2047,2022-10-20 12:00:00,0.9,0.85,sell
2048,2022-10-21 00:00:00,0.9,0.8,sell
2049,2022-10-21 12:00:00,0.9,0.8,sell
2054,2022-10-24 00:00:00,0.9,0.8,sell
2055,2022-10-24 12:00:00,0.9,0.9,sell
2056,2022-10-25 00:00:00,0.8,0.7,hold
2057,2022-10-25 12:00:00,0.8,0.85,hold
2058,2022-10-26 00:00:00,0.85,0.8,hold
2059,2022-10-26 12:00:00,0.8,0.7,hold
2060,2022-10-27 00:00:00,0.8,0.7,hold
2061,2022-10-27 12:00:00,0.8,0.7,hold
2062,2022-10-28 00:00:00,0.9,0.9,sell
2063,2022-10-28 12:00:00,0.9,0.85,sell
2068,2022-10-31 00:00:00,0.8,0.75,sell
2069,2022-10-31 12:00:00,0.8,0.7,hold
2070,2022-11-01 00:00:00,0.85,0.75,hold
2071,2022-11-01 12:00:00,0.8,0.7,hold
2072,2022-11-02 00:00:00,0.7,0.6,hold
2073,2022-11-02 12:00:00,0.9,0.8,sell
2074,2022-11-03 00:00:00,0.95,0.95,sell
2075,2022-11-03 12:00:00,0.95,0.9,sell
2076,2022-11-04 00:00:00,0.9,0.85,sell
2077,2022-11-04 12:00:00,0.9,0.85,sell
2082,2022-11-07 00:00:00,0.9,0.85,sell
2083,2022-11-07 12:00:00,0.85,0.75,sell
2084,2022-11-08 00:00:00,0.85,0.75,sell
2085,2022-11-08 12:00:00,0.9,0.85,sell
2086,2022-11-09 00:00:00,0.9,0.8,sell
2087,2022-11-09 12:00:00,0.85,0.8,sell
2088,2022-11-10 00:00:00,0.9,0.85,sell
2089,2022-11-10 12:00:00,0.9,0.85,sell
2090,2022-11-11 00:00:00,0.8,0.7,hold
2091,2022-11-11 12:00:00,0.9,0.85,buy
2096,2022-11-14 00:00:00,0.8,0.7,hold
2097,2022-11-14 12:00:00,0.8,0.75,sell
2098,2022-11-15 00:00:00,0.8,0.75,sell
2099,2022-11-15 12:00:00,0.85,0.75,sell
2100,2022-11-16 00:00:00,0.9,0.75,hold
2101,2022-11-16 12:00:00,0.85,0.8,hold
2102,2022-11-17 00:00:00,0.9,0.85,sell
2103,2022-11-17 12:00:00,0.9,0.85,sell
2104,2022-11-18 00:00:00,0.85,0.75,sell
2105,2022-11-18 12:00:00,0.9,0.85,sell
2110,2022-11-21 00:00:00,0.8,0.75,sell
2111,2022-11-21 12:00:00,0.9,0.85,sell
2112,2022-11-22 00:00:00,0.9,0.85,sell
2113,2022-11-22 12:00:00,0.9,0.85,sell
2114,2022-11-23 00:00:00,0.9,0.85,sell
2115,2022-11-23 12:00:00,0.8,0.75,hold
2116,2022-11-24 00:00:00,0.85,0.8,buy
2117,2022-11-24 12:00:00,0.85,0.75,hold
2118,2022-11-25 00:00:00,0.85,0.75,buy
2119,2022-11-25 12:00:00,0.85,0.7,buy
2124,2022-11-28 00:00:00,0.8,0.7,hold
2125,2022-11-28 12:00:00,0.8,0.7,hold
2126,2022-11-29 00:00:00,0.8,0.7,hold
2127,2022-11-29 12:00:00,0.7,0.65,sell
2128,2022-11-30 00:00:00,0.85,0.75,buy
2129,2022-11-30 12:00:00,0.8,0.7,hold
2130,2022-12-01 00:00:00,0.9,0.85,sell
2131,2022-12-01 12:00:00,0.9,0.85,sell
2132,2022-12-02 00:00:00,0.85,0.8,hold
2133,2022-12-02 12:00:00,0.85,0.75,buy
2138,2022-12-05 00:00:00,0.85,0.75,sell
2139,2022-12-05 12:00:00,0.9,0.85,sell
2140,2022-12-06 00:00:00,0.9,0.85,sell
2141,2022-12-06 12:00:00,0.85,0.8,sell
2142,2022-12-07 00:00:00,0.8,0.7,sell
2143,2022-12-07 12:00:00,0.7,0.65,hold
2144,2022-12-08 00:00:00,0.8,0.75,buy
2145,2022-12-08 12:00:00,0.8,0.7,hold
2146,2022-12-09 00:00:00,0.8,0.7,hold
2147,2022-12-09 12:00:00,0.7,0.75,hold
2152,2022-12-12 00:00:00,0.8,0.65,buy
2153,2022-12-12 12:00:00,0.8,0.75,buy
2154,2022-12-13 00:00:00,0.9,0.85,buy
2155,2022-12-13 12:00:00,0.9,0.8,buy
2156,2022-12-14 00:00:00,0.95,0.9,buy
2157,2022-12-14 12:00:00,0.95,0.9,buy
2158,2022-12-15 00:00:00,0.9,0.8,hold
2159,2022-12-15 12:00:00,0.9,0.8,sell
2160,2022-12-16 00:00:00,0.9,0.8,buy
2161,2022-12-16 12:00:00,0.85,0.75,buy
2166,2022-12-19 00:00:00,0.9,0.8,sell
2167,2022-12-19 12:00:00,0.8,0.75,sell
2168,2022-12-20 00:00:00,0.85,0.75,sell
2169,2022-12-20 12:00:00,0.8,0.75,hold
2170,2022-12-21 00:00:00,0.8,0.7,hold
2171,2022-12-21 12:00:00,0.8,0.7,buy
2172,2022-12-22 00:00:00,0.8,0.75,sell
2173,2022-12-22 12:00:00,0.8,0.8,hold
2174,2022-12-23 00:00:00,0.85,0.8,sell
2175,2022-12-23 12:00:00,0.9,0.85,sell
2180,2022-12-26 00:00:00,0.8,0.7,sell
2181,2022-12-26 12:00:00,0.8,0.75,sell
2182,2022-12-27 00:00:00,0.8,0.7,sell
2183,2022-12-27 12:00:00,0.8,0.75,sell
2184,2022-12-28 00:00:00,0.7,0.7,hold
2185,2022-12-28 12:00:00,0.8,0.75,sell
2186,2022-12-29 00:00:00,0.8,0.7,hold
2187,2022-12-29 12:00:00,0.85,0.65,hold
2188,2022-12-30 00:00:00,0.8,0.7,hold
2189,2022-12-30 12:00:00,0.8,0.75,hold
2194,2023-01-02 00:00:00,0.8,0.7,sell
2195,2023-01-02 12:00:00,0.75,0.65,hold
2196,2023-01-03 00:00:00,0.8,0.75,hold
2197,2023-01-03 12:00:00,0.8,0.7,buy
2198,2023-01-04 00:00:00,0.8,0.75,hold
2199,2023-01-04 12:00:00,0.85,0.8,buy
2200,2023-01-05 00:00:00,0.85,0.8,buy
2201,2023-01-05 12:00:00,0.85,0.8,buy
2202,2023-01-06 00:00:00,0.9,0.85,sell
2203,2023-01-06 12:00:00,0.9,0.8,sell
2208,2023-01-09 00:00:00,0.8,0.7,hold
2209,2023-01-09 12:00:00,0.8,0.7,sell
2210,2023-01-10 00:00:00,0.8,0.75,hold
2211,2023-01-10 12:00:00,0.8,0.75,sell
2212,2023-01-11 00:00:00,0.9,0.8,hold
2213,2023-01-11 12:00:00,0.8,0.7,hold
2214,2023-01-12 00:00:00,0.8,0.7,hold
2215,2023-01-12 12:00:00,0.8,0.75,sell
2216,2023-01-13 00:00:00,0.9,0.8,buy
2217,2023-01-13 12:00:00,0.9,0.8,buy
2222,2023-01-16 00:00:00,0.7,0.8,hold
2223,2023-01-16 12:00:00,0.8,0.75,sell
2224,2023-01-17 00:00:00,0.6,0.7,hold
2225,2023-01-17 12:00:00,0.6,0.8,hold
2226,2023-01-18 00:00:00,0.9,0.85,buy
2227,2023-01-18 12:00:00,0.85,0.8,buy
2228,2023-01-19 00:00:00,0.9,0.8,buy
2229,2023-01-19 12:00:00,0.9,0.85,buy
2230,2023-01-20 00:00:00,0.85,0.8,buy
2231,2023-01-20 12:00:00,0.85,0.75,buy
2236,2023-01-23 00:00:00,0.85,0.75,buy
2237,2023-01-23 12:00:00,0.7,0.6,hold
2238,2023-01-24 00:00:00,0.8,0.7,hold
2239,2023-01-24 12:00:00,0.9,0.85,buy
2240,2023-01-25 00:00:00,0.9,0.8,buy
2241,2023-01-25 12:00:00,0.8,0.6,hold
2242,2023-01-26 00:00:00,0.85,0.75,buy
2243,2023-01-26 12:00:00,0.8,0.75,hold
2244,2023-01-27 00:00:00,0.8,0.7,hold
2245,2023-01-27 12:00:00,0.8,0.7,hold
2250,2023-01-30 00:00:00,0.6,0.6,hold
2251,2023-01-30 12:00:00,0.85,0.75,buy
2252,2023-01-31 00:00:00,0.8,0.7,hold
2253,2023-01-31 12:00:00,0.7,0.85,hold
2254,2023-02-01 00:00:00,0.85,0.75,sell
2255,2023-02-01 12:00:00,0.8,0.65,hold
2256,2023-02-02 00:00:00,0.9,0.85,sell
2257,2023-02-02 12:00:00,0.9,0.85,sell
2258,2023-02-03 00:00:00,0.8,0.75,hold
2259,2023-02-03 12:00:00,0.85,0.7,hold
2264,2023-02-06 00:00:00,0.8,0.75,buy
2265,2023-02-06 12:00:00,0.8,0.75,buy
2266,2023-02-07 00:00:00,0.9,0.8,hold
2267,2023-02-07 12:00:00,0.8,0.75,sell
2268,2023-02-08 00:00:00,0.8,0.7,hold
2269,2023-02-08 12:00:00,0.85,0.75,sell
2270,2023-02-09 00:00:00,0.85,0.8,sell
2271,2023-02-09 12:00:00,0.8,0.75,sell
2272,2023-02-10 00:00:00,0.8,0.85,hold
2273,2023-02-10 12:00:00,0.85,0.75,sell
2278,2023-02-13 00:00:00,0.85,0.8,sell
2279,2023-02-13 12:00:00,0.8,0.7,sell
2280,2023-02-14 00:00:00,0.85,0.75,sell
2281,2023-02-14 12:00:00,0.8,0.75,sell
2282,2023-02-15 00:00:00,0.9,0.85,sell
2283,2023-02-15 12:00:00,0.9,0.9,sell
2284,2023-02-16 00:00:00,0.95,0.9,sell
2285,2023-02-16 12:00:00,0.9,0.85,sell
2286,2023-02-17 00:00:00,0.85,0.8,hold
2287,2023-02-17 12:00:00,0.9,0.85,sell
2292,2023-02-20 00:00:00,0.9,0.8,buy
2293,2023-02-20 12:00:00,0.85,0.7,hold
2294,2023-02-21 00:00:00,0.8,0.7,sell
2295,2023-02-21 12:00:00,0.8,0.7,hold
2296,2023-02-22 00:00:00,0.85,0.75,sell
2297,2023-02-22 12:00:00,0.85,0.7,sell
2298,2023-02-23 00:00:00,0.9,0.85,sell
2299,2023-02-23 12:00:00,0.9,0.85,sell
2300,2023-02-24 00:00:00,0.85,0.7,hold
2301,2023-02-24 12:00:00,0.9,0.85,sell
2306,2023-02-27 00:00:00,0.9,0.85,sell
2307,2023-02-27 12:00:00,0.9,0.85,sell
2308,2023-02-28 00:00:00,0.85,0.75,hold
2309,2023-02-28 12:00:00,0.8,0.6,hold
2310,2023-03-01 00:00:00,0.9,0.85,buy
2311,2023-03-01 12:00:00,0.9,0.85,buy
2312,2023-03-02 00:00:00,0.9,0.85,buy
2313,2023-03-02 12:00:00,0.9,0.8,buy
2314,2023-03-03 00:00:00,0.9,0.85,buy
2315,2023-03-03 12:00:00,0.85,0.75,sell
2320,2023-03-06 00:00:00,0.8,0.7,sell
2321,2023-03-06 12:00:00,0.85,0.8,sell
2322,2023-03-07 00:00:00,0.8,0.75,hold
2323,2023-03-07 12:00:00,0.8,0.7,hold
2324,2023-03-08 00:00:00,0.8,0.65,hold
2325,2023-03-08 12:00:00,0.9,0.8,sell
2326,2023-03-09 00:00:00,0.9,0.9,sell
2327,2023-03-09 12:00:00,0.9,0.85,sell
2328,2023-03-10 00:00:00,0.85,0.8,sell
2329,2023-03-10 12:00:00,0.9,0.8,hold
2334,2023-03-13 00:00:00,0.9,0.85,buy
2335,2023-03-13 12:00:00,0.9,0.85,buy
2336,2023-03-14 00:00:00,0.9,0.85,sell
2337,2023-03-14 12:00:00,0.95,0.8,hold
2338,2023-03-15 00:00:00,0.9,0.7,hold
2339,2023-03-15 12:00:00,0.9,0.75,sell
2340,2023-03-16 00:00:00,0.95,0.6,hold
2341,2023-03-16 12:00:00,0.9,0.7,hold
2342,2023-03-17 00:00:00,0.9,0.85,buy
2343,2023-03-17 12:00:00,0.9,0.8,buy
2348,2023-03-20 00:00:00,0.9,0.75,buy
2349,2023-03-20 12:00:00,0.9,0.85,buy
2350,2023-03-21 00:00:00,0.9,0.8,buy
2351,2023-03-21 12:00:00,0.9,0.8,buy
2352,2023-03-22 00:00:00,0.9,0.8,sell
2353,2023-03-22 12:00:00,0.85,0.7,hold
2354,2023-03-23 00:00:00,0.9,0.85,sell
2355,2023-03-23 12:00:00,0.9,0.85,sell
2356,2023-03-24 00:00:00,0.9,0.8,sell
2357,2023-03-24 12:00:00,0.9,0.8,sell
2362,2023-03-27 00:00:00,0.9,0.65,hold
2363,2023-03-27 12:00:00,0.85,0.8,hold
2364,2023-03-28 00:00:00,0.85,0.75,buy
2365,2023-03-28 12:00:00,0.8,0.7,hold
2366,2023-03-29 00:00:00,0.9,0.75,hold
2367,2023-03-29 12:00:00,0.8,0.65,hold
2368,2023-03-30 00:00:00,0.85,0.7,hold
2369,2023-03-30 12:00:00,0.8,0.7,hold
2370,2023-03-31 00:00:00,0.9,0.8,buy
2371,2023-03-31 12:00:00,0.9,0.8,hold
2376,2023-04-03 00:00:00,0.85,0.75,buy
2377,2023-04-03 12:00:00,0.85,0.7,sell
2378,2023-04-04 00:00:00,0.85,0.75,buy
2379,2023-04-04 12:00:00,0.85,0.8,buy
2380,2023-04-05 00:00:00,0.9,0.85,buy
2381,2023-04-05 12:00:00,0.85,0.65,hold
2382,2023-04-06 00:00:00,0.8,0.7,hold
2383,2023-04-06 12:00:00,0.85,0.7,hold
2384,2023-04-07 00:00:00,0.8,0.7,hold
2385,2023-04-07 12:00:00,0.8,0.6,hold
2390,2023-04-10 00:00:00,0.7,0.8,hold
2391,2023-04-10 12:00:00,0.8,0.75,sell
2392,2023-04-11 00:00:00,0.8,0.75,sell
2393,2023-04-11 12:00:00,0.8,0.7,sell
2394,2023-04-12 00:00:00,0.6,0.7,hold
2395,2023-04-12 12:00:00,0.8,0.7,hold
2396,2023-04-13 00:00:00,0.8,0.7,hold
2397,2023-04-13 12:00:00,0.9,0.85,buy
2398,2023-04-14 00:00:00,0.9,0.85,buy
2399,2023-04-14 12:00:00,0.9,0.85,buy
2404,2023-04-17 00:00:00,0.85,0.7,hold
2405,2023-04-17 12:00:00,0.85,0.75,buy
2406,2023-04-18 00:00:00,0.7,0.6,hold
2407,2023-04-18 12:00:00,0.85,0.75,sell
2408,2023-04-19 00:00:00,0.8,0.75,sell
2409,2023-04-19 12:00:00,0.8,0.8,sell
2410,2023-04-20 00:00:00,0.7,0.8,hold
2411,2023-04-20 12:00:00,0.85,0.75,buy
2412,2023-04-21 00:00:00,0.85,0.8,buy
2413,2023-04-21 12:00:00,0.9,0.85,buy
2418,2023-04-24 00:00:00,0.8,0.65,hold
2419,2023-04-24 12:00:00,0.9,0.8,buy
2420,2023-04-25 00:00:00,0.8,0.75,buy
2421,2023-04-25 12:00:00,0.85,0.75,buy
2422,2023-04-26 00:00:00,0.85,0.75,buy
2423,2023-04-26 12:00:00,0.9,0.75,buy
2424,2023-04-27 00:00:00,0.9,0.7,hold
2425,2023-04-27 12:00:00,0.9,0.8,buy
2426,2023-04-28 00:00:00,0.9,0.8,buy
2427,2023-04-28 12:00:00,0.9,0.85,buy
2432,2023-05-01 00:00:00,0.9,0.85,buy
2433,2023-05-01 12:00:00,0.9,0.8,buy
2434,2023-05-02 00:00:00,0.9,0.75,buy
2435,2023-05-02 12:00:00,0.9,0.85,buy
2436,2023-05-03 00:00:00,0.9,0.8,buy
2437,2023-05-03 12:00:00,0.9,0.8,buy
2438,2023-05-04 00:00:00,0.9,0.6,hold
2439,2023-05-04 12:00:00,0.9,0.75,buy
2440,2023-05-05 00:00:00,0.9,0.75,buy
2441,2023-05-05 12:00:00,0.85,0.7,hold
2446,2023-05-08 00:00:00,0.9,0.75,buy
2447,2023-05-08 12:00:00,0.9,0.7,hold
2448,2023-05-09 00:00:00,0.9,0.6,hold
2449,2023-05-09 12:00:00,0.9,0.8,hold
2450,2023-05-10 00:00:00,0.9,0.7,hold
2451,2023-05-10 12:00:00,0.85,0.75,buy
2452,2023-05-11 00:00:00,0.9,0.8,hold
2453,2023-05-11 12:00:00,0.9,0.8,sell
2454,2023-05-12 00:00:00,0.9,0.7,hold
2455,2023-05-12 12:00:00,0.85,0.75,sell
2460,2023-05-15 00:00:00,0.9,0.8,buy
2461,2023-05-15 12:00:00,0.9,0.7,hold
2462,2023-05-16 00:00:00,0.85,0.8,hold
2463,2023-05-16 12:00:00,0.9,0.85,buy
2464,2023-05-17 00:00:00,0.9,0.7,hold
2465,2023-05-17 12:00:00,0.9,0.75,buy
2466,2023-05-18 00:00:00,0.9,0.8,hold
2467,2023-05-18 12:00:00,0.9,0.75,buy
2468,2023-05-19 00:00:00,0.9,0.8,buy
2469,2023-05-19 12:00:00,0.8,0.7,sell
2474,2023-05-22 00:00:00,0.9,0.75,buy
2475,2023-05-22 12:00:00,0.9,0.85,buy
2476,2023-05-23 00:00:00,0.9,0.75,buy
2477,2023-05-23 12:00:00,0.85,0.7,hold
2478,2023-05-24 00:00:00,0.9,0.8,sell
2479,2023-05-24 12:00:00,0.8,0.7,hold
2480,2023-05-25 00:00:00,0.9,0.7,hold
2481,2023-05-25 12:00:00,0.9,0.8,sell
2482,2023-05-26 00:00:00,0.9,0.8,sell
2483,2023-05-26 12:00:00,0.9,0.8,sell
2488,2023-05-29 00:00:00,0.85,0.75,sell
2489,2023-05-29 12:00:00,0.8,0.8,hold
2490,2023-05-30 00:00:00,0.85,0.75,sell
2491,2023-05-30 12:00:00,0.8,0.7,hold
2492,2023-05-31 00:00:00,0.85,0.75,hold
2493,2023-05-31 12:00:00,0.8,0.6,hold
2494,2023-06-01 00:00:00,0.9,0.8,sell
2495,2023-06-01 12:00:00,0.9,0.85,sell
2496,2023-06-02 00:00:00,0.9,0.9,sell
2497,2023-06-02 12:00:00,0.9,0.85,sell
2502,2023-06-05 00:00:00,0.85,0.75,sell
2503,2023-06-05 12:00:00,0.8,0.85,sell
2504,2023-06-06 00:00:00,0.8,0.7,hold
2505,2023-06-06 12:00:00,0.8,0.7,hold
2506,2023-06-07 00:00:00,0.85,0.75,hold
2507,2023-06-07 12:00:00,0.8,0.7,hold
2508,2023-06-08 00:00:00,0.85,0.75,sell
2509,2023-06-08 12:00:00,0.85,0.8,sell
2510,2023-06-09 00:00:00,0.9,0.85,sell
2511,2023-06-09 12:00:00,0.9,0.85,sell
2516,2023-06-12 00:00:00,0.8,0.75,sell
2517,2023-06-12 12:00:00,0.8,0.75,sell
2518,2023-06-13 00:00:00,0.85,0.75,sell
2519,2023-06-13 12:00:00,0.8,0.7,sell
2520,2023-06-14 00:00:00,0.85,0.7,hold
2521,2023-06-14 12:00:00,0.9,0.8,buy
2522,2023-06-15 00:00:00,0.9,0.75,hold
2523,2023-06-15 12:00:00,0.9,0.85,sell
2524,2023-06-16 00:00:00,0.9,0.7,hold
2525,2023-06-16 12:00:00,0.9,0.8,buy
2530,2023-06-19 00:00:00,0.8,0.7,hold
2531,2023-06-19 12:00:00,0.8,0.7,hold
2532,2023-06-20 00:00:00,0.8,0.7,hold
2533,2023-06-20 12:00:00,0.85,0.7,hold
2534,2023-06-21 00:00:00,0.8,0.6,hold
2535,2023-06-21 12:00:00,0.8,0.75,sell
2536,2023-06-22 00:00:00,0.8,0.75,hold
2537,2023-06-22 12:00:00,0.85,0.8,sell
2538,2023-06-23 00:00:00,0.85,0.7,sell
2539,2023-06-23 12:00:00,0.9,0.9,sell
2544,2023-06-26 00:00:00,0.9,0.85,sell
2545,2023-06-26 12:00:00,0.9,0.9,sell
2546,2023-06-27 00:00:00,0.9,0.9,sell
2547,2023-06-27 12:00:00,0.9,0.85,sell
2548,2023-06-28 00:00:00,0.9,0.9,sell
2549,2023-06-28 12:00:00,0.9,0.8,sell
2550,2023-06-29 00:00:00,0.9,0.8,sell
2551,2023-06-29 12:00:00,0.9,0.85,sell
2552,2023-06-30 00:00:00,0.9,0.85,sell
2553,2023-06-30 12:00:00,0.9,0.75,sell
2558,2023-07-03 00:00:00,0.8,0.75,buy
2559,2023-07-03 12:00:00,0.8,0.65,hold
2560,2023-07-04 00:00:00,0.85,0.8,buy
2561,2023-07-04 12:00:00,0.9,0.85,buy
2562,2023-07-05 00:00:00,0.8,0.7,buy
2563,2023-07-05 12:00:00,0.9,0.8,hold
2564,2023-07-06 00:00:00,0.9,0.9,sell
2565,2023-07-06 12:00:00,0.9,0.8,sell
2566,2023-07-07 00:00:00,0.95,0.9,sell
2567,2023-07-07 12:00:00,0.9,0.85,sell
2572,2023-07-10 00:00:00,0.7,0.65,sell
2573,2023-07-10 12:00:00,0.8,0.75,sell
2574,2023-07-11 00:00:00,0.85,0.75,sell
2575,2023-07-11 12:00:00,0.85,0.7,hold
2576,2023-07-12 00:00:00,0.8,0.75,sell
2577,2023-07-12 12:00:00,0.85,0.8,sell
2578,2023-07-13 00:00:00,0.9,0.8,buy
2579,2023-07-13 12:00:00,0.9,0.8,buy
2580,2023-07-14 00:00:00,0.9,0.7,hold
2581,2023-07-14 12:00:00,0.9,0.85,sell
2586,2023-07-17 00:00:00,0.8,0.7,sell
2587,2023-07-17 12:00:00,0.85,0.7,sell
2588,2023-07-18 00:00:00,0.8,0.85,sell
2589,2023-07-18 12:00:00,0.9,0.85,sell
2590,2023-07-19 00:00:00,0.85,0.75,sell
2591,2023-07-19 12:00:00,0.85,0.75,sell
2592,2023-07-20 00:00:00,0.85,0.75,sell
2593,2023-07-20 12:00:00,0.8,0.75,sell
2594,2023-07-21 00:00:00,0.75,0.65,sell
2595,2023-07-21 12:00:00,0.8,0.75,sell
2600,2023-07-24 00:00:00,0.8,0.75,sell
2601,2023-07-24 12:00:00,0.8,0.75,hold
2602,2023-07-25 00:00:00,0.85,0.8,sell
2603,2023-07-25 12:00:00,0.9,0.85,sell
2604,2023-07-26 00:00:00,0.9,0.9,sell
2605,2023-07-26 12:00:00,0.9,0.85,sell
2606,2023-07-27 00:00:00,0.95,0.9,sell
2607,2023-07-27 12:00:00,0.9,0.9,sell
2608,2023-07-28 00:00:00,0.95,0.9,sell
2609,2023-07-28 12:00:00,0.9,0.9,sell
2614,2023-07-31 00:00:00,0.8,0.7,hold
2615,2023-07-31 12:00:00,0.85,0.75,sell
2616,2023-08-01 00:00:00,0.8,0.65,hold
2617,2023-08-01 12:00:00,0.8,0.65,hold
2618,2023-08-02 00:00:00,0.8,0.6,hold
2619,2023-08-02 12:00:00,0.9,0.8,hold
2620,2023-08-03 00:00:00,0.9,0.75,sell
2621,2023-08-03 12:00:00,0.9,0.8,sell
2622,2023-08-04 00:00:00,0.9,0.8,sell
2623,2023-08-04 12:00:00,0.9,0.8,sell
2628,2023-08-07 00:00:00,0.85,0.8,sell
2629,2023-08-07 12:00:00,0.9,0.85,sell
2630,2023-08-08 00:00:00,0.9,0.85,sell
2631,2023-08-08 12:00:00,0.9,0.85,sell
2632,2023-08-09 00:00:00,0.8,0.85,sell
2633,2023-08-09 12:00:00,0.85,0.75,sell
2634,2023-08-10 00:00:00,0.9,0.85,sell
2635,2023-08-10 12:00:00,0.85,0.8,sell
2636,2023-08-11 00:00:00,0.8,0.75,sell
2637,2023-08-11 12:00:00,0.9,0.85,sell
2642,2023-08-14 00:00:00,0.8,0.75,sell
2643,2023-08-14 12:00:00,0.7,0.6,hold
2644,2023-08-15 00:00:00,0.6,0.75,hold
2645,2023-08-15 12:00:00,0.6,0.7,hold
2646,2023-08-16 00:00:00,0.9,0.85,sell
2647,2023-08-16 12:00:00,0.9,0.85,sell
2648,2023-08-17 00:00:00,0.9,0.85,sell
2649,2023-08-17 12:00:00,0.9,0.85,sell
2650,2023-08-18 00:00:00,0.9,0.85,sell
2651,2023-08-18 12:00:00,0.9,0.85,sell
2656,2023-08-21 00:00:00,0.85,0.75,sell
2657,2023-08-21 12:00:00,0.8,0.75,hold
2658,2023-08-22 00:00:00,0.8,0.7,hold
2659,2023-08-22 12:00:00,0.9,0.8,sell
2660,2023-08-23 00:00:00,0.85,0.75,sell
2661,2023-08-23 12:00:00,0.9,0.8,sell
2662,2023-08-24 00:00:00,0.85,0.75,hold
2663,2023-08-24 12:00:00,0.9,0.8,sell
2664,2023-08-25 00:00:00,0.9,0.7,hold
2665,2023-08-25 12:00:00,0.9,0.8,sell
2670,2023-08-28 00:00:00,0.8,0.75,sell
2671,2023-08-28 12:00:00,0.85,0.8,sell
2672,2023-08-29 00:00:00,0.9,0.85,sell
2673,2023-08-29 12:00:00,0.9,0.85,sell
2674,2023-08-30 00:00:00,0.85,0.65,hold
2675,2023-08-30 12:00:00,0.85,0.7,hold
2676,2023-08-31 00:00:00,0.85,0.8,hold
2677,2023-08-31 12:00:00,0.85,0.65,hold
2678,2023-09-01 00:00:00,0.85,0.7,sell
2679,2023-09-01 12:00:00,0.8,0.7,sell
2684,2023-09-04 00:00:00,0.8,0.75,sell
2685,2023-09-04 12:00:00,0.8,0.75,sell
2686,2023-09-05 00:00:00,0.9,0.85,sell
2687,2023-09-05 12:00:00,0.9,0.85,sell
2688,2023-09-06 00:00:00,0.9,0.85,sell
2689,2023-09-06 12:00:00,0.9,0.85,sell
2690,2023-09-07 00:00:00,0.9,0.85,sell
2691,2023-09-07 12:00:00,0.9,0.9,sell
2692,2023-09-08 00:00:00,0.9,0.9,sell
2693,2023-09-08 12:00:00,0.9,0.9,sell
2698,2023-09-11 00:00:00,0.8,0.75,sell
2699,2023-09-11 12:00:00,0.85,0.8,sell
2700,2023-09-12 00:00:00,0.9,0.85,sell
2701,2023-09-12 12:00:00,0.85,0.8,sell
2702,2023-09-13 00:00:00,0.9,0.85,sell
2703,2023-09-13 12:00:00,0.9,0.85,sell
2704,2023-09-14 00:00:00,0.9,0.9,sell
2705,2023-09-14 12:00:00,0.9,0.85,sell
2706,2023-09-15 00:00:00,0.9,0.9,sell
2707,2023-09-15 12:00:00,0.9,0.85,sell
2712,2023-09-18 00:00:00,0.8,0.7,sell
2713,2023-09-18 12:00:00,0.8,0.7,hold
2714,2023-09-19 00:00:00,0.75,0.7,hold
2715,2023-09-19 12:00:00,0.8,0.7,hold
2716,2023-09-20 00:00:00,0.85,0.8,sell
2717,2023-09-20 12:00:00,0.85,0.75,sell
2718,2023-09-21 00:00:00,0.9,0.85,sell
2719,2023-09-21 12:00:00,0.9,0.8,sell
2720,2023-09-22 00:00:00,0.9,0.85,sell
2721,2023-09-22 12:00:00,0.85,0.8,sell
2726,2023-09-25 00:00:00,0.8,0.85,sell
2727,2023-09-25 12:00:00,0.9,0.85,sell
2728,2023-09-26 00:00:00,0.9,0.85,sell
2729,2023-09-26 12:00:00,0.85,0.8,sell
2730,2023-09-27 00:00:00,0.8,0.75,hold
2731,2023-09-27 12:00:00,0.85,0.75,hold
2732,2023-09-28 00:00:00,0.85,0.75,sell
2733,2023-09-28 12:00:00,0.85,0.75,sell
2734,2023-09-29 00:00:00,0.9,0.8,sell
2735,2023-09-29 12:00:00,0.9,0.85,sell
2740,2023-10-02 00:00:00,0.9,0.85,sell
2741,2023-10-02 12:00:00,0.85,0.8,sell
2742,2023-10-03 00:00:00,0.9,0.85,sell
2743,2023-10-03 12:00:00,0.85,0.8,sell
2744,2023-10-04 00:00:00,0.9,0.85,sell
2745,2023-10-04 12:00:00,0.9,0.8,sell
2746,2023-10-05 00:00:00,0.9,0.85,sell
2747,2023-10-05 12:00:00,0.9,0.85,sell
2748,2023-10-06 00:00:00,0.9,0.8,sell
2749,2023-10-06 12:00:00,0.85,0.7,hold
2754,2023-10-09 00:00:00,0.95,0.9,sell
2755,2023-10-09 12:00:00,0.95,0.9,sell
2756,2023-10-10 00:00:00,0.95,0.9,sell
2757,2023-10-10 12:00:00,0.95,0.9,sell
2758,2023-10-11 00:00:00,0.95,0.9,sell
2759,2023-10-11 12:00:00,0.95,0.9,sell
2760,2023-10-12 00:00:00,0.9,0.9,sell
2761,2023-10-12 12:00:00,0.95,0.9,sell
2762,2023-10-13 00:00:00,0.9,0.9,sell
2763,2023-10-13 12:00:00,0.9,0.85,sell
2768,2023-10-16 00:00:00,0.9,0.85,sell
2769,2023-10-16 12:00:00,0.9,0.75,hold
2770,2023-10-17 00:00:00,0.8,0.75,sell
2771,2023-10-17 12:00:00,0.9,0.8,sell
2772,2023-10-18 00:00:00,0.9,0.85,sell
2773,2023-10-18 12:00:00,0.9,0.9,sell
2774,2023-10-19 00:00:00,0.9,0.85,sell
2775,2023-10-19 12:00:00,0.9,0.85,sell
2776,2023-10-20 00:00:00,0.9,0.85,sell
2777,2023-10-20 12:00:00,0.9,0.85,sell
2782,2023-10-23 00:00:00,0.9,0.85,sell
2783,2023-10-23 12:00:00,0.9,0.85,sell
2784,2023-10-24 00:00:00,0.9,0.85,sell
2785,2023-10-24 12:00:00,0.9,0.85,sell
2786,2023-10-25 00:00:00,0.9,0.9,sell
2787,2023-10-25 12:00:00,0.9,0.85,sell
2788,2023-10-26 00:00:00,0.9,0.85,sell
2789,2023-10-26 12:00:00,0.9,0.85,sell
2790,2023-10-27 00:00:00,0.95,0.9,sell
2791,2023-10-27 12:00:00,0.95,0.9,sell
2796,2023-10-30 00:00:00,0.9,0.85,sell
2797,2023-10-30 12:00:00,0.9,0.8,sell
2798,2023-10-31 00:00:00,0.9,0.9,sell
2799,2023-10-31 12:00:00,0.9,0.85,sell
2800,2023-11-01 00:00:00,0.9,0.85,sell
2801,2023-11-01 12:00:00,0.9,0.85,sell
2802,2023-11-02 00:00:00,0.9,0.85,sell
2803,2023-11-02 12:00:00,0.95,0.9,sell
2804,2023-11-03 00:00:00,0.9,0.8,sell
2805,2023-11-03 12:00:00,0.85,0.75,sell
2810,2023-11-06 00:00:00,0.8,0.75,sell
2811,2023-11-06 12:00:00,0.85,0.75,sell
2812,2023-11-07 00:00:00,0.85,0.8,sell
2813,2023-11-07 12:00:00,0.9,0.85,sell
2814,2023-11-08 00:00:00,0.85,0.8,sell
2815,2023-11-08 12:00:00,0.9,0.85,sell
2816,2023-11-09 00:00:00,0.9,0.85,sell
2817,2023-11-09 12:00:00,0.9,0.85,sell
2818,2023-11-10 00:00:00,0.85,0.7,hold
2819,2023-11-10 12:00:00,0.85,0.75,sell
2824,2023-11-13 00:00:00,0.8,0.75,sell
2825,2023-11-13 12:00:00,0.9,0.8,sell
2826,2023-11-14 00:00:00,0.9,0.75,sell
2827,2023-11-14 12:00:00,0.8,0.75,sell
2828,2023-11-15 00:00:00,0.85,0.8,hold
2829,2023-11-15 12:00:00,0.85,0.7,hold
2830,2023-11-16 00:00:00,0.85,0.8,hold
2831,2023-11-16 12:00:00,0.9,0.7,hold
2832,2023-11-17 00:00:00,0.85,0.7,hold
2833,2023-11-17 12:00:00,0.85,0.7,hold
2838,2023-11-20 00:00:00,0.85,0.75,sell
2839,2023-11-20 12:00:00,0.85,0.75,hold
2840,2023-11-21 00:00:00,0.8,0.75,hold
2841,2023-11-21 12:00:00,0.8,0.7,hold
2842,2023-11-22 00:00:00,0.85,0.8,sell
2843,2023-11-22 12:00:00,0.85,0.75,hold
2844,2023-11-23 00:00:00,0.85,0.75,sell
2845,2023-11-23 12:00:00,0.85,0.75,sell
2846,2023-11-24 00:00:00,0.8,0.7,hold
2847,2023-11-24 12:00:00,0.85,0.75,sell
2852,2023-11-27 00:00:00,0.85,0.8,sell
2853,2023-11-27 12:00:00,0.85,0.8,sell
2854,2023-11-28 00:00:00,0.85,0.75,buy
2855,2023-11-28 12:00:00,0.85,0.75,hold
2856,2023-11-29 00:00:00,0.75,0.7,hold
2857,2023-11-29 12:00:00,0.85,0.8,sell
2858,2023-11-30 00:00:00,0.9,0.9,sell
2859,2023-11-30 12:00:00,0.9,0.85,sell
2860,2023-12-01 00:00:00,0.9,0.8,sell
2861,2023-12-01 12:00:00,0.85,0.75,sell
2866,2023-12-04 00:00:00,0.9,0.85,sell
2867,2023-12-04 12:00:00,0.9,0.85,sell
2868,2023-12-05 00:00:00,0.8,0.7,hold
2869,2023-12-05 12:00:00,0.85,0.75,buy
2870,2023-12-06 00:00:00,0.8,0.7,hold
2871,2023-12-06 12:00:00,0.85,0.8,hold
2872,2023-12-07 00:00:00,0.85,0.75,sell
2873,2023-12-07 12:00:00,0.8,0.7,hold
2874,2023-12-08 00:00:00,0.9,0.8,sell
2875,2023-12-08 12:00:00,0.85,0.8,sell
2880,2023-12-11 00:00:00,0.85,0.75,sell
2881,2023-12-11 12:00:00,0.8,0.75,sell
2882,2023-12-12 00:00:00,0.9,0.75,sell
2883,2023-12-12 12:00:00,0.75,0.7,hold
2884,2023-12-13 00:00:00,0.8,0.7,hold
2885,2023-12-13 12:00:00,0.85,0.75,sell
2886,2023-12-14 00:00:00,0.8,0.75,sell
2887,2023-12-14 12:00:00,0.9,0.8,sell
2888,2023-12-15 00:00:00,0.85,0.75,sell
2889,2023-12-15 12:00:00,0.9,0.85,sell
2894,2023-12-18 00:00:00,0.9,0.85,sell
2895,2023-12-18 12:00:00,0.9,0.85,sell
2896,2023-12-19 00:00:00,0.9,0.85,sell
2897,2023-12-19 12:00:00,0.9,0.85,sell
2898,2023-12-20 00:00:00,0.85,0.8,sell
2899,2023-12-20 12:00:00,0.9,0.8,sell
2900,2023-12-21 00:00:00,0.9,0.85,sell
2901,2023-12-21 12:00:00,0.9,0.85,sell
2902,2023-12-22 00:00:00,0.8,0.7,sell
2903,2023-12-22 12:00:00,0.8,0.7,sell
2908,2023-12-25 00:00:00,0.85,0.75,sell
2910,2023-12-26 00:00:00,0.8,0.65,sell
2911,2023-12-26 12:00:00,0.8,0.75,sell
2912,2023-12-27 00:00:00,0.85,0.75,sell
2913,2023-12-27 12:00:00,0.9,0.85,sell
2914,2023-12-28 00:00:00,0.9,0.8,sell
2915,2023-12-28 12:00:00,0.8,0.75,sell
2916,2023-12-29 00:00:00,0.8,0.75,hold
2917,2023-12-29 12:00:00,0.8,0.65,buy
2924,2024-01-02 00:00:00,0.6,0.7,hold
2925,2024-01-02 12:00:00,0.8,0.7,hold
2926,2024-01-03 00:00:00,0.8,0.85,hold
2927,2024-01-03 12:00:00,0.85,0.75,sell
2928,2024-01-04 00:00:00,0.85,0.75,hold
2929,2024-01-04 12:00:00,0.8,0.6,hold
2930,2024-01-05 00:00:00,0.9,0.85,sell
2931,2024-01-05 12:00:00,0.9,0.85,sell
2936,2024-01-08 00:00:00,0.8,0.6,hold
2937,2024-01-08 12:00:00,0.8,0.7,hold
2938,2024-01-09 00:00:00,0.85,0.75,buy
2939,2024-01-09 12:00:00,0.8,0.7,hold
2940,2024-01-10 00:00:00,0.8,0.7,hold
2941,2024-01-10 12:00:00,0.7,0.6,hold
2942,2024-01-11 00:00:00,0.8,0.75,buy
2943,2024-01-11 12:00:00,0.9,0.85,buy
2944,2024-01-12 00:00:00,0.85,0.75,hold
2945,2024-01-12 12:00:00,0.8,0.7,hold
2950,2024-01-15 00:00:00,0.8,0.75,sell
2951,2024-01-15 12:00:00,0.8,0.7,hold
2952,2024-01-16 00:00:00,0.85,0.75,sell
2953,2024-01-16 12:00:00,0.85,0.75,hold
2954,2024-01-17 00:00:00,0.8,0.7,hold
2955,2024-01-17 12:00:00,0.8,0.65,hold
2956,2024-01-18 00:00:00,0.9,0.85,sell
2957,2024-01-18 12:00:00,0.9,0.85,sell
2958,2024-01-19 00:00:00,0.85,0.75,sell
2959,2024-01-19 12:00:00,0.9,0.85,sell
2964,2024-01-22 00:00:00,0.85,0.7,hold
2965,2024-01-22 12:00:00,0.9,0.8,sell
2966,2024-01-23 00:00:00,0.8,0.75,sell
2967,2024-01-23 12:00:00,0.85,0.8,sell
2968,2024-01-24 00:00:00,0.8,0.7,hold
2969,2024-01-24 12:00:00,0.7,0.7,hold
2970,2024-01-25 00:00:00,0.8,0.7,hold
2971,2024-01-25 12:00:00,0.8,0.6,hold
2972,2024-01-26 00:00:00,0.9,0.8,buy
2973,2024-01-26 12:00:00,0.8,0.65,buy
2978,2024-01-29 00:00:00,0.85,0.7,hold
2979,2024-01-29 12:00:00,0.8,0.7,hold
2980,2024-01-30 00:00:00,0.8,0.7,hold
2981,2024-01-30 12:00:00,0.8,0.7,hold
2982,2024-01-31 00:00:00,0.85,0.8,hold
2983,2024-01-31 12:00:00,0.8,0.75,hold
2984,2024-02-01 00:00:00,0.9,0.85,sell
2985,2024-02-01 12:00:00,0.9,0.85,sell
2986,2024-02-02 00:00:00,0.9,0.8,sell
2987,2024-02-02 12:00:00,0.85,0.75,sell
2992,2024-02-05 00:00:00,0.85,0.8,sell
2993,2024-02-05 12:00:00,0.8,0.7,hold
2994,2024-02-06 00:00:00,0.9,0.9,sell
2995,2024-02-06 12:00:00,0.9,0.8,sell
2996,2024-02-07 00:00:00,0.9,0.85,sell
2997,2024-02-07 12:00:00,0.9,0.9,sell
2998,2024-02-08 00:00:00,0.9,0.85,sell
2999,2024-02-08 12:00:00,0.8,0.75,sell
3000,2024-02-09 00:00:00,0.85,0.8,sell
3001,2024-02-09 12:00:00,0.8,0.75,sell
3006,2024-02-12 00:00:00,0.8,0.75,sell
3007,2024-02-12 12:00:00,0.8,0.75,sell
3008,2024-02-13 00:00:00,0.8,0.75,sell
3009,2024-02-13 12:00:00,0.8,0.75,sell
3010,2024-02-14 00:00:00,0.9,0.85,sell
3011,2024-02-14 12:00:00,0.9,0.85,sell
3012,2024-02-15 00:00:00,0.85,0.75,sell
3013,2024-02-15 12:00:00,0.85,0.7,hold
3014,2024-02-16 00:00:00,0.8,0.75,hold
3015,2024-02-16 12:00:00,0.85,0.75,buy
3020,2024-02-19 00:00:00,0.7,0.65,sell
3021,2024-02-19 12:00:00,0.8,0.7,sell
3022,2024-02-20 00:00:00,0.8,0.75,sell
3023,2024-02-20 12:00:00,0.8,0.75,sell
3024,2024-02-21 00:00:00,0.85,0.75,sell
3025,2024-02-21 12:00:00,0.85,0.75,sell
3026,2024-02-22 00:00:00,0.9,0.8,sell
3027,2024-02-22 12:00:00,0.8,0.75,hold
3028,2024-02-23 00:00:00,0.9,0.85,sell
3029,2024-02-23 12:00:00,0.9,0.85,sell
3034,2024-02-26 00:00:00,0.8,0.85,sell
3035,2024-02-26 12:00:00,0.85,0.8,sell
3036,2024-02-27 00:00:00,0.8,0.75,sell
3037,2024-02-27 12:00:00,0.75,0.7,hold
3038,2024-02-28 00:00:00,0.85,0.8,buy
3039,2024-02-28 12:00:00,0.8,0.75,hold
3040,2024-02-29 00:00:00,0.8,0.8,hold
3041,2024-02-29 12:00:00,0.7,0.75,hold
3042,2024-03-01 00:00:00,0.8,0.75,hold
3043,2024-03-01 12:00:00,0.7,0.6,hold
3048,2024-03-04 00:00:00,0.8,0.75,sell
3049,2024-03-04 12:00:00,0.85,0.75,sell
3050,2024-03-05 00:00:00,0.85,0.75,sell
3051,2024-03-05 12:00:00,0.6,0.8,hold
3052,2024-03-06 00:00:00,0.9,0.65,hold
3053,2024-03-06 12:00:00,0.8,0.7,hold
3054,2024-03-07 00:00:00,0.9,0.9,sell
3055,2024-03-07 12:00:00,0.9,0.9,sell
3056,2024-03-08 00:00:00,0.9,0.85,sell
3057,2024-03-08 12:00:00,0.9,0.85,sell
3062,2024-03-11 00:00:00,0.7,0.75,hold
3063,2024-03-11 12:00:00,0.7,0.7,hold
3064,2024-03-12 00:00:00,0.8,0.7,hold
3065,2024-03-12 12:00:00,0.7,0.85,hold
3066,2024-03-13 00:00:00,0.95,0.9,sell
3067,2024-03-13 12:00:00,0.95,0.9,sell
3068,2024-03-14 00:00:00,0.95,0.9,sell
3069,2024-03-14 12:00:00,0.9,0.9,sell
3070,2024-03-15 00:00:00,0.95,0.9,sell
3071,2024-03-15 12:00:00,0.9,0.85,sell
3076,2024-03-18 00:00:00,0.85,0.8,sell
3077,2024-03-18 12:00:00,0.85,0.8,sell
3078,2024-03-19 00:00:00,0.9,0.8,sell
3079,2024-03-19 12:00:00,0.85,0.8,sell
3080,2024-03-20 00:00:00,0.9,0.85,sell
3081,2024-03-20 12:00:00,0.85,0.75,sell
3082,2024-03-21 00:00:00,0.9,0.85,sell
3083,2024-03-21 12:00:00,0.9,0.85,sell
3084,2024-03-22 00:00:00,0.9,0.85,sell
3085,2024-03-22 12:00:00,0.9,0.9,sell
3090,2024-03-25 00:00:00,0.9,0.85,sell
3091,2024-03-25 12:00:00,0.9,0.85,sell
3092,2024-03-26 00:00:00,0.9,0.85,sell
3093,2024-03-26 12:00:00,0.9,0.8,sell
3094,2024-03-27 00:00:00,0.8,0.75,sell
3095,2024-03-27 12:00:00,0.9,0.85,sell
3096,2024-03-28 00:00:00,0.85,0.8,sell
3097,2024-03-28 12:00:00,0.9,0.85,sell
3098,2024-03-29 00:00:00,0.95,0.9,sell
3099,2024-03-29 12:00:00,0.95,0.9,sell
3104,2024-04-01 00:00:00,0.8,0.85,sell
3105,2024-04-01 12:00:00,0.8,0.75,sell
3106,2024-04-02 00:00:00,0.9,0.85,sell
3107,2024-04-02 12:00:00,0.9,0.85,sell
3108,2024-04-03 00:00:00,0.9,0.85,sell
3109,2024-04-03 12:00:00,0.9,0.9,sell
3110,2024-04-04 00:00:00,0.9,0.8,hold
3111,2024-04-04 12:00:00,0.85,0.75,sell
3112,2024-04-05 00:00:00,0.9,0.8,sell
3113,2024-04-05 12:00:00,0.9,0.7,hold
3118,2024-04-08 00:00:00,0.9,0.85,sell
3119,2024-04-08 12:00:00,0.9,0.85,sell
3120,2024-04-09 00:00:00,0.85,0.8,sell
3121,2024-04-09 12:00:00,0.85,0.8,sell
3122,2024-04-10 00:00:00,0.9,0.85,sell
3123,2024-04-10 12:00:00,0.9,0.85,sell
3124,2024-04-11 00:00:00,0.9,0.9,sell
3125,2024-04-11 12:00:00,0.9,0.9,sell
3126,2024-04-12 00:00:00,0.9,0.85,sell
3127,2024-04-12 12:00:00,0.95,0.9,sell
3132,2024-04-15 00:00:00,0.9,0.9,sell
3133,2024-04-15 12:00:00,0.95,0.9,sell
3134,2024-04-16 00:00:00,0.9,0.9,sell
3135,2024-04-16 12:00:00,0.95,0.9,sell
3136,2024-04-17 00:00:00,0.9,0.85,sell
3137,2024-04-17 12:00:00,0.95,0.9,sell
3138,2024-04-18 00:00:00,0.9,0.85,sell
3139,2024-04-18 12:00:00,0.9,0.85,sell
3140,2024-04-19 00:00:00,0.9,0.8,sell
3141,2024-04-19 12:00:00,0.9,0.85,sell
3146,2024-04-22 00:00:00,0.85,0.8,sell
3147,2024-04-22 12:00:00,0.9,0.8,sell
3148,2024-04-23 00:00:00,0.8,0.75,sell
3149,2024-04-23 12:00:00,0.9,0.8,hold
3150,2024-04-24 00:00:00,0.9,0.8,sell
3151,2024-04-24 12:00:00,0.8,0.75,hold
3152,2024-04-25 00:00:00,0.9,0.85,sell
3153,2024-04-25 12:00:00,0.9,0.85,sell
3154,2024-04-26 00:00:00,0.85,0.8,sell
3155,2024-04-26 12:00:00,0.85,0.8,hold
3160,2024-04-29 00:00:00,0.8,0.75,sell
3161,2024-04-29 12:00:00,0.85,0.7,hold
3162,2024-04-30 00:00:00,0.8,0.7,hold
3163,2024-04-30 12:00:00,0.85,0.75,hold
3164,2024-05-01 00:00:00,0.9,0.85,buy
3165,2024-05-01 12:00:00,0.9,0.8,buy
3166,2024-05-02 00:00:00,0.85,0.75,hold
3167,2024-05-02 12:00:00,0.9,0.8,hold
3168,2024-05-03 00:00:00,0.9,0.85,sell
3169,2024-05-03 12:00:00,0.9,0.85,sell
3174,2024-05-06 00:00:00,0.9,0.8,sell
3175,2024-05-06 12:00:00,0.8,0.8,hold
3176,2024-05-07 00:00:00,0.9,0.8,hold
3177,2024-05-07 12:00:00,0.9,0.8,sell
3178,2024-05-08 00:00:00,0.8,0.75,sell
3179,2024-05-08 12:00:00,0.9,0.85,sell
3180,2024-05-09 00:00:00,0.8,0.85,sell
3181,2024-05-09 12:00:00,0.85,0.8,sell
3182,2024-05-10 00:00:00,0.8,0.7,hold
3183,2024-05-10 12:00:00,0.8,0.7,hold
3188,2024-05-13 00:00:00,0.9,0.85,sell
3189,2024-05-13 12:00:00,0.9,0.85,sell
3190,2024-05-14 00:00:00,0.8,0.85,sell
3191,2024-05-14 12:00:00,0.9,0.85,sell
3192,2024-05-15 00:00:00,0.9,0.85,sell
3193,2024-05-15 12:00:00,0.9,0.85,sell
3194,2024-05-16 00:00:00,0.95,0.9,sell
3195,2024-05-16 12:00:00,0.9,0.9,sell
3196,2024-05-17 00:00:00,0.9,0.9,sell
3197,2024-05-17 12:00:00,0.9,0.9,sell
3202,2024-05-20 00:00:00,0.8,0.85,sell
3203,2024-05-20 12:00:00,0.9,0.85,sell
3204,2024-05-21 00:00:00,0.9,0.85,sell
3205,2024-05-21 12:00:00,0.9,0.7,hold
3206,2024-05-22 00:00:00,0.9,0.85,sell
3207,2024-05-22 12:00:00,0.9,0.85,sell
3208,2024-05-23 00:00:00,0.9,0.9,sell
3209,2024-05-23 12:00:00,0.9,0.85,hold
3210,2024-05-24 00:00:00,0.9,0.85,sell
3211,2024-05-24 12:00:00,0.9,0.85,sell
3216,2024-05-27 00:00:00,0.9,0.85,sell
3217,2024-05-27 12:00:00,0.9,0.9,sell
3218,2024-05-28 00:00:00,0.9,0.9,sell
3219,2024-05-28 12:00:00,0.9,0.85,sell
3220,2024-05-29 00:00:00,0.9,0.9,sell
3221,2024-05-29 12:00:00,0.9,0.85,sell
3222,2024-05-30 00:00:00,0.9,0.9,sell
3223,2024-05-30 12:00:00,0.9,0.85,sell
3224,2024-05-31 00:00:00,0.9,0.8,hold
3225,2024-05-31 12:00:00,0.9,0.7,hold
3230,2024-06-03 00:00:00,0.85,0.8,sell
3231,2024-06-03 12:00:00,0.9,0.85,sell
3232,2024-06-04 00:00:00,0.9,0.85,sell
3233,2024-06-04 12:00:00,0.9,0.85,sell
3234,2024-06-05 00:00:00,0.9,0.85,sell
3235,2024-06-05 12:00:00,0.85,0.75,hold
3236,2024-06-06 00:00:00,0.9,0.9,sell
3237,2024-06-06 12:00:00,0.9,0.9,sell
3238,2024-06-07 00:00:00,0.9,0.9,sell
3239,2024-06-07 12:00:00,0.95,0.9,sell
3244,2024-06-10 00:00:00,0.9,0.85,sell
3245,2024-06-10 12:00:00,0.85,0.8,sell
3246,2024-06-11 00:00:00,0.9,0.85,sell
3247,2024-06-11 12:00:00,0.9,0.9,sell
3248,2024-06-12 00:00:00,0.9,0.85,sell
3249,2024-06-12 12:00:00,0.9,0.85,sell
3250,2024-06-13 00:00:00,0.9,0.7,hold
3251,2024-06-13 12:00:00,0.9,0.7,hold
3252,2024-06-14 00:00:00,0.9,0.8,sell
3253,2024-06-14 12:00:00,0.9,0.8,hold
3258,2024-06-17 00:00:00,0.9,0.85,sell
3259,2024-06-17 12:00:00,0.85,0.75,hold
3260,2024-06-18 00:00:00,0.8,0.7,hold
3261,2024-06-18 12:00:00,0.85,0.7,hold
3262,2024-06-19 00:00:00,0.9,0.85,sell
3263,2024-06-19 12:00:00,0.9,0.85,sell
3264,2024-06-20 00:00:00,0.9,0.85,sell
3265,2024-06-20 12:00:00,0.9,0.85,sell
3266,2024-06-21 00:00:00,0.85,0.8,hold
3267,2024-06-21 12:00:00,0.9,0.85,sell
3272,2024-06-24 00:00:00,0.9,0.85,sell
3273,2024-06-24 12:00:00,0.9,0.9,sell
3274,2024-06-25 00:00:00,0.9,0.85,sell
3275,2024-06-25 12:00:00,0.9,0.85,sell
3276,2024-06-26 00:00:00,0.8,0.8,hold
3277,2024-06-26 12:00:00,0.9,0.7,hold
3278,2024-06-27 00:00:00,0.85,0.7,hold
3279,2024-06-27 12:00:00,0.9,0.8,sell
3280,2024-06-28 00:00:00,0.9,0.85,sell
3281,2024-06-28 12:00:00,0.9,0.85,sell
3286,2024-07-01 00:00:00,0.9,0.85,sell
3287,2024-07-01 12:00:00,0.9,0.8,hold
3288,2024-07-02 00:00:00,0.9,0.8,hold
3289,2024-07-02 12:00:00,0.9,0.8,sell
3290,2024-07-03 00:00:00,0.9,0.85,sell
3291,2024-07-03 12:00:00,0.9,0.85,sell
3292,2024-07-04 00:00:00,0.9,0.75,hold
3293,2024-07-04 12:00:00,0.9,0.7,hold
3294,2024-07-05 00:00:00,0.9,0.8,sell
3295,2024-07-05 12:00:00,0.9,0.8,sell
3300,2024-07-08 00:00:00,0.9,0.8,sell
3301,2024-07-08 12:00:00,0.9,0.85,sell
3302,2024-07-09 00:00:00,0.9,0.85,sell
3303,2024-07-09 12:00:00,0.9,0.85,sell
3304,2024-07-10 00:00:00,0.9,0.85,sell
3305,2024-07-10 12:00:00,0.9,0.9,sell
3306,2024-07-11 00:00:00,0.9,0.85,sell
3307,2024-07-11 12:00:00,0.9,0.8,sell
3308,2024-07-12 00:00:00,0.9,0.6,hold
3309,2024-07-12 12:00:00,0.85,0.7,hold
3314,2024-07-15 00:00:00,0.9,0.85,sell
3315,2024-07-15 12:00:00,0.9,0.85,sell
3316,2024-07-16 00:00:00,0.9,0.85,sell
3317,2024-07-16 12:00:00,0.9,0.85,sell
3318,2024-07-17 00:00:00,0.9,0.85,sell
3319,2024-07-17 12:00:00,0.85,0.75,sell
3320,2024-07-18 00:00:00,0.8,0.85,sell
3321,2024-07-18 12:00:00,0.8,0.6,hold
3322,2024-07-19 00:00:00,0.85,0.75,hold
3323,2024-07-19 12:00:00,0.8,0.7,buy
3328,2024-07-22 00:00:00,0.8,0.75,buy
3329,2024-07-22 12:00:00,0.85,0.6,hold
3330,2024-07-23 00:00:00,0.8,0.6,hold
3331,2024-07-23 12:00:00,0.6,0.7,hold
3332,2024-07-24 00:00:00,0.7,0.6,hold
3333,2024-07-24 12:00:00,0.6,0.7,hold
3334,2024-07-25 00:00:00,0.8,0.6,hold
3335,2024-07-25 12:00:00,0.75,0.7,hold
3336,2024-07-26 00:00:00,0.85,0.75,buy
3337,2024-07-26 12:00:00,0.85,0.7,hold
3342,2024-07-29 00:00:00,0.6,0.8,hold
3343,2024-07-29 12:00:00,0.7,0.65,sell
3344,2024-07-30 00:00:00,0.8,0.7,sell
3345,2024-07-30 12:00:00,0.85,0.75,sell
3346,2024-07-31 00:00:00,0.75,0.6,hold
3347,2024-07-31 12:00:00,0.85,0.75,sell
3348,2024-08-01 00:00:00,0.9,0.85,sell
3349,2024-08-01 12:00:00,0.9,0.85,sell
3350,2024-08-02 00:00:00,0.9,0.7,hold
3351,2024-08-02 12:00:00,0.85,0.7,hold
3356,2024-08-05 00:00:00,0.9,0.8,sell
3357,2024-08-05 12:00:00,0.85,0.6,hold
3358,2024-08-06 00:00:00,0.8,0.75,hold
3359,2024-08-06 12:00:00,0.8,0.7,hold
3360,2024-08-07 00:00:00,0.9,0.8,buy
3361,2024-08-07 12:00:00,0.85,0.65,hold
3362,2024-08-08 00:00:00,0.85,0.75,buy
3363,2024-08-08 12:00:00,0.85,0.75,buy
3364,2024-08-09 00:00:00,0.9,0.75,buy
3365,2024-08-09 12:00:00,0.8,0.6,hold
3370,2024-08-12 00:00:00,0.6,0.7,hold
3371,2024-08-12 12:00:00,0.8,0.75,sell
3372,2024-08-13 00:00:00,0.8,0.75,sell
3373,2024-08-13 12:00:00,0.5,0.8,hold
3374,2024-08-14 00:00:00,0.9,0.85,sell
3375,2024-08-14 12:00:00,0.7,0.7,hold
3376,2024-08-15 00:00:00,0.9,0.8,buy
3377,2024-08-15 12:00:00,0.85,0.75,buy
3378,2024-08-16 00:00:00,0.85,0.75,buy
3379,2024-08-16 12:00:00,0.8,0.6,hold
3384,2024-08-19 00:00:00,0.5,0.8,hold
3385,2024-08-19 12:00:00,0.7,0.65,sell
3386,2024-08-20 00:00:00,0.8,0.7,buy
3387,2024-08-20 12:00:00,0.8,0.7,buy
3388,2024-08-21 00:00:00,0.8,0.8,hold
3389,2024-08-21 12:00:00,0.85,0.75,hold
3390,2024-08-22 00:00:00,0.9,0.8,buy
3391,2024-08-22 12:00:00,0.9,0.85,buy
3392,2024-08-23 00:00:00,0.9,0.8,buy
3393,2024-08-23 12:00:00,0.9,0.85,buy
3398,2024-08-26 00:00:00,0.9,0.85,buy
3399,2024-08-26 12:00:00,0.95,0.9,buy
3400,2024-08-27 00:00:00,0.9,0.85,buy
3401,2024-08-27 12:00:00,0.9,0.8,buy
3402,2024-08-28 00:00:00,0.9,0.85,buy
3403,2024-08-28 12:00:00,0.95,0.9,buy
3404,2024-08-29 00:00:00,0.9,0.85,buy
3405,2024-08-29 12:00:00,0.9,0.8,buy
3406,2024-08-30 00:00:00,0.85,0.75,hold
3407,2024-08-30 12:00:00,0.9,0.7,hold
3412,2024-09-02 00:00:00,0.8,0.75,buy
3413,2024-09-02 12:00:00,0.9,0.85,buy
3414,2024-09-03 00:00:00,0.9,0.85,buy
3415,2024-09-03 12:00:00,0.9,0.8,buy
3416,2024-09-04 00:00:00,0.9,0.85,buy
3417,2024-09-04 12:00:00,0.9,0.85,buy
3418,2024-09-05 00:00:00,0.9,0.8,buy
3419,2024-09-05 12:00:00,0.9,0.85,buy
3420,2024-09-06 00:00:00,0.8,0.75,buy
3421,2024-09-06 12:00:00,0.85,0.75,hold
3426,2024-09-09 00:00:00,0.85,0.8,buy
3427,2024-09-09 12:00:00,0.9,0.8,buy
3428,2024-09-10 00:00:00,0.9,0.8,buy
3429,2024-09-10 12:00:00,0.8,0.7,hold
3430,2024-09-11 00:00:00,0.8,0.75,hold
3431,2024-09-11 12:00:00,0.85,0.7,hold
3432,2024-09-12 00:00:00,0.9,0.85,buy
3433,2024-09-12 12:00:00,0.9,0.85,buy
3434,2024-09-13 00:00:00,0.8,0.6,hold
3435,2024-09-13 12:00:00,0.85,0.75,hold
3440,2024-09-16 00:00:00,0.8,0.7,hold
3441,2024-09-16 12:00:00,0.9,0.85,buy
3442,2024-09-17 00:00:00,0.85,0.75,sell
3443,2024-09-17 12:00:00,0.85,0.7,hold
3444,2024-09-18 00:00:00,0.9,0.65,hold
3445,2024-09-18 12:00:00,0.9,0.85,buy
3446,2024-09-19 00:00:00,0.9,0.9,buy
3447,2024-09-19 12:00:00,0.9,0.85,buy
3448,2024-09-20 00:00:00,0.9,0.85,buy
3449,2024-09-20 12:00:00,0.9,0.85,buy
3454,2024-09-23 00:00:00,0.8,0.7,buy
3455,2024-09-23 12:00:00,0.9,0.7,hold
3456,2024-09-24 00:00:00,0.9,0.8,sell
3457,2024-09-24 12:00:00,0.9,0.7,hold
3458,2024-09-25 00:00:00,0.9,0.7,hold
3459,2024-09-25 12:00:00,0.85,0.75,buy
3460,2024-09-26 00:00:00,0.8,0.6,hold
3461,2024-09-26 12:00:00,0.85,0.75,hold
3462,2024-09-27 00:00:00,0.8,0.6,hold
3463,2024-09-27 12:00:00,0.8,0.6,hold
3468,2024-09-30 00:00:00,0.85,0.6,hold
3469,2024-09-30 12:00:00,0.85,0.7,hold
3470,2024-10-01 00:00:00,0.8,0.75,sell
3471,2024-10-01 12:00:00,0.9,0.85,sell
3472,2024-10-02 00:00:00,0.85,0.75,sell
3473,2024-10-02 12:00:00,0.85,0.75,hold
3474,2024-10-03 00:00:00,0.9,0.8,sell
3475,2024-10-03 12:00:00,0.85,0.8,sell
3476,2024-10-04 00:00:00,0.9,0.85,sell
3477,2024-10-04 12:00:00,0.9,0.85,sell
3482,2024-10-07 00:00:00,0.85,0.7,hold
3483,2024-10-07 12:00:00,0.9,0.85,sell
3484,2024-10-08 00:00:00,0.85,0.8,sell
3485,2024-10-08 12:00:00,0.85,0.75,sell
3486,2024-10-09 00:00:00,0.85,0.75,sell
3487,2024-10-09 12:00:00,0.8,0.6,hold
3488,2024-10-10 00:00:00,0.8,0.7,hold
3489,2024-10-10 12:00:00,0.8,0.75,hold
3490,2024-10-11 00:00:00,0.85,0.7,sell
3491,2024-10-11 12:00:00,0.85,0.75,buy
3496,2024-10-14 00:00:00,0.8,0.7,hold
3497,2024-10-14 12:00:00,0.8,0.75,buy
3498,2024-10-15 00:00:00,0.85,0.75,sell
3499,2024-10-15 12:00:00,0.9,0.7,hold
3500,2024-10-16 00:00:00,0.85,0.8,hold
3501,2024-10-16 12:00:00,0.85,0.75,hold
3502,2024-10-17 00:00:00,0.8,0.7,hold
3503,2024-10-17 12:00:00,0.85,0.75,sell
3504,2024-10-18 00:00:00,0.95,0.9,sell
3505,2024-10-18 12:00:00,0.9,0.9,sell
3510,2024-10-21 00:00:00,0.85,0.8,sell
3511,2024-10-21 12:00:00,0.85,0.8,sell
3512,2024-10-22 00:00:00,0.7,0.6,hold
3513,2024-10-22 12:00:00,0.7,0.5,hold
3514,2024-10-23 00:00:00,0.9,0.8,sell
3515,2024-10-23 12:00:00,0.9,0.8,sell
3516,2024-10-24 00:00:00,0.9,0.8,sell
3517,2024-10-24 12:00:00,0.8,0.7,hold
3518,2024-10-25 00:00:00,0.8,0.7,hold
3519,2024-10-25 12:00:00,0.85,0.65,hold
3524,2024-10-28 00:00:00,0.85,0.8,sell
3525,2024-10-28 12:00:00,0.85,0.8,sell
3526,2024-10-29 00:00:00,0.85,0.8,sell
3527,2024-10-29 12:00:00,0.85,0.8,sell
3528,2024-10-30 00:00:00,0.8,0.75,sell
3529,2024-10-30 12:00:00,0.8,0.7,hold
3530,2024-10-31 00:00:00,0.85,0.8,sell
3531,2024-10-31 12:00:00,0.9,0.8,hold
3532,2024-11-01 00:00:00,0.85,0.75,hold
3533,2024-11-01 12:00:00,0.85,0.8,hold
3538,2024-11-04 00:00:00,0.5,0.6,hold
3539,2024-11-04 12:00:00,0.7,0.65,hold
3540,2024-11-05 00:00:00,0.9,0.8,sell
3541,2024-11-05 12:00:00,0.9,0.8,sell
3542,2024-11-06 00:00:00,0.9,0.85,sell
3543,2024-11-06 12:00:00,0.9,0.85,sell
3544,2024-11-07 00:00:00,0.95,0.9,sell
3545,2024-11-07 12:00:00,0.9,0.9,sell
3546,2024-11-08 00:00:00,0.9,0.85,sell
3547,2024-11-08 12:00:00,0.9,0.85,sell
3552,2024-11-11 00:00:00,0.9,0.85,sell
3553,2024-11-11 12:00:00,0.85,0.8,sell
3554,2024-11-12 00:00:00,0.85,0.75,sell
3555,2024-11-12 12:00:00,0.85,0.75,sell
3556,2024-11-13 00:00:00,0.9,0.85,sell
3557,2024-11-13 12:00:00,0.9,0.85,sell
3558,2024-11-14 00:00:00,0.9,0.9,sell
3559,2024-11-14 12:00:00,0.9,0.9,sell
3560,2024-11-15 00:00:00,0.9,0.85,sell
3561,2024-11-15 12:00:00,0.9,0.85,sell
3566,2024-11-18 00:00:00,0.9,0.85,sell
3567,2024-11-18 12:00:00,0.9,0.85,sell
3568,2024-11-19 00:00:00,0.9,0.85,sell
3569,2024-11-19 12:00:00,0.9,0.9,sell
3570,2024-11-20 00:00:00,0.9,0.85,sell
3571,2024-11-20 12:00:00,0.9,0.85,sell
3572,2024-11-21 00:00:00,0.9,0.85,sell
3573,2024-11-21 12:00:00,0.9,0.85,sell
3574,2024-11-22 00:00:00,0.9,0.85,sell
3575,2024-11-22 12:00:00,0.9,0.9,sell
3580,2024-11-25 00:00:00,0.8,0.75,sell
3581,2024-11-25 12:00:00,0.8,0.75,sell
3582,2024-11-26 00:00:00,0.8,0.8,sell
3583,2024-11-26 12:00:00,0.85,0.8,sell
3584,2024-11-27 00:00:00,0.85,0.75,sell
3585,2024-11-27 12:00:00,0.9,0.85,sell
3586,2024-11-28 00:00:00,0.9,0.85,sell
3587,2024-11-28 12:00:00,0.9,0.85,sell
3588,2024-11-29 00:00:00,0.9,0.85,sell
3589,2024-11-29 12:00:00,0.9,0.8,sell
3594,2024-12-02 00:00:00,0.9,0.85,sell
3595,2024-12-02 12:00:00,0.9,0.85,sell
3596,2024-12-03 00:00:00,0.9,0.85,sell
3597,2024-12-03 12:00:00,0.9,0.8,sell
3598,2024-12-04 00:00:00,0.9,0.9,sell
3599,2024-12-04 12:00:00,0.9,0.85,sell
3600,2024-12-05 00:00:00,0.85,0.8,sell
3601,2024-12-05 12:00:00,0.8,0.75,sell
3602,2024-12-06 00:00:00,0.9,0.8,sell
3603,2024-12-06 12:00:00,0.9,0.8,sell
3608,2024-12-09 00:00:00,0.9,0.85,sell
3609,2024-12-09 12:00:00,0.9,0.85,sell
3610,2024-12-10 00:00:00,0.85,0.7,hold
3611,2024-12-10 12:00:00,0.85,0.75,sell
3612,2024-12-11 00:00:00,0.85,0.75,hold
3613,2024-12-11 12:00:00,0.8,0.65,hold
3614,2024-12-12 00:00:00,0.9,0.85,sell
3615,2024-12-12 12:00:00,0.9,0.85,sell
3616,2024-12-13 00:00:00,0.9,0.75,sell
3617,2024-12-13 12:00:00,0.9,0.85,sell
3622,2024-12-16 00:00:00,0.8,0.85,sell
3623,2024-12-16 12:00:00,0.85,0.75,sell
3624,2024-12-17 00:00:00,0.9,0.8,hold
3625,2024-12-17 12:00:00,0.9,0.85,sell
3626,2024-12-18 00:00:00,0.9,0.85,sell
3627,2024-12-18 12:00:00,0.9,0.8,sell
3628,2024-12-19 00:00:00,0.9,0.85,sell
3629,2024-12-19 12:00:00,0.9,0.85,sell
3630,2024-12-20 00:00:00,0.9,0.85,sell
3631,2024-12-20 12:00:00,0.9,0.85,sell
3636,2024-12-23 00:00:00,0.9,0.8,sell
3637,2024-12-23 12:00:00,0.85,0.75,sell
3638,2024-12-24 00:00:00,0.9,0.8,buy
3639,2024-12-24 12:00:00,0.8,0.8,hold
3640,2024-12-25 00:00:00,0.8,0.75,buy
3642,2024-12-26 00:00:00,0.8,0.75,sell
3643,2024-12-26 12:00:00,0.7,0.65,sell
3644,2024-12-27 00:00:00,0.75,0.7,sell
3645,2024-12-27 12:00:00,0.7,0.7,hold
3650,2024-12-30 00:00:00,0.8,0.7,hold
3651,2024-12-30 12:00:00,0.9,0.8,sell
3652,2024-12-31 00:00:00,0.85,0.75,sell
3653,2024-12-31 12:00:00,0.7,0.7,hold
3656,2025-01-02 00:00:00,0.9,0.85,sell
3657,2025-01-02 12:00:00,0.9,0.8,sell
3658,2025-01-03 00:00:00,0.9,0.85,sell
3659,2025-01-03 12:00:00,0.9,0.85,sell
3664,2025-01-06 00:00:00,0.9,0.85,sell
3665,2025-01-06 12:00:00,0.85,0.8,sell
3666,2025-01-07 00:00:00,0.8,0.75,sell
3667,2025-01-07 12:00:00,0.9,0.85,sell
3668,2025-01-08 00:00:00,0.9,0.9,sell
3669,2025-01-08 12:00:00,0.9,0.9,sell
3670,2025-01-09 00:00:00,0.9,0.9,sell
3671,2025-01-09 12:00:00,0.9,0.9,sell
3672,2025-01-10 00:00:00,0.9,0.8,sell
3673,2025-01-10 12:00:00,0.9,0.8,sell
3678,2025-01-13 00:00:00,0.85,0.8,sell
3679,2025-01-13 12:00:00,0.85,0.8,sell
3680,2025-01-14 00:00:00,0.8,0.75,sell
3681,2025-01-14 12:00:00,0.9,0.85,sell
3682,2025-01-15 00:00:00,0.85,0.8,sell
3683,2025-01-15 12:00:00,0.9,0.8,sell
3684,2025-01-16 00:00:00,0.9,0.85,sell
3685,2025-01-16 12:00:00,0.9,0.9,sell
3686,2025-01-17 00:00:00,0.95,0.9,sell
3687,2025-01-17 12:00:00,0.9,0.9,sell
3692,2025-01-20 00:00:00,0.9,0.85,sell
3693,2025-01-20 12:00:00,0.9,0.85,sell
3694,2025-01-21 00:00:00,0.9,0.85,sell
3695,2025-01-21 12:00:00,0.9,0.85,sell
3696,2025-01-22 00:00:00,0.9,0.85,sell
3697,2025-01-22 12:00:00,0.9,0.85,sell
3698,2025-01-23 00:00:00,0.9,0.85,sell
3699,2025-01-23 12:00:00,0.9,0.85,sell
3700,2025-01-24 00:00:00,0.9,0.85,sell
3701,2025-01-24 12:00:00,0.85,0.75,hold
3706,2025-01-27 00:00:00,0.9,0.8,sell
3707,2025-01-27 12:00:00,0.85,0.8,sell
3708,2025-01-28 00:00:00,0.8,0.7,hold
3709,2025-01-28 12:00:00,0.85,0.8,sell
3710,2025-01-29 00:00:00,0.8,0.75,sell
3711,2025-01-29 12:00:00,0.8,0.75,sell
3712,2025-01-30 00:00:00,0.9,0.85,sell
3713,2025-01-30 12:00:00,0.95,0.9,sell
3714,2025-01-31 00:00:00,0.95,0.9,sell
3715,2025-01-31 12:00:00,0.95,0.9,sell
3720,2025-02-03 00:00:00,0.95,0.9,sell
3721,2025-02-03 12:00:00,0.95,0.9,sell
3722,2025-02-04 00:00:00,0.95,0.9,sell
3723,2025-02-04 12:00:00,0.9,0.9,sell
3724,2025-02-05 00:00:00,0.9,0.9,sell
3725,2025-02-05 12:00:00,0.95,0.9,sell
3726,2025-02-06 00:00:00,0.9,0.85,sell
3727,2025-02-06 12:00:00,0.95,0.9,sell
3728,2025-02-07 00:00:00,0.9,0.85,sell
3729,2025-02-07 12:00:00,0.9,0.85,sell
3734,2025-02-10 00:00:00,0.9,0.8,sell
3735,2025-02-10 12:00:00,0.9,0.8,sell
3736,2025-02-11 00:00:00,0.9,0.85,sell
3737,2025-02-11 12:00:00,0.9,0.85,sell
3738,2025-02-12 00:00:00,0.95,0.9,sell
3739,2025-02-12 12:00:00,0.9,0.85,sell
3740,2025-02-13 00:00:00,0.9,0.9,sell
3741,2025-02-13 12:00:00,0.9,0.9,sell
3742,2025-02-14 00:00:00,0.95,0.9,sell
3743,2025-02-14 12:00:00,0.95,0.9,sell
3748,2025-02-17 00:00:00,0.85,0.8,sell
3749,2025-02-17 12:00:00,0.8,0.75,sell
3750,2025-02-18 00:00:00,0.8,0.75,hold
3751,2025-02-18 12:00:00,0.9,0.7,hold
3752,2025-02-19 00:00:00,0.85,0.65,hold
3753,2025-02-19 12:00:00,0.8,0.75,hold
3754,2025-02-20 00:00:00,0.9,0.85,sell
3755,2025-02-20 12:00:00,0.9,0.85,sell
3756,2025-02-21 00:00:00,0.9,0.8,sell
3757,2025-02-21 12:00:00,0.85,0.75,hold
3762,2025-02-24 00:00:00,0.8,0.85,sell
3763,2025-02-24 12:00:00,0.9,0.85,sell
3764,2025-02-25 00:00:00,0.9,0.85,sell
3765,2025-02-25 12:00:00,0.9,0.85,sell
3766,2025-02-26 00:00:00,0.9,0.85,sell
3767,2025-02-26 12:00:00,0.9,0.8,sell
3768,2025-02-27 00:00:00,0.8,0.75,hold
3769,2025-02-27 12:00:00,0.75,0.65,hold
3770,2025-02-28 00:00:00,0.85,0.75,hold
3771,2025-02-28 12:00:00,0.9,0.75,sell
3776,2025-03-03 00:00:00,0.9,0.8,sell
3777,2025-03-03 12:00:00,0.9,0.85,sell
3778,2025-03-04 00:00:00,0.9,0.9,sell
3779,2025-03-04 12:00:00,0.9,0.9,sell
3780,2025-03-05 00:00:00,0.95,0.95,sell
3781,2025-03-05 12:00:00,0.9,0.9,sell
3782,2025-03-06 00:00:00,0.95,0.9,sell
3783,2025-03-06 12:00:00,0.9,0.85,sell
3784,2025-03-07 00:00:00,0.95,0.9,sell
3785,2025-03-07 12:00:00,0.9,0.9,sell
3790,2025-03-10 00:00:00,0.9,0.85,sell
3791,2025-03-10 12:00:00,0.9,0.85,sell
3792,2025-03-11 00:00:00,0.9,0.8,sell
3793,2025-03-11 12:00:00,0.9,0.85,sell
3794,2025-03-12 00:00:00,0.95,0.9,sell
3795,2025-03-12 12:00:00,0.9,0.85,sell
3796,2025-03-13 00:00:00,0.9,0.75,hold
3797,2025-03-13 12:00:00,0.85,0.7,hold
3798,2025-03-14 00:00:00,0.8,0.6,hold
3799,2025-03-14 12:00:00,0.9,0.7,hold
3804,2025-03-17 00:00:00,0.9,0.85,sell
3805,2025-03-17 12:00:00,0.9,0.85,sell
3806,2025-03-18 00:00:00,0.9,0.85,sell
3807,2025-03-18 12:00:00,0.9,0.85,sell
3808,2025-03-19 00:00:00,0.9,0.9,sell
3809,2025-03-19 12:00:00,0.9,0.9,sell
3810,2025-03-20 00:00:00,0.8,0.7,hold
3811,2025-03-20 12:00:00,0.9,0.8,sell
3812,2025-03-21 00:00:00,0.85,0.8,sell
3813,2025-03-21 12:00:00,0.8,0.8,hold
3818,2025-03-24 00:00:00,0.6,0.7,hold
3819,2025-03-24 12:00:00,0.8,0.7,buy
3820,2025-03-25 00:00:00,0.85,0.8,buy
3821,2025-03-25 12:00:00,0.85,0.75,buy
3822,2025-03-26 00:00:00,0.9,0.85,buy
3823,2025-03-26 12:00:00,0.9,0.85,buy
3824,2025-03-27 00:00:00,0.85,0.75,hold
3825,2025-03-27 12:00:00,0.85,0.7,hold
3826,2025-03-28 00:00:00,0.9,0.85,sell
3827,2025-03-28 12:00:00,0.9,0.85,sell
3832,2025-03-31 00:00:00,0.9,0.85,sell
3833,2025-03-31 12:00:00,0.9,0.8,sell
3834,2025-04-01 00:00:00,0.9,0.85,sell
3835,2025-04-01 12:00:00,0.9,0.85,sell
3836,2025-04-02 00:00:00,0.9,0.85,sell
3837,2025-04-02 12:00:00,0.9,0.85,sell
3838,2025-04-03 00:00:00,0.9,0.85,sell
3839,2025-04-03 12:00:00,0.95,0.9,sell
3840,2025-04-04 00:00:00,0.95,0.9,sell
3841,2025-04-04 12:00:00,0.9,0.85,sell
3846,2025-04-07 00:00:00,0.9,0.9,sell
3847,2025-04-07 12:00:00,0.95,0.9,sell
3848,2025-04-08 00:00:00,0.9,0.85,sell
3849,2025-04-08 12:00:00,0.9,0.85,sell
3850,2025-04-09 00:00:00,0.95,0.9,sell
3851,2025-04-09 12:00:00,0.9,0.8,sell
3852,2025-04-10 00:00:00,0.9,0.85,sell
3853,2025-04-10 12:00:00,0.85,0.7,hold
3854,2025-04-11 00:00:00,0.9,0.7,hold
3855,2025-04-11 12:00:00,0.9,0.7,hold
3860,2025-04-14 00:00:00,0.8,0.7,hold
3861,2025-04-14 12:00:00,0.9,0.85,sell
3862,2025-04-15 00:00:00,0.8,0.7,hold
3863,2025-04-15 12:00:00,0.85,0.75,buy
3864,2025-04-16 00:00:00,0.85,0.7,hold
3865,2025-04-16 12:00:00,0.85,0.75,hold
3866,2025-04-17 00:00:00,0.9,0.85,sell
3867,2025-04-17 12:00:00,0.9,0.85,sell
3868,2025-04-18 00:00:00,0.9,0.85,sell
3869,2025-04-18 12:00:00,0.9,0.85,sell
3874,2025-04-21 00:00:00,0.9,0.85,sell
3875,2025-04-21 12:00:00,0.9,0.85,sell
3876,2025-04-22 00:00:00,0.9,0.8,buy
3877,2025-04-22 12:00:00,0.9,0.75,buy
3878,2025-04-23 00:00:00,0.9,0.85,buy
3879,2025-04-23 12:00:00,0.85,0.75,hold
3880,2025-04-24 00:00:00,0.9,0.85,sell
3881,2025-04-24 12:00:00,0.9,0.85,sell
3882,2025-04-25 00:00:00,0.9,0.9,sell
3883,2025-04-25 12:00:00,0.9,0.9,sell
3888,2025-04-28 00:00:00,0.8,0.6,hold
3889,2025-04-28 12:00:00,0.9,0.8,sell
3890,2025-04-29 00:00:00,0.8,0.7,hold
3891,2025-04-29 12:00:00,0.85,0.7,hold
3892,2025-04-30 00:00:00,0.85,0.75,sell
3893,2025-04-30 12:00:00,0.85,0.8,hold
3894,2025-05-01 00:00:00,0.9,0.85,buy
3895,2025-05-01 12:00:00,0.95,0.9,buy
3896,2025-05-02 00:00:00,0.9,0.85,buy
3897,2025-05-02 12:00:00,0.9,0.85,buy
3902,2025-05-05 00:00:00,0.9,0.85,sell
3903,2025-05-05 12:00:00,0.9,0.85,sell
3904,2025-05-06 00:00:00,0.8,0.75,hold
3905,2025-05-06 12:00:00,0.9,0.8,hold
3906,2025-05-07 00:00:00,0.8,0.7,hold
3907,2025-05-07 12:00:00,0.9,0.8,sell
3908,2025-05-08 00:00:00,0.85,0.8,sell
3909,2025-05-08 12:00:00,0.9,0.8,hold
3910,2025-05-09 00:00:00,0.9,0.85,sell
3911,2025-05-09 12:00:00,0.9,0.8,hold
3916,2025-05-12 00:00:00,0.8,0.75,hold
3917,2025-05-12 12:00:00,0.85,0.75,buy
3918,2025-05-13 00:00:00,0.85,0.8,hold
3919,2025-05-13 12:00:00,0.9,0.85,sell
3920,2025-05-14 00:00:00,0.9,0.8,sell
3921,2025-05-14 12:00:00,0.9,0.85,sell
3922,2025-05-15 00:00:00,0.9,0.85,sell
3923,2025-05-15 12:00:00,0.9,0.85,sell
3924,2025-05-16 00:00:00,0.8,0.7,hold
3925,2025-05-16 12:00:00,0.8,0.75,hold
3930,2025-05-19 00:00:00,0.8,0.75,sell
3931,2025-05-19 12:00:00,0.85,0.75,hold
3932,2025-05-20 00:00:00,0.85,0.6,hold
3933,2025-05-20 12:00:00,0.85,0.7,hold
3934,2025-05-21 00:00:00,0.8,0.7,hold
3935,2025-05-21 12:00:00,0.8,0.75,hold
3936,2025-05-22 00:00:00,0.85,0.8,sell
3937,2025-05-22 12:00:00,0.8,0.75,hold
3938,2025-05-23 00:00:00,0.8,0.6,hold
3939,2025-05-23 12:00:00,0.9,0.8,hold
3944,2025-05-26 00:00:00,0.9,0.85,sell
3945,2025-05-26 12:00:00,0.9,0.85,sell
3946,2025-05-27 00:00:00,0.85,0.75,hold
3947,2025-05-27 12:00:00,0.9,0.85,sell
3948,2025-05-28 00:00:00,0.85,0.75,sell
3949,2025-05-28 12:00:00,0.9,0.85,sell
3950,2025-05-29 00:00:00,0.9,0.85,sell
3951,2025-05-29 12:00:00,0.9,0.85,sell
3952,2025-05-30 00:00:00,0.9,0.85,sell
3953,2025-05-30 12:00:00,0.9,0.8,sell
3958,2025-06-02 00:00:00,0.8,0.75,sell
3959,2025-06-02 12:00:00,0.85,0.75,hold
3960,2025-06-03 00:00:00,0.9,0.8,sell
3961,2025-06-03 12:00:00,0.9,0.85,sell
3962,2025-06-04 00:00:00,0.9,0.85,sell
3963,2025-06-04 12:00:00,0.9,0.85,sell
3964,2025-06-05 00:00:00,0.85,0.75,sell
3965,2025-06-05 12:00:00,0.85,0.75,sell
3966,2025-06-06 00:00:00,0.9,0.75,hold
3967,2025-06-06 12:00:00,0.9,0.65,hold
3972,2025-06-09 00:00:00,0.9,0.9,sell
3973,2025-06-09 12:00:00,0.9,0.85,sell
3974,2025-06-10 00:00:00,0.9,0.85,sell
3975,2025-06-10 12:00:00,0.9,0.85,sell
3976,2025-06-11 00:00:00,0.95,0.9,sell
3977,2025-06-11 12:00:00,0.9,0.85,sell
3978,2025-06-12 00:00:00,0.9,0.85,sell
3979,2025-06-12 12:00:00,0.9,0.8,sell
3980,2025-06-13 00:00:00,0.9,0.85,sell
3981,2025-06-13 12:00:00,0.9,0.85,sell
3986,2025-06-16 00:00:00,0.9,0.9,sell
3987,2025-06-16 12:00:00,0.85,0.9,sell
3988,2025-06-17 00:00:00,0.9,0.85,sell
3989,2025-06-17 12:00:00,0.9,0.8,sell
3990,2025-06-18 00:00:00,0.85,0.7,hold
3991,2025-06-18 12:00:00,0.85,0.7,hold
3992,2025-06-19 00:00:00,0.85,0.7,hold
3993,2025-06-19 12:00:00,0.9,0.7,hold
3994,2025-06-20 00:00:00,0.8,0.8,hold
3995,2025-06-20 12:00:00,0.8,0.8,hold
4000,2025-06-23 00:00:00,0.85,0.8,sell
4001,2025-06-23 12:00:00,0.9,0.8,sell
4002,2025-06-24 00:00:00,0.9,0.85,sell
4003,2025-06-24 12:00:00,0.8,0.65,buy
4004,2025-06-25 00:00:00,0.8,0.75,sell
4005,2025-06-25 12:00:00,0.9,0.85,sell
4006,2025-06-26 00:00:00,0.8,0.75,sell
4007,2025-06-26 12:00:00,0.85,0.7,sell
4008,2025-06-27 00:00:00,0.9,0.85,sell
4009,2025-06-27 12:00:00,0.7,0.6,hold
4014,2025-06-30 00:00:00,0.8,0.75,sell
4015,2025-06-30 12:00:00,0.9,0.85,sell
4016,2025-07-01 00:00:00,0.85,0.8,sell
4017,2025-07-01 12:00:00,0.85,0.8,hold
4018,2025-07-02 00:00:00,0.9,0.85,sell
4019,2025-07-02 12:00:00,0.9,0.85,sell
4020,2025-07-03 00:00:00,0.8,0.7,hold
4021,2025-07-03 12:00:00,0.8,0.7,hold
4022,2025-07-04 00:00:00,0.9,0.85,sell
4023,2025-07-04 12:00:00,0.9,0.85,sell
4028,2025-07-07 00:00:00,0.9,0.85,sell
4029,2025-07-07 12:00:00,0.9,0.8,hold
4030,2025-07-08 00:00:00,0.8,0.7,hold
4031,2025-07-08 12:00:00,0.8,0.7,hold
4032,2025-07-09 00:00:00,0.8,0.75,hold
4033,2025-07-09 12:00:00,0.85,0.75,hold
4034,2025-07-10 00:00:00,0.8,0.75,hold
4035,2025-07-10 12:00:00,0.85,0.7,hold
4036,2025-07-11 00:00:00,0.85,0.8,sell
4037,2025-07-11 12:00:00,0.9,0.85,sell
4042,2025-07-14 00:00:00,0.8,0.8,sell
4043,2025-07-14 12:00:00,0.9,0.85,sell
4044,2025-07-15 00:00:00,0.9,0.85,sell
4045,2025-07-15 12:00:00,0.8,0.7,hold
4046,2025-07-16 00:00:00,0.9,0.85,sell
4047,2025-07-16 12:00:00,0.95,0.9,sell
4048,2025-07-17 00:00:00,0.9,0.9,sell
4049,2025-07-17 12:00:00,0.9,0.85,sell
4050,2025-07-18 00:00:00,0.9,0.85,sell
4051,2025-07-18 12:00:00,0.9,0.85,sell
4056,2025-07-21 00:00:00,0.7,0.6,hold
4057,2025-07-21 12:00:00,0.85,0.75,sell
4058,2025-07-22 00:00:00,0.9,0.85,sell
4059,2025-07-22 12:00:00,0.9,0.7,hold
4060,2025-07-23 00:00:00,0.8,0.6,hold
4061,2025-07-23 12:00:00,0.8,0.7,hold
4062,2025-07-24 00:00:00,0.85,0.75,sell
4063,2025-07-24 12:00:00,0.85,0.75,hold
4064,2025-07-25 00:00:00,0.8,0.7,hold
4065,2025-07-25 12:00:00,0.75,0.7,hold
4070,2025-07-28 00:00:00,0.9,0.85,sell
4071,2025-07-28 12:00:00,0.9,0.85,sell
4072,2025-07-29 00:00:00,0.8,0.7,hold
4073,2025-07-29 12:00:00,0.85,0.65,hold
4074,2025-07-30 00:00:00,0.8,0.75,buy
4075,2025-07-30 12:00:00,0.85,0.8,hold
4076,2025-07-31 00:00:00,0.95,0.9,sell
4077,2025-07-31 12:00:00,0.95,0.9,sell
4078,2025-08-01 00:00:00,0.95,0.9,sell
4079,2025-08-01 12:00:00,0.95,0.9,sell
4084,2025-08-04 00:00:00,0.8,0.7,hold
4085,2025-08-04 12:00:00,0.85,0.7,hold
4086,2025-08-05 00:00:00,0.9,0.85,buy
4087,2025-08-05 12:00:00,0.9,0.85,buy
4088,2025-08-06 00:00:00,0.9,0.85,buy
4089,2025-08-06 12:00:00,0.8,0.7,hold
4090,2025-08-07 00:00:00,0.85,0.7,hold
4091,2025-08-07 12:00:00,0.9,0.85,sell
4092,2025-08-08 00:00:00,0.85,0.75,sell
4093,2025-08-08 12:00:00,0.85,0.75,sell
4098,2025-08-11 00:00:00,0.8,0.75,sell
4099,2025-08-11 12:00:00,0.85,0.75,sell
4100,2025-08-12 00:00:00,0.8,0.7,sell
4101,2025-08-12 12:00:00,0.8,0.7,sell
4102,2025-08-13 00:00:00,0.9,0.8,buy
4103,2025-08-13 12:00:00,0.9,0.8,buy
4104,2025-08-14 00:00:00,0.9,0.85,buy
4105,2025-08-14 12:00:00,0.9,0.7,hold
4106,2025-08-15 00:00:00,0.9,0.85,sell
4107,2025-08-15 12:00:00,0.9,0.9,sell
4112,2025-08-18 00:00:00,0.8,0.75,sell
4113,2025-08-18 12:00:00,0.85,0.85,sell
4114,2025-08-19 00:00:00,0.8,0.85,sell
4115,2025-08-19 12:00:00,0.85,0.8,sell
4116,2025-08-20 00:00:00,0.85,0.8,sell
4117,2025-08-20 12:00:00,0.6,0.7,hold
4118,2025-08-21 00:00:00,0.7,0.6,hold
4119,2025-08-21 12:00:00,0.85,0.8,sell
4120,2025-08-22 00:00:00,0.8,0.7,hold
4121,2025-08-22 12:00:00,0.8,0.75,sell
4126,2025-08-25 00:00:00,0.85,0.7,sell
4127,2025-08-25 12:00:00,0.8,0.75,hold
4128,2025-08-26 00:00:00,0.8,0.65,hold
4129,2025-08-26 12:00:00,0.9,0.85,hold
4130,2025-08-27 00:00:00,0.9,0.7,hold
4131,2025-08-27 12:00:00,0.9,0.7,hold
4132,2025-08-28 00:00:00,0.85,0.7,hold
4133,2025-08-28 12:00:00,0.85,0.7,hold
4134,2025-08-29 00:00:00,0.95,0.9,sell
4135,2025-08-29 12:00:00,0.9,0.85,sell
4140,2025-09-01 00:00:00,0.85,0.75,buy
4141,2025-09-01 12:00:00,0.9,0.85,buy
4142,2025-09-02 00:00:00,0.85,0.8,buy
4143,2025-09-02 12:00:00,0.9,0.85,buy
4144,2025-09-03 00:00:00,0.8,0.7,hold
4145,2025-09-03 12:00:00,0.9,0.85,sell
4146,2025-09-04 00:00:00,0.8,0.7,hold
4147,2025-09-04 12:00:00,0.85,0.75,sell
4148,2025-09-05 00:00:00,0.85,0.75,hold
4149,2025-09-05 12:00:00,0.8,0.8,hold
4154,2025-09-08 00:00:00,0.8,0.7,hold
4155,2025-09-08 12:00:00,0.85,0.75,sell
4156,2025-09-09 00:00:00,0.9,0.8,hold
4157,2025-09-09 12:00:00,0.9,0.85,sell
4158,2025-09-10 00:00:00,0.9,0.8,hold
4159,2025-09-10 12:00:00,0.9,0.8,sell
4160,2025-09-11 00:00:00,0.85,0.7,hold
4161,2025-09-11 12:00:00,0.85,0.7,hold
4162,2025-09-12 00:00:00,0.9,0.85,sell
4163,2025-09-12 12:00:00,0.9,0.85,sell
4168,2025-09-15 00:00:00,0.85,0.8,sell
4169,2025-09-15 12:00:00,0.85,0.8,sell
4170,2025-09-16 00:00:00,0.85,0.75,hold
4171,2025-09-16 12:00:00,0.85,0.75,hold
4172,2025-09-17 00:00:00,0.9,0.9,sell
4173,2025-09-17 12:00:00,0.9,0.9,sell
4174,2025-09-18 00:00:00,0.9,0.75,buy
4175,2025-09-18 12:00:00,0.9,0.75,hold
4176,2025-09-19 00:00:00,0.9,0.7,hold
4177,2025-09-19 12:00:00,0.9,0.7,hold
4182,2025-09-22 00:00:00,0.9,0.8,buy
4183,2025-09-22 12:00:00,0.85,0.75,buy
4184,2025-09-23 00:00:00,0.85,0.75,buy
4185,2025-09-23 12:00:00,0.8,0.75,hold
4186,2025-09-24 00:00:00,0.85,0.75,buy
4187,2025-09-24 12:00:00,0.8,0.7,hold
4188,2025-09-25 00:00:00,0.85,0.8,hold
4189,2025-09-25 12:00:00,0.8,0.7,hold
4190,2025-09-26 00:00:00,0.9,0.8,sell
4191,2025-09-26 12:00:00,0.9,0.85,sell
4196,2025-09-29 00:00:00,0.9,0.85,buy
4197,2025-09-29 12:00:00,0.9,0.85,buy
4198,2025-09-30 00:00:00,0.9,0.85,buy
4199,2025-09-30 12:00:00,0.85,0.8,buy
4200,2025-10-01 00:00:00,0.9,0.85,buy
4201,2025-10-01 12:00:00,0.9,0.85,buy
4202,2025-10-02 00:00:00,0.9,0.85,buy
4203,2025-10-02 12:00:00,0.9,0.85,buy
4204,2025-10-03 00:00:00,0.95,0.9,buy
4205,2025-10-03 12:00:00,0.9,0.85,buy
4210,2025-10-06 00:00:00,0.9,0.85,buy
4211,2025-10-06 12:00:00,0.9,0.85,buy
4212,2025-10-07 00:00:00,0.9,0.75,hold
4213,2025-10-07 12:00:00,0.85,0.7,hold
4214,2025-10-08 00:00:00,0.8,0.7,hold
4215,2025-10-08 12:00:00,0.8,0.7,hold
4216,2025-10-09 00:00:00,0.8,0.7,hold
4217,2025-10-09 12:00:00,0.9,0.8,sell
4218,2025-10-10 00:00:00,0.85,0.75,sell
4219,2025-10-10 12:00:00,0.85,0.75,sell
4224,2025-10-13 00:00:00,0.8,0.8,hold
4225,2025-10-13 12:00:00,0.8,0.65,hold
4226,2025-10-14 00:00:00,0.85,0.7,hold
4227,2025-10-14 12:00:00,0.85,0.8,buy
4228,2025-10-15 00:00:00,0.85,0.8,buy
4229,2025-10-15 12:00:00,0.9,0.85,buy
4230,2025-10-16 00:00:00,0.85,0.8,buy
4231,2025-10-16 12:00:00,0.85,0.75,hold
4232,2025-10-17 00:00:00,0.9,0.85,buy
4233,2025-10-17 12:00:00,0.9,0.85,buy
4238,2025-10-20 00:00:00,0.9,0.7,hold
4239,2025-10-20 12:00:00,0.9,0.8,hold
4240,2025-10-21 00:00:00,0.9,0.7,hold
4241,2025-10-21 12:00:00,0.9,0.6,hold
4242,2025-10-22 00:00:00,0.85,0.7,hold
4243,2025-10-22 12:00:00,0.8,0.6,hold
4244,2025-10-23 00:00:00,0.8,0.7,hold
4245,2025-10-23 12:00:00,0.8,0.65,hold
4246,2025-10-24 00:00:00,0.85,0.7,hold
4247,2025-10-24 12:00:00,0.85,0.75,buy
4252,2025-10-27 00:00:00,0.8,0.7,hold
4253,2025-10-27 12:00:00,0.85,0.7,hold
4254,2025-10-28 00:00:00,0.85,0.7,hold
4255,2025-10-28 12:00:00,0.8,0.7,hold
4256,2025-10-29 00:00:00,0.8,0.7,hold
4257,2025-10-29 12:00:00,0.8,0.7,hold
4258,2025-10-30 00:00:00,0.9,0.8,buy
4259,2025-10-30 12:00:00,0.9,0.65,hold
4260,2025-10-31 00:00:00,0.9,0.8,hold
4261,2025-10-31 12:00:00,0.9,0.8,buy
4266,2025-11-03 00:00:00,0.85,0.75,buy
4267,2025-11-03 12:00:00,0.9,0.85,buy
4268,2025-11-04 00:00:00,0.9,0.85,buy
4269,2025-11-04 12:00:00,0.9,0.85,buy
4270,2025-11-05 00:00:00,0.9,0.85,buy
4271,2025-11-05 12:00:00,0.9,0.85,buy
4272,2025-11-06 00:00:00,0.85,0.75,hold
4273,2025-11-06 12:00:00,0.8,0.75,hold
4274,2025-11-07 00:00:00,0.8,0.7,hold
4275,2025-11-07 12:00:00,0.8,0.6,hold
4280,2025-11-10 00:00:00,0.9,0.85,buy
4281,2025-11-10 12:00:00,0.9,0.85,buy
4282,2025-11-11 00:00:00,0.85,0.8,buy
4283,2025-11-11 12:00:00,0.9,0.85,buy
4284,2025-11-12 00:00:00,0.8,0.8,buy
4285,2025-11-12 12:00:00,0.85,0.8,buy
4286,2025-11-13 00:00:00,0.8,0.7,hold
4287,2025-11-13 12:00:00,0.8,0.7,hold
4288,2025-11-14 00:00:00,0.85,0.75,hold
4289,2025-11-14 12:00:00,0.8,0.7,hold
4294,2025-11-17 00:00:00,0.8,0.7,hold
4295,2025-11-17 12:00:00,0.8,0.7,hold
4296,2025-11-18 00:00:00,0.8,0.7,hold
4297,2025-11-18 12:00:00,0.9,0.8,buy
4298,2025-11-19 00:00:00,0.85,0.8,buy
4299,2025-11-19 12:00:00,0.9,0.85,buy
4300,2025-11-20 00:00:00,0.9,0.85,buy
4301,2025-11-20 12:00:00,0.9,0.8,buy
4302,2025-11-21 00:00:00,0.8,0.75,hold
4303,2025-11-21 12:00:00,0.85,0.75,sell
4308,2025-11-24 00:00:00,0.7,0.6,hold
4309,2025-11-24 12:00:00,0.8,0.65,hold
4310,2025-11-25 00:00:00,0.9,0.85,buy
4311,2025-11-25 12:00:00,0.9,0.85,buy
4312,2025-11-26 00:00:00,0.85,0.8,hold
4313,2025-11-26 12:00:00,0.8,0.65,hold
4314,2025-11-27 00:00:00,0.85,0.75,buy
4315,2025-11-27 12:00:00,0.85,0.75,buy
4316,2025-11-28 00:00:00,0.9,0.85,buy
4317,2025-11-28 12:00:00,0.9,0.85,buy
4322,2025-12-01 00:00:00,0.85,0.75,buy
4323,2025-12-01 12:00:00,0.85,0.75,buy
4324,2025-12-02 00:00:00,0.8,0.65,hold
4325,2025-12-02 12:00:00,0.8,0.65,hold
4326,2025-12-03 00:00:00,0.8,0.6,hold
4327,2025-12-03 12:00:00,0.9,0.85,buy
4328,2025-12-04 00:00:00,0.9,0.85,buy
4329,2025-12-04 12:00:00,0.9,0.85,buy
4330,2025-12-05 00:00:00,0.85,0.75,buy
4331,2025-12-05 12:00:00,0.8,0.75,buy
4336,2025-12-08 00:00:00,0.8,0.75,buy
4337,2025-12-08 12:00:00,0.8,0.85,buy
4338,2025-12-09 00:00:00,0.8,0.8,buy
4339,2025-12-09 12:00:00,0.85,0.75,buy
4340,2025-12-10 00:00:00,0.8,0.7,hold
4341,2025-12-10 12:00:00,0.8,0.7,hold
4342,2025-12-11 00:00:00,0.9,0.85,sell
4343,2025-12-11 12:00:00,0.9,0.8,sell
4344,2025-12-12 00:00:00,0.9,0.75,sell
4345,2025-12-12 12:00:00,0.85,0.65,hold
4350,2025-12-15 00:00:00,0.85,0.7,hold
4351,2025-12-15 12:00:00,0.8,0.7,hold
4352,2025-12-16 00:00:00,0.9,0.8,buy
4353,2025-12-16 12:00:00,0.9,0.85,buy
4354,2025-12-17 00:00:00,0.95,0.9,buy
4355,2025-12-17 12:00:00,0.95,0.9,buy
4356,2025-12-18 00:00:00,0.9,0.85,buy
4357,2025-12-18 12:00:00,0.9,0.85,buy
4358,2025-12-19 00:00:00,0.9,0.85,buy
4359,2025-12-19 12:00:00,0.9,0.85,buy
4364,2025-12-22 00:00:00,0.8,0.75,sell
4365,2025-12-22 12:00:00,0.8,0.65,hold
4366,2025-12-23 00:00:00,0.9,0.85,sell
4367,2025-12-23 12:00:00,0.85,0.75,hold
4368,2025-12-24 00:00:00,0.9,0.7,hold
4369,2025-12-24 12:00:00,0.9,0.85,sell
4372,2025-12-26 00:00:00,0.8,0.65,hold
4373,2025-12-26 12:00:00,0.8,0.75,buy
4378,2025-12-29 00:00:00,0.8,0.6,hold
4379,2025-12-29 12:00:00,0.85,0.7,hold
4380,2025-12-30 00:00:00,0.85,0.8,buy
4381,2025-12-30 12:00:00,0.85,0.75,buy
4382,2025-12-31 00:00:00,0.8,0.75,hold
4383,2025-12-31 12:00:00,0.8,0.7,hold
4386,2026-01-02 00:00:00,0.8,0.7,hold
4387,2026-01-02 12:00:00,0.85,0.7,hold
4392,2026-01-05 00:00:00,0.9,0.8,buy
4393,2026-01-05 12:00:00,0.9,0.7,hold
4394,2026-01-06 00:00:00,0.85,0.75,buy
4395,2026-01-06 12:00:00,0.9,0.6,hold
4396,2026-01-07 00:00:00,0.8,0.7,hold
4397,2026-01-07 12:00:00,0.9,0.75,hold
4398,2026-01-08 00:00:00,0.9,0.75,sell
4399,2026-01-08 12:00:00,0.9,0.8,sell
4400,2026-01-09 00:00:00,0.9,0.6,hold
4401,2026-01-09 12:00:00,0.8,0.75,hold
4406,2026-01-12 00:00:00,0.85,0.6,hold
4407,2026-01-12 12:00:00,0.9,0.7,hold
4408,2026-01-13 00:00:00,0.9,0.85,buy
4409,2026-01-13 12:00:00,0.9,0.75,buy
4410,2026-01-14 00:00:00,0.9,0.6,hold
4411,2026-01-14 12:00:00,0.9,0.85,buy
4412,2026-01-15 00:00:00,0.9,0.85,buy
4413,2026-01-15 12:00:00,0.9,0.8,buy
4414,2026-01-16 00:00:00,0.85,0.7,hold
4415,2026-01-16 12:00:00,0.9,0.7,hold
4420,2026-01-19 00:00:00,0.9,0.8,buy
4421,2026-01-19 12:00:00,0.9,0.8,hold
4422,2026-01-20 00:00:00,0.9,0.7,hold
4423,2026-01-20 12:00:00,0.9,0.7,hold
4424,2026-01-21 00:00:00,0.85,0.75,buy
4425,2026-01-21 12:00:00,0.85,0.8,buy
4426,2026-01-22 00:00:00,0.85,0.75,buy
4427,2026-01-22 12:00:00,0.85,0.75,buy
4428,2026-01-23 00:00:00,0.9,0.85,sell
4429,2026-01-23 12:00:00,0.9,0.85,sell
4434,2026-01-26 00:00:00,0.8,0.7,hold
4435,2026-01-26 12:00:00,0.8,0.7,hold
4436,2026-01-27 00:00:00,0.85,0.7,buy
4437,2026-01-27 12:00:00,0.8,0.7,hold
4438,2026-01-28 00:00:00,0.8,0.75,buy
4439,2026-01-28 12:00:00,0.9,0.85,buy
4440,2026-01-29 00:00:00,0.85,0.75,hold
4441,2026-01-29 12:00:00,0.85,0.75,buy
4442,2026-01-30 00:00:00,0.85,0.75,sell
4443,2026-01-30 12:00:00,0.8,0.7,hold
4448,2026-02-02 00:00:00,0.9,0.85,sell
4449,2026-02-02 12:00:00,0.9,0.85,sell
4450,2026-02-03 00:00:00,0.9,0.85,sell
4451,2026-02-03 12:00:00,0.9,0.9,sell
4452,2026-02-04 00:00:00,0.9,0.85,sell
4453,2026-02-04 12:00:00,0.9,0.85,sell
4454,2026-02-05 00:00:00,0.9,0.8,sell
4455,2026-02-05 12:00:00,0.9,0.8,sell
4456,2026-02-06 00:00:00,0.85,0.7,hold
4457,2026-02-06 12:00:00,0.85,0.8,sell
4462,2026-02-09 00:00:00,0.8,0.7,hold
4463,2026-02-09 12:00:00,0.8,0.7,hold
4464,2026-02-10 00:00:00,0.8,0.7,sell
4465,2026-02-10 12:00:00,0.7,0.7,hold
4466,2026-02-11 00:00:00,0.8,0.7,hold
4467,2026-02-11 12:00:00,0.7,0.8,hold
4468,2026-02-12 00:00:00,0.9,0.85,sell
4469,2026-02-12 12:00:00,0.9,0.85,sell
4470,2026-02-13 00:00:00,0.9,0.8,sell
4471,2026-02-13 12:00:00,0.9,0.85,sell
4476,2026-02-16 00:00:00,0.85,0.75,sell
4477,2026-02-16 12:00:00,0.8,0.6,hold
4478,2026-02-17 00:00:00,0.85,0.8,sell
4479,2026-02-17 12:00:00,0.7,0.65,sell
4480,2026-02-18 00:00:00,0.85,0.8,sell
4481,2026-02-18 12:00:00,0.9,0.8,sell
4482,2026-02-19 00:00:00,0.8,0.75,sell
4483,2026-02-19 12:00:00,0.9,0.85,sell
4484,2026-02-20 00:00:00,0.9,0.85,sell
4485,2026-02-20 12:00:00,0.9,0.85,sell
4490,2026-02-23 00:00:00,0.8,0.85,sell
4491,2026-02-23 12:00:00,0.8,0.7,sell
4492,2026-02-24 00:00:00,0.85,0.8,sell
4493,2026-02-24 12:00:00,0.7,0.6,hold
4494,2026-02-25 00:00:00,0.75,0.8,hold
4495,2026-02-25 12:00:00,0.8,0.75,sell
4496,2026-02-26 00:00:00,0.9,0.9,sell
4497,2026-02-26 12:00:00,0.9,0.9,sell
4498,2026-02-27 00:00:00,0.9,0.85,sell
4499,2026-02-27 12:00:00,0.9,0.8,sell
4504,2026-03-02 00:00:00,0.95,0.9,sell
4505,2026-03-02 12:00:00,1.0,0.9,sell
4506,2026-03-03 00:00:00,0.95,0.9,sell
4507,2026-03-03 12:00:00,0.95,0.9,sell
4508,2026-03-04 00:00:00,0.95,0.9,sell
4509,2026-03-04 12:00:00,0.95,0.9,sell
4510,2026-03-05 00:00:00,0.95,0.9,sell
4511,2026-03-05 12:00:00,0.9,0.85,sell
4512,2026-03-06 00:00:00,0.95,0.9,sell
4513,2026-03-06 12:00:00,0.95,0.9,sell
4518,2026-03-09 00:00:00,0.9,0.8,sell
4519,2026-03-09 12:00:00,0.95,0.9,sell
4520,2026-03-10 00:00:00,1.0,0.95,sell
4521,2026-03-10 12:00:00,0.95,0.85,sell
4522,2026-03-11 00:00:00,0.95,0.9,sell
4523,2026-03-11 12:00:00,0.95,0.9,sell
4524,2026-03-12 00:00:00,0.95,0.9,sell
4525,2026-03-12 12:00:00,0.95,0.9,sell
4526,2026-03-13 00:00:00,0.95,0.95,sell
4527,2026-03-13 12:00:00,0.95,0.95,sell
4532,2026-03-16 00:00:00,0.95,0.9,sell
4533,2026-03-16 12:00:00,0.95,0.9,sell
4534,2026-03-17 00:00:00,0.9,0.8,sell
4535,2026-03-17 12:00:00,0.9,0.85,sell
4536,2026-03-18 00:00:00,0.9,0.85,sell
4537,2026-03-18 12:00:00,0.9,0.85,sell
4538,2026-03-19 00:00:00,0.9,0.85,sell
4539,2026-03-19 12:00:00,0.95,0.9,sell
4540,2026-03-20 00:00:00,0.9,0.85,sell
4541,2026-03-20 12:00:00,0.9,0.9,sell
4546,2026-03-23 00:00:00,0.9,0.85,sell
4547,2026-03-23 12:00:00,0.9,0.85,sell
4548,2026-03-24 00:00:00,0.9,0.85,sell
4549,2026-03-24 12:00:00,0.9,0.85,sell
4550,2026-03-25 00:00:00,0.9,0.85,sell
4551,2026-03-25 12:00:00,0.9,0.85,sell
4552,2026-03-26 00:00:00,0.9,0.75,hold
4553,2026-03-26 12:00:00,0.9,0.85,sell
4554,2026-03-27 00:00:00,0.9,0.85,sell
4555,2026-03-27 12:00:00,0.9,0.75,sell
4560,2026-03-30 00:00:00,0.9,0.85,sell
4561,2026-03-30 12:00:00,0.9,0.8,sell
4562,2026-03-31 00:00:00,0.9,0.85,hold
4563,2026-03-31 12:00:00,0.9,0.75,sell
4564,2026-04-01 00:00:00,0.85,0.75,buy
4565,2026-04-01 12:00:00,0.9,0.7,buy
4566,2026-04-02 00:00:00,0.9,0.85,sell
4567,2026-04-02 12:00:00,0.9,0.85,sell
4568,2026-04-03 00:00:00,0.95,0.9,sell
4569,2026-04-03 12:00:00,0.9,0.88,sell
4574,2026-04-06 00:00:00,0.9,0.8,sell
4575,2026-04-06 12:00:00,0.9,0.8,sell
4576,2026-04-07 00:00:00,0.9,0.85,sell
4577,2026-04-07 12:00:00,0.9,0.85,sell
4578,2026-04-08 00:00:00,0.9,0.85,sell
4579,2026-04-08 12:00:00,0.9,0.85,buy
4580,2026-04-09 00:00:00,0.9,0.85,buy
4581,2026-04-09 12:00:00,0.9,0.8,sell
4582,2026-04-10 00:00:00,0.85,0.7,sell
4583,2026-04-10 12:00:00,0.8,0.65,sell
4588,2026-04-13 00:00:00,0.9,0.8,sell
4589,2026-04-13 12:00:00,0.95,0.85,sell
4590,2026-04-14 00:00:00,0.9,0.7,hold
4591,2026-04-14 12:00:00,0.9,0.7,hold
4592,2026-04-15 00:00:00,0.95,0.8,hold
4593,2026-04-15 12:00:00,0.9,0.8,hold
4594,2026-04-16 00:00:00,0.95,0.85,sell
4595,2026-04-16 12:00:00,0.95,0.8,hold
4596,2026-04-17 00:00:00,0.9,0.7,hold
4597,2026-04-17 12:00:00,0.9,0.75,buy
4602,2026-04-20 00:00:00,0.8,0.65,buy
4603,2026-04-20 12:00:00,0.85,0.75,hold
4604,2026-04-21 00:00:00,0.85,0.7,hold
4605,2026-04-21 12:00:00,0.9,0.7,hold
4606,2026-04-22 00:00:00,0.9,0.85,sell
4607,2026-04-22 12:00:00,0.85,0.65,hold
4608,2026-04-23 00:00:00,0.9,0.85,sell
4609,2026-04-23 12:00:00,0.9,0.85,sell
4610,2026-04-24 00:00:00,0.9,0.85,sell
4611,2026-04-24 12:00:00,0.8,0.65,sell
4616,2026-04-27 00:00:00,0.85,0.75,sell
4617,2026-04-27 12:00:00,0.9,0.85,sell
4618,2026-04-28 00:00:00,0.8,0.7,hold
4619,2026-04-28 12:00:00,0.85,0.8,sell
4620,2026-04-29 00:00:00,0.8,0.6,hold
4621,2026-04-29 12:00:00,0.9,0.8,buy
4622,2026-04-30 00:00:00,0.9,0.8,buy
4623,2026-04-30 12:00:00,0.8,0.7,hold
4624,2026-05-01 00:00:00,0.95,0.9,sell
4625,2026-05-01 12:00:00,0.9,0.85,sell
4630,2026-05-04 00:00:00,0.8,0.75,sell
4631,2026-05-04 12:00:00,0.8,0.7,hold
4632,2026-05-05 00:00:00,0.9,0.8,sell
4633,2026-05-05 12:00:00,0.9,0.7,hold
4634,2026-05-06 00:00:00,0.9,0.85,sell
4635,2026-05-06 12:00:00,0.9,0.85,sell
4636,2026-05-07 00:00:00,0.8,0.7,buy
4637,2026-05-07 12:00:00,0.8,0.7,hold
4638,2026-05-08 00:00:00,0.9,0.8,sell
4639,2026-05-08 12:00:00,0.9,0.85,sell
4644,2026-05-11 00:00:00,0.85,0.75,sell
4645,2026-05-11 12:00:00,0.9,0.85,sell
4646,2026-05-12 00:00:00,0.9,0.85,sell
4647,2026-05-12 12:00:00,0.9,0.85,sell
4648,2026-05-13 00:00:00,0.95,0.9,sell
4649,2026-05-13 12:00:00,0.95,0.9,sell
4650,2026-05-14 00:00:00,0.9,0.9,sell
4651,2026-05-14 12:00:00,0.95,0.9,sell
4652,2026-05-15 00:00:00,0.9,0.7,hold
4653,2026-05-15 12:00:00,0.8,0.6,hold
4658,2026-05-18 00:00:00,0.85,0.75,sell
4659,2026-05-18 12:00:00,0.8,0.75,sell
4660,2026-05-19 00:00:00,0.9,0.85,sell
4661,2026-05-19 12:00:00,0.9,0.85,sell
4662,2026-05-20 00:00:00,0.9,0.85,sell
4663,2026-05-20 12:00:00,0.9,0.75,hold
4664,2026-05-21 00:00:00,0.85,0.75,sell
4665,2026-05-21 12:00:00,0.9,0.85,sell
4666,2026-05-22 00:00:00,0.85,0.75,buy
4667,2026-05-22 12:00:00,0.85,0.7,hold
4672,2026-05-25 00:00:00,0.9,0.85,sell
4673,2026-05-25 12:00:00,0.9,0.85,sell
4674,2026-05-26 00:00:00,0.85,0.75,buy
4675,2026-05-26 12:00:00,0.85,0.6,hold
4676,2026-05-27 00:00:00,0.85,0.7,hold
4677,2026-05-27 12:00:00,0.9,0.75,sell
4678,2026-05-28 00:00:00,0.9,0.8,sell
4679,2026-05-28 12:00:00,0.9,0.85,sell
4680,2026-05-29 00:00:00,0.95,0.85,sell
4681,2026-05-29 12:00:00,0.85,0.6,hold
4686,2026-06-01 00:00:00,0.85,0.7,hold
4687,2026-06-01 12:00:00,0.8,0.7,buy
4688,2026-06-02 00:00:00,0.9,0.75,sell
