window_start_idx,timestamp,relevance_score,confidence_score,overall_eurusd_bias
0,2020-01-03 19:00:00,0.7,0.6,hold
1,2020-01-06 17:45:00,0.6,0.5,buy
2,2020-01-07 13:00:00,0.7,0.65,buy
3,2020-01-07 18:00:00,0.8,0.7,sell
4,2020-01-07 18:00:00,0.7,0.6,hold
5,2020-01-08 13:00:00,0.65,0.7,hold
6,2020-01-08 16:15:00,0.8,0.75,sell
7,2020-01-08 18:30:00,0.85,0.8,sell
8,2020-01-08 21:00:00,0.8,0.75,sell
9,2020-01-09 16:30:00,0.8,0.85,sell
10,2020-01-09 21:00:00,0.8,0.85,sell
11,2020-01-10 16:30:00,0.8,0.75,buy
12,2020-01-10 16:30:00,0.8,0.75,buy
13,2020-01-10 16:30:00,0.85,0.8,buy
14,2020-01-14 16:30:00,0.9,0.85,buy
15,2020-01-14 16:30:00,0.85,0.75,buy
16,2020-01-14 16:30:00,0.6,0.6,buy
17,2020-01-14 16:30:00,0.7,0.6,hold
18,2020-01-14 16:30:00,0.6,0.7,hold
19,2020-01-15 16:30:00,0.7,0.65,sell
20,2020-01-15 18:30:00,0.5,0.6,hold
21,2020-01-16 16:30:00,0.8,0.75,sell
22,2020-01-16 16:30:00,0.8,0.75,sell
23,2020-01-16 16:30:00,0.8,0.9,sell
24,2020-01-16 16:30:00,0.8,0.85,sell
25,2020-01-17 13:00:00,0.75,0.8,sell
26,2020-01-17 18:00:00,0.6,0.5,hold
27,2020-01-22 18:00:00,0.5,0.7,hold
28,2020-01-23 15:45:00,0.5,0.7,hold
29,2020-01-23 15:45:00,0.5,0.7,hold
30,2020-01-23 16:30:00,0.65,0.75,sell
31,2020-01-23 19:00:00,0.5,0.6,sell
32,2020-01-24 17:45:00,0.4,0.7,hold
33,2020-01-24 17:45:00,0.6,0.7,hold
34,2020-01-27 18:00:00,0.6,0.7,sell
35,2020-01-28 16:30:00,0.5,0.7,sell
36,2020-01-28 18:00:00,0.6,0.75,sell
37,2020-01-29 18:30:00,0.6,0.75,sell
38,2020-01-29 22:00:00,0.6,0.7,sell
39,2020-01-30 13:00:00,0.6,0.75,sell
40,2020-01-30 16:30:00,0.7,0.8,sell
41,2020-01-30 16:30:00,0.8,0.75,sell
42,2020-01-30 16:30:00,0.85,0.9,sell
43,2020-01-31 13:00:00,0.85,0.8,sell
44,2020-01-31 16:30:00,0.85,0.8,sell
45,2020-01-31 16:30:00,0.8,0.85,sell
46,2020-01-31 17:45:00,0.6,0.7,sell
47,2020-02-03 17:45:00,0.6,0.6,sell
48,2020-02-03 18:00:00,0.75,0.8,sell
49,2020-02-03 18:00:00,0.7,0.8,sell
50,2020-02-05 16:15:00,0.85,0.8,sell
51,2020-02-05 17:45:00,0.9,0.9,sell
52,2020-02-05 18:00:00,0.9,0.95,sell
53,2020-02-05 18:00:00,0.8,0.75,sell
54,2020-02-05 18:30:00,0.8,0.8,sell
55,2020-02-06 16:30:00,0.8,0.85,sell
56,2020-02-07 16:30:00,0.6,0.7,hold
57,2020-02-07 16:30:00,0.65,0.75,buy
58,2020-02-07 16:30:00,0.8,0.75,sell
59,2020-02-11 18:00:00,0.7,0.6,hold
60,2020-02-12 18:30:00,0.7,0.6,hold
61,2020-02-12 21:00:00,0.6,0.7,hold
62,2020-02-13 16:30:00,0.8,0.7,sell
63,2020-02-13 16:30:00,0.7,0.65,buy
64,2020-02-13 16:30:00,0.8,0.6,hold
65,2020-02-13 16:30:00,0.85,0.75,sell
66,2020-02-13 16:30:00,0.8,0.75,sell
67,2020-02-13 16:30:00,0.8,0.75,sell
68,2020-02-13 21:00:00,0.85,0.8,sell
69,2020-02-14 10:00:00,0.9,0.85,sell
70,2020-02-14 16:30:00,0.85,0.8,sell
71,2020-02-14 16:30:00,0.85,0.8,sell
72,2020-02-19 16:30:00,0.85,0.8,sell
73,2020-02-20 16:30:00,0.8,0.85,sell
74,2020-02-20 16:30:00,0.8,0.85,sell
75,2020-02-20 19:00:00,0.8,0.85,sell
76,2020-02-21 13:00:00,0.8,0.85,sell
77,2020-02-21 17:45:00,0.7,0.6,hold
78,2020-02-21 17:45:00,0.7,0.75,buy
79,2020-02-21 18:00:00,0.7,0.75,buy
80,2020-02-25 10:00:00,0.7,0.65,buy
81,2020-02-25 18:00:00,0.6,0.7,hold
82,2020-02-26 18:00:00,0.35,0.7,hold
83,2020-02-26 18:30:00,0.4,0.6,sell
84,2020-02-27 13:00:00,0.5,0.7,sell
85,2020-02-27 16:30:00,0.5,0.6,sell
86,2020-02-27 16:30:00,0.4,0.6,hold
87,2020-02-27 16:30:00,0.5,0.7,hold
88,2020-02-27 16:30:00,0.4,0.8,hold
89,2020-02-28 16:30:00,0.4,0.7,hold
90,2020-02-28 16:30:00,0.4,0.9,hold
91,2020-02-28 17:45:00,0.3,0.7,hold
92,2020-03-02 17:45:00,0.3,0.8,hold
93,2020-03-02 18:00:00,0.7,0.65,buy
94,2020-03-02 18:00:00,0.6,0.7,buy
95,2020-03-03 13:00:00,0.7,0.65,sell
96,2020-03-03 18:00:00,0.9,0.85,buy
97,2020-03-04 16:15:00,0.9,0.85,buy
98,2020-03-04 17:45:00,0.9,0.8,buy
99,2020-03-04 18:00:00,0.8,0.7,sell
100,2020-03-04 18:00:00,0.9,0.8,buy
101,2020-03-04 18:30:00,0.65,0.7,sell
102,2020-03-05 16:30:00,0.6,0.8,hold
103,2020-03-06 16:30:00,0.9,0.85,sell
104,2020-03-06 16:30:00,0.9,0.85,sell
105,2020-03-06 16:30:00,0.8,0.7,sell
106,2020-03-11 15:30:00,0.9,0.8,sell
107,2020-03-11 15:30:00,0.75,0.6,hold
108,2020-03-11 15:30:00,0.75,0.65,buy
109,2020-03-11 15:30:00,0.8,0.7,buy
110,2020-03-11 15:30:00,0.7,0.6,buy
111,2020-03-11 17:30:00,0.7,0.65,buy
112,2020-03-11 20:00:00,0.7,0.75,buy
113,2020-03-12 15:30:00,0.85,0.8,buy
114,2020-03-12 15:30:00,0.7,0.65,buy
115,2020-03-12 15:45:00,0.7,0.65,buy
116,2020-03-12 15:45:00,0.6,0.7,buy
117,2020-03-12 20:00:00,0.7,0.65,buy
118,2020-03-16 00:00:00,0.9,0.8,buy
119,2020-03-17 15:30:00,0.9,0.85,buy
120,2020-03-17 15:30:00,0.9,0.8,buy
121,2020-03-17 17:00:00,0.95,0.85,buy
122,2020-03-18 13:00:00,0.9,0.85,buy
123,2020-03-18 17:30:00,0.7,0.75,buy
124,2020-03-19 15:30:00,0.7,0.75,buy
125,2020-03-19 15:30:00,0.8,0.75,buy
126,2020-03-20 17:00:00,0.8,0.75,buy
127,2020-03-24 16:45:00,0.9,0.85,buy
128,2020-03-24 16:45:00,0.9,0.85,buy
129,2020-03-24 17:00:00,0.85,0.8,buy
130,2020-03-25 15:30:00,0.8,0.7,buy
131,2020-03-25 17:30:00,0.6,0.6,hold
132,2020-03-26 15:30:00,0.5,0.7,hold
133,2020-03-26 15:30:00,0.9,0.8,buy
134,2020-03-26 15:30:00,0.85,0.8,buy
135,2020-03-27 15:30:00,0.9,0.8,buy
136,2020-03-27 15:30:00,0.9,0.8,buy
137,2020-03-30 12:00:00,0.85,0.75,buy
138,2020-03-31 12:00:00,0.8,0.85,sell
139,2020-03-31 16:45:00,0.9,0.85,sell
140,2020-03-31 17:00:00,0.85,0.7,sell
141,2020-04-01 15:15:00,0.85,0.8,buy
142,2020-04-01 16:45:00,0.85,0.8,buy
143,2020-04-01 17:00:00,0.9,0.85,buy
144,2020-04-01 17:00:00,0.9,0.85,buy
145,2020-04-01 17:30:00,0.85,0.8,buy
146,2020-04-02 15:30:00,0.95,0.85,buy
147,2020-04-03 15:30:00,1.0,0.9,buy
148,2020-04-03 15:30:00,1.0,0.9,buy
149,2020-04-03 15:30:00,1.0,0.95,buy
150,2020-04-03 16:45:00,1.0,0.95,buy
151,2020-04-03 17:00:00,1.0,0.95,buy
152,2020-04-03 17:00:00,0.85,0.75,buy
153,2020-04-07 17:00:00,0.6,0.5,hold
154,2020-04-07 20:00:00,0.65,0.6,buy
155,2020-04-08 17:30:00,0.7,0.75,buy
156,2020-04-08 20:00:00,0.5,0.6,hold
157,2020-04-09 15:30:00,0.7,0.8,buy
158,2020-04-09 15:30:00,0.9,0.85,buy
159,2020-04-10 15:30:00,0.9,0.8,buy
160,2020-04-10 15:30:00,0.9,0.85,buy
161,2020-04-10 15:30:00,0.9,0.85,buy
162,2020-04-10 15:30:00,0.9,0.8,buy
163,2020-04-10 15:30:00,0.8,0.85,buy
164,2020-04-15 15:30:00,0.9,0.85,buy
165,2020-04-15 15:30:00,0.9,0.8,buy
166,2020-04-15 17:30:00,0.85,0.8,buy
167,2020-04-16 15:30:00,0.9,0.85,buy
168,2020-04-16 15:30:00,0.9,0.85,buy
169,2020-04-17 12:00:00,0.85,0.8,buy
170,2020-04-21 17:00:00,0.85,0.75,buy
171,2020-04-22 17:30:00,0.8,0.85,buy
172,2020-04-23 15:30:00,0.7,0.6,sell
173,2020-04-23 16:45:00,0.7,0.6,hold
174,2020-04-23 16:45:00,0.85,0.75,buy
175,2020-04-23 17:00:00,0.85,0.6,hold
176,2020-04-24 15:30:00,0.85,0.75,buy
177,2020-04-28 17:00:00,0.9,0.85,buy
178,2020-04-29 12:00:00,0.8,0.85,buy
179,2020-04-29 15:30:00,0.9,0.85,buy
180,2020-04-29 15:30:00,0.9,0.85,buy
181,2020-04-29 17:30:00,0.9,0.85,buy
182,2020-04-29 21:00:00,0.9,0.85,buy
183,2020-04-30 12:00:00,0.85,0.7,buy
184,2020-04-30 14:45:00,0.7,0.6,hold
185,2020-04-30 14:45:00,0.8,0.7,sell
186,2020-04-30 15:30:00,0.85,0.8,sell
187,2020-04-30 15:30:00,0.8,0.85,sell
188,2020-04-30 15:30:00,0.8,0.7,sell
189,2020-04-30 16:45:00,0.7,0.6,hold
190,2020-05-01 16:45:00,0.75,0.65,buy
191,2020-05-01 17:00:00,0.85,0.8,buy
192,2020-05-01 17:00:00,0.9,0.85,buy
193,2020-05-05 16:45:00,0.85,0.9,buy
194,2020-05-05 17:00:00,0.7,0.6,buy
195,2020-05-05 17:00:00,0.9,0.8,buy
196,2020-05-06 15:15:00,0.9,0.85,buy
197,2020-05-06 17:30:00,0.9,0.85,buy
198,2020-05-07 15:30:00,0.8,0.6,hold
199,2020-05-08 15:30:00,0.9,0.85,buy
200,2020-05-08 15:30:00,0.9,0.5,hold
201,2020-05-08 15:30:00,0.95,0.85,buy
202,2020-05-12 15:30:00,0.95,0.85,buy
203,2020-05-12 15:30:00,0.9,0.85,buy
204,2020-05-12 15:30:00,0.9,0.85,buy
205,2020-05-12 15:30:00,0.95,0.9,buy
206,2020-05-12 15:30:00,0.9,0.9,buy
207,2020-05-12 20:00:00,0.8,0.9,buy
208,2020-05-13 15:30:00,0.9,0.85,buy
209,2020-05-13 17:30:00,0.9,0.85,buy
210,2020-05-13 20:00:00,0.8,0.7,buy
211,2020-05-14 15:30:00,0.7,0.6,buy
212,2020-05-15 11:00:00,0.85,0.8,sell
213,2020-05-15 15:30:00,0.85,0.7,hold
214,2020-05-15 15:30:00,0.85,0.6,hold
215,2020-05-15 17:00:00,0.8,0.7,buy
216,2020-05-20 12:00:00,0.85,0.7,buy
217,2020-05-20 17:30:00,0.85,0.8,buy
218,2020-05-21 15:30:00,0.8,0.75,buy
219,2020-05-21 15:30:00,0.75,0.6,hold
220,2020-05-21 16:45:00,0.7,0.75,sell
221,2020-05-21 16:45:00,0.7,0.75,sell
222,2020-05-21 17:00:00,0.8,0.7,sell
223,2020-05-25 09:00:00,0.65,0.7,sell
224,2020-05-26 17:00:00,0.5,0.6,hold
225,2020-05-26 17:00:00,0.7,0.75,buy
226,2020-05-28 12:00:00,0.6,0.7,buy
227,2020-05-28 15:30:00,0.85,0.8,buy
228,2020-05-28 15:30:00,0.9,0.9,buy
229,2020-05-28 15:30:00,0.9,0.85,buy
230,2020-05-28 15:30:00,0.9,0.85,buy
231,2020-05-28 18:00:00,0.8,0.85,buy
232,2020-05-29 12:00:00,0.8,0.7,buy
233,2020-05-29 15:30:00,0.75,0.7,buy
234,2020-05-29 15:30:00,0.85,0.75,buy
235,2020-05-29 16:45:00,0.8,0.7,buy
236,2020-06-01 16:45:00,0.7,0.65,buy
237,2020-06-01 17:00:00,0.85,0.8,buy
238,2020-06-01 17:00:00,0.85,0.8,buy
239,2020-06-03 15:15:00,0.75,0.7,sell
240,2020-06-03 16:45:00,0.6,0.7,hold
241,2020-06-03 17:00:00,0.85,0.75,buy
242,2020-06-03 17:00:00,0.7,0.65,sell
243,2020-06-03 17:30:00,0.7,0.65,buy
244,2020-06-04 14:45:00,0.7,0.7,buy
245,2020-06-04 14:45:00,0.7,0.65,buy
246,2020-06-04 15:30:00,0.85,0.8,sell
247,2020-06-05 15:30:00,0.95,0.85,sell
248,2020-06-05 15:30:00,0.95,0.9,sell
249,2020-06-05 15:30:00,0.95,0.9,sell
250,2020-06-09 17:00:00,0.9,0.85,sell
251,2020-06-09 20:00:00,0.9,0.85,sell
252,2020-06-10 15:30:00,0.75,0.7,sell
253,2020-06-10 15:30:00,0.7,0.7,sell
254,2020-06-10 15:30:00,0.75,0.6,hold
255,2020-06-10 15:30:00,0.7,0.8,sell
256,2020-06-10 15:30:00,0.85,0.9,sell
257,2020-06-10 17:30:00,0.85,0.8,sell
258,2020-06-10 21:00:00,0.8,0.75,sell
259,2020-06-11 15:30:00,0.8,0.8,sell
260,2020-06-11 15:30:00,0.85,0.8,sell
261,2020-06-11 20:00:00,0.9,0.85,sell
262,2020-06-16 15:30:00,0.9,0.85,sell
263,2020-06-16 15:30:00,0.9,0.85,sell
264,2020-06-17 12:00:00,0.85,0.8,sell
265,2020-06-17 17:30:00,0.7,0.8,sell
266,2020-06-18 15:30:00,0.8,0.85,sell
267,2020-06-18 15:30:00,0.85,0.9,sell
268,2020-06-22 17:00:00,0.7,0.75,sell
269,2020-06-23 16:45:00,0.7,0.6,hold
270,2020-06-23 16:45:00,0.8,0.7,sell
271,2020-06-23 17:00:00,0.5,0.7,hold
272,2020-06-24 17:30:00,0.5,0.7,hold
273,2020-06-25 15:30:00,0.6,0.7,hold
274,2020-06-25 15:30:00,0.7,0.8,sell
275,2020-06-25 15:30:00,0.5,0.6,sell
276,2020-06-25 15:30:00,0.85,0.8,sell
277,2020-06-26 15:30:00,0.85,0.9,sell
278,2020-06-26 15:30:00,0.8,0.75,sell
279,2020-06-29 12:00:00,0.85,0.8,sell
280,2020-06-30 12:00:00,0.75,0.65,sell
281,2020-06-30 16:45:00,0.6,0.7,hold
282,2020-06-30 17:00:00,0.65,0.7,hold
283,2020-07-01 15:15:00,0.85,0.8,sell
284,2020-07-01 16:45:00,0.8,0.75,sell
285,2020-07-01 17:00:00,0.8,0.85,sell
286,2020-07-01 17:00:00,0.9,0.95,sell
287,2020-07-01 17:30:00,0.9,0.85,sell
288,2020-07-02 15:30:00,0.9,0.85,sell
289,2020-07-02 15:30:00,0.95,0.9,sell
290,2020-07-02 15:30:00,0.9,0.85,sell
291,2020-07-02 15:30:00,0.95,0.85,sell
292,2020-07-06 16:45:00,0.9,0.8,sell
293,2020-07-06 17:00:00,0.85,0.75,sell
294,2020-07-06 17:00:00,0.85,0.8,sell
295,2020-07-07 17:00:00,0.85,0.8,sell
296,2020-07-08 17:30:00,0.8,0.9,sell
297,2020-07-08 20:00:00,0.8,0.75,sell
298,2020-07-09 15:30:00,0.7,0.6,hold
299,2020-07-09 20:00:00,0.7,0.65,buy
300,2020-07-10 15:30:00,0.65,0.7,buy
301,2020-07-14 15:30:00,0.8,0.7,sell
302,2020-07-14 15:30:00,0.85,0.8,sell
303,2020-07-14 15:30:00,0.9,0.85,sell
304,2020-07-14 15:30:00,0.9,0.9,sell
305,2020-07-14 15:30:00,0.85,0.9,sell
306,2020-07-15 17:30:00,0.8,0.75,sell
307,2020-07-16 14:45:00,0.6,0.7,sell
308,2020-07-16 14:45:00,0.5,0.6,sell
309,2020-07-16 15:30:00,0.6,0.7,sell
310,2020-07-16 15:30:00,0.4,0.7,hold
311,2020-07-16 15:30:00,0.8,0.8,buy
312,2020-07-16 15:30:00,0.8,0.7,buy
313,2020-07-17 12:00:00,0.65,0.7,hold
314,2020-07-22 17:00:00,0.5,0.7,hold
315,2020-07-22 17:30:00,0.5,0.6,sell
316,2020-07-23 15:30:00,0.7,0.8,buy
317,2020-07-24 16:45:00,0.75,0.8,buy
318,2020-07-24 16:45:00,0.8,0.7,buy
319,2020-07-24 17:00:00,0.65,0.6,buy
320,2020-07-27 15:30:00,0.7,0.65,buy
321,2020-07-28 17:00:00,0.5,0.8,hold
322,2020-07-29 17:30:00,0.5,0.6,hold
323,2020-07-29 21:00:00,0.5,0.8,hold
324,2020-07-30 11:00:00,0.9,0.85,sell
325,2020-07-30 12:00:00,0.9,0.85,sell
326,2020-07-30 15:30:00,0.8,0.8,sell
327,2020-07-30 15:30:00,0.95,0.7,buy
328,2020-07-30 15:30:00,0.9,0.8,buy
329,2020-07-31 12:00:00,0.95,0.85,buy
330,2020-07-31 15:30:00,0.9,0.8,buy
331,2020-07-31 15:30:00,0.85,0.8,buy
332,2020-07-31 16:45:00,0.6,0.7,hold
333,2020-08-03 16:45:00,0.5,0.7,hold
334,2020-08-03 17:00:00,0.5,0.6,hold
335,2020-08-03 17:00:00,0.8,0.6,hold
336,2020-08-05 15:15:00,0.8,0.7,buy
337,2020-08-05 16:45:00,0.8,0.7,buy
338,2020-08-05 17:00:00,0.8,0.7,buy
339,2020-08-05 17:00:00,0.8,0.6,hold
340,2020-08-05 17:30:00,0.8,0.7,buy
341,2020-08-06 15:30:00,0.8,0.8,sell
342,2020-08-07 15:30:00,0.9,0.85,sell
343,2020-08-07 15:30:00,0.9,0.6,hold
344,2020-08-07 15:30:00,0.9,0.6,hold
345,2020-08-10 17:00:00,0.85,0.65,sell
346,2020-08-11 15:30:00,0.85,0.75,sell
347,2020-08-12 15:30:00,0.7,0.6,hold
348,2020-08-12 15:30:00,0.8,0.75,sell
349,2020-08-12 15:30:00,0.85,0.8,sell
350,2020-08-12 15:30:00,0.8,0.75,sell
351,2020-08-12 15:30:00,0.8,0.75,sell
352,2020-08-12 17:30:00,0.85,0.8,sell
353,2020-08-12 20:00:00,0.85,0.8,sell
354,2020-08-13 15:30:00,0.9,0.85,sell
355,2020-08-13 20:00:00,0.9,0.85,sell
356,2020-08-14 15:30:00,0.6,0.5,hold
358,2020-08-19 12:00:00,0.5,0.6,hold
359,2020-08-19 17:30:00,0.4,0.6,hold
360,2020-08-20 15:30:00,0.6,0.6,sell
361,2020-08-20 15:30:00,0.6,0.7,hold
362,2020-08-21 16:45:00,0.7,0.65,sell
363,2020-08-21 16:45:00,0.7,0.8,sell
364,2020-08-21 17:00:00,0.75,0.8,sell
365,2020-08-25 09:00:00,0.8,0.7,sell
366,2020-08-25 17:00:00,0.7,0.8,sell
366,2020-08-25 17:00:00,0.8,0.8,sell
367,2020-08-25 17:00:00,0.6,0.7,hold
368,2020-08-26 15:30:00,0.5,0.7,sell
369,2020-08-26 17:30:00,0.65,0.7,sell
370,2020-08-27 15:30:00,0.7,0.75,sell
371,2020-08-27 15:30:00,0.6,0.7,hold
372,2020-08-27 15:30:00,0.8,0.8,sell
373,2020-08-28 12:00:00,0.7,0.85,sell
374,2020-08-28 15:30:00,0.9,0.85,sell
375,2020-08-28 15:30:00,0.9,0.85,sell
376,2020-08-28 16:45:00,0.9,0.85,sell
377,2020-09-01 12:00:00,0.85,0.9,sell
378,2020-09-01 16:45:00,0.85,0.8,sell
379,2020-09-01 17:00:00,0.85,0.8,sell
380,2020-09-01 17:00:00,0.8,0.85,sell
381,2020-09-02 15:15:00,0.85,0.8,sell
382,2020-09-02 17:30:00,0.85,0.7,buy
383,2020-09-03 15:30:00,0.85,0.8,sell
384,2020-09-03 16:45:00,0.7,0.65,sell
385,2020-09-03 17:00:00,0.8,0.7,sell
386,2020-09-03 17:00:00,0.9,0.85,sell
387,2020-09-04 15:30:00,0.85,0.9,sell
388,2020-09-04 15:30:00,0.9,0.9,sell
389,2020-09-04 15:30:00,1.0,0.9,sell
390,2020-09-09 17:00:00,0.9,0.85,sell
391,2020-09-09 20:00:00,0.95,0.9,sell
392,2020-09-10 14:45:00,0.9,0.85,sell
393,2020-09-10 14:45:00,0.85,0.8,sell
394,2020-09-10 15:30:00,0.8,0.75,sell
395,2020-09-10 15:30:00,0.75,0.8,sell
396,2020-09-10 18:00:00,0.7,0.75,sell
397,2020-09-10 20:00:00,0.75,0.8,sell
398,2020-09-11 15:30:00,0.8,0.85,sell
399,2020-09-11 15:30:00,0.8,0.75,sell
400,2020-09-11 15:30:00,0.8,0.7,sell
401,2020-09-11 15:30:00,0.7,0.8,sell
402,2020-09-11 15:30:00,0.6,0.7,hold
403,2020-09-16 15:30:00,0.7,0.65,sell
404,2020-09-16 15:30:00,0.6,0.7,hold
405,2020-09-16 17:30:00,0.5,0.6,hold
406,2020-09-16 21:00:00,0.6,0.7,buy
407,2020-09-17 12:00:00,0.5,0.8,hold
408,2020-09-17 15:30:00,0.7,0.6,buy
409,2020-09-17 15:30:00,0.65,0.75,sell
410,2020-09-22 17:00:00,0.65,0.75,sell
411,2020-09-23 16:45:00,0.7,0.8,sell
412,2020-09-23 16:45:00,0.6,0.7,hold
413,2020-09-23 17:30:00,0.4,0.6,hold
414,2020-09-24 15:30:00,0.5,0.7,hold
415,2020-09-24 17:00:00,0.5,0.6,sell
416,2020-09-25 15:30:00,0.6,0.6,buy
417,2020-09-29 12:00:00,0.7,0.65,sell
418,2020-09-29 17:00:00,0.6,0.7,sell
419,2020-09-30 15:15:00,0.85,0.7,buy
420,2020-09-30 15:30:00,0.7,0.65,buy
421,2020-09-30 15:30:00,0.7,0.6,hold
422,2020-09-30 16:45:00,0.75,0.6,hold
423,2020-09-30 17:30:00,0.6,0.65,buy
424,2020-10-01 15:30:00,0.8,0.75,sell
425,2020-10-01 15:30:00,0.85,0.8,sell
426,2020-10-01 15:30:00,0.9,0.85,sell
427,2020-10-01 16:45:00,0.85,0.8,sell
428,2020-10-01 17:00:00,0.85,0.8,sell
429,2020-10-01 17:00:00,0.9,0.85,sell
430,2020-10-02 12:00:00,0.85,0.7,sell
431,2020-10-02 15:30:00,0.75,0.65,buy
432,2020-10-02 15:30:00,0.8,0.7,sell
433,2020-10-02 15:30:00,0.7,0.5,hold
434,2020-10-05 16:45:00,0.7,0.5,hold
435,2020-10-05 17:00:00,0.7,0.4,hold
436,2020-10-05 17:00:00,0.9,0.85,sell
437,2020-10-06 17:00:00,0.8,0.7,sell
438,2020-10-07 17:30:00,0.6,0.75,sell
439,2020-10-07 20:00:00,0.7,0.65,sell
440,2020-10-08 15:30:00,0.8,0.85,sell
441,2020-10-08 20:00:00,0.75,0.85,sell
442,2020-10-13 15:30:00,0.6,0.7,hold
443,2020-10-13 15:30:00,0.8,0.7,buy
444,2020-10-13 15:30:00,0.7,0.75,buy
445,2020-10-13 15:30:00,0.75,0.8,buy
446,2020-10-13 15:30:00,0.7,0.75,buy
447,2020-10-14 15:30:00,0.7,0.6,hold
448,2020-10-15 15:30:00,0.7,0.65,buy
449,2020-10-15 15:30:00,0.6,0.7,hold
450,2020-10-15 18:00:00,0.7,0.8,hold
451,2020-10-16 12:00:00,0.6,0.7,hold
452,2020-10-16 15:30:00,0.7,0.7,sell
453,2020-10-16 15:30:00,0.85,0.9,sell
454,2020-10-21 17:30:00,0.65,0.7,sell
455,2020-10-22 15:30:00,0.8,0.8,sell
456,2020-10-22 17:00:00,0.7,0.85,sell
457,2020-10-23 16:45:00,0.85,0.9,sell
458,2020-10-23 16:45:00,0.75,0.8,sell
459,2020-10-26 17:00:00,0.8,0.75,sell
460,2020-10-27 15:30:00,0.6,0.7,sell
461,2020-10-27 17:00:00,0.65,0.7,sell
462,2020-10-28 17:30:00,0.65,0.75,sell
463,2020-10-29 13:00:00,0.6,0.65,buy
464,2020-10-29 15:30:00,0.7,0.8,sell
465,2020-10-29 15:30:00,0.9,0.85,sell
466,2020-10-29 15:30:00,0.85,0.8,sell
467,2020-10-29 15:45:00,0.9,0.85,sell
468,2020-10-29 15:45:00,0.85,0.8,sell
469,2020-10-30 10:00:00,0.85,0.6,hold
470,2020-10-30 13:00:00,0.85,0.7,buy
471,2020-10-30 15:30:00,0.8,0.7,buy
472,2020-10-30 15:30:00,0.7,0.6,hold
473,2020-10-30 16:45:00,0.8,0.7,sell
474,2020-11-02 17:45:00,0.8,0.75,sell
475,2020-11-02 18:00:00,0.7,0.65,sell
476,2020-11-02 18:00:00,0.75,0.8,sell
477,2020-11-04 16:15:00,0.7,0.65,buy
478,2020-11-04 17:45:00,0.6,0.7,hold
479,2020-11-04 18:00:00,0.7,0.6,hold
480,2020-11-04 18:00:00,0.8,0.75,sell
481,2020-11-04 18:30:00,0.7,0.6,hold
482,2020-11-05 16:30:00,0.85,0.9,sell
483,2020-11-05 22:00:00,0.7,0.65,sell
484,2020-11-06 16:30:00,0.9,0.85,sell
485,2020-11-06 16:30:00,0.85,0.8,sell
486,2020-11-06 16:30:00,0.95,0.9,sell
487,2020-11-10 18:00:00,0.9,0.85,sell
488,2020-11-10 21:00:00,0.9,0.85,sell
489,2020-11-12 16:30:00,0.85,0.8,sell
490,2020-11-12 16:30:00,0.85,0.6,hold
491,2020-11-12 16:30:00,0.85,0.75,buy
492,2020-11-12 16:30:00,0.85,0.75,buy
493,2020-11-12 16:30:00,0.85,0.8,buy
494,2020-11-12 16:30:00,0.85,0.9,buy
495,2020-11-12 19:00:00,0.85,0.8,buy
496,2020-11-12 21:00:00,0.8,0.7,buy
497,2020-11-13 16:30:00,0.6,0.7,sell
498,2020-11-17 16:30:00,0.75,0.85,sell
499,2020-11-17 16:30:00,0.8,0.75,sell
500,2020-11-18 13:00:00,0.6,0.7,sell
501,2020-11-18 18:30:00,0.7,0.75,sell
502,2020-11-19 16:30:00,0.8,0.75,sell
503,2020-11-19 16:30:00,0.6,0.65,buy
504,2020-11-19 18:00:00,0.6,0.7,hold
505,2020-11-23 17:45:00,0.65,0.7,sell
506,2020-11-23 17:45:00,0.8,0.75,sell
507,2020-11-24 10:00:00,0.7,0.65,buy
508,2020-11-24 18:00:00,0.7,0.6,buy
509,2020-11-25 16:30:00,0.8,0.75,buy
510,2020-11-25 16:30:00,0.75,0.7,buy
511,2020-11-25 16:30:00,0.7,0.65,buy
512,2020-11-25 16:30:00,0.6,0.7,hold
513,2020-11-25 18:00:00,0.6,0.7,hold
514,2020-11-25 18:00:00,0.7,0.65,buy
515,2020-11-25 18:00:00,0.75,0.6,hold
516,2020-11-25 18:30:00,0.7,0.65,buy
517,2020-11-27 13:00:00,0.8,0.75,buy
518,2020-11-30 17:45:00,0.7,0.75,buy
519,2020-12-01 13:00:00,0.7,0.65,sell
520,2020-12-01 17:45:00,0.7,0.75,sell
521,2020-12-01 18:00:00,0.8,0.75,sell
522,2020-12-01 18:00:00,0.75,0.8,sell
523,2020-12-02 16:15:00,0.9,0.85,sell
524,2020-12-02 18:30:00,0.75,0.8,sell
525,2020-12-03 16:30:00,0.8,0.9,sell
526,2020-12-03 17:45:00,0.85,0.9,sell
527,2020-12-03 18:00:00,0.85,0.9,sell
528,2020-12-03 18:00:00,0.8,0.85,sell
529,2020-12-04 16:30:00,0.9,0.85,buy
530,2020-12-04 16:30:00,0.8,0.7,hold
531,2020-12-04 16:30:00,0.9,0.7,hold
532,2020-12-09 18:00:00,0.85,0.7,sell
533,2020-12-09 18:30:00,0.7,0.6,hold
534,2020-12-09 21:00:00,0.75,0.7,sell
535,2020-12-10 15:45:00,0.5,0.7,hold
536,2020-12-10 15:45:00,0.7,0.75,sell
537,2020-12-10 16:30:00,0.7,0.8,sell
538,2020-12-10 16:30:00,0.85,0.75,sell
539,2020-12-10 16:30:00,0.8,0.8,sell
540,2020-12-10 16:30:00,0.85,0.9,sell
541,2020-12-10 16:30:00,0.8,0.7,hold
542,2020-12-10 16:30:00,0.7,0.6,hold
543,2020-12-10 21:00:00,0.75,0.6,hold
544,2020-12-11 16:30:00,0.75,0.6,hold
545,2020-12-16 16:30:00,0.8,0.7,buy
546,2020-12-16 16:30:00,0.8,0.75,buy
547,2020-12-16 17:45:00,0.85,0.75,buy
548,2020-12-16 17:45:00,0.8,0.75,buy
549,2020-12-16 18:30:00,0.8,0.85,buy
550,2020-12-16 22:00:00,0.7,0.65,buy
551,2020-12-17 13:00:00,0.5,0.6,buy
552,2020-12-17 16:30:00,0.7,0.75,buy
553,2020-12-17 16:30:00,0.6,0.7,hold
554,2020-12-22 16:30:00,0.6,0.7,hold
555,2020-12-22 16:30:00,0.75,0.7,sell
556,2020-12-22 18:00:00,0.7,0.65,buy
557,2020-12-22 18:00:00,0.5,0.6,hold
558,2020-12-23 16:30:00,0.75,0.8,sell
559,2020-12-23 16:30:00,0.5,0.6,hold
560,2020-12-23 16:30:00,0.7,0.65,buy
561,2020-12-23 16:30:00,0.75,0.85,sell
562,2020-12-23 18:00:00,0.7,0.65,sell
563,2020-12-23 18:30:00,0.5,0.7,hold
564,2020-12-30 17:45:00,0.6,0.7,hold
565,2020-12-30 18:30:00,0.4,0.7,hold
566,2020-12-31 16:30:00,0.6,0.7,sell
567,2021-01-04 17:45:00,0.8,0.75,sell
568,2021-01-05 18:00:00,0.8,0.85,sell
569,2021-01-05 18:00:00,0.85,0.9,sell
570,2021-01-06 16:15:00,0.85,0.9,sell
571,2021-01-06 17:45:00,0.75,0.8,sell
572,2021-01-06 18:30:00,0.8,0.75,sell
573,2021-01-07 13:00:00,0.75,0.8,sell
574,2021-01-07 13:00:00,0.65,0.7,sell
575,2021-01-07 16:30:00,0.7,0.6,hold
576,2021-01-07 18:00:00,0.65,0.7,sell
577,2021-01-07 18:00:00,0.75,0.8,sell
578,2021-01-08 16:30:00,0.85,0.8,sell
579,2021-01-08 16:30:00,0.85,0.9,sell
580,2021-01-08 16:30:00,0.9,0.8,buy
581,2021-01-12 18:00:00,0.9,0.8,buy
582,2021-01-12 21:00:00,0.9,0.8,buy
583,2021-01-13 16:30:00,0.85,0.7,sell
584,2021-01-13 16:30:00,0.85,0.7,sell
585,2021-01-13 16:30:00,0.7,0.6,hold
586,2021-01-13 16:30:00,0.8,0.6,hold
587,2021-01-13 16:30:00,0.85,0.65,sell
588,2021-01-13 18:30:00,0.7,0.6,hold
589,2021-01-13 21:00:00,0.6,0.7,hold
590,2021-01-14 16:30:00,0.85,0.75,buy
591,2021-01-15 16:30:00,0.8,0.7,buy
592,2021-01-15 16:30:00,0.75,0.7,buy
593,2021-01-15 16:30:00,0.75,0.7,buy
594,2021-01-20 13:00:00,0.8,0.75,buy
595,2021-01-21 15:45:00,0.7,0.8,hold
596,2021-01-21 15:45:00,0.6,0.7,hold
597,2021-01-21 16:30:00,0.7,0.8,sell
598,2021-01-21 16:30:00,0.7,0.65,sell
599,2021-01-22 17:45:00,0.8,0.75,sell
600,2021-01-22 17:45:00,0.8,0.85,sell
601,2021-01-22 18:00:00,0.75,0.8,sell
602,2021-01-22 19:00:00,0.7,0.75,sell
603,2021-01-26 18:00:00,0.5,0.6,hold
604,2021-01-27 16:30:00,0.5,0.6,buy
605,2021-01-27 18:30:00,0.6,0.7,buy
606,2021-01-27 22:00:00,0.6,0.5,buy
607,2021-01-28 13:00:00,0.4,0.6,hold
608,2021-01-28 16:30:00,0.7,0.6,buy
609,2021-01-28 16:30:00,0.65,0.5,hold
610,2021-01-28 16:30:00,0.75,0.6,hold
611,2021-01-28 18:00:00,0.85,0.75,buy
612,2021-01-29 12:00:00,0.85,0.6,hold
613,2021-01-29 16:30:00,0.85,0.75,sell
614,2021-01-29 16:30:00,0.85,0.75,sell
615,2021-01-29 17:45:00,0.85,0.9,sell
616,2021-02-01 17:45:00,0.95,0.9,sell
617,2021-02-01 18:00:00,0.65,0.7,hold
618,2021-02-01 18:00:00,0.65,0.7,hold
619,2021-02-03 13:00:00,0.85,0.8,buy
620,2021-02-03 16:15:00,0.85,0.7,hold
621,2021-02-03 17:45:00,0.8,0.75,sell
622,2021-02-03 18:00:00,0.8,0.7,sell
623,2021-02-03 18:00:00,0.85,0.75,sell
624,2021-02-03 18:30:00,0.85,0.9,sell
625,2021-02-04 16:30:00,0.8,0.85,sell
626,2021-02-05 16:30:00,0.9,0.85,sell
627,2021-02-05 16:30:00,0.85,0.75,sell
628,2021-02-05 16:30:00,0.95,0.85,sell
629,2021-02-09 18:00:00,0.9,0.85,sell
630,2021-02-10 16:30:00,0.9,0.85,sell
631,2021-02-10 16:30:00,0.75,0.7,sell
632,2021-02-10 16:30:00,0.85,0.8,sell
633,2021-02-10 16:30:00,0.75,0.6,hold
634,2021-02-10 16:30:00,0.85,0.75,buy
635,2021-02-10 18:30:00,0.85,0.8,buy
636,2021-02-10 21:00:00,0.85,0.8,buy
637,2021-02-11 16:30:00,0.85,0.75,buy
638,2021-02-11 21:00:00,0.75,0.65,buy
639,2021-02-17 16:30:00,0.85,0.8,sell
640,2021-02-17 16:30:00,0.9,0.85,sell
641,2021-02-17 16:30:00,0.9,0.85,sell
642,2021-02-18 16:30:00,0.8,0.7,sell
643,2021-02-18 16:30:00,0.75,0.6,hold
644,2021-02-18 19:00:00,0.75,0.6,hold
645,2021-02-19 17:45:00,0.6,0.7,hold
646,2021-02-19 17:45:00,0.65,0.7,buy
647,2021-02-19 18:00:00,0.6,0.7,hold
648,2021-02-23 13:00:00,0.4,0.7,hold
649,2021-02-23 18:00:00,0.5,0.6,hold
650,2021-02-24 10:00:00,0.7,0.65,buy
651,2021-02-24 18:00:00,0.5,0.7,hold
652,2021-02-24 18:30:00,0.6,0.7,hold
653,2021-02-25 13:00:00,0.6,0.7,sell
654,2021-02-25 16:30:00,0.7,0.7,sell
655,2021-02-25 16:30:00,0.7,0.8,sell
656,2021-02-25 16:30:00,0.7,0.8,sell
657,2021-02-25 16:30:00,0.85,0.9,sell
658,2021-02-26 16:30:00,0.9,0.85,sell
659,2021-02-26 16:30:00,0.9,0.85,sell
660,2021-02-26 17:45:00,0.8,0.85,sell
661,2021-03-01 17:45:00,0.85,0.8,sell
662,2021-03-01 18:00:00,0.75,0.65,sell
663,2021-03-01 18:00:00,0.85,0.75,sell
664,2021-03-02 13:00:00,0.85,0.8,sell
665,2021-03-03 16:15:00,0.9,0.85,sell
666,2021-03-03 17:45:00,0.8,0.85,sell
667,2021-03-03 18:00:00,0.9,0.85,sell
668,2021-03-03 18:00:00,0.85,0.9,sell
669,2021-03-03 18:30:00,0.8,0.85,sell
670,2021-03-04 16:30:00,0.8,0.85,sell
671,2021-03-05 16:30:00,0.6,0.7,hold
672,2021-03-05 16:30:00,0.7,0.75,sell
673,2021-03-05 16:30:00,0.9,0.85,sell
674,2021-03-10 16:30:00,0.9,0.85,sell
675,2021-03-10 16:30:00,0.9,0.85,sell
676,2021-03-10 16:30:00,0.95,0.9,sell
677,2021-03-10 16:30:00,0.9,0.85,sell
678,2021-03-10 16:30:00,0.9,0.85,sell
679,2021-03-10 18:30:00,0.85,0.8,sell
680,2021-03-10 21:00:00,0.9,0.85,sell
681,2021-03-11 15:45:00,0.8,0.75,sell
682,2021-03-11 15:45:00,0.8,0.75,sell
683,2021-03-11 16:30:00,0.75,0.7,sell
684,2021-03-11 18:00:00,0.75,0.8,sell
685,2021-03-11 21:00:00,0.8,0.85,sell
686,2021-03-12 16:30:00,0.7,0.65,sell
687,2021-03-16 15:30:00,0.65,0.5,hold
688,2021-03-16 15:30:00,0.8,0.7,buy
689,2021-03-17 13:00:00,0.75,0.8,buy
690,2021-03-17 17:30:00,0.7,0.75,buy
691,2021-03-17 21:00:00,0.7,0.65,buy
692,2021-03-18 15:30:00,0.6,0.7,hold
693,2021-03-18 15:30:00,0.6,0.7,hold
694,2021-03-22 17:00:00,0.6,0.7,hold
695,2021-03-23 17:00:00,0.6,0.65,buy
696,2021-03-24 15:30:00,0.6,0.7,buy
697,2021-03-24 16:45:00,0.7,0.65,buy
698,2021-03-24 16:45:00,0.5,0.7,hold
699,2021-03-24 17:30:00,0.5,0.6,hold
700,2021-03-25 15:30:00,0.8,0.7,sell
701,2021-03-25 15:30:00,0.9,0.85,sell
702,2021-03-25 15:30:00,0.8,0.85,sell
703,2021-03-26 15:30:00,0.7,0.6,sell
704,2021-03-26 15:30:00,0.7,0.6,hold
705,2021-03-30 12:00:00,0.7,0.65,buy
706,2021-03-30 17:00:00,0.65,0.6,hold
707,2021-03-31 12:00:00,0.85,0.75,buy
708,2021-03-31 15:15:00,0.9,0.75,sell
709,2021-03-31 16:45:00,0.85,0.8,sell
710,2021-03-31 17:30:00,0.85,0.75,sell
711,2021-04-01 15:30:00,0.85,0.75,sell
712,2021-04-01 16:45:00,0.8,0.85,sell
713,2021-04-01 17:00:00,0.65,0.75,sell
714,2021-04-01 17:00:00,0.8,0.75,sell
715,2021-04-02 15:30:00,0.7,0.6,hold
716,2021-04-02 15:30:00,0.9,0.85,sell
717,2021-04-02 15:30:00,0.9,0.85,sell
718,2021-04-05 16:45:00,0.9,0.85,sell
719,2021-04-05 17:00:00,0.9,0.85,sell
720,2021-04-05 17:00:00,0.95,0.9,sell
721,2021-04-06 17:00:00,0.9,0.95,sell
722,2021-04-07 17:30:00,0.8,0.85,sell
723,2021-04-08 15:30:00,0.7,0.65,sell
724,2021-04-09 15:30:00,0.85,0.75,sell
725,2021-04-12 20:00:00,0.75,0.8,sell
726,2021-04-13 15:30:00,0.7,0.65,sell
727,2021-04-13 15:30:00,0.8,0.75,sell
728,2021-04-13 15:30:00,0.9,0.85,sell
729,2021-04-13 15:30:00,0.9,0.85,sell
730,2021-04-13 15:30:00,0.9,0.85,sell
731,2021-04-13 20:00:00,0.9,0.9,sell
732,2021-04-14 17:30:00,0.85,0.8,sell
733,2021-04-15 15:30:00,0.85,0.9,sell
734,2021-04-15 15:30:00,0.9,0.8,sell
735,2021-04-15 15:30:00,0.9,0.85,sell
736,2021-04-15 15:30:00,0.9,0.85,sell
737,2021-04-16 12:00:00,0.85,0.9,sell
738,2021-04-21 17:30:00,0.8,0.85,sell
739,2021-04-22 14:45:00,0.8,0.75,sell
740,2021-04-22 14:45:00,0.4,0.7,hold
741,2021-04-22 15:30:00,0.7,0.8,sell
742,2021-04-22 17:00:00,0.7,0.85,sell
743,2021-04-23 16:45:00,0.8,0.8,sell
744,2021-04-23 16:45:00,0.85,0.9,sell
745,2021-04-23 17:00:00,0.85,0.9,sell
746,2021-04-26 15:30:00,0.8,0.7,sell
747,2021-04-27 17:00:00,0.8,0.85,sell
748,2021-04-28 17:30:00,0.8,0.8,sell
749,2021-04-28 21:00:00,0.6,0.75,sell
750,2021-04-29 12:00:00,0.7,0.65,buy
751,2021-04-29 15:30:00,0.85,0.7,buy
752,2021-04-29 15:30:00,0.75,0.65,buy
753,2021-04-29 15:30:00,0.75,0.65,hold
754,2021-04-30 09:00:00,0.75,0.7,buy
755,2021-04-30 12:00:00,0.85,0.75,buy
756,2021-04-30 15:30:00,0.85,0.7,sell
757,2021-04-30 15:30:00,0.85,0.7,sell
758,2021-04-30 16:45:00,0.85,0.7,hold
759,2021-05-03 16:45:00,0.85,0.75,sell
760,2021-05-03 17:00:00,0.8,0.7,sell
761,2021-05-03 17:00:00,0.8,0.75,sell
762,2021-05-05 15:15:00,0.6,0.5,hold
763,2021-05-05 16:45:00,0.8,0.7,sell
764,2021-05-05 17:00:00,0.8,0.7,sell
765,2021-05-05 17:00:00,0.8,0.85,sell
766,2021-05-05 17:30:00,0.8,0.85,sell
767,2021-05-06 15:30:00,0.8,0.9,sell
768,2021-05-07 15:30:00,0.85,0.8,sell
769,2021-05-07 15:30:00,0.85,0.8,sell
770,2021-05-07 15:30:00,0.95,0.9,sell
771,2021-05-11 17:00:00,0.9,0.85,sell
772,2021-05-12 15:30:00,0.95,0.9,sell
773,2021-05-12 15:30:00,0.95,0.9,sell
774,2021-05-12 15:30:00,0.9,0.9,sell
775,2021-05-12 15:30:00,0.9,0.85,sell
776,2021-05-12 15:30:00,1.0,0.95,sell
777,2021-05-12 17:30:00,0.9,0.9,sell
778,2021-05-12 20:00:00,0.9,0.85,sell
779,2021-05-13 15:30:00,0.9,0.85,sell
780,2021-05-13 15:30:00,0.9,0.85,sell
781,2021-05-13 20:00:00,0.85,0.9,sell
782,2021-05-14 15:30:00,0.7,0.75,sell
783,2021-05-14 15:30:00,0.8,0.85,sell
784,2021-05-19 12:00:00,0.6,0.7,sell
785,2021-05-19 17:30:00,0.5,0.7,hold
786,2021-05-20 15:30:00,0.7,0.8,sell
787,2021-05-20 15:30:00,0.7,0.8,sell
788,2021-05-21 16:45:00,0.8,0.9,sell
789,2021-05-21 16:45:00,0.85,0.8,sell
790,2021-05-21 17:00:00,0.8,0.9,sell
791,2021-05-25 09:00:00,0.8,0.9,sell
792,2021-05-25 17:00:00,0.85,0.8,sell
793,2021-05-25 17:00:00,0.7,0.8,sell
794,2021-05-26 17:30:00,0.4,0.6,hold
795,2021-05-27 15:30:00,0.7,0.7,sell
796,2021-05-27 15:30:00,0.6,0.7,hold
797,2021-05-27 15:30:00,0.6,0.7,hold
798,2021-05-27 15:30:00,0.6,0.7,hold
799,2021-05-28 12:00:00,0.75,0.65,buy
800,2021-05-28 15:30:00,0.8,0.75,sell
801,2021-05-28 15:30:00,0.9,0.85,sell
802,2021-05-28 16:45:00,0.9,0.85,sell
803,2021-06-01 12:00:00,0.85,0.6,hold
804,2021-06-01 16:45:00,0.9,0.75,sell
805,2021-06-01 17:00:00,0.85,0.6,hold
806,2021-06-01 17:00:00,0.85,0.75,buy
807,2021-06-03 15:15:00,0.7,0.6,hold
808,2021-06-03 15:30:00,0.75,0.7,sell
809,2021-06-03 16:45:00,0.85,0.75,sell
810,2021-06-03 17:00:00,0.85,0.8,sell
811,2021-06-03 17:00:00,0.9,0.95,sell
812,2021-06-03 18:00:00,0.9,0.9,sell
813,2021-06-04 15:30:00,0.85,0.9,sell
814,2021-06-04 15:30:00,1.0,0.9,sell
815,2021-06-04 15:30:00,1.0,0.95,sell
816,2021-06-08 17:00:00,0.9,0.9,sell
817,2021-06-09 17:30:00,0.95,0.9,sell
818,2021-06-09 20:00:00,0.9,0.85,sell
819,2021-06-10 14:45:00,0.75,0.8,sell
820,2021-06-10 14:45:00,0.7,0.6,sell
821,2021-06-10 15:30:00,0.6,0.7,sell
822,2021-06-10 15:30:00,0.75,0.85,sell
823,2021-06-10 15:30:00,0.8,0.85,sell
824,2021-06-10 15:30:00,0.85,0.8,sell
825,2021-06-10 15:30:00,0.9,0.85,sell
826,2021-06-10 15:30:00,0.9,0.75,sell
827,2021-06-10 20:00:00,0.8,0.75,sell
828,2021-06-15 15:30:00,0.75,0.7,buy
829,2021-06-15 15:30:00,0.7,0.6,hold
830,2021-06-15 15:30:00,0.8,0.75,buy
831,2021-06-16 17:30:00,0.7,0.6,sell
832,2021-06-16 21:00:00,0.6,0.7,hold
833,2021-06-17 12:00:00,0.7,0.65,sell
834,2021-06-17 15:30:00,0.5,0.6,buy
835,2021-06-17 15:30:00,0.6,0.65,buy
836,2021-06-22 17:00:00,0.6,0.7,buy
837,2021-06-23 16:45:00,0.5,0.7,hold
838,2021-06-23 16:45:00,0.75,0.7,buy
839,2021-06-23 17:00:00,0.65,0.7,buy
840,2021-06-23 17:30:00,0.5,0.8,hold
841,2021-06-24 15:30:00,0.5,0.7,hold
842,2021-06-24 15:30:00,0.6,0.7,hold
843,2021-06-24 15:30:00,0.75,0.8,sell
844,2021-06-24 15:30:00,0.6,0.7,hold
845,2021-06-25 15:30:00,0.5,0.7,hold
846,2021-06-25 15:30:00,0.8,0.7,sell
847,2021-06-29 12:00:00,0.7,0.6,buy
848,2021-06-29 17:00:00,0.8,0.75,sell
849,2021-06-30 12:00:00,0.8,0.75,sell
850,2021-06-30 15:15:00,0.85,0.6,hold
851,2021-06-30 16:45:00,0.75,0.7,buy
852,2021-06-30 17:30:00,0.7,0.65,buy
853,2021-07-01 15:30:00,0.6,0.7,hold
854,2021-07-01 16:45:00,0.7,0.6,hold
855,2021-07-01 17:00:00,0.5,0.65,sell
856,2021-07-01 17:00:00,0.65,0.75,sell
857,2021-07-02 15:30:00,0.75,0.65,sell
858,2021-07-02 15:30:00,0.9,0.85,sell
859,2021-07-02 15:30:00,0.95,0.9,sell
860,2021-07-06 16:45:00,0.9,0.8,sell
861,2021-07-06 17:00:00,0.9,0.85,sell
862,2021-07-06 17:00:00,0.9,0.85,sell
863,2021-07-07 17:00:00,0.5,0.6,hold
864,2021-07-08 15:30:00,0.65,0.7,hold
865,2021-07-08 18:00:00,0.5,0.7,hold
866,2021-07-12 20:00:00,0.5,0.6,hold
867,2021-07-13 15:30:00,0.9,0.85,sell
868,2021-07-13 15:30:00,0.8,0.75,sell
869,2021-07-13 15:30:00,1.0,0.95,sell
870,2021-07-13 15:30:00,0.95,0.9,sell
871,2021-07-13 15:30:00,1.0,0.95,sell
872,2021-07-13 20:00:00,0.9,0.9,sell
873,2021-07-14 15:30:00,0.9,0.9,sell
874,2021-07-14 17:30:00,0.9,0.85,sell
875,2021-07-15 15:30:00,0.85,0.8,sell
876,2021-07-15 15:30:00,0.8,0.7,sell
877,2021-07-16 12:00:00,0.7,0.65,sell
878,2021-07-16 15:30:00,0.6,0.7,buy
879,2021-07-16 15:30:00,0.6,0.7,hold
880,2021-07-21 17:30:00,0.5,0.6,hold
881,2021-07-22 14:45:00,0.4,0.7,hold
882,2021-07-22 14:45:00,0.4,0.6,hold
883,2021-07-22 15:30:00,0.6,0.7,buy
884,2021-07-22 17:00:00,0.7,0.8,buy
885,2021-07-23 16:45:00,0.6,0.7,hold
886,2021-07-23 16:45:00,0.7,0.65,buy
887,2021-07-26 17:00:00,0.6,0.7,buy
888,2021-07-27 15:30:00,0.6,0.7,buy
889,2021-07-27 17:00:00,0.4,0.7,hold
890,2021-07-28 17:30:00,0.6,0.7,hold
891,2021-07-28 21:00:00,0.65,0.7,hold
892,2021-07-29 12:00:00,0.6,0.7,buy
893,2021-07-29 15:30:00,0.85,0.8,sell
894,2021-07-29 15:30:00,0.85,0.8,sell
895,2021-07-29 15:30:00,0.85,0.8,sell
896,2021-07-30 09:00:00,0.9,0.7,hold
897,2021-07-30 12:00:00,0.85,0.75,buy
898,2021-07-30 15:30:00,0.9,0.7,hold
899,2021-07-30 15:30:00,0.9,0.7,hold
900,2021-07-30 16:45:00,0.85,0.7,sell
901,2021-08-02 16:45:00,0.9,0.75,sell
902,2021-08-02 17:00:00,0.8,0.7,sell
903,2021-08-02 17:00:00,0.85,0.7,hold
904,2021-08-04 15:15:00,0.8,0.7,buy
905,2021-08-04 16:45:00,0.8,0.7,buy
906,2021-08-04 17:00:00,0.7,0.6,hold
907,2021-08-04 17:00:00,0.75,0.6,hold
908,2021-08-04 17:30:00,0.75,0.7,sell
909,2021-08-05 15:30:00,0.8,0.85,sell
910,2021-08-06 15:30:00,0.9,0.9,sell
911,2021-08-06 15:30:00,0.9,0.85,sell
912,2021-08-06 15:30:00,0.9,0.85,sell
913,2021-08-09 17:00:00,0.9,0.9,sell
914,2021-08-11 15:30:00,0.9,0.7,hold
915,2021-08-11 15:30:00,0.9,0.7,hold
916,2021-08-11 15:30:00,0.8,0.7,buy
917,2021-08-11 15:30:00,0.8,0.6,hold
918,2021-08-11 15:30:00,0.85,0.75,buy
919,2021-08-11 17:30:00,0.7,0.65,sell
920,2021-08-11 20:00:00,0.5,0.7,hold
921,2021-08-12 15:30:00,0.9,0.85,sell
922,2021-08-12 15:30:00,0.85,0.8,sell
923,2021-08-12 20:00:00,0.8,0.85,sell
924,2021-08-17 15:30:00,0.7,0.6,buy
925,2021-08-17 15:30:00,0.7,0.65,buy
926,2021-08-18 12:00:00,0.75,0.8,buy
927,2021-08-18 17:30:00,0.7,0.8,buy
928,2021-08-19 15:30:00,0.7,0.7,buy
929,2021-08-19 15:30:00,0.6,0.7,hold
930,2021-08-23 16:45:00,0.6,0.7,buy
931,2021-08-23 16:45:00,0.75,0.65,buy
932,2021-08-23 17:00:00,0.65,0.6,buy
933,2021-08-24 09:00:00,0.7,0.65,buy
934,2021-08-24 17:00:00,0.75,0.7,buy
935,2021-08-25 15:30:00,0.6,0.65,buy
936,2021-08-25 17:30:00,0.4,0.6,hold
937,2021-08-26 15:30:00,0.6,0.7,sell
938,2021-08-26 15:30:00,0.75,0.8,sell
939,2021-08-26 15:30:00,0.7,0.75,sell
940,2021-08-27 15:30:00,0.9,0.85,sell
941,2021-08-27 15:30:00,0.9,0.85,sell
942,2021-08-30 12:00:00,0.85,0.8,sell
943,2021-08-31 12:00:00,0.85,0.75,buy
944,2021-08-31 16:45:00,0.85,0.75,buy
945,2021-08-31 17:00:00,0.85,0.8,buy
946,2021-09-01 15:15:00,0.85,0.8,buy
947,2021-09-01 16:45:00,0.8,0.75,buy
948,2021-09-01 17:00:00,0.7,0.85,buy
949,2021-09-01 17:00:00,0.75,0.8,buy
950,2021-09-01 17:30:00,0.6,0.65,buy
951,2021-09-02 15:30:00,0.6,0.7,hold
952,2021-09-03 15:30:00,0.85,0.8,sell
953,2021-09-03 15:30:00,0.95,0.9,sell
954,2021-09-03 15:30:00,0.9,0.9,sell
955,2021-09-03 16:45:00,0.9,0.85,sell
956,2021-09-03 17:00:00,0.9,0.85,sell
957,2021-09-03 17:00:00,0.8,0.75,sell
958,2021-09-08 17:00:00,0.75,0.7,sell
959,2021-09-08 20:00:00,0.7,0.65,sell
960,2021-09-09 14:45:00,0.7,0.6,sell
961,2021-09-09 14:45:00,0.7,0.7,sell
962,2021-09-09 15:30:00,0.8,0.7,sell
963,2021-09-09 18:00:00,0.6,0.7,sell
964,2021-09-09 20:00:00,0.6,0.7,sell
965,2021-09-10 15:30:00,0.7,0.75,sell
966,2021-09-14 15:30:00,0.8,0.7,buy
967,2021-09-14 15:30:00,0.85,0.8,buy
968,2021-09-14 15:30:00,0.9,0.85,buy
969,2021-09-14 15:30:00,0.8,0.75,buy
970,2021-09-14 15:30:00,0.8,0.85,buy
971,2021-09-15 17:30:00,0.8,0.7,buy
972,2021-09-16 15:30:00,0.7,0.65,sell
973,2021-09-16 15:30:00,0.8,0.75,sell
974,2021-09-16 15:30:00,0.85,0.8,sell
975,2021-09-16 15:30:00,0.7,0.8,sell
976,2021-09-17 12:00:00,0.75,0.7,sell
977,2021-09-22 17:00:00,0.65,0.7,sell
978,2021-09-22 17:30:00,0.4,0.8,hold
979,2021-09-22 21:00:00,0.5,0.8,hold
980,2021-09-23 15:30:00,0.6,0.6,buy
981,2021-09-23 16:45:00,0.7,0.65,buy
982,2021-09-23 16:45:00,0.7,0.6,buy
983,2021-09-24 17:00:00,0.7,0.75,buy
984,2021-09-27 15:30:00,0.6,0.65,sell
985,2021-09-28 17:00:00,0.5,0.6,hold
986,2021-09-29 12:00:00,0.6,0.65,buy
987,2021-09-29 17:30:00,0.5,0.6,hold
988,2021-09-30 15:30:00,0.7,0.75,buy
989,2021-09-30 15:30:00,0.6,0.7,buy
990,2021-09-30 15:30:00,0.7,0.6,buy
991,2021-09-30 16:45:00,0.7,0.6,hold
992,2021-10-01 12:00:00,0.8,0.75,buy
993,2021-10-01 15:30:00,0.8,0.75,buy
994,2021-10-01 15:30:00,0.9,0.85,buy
995,2021-10-01 16:45:00,0.85,0.8,buy
996,2021-10-01 17:00:00,0.85,0.65,buy
997,2021-10-01 17:00:00,0.85,0.7,sell
998,2021-10-05 16:45:00,0.8,0.7,sell
999,2021-10-05 17:00:00,0.8,0.75,sell
1000,2021-10-05 17:00:00,0.7,0.6,hold
1001,2021-10-06 15:15:00,0.85,0.8,sell
1002,2021-10-06 17:30:00,0.85,0.8,sell
1003,2021-10-07 15:30:00,0.85,0.8,sell
1004,2021-10-08 15:30:00,0.8,0.85,sell
1005,2021-10-08 15:30:00,0.95,0.9,sell
1006,2021-10-08 15:30:00,0.9,0.9,sell
1007,2021-10-12 17:00:00,0.9,0.85,sell
1008,2021-10-12 20:00:00,0.9,0.85,sell
1009,2021-10-13 15:30:00,0.8,0.75,sell
1010,2021-10-13 15:30:00,0.6,0.7,hold
1011,2021-10-13 15:30:00,0.7,0.6,hold
1012,2021-10-13 15:30:00,0.8,0.75,sell
1013,2021-10-13 15:30:00,0.9,0.85,sell
1014,2021-10-13 20:00:00,0.85,0.8,sell
1015,2021-10-14 15:30:00,0.75,0.6,hold
1016,2021-10-14 15:30:00,0.8,0.75,sell
1017,2021-10-14 18:00:00,0.6,0.7,sell
1018,2021-10-15 15:30:00,0.7,0.8,sell
1019,2021-10-15 15:30:00,0.8,0.75,sell
1020,2021-10-20 12:00:00,0.7,0.8,sell
1021,2021-10-20 17:30:00,0.5,0.8,hold
1022,2021-10-21 15:30:00,0.7,0.7,sell
1023,2021-10-21 15:30:00,0.85,0.8,sell
1024,2021-10-21 17:00:00,0.7,0.8,sell
1025,2021-10-22 16:45:00,0.7,0.75,sell
1026,2021-10-22 16:45:00,0.75,0.7,sell
1027,2021-10-26 17:00:00,0.7,0.8,sell
1028,2021-10-26 17:00:00,0.5,0.7,sell
1029,2021-10-27 15:30:00,0.6,0.7,hold
1030,2021-10-27 17:30:00,0.6,0.7,hold
1031,2021-10-28 12:00:00,0.7,0.65,buy
1032,2021-10-28 14:45:00,0.6,0.7,buy
1033,2021-10-28 14:45:00,0.7,0.65,buy
1034,2021-10-28 15:30:00,0.9,0.85,buy
1035,2021-10-28 15:30:00,0.9,0.85,buy
1036,2021-10-28 15:30:00,0.8,0.7,buy
1037,2021-10-29 11:00:00,0.85,0.75,buy
1038,2021-10-29 12:00:00,0.9,0.85,buy
1039,2021-10-29 15:30:00,0.85,0.8,buy
1040,2021-10-29 15:30:00,0.8,0.7,buy
1041,2021-10-29 16:45:00,0.8,0.65,buy
1042,2021-11-01 16:45:00,0.85,0.7,buy
1043,2021-11-01 17:00:00,0.75,0.65,sell
1044,2021-11-01 17:00:00,0.85,0.6,hold
1045,2021-11-03 15:15:00,0.8,0.75,sell
1046,2021-11-03 16:45:00,0.8,0.7,sell
1047,2021-11-03 17:00:00,0.85,0.8,sell
1048,2021-11-03 17:00:00,0.8,0.85,sell
1049,2021-11-03 17:30:00,0.9,0.9,sell
1050,2021-11-03 21:00:00,0.75,0.8,sell
1051,2021-11-04 15:30:00,0.75,0.7,sell
1052,2021-11-05 15:30:00,0.8,0.8,sell
1053,2021-11-05 15:30:00,0.9,0.85,sell
1054,2021-11-05 15:30:00,0.9,0.85,sell
1055,2021-11-09 16:30:00,0.9,0.85,sell
1056,2021-11-09 21:00:00,0.9,0.7,hold
1057,2021-11-10 16:30:00,0.95,0.9,sell
1058,2021-11-10 16:30:00,0.9,0.85,sell
1059,2021-11-10 16:30:00,0.95,0.9,sell
1060,2021-11-10 16:30:00,0.9,0.85,sell
1061,2021-11-10 16:30:00,0.95,0.9,sell
1062,2021-11-10 16:30:00,0.9,0.95,sell
1063,2021-11-10 18:30:00,0.9,0.85,sell
1064,2021-11-10 21:00:00,0.95,0.85,sell
1065,2021-11-12 18:00:00,0.9,0.8,sell
1066,2021-11-16 16:30:00,0.85,0.8,sell
1067,2021-11-16 16:30:00,0.75,0.8,sell
1068,2021-11-17 13:00:00,0.7,0.75,sell
1069,2021-11-17 18:30:00,0.65,0.7,sell
1070,2021-11-18 16:30:00,0.7,0.8,sell
1071,2021-11-18 16:30:00,0.5,0.7,sell
1072,2021-11-22 18:00:00,0.4,0.7,hold
1073,2021-11-23 17:45:00,0.65,0.8,sell
1074,2021-11-23 17:45:00,0.6,0.7,hold
1075,2021-11-24 16:30:00,0.8,0.75,sell
1076,2021-11-24 16:30:00,0.7,0.8,sell
1077,2021-11-24 16:30:00,0.8,0.75,sell
1078,2021-11-24 16:30:00,0.85,0.8,sell
1079,2021-11-24 18:00:00,0.75,0.7,sell
1080,2021-11-24 18:00:00,0.85,0.8,sell
1081,2021-11-24 18:00:00,0.8,0.75,sell
1082,2021-11-24 18:30:00,0.8,0.85,sell
1083,2021-11-25 10:00:00,0.8,0.85,sell
1084,2021-11-29 13:00:00,0.8,0.85,sell
1085,2021-11-30 13:00:00,0.8,0.75,buy
1086,2021-11-30 17:45:00,0.8,0.75,buy
1087,2021-11-30 18:00:00,0.8,0.75,buy
1088,2021-12-01 16:15:00,0.8,0.7,sell
1089,2021-12-01 17:45:00,0.85,0.7,hold
1090,2021-12-01 18:00:00,0.8,0.75,sell
1091,2021-12-01 18:00:00,0.9,0.85,sell
1092,2021-12-01 18:30:00,0.85,0.9,sell
1093,2021-12-02 16:30:00,0.85,0.8,sell
1094,2021-12-03 16:30:00,0.8,0.7,sell
1095,2021-12-03 16:30:00,0.9,0.8,buy
1096,2021-12-03 16:30:00,0.9,0.7,buy
1097,2021-12-03 17:45:00,0.9,0.7,buy
1098,2021-12-03 18:00:00,0.9,0.7,hold
1099,2021-12-03 18:00:00,0.85,0.6,hold
1100,2021-12-08 18:00:00,0.9,0.95,sell
1101,2021-12-08 18:30:00,0.8,0.9,sell
1102,2021-12-08 21:00:00,0.85,0.9,sell
1103,2021-12-09 16:30:00,0.85,0.9,sell
1104,2021-12-09 21:00:00,0.85,0.8,sell
1105,2021-12-10 16:30:00,0.9,0.85,sell
1106,2021-12-10 16:30:00,0.85,0.8,sell
1107,2021-12-10 16:30:00,0.9,0.85,sell
1108,2021-12-10 16:30:00,0.9,0.85,sell
1109,2021-12-10 16:30:00,0.85,0.75,sell
1110,2021-12-14 16:30:00,0.85,0.7,sell
1111,2021-12-15 16:30:00,0.8,0.7,sell
1112,2021-12-15 16:30:00,0.7,0.65,sell
1113,2021-12-15 18:30:00,0.7,0.65,sell
1114,2021-12-15 22:00:00,0.8,0.7,sell
1115,2021-12-16 15:45:00,0.7,0.65,sell
1116,2021-12-16 15:45:00,0.3,0.7,hold
1117,2021-12-16 16:30:00,0.6,0.5,buy
1118,2021-12-16 16:30:00,0.7,0.75,buy
1119,2021-12-16 17:45:00,0.65,0.7,buy
1120,2021-12-16 17:45:00,0.7,0.8,buy
1121,2021-12-17 13:00:00,0.6,0.65,buy
1122,2021-12-22 16:30:00,0.75,0.7,sell
1123,2021-12-22 16:30:00,0.7,0.8,sell
1124,2021-12-22 18:00:00,0.7,0.75,sell
1125,2021-12-22 18:00:00,0.7,0.8,sell
1126,2021-12-22 18:30:00,0.7,0.65,sell
1127,2021-12-23 16:30:00,0.5,0.7,hold
1128,2021-12-23 16:30:00,0.8,0.75,sell
1129,2021-12-23 16:30:00,0.85,0.75,sell
1130,2021-12-23 16:30:00,0.85,0.8,sell
1131,2021-12-23 18:00:00,0.85,0.8,sell
1132,2021-12-29 18:30:00,0.85,0.8,sell
1133,2021-12-30 16:30:00,0.6,0.7,hold
1134,2021-12-30 17:45:00,0.6,0.6,buy
1135,2022-01-03 17:45:00,0.4,0.6,buy
1136,2022-01-04 18:00:00,0.7,0.75,buy
1137,2022-01-04 18:00:00,0.8,0.75,buy
1138,2022-01-04 18:00:00,0.85,0.75,buy
1139,2022-01-05 16:15:00,0.8,0.7,hold
1140,2022-01-05 17:45:00,0.8,0.7,sell
1141,2022-01-05 18:30:00,0.8,0.75,sell
1142,2022-01-06 16:30:00,0.7,0.65,sell
1143,2022-01-06 18:00:00,0.7,0.65,sell
1144,2022-01-06 18:00:00,0.6,0.7,buy
1145,2022-01-07 13:00:00,0.6,0.65,buy
1146,2022-01-07 13:00:00,0.7,0.6,hold
1147,2022-01-07 16:30:00,0.85,0.8,sell
1148,2022-01-07 16:30:00,0.9,0.75,buy
1149,2022-01-07 16:30:00,0.8,0.6,hold
1150,2022-01-12 16:30:00,0.85,0.5,hold
1151,2022-01-12 16:30:00,0.9,0.75,buy
1152,2022-01-12 16:30:00,0.9,0.85,buy
1153,2022-01-12 16:30:00,0.9,0.75,buy
1154,2022-01-12 16:30:00,0.9,0.85,buy
1155,2022-01-12 18:30:00,0.9,0.8,buy
1156,2022-01-12 21:00:00,0.7,0.6,hold
1157,2022-01-13 16:30:00,0.75,0.7,buy
1158,2022-01-13 16:30:00,0.7,0.75,buy
1159,2022-01-13 21:00:00,0.75,0.65,buy
1160,2022-01-14 16:30:00,0.85,0.8,buy
1161,2022-01-14 16:30:00,0.8,0.75,buy
1162,2022-01-20 13:00:00,0.8,0.75,buy
1163,2022-01-20 16:30:00,0.8,0.85,buy
1164,2022-01-20 16:30:00,0.7,0.8,buy
1165,2022-01-20 18:00:00,0.75,0.7,buy
1166,2022-01-20 19:00:00,0.7,0.8,buy
1167,2022-01-24 17:45:00,0.75,0.8,buy
1168,2022-01-24 17:45:00,0.75,0.8,buy
1169,2022-01-25 18:00:00,0.6,0.6,buy
1170,2022-01-26 18:00:00,0.5,0.6,hold
1171,2022-01-26 18:30:00,0.75,0.65,buy
1172,2022-01-26 22:00:00,0.7,0.6,hold
1173,2022-01-27 16:30:00,0.85,0.8,sell
1174,2022-01-27 16:30:00,0.9,0.85,sell
1175,2022-01-27 16:30:00,0.9,0.85,sell
1176,2022-01-27 16:30:00,0.85,0.8,sell
1177,2022-01-28 12:00:00,0.9,0.85,sell
1178,2022-01-28 13:00:00,0.8,0.75,sell
1179,2022-01-28 16:30:00,0.85,0.75,sell
1180,2022-01-28 16:30:00,0.85,0.7,sell
1181,2022-01-31 17:45:00,0.8,0.7,sell
1182,2022-02-01 17:45:00,0.6,0.5,hold
1183,2022-02-01 18:00:00,0.85,0.8,sell
1184,2022-02-01 18:00:00,0.85,0.75,sell
1185,2022-02-01 18:00:00,0.75,0.7,sell
1186,2022-02-02 13:00:00,0.8,0.7,sell
1187,2022-02-02 16:15:00,0.9,0.75,buy
1188,2022-02-02 18:30:00,0.85,0.75,buy
1189,2022-02-03 15:45:00,0.9,0.8,buy
1190,2022-02-03 15:45:00,0.8,0.75,buy
1191,2022-02-03 16:30:00,0.7,0.6,buy
1192,2022-02-03 17:45:00,0.8,0.85,sell
1193,2022-02-03 18:00:00,0.65,0.6,hold
1194,2022-02-03 18:00:00,0.75,0.6,hold
1195,2022-02-04 16:30:00,0.7,0.6,hold
1196,2022-02-04 16:30:00,0.7,0.6,hold
1197,2022-02-04 16:30:00,0.95,0.9,sell
1198,2022-02-09 18:30:00,0.9,0.85,sell
1199,2022-02-09 21:00:00,0.9,0.85,sell
1200,2022-02-10 16:30:00,0.9,0.85,sell
1201,2022-02-10 16:30:00,0.95,0.9,sell
1202,2022-02-10 16:30:00,1.0,0.9,sell
1203,2022-02-10 16:30:00,0.9,0.9,sell
1204,2022-02-10 16:30:00,1.0,0.95,sell
1205,2022-02-10 16:30:00,0.95,0.9,sell
1206,2022-02-10 21:00:00,1.0,0.95,sell
1207,2022-02-15 16:30:00,0.9,0.85,sell
1208,2022-02-16 16:30:00,0.9,0.95,sell
1209,2022-02-16 16:30:00,0.9,0.9,sell
1210,2022-02-16 18:30:00,0.9,0.85,sell
1211,2022-02-17 16:30:00,0.8,0.75,sell
1212,2022-02-17 16:30:00,0.7,0.6,hold
1213,2022-02-18 18:00:00,0.6,0.7,hold
1214,2022-02-22 17:45:00,0.6,0.5,hold
1215,2022-02-22 17:45:00,0.8,0.7,sell
1216,2022-02-22 18:00:00,0.65,0.7,hold
1217,2022-02-23 13:00:00,0.65,0.7,sell
1218,2022-02-24 16:30:00,0.7,0.75,sell
1219,2022-02-24 16:30:00,0.8,0.75,sell
1220,2022-02-24 16:30:00,0.7,0.6,sell
1221,2022-02-24 18:00:00,0.7,0.75,sell
1222,2022-02-24 19:00:00,0.7,0.65,sell
1223,2022-02-25 10:00:00,0.5,0.7,hold
1224,2022-02-25 13:00:00,0.7,0.65,buy
1225,2022-02-25 16:30:00,0.75,0.7,buy
1226,2022-02-25 16:30:00,0.65,0.7,hold
1227,2022-02-25 16:30:00,0.7,0.6,hold
1228,2022-02-28 17:45:00,0.6,0.5,hold
1229,2022-03-01 17:45:00,0.6,0.7,hold
1230,2022-03-01 18:00:00,0.85,0.75,sell
1231,2022-03-01 18:00:00,0.75,0.8,sell
1232,2022-03-02 13:00:00,0.8,0.75,buy
1233,2022-03-02 16:15:00,0.9,0.7,buy
1234,2022-03-02 18:30:00,0.85,0.7,buy
1235,2022-03-03 16:30:00,0.8,0.75,buy
1236,2022-03-03 17:45:00,0.8,0.75,buy
1237,2022-03-03 18:00:00,0.8,0.7,buy
1238,2022-03-03 18:00:00,0.75,0.65,buy
1239,2022-03-04 16:30:00,0.75,0.7,sell
1240,2022-03-04 16:30:00,0.95,0.85,sell
1241,2022-03-04 16:30:00,0.9,0.75,sell
1242,2022-03-09 18:00:00,0.9,0.85,sell
1243,2022-03-09 18:30:00,0.9,0.85,sell
1244,2022-03-09 21:00:00,0.9,0.85,sell
1245,2022-03-10 15:45:00,0.7,0.65,sell
1246,2022-03-10 15:45:00,0.7,0.7,sell
1247,2022-03-10 16:30:00,0.9,0.8,sell
1248,2022-03-10 16:30:00,0.85,0.6,hold
1249,2022-03-10 16:30:00,0.9,0.85,sell
1250,2022-03-10 16:30:00,0.85,0.8,sell
1251,2022-03-10 16:30:00,0.9,0.85,sell
1252,2022-03-10 16:30:00,0.9,0.85,sell
1253,2022-03-10 21:00:00,0.95,0.9,sell
1254,2022-03-15 15:30:00,0.9,0.85,sell
1255,2022-03-16 15:30:00,0.8,0.75,sell
1256,2022-03-16 15:30:00,0.8,0.85,sell
1257,2022-03-16 17:30:00,0.7,0.8,sell
1258,2022-03-16 21:00:00,0.95,0.9,sell
1259,2022-03-17 13:00:00,0.9,0.85,sell
1260,2022-03-17 15:30:00,0.9,0.8,sell
1261,2022-03-17 15:30:00,0.9,0.8,sell
1262,2022-03-18 17:00:00,0.9,0.75,sell
1263,2022-03-23 17:00:00,0.75,0.65,buy
1264,2022-03-23 17:30:00,0.6,0.6,buy
1265,2022-03-24 15:30:00,0.6,0.7,buy
1266,2022-03-24 15:30:00,0.7,0.6,sell
1267,2022-03-24 16:45:00,0.7,0.65,sell
1268,2022-03-24 16:45:00,0.8,0.75,sell
1269,2022-03-29 17:00:00,0.7,0.65,sell
1270,2022-03-29 17:00:00,0.8,0.75,sell
1271,2022-03-30 12:00:00,0.7,0.65,buy
1272,2022-03-30 15:15:00,0.8,0.75,sell
1273,2022-03-30 15:30:00,0.8,0.7,sell
1274,2022-03-30 15:30:00,0.8,0.6,hold
1275,2022-03-30 17:30:00,0.8,0.6,hold
1276,2022-03-31 15:30:00,0.7,0.65,sell
1277,2022-03-31 15:30:00,0.7,0.65,buy
1278,2022-03-31 15:30:00,0.8,0.7,sell
1279,2022-03-31 16:45:00,0.8,0.85,sell
1280,2022-04-01 12:00:00,0.9,0.8,buy
1281,2022-04-01 15:30:00,0.85,0.7,sell
1282,2022-04-01 15:30:00,0.85,0.7,sell
1283,2022-04-01 15:30:00,0.9,0.8,sell
1284,2022-04-01 16:45:00,0.95,0.85,sell
1285,2022-04-01 17:00:00,0.95,0.9,sell
1286,2022-04-01 17:00:00,0.9,0.85,sell
1287,2022-04-05 16:45:00,0.9,0.85,sell
1288,2022-04-05 17:00:00,0.8,0.7,sell
1289,2022-04-05 17:00:00,0.7,0.7,sell
1290,2022-04-06 17:30:00,0.7,0.65,buy
1291,2022-04-07 15:30:00,0.6,0.6,hold
1292,2022-04-12 15:30:00,0.9,0.85,sell
1293,2022-04-12 15:30:00,0.85,0.75,sell
1294,2022-04-12 15:30:00,0.9,0.85,sell
1295,2022-04-12 15:30:00,0.9,0.85,sell
1296,2022-04-12 15:30:00,0.95,0.9,sell
1297,2022-04-12 20:00:00,0.9,0.85,sell
1298,2022-04-13 15:30:00,0.95,0.9,sell
1299,2022-04-13 17:30:00,0.9,0.85,sell
1300,2022-04-13 20:00:00,0.9,0.9,sell
1301,2022-04-14 14:45:00,0.85,0.9,sell
1302,2022-04-14 14:45:00,0.7,0.75,sell
1303,2022-04-14 15:30:00,0.7,0.65,buy
1304,2022-04-14 15:30:00,0.6,0.7,hold
1305,2022-04-14 15:30:00,0.6,0.7,buy
1306,2022-04-20 17:00:00,0.6,0.5,buy
1307,2022-04-20 17:30:00,0.6,0.65,buy
1308,2022-04-21 12:00:00,0.6,0.7,hold
1309,2022-04-21 15:30:00,0.6,0.65,buy
1310,2022-04-21 15:30:00,0.7,0.7,buy
1311,2022-04-22 16:45:00,0.6,0.7,hold
1312,2022-04-22 16:45:00,0.75,0.65,buy
1313,2022-04-26 15:30:00,0.6,0.7,hold
1314,2022-04-26 17:00:00,0.5,0.6,hold
1315,2022-04-26 17:00:00,0.5,0.7,hold
1316,2022-04-27 17:30:00,0.4,0.7,hold
1317,2022-04-28 15:30:00,0.9,0.85,buy
1318,2022-04-28 15:30:00,0.9,0.85,buy
1319,2022-04-28 15:30:00,0.9,0.85,buy
1320,2022-04-29 11:00:00,0.9,0.85,buy
1321,2022-04-29 12:00:00,0.9,0.75,buy
1322,2022-04-29 15:30:00,0.85,0.75,buy
1323,2022-04-29 15:30:00,0.75,0.7,sell
1324,2022-04-29 16:45:00,0.7,0.6,buy
1325,2022-05-02 12:00:00,0.8,0.7,sell
1326,2022-05-02 16:45:00,0.7,0.65,sell
1327,2022-05-02 17:00:00,0.8,0.7,sell
1328,2022-05-02 17:00:00,0.8,0.7,sell
1329,2022-05-03 17:00:00,0.6,0.5,hold
1330,2022-05-04 15:15:00,0.7,0.7,sell
1331,2022-05-04 16:45:00,0.85,0.8,sell
1332,2022-05-04 17:00:00,0.8,0.75,sell
1333,2022-05-04 17:00:00,0.75,0.65,sell
1334,2022-05-04 17:30:00,0.7,0.65,sell
1335,2022-05-04 21:00:00,0.95,0.9,sell
1336,2022-05-05 15:30:00,0.9,0.8,sell
1337,2022-05-06 15:30:00,0.9,0.85,sell
1338,2022-05-06 15:30:00,1.0,0.9,sell
1339,2022-05-06 15:30:00,0.95,0.9,sell
1340,2022-05-11 15:30:00,0.9,0.85,sell
1341,2022-05-11 15:30:00,0.9,0.7,buy
1342,2022-05-11 15:30:00,0.85,0.7,buy
1343,2022-05-11 15:30:00,0.9,0.8,buy
1344,2022-05-11 15:30:00,0.9,0.7,hold
1345,2022-05-11 17:30:00,0.9,0.7,buy
1346,2022-05-11 20:00:00,0.85,0.75,sell
1347,2022-05-12 15:30:00,0.7,0.5,hold
1348,2022-05-12 15:30:00,0.8,0.6,hold
1349,2022-05-12 20:00:00,0.5,0.6,hold
1350,2022-05-17 15:30:00,0.7,0.8,sell
1351,2022-05-17 15:30:00,0.8,0.7,sell
1352,2022-05-18 12:00:00,0.8,0.7,sell
1353,2022-05-18 17:30:00,0.7,0.65,sell
1354,2022-05-19 15:30:00,0.6,0.7,hold
1355,2022-05-19 15:30:00,0.75,0.8,buy
1356,2022-05-19 17:00:00,0.8,0.7,buy
1357,2022-05-24 16:45:00,0.7,0.8,buy
1358,2022-05-24 16:45:00,0.8,0.7,buy
1359,2022-05-24 17:00:00,0.7,0.8,buy
1360,2022-05-25 09:00:00,0.7,0.8,buy
1361,2022-05-25 15:30:00,0.7,0.65,buy
1362,2022-05-25 17:30:00,0.5,0.7,hold
1363,2022-05-26 15:30:00,0.7,0.65,buy
1364,2022-05-26 15:30:00,0.4,0.7,hold
1365,2022-05-26 15:30:00,0.4,0.6,hold
1366,2022-05-27 15:30:00,0.8,0.75,buy
1367,2022-05-27 15:30:00,0.8,0.6,hold
1368,2022-05-30 12:00:00,0.8,0.7,sell
1369,2022-05-31 12:00:00,0.8,0.75,buy
1370,2022-05-31 16:45:00,0.8,0.7,buy
1371,2022-05-31 17:00:00,0.8,0.7,hold
1372,2022-06-01 16:45:00,0.7,0.6,buy
1373,2022-06-01 17:00:00,0.8,0.7,buy
1374,2022-06-01 17:00:00,0.65,0.7,buy
1375,2022-06-01 17:00:00,0.85,0.8,buy
1376,2022-06-02 15:15:00,0.7,0.6,hold
1377,2022-06-02 15:30:00,0.75,0.7,hold
1378,2022-06-02 18:00:00,0.75,0.7,sell
1379,2022-06-03 15:30:00,0.9,0.85,sell
1380,2022-06-03 15:30:00,0.9,0.9,sell
1381,2022-06-03 15:30:00,0.9,0.85,sell
1382,2022-06-03 16:45:00,0.9,0.85,sell
1383,2022-06-03 17:00:00,0.9,0.85,sell
1384,2022-06-03 17:00:00,0.75,0.8,buy
1385,2022-06-08 17:30:00,0.7,0.75,buy
1386,2022-06-08 20:00:00,0.4,0.7,hold
1387,2022-06-09 14:45:00,0.7,0.6,hold
1388,2022-06-09 14:45:00,0.7,0.8,hold
1389,2022-06-09 15:30:00,0.7,0.6,hold
1390,2022-06-09 20:00:00,0.7,0.65,buy
1391,2022-06-10 15:30:00,0.85,0.75,sell
1392,2022-06-10 15:30:00,0.9,0.85,sell
1393,2022-06-10 15:30:00,0.9,0.85,sell
1394,2022-06-10 15:30:00,0.9,0.9,sell
1395,2022-06-10 15:30:00,1.0,0.95,sell
1396,2022-06-14 15:30:00,0.9,0.9,sell
1397,2022-06-15 15:30:00,0.85,0.8,sell
1398,2022-06-15 15:30:00,0.85,0.75,sell
1399,2022-06-15 17:30:00,0.8,0.6,sell
1400,2022-06-15 21:00:00,0.9,0.85,sell
1401,2022-06-16 15:30:00,0.9,0.7,sell
1402,2022-06-16 15:30:00,0.8,0.7,hold
1403,2022-06-17 12:00:00,0.8,0.7,hold
1404,2022-06-21 17:00:00,0.8,0.6,hold
1405,2022-06-23 15:30:00,0.8,0.75,buy
1406,2022-06-23 16:45:00,0.7,0.8,buy
1407,2022-06-23 16:45:00,0.8,0.85,buy
1408,2022-06-24 17:00:00,0.8,0.75,buy
1409,2022-06-27 15:30:00,0.6,0.7,hold
1410,2022-06-28 17:00:00,0.7,0.65,buy
1411,2022-06-29 12:00:00,0.6,0.7,sell
1412,2022-06-29 15:30:00,0.6,0.7,hold
1413,2022-06-29 15:30:00,0.8,0.7,buy
1414,2022-06-29 17:30:00,0.8,0.7,buy
1415,2022-06-30 15:30:00,0.8,0.7,sell
1416,2022-06-30 15:30:00,0.8,0.6,hold
1417,2022-06-30 15:30:00,0.7,0.6,buy
1418,2022-06-30 16:45:00,0.7,0.65,buy
1419,2022-07-01 12:00:00,0.6,0.7,hold
1420,2022-07-01 16:45:00,0.8,0.7,buy
1421,2022-07-01 17:00:00,0.85,0.8,buy
1422,2022-07-01 17:00:00,0.85,0.8,buy
1423,2022-07-06 16:45:00,0.6,0.7,hold
1424,2022-07-06 17:00:00,0.75,0.7,buy
1425,2022-07-06 17:00:00,0.7,0.8,buy
1426,2022-07-06 17:00:00,0.8,0.75,buy
1427,2022-07-07 15:30:00,0.8,0.75,buy
1428,2022-07-07 18:00:00,0.85,0.9,buy
1429,2022-07-08 15:30:00,0.6,0.7,buy
1430,2022-07-08 15:30:00,0.7,0.75,buy
1431,2022-07-08 15:30:00,0.9,0.85,sell
1432,2022-07-12 20:00:00,0.8,0.75,sell
1433,2022-07-13 15:30:00,0.9,0.85,sell
1434,2022-07-13 15:30:00,0.9,0.85,sell
1435,2022-07-13 15:30:00,0.95,0.9,sell
1436,2022-07-13 15:30:00,0.9,0.9,sell
1437,2022-07-13 15:30:00,0.95,0.9,sell
1438,2022-07-13 17:30:00,0.95,0.9,sell
1439,2022-07-13 20:00:00,0.9,0.85,sell
1440,2022-07-14 15:30:00,0.9,0.85,sell
1441,2022-07-14 15:30:00,0.9,0.8,sell
1442,2022-07-15 15:30:00,0.75,0.7,sell
1443,2022-07-15 15:30:00,0.8,0.7,sell
1444,2022-07-19 12:00:00,0.8,0.75,sell
1445,2022-07-20 17:00:00,0.6,0.7,hold
1446,2022-07-20 17:30:00,0.5,0.6,hold
1447,2022-07-21 14:45:00,0.9,0.85,buy
1448,2022-07-21 14:45:00,0.9,0.9,buy
1449,2022-07-21 15:30:00,0.9,0.85,buy
1450,2022-07-21 15:30:00,0.95,0.9,buy
1451,2022-07-22 16:45:00,0.95,0.9,buy
1452,2022-07-22 16:45:00,0.9,0.85,buy
1453,2022-07-26 17:00:00,0.8,0.75,buy
1454,2022-07-26 17:00:00,0.8,0.7,buy
1455,2022-07-27 15:30:00,0.65,0.7,hold
1456,2022-07-27 17:30:00,0.5,0.6,hold
1457,2022-07-27 21:00:00,0.9,0.85,sell
1458,2022-07-28 12:00:00,0.9,0.85,sell
1459,2022-07-28 15:30:00,0.9,0.85,sell
1460,2022-07-28 15:30:00,0.9,0.85,sell
1461,2022-07-28 15:30:00,0.9,0.85,sell
1462,2022-07-29 11:00:00,0.8,0.75,sell
1463,2022-07-29 12:00:00,0.85,0.8,sell
1464,2022-07-29 15:30:00,0.8,0.6,sell
1465,2022-07-29 15:30:00,0.85,0.75,sell
1466,2022-07-29 16:45:00,0.75,0.65,sell
1467,2022-08-01 16:45:00,0.75,0.65,sell
1468,2022-08-01 17:00:00,0.75,0.65,buy
1469,2022-08-01 17:00:00,0.7,0.6,hold
1470,2022-08-02 17:00:00,0.85,0.8,buy
1471,2022-08-03 16:45:00,0.8,0.8,buy
1472,2022-08-03 17:00:00,0.75,0.65,buy
1473,2022-08-03 17:00:00,0.8,0.75,buy
1474,2022-08-03 17:30:00,0.7,0.65,buy
1475,2022-08-04 15:30:00,0.6,0.7,buy
1476,2022-08-05 15:30:00,0.7,0.6,hold
1477,2022-08-05 15:30:00,0.9,0.9,sell
1478,2022-08-05 15:30:00,1.0,0.95,sell
1479,2022-08-10 15:30:00,0.9,0.75,sell
1480,2022-08-10 15:30:00,0.9,0.7,hold
1481,2022-08-10 15:30:00,0.9,0.8,buy
1482,2022-08-10 15:30:00,0.9,0.8,buy
1483,2022-08-10 15:30:00,0.95,0.9,buy
1484,2022-08-10 17:30:00,0.9,0.85,buy
1485,2022-08-10 20:00:00,1.0,0.9,buy
1486,2022-08-11 15:30:00,0.95,0.9,buy
1487,2022-08-11 15:30:00,0.9,0.85,buy
1488,2022-08-11 20:00:00,0.85,0.75,buy
1489,2022-08-17 15:30:00,0.7,0.65,buy
1490,2022-08-17 15:30:00,0.7,0.65,sell
1491,2022-08-17 17:30:00,0.6,0.75,sell
1492,2022-08-18 12:00:00,0.65,0.7,sell
1493,2022-08-18 15:30:00,0.7,0.8,sell
1494,2022-08-18 15:30:00,0.7,0.75,sell
1495,2022-08-18 17:00:00,0.6,0.7,hold
1496,2022-08-23 16:45:00,0.7,0.65,buy
1497,2022-08-23 16:45:00,0.8,0.75,buy
1498,2022-08-23 17:00:00,0.7,0.85,buy
1499,2022-08-24 15:30:00,0.75,0.7,buy
1500,2022-08-24 17:30:00,0.85,0.75,buy
1501,2022-08-25 09:00:00,0.6,0.6,buy
1502,2022-08-25 15:30:00,0.7,0.65,buy
1503,2022-08-25 15:30:00,0.6,0.6,sell
1504,2022-08-25 15:30:00,0.7,0.8,sell
1505,2022-08-26 15:30:00,0.8,0.7,buy
1506,2022-08-26 15:30:00,0.9,0.8,buy
1507,2022-08-30 12:00:00,0.8,0.75,buy
1508,2022-08-30 17:00:00,0.8,0.6,sell
1509,2022-08-30 17:00:00,0.85,0.6,hold
1510,2022-08-31 12:00:00,0.85,0.75,sell
1511,2022-08-31 15:15:00,0.9,0.85,sell
1512,2022-08-31 16:45:00,0.85,0.8,sell
1513,2022-08-31 17:30:00,0.85,0.8,sell
1514,2022-09-01 15:30:00,0.85,0.8,sell
1515,2022-09-01 16:45:00,0.8,0.75,sell
1516,2022-09-01 17:00:00,0.7,0.6,hold
1517,2022-09-01 17:00:00,0.65,0.7,hold
1518,2022-09-02 15:30:00,0.75,0.7,buy
1519,2022-09-02 15:30:00,0.8,0.7,buy
1520,2022-09-02 15:30:00,0.9,0.6,hold
1521,2022-09-06 16:45:00,0.7,0.5,hold
1522,2022-09-06 17:00:00,0.85,0.65,buy
1523,2022-09-06 17:00:00,0.9,0.7,sell
1524,2022-09-08 14:45:00,0.9,0.75,buy
1525,2022-09-08 14:45:00,0.9,0.85,buy
1526,2022-09-08 15:30:00,0.9,0.75,buy
1527,2022-09-08 18:00:00,0.9,0.75,buy
1528,2022-09-12 20:00:00,0.85,0.7,buy
1529,2022-09-13 15:30:00,0.85,0.7,buy
1530,2022-09-13 15:30:00,0.8,0.75,buy
1531,2022-09-13 15:30:00,0.9,0.85,buy
1532,2022-09-13 15:30:00,0.9,0.8,buy
1533,2022-09-13 15:30:00,0.9,0.8,buy
1534,2022-09-13 20:00:00,0.9,0.8,buy
1535,2022-09-14 15:30:00,0.85,0.75,buy
1536,2022-09-14 17:30:00,0.7,0.6,hold
1537,2022-09-15 15:30:00,0.8,0.7,buy
1538,2022-09-15 15:30:00,0.75,0.65,buy
1539,2022-09-15 15:30:00,0.75,0.6,hold
1540,2022-09-15 15:30:00,0.6,0.7,hold
1541,2022-09-16 12:00:00,0.5,0.7,hold
1542,2022-09-21 17:00:00,0.5,0.6,hold
1543,2022-09-21 17:30:00,0.6,0.7,hold
1544,2022-09-21 21:00:00,0.9,0.85,sell
1545,2022-09-22 15:30:00,0.9,0.85,sell
1546,2022-09-23 16:45:00,0.9,0.85,sell
1547,2022-09-23 16:45:00,0.9,0.85,sell
1548,2022-09-27 15:30:00,0.8,0.9,sell
1549,2022-09-27 17:00:00,0.65,0.8,sell
1550,2022-09-27 17:00:00,0.75,0.8,sell
1551,2022-09-28 17:30:00,0.65,0.7,sell
1552,2022-09-29 12:00:00,0.6,0.7,buy
1553,2022-09-29 15:30:00,0.6,0.7,sell
1554,2022-09-29 15:30:00,0.5,0.7,hold
1555,2022-09-29 15:30:00,0.7,0.6,hold
1556,2022-09-30 12:00:00,0.85,0.75,buy
1557,2022-09-30 15:30:00,0.85,0.75,sell
1558,2022-09-30 15:30:00,0.8,0.6,buy
1559,2022-09-30 16:45:00,0.8,0.6,hold
1560,2022-10-03 16:45:00,0.8,0.7,buy
1561,2022-10-03 17:00:00,0.75,0.6,hold
1562,2022-10-03 17:00:00,0.7,0.6,hold
1563,2022-10-04 17:00:00,0.75,0.6,buy
1564,2022-10-05 15:15:00,0.8,0.7,sell
1565,2022-10-05 16:45:00,0.7,0.6,hold
1566,2022-10-05 17:00:00,0.8,0.7,sell
1567,2022-10-05 17:00:00,0.6,0.5,hold
1568,2022-10-05 17:30:00,0.7,0.65,sell
1569,2022-10-06 15:30:00,0.7,0.8,buy
1570,2022-10-07 15:30:00,0.9,0.8,sell
1571,2022-10-07 15:30:00,0.9,0.85,sell
1572,2022-10-07 15:30:00,0.9,0.85,sell
1573,2022-10-12 15:30:00,0.9,0.85,sell
1574,2022-10-12 20:00:00,0.9,0.9,sell
1575,2022-10-13 15:30:00,0.8,0.75,buy
1576,2022-10-13 15:30:00,0.85,0.75,buy
1577,2022-10-13 15:30:00,0.9,0.7,sell
1578,2022-10-13 15:30:00,0.85,0.6,hold
1579,2022-10-13 15:30:00,0.85,0.75,sell
1580,2022-10-13 15:30:00,0.85,0.75,sell
1581,2022-10-13 18:00:00,0.85,0.7,sell
1582,2022-10-13 20:00:00,0.7,0.6,hold
1583,2022-10-14 15:30:00,0.7,0.6,hold
1584,2022-10-14 15:30:00,0.7,0.75,buy
1585,2022-10-19 12:00:00,0.5,0.6,hold
1586,2022-10-19 17:30:00,0.5,0.7,hold
1587,2022-10-20 15:30:00,0.7,0.65,buy
1588,2022-10-20 15:30:00,0.7,0.65,sell
1589,2022-10-20 17:00:00,0.6,0.5,hold
1590,2022-10-24 16:45:00,0.65,0.7,buy
1591,2022-10-24 16:45:00,0.8,0.75,buy
1592,2022-10-25 17:00:00,0.8,0.75,buy
1593,2022-10-26 17:00:00,0.8,0.75,buy
1594,2022-10-26 17:30:00,0.7,0.8,buy
1595,2022-10-27 14:45:00,0.9,0.85,buy
1596,2022-10-27 14:45:00,0.9,0.85,buy
1597,2022-10-27 15:30:00,0.9,0.85,buy
1598,2022-10-27 15:30:00,0.9,0.6,buy
1599,2022-10-27 15:30:00,0.9,0.7,buy
1600,2022-10-27 15:30:00,0.9,0.7,hold
1601,2022-10-28 11:00:00,0.9,0.9,sell
1602,2022-10-28 12:00:00,0.9,0.85,sell
1603,2022-10-28 15:30:00,0.9,0.85,sell
1604,2022-10-28 15:30:00,0.9,0.85,sell
1605,2022-10-31 13:00:00,0.85,0.7,buy
1606,2022-10-31 16:45:00,0.85,0.7,buy
1607,2022-11-01 16:45:00,0.8,0.6,hold
1608,2022-11-01 17:00:00,0.85,0.75,sell
1609,2022-11-01 17:00:00,0.8,0.6,hold
1610,2022-11-01 17:00:00,0.8,0.7,hold
1611,2022-11-02 15:15:00,0.8,0.75,sell
1612,2022-11-02 17:30:00,0.85,0.8,sell
1613,2022-11-02 21:00:00,0.9,0.85,sell
1614,2022-11-03 15:30:00,0.9,0.85,sell
1615,2022-11-03 16:45:00,0.9,0.9,sell
1616,2022-11-03 17:00:00,0.9,0.85,sell
1617,2022-11-03 17:00:00,0.9,0.85,sell
1618,2022-11-04 15:30:00,0.7,0.65,buy
1619,2022-11-04 15:30:00,0.9,0.85,sell
1620,2022-11-04 15:30:00,0.9,0.85,sell
1621,2022-11-09 18:30:00,0.85,0.8,sell
1622,2022-11-09 21:00:00,0.9,0.85,sell
1623,2022-11-10 16:30:00,0.85,0.7,sell
1624,2022-11-10 16:30:00,0.75,0.7,sell
1625,2022-11-10 16:30:00,0.75,0.65,sell
1626,2022-11-10 16:30:00,0.85,0.8,buy
1627,2022-11-10 16:30:00,0.85,0.8,buy
1628,2022-11-10 16:30:00,0.9,0.85,buy
1629,2022-11-10 21:00:00,0.9,0.85,buy
1630,2022-11-15 16:30:00,0.8,0.8,buy
1631,2022-11-16 16:30:00,0.7,0.65,sell
1632,2022-11-16 16:30:00,0.85,0.75,sell
1633,2022-11-16 18:30:00,0.7,0.75,sell
1634,2022-11-17 13:00:00,0.8,0.8,sell
1635,2022-11-17 16:30:00,0.5,0.7,hold
1636,2022-11-17 16:30:00,0.7,0.6,hold
1637,2022-11-18 18:00:00,0.7,0.65,buy
1638,2022-11-23 16:30:00,0.5,0.7,hold
1639,2022-11-23 16:30:00,0.6,0.7,buy
1640,2022-11-23 17:45:00,0.8,0.75,buy
1641,2022-11-23 17:45:00,0.8,0.7,buy
1642,2022-11-23 18:00:00,0.7,0.65,buy
1643,2022-11-23 18:30:00,0.8,0.85,buy
1644,2022-11-25 10:00:00,0.85,0.8,buy
1645,2022-11-29 13:00:00,0.75,0.6,hold
1646,2022-11-29 18:00:00,0.5,0.7,hold
1647,2022-11-30 13:00:00,0.85,0.75,sell
1648,2022-11-30 16:15:00,0.85,0.8,sell
1649,2022-11-30 16:30:00,0.8,0.85,sell
1650,2022-11-30 16:30:00,0.85,0.8,sell
1651,2022-11-30 17:45:00,0.9,0.8,sell
1652,2022-11-30 18:00:00,0.85,0.75,sell
1653,2022-11-30 18:30:00,0.7,0.65,sell
1654,2022-12-01 16:30:00,0.75,0.65,sell
1655,2022-12-01 16:30:00,0.85,0.75,buy
1656,2022-12-01 16:30:00,0.7,0.6,hold
1657,2022-12-01 17:45:00,0.8,0.7,hold
1658,2022-12-01 18:00:00,0.75,0.6,hold
1659,2022-12-01 18:00:00,0.85,0.75,buy
1660,2022-12-02 16:30:00,0.8,0.7,sell
1661,2022-12-02 16:30:00,0.9,0.85,sell
1662,2022-12-02 16:30:00,0.95,0.85,sell
1663,2022-12-05 17:45:00,0.9,0.85,sell
1664,2022-12-05 18:00:00,0.9,0.8,sell
1665,2022-12-05 18:00:00,0.9,0.8,sell
1666,2022-12-07 18:30:00,0.7,0.65,buy
1667,2022-12-08 16:30:00,0.5,0.6,hold
1668,2022-12-09 16:30:00,0.75,0.8,sell
1669,2022-12-12 21:00:00,0.7,0.8,sell
1670,2022-12-13 16:30:00,0.9,0.8,buy
1671,2022-12-13 16:30:00,0.9,0.85,buy
1672,2022-12-13 16:30:00,0.9,0.85,buy
1673,2022-12-13 16:30:00,1.0,0.95,buy
1674,2022-12-13 16:30:00,0.95,0.9,buy
1675,2022-12-13 21:00:00,0.9,0.9,buy
1676,2022-12-14 18:30:00,0.95,0.9,buy
1677,2022-12-14 22:00:00,0.9,0.8,sell
1678,2022-12-15 15:45:00,0.8,0.7,hold
1679,2022-12-15 15:45:00,0.95,0.8,hold
1680,2022-12-15 16:30:00,0.85,0.7,hold
1681,2022-12-15 16:30:00,1.0,0.65,buy
1682,2022-12-15 16:30:00,0.9,0.9,buy
1683,2022-12-15 16:30:00,0.9,0.8,buy
1684,2022-12-16 13:00:00,0.75,0.7,buy
1685,2022-12-16 17:45:00,0.8,0.7,buy
1686,2022-12-16 17:45:00,0.7,0.6,buy
1687,2022-12-21 18:00:00,0.7,0.65,sell
1688,2022-12-21 18:00:00,0.75,0.65,buy
1689,2022-12-21 18:30:00,0.7,0.65,buy
1690,2022-12-22 16:30:00,0.8,0.7,sell
1691,2022-12-22 16:30:00,0.85,0.8,sell
1692,2022-12-22 16:30:00,0.85,0.8,sell
1693,2022-12-23 16:30:00,0.75,0.7,sell
1694,2022-12-23 16:30:00,0.8,0.75,sell
1695,2022-12-23 16:30:00,0.6,0.5,hold
1696,2022-12-23 18:00:00,0.6,0.7,hold
1697,2022-12-29 16:30:00,0.7,0.65,buy
1698,2022-12-29 19:00:00,0.6,0.65,buy
1699,2022-12-30 17:45:00,0.7,0.6,buy
1700,2023-01-03 17:45:00,0.4,0.7,hold
1701,2023-01-04 18:00:00,0.65,0.7,buy
1702,2023-01-04 18:00:00,0.75,0.7,buy
1703,2023-01-04 18:00:00,0.6,0.7,buy
1704,2023-01-05 16:15:00,0.7,0.75,sell
1705,2023-01-05 16:30:00,0.8,0.75,sell
1706,2023-01-05 17:45:00,0.8,0.75,sell
1707,2023-01-05 19:00:00,0.8,0.85,sell
1708,2023-01-06 13:00:00,0.85,0.8,sell
1709,2023-01-06 13:00:00,0.9,0.85,sell
1710,2023-01-06 16:30:00,0.85,0.7,sell
1711,2023-01-06 16:30:00,0.9,0.85,sell
1712,2023-01-06 16:30:00,0.95,0.9,sell
1713,2023-01-06 18:00:00,0.9,0.75,sell
1714,2023-01-06 18:00:00,0.9,0.75,sell
1715,2023-01-11 18:30:00,0.85,0.75,sell
1716,2023-01-11 21:00:00,0.75,0.65,buy
1717,2023-01-12 16:30:00,0.75,0.6,hold
1718,2023-01-12 16:30:00,0.85,0.75,buy
1719,2023-01-12 16:30:00,0.9,0.85,buy
1720,2023-01-12 16:30:00,0.95,0.85,buy
1721,2023-01-12 16:30:00,0.9,0.85,buy
1722,2023-01-12 16:30:00,0.9,0.85,buy
1723,2023-01-12 21:00:00,0.85,0.75,buy
1724,2023-01-18 13:00:00,0.5,0.7,hold
1725,2023-01-18 16:30:00,0.75,0.65,buy
1726,2023-01-18 16:30:00,0.7,0.65,buy
1727,2023-01-18 16:30:00,0.75,0.8,buy
1728,2023-01-19 16:30:00,0.7,0.75,buy
1729,2023-01-19 16:30:00,0.75,0.65,buy
1730,2023-01-19 19:00:00,0.85,0.7,buy
1731,2023-01-20 18:00:00,0.6,0.7,hold
1732,2023-01-24 17:45:00,0.7,0.8,sell
1733,2023-01-24 17:45:00,0.7,0.7,sell
1734,2023-01-25 18:30:00,0.4,0.6,sell
1735,2023-01-26 16:30:00,0.85,0.75,buy
1736,2023-01-26 16:30:00,0.6,0.5,hold
1737,2023-01-26 16:30:00,0.7,0.6,hold
1738,2023-01-26 16:30:00,0.7,0.8,hold
1739,2023-01-26 18:00:00,0.75,0.6,hold
1740,2023-01-27 16:30:00,0.85,0.8,sell
1741,2023-01-27 16:30:00,0.85,0.7,sell
1742,2023-01-30 12:00:00,0.85,0.7,sell
1743,2023-01-30 13:00:00,0.65,0.7,hold
1744,2023-01-31 17:45:00,0.6,0.7,hold
1745,2023-01-31 18:00:00,0.75,0.65,buy
1746,2023-02-01 13:00:00,0.8,0.75,sell
1747,2023-02-01 16:15:00,0.9,0.85,sell
1748,2023-02-01 17:45:00,0.9,0.85,sell
1749,2023-02-01 18:00:00,0.8,0.7,sell
1750,2023-02-01 18:00:00,0.8,0.75,sell
1751,2023-02-01 18:00:00,0.75,0.8,sell
1752,2023-02-01 18:30:00,0.75,0.7,sell
1753,2023-02-01 22:00:00,0.95,0.85,sell
1754,2023-02-02 16:15:00,0.9,0.7,buy
1755,2023-02-02 16:15:00,0.9,0.7,buy
1756,2023-02-02 16:30:00,0.95,0.7,hold
1757,2023-02-03 16:30:00,0.9,0.75,sell
1758,2023-02-03 16:30:00,0.9,0.85,sell
1759,2023-02-03 16:30:00,0.95,0.85,sell
1760,2023-02-03 17:45:00,0.95,0.9,sell
1761,2023-02-03 18:00:00,0.95,0.9,sell
1762,2023-02-03 18:00:00,0.95,0.9,sell
1763,2023-02-08 18:30:00,0.75,0.7,sell
1764,2023-02-08 21:00:00,0.75,0.8,sell
1765,2023-02-09 16:30:00,0.5,0.6,hold
1766,2023-02-09 21:00:00,0.5,0.6,hold
1767,2023-02-14 16:30:00,0.9,0.85,sell
1768,2023-02-14 16:30:00,0.85,0.75,sell
1769,2023-02-14 16:30:00,0.85,0.75,sell
1770,2023-02-14 16:30:00,0.9,0.85,sell
1771,2023-02-14 16:30:00,0.9,0.85,sell
1772,2023-02-15 16:30:00,0.9,0.85,sell
1773,2023-02-15 16:30:00,0.9,0.85,sell
1774,2023-02-15 18:30:00,0.9,0.85,sell
1775,2023-02-16 16:30:00,0.9,0.85,sell
1776,2023-02-16 16:30:00,0.75,0.8,sell
1777,2023-02-16 16:30:00,0.85,0.75,sell
1778,2023-02-21 17:45:00,0.75,0.65,sell
1779,2023-02-21 17:45:00,0.8,0.7,sell
1780,2023-02-21 18:00:00,0.75,0.7,sell
1781,2023-02-23 13:00:00,0.8,0.7,buy
1782,2023-02-23 16:30:00,0.7,0.65,buy
1783,2023-02-23 16:30:00,0.8,0.65,sell
1784,2023-02-23 16:30:00,0.8,0.75,buy
1785,2023-02-23 19:00:00,0.8,0.75,buy
1786,2023-02-24 10:00:00,0.75,0.7,sell
1787,2023-02-24 16:30:00,0.85,0.9,sell
1788,2023-02-24 16:30:00,0.9,0.85,sell
1789,2023-02-24 18:00:00,0.9,0.9,sell
1790,2023-02-27 13:00:00,0.85,0.8,sell
1791,2023-02-27 16:30:00,0.8,0.7,sell
1792,2023-02-28 17:45:00,0.7,0.6,hold
1793,2023-02-28 18:00:00,0.7,0.75,buy
1794,2023-03-01 17:45:00,0.8,0.85,buy
1795,2023-03-01 18:00:00,0.8,0.75,buy
1796,2023-03-01 18:00:00,0.8,0.75,sell
1797,2023-03-01 18:30:00,0.85,0.7,sell
1798,2023-03-02 13:00:00,0.7,0.65,buy
1799,2023-03-02 16:30:00,0.8,0.7,hold
1800,2023-03-03 17:45:00,0.8,0.7,sell
1801,2023-03-03 18:00:00,0.85,0.7,sell
1802,2023-03-03 18:00:00,0.85,0.75,sell
1803,2023-03-08 16:15:00,0.85,0.9,sell
1804,2023-03-08 18:00:00,0.8,0.75,sell
1805,2023-03-08 18:30:00,0.85,0.8,sell
1806,2023-03-08 21:00:00,0.85,0.8,sell
1807,2023-03-09 16:30:00,0.65,0.7,hold
1808,2023-03-09 21:00:00,0.8,0.75,buy
1809,2023-03-10 16:30:00,0.95,0.85,sell
1810,2023-03-10 16:30:00,0.85,0.75,sell
1811,2023-03-10 16:30:00,0.9,0.7,sell
1812,2023-03-14 15:30:00,0.95,0.85,sell
1813,2023-03-14 15:30:00,0.9,0.8,sell
1814,2023-03-14 15:30:00,0.85,0.6,hold
1815,2023-03-14 15:30:00,0.85,0.6,hold
1816,2023-03-14 15:30:00,0.8,0.7,sell
1817,2023-03-15 15:30:00,0.8,0.7,buy
1818,2023-03-15 15:30:00,0.7,0.6,hold
1819,2023-03-15 15:30:00,0.8,0.6,sell
1820,2023-03-15 17:30:00,0.7,0.6,hold
1821,2023-03-16 15:30:00,0.7,0.8,buy
1822,2023-03-16 15:30:00,0.7,0.65,buy
1823,2023-03-16 16:15:00,0.9,0.8,buy
1824,2023-03-16 16:15:00,0.9,0.85,buy
1825,2023-03-17 13:00:00,0.9,0.8,buy
1826,2023-03-21 17:00:00,0.85,0.75,buy
1827,2023-03-22 17:30:00,0.9,0.8,buy
1828,2023-03-22 21:00:00,0.95,0.85,sell
1829,2023-03-23 15:30:00,0.9,0.85,sell
1830,2023-03-23 17:00:00,0.9,0.95,sell
1831,2023-03-24 15:30:00,0.9,0.75,sell
1832,2023-03-24 16:45:00,0.8,0.75,sell
1833,2023-03-24 16:45:00,0.7,0.75,sell
1834,2023-03-28 17:00:00,0.6,0.65,sell
1835,2023-03-29 17:30:00,0.5,0.6,hold
1836,2023-03-30 12:00:00,0.7,0.65,buy
1837,2023-03-30 15:30:00,0.7,0.65,buy
1838,2023-03-30 15:30:00,0.8,0.75,buy
1839,2023-03-30 15:30:00,0.8,0.75,buy
1840,2023-03-31 12:00:00,0.8,0.75,sell
1841,2023-03-31 15:30:00,0.9,0.8,sell
1842,2023-03-31 15:30:00,0.8,0.7,sell
1843,2023-03-31 16:45:00,0.85,0.8,sell
1844,2023-04-03 16:45:00,0.8,0.8,sell
1845,2023-04-03 17:00:00,0.8,0.65,buy
1846,2023-04-03 17:00:00,0.8,0.75,buy
1847,2023-04-04 17:00:00,0.8,0.75,buy
1848,2023-04-05 15:15:00,0.7,0.65,buy
1849,2023-04-05 16:45:00,0.85,0.8,buy
1850,2023-04-05 17:00:00,0.8,0.7,buy
1851,2023-04-05 17:00:00,0.7,0.65,buy
1852,2023-04-05 17:30:00,0.8,0.7,buy
1853,2023-04-06 15:30:00,0.85,0.8,buy
1854,2023-04-07 15:30:00,0.8,0.75,buy
1855,2023-04-07 15:30:00,0.9,0.85,sell
1856,2023-04-07 15:30:00,0.9,0.85,sell
1857,2023-04-12 15:30:00,0.85,0.7,buy
1858,2023-04-12 15:30:00,0.85,0.7,buy
1859,2023-04-12 15:30:00,0.9,0.8,buy
1860,2023-04-12 15:30:00,0.95,0.85,buy
1861,2023-04-12 15:30:00,0.9,0.9,buy
1862,2023-04-12 17:30:00,0.9,0.85,buy
1863,2023-04-12 20:00:00,0.95,0.9,buy
1864,2023-04-13 15:30:00,0.9,0.85,buy
1865,2023-04-13 15:30:00,0.9,0.85,buy
1866,2023-04-13 20:00:00,0.9,0.85,buy
1867,2023-04-14 15:30:00,0.85,0.8,buy
1868,2023-04-14 15:30:00,0.9,0.85,buy
1869,2023-04-19 12:00:00,0.8,0.75,buy
1870,2023-04-19 17:30:00,0.6,0.75,buy
1871,2023-04-20 15:30:00,0.7,0.7,buy
1872,2023-04-20 15:30:00,0.8,0.75,buy
1873,2023-04-20 17:00:00,0.65,0.75,buy
1874,2023-04-21 16:45:00,0.7,0.65,buy
1875,2023-04-21 16:45:00,0.7,0.6,hold
1876,2023-04-25 17:00:00,0.6,0.65,sell
1877,2023-04-25 17:00:00,0.5,0.7,hold
1878,2023-04-26 15:30:00,0.7,0.65,sell
1879,2023-04-26 17:30:00,0.75,0.8,sell
1880,2023-04-27 12:00:00,0.65,0.7,hold
1881,2023-04-27 15:30:00,0.85,0.75,buy
1882,2023-04-27 15:30:00,0.8,0.7,buy
1883,2023-04-27 15:30:00,0.8,0.6,hold
1884,2023-04-28 11:00:00,0.8,0.65,buy
1885,2023-04-28 15:30:00,0.9,0.75,buy
1886,2023-04-28 15:30:00,0.8,0.6,hold
1887,2023-04-28 16:45:00,0.85,0.75,buy
1888,2023-05-01 16:45:00,0.8,0.7,buy
1889,2023-05-01 17:00:00,0.7,0.6,hold
1890,2023-05-01 17:00:00,0.75,0.6,hold
1891,2023-05-02 12:00:00,0.85,0.75,buy
1892,2023-05-02 17:00:00,0.8,0.75,buy
1893,2023-05-03 15:15:00,0.85,0.75,sell
1894,2023-05-03 16:45:00,0.85,0.7,hold
1895,2023-05-03 17:00:00,0.8,0.65,buy
1896,2023-05-03 17:00:00,0.6,0.7,hold
1897,2023-05-03 17:30:00,0.7,0.65,sell
1898,2023-05-03 21:00:00,0.9,0.8,sell
1899,2023-05-04 15:15:00,0.9,0.8,hold
1900,2023-05-04 15:15:00,0.8,0.7,hold
1901,2023-05-04 15:30:00,0.9,0.7,hold
1902,2023-05-05 15:30:00,0.8,0.7,hold
1903,2023-05-05 15:30:00,0.95,0.8,sell
1904,2023-05-05 15:30:00,0.95,0.85,sell
1905,2023-05-10 15:30:00,0.9,0.85,sell
1906,2023-05-10 15:30:00,0.95,0.9,sell
1907,2023-05-10 15:30:00,1.0,0.95,sell
1908,2023-05-10 15:30:00,0.9,0.85,sell
1909,2023-05-10 15:30:00,0.9,0.8,sell
1910,2023-05-10 17:30:00,0.8,0.7,sell
1911,2023-05-10 20:00:00,0.8,0.85,buy
1912,2023-05-11 15:30:00,0.8,0.65,buy
1913,2023-05-11 15:30:00,0.8,0.7,buy
1914,2023-05-11 20:00:00,0.6,0.7,hold
1915,2023-05-16 15:30:00,0.6,0.65,sell
1916,2023-05-16 15:30:00,0.8,0.75,sell
1917,2023-05-17 12:00:00,0.7,0.65,sell
1918,2023-05-17 17:30:00,0.65,0.7,sell
1919,2023-05-18 15:30:00,0.8,0.85,sell
1920,2023-05-18 15:30:00,0.75,0.8,sell
1921,2023-05-18 17:00:00,0.6,0.7,sell
1922,2023-05-23 16:45:00,0.6,0.5,hold
1923,2023-05-23 16:45:00,0.5,0.6,hold
1924,2023-05-23 17:00:00,0.5,0.7,hold
1925,2023-05-24 17:30:00,0.4,0.6,hold
1926,2023-05-25 09:00:00,0.7,0.8,sell
1927,2023-05-25 15:30:00,0.9,0.85,sell
1928,2023-05-25 15:30:00,0.9,0.85,sell
1929,2023-05-25 15:30:00,0.9,0.9,sell
1930,2023-05-26 15:30:00,0.9,0.95,sell
1931,2023-05-26 15:30:00,0.8,0.8,sell
1932,2023-05-26 15:30:00,0.8,0.7,hold
1933,2023-05-30 12:00:00,0.6,0.7,hold
1934,2023-05-30 17:00:00,0.7,0.65,buy
1935,2023-05-31 16:45:00,0.7,0.8,buy
1936,2023-05-31 17:00:00,0.8,0.6,hold
1937,2023-06-01 12:00:00,0.85,0.8,sell
1938,2023-06-01 15:15:00,0.9,0.85,sell
1939,2023-06-01 15:30:00,0.9,0.85,sell
1940,2023-06-01 16:45:00,0.9,0.85,sell
1941,2023-06-01 17:00:00,0.9,0.8,sell
1942,2023-06-01 17:00:00,0.8,0.75,sell
1943,2023-06-01 18:00:00,0.75,0.65,buy
1944,2023-06-02 15:30:00,0.85,0.8,buy
1945,2023-06-02 15:30:00,0.9,0.7,sell
1946,2023-06-02 15:30:00,0.9,0.8,sell
1947,2023-06-05 16:45:00,0.9,0.7,sell
1948,2023-06-05 17:00:00,0.8,0.6,buy
1949,2023-06-05 17:00:00,0.9,0.7,sell
1950,2023-06-07 17:30:00,0.75,0.8,buy
1951,2023-06-08 15:30:00,0.7,0.8,buy
1952,2023-06-12 20:00:00,0.75,0.65,buy
1953,2023-06-13 15:30:00,0.85,0.8,buy
1954,2023-06-13 15:30:00,0.85,0.8,buy
1955,2023-06-13 15:30:00,0.9,0.85,buy
1956,2023-06-13 15:30:00,0.9,0.85,buy
1957,2023-06-13 15:30:00,0.9,0.8,buy
1958,2023-06-13 20:00:00,0.9,0.8,buy
1959,2023-06-14 15:30:00,0.8,0.75,buy
1960,2023-06-14 17:30:00,0.7,0.75,buy
1961,2023-06-14 21:00:00,0.7,0.65,buy
1962,2023-06-15 15:15:00,0.8,0.75,buy
1963,2023-06-15 15:15:00,0.9,0.85,buy
1964,2023-06-15 15:30:00,0.9,0.75,buy
1965,2023-06-15 15:30:00,0.9,0.8,buy
1966,2023-06-15 15:30:00,0.9,0.75,buy
1967,2023-06-15 15:30:00,0.85,0.7,buy
1968,2023-06-16 12:00:00,0.75,0.7,sell
1969,2023-06-22 15:30:00,0.4,0.7,hold
1970,2023-06-22 17:00:00,0.4,0.6,hold
1971,2023-06-22 18:00:00,0.5,0.7,hold
1972,2023-06-23 16:45:00,0.6,0.7,buy
1973,2023-06-23 16:45:00,0.7,0.8,buy
1974,2023-06-27 15:30:00,0.5,0.7,hold
1975,2023-06-27 17:00:00,0.7,0.65,sell
1976,2023-06-27 17:00:00,0.65,0.75,sell
1977,2023-06-28 17:30:00,0.6,0.7,sell
1978,2023-06-29 12:00:00,0.85,0.8,sell
1979,2023-06-29 15:30:00,0.9,0.85,sell
1980,2023-06-29 15:30:00,0.85,0.9,sell
1981,2023-06-29 15:30:00,0.9,0.85,sell
1982,2023-06-30 12:00:00,0.85,0.7,sell
1983,2023-06-30 15:30:00,0.85,0.75,buy
1984,2023-06-30 15:30:00,0.85,0.75,buy
1985,2023-06-30 16:45:00,0.85,0.75,buy
1986,2023-07-03 16:45:00,0.9,0.85,buy
1987,2023-07-03 17:00:00,0.85,0.8,buy
1988,2023-07-03 17:00:00,0.8,0.75,buy
1989,2023-07-06 15:15:00,0.8,0.75,sell
1990,2023-07-06 15:30:00,0.8,0.75,sell
1991,2023-07-06 16:45:00,0.8,0.8,sell
1992,2023-07-06 17:00:00,0.85,0.75,sell
1993,2023-07-06 17:00:00,0.85,0.8,sell
1994,2023-07-06 17:00:00,0.8,0.75,sell
1995,2023-07-06 18:00:00,0.65,0.6,sell
1996,2023-07-07 15:30:00,0.75,0.6,hold
1997,2023-07-07 15:30:00,0.8,0.75,sell
1998,2023-07-07 15:30:00,0.85,0.8,sell
1999,2023-07-12 15:30:00,0.85,0.75,buy
2000,2023-07-12 15:30:00,0.9,0.8,buy
2001,2023-07-12 15:30:00,0.85,0.7,buy
2002,2023-07-12 15:30:00,0.85,0.75,buy
2003,2023-07-12 15:30:00,0.9,0.85,buy
2004,2023-07-12 17:30:00,0.8,0.75,buy
2005,2023-07-12 20:00:00,0.75,0.7,sell
2006,2023-07-13 15:30:00,0.85,0.8,sell
2007,2023-07-13 15:30:00,0.7,0.8,sell
2008,2023-07-13 20:00:00,0.8,0.85,sell
2009,2023-07-18 15:30:00,0.7,0.85,sell
2010,2023-07-18 15:30:00,0.7,0.6,sell
2011,2023-07-19 12:00:00,0.6,0.65,sell
2012,2023-07-19 17:30:00,0.4,0.8,hold
2013,2023-07-20 15:30:00,0.3,0.8,hold
2014,2023-07-20 15:30:00,0.5,0.65,sell
2015,2023-07-20 17:00:00,0.65,0.7,sell
2016,2023-07-24 16:45:00,0.7,0.75,sell
2017,2023-07-24 16:45:00,0.5,0.6,hold
2018,2023-07-25 17:00:00,0.7,0.65,sell
2019,2023-07-26 17:00:00,0.4,0.7,hold
2020,2023-07-26 17:30:00,0.4,0.7,hold
2021,2023-07-26 21:00:00,0.9,0.85,sell
2022,2023-07-27 15:15:00,0.8,0.7,hold
2023,2023-07-27 15:15:00,0.85,0.8,hold
2024,2023-07-27 15:30:00,0.9,0.7,sell
2025,2023-07-27 15:30:00,0.9,0.75,sell
2026,2023-07-27 15:30:00,0.9,0.7,buy
2027,2023-07-27 15:30:00,0.9,0.75,sell
2028,2023-07-28 11:00:00,0.9,0.85,sell
2029,2023-07-28 12:00:00,0.9,0.85,sell
2030,2023-07-28 15:30:00,0.8,0.7,sell
2031,2023-07-28 15:30:00,0.85,0.6,hold
2032,2023-07-31 12:00:00,0.85,0.7,buy
2033,2023-07-31 16:45:00,0.85,0.75,buy
2034,2023-08-01 16:45:00,0.9,0.85,buy
2035,2023-08-01 17:00:00,0.85,0.7,buy
2036,2023-08-01 17:00:00,0.85,0.7,buy
2037,2023-08-01 17:00:00,0.6,0.7,hold
2038,2023-08-02 15:15:00,0.8,0.7,sell
2039,2023-08-02 17:30:00,0.75,0.7,sell
2040,2023-08-03 15:30:00,0.7,0.6,hold
2041,2023-08-03 16:45:00,0.7,0.65,sell
2042,2023-08-03 17:00:00,0.75,0.8,sell
2043,2023-08-03 17:00:00,0.7,0.75,sell
2044,2023-08-04 15:30:00,0.9,0.85,sell
2045,2023-08-04 15:30:00,0.9,0.85,sell
2046,2023-08-04 15:30:00,0.95,0.9,sell
2047,2023-08-09 17:30:00,0.9,0.85,sell
2048,2023-08-09 20:00:00,0.9,0.85,sell
2049,2023-08-10 15:30:00,0.6,0.7,hold
2050,2023-08-10 15:30:00,0.85,0.75,sell
2051,2023-08-10 15:30:00,0.85,0.7,buy
2052,2023-08-10 15:30:00,0.7,0.6,hold
2053,2023-08-10 15:30:00,0.8,0.75,sell
2054,2023-08-10 15:30:00,0.85,0.65,sell
2055,2023-08-10 20:00:00,0.8,0.7,hold
2056,2023-08-11 15:30:00,0.85,0.75,sell
2057,2023-08-15 15:30:00,0.9,0.75,sell
2058,2023-08-15 15:30:00,0.8,0.7,sell
2059,2023-08-16 17:30:00,0.85,0.8,sell
2060,2023-08-17 15:30:00,0.8,0.8,sell
2061,2023-08-17 15:30:00,0.8,0.75,sell
2062,2023-08-18 12:00:00,0.7,0.8,sell
2063,2023-08-22 17:00:00,0.5,0.7,hold
2064,2023-08-23 16:45:00,0.7,0.65,buy
2065,2023-08-23 16:45:00,0.75,0.8,buy
2066,2023-08-23 17:00:00,0.75,0.8,buy
2067,2023-08-23 17:30:00,0.7,0.8,buy
2068,2023-08-24 15:30:00,0.6,0.6,hold
2069,2023-08-24 15:30:00,0.6,0.7,hold
2070,2023-08-25 09:00:00,0.6,0.7,hold
2071,2023-08-29 17:00:00,0.7,0.65,buy
2072,2023-08-29 17:00:00,0.7,0.65,buy
2073,2023-08-30 12:00:00,0.8,0.75,buy
2074,2023-08-30 15:15:00,0.7,0.6,hold
2075,2023-08-30 15:30:00,0.75,0.65,buy
2076,2023-08-30 15:30:00,0.7,0.6,hold
2077,2023-08-30 17:30:00,0.7,0.6,hold
2078,2023-08-31 12:00:00,0.75,0.7,hold
2079,2023-08-31 15:30:00,0.8,0.7,buy
2080,2023-08-31 15:30:00,0.85,0.7,hold
2081,2023-08-31 15:30:00,0.85,0.7,hold
2082,2023-08-31 16:45:00,0.7,0.6,hold
2083,2023-09-01 15:30:00,0.75,0.6,hold
2084,2023-09-01 15:30:00,0.85,0.7,sell
2085,2023-09-01 15:30:00,0.85,0.7,hold
2086,2023-09-01 16:45:00,0.9,0.7,sell
2087,2023-09-01 17:00:00,0.85,0.7,hold
2088,2023-09-01 17:00:00,0.9,0.85,sell
2089,2023-09-06 16:45:00,0.5,0.6,hold
2090,2023-09-06 17:00:00,0.8,0.75,sell
2091,2023-09-06 17:00:00,0.8,0.75,sell
2092,2023-09-07 15:30:00,0.8,0.85,sell
2093,2023-09-07 18:00:00,0.8,0.85,sell
2094,2023-09-12 20:00:00,0.85,0.9,sell
2095,2023-09-13 15:30:00,0.9,0.85,sell
2096,2023-09-13 15:30:00,0.85,0.8,sell
2097,2023-09-13 15:30:00,0.85,0.7,sell
2098,2023-09-13 15:30:00,0.7,0.6,hold
2099,2023-09-13 15:30:00,0.7,0.6,hold
2100,2023-09-13 17:30:00,0.9,0.85,buy
2101,2023-09-13 20:00:00,0.8,0.7,buy
2102,2023-09-14 15:15:00,0.85,0.7,hold
2103,2023-09-14 15:15:00,0.9,0.7,buy
2104,2023-09-14 15:30:00,0.9,0.7,hold
2105,2023-09-14 15:30:00,0.85,0.75,sell
2106,2023-09-14 15:30:00,0.9,0.7,hold
2107,2023-09-14 15:30:00,0.9,0.7,sell
2108,2023-09-19 12:00:00,0.85,0.8,sell
2109,2023-09-20 17:30:00,0.85,0.8,sell
2110,2023-09-20 21:00:00,0.75,0.7,sell
2111,2023-09-21 15:30:00,0.8,0.75,sell
2112,2023-09-21 15:30:00,0.75,0.65,sell
2113,2023-09-21 17:00:00,0.6,0.65,sell
2114,2023-09-22 16:45:00,0.7,0.75,sell
2115,2023-09-22 16:45:00,0.7,0.65,sell
2116,2023-09-26 17:00:00,0.4,0.6,hold
2117,2023-09-26 17:00:00,0.5,0.7,buy
2118,2023-09-27 15:30:00,0.4,0.7,hold
2119,2023-09-27 17:30:00,0.65,0.7,buy
2120,2023-09-28 12:00:00,0.65,0.7,buy
2121,2023-09-28 15:30:00,0.6,0.7,hold
2122,2023-09-28 15:30:00,0.6,0.7,hold
2123,2023-09-28 15:30:00,0.65,0.6,buy
2124,2023-09-29 12:00:00,0.85,0.8,sell
2125,2023-09-29 15:30:00,0.8,0.7,hold
2126,2023-09-29 15:30:00,0.8,0.7,sell
2127,2023-09-29 16:45:00,0.8,0.7,sell
2128,2023-10-02 16:45:00,0.85,0.75,sell
2129,2023-10-02 17:00:00,0.75,0.65,sell
2130,2023-10-02 17:00:00,0.65,0.6,hold
2131,2023-10-03 17:00:00,0.8,0.75,sell
2132,2023-10-04 15:15:00,0.7,0.8,sell
2133,2023-10-04 16:45:00,0.75,0.8,sell
2134,2023-10-04 17:00:00,0.75,0.65,sell
2135,2023-10-04 17:00:00,0.75,0.7,sell
2136,2023-10-04 17:30:00,0.8,0.7,sell
2137,2023-10-05 15:30:00,0.4,0.6,buy
2138,2023-10-06 15:30:00,0.7,0.8,buy
2139,2023-10-06 15:30:00,0.9,0.8,sell
2140,2023-10-06 15:30:00,0.9,0.8,sell
2141,2023-10-11 15:30:00,0.9,0.85,sell
2142,2023-10-11 20:00:00,0.9,0.85,sell
2143,2023-10-12 15:30:00,0.9,0.85,sell
2144,2023-10-12 15:30:00,0.85,0.7,buy
2145,2023-10-12 15:30:00,0.85,0.75,buy
2146,2023-10-12 15:30:00,0.8,0.6,hold
2147,2023-10-12 15:30:00,0.85,0.7,buy
2148,2023-10-12 15:30:00,0.8,0.7,buy
2149,2023-10-12 18:00:00,0.8,0.65,sell
2150,2023-10-12 20:00:00,0.85,0.8,sell
2151,2023-10-17 15:30:00,0.8,0.75,sell
2152,2023-10-17 15:30:00,0.85,0.9,sell
2153,2023-10-18 12:00:00,0.75,0.8,sell
2154,2023-10-18 17:30:00,0.6,0.7,sell
2155,2023-10-19 15:30:00,0.7,0.6,sell
2156,2023-10-19 15:30:00,0.8,0.75,sell
2157,2023-10-19 17:00:00,0.6,0.7,sell
2158,2023-10-24 16:45:00,0.7,0.75,sell
2159,2023-10-24 16:45:00,0.75,0.8,sell
2160,2023-10-25 17:00:00,0.8,0.85,sell
2161,2023-10-25 17:30:00,0.7,0.8,sell
2162,2023-10-26 15:15:00,0.7,0.8,sell
2163,2023-10-26 15:15:00,0.75,0.7,sell
2164,2023-10-26 15:30:00,0.5,0.7,hold
2165,2023-10-26 15:30:00,0.7,0.6,hold
2166,2023-10-26 15:30:00,0.8,0.7,sell
2167,2023-10-26 15:30:00,0.85,0.8,sell
2168,2023-10-27 15:30:00,0.9,0.85,sell
2169,2023-10-27 15:30:00,1.0,0.9,sell
2170,2023-10-30 12:00:00,0.9,0.85,sell
2171,2023-10-30 13:00:00,0.9,0.85,sell
2172,2023-10-31 13:00:00,0.9,0.85,sell
2173,2023-10-31 16:45:00,0.85,0.8,sell
2174,2023-10-31 17:00:00,0.8,0.75,sell
2175,2023-11-01 15:15:00,0.8,0.75,sell
2176,2023-11-01 16:45:00,0.9,0.85,sell
2177,2023-11-01 17:00:00,0.6,0.7,hold
2178,2023-11-01 17:00:00,0.65,0.7,hold
2179,2023-11-01 17:00:00,0.8,0.7,sell
2180,2023-11-01 17:30:00,0.6,0.7,hold
2181,2023-11-01 21:00:00,0.85,0.7,hold
2182,2023-11-02 15:30:00,0.7,0.6,hold
2183,2023-11-03 15:30:00,0.7,0.6,buy
2184,2023-11-03 15:30:00,0.85,0.75,sell
2185,2023-11-03 15:30:00,0.8,0.6,sell
2186,2023-11-03 16:45:00,0.8,0.7,hold
2187,2023-11-03 17:00:00,0.9,0.6,hold
2188,2023-11-03 17:00:00,0.8,0.7,sell
2189,2023-11-08 18:30:00,0.75,0.85,buy
2190,2023-11-08 21:00:00,0.7,0.65,buy
2191,2023-11-09 16:30:00,0.75,0.8,buy
2192,2023-11-09 21:00:00,0.7,0.75,buy
2193,2023-11-14 16:30:00,0.85,0.75,sell
2194,2023-11-14 16:30:00,0.85,0.7,sell
2195,2023-11-14 16:30:00,0.8,0.75,sell
2196,2023-11-14 16:30:00,0.85,0.65,buy
2197,2023-11-14 16:30:00,0.9,0.75,buy
2198,2023-11-15 16:30:00,0.85,0.9,buy
2199,2023-11-15 16:30:00,0.9,0.85,buy
2200,2023-11-15 16:30:00,0.9,0.85,buy
2201,2023-11-15 18:30:00,0.7,0.8,buy
2202,2023-11-16 16:30:00,0.8,0.75,buy
2203,2023-11-16 16:30:00,0.6,0.65,buy
2204,2023-11-17 13:00:00,0.5,0.6,buy
2205,2023-11-21 18:00:00,0.6,0.7,buy
2206,2023-11-22 16:30:00,0.6,0.7,hold
2207,2023-11-22 16:30:00,0.6,0.5,hold
2208,2023-11-22 18:30:00,0.6,0.5,hold
2209,2023-11-24 10:00:00,0.5,0.7,hold
2210,2023-11-24 17:45:00,0.6,0.7,hold
2211,2023-11-24 17:45:00,0.65,0.7,buy
2212,2023-11-27 18:00:00,0.4,0.6,hold
2213,2023-11-28 18:00:00,0.6,0.65,buy
2214,2023-11-29 13:00:00,0.75,0.65,sell
2215,2023-11-29 16:30:00,0.85,0.8,sell
2216,2023-11-29 16:30:00,0.8,0.85,sell
2217,2023-11-29 18:30:00,0.8,0.85,sell
2218,2023-11-30 13:00:00,0.8,0.75,sell
2219,2023-11-30 16:30:00,0.85,0.8,sell
2220,2023-11-30 16:30:00,0.8,0.7,buy
2221,2023-11-30 16:30:00,0.7,0.6,hold
2222,2023-11-30 17:45:00,0.8,0.7,buy
2223,2023-12-01 17:45:00,0.75,0.65,sell
2224,2023-12-01 18:00:00,0.85,0.7,buy
2225,2023-12-01 18:00:00,0.65,0.55,sell
2226,2023-12-05 17:45:00,0.5,0.7,hold
2227,2023-12-05 18:00:00,0.4,0.7,hold
2228,2023-12-05 18:00:00,0.6,0.7,hold
2229,2023-12-05 18:00:00,0.75,0.7,buy
2230,2023-12-06 16:15:00,0.7,0.6,hold
2231,2023-12-06 18:30:00,0.75,0.6,hold
2232,2023-12-07 16:30:00,0.75,0.6,hold
2233,2023-12-08 16:30:00,0.9,0.85,sell
2234,2023-12-08 16:30:00,0.9,0.85,sell
2235,2023-12-08 16:30:00,0.95,0.9,sell
2236,2023-12-11 21:00:00,0.85,0.8,sell
2237,2023-12-12 16:30:00,0.9,0.8,buy
2238,2023-12-12 16:30:00,0.85,0.75,buy
2239,2023-12-12 16:30:00,0.8,0.6,hold
2240,2023-12-12 16:30:00,0.85,0.65,sell
2241,2023-12-12 16:30:00,0.85,0.7,hold
2242,2023-12-12 21:00:00,0.85,0.6,hold
2243,2023-12-13 16:30:00,0.8,0.7,hold
2244,2023-12-13 18:30:00,0.75,0.7,buy
2245,2023-12-13 22:00:00,0.85,0.75,buy
2246,2023-12-14 16:15:00,0.6,0.5,buy
2247,2023-12-14 16:15:00,0.7,0.6,buy
2248,2023-12-14 16:30:00,0.6,0.7,sell
2249,2023-12-14 16:30:00,0.7,0.7,sell
2250,2023-12-14 16:30:00,0.8,0.75,sell
2251,2023-12-15 17:45:00,0.75,0.7,sell
2252,2023-12-15 17:45:00,0.7,0.7,sell
2253,2023-12-19 13:00:00,0.4,0.7,hold
2254,2023-12-20 18:00:00,0.5,0.7,hold
2255,2023-12-20 18:00:00,0.6,0.7,sell
2256,2023-12-20 18:30:00,0.6,0.75,sell
2257,2023-12-21 16:30:00,0.5,0.8,hold
2258,2023-12-21 16:30:00,0.4,0.8,hold
2259,2023-12-21 16:30:00,0.4,0.7,hold
2260,2023-12-21 16:30:00,0.5,0.6,buy
2261,2023-12-22 16:30:00,0.9,0.85,buy
2262,2023-12-22 16:30:00,0.85,0.75,buy
2263,2023-12-22 16:30:00,0.85,0.75,buy
2264,2023-12-22 18:00:00,0.8,0.75,buy
2265,2023-12-28 16:30:00,0.85,0.75,buy
2266,2023-12-28 19:00:00,0.7,0.75,buy
2267,2023-12-29 17:45:00,0.6,0.7,buy
2268,2024-01-02 17:45:00,0.7,0.8,buy
2269,2024-01-03 18:00:00,0.65,0.7,buy
2270,2024-01-03 18:00:00,0.6,0.5,buy
2271,2024-01-03 18:00:00,0.75,0.65,buy
2272,2024-01-04 16:15:00,0.7,0.65,sell
2273,2024-01-04 16:30:00,0.85,0.75,sell
2274,2024-01-04 17:45:00,0.7,0.6,sell
2275,2024-01-04 19:00:00,0.7,0.75,sell
2276,2024-01-05 13:00:00,0.85,0.7,buy
2277,2024-01-05 16:30:00,0.8,0.7,buy
2278,2024-01-05 16:30:00,0.95,0.8,sell
2279,2024-01-05 16:30:00,0.9,0.8,sell
2280,2024-01-05 18:00:00,0.9,0.7,hold
2281,2024-01-05 18:00:00,0.9,0.7,sell
2282,2024-01-08 13:00:00,0.9,0.8,sell
2283,2024-01-10 18:30:00,0.65,0.7,buy
2284,2024-01-10 21:00:00,0.7,0.65,buy
2285,2024-01-11 16:30:00,0.85,0.8,sell
2286,2024-01-11 16:30:00,0.85,0.8,sell
2287,2024-01-11 16:30:00,0.85,0.7,hold
2288,2024-01-11 16:30:00,0.7,0.6,hold
2289,2024-01-11 16:30:00,0.9,0.6,hold
2290,2024-01-11 16:30:00,0.7,0.65,buy
2291,2024-01-11 21:00:00,0.75,0.7,buy
2292,2024-01-12 16:30:00,0.7,0.6,hold
2293,2024-01-17 13:00:00,0.7,0.6,hold
2294,2024-01-17 16:30:00,0.5,0.7,hold
2295,2024-01-17 16:30:00,0.8,0.75,sell
2296,2024-01-18 16:30:00,0.7,0.75,sell
2297,2024-01-18 16:30:00,0.75,0.8,sell
2298,2024-01-18 19:00:00,0.85,0.8,sell
2299,2024-01-19 18:00:00,0.7,0.75,sell
2300,2024-01-24 18:30:00,0.6,0.7,sell
2301,2024-01-25 16:15:00,0.5,0.7,hold
2302,2024-01-25 16:15:00,0.4,0.8,hold
2303,2024-01-25 16:30:00,0.5,0.6,buy
2304,2024-01-25 16:30:00,0.7,0.75,buy
2305,2024-01-25 18:00:00,0.6,0.7,buy
2306,2024-01-26 15:30:00,0.8,0.7,hold
2307,2024-01-26 15:30:00,0.8,0.7,buy
2308,2024-01-30 12:00:00,0.85,0.75,sell
2309,2024-01-30 13:00:00,0.8,0.75,sell
2310,2024-01-30 18:00:00,0.85,0.75,sell
2311,2024-01-30 18:00:00,0.85,0.8,sell
2312,2024-01-31 16:15:00,0.8,0.7,sell
2313,2024-01-31 17:45:00,0.6,0.5,hold
2314,2024-01-31 18:30:00,0.65,0.5,hold
2315,2024-01-31 22:00:00,0.7,0.6,hold
2316,2024-02-01 13:00:00,0.6,0.65,buy
2317,2024-02-01 16:30:00,0.6,0.7,buy
2318,2024-02-01 17:45:00,0.6,0.7,hold
2319,2024-02-01 18:00:00,0.75,0.65,sell
2320,2024-02-01 18:00:00,0.7,0.65,sell
2321,2024-02-02 16:30:00,0.85,0.8,sell
2322,2024-02-02 16:30:00,0.9,0.85,sell
2323,2024-02-02 16:30:00,0.95,0.9,sell
2324,2024-02-05 17:45:00,0.95,0.9,sell
2325,2024-02-05 18:00:00,0.95,0.9,sell
2326,2024-02-05 18:00:00,0.9,0.95,sell
2327,2024-02-07 18:30:00,0.9,0.85,sell
2328,2024-02-07 21:00:00,0.8,0.85,sell
2329,2024-02-08 16:30:00,0.75,0.8,sell
2330,2024-02-08 21:00:00,0.7,0.8,sell
2331,2024-02-13 16:30:00,0.85,0.75,sell
2332,2024-02-13 16:30:00,0.85,0.6,hold
2333,2024-02-13 16:30:00,0.85,0.7,buy
2334,2024-02-13 16:30:00,0.9,0.7,sell
2335,2024-02-13 16:30:00,0.85,0.7,sell
2336,2024-02-14 18:30:00,0.8,0.6,hold
2337,2024-02-15 16:30:00,0.8,0.7,sell
2338,2024-02-15 16:30:00,0.8,0.75,sell
2339,2024-02-15 16:30:00,0.6,0.7,hold
2340,2024-02-15 16:30:00,0.7,0.65,buy
2341,2024-02-16 16:30:00,0.75,0.6,hold
2342,2024-02-22 13:00:00,0.6,0.7,hold
2343,2024-02-22 16:30:00,0.75,0.65,sell
2344,2024-02-22 18:00:00,0.7,0.65,sell
2345,2024-02-22 19:00:00,0.75,0.8,sell
2346,2024-02-23 10:00:00,0.7,0.8,sell
2347,2024-02-26 18:00:00,0.7,0.8,sell
2348,2024-02-27 16:30:00,0.6,0.5,hold
2349,2024-02-27 18:00:00,0.6,0.7,buy
2350,2024-02-28 13:00:00,0.75,0.7,buy
2351,2024-02-28 18:30:00,0.6,0.7,buy
2352,2024-02-29 15:30:00,0.8,0.7,sell
2353,2024-02-29 15:30:00,0.85,0.75,sell
2354,2024-02-29 16:30:00,0.8,0.7,sell
2355,2024-02-29 17:45:00,0.8,0.7,sell
2356,2024-03-01 13:00:00,0.8,0.75,sell
2357,2024-03-01 17:45:00,0.8,0.6,sell
2358,2024-03-01 18:00:00,0.8,0.75,sell
2359,2024-03-01 18:00:00,0.75,0.65,sell
2360,2024-03-05 17:45:00,0.7,0.6,sell
2361,2024-03-05 18:00:00,0.6,0.7,sell
2362,2024-03-05 18:00:00,0.7,0.65,buy
2363,2024-03-06 16:15:00,0.7,0.65,sell
2364,2024-03-06 18:00:00,0.75,0.7,sell
2365,2024-03-06 18:30:00,0.75,0.7,sell
2366,2024-03-07 16:15:00,0.75,0.7,sell
2367,2024-03-07 16:15:00,0.7,0.7,sell
2368,2024-03-07 16:30:00,0.6,0.7,hold
2369,2024-03-08 16:30:00,0.75,0.8,buy
2370,2024-03-08 16:30:00,0.9,0.7,sell
2371,2024-03-08 16:30:00,0.85,0.7,hold
2372,2024-03-12 15:30:00,0.9,0.8,sell
2373,2024-03-12 15:30:00,0.9,0.8,sell
2374,2024-03-12 15:30:00,0.9,0.85,sell
2375,2024-03-12 15:30:00,0.9,0.85,sell
2376,2024-03-12 15:30:00,0.95,0.9,sell
2377,2024-03-12 20:00:00,0.95,0.9,sell
2378,2024-03-13 17:30:00,0.9,0.85,sell
2379,2024-03-13 20:00:00,0.9,0.85,sell
2380,2024-03-14 15:30:00,0.85,0.8,sell
2381,2024-03-14 15:30:00,0.9,0.85,sell
2382,2024-03-14 15:30:00,0.85,0.8,sell
2383,2024-03-14 15:30:00,0.85,0.8,sell
2384,2024-03-18 13:00:00,0.8,0.75,sell
2385,2024-03-20 17:30:00,0.6,0.7,sell
2386,2024-03-20 21:00:00,0.6,0.8,hold
2387,2024-03-21 15:30:00,0.5,0.6,hold
2388,2024-03-21 15:30:00,0.4,0.7,hold
2389,2024-03-21 17:00:00,0.5,0.7,hold
2390,2024-03-25 17:00:00,0.6,0.5,sell
2391,2024-03-26 15:30:00,0.6,0.7,sell
2392,2024-03-26 17:00:00,0.5,0.6,sell
2393,2024-03-27 13:00:00,0.85,0.75,sell
2394,2024-03-27 17:30:00,0.65,0.7,sell
2395,2024-03-28 15:30:00,0.65,0.5,hold
2396,2024-03-28 15:30:00,0.85,0.75,sell
2397,2024-03-28 15:30:00,0.9,0.8,sell
2398,2024-03-29 15:30:00,0.8,0.7,buy
2399,2024-03-29 15:30:00,0.8,0.7,hold
2400,2024-03-29 16:45:00,0.8,0.7,buy
2401,2024-04-01 16:45:00,0.8,0.7,buy
2402,2024-04-01 17:00:00,0.85,0.75,sell
2403,2024-04-01 17:00:00,0.85,0.8,sell
2404,2024-04-02 17:00:00,0.85,0.8,sell
2405,2024-04-03 12:00:00,0.9,0.85,sell
2406,2024-04-03 15:15:00,0.8,0.75,sell
2407,2024-04-03 16:45:00,0.85,0.75,sell
2408,2024-04-03 17:00:00,0.7,0.6,hold
2409,2024-04-03 17:00:00,0.85,0.75,buy
2410,2024-04-03 17:30:00,0.85,0.8,buy
2411,2024-04-04 15:30:00,0.7,0.8,buy
2412,2024-04-05 15:30:00,0.8,0.75,buy
2413,2024-04-05 15:30:00,0.7,0.6,buy
2414,2024-04-05 15:30:00,0.9,0.85,sell
2415,2024-04-10 15:30:00,0.95,0.85,sell
2416,2024-04-10 15:30:00,1.0,0.9,sell
2417,2024-04-10 15:30:00,0.9,0.85,sell
2418,2024-04-10 15:30:00,0.9,0.85,sell
2419,2024-04-10 15:30:00,0.9,0.85,sell
2420,2024-04-10 17:30:00,0.9,0.8,sell
2421,2024-04-10 20:00:00,0.7,0.6,hold
2422,2024-04-11 15:15:00,0.75,0.7,sell
2423,2024-04-11 15:15:00,0.8,0.75,sell
2424,2024-04-11 15:30:00,0.7,0.7,sell
2425,2024-04-11 15:30:00,0.7,0.8,sell
2426,2024-04-11 20:00:00,0.8,0.75,sell
2427,2024-04-15 15:30:00,0.8,0.85,sell
2428,2024-04-15 15:30:00,0.85,0.9,sell
2429,2024-04-17 12:00:00,0.8,0.75,sell
2430,2024-04-17 17:30:00,0.7,0.75,sell
2431,2024-04-18 15:30:00,0.6,0.5,hold
2432,2024-04-18 15:30:00,0.7,0.65,sell
2433,2024-04-18 17:00:00,0.5,0.7,hold
2434,2024-04-23 17:00:00,0.5,0.6,hold
2435,2024-04-24 15:30:00,0.7,0.75,sell
2436,2024-04-24 17:30:00,0.7,0.8,sell
2437,2024-04-25 15:30:00,0.7,0.8,sell
2438,2024-04-25 15:30:00,0.8,0.6,hold
2439,2024-04-25 15:30:00,0.8,0.75,buy
2440,2024-04-26 15:30:00,0.8,0.7,sell
2441,2024-04-26 15:30:00,0.85,0.75,sell
2442,2024-04-29 12:00:00,0.8,0.6,hold
2443,2024-04-30 09:00:00,0.85,0.7,buy
2444,2024-04-30 12:00:00,0.9,0.8,buy
2445,2024-04-30 16:45:00,0.8,0.85,buy
2446,2024-04-30 17:00:00,0.9,0.85,buy
2447,2024-05-01 15:15:00,0.85,0.8,buy
2448,2024-05-01 16:45:00,0.8,0.75,buy
2449,2024-05-01 17:00:00,0.6,0.6,buy
2450,2024-05-01 17:00:00,0.7,0.65,sell
2451,2024-05-01 17:00:00,0.8,0.8,sell
2452,2024-05-01 17:30:00,0.8,0.85,sell
2453,2024-05-01 21:00:00,0.8,0.7,sell
2454,2024-05-02 15:30:00,0.85,0.8,sell
2455,2024-05-03 15:30:00,0.7,0.6,hold
2456,2024-05-03 15:30:00,0.75,0.7,buy
2457,2024-05-03 15:30:00,0.9,0.85,buy
2458,2024-05-03 16:45:00,0.9,0.85,buy
2459,2024-05-03 17:00:00,0.9,0.8,buy
2460,2024-05-03 17:00:00,0.9,0.8,buy
2461,2024-05-08 17:30:00,0.8,0.7,buy
2462,2024-05-08 20:00:00,0.5,0.6,hold
2463,2024-05-09 15:30:00,0.75,0.7,buy
2464,2024-05-09 20:00:00,0.8,0.75,buy
2465,2024-05-14 15:30:00,0.75,0.65,sell
2466,2024-05-15 15:30:00,0.9,0.85,sell
2467,2024-05-15 15:30:00,0.9,0.8,sell
2468,2024-05-15 15:30:00,0.9,0.85,sell
2469,2024-05-15 15:30:00,0.9,0.85,sell
2470,2024-05-15 15:30:00,0.9,0.85,sell
2471,2024-05-15 15:30:00,0.85,0.7,sell
2472,2024-05-15 15:30:00,0.8,0.7,sell
2473,2024-05-15 17:30:00,0.8,0.7,sell
2474,2024-05-16 15:30:00,0.7,0.65,buy
2475,2024-05-16 15:30:00,0.4,0.7,hold
2476,2024-05-17 12:00:00,0.4,0.8,hold
2477,2024-05-22 17:00:00,0.4,0.5,sell
2478,2024-05-22 17:30:00,0.4,0.6,hold
2479,2024-05-23 15:30:00,0.7,0.75,sell
2480,2024-05-23 17:00:00,0.6,0.6,sell
2481,2024-05-24 09:00:00,0.4,0.7,hold
2482,2024-05-24 15:30:00,0.7,0.75,sell
2483,2024-05-28 17:00:00,0.7,0.7,sell
2484,2024-05-30 12:00:00,0.6,0.6,buy
2485,2024-05-30 15:30:00,0.7,0.65,buy
2486,2024-05-30 15:30:00,0.5,0.6,hold
2487,2024-05-30 15:30:00,0.8,0.7,buy
2488,2024-05-30 18:00:00,0.85,0.8,buy
2489,2024-05-31 12:00:00,0.9,0.85,buy
2490,2024-05-31 15:30:00,0.85,0.7,buy
2491,2024-05-31 15:30:00,0.85,0.7,hold
2492,2024-05-31 16:45:00,0.8,0.7,buy
2493,2024-06-03 16:45:00,0.8,0.7,sell
2494,2024-06-03 17:00:00,0.85,0.75,sell
2495,2024-06-03 17:00:00,0.75,0.6,hold
2496,2024-06-04 17:00:00,0.75,0.65,buy
2497,2024-06-05 15:15:00,0.7,0.6,hold
2498,2024-06-05 16:45:00,0.75,0.7,sell
2499,2024-06-05 17:00:00,0.8,0.65,sell
2500,2024-06-05 17:00:00,0.8,0.85,sell
2501,2024-06-05 17:30:00,0.85,0.9,sell
2502,2024-06-06 15:15:00,0.9,0.9,sell
2503,2024-06-06 15:15:00,1.0,0.9,sell
2504,2024-06-06 15:30:00,0.9,0.85,sell
2505,2024-06-07 15:30:00,0.9,0.7,hold
2506,2024-06-07 15:30:00,0.95,0.85,sell
2507,2024-06-07 15:30:00,1.0,0.8,sell
2508,2024-06-11 20:00:00,0.85,0.75,sell
2509,2024-06-12 15:30:00,0.85,0.7,buy
2510,2024-06-12 15:30:00,0.9,0.8,buy
2511,2024-06-12 15:30:00,0.9,0.8,buy
2512,2024-06-12 15:30:00,0.9,0.85,buy
2513,2024-06-12 15:30:00,0.9,0.85,buy
2514,2024-06-12 17:30:00,0.9,0.85,buy
2515,2024-06-12 21:00:00,0.85,0.75,buy
2516,2024-06-13 15:30:00,0.85,0.8,buy
2517,2024-06-13 15:30:00,0.8,0.7,buy
2518,2024-06-13 20:00:00,0.7,0.75,buy
2519,2024-06-18 12:00:00,0.65,0.7,buy
2520,2024-06-18 15:30:00,0.75,0.8,buy
2521,2024-06-18 15:30:00,0.5,0.6,hold
2522,2024-06-20 05:30:00,0.4,0.7,hold
2523,2024-06-20 15:30:00,0.4,0.7,hold
2524,2024-06-20 15:30:00,0.75,0.7,buy
2525,2024-06-21 17:00:00,0.6,0.65,buy
2526,2024-06-25 17:00:00,0.6,0.7,buy
2527,2024-06-26 05:30:00,0.5,0.6,buy
2528,2024-06-26 17:00:00,0.6,0.7,buy
2529,2024-06-27 12:00:00,0.5,0.7,hold
2530,2024-06-27 15:30:00,0.6,0.7,hold
2531,2024-06-27 15:30:00,0.8,0.85,sell
2532,2024-06-27 15:30:00,0.8,0.75,sell
2533,2024-06-27 15:30:00,0.7,0.65,sell
2534,2024-06-28 15:30:00,0.9,0.85,sell
2535,2024-06-28 15:30:00,0.8,0.85,sell
2536,2024-06-28 16:45:00,0.85,0.75,sell
2537,2024-07-01 16:45:00,0.8,0.7,sell
2538,2024-07-01 17:00:00,0.85,0.7,buy
2539,2024-07-01 17:00:00,0.75,0.65,buy
2540,2024-07-02 12:00:00,0.6,0.7,hold
2541,2024-07-02 17:00:00,0.7,0.65,sell
2542,2024-07-03 05:30:00,0.6,0.7,hold
2543,2024-07-03 15:15:00,0.8,0.75,sell
2544,2024-07-03 15:30:00,0.7,0.6,sell
2545,2024-07-03 16:45:00,0.65,0.7,sell
2546,2024-07-03 17:00:00,0.8,0.7,buy
2547,2024-07-03 17:00:00,0.7,0.7,buy
2548,2024-07-05 15:30:00,0.9,0.85,buy
2549,2024-07-05 15:30:00,0.9,0.85,buy
2550,2024-07-05 15:30:00,0.95,0.85,buy
2551,2024-07-10 05:30:00,0.9,0.85,buy
2552,2024-07-10 20:00:00,0.85,0.75,buy
2553,2024-07-11 15:30:00,0.85,0.8,buy
2554,2024-07-11 15:30:00,0.8,0.7,buy
2555,2024-07-11 15:30:00,0.8,0.7,buy
2556,2024-07-11 15:30:00,0.85,0.8,buy
2557,2024-07-11 15:30:00,0.85,0.75,buy
2558,2024-07-11 15:30:00,0.9,0.8,buy
2559,2024-07-11 20:00:00,0.95,0.9,buy
2560,2024-07-12 15:30:00,0.85,0.75,buy
2561,2024-07-16 15:30:00,0.8,0.6,buy
2562,2024-07-16 15:30:00,0.8,0.7,buy
2563,2024-07-17 05:30:00,0.5,0.7,hold
2564,2024-07-17 12:00:00,0.5,0.7,hold
2565,2024-07-18 15:15:00,0.4,0.7,hold
2566,2024-07-18 15:15:00,0.5,0.6,buy
2567,2024-07-18 15:30:00,0.6,0.7,sell
2568,2024-07-18 15:30:00,0.5,0.7,hold
2569,2024-07-23 17:00:00,0.6,0.7,hold
2570,2024-07-24 05:30:00,0.5,0.7,hold
2571,2024-07-24 17:00:00,0.6,0.65,buy
2572,2024-07-25 15:30:00,0.85,0.8,buy
2573,2024-07-25 15:30:00,0.8,0.75,buy
2574,2024-07-25 15:30:00,0.7,0.6,hold
2575,2024-07-25 15:30:00,0.8,0.7,buy
2576,2024-07-26 15:30:00,0.85,0.75,sell
2577,2024-07-26 15:30:00,0.8,0.7,sell
2578,2024-07-30 11:00:00,0.85,0.75,sell
2579,2024-07-30 12:00:00,0.85,0.75,sell
2580,2024-07-30 17:00:00,0.85,0.9,sell
2581,2024-07-30 17:00:00,0.8,0.75,sell
2582,2024-07-31 05:30:00,0.8,0.75,sell
2583,2024-07-31 12:00:00,0.65,0.7,hold
2584,2024-07-31 15:15:00,0.7,0.6,hold
2585,2024-07-31 16:45:00,0.7,0.6,hold
2586,2024-07-31 21:00:00,0.8,0.7,hold
2587,2024-08-01 15:30:00,0.6,0.5,hold
2588,2024-08-01 16:45:00,0.7,0.6,hold
2589,2024-08-01 17:00:00,0.85,0.8,buy
2590,2024-08-01 17:00:00,0.85,0.8,buy
2591,2024-08-02 15:30:00,0.9,0.9,buy
2592,2024-08-02 15:30:00,1.0,0.95,buy
2593,2024-08-02 15:30:00,1.0,0.9,buy
2594,2024-08-05 16:45:00,0.95,0.9,buy
2595,2024-08-05 17:00:00,0.9,0.8,buy
2596,2024-08-05 17:00:00,0.9,0.85,buy
2597,2024-08-07 17:30:00,0.75,0.7,buy
2598,2024-08-07 20:00:00,0.65,0.7,buy
2599,2024-08-08 15:30:00,0.7,0.65,sell
2600,2024-08-08 20:00:00,0.6,0.65,sell
2601,2024-08-13 15:30:00,0.4,0.7,hold
2602,2024-08-14 15:30:00,0.8,0.7,buy
2603,2024-08-14 15:30:00,0.8,0.7,buy
2604,2024-08-14 15:30:00,0.8,0.7,buy
2605,2024-08-14 15:30:00,0.6,0.7,hold
2606,2024-08-14 15:30:00,0.85,0.75,buy
2607,2024-08-14 17:30:00,0.6,0.7,hold
2608,2024-08-15 15:30:00,0.8,0.75,buy
2609,2024-08-15 15:30:00,0.7,0.6,hold
2610,2024-08-15 15:30:00,0.85,0.6,hold
2611,2024-08-15 15:30:00,0.7,0.65,sell
2612,2024-08-20 12:00:00,0.7,0.65,sell
2613,2024-08-21 17:30:00,0.5,0.7,hold
2614,2024-08-22 15:30:00,0.4,0.6,hold
2615,2024-08-22 17:00:00,0.3,0.8,hold
2616,2024-08-23 17:00:00,0.4,0.7,hold
2617,2024-08-26 15:30:00,0.7,0.75,sell
2618,2024-08-27 09:00:00,0.8,0.85,sell
2619,2024-08-27 17:00:00,0.65,0.75,sell
2620,2024-08-28 17:30:00,0.6,0.7,sell
2621,2024-08-29 12:00:00,0.65,0.7,sell
2622,2024-08-29 15:30:00,0.6,0.7,sell
2623,2024-08-29 15:30:00,0.7,0.75,sell
2624,2024-08-29 15:30:00,0.85,0.8,sell
2625,2024-08-30 12:00:00,0.9,0.85,sell
2626,2024-08-30 15:30:00,0.9,0.9,sell
2627,2024-08-30 15:30:00,0.9,0.9,sell
2628,2024-08-30 16:45:00,0.9,0.85,sell
2629,2024-09-03 16:45:00,0.8,0.7,sell
2630,2024-09-03 17:00:00,0.7,0.6,hold
2631,2024-09-03 17:00:00,0.7,0.6,hold
2632,2024-09-04 17:00:00,0.8,0.75,buy
2633,2024-09-05 15:15:00,0.8,0.75,buy
2634,2024-09-05 15:30:00,0.8,0.7,buy
2635,2024-09-05 16:45:00,0.8,0.6,hold
2636,2024-09-05 17:00:00,0.8,0.6,buy
2637,2024-09-05 17:00:00,0.6,0.8,hold
2638,2024-09-05 18:00:00,0.6,0.7,sell
2639,2024-09-06 15:30:00,0.75,0.7,sell
2640,2024-09-06 15:30:00,0.8,0.75,sell
2641,2024-09-06 15:30:00,0.9,0.85,sell
2642,2024-09-11 15:30:00,0.85,0.6,hold
2643,2024-09-11 15:30:00,0.85,0.7,sell
2644,2024-09-11 15:30:00,0.8,0.65,buy
2645,2024-09-11 15:30:00,0.9,0.85,buy
2646,2024-09-11 15:30:00,0.9,0.8,buy
2647,2024-09-11 17:30:00,0.8,0.65,buy
2648,2024-09-11 20:00:00,0.85,0.8,buy
2649,2024-09-12 15:15:00,0.9,0.8,sell
2650,2024-09-12 15:15:00,0.95,0.9,sell
2651,2024-09-12 15:30:00,0.9,0.85,sell
2652,2024-09-12 15:30:00,0.95,0.85,sell
2653,2024-09-12 20:00:00,0.9,0.85,sell
2654,2024-09-17 15:30:00,0.85,0.65,buy
2655,2024-09-17 15:30:00,0.8,0.7,buy
2656,2024-09-18 12:00:00,0.7,0.75,buy
2657,2024-09-18 17:30:00,0.6,0.65,buy
2658,2024-09-18 21:00:00,0.95,0.9,buy
2659,2024-09-19 15:30:00,1.0,0.9,buy
2660,2024-09-19 15:30:00,0.9,0.85,buy
2661,2024-09-19 17:00:00,0.9,0.85,buy
2662,2024-09-24 17:00:00,0.9,0.85,buy
2663,2024-09-25 17:00:00,0.5,0.6,hold
2664,2024-09-25 17:30:00,0.4,0.6,hold
2665,2024-09-26 15:30:00,0.4,0.8,hold
2666,2024-09-26 15:30:00,0.5,0.6,buy
2667,2024-09-26 15:30:00,0.5,0.6,buy
2668,2024-09-26 15:30:00,0.6,0.7,hold
2669,2024-09-27 12:00:00,0.7,0.65,buy
2670,2024-09-27 15:30:00,0.8,0.75,buy
2671,2024-09-27 15:30:00,0.7,0.6,hold
2672,2024-09-30 16:45:00,0.6,0.7,hold
2673,2024-10-01 12:00:00,0.8,0.75,sell
2674,2024-10-01 16:45:00,0.8,0.75,sell
2675,2024-10-01 17:00:00,0.9,0.8,sell
2676,2024-10-01 17:00:00,0.85,0.7,sell
2677,2024-10-01 17:00:00,0.75,0.6,hold
2678,2024-10-02 15:15:00,0.8,0.65,sell
2679,2024-10-02 17:30:00,0.65,0.7,sell
2680,2024-10-03 15:30:00,0.7,0.65,buy
2681,2024-10-03 16:45:00,0.7,0.5,hold
2682,2024-10-03 17:00:00,0.8,0.75,sell
2683,2024-10-03 17:00:00,0.8,0.75,sell
2684,2024-10-04 15:30:00,0.85,0.8,sell
2685,2024-10-04 15:30:00,0.9,0.7,sell
2686,2024-10-04 15:30:00,0.9,0.6,hold
2687,2024-10-09 17:30:00,0.85,0.6,hold
2688,2024-10-09 20:00:00,0.7,0.6,hold
2689,2024-10-10 15:30:00,0.85,0.75,sell
2690,2024-10-10 15:30:00,0.85,0.7,hold
2691,2024-10-10 15:30:00,0.85,0.75,buy
2692,2024-10-10 15:30:00,0.8,0.7,buy
2693,2024-10-10 15:30:00,0.85,0.75,buy
2694,2024-10-10 15:30:00,0.9,0.85,buy
2695,2024-10-10 20:00:00,0.9,0.8,buy
2696,2024-10-11 15:30:00,0.8,0.85,buy
2697,2024-10-17 12:00:00,0.85,0.7,sell
2698,2024-10-17 15:15:00,0.9,0.85,sell
2699,2024-10-17 15:15:00,0.9,0.85,sell
2700,2024-10-17 15:30:00,0.9,0.85,sell
2701,2024-10-17 15:30:00,1.0,0.95,sell
2702,2024-10-17 15:30:00,0.9,0.85,sell
2703,2024-10-17 15:30:00,1.0,0.95,sell
2704,2024-10-17 18:00:00,0.8,0.85,sell
2705,2024-10-23 17:00:00,0.8,0.85,sell
2706,2024-10-23 17:30:00,0.3,0.6,hold
2707,2024-10-24 15:30:00,0.6,0.7,sell
2708,2024-10-24 17:00:00,0.7,0.75,sell
2709,2024-10-25 15:30:00,0.7,0.7,sell
2710,2024-10-29 17:00:00,0.7,0.6,buy
2711,2024-10-29 17:00:00,0.7,0.65,sell
2712,2024-10-30 12:00:00,0.85,0.75,buy
2713,2024-10-30 13:00:00,0.7,0.75,buy
2714,2024-10-30 15:15:00,0.8,0.65,sell
2715,2024-10-30 15:30:00,0.8,0.7,sell
2716,2024-10-30 15:30:00,0.85,0.7,sell
2717,2024-10-30 17:30:00,0.8,0.75,sell
2718,2024-10-31 13:00:00,0.8,0.7,hold
2719,2024-10-31 15:30:00,0.8,0.75,buy
2720,2024-10-31 15:30:00,0.8,0.7,sell
2721,2024-10-31 15:30:00,0.8,0.7,sell
2722,2024-10-31 16:45:00,0.8,0.75,sell
2723,2024-11-01 15:30:00,0.8,0.75,sell
2724,2024-11-01 15:30:00,0.85,0.8,sell
2725,2024-11-01 15:30:00,0.9,0.8,buy
2726,2024-11-01 16:45:00,0.9,0.8,buy
2727,2024-11-01 17:00:00,0.9,0.85,buy
2728,2024-11-01 17:00:00,0.9,0.85,buy
2729,2024-11-05 17:45:00,0.9,0.85,buy
2730,2024-11-05 18:00:00,0.65,0.6,sell
2731,2024-11-05 18:00:00,0.75,0.7,sell
2732,2024-11-05 21:00:00,0.7,0.75,sell
2733,2024-11-06 18:30:00,0.7,0.75,sell
2734,2024-11-06 21:00:00,0.8,0.85,sell
2735,2024-11-07 16:30:00,0.7,0.65,sell
2736,2024-11-07 22:00:00,0.9,0.85,buy
2737,2024-11-13 16:30:00,0.9,0.85,buy
2738,2024-11-13 16:30:00,0.9,0.85,buy
2739,2024-11-13 16:30:00,0.9,0.85,buy
2740,2024-11-13 16:30:00,0.9,0.85,buy
2741,2024-11-13 16:30:00,0.85,0.75,sell
2742,2024-11-14 16:30:00,0.85,0.8,sell
2743,2024-11-14 16:30:00,0.8,0.75,sell
2744,2024-11-14 19:00:00,0.8,0.75,sell
2745,2024-11-15 16:30:00,0.8,0.7,sell
2746,2024-11-15 16:30:00,0.75,0.7,sell
2747,2024-11-19 13:00:00,0.65,0.8,hold
2748,2024-11-20 18:30:00,0.3,0.8,hold
2749,2024-11-21 16:30:00,0.6,0.65,buy
2750,2024-11-21 16:30:00,0.5,0.6,hold
2751,2024-11-21 18:00:00,0.4,0.7,hold
2752,2024-11-22 10:00:00,0.65,0.7,hold
2753,2024-11-26 18:00:00,0.6,0.5,hold
2754,2024-11-26 18:00:00,0.7,0.75,sell
2755,2024-11-27 16:30:00,0.5,0.65,sell
2756,2024-11-27 16:30:00,0.6,0.65,sell
2757,2024-11-27 16:30:00,0.5,0.7,hold
2758,2024-11-27 16:30:00,0.5,0.7,hold
2759,2024-11-27 17:45:00,0.5,0.8,hold
2760,2024-11-27 18:00:00,0.8,0.75,sell
2761,2024-11-27 18:00:00,0.85,0.8,sell
2762,2024-11-27 18:30:00,0.85,0.8,sell
2763,2024-11-28 13:00:00,0.85,0.75,sell
2764,2024-11-29 13:00:00,0.85,0.7,hold
2765,2024-12-02 17:45:00,0.8,0.7,buy
2766,2024-12-02 18:00:00,0.8,0.7,buy
2767,2024-12-02 18:00:00,0.75,0.65,buy
2768,2024-12-03 18:00:00,0.85,0.7,hold
2769,2024-12-04 16:15:00,0.7,0.6,hold
2770,2024-12-04 17:45:00,0.75,0.6,hold
2771,2024-12-04 18:00:00,0.6,0.7,hold
2772,2024-12-04 18:00:00,0.7,0.6,hold
2773,2024-12-04 18:30:00,0.7,0.65,buy
2774,2024-12-05 16:30:00,0.7,0.6,hold
2775,2024-12-06 16:30:00,0.7,0.8,buy
2776,2024-12-06 16:30:00,0.75,0.6,hold
2777,2024-12-06 16:30:00,0.9,0.85,sell
2778,2024-12-11 16:30:00,0.95,0.85,sell
2779,2024-12-11 16:30:00,0.95,0.85,sell
2780,2024-12-11 16:30:00,0.9,0.85,sell
2781,2024-12-11 16:30:00,0.95,0.9,sell
2782,2024-12-11 16:30:00,0.9,0.85,sell
2783,2024-12-11 18:30:00,0.8,0.7,sell
2784,2024-12-11 21:00:00,0.8,0.75,sell
2785,2024-12-12 16:15:00,0.9,0.85,sell
2786,2024-12-12 16:15:00,0.9,0.85,sell
2787,2024-12-12 16:30:00,0.9,0.7,sell
2788,2024-12-12 16:30:00,0.85,0.7,hold
2789,2024-12-12 21:00:00,0.9,0.7,hold
2790,2024-12-17 16:30:00,0.9,0.8,sell
2791,2024-12-17 16:30:00,0.75,0.65,sell
2792,2024-12-18 13:00:00,0.85,0.75,sell
2793,2024-12-18 18:30:00,0.85,0.8,sell
2794,2024-12-18 22:00:00,0.9,0.85,buy
2795,2024-12-19 16:30:00,0.9,0.8,buy
2796,2024-12-19 16:30:00,0.85,0.7,sell
2797,2024-12-19 16:30:00,0.85,0.7,hold
2798,2024-12-19 16:30:00,0.85,0.6,hold
2799,2024-12-19 18:00:00,0.75,0.8,sell
2800,2024-12-20 16:30:00,0.85,0.6,hold
2801,2024-12-20 16:30:00,0.8,0.7,buy
2802,2024-12-23 16:30:00,0.8,0.75,buy
2803,2024-12-23 18:00:00,0.8,0.75,buy
2804,2024-12-23 18:00:00,0.75,0.8,buy
2805,2024-12-26 16:30:00,0.6,0.7,buy
2806,2024-12-27 21:00:00,0.75,0.8,buy
2807,2024-12-30 17:45:00,0.4,0.5,buy
2808,2025-01-02 16:30:00,0.4,0.5,hold
2809,2025-01-02 17:45:00,0.4,0.7,hold
2810,2025-01-02 19:00:00,0.4,0.6,hold
2811,2025-01-03 18:00:00,0.6,0.7,hold
2812,2025-01-03 18:00:00,0.7,0.65,sell
2813,2025-01-06 17:45:00,0.7,0.7,sell
2814,2025-01-07 13:00:00,0.7,0.7,sell
2815,2025-01-07 18:00:00,0.8,0.8,sell
2816,2025-01-07 18:00:00,0.8,0.85,sell
2817,2025-01-07 18:00:00,0.9,0.85,sell
2818,2025-01-07 21:00:00,0.8,0.9,sell
2819,2025-01-08 13:00:00,0.8,0.75,sell
2820,2025-01-08 16:15:00,0.8,0.75,sell
2821,2025-01-08 16:30:00,0.8,0.75,sell
2822,2025-01-08 18:30:00,0.75,0.65,sell
2823,2025-01-08 21:00:00,0.7,0.65,sell
2824,2025-01-10 16:30:00,0.8,0.85,sell
2825,2025-01-10 16:30:00,0.9,0.85,sell
2826,2025-01-10 16:30:00,0.95,0.9,sell
2827,2025-01-14 16:30:00,0.9,0.85,sell
2828,2025-01-15 16:30:00,0.95,0.85,sell
2829,2025-01-15 16:30:00,0.95,0.9,sell
2830,2025-01-15 16:30:00,0.95,0.85,sell
2831,2025-01-15 16:30:00,0.9,0.85,sell
2832,2025-01-15 16:30:00,0.85,0.75,sell
2833,2025-01-15 18:30:00,0.8,0.75,sell
2834,2025-01-16 16:30:00,0.7,0.6,hold
2835,2025-01-16 16:30:00,0.75,0.65,buy
2836,2025-01-16 16:30:00,0.8,0.7,hold
2837,2025-01-16 16:30:00,0.7,0.7,sell
2838,2025-01-17 13:00:00,0.7,0.8,sell
2839,2025-01-23 16:30:00,0.6,0.7,hold
2840,2025-01-23 20:00:00,0.4,0.6,hold
2841,2025-01-24 18:00:00,0.6,0.65,buy
2842,2025-01-27 18:00:00,0.4,0.8,hold
2843,2025-01-28 16:30:00,0.5,0.7,hold
2844,2025-01-28 18:00:00,0.3,0.7,hold
2845,2025-01-29 18:30:00,0.3,0.8,hold
2846,2025-01-29 22:00:00,0.5,0.7,hold
2847,2025-01-30 10:00:00,0.8,0.8,sell
2848,2025-01-30 13:00:00,0.8,0.75,sell
2849,2025-01-30 16:15:00,0.9,0.85,sell
2850,2025-01-30 16:15:00,0.95,0.9,sell
2851,2025-01-30 16:30:00,0.95,0.9,sell
2852,2025-01-30 16:30:00,0.9,0.8,sell
2853,2025-01-30 16:30:00,0.9,0.85,sell
2854,2025-01-31 16:30:00,0.9,0.8,sell
2855,2025-01-31 16:30:00,0.7,0.8,hold
2856,2025-01-31 17:45:00,0.7,0.65,buy
2857,2025-02-03 13:00:00,0.8,0.7,buy
2858,2025-02-03 17:45:00,0.8,0.7,buy
2859,2025-02-03 18:00:00,0.8,0.7,buy
2860,2025-02-03 18:00:00,0.85,0.7,sell
2861,2025-02-04 18:00:00,0.7,0.7,hold
2862,2025-02-05 16:15:00,0.8,0.7,sell
2863,2025-02-05 17:45:00,0.8,0.7,sell
2864,2025-02-05 18:00:00,0.6,0.7,hold
2865,2025-02-05 18:00:00,0.75,0.65,buy
2866,2025-02-05 18:30:00,0.65,0.7,hold
2867,2025-02-06 16:30:00,0.8,0.85,buy
2868,2025-02-07 16:30:00,0.7,0.75,buy
2869,2025-02-07 16:30:00,0.9,0.85,buy
2870,2025-02-07 16:30:00,0.85,0.6,buy
2871,2025-02-12 16:30:00,0.9,0.7,sell
2872,2025-02-12 16:30:00,0.9,0.8,sell
2873,2025-02-12 16:30:00,0.9,0.8,sell
2874,2025-02-12 16:30:00,0.9,0.85,sell
2875,2025-02-12 16:30:00,0.9,0.85,sell
2876,2025-02-12 18:30:00,0.9,0.85,sell
2877,2025-02-12 21:00:00,0.8,0.75,sell
2878,2025-02-13 16:30:00,0.9,0.85,sell
2879,2025-02-13 16:30:00,0.9,0.85,sell
2880,2025-02-13 21:00:00,0.8,0.8,sell
2881,2025-02-14 16:30:00,0.8,0.6,sell
2882,2025-02-14 16:30:00,0.75,0.65,sell
2883,2025-02-20 16:30:00,0.75,0.7,buy
2884,2025-02-20 16:30:00,0.8,0.75,buy
2885,2025-02-20 20:00:00,0.7,0.6,buy
2886,2025-02-21 18:00:00,0.7,0.8,buy
2887,2025-02-24 13:00:00,0.6,0.7,buy
2888,2025-02-25 10:00:00,0.6,0.8,hold
2889,2025-02-25 18:00:00,0.3,0.9,hold
2890,2025-02-26 18:00:00,0.4,0.7,hold
2891,2025-02-26 18:30:00,0.4,0.8,hold
2892,2025-02-27 13:00:00,0.3,0.8,hold
2893,2025-02-27 16:30:00,0.3,0.8,hold
2894,2025-02-27 16:30:00,0.5,0.8,hold
2895,2025-02-27 16:30:00,0.4,0.5,buy
2896,2025-02-27 16:30:00,0.7,0.8,buy
2897,2025-02-28 16:30:00,0.8,0.7,sell
2898,2025-02-28 16:30:00,0.75,0.65,buy
2899,2025-02-28 17:45:00,0.7,0.6,hold
2900,2025-03-03 13:00:00,0.85,0.7,sell
2901,2025-03-03 17:45:00,0.9,0.8,sell
2902,2025-03-03 18:00:00,0.85,0.75,sell
2903,2025-03-03 18:00:00,0.9,0.85,sell
2904,2025-03-05 16:15:00,0.8,0.7,hold
2905,2025-03-05 17:45:00,0.8,0.7,buy
2906,2025-03-05 18:00:00,0.7,0.6,hold
2907,2025-03-05 18:00:00,0.8,0.7,sell
2908,2025-03-05 18:30:00,0.7,0.6,hold
2909,2025-03-06 16:15:00,0.9,0.85,sell
2910,2025-03-06 16:15:00,1.0,0.9,sell
2911,2025-03-06 16:30:00,0.95,0.9,sell
2912,2025-03-07 16:30:00,0.85,0.75,sell
2913,2025-03-07 16:30:00,0.95,0.7,hold
2914,2025-03-07 16:30:00,0.9,0.8,buy
2915,2025-03-11 17:00:00,0.9,0.7,buy
2916,2025-03-12 15:30:00,0.9,0.8,buy
2917,2025-03-12 15:30:00,0.9,0.8,buy
2918,2025-03-12 15:30:00,0.9,0.8,buy
2919,2025-03-12 15:30:00,0.9,0.8,buy
2920,2025-03-12 15:30:00,0.95,0.9,buy
2921,2025-03-12 17:30:00,0.9,0.85,buy
2922,2025-03-12 20:00:00,0.9,0.85,buy
2923,2025-03-13 15:30:00,0.9,0.85,buy
2924,2025-03-13 15:30:00,0.9,0.85,buy
2925,2025-03-13 20:00:00,0.75,0.8,buy
2926,2025-03-17 15:30:00,0.6,0.6,sell
2927,2025-03-17 15:30:00,0.8,0.7,sell
2928,2025-03-19 13:00:00,0.7,0.8,sell
2929,2025-03-19 17:30:00,0.85,0.8,sell
2930,2025-03-19 21:00:00,0.8,0.75,sell
2931,2025-03-20 15:30:00,0.8,0.7,sell
2932,2025-03-20 15:30:00,0.7,0.75,buy
2933,2025-03-20 17:00:00,0.8,0.7,buy
2934,2025-03-25 17:00:00,0.75,0.8,buy
2935,2025-03-25 17:00:00,0.8,0.7,buy
2936,2025-03-26 15:30:00,0.7,0.6,buy
2937,2025-03-26 17:30:00,0.4,0.6,hold
2938,2025-03-27 15:30:00,0.85,0.7,sell
2939,2025-03-27 15:30:00,0.8,0.85,sell
2940,2025-03-27 15:30:00,0.8,0.9,sell
2941,2025-03-28 13:00:00,0.6,0.6,hold
2942,2025-03-28 15:30:00,0.9,0.85,sell
2943,2025-03-28 15:30:00,0.9,0.85,sell
2944,2025-03-31 16:45:00,0.9,0.85,sell
2945,2025-04-01 12:00:00,0.9,0.85,sell
2946,2025-04-01 16:45:00,0.85,0.7,sell
2947,2025-04-01 17:00:00,0.9,0.8,sell
2948,2025-04-01 17:00:00,0.8,0.7,sell
2949,2025-04-01 17:00:00,0.8,0.7,sell
2950,2025-04-02 15:15:00,0.85,0.75,sell
2951,2025-04-02 17:30:00,0.8,0.8,sell
2952,2025-04-03 15:30:00,0.8,0.75,sell
2953,2025-04-03 16:45:00,0.9,0.85,sell
2954,2025-04-03 17:00:00,0.8,0.75,sell
2955,2025-04-03 17:00:00,0.65,0.7,sell
2956,2025-04-04 15:30:00,0.9,0.85,sell
2957,2025-04-04 15:30:00,0.9,0.85,sell
2958,2025-04-04 15:30:00,0.9,0.85,sell
2959,2025-04-09 17:30:00,0.8,0.8,sell
2960,2025-04-09 20:00:00,0.8,0.75,sell
2961,2025-04-10 15:30:00,0.85,0.75,buy
2962,2025-04-10 15:30:00,0.9,0.85,buy
2963,2025-04-10 15:30:00,0.9,0.85,buy
2964,2025-04-10 15:30:00,0.9,0.85,buy
2965,2025-04-10 15:30:00,0.9,0.9,buy
2966,2025-04-10 15:30:00,0.95,0.9,buy
2967,2025-04-10 20:00:00,0.9,0.85,buy
2968,2025-04-11 15:30:00,0.9,0.85,buy
2969,2025-04-16 12:00:00,0.8,0.75,buy
2970,2025-04-16 15:30:00,0.8,0.65,sell
2971,2025-04-16 15:30:00,0.8,0.75,sell
2972,2025-04-16 17:30:00,0.8,0.75,sell
2973,2025-04-17 15:15:00,0.9,0.9,sell
2974,2025-04-17 15:15:00,0.95,0.9,sell
2975,2025-04-17 15:30:00,0.9,0.8,sell
2976,2025-04-17 15:30:00,0.85,0.75,sell
2977,2025-04-23 17:00:00,0.8,0.7,sell
2978,2025-04-23 17:30:00,0.8,0.7,sell
2979,2025-04-24 15:30:00,0.6,0.7,sell
2980,2025-04-24 15:30:00,0.7,0.7,sell
2981,2025-04-24 17:00:00,0.65,0.7,sell
2982,2025-04-29 12:00:00,0.7,0.65,buy
2983,2025-04-29 17:00:00,0.75,0.6,hold
2984,2025-04-29 17:00:00,0.65,0.6,buy
2985,2025-04-30 09:00:00,0.8,0.7,buy
2986,2025-04-30 15:15:00,0.85,0.8,buy
2987,2025-04-30 15:30:00,0.95,0.9,buy
2988,2025-04-30 15:30:00,1.0,0.95,buy
2989,2025-04-30 16:45:00,1.0,0.95,buy
2990,2025-04-30 17:00:00,0.9,0.9,buy
2991,2025-04-30 17:00:00,0.95,0.9,buy
2992,2025-04-30 17:30:00,0.9,0.85,buy
2993,2025-05-01 15:30:00,0.85,0.8,buy
2994,2025-05-01 16:45:00,0.9,0.85,buy
2995,2025-05-01 17:00:00,0.85,0.8,buy
2996,2025-05-01 17:00:00,0.7,0.6,hold
2997,2025-05-02 12:00:00,0.7,0.6,sell
2998,2025-05-02 15:30:00,0.8,0.85,sell
2999,2025-05-02 15:30:00,0.9,0.9,sell
3000,2025-05-02 15:30:00,0.9,0.8,sell
3001,2025-05-05 16:45:00,0.7,0.6,hold
3002,2025-05-05 17:00:00,0.8,0.65,buy
3003,2025-05-05 17:00:00,0.8,0.7,sell
3004,2025-05-06 20:00:00,0.7,0.6,buy
3005,2025-05-07 17:30:00,0.7,0.6,sell
3006,2025-05-07 21:00:00,0.6,0.7,hold
3007,2025-05-08 15:30:00,0.75,0.7,sell
3008,2025-05-08 20:00:00,0.6,0.7,sell
3009,2025-05-13 15:30:00,0.8,0.85,sell
3010,2025-05-13 15:30:00,0.9,0.85,sell
3011,2025-05-13 15:30:00,0.9,0.8,sell
3012,2025-05-13 15:30:00,0.9,0.9,sell
3013,2025-05-13 15:30:00,0.9,0.9,sell
3014,2025-05-14 17:30:00,0.8,0.8,sell
3015,2025-05-15 15:30:00,0.7,0.6,hold
3016,2025-05-15 15:30:00,0.8,0.7,buy
3017,2025-05-15 15:30:00,0.8,0.65,buy
3018,2025-05-15 15:30:00,0.8,0.7,buy
3019,2025-05-15 15:30:00,0.7,0.65,buy
3020,2025-05-19 12:00:00,0.6,0.7,buy
3021,2025-05-21 17:30:00,0.4,0.7,hold
3022,2025-05-22 15:30:00,0.6,0.65,sell
3023,2025-05-22 17:00:00,0.4,0.7,hold
3024,2025-05-23 09:00:00,0.7,0.65,buy
3025,2025-05-23 17:00:00,0.6,0.7,hold
3026,2025-05-27 12:00:00,0.8,0.75,sell
3027,2025-05-27 15:30:00,0.7,0.6,buy
3028,2025-05-27 17:00:00,0.7,0.6,hold
3029,2025-05-29 15:30:00,0.75,0.6,hold
3030,2025-05-29 15:30:00,0.7,0.6,hold
3031,2025-05-29 15:30:00,0.8,0.75,buy
3032,2025-05-29 19:00:00,0.7,0.65,buy
3033,2025-05-30 15:30:00,0.7,0.65,buy
3034,2025-05-30 15:30:00,0.9,0.85,buy
3035,2025-05-30 16:45:00,0.8,0.75,buy
3036,2025-06-02 16:45:00,0.8,0.7,buy
3037,2025-06-02 17:00:00,0.8,0.6,buy
3038,2025-06-02 17:00:00,0.8,0.7,buy
3039,2025-06-03 12:00:00,0.8,0.7,sell
3040,2025-06-03 17:00:00,0.85,0.8,sell
3041,2025-06-04 15:15:00,0.8,0.6,hold
3042,2025-06-04 16:45:00,0.8,0.7,sell
3043,2025-06-04 17:00:00,0.8,0.6,sell
3044,2025-06-04 17:00:00,0.6,0.5,hold
3045,2025-06-04 17:30:00,0.8,0.65,buy
3046,2025-06-05 15:15:00,0.85,0.8,sell
3047,2025-06-05 15:15:00,0.85,0.8,sell
3048,2025-06-05 15:30:00,0.9,0.85,sell
3049,2025-06-06 15:30:00,0.9,0.7,hold
3050,2025-06-06 15:30:00,0.9,0.7,sell
3051,2025-06-06 15:30:00,0.9,0.7,sell
3052,2025-06-11 15:30:00,0.85,0.7,buy
3053,2025-06-11 15:30:00,0.9,0.8,buy
3054,2025-06-11 15:30:00,0.85,0.7,buy
3055,2025-06-11 15:30:00,0.85,0.7,hold
3056,2025-06-11 15:30:00,0.9,0.6,hold
3057,2025-06-11 17:30:00,0.85,0.6,buy
3058,2025-06-11 20:00:00,0.8,0.75,sell
3059,2025-06-12 15:30:00,0.75,0.65,sell
3060,2025-06-12 15:30:00,0.6,0.65,sell
3061,2025-06-12 20:00:00,0.7,0.8,sell
3062,2025-06-17 15:30:00,0.8,0.65,buy
3063,2025-06-17 15:30:00,0.85,0.75,buy
3064,2025-06-18 12:00:00,0.75,0.8,buy
3065,2025-06-18 15:30:00,0.75,0.7,buy
3066,2025-06-18 17:30:00,0.75,0.8,buy
3067,2025-06-18 21:00:00,0.7,0.75,buy
3068,2025-06-20 15:30:00,0.6,0.7,buy
3069,2025-06-23 17:00:00,0.6,0.6,buy
3070,2025-06-24 17:00:00,0.5,0.7,hold
3071,2025-06-25 17:00:00,0.4,0.7,hold
3072,2025-06-25 17:30:00,0.4,0.8,hold
3073,2025-06-26 15:30:00,0.8,0.75,buy
3074,2025-06-26 15:30:00,0.85,0.8,buy
3075,2025-06-26 15:30:00,0.8,0.7,buy
3076,2025-06-26 15:30:00,0.85,0.7,hold
3077,2025-06-27 12:00:00,0.7,0.6,hold
3078,2025-06-27 15:30:00,0.8,0.65,buy
3079,2025-06-27 15:30:00,0.85,0.8,sell
3080,2025-06-30 16:45:00,0.8,0.7,sell
3081,2025-07-01 12:00:00,0.85,0.75,buy
3082,2025-07-01 16:45:00,0.8,0.65,buy
3083,2025-07-01 17:00:00,0.8,0.7,sell
3084,2025-07-01 17:00:00,0.85,0.75,sell
3085,2025-07-01 17:00:00,0.85,0.8,sell
3086,2025-07-02 15:15:00,0.8,0.7,buy
3087,2025-07-02 17:30:00,0.7,0.6,hold
3088,2025-07-03 15:30:00,0.8,0.7,sell
3089,2025-07-03 15:30:00,0.9,0.8,sell
3090,2025-07-03 15:30:00,0.9,0.7,sell
3091,2025-07-03 15:30:00,0.9,0.8,sell
3092,2025-07-03 16:45:00,0.9,0.8,sell
3093,2025-07-03 17:00:00,0.9,0.8,sell
3094,2025-07-03 17:00:00,0.6,0.7,hold
3095,2025-07-09 17:30:00,0.6,0.6,sell
3096,2025-07-09 20:00:00,0.5,0.7,hold
3097,2025-07-10 15:30:00,0.6,0.7,hold
3098,2025-07-10 20:00:00,0.5,0.6,hold
3099,2025-07-15 15:30:00,0.9,0.85,sell
3100,2025-07-15 15:30:00,0.9,0.85,sell
3101,2025-07-15 15:30:00,0.9,0.85,sell
3102,2025-07-15 15:30:00,0.95,0.85,sell
3103,2025-07-15 15:30:00,0.9,0.85,sell
3104,2025-07-16 15:30:00,0.8,0.75,sell
3105,2025-07-16 17:30:00,0.85,0.8,sell
3106,2025-07-17 12:00:00,0.7,0.6,hold
3107,2025-07-17 15:30:00,0.7,0.6,hold
3108,2025-07-17 15:30:00,0.7,0.6,buy
3109,2025-07-17 15:30:00,0.7,0.75,sell
3110,2025-07-17 15:30:00,0.7,0.8,sell
3111,2025-07-23 17:00:00,0.4,0.6,hold
3112,2025-07-23 17:30:00,0.8,0.85,sell
3113,2025-07-24 15:15:00,0.8,0.7,sell
3114,2025-07-24 15:15:00,0.6,0.7,hold
3115,2025-07-24 15:30:00,0.5,0.7,hold
3116,2025-07-24 17:00:00,0.5,0.6,buy
3117,2025-07-25 15:30:00,0.85,0.8,buy
3118,2025-07-29 17:00:00,0.8,0.85,buy
3119,2025-07-29 17:00:00,0.7,0.8,buy
3120,2025-07-30 09:00:00,0.7,0.6,hold
3121,2025-07-30 12:00:00,0.85,0.7,buy
3122,2025-07-30 15:15:00,0.85,0.8,sell
3123,2025-07-30 15:30:00,0.9,0.85,sell
3124,2025-07-30 15:30:00,0.9,0.9,sell
3125,2025-07-30 17:30:00,0.9,0.8,sell
3126,2025-07-30 21:00:00,0.9,0.85,sell
3127,2025-07-31 15:30:00,0.9,0.8,sell
3128,2025-07-31 15:30:00,0.8,0.7,sell
3129,2025-07-31 15:30:00,0.8,0.65,sell
3130,2025-07-31 16:45:00,0.7,0.65,sell
3131,2025-08-01 12:00:00,0.75,0.6,hold
3132,2025-08-01 15:30:00,0.9,0.7,hold
3133,2025-08-01 15:30:00,0.9,0.85,buy
3134,2025-08-01 15:30:00,0.95,0.9,buy
3135,2025-08-01 16:45:00,0.95,0.9,buy
3136,2025-08-01 17:00:00,1.0,0.95,buy
3137,2025-08-01 17:00:00,0.95,0.9,buy
3138,2025-08-05 16:45:00,0.75,0.65,buy
3139,2025-08-05 17:00:00,0.8,0.7,buy
3140,2025-08-05 17:00:00,0.65,0.6,hold
3141,2025-08-06 17:30:00,0.5,0.6,hold
3142,2025-08-06 20:00:00,0.6,0.7,hold
3143,2025-08-07 15:30:00,0.75,0.65,buy
3144,2025-08-07 20:00:00,0.5,0.6,hold
3145,2025-08-12 15:30:00,0.6,0.7,hold
3146,2025-08-12 15:30:00,0.9,0.85,buy
3147,2025-08-12 15:30:00,0.85,0.8,buy
3148,2025-08-12 15:30:00,0.9,0.8,buy
3149,2025-08-12 15:30:00,0.9,0.8,buy
3150,2025-08-13 17:30:00,0.9,0.85,buy
3151,2025-08-14 15:30:00,0.85,0.7,sell
3152,2025-08-14 15:30:00,0.8,0.7,sell
3153,2025-08-15 15:30:00,0.7,0.6,hold
3154,2025-08-15 15:30:00,0.7,0.7,sell
3155,2025-08-20 12:00:00,0.7,0.65,sell
3156,2025-08-20 17:30:00,0.4,0.8,hold
3157,2025-08-21 15:30:00,0.6,0.65,buy
3158,2025-08-21 15:30:00,0.7,0.65,buy
3159,2025-08-21 17:00:00,0.7,0.65,buy
3160,2025-08-22 09:00:00,0.8,0.7,hold
3161,2025-08-25 17:00:00,0.7,0.6,hold
3162,2025-08-26 15:30:00,0.7,0.65,buy
3163,2025-08-26 17:00:00,0.7,0.6,buy
3164,2025-08-27 17:30:00,0.7,0.65,buy
3165,2025-08-28 12:00:00,0.6,0.7,hold
3166,2025-08-28 15:30:00,0.75,0.7,sell
3167,2025-08-28 15:30:00,0.8,0.75,sell
3168,2025-08-28 15:30:00,0.9,0.85,sell
3169,2025-08-29 15:30:00,0.9,0.9,sell
3170,2025-08-29 15:30:00,0.9,0.9,sell
3171,2025-08-29 16:45:00,0.9,0.85,sell
3172,2025-09-02 12:00:00,0.85,0.75,sell
3173,2025-09-02 16:45:00,0.85,0.75,sell
3174,2025-09-02 17:00:00,0.8,0.7,sell
3175,2025-09-02 17:00:00,0.8,0.6,hold
3176,2025-09-03 17:00:00,0.7,0.65,buy
3177,2025-09-04 15:15:00,0.7,0.75,buy
3178,2025-09-04 15:30:00,0.85,0.8,buy
3179,2025-09-04 16:45:00,0.8,0.7,buy
3180,2025-09-04 17:00:00,0.85,0.9,buy
3181,2025-09-04 17:00:00,0.8,0.75,buy
3182,2025-09-04 19:00:00,0.7,0.65,buy
3183,2025-09-05 15:30:00,0.85,0.8,buy
3184,2025-09-05 15:30:00,0.95,0.9,buy
3185,2025-09-05 15:30:00,0.95,0.9,buy
3186,2025-09-10 15:30:00,0.9,0.85,buy
3187,2025-09-10 17:30:00,0.9,0.85,buy
3188,2025-09-10 20:00:00,0.9,0.9,buy
3189,2025-09-11 15:15:00,0.8,0.7,buy
3190,2025-09-11 15:15:00,0.8,0.75,buy
3191,2025-09-11 15:30:00,0.6,0.7,hold
3192,2025-09-11 15:30:00,0.7,0.6,hold
3193,2025-09-11 15:30:00,0.8,0.7,sell
3194,2025-09-11 15:30:00,0.9,0.6,hold
3195,2025-09-11 15:30:00,0.85,0.6,hold
3196,2025-09-11 15:30:00,0.85,0.7,sell
3197,2025-09-11 20:00:00,0.8,0.7,hold
3198,2025-09-16 15:30:00,0.8,0.7,sell
3199,2025-09-16 15:30:00,0.9,0.8,sell
3200,2025-09-17 12:00:00,0.85,0.8,sell
3201,2025-09-17 17:30:00,0.8,0.85,sell
3202,2025-09-17 21:00:00,0.9,0.7,buy
3203,2025-09-18 15:30:00,0.85,0.7,sell
3204,2025-09-18 15:30:00,0.85,0.7,sell
3205,2025-09-23 17:00:00,0.85,0.7,sell
3206,2025-09-24 17:00:00,0.8,0.7,sell
3207,2025-09-24 17:30:00,0.75,0.8,sell
3208,2025-09-25 15:30:00,0.85,0.8,sell
3209,2025-09-25 15:30:00,0.8,0.85,sell
3210,2025-09-25 15:30:00,0.85,0.9,sell
3211,2025-09-25 15:30:00,0.85,0.75,sell
3212,2025-09-26 15:30:00,0.85,0.75,sell
3213,2025-09-26 15:30:00,0.8,0.75,sell
3214,2025-09-29 12:00:00,0.8,0.7,sell
3215,2025-09-30 16:45:00,0.6,0.7,buy
3216,2025-09-30 17:00:00,0.7,0.75,buy
3217,2025-09-30 17:00:00,0.8,0.75,buy
3218,2025-10-01 12:00:00,0.85,0.8,buy
3219,2025-10-01 15:15:00,0.9,0.85,buy
3220,2025-10-01 16:45:00,0.9,0.85,buy
3221,2025-10-01 17:00:00,0.8,0.8,buy
3222,2025-10-01 17:00:00,0.85,0.8,buy
3223,2025-10-01 17:30:00,0.8,0.75,buy
3224,2025-10-03 16:45:00,0.7,0.75,buy
3225,2025-10-05 17:00:00,0.65,0.6,hold
3226,2025-10-05 17:00:00,0.6,0.7,buy
3227,2025-10-08 17:30:00,0.6,0.65,buy
3228,2025-10-08 20:00:00,0.6,0.7,hold
3229,2025-10-09 20:00:00,0.6,0.7,sell
3230,2025-10-16 15:30:00,0.7,0.6,buy
3231,2025-10-16 19:00:00,0.7,0.8,buy
3232,2025-10-17 12:00:00,0.6,0.65,buy
3233,2025-10-22 17:30:00,0.2,0.8,hold
3234,2025-10-23 17:00:00,0.3,0.8,hold
3235,2025-10-24 15:30:00,0.6,0.6,buy
3236,2025-10-24 15:30:00,0.85,0.75,buy
3237,2025-10-24 15:30:00,0.8,0.7,buy
3238,2025-10-24 15:30:00,0.85,0.8,buy
3239,2025-10-24 15:30:00,0.7,0.6,hold
3240,2025-10-28 17:00:00,0.7,0.65,sell
3241,2025-10-29 17:30:00,0.8,0.75,sell
3242,2025-10-29 21:00:00,0.9,0.8,buy
3243,2025-10-30 10:00:00,0.9,0.8,buy
3244,2025-10-30 13:00:00,0.9,0.7,buy
3245,2025-10-30 16:15:00,0.95,0.8,buy
3246,2025-10-30 16:15:00,0.9,0.85,buy
3247,2025-10-31 13:00:00,0.7,0.75,sell
3248,2025-10-31 16:45:00,0.8,0.75,sell
3249,2025-11-03 17:45:00,0.8,0.75,sell
3250,2025-11-03 18:00:00,0.75,0.6,hold
3251,2025-11-03 18:00:00,0.6,0.7,hold
3252,2025-11-05 16:15:00,0.6,0.7,sell
3253,2025-11-05 17:45:00,0.7,0.6,hold
3254,2025-11-05 18:00:00,0.65,0.7,hold
3255,2025-11-05 18:00:00,0.75,0.7,sell
3256,2025-11-05 18:30:00,0.75,0.8,sell
3257,2025-11-12 21:00:00,0.6,0.7,hold
3258,2025-11-13 20:00:00,0.3,0.7,hold
3259,2025-11-13 21:00:00,0.3,0.5,hold
3260,2025-11-19 13:00:00,0.4,0.8,hold
3261,2025-11-19 18:30:00,0.3,0.8,hold
3262,2025-11-20 15:30:00,0.7,0.8,buy
3263,2025-11-20 15:30:00,0.85,0.8,buy
3264,2025-11-20 15:30:00,0.8,0.6,hold
3265,2025-11-20 16:30:00,0.9,0.6,hold
3266,2025-11-20 16:30:00,0.8,0.6,hold
3267,2025-11-20 18:00:00,0.85,0.6,hold
3268,2025-11-25 10:00:00,0.8,0.7,sell
3269,2025-11-25 15:30:00,0.7,0.65,sell
3270,2025-11-25 15:30:00,0.85,0.8,sell
3271,2025-11-25 15:30:00,0.8,0.85,sell
3272,2025-11-25 18:00:00,0.8,0.75,sell
3273,2025-11-26 15:30:00,0.85,0.9,sell
3274,2025-11-26 16:30:00,0.8,0.8,sell
3275,2025-11-26 17:45:00,0.65,0.7,sell
3276,2025-11-26 18:30:00,0.4,0.6,hold
3277,2025-11-27 13:00:00,0.6,0.7,hold
3278,2025-12-01 17:45:00,0.65,0.7,buy
3279,2025-12-01 18:00:00,0.7,0.8,buy
3280,2025-12-01 18:00:00,0.6,0.7,hold
3281,2025-12-02 13:00:00,0.8,0.75,buy
3282,2025-12-03 16:15:00,0.85,0.8,buy
3283,2025-12-03 17:45:00,0.9,0.85,buy
3284,2025-12-03 18:30:00,0.8,0.75,buy
3285,2025-12-04 16:30:00,0.6,0.7,hold
3286,2025-12-05 18:00:00,0.7,0.6,hold
3287,2025-12-05 18:00:00,0.75,0.6,hold
3288,2025-12-09 18:00:00,0.8,0.85,sell
3289,2025-12-09 18:00:00,0.8,0.8,sell
3290,2025-12-09 21:00:00,0.75,0.8,sell
3291,2025-12-10 18:30:00,0.7,0.8,sell
3292,2025-12-10 22:00:00,0.9,0.8,buy
3293,2025-12-11 16:30:00,0.9,0.8,buy
3294,2025-12-11 21:00:00,0.9,0.8,buy
3295,2025-12-16 16:30:00,0.95,0.9,buy
3296,2025-12-16 16:30:00,0.9,0.85,buy
3297,2025-12-16 16:30:00,0.8,0.7,buy
3298,2025-12-16 16:30:00,0.85,0.75,buy
3299,2025-12-16 16:30:00,0.95,0.85,buy
3300,2025-12-17 13:00:00,0.9,0.7,buy
3301,2025-12-17 18:30:00,0.9,0.7,buy
3302,2025-12-18 16:15:00,0.85,0.8,buy
3303,2025-12-18 16:15:00,0.8,0.7,buy
3304,2025-12-18 16:30:00,0.7,0.6,hold
3305,2025-12-18 16:30:00,0.75,0.7,buy
3306,2025-12-18 16:30:00,0.9,0.85,buy
3307,2025-12-18 16:30:00,0.9,0.85,buy
3308,2025-12-19 18:00:00,0.8,0.75,buy
3309,2025-12-23 16:30:00,0.85,0.8,buy
3310,2025-12-23 16:30:00,0.85,0.6,hold
3311,2025-12-23 16:30:00,0.9,0.8,sell
3312,2025-12-23 18:00:00,0.8,0.75,sell
3313,2025-12-24 16:30:00,0.8,0.75,sell
3314,2025-12-24 18:30:00,0.9,0.85,sell
3315,2025-12-30 01:00:00,0.6,0.75,sell
3316,2025-12-30 17:45:00,0.6,0.7,sell
3317,2025-12-31 16:30:00,0.7,0.8,sell
3318,2026-01-05 18:00:00,0.7,0.8,sell
3319,2026-01-05 18:00:00,0.6,0.65,sell
3320,2026-01-07 13:00:00,0.85,0.8,sell
3321,2026-01-07 16:15:00,0.8,0.8,sell
3322,2026-01-07 18:00:00,0.8,0.8,sell
3323,2026-01-07 18:00:00,0.9,0.85,sell
3324,2026-01-07 18:00:00,0.8,0.75,sell
3325,2026-01-07 18:30:00,0.75,0.7,sell
3326,2026-01-08 13:00:00,0.75,0.65,buy
3327,2026-01-08 16:30:00,0.75,0.6,hold
3328,2026-01-09 16:30:00,0.85,0.75,sell
3329,2026-01-09 16:30:00,0.85,0.6,hold
3330,2026-01-09 16:30:00,0.85,0.7,buy
3331,2026-01-12 21:00:00,0.8,0.6,hold
3332,2026-01-13 16:30:00,0.85,0.75,sell
3333,2026-01-13 16:30:00,0.85,0.7,sell
3334,2026-01-13 16:30:00,0.6,0.85,hold
3335,2026-01-13 16:30:00,0.8,0.7,sell
3336,2026-01-13 16:30:00,0.6,0.7,hold
3337,2026-01-13 18:00:00,0.5,0.9,hold
3338,2026-01-13 18:00:00,0.4,0.7,hold
3339,2026-01-13 21:00:00,0.85,0.75,sell
3340,2026-01-14 16:30:00,0.5,0.6,hold
3341,2026-01-14 16:30:00,0.65,0.7,hold
3342,2026-01-14 16:30:00,0.8,0.75,sell
3343,2026-01-14 18:30:00,0.7,0.75,sell
3344,2026-01-15 16:30:00,0.8,0.75,sell
3345,2026-01-15 16:30:00,0.8,0.85,sell
3346,2026-01-19 13:00:00,0.85,0.9,sell
3347,2026-01-22 16:30:00,0.85,0.8,sell
3348,2026-01-22 16:30:00,0.9,0.85,sell
3349,2026-01-22 16:30:00,0.9,0.85,sell
3350,2026-01-22 18:00:00,0.9,0.85,sell
3351,2026-01-22 18:00:00,0.85,0.8,sell
3352,2026-01-22 20:00:00,0.8,0.75,sell
3353,2026-01-26 16:30:00,0.75,0.7,sell
3354,2026-01-27 18:00:00,0.6,0.7,hold
3355,2026-01-28 18:30:00,0.5,0.7,hold
3356,2026-01-28 22:00:00,0.6,0.65,buy
3357,2026-01-29 13:00:00,0.7,0.7,hold
3358,2026-01-29 16:30:00,0.5,0.7,hold
3359,2026-01-30 10:00:00,0.8,0.75,buy
3360,2026-01-30 16:30:00,0.8,0.75,buy
3361,2026-01-30 17:45:00,0.8,0.7,buy
3362,2026-02-02 18:00:00,0.8,0.75,sell
3363,2026-02-02 18:00:00,0.85,0.75,sell
3364,2026-02-04 13:00:00,0.8,0.7,sell
3365,2026-02-04 16:15:00,0.85,0.75,sell
3366,2026-02-04 18:00:00,0.9,0.85,sell
3367,2026-02-04 18:00:00,0.75,0.65,sell
3368,2026-02-04 18:30:00,0.75,0.7,sell
3369,2026-02-05 16:15:00,0.75,0.7,sell
3370,2026-02-05 16:15:00,0.7,0.8,sell
3371,2026-02-05 16:30:00,0.75,0.8,buy
3372,2026-02-05 18:00:00,0.85,0.8,buy
3373,2026-02-10 16:30:00,0.8,0.85,buy
3374,2026-02-10 16:30:00,0.8,0.75,buy
3375,2026-02-11 16:30:00,0.8,0.7,buy
3376,2026-02-11 16:30:00,0.85,0.7,buy
3377,2026-02-11 16:30:00,0.9,0.85,sell
3378,2026-02-11 18:30:00,0.9,0.8,sell
3379,2026-02-11 21:00:00,0.85,0.8,sell
3380,2026-02-12 16:30:00,0.85,0.7,sell
3381,2026-02-12 18:00:00,0.8,0.75,sell
3382,2026-02-12 21:00:00,0.7,0.75,buy
3383,2026-02-13 16:30:00,0.75,0.7,buy
3384,2026-02-13 16:30:00,0.85,0.75,sell
3385,2026-02-13 16:30:00,0.85,0.75,sell
3386,2026-02-13 16:30:00,0.85,0.75,sell
3387,2026-02-13 16:30:00,0.9,0.8,sell
3388,2026-02-18 16:30:00,0.85,0.75,sell
3389,2026-02-19 16:30:00,0.7,0.65,sell
3390,2026-02-19 16:30:00,0.85,0.8,sell
3391,2026-02-19 20:00:00,0.7,0.75,sell
3392,2026-02-20 16:30:00,0.5,0.6,hold
3393,2026-02-20 16:30:00,0.85,0.75,buy
3394,2026-02-20 16:30:00,0.85,0.6,hold
3395,2026-02-20 16:30:00,0.85,0.75,sell
3396,2026-02-20 18:00:00,0.9,0.75,sell
3397,2026-02-20 18:00:00,0.85,0.6,sell
3398,2026-02-24 18:00:00,0.85,0.8,sell
3399,2026-02-25 10:00:00,0.8,0.8,sell
3400,2026-02-25 13:00:00,0.8,0.8,sell
3401,2026-02-25 18:30:00,0.8,0.8,sell
3402,2026-02-26 13:00:00,0.85,0.7,sell
3403,2026-02-26 16:30:00,0.8,0.75,sell
3404,2026-02-27 16:30:00,0.8,0.75,sell
3405,2026-02-27 17:45:00,0.5,0.7,hold
3406,2026-03-02 17:45:00,0.6,0.7,sell
3407,2026-03-02 18:00:00,0.8,0.85,sell
3408,2026-03-02 18:00:00,0.8,0.75,sell
3409,2026-03-03 13:00:00,0.8,0.7,buy
3410,2026-03-04 16:15:00,0.85,0.75,sell
3411,2026-03-04 17:45:00,0.9,0.8,sell
3412,2026-03-04 18:00:00,0.8,0.75,sell
3413,2026-03-04 18:00:00,0.85,0.75,sell
3414,2026-03-04 18:30:00,0.8,0.75,sell
3415,2026-03-05 16:30:00,0.7,0.7,sell
3416,2026-03-06 16:30:00,0.85,0.8,sell
3417,2026-03-06 16:30:00,0.7,0.65,sell
3418,2026-03-06 16:30:00,0.85,0.75,sell
3419,2026-03-06 16:30:00,0.75,0.6,hold
3420,2026-03-06 16:30:00,0.95,0.85,buy
3421,2026-03-10 17:00:00,0.9,0.85,buy
3422,2026-03-11 15:30:00,0.9,0.85,buy
3423,2026-03-11 15:30:00,0.9,0.8,buy
3424,2026-03-11 15:30:00,0.85,0.7,sell
3425,2026-03-11 15:30:00,0.7,0.7,sell
3426,2026-03-11 15:30:00,0.85,0.75,sell
3427,2026-03-11 17:30:00,0.85,0.8,sell
3428,2026-03-11 20:00:00,0.9,0.85,sell
3429,2026-03-12 15:30:00,0.85,0.8,sell
3430,2026-03-12 20:00:00,0.9,0.85,sell
3431,2026-03-13 15:30:00,0.85,0.8,sell
3432,2026-03-13 15:30:00,0.9,0.85,sell
3433,2026-03-13 15:30:00,0.85,0.75,sell
3434,2026-03-13 15:30:00,0.85,0.7,sell
3435,2026-03-13 15:30:00,0.85,0.7,sell
3436,2026-03-13 17:00:00,0.8,0.6,hold
3437,2026-03-18 13:00:00,0.85,0.7,hold
3438,2026-03-18 15:30:00,0.9,0.85,sell
3439,2026-03-18 17:30:00,0.85,0.8,sell
3440,2026-03-18 21:00:00,0.85,0.7,sell
3441,2026-03-19 15:30:00,0.85,0.8,sell
3442,2026-03-19 15:30:00,0.85,0.8,sell
3443,2026-03-19 16:15:00,0.7,0.75,sell
3444,2026-03-19 16:15:00,0.7,0.8,sell
3445,2026-03-19 17:00:00,0.8,0.7,sell
3446,2026-03-25 17:30:00,0.5,0.7,hold
3447,2026-03-26 15:30:00,0.6,0.7,sell
3448,2026-03-30 12:00:00,0.8,0.75,buy
3449,2026-03-31 12:00:00,0.75,0.6,hold
3450,2026-03-31 16:45:00,0.7,0.6,hold
3451,2026-03-31 17:00:00,0.8,0.5,hold
3452,2026-03-31 17:00:00,0.8,0.7,buy
3453,2026-04-01 15:15:00,0.8,0.75,sell
3454,2026-04-01 15:30:00,0.8,0.7,sell
3455,2026-04-01 15:30:00,0.7,0.65,sell
3456,2026-04-01 16:45:00,0.8,0.75,sell
3457,2026-04-01 17:00:00,0.9,0.85,sell
3458,2026-04-01 17:00:00,0.85,0.9,sell
3459,2026-04-01 17:30:00,0.85,0.9,sell
3460,2026-04-02 15:30:00,0.8,0.85,sell
3461,2026-04-03 15:30:00,0.9,0.85,sell
3462,2026-04-03 15:30:00,0.9,0.9,sell
3463,2026-04-03 15:30:00,0.9,0.85,sell
3464,2026-04-03 16:45:00,0.9,0.8,sell
3465,2026-04-03 17:00:00,0.9,0.7,sell
3466,2026-04-03 17:00:00,0.9,0.85,sell
3467,2026-04-07 15:30:00,0.75,0.65,buy
3468,2026-04-08 17:30:00,0.75,0.6,hold
3469,2026-04-08 20:00:00,0.75,0.7,sell
3470,2026-04-09 15:30:00,0.6,0.7,hold
3471,2026-04-09 15:30:00,0.7,0.65,buy
3472,2026-04-09 15:30:00,0.8,0.75,buy
3473,2026-04-09 15:30:00,0.8,0.7,buy
3474,2026-04-09 15:30:00,0.75,0.65,hold
3475,2026-04-09 20:00:00,0.75,0.8,hold
3476,2026-04-10 15:30:00,0.7,0.6,hold
3477,2026-04-10 15:30:00,0.9,0.85,sell
3478,2026-04-10 15:30:00,0.9,0.85,sell
3479,2026-04-10 15:30:00,0.9,0.85,sell
3480,2026-04-10 15:30:00,0.95,0.9,sell
3481,2026-04-13 17:00:00,0.9,0.85,sell
3482,2026-04-14 15:30:00,0.8,0.7,hold
3483,2026-04-15 17:30:00,0.8,0.7,sell
3484,2026-04-16 12:00:00,0.95,0.85,buy
3485,2026-04-16 15:30:00,0.8,0.7,buy
3486,2026-04-16 15:30:00,0.8,0.7,buy
3487,2026-04-21 15:30:00,0.85,0.75,sell
3488,2026-04-21 15:30:00,0.85,0.75,sell
3489,2026-04-22 17:30:00,0.85,0.9,sell
3490,2026-04-23 15:30:00,0.7,0.65,sell
3491,2026-04-28 17:00:00,0.6,0.7,hold
3492,2026-04-29 12:00:00,0.75,0.65,buy
3493,2026-04-29 15:30:00,0.7,0.8,buy
3494,2026-04-29 17:30:00,0.8,0.85,buy
3495,2026-04-29 21:00:00,0.75,0.8,buy
3496,2026-04-30 09:00:00,0.85,0.8,buy
3497,2026-04-30 12:00:00,0.8,0.75,sell
3498,2026-04-30 15:15:00,0.8,0.75,sell
3499,2026-04-30 15:15:00,0.8,0.7,sell
3500,2026-04-30 15:30:00,0.8,0.75,sell
3501,2026-04-30 15:30:00,0.9,0.85,sell
3502,2026-04-30 15:30:00,0.9,0.85,sell
3503,2026-04-30 15:30:00,0.9,0.8,sell
3504,2026-04-30 15:30:00,0.9,0.85,sell
3505,2026-04-30 16:45:00,0.85,0.8,sell
3506,2026-05-01 16:45:00,0.8,0.75,sell
3507,2026-05-01 17:00:00,0.8,0.75,sell
3508,2026-05-01 17:00:00,0.8,0.85,sell
3509,2026-05-05 16:45:00,0.8,0.85,sell
3510,2026-05-05 17:00:00,0.8,0.7,sell
3511,2026-05-05 17:00:00,0.7,0.65,sell
3512,2026-05-05 17:00:00,0.7,0.6,hold
3513,2026-05-05 17:00:00,0.7,0.6,sell
3514,2026-05-05 17:00:00,0.7,0.6,hold
3515,2026-05-06 17:30:00,0.5,0.7,hold
3516,2026-05-07 15:30:00,0.6,0.7,sell
3517,2026-05-08 15:30:00,0.75,0.7,sell
3518,2026-05-08 15:30:00,0.9,0.8,sell
3519,2026-05-08 15:30:00,0.85,0.75,sell
3520,2026-05-11 17:00:00,0.8,0.75,sell
3521,2026-05-12 15:30:00,0.85,0.75,buy
3522,2026-05-12 15:30:00,0.85,0.75,sell
3523,2026-05-12 15:30:00,0.9,0.8,sell
3524,2026-05-12 15:30:00,0.9,0.8,sell
3525,2026-05-12 15:30:00,0.9,0.8,sell
3526,2026-05-12 20:00:00,0.9,0.9,sell
3527,2026-05-13 15:30:00,0.9,0.9,sell
3528,2026-05-13 17:30:00,0.9,0.85,sell
3529,2026-05-13 20:00:00,0.9,0.85,sell
3530,2026-05-14 15:30:00,0.8,0.75,sell
3531,2026-05-14 15:30:00,0.85,0.7,sell
3532,2026-05-14 15:30:00,0.75,0.7,buy
3533,2026-05-20 12:00:00,0.9,0.85,buy
3534,2026-05-20 17:30:00,0.9,0.85,buy
3535,2026-05-21 15:30:00,0.85,0.75,buy
3536,2026-05-21 15:30:00,0.9,0.85,buy
3537,2026-05-22 09:00:00,0.8,0.85,buy
3538,2026-05-26 17:00:00,0.6,0.7,buy
3539,2026-05-28 12:00:00,0.7,0.65,sell
3540,2026-05-28 15:30:00,0.75,0.7,sell
3541,2026-05-28 15:30:00,0.8,0.75,sell
3542,2026-05-28 15:30:00,0.8,0.75,sell
3543,2026-05-28 15:30:00,0.85,0.75,sell
3544,2026-05-28 15:30:00,0.85,0.75,sell
3545,2026-05-28 15:30:00,0.8,0.7,hold
3546,2026-05-28 17:00:00,0.8,0.6,buy
3547,2026-05-28 19:00:00,0.8,0.75,buy
3548,2026-05-29 16:45:00,0.7,0.65,buy
3549,2026-06-01 16:45:00,0.75,0.7,sell
