window_start_idx,timestamp,relevance_score,confidence_score,overall_eurusd_bias
7,2020-01-02 04:00:00,0.8,0.85,sell
8,2020-01-02 08:00:00,0.8,0.75,sell
9,2020-01-02 12:00:00,0.8,0.75,sell
10,2020-01-02 16:00:00,0.85,0.7,buy
11,2020-01-02 20:00:00,0.8,0.65,buy
12,2020-01-03 00:00:00,0.9,0.8,buy
13,2020-01-03 04:00:00,0.9,0.8,sell
14,2020-01-03 08:00:00,0.9,0.8,sell
15,2020-01-03 12:00:00,0.9,0.85,sell
16,2020-01-03 16:00:00,1.0,0.85,sell
17,2020-01-03 20:00:00,0.95,0.85,sell
30,2020-01-06 00:00:00,0.9,0.85,sell
31,2020-01-06 04:00:00,0.9,0.85,sell
32,2020-01-06 08:00:00,0.9,0.85,sell
33,2020-01-06 12:00:00,0.85,0.7,buy
34,2020-01-06 16:00:00,0.9,0.75,sell
35,2020-01-06 20:00:00,0.9,0.85,sell
36,2020-01-07 00:00:00,0.9,0.85,sell
37,2020-01-07 04:00:00,0.95,0.9,sell
38,2020-01-07 08:00:00,0.95,0.9,sell
39,2020-01-07 12:00:00,0.9,0.85,sell
40,2020-01-07 16:00:00,0.9,0.75,buy
41,2020-01-07 20:00:00,0.85,0.75,buy
42,2020-01-08 00:00:00,0.9,0.85,sell
43,2020-01-08 04:00:00,0.9,0.85,sell
44,2020-01-08 08:00:00,0.9,0.85,sell
45,2020-01-08 12:00:00,0.95,0.85,sell
46,2020-01-08 16:00:00,0.9,0.75,sell
47,2020-01-08 20:00:00,0.85,0.75,sell
48,2020-01-09 00:00:00,0.9,0.75,buy
49,2020-01-09 04:00:00,0.85,0.8,sell
50,2020-01-09 08:00:00,0.9,0.8,sell
51,2020-01-09 12:00:00,0.9,0.8,sell
52,2020-01-09 16:00:00,0.9,0.8,sell
53,2020-01-09 20:00:00,0.85,0.7,sell
54,2020-01-10 00:00:00,0.85,0.75,buy
55,2020-01-10 04:00:00,0.85,0.75,buy
56,2020-01-10 08:00:00,0.85,0.75,buy
57,2020-01-10 12:00:00,0.85,0.7,buy
58,2020-01-10 16:00:00,0.85,0.75,buy
59,2020-01-10 20:00:00,0.95,0.85,buy
72,2020-01-13 00:00:00,0.9,0.8,sell
73,2020-01-13 04:00:00,0.85,0.8,sell
74,2020-01-13 08:00:00,0.9,0.8,sell
75,2020-01-13 12:00:00,0.8,0.75,sell
76,2020-01-13 16:00:00,0.8,0.75,sell
77,2020-01-13 20:00:00,0.85,0.8,sell
78,2020-01-14 00:00:00,0.9,0.8,sell
79,2020-01-14 04:00:00,0.8,0.75,sell
80,2020-01-14 08:00:00,0.8,0.75,sell
81,2020-01-14 12:00:00,0.8,0.75,sell
82,2020-01-14 16:00:00,0.85,0.75,sell
83,2020-01-14 20:00:00,0.85,0.7,sell
84,2020-01-15 00:00:00,0.85,0.75,sell
85,2020-01-15 04:00:00,0.85,0.7,sell
86,2020-01-15 08:00:00,0.85,0.75,sell
87,2020-01-15 12:00:00,0.9,0.8,sell
88,2020-01-15 16:00:00,0.85,0.75,sell
89,2020-01-15 20:00:00,0.9,0.85,sell
90,2020-01-16 00:00:00,0.9,0.85,sell
91,2020-01-16 04:00:00,0.9,0.85,sell
92,2020-01-16 08:00:00,0.9,0.85,sell
93,2020-01-16 12:00:00,0.8,0.75,sell
94,2020-01-16 16:00:00,0.9,0.8,sell
95,2020-01-16 20:00:00,0.9,0.9,sell
96,2020-01-17 00:00:00,0.9,0.85,sell
97,2020-01-17 04:00:00,0.95,0.9,sell
98,2020-01-17 08:00:00,0.95,0.9,sell
99,2020-01-17 12:00:00,0.9,0.85,sell
100,2020-01-17 16:00:00,0.9,0.85,sell
101,2020-01-17 20:00:00,0.9,0.8,buy
114,2020-01-20 00:00:00,0.8,0.75,sell
115,2020-01-20 04:00:00,0.8,0.75,sell
116,2020-01-20 08:00:00,0.7,0.65,sell
117,2020-01-20 12:00:00,0.85,0.7,sell
118,2020-01-20 16:00:00,0.8,0.75,sell
119,2020-01-20 20:00:00,0.85,0.75,sell
120,2020-01-21 00:00:00,0.85,0.75,sell
121,2020-01-21 04:00:00,0.85,0.75,sell
122,2020-01-21 08:00:00,0.85,0.75,sell
123,2020-01-21 12:00:00,0.9,0.85,sell
124,2020-01-21 16:00:00,0.85,0.7,sell
125,2020-01-21 20:00:00,0.9,0.7,buy
126,2020-01-22 00:00:00,0.85,0.7,buy
127,2020-01-22 04:00:00,0.85,0.7,buy
128,2020-01-22 08:00:00,0.85,0.65,buy
129,2020-01-22 12:00:00,0.85,0.75,sell
130,2020-01-22 16:00:00,0.9,0.8,sell
131,2020-01-22 20:00:00,0.8,0.75,sell
132,2020-01-23 00:00:00,0.8,0.75,sell
133,2020-01-23 04:00:00,0.9,0.8,sell
134,2020-01-23 08:00:00,0.9,0.8,sell
135,2020-01-23 12:00:00,0.9,0.85,sell
136,2020-01-23 16:00:00,0.85,0.9,sell
137,2020-01-23 20:00:00,0.9,0.85,sell
138,2020-01-24 00:00:00,0.9,0.85,sell
139,2020-01-24 04:00:00,0.9,0.9,sell
140,2020-01-24 08:00:00,0.95,0.9,sell
141,2020-01-24 12:00:00,0.9,0.8,sell
142,2020-01-24 16:00:00,0.9,0.85,sell
143,2020-01-24 20:00:00,0.85,0.8,sell
156,2020-01-27 00:00:00,0.8,0.75,sell
157,2020-01-27 04:00:00,0.9,0.8,sell
158,2020-01-27 08:00:00,0.9,0.8,sell
159,2020-01-27 12:00:00,0.8,0.75,sell
160,2020-01-27 16:00:00,0.9,0.8,sell
161,2020-01-27 20:00:00,0.9,0.8,sell
162,2020-01-28 00:00:00,0.9,0.8,sell
163,2020-01-28 04:00:00,0.9,0.85,sell
164,2020-01-28 08:00:00,0.9,0.85,sell
165,2020-01-28 12:00:00,0.95,0.9,sell
166,2020-01-28 16:00:00,0.9,0.85,sell
167,2020-01-28 20:00:00,0.95,0.9,sell
168,2020-01-29 00:00:00,0.9,0.85,sell
169,2020-01-29 04:00:00,0.9,0.85,sell
170,2020-01-29 08:00:00,0.95,0.9,sell
171,2020-01-29 12:00:00,0.9,0.85,sell
172,2020-01-29 16:00:00,0.9,0.85,sell
173,2020-01-29 20:00:00,0.8,0.7,buy
174,2020-01-30 00:00:00,0.9,0.75,sell
175,2020-01-30 04:00:00,0.9,0.75,sell
176,2020-01-30 08:00:00,0.9,0.8,sell
177,2020-01-30 12:00:00,0.9,0.8,sell
178,2020-01-30 16:00:00,0.9,0.85,sell
179,2020-01-30 20:00:00,0.95,0.9,sell
180,2020-01-31 00:00:00,0.95,0.9,sell
181,2020-01-31 04:00:00,0.95,0.9,sell
182,2020-01-31 08:00:00,0.95,0.9,sell
183,2020-01-31 12:00:00,0.95,0.9,sell
184,2020-01-31 16:00:00,0.95,0.9,sell
185,2020-01-31 20:00:00,0.9,0.8,sell
198,2020-02-03 00:00:00,0.9,0.8,sell
199,2020-02-03 04:00:00,0.9,0.8,sell
200,2020-02-03 08:00:00,0.9,0.8,sell
201,2020-02-03 12:00:00,0.85,0.65,buy
202,2020-02-03 16:00:00,0.85,0.65,buy
203,2020-02-03 20:00:00,0.95,0.9,sell
204,2020-02-04 00:00:00,0.95,0.9,sell
205,2020-02-04 04:00:00,0.95,0.9,sell
206,2020-02-04 08:00:00,0.9,0.85,sell
207,2020-02-04 12:00:00,0.9,0.85,sell
208,2020-02-04 16:00:00,0.9,0.85,sell
209,2020-02-04 20:00:00,0.9,0.85,sell
210,2020-02-05 00:00:00,0.9,0.8,sell
211,2020-02-05 04:00:00,0.9,0.85,sell
212,2020-02-05 08:00:00,0.9,0.85,sell
213,2020-02-05 12:00:00,0.8,0.7,buy
214,2020-02-05 16:00:00,0.85,0.7,sell
215,2020-02-05 20:00:00,0.95,0.9,sell
216,2020-02-06 00:00:00,0.9,0.85,sell
217,2020-02-06 04:00:00,0.95,0.9,sell
218,2020-02-06 08:00:00,0.95,0.9,sell
219,2020-02-06 12:00:00,0.9,0.85,sell
220,2020-02-06 16:00:00,0.9,0.9,sell
221,2020-02-06 20:00:00,0.9,0.85,sell
222,2020-02-07 00:00:00,0.9,0.85,sell
223,2020-02-07 04:00:00,0.9,0.85,sell
224,2020-02-07 08:00:00,0.9,0.85,sell
225,2020-02-07 12:00:00,0.95,0.9,sell
226,2020-02-07 16:00:00,0.9,0.85,sell
227,2020-02-07 20:00:00,0.9,0.85,sell
240,2020-02-10 00:00:00,0.8,0.75,sell
241,2020-02-10 04:00:00,0.9,0.8,sell
242,2020-02-10 08:00:00,0.85,0.8,sell
243,2020-02-10 12:00:00,0.8,0.75,sell
244,2020-02-10 16:00:00,0.9,0.85,sell
245,2020-02-10 20:00:00,0.9,0.8,sell
246,2020-02-11 00:00:00,0.9,0.85,sell
247,2020-02-11 04:00:00,0.9,0.8,sell
248,2020-02-11 08:00:00,0.9,0.85,sell
249,2020-02-11 12:00:00,0.9,0.85,sell
250,2020-02-11 16:00:00,0.8,0.65,buy
251,2020-02-11 20:00:00,0.9,0.75,buy
252,2020-02-12 00:00:00,0.9,0.75,buy
253,2020-02-12 04:00:00,0.9,0.8,buy
254,2020-02-12 08:00:00,0.9,0.8,buy
255,2020-02-12 12:00:00,0.9,0.85,buy
256,2020-02-12 16:00:00,0.8,0.65,buy
257,2020-02-12 20:00:00,0.85,0.75,sell
258,2020-02-13 00:00:00,0.8,0.75,buy
259,2020-02-13 04:00:00,0.85,0.75,buy
260,2020-02-13 08:00:00,0.9,0.75,sell
261,2020-02-13 12:00:00,0.85,0.8,sell
262,2020-02-13 16:00:00,0.9,0.85,sell
263,2020-02-13 20:00:00,0.95,0.9,sell
264,2020-02-14 00:00:00,0.9,0.85,sell
265,2020-02-14 04:00:00,0.95,0.9,sell
266,2020-02-14 08:00:00,0.9,0.85,sell
267,2020-02-14 12:00:00,0.95,0.9,sell
268,2020-02-14 16:00:00,0.9,0.85,sell
269,2020-02-14 20:00:00,0.9,0.85,sell
282,2020-02-17 00:00:00,0.9,0.8,sell
283,2020-02-17 04:00:00,0.9,0.85,sell
284,2020-02-17 08:00:00,0.9,0.85,sell
285,2020-02-17 12:00:00,0.85,0.8,sell
286,2020-02-17 16:00:00,0.9,0.8,sell
287,2020-02-17 20:00:00,0.8,0.75,sell
288,2020-02-18 00:00:00,0.85,0.75,sell
289,2020-02-18 04:00:00,0.8,0.7,sell
290,2020-02-18 08:00:00,0.9,0.8,sell
291,2020-02-18 12:00:00,0.9,0.8,sell
292,2020-02-18 16:00:00,0.9,0.9,sell
293,2020-02-18 20:00:00,0.95,0.9,sell
294,2020-02-19 00:00:00,0.95,0.95,sell
295,2020-02-19 04:00:00,0.95,0.95,sell
296,2020-02-19 08:00:00,0.95,0.95,sell
297,2020-02-19 12:00:00,0.95,0.95,sell
298,2020-02-19 16:00:00,0.9,0.85,sell
299,2020-02-19 20:00:00,0.9,0.85,sell
300,2020-02-20 00:00:00,0.9,0.85,sell
301,2020-02-20 04:00:00,0.9,0.85,sell
302,2020-02-20 08:00:00,0.9,0.9,sell
303,2020-02-20 12:00:00,0.9,0.8,sell
304,2020-02-20 16:00:00,0.9,0.85,sell
305,2020-02-20 20:00:00,0.95,0.9,sell
306,2020-02-21 00:00:00,0.95,0.9,sell
307,2020-02-21 04:00:00,0.95,0.95,sell
308,2020-02-21 08:00:00,0.9,0.9,sell
309,2020-02-21 12:00:00,0.9,0.85,sell
310,2020-02-21 16:00:00,0.95,0.9,sell
311,2020-02-21 20:00:00,0.9,0.75,buy
324,2020-02-24 00:00:00,0.8,0.75,sell
325,2020-02-24 04:00:00,0.8,0.75,sell
326,2020-02-24 08:00:00,0.8,0.75,sell
327,2020-02-24 12:00:00,0.9,0.85,sell
328,2020-02-24 16:00:00,1.0,0.9,sell
329,2020-02-24 20:00:00,0.95,0.9,sell
330,2020-02-25 00:00:00,0.95,0.85,sell
331,2020-02-25 04:00:00,0.95,0.9,sell
332,2020-02-25 08:00:00,1.0,0.9,sell
333,2020-02-25 12:00:00,0.95,0.9,sell
334,2020-02-25 16:00:00,0.9,0.8,sell
335,2020-02-25 20:00:00,0.9,0.85,sell
336,2020-02-26 00:00:00,0.95,0.9,sell
337,2020-02-26 04:00:00,0.9,0.8,sell
338,2020-02-26 08:00:00,0.9,0.8,sell
339,2020-02-26 12:00:00,0.95,0.9,sell
340,2020-02-26 16:00:00,0.9,0.85,sell
341,2020-02-26 20:00:00,0.9,0.85,sell
342,2020-02-27 00:00:00,0.9,0.85,sell
343,2020-02-27 04:00:00,0.9,0.85,sell
344,2020-02-27 08:00:00,0.9,0.85,sell
345,2020-02-27 12:00:00,0.95,0.9,sell
346,2020-02-27 16:00:00,0.9,0.85,sell
347,2020-02-27 20:00:00,0.9,0.8,sell
348,2020-02-28 00:00:00,0.9,0.85,sell
349,2020-02-28 04:00:00,0.9,0.85,sell
350,2020-02-28 08:00:00,0.9,0.85,sell
351,2020-02-28 12:00:00,0.95,0.9,sell
352,2020-02-28 16:00:00,0.9,0.75,buy
353,2020-02-28 20:00:00,0.9,0.85,sell
366,2020-03-02 00:00:00,0.9,0.8,sell
367,2020-03-02 04:00:00,0.9,0.8,sell
368,2020-03-02 08:00:00,0.9,0.85,sell
369,2020-03-02 12:00:00,0.9,0.8,sell
370,2020-03-02 16:00:00,0.9,0.8,sell
371,2020-03-02 20:00:00,0.9,0.8,sell
372,2020-03-03 00:00:00,0.9,0.8,sell
373,2020-03-03 04:00:00,0.9,0.8,sell
374,2020-03-03 08:00:00,0.9,0.8,sell
375,2020-03-03 12:00:00,0.9,0.85,sell
376,2020-03-03 16:00:00,0.85,0.75,sell
377,2020-03-03 20:00:00,0.95,0.9,buy
378,2020-03-04 00:00:00,1.0,0.9,buy
379,2020-03-04 04:00:00,1.0,0.9,buy
380,2020-03-04 08:00:00,0.9,0.85,buy
381,2020-03-04 12:00:00,0.85,0.7,sell
382,2020-03-04 16:00:00,0.9,0.75,sell
383,2020-03-04 20:00:00,0.9,0.8,sell
384,2020-03-05 00:00:00,0.9,0.75,sell
385,2020-03-05 04:00:00,0.9,0.75,sell
386,2020-03-05 08:00:00,0.9,0.85,buy
387,2020-03-05 12:00:00,0.85,0.75,sell
388,2020-03-05 16:00:00,0.9,0.85,sell
389,2020-03-05 20:00:00,0.9,0.8,buy
390,2020-03-06 00:00:00,0.9,0.8,buy
391,2020-03-06 04:00:00,0.9,0.8,buy
392,2020-03-06 08:00:00,0.9,0.8,buy
393,2020-03-06 12:00:00,0.85,0.7,buy
394,2020-03-06 16:00:00,0.85,0.75,buy
395,2020-03-06 20:00:00,0.95,0.9,sell
408,2020-03-09 00:00:00,0.9,0.85,sell
409,2020-03-09 04:00:00,0.9,0.85,sell
410,2020-03-09 08:00:00,1.0,0.9,sell
411,2020-03-09 12:00:00,0.95,0.9,sell
412,2020-03-09 16:00:00,0.9,0.85,sell
413,2020-03-09 20:00:00,0.9,0.85,sell
414,2020-03-10 00:00:00,0.95,0.9,sell
415,2020-03-10 04:00:00,1.0,0.9,sell
416,2020-03-10 08:00:00,0.95,0.9,sell
417,2020-03-10 12:00:00,0.9,0.85,sell
418,2020-03-10 16:00:00,0.9,0.85,sell
419,2020-03-10 20:00:00,0.9,0.85,sell
420,2020-03-11 00:00:00,0.9,0.75,sell
421,2020-03-11 04:00:00,0.9,0.8,sell
422,2020-03-11 08:00:00,0.8,0.75,buy
423,2020-03-11 12:00:00,0.9,0.85,sell
424,2020-03-11 16:00:00,0.8,0.65,buy
425,2020-03-11 20:00:00,0.95,0.85,sell
426,2020-03-12 00:00:00,0.95,0.85,sell
427,2020-03-12 04:00:00,1.0,0.9,sell
428,2020-03-12 08:00:00,1.0,0.95,sell
429,2020-03-12 12:00:00,1.0,0.9,sell
430,2020-03-12 16:00:00,0.9,0.85,sell
431,2020-03-12 20:00:00,0.95,0.9,sell
432,2020-03-13 00:00:00,1.0,0.95,sell
433,2020-03-13 04:00:00,1.0,0.9,sell
434,2020-03-13 08:00:00,1.0,0.9,sell
435,2020-03-13 12:00:00,0.95,0.85,sell
436,2020-03-13 16:00:00,1.0,0.9,sell
437,2020-03-13 20:00:00,1.0,0.9,sell
450,2020-03-16 00:00:00,0.95,0.8,buy
451,2020-03-16 04:00:00,0.95,0.9,buy
452,2020-03-16 08:00:00,0.9,0.8,buy
453,2020-03-16 12:00:00,0.9,0.85,buy
454,2020-03-16 16:00:00,0.95,0.8,buy
455,2020-03-16 20:00:00,0.9,0.85,buy
456,2020-03-17 00:00:00,0.9,0.8,buy
457,2020-03-17 04:00:00,0.9,0.8,buy
458,2020-03-17 08:00:00,0.9,0.8,buy
459,2020-03-17 12:00:00,0.9,0.85,sell
460,2020-03-17 16:00:00,0.9,0.85,sell
461,2020-03-17 20:00:00,0.9,0.8,buy
462,2020-03-18 00:00:00,0.95,0.85,sell
463,2020-03-18 04:00:00,0.9,0.75,buy
464,2020-03-18 08:00:00,0.9,0.75,buy
465,2020-03-18 12:00:00,0.9,0.8,sell
466,2020-03-18 16:00:00,0.85,0.75,sell
467,2020-03-18 20:00:00,0.95,0.9,sell
468,2020-03-19 00:00:00,0.95,0.9,sell
469,2020-03-19 04:00:00,0.9,0.85,sell
470,2020-03-19 08:00:00,0.9,0.8,sell
471,2020-03-19 12:00:00,0.9,0.85,sell
472,2020-03-19 16:00:00,0.9,0.75,buy
473,2020-03-19 20:00:00,0.9,0.75,buy
474,2020-03-20 00:00:00,0.9,0.85,buy
475,2020-03-20 04:00:00,0.9,0.75,buy
476,2020-03-20 08:00:00,0.9,0.65,buy
477,2020-03-20 12:00:00,0.9,0.75,buy
478,2020-03-20 16:00:00,0.9,0.85,sell
479,2020-03-20 20:00:00,0.95,0.9,sell
492,2020-03-23 00:00:00,0.9,0.8,sell
493,2020-03-23 04:00:00,0.9,0.85,sell
494,2020-03-23 08:00:00,0.9,0.85,sell
495,2020-03-23 12:00:00,0.9,0.9,sell
496,2020-03-23 16:00:00,0.9,0.85,sell
497,2020-03-23 20:00:00,0.95,0.9,sell
498,2020-03-24 00:00:00,0.9,0.85,sell
499,2020-03-24 04:00:00,0.9,0.85,sell
500,2020-03-24 08:00:00,0.9,0.85,sell
501,2020-03-24 12:00:00,1.0,0.95,sell
502,2020-03-24 16:00:00,0.95,0.95,sell
503,2020-03-24 20:00:00,0.9,0.8,buy
504,2020-03-25 00:00:00,0.95,0.8,buy
505,2020-03-25 04:00:00,0.9,0.8,buy
506,2020-03-25 08:00:00,0.9,0.85,buy
507,2020-03-25 12:00:00,0.9,0.85,buy
508,2020-03-25 16:00:00,0.85,0.7,buy
509,2020-03-25 20:00:00,0.85,0.75,sell
510,2020-03-26 00:00:00,0.85,0.75,sell
511,2020-03-26 04:00:00,0.8,0.75,sell
512,2020-03-26 08:00:00,0.8,0.75,sell
513,2020-03-26 12:00:00,0.9,0.85,sell
514,2020-03-26 16:00:00,0.95,0.95,buy
515,2020-03-26 20:00:00,0.95,0.9,buy
516,2020-03-27 00:00:00,0.95,0.9,buy
517,2020-03-27 04:00:00,1.0,0.9,buy
518,2020-03-27 08:00:00,0.95,0.9,buy
519,2020-03-27 12:00:00,0.95,0.9,buy
520,2020-03-27 16:00:00,0.9,0.8,sell
521,2020-03-27 20:00:00,0.9,0.8,sell
534,2020-03-30 00:00:00,0.0,0.0,hold
535,2020-03-30 04:00:00,0.8,0.65,sell
536,2020-03-30 08:00:00,0.8,0.75,sell
537,2020-03-30 12:00:00,0.9,0.8,sell
538,2020-03-30 16:00:00,0.95,0.9,sell
539,2020-03-30 20:00:00,0.9,0.85,sell
540,2020-03-31 00:00:00,0.9,0.85,sell
541,2020-03-31 04:00:00,0.9,0.8,sell
542,2020-03-31 08:00:00,0.9,0.8,sell
543,2020-03-31 12:00:00,0.85,0.7,sell
544,2020-03-31 16:00:00,0.9,0.85,sell
545,2020-03-31 20:00:00,0.9,0.75,sell
546,2020-04-01 00:00:00,0.9,0.75,sell
547,2020-04-01 04:00:00,0.85,0.75,buy
548,2020-04-01 08:00:00,0.9,0.7,sell
549,2020-04-01 12:00:00,0.85,0.7,sell
550,2020-04-01 16:00:00,0.9,0.75,buy
551,2020-04-01 20:00:00,0.9,0.8,buy
552,2020-04-02 00:00:00,0.9,0.85,buy
553,2020-04-02 04:00:00,0.9,0.75,buy
554,2020-04-02 08:00:00,0.9,0.7,buy
555,2020-04-02 12:00:00,0.9,0.8,buy
556,2020-04-02 16:00:00,0.95,0.9,buy
557,2020-04-02 20:00:00,0.95,0.9,buy
558,2020-04-03 00:00:00,0.95,0.9,buy
559,2020-04-03 04:00:00,0.9,0.9,buy
560,2020-04-03 08:00:00,0.95,0.9,buy
561,2020-04-03 12:00:00,0.9,0.85,buy
562,2020-04-03 16:00:00,0.95,0.9,buy
563,2020-04-03 20:00:00,0.9,0.8,buy
576,2020-04-06 00:00:00,0.9,0.8,sell
577,2020-04-06 04:00:00,0.8,0.75,sell
578,2020-04-06 08:00:00,0.8,0.75,sell
579,2020-04-06 12:00:00,0.85,0.75,buy
580,2020-04-06 16:00:00,0.8,0.75,buy
581,2020-04-06 20:00:00,0.85,0.8,buy
582,2020-04-07 00:00:00,0.85,0.75,buy
583,2020-04-07 04:00:00,0.85,0.75,buy
584,2020-04-07 08:00:00,0.9,0.8,buy
585,2020-04-07 12:00:00,0.8,0.75,buy
586,2020-04-07 16:00:00,0.8,0.75,buy
587,2020-04-07 20:00:00,0.85,0.8,buy
588,2020-04-08 00:00:00,0.8,0.65,buy
589,2020-04-08 04:00:00,0.85,0.8,buy
590,2020-04-08 08:00:00,0.9,0.8,sell
591,2020-04-08 12:00:00,0.9,0.85,sell
592,2020-04-08 16:00:00,0.9,0.85,sell
593,2020-04-08 20:00:00,0.9,0.85,sell
594,2020-04-09 00:00:00,0.9,0.8,sell
595,2020-04-09 04:00:00,0.9,0.85,sell
596,2020-04-09 08:00:00,0.9,0.8,sell
597,2020-04-09 12:00:00,0.9,0.8,sell
598,2020-04-09 16:00:00,0.9,0.85,buy
599,2020-04-09 20:00:00,0.95,0.85,buy
600,2020-04-10 00:00:00,0.9,0.85,buy
601,2020-04-10 04:00:00,0.95,0.9,buy
602,2020-04-10 08:00:00,0.95,0.9,buy
603,2020-04-10 12:00:00,0.95,0.9,buy
604,2020-04-10 16:00:00,0.9,0.85,buy
605,2020-04-10 20:00:00,0.95,0.9,buy
618,2020-04-13 00:00:00,0.9,0.8,sell
619,2020-04-13 04:00:00,0.9,0.8,sell
620,2020-04-13 08:00:00,0.9,0.8,sell
621,2020-04-13 12:00:00,0.9,0.8,sell
622,2020-04-13 16:00:00,0.9,0.8,sell
623,2020-04-13 20:00:00,0.8,0.75,sell
624,2020-04-14 00:00:00,0.85,0.75,sell
625,2020-04-14 04:00:00,0.9,0.8,sell
626,2020-04-14 08:00:00,0.85,0.75,sell
627,2020-04-14 12:00:00,0.8,0.7,sell
628,2020-04-14 16:00:00,0.7,0.65,buy
629,2020-04-14 20:00:00,0.8,0.75,buy
630,2020-04-15 00:00:00,0.8,0.75,buy
631,2020-04-15 04:00:00,0.8,0.65,buy
632,2020-04-15 08:00:00,0.8,0.7,buy
633,2020-04-15 12:00:00,0.8,0.65,buy
634,2020-04-15 16:00:00,0.9,0.9,buy
635,2020-04-15 20:00:00,0.95,0.9,buy
636,2020-04-16 00:00:00,0.95,0.9,buy
637,2020-04-16 04:00:00,0.9,0.75,buy
638,2020-04-16 08:00:00,0.9,0.75,buy
639,2020-04-16 12:00:00,0.9,0.85,sell
640,2020-04-16 16:00:00,0.9,0.85,buy
641,2020-04-16 20:00:00,0.9,0.85,buy
642,2020-04-17 00:00:00,0.9,0.8,buy
643,2020-04-17 04:00:00,0.9,0.8,buy
644,2020-04-17 08:00:00,0.9,0.85,buy
645,2020-04-17 12:00:00,0.9,0.8,buy
646,2020-04-17 16:00:00,0.8,0.75,sell
647,2020-04-17 20:00:00,0.9,0.8,buy
660,2020-04-20 00:00:00,0.7,0.65,sell
661,2020-04-20 04:00:00,0.85,0.8,sell
662,2020-04-20 08:00:00,0.8,0.75,sell
663,2020-04-20 12:00:00,0.8,0.75,sell
664,2020-04-20 16:00:00,0.8,0.75,sell
665,2020-04-20 20:00:00,0.9,0.75,sell
666,2020-04-21 00:00:00,0.9,0.85,sell
667,2020-04-21 04:00:00,0.9,0.8,sell
668,2020-04-21 08:00:00,0.9,0.85,sell
669,2020-04-21 12:00:00,0.85,0.75,buy
670,2020-04-21 16:00:00,0.9,0.8,sell
671,2020-04-21 20:00:00,0.85,0.7,buy
672,2020-04-22 00:00:00,0.9,0.65,buy
673,2020-04-22 04:00:00,0.9,0.85,sell
674,2020-04-22 08:00:00,0.9,0.8,sell
675,2020-04-22 12:00:00,0.9,0.8,sell
676,2020-04-22 16:00:00,0.9,0.8,sell
677,2020-04-22 20:00:00,0.9,0.85,sell
678,2020-04-23 00:00:00,0.9,0.85,sell
679,2020-04-23 04:00:00,0.9,0.85,sell
680,2020-04-23 08:00:00,0.9,0.85,sell
681,2020-04-23 12:00:00,0.95,0.95,sell
682,2020-04-23 16:00:00,0.9,0.85,sell
683,2020-04-23 20:00:00,0.9,0.75,buy
684,2020-04-24 00:00:00,0.85,0.7,sell
685,2020-04-24 04:00:00,0.9,0.8,buy
686,2020-04-24 08:00:00,0.9,0.75,buy
687,2020-04-24 12:00:00,0.85,0.75,sell
688,2020-04-24 16:00:00,0.95,0.9,buy
689,2020-04-24 20:00:00,0.9,0.85,buy
702,2020-04-27 00:00:00,0.7,0.65,sell
703,2020-04-27 04:00:00,0.4,0.3,hold
704,2020-04-27 08:00:00,0.5,0.4,hold
705,2020-04-27 12:00:00,0.5,0.6,buy
706,2020-04-27 16:00:00,0.8,0.7,sell
707,2020-04-27 20:00:00,0.85,0.8,buy
708,2020-04-28 00:00:00,0.8,0.75,buy
709,2020-04-28 04:00:00,0.8,0.75,buy
710,2020-04-28 08:00:00,0.8,0.65,buy
711,2020-04-28 12:00:00,0.85,0.7,buy
712,2020-04-28 16:00:00,0.75,0.65,buy
713,2020-04-28 20:00:00,0.9,0.85,buy
714,2020-04-29 00:00:00,0.9,0.8,buy
715,2020-04-29 04:00:00,0.9,0.75,buy
716,2020-04-29 08:00:00,0.9,0.8,buy
717,2020-04-29 12:00:00,0.9,0.8,buy
718,2020-04-29 16:00:00,0.95,0.9,buy
719,2020-04-29 20:00:00,0.9,0.85,buy
720,2020-04-30 00:00:00,0.95,0.9,buy
721,2020-04-30 04:00:00,0.95,0.9,buy
722,2020-04-30 08:00:00,0.9,0.85,buy
723,2020-04-30 12:00:00,0.9,0.85,buy
724,2020-04-30 16:00:00,0.9,0.85,sell
725,2020-04-30 20:00:00,0.85,0.8,sell
726,2020-05-01 00:00:00,0.9,0.8,sell
727,2020-05-01 04:00:00,0.85,0.75,sell
728,2020-05-01 08:00:00,0.85,0.75,sell
729,2020-05-01 12:00:00,0.8,0.65,buy
730,2020-05-01 16:00:00,0.9,0.85,buy
731,2020-05-01 20:00:00,0.9,0.85,buy
744,2020-05-04 00:00:00,0.3,0.5,hold
745,2020-05-04 04:00:00,0.7,0.65,sell
746,2020-05-04 08:00:00,0.7,0.65,sell
747,2020-05-04 12:00:00,0.9,0.8,sell
748,2020-05-04 16:00:00,0.9,0.85,sell
749,2020-05-04 20:00:00,0.9,0.8,buy
750,2020-05-05 00:00:00,0.85,0.75,buy
751,2020-05-05 04:00:00,0.9,0.85,buy
752,2020-05-05 08:00:00,0.9,0.8,buy
753,2020-05-05 12:00:00,0.85,0.75,sell
754,2020-05-05 16:00:00,0.85,0.75,sell
755,2020-05-05 20:00:00,0.9,0.8,buy
756,2020-05-06 00:00:00,0.9,0.8,buy
757,2020-05-06 04:00:00,0.9,0.85,buy
758,2020-05-06 08:00:00,0.9,0.8,buy
759,2020-05-06 12:00:00,0.85,0.75,sell
760,2020-05-06 16:00:00,0.9,0.8,buy
761,2020-05-06 20:00:00,0.9,0.8,buy
762,2020-05-07 00:00:00,0.9,0.8,buy
763,2020-05-07 04:00:00,0.9,0.8,buy
764,2020-05-07 08:00:00,0.9,0.8,buy
765,2020-05-07 12:00:00,0.9,0.75,sell
766,2020-05-07 16:00:00,0.9,0.85,sell
767,2020-05-07 20:00:00,0.95,0.9,sell
768,2020-05-08 00:00:00,0.9,0.8,sell
769,2020-05-08 04:00:00,0.9,0.8,sell
770,2020-05-08 08:00:00,0.9,0.75,buy
771,2020-05-08 12:00:00,0.9,0.85,sell
772,2020-05-08 16:00:00,1.0,0.95,buy
773,2020-05-08 20:00:00,1.0,0.95,buy
786,2020-05-11 00:00:00,0.7,0.65,sell
787,2020-05-11 04:00:00,0.7,0.65,sell
788,2020-05-11 08:00:00,0.7,0.65,sell
789,2020-05-11 12:00:00,0.7,0.65,sell
790,2020-05-11 16:00:00,0.8,0.7,sell
791,2020-05-11 20:00:00,0.7,0.65,sell
792,2020-05-12 00:00:00,0.85,0.75,sell
793,2020-05-12 04:00:00,0.8,0.7,sell
794,2020-05-12 08:00:00,0.8,0.65,buy
795,2020-05-12 12:00:00,0.8,0.75,sell
796,2020-05-12 16:00:00,0.9,0.85,buy
797,2020-05-12 20:00:00,0.9,0.85,buy
798,2020-05-13 00:00:00,0.9,0.8,buy
799,2020-05-13 04:00:00,0.9,0.8,buy
800,2020-05-13 08:00:00,0.9,0.85,buy
801,2020-05-13 12:00:00,0.9,0.85,buy
802,2020-05-13 16:00:00,0.9,0.75,buy
803,2020-05-13 20:00:00,0.9,0.85,buy
804,2020-05-14 00:00:00,0.9,0.85,buy
805,2020-05-14 04:00:00,0.9,0.8,buy
806,2020-05-14 08:00:00,0.85,0.75,buy
807,2020-05-14 12:00:00,0.8,0.75,buy
808,2020-05-14 16:00:00,0.9,0.8,buy
809,2020-05-14 20:00:00,0.8,0.7,buy
810,2020-05-15 00:00:00,0.85,0.8,sell
811,2020-05-15 04:00:00,0.85,0.75,sell
812,2020-05-15 08:00:00,0.85,0.8,sell
813,2020-05-15 12:00:00,0.9,0.85,sell
814,2020-05-15 16:00:00,0.9,0.75,buy
815,2020-05-15 20:00:00,0.9,0.75,buy
828,2020-05-18 00:00:00,0.7,0.65,buy
829,2020-05-18 04:00:00,0.8,0.75,buy
830,2020-05-18 08:00:00,0.75,0.65,buy
831,2020-05-18 12:00:00,0.8,0.65,buy
832,2020-05-18 16:00:00,0.7,0.65,sell
833,2020-05-18 20:00:00,0.8,0.75,sell
834,2020-05-19 00:00:00,0.7,0.65,sell
835,2020-05-19 04:00:00,0.8,0.7,sell
836,2020-05-19 08:00:00,0.7,0.65,sell
837,2020-05-19 12:00:00,0.9,0.85,buy
838,2020-05-19 16:00:00,0.9,0.85,buy
839,2020-05-19 20:00:00,0.9,0.9,buy
840,2020-05-20 00:00:00,0.95,0.9,buy
841,2020-05-20 04:00:00,0.9,0.9,buy
842,2020-05-20 08:00:00,0.9,0.9,buy
843,2020-05-20 12:00:00,0.85,0.75,buy
844,2020-05-20 16:00:00,0.85,0.7,sell
845,2020-05-20 20:00:00,0.8,0.75,sell
846,2020-05-21 00:00:00,0.8,0.75,sell
847,2020-05-21 04:00:00,0.9,0.8,sell
848,2020-05-21 08:00:00,0.85,0.7,sell
849,2020-05-21 12:00:00,0.9,0.8,buy
850,2020-05-21 16:00:00,0.9,0.75,buy
851,2020-05-21 20:00:00,0.9,0.75,sell
852,2020-05-22 00:00:00,0.8,0.75,buy
853,2020-05-22 04:00:00,0.85,0.7,sell
854,2020-05-22 08:00:00,0.85,0.75,buy
855,2020-05-22 12:00:00,0.9,0.8,sell
856,2020-05-22 16:00:00,0.9,0.8,sell
857,2020-05-22 20:00:00,0.8,0.65,sell
870,2020-05-25 00:00:00,0.7,0.65,sell
871,2020-05-25 04:00:00,0.6,0.65,sell
872,2020-05-25 08:00:00,0.6,0.65,sell
873,2020-05-25 12:00:00,0.85,0.75,sell
874,2020-05-25 16:00:00,0.8,0.65,buy
875,2020-05-25 20:00:00,0.8,0.65,buy
876,2020-05-26 00:00:00,0.8,0.65,buy
877,2020-05-26 04:00:00,0.8,0.75,buy
878,2020-05-26 08:00:00,0.8,0.75,buy
879,2020-05-26 12:00:00,0.8,0.75,sell
880,2020-05-26 16:00:00,0.8,0.75,sell
881,2020-05-26 20:00:00,0.9,0.85,buy
882,2020-05-27 00:00:00,0.9,0.85,buy
883,2020-05-27 04:00:00,0.9,0.85,buy
884,2020-05-27 08:00:00,0.9,0.85,buy
885,2020-05-27 12:00:00,0.9,0.85,buy
886,2020-05-27 16:00:00,0.9,0.85,buy
887,2020-05-27 20:00:00,0.7,0.65,buy
888,2020-05-28 00:00:00,0.8,0.7,buy
889,2020-05-28 04:00:00,0.8,0.7,buy
890,2020-05-28 08:00:00,0.85,0.7,sell
891,2020-05-28 12:00:00,0.9,0.85,buy
892,2020-05-28 16:00:00,1.0,0.9,buy
893,2020-05-28 20:00:00,0.95,0.9,buy
894,2020-05-29 00:00:00,0.95,0.9,buy
895,2020-05-29 04:00:00,0.9,0.85,buy
896,2020-05-29 08:00:00,0.9,0.85,buy
897,2020-05-29 12:00:00,0.85,0.7,sell
898,2020-05-29 16:00:00,0.9,0.75,buy
899,2020-05-29 20:00:00,0.85,0.75,buy
912,2020-06-01 00:00:00,0.6,0.55,buy
913,2020-06-01 04:00:00,0.6,0.65,buy
914,2020-06-01 08:00:00,0.7,0.65,buy
915,2020-06-01 12:00:00,0.9,0.8,buy
916,2020-06-01 16:00:00,0.85,0.75,buy
917,2020-06-01 20:00:00,0.95,0.9,buy
918,2020-06-02 00:00:00,0.9,0.85,buy
919,2020-06-02 04:00:00,0.9,0.85,buy
920,2020-06-02 08:00:00,0.9,0.85,buy
921,2020-06-02 12:00:00,0.9,0.85,buy
922,2020-06-02 16:00:00,0.9,0.85,buy
923,2020-06-02 20:00:00,0.85,0.75,buy
924,2020-06-03 00:00:00,0.85,0.75,buy
925,2020-06-03 04:00:00,0.85,0.75,buy
926,2020-06-03 08:00:00,0.8,0.75,buy
927,2020-06-03 12:00:00,0.9,0.85,buy
928,2020-06-03 16:00:00,0.9,0.75,sell
929,2020-06-03 20:00:00,0.9,0.8,buy
930,2020-06-04 00:00:00,0.85,0.75,buy
931,2020-06-04 04:00:00,0.9,0.75,buy
932,2020-06-04 08:00:00,0.9,0.85,buy
933,2020-06-04 12:00:00,0.9,0.85,buy
934,2020-06-04 16:00:00,0.95,0.9,sell
935,2020-06-04 20:00:00,0.95,0.9,sell
936,2020-06-05 00:00:00,0.95,0.9,sell
937,2020-06-05 04:00:00,0.95,0.9,sell
938,2020-06-05 08:00:00,0.9,0.95,sell
939,2020-06-05 12:00:00,0.9,0.9,sell
940,2020-06-05 16:00:00,0.95,0.95,sell
941,2020-06-05 20:00:00,0.95,0.95,sell
954,2020-06-08 00:00:00,0.75,0.65,sell
955,2020-06-08 04:00:00,0.8,0.7,sell
956,2020-06-08 08:00:00,0.7,0.65,sell
957,2020-06-08 12:00:00,0.9,0.85,sell
958,2020-06-08 16:00:00,0.9,0.85,sell
959,2020-06-08 20:00:00,0.9,0.85,sell
960,2020-06-09 00:00:00,0.9,0.85,sell
961,2020-06-09 04:00:00,0.9,0.85,sell
962,2020-06-09 08:00:00,0.9,0.85,sell
963,2020-06-09 12:00:00,0.85,0.75,buy
964,2020-06-09 16:00:00,0.85,0.75,buy
965,2020-06-09 20:00:00,0.9,0.8,buy
966,2020-06-10 00:00:00,0.9,0.85,buy
967,2020-06-10 04:00:00,0.9,0.8,buy
968,2020-06-10 08:00:00,0.9,0.85,buy
969,2020-06-10 12:00:00,0.9,0.85,buy
970,2020-06-10 16:00:00,0.85,0.75,sell
971,2020-06-10 20:00:00,0.9,0.8,sell
972,2020-06-11 00:00:00,0.85,0.7,sell
973,2020-06-11 04:00:00,0.85,0.75,sell
974,2020-06-11 08:00:00,0.9,0.75,buy
975,2020-06-11 12:00:00,0.8,0.75,sell
976,2020-06-11 16:00:00,0.9,0.8,sell
977,2020-06-11 20:00:00,0.95,0.9,sell
978,2020-06-12 00:00:00,0.95,0.9,sell
979,2020-06-12 04:00:00,0.9,0.85,sell
980,2020-06-12 08:00:00,0.9,0.85,sell
981,2020-06-12 12:00:00,0.95,0.9,sell
982,2020-06-12 16:00:00,0.9,0.9,sell
983,2020-06-12 20:00:00,0.9,0.85,sell
996,2020-06-15 00:00:00,0.55,0.65,buy
997,2020-06-15 04:00:00,0.6,0.65,buy
998,2020-06-15 08:00:00,0.8,0.7,sell
999,2020-06-15 12:00:00,0.9,0.85,sell
1000,2020-06-15 16:00:00,0.9,0.85,sell
1001,2020-06-15 20:00:00,0.9,0.85,sell
1002,2020-06-16 00:00:00,0.9,0.8,sell
1003,2020-06-16 04:00:00,0.85,0.8,sell
1004,2020-06-16 08:00:00,0.8,0.75,sell
1005,2020-06-16 12:00:00,0.85,0.7,buy
1006,2020-06-16 16:00:00,0.9,0.85,sell
1007,2020-06-16 20:00:00,0.9,0.85,sell
1008,2020-06-17 00:00:00,0.9,0.9,sell
1009,2020-06-17 04:00:00,0.9,0.85,sell
1010,2020-06-17 08:00:00,0.9,0.85,sell
1011,2020-06-17 12:00:00,0.95,0.9,sell
1012,2020-06-17 16:00:00,0.8,0.75,buy
1013,2020-06-17 20:00:00,0.8,0.75,buy
1014,2020-06-18 00:00:00,0.85,0.75,buy
1015,2020-06-18 04:00:00,0.8,0.75,buy
1016,2020-06-18 08:00:00,0.85,0.75,buy
1017,2020-06-18 12:00:00,0.85,0.8,buy
1018,2020-06-18 16:00:00,0.95,0.9,sell
1019,2020-06-18 20:00:00,0.95,0.9,sell
1020,2020-06-19 00:00:00,0.95,0.9,sell
1021,2020-06-19 04:00:00,0.95,0.9,sell
1022,2020-06-19 08:00:00,0.95,0.9,sell
1023,2020-06-19 12:00:00,0.9,0.9,sell
1024,2020-06-19 16:00:00,0.9,0.85,sell
1025,2020-06-19 20:00:00,0.9,0.85,sell
1038,2020-06-22 00:00:00,0.8,0.75,sell
1039,2020-06-22 04:00:00,0.8,0.75,sell
1040,2020-06-22 08:00:00,0.9,0.85,sell
1041,2020-06-22 12:00:00,0.9,0.85,sell
1042,2020-06-22 16:00:00,0.9,0.85,sell
1043,2020-06-22 20:00:00,0.9,0.75,buy
1044,2020-06-23 00:00:00,0.85,0.65,buy
1045,2020-06-23 04:00:00,0.9,0.75,buy
1046,2020-06-23 08:00:00,0.85,0.75,sell
1047,2020-06-23 12:00:00,0.9,0.8,buy
1048,2020-06-23 16:00:00,0.9,0.85,buy
1049,2020-06-23 20:00:00,0.9,0.8,sell
1050,2020-06-24 00:00:00,0.9,0.8,sell
1051,2020-06-24 04:00:00,0.85,0.75,sell
1052,2020-06-24 08:00:00,0.9,0.8,sell
1053,2020-06-24 12:00:00,0.85,0.7,buy
1054,2020-06-24 16:00:00,0.85,0.75,sell
1055,2020-06-24 20:00:00,0.85,0.75,buy
1056,2020-06-25 00:00:00,0.9,0.8,sell
1057,2020-06-25 04:00:00,0.85,0.75,sell
1058,2020-06-25 08:00:00,0.9,0.75,sell
1059,2020-06-25 12:00:00,0.85,0.75,sell
1060,2020-06-25 16:00:00,0.95,0.9,sell
1061,2020-06-25 20:00:00,0.95,0.9,sell
1062,2020-06-26 00:00:00,0.9,0.9,sell
1063,2020-06-26 04:00:00,0.95,0.9,sell
1064,2020-06-26 08:00:00,0.95,0.9,sell
1065,2020-06-26 12:00:00,0.95,0.9,sell
1066,2020-06-26 16:00:00,0.9,0.85,sell
1067,2020-06-26 20:00:00,0.8,0.7,sell
1080,2020-06-29 00:00:00,0.6,0.65,sell
1081,2020-06-29 04:00:00,0.7,0.65,sell
1082,2020-06-29 08:00:00,0.9,0.85,sell
1083,2020-06-29 12:00:00,0.95,0.9,sell
1084,2020-06-29 16:00:00,0.9,0.85,sell
1085,2020-06-29 20:00:00,0.95,0.9,sell
1086,2020-06-30 00:00:00,0.9,0.85,sell
1087,2020-06-30 04:00:00,0.9,0.85,sell
1088,2020-06-30 08:00:00,0.9,0.85,sell
1089,2020-06-30 12:00:00,0.85,0.75,sell
1090,2020-06-30 16:00:00,0.9,0.75,buy
1091,2020-06-30 20:00:00,0.9,0.75,sell
1092,2020-07-01 00:00:00,0.9,0.75,sell
1093,2020-07-01 04:00:00,0.9,0.65,buy
1094,2020-07-01 08:00:00,0.8,0.65,buy
1095,2020-07-01 12:00:00,0.85,0.75,buy
1096,2020-07-01 16:00:00,0.9,0.85,sell
1097,2020-07-01 20:00:00,0.9,0.9,sell
1098,2020-07-02 00:00:00,0.9,0.85,sell
1099,2020-07-02 04:00:00,0.9,0.85,sell
1100,2020-07-02 08:00:00,0.9,0.85,sell
1101,2020-07-02 12:00:00,0.9,0.85,sell
1102,2020-07-02 16:00:00,0.9,0.8,sell
1103,2020-07-02 20:00:00,1.0,0.9,sell
1104,2020-07-03 00:00:00,1.0,0.9,sell
1105,2020-07-03 04:00:00,0.9,0.85,sell
1106,2020-07-03 08:00:00,0.9,0.85,sell
1107,2020-07-03 12:00:00,0.95,0.9,sell
1108,2020-07-03 16:00:00,0.9,0.85,buy
1109,2020-07-03 20:00:00,0.9,0.8,buy
1122,2020-07-06 00:00:00,0.6,0.55,sell
1123,2020-07-06 04:00:00,0.5,0.6,sell
1124,2020-07-06 08:00:00,0.2,0.3,hold
1125,2020-07-06 12:00:00,0.85,0.75,buy
1126,2020-07-06 16:00:00,0.8,0.75,buy
1127,2020-07-06 20:00:00,0.9,0.85,sell
1128,2020-07-07 00:00:00,0.9,0.85,sell
1129,2020-07-07 04:00:00,0.9,0.85,sell
1130,2020-07-07 08:00:00,0.9,0.85,sell
1131,2020-07-07 12:00:00,0.9,0.75,sell
1132,2020-07-07 16:00:00,0.9,0.8,sell
1133,2020-07-07 20:00:00,0.85,0.7,sell
1134,2020-07-08 00:00:00,0.85,0.75,sell
1135,2020-07-08 04:00:00,0.9,0.75,sell
1136,2020-07-08 08:00:00,0.85,0.75,sell
1137,2020-07-08 12:00:00,0.85,0.8,sell
1138,2020-07-08 16:00:00,0.85,0.75,sell
1139,2020-07-08 20:00:00,0.9,0.8,buy
1140,2020-07-09 00:00:00,0.85,0.75,buy
1141,2020-07-09 04:00:00,0.9,0.8,buy
1142,2020-07-09 08:00:00,0.9,0.8,buy
1143,2020-07-09 12:00:00,0.8,0.75,buy
1144,2020-07-09 16:00:00,0.85,0.7,buy
1145,2020-07-09 20:00:00,0.85,0.75,buy
1146,2020-07-10 00:00:00,0.85,0.75,buy
1147,2020-07-10 04:00:00,0.85,0.7,buy
1148,2020-07-10 08:00:00,0.85,0.75,buy
1149,2020-07-10 12:00:00,0.85,0.7,buy
1150,2020-07-10 16:00:00,0.85,0.75,buy
1151,2020-07-10 20:00:00,0.6,0.55,buy
1164,2020-07-13 00:00:00,0.5,0.5,buy
1165,2020-07-13 04:00:00,0.4,0.45,sell
1166,2020-07-13 08:00:00,0.5,0.65,sell
1167,2020-07-13 12:00:00,0.5,0.5,sell
1168,2020-07-13 16:00:00,0.3,0.6,hold
1169,2020-07-13 20:00:00,0.4,0.3,hold
1170,2020-07-14 00:00:00,0.7,0.6,buy
1171,2020-07-14 04:00:00,0.8,0.75,buy
1172,2020-07-14 08:00:00,0.85,0.8,buy
1173,2020-07-14 12:00:00,0.9,0.8,buy
1174,2020-07-14 16:00:00,0.95,0.9,sell
1175,2020-07-14 20:00:00,0.9,0.85,sell
1176,2020-07-15 00:00:00,0.9,0.85,sell
1177,2020-07-15 04:00:00,0.9,0.85,sell
1178,2020-07-15 08:00:00,0.9,0.85,sell
1179,2020-07-15 12:00:00,0.9,0.8,sell
1180,2020-07-15 16:00:00,0.9,0.85,sell
1181,2020-07-15 20:00:00,0.85,0.75,sell
1182,2020-07-16 00:00:00,0.9,0.85,sell
1183,2020-07-16 04:00:00,0.9,0.8,sell
1184,2020-07-16 08:00:00,0.9,0.8,sell
1185,2020-07-16 12:00:00,0.7,0.65,buy
1186,2020-07-16 16:00:00,0.9,0.8,buy
1187,2020-07-16 20:00:00,0.9,0.75,buy
1188,2020-07-17 00:00:00,0.9,0.75,buy
1189,2020-07-17 04:00:00,0.9,0.8,buy
1190,2020-07-17 08:00:00,0.9,0.8,buy
1191,2020-07-17 12:00:00,0.85,0.7,buy
1192,2020-07-17 16:00:00,0.9,0.8,sell
1193,2020-07-17 20:00:00,0.85,0.75,buy
1206,2020-07-20 00:00:00,0.7,0.65,sell
1207,2020-07-20 04:00:00,0.7,0.65,sell
1208,2020-07-20 08:00:00,0.7,0.65,sell
1209,2020-07-20 12:00:00,0.7,0.65,buy
1210,2020-07-20 16:00:00,0.8,0.7,buy
1211,2020-07-20 20:00:00,0.8,0.75,buy
1212,2020-07-21 00:00:00,0.8,0.75,buy
1213,2020-07-21 04:00:00,0.8,0.75,buy
1214,2020-07-21 08:00:00,0.9,0.85,buy
1215,2020-07-21 12:00:00,0.8,0.75,buy
1216,2020-07-21 16:00:00,0.9,0.8,buy
1217,2020-07-21 20:00:00,0.9,0.85,buy
1218,2020-07-22 00:00:00,0.9,0.85,buy
1219,2020-07-22 04:00:00,0.9,0.85,buy
1220,2020-07-22 08:00:00,0.9,0.85,buy
1221,2020-07-22 12:00:00,0.9,0.85,buy
1222,2020-07-22 16:00:00,0.9,0.8,buy
1223,2020-07-22 20:00:00,0.85,0.75,sell
1224,2020-07-23 00:00:00,0.85,0.75,sell
1225,2020-07-23 04:00:00,0.8,0.75,sell
1226,2020-07-23 08:00:00,0.85,0.75,sell
1227,2020-07-23 12:00:00,0.85,0.75,buy
1228,2020-07-23 16:00:00,0.85,0.75,buy
1229,2020-07-23 20:00:00,0.9,0.85,buy
1230,2020-07-24 00:00:00,0.95,0.9,buy
1231,2020-07-24 04:00:00,0.9,0.85,buy
1232,2020-07-24 08:00:00,0.9,0.9,buy
1233,2020-07-24 12:00:00,0.95,0.9,buy
1234,2020-07-24 16:00:00,0.95,0.9,buy
1235,2020-07-24 20:00:00,0.8,0.65,buy
1248,2020-07-27 00:00:00,0.7,0.65,sell
1249,2020-07-27 04:00:00,0.8,0.7,sell
1250,2020-07-27 08:00:00,0.7,0.6,sell
1251,2020-07-27 12:00:00,0.9,0.85,buy
1252,2020-07-27 16:00:00,0.9,0.8,buy
1253,2020-07-27 20:00:00,0.85,0.75,buy
1254,2020-07-28 00:00:00,0.9,0.85,buy
1255,2020-07-28 04:00:00,0.9,0.8,buy
1256,2020-07-28 08:00:00,0.85,0.75,buy
1257,2020-07-28 12:00:00,0.9,0.85,buy
1258,2020-07-28 16:00:00,0.8,0.7,buy
1259,2020-07-28 20:00:00,0.7,0.65,buy
1260,2020-07-29 00:00:00,0.85,0.7,sell
1261,2020-07-29 04:00:00,0.8,0.65,sell
1262,2020-07-29 08:00:00,0.8,0.7,sell
1263,2020-07-29 12:00:00,0.85,0.7,buy
1264,2020-07-29 16:00:00,0.85,0.75,sell
1265,2020-07-29 20:00:00,0.8,0.65,buy
1266,2020-07-30 00:00:00,0.9,0.8,buy
1267,2020-07-30 04:00:00,0.9,0.85,buy
1268,2020-07-30 08:00:00,0.9,0.85,buy
1269,2020-07-30 12:00:00,0.95,0.9,sell
1270,2020-07-30 16:00:00,0.9,0.75,buy
1271,2020-07-30 20:00:00,0.95,0.75,buy
1272,2020-07-31 00:00:00,0.9,0.75,buy
1273,2020-07-31 04:00:00,0.9,0.75,buy
1274,2020-07-31 08:00:00,0.95,0.8,buy
1275,2020-07-31 12:00:00,0.95,0.9,buy
1276,2020-07-31 16:00:00,0.9,0.8,buy
1277,2020-07-31 20:00:00,0.85,0.75,sell
1290,2020-08-03 00:00:00,0.4,0.45,buy
1291,2020-08-03 04:00:00,0.75,0.65,sell
1292,2020-08-03 08:00:00,0.7,0.65,buy
1293,2020-08-03 12:00:00,0.9,0.85,buy
1294,2020-08-03 16:00:00,0.9,0.85,buy
1295,2020-08-03 20:00:00,0.9,0.85,sell
1296,2020-08-04 00:00:00,0.9,0.85,sell
1297,2020-08-04 04:00:00,0.9,0.8,sell
1298,2020-08-04 08:00:00,0.9,0.8,sell
1299,2020-08-04 12:00:00,0.9,0.85,sell
1300,2020-08-04 16:00:00,0.9,0.85,sell
1301,2020-08-04 20:00:00,0.85,0.8,sell
1302,2020-08-05 00:00:00,0.85,0.8,sell
1303,2020-08-05 04:00:00,0.85,0.8,sell
1304,2020-08-05 08:00:00,0.85,0.8,sell
1305,2020-08-05 12:00:00,0.8,0.65,sell
1306,2020-08-05 16:00:00,0.9,0.85,buy
1307,2020-08-05 20:00:00,0.85,0.7,sell
1308,2020-08-06 00:00:00,0.85,0.7,sell
1309,2020-08-06 04:00:00,0.9,0.8,buy
1310,2020-08-06 08:00:00,0.9,0.75,buy
1311,2020-08-06 12:00:00,0.8,0.75,buy
1312,2020-08-06 16:00:00,0.9,0.85,sell
1313,2020-08-06 20:00:00,0.9,0.75,sell
1314,2020-08-07 00:00:00,0.9,0.75,sell
1315,2020-08-07 04:00:00,0.9,0.75,sell
1316,2020-08-07 08:00:00,0.9,0.75,sell
1317,2020-08-07 12:00:00,0.9,0.75,sell
1318,2020-08-07 16:00:00,0.9,0.75,buy
1319,2020-08-07 20:00:00,0.9,0.75,buy
1332,2020-08-10 00:00:00,0.7,0.65,buy
1333,2020-08-10 04:00:00,0.55,0.6,buy
1334,2020-08-10 08:00:00,0.7,0.65,buy
1335,2020-08-10 12:00:00,0.4,0.45,buy
1336,2020-08-10 16:00:00,0.8,0.65,sell
1337,2020-08-10 20:00:00,0.9,0.85,sell
1338,2020-08-11 00:00:00,0.9,0.85,sell
1339,2020-08-11 04:00:00,0.9,0.85,sell
1340,2020-08-11 08:00:00,0.9,0.85,sell
1341,2020-08-11 12:00:00,0.9,0.75,sell
1342,2020-08-11 16:00:00,0.9,0.85,sell
1343,2020-08-11 20:00:00,0.9,0.75,sell
1344,2020-08-12 00:00:00,0.9,0.75,sell
1345,2020-08-12 04:00:00,0.85,0.75,sell
1346,2020-08-12 08:00:00,0.9,0.75,sell
1347,2020-08-12 12:00:00,0.9,0.75,sell
1348,2020-08-12 16:00:00,0.9,0.8,sell
1349,2020-08-12 20:00:00,0.9,0.8,sell
1350,2020-08-13 00:00:00,0.9,0.8,sell
1351,2020-08-13 04:00:00,0.9,0.85,sell
1352,2020-08-13 08:00:00,0.9,0.8,sell
1353,2020-08-13 12:00:00,0.9,0.85,sell
1354,2020-08-13 16:00:00,0.9,0.85,sell
1355,2020-08-13 20:00:00,0.9,0.75,sell
1356,2020-08-14 00:00:00,0.9,0.8,sell
1357,2020-08-14 04:00:00,0.9,0.85,sell
1358,2020-08-14 08:00:00,0.9,0.8,sell
1359,2020-08-14 12:00:00,0.9,0.8,sell
1360,2020-08-14 16:00:00,0.9,0.85,buy
1361,2020-08-14 20:00:00,0.9,0.85,buy
1374,2020-08-17 00:00:00,0.5,0.6,sell
1375,2020-08-17 04:00:00,0.8,0.7,sell
1376,2020-08-17 08:00:00,0.7,0.65,sell
1377,2020-08-17 12:00:00,0.6,0.65,sell
1378,2020-08-17 16:00:00,0.9,0.8,sell
1379,2020-08-17 20:00:00,0.8,0.7,sell
1380,2020-08-18 00:00:00,0.8,0.75,sell
1381,2020-08-18 04:00:00,0.9,0.85,sell
1382,2020-08-18 08:00:00,0.8,0.75,sell
1383,2020-08-18 12:00:00,0.85,0.8,sell
1384,2020-08-18 16:00:00,0.9,0.85,sell
1385,2020-08-18 20:00:00,0.9,0.85,sell
1386,2020-08-19 00:00:00,0.85,0.8,sell
1387,2020-08-19 04:00:00,0.8,0.75,sell
1388,2020-08-19 08:00:00,0.85,0.75,sell
1389,2020-08-19 12:00:00,0.85,0.8,sell
1390,2020-08-19 16:00:00,0.7,0.65,buy
1391,2020-08-19 20:00:00,0.7,0.65,sell
1392,2020-08-20 00:00:00,0.8,0.75,buy
1393,2020-08-20 04:00:00,0.8,0.75,buy
1394,2020-08-20 08:00:00,0.85,0.7,sell
1395,2020-08-20 12:00:00,0.9,0.8,buy
1396,2020-08-20 16:00:00,0.85,0.75,sell
1397,2020-08-20 20:00:00,0.85,0.7,buy
1398,2020-08-21 00:00:00,0.85,0.75,buy
1399,2020-08-21 04:00:00,0.85,0.75,buy
1400,2020-08-21 08:00:00,0.85,0.75,buy
1401,2020-08-21 12:00:00,0.85,0.7,sell
1402,2020-08-21 16:00:00,0.9,0.75,sell
1403,2020-08-21 20:00:00,0.9,0.85,sell
1416,2020-08-24 00:00:00,0.6,0.55,sell
1417,2020-08-24 04:00:00,0.5,0.45,sell
1418,2020-08-24 08:00:00,0.2,0.3,hold
1419,2020-08-24 12:00:00,0.3,0.4,hold
1420,2020-08-24 16:00:00,0.3,0.6,hold
1421,2020-08-24 20:00:00,0.5,0.5,buy
1422,2020-08-25 00:00:00,0.2,0.3,hold
1423,2020-08-25 04:00:00,0.5,0.45,buy
1424,2020-08-25 08:00:00,0.7,0.65,buy
1425,2020-08-25 12:00:00,0.9,0.8,buy
1426,2020-08-25 16:00:00,0.8,0.75,buy
1427,2020-08-25 20:00:00,0.8,0.65,buy
1428,2020-08-26 00:00:00,0.85,0.75,sell
1429,2020-08-26 04:00:00,0.8,0.65,sell
1430,2020-08-26 08:00:00,0.8,0.65,sell
1431,2020-08-26 12:00:00,0.8,0.65,buy
1432,2020-08-26 16:00:00,0.85,0.7,sell
1433,2020-08-26 20:00:00,0.9,0.85,sell
1434,2020-08-27 00:00:00,0.9,0.85,sell
1435,2020-08-27 04:00:00,0.9,0.8,sell
1436,2020-08-27 08:00:00,0.9,0.85,sell
1437,2020-08-27 12:00:00,0.9,0.8,sell
1438,2020-08-27 16:00:00,0.9,0.85,sell
1439,2020-08-27 20:00:00,0.9,0.8,buy
1440,2020-08-28 00:00:00,0.9,0.85,buy
1441,2020-08-28 04:00:00,0.9,0.85,buy
1442,2020-08-28 08:00:00,0.9,0.7,sell
1443,2020-08-28 12:00:00,0.9,0.8,sell
1444,2020-08-28 16:00:00,0.9,0.75,sell
1445,2020-08-28 20:00:00,0.9,0.85,sell
1458,2020-08-31 00:00:00,0.5,0.45,sell
1459,2020-08-31 04:00:00,0.7,0.65,sell
1460,2020-08-31 08:00:00,0.7,0.65,buy
1461,2020-08-31 12:00:00,0.66,0.7,buy
1462,2020-08-31 16:00:00,0.8,0.75,sell
1463,2020-08-31 20:00:00,0.8,0.75,sell
1464,2020-09-01 00:00:00,0.8,0.7,sell
1465,2020-09-01 04:00:00,0.8,0.75,sell
1466,2020-09-01 08:00:00,0.85,0.75,buy
1467,2020-09-01 12:00:00,0.9,0.85,sell
1468,2020-09-01 16:00:00,0.9,0.9,sell
1469,2020-09-01 20:00:00,0.95,0.9,sell
1470,2020-09-02 00:00:00,0.9,0.85,sell
1471,2020-09-02 04:00:00,0.95,0.9,sell
1472,2020-09-02 08:00:00,0.9,0.85,sell
1473,2020-09-02 12:00:00,0.9,0.85,sell
1474,2020-09-02 16:00:00,0.9,0.85,buy
1475,2020-09-02 20:00:00,0.9,0.8,buy
1476,2020-09-03 00:00:00,0.9,0.85,buy
1477,2020-09-03 04:00:00,0.9,0.85,buy
1478,2020-09-03 08:00:00,0.95,0.9,buy
1479,2020-09-03 12:00:00,0.9,0.85,buy
1480,2020-09-03 16:00:00,0.9,0.85,sell
1481,2020-09-03 20:00:00,0.9,0.85,sell
1482,2020-09-04 00:00:00,0.95,0.9,sell
1483,2020-09-04 04:00:00,0.95,0.9,sell
1484,2020-09-04 08:00:00,0.9,0.85,sell
1485,2020-09-04 12:00:00,0.9,0.85,sell
1486,2020-09-04 16:00:00,1.0,0.95,sell
1487,2020-09-04 20:00:00,0.95,0.95,sell
1500,2020-09-07 00:00:00,0.5,0.45,sell
1501,2020-09-07 04:00:00,0.3,0.5,hold
1502,2020-09-07 08:00:00,0.5,0.6,sell
1503,2020-09-07 12:00:00,0.8,0.7,buy
1504,2020-09-07 16:00:00,0.8,0.7,buy
1505,2020-09-07 20:00:00,0.8,0.7,buy
1506,2020-09-08 00:00:00,0.8,0.7,sell
1507,2020-09-08 04:00:00,0.8,0.65,buy
1508,2020-09-08 08:00:00,0.7,0.65,buy
1509,2020-09-08 12:00:00,0.8,0.65,buy
1510,2020-09-08 16:00:00,0.85,0.7,buy
1511,2020-09-08 20:00:00,0.85,0.7,buy
1512,2020-09-09 00:00:00,0.9,0.85,sell
1513,2020-09-09 04:00:00,0.85,0.8,sell
1514,2020-09-09 08:00:00,0.9,0.8,sell
1515,2020-09-09 12:00:00,0.9,0.85,sell
1516,2020-09-09 16:00:00,0.9,0.85,sell
1517,2020-09-09 20:00:00,0.9,0.85,sell
1518,2020-09-10 00:00:00,0.9,0.85,sell
1519,2020-09-10 04:00:00,0.9,0.9,sell
1520,2020-09-10 08:00:00,0.9,0.85,sell
1521,2020-09-10 12:00:00,0.9,0.85,sell
1522,2020-09-10 16:00:00,0.9,0.9,sell
1523,2020-09-10 20:00:00,0.9,0.85,sell
1524,2020-09-11 00:00:00,0.9,0.85,sell
1525,2020-09-11 04:00:00,0.9,0.85,sell
1526,2020-09-11 08:00:00,0.9,0.85,sell
1527,2020-09-11 12:00:00,0.9,0.85,sell
1528,2020-09-11 16:00:00,0.85,0.8,sell
1529,2020-09-11 20:00:00,0.85,0.8,sell
1542,2020-09-14 00:00:00,0.7,0.65,sell
1543,2020-09-14 04:00:00,0.85,0.8,sell
1544,2020-09-14 08:00:00,0.5,0.6,sell
1545,2020-09-14 12:00:00,0.8,0.75,sell
1546,2020-09-14 16:00:00,0.8,0.75,sell
1547,2020-09-14 20:00:00,0.85,0.8,sell
1548,2020-09-15 00:00:00,0.85,0.8,sell
1549,2020-09-15 04:00:00,0.8,0.75,sell
1550,2020-09-15 08:00:00,0.9,0.8,sell
1551,2020-09-15 12:00:00,0.9,0.8,buy
1552,2020-09-15 16:00:00,0.9,0.8,sell
1553,2020-09-15 20:00:00,0.8,0.7,sell
1554,2020-09-16 00:00:00,0.75,0.65,sell
1555,2020-09-16 04:00:00,0.85,0.75,buy
1556,2020-09-16 08:00:00,0.8,0.7,buy
1557,2020-09-16 12:00:00,0.9,0.8,buy
1558,2020-09-16 16:00:00,0.9,0.75,buy
1559,2020-09-16 20:00:00,0.85,0.7,buy
1560,2020-09-17 00:00:00,0.9,0.8,sell
1561,2020-09-17 04:00:00,0.9,0.8,buy
1562,2020-09-17 08:00:00,0.9,0.85,buy
1563,2020-09-17 12:00:00,0.85,0.75,buy
1564,2020-09-17 16:00:00,0.9,0.8,sell
1565,2020-09-17 20:00:00,0.9,0.8,sell
1566,2020-09-18 00:00:00,0.9,0.85,sell
1567,2020-09-18 04:00:00,0.9,0.85,sell
1568,2020-09-18 08:00:00,0.9,0.85,sell
1569,2020-09-18 12:00:00,0.9,0.85,sell
1570,2020-09-18 16:00:00,0.85,0.75,buy
1571,2020-09-18 20:00:00,0.75,0.65,buy
1584,2020-09-21 00:00:00,0.7,0.65,sell
1585,2020-09-21 04:00:00,0.7,0.65,sell
1586,2020-09-21 08:00:00,0.7,0.65,sell
1587,2020-09-21 12:00:00,0.6,0.55,sell
1588,2020-09-21 16:00:00,0.8,0.75,sell
1589,2020-09-21 20:00:00,0.8,0.8,sell
1590,2020-09-22 00:00:00,0.8,0.75,sell
1591,2020-09-22 04:00:00,0.9,0.85,sell
1592,2020-09-22 08:00:00,0.85,0.8,sell
1593,2020-09-22 12:00:00,0.9,0.8,sell
1594,2020-09-22 16:00:00,0.9,0.8,sell
1595,2020-09-22 20:00:00,0.85,0.75,buy
1596,2020-09-23 00:00:00,0.85,0.75,buy
1597,2020-09-23 04:00:00,0.85,0.75,sell
1598,2020-09-23 08:00:00,0.85,0.75,sell
1599,2020-09-23 12:00:00,0.9,0.8,sell
1600,2020-09-23 16:00:00,0.85,0.75,sell
1601,2020-09-23 20:00:00,0.9,0.8,sell
1602,2020-09-24 00:00:00,0.9,0.85,sell
1603,2020-09-24 04:00:00,0.9,0.8,sell
1604,2020-09-24 08:00:00,0.9,0.8,sell
1605,2020-09-24 12:00:00,0.85,0.75,sell
1606,2020-09-24 16:00:00,0.9,0.85,sell
1607,2020-09-24 20:00:00,0.9,0.85,sell
1608,2020-09-25 00:00:00,0.9,0.85,sell
1609,2020-09-25 04:00:00,0.9,0.8,sell
1610,2020-09-25 08:00:00,0.9,0.8,sell
1611,2020-09-25 12:00:00,0.85,0.75,sell
1612,2020-09-25 16:00:00,0.9,0.8,buy
1613,2020-09-25 20:00:00,0.9,0.8,buy
1626,2020-09-28 00:00:00,0.7,0.6,sell
1627,2020-09-28 04:00:00,0.65,0.7,sell
1628,2020-09-28 08:00:00,0.7,0.65,sell
1629,2020-09-28 12:00:00,0.5,0.65,sell
1630,2020-09-28 16:00:00,0.7,0.65,sell
1631,2020-09-28 20:00:00,0.55,0.6,sell
1632,2020-09-29 00:00:00,0.6,0.65,sell
1633,2020-09-29 04:00:00,0.5,0.65,sell
1634,2020-09-29 08:00:00,0.5,0.45,sell
1635,2020-09-29 12:00:00,0.9,0.75,sell
1636,2020-09-29 16:00:00,0.9,0.8,sell
1637,2020-09-29 20:00:00,0.9,0.85,sell
1638,2020-09-30 00:00:00,0.95,0.9,sell
1639,2020-09-30 04:00:00,0.9,0.85,sell
1640,2020-09-30 08:00:00,0.95,0.9,sell
1641,2020-09-30 12:00:00,0.9,0.85,sell
1642,2020-09-30 16:00:00,0.9,0.75,buy
1643,2020-09-30 20:00:00,0.9,0.8,buy
1644,2020-10-01 00:00:00,0.9,0.75,sell
1645,2020-10-01 04:00:00,0.85,0.75,sell
1646,2020-10-01 08:00:00,0.9,0.75,buy
1647,2020-10-01 12:00:00,0.9,0.8,sell
1648,2020-10-01 16:00:00,0.95,0.9,sell
1649,2020-10-01 20:00:00,0.95,0.9,sell
1650,2020-10-02 00:00:00,0.95,0.9,sell
1651,2020-10-02 04:00:00,0.9,0.85,sell
1652,2020-10-02 08:00:00,0.9,0.85,sell
1653,2020-10-02 12:00:00,0.95,0.8,buy
1654,2020-10-02 16:00:00,0.9,0.85,buy
1655,2020-10-02 20:00:00,0.95,0.8,buy
1668,2020-10-05 00:00:00,0.7,0.65,buy
1669,2020-10-05 04:00:00,0.7,0.65,buy
1670,2020-10-05 08:00:00,0.8,0.65,buy
1671,2020-10-05 12:00:00,0.9,0.8,buy
1672,2020-10-05 16:00:00,0.85,0.75,buy
1673,2020-10-05 20:00:00,0.9,0.8,sell
1674,2020-10-06 00:00:00,0.9,0.8,sell
1675,2020-10-06 04:00:00,0.9,0.8,sell
1676,2020-10-06 08:00:00,0.9,0.8,sell
1677,2020-10-06 12:00:00,0.9,0.8,sell
1678,2020-10-06 16:00:00,0.9,0.8,sell
1679,2020-10-06 20:00:00,0.9,0.75,sell
1680,2020-10-07 00:00:00,0.9,0.75,sell
1681,2020-10-07 04:00:00,0.85,0.75,buy
1682,2020-10-07 08:00:00,0.85,0.75,sell
1683,2020-10-07 12:00:00,0.8,0.75,buy
1684,2020-10-07 16:00:00,0.85,0.75,sell
1685,2020-10-07 20:00:00,0.85,0.75,buy
1686,2020-10-08 00:00:00,0.85,0.75,sell
1687,2020-10-08 04:00:00,0.9,0.8,sell
1688,2020-10-08 08:00:00,0.9,0.8,buy
1689,2020-10-08 12:00:00,0.85,0.7,buy
1690,2020-10-08 16:00:00,0.9,0.8,sell
1691,2020-10-08 20:00:00,0.9,0.8,sell
1692,2020-10-09 00:00:00,0.9,0.8,sell
1693,2020-10-09 04:00:00,0.9,0.8,sell
1694,2020-10-09 08:00:00,0.9,0.8,sell
1695,2020-10-09 12:00:00,0.9,0.8,sell
1696,2020-10-09 16:00:00,0.8,0.7,sell
1697,2020-10-09 20:00:00,0.7,0.65,sell
1710,2020-10-12 00:00:00,0.7,0.65,sell
1711,2020-10-12 04:00:00,0.3,0.6,hold
1712,2020-10-12 08:00:00,0.2,0.3,hold
1713,2020-10-12 12:00:00,0.4,0.45,sell
1714,2020-10-12 16:00:00,0.3,0.7,hold
1715,2020-10-12 20:00:00,0.3,0.3,hold
1716,2020-10-13 00:00:00,0.6,0.55,buy
1717,2020-10-13 04:00:00,0.3,0.5,hold
1718,2020-10-13 08:00:00,0.2,0.7,hold
1719,2020-10-13 12:00:00,0.9,0.8,sell
1720,2020-10-13 16:00:00,0.9,0.8,buy
1721,2020-10-13 20:00:00,0.9,0.85,buy
1722,2020-10-14 00:00:00,0.9,0.85,buy
1723,2020-10-14 04:00:00,0.8,0.75,buy
1724,2020-10-14 08:00:00,0.9,0.75,buy
1725,2020-10-14 12:00:00,0.85,0.75,buy
1726,2020-10-14 16:00:00,0.85,0.75,sell
1727,2020-10-14 20:00:00,0.85,0.75,sell
1728,2020-10-15 00:00:00,0.85,0.75,sell
1729,2020-10-15 04:00:00,0.85,0.75,sell
1730,2020-10-15 08:00:00,0.85,0.75,sell
1731,2020-10-15 12:00:00,0.85,0.75,sell
1732,2020-10-15 16:00:00,0.85,0.7,sell
1733,2020-10-15 20:00:00,0.85,0.75,sell
1734,2020-10-16 00:00:00,0.85,0.75,sell
1735,2020-10-16 04:00:00,0.85,0.75,sell
1736,2020-10-16 08:00:00,0.85,0.75,sell
1737,2020-10-16 12:00:00,0.85,0.75,sell
1738,2020-10-16 16:00:00,0.95,0.9,sell
1739,2020-10-16 20:00:00,0.95,0.9,sell
1752,2020-10-19 00:00:00,0.7,0.65,buy
1753,2020-10-19 04:00:00,0.7,0.6,sell
1754,2020-10-19 08:00:00,0.6,0.65,sell
1755,2020-10-19 12:00:00,0.6,0.65,sell
1756,2020-10-19 16:00:00,0.7,0.65,sell
1757,2020-10-19 20:00:00,0.7,0.65,sell
1758,2020-10-20 00:00:00,0.75,0.65,sell
1759,2020-10-20 04:00:00,0.7,0.65,sell
1760,2020-10-20 08:00:00,0.7,0.65,sell
1761,2020-10-20 12:00:00,0.8,0.75,buy
1762,2020-10-20 16:00:00,0.8,0.65,buy
1763,2020-10-20 20:00:00,0.75,0.65,sell
1764,2020-10-21 00:00:00,0.8,0.65,sell
1765,2020-10-21 04:00:00,0.75,0.65,sell
1766,2020-10-21 08:00:00,0.7,0.65,sell
1767,2020-10-21 12:00:00,0.8,0.7,sell
1768,2020-10-21 16:00:00,0.4,0.5,hold
1769,2020-10-21 20:00:00,0.75,0.65,sell
1770,2020-10-22 00:00:00,0.75,0.65,buy
1771,2020-10-22 04:00:00,0.8,0.75,sell
1772,2020-10-22 08:00:00,0.8,0.7,sell
1773,2020-10-22 12:00:00,0.9,0.8,sell
1774,2020-10-22 16:00:00,0.9,0.85,sell
1775,2020-10-22 20:00:00,0.9,0.85,sell
1776,2020-10-23 00:00:00,0.85,0.75,sell
1777,2020-10-23 04:00:00,0.9,0.8,sell
1778,2020-10-23 08:00:00,0.85,0.75,sell
1779,2020-10-23 12:00:00,0.95,0.9,sell
1780,2020-10-23 16:00:00,0.9,0.8,sell
1781,2020-10-23 20:00:00,0.9,0.85,sell
1794,2020-10-26 00:00:00,0.2,0.8,hold
1795,2020-10-26 04:00:00,0.0,0.0,hold
1796,2020-10-26 08:00:00,0.2,0.8,hold
1797,2020-10-26 12:00:00,0.2,0.7,hold
1798,2020-10-26 16:00:00,0.66,0.7,sell
1799,2020-10-26 20:00:00,0.8,0.75,buy
1800,2020-10-27 00:00:00,0.85,0.7,buy
1801,2020-10-27 04:00:00,0.85,0.7,buy
1802,2020-10-27 08:00:00,0.8,0.65,buy
1803,2020-10-27 12:00:00,0.85,0.75,buy
1804,2020-10-27 16:00:00,0.9,0.8,sell
1805,2020-10-27 20:00:00,0.9,0.85,sell
1806,2020-10-28 00:00:00,0.9,0.8,sell
1807,2020-10-28 04:00:00,0.9,0.85,sell
1808,2020-10-28 08:00:00,0.9,0.85,sell
1809,2020-10-28 12:00:00,0.9,0.85,sell
1810,2020-10-28 16:00:00,0.9,0.85,sell
1811,2020-10-28 20:00:00,0.8,0.7,sell
1812,2020-10-29 00:00:00,0.9,0.8,sell
1813,2020-10-29 04:00:00,0.9,0.8,sell
1814,2020-10-29 08:00:00,0.9,0.8,sell
1815,2020-10-29 12:00:00,0.9,0.85,sell
1816,2020-10-29 16:00:00,1.0,0.95,sell
1817,2020-10-29 20:00:00,0.95,0.95,sell
1818,2020-10-30 00:00:00,0.95,0.95,sell
1819,2020-10-30 04:00:00,0.9,0.95,sell
1820,2020-10-30 08:00:00,0.95,0.95,sell
1821,2020-10-30 12:00:00,0.9,0.8,sell
1822,2020-10-30 16:00:00,0.9,0.75,buy
1823,2020-10-30 20:00:00,0.9,0.85,buy
1836,2020-11-02 00:00:00,0.8,0.75,sell
1837,2020-11-02 04:00:00,0.7,0.65,sell
1838,2020-11-02 08:00:00,0.6,0.65,sell
1839,2020-11-02 12:00:00,0.85,0.75,buy
1840,2020-11-02 16:00:00,0.9,0.8,buy
1841,2020-11-02 20:00:00,0.95,0.9,sell
1842,2020-11-03 00:00:00,0.95,0.9,sell
1843,2020-11-03 04:00:00,0.9,0.9,sell
1844,2020-11-03 08:00:00,0.95,0.9,sell
1845,2020-11-03 12:00:00,0.95,0.9,sell
1846,2020-11-03 16:00:00,0.95,0.9,sell
1847,2020-11-03 20:00:00,0.9,0.8,sell
1848,2020-11-04 00:00:00,0.9,0.85,sell
1849,2020-11-04 04:00:00,0.85,0.8,sell
1850,2020-11-04 08:00:00,0.9,0.8,sell
1851,2020-11-04 12:00:00,0.8,0.65,buy
1852,2020-11-04 16:00:00,0.85,0.7,buy
1853,2020-11-04 20:00:00,0.85,0.75,sell
1854,2020-11-05 00:00:00,0.85,0.7,sell
1855,2020-11-05 04:00:00,0.8,0.75,sell
1856,2020-11-05 08:00:00,0.85,0.75,sell
1857,2020-11-05 12:00:00,0.9,0.75,sell
1858,2020-11-05 16:00:00,0.85,0.75,sell
1859,2020-11-05 20:00:00,0.9,0.85,sell
1860,2020-11-06 00:00:00,0.85,0.75,sell
1861,2020-11-06 04:00:00,0.9,0.75,buy
1862,2020-11-06 08:00:00,0.85,0.75,sell
1863,2020-11-06 12:00:00,0.85,0.75,buy
1864,2020-11-06 16:00:00,0.9,0.8,buy
1865,2020-11-06 20:00:00,0.95,0.9,sell
1878,2020-11-09 00:00:00,0.85,0.7,sell
1879,2020-11-09 04:00:00,0.8,0.7,sell
1880,2020-11-09 08:00:00,0.8,0.75,sell
1881,2020-11-09 12:00:00,0.85,0.7,buy
1882,2020-11-09 16:00:00,0.8,0.75,buy
1883,2020-11-09 20:00:00,0.9,0.8,buy
1884,2020-11-10 00:00:00,0.85,0.75,buy
1885,2020-11-10 04:00:00,0.85,0.75,buy
1886,2020-11-10 08:00:00,0.85,0.7,buy
1887,2020-11-10 12:00:00,0.85,0.75,sell
1888,2020-11-10 16:00:00,0.9,0.85,sell
1889,2020-11-10 20:00:00,0.9,0.9,sell
1890,2020-11-11 00:00:00,0.95,0.9,sell
1891,2020-11-11 04:00:00,0.9,0.85,sell
1892,2020-11-11 08:00:00,0.95,0.9,sell
1893,2020-11-11 12:00:00,0.9,0.9,sell
1894,2020-11-11 16:00:00,0.9,0.85,sell
1895,2020-11-11 20:00:00,0.8,0.75,sell
1896,2020-11-12 00:00:00,0.7,0.65,sell
1897,2020-11-12 04:00:00,0.7,0.65,sell
1898,2020-11-12 08:00:00,0.7,0.65,sell
1899,2020-11-12 12:00:00,0.7,0.65,sell
1900,2020-11-12 16:00:00,0.8,0.7,buy
1901,2020-11-12 20:00:00,0.9,0.85,buy
1902,2020-11-13 00:00:00,0.9,0.8,buy
1903,2020-11-13 04:00:00,0.85,0.7,sell
1904,2020-11-13 08:00:00,0.85,0.75,buy
1905,2020-11-13 12:00:00,0.9,0.75,buy
1906,2020-11-13 16:00:00,0.9,0.8,buy
1907,2020-11-13 20:00:00,0.9,0.8,sell
1920,2020-11-16 00:00:00,0.6,0.55,sell
1921,2020-11-16 04:00:00,0.6,0.55,sell
1922,2020-11-16 08:00:00,0.5,0.6,sell
1923,2020-11-16 12:00:00,0.7,0.65,sell
1924,2020-11-16 16:00:00,0.7,0.65,sell
1925,2020-11-16 20:00:00,0.85,0.8,sell
1926,2020-11-17 00:00:00,0.7,0.65,sell
1927,2020-11-17 04:00:00,0.8,0.7,sell
1928,2020-11-17 08:00:00,0.75,0.65,buy
1929,2020-11-17 12:00:00,0.8,0.75,sell
1930,2020-11-17 16:00:00,0.65,0.6,sell
1931,2020-11-17 20:00:00,0.9,0.85,sell
1932,2020-11-18 00:00:00,0.9,0.8,sell
1933,2020-11-18 04:00:00,0.85,0.7,sell
1934,2020-11-18 08:00:00,0.85,0.75,sell
1935,2020-11-18 12:00:00,0.9,0.8,sell
1936,2020-11-18 16:00:00,0.9,0.8,sell
1937,2020-11-18 20:00:00,0.8,0.65,sell
1938,2020-11-19 00:00:00,0.8,0.7,sell
1939,2020-11-19 04:00:00,0.8,0.75,sell
1940,2020-11-19 08:00:00,0.7,0.65,sell
1941,2020-11-19 12:00:00,0.8,0.75,sell
1942,2020-11-19 16:00:00,0.8,0.75,sell
1943,2020-11-19 20:00:00,0.9,0.8,sell
1944,2020-11-20 00:00:00,0.85,0.75,sell
1945,2020-11-20 04:00:00,0.9,0.8,sell
1946,2020-11-20 08:00:00,0.85,0.75,sell
1947,2020-11-20 12:00:00,0.9,0.75,sell
1948,2020-11-20 16:00:00,0.85,0.75,sell
1949,2020-11-20 20:00:00,0.85,0.7,buy
1962,2020-11-23 00:00:00,0.7,0.65,sell
1963,2020-11-23 04:00:00,0.8,0.65,sell
1964,2020-11-23 08:00:00,0.6,0.55,sell
1965,2020-11-23 12:00:00,0.9,0.85,sell
1966,2020-11-23 16:00:00,0.9,0.85,sell
1967,2020-11-23 20:00:00,0.9,0.85,sell
1968,2020-11-24 00:00:00,0.9,0.85,sell
1969,2020-11-24 04:00:00,0.9,0.85,sell
1970,2020-11-24 08:00:00,0.9,0.85,sell
1971,2020-11-24 12:00:00,0.9,0.75,sell
1972,2020-11-24 16:00:00,0.9,0.8,sell
1973,2020-11-24 20:00:00,0.9,0.8,buy
1974,2020-11-25 00:00:00,0.9,0.85,buy
1975,2020-11-25 04:00:00,0.9,0.85,buy
1976,2020-11-25 08:00:00,0.9,0.8,buy
1977,2020-11-25 12:00:00,0.9,0.8,buy
1978,2020-11-25 16:00:00,0.9,0.8,buy
1979,2020-11-25 20:00:00,0.8,0.7,buy
1980,2020-11-26 00:00:00,0.85,0.75,buy
1981,2020-11-26 04:00:00,0.85,0.75,buy
1982,2020-11-26 08:00:00,0.85,0.75,buy
1983,2020-11-26 12:00:00,0.85,0.75,buy
1984,2020-11-26 16:00:00,0.85,0.7,buy
1985,2020-11-26 20:00:00,0.85,0.75,sell
1986,2020-11-27 00:00:00,0.8,0.75,sell
1987,2020-11-27 04:00:00,0.85,0.75,sell
1988,2020-11-27 08:00:00,0.9,0.85,sell
1989,2020-11-27 12:00:00,0.85,0.75,buy
1990,2020-11-27 16:00:00,0.85,0.75,buy
1991,2020-11-27 20:00:00,0.85,0.75,buy
2004,2020-11-30 00:00:00,0.8,0.75,sell
2005,2020-11-30 04:00:00,0.8,0.75,sell
2006,2020-11-30 08:00:00,0.65,0.7,sell
2007,2020-11-30 12:00:00,0.7,0.65,buy
2008,2020-11-30 16:00:00,0.9,0.8,sell
2009,2020-11-30 20:00:00,0.8,0.65,buy
2010,2020-12-01 00:00:00,0.9,0.8,buy
2011,2020-12-01 04:00:00,0.9,0.8,buy
2012,2020-12-01 08:00:00,0.9,0.82,buy
2013,2020-12-01 12:00:00,0.85,0.8,buy
2014,2020-12-01 16:00:00,0.9,0.8,sell
2015,2020-12-01 20:00:00,0.9,0.8,sell
2016,2020-12-02 00:00:00,0.9,0.8,sell
2017,2020-12-02 04:00:00,0.9,0.75,sell
2018,2020-12-02 08:00:00,0.85,0.75,sell
2019,2020-12-02 12:00:00,0.9,0.85,sell
2020,2020-12-02 16:00:00,0.85,0.75,sell
2021,2020-12-02 20:00:00,0.9,0.8,sell
2022,2020-12-03 00:00:00,0.9,0.8,sell
2023,2020-12-03 04:00:00,0.9,0.8,sell
2024,2020-12-03 08:00:00,0.9,0.8,sell
2025,2020-12-03 12:00:00,0.9,0.85,sell
2026,2020-12-03 16:00:00,0.9,0.85,sell
2027,2020-12-03 20:00:00,0.95,0.9,sell
2028,2020-12-04 00:00:00,0.95,0.9,sell
2029,2020-12-04 04:00:00,0.95,0.9,sell
2030,2020-12-04 08:00:00,0.95,0.9,sell
2031,2020-12-04 12:00:00,0.9,0.85,sell
2032,2020-12-04 16:00:00,0.9,0.85,sell
2033,2020-12-04 20:00:00,0.95,0.85,buy
2046,2020-12-07 00:00:00,0.8,0.7,sell
2047,2020-12-07 04:00:00,0.8,0.7,sell
2048,2020-12-07 08:00:00,0.8,0.75,sell
2049,2020-12-07 12:00:00,0.9,0.85,sell
2050,2020-12-07 16:00:00,0.9,0.85,sell
2051,2020-12-07 20:00:00,0.9,0.85,sell
2052,2020-12-08 00:00:00,0.85,0.9,sell
2053,2020-12-08 04:00:00,0.9,0.9,sell
2054,2020-12-08 08:00:00,0.9,0.9,sell
2055,2020-12-08 12:00:00,0.9,0.8,sell
2056,2020-12-08 16:00:00,0.8,0.7,buy
2057,2020-12-08 20:00:00,0.85,0.75,sell
2058,2020-12-09 00:00:00,0.85,0.7,sell
2059,2020-12-09 04:00:00,0.8,0.65,buy
2060,2020-12-09 08:00:00,0.85,0.7,buy
2061,2020-12-09 12:00:00,0.8,0.75,buy
2062,2020-12-09 16:00:00,0.75,0.65,sell
2063,2020-12-09 20:00:00,0.9,0.8,sell
2064,2020-12-10 00:00:00,0.9,0.8,sell
2065,2020-12-10 04:00:00,0.9,0.85,sell
2066,2020-12-10 08:00:00,0.9,0.85,sell
2067,2020-12-10 12:00:00,0.9,0.8,sell
2068,2020-12-10 16:00:00,0.9,0.85,sell
2069,2020-12-10 20:00:00,0.95,0.9,sell
2070,2020-12-11 00:00:00,0.9,0.85,sell
2071,2020-12-11 04:00:00,0.9,0.85,sell
2072,2020-12-11 08:00:00,0.9,0.8,sell
2073,2020-12-11 12:00:00,0.9,0.85,sell
2074,2020-12-11 16:00:00,0.9,0.85,sell
2075,2020-12-11 20:00:00,0.9,0.85,sell
2088,2020-12-14 00:00:00,0.7,0.65,sell
2089,2020-12-14 04:00:00,0.6,0.6,sell
2090,2020-12-14 08:00:00,0.5,0.6,sell
2091,2020-12-14 12:00:00,0.8,0.7,sell
2092,2020-12-14 16:00:00,0.8,0.7,buy
2093,2020-12-14 20:00:00,0.8,0.7,buy
2094,2020-12-15 00:00:00,0.8,0.75,buy
2095,2020-12-15 04:00:00,0.8,0.75,buy
2096,2020-12-15 08:00:00,0.85,0.75,buy
2097,2020-12-15 12:00:00,0.8,0.75,buy
2098,2020-12-15 16:00:00,0.75,0.65,sell
2099,2020-12-15 20:00:00,0.85,0.75,sell
2100,2020-12-16 00:00:00,0.9,0.85,sell
2101,2020-12-16 04:00:00,0.9,0.85,sell
2102,2020-12-16 08:00:00,0.9,0.85,sell
2103,2020-12-16 12:00:00,0.9,0.8,buy
2104,2020-12-16 16:00:00,0.85,0.75,sell
2105,2020-12-16 20:00:00,0.9,0.8,buy
2106,2020-12-17 00:00:00,0.9,0.8,buy
2107,2020-12-17 04:00:00,0.9,0.85,buy
2108,2020-12-17 08:00:00,0.9,0.85,buy
2109,2020-12-17 12:00:00,0.9,0.85,buy
2110,2020-12-17 16:00:00,0.9,0.8,buy
2111,2020-12-17 20:00:00,0.85,0.75,buy
2112,2020-12-18 00:00:00,0.85,0.7,buy
2113,2020-12-18 04:00:00,0.85,0.75,buy
2114,2020-12-18 08:00:00,0.8,0.65,buy
2115,2020-12-18 12:00:00,0.85,0.65,buy
2116,2020-12-18 16:00:00,0.85,0.75,buy
2117,2020-12-18 20:00:00,0.85,0.75,buy
2130,2020-12-21 00:00:00,0.8,0.7,sell
2131,2020-12-21 04:00:00,0.8,0.75,sell
2132,2020-12-21 08:00:00,0.75,0.8,sell
2133,2020-12-21 12:00:00,0.8,0.75,sell
2134,2020-12-21 16:00:00,0.9,0.85,sell
2135,2020-12-21 20:00:00,0.9,0.85,sell
2136,2020-12-22 00:00:00,0.9,0.9,sell
2137,2020-12-22 04:00:00,0.9,0.85,sell
2138,2020-12-22 08:00:00,0.9,0.8,sell
2139,2020-12-22 12:00:00,0.9,0.85,sell
2140,2020-12-22 16:00:00,0.9,0.85,sell
2141,2020-12-22 20:00:00,0.8,0.7,buy
2142,2020-12-23 00:00:00,0.85,0.75,sell
2143,2020-12-23 04:00:00,0.85,0.75,sell
2144,2020-12-23 08:00:00,0.85,0.75,buy
2145,2020-12-23 12:00:00,0.85,0.75,buy
2146,2020-12-23 16:00:00,0.9,0.8,buy
2147,2020-12-23 20:00:00,0.7,0.65,buy
2148,2020-12-24 00:00:00,0.8,0.75,buy
2149,2020-12-24 04:00:00,0.85,0.75,buy
2150,2020-12-24 08:00:00,0.75,0.65,buy
2151,2020-12-24 12:00:00,0.85,0.75,buy
2152,2020-12-24 16:00:00,0.8,0.7,buy
2153,2020-12-24 20:00:00,0.8,0.75,buy
2172,2020-12-28 00:00:00,0.7,0.65,buy
2173,2020-12-28 04:00:00,0.7,0.65,buy
2174,2020-12-28 08:00:00,0.6,0.65,buy
2175,2020-12-28 12:00:00,0.6,0.65,sell
2176,2020-12-28 16:00:00,0.7,0.6,sell
2177,2020-12-28 20:00:00,0.8,0.7,buy
2178,2020-12-29 00:00:00,0.7,0.65,sell
2179,2020-12-29 04:00:00,0.7,0.65,sell
2180,2020-12-29 08:00:00,0.7,0.65,sell
2181,2020-12-29 12:00:00,0.6,0.65,sell
2182,2020-12-29 16:00:00,0.7,0.65,sell
2183,2020-12-29 20:00:00,0.75,0.7,sell
2184,2020-12-30 00:00:00,0.8,0.75,sell
2185,2020-12-30 04:00:00,0.8,0.75,sell
2186,2020-12-30 08:00:00,0.7,0.65,sell
2187,2020-12-30 12:00:00,0.8,0.75,sell
2188,2020-12-30 16:00:00,0.7,0.65,sell
2189,2020-12-30 20:00:00,0.8,0.75,buy
2190,2020-12-31 00:00:00,0.9,0.8,sell
2191,2020-12-31 04:00:00,0.85,0.75,sell
2192,2020-12-31 08:00:00,0.8,0.75,sell
2193,2020-12-31 12:00:00,0.85,0.8,sell
2194,2020-12-31 16:00:00,0.9,0.8,sell
2195,2020-12-31 20:00:00,0.9,0.85,sell
2214,2021-01-04 00:00:00,0.9,0.8,sell
2215,2021-01-04 04:00:00,0.9,0.8,sell
2216,2021-01-04 08:00:00,0.8,0.75,sell
2217,2021-01-04 12:00:00,0.8,0.6,sell
2218,2021-01-04 16:00:00,0.8,0.65,sell
2219,2021-01-04 20:00:00,0.9,0.8,sell
2220,2021-01-05 00:00:00,0.9,0.8,sell
2221,2021-01-05 04:00:00,0.85,0.75,sell
2222,2021-01-05 08:00:00,0.9,0.8,sell
2223,2021-01-05 12:00:00,0.9,0.85,sell
2224,2021-01-05 16:00:00,0.9,0.85,sell
2225,2021-01-05 20:00:00,0.9,0.85,sell
2226,2021-01-06 00:00:00,0.9,0.85,sell
2227,2021-01-06 04:00:00,0.9,0.85,sell
2228,2021-01-06 08:00:00,0.9,0.85,sell
2229,2021-01-06 12:00:00,0.95,0.9,sell
2230,2021-01-06 16:00:00,0.9,0.8,sell
2231,2021-01-06 20:00:00,0.9,0.8,sell
2232,2021-01-07 00:00:00,0.8,0.75,sell
2233,2021-01-07 04:00:00,0.9,0.8,buy
2234,2021-01-07 08:00:00,0.9,0.75,sell
2235,2021-01-07 12:00:00,0.85,0.75,buy
2236,2021-01-07 16:00:00,0.85,0.75,sell
2237,2021-01-07 20:00:00,0.9,0.85,sell
2238,2021-01-08 00:00:00,0.9,0.85,sell
2239,2021-01-08 04:00:00,0.9,0.85,sell
2240,2021-01-08 08:00:00,0.9,0.8,sell
2241,2021-01-08 12:00:00,0.9,0.85,sell
2242,2021-01-08 16:00:00,0.9,0.8,sell
2243,2021-01-08 20:00:00,0.95,0.85,buy
2256,2021-01-11 00:00:00,0.7,0.65,buy
2257,2021-01-11 04:00:00,0.7,0.65,buy
2258,2021-01-11 08:00:00,0.8,0.65,buy
2259,2021-01-11 12:00:00,0.8,0.65,buy
2260,2021-01-11 16:00:00,0.8,0.7,buy
2261,2021-01-11 20:00:00,0.75,0.65,buy
2262,2021-01-12 00:00:00,0.7,0.65,sell
2263,2021-01-12 04:00:00,0.8,0.7,sell
2264,2021-01-12 08:00:00,0.8,0.75,sell
2265,2021-01-12 12:00:00,0.8,0.75,sell
2266,2021-01-12 16:00:00,0.8,0.75,sell
2267,2021-01-12 20:00:00,0.9,0.8,buy
2268,2021-01-13 00:00:00,0.85,0.75,buy
2269,2021-01-13 04:00:00,0.9,0.8,buy
2270,2021-01-13 08:00:00,0.85,0.75,buy
2271,2021-01-13 12:00:00,0.85,0.75,buy
2272,2021-01-13 16:00:00,0.85,0.75,buy
2273,2021-01-13 20:00:00,0.9,0.8,sell
2274,2021-01-14 00:00:00,0.9,0.8,sell
2275,2021-01-14 04:00:00,0.9,0.85,sell
2276,2021-01-14 08:00:00,0.9,0.82,sell
2277,2021-01-14 12:00:00,0.9,0.8,sell
2278,2021-01-14 16:00:00,0.9,0.8,sell
2279,2021-01-14 20:00:00,0.9,0.85,buy
2280,2021-01-15 00:00:00,0.9,0.82,buy
2281,2021-01-15 04:00:00,0.85,0.75,buy
2282,2021-01-15 08:00:00,0.9,0.85,buy
2283,2021-01-15 12:00:00,0.9,0.85,buy
2284,2021-01-15 16:00:00,0.9,0.85,buy
2285,2021-01-15 20:00:00,0.9,0.8,buy
2298,2021-01-18 00:00:00,0.6,0.55,sell
2299,2021-01-18 04:00:00,0.6,0.55,sell
2300,2021-01-18 08:00:00,0.5,0.6,sell
2301,2021-01-18 12:00:00,0.6,0.6,sell
2302,2021-01-18 16:00:00,0.7,0.65,sell
2303,2021-01-18 20:00:00,0.65,0.7,sell
2304,2021-01-19 00:00:00,0.8,0.75,sell
2305,2021-01-19 04:00:00,0.65,0.7,sell
2306,2021-01-19 08:00:00,0.8,0.75,sell
2307,2021-01-19 12:00:00,0.8,0.7,sell
2308,2021-01-19 16:00:00,0.85,0.75,buy
2309,2021-01-19 20:00:00,0.85,0.75,buy
2310,2021-01-20 00:00:00,0.85,0.75,buy
2311,2021-01-20 04:00:00,0.85,0.75,sell
2312,2021-01-20 08:00:00,0.85,0.75,sell
2313,2021-01-20 12:00:00,0.85,0.75,sell
2314,2021-01-20 16:00:00,0.8,0.65,sell
2315,2021-01-20 20:00:00,0.85,0.7,sell
2316,2021-01-21 00:00:00,0.75,0.65,sell
2317,2021-01-21 04:00:00,0.8,0.65,buy
2318,2021-01-21 08:00:00,0.85,0.65,buy
2319,2021-01-21 12:00:00,0.7,0.65,sell
2320,2021-01-21 16:00:00,0.85,0.75,sell
2321,2021-01-21 20:00:00,0.9,0.85,sell
2322,2021-01-22 00:00:00,0.9,0.8,sell
2323,2021-01-22 04:00:00,0.9,0.8,sell
2324,2021-01-22 08:00:00,0.9,0.85,sell
2325,2021-01-22 12:00:00,0.9,0.85,sell
2326,2021-01-22 16:00:00,0.9,0.85,sell
2327,2021-01-22 20:00:00,0.9,0.8,sell
2340,2021-01-25 00:00:00,0.6,0.55,buy
2341,2021-01-25 04:00:00,0.7,0.65,sell
2342,2021-01-25 08:00:00,0.5,0.6,sell
2343,2021-01-25 12:00:00,0.5,0.6,buy
2344,2021-01-25 16:00:00,0.9,0.8,sell
2345,2021-01-25 20:00:00,0.85,0.8,sell
2346,2021-01-26 00:00:00,0.85,0.8,sell
2347,2021-01-26 04:00:00,0.8,0.75,sell
2348,2021-01-26 08:00:00,0.9,0.8,sell
2349,2021-01-26 12:00:00,0.85,0.8,sell
2350,2021-01-26 16:00:00,0.8,0.7,sell
2351,2021-01-26 20:00:00,0.85,0.75,buy
2352,2021-01-27 00:00:00,0.85,0.75,buy
2353,2021-01-27 04:00:00,0.85,0.75,buy
2354,2021-01-27 08:00:00,0.8,0.7,buy
2355,2021-01-27 12:00:00,0.85,0.75,sell
2356,2021-01-27 16:00:00,0.85,0.75,sell
2357,2021-01-27 20:00:00,0.8,0.75,sell
2358,2021-01-28 00:00:00,0.9,0.8,sell
2359,2021-01-28 04:00:00,0.85,0.75,sell
2360,2021-01-28 08:00:00,0.85,0.7,sell
2361,2021-01-28 12:00:00,0.85,0.75,sell
2362,2021-01-28 16:00:00,0.85,0.75,sell
2363,2021-01-28 20:00:00,0.85,0.75,sell
2364,2021-01-29 00:00:00,0.85,0.75,sell
2365,2021-01-29 04:00:00,0.85,0.75,sell
2366,2021-01-29 08:00:00,0.85,0.7,sell
2367,2021-01-29 12:00:00,0.9,0.75,sell
2368,2021-01-29 16:00:00,0.9,0.85,sell
2369,2021-01-29 20:00:00,0.95,0.95,sell
2382,2021-02-01 00:00:00,0.7,0.65,sell
2383,2021-02-01 04:00:00,0.7,0.65,sell
2384,2021-02-01 08:00:00,0.6,0.65,sell
2385,2021-02-01 12:00:00,0.9,0.8,buy
2386,2021-02-01 16:00:00,0.9,0.8,buy
2387,2021-02-01 20:00:00,0.85,0.75,sell
2388,2021-02-02 00:00:00,0.8,0.65,buy
2389,2021-02-02 04:00:00,0.8,0.65,buy
2390,2021-02-02 08:00:00,0.75,0.65,buy
2391,2021-02-02 12:00:00,0.85,0.75,buy
2392,2021-02-02 16:00:00,0.95,0.9,sell
2393,2021-02-02 20:00:00,0.95,0.9,sell
2394,2021-02-03 00:00:00,0.9,0.9,sell
2395,2021-02-03 04:00:00,0.95,0.9,sell
2396,2021-02-03 08:00:00,0.95,0.9,sell
2397,2021-02-03 12:00:00,0.85,0.7,buy
2398,2021-02-03 16:00:00,0.9,0.8,buy
2399,2021-02-03 20:00:00,0.95,0.9,sell
2400,2021-02-04 00:00:00,0.95,0.9,sell
2401,2021-02-04 04:00:00,0.9,0.85,sell
2402,2021-02-04 08:00:00,0.95,0.9,sell
2403,2021-02-04 12:00:00,0.95,0.9,sell
2404,2021-02-04 16:00:00,0.9,0.85,sell
2405,2021-02-04 20:00:00,0.85,0.75,sell
2406,2021-02-05 00:00:00,0.85,0.75,sell
2407,2021-02-05 04:00:00,0.85,0.75,sell
2408,2021-02-05 08:00:00,0.85,0.7,sell
2409,2021-02-05 12:00:00,0.85,0.7,sell
2410,2021-02-05 16:00:00,0.85,0.75,sell
2411,2021-02-05 20:00:00,0.9,0.85,sell
2424,2021-02-08 00:00:00,0.6,0.65,sell
2425,2021-02-08 04:00:00,0.6,0.65,sell
2426,2021-02-08 08:00:00,0.7,0.65,sell
2427,2021-02-08 12:00:00,0.8,0.75,buy
2428,2021-02-08 16:00:00,0.8,0.7,buy
2429,2021-02-08 20:00:00,0.8,0.75,buy
2430,2021-02-09 00:00:00,0.8,0.7,buy
2431,2021-02-09 04:00:00,0.8,0.75,buy
2432,2021-02-09 08:00:00,0.8,0.7,buy
2433,2021-02-09 12:00:00,0.8,0.65,sell
2434,2021-02-09 16:00:00,0.7,0.65,sell
2435,2021-02-09 20:00:00,0.9,0.85,sell
2436,2021-02-10 00:00:00,0.9,0.8,sell
2437,2021-02-10 04:00:00,0.9,0.85,sell
2438,2021-02-10 08:00:00,0.9,0.8,sell
2439,2021-02-10 12:00:00,0.9,0.8,sell
2440,2021-02-10 16:00:00,0.8,0.75,sell
2441,2021-02-10 20:00:00,0.9,0.75,buy
2442,2021-02-11 00:00:00,0.85,0.75,buy
2443,2021-02-11 04:00:00,0.85,0.75,buy
2444,2021-02-11 08:00:00,0.9,0.8,buy
2445,2021-02-11 12:00:00,0.85,0.8,buy
2446,2021-02-11 16:00:00,0.85,0.75,buy
2447,2021-02-11 20:00:00,0.85,0.8,sell
2448,2021-02-12 00:00:00,0.8,0.75,sell
2449,2021-02-12 04:00:00,0.85,0.75,sell
2450,2021-02-12 08:00:00,0.85,0.8,sell
2451,2021-02-12 12:00:00,0.85,0.8,sell
2452,2021-02-12 16:00:00,0.9,0.8,sell
2453,2021-02-12 20:00:00,0.85,0.75,sell
2466,2021-02-15 00:00:00,0.3,0.3,hold
2467,2021-02-15 04:00:00,0.2,0.3,hold
2468,2021-02-15 08:00:00,0.2,0.3,hold
2469,2021-02-15 12:00:00,0.2,0.3,hold
2470,2021-02-15 16:00:00,0.8,0.7,sell
2471,2021-02-15 20:00:00,0.85,0.75,sell
2472,2021-02-16 00:00:00,0.85,0.75,sell
2473,2021-02-16 04:00:00,0.85,0.75,sell
2474,2021-02-16 08:00:00,0.85,0.75,sell
2475,2021-02-16 12:00:00,0.85,0.75,sell
2476,2021-02-16 16:00:00,0.9,0.8,buy
2477,2021-02-16 20:00:00,0.8,0.65,buy
2478,2021-02-17 00:00:00,0.85,0.65,buy
2479,2021-02-17 04:00:00,0.85,0.7,sell
2480,2021-02-17 08:00:00,0.85,0.65,buy
2481,2021-02-17 12:00:00,0.8,0.65,sell
2482,2021-02-17 16:00:00,0.9,0.8,sell
2483,2021-02-17 20:00:00,0.95,0.9,sell
2484,2021-02-18 00:00:00,1.0,0.9,sell
2485,2021-02-18 04:00:00,0.95,0.9,sell
2486,2021-02-18 08:00:00,0.95,0.9,sell
2487,2021-02-18 12:00:00,0.95,0.9,sell
2488,2021-02-18 16:00:00,0.95,0.9,sell
2489,2021-02-18 20:00:00,0.9,0.85,buy
2490,2021-02-19 00:00:00,0.9,0.85,buy
2491,2021-02-19 04:00:00,0.9,0.85,buy
2492,2021-02-19 08:00:00,0.9,0.85,buy
2493,2021-02-19 12:00:00,0.9,0.85,buy
2494,2021-02-19 16:00:00,0.9,0.85,buy
2495,2021-02-19 20:00:00,0.8,0.65,buy
2508,2021-02-22 00:00:00,0.5,0.6,sell
2509,2021-02-22 04:00:00,0.3,0.4,sell
2510,2021-02-22 08:00:00,0.2,0.4,hold
2511,2021-02-22 12:00:00,0.4,0.5,buy
2512,2021-02-22 16:00:00,0.8,0.75,buy
2513,2021-02-22 20:00:00,0.85,0.7,buy
2514,2021-02-23 00:00:00,0.8,0.65,buy
2515,2021-02-23 04:00:00,0.8,0.65,sell
2516,2021-02-23 08:00:00,0.8,0.65,buy
2517,2021-02-23 12:00:00,0.8,0.65,buy
2518,2021-02-23 16:00:00,0.8,0.7,sell
2519,2021-02-23 20:00:00,0.9,0.8,sell
2520,2021-02-24 00:00:00,0.85,0.8,sell
2521,2021-02-24 04:00:00,0.85,0.75,sell
2522,2021-02-24 08:00:00,0.85,0.75,sell
2523,2021-02-24 12:00:00,0.85,0.7,buy
2524,2021-02-24 16:00:00,0.8,0.65,buy
2525,2021-02-24 20:00:00,0.85,0.7,buy
2526,2021-02-25 00:00:00,0.85,0.7,buy
2527,2021-02-25 04:00:00,0.8,0.65,buy
2528,2021-02-25 08:00:00,0.9,0.75,buy
2529,2021-02-25 12:00:00,0.9,0.85,sell
2530,2021-02-25 16:00:00,0.85,0.75,buy
2531,2021-02-25 20:00:00,0.95,0.9,sell
2532,2021-02-26 00:00:00,0.95,0.9,sell
2533,2021-02-26 04:00:00,0.9,0.85,sell
2534,2021-02-26 08:00:00,0.95,0.9,sell
2535,2021-02-26 12:00:00,0.95,0.9,sell
2536,2021-02-26 16:00:00,0.95,0.9,sell
2537,2021-02-26 20:00:00,0.9,0.75,sell
2550,2021-03-01 00:00:00,0.3,0.7,hold
2551,2021-03-01 04:00:00,0.1,0.2,hold
2552,2021-03-01 08:00:00,0.2,0.7,hold
2553,2021-03-01 12:00:00,0.9,0.9,buy
2554,2021-03-01 16:00:00,0.9,0.85,buy
2555,2021-03-01 20:00:00,0.9,0.85,sell
2556,2021-03-02 00:00:00,0.9,0.85,sell
2557,2021-03-02 04:00:00,0.9,0.85,sell
2558,2021-03-02 08:00:00,0.9,0.85,sell
2559,2021-03-02 12:00:00,0.9,0.8,sell
2560,2021-03-02 16:00:00,0.95,0.9,sell
2561,2021-03-02 20:00:00,0.9,0.85,sell
2562,2021-03-03 00:00:00,0.9,0.85,sell
2563,2021-03-03 04:00:00,0.9,0.85,sell
2564,2021-03-03 08:00:00,0.9,0.85,sell
2565,2021-03-03 12:00:00,0.9,0.75,sell
2566,2021-03-03 16:00:00,0.85,0.75,buy
2567,2021-03-03 20:00:00,0.9,0.85,sell
2568,2021-03-04 00:00:00,0.95,0.9,sell
2569,2021-03-04 04:00:00,0.95,0.9,sell
2570,2021-03-04 08:00:00,0.95,0.9,sell
2571,2021-03-04 12:00:00,0.9,0.85,sell
2572,2021-03-04 16:00:00,0.9,0.85,sell
2573,2021-03-04 20:00:00,0.9,0.85,sell
2574,2021-03-05 00:00:00,0.9,0.85,sell
2575,2021-03-05 04:00:00,0.9,0.8,sell
2576,2021-03-05 08:00:00,0.9,0.85,sell
2577,2021-03-05 12:00:00,0.9,0.85,sell
2578,2021-03-05 16:00:00,0.9,0.85,sell
2579,2021-03-05 20:00:00,1.0,0.95,sell
2592,2021-03-08 00:00:00,0.8,0.75,sell
2593,2021-03-08 04:00:00,0.8,0.7,sell
2594,2021-03-08 08:00:00,0.8,0.7,sell
2595,2021-03-08 12:00:00,0.9,0.8,sell
2596,2021-03-08 16:00:00,0.9,0.85,sell
2597,2021-03-08 20:00:00,0.9,0.8,sell
2598,2021-03-09 00:00:00,0.9,0.8,sell
2599,2021-03-09 04:00:00,0.9,0.85,sell
2600,2021-03-09 08:00:00,0.9,0.85,sell
2601,2021-03-09 12:00:00,0.9,0.75,sell
2602,2021-03-09 16:00:00,0.85,0.7,sell
2603,2021-03-09 20:00:00,0.8,0.65,buy
2604,2021-03-10 00:00:00,0.85,0.75,sell
2605,2021-03-10 04:00:00,0.8,0.7,sell
2606,2021-03-10 08:00:00,0.85,0.7,sell
2607,2021-03-10 12:00:00,0.85,0.8,sell
2608,2021-03-10 16:00:00,0.75,0.7,sell
2609,2021-03-10 20:00:00,0.9,0.85,sell
2610,2021-03-11 00:00:00,0.9,0.85,sell
2611,2021-03-11 04:00:00,0.9,0.85,sell
2612,2021-03-11 08:00:00,0.9,0.9,sell
2613,2021-03-11 12:00:00,0.9,0.9,sell
2614,2021-03-11 16:00:00,0.9,0.9,sell
2615,2021-03-11 20:00:00,0.95,0.9,sell
2616,2021-03-12 00:00:00,0.9,0.9,sell
2617,2021-03-12 04:00:00,0.9,0.85,sell
2618,2021-03-12 08:00:00,0.95,0.9,sell
2619,2021-03-12 12:00:00,0.95,0.9,sell
2620,2021-03-12 16:00:00,0.85,0.75,sell
2621,2021-03-12 20:00:00,0.85,0.75,sell
2634,2021-03-15 00:00:00,0.5,0.45,buy
2635,2021-03-15 04:00:00,0.2,0.5,hold
2636,2021-03-15 08:00:00,0.6,0.6,sell
2637,2021-03-15 12:00:00,0.4,0.45,sell
2638,2021-03-15 16:00:00,0.66,0.75,sell
2639,2021-03-15 20:00:00,0.9,0.85,sell
2640,2021-03-16 00:00:00,0.85,0.8,sell
2641,2021-03-16 04:00:00,0.8,0.75,sell
2642,2021-03-16 08:00:00,0.9,0.85,sell
2643,2021-03-16 12:00:00,0.9,0.85,sell
2644,2021-03-16 16:00:00,0.9,0.85,buy
2645,2021-03-16 20:00:00,0.9,0.85,buy
2646,2021-03-17 00:00:00,0.9,0.85,buy
2647,2021-03-17 04:00:00,0.9,0.85,buy
2648,2021-03-17 08:00:00,0.9,0.85,buy
2649,2021-03-17 12:00:00,0.9,0.85,buy
2650,2021-03-17 16:00:00,0.85,0.75,buy
2651,2021-03-17 20:00:00,0.9,0.75,buy
2652,2021-03-18 00:00:00,0.9,0.75,buy
2653,2021-03-18 04:00:00,0.9,0.8,sell
2654,2021-03-18 08:00:00,0.85,0.75,sell
2655,2021-03-18 12:00:00,0.9,0.8,sell
2656,2021-03-18 16:00:00,0.9,0.8,sell
2657,2021-03-18 20:00:00,0.9,0.8,sell
2658,2021-03-19 00:00:00,0.9,0.8,sell
2659,2021-03-19 04:00:00,0.9,0.8,sell
2660,2021-03-19 08:00:00,0.9,0.8,sell
2661,2021-03-19 12:00:00,0.85,0.75,sell
2662,2021-03-19 16:00:00,0.9,0.85,sell
2663,2021-03-19 20:00:00,0.9,0.85,sell
2676,2021-03-22 00:00:00,0.8,0.7,sell
2677,2021-03-22 04:00:00,0.7,0.65,sell
2678,2021-03-22 08:00:00,0.7,0.65,sell
2679,2021-03-22 12:00:00,0.75,0.65,sell
2680,2021-03-22 16:00:00,0.8,0.75,sell
2681,2021-03-22 20:00:00,0.85,0.75,buy
2682,2021-03-23 00:00:00,0.9,0.8,buy
2683,2021-03-23 04:00:00,0.85,0.75,buy
2684,2021-03-23 08:00:00,0.85,0.75,buy
2685,2021-03-23 12:00:00,0.9,0.75,buy
2686,2021-03-23 16:00:00,0.85,0.75,buy
2687,2021-03-23 20:00:00,0.85,0.75,buy
2688,2021-03-24 00:00:00,0.9,0.75,sell
2689,2021-03-24 04:00:00,0.9,0.75,buy
2690,2021-03-24 08:00:00,0.85,0.7,buy
2691,2021-03-24 12:00:00,0.9,0.75,buy
2692,2021-03-24 16:00:00,0.9,0.8,buy
2693,2021-03-24 20:00:00,0.9,0.75,sell
2694,2021-03-25 00:00:00,0.85,0.75,sell
2695,2021-03-25 04:00:00,0.85,0.75,sell
2696,2021-03-25 08:00:00,0.9,0.75,sell
2697,2021-03-25 12:00:00,0.85,0.75,sell
2698,2021-03-25 16:00:00,0.9,0.85,sell
2699,2021-03-25 20:00:00,0.9,0.85,sell
2700,2021-03-26 00:00:00,0.9,0.85,sell
2701,2021-03-26 04:00:00,0.9,0.85,sell
2702,2021-03-26 08:00:00,0.95,0.9,sell
2703,2021-03-26 12:00:00,0.9,0.85,sell
2704,2021-03-26 16:00:00,0.85,0.75,sell
2705,2021-03-26 20:00:00,0.8,0.75,sell
2718,2021-03-29 00:00:00,0.1,0.9,hold
2719,2021-03-29 04:00:00,0.3,0.4,sell
2720,2021-03-29 08:00:00,0.5,0.6,sell
2721,2021-03-29 12:00:00,0.7,0.65,sell
2722,2021-03-29 16:00:00,0.8,0.75,sell
2723,2021-03-29 20:00:00,0.75,0.65,buy
2724,2021-03-30 00:00:00,0.7,0.65,buy
2725,2021-03-30 04:00:00,0.8,0.7,buy
2726,2021-03-30 08:00:00,0.8,0.65,buy
2727,2021-03-30 12:00:00,0.9,0.85,buy
2728,2021-03-30 16:00:00,0.85,0.75,buy
2729,2021-03-30 20:00:00,0.9,0.8,sell
2730,2021-03-31 00:00:00,0.9,0.8,sell
2731,2021-03-31 04:00:00,0.9,0.8,sell
2732,2021-03-31 08:00:00,0.9,0.85,sell
2733,2021-03-31 12:00:00,0.9,0.75,sell
2734,2021-03-31 16:00:00,0.9,0.85,sell
2735,2021-03-31 20:00:00,0.9,0.8,sell
2736,2021-04-01 00:00:00,0.95,0.8,sell
2737,2021-04-01 04:00:00,0.9,0.8,sell
2738,2021-04-01 08:00:00,0.9,0.8,sell
2739,2021-04-01 12:00:00,0.9,0.8,sell
2740,2021-04-01 16:00:00,0.9,0.85,sell
2741,2021-04-01 20:00:00,0.95,0.9,sell
2742,2021-04-02 00:00:00,0.9,0.85,sell
2743,2021-04-02 04:00:00,0.9,0.85,sell
2744,2021-04-02 08:00:00,0.9,0.85,sell
2745,2021-04-02 12:00:00,0.9,0.85,sell
2746,2021-04-02 16:00:00,1.0,0.9,sell
2747,2021-04-02 20:00:00,0.9,0.85,sell
2760,2021-04-05 00:00:00,0.6,0.65,sell
2761,2021-04-05 04:00:00,0.7,0.65,sell
2762,2021-04-05 08:00:00,0.55,0.65,sell
2763,2021-04-05 12:00:00,0.6,0.65,sell
2764,2021-04-05 16:00:00,0.8,0.7,sell
2765,2021-04-05 20:00:00,0.95,0.9,sell
2766,2021-04-06 00:00:00,0.9,0.85,sell
2767,2021-04-06 04:00:00,0.95,0.9,sell
2768,2021-04-06 08:00:00,0.9,0.85,sell
2769,2021-04-06 12:00:00,0.95,0.9,sell
2770,2021-04-06 16:00:00,0.9,0.9,sell
2771,2021-04-06 20:00:00,0.9,0.85,sell
2772,2021-04-07 00:00:00,0.95,0.9,sell
2773,2021-04-07 04:00:00,0.9,0.85,sell
2774,2021-04-07 08:00:00,0.9,0.9,sell
2775,2021-04-07 12:00:00,0.9,0.75,sell
2776,2021-04-07 16:00:00,0.85,0.75,sell
2777,2021-04-07 20:00:00,0.85,0.8,buy
2778,2021-04-08 00:00:00,0.85,0.75,sell
2779,2021-04-08 04:00:00,0.75,0.65,buy
2780,2021-04-08 08:00:00,0.8,0.65,sell
2781,2021-04-08 12:00:00,0.9,0.8,buy
2782,2021-04-08 16:00:00,0.9,0.8,buy
2783,2021-04-08 20:00:00,0.9,0.8,buy
2784,2021-04-09 00:00:00,0.9,0.8,buy
2785,2021-04-09 04:00:00,0.9,0.8,buy
2786,2021-04-09 08:00:00,0.9,0.85,buy
2787,2021-04-09 12:00:00,0.85,0.7,buy
2788,2021-04-09 16:00:00,0.9,0.85,sell
2789,2021-04-09 20:00:00,0.9,0.85,sell
2802,2021-04-12 00:00:00,0.8,0.75,sell
2803,2021-04-12 04:00:00,0.7,0.65,sell
2804,2021-04-12 08:00:00,0.7,0.65,sell
2805,2021-04-12 12:00:00,0.8,0.75,sell
2806,2021-04-12 16:00:00,0.8,0.75,sell
2807,2021-04-12 20:00:00,0.85,0.8,sell
2808,2021-04-13 00:00:00,0.8,0.75,sell
2809,2021-04-13 04:00:00,0.9,0.8,sell
2810,2021-04-13 08:00:00,0.85,0.75,sell
2811,2021-04-13 12:00:00,0.9,0.8,sell
2812,2021-04-13 16:00:00,1.0,0.9,sell
2813,2021-04-13 20:00:00,0.95,0.95,sell
2814,2021-04-14 00:00:00,0.95,0.9,sell
2815,2021-04-14 04:00:00,0.95,0.9,sell
2816,2021-04-14 08:00:00,0.95,0.9,sell
2817,2021-04-14 12:00:00,0.95,0.9,sell
2818,2021-04-14 16:00:00,0.9,0.9,sell
2819,2021-04-14 20:00:00,0.9,0.8,sell
2820,2021-04-15 00:00:00,0.9,0.85,sell
2821,2021-04-15 04:00:00,0.9,0.85,sell
2822,2021-04-15 08:00:00,0.9,0.85,sell
2823,2021-04-15 12:00:00,0.9,0.85,sell
2824,2021-04-15 16:00:00,0.95,0.9,sell
2825,2021-04-15 20:00:00,0.95,0.9,sell
2826,2021-04-16 00:00:00,0.95,0.9,sell
2827,2021-04-16 04:00:00,0.95,0.9,sell
2828,2021-04-16 08:00:00,0.95,0.9,sell
2829,2021-04-16 12:00:00,0.95,0.9,sell
2830,2021-04-16 16:00:00,0.9,0.8,sell
2831,2021-04-16 20:00:00,0.85,0.8,sell
2844,2021-04-19 00:00:00,0.2,0.7,hold
2845,2021-04-19 04:00:00,0.3,0.3,hold
2846,2021-04-19 08:00:00,0.2,0.2,hold
2847,2021-04-19 12:00:00,0.2,0.7,hold
2848,2021-04-19 16:00:00,0.7,0.65,sell
2849,2021-04-19 20:00:00,0.6,0.65,sell
2850,2021-04-20 00:00:00,0.6,0.65,sell
2851,2021-04-20 04:00:00,0.8,0.75,sell
2852,2021-04-20 08:00:00,0.75,0.8,sell
2853,2021-04-20 12:00:00,0.7,0.65,sell
2854,2021-04-20 16:00:00,0.8,0.75,sell
2855,2021-04-20 20:00:00,0.8,0.75,sell
2856,2021-04-21 00:00:00,0.75,0.65,sell
2857,2021-04-21 04:00:00,0.8,0.75,sell
2858,2021-04-21 08:00:00,0.7,0.65,sell
2859,2021-04-21 12:00:00,0.85,0.8,sell
2860,2021-04-21 16:00:00,0.85,0.75,sell
2861,2021-04-21 20:00:00,0.7,0.65,sell
2862,2021-04-22 00:00:00,0.7,0.65,sell
2863,2021-04-22 04:00:00,0.8,0.7,sell
2864,2021-04-22 08:00:00,0.6,0.6,sell
2865,2021-04-22 12:00:00,0.5,0.6,sell
2866,2021-04-22 16:00:00,0.9,0.85,sell
2867,2021-04-22 20:00:00,0.92,0.88,sell
2868,2021-04-23 00:00:00,0.9,0.85,sell
2869,2021-04-23 04:00:00,0.9,0.85,sell
2870,2021-04-23 08:00:00,0.9,0.85,sell
2871,2021-04-23 12:00:00,0.9,0.8,sell
2872,2021-04-23 16:00:00,0.8,0.75,buy
2873,2021-04-23 20:00:00,0.9,0.85,sell
2886,2021-04-26 00:00:00,0.2,0.7,hold
2887,2021-04-26 04:00:00,0.2,0.6,hold
2888,2021-04-26 08:00:00,0.2,0.5,hold
2889,2021-04-26 12:00:00,0.9,0.8,buy
2890,2021-04-26 16:00:00,0.9,0.7,sell
2891,2021-04-26 20:00:00,0.9,0.8,sell
2892,2021-04-27 00:00:00,0.8,0.75,sell
2893,2021-04-27 04:00:00,0.9,0.8,sell
2894,2021-04-27 08:00:00,0.9,0.8,sell
2895,2021-04-27 12:00:00,0.9,0.85,sell
2896,2021-04-27 16:00:00,0.8,0.65,sell
2897,2021-04-27 20:00:00,0.9,0.85,sell
2898,2021-04-28 00:00:00,0.9,0.85,sell
2899,2021-04-28 04:00:00,0.9,0.85,sell
2900,2021-04-28 08:00:00,0.9,0.85,sell
2901,2021-04-28 12:00:00,0.9,0.85,sell
2902,2021-04-28 16:00:00,0.9,0.8,sell
2903,2021-04-28 20:00:00,0.7,0.65,buy
2904,2021-04-29 00:00:00,0.9,0.85,buy
2905,2021-04-29 04:00:00,0.9,0.75,buy
2906,2021-04-29 08:00:00,0.9,0.85,buy
2907,2021-04-29 12:00:00,0.9,0.85,buy
2908,2021-04-29 16:00:00,0.85,0.75,buy
2909,2021-04-29 20:00:00,0.9,0.75,buy
2910,2021-04-30 00:00:00,0.85,0.75,buy
2911,2021-04-30 04:00:00,0.9,0.75,buy
2912,2021-04-30 08:00:00,0.85,0.75,buy
2913,2021-04-30 12:00:00,0.9,0.75,buy
2914,2021-04-30 16:00:00,0.9,0.75,sell
2915,2021-04-30 20:00:00,0.9,0.75,sell
2928,2021-05-03 00:00:00,0.2,0.8,hold
2929,2021-05-03 04:00:00,0.2,0.5,hold
2930,2021-05-03 08:00:00,0.2,0.7,hold
2931,2021-05-03 12:00:00,0.8,0.65,sell
2932,2021-05-03 16:00:00,0.8,0.65,buy
2933,2021-05-03 20:00:00,0.9,0.8,buy
2934,2021-05-04 00:00:00,0.9,0.8,buy
2935,2021-05-04 04:00:00,0.9,0.8,buy
2936,2021-05-04 08:00:00,0.8,0.65,buy
2937,2021-05-04 12:00:00,0.9,0.8,buy
2938,2021-05-04 16:00:00,0.9,0.8,buy
2939,2021-05-04 20:00:00,0.8,0.7,sell
2940,2021-05-05 00:00:00,0.8,0.75,sell
2941,2021-05-05 04:00:00,0.8,0.75,sell
2942,2021-05-05 08:00:00,0.8,0.75,buy
2943,2021-05-05 12:00:00,0.8,0.7,sell
2944,2021-05-05 16:00:00,0.8,0.75,buy
2945,2021-05-05 20:00:00,0.9,0.85,sell
2946,2021-05-06 00:00:00,0.9,0.85,sell
2947,2021-05-06 04:00:00,0.9,0.85,sell
2948,2021-05-06 08:00:00,0.9,0.85,sell
2949,2021-05-06 12:00:00,0.9,0.8,sell
2950,2021-05-06 16:00:00,0.9,0.85,sell
2951,2021-05-06 20:00:00,0.9,0.85,sell
2952,2021-05-07 00:00:00,0.9,0.85,sell
2953,2021-05-07 04:00:00,0.9,0.85,sell
2954,2021-05-07 08:00:00,0.9,0.85,sell
2955,2021-05-07 12:00:00,0.9,0.8,sell
2956,2021-05-07 16:00:00,1.0,0.9,sell
2957,2021-05-07 20:00:00,1.0,0.95,sell
2970,2021-05-10 00:00:00,0.7,0.65,sell
2971,2021-05-10 04:00:00,0.7,0.65,buy
2972,2021-05-10 08:00:00,0.6,0.6,buy
2973,2021-05-10 12:00:00,0.6,0.6,sell
2974,2021-05-10 16:00:00,0.7,0.65,buy
2975,2021-05-10 20:00:00,0.75,0.65,buy
2976,2021-05-11 00:00:00,0.7,0.65,sell
2977,2021-05-11 04:00:00,0.85,0.75,sell
2978,2021-05-11 08:00:00,0.8,0.75,sell
2979,2021-05-11 12:00:00,0.8,0.7,sell
2980,2021-05-11 16:00:00,0.85,0.75,buy
2981,2021-05-11 20:00:00,0.9,0.8,sell
2982,2021-05-12 00:00:00,0.9,0.85,sell
2983,2021-05-12 04:00:00,0.9,0.8,sell
2984,2021-05-12 08:00:00,0.9,0.8,sell
2985,2021-05-12 12:00:00,0.9,0.85,sell
2986,2021-05-12 16:00:00,1.0,0.95,sell
2987,2021-05-12 20:00:00,0.95,0.95,sell
2988,2021-05-13 00:00:00,0.95,0.9,sell
2989,2021-05-13 04:00:00,1.0,0.95,sell
2990,2021-05-13 08:00:00,0.95,0.9,sell
2991,2021-05-13 12:00:00,0.95,0.9,sell
2992,2021-05-13 16:00:00,0.95,0.9,sell
2993,2021-05-13 20:00:00,0.95,0.9,sell
2994,2021-05-14 00:00:00,0.9,0.9,sell
2995,2021-05-14 04:00:00,0.95,0.9,sell
2996,2021-05-14 08:00:00,0.9,0.85,sell
2997,2021-05-14 12:00:00,0.9,0.85,sell
2998,2021-05-14 16:00:00,0.9,0.85,sell
2999,2021-05-14 20:00:00,0.85,0.8,sell
3012,2021-05-17 00:00:00,0.75,0.65,sell
3013,2021-05-17 04:00:00,0.8,0.75,sell
3014,2021-05-17 08:00:00,0.7,0.65,sell
3015,2021-05-17 12:00:00,0.8,0.75,sell
3016,2021-05-17 16:00:00,0.8,0.75,sell
3017,2021-05-17 20:00:00,0.75,0.8,sell
3018,2021-05-18 00:00:00,0.8,0.75,sell
3019,2021-05-18 04:00:00,0.9,0.8,sell
3020,2021-05-18 08:00:00,0.85,0.8,sell
3021,2021-05-18 12:00:00,0.85,0.7,sell
3022,2021-05-18 16:00:00,0.7,0.65,buy
3023,2021-05-18 20:00:00,0.8,0.75,buy
3024,2021-05-19 00:00:00,0.8,0.7,sell
3025,2021-05-19 04:00:00,0.8,0.65,sell
3026,2021-05-19 08:00:00,0.85,0.7,sell
3027,2021-05-19 12:00:00,0.8,0.75,sell
3028,2021-05-19 16:00:00,0.8,0.75,sell
3029,2021-05-19 20:00:00,0.7,0.65,sell
3030,2021-05-20 00:00:00,0.85,0.7,buy
3031,2021-05-20 04:00:00,0.9,0.8,sell
3032,2021-05-20 08:00:00,0.85,0.75,sell
3033,2021-05-20 12:00:00,0.8,0.75,sell
3034,2021-05-20 16:00:00,0.9,0.8,sell
3035,2021-05-20 20:00:00,0.9,0.85,sell
3036,2021-05-21 00:00:00,0.9,0.85,sell
3037,2021-05-21 04:00:00,0.9,0.85,sell
3038,2021-05-21 08:00:00,0.9,0.85,sell
3039,2021-05-21 12:00:00,0.9,0.75,sell
3040,2021-05-21 16:00:00,0.9,0.8,buy
3041,2021-05-21 20:00:00,0.9,0.85,sell
3054,2021-05-24 00:00:00,0.7,0.65,sell
3055,2021-05-24 04:00:00,0.5,0.5,sell
3056,2021-05-24 08:00:00,0.7,0.65,sell
3057,2021-05-24 12:00:00,0.5,0.6,sell
3058,2021-05-24 16:00:00,0.7,0.65,sell
3059,2021-05-24 20:00:00,0.5,0.6,sell
3060,2021-05-25 00:00:00,0.2,0.3,hold
3061,2021-05-25 04:00:00,0.5,0.45,sell
3062,2021-05-25 08:00:00,0.2,0.3,hold
3063,2021-05-25 12:00:00,0.8,0.7,buy
3064,2021-05-25 16:00:00,0.9,0.8,sell
3065,2021-05-25 20:00:00,0.85,0.75,buy
3066,2021-05-26 00:00:00,0.85,0.75,buy
3067,2021-05-26 04:00:00,0.85,0.75,buy
3068,2021-05-26 08:00:00,0.85,0.7,buy
3069,2021-05-26 12:00:00,0.85,0.7,buy
3070,2021-05-26 16:00:00,0.85,0.75,buy
3071,2021-05-26 20:00:00,0.8,0.75,buy
3072,2021-05-27 00:00:00,0.7,0.65,buy
3073,2021-05-27 04:00:00,0.7,0.65,buy
3074,2021-05-27 08:00:00,0.55,0.6,buy
3075,2021-05-27 12:00:00,0.65,0.6,buy
3076,2021-05-27 16:00:00,0.9,0.65,sell
3077,2021-05-27 20:00:00,0.8,0.65,sell
3078,2021-05-28 00:00:00,0.85,0.7,sell
3079,2021-05-28 04:00:00,0.85,0.65,sell
3080,2021-05-28 08:00:00,0.85,0.7,sell
3081,2021-05-28 12:00:00,0.85,0.7,buy
3082,2021-05-28 16:00:00,0.95,0.9,sell
3083,2021-05-28 20:00:00,0.9,0.85,sell
3096,2021-05-31 00:00:00,0.3,0.4,sell
3097,2021-05-31 04:00:00,0.3,0.35,sell
3098,2021-05-31 08:00:00,0.8,0.75,sell
3099,2021-05-31 12:00:00,0.8,0.65,buy
3100,2021-05-31 16:00:00,0.85,0.75,buy
3101,2021-05-31 20:00:00,0.9,0.8,buy
3102,2021-06-01 00:00:00,0.9,0.8,buy
3103,2021-06-01 04:00:00,0.9,0.8,buy
3104,2021-06-01 08:00:00,0.9,0.85,buy
3105,2021-06-01 12:00:00,0.95,0.9,buy
3106,2021-06-01 16:00:00,0.95,0.9,buy
3107,2021-06-01 20:00:00,0.9,0.8,buy
3108,2021-06-02 00:00:00,0.9,0.8,buy
3109,2021-06-02 04:00:00,0.9,0.8,buy
3110,2021-06-02 08:00:00,0.9,0.8,buy
3111,2021-06-02 12:00:00,0.9,0.8,buy
3112,2021-06-02 16:00:00,0.8,0.75,sell
3113,2021-06-02 20:00:00,0.7,0.65,buy
3114,2021-06-03 00:00:00,0.85,0.75,sell
3115,2021-06-03 04:00:00,0.8,0.75,sell
3116,2021-06-03 08:00:00,0.8,0.75,sell
3117,2021-06-03 12:00:00,0.9,0.8,buy
3118,2021-06-03 16:00:00,0.9,0.85,sell
3119,2021-06-03 20:00:00,0.95,0.9,sell
3120,2021-06-04 00:00:00,0.9,0.85,sell
3121,2021-06-04 04:00:00,0.95,0.9,sell
3122,2021-06-04 08:00:00,0.9,0.9,sell
3123,2021-06-04 12:00:00,0.9,0.9,sell
3124,2021-06-04 16:00:00,1.0,0.95,sell
3125,2021-06-04 20:00:00,1.0,0.95,sell
3138,2021-06-07 00:00:00,0.1,0.9,hold
3139,2021-06-07 04:00:00,0.1,0.9,hold
3140,2021-06-07 08:00:00,0.2,0.7,hold
3141,2021-06-07 12:00:00,0.7,0.65,sell
3142,2021-06-07 16:00:00,0.8,0.75,sell
3143,2021-06-07 20:00:00,0.8,0.75,sell
3144,2021-06-08 00:00:00,0.9,0.85,sell
3145,2021-06-08 04:00:00,0.9,0.8,sell
3146,2021-06-08 08:00:00,0.8,0.75,sell
3147,2021-06-08 12:00:00,0.85,0.75,sell
3148,2021-06-08 16:00:00,0.75,0.65,sell
3149,2021-06-08 20:00:00,0.9,0.85,sell
3150,2021-06-09 00:00:00,0.95,0.9,sell
3151,2021-06-09 04:00:00,0.9,0.85,sell
3152,2021-06-09 08:00:00,0.9,0.85,sell
3153,2021-06-09 12:00:00,0.9,0.85,sell
3154,2021-06-09 16:00:00,0.9,0.85,sell
3155,2021-06-09 20:00:00,0.7,0.65,buy
3156,2021-06-10 00:00:00,0.7,0.65,buy
3157,2021-06-10 04:00:00,0.85,0.75,buy
3158,2021-06-10 08:00:00,0.8,0.7,sell
3159,2021-06-10 12:00:00,0.8,0.7,sell
3160,2021-06-10 16:00:00,0.9,0.85,sell
3161,2021-06-10 20:00:00,0.9,0.85,sell
3162,2021-06-11 00:00:00,0.9,0.8,sell
3163,2021-06-11 04:00:00,0.9,0.85,sell
3164,2021-06-11 08:00:00,0.9,0.85,sell
3165,2021-06-11 12:00:00,0.95,0.9,sell
3166,2021-06-11 16:00:00,0.8,0.75,sell
3167,2021-06-11 20:00:00,0.85,0.8,sell
3180,2021-06-14 00:00:00,0.2,0.7,hold
3181,2021-06-14 04:00:00,0.6,0.6,sell
3182,2021-06-14 08:00:00,0.4,0.4,sell
3183,2021-06-14 12:00:00,0.5,0.55,sell
3184,2021-06-14 16:00:00,0.2,0.7,hold
3185,2021-06-14 20:00:00,0.7,0.65,sell
3186,2021-06-15 00:00:00,0.6,0.65,sell
3187,2021-06-15 04:00:00,0.7,0.6,sell
3188,2021-06-15 08:00:00,0.4,0.7,hold
3189,2021-06-15 12:00:00,0.7,0.65,sell
3190,2021-06-15 16:00:00,0.9,0.75,buy
3191,2021-06-15 20:00:00,0.9,0.8,buy
3192,2021-06-16 00:00:00,0.9,0.8,buy
3193,2021-06-16 04:00:00,0.9,0.8,buy
3194,2021-06-16 08:00:00,0.9,0.75,buy
3195,2021-06-16 12:00:00,0.8,0.65,buy
3196,2021-06-16 16:00:00,0.8,0.75,sell
3197,2021-06-16 20:00:00,0.8,0.65,sell
3198,2021-06-17 00:00:00,0.85,0.75,sell
3199,2021-06-17 04:00:00,0.9,0.8,sell
3200,2021-06-17 08:00:00,0.85,0.75,sell
3201,2021-06-17 12:00:00,0.85,0.75,sell
3202,2021-06-17 16:00:00,0.9,0.85,buy
3203,2021-06-17 20:00:00,0.9,0.8,buy
3204,2021-06-18 00:00:00,0.9,0.85,buy
3205,2021-06-18 04:00:00,0.9,0.8,buy
3206,2021-06-18 08:00:00,0.9,0.8,buy
3207,2021-06-18 12:00:00,0.9,0.8,buy
3208,2021-06-18 16:00:00,0.8,0.65,sell
3209,2021-06-18 20:00:00,0.8,0.75,buy
3222,2021-06-21 00:00:00,0.2,0.6,hold
3223,2021-06-21 04:00:00,0.1,0.5,hold
3224,2021-06-21 08:00:00,0.2,0.5,hold
3225,2021-06-21 12:00:00,0.1,0.2,hold
3226,2021-06-21 16:00:00,0.2,0.7,hold
3227,2021-06-21 20:00:00,0.4,0.5,sell
3228,2021-06-22 00:00:00,0.8,0.7,sell
3229,2021-06-22 04:00:00,0.7,0.65,sell
3230,2021-06-22 08:00:00,0.8,0.7,sell
3231,2021-06-22 12:00:00,0.7,0.65,sell
3232,2021-06-22 16:00:00,0.8,0.7,sell
3233,2021-06-22 20:00:00,0.9,0.75,buy
3234,2021-06-23 00:00:00,0.85,0.75,buy
3235,2021-06-23 04:00:00,0.8,0.65,buy
3236,2021-06-23 08:00:00,0.9,0.75,buy
3237,2021-06-23 12:00:00,0.9,0.85,buy
3238,2021-06-23 16:00:00,0.9,0.85,buy
3239,2021-06-23 20:00:00,0.8,0.65,buy
3240,2021-06-24 00:00:00,0.8,0.7,buy
3241,2021-06-24 04:00:00,0.85,0.75,buy
3242,2021-06-24 08:00:00,0.85,0.75,buy
3243,2021-06-24 12:00:00,0.85,0.7,buy
3244,2021-06-24 16:00:00,0.85,0.75,sell
3245,2021-06-24 20:00:00,0.9,0.8,sell
3246,2021-06-25 00:00:00,0.85,0.75,sell
3247,2021-06-25 04:00:00,0.85,0.75,sell
3248,2021-06-25 08:00:00,0.85,0.8,sell
3249,2021-06-25 12:00:00,0.85,0.75,sell
3250,2021-06-25 16:00:00,0.9,0.85,sell
3251,2021-06-25 20:00:00,0.9,0.85,sell
3264,2021-06-28 00:00:00,0.0,0.0,hold
3265,2021-06-28 04:00:00,0.0,0.0,hold
3266,2021-06-28 08:00:00,0.2,0.7,hold
3267,2021-06-28 12:00:00,0.2,0.7,hold
3268,2021-06-28 16:00:00,0.5,0.5,sell
3269,2021-06-28 20:00:00,0.5,0.6,sell
3270,2021-06-29 00:00:00,0.5,0.4,sell
3271,2021-06-29 04:00:00,0.7,0.65,sell
3272,2021-06-29 08:00:00,0.6,0.6,sell
3273,2021-06-29 12:00:00,0.85,0.75,buy
3274,2021-06-29 16:00:00,0.85,0.75,buy
3275,2021-06-29 20:00:00,0.9,0.75,sell
3276,2021-06-30 00:00:00,0.85,0.75,sell
3277,2021-06-30 04:00:00,0.9,0.75,sell
3278,2021-06-30 08:00:00,0.9,0.8,sell
3279,2021-06-30 12:00:00,0.9,0.8,sell
3280,2021-06-30 16:00:00,0.9,0.75,buy
3281,2021-06-30 20:00:00,0.9,0.75,buy
3282,2021-07-01 00:00:00,0.9,0.8,buy
3283,2021-07-01 04:00:00,0.9,0.85,buy
3284,2021-07-01 08:00:00,0.9,0.8,buy
3285,2021-07-01 12:00:00,0.9,0.85,buy
3286,2021-07-01 16:00:00,0.85,0.7,sell
3287,2021-07-01 20:00:00,0.9,0.85,sell
3288,2021-07-02 00:00:00,0.9,0.85,sell
3289,2021-07-02 04:00:00,0.9,0.85,sell
3290,2021-07-02 08:00:00,0.9,0.85,sell
3291,2021-07-02 12:00:00,0.9,0.8,sell
3292,2021-07-02 16:00:00,0.98,0.95,sell
3293,2021-07-02 20:00:00,0.95,0.95,sell
3306,2021-07-05 00:00:00,0.1,0.9,hold
3307,2021-07-05 04:00:00,0.2,0.7,hold
3308,2021-07-05 08:00:00,0.2,0.6,hold
3309,2021-07-05 12:00:00,0.9,0.8,buy
3310,2021-07-05 16:00:00,0.85,0.75,buy
3311,2021-07-05 20:00:00,0.9,0.8,buy
3312,2021-07-06 00:00:00,0.85,0.75,buy
3313,2021-07-06 04:00:00,0.85,0.75,buy
3314,2021-07-06 08:00:00,0.9,0.8,buy
3315,2021-07-06 12:00:00,0.9,0.8,sell
3316,2021-07-06 16:00:00,0.9,0.8,sell
3317,2021-07-06 20:00:00,0.9,0.8,buy
3318,2021-07-07 00:00:00,0.9,0.85,buy
3319,2021-07-07 04:00:00,0.9,0.85,buy
3320,2021-07-07 08:00:00,0.9,0.85,buy
3321,2021-07-07 12:00:00,0.9,0.8,buy
3322,2021-07-07 16:00:00,0.9,0.8,buy
3323,2021-07-07 20:00:00,0.9,0.8,sell
3324,2021-07-08 00:00:00,0.9,0.8,sell
3325,2021-07-08 04:00:00,0.9,0.85,sell
3326,2021-07-08 08:00:00,0.85,0.75,sell
3327,2021-07-08 12:00:00,0.9,0.85,sell
3328,2021-07-08 16:00:00,0.9,0.8,buy
3329,2021-07-08 20:00:00,0.9,0.8,buy
3330,2021-07-09 00:00:00,0.85,0.75,buy
3331,2021-07-09 04:00:00,0.9,0.8,buy
3332,2021-07-09 08:00:00,0.85,0.75,buy
3333,2021-07-09 12:00:00,0.8,0.75,buy
3334,2021-07-09 16:00:00,0.8,0.7,sell
3335,2021-07-09 20:00:00,0.85,0.8,sell
3348,2021-07-12 00:00:00,0.2,0.5,hold
3349,2021-07-12 04:00:00,0.2,0.7,hold
3350,2021-07-12 08:00:00,0.2,0.7,hold
3351,2021-07-12 12:00:00,0.3,0.4,sell
3352,2021-07-12 16:00:00,0.6,0.55,buy
3353,2021-07-12 20:00:00,0.3,0.5,hold
3354,2021-07-13 00:00:00,0.8,0.7,buy
3355,2021-07-13 04:00:00,0.7,0.65,buy
3356,2021-07-13 08:00:00,0.8,0.65,buy
3357,2021-07-13 12:00:00,0.9,0.75,buy
3358,2021-07-13 16:00:00,0.95,0.9,sell
3359,2021-07-13 20:00:00,0.95,0.95,sell
3360,2021-07-14 00:00:00,0.95,0.9,sell
3361,2021-07-14 04:00:00,0.95,0.9,sell
3362,2021-07-14 08:00:00,1.0,0.9,sell
3363,2021-07-14 12:00:00,0.95,0.9,sell
3364,2021-07-14 16:00:00,0.9,0.85,sell
3365,2021-07-14 20:00:00,0.9,0.8,sell
3366,2021-07-15 00:00:00,0.85,0.75,buy
3367,2021-07-15 04:00:00,0.9,0.75,sell
3368,2021-07-15 08:00:00,0.9,0.8,sell
3369,2021-07-15 12:00:00,0.85,0.75,sell
3370,2021-07-15 16:00:00,0.9,0.75,buy
3371,2021-07-15 20:00:00,0.85,0.75,buy
3372,2021-07-16 00:00:00,0.9,0.8,buy
3373,2021-07-16 04:00:00,0.85,0.75,buy
3374,2021-07-16 08:00:00,0.85,0.75,buy
3375,2021-07-16 12:00:00,0.8,0.65,buy
3376,2021-07-16 16:00:00,0.9,0.8,sell
3377,2021-07-16 20:00:00,0.85,0.75,sell
3390,2021-07-19 00:00:00,0.3,0.8,hold
3391,2021-07-19 04:00:00,0.1,0.5,hold
3392,2021-07-19 08:00:00,0.3,0.7,hold
3393,2021-07-19 12:00:00,0.1,0.9,hold
3394,2021-07-19 16:00:00,0.2,0.8,hold
3395,2021-07-19 20:00:00,0.2,0.5,hold
3396,2021-07-20 00:00:00,0.4,0.4,hold
3397,2021-07-20 04:00:00,0.8,0.7,sell
3398,2021-07-20 08:00:00,0.8,0.7,sell
3399,2021-07-20 12:00:00,0.7,0.65,buy
3400,2021-07-20 16:00:00,0.8,0.7,sell
3401,2021-07-20 20:00:00,0.85,0.8,sell
3402,2021-07-21 00:00:00,0.8,0.75,sell
3403,2021-07-21 04:00:00,0.8,0.75,sell
3404,2021-07-21 08:00:00,0.8,0.7,sell
3405,2021-07-21 12:00:00,0.7,0.65,sell
3406,2021-07-21 16:00:00,0.6,0.55,buy
3407,2021-07-21 20:00:00,0.6,0.6,buy
3408,2021-07-22 00:00:00,0.7,0.65,buy
3409,2021-07-22 04:00:00,0.8,0.75,buy
3410,2021-07-22 08:00:00,0.7,0.65,buy
3411,2021-07-22 12:00:00,0.7,0.65,buy
3412,2021-07-22 16:00:00,0.9,0.8,buy
3413,2021-07-22 20:00:00,0.9,0.8,buy
3414,2021-07-23 00:00:00,0.9,0.85,buy
3415,2021-07-23 04:00:00,0.9,0.8,buy
3416,2021-07-23 08:00:00,0.9,0.8,buy
3417,2021-07-23 12:00:00,0.85,0.75,sell
3418,2021-07-23 16:00:00,0.85,0.75,buy
3419,2021-07-23 20:00:00,0.9,0.75,buy
3432,2021-07-26 00:00:00,0.2,0.2,hold
3433,2021-07-26 04:00:00,0.5,0.6,buy
3434,2021-07-26 08:00:00,0.6,0.65,buy
3435,2021-07-26 12:00:00,0.7,0.65,buy
3436,2021-07-26 16:00:00,0.7,0.65,sell
3437,2021-07-26 20:00:00,0.85,0.8,buy
3438,2021-07-27 00:00:00,0.85,0.75,buy
3439,2021-07-27 04:00:00,0.85,0.75,buy
3440,2021-07-27 08:00:00,0.85,0.75,buy
3441,2021-07-27 12:00:00,0.8,0.75,buy
3442,2021-07-27 16:00:00,0.8,0.65,buy
3443,2021-07-27 20:00:00,0.9,0.85,sell
3444,2021-07-28 00:00:00,0.9,0.85,sell
3445,2021-07-28 04:00:00,0.9,0.8,sell
3446,2021-07-28 08:00:00,0.9,0.8,sell
3447,2021-07-28 12:00:00,0.9,0.8,sell
3448,2021-07-28 16:00:00,0.9,0.8,sell
3449,2021-07-28 20:00:00,0.8,0.7,sell
3450,2021-07-29 00:00:00,0.9,0.8,buy
3451,2021-07-29 04:00:00,0.9,0.8,sell
3452,2021-07-29 08:00:00,0.9,0.8,sell
3453,2021-07-29 12:00:00,0.85,0.75,buy
3454,2021-07-29 16:00:00,0.9,0.85,sell
3455,2021-07-29 20:00:00,0.9,0.85,sell
3456,2021-07-30 00:00:00,0.9,0.8,sell
3457,2021-07-30 04:00:00,0.95,0.9,sell
3458,2021-07-30 08:00:00,0.9,0.8,sell
3459,2021-07-30 12:00:00,0.9,0.7,buy
3460,2021-07-30 16:00:00,0.9,0.75,sell
3461,2021-07-30 20:00:00,0.9,0.75,buy
3474,2021-08-02 00:00:00,0.2,0.7,hold
3475,2021-08-02 04:00:00,0.3,0.7,hold
3476,2021-08-02 08:00:00,0.3,0.7,hold
3477,2021-08-02 12:00:00,0.8,0.65,sell
3478,2021-08-02 16:00:00,0.8,0.65,buy
3479,2021-08-02 20:00:00,0.85,0.75,buy
3480,2021-08-03 00:00:00,0.85,0.65,buy
3481,2021-08-03 04:00:00,0.85,0.65,buy
3482,2021-08-03 08:00:00,0.8,0.65,buy
3483,2021-08-03 12:00:00,0.85,0.7,buy
3484,2021-08-03 16:00:00,0.8,0.7,buy
3485,2021-08-03 20:00:00,0.8,0.7,buy
3486,2021-08-04 00:00:00,0.85,0.75,sell
3487,2021-08-04 04:00:00,0.8,0.7,sell
3488,2021-08-04 08:00:00,0.8,0.65,sell
3489,2021-08-04 12:00:00,0.8,0.65,sell
3490,2021-08-04 16:00:00,0.9,0.85,buy
3491,2021-08-04 20:00:00,0.85,0.65,sell
3492,2021-08-05 00:00:00,0.8,0.65,sell
3493,2021-08-05 04:00:00,0.85,0.65,sell
3494,2021-08-05 08:00:00,0.85,0.65,sell
3495,2021-08-05 12:00:00,0.9,0.75,buy
3496,2021-08-05 16:00:00,0.95,0.9,sell
3497,2021-08-05 20:00:00,0.9,0.85,sell
3498,2021-08-06 00:00:00,0.9,0.85,sell
3499,2021-08-06 04:00:00,0.9,0.85,sell
3500,2021-08-06 08:00:00,0.9,0.85,sell
3501,2021-08-06 12:00:00,0.9,0.85,sell
3502,2021-08-06 16:00:00,1.0,0.95,sell
3503,2021-08-06 20:00:00,0.95,0.9,sell
3516,2021-08-09 00:00:00,0.5,0.6,buy
3517,2021-08-09 04:00:00,0.6,0.55,buy
3518,2021-08-09 08:00:00,0.6,0.55,buy
3519,2021-08-09 12:00:00,0.7,0.6,sell
3520,2021-08-09 16:00:00,0.7,0.65,sell
3521,2021-08-09 20:00:00,0.9,0.85,sell
3522,2021-08-10 00:00:00,0.9,0.85,sell
3523,2021-08-10 04:00:00,0.9,0.85,sell
3524,2021-08-10 08:00:00,0.9,0.85,sell
3525,2021-08-10 12:00:00,0.9,0.8,sell
3526,2021-08-10 16:00:00,0.95,0.9,sell
3527,2021-08-10 20:00:00,0.9,0.8,sell
3528,2021-08-11 00:00:00,0.85,0.8,sell
3529,2021-08-11 04:00:00,0.9,0.8,sell
3530,2021-08-11 08:00:00,0.9,0.8,sell
3531,2021-08-11 12:00:00,0.8,0.75,sell
3532,2021-08-11 16:00:00,0.95,0.85,buy
3533,2021-08-11 20:00:00,0.9,0.85,buy
3534,2021-08-12 00:00:00,0.9,0.8,buy
3535,2021-08-12 04:00:00,0.9,0.8,buy
3536,2021-08-12 08:00:00,0.9,0.8,buy
3537,2021-08-12 12:00:00,0.9,0.8,buy
3538,2021-08-12 16:00:00,0.9,0.85,sell
3539,2021-08-12 20:00:00,0.9,0.85,sell
3540,2021-08-13 00:00:00,0.9,0.85,sell
3541,2021-08-13 04:00:00,0.9,0.85,sell
3542,2021-08-13 08:00:00,0.9,0.85,sell
3543,2021-08-13 12:00:00,0.9,0.8,sell
3544,2021-08-13 16:00:00,0.8,0.7,buy
3545,2021-08-13 20:00:00,0.9,0.8,buy
3558,2021-08-16 00:00:00,0.2,0.5,hold
3559,2021-08-16 04:00:00,0.2,0.5,hold
3560,2021-08-16 08:00:00,0.1,0.9,hold
3561,2021-08-16 12:00:00,0.1,0.2,hold
3562,2021-08-16 16:00:00,0.8,0.75,buy
3563,2021-08-16 20:00:00,0.8,0.7,buy
3564,2021-08-17 00:00:00,0.7,0.65,sell
3565,2021-08-17 04:00:00,0.75,0.65,sell
3566,2021-08-17 08:00:00,0.75,0.65,sell
3567,2021-08-17 12:00:00,0.75,0.65,sell
3568,2021-08-17 16:00:00,0.9,0.85,buy
3569,2021-08-17 20:00:00,0.9,0.85,buy
3570,2021-08-18 00:00:00,0.9,0.85,buy
3571,2021-08-18 04:00:00,0.9,0.85,buy
3572,2021-08-18 08:00:00,0.9,0.8,buy
3573,2021-08-18 12:00:00,0.9,0.85,buy
3574,2021-08-18 16:00:00,0.8,0.75,buy
3575,2021-08-18 20:00:00,0.7,0.6,buy
3576,2021-08-19 00:00:00,0.85,0.75,sell
3577,2021-08-19 04:00:00,0.85,0.75,sell
3578,2021-08-19 08:00:00,0.85,0.75,sell
3579,2021-08-19 12:00:00,0.85,0.75,sell
3580,2021-08-19 16:00:00,0.8,0.65,buy
3581,2021-08-19 20:00:00,0.85,0.75,sell
3582,2021-08-20 00:00:00,0.85,0.75,sell
3583,2021-08-20 04:00:00,0.9,0.8,sell
3584,2021-08-20 08:00:00,0.85,0.75,sell
3585,2021-08-20 12:00:00,0.85,0.7,sell
3586,2021-08-20 16:00:00,0.85,0.7,sell
3587,2021-08-20 20:00:00,0.8,0.7,buy
3600,2021-08-23 00:00:00,0.2,0.6,hold
3601,2021-08-23 04:00:00,0.3,0.6,hold
3602,2021-08-23 08:00:00,0.3,0.7,hold
3603,2021-08-23 12:00:00,0.9,0.8,sell
3604,2021-08-23 16:00:00,0.9,0.8,sell
3605,2021-08-23 20:00:00,0.9,0.7,buy
3606,2021-08-24 00:00:00,0.8,0.65,sell
3607,2021-08-24 04:00:00,0.85,0.75,buy
3608,2021-08-24 08:00:00,0.9,0.75,buy
3609,2021-08-24 12:00:00,0.9,0.8,buy
3610,2021-08-24 16:00:00,0.9,0.8,buy
3611,2021-08-24 20:00:00,0.85,0.75,buy
3612,2021-08-25 00:00:00,0.9,0.8,buy
3613,2021-08-25 04:00:00,0.8,0.65,buy
3614,2021-08-25 08:00:00,0.85,0.7,buy
3615,2021-08-25 12:00:00,0.8,0.65,sell
3616,2021-08-25 16:00:00,0.85,0.8,sell
3617,2021-08-25 20:00:00,0.9,0.85,sell
3618,2021-08-26 00:00:00,0.9,0.85,sell
3619,2021-08-26 04:00:00,0.9,0.85,sell
3620,2021-08-26 08:00:00,0.9,0.8,sell
3621,2021-08-26 12:00:00,0.9,0.8,sell
3622,2021-08-26 16:00:00,0.95,0.9,sell
3623,2021-08-26 20:00:00,0.95,0.9,sell
3624,2021-08-27 00:00:00,0.95,0.9,sell
3625,2021-08-27 04:00:00,0.9,0.9,sell
3626,2021-08-27 08:00:00,0.95,0.9,sell
3627,2021-08-27 12:00:00,0.95,0.9,sell
3628,2021-08-27 16:00:00,0.95,0.9,sell
3629,2021-08-27 20:00:00,0.9,0.85,sell
3642,2021-08-30 00:00:00,0.6,0.65,sell
3643,2021-08-30 04:00:00,0.6,0.65,sell
3644,2021-08-30 08:00:00,0.8,0.75,sell
3645,2021-08-30 12:00:00,0.85,0.75,sell
3646,2021-08-30 16:00:00,0.9,0.8,sell
3647,2021-08-30 20:00:00,0.85,0.7,sell
3648,2021-08-31 00:00:00,0.85,0.75,sell
3649,2021-08-31 04:00:00,0.9,0.75,sell
3650,2021-08-31 08:00:00,0.85,0.7,sell
3651,2021-08-31 12:00:00,0.95,0.9,buy
3652,2021-08-31 16:00:00,0.95,0.9,buy
3653,2021-08-31 20:00:00,0.95,0.9,buy
3654,2021-09-01 00:00:00,0.95,0.9,buy
3655,2021-09-01 04:00:00,0.95,0.9,buy
3656,2021-09-01 08:00:00,0.9,0.85,buy
3657,2021-09-01 12:00:00,0.95,0.9,buy
3658,2021-09-01 16:00:00,0.9,0.85,buy
3659,2021-09-01 20:00:00,0.9,0.8,buy
3660,2021-09-02 00:00:00,0.85,0.75,buy
3661,2021-09-02 04:00:00,0.85,0.75,buy
3662,2021-09-02 08:00:00,0.85,0.7,buy
3663,2021-09-02 12:00:00,0.9,0.8,buy
3664,2021-09-02 16:00:00,0.85,0.8,sell
3665,2021-09-02 20:00:00,0.9,0.8,sell
3666,2021-09-03 00:00:00,0.9,0.8,sell
3667,2021-09-03 04:00:00,0.9,0.85,sell
3668,2021-09-03 08:00:00,0.9,0.85,sell
3669,2021-09-03 12:00:00,0.9,0.9,sell
3670,2021-09-03 16:00:00,1.0,0.95,sell
3671,2021-09-03 20:00:00,0.95,0.9,sell
3684,2021-09-06 00:00:00,0.2,0.5,hold
3685,2021-09-06 04:00:00,0.2,0.3,hold
3686,2021-09-06 08:00:00,0.6,0.7,buy
3687,2021-09-06 12:00:00,0.9,0.8,buy
3688,2021-09-06 16:00:00,0.85,0.8,buy
3689,2021-09-06 20:00:00,0.8,0.75,buy
3690,2021-09-07 00:00:00,0.85,0.8,buy
3691,2021-09-07 04:00:00,0.85,0.8,buy
3692,2021-09-07 08:00:00,0.8,0.75,buy
3693,2021-09-07 12:00:00,0.9,0.8,buy
3694,2021-09-07 16:00:00,0.85,0.75,sell
3695,2021-09-07 20:00:00,0.85,0.75,sell
3696,2021-09-08 00:00:00,0.9,0.8,sell
3697,2021-09-08 04:00:00,0.85,0.75,sell
3698,2021-09-08 08:00:00,0.9,0.8,sell
3699,2021-09-08 12:00:00,0.9,0.8,sell
3700,2021-09-08 16:00:00,0.8,0.7,sell
3701,2021-09-08 20:00:00,0.9,0.8,sell
3702,2021-09-09 00:00:00,0.9,0.85,sell
3703,2021-09-09 04:00:00,0.85,0.75,sell
3704,2021-09-09 08:00:00,0.85,0.75,sell
3705,2021-09-09 12:00:00,0.85,0.75,sell
3706,2021-09-09 16:00:00,0.9,0.85,sell
3707,2021-09-09 20:00:00,0.85,0.75,sell
3708,2021-09-10 00:00:00,0.85,0.7,sell
3709,2021-09-10 04:00:00,0.85,0.75,sell
3710,2021-09-10 08:00:00,0.9,0.8,sell
3711,2021-09-10 12:00:00,0.85,0.75,sell
3712,2021-09-10 16:00:00,0.85,0.75,buy
3713,2021-09-10 20:00:00,0.8,0.65,buy
3726,2021-09-13 00:00:00,0.3,0.35,sell
3727,2021-09-13 04:00:00,0.5,0.55,sell
3728,2021-09-13 08:00:00,0.0,0.0,hold
3729,2021-09-13 12:00:00,0.2,0.3,hold
3730,2021-09-13 16:00:00,0.0,0.0,hold
3731,2021-09-13 20:00:00,0.5,0.5,buy
3732,2021-09-14 00:00:00,0.8,0.75,sell
3733,2021-09-14 04:00:00,0.7,0.65,sell
3734,2021-09-14 08:00:00,0.65,0.7,sell
3735,2021-09-14 12:00:00,0.7,0.65,sell
3736,2021-09-14 16:00:00,0.9,0.85,buy
3737,2021-09-14 20:00:00,0.9,0.85,buy
3738,2021-09-15 00:00:00,0.9,0.85,buy
3739,2021-09-15 04:00:00,0.9,0.85,buy
3740,2021-09-15 08:00:00,0.95,0.85,buy
3741,2021-09-15 12:00:00,0.9,0.85,buy
3742,2021-09-15 16:00:00,0.8,0.65,buy
3743,2021-09-15 20:00:00,0.75,0.65,buy
3744,2021-09-16 00:00:00,0.8,0.75,buy
3745,2021-09-16 04:00:00,0.8,0.7,buy
3746,2021-09-16 08:00:00,0.85,0.7,sell
3747,2021-09-16 12:00:00,0.9,0.82,sell
3748,2021-09-16 16:00:00,0.9,0.85,sell
3749,2021-09-16 20:00:00,0.9,0.85,sell
3750,2021-09-17 00:00:00,0.9,0.85,sell
3751,2021-09-17 04:00:00,0.9,0.8,sell
3752,2021-09-17 08:00:00,0.9,0.85,sell
3753,2021-09-17 12:00:00,0.9,0.85,sell
3754,2021-09-17 16:00:00,0.8,0.75,sell
3755,2021-09-17 20:00:00,0.85,0.75,sell
3768,2021-09-20 00:00:00,0.1,0.8,hold
3769,2021-09-20 04:00:00,0.6,0.6,buy
3770,2021-09-20 08:00:00,0.8,0.7,sell
3771,2021-09-20 12:00:00,0.7,0.65,buy
3772,2021-09-20 16:00:00,0.8,0.75,sell
3773,2021-09-20 20:00:00,0.8,0.75,sell
3774,2021-09-21 00:00:00,0.9,0.8,sell
3775,2021-09-21 04:00:00,0.85,0.8,sell
3776,2021-09-21 08:00:00,0.85,0.75,sell
3777,2021-09-21 12:00:00,0.9,0.8,sell
3778,2021-09-21 16:00:00,0.9,0.8,sell
3779,2021-09-21 20:00:00,0.8,0.75,sell
3780,2021-09-22 00:00:00,0.85,0.75,sell
3781,2021-09-22 04:00:00,0.85,0.8,sell
3782,2021-09-22 08:00:00,0.85,0.8,sell
3783,2021-09-22 12:00:00,0.85,0.8,sell
3784,2021-09-22 16:00:00,0.8,0.75,sell
3785,2021-09-22 20:00:00,0.8,0.75,sell
3786,2021-09-23 00:00:00,0.9,0.8,sell
3787,2021-09-23 04:00:00,0.85,0.8,sell
3788,2021-09-23 08:00:00,0.9,0.85,sell
3789,2021-09-23 12:00:00,0.9,0.85,sell
3790,2021-09-23 16:00:00,0.9,0.75,sell
3791,2021-09-23 20:00:00,0.9,0.8,buy
3792,2021-09-24 00:00:00,0.9,0.75,buy
3793,2021-09-24 04:00:00,0.9,0.8,buy
3794,2021-09-24 08:00:00,0.9,0.8,buy
3795,2021-09-24 12:00:00,0.9,0.8,buy
3796,2021-09-24 16:00:00,0.85,0.7,buy
3797,2021-09-24 20:00:00,0.9,0.85,sell
3810,2021-09-27 00:00:00,0.8,0.7,sell
3811,2021-09-27 04:00:00,0.6,0.6,sell
3812,2021-09-27 08:00:00,0.85,0.8,sell
3813,2021-09-27 12:00:00,0.6,0.65,sell
3814,2021-09-27 16:00:00,0.9,0.85,sell
3815,2021-09-27 20:00:00,0.95,0.9,sell
3816,2021-09-28 00:00:00,0.95,0.9,sell
3817,2021-09-28 04:00:00,0.9,0.8,sell
3818,2021-09-28 08:00:00,0.85,0.75,sell
3819,2021-09-28 12:00:00,0.85,0.75,sell
3820,2021-09-28 16:00:00,0.8,0.65,sell
3821,2021-09-28 20:00:00,0.9,0.85,buy
3822,2021-09-29 00:00:00,0.9,0.85,buy
3823,2021-09-29 04:00:00,0.9,0.8,buy
3824,2021-09-29 08:00:00,0.9,0.8,buy
3825,2021-09-29 12:00:00,0.9,0.85,buy
3826,2021-09-29 16:00:00,0.9,0.85,buy
3827,2021-09-29 20:00:00,0.8,0.75,sell
3828,2021-09-30 00:00:00,0.85,0.7,buy
3829,2021-09-30 04:00:00,0.85,0.75,sell
3830,2021-09-30 08:00:00,0.85,0.75,sell
3831,2021-09-30 12:00:00,0.9,0.85,buy
3832,2021-09-30 16:00:00,0.85,0.7,sell
3833,2021-09-30 20:00:00,0.9,0.75,buy
3834,2021-10-01 00:00:00,0.9,0.75,sell
3835,2021-10-01 04:00:00,0.8,0.65,buy
3836,2021-10-01 08:00:00,0.9,0.8,sell
3837,2021-10-01 12:00:00,0.9,0.8,buy
3838,2021-10-01 16:00:00,0.9,0.85,buy
3839,2021-10-01 20:00:00,0.9,0.8,sell
3852,2021-10-04 00:00:00,0.5,0.6,sell
3853,2021-10-04 04:00:00,0.3,0.45,sell
3854,2021-10-04 08:00:00,0.8,0.75,sell
3855,2021-10-04 12:00:00,0.85,0.75,sell
3856,2021-10-04 16:00:00,0.8,0.75,sell
3857,2021-10-04 20:00:00,0.85,0.75,sell
3858,2021-10-05 00:00:00,0.85,0.8,sell
3859,2021-10-05 04:00:00,0.85,0.75,sell
3860,2021-10-05 08:00:00,0.8,0.7,buy
3861,2021-10-05 12:00:00,0.85,0.8,sell
3862,2021-10-05 16:00:00,0.8,0.65,buy
3863,2021-10-05 20:00:00,0.85,0.7,buy
3864,2021-10-06 00:00:00,0.9,0.75,buy
3865,2021-10-06 04:00:00,0.85,0.7,buy
3866,2021-10-06 08:00:00,0.8,0.65,buy
3867,2021-10-06 12:00:00,0.85,0.75,sell
3868,2021-10-06 16:00:00,0.9,0.85,sell
3869,2021-10-06 20:00:00,0.9,0.85,sell
3870,2021-10-07 00:00:00,0.95,0.9,sell
3871,2021-10-07 04:00:00,0.9,0.85,sell
3872,2021-10-07 08:00:00,0.9,0.85,sell
3873,2021-10-07 12:00:00,0.9,0.9,sell
3874,2021-10-07 16:00:00,0.9,0.85,sell
3875,2021-10-07 20:00:00,0.95,0.9,sell
3876,2021-10-08 00:00:00,0.9,0.85,sell
3877,2021-10-08 04:00:00,0.9,0.85,sell
3878,2021-10-08 08:00:00,0.9,0.85,sell
3879,2021-10-08 12:00:00,0.9,0.85,sell
3880,2021-10-08 16:00:00,1.0,0.95,sell
3881,2021-10-08 20:00:00,0.95,0.95,sell
3894,2021-10-11 00:00:00,0.2,0.5,hold
3895,2021-10-11 04:00:00,0.6,0.65,sell
3896,2021-10-11 08:00:00,0.65,0.7,sell
3897,2021-10-11 12:00:00,0.7,0.65,sell
3898,2021-10-11 16:00:00,0.4,0.5,sell
3899,2021-10-11 20:00:00,0.65,0.7,sell
3900,2021-10-12 00:00:00,0.65,0.7,sell
3901,2021-10-12 04:00:00,0.8,0.75,sell
3902,2021-10-12 08:00:00,0.85,0.8,sell
3903,2021-10-12 12:00:00,0.7,0.65,sell
3904,2021-10-12 16:00:00,0.9,0.9,sell
3905,2021-10-12 20:00:00,0.9,0.7,sell
3906,2021-10-13 00:00:00,0.85,0.7,sell
3907,2021-10-13 04:00:00,0.9,0.75,sell
3908,2021-10-13 08:00:00,0.85,0.75,sell
3909,2021-10-13 12:00:00,0.85,0.75,sell
3910,2021-10-13 16:00:00,0.9,0.85,sell
3911,2021-10-13 20:00:00,0.9,0.85,sell
3912,2021-10-14 00:00:00,0.9,0.85,sell
3913,2021-10-14 04:00:00,0.85,0.8,sell
3914,2021-10-14 08:00:00,0.9,0.85,sell
3915,2021-10-14 12:00:00,0.95,0.9,sell
3916,2021-10-14 16:00:00,0.85,0.75,sell
3917,2021-10-14 20:00:00,0.9,0.8,sell
3918,2021-10-15 00:00:00,0.85,0.75,sell
3919,2021-10-15 04:00:00,0.85,0.75,sell
3920,2021-10-15 08:00:00,0.9,0.8,sell
3921,2021-10-15 12:00:00,0.9,0.8,sell
3922,2021-10-15 16:00:00,0.95,0.9,sell
3923,2021-10-15 20:00:00,0.9,0.85,sell
3936,2021-10-18 00:00:00,0.6,0.6,sell
3937,2021-10-18 04:00:00,0.6,0.65,sell
3938,2021-10-18 08:00:00,0.6,0.75,sell
3939,2021-10-18 12:00:00,0.8,0.75,sell
3940,2021-10-18 16:00:00,0.75,0.8,sell
3941,2021-10-18 20:00:00,0.8,0.75,buy
3942,2021-10-19 00:00:00,0.8,0.65,buy
3943,2021-10-19 04:00:00,0.8,0.65,buy
3944,2021-10-19 08:00:00,0.8,0.65,buy
3945,2021-10-19 12:00:00,0.8,0.65,buy
3946,2021-10-19 16:00:00,0.9,0.8,buy
3947,2021-10-19 20:00:00,0.8,0.7,buy
3948,2021-10-20 00:00:00,0.8,0.75,buy
3949,2021-10-20 04:00:00,0.8,0.75,buy
3950,2021-10-20 08:00:00,0.8,0.75,buy
3951,2021-10-20 12:00:00,0.85,0.75,sell
3952,2021-10-20 16:00:00,0.9,0.8,sell
3953,2021-10-20 20:00:00,0.85,0.8,sell
3954,2021-10-21 00:00:00,0.85,0.8,sell
3955,2021-10-21 04:00:00,0.85,0.8,sell
3956,2021-10-21 08:00:00,0.9,0.85,sell
3957,2021-10-21 12:00:00,0.9,0.85,sell
3958,2021-10-21 16:00:00,0.9,0.9,sell
3959,2021-10-21 20:00:00,0.95,0.9,sell
3960,2021-10-22 00:00:00,0.95,0.9,sell
3961,2021-10-22 04:00:00,0.95,0.9,sell
3962,2021-10-22 08:00:00,0.95,0.9,sell
3963,2021-10-22 12:00:00,0.95,0.9,sell
3964,2021-10-22 16:00:00,0.9,0.9,sell
3965,2021-10-22 20:00:00,0.9,0.85,sell
3978,2021-10-25 00:00:00,0.2,0.3,hold
3979,2021-10-25 04:00:00,0.6,0.75,sell
3980,2021-10-25 08:00:00,0.5,0.65,sell
3981,2021-10-25 12:00:00,0.9,0.85,sell
3982,2021-10-25 16:00:00,0.9,0.85,sell
3983,2021-10-25 20:00:00,0.9,0.85,sell
3984,2021-10-26 00:00:00,0.9,0.9,sell
3985,2021-10-26 04:00:00,0.85,0.9,sell
3986,2021-10-26 08:00:00,0.9,0.9,sell
3987,2021-10-26 12:00:00,0.75,0.8,sell
3988,2021-10-26 16:00:00,0.85,0.8,sell
3989,2021-10-26 20:00:00,0.95,0.9,sell
3990,2021-10-27 00:00:00,0.9,0.85,sell
3991,2021-10-27 04:00:00,0.9,0.9,sell
3992,2021-10-27 08:00:00,0.95,0.9,sell
3993,2021-10-27 12:00:00,0.9,0.8,sell
3994,2021-10-27 16:00:00,0.8,0.75,sell
3995,2021-10-27 20:00:00,0.85,0.8,sell
3996,2021-10-28 00:00:00,0.85,0.75,buy
3997,2021-10-28 04:00:00,0.85,0.7,sell
3998,2021-10-28 08:00:00,0.85,0.7,sell
3999,2021-10-28 12:00:00,0.9,0.85,buy
4000,2021-10-28 16:00:00,0.9,0.85,buy
4001,2021-10-28 20:00:00,0.9,0.7,buy
4002,2021-10-29 00:00:00,0.9,0.75,buy
4003,2021-10-29 04:00:00,0.9,0.8,buy
4004,2021-10-29 08:00:00,0.9,0.8,buy
4005,2021-10-29 12:00:00,0.95,0.9,buy
4006,2021-10-29 16:00:00,0.9,0.75,buy
4007,2021-10-29 20:00:00,0.85,0.75,sell
4020,2021-11-01 00:00:00,0.5,0.65,sell
4021,2021-11-01 04:00:00,0.5,0.65,sell
4022,2021-11-01 08:00:00,0.4,0.7,hold
4023,2021-11-01 12:00:00,0.7,0.8,sell
4024,2021-11-01 16:00:00,0.85,0.8,sell
4025,2021-11-01 20:00:00,0.85,0.75,buy
4026,2021-11-02 00:00:00,0.85,0.65,buy
4027,2021-11-02 04:00:00,0.85,0.65,buy
4028,2021-11-02 08:00:00,0.8,0.75,sell
4029,2021-11-02 12:00:00,0.8,0.65,sell
4030,2021-11-02 16:00:00,0.9,0.8,sell
4031,2021-11-02 20:00:00,0.85,0.8,sell
4032,2021-11-03 00:00:00,0.8,0.75,sell
4033,2021-11-03 04:00:00,0.75,0.8,sell
4034,2021-11-03 08:00:00,0.85,0.8,sell
4035,2021-11-03 12:00:00,0.9,0.85,sell
4036,2021-11-03 16:00:00,0.95,0.9,sell
4037,2021-11-03 20:00:00,0.95,0.95,sell
4038,2021-11-04 00:00:00,0.95,0.9,sell
4039,2021-11-04 04:00:00,0.95,0.95,sell
4040,2021-11-04 08:00:00,0.95,0.9,sell
4041,2021-11-04 12:00:00,0.95,0.9,sell
4042,2021-11-04 16:00:00,0.95,0.9,sell
4043,2021-11-04 20:00:00,0.9,0.8,sell
4044,2021-11-05 00:00:00,0.85,0.75,buy
4045,2021-11-05 04:00:00,0.9,0.75,buy
4046,2021-11-05 08:00:00,0.9,0.75,buy
4047,2021-11-05 12:00:00,0.9,0.8,sell
4048,2021-11-05 16:00:00,1.0,0.95,sell
4049,2021-11-05 20:00:00,1.0,0.95,sell
4062,2021-11-08 00:00:00,0.65,0.75,sell
4063,2021-11-08 04:00:00,0.8,0.75,sell
4064,2021-11-08 08:00:00,0.6,0.7,sell
4065,2021-11-08 12:00:00,0.5,0.65,sell
4066,2021-11-08 16:00:00,0.7,0.65,sell
4067,2021-11-08 20:00:00,0.75,0.7,sell
4068,2021-11-09 00:00:00,0.8,0.75,sell
4069,2021-11-09 04:00:00,0.85,0.8,sell
4070,2021-11-09 08:00:00,0.85,0.8,sell
4071,2021-11-09 12:00:00,0.85,0.8,sell
4072,2021-11-09 16:00:00,0.8,0.75,sell
4073,2021-11-09 20:00:00,0.85,0.75,buy
4074,2021-11-10 00:00:00,0.85,0.7,buy
4075,2021-11-10 04:00:00,0.85,0.75,buy
4076,2021-11-10 08:00:00,0.85,0.75,buy
4077,2021-11-10 12:00:00,0.85,0.75,buy
4078,2021-11-10 16:00:00,0.85,0.8,sell
4079,2021-11-10 20:00:00,1.0,0.95,sell
4080,2021-11-11 00:00:00,0.95,0.95,sell
4081,2021-11-11 04:00:00,1.0,0.95,sell
4082,2021-11-11 08:00:00,0.95,0.95,sell
4083,2021-11-11 12:00:00,1.0,0.95,sell
4084,2021-11-11 16:00:00,0.95,0.95,sell
4085,2021-11-11 20:00:00,0.85,0.8,sell
4086,2021-11-12 00:00:00,0.8,0.75,sell
4087,2021-11-12 04:00:00,0.75,0.7,sell
4088,2021-11-12 08:00:00,0.75,0.8,sell
4089,2021-11-12 12:00:00,0.85,0.8,sell
4090,2021-11-12 16:00:00,0.9,0.85,sell
4091,2021-11-12 20:00:00,0.85,0.75,buy
4104,2021-11-15 00:00:00,0.6,0.65,sell
4105,2021-11-15 04:00:00,0.7,0.8,sell
4106,2021-11-15 08:00:00,0.8,0.75,sell
4107,2021-11-15 12:00:00,0.5,0.6,sell
4108,2021-11-15 16:00:00,0.9,0.85,sell
4109,2021-11-15 20:00:00,0.9,0.9,sell
4110,2021-11-16 00:00:00,0.8,0.75,sell
4111,2021-11-16 04:00:00,0.9,0.8,sell
4112,2021-11-16 08:00:00,0.8,0.75,sell
4113,2021-11-16 12:00:00,0.9,0.85,sell
4114,2021-11-16 16:00:00,0.8,0.75,sell
4115,2021-11-16 20:00:00,0.9,0.9,sell
4116,2021-11-17 00:00:00,0.9,0.85,sell
4117,2021-11-17 04:00:00,0.9,0.85,sell
4118,2021-11-17 08:00:00,0.9,0.8,sell
4119,2021-11-17 12:00:00,0.9,0.85,sell
4120,2021-11-17 16:00:00,0.9,0.85,sell
4121,2021-11-17 20:00:00,0.85,0.8,sell
4122,2021-11-18 00:00:00,0.8,0.75,sell
4123,2021-11-18 04:00:00,0.8,0.7,sell
4124,2021-11-18 08:00:00,0.8,0.75,sell
4125,2021-11-18 12:00:00,0.7,0.65,sell
4126,2021-11-18 16:00:00,0.8,0.7,sell
4127,2021-11-18 20:00:00,0.9,0.85,sell
4128,2021-11-19 00:00:00,0.95,0.9,sell
4129,2021-11-19 04:00:00,0.9,0.85,sell
4130,2021-11-19 08:00:00,0.9,0.85,sell
4131,2021-11-19 12:00:00,0.9,0.8,sell
4132,2021-11-19 16:00:00,0.9,0.85,sell
4133,2021-11-19 20:00:00,0.85,0.75,sell
4146,2021-11-22 00:00:00,0.75,0.8,sell
4147,2021-11-22 04:00:00,0.85,0.8,sell
4148,2021-11-22 08:00:00,0.75,0.8,sell
4149,2021-11-22 12:00:00,0.9,0.85,sell
4150,2021-11-22 16:00:00,0.9,0.85,sell
4151,2021-11-22 20:00:00,0.9,0.8,sell
4152,2021-11-23 00:00:00,0.9,0.85,sell
4153,2021-11-23 04:00:00,0.85,0.75,sell
4154,2021-11-23 08:00:00,0.8,0.75,sell
4155,2021-11-23 12:00:00,0.9,0.75,buy
4156,2021-11-23 16:00:00,0.85,0.75,buy
4157,2021-11-23 20:00:00,0.85,0.75,buy
4158,2021-11-24 00:00:00,0.85,0.75,sell
4159,2021-11-24 04:00:00,0.8,0.75,sell
4160,2021-11-24 08:00:00,0.85,0.75,sell
4161,2021-11-24 12:00:00,0.85,0.7,buy
4162,2021-11-24 16:00:00,0.9,0.8,sell
4163,2021-11-24 20:00:00,0.95,0.9,sell
4164,2021-11-25 00:00:00,0.95,0.9,sell
4165,2021-11-25 04:00:00,0.95,0.9,sell
4166,2021-11-25 08:00:00,0.95,0.9,sell
4167,2021-11-25 12:00:00,0.9,0.9,sell
4168,2021-11-25 16:00:00,0.9,0.85,sell
4169,2021-11-25 20:00:00,0.9,0.9,sell
4170,2021-11-26 00:00:00,0.95,0.9,sell
4171,2021-11-26 04:00:00,0.85,0.9,sell
4172,2021-11-26 08:00:00,0.9,0.85,sell
4173,2021-11-26 12:00:00,0.9,0.9,sell
4174,2021-11-26 16:00:00,0.9,0.9,sell
4175,2021-11-26 20:00:00,0.9,0.85,sell
4188,2021-11-29 00:00:00,0.85,0.8,sell
4189,2021-11-29 04:00:00,0.85,0.8,sell
4190,2021-11-29 08:00:00,0.9,0.85,sell
4191,2021-11-29 12:00:00,0.85,0.8,sell
4192,2021-11-29 16:00:00,0.9,0.85,sell
4193,2021-11-29 20:00:00,0.9,0.8,sell
4194,2021-11-30 00:00:00,0.9,0.9,sell
4195,2021-11-30 04:00:00,0.95,0.9,sell
4196,2021-11-30 08:00:00,0.9,0.9,sell
4197,2021-11-30 12:00:00,0.9,0.85,sell
4198,2021-11-30 16:00:00,0.9,0.8,buy
4199,2021-11-30 20:00:00,0.9,0.8,buy
4200,2021-12-01 00:00:00,0.9,0.8,buy
4201,2021-12-01 04:00:00,0.9,0.75,buy
4202,2021-12-01 08:00:00,0.9,0.8,buy
4203,2021-12-01 12:00:00,0.9,0.85,buy
4204,2021-12-01 16:00:00,0.9,0.75,buy
4205,2021-12-01 20:00:00,0.95,0.9,sell
4206,2021-12-02 00:00:00,0.95,0.95,sell
4207,2021-12-02 04:00:00,0.95,0.9,sell
4208,2021-12-02 08:00:00,0.95,0.9,sell
4209,2021-12-02 12:00:00,0.95,0.9,sell
4210,2021-12-02 16:00:00,0.95,0.9,sell
4211,2021-12-02 20:00:00,0.9,0.85,sell
4212,2021-12-03 00:00:00,0.9,0.8,sell
4213,2021-12-03 04:00:00,0.9,0.85,sell
4214,2021-12-03 08:00:00,0.9,0.85,sell
4215,2021-12-03 12:00:00,0.9,0.9,sell
4216,2021-12-03 16:00:00,0.95,0.95,sell
4217,2021-12-03 20:00:00,0.9,0.75,sell
4230,2021-12-06 00:00:00,0.8,0.75,sell
4231,2021-12-06 04:00:00,0.6,0.7,sell
4232,2021-12-06 08:00:00,0.65,0.7,sell
4233,2021-12-06 12:00:00,0.9,0.85,sell
4234,2021-12-06 16:00:00,0.9,0.85,sell
4235,2021-12-06 20:00:00,0.9,0.8,sell
4236,2021-12-07 00:00:00,0.9,0.85,sell
4237,2021-12-07 04:00:00,0.9,0.85,sell
4238,2021-12-07 08:00:00,0.9,0.85,sell
4239,2021-12-07 12:00:00,0.8,0.75,buy
4240,2021-12-07 16:00:00,0.8,0.75,sell
4241,2021-12-07 20:00:00,0.8,0.75,sell
4242,2021-12-08 00:00:00,0.8,0.75,sell
4243,2021-12-08 04:00:00,0.7,0.65,sell
4244,2021-12-08 08:00:00,0.8,0.75,sell
4245,2021-12-08 12:00:00,0.8,0.75,sell
4246,2021-12-08 16:00:00,0.8,0.75,sell
4247,2021-12-08 20:00:00,0.9,0.85,sell
4248,2021-12-09 00:00:00,0.9,0.85,sell
4249,2021-12-09 04:00:00,0.9,0.85,sell
4250,2021-12-09 08:00:00,0.95,0.9,sell
4251,2021-12-09 12:00:00,0.9,0.85,sell
4252,2021-12-09 16:00:00,0.9,0.85,sell
4253,2021-12-09 20:00:00,0.9,0.8,sell
4254,2021-12-10 00:00:00,0.9,0.8,sell
4255,2021-12-10 04:00:00,0.9,0.8,sell
4256,2021-12-10 08:00:00,0.9,0.85,sell
4257,2021-12-10 12:00:00,0.85,0.8,sell
4258,2021-12-10 16:00:00,0.85,0.75,sell
4259,2021-12-10 20:00:00,0.9,0.8,sell
4272,2021-12-13 00:00:00,0.2,0.3,hold
4273,2021-12-13 04:00:00,0.3,0.5,hold
4274,2021-12-13 08:00:00,0.2,0.3,hold
4275,2021-12-13 12:00:00,0.2,0.5,hold
4276,2021-12-13 16:00:00,0.2,0.3,hold
4277,2021-12-13 20:00:00,0.4,0.6,sell
4278,2021-12-14 00:00:00,0.3,0.6,hold
4279,2021-12-14 04:00:00,0.5,0.6,sell
4280,2021-12-14 08:00:00,0.4,0.5,sell
4281,2021-12-14 12:00:00,0.5,0.65,sell
4282,2021-12-14 16:00:00,0.8,0.7,buy
4283,2021-12-14 20:00:00,0.85,0.75,sell
4284,2021-12-15 00:00:00,0.9,0.75,sell
4285,2021-12-15 04:00:00,0.85,0.75,sell
4286,2021-12-15 08:00:00,0.8,0.75,sell
4287,2021-12-15 12:00:00,0.9,0.85,sell
4288,2021-12-15 16:00:00,0.9,0.85,sell
4289,2021-12-15 20:00:00,0.9,0.85,sell
4290,2021-12-16 00:00:00,0.9,0.85,sell
4291,2021-12-16 04:00:00,0.9,0.85,sell
4292,2021-12-16 08:00:00,0.95,0.9,sell
4293,2021-12-16 12:00:00,0.95,0.9,sell
4294,2021-12-16 16:00:00,0.9,0.75,buy
4295,2021-12-16 20:00:00,0.9,0.8,buy
4296,2021-12-17 00:00:00,0.9,0.75,buy
4297,2021-12-17 04:00:00,0.9,0.8,buy
4298,2021-12-17 08:00:00,0.9,0.8,buy
4299,2021-12-17 12:00:00,0.9,0.8,buy
4300,2021-12-17 16:00:00,0.85,0.8,buy
4301,2021-12-17 20:00:00,0.9,0.8,sell
4314,2021-12-20 00:00:00,0.75,0.8,sell
4315,2021-12-20 04:00:00,0.8,0.85,sell
4316,2021-12-20 08:00:00,0.85,0.8,sell
4317,2021-12-20 12:00:00,0.85,0.8,sell
4318,2021-12-20 16:00:00,0.85,0.8,sell
4319,2021-12-20 20:00:00,0.85,0.8,sell
4320,2021-12-21 00:00:00,0.85,0.8,sell
4321,2021-12-21 04:00:00,0.8,0.75,sell
4322,2021-12-21 08:00:00,0.66,0.75,sell
4323,2021-12-21 12:00:00,0.9,0.85,sell
4324,2021-12-21 16:00:00,0.9,0.85,sell
4325,2021-12-21 20:00:00,0.75,0.65,sell
4326,2021-12-22 00:00:00,0.85,0.75,sell
4327,2021-12-22 04:00:00,0.8,0.75,sell
4328,2021-12-22 08:00:00,0.85,0.75,sell
4329,2021-12-22 12:00:00,0.4,0.5,hold
4330,2021-12-22 16:00:00,0.8,0.6,sell
4331,2021-12-22 20:00:00,0.9,0.8,sell
4332,2021-12-23 00:00:00,0.9,0.8,sell
4333,2021-12-23 04:00:00,0.9,0.8,sell
4334,2021-12-23 08:00:00,0.9,0.85,sell
4335,2021-12-23 12:00:00,0.9,0.85,sell
4336,2021-12-23 16:00:00,0.9,0.85,sell
4337,2021-12-23 20:00:00,0.9,0.75,sell
4338,2021-12-24 00:00:00,0.9,0.75,sell
4339,2021-12-24 04:00:00,0.85,0.75,sell
4340,2021-12-24 08:00:00,0.9,0.75,sell
4341,2021-12-24 12:00:00,0.85,0.75,sell
4342,2021-12-24 16:00:00,0.85,0.75,sell
4343,2021-12-24 20:00:00,0.5,0.6,sell
4356,2021-12-27 00:00:00,0.0,0.0,hold
4357,2021-12-27 04:00:00,0.0,1.0,hold
4358,2021-12-27 08:00:00,0.3,0.6,hold
4359,2021-12-27 12:00:00,0.2,0.3,hold
4360,2021-12-27 16:00:00,0.7,0.65,buy
4361,2021-12-27 20:00:00,0.7,0.6,buy
4362,2021-12-28 00:00:00,0.1,0.2,hold
4363,2021-12-28 04:00:00,0.7,0.65,sell
4364,2021-12-28 08:00:00,0.1,0.2,hold
4365,2021-12-28 12:00:00,0.2,0.5,hold
4366,2021-12-28 16:00:00,0.4,0.3,hold
4367,2021-12-28 20:00:00,0.7,0.65,buy
4368,2021-12-29 00:00:00,0.8,0.75,buy
4369,2021-12-29 04:00:00,0.7,0.6,buy
4370,2021-12-29 08:00:00,0.8,0.75,buy
4371,2021-12-29 12:00:00,0.7,0.65,buy
4372,2021-12-29 16:00:00,0.7,0.65,buy
4373,2021-12-29 20:00:00,0.8,0.75,buy
4374,2021-12-30 00:00:00,0.8,0.75,buy
4375,2021-12-30 04:00:00,0.7,0.65,buy
4376,2021-12-30 08:00:00,0.8,0.75,buy
4377,2021-12-30 12:00:00,0.8,0.75,buy
4378,2021-12-30 16:00:00,0.8,0.75,buy
4379,2021-12-30 20:00:00,0.9,0.85,buy
4380,2021-12-31 00:00:00,0.9,0.8,buy
4381,2021-12-31 04:00:00,0.9,0.8,buy
4382,2021-12-31 08:00:00,0.9,0.8,buy
4383,2021-12-31 12:00:00,0.8,0.75,buy
4384,2021-12-31 16:00:00,0.8,0.7,buy
4385,2021-12-31 20:00:00,0.2,0.3,hold
4398,2022-01-03 00:00:00,0.2,0.3,hold
4399,2022-01-03 04:00:00,0.4,0.5,hold
4400,2022-01-03 08:00:00,0.3,0.7,hold
4401,2022-01-03 12:00:00,0.7,0.65,sell
4402,2022-01-03 16:00:00,0.7,0.65,sell
4403,2022-01-03 20:00:00,0.7,0.65,buy
4404,2022-01-04 00:00:00,0.7,0.6,sell
4405,2022-01-04 04:00:00,0.5,0.4,hold
4406,2022-01-04 08:00:00,0.6,0.55,buy
4407,2022-01-04 12:00:00,0.8,0.75,buy
4408,2022-01-04 16:00:00,0.8,0.75,buy
4409,2022-01-04 20:00:00,0.9,0.75,buy
4410,2022-01-05 00:00:00,0.9,0.8,buy
4411,2022-01-05 04:00:00,0.9,0.8,buy
4412,2022-01-05 08:00:00,0.85,0.75,buy
4413,2022-01-05 12:00:00,0.9,0.8,buy
4414,2022-01-05 16:00:00,0.9,0.85,buy
4415,2022-01-05 20:00:00,0.95,0.9,sell
4416,2022-01-06 00:00:00,0.95,0.95,sell
4417,2022-01-06 04:00:00,0.95,0.95,sell
4418,2022-01-06 08:00:00,0.95,0.9,sell
4419,2022-01-06 12:00:00,0.98,0.95,sell
4420,2022-01-06 16:00:00,0.95,0.9,sell
4421,2022-01-06 20:00:00,0.85,0.75,buy
4422,2022-01-07 00:00:00,0.9,0.75,buy
4423,2022-01-07 04:00:00,0.85,0.75,buy
4424,2022-01-07 08:00:00,0.85,0.75,buy
4425,2022-01-07 12:00:00,0.9,0.8,buy
4426,2022-01-07 16:00:00,0.8,0.75,sell
4427,2022-01-07 20:00:00,0.9,0.8,sell
4440,2022-01-10 00:00:00,0.85,0.8,sell
4441,2022-01-10 04:00:00,0.6,0.7,sell
4442,2022-01-10 08:00:00,0.6,0.75,sell
4443,2022-01-10 12:00:00,0.85,0.8,sell
4444,2022-01-10 16:00:00,0.8,0.75,sell
4445,2022-01-10 20:00:00,0.8,0.75,sell
4446,2022-01-11 00:00:00,0.7,0.75,sell
4447,2022-01-11 04:00:00,0.8,0.75,sell
4448,2022-01-11 08:00:00,0.8,0.75,sell
4449,2022-01-11 12:00:00,0.8,0.75,sell
4450,2022-01-11 16:00:00,0.8,0.75,sell
4451,2022-01-11 20:00:00,0.5,0.65,sell
4452,2022-01-12 00:00:00,0.75,0.8,sell
4453,2022-01-12 04:00:00,0.75,0.8,sell
4454,2022-01-12 08:00:00,0.8,0.75,sell
4455,2022-01-12 12:00:00,0.8,0.85,sell
4456,2022-01-12 16:00:00,0.8,0.75,buy
4457,2022-01-12 20:00:00,0.9,0.8,buy
4458,2022-01-13 00:00:00,0.9,0.8,buy
4459,2022-01-13 04:00:00,0.9,0.8,buy
4460,2022-01-13 08:00:00,0.95,0.85,buy
4461,2022-01-13 12:00:00,0.9,0.75,buy
4462,2022-01-13 16:00:00,0.9,0.8,buy
4463,2022-01-13 20:00:00,0.9,0.75,buy
4464,2022-01-14 00:00:00,0.9,0.75,buy
4465,2022-01-14 04:00:00,0.85,0.75,buy
4466,2022-01-14 08:00:00,0.9,0.75,buy
4467,2022-01-14 12:00:00,0.85,0.75,buy
4468,2022-01-14 16:00:00,0.8,0.75,sell
4469,2022-01-14 20:00:00,0.9,0.85,buy
4482,2022-01-17 00:00:00,0.5,0.65,sell
4483,2022-01-17 04:00:00,0.7,0.75,sell
4484,2022-01-17 08:00:00,0.6,0.65,sell
4485,2022-01-17 12:00:00,0.6,0.7,sell
4486,2022-01-17 16:00:00,0.8,0.75,sell
4487,2022-01-17 20:00:00,0.6,0.65,sell
4488,2022-01-18 00:00:00,0.6,0.75,sell
4489,2022-01-18 04:00:00,0.8,0.85,sell
4490,2022-01-18 08:00:00,0.7,0.8,sell
4491,2022-01-18 12:00:00,0.75,0.8,sell
4492,2022-01-18 16:00:00,0.9,0.8,buy
4493,2022-01-18 20:00:00,0.9,0.85,buy
4494,2022-01-19 00:00:00,0.9,0.8,buy
4495,2022-01-19 04:00:00,0.9,0.8,buy
4496,2022-01-19 08:00:00,0.9,0.8,buy
4497,2022-01-19 12:00:00,0.9,0.8,buy
4498,2022-01-19 16:00:00,0.85,0.75,buy
4499,2022-01-19 20:00:00,0.8,0.85,sell
4500,2022-01-20 00:00:00,0.9,0.85,sell
4501,2022-01-20 04:00:00,0.8,0.85,sell
4502,2022-01-20 08:00:00,0.9,0.85,sell
4503,2022-01-20 12:00:00,0.85,0.75,buy
4504,2022-01-20 16:00:00,0.85,0.75,buy
4505,2022-01-20 20:00:00,0.9,0.85,buy
4506,2022-01-21 00:00:00,0.9,0.8,buy
4507,2022-01-21 04:00:00,0.9,0.8,buy
4508,2022-01-21 08:00:00,0.9,0.75,buy
4509,2022-01-21 12:00:00,0.9,0.75,buy
4510,2022-01-21 16:00:00,0.9,0.8,buy
4511,2022-01-21 20:00:00,0.9,0.85,sell
4524,2022-01-24 00:00:00,0.4,0.5,hold
4525,2022-01-24 04:00:00,0.5,0.65,sell
4526,2022-01-24 08:00:00,0.3,0.5,hold
4527,2022-01-24 12:00:00,0.8,0.7,sell
4528,2022-01-24 16:00:00,0.85,0.7,buy
4529,2022-01-24 20:00:00,0.9,0.85,buy
4530,2022-01-25 00:00:00,0.9,0.85,buy
4531,2022-01-25 04:00:00,0.9,0.85,buy
4532,2022-01-25 08:00:00,0.9,0.85,buy
4533,2022-01-25 12:00:00,0.9,0.8,buy
4534,2022-01-25 16:00:00,0.9,0.8,buy
4535,2022-01-25 20:00:00,0.9,0.85,sell
4536,2022-01-26 00:00:00,0.9,0.8,sell
4537,2022-01-26 04:00:00,0.9,0.8,sell
4538,2022-01-26 08:00:00,0.8,0.75,sell
4539,2022-01-26 12:00:00,0.9,0.75,sell
4540,2022-01-26 16:00:00,0.85,0.8,sell
4541,2022-01-26 20:00:00,0.85,0.8,sell
4542,2022-01-27 00:00:00,0.9,0.85,sell
4543,2022-01-27 04:00:00,0.95,0.9,sell
4544,2022-01-27 08:00:00,0.95,0.9,sell
4545,2022-01-27 12:00:00,0.95,0.9,sell
4546,2022-01-27 16:00:00,0.95,0.9,sell
4547,2022-01-27 20:00:00,1.0,0.95,sell
4548,2022-01-28 00:00:00,0.95,0.9,sell
4549,2022-01-28 04:00:00,0.98,0.95,sell
4550,2022-01-28 08:00:00,0.95,0.9,sell
4551,2022-01-28 12:00:00,0.95,0.95,sell
4552,2022-01-28 16:00:00,0.95,0.9,sell
4553,2022-01-28 20:00:00,0.9,0.85,sell
4566,2022-01-31 00:00:00,0.6,0.65,sell
4567,2022-01-31 04:00:00,0.6,0.7,sell
4568,2022-01-31 08:00:00,0.85,0.8,sell
4569,2022-01-31 12:00:00,0.75,0.8,sell
4570,2022-01-31 16:00:00,0.9,0.9,sell
4571,2022-01-31 20:00:00,0.9,0.9,sell
4572,2022-02-01 00:00:00,0.9,0.85,sell
4573,2022-02-01 04:00:00,0.95,0.9,sell
4574,2022-02-01 08:00:00,0.9,0.9,sell
4575,2022-02-01 12:00:00,0.9,0.8,sell
4576,2022-02-01 16:00:00,0.85,0.75,sell
4577,2022-02-01 20:00:00,0.9,0.8,sell
4578,2022-02-02 00:00:00,0.9,0.75,sell
4579,2022-02-02 04:00:00,0.9,0.85,sell
4580,2022-02-02 08:00:00,0.9,0.8,sell
4581,2022-02-02 12:00:00,0.85,0.75,sell
4582,2022-02-02 16:00:00,0.8,0.75,sell
4583,2022-02-02 20:00:00,0.9,0.85,buy
4584,2022-02-03 00:00:00,0.9,0.85,buy
4585,2022-02-03 04:00:00,0.9,0.85,buy
4586,2022-02-03 08:00:00,0.9,0.85,buy
4587,2022-02-03 12:00:00,0.9,0.85,buy
4588,2022-02-03 16:00:00,0.9,0.85,buy
4589,2022-02-03 20:00:00,0.85,0.75,buy
4590,2022-02-04 00:00:00,0.9,0.75,buy
4591,2022-02-04 04:00:00,0.9,0.75,buy
4592,2022-02-04 08:00:00,0.85,0.65,buy
4593,2022-02-04 12:00:00,0.9,0.75,buy
4594,2022-02-04 16:00:00,0.85,0.75,buy
4595,2022-02-04 20:00:00,1.0,0.95,sell
4608,2022-02-07 00:00:00,0.5,0.65,sell
4609,2022-02-07 04:00:00,0.4,0.6,hold
4610,2022-02-07 08:00:00,0.6,0.65,sell
4611,2022-02-07 12:00:00,0.75,0.8,sell
4612,2022-02-07 16:00:00,0.75,0.8,sell
4613,2022-02-07 20:00:00,0.9,0.8,sell
4614,2022-02-08 00:00:00,0.8,0.65,sell
4615,2022-02-08 04:00:00,0.7,0.65,sell
4616,2022-02-08 08:00:00,0.8,0.7,sell
4617,2022-02-08 12:00:00,0.7,0.65,buy
4618,2022-02-08 16:00:00,0.7,0.6,buy
4619,2022-02-08 20:00:00,0.7,0.65,buy
4620,2022-02-09 00:00:00,0.8,0.75,sell
4621,2022-02-09 04:00:00,0.85,0.75,sell
4622,2022-02-09 08:00:00,0.8,0.75,sell
4623,2022-02-09 12:00:00,0.8,0.75,sell
4624,2022-02-09 16:00:00,0.8,0.7,sell
4625,2022-02-09 20:00:00,0.9,0.85,sell
4626,2022-02-10 00:00:00,0.9,0.85,sell
4627,2022-02-10 04:00:00,0.9,0.85,sell
4628,2022-02-10 08:00:00,0.9,0.85,sell
4629,2022-02-10 12:00:00,0.9,0.85,sell
4630,2022-02-10 16:00:00,0.75,0.8,sell
4631,2022-02-10 20:00:00,0.95,0.9,sell
4632,2022-02-11 00:00:00,0.95,0.9,sell
4633,2022-02-11 04:00:00,0.95,0.95,sell
4634,2022-02-11 08:00:00,0.95,0.95,sell
4635,2022-02-11 12:00:00,0.95,0.9,sell
4636,2022-02-11 16:00:00,1.0,0.95,sell
4637,2022-02-11 20:00:00,0.8,0.75,sell
4650,2022-02-14 00:00:00,0.9,0.9,sell
4651,2022-02-14 04:00:00,0.9,0.9,sell
4652,2022-02-14 08:00:00,0.95,0.9,sell
4653,2022-02-14 12:00:00,0.9,0.85,sell
4654,2022-02-14 16:00:00,0.9,0.9,sell
4655,2022-02-14 20:00:00,0.9,0.85,sell
4656,2022-02-15 00:00:00,0.9,0.8,sell
4657,2022-02-15 04:00:00,0.9,0.85,sell
4658,2022-02-15 08:00:00,0.9,0.85,sell
4659,2022-02-15 12:00:00,0.8,0.75,sell
4660,2022-02-15 16:00:00,0.85,0.7,buy
4661,2022-02-15 20:00:00,0.9,0.8,sell
4662,2022-02-16 00:00:00,0.9,0.75,sell
4663,2022-02-16 04:00:00,0.9,0.8,sell
4664,2022-02-16 08:00:00,0.9,0.8,sell
4665,2022-02-16 12:00:00,0.9,0.8,sell
4666,2022-02-16 16:00:00,0.9,0.8,sell
4667,2022-02-16 20:00:00,0.95,0.9,sell
4668,2022-02-17 00:00:00,0.95,0.9,sell
4669,2022-02-17 04:00:00,0.95,0.9,sell
4670,2022-02-17 08:00:00,0.95,0.9,sell
4671,2022-02-17 12:00:00,0.95,0.9,sell
4672,2022-02-17 16:00:00,0.95,0.9,sell
4673,2022-02-17 20:00:00,0.85,0.7,buy
4674,2022-02-18 00:00:00,0.85,0.7,buy
4675,2022-02-18 04:00:00,0.9,0.75,buy
4676,2022-02-18 08:00:00,0.9,0.75,buy
4677,2022-02-18 12:00:00,0.9,0.75,buy
4678,2022-02-18 16:00:00,0.9,0.75,buy
4679,2022-02-18 20:00:00,0.9,0.85,sell
4692,2022-02-21 00:00:00,0.85,0.8,sell
4693,2022-02-21 04:00:00,0.85,0.8,sell
4694,2022-02-21 08:00:00,0.9,0.85,sell
4695,2022-02-21 12:00:00,0.8,0.65,buy
4696,2022-02-21 16:00:00,0.85,0.7,buy
4697,2022-02-21 20:00:00,0.85,0.75,buy
4698,2022-02-22 00:00:00,0.85,0.75,buy
4699,2022-02-22 04:00:00,0.9,0.85,sell
4700,2022-02-22 08:00:00,0.95,0.9,sell
4701,2022-02-22 12:00:00,1.0,0.9,sell
4702,2022-02-22 16:00:00,0.9,0.85,sell
4703,2022-02-22 20:00:00,0.95,0.9,sell
4704,2022-02-23 00:00:00,0.95,0.95,sell
4705,2022-02-23 04:00:00,0.95,0.9,sell
4706,2022-02-23 08:00:00,0.95,0.9,sell
4707,2022-02-23 12:00:00,1.0,0.95,sell
4708,2022-02-23 16:00:00,0.95,0.9,sell
4709,2022-02-23 20:00:00,0.95,0.9,sell
4710,2022-02-24 00:00:00,0.95,0.9,sell
4711,2022-02-24 04:00:00,1.0,0.95,sell
4712,2022-02-24 08:00:00,1.0,0.95,sell
4713,2022-02-24 12:00:00,1.0,0.95,sell
4714,2022-02-24 16:00:00,1.0,0.95,sell
4715,2022-02-24 20:00:00,1.0,0.95,sell
4716,2022-02-25 00:00:00,1.0,1.0,sell
4717,2022-02-25 04:00:00,1.0,0.95,sell
4718,2022-02-25 08:00:00,1.0,0.95,sell
4719,2022-02-25 12:00:00,1.0,0.95,sell
4720,2022-02-25 16:00:00,1.0,0.95,sell
4721,2022-02-25 20:00:00,1.0,0.95,sell
4734,2022-02-28 00:00:00,1.0,0.95,sell
4735,2022-02-28 04:00:00,0.9,0.9,sell
4736,2022-02-28 08:00:00,0.95,0.9,sell
4737,2022-02-28 12:00:00,0.9,0.75,sell
4738,2022-02-28 16:00:00,0.9,0.8,sell
4739,2022-02-28 20:00:00,0.85,0.75,buy
4740,2022-03-01 00:00:00,0.9,0.8,buy
4741,2022-03-01 04:00:00,0.85,0.75,sell
4742,2022-03-01 08:00:00,0.85,0.75,buy
4743,2022-03-01 12:00:00,0.9,0.8,sell
4744,2022-03-01 16:00:00,0.9,0.75,buy
4745,2022-03-01 20:00:00,0.9,0.85,sell
4746,2022-03-02 00:00:00,0.9,0.9,sell
4747,2022-03-02 04:00:00,0.9,0.85,sell
4748,2022-03-02 08:00:00,0.95,0.9,sell
4749,2022-03-02 12:00:00,0.9,0.8,sell
4750,2022-03-02 16:00:00,0.9,0.75,buy
4751,2022-03-02 20:00:00,0.85,0.75,sell
4752,2022-03-03 00:00:00,0.9,0.75,buy
4753,2022-03-03 04:00:00,0.9,0.75,buy
4754,2022-03-03 08:00:00,0.85,0.75,sell
4755,2022-03-03 12:00:00,0.9,0.8,sell
4756,2022-03-03 16:00:00,0.9,0.8,sell
4757,2022-03-03 20:00:00,0.9,0.85,buy
4758,2022-03-04 00:00:00,0.9,0.8,buy
4759,2022-03-04 04:00:00,0.9,0.8,buy
4760,2022-03-04 08:00:00,0.9,0.8,buy
4761,2022-03-04 12:00:00,0.9,0.85,buy
4762,2022-03-04 16:00:00,0.9,0.75,buy
4763,2022-03-04 20:00:00,0.95,0.95,sell
4776,2022-03-07 00:00:00,0.8,0.75,sell
4777,2022-03-07 04:00:00,0.9,0.85,sell
4778,2022-03-07 08:00:00,0.9,0.85,sell
4779,2022-03-07 12:00:00,0.85,0.75,buy
4780,2022-03-07 16:00:00,0.85,0.75,sell
4781,2022-03-07 20:00:00,0.85,0.7,buy
4782,2022-03-08 00:00:00,0.9,0.8,buy
4783,2022-03-08 04:00:00,0.85,0.75,buy
4784,2022-03-08 08:00:00,0.9,0.8,buy
4785,2022-03-08 12:00:00,0.85,0.75,buy
4786,2022-03-08 16:00:00,0.8,0.75,buy
4787,2022-03-08 20:00:00,0.7,0.65,buy
4788,2022-03-09 00:00:00,0.8,0.75,sell
4789,2022-03-09 04:00:00,0.85,0.75,sell
4790,2022-03-09 08:00:00,0.8,0.75,sell
4791,2022-03-09 12:00:00,0.9,0.8,sell
4792,2022-03-09 16:00:00,0.8,0.75,sell
4793,2022-03-09 20:00:00,0.9,0.85,sell
4794,2022-03-10 00:00:00,0.9,0.85,sell
4795,2022-03-10 04:00:00,0.9,0.85,sell
4796,2022-03-10 08:00:00,0.9,0.85,sell
4797,2022-03-10 12:00:00,0.9,0.85,sell
4798,2022-03-10 16:00:00,0.9,0.9,sell
4799,2022-03-10 20:00:00,1.0,0.9,sell
4800,2022-03-11 00:00:00,0.95,0.9,sell
4801,2022-03-11 04:00:00,0.95,0.9,sell
4802,2022-03-11 08:00:00,0.95,0.95,sell
4803,2022-03-11 12:00:00,0.95,0.9,sell
4804,2022-03-11 16:00:00,0.95,0.9,sell
4805,2022-03-11 20:00:00,0.85,0.75,sell
4818,2022-03-14 00:00:00,0.8,0.75,sell
4819,2022-03-14 04:00:00,0.6,0.75,sell
4820,2022-03-14 08:00:00,0.8,0.75,sell
4821,2022-03-14 12:00:00,0.7,0.65,sell
4822,2022-03-14 16:00:00,0.7,0.65,sell
4823,2022-03-14 20:00:00,0.7,0.75,sell
4824,2022-03-15 00:00:00,0.7,0.65,sell
4825,2022-03-15 04:00:00,0.8,0.75,sell
4826,2022-03-15 08:00:00,0.8,0.75,sell
4827,2022-03-15 12:00:00,0.8,0.7,buy
4828,2022-03-15 16:00:00,0.9,0.85,sell
4829,2022-03-15 20:00:00,0.9,0.8,sell
4830,2022-03-16 00:00:00,0.9,0.8,sell
4831,2022-03-16 04:00:00,0.9,0.8,sell
4832,2022-03-16 08:00:00,0.9,0.85,sell
4833,2022-03-16 12:00:00,0.9,0.85,sell
4834,2022-03-16 16:00:00,0.9,0.85,sell
4835,2022-03-16 20:00:00,0.95,0.9,sell
4836,2022-03-17 00:00:00,0.95,0.9,sell
4837,2022-03-17 04:00:00,1.0,0.9,sell
4838,2022-03-17 08:00:00,0.95,0.9,sell
4839,2022-03-17 12:00:00,0.95,0.9,sell
4840,2022-03-17 16:00:00,0.95,0.9,sell
4841,2022-03-17 20:00:00,0.95,0.9,sell
4842,2022-03-18 00:00:00,0.9,0.8,sell
4843,2022-03-18 04:00:00,0.9,0.85,sell
4844,2022-03-18 08:00:00,0.9,0.85,sell
4845,2022-03-18 12:00:00,0.85,0.75,sell
4846,2022-03-18 16:00:00,0.9,0.85,sell
4847,2022-03-18 20:00:00,0.85,0.75,buy
4860,2022-03-21 00:00:00,0.75,0.8,sell
4861,2022-03-21 04:00:00,0.85,0.8,sell
4862,2022-03-21 08:00:00,0.75,0.8,sell
4863,2022-03-21 12:00:00,0.9,0.85,sell
4864,2022-03-21 16:00:00,0.8,0.85,sell
4865,2022-03-21 20:00:00,0.85,0.8,sell
4866,2022-03-22 00:00:00,0.85,0.9,sell
4867,2022-03-22 04:00:00,0.9,0.85,sell
4868,2022-03-22 08:00:00,0.9,0.85,sell
4869,2022-03-22 12:00:00,0.9,0.85,sell
4870,2022-03-22 16:00:00,0.9,0.85,sell
4871,2022-03-22 20:00:00,0.9,0.85,sell
4872,2022-03-23 00:00:00,0.9,0.85,sell
4873,2022-03-23 04:00:00,0.9,0.85,sell
4874,2022-03-23 08:00:00,0.9,0.85,sell
4875,2022-03-23 12:00:00,0.85,0.8,sell
4876,2022-03-23 16:00:00,0.9,0.85,sell
4877,2022-03-23 20:00:00,0.85,0.8,sell
4878,2022-03-24 00:00:00,0.9,0.85,sell
4879,2022-03-24 04:00:00,0.85,0.8,sell
4880,2022-03-24 08:00:00,0.85,0.8,sell
4881,2022-03-24 12:00:00,0.9,0.8,sell
4882,2022-03-24 16:00:00,0.8,0.75,sell
4883,2022-03-24 20:00:00,0.9,0.85,sell
4884,2022-03-25 00:00:00,0.9,0.85,sell
4885,2022-03-25 04:00:00,0.9,0.85,sell
4886,2022-03-25 08:00:00,0.9,0.85,sell
4887,2022-03-25 12:00:00,0.9,0.85,sell
4888,2022-03-25 16:00:00,0.95,0.9,sell
4889,2022-03-25 20:00:00,0.8,0.75,sell
4902,2022-03-28 00:00:00,0.6,0.65,sell
4903,2022-03-28 04:00:00,0.7,0.75,sell
4904,2022-03-28 08:00:00,0.4,0.6,hold
4905,2022-03-28 12:00:00,0.6,0.65,sell
4906,2022-03-28 16:00:00,0.7,0.6,buy
4907,2022-03-28 20:00:00,0.85,0.8,sell
4908,2022-03-29 00:00:00,0.9,0.85,sell
4909,2022-03-29 04:00:00,0.85,0.8,sell
4910,2022-03-29 08:00:00,0.9,0.8,sell
4911,2022-03-29 12:00:00,0.9,0.9,sell
4912,2022-03-29 16:00:00,0.9,0.85,sell
4913,2022-03-29 20:00:00,0.8,0.65,buy
4914,2022-03-30 00:00:00,0.85,0.7,buy
4915,2022-03-30 04:00:00,0.8,0.65,buy
4916,2022-03-30 08:00:00,0.8,0.65,buy
4917,2022-03-30 12:00:00,0.9,0.8,buy
4918,2022-03-30 16:00:00,0.9,0.8,sell
4919,2022-03-30 20:00:00,0.9,0.75,sell
4920,2022-03-31 00:00:00,0.85,0.75,sell
4921,2022-03-31 04:00:00,0.9,0.82,sell
4922,2022-03-31 08:00:00,0.9,0.75,sell
4923,2022-03-31 12:00:00,0.9,0.8,sell
4924,2022-03-31 16:00:00,0.9,0.85,sell
4925,2022-03-31 20:00:00,0.9,0.85,sell
4926,2022-04-01 00:00:00,0.9,0.85,sell
4927,2022-04-01 04:00:00,0.95,0.9,sell
4928,2022-04-01 08:00:00,0.9,0.85,sell
4929,2022-04-01 12:00:00,0.9,0.75,sell
4930,2022-04-01 16:00:00,0.95,0.85,sell
4931,2022-04-01 20:00:00,1.0,0.95,sell
4944,2022-04-04 00:00:00,0.6,0.7,sell
4945,2022-04-04 04:00:00,0.7,0.75,sell
4946,2022-04-04 08:00:00,0.85,0.8,sell
4947,2022-04-04 12:00:00,0.8,0.65,buy
4948,2022-04-04 16:00:00,0.8,0.75,buy
4949,2022-04-04 20:00:00,0.8,0.75,buy
4950,2022-04-05 00:00:00,0.9,0.8,buy
4951,2022-04-05 04:00:00,0.9,0.8,buy
4952,2022-04-05 08:00:00,0.9,0.8,buy
4953,2022-04-05 12:00:00,0.85,0.7,buy
4954,2022-04-05 16:00:00,0.8,0.75,buy
4955,2022-04-05 20:00:00,0.9,0.75,buy
4956,2022-04-06 00:00:00,0.9,0.75,buy
4957,2022-04-06 04:00:00,0.8,0.65,buy
4958,2022-04-06 08:00:00,0.9,0.75,buy
4959,2022-04-06 12:00:00,0.85,0.75,buy
4960,2022-04-06 16:00:00,0.8,0.65,buy
4961,2022-04-06 20:00:00,0.9,0.85,sell
4962,2022-04-07 00:00:00,0.95,0.9,sell
4963,2022-04-07 04:00:00,0.9,0.9,sell
4964,2022-04-07 08:00:00,0.9,0.9,sell
4965,2022-04-07 12:00:00,0.9,0.85,sell
4966,2022-04-07 16:00:00,0.85,0.8,sell
4967,2022-04-07 20:00:00,0.9,0.8,sell
4968,2022-04-08 00:00:00,0.9,0.85,sell
4969,2022-04-08 04:00:00,0.9,0.85,sell
4970,2022-04-08 08:00:00,0.9,0.85,sell
4971,2022-04-08 12:00:00,0.9,0.85,sell
4972,2022-04-08 16:00:00,0.9,0.85,sell
4973,2022-04-08 20:00:00,0.9,0.85,sell
4986,2022-04-11 00:00:00,0.65,0.7,sell
4987,2022-04-11 04:00:00,0.8,0.75,sell
4988,2022-04-11 08:00:00,0.4,0.5,hold
4989,2022-04-11 12:00:00,0.3,0.5,hold
4990,2022-04-11 16:00:00,0.5,0.65,sell
4991,2022-04-11 20:00:00,0.8,0.75,sell
4992,2022-04-12 00:00:00,0.7,0.75,sell
4993,2022-04-12 04:00:00,0.75,0.8,sell
4994,2022-04-12 08:00:00,0.75,0.8,sell
4995,2022-04-12 12:00:00,0.8,0.75,sell
4996,2022-04-12 16:00:00,1.0,0.9,sell
4997,2022-04-12 20:00:00,0.95,0.9,sell
4998,2022-04-13 00:00:00,0.95,0.95,sell
4999,2022-04-13 04:00:00,0.95,0.9,sell
5000,2022-04-13 08:00:00,1.0,0.95,sell
5001,2022-04-13 12:00:00,0.95,0.9,sell
5002,2022-04-13 16:00:00,0.95,0.95,sell
5003,2022-04-13 20:00:00,0.9,0.9,sell
5004,2022-04-14 00:00:00,0.95,0.9,sell
5005,2022-04-14 04:00:00,0.95,0.9,sell
5006,2022-04-14 08:00:00,0.95,0.9,sell
5007,2022-04-14 12:00:00,0.9,0.9,sell
5008,2022-04-14 16:00:00,0.85,0.75,buy
5009,2022-04-14 20:00:00,0.85,0.65,buy
5010,2022-04-15 00:00:00,0.85,0.75,buy
5011,2022-04-15 04:00:00,0.85,0.75,buy
5012,2022-04-15 08:00:00,0.85,0.75,buy
5013,2022-04-15 12:00:00,0.85,0.75,buy
5014,2022-04-15 16:00:00,0.9,0.85,sell
5015,2022-04-15 20:00:00,0.9,0.85,sell
5028,2022-04-18 00:00:00,0.3,0.7,hold
5029,2022-04-18 04:00:00,0.5,0.65,sell
5030,2022-04-18 08:00:00,0.6,0.75,sell
5031,2022-04-18 12:00:00,0.6,0.65,sell
5032,2022-04-18 16:00:00,0.5,0.6,sell
5033,2022-04-18 20:00:00,0.6,0.65,sell
5034,2022-04-19 00:00:00,0.5,0.65,sell
5035,2022-04-19 04:00:00,0.5,0.65,sell
5036,2022-04-19 08:00:00,0.4,0.6,hold
5037,2022-04-19 12:00:00,0.5,0.6,sell
5038,2022-04-19 16:00:00,0.8,0.75,sell
5039,2022-04-19 20:00:00,0.8,0.75,sell
5040,2022-04-20 00:00:00,0.8,0.75,sell
5041,2022-04-20 04:00:00,0.8,0.75,sell
5042,2022-04-20 08:00:00,0.85,0.8,sell
5043,2022-04-20 12:00:00,0.9,0.8,sell
5044,2022-04-20 16:00:00,0.85,0.75,sell
5045,2022-04-20 20:00:00,0.85,0.8,sell
5046,2022-04-21 00:00:00,0.85,0.8,sell
5047,2022-04-21 04:00:00,0.85,0.8,sell
5048,2022-04-21 08:00:00,0.8,0.65,buy
5049,2022-04-21 12:00:00,0.85,0.75,sell
5050,2022-04-21 16:00:00,0.9,0.8,buy
5051,2022-04-21 20:00:00,0.9,0.8,buy
5052,2022-04-22 00:00:00,0.9,0.8,buy
5053,2022-04-22 04:00:00,0.9,0.8,buy
5054,2022-04-22 08:00:00,0.85,0.75,buy
5055,2022-04-22 12:00:00,0.85,0.75,buy
5056,2022-04-22 16:00:00,0.85,0.7,buy
5057,2022-04-22 20:00:00,0.9,0.75,buy
5070,2022-04-25 00:00:00,0.5,0.65,sell
5071,2022-04-25 04:00:00,0.2,0.5,hold
5072,2022-04-25 08:00:00,0.6,0.65,sell
5073,2022-04-25 12:00:00,0.75,0.8,sell
5074,2022-04-25 16:00:00,0.85,0.8,sell
5075,2022-04-25 20:00:00,0.85,0.8,sell
5076,2022-04-26 00:00:00,0.9,0.8,sell
5077,2022-04-26 04:00:00,0.9,0.8,sell
5078,2022-04-26 08:00:00,0.85,0.8,sell
5079,2022-04-26 12:00:00,0.85,0.8,sell
5080,2022-04-26 16:00:00,0.9,0.9,sell
5081,2022-04-26 20:00:00,0.8,0.65,sell
5082,2022-04-27 00:00:00,0.9,0.75,sell
5083,2022-04-27 04:00:00,0.9,0.85,sell
5084,2022-04-27 08:00:00,0.9,0.8,sell
5085,2022-04-27 12:00:00,0.9,0.85,sell
5086,2022-04-27 16:00:00,0.9,0.75,sell
5087,2022-04-27 20:00:00,0.9,0.8,sell
5088,2022-04-28 00:00:00,0.9,0.85,sell
5089,2022-04-28 04:00:00,0.8,0.75,sell
5090,2022-04-28 08:00:00,0.85,0.75,sell
5091,2022-04-28 12:00:00,0.9,0.8,sell
5092,2022-04-28 16:00:00,0.95,0.9,buy
5093,2022-04-28 20:00:00,1.0,0.9,buy
5094,2022-04-29 00:00:00,0.95,0.9,buy
5095,2022-04-29 04:00:00,0.95,0.9,buy
5096,2022-04-29 08:00:00,0.95,0.9,buy
5097,2022-04-29 12:00:00,1.0,0.9,buy
5098,2022-04-29 16:00:00,0.9,0.75,sell
5099,2022-04-29 20:00:00,0.9,0.8,sell
5112,2022-05-02 00:00:00,0.3,0.5,hold
5113,2022-05-02 04:00:00,0.1,0.5,hold
5114,2022-05-02 08:00:00,0.5,0.6,sell
5115,2022-05-02 12:00:00,0.9,0.8,sell
5116,2022-05-02 16:00:00,0.9,0.8,sell
5117,2022-05-02 20:00:00,0.85,0.75,sell
5118,2022-05-03 00:00:00,0.85,0.8,sell
5119,2022-05-03 04:00:00,0.9,0.75,sell
5120,2022-05-03 08:00:00,0.85,0.75,sell
5121,2022-05-03 12:00:00,0.9,0.8,sell
5122,2022-05-03 16:00:00,0.8,0.65,buy
5123,2022-05-03 20:00:00,0.8,0.75,sell
5124,2022-05-04 00:00:00,0.85,0.8,sell
5125,2022-05-04 04:00:00,0.85,0.8,sell
5126,2022-05-04 08:00:00,0.8,0.75,sell
5127,2022-05-04 12:00:00,0.8,0.65,buy
5128,2022-05-04 16:00:00,0.9,0.85,sell
5129,2022-05-04 20:00:00,0.9,0.8,sell
5130,2022-05-05 00:00:00,0.95,0.9,sell
5131,2022-05-05 04:00:00,0.9,0.85,sell
5132,2022-05-05 08:00:00,0.95,0.9,sell
5133,2022-05-05 12:00:00,0.9,0.85,sell
5134,2022-05-05 16:00:00,0.9,0.8,sell
5135,2022-05-05 20:00:00,0.9,0.85,sell
5136,2022-05-06 00:00:00,0.9,0.85,sell
5137,2022-05-06 04:00:00,0.9,0.8,sell
5138,2022-05-06 08:00:00,0.9,0.8,sell
5139,2022-05-06 12:00:00,0.9,0.85,sell
5140,2022-05-06 16:00:00,0.95,0.9,sell
5141,2022-05-06 20:00:00,0.95,0.9,sell
5154,2022-05-09 00:00:00,0.85,0.8,sell
5155,2022-05-09 04:00:00,0.75,0.8,sell
5156,2022-05-09 08:00:00,0.7,0.8,sell
5157,2022-05-09 12:00:00,0.85,0.8,sell
5158,2022-05-09 16:00:00,0.75,0.8,sell
5159,2022-05-09 20:00:00,0.75,0.8,sell
5160,2022-05-10 00:00:00,0.6,0.7,sell
5161,2022-05-10 04:00:00,0.85,0.8,sell
5162,2022-05-10 08:00:00,0.75,0.8,sell
5163,2022-05-10 12:00:00,0.6,0.65,sell
5164,2022-05-10 16:00:00,0.85,0.75,buy
5165,2022-05-10 20:00:00,0.8,0.75,buy
5166,2022-05-11 00:00:00,0.85,0.65,buy
5167,2022-05-11 04:00:00,0.8,0.75,buy
5168,2022-05-11 08:00:00,0.8,0.7,buy
5169,2022-05-11 12:00:00,0.8,0.65,buy
5170,2022-05-11 16:00:00,0.95,0.8,buy
5171,2022-05-11 20:00:00,0.9,0.8,buy
5172,2022-05-12 00:00:00,0.9,0.75,buy
5173,2022-05-12 04:00:00,0.9,0.85,buy
5174,2022-05-12 08:00:00,0.9,0.85,buy
5175,2022-05-12 12:00:00,0.95,0.9,buy
5176,2022-05-12 16:00:00,0.9,0.85,buy
5177,2022-05-12 20:00:00,0.9,0.8,buy
5178,2022-05-13 00:00:00,0.9,0.8,buy
5179,2022-05-13 04:00:00,0.9,0.85,buy
5180,2022-05-13 08:00:00,0.9,0.75,buy
5181,2022-05-13 12:00:00,0.85,0.7,buy
5182,2022-05-13 16:00:00,0.85,0.75,sell
5183,2022-05-13 20:00:00,0.85,0.75,buy
5196,2022-05-16 00:00:00,0.5,0.65,sell
5197,2022-05-16 04:00:00,0.7,0.65,sell
5198,2022-05-16 08:00:00,0.6,0.65,sell
5199,2022-05-16 12:00:00,0.7,0.8,sell
5200,2022-05-16 16:00:00,0.8,0.65,buy
5201,2022-05-16 20:00:00,0.8,0.75,sell
5202,2022-05-17 00:00:00,0.8,0.65,buy
5203,2022-05-17 04:00:00,0.8,0.7,sell
5204,2022-05-17 08:00:00,0.8,0.65,buy
5205,2022-05-17 12:00:00,0.9,0.8,buy
5206,2022-05-17 16:00:00,0.9,0.85,sell
5207,2022-05-17 20:00:00,0.9,0.9,sell
5208,2022-05-18 00:00:00,0.95,0.9,sell
5209,2022-05-18 04:00:00,0.95,0.9,sell
5210,2022-05-18 08:00:00,0.95,0.9,sell
5211,2022-05-18 12:00:00,0.9,0.85,sell
5212,2022-05-18 16:00:00,0.8,0.65,buy
5213,2022-05-18 20:00:00,0.8,0.75,sell
5214,2022-05-19 00:00:00,0.8,0.75,sell
5215,2022-05-19 04:00:00,0.8,0.75,sell
5216,2022-05-19 08:00:00,0.8,0.75,sell
5217,2022-05-19 12:00:00,0.8,0.75,sell
5218,2022-05-19 16:00:00,0.9,0.85,buy
5219,2022-05-19 20:00:00,0.9,0.75,buy
5220,2022-05-20 00:00:00,0.85,0.75,buy
5221,2022-05-20 04:00:00,0.85,0.75,buy
5222,2022-05-20 08:00:00,0.9,0.8,buy
5223,2022-05-20 12:00:00,0.85,0.7,buy
5224,2022-05-20 16:00:00,0.85,0.75,sell
5225,2022-05-20 20:00:00,0.8,0.75,sell
5238,2022-05-23 00:00:00,0.9,0.85,sell
5239,2022-05-23 04:00:00,0.9,0.85,sell
5240,2022-05-23 08:00:00,0.9,0.85,sell
5241,2022-05-23 12:00:00,0.85,0.7,buy
5242,2022-05-23 16:00:00,0.9,0.8,sell
5243,2022-05-23 20:00:00,0.85,0.75,sell
5244,2022-05-24 00:00:00,0.9,0.85,sell
5245,2022-05-24 04:00:00,0.85,0.7,buy
5246,2022-05-24 08:00:00,0.75,0.65,buy
5247,2022-05-24 12:00:00,0.85,0.9,sell
5248,2022-05-24 16:00:00,0.9,0.85,sell
5249,2022-05-24 20:00:00,0.9,0.8,buy
5250,2022-05-25 00:00:00,0.9,0.8,buy
5251,2022-05-25 04:00:00,0.9,0.85,buy
5252,2022-05-25 08:00:00,0.9,0.8,buy
5253,2022-05-25 12:00:00,0.9,0.75,buy
5254,2022-05-25 16:00:00,0.85,0.75,sell
5255,2022-05-25 20:00:00,0.9,0.85,sell
5256,2022-05-26 00:00:00,0.9,0.85,sell
5257,2022-05-26 04:00:00,0.9,0.85,sell
5258,2022-05-26 08:00:00,0.9,0.85,sell
5259,2022-05-26 12:00:00,0.9,0.85,sell
5260,2022-05-26 16:00:00,0.9,0.75,sell
5261,2022-05-26 20:00:00,0.9,0.8,buy
5262,2022-05-27 00:00:00,0.9,0.8,buy
5263,2022-05-27 04:00:00,0.85,0.75,buy
5264,2022-05-27 08:00:00,0.9,0.75,buy
5265,2022-05-27 12:00:00,0.8,0.65,buy
5266,2022-05-27 16:00:00,0.9,0.75,sell
5267,2022-05-27 20:00:00,0.9,0.75,sell
5280,2022-05-30 00:00:00,0.7,0.65,sell
5281,2022-05-30 04:00:00,0.6,0.7,sell
5282,2022-05-30 08:00:00,0.65,0.7,sell
5283,2022-05-30 12:00:00,0.9,0.85,sell
5284,2022-05-30 16:00:00,0.9,0.8,sell
5285,2022-05-30 20:00:00,0.9,0.85,sell
5286,2022-05-31 00:00:00,0.9,0.85,sell
5287,2022-05-31 04:00:00,0.9,0.8,sell
5288,2022-05-31 08:00:00,0.9,0.85,sell
5289,2022-05-31 12:00:00,0.9,0.75,buy
5290,2022-05-31 16:00:00,0.9,0.8,buy
5291,2022-05-31 20:00:00,0.9,0.75,buy
5292,2022-06-01 00:00:00,0.85,0.75,sell
5293,2022-06-01 04:00:00,0.85,0.75,sell
5294,2022-06-01 08:00:00,0.9,0.8,sell
5295,2022-06-01 12:00:00,0.85,0.75,sell
5296,2022-06-01 16:00:00,0.85,0.8,sell
5297,2022-06-01 20:00:00,0.85,0.75,buy
5298,2022-06-02 00:00:00,0.9,0.8,buy
5299,2022-06-02 04:00:00,0.9,0.8,buy
5300,2022-06-02 08:00:00,0.9,0.8,buy
5301,2022-06-02 12:00:00,0.9,0.8,buy
5302,2022-06-02 16:00:00,0.85,0.75,sell
5303,2022-06-02 20:00:00,0.95,0.9,sell
5304,2022-06-03 00:00:00,0.95,0.95,sell
5305,2022-06-03 04:00:00,0.9,0.9,sell
5306,2022-06-03 08:00:00,0.9,0.9,sell
5307,2022-06-03 12:00:00,0.9,0.9,sell
5308,2022-06-03 16:00:00,1.0,0.95,sell
5309,2022-06-03 20:00:00,0.9,0.85,sell
5322,2022-06-06 00:00:00,0.75,0.8,sell
5323,2022-06-06 04:00:00,0.9,0.9,sell
5324,2022-06-06 08:00:00,0.9,0.85,sell
5325,2022-06-06 12:00:00,0.85,0.9,sell
5326,2022-06-06 16:00:00,0.9,0.85,sell
5327,2022-06-06 20:00:00,0.6,0.65,sell
5328,2022-06-07 00:00:00,0.5,0.65,sell
5329,2022-06-07 04:00:00,0.65,0.7,sell
5330,2022-06-07 08:00:00,0.6,0.65,sell
5331,2022-06-07 12:00:00,0.9,0.85,sell
5332,2022-06-07 16:00:00,0.9,0.85,sell
5333,2022-06-07 20:00:00,0.9,0.85,sell
5334,2022-06-08 00:00:00,0.9,0.85,sell
5335,2022-06-08 04:00:00,0.9,0.9,sell
5336,2022-06-08 08:00:00,0.9,0.85,sell
5337,2022-06-08 12:00:00,0.85,0.75,buy
5338,2022-06-08 16:00:00,0.85,0.75,buy
5339,2022-06-08 20:00:00,0.9,0.8,sell
5340,2022-06-09 00:00:00,0.85,0.75,sell
5341,2022-06-09 04:00:00,0.85,0.75,sell
5342,2022-06-09 08:00:00,0.9,0.8,sell
5343,2022-06-09 12:00:00,0.85,0.75,sell
5344,2022-06-09 16:00:00,0.95,0.9,buy
5345,2022-06-09 20:00:00,0.95,0.9,buy
5346,2022-06-10 00:00:00,0.9,0.85,buy
5347,2022-06-10 04:00:00,0.9,0.85,buy
5348,2022-06-10 08:00:00,0.9,0.85,buy
5349,2022-06-10 12:00:00,0.9,0.85,buy
5350,2022-06-10 16:00:00,0.95,0.9,sell
5351,2022-06-10 20:00:00,0.95,0.9,sell
5364,2022-06-13 00:00:00,0.4,0.5,sell
5365,2022-06-13 04:00:00,0.3,0.6,hold
5366,2022-06-13 08:00:00,0.3,0.5,hold
5367,2022-06-13 12:00:00,0.6,0.65,sell
5368,2022-06-13 16:00:00,0.3,0.4,sell
5369,2022-06-13 20:00:00,0.2,0.6,hold
5370,2022-06-14 00:00:00,0.5,0.6,sell
5371,2022-06-14 04:00:00,0.65,0.75,sell
5372,2022-06-14 08:00:00,0.8,0.75,sell
5373,2022-06-14 12:00:00,0.65,0.7,sell
5374,2022-06-14 16:00:00,0.9,0.8,sell
5375,2022-06-14 20:00:00,0.9,0.75,sell
5376,2022-06-15 00:00:00,0.85,0.75,sell
5377,2022-06-15 04:00:00,0.85,0.75,sell
5378,2022-06-15 08:00:00,0.85,0.75,sell
5379,2022-06-15 12:00:00,0.9,0.8,sell
5380,2022-06-15 16:00:00,0.9,0.85,buy
5381,2022-06-15 20:00:00,0.9,0.8,buy
5382,2022-06-16 00:00:00,0.9,0.85,sell
5383,2022-06-16 04:00:00,0.9,0.85,sell
5384,2022-06-16 08:00:00,0.95,0.8,sell
5385,2022-06-16 12:00:00,0.85,0.75,buy
5386,2022-06-16 16:00:00,0.9,0.75,buy
5387,2022-06-16 20:00:00,0.9,0.8,buy
5388,2022-06-17 00:00:00,0.9,0.8,buy
5389,2022-06-17 04:00:00,0.9,0.8,buy
5390,2022-06-17 08:00:00,0.9,0.85,buy
5391,2022-06-17 12:00:00,0.9,0.8,buy
5392,2022-06-17 16:00:00,0.8,0.7,sell
5393,2022-06-17 20:00:00,0.75,0.65,buy
5406,2022-06-20 00:00:00,0.7,0.65,sell
5407,2022-06-20 04:00:00,0.6,0.65,sell
5408,2022-06-20 08:00:00,0.65,0.75,sell
5409,2022-06-20 12:00:00,0.9,0.8,sell
5410,2022-06-20 16:00:00,0.75,0.8,sell
5411,2022-06-20 20:00:00,0.85,0.8,sell
5412,2022-06-21 00:00:00,0.9,0.8,sell
5413,2022-06-21 04:00:00,0.85,0.8,sell
5414,2022-06-21 08:00:00,0.8,0.75,sell
5415,2022-06-21 12:00:00,0.7,0.65,sell
5416,2022-06-21 16:00:00,0.2,0.5,hold
5417,2022-06-21 20:00:00,0.8,0.75,buy
5418,2022-06-22 00:00:00,0.85,0.75,buy
5419,2022-06-22 04:00:00,0.85,0.75,buy
5420,2022-06-22 08:00:00,0.8,0.7,buy
5421,2022-06-22 12:00:00,0.8,0.75,buy
5422,2022-06-22 16:00:00,0.8,0.75,buy
5423,2022-06-22 20:00:00,0.7,0.75,sell
5424,2022-06-23 00:00:00,0.6,0.65,sell
5425,2022-06-23 04:00:00,0.7,0.65,sell
5426,2022-06-23 08:00:00,0.6,0.65,sell
5427,2022-06-23 12:00:00,0.9,0.85,sell
5428,2022-06-23 16:00:00,0.85,0.7,buy
5429,2022-06-23 20:00:00,0.9,0.9,buy
5430,2022-06-24 00:00:00,0.95,0.9,buy
5431,2022-06-24 04:00:00,0.9,0.85,buy
5432,2022-06-24 08:00:00,0.9,0.75,buy
5433,2022-06-24 12:00:00,0.9,0.75,buy
5434,2022-06-24 16:00:00,0.9,0.75,sell
5435,2022-06-24 20:00:00,0.9,0.85,sell
5448,2022-06-27 00:00:00,0.5,0.6,sell
5449,2022-06-27 04:00:00,0.5,0.6,sell
5450,2022-06-27 08:00:00,0.2,0.3,hold
5451,2022-06-27 12:00:00,0.2,0.3,hold
5452,2022-06-27 16:00:00,0.9,0.8,sell
5453,2022-06-27 20:00:00,0.9,0.85,sell
5454,2022-06-28 00:00:00,0.9,0.85,sell
5455,2022-06-28 04:00:00,0.95,0.9,sell
5456,2022-06-28 08:00:00,0.9,0.85,sell
5457,2022-06-28 12:00:00,0.9,0.85,sell
5458,2022-06-28 16:00:00,0.7,0.65,buy
5459,2022-06-28 20:00:00,0.9,0.8,buy
5460,2022-06-29 00:00:00,0.9,0.8,buy
5461,2022-06-29 04:00:00,0.9,0.85,buy
5462,2022-06-29 08:00:00,0.9,0.85,buy
5463,2022-06-29 12:00:00,0.85,0.75,buy
5464,2022-06-29 16:00:00,0.9,0.85,buy
5465,2022-06-29 20:00:00,0.85,0.75,buy
5466,2022-06-30 00:00:00,0.85,0.75,buy
5467,2022-06-30 04:00:00,0.85,0.65,buy
5468,2022-06-30 08:00:00,0.8,0.65,buy
5469,2022-06-30 12:00:00,0.9,0.75,buy
5470,2022-06-30 16:00:00,0.9,0.75,sell
5471,2022-06-30 20:00:00,0.85,0.75,buy
5472,2022-07-01 00:00:00,0.9,0.75,buy
5473,2022-07-01 04:00:00,0.85,0.65,buy
5474,2022-07-01 08:00:00,0.85,0.75,buy
5475,2022-07-01 12:00:00,0.85,0.7,buy
5476,2022-07-01 16:00:00,0.85,0.7,sell
5477,2022-07-01 20:00:00,0.85,0.75,buy
5490,2022-07-04 00:00:00,0.2,0.8,hold
5491,2022-07-04 04:00:00,0.0,0.0,hold
5492,2022-07-04 08:00:00,0.2,0.5,hold
5493,2022-07-04 12:00:00,0.9,0.8,sell
5494,2022-07-04 16:00:00,0.8,0.75,sell
5495,2022-07-04 20:00:00,0.8,0.75,sell
5496,2022-07-05 00:00:00,0.9,0.8,sell
5497,2022-07-05 04:00:00,0.8,0.75,sell
5498,2022-07-05 08:00:00,0.85,0.75,sell
5499,2022-07-05 12:00:00,0.8,0.65,sell
5500,2022-07-05 16:00:00,0.8,0.7,sell
5501,2022-07-05 20:00:00,0.85,0.75,sell
5502,2022-07-06 00:00:00,0.9,0.8,sell
5503,2022-07-06 04:00:00,0.8,0.75,sell
5504,2022-07-06 08:00:00,0.8,0.75,sell
5505,2022-07-06 12:00:00,0.9,0.8,sell
5506,2022-07-06 16:00:00,0.9,0.8,sell
5507,2022-07-06 20:00:00,0.9,0.8,buy
5508,2022-07-07 00:00:00,0.85,0.7,buy
5509,2022-07-07 04:00:00,0.9,0.7,buy
5510,2022-07-07 08:00:00,0.85,0.75,buy
5511,2022-07-07 12:00:00,0.9,0.8,sell
5512,2022-07-07 16:00:00,0.9,0.8,buy
5513,2022-07-07 20:00:00,0.85,0.65,buy
5514,2022-07-08 00:00:00,0.85,0.75,buy
5515,2022-07-08 04:00:00,0.85,0.75,buy
5516,2022-07-08 08:00:00,0.9,0.75,buy
5517,2022-07-08 12:00:00,0.9,0.75,buy
5518,2022-07-08 16:00:00,1.0,0.95,sell
5519,2022-07-08 20:00:00,0.95,0.9,sell
5532,2022-07-11 00:00:00,0.7,0.65,sell
5533,2022-07-11 04:00:00,0.5,0.6,sell
5534,2022-07-11 08:00:00,0.3,0.5,hold
5535,2022-07-11 12:00:00,0.6,0.65,sell
5536,2022-07-11 16:00:00,0.9,0.8,sell
5537,2022-07-11 20:00:00,0.85,0.8,sell
5538,2022-07-12 00:00:00,0.85,0.8,sell
5539,2022-07-12 04:00:00,0.85,0.8,sell
5540,2022-07-12 08:00:00,0.9,0.85,sell
5541,2022-07-12 12:00:00,0.8,0.75,sell
5542,2022-07-12 16:00:00,0.9,0.9,sell
5543,2022-07-12 20:00:00,0.9,0.9,sell
5544,2022-07-13 00:00:00,0.9,0.8,sell
5545,2022-07-13 04:00:00,0.9,0.8,sell
5546,2022-07-13 08:00:00,0.9,0.85,sell
5547,2022-07-13 12:00:00,0.8,0.75,buy
5548,2022-07-13 16:00:00,1.0,0.9,sell
5549,2022-07-13 20:00:00,1.0,0.95,sell
5550,2022-07-14 00:00:00,0.95,0.95,sell
5551,2022-07-14 04:00:00,0.95,0.9,sell
5552,2022-07-14 08:00:00,0.95,0.95,sell
5553,2022-07-14 12:00:00,0.95,0.9,sell
5554,2022-07-14 16:00:00,0.9,0.8,sell
5555,2022-07-14 20:00:00,0.9,0.8,sell
5556,2022-07-15 00:00:00,0.85,0.7,sell
5557,2022-07-15 04:00:00,0.9,0.8,sell
5558,2022-07-15 08:00:00,0.9,0.85,sell
5559,2022-07-15 12:00:00,0.85,0.8,sell
5560,2022-07-15 16:00:00,0.95,0.9,sell
5561,2022-07-15 20:00:00,0.9,0.9,sell
5574,2022-07-18 00:00:00,0.5,0.6,sell
5575,2022-07-18 04:00:00,0.65,0.7,sell
5576,2022-07-18 08:00:00,0.5,0.65,sell
5577,2022-07-18 12:00:00,0.6,0.7,sell
5578,2022-07-18 16:00:00,0.75,0.8,sell
5579,2022-07-18 20:00:00,0.75,0.8,sell
5580,2022-07-19 00:00:00,0.9,0.85,sell
5581,2022-07-19 04:00:00,0.9,0.85,sell
5582,2022-07-19 08:00:00,0.85,0.8,sell
5583,2022-07-19 12:00:00,0.85,0.8,sell
5584,2022-07-19 16:00:00,0.7,0.65,buy
5585,2022-07-19 20:00:00,0.7,0.65,buy
5586,2022-07-20 00:00:00,0.7,0.65,buy
5587,2022-07-20 04:00:00,0.8,0.65,buy
5588,2022-07-20 08:00:00,0.8,0.75,buy
5589,2022-07-20 12:00:00,0.8,0.7,sell
5590,2022-07-20 16:00:00,0.9,0.8,sell
5591,2022-07-20 20:00:00,0.8,0.65,buy
5592,2022-07-21 00:00:00,0.7,0.65,buy
5593,2022-07-21 04:00:00,0.7,0.65,buy
5594,2022-07-21 08:00:00,0.7,0.65,buy
5595,2022-07-21 12:00:00,0.8,0.7,buy
5596,2022-07-21 16:00:00,0.95,0.9,buy
5597,2022-07-21 20:00:00,0.95,0.9,buy
5598,2022-07-22 00:00:00,0.95,0.9,buy
5599,2022-07-22 04:00:00,0.95,0.9,buy
5600,2022-07-22 08:00:00,0.95,0.9,buy
5601,2022-07-22 12:00:00,0.9,0.85,buy
5602,2022-07-22 16:00:00,0.9,0.85,sell
5603,2022-07-22 20:00:00,0.95,0.9,buy
5616,2022-07-25 00:00:00,0.2,0.3,hold
5617,2022-07-25 04:00:00,0.3,0.5,hold
5618,2022-07-25 08:00:00,0.2,0.7,hold
5619,2022-07-25 12:00:00,0.85,0.8,sell
5620,2022-07-25 16:00:00,0.9,0.85,sell
5621,2022-07-25 20:00:00,0.9,0.85,sell
5622,2022-07-26 00:00:00,0.9,0.85,sell
5623,2022-07-26 04:00:00,0.9,0.85,sell
5624,2022-07-26 08:00:00,0.9,0.85,sell
5625,2022-07-26 12:00:00,0.4,0.3,hold
5626,2022-07-26 16:00:00,0.6,0.6,buy
5627,2022-07-26 20:00:00,0.9,0.8,buy
5628,2022-07-27 00:00:00,0.9,0.8,buy
5629,2022-07-27 04:00:00,0.9,0.8,buy
5630,2022-07-27 08:00:00,0.9,0.8,buy
5631,2022-07-27 12:00:00,0.85,0.75,buy
5632,2022-07-27 16:00:00,0.9,0.8,sell
5633,2022-07-27 20:00:00,0.8,0.75,sell
5634,2022-07-28 00:00:00,0.95,0.9,sell
5635,2022-07-28 04:00:00,0.95,0.9,sell
5636,2022-07-28 08:00:00,0.95,0.9,sell
5637,2022-07-28 12:00:00,0.95,0.95,sell
5638,2022-07-28 16:00:00,0.95,0.9,sell
5639,2022-07-28 20:00:00,0.9,0.85,sell
5640,2022-07-29 00:00:00,0.9,0.85,sell
5641,2022-07-29 04:00:00,0.9,0.8,sell
5642,2022-07-29 08:00:00,0.9,0.85,sell
5643,2022-07-29 12:00:00,0.9,0.85,sell
5644,2022-07-29 16:00:00,0.9,0.85,sell
5645,2022-07-29 20:00:00,0.9,0.75,sell
5658,2022-08-01 00:00:00,0.5,0.6,sell
5659,2022-08-01 04:00:00,0.2,1.0,hold
5660,2022-08-01 08:00:00,0.3,0.5,hold
5661,2022-08-01 12:00:00,0.85,0.8,sell
5662,2022-08-01 16:00:00,0.9,0.8,sell
5663,2022-08-01 20:00:00,0.9,0.75,buy
5664,2022-08-02 00:00:00,0.9,0.8,buy
5665,2022-08-02 04:00:00,0.9,0.85,buy
5666,2022-08-02 08:00:00,0.9,0.8,buy
5667,2022-08-02 12:00:00,0.9,0.85,buy
5668,2022-08-02 16:00:00,0.9,0.8,buy
5669,2022-08-02 20:00:00,0.9,0.8,buy
5670,2022-08-03 00:00:00,0.9,0.8,buy
5671,2022-08-03 04:00:00,0.9,0.8,buy
5672,2022-08-03 08:00:00,0.9,0.8,buy
5673,2022-08-03 12:00:00,0.9,0.85,buy
5674,2022-08-03 16:00:00,0.9,0.85,buy
5675,2022-08-03 20:00:00,0.85,0.7,sell
5676,2022-08-04 00:00:00,0.9,0.8,sell
5677,2022-08-04 04:00:00,0.9,0.8,sell
5678,2022-08-04 08:00:00,0.9,0.8,sell
5679,2022-08-04 12:00:00,0.9,0.85,sell
5680,2022-08-04 16:00:00,0.85,0.75,sell
5681,2022-08-04 20:00:00,0.8,0.75,sell
5682,2022-08-05 00:00:00,0.85,0.75,sell
5683,2022-08-05 04:00:00,0.9,0.8,sell
5684,2022-08-05 08:00:00,0.85,0.65,buy
5685,2022-08-05 12:00:00,0.9,0.7,buy
5686,2022-08-05 16:00:00,1.0,0.95,sell
5687,2022-08-05 20:00:00,1.0,0.95,sell
5700,2022-08-08 00:00:00,0.8,0.75,sell
5701,2022-08-08 04:00:00,0.5,0.6,sell
5702,2022-08-08 08:00:00,0.6,0.75,sell
5703,2022-08-08 12:00:00,0.65,0.7,sell
5704,2022-08-08 16:00:00,0.3,0.7,hold
5705,2022-08-08 20:00:00,0.5,0.65,sell
5706,2022-08-09 00:00:00,0.6,0.65,sell
5707,2022-08-09 04:00:00,0.3,0.7,hold
5708,2022-08-09 08:00:00,0.3,0.4,hold
5709,2022-08-09 12:00:00,0.5,0.6,sell
5710,2022-08-09 16:00:00,0.9,0.85,sell
5711,2022-08-09 20:00:00,0.9,0.85,sell
5712,2022-08-10 00:00:00,0.9,0.85,sell
5713,2022-08-10 04:00:00,0.9,0.85,sell
5714,2022-08-10 08:00:00,0.9,0.8,sell
5715,2022-08-10 12:00:00,0.9,0.85,sell
5716,2022-08-10 16:00:00,0.95,0.9,buy
5717,2022-08-10 20:00:00,1.0,0.9,buy
5718,2022-08-11 00:00:00,0.95,0.9,buy
5719,2022-08-11 04:00:00,1.0,0.9,buy
5720,2022-08-11 08:00:00,1.0,0.9,buy
5721,2022-08-11 12:00:00,0.95,0.9,buy
5722,2022-08-11 16:00:00,0.9,0.85,buy
5723,2022-08-11 20:00:00,0.9,0.85,buy
5724,2022-08-12 00:00:00,0.9,0.85,buy
5725,2022-08-12 04:00:00,0.9,0.85,buy
5726,2022-08-12 08:00:00,0.9,0.85,buy
5727,2022-08-12 12:00:00,0.9,0.8,buy
5728,2022-08-12 16:00:00,0.9,0.8,buy
5729,2022-08-12 20:00:00,0.8,0.75,sell
5742,2022-08-15 00:00:00,0.0,0.0,hold
5743,2022-08-15 04:00:00,0.1,0.0,hold
5744,2022-08-15 08:00:00,0.4,0.5,hold
5745,2022-08-15 12:00:00,0.1,0.0,hold
5746,2022-08-15 16:00:00,0.8,0.75,buy
5747,2022-08-15 20:00:00,0.8,0.75,buy
5748,2022-08-16 00:00:00,0.8,0.65,buy
5749,2022-08-16 04:00:00,0.9,0.75,buy
5750,2022-08-16 08:00:00,0.85,0.75,buy
5751,2022-08-16 12:00:00,0.85,0.75,buy
5752,2022-08-16 16:00:00,0.8,0.75,sell
5753,2022-08-16 20:00:00,0.85,0.75,buy
5754,2022-08-17 00:00:00,0.8,0.65,buy
5755,2022-08-17 04:00:00,0.8,0.7,buy
5756,2022-08-17 08:00:00,0.85,0.7,buy
5757,2022-08-17 12:00:00,0.9,0.8,sell
5758,2022-08-17 16:00:00,0.95,0.9,sell
5759,2022-08-17 20:00:00,0.9,0.85,sell
5760,2022-08-18 00:00:00,0.95,0.9,sell
5761,2022-08-18 04:00:00,0.9,0.9,sell
5762,2022-08-18 08:00:00,0.9,0.9,sell
5763,2022-08-18 12:00:00,0.9,0.85,sell
5764,2022-08-18 16:00:00,0.85,0.7,sell
5765,2022-08-18 20:00:00,0.8,0.65,buy
5766,2022-08-19 00:00:00,0.9,0.8,sell
5767,2022-08-19 04:00:00,0.85,0.8,sell
5768,2022-08-19 08:00:00,0.85,0.75,sell
5769,2022-08-19 12:00:00,0.85,0.75,buy
5770,2022-08-19 16:00:00,0.9,0.8,buy
5771,2022-08-19 20:00:00,0.8,0.75,sell
5784,2022-08-22 00:00:00,0.65,0.75,sell
5785,2022-08-22 04:00:00,0.4,0.5,hold
5786,2022-08-22 08:00:00,0.7,0.65,sell
5787,2022-08-22 12:00:00,0.6,0.65,sell
5788,2022-08-22 16:00:00,0.85,0.8,sell
5789,2022-08-22 20:00:00,0.6,0.7,sell
5790,2022-08-23 00:00:00,0.85,0.8,sell
5791,2022-08-23 04:00:00,0.8,0.75,sell
5792,2022-08-23 08:00:00,0.7,0.8,sell
5793,2022-08-23 12:00:00,0.9,0.85,sell
5794,2022-08-23 16:00:00,0.9,0.85,sell
5795,2022-08-23 20:00:00,0.9,0.85,buy
5796,2022-08-24 00:00:00,0.9,0.8,buy
5797,2022-08-24 04:00:00,0.9,0.8,buy
5798,2022-08-24 08:00:00,0.9,0.8,buy
5799,2022-08-24 12:00:00,0.9,0.8,buy
5800,2022-08-24 16:00:00,0.9,0.75,buy
5801,2022-08-24 20:00:00,0.8,0.75,sell
5802,2022-08-25 00:00:00,0.85,0.75,sell
5803,2022-08-25 04:00:00,0.85,0.75,sell
5804,2022-08-25 08:00:00,0.85,0.8,sell
5805,2022-08-25 12:00:00,0.85,0.8,sell
5806,2022-08-25 16:00:00,0.9,0.85,sell
5807,2022-08-25 20:00:00,0.9,0.9,sell
5808,2022-08-26 00:00:00,0.9,0.8,sell
5809,2022-08-26 04:00:00,0.95,0.9,sell
5810,2022-08-26 08:00:00,0.9,0.85,sell
5811,2022-08-26 12:00:00,0.95,0.9,sell
5812,2022-08-26 16:00:00,0.9,0.85,buy
5813,2022-08-26 20:00:00,0.9,0.8,sell
5826,2022-08-29 00:00:00,0.9,0.8,sell
5827,2022-08-29 04:00:00,0.9,0.8,sell
5828,2022-08-29 08:00:00,0.9,0.8,sell
5829,2022-08-29 12:00:00,0.9,0.8,sell
5830,2022-08-29 16:00:00,0.8,0.75,sell
5831,2022-08-29 20:00:00,0.9,0.85,sell
5832,2022-08-30 00:00:00,0.9,0.85,sell
5833,2022-08-30 04:00:00,0.8,0.75,sell
5834,2022-08-30 08:00:00,0.9,0.8,sell
5835,2022-08-30 12:00:00,0.9,0.85,sell
5836,2022-08-30 16:00:00,0.9,0.8,sell
5837,2022-08-30 20:00:00,0.95,0.9,sell
5838,2022-08-31 00:00:00,0.9,0.85,sell
5839,2022-08-31 04:00:00,0.9,0.85,sell
5840,2022-08-31 08:00:00,0.95,0.9,sell
5841,2022-08-31 12:00:00,0.9,0.9,sell
5842,2022-08-31 16:00:00,0.95,0.95,sell
5843,2022-08-31 20:00:00,0.95,0.9,sell
5844,2022-09-01 00:00:00,0.9,0.85,sell
5845,2022-09-01 04:00:00,0.95,0.9,sell
5846,2022-09-01 08:00:00,0.9,0.85,sell
5847,2022-09-01 12:00:00,0.95,0.95,sell
5848,2022-09-01 16:00:00,0.9,0.8,sell
5849,2022-09-01 20:00:00,0.9,0.85,sell
5850,2022-09-02 00:00:00,0.9,0.8,sell
5851,2022-09-02 04:00:00,0.9,0.8,sell
5852,2022-09-02 08:00:00,0.9,0.85,sell
5853,2022-09-02 12:00:00,0.9,0.85,sell
5854,2022-09-02 16:00:00,0.9,0.85,sell
5855,2022-09-02 20:00:00,0.9,0.85,sell
5868,2022-09-05 00:00:00,0.75,0.65,sell
5869,2022-09-05 04:00:00,0.8,0.7,sell
5870,2022-09-05 08:00:00,0.8,0.7,sell
5871,2022-09-05 12:00:00,0.9,0.85,sell
5872,2022-09-05 16:00:00,0.95,0.9,sell
5873,2022-09-05 20:00:00,0.9,0.85,sell
5874,2022-09-06 00:00:00,0.9,0.85,sell
5875,2022-09-06 04:00:00,0.9,0.85,sell
5876,2022-09-06 08:00:00,0.9,0.9,sell
5877,2022-09-06 12:00:00,0.9,0.85,sell
5878,2022-09-06 16:00:00,0.9,0.9,sell
5879,2022-09-06 20:00:00,0.85,0.75,sell
5880,2022-09-07 00:00:00,0.85,0.7,sell
5881,2022-09-07 04:00:00,0.85,0.8,sell
5882,2022-09-07 08:00:00,0.85,0.65,sell
5883,2022-09-07 12:00:00,0.85,0.75,sell
5884,2022-09-07 16:00:00,0.9,0.8,sell
5885,2022-09-07 20:00:00,0.85,0.75,sell
5886,2022-09-08 00:00:00,0.85,0.8,sell
5887,2022-09-08 04:00:00,0.85,0.75,sell
5888,2022-09-08 08:00:00,0.9,0.8,sell
5889,2022-09-08 12:00:00,0.9,0.8,sell
5890,2022-09-08 16:00:00,0.9,0.75,sell
5891,2022-09-08 20:00:00,0.9,0.75,buy
5892,2022-09-09 00:00:00,0.9,0.75,buy
5893,2022-09-09 04:00:00,0.9,0.7,buy
5894,2022-09-09 08:00:00,0.85,0.75,sell
5895,2022-09-09 12:00:00,0.85,0.75,sell
5896,2022-09-09 16:00:00,0.9,0.75,sell
5897,2022-09-09 20:00:00,0.85,0.75,sell
5910,2022-09-12 00:00:00,0.8,0.75,sell
5911,2022-09-12 04:00:00,0.75,0.7,sell
5912,2022-09-12 08:00:00,0.8,0.75,sell
5913,2022-09-12 12:00:00,0.75,0.65,sell
5914,2022-09-12 16:00:00,0.8,0.75,sell
5915,2022-09-12 20:00:00,0.9,0.8,sell
5916,2022-09-13 00:00:00,0.85,0.8,sell
5917,2022-09-13 04:00:00,0.9,0.8,sell
5918,2022-09-13 08:00:00,0.9,0.8,sell
5919,2022-09-13 12:00:00,0.9,0.8,sell
5920,2022-09-13 16:00:00,0.95,0.9,buy
5921,2022-09-13 20:00:00,0.9,0.85,buy
5922,2022-09-14 00:00:00,0.9,0.8,buy
5923,2022-09-14 04:00:00,0.9,0.75,buy
5924,2022-09-14 08:00:00,0.9,0.8,buy
5925,2022-09-14 12:00:00,0.9,0.8,buy
5926,2022-09-14 16:00:00,0.85,0.75,sell
5927,2022-09-14 20:00:00,0.8,0.75,buy
5928,2022-09-15 00:00:00,0.9,0.75,sell
5929,2022-09-15 04:00:00,0.85,0.75,sell
5930,2022-09-15 08:00:00,0.9,0.75,sell
5931,2022-09-15 12:00:00,0.9,0.75,sell
5932,2022-09-15 16:00:00,0.85,0.7,sell
5933,2022-09-15 20:00:00,0.85,0.75,sell
5934,2022-09-16 00:00:00,0.85,0.7,sell
5935,2022-09-16 04:00:00,0.85,0.7,sell
5936,2022-09-16 08:00:00,0.85,0.75,sell
5937,2022-09-16 12:00:00,0.8,0.75,sell
5938,2022-09-16 16:00:00,0.85,0.75,buy
5939,2022-09-16 20:00:00,0.8,0.75,sell
5952,2022-09-19 00:00:00,0.3,0.6,hold
5953,2022-09-19 04:00:00,0.2,0.6,hold
5954,2022-09-19 08:00:00,0.3,0.6,hold
5955,2022-09-19 12:00:00,0.4,0.5,sell
5956,2022-09-19 16:00:00,0.8,0.75,sell
5957,2022-09-19 20:00:00,0.6,0.75,sell
5958,2022-09-20 00:00:00,0.7,0.65,sell
5959,2022-09-20 04:00:00,0.8,0.75,sell
5960,2022-09-20 08:00:00,0.8,0.75,sell
5961,2022-09-20 12:00:00,0.85,0.75,buy
5962,2022-09-20 16:00:00,0.8,0.75,sell
5963,2022-09-20 20:00:00,0.8,0.75,sell
5964,2022-09-21 00:00:00,0.85,0.7,sell
5965,2022-09-21 04:00:00,0.8,0.75,sell
5966,2022-09-21 08:00:00,0.85,0.75,sell
5967,2022-09-21 12:00:00,0.9,0.8,sell
5968,2022-09-21 16:00:00,0.9,0.85,sell
5969,2022-09-21 20:00:00,0.9,0.7,buy
5970,2022-09-22 00:00:00,0.95,0.9,sell
5971,2022-09-22 04:00:00,1.0,0.95,sell
5972,2022-09-22 08:00:00,0.95,0.95,sell
5973,2022-09-22 12:00:00,0.95,0.9,sell
5974,2022-09-22 16:00:00,0.95,0.9,sell
5975,2022-09-22 20:00:00,0.95,0.9,sell
5976,2022-09-23 00:00:00,0.95,0.9,sell
5977,2022-09-23 04:00:00,0.95,0.9,sell
5978,2022-09-23 08:00:00,0.95,0.9,sell
5979,2022-09-23 12:00:00,0.95,0.95,sell
5980,2022-09-23 16:00:00,0.95,0.9,sell
5981,2022-09-23 20:00:00,0.95,0.9,sell
5994,2022-09-26 00:00:00,0.5,0.6,sell
5995,2022-09-26 04:00:00,0.75,0.7,sell
5996,2022-09-26 08:00:00,0.6,0.65,sell
5997,2022-09-26 12:00:00,0.9,0.85,sell
5998,2022-09-26 16:00:00,0.9,0.8,sell
5999,2022-09-26 20:00:00,0.9,0.85,sell
6000,2022-09-27 00:00:00,0.9,0.85,sell
6001,2022-09-27 04:00:00,0.9,0.85,sell
6002,2022-09-27 08:00:00,0.9,0.85,sell
6003,2022-09-27 12:00:00,0.9,0.8,sell
6004,2022-09-27 16:00:00,0.85,0.7,buy
6005,2022-09-27 20:00:00,0.9,0.85,sell
6006,2022-09-28 00:00:00,0.95,0.9,sell
6007,2022-09-28 04:00:00,0.9,0.85,sell
6008,2022-09-28 08:00:00,0.9,0.85,sell
6009,2022-09-28 12:00:00,0.95,0.9,sell
6010,2022-09-28 16:00:00,0.9,0.9,sell
6011,2022-09-28 20:00:00,0.9,0.85,sell
6012,2022-09-29 00:00:00,0.9,0.85,sell
6013,2022-09-29 04:00:00,0.9,0.8,sell
6014,2022-09-29 08:00:00,0.9,0.8,sell
6015,2022-09-29 12:00:00,0.9,0.75,sell
6016,2022-09-29 16:00:00,0.9,0.8,sell
6017,2022-09-29 20:00:00,0.9,0.85,sell
6018,2022-09-30 00:00:00,0.9,0.8,sell
6019,2022-09-30 04:00:00,0.9,0.85,sell
6020,2022-09-30 08:00:00,0.9,0.8,sell
6021,2022-09-30 12:00:00,0.9,0.75,sell
6022,2022-09-30 16:00:00,0.9,0.75,sell
6023,2022-09-30 20:00:00,0.9,0.75,buy
6036,2022-10-03 00:00:00,0.2,0.5,hold
6037,2022-10-03 04:00:00,0.6,0.6,buy
6038,2022-10-03 08:00:00,0.85,0.7,sell
6039,2022-10-03 12:00:00,0.9,0.85,sell
6040,2022-10-03 16:00:00,0.9,0.8,sell
6041,2022-10-03 20:00:00,0.85,0.75,buy
6042,2022-10-04 00:00:00,0.9,0.8,sell
6043,2022-10-04 04:00:00,0.9,0.8,sell
6044,2022-10-04 08:00:00,0.9,0.75,sell
6045,2022-10-04 12:00:00,0.85,0.75,sell
6046,2022-10-04 16:00:00,0.85,0.75,sell
6047,2022-10-04 20:00:00,0.9,0.75,buy
6048,2022-10-05 00:00:00,0.9,0.75,buy
6049,2022-10-05 04:00:00,0.9,0.75,buy
6050,2022-10-05 08:00:00,0.85,0.75,buy
6051,2022-10-05 12:00:00,0.9,0.75,buy
6052,2022-10-05 16:00:00,0.9,0.85,sell
6053,2022-10-05 20:00:00,0.9,0.85,sell
6054,2022-10-06 00:00:00,0.95,0.9,sell
6055,2022-10-06 04:00:00,0.9,0.85,sell
6056,2022-10-06 08:00:00,0.9,0.85,sell
6057,2022-10-06 12:00:00,0.9,0.85,sell
6058,2022-10-06 16:00:00,0.9,0.75,buy
6059,2022-10-06 20:00:00,0.85,0.75,buy
6060,2022-10-07 00:00:00,0.9,0.75,buy
6061,2022-10-07 04:00:00,0.85,0.75,buy
6062,2022-10-07 08:00:00,0.9,0.75,buy
6063,2022-10-07 12:00:00,0.85,0.75,sell
6064,2022-10-07 16:00:00,0.95,0.9,sell
6065,2022-10-07 20:00:00,1.0,0.95,sell
6078,2022-10-10 00:00:00,0.65,0.7,sell
6079,2022-10-10 04:00:00,0.5,0.65,sell
6080,2022-10-10 08:00:00,0.4,0.3,hold
6081,2022-10-10 12:00:00,0.65,0.7,sell
6082,2022-10-10 16:00:00,0.8,0.75,sell
6083,2022-10-10 20:00:00,0.8,0.75,sell
6084,2022-10-11 00:00:00,0.8,0.75,sell
6085,2022-10-11 04:00:00,0.8,0.7,sell
6086,2022-10-11 08:00:00,0.85,0.8,sell
6087,2022-10-11 12:00:00,0.8,0.75,sell
6088,2022-10-11 16:00:00,0.9,0.8,sell
6089,2022-10-11 20:00:00,0.9,0.85,sell
6090,2022-10-12 00:00:00,0.9,0.85,sell
6091,2022-10-12 04:00:00,0.9,0.8,sell
6092,2022-10-12 08:00:00,0.9,0.85,sell
6093,2022-10-12 12:00:00,0.85,0.75,sell
6094,2022-10-12 16:00:00,0.9,0.85,sell
6095,2022-10-12 20:00:00,0.9,0.85,sell
6096,2022-10-13 00:00:00,0.9,0.85,sell
6097,2022-10-13 04:00:00,0.9,0.85,sell
6098,2022-10-13 08:00:00,0.9,0.8,sell
6099,2022-10-13 12:00:00,0.9,0.85,sell
6100,2022-10-13 16:00:00,0.9,0.85,sell
6101,2022-10-13 20:00:00,0.9,0.85,sell
6102,2022-10-14 00:00:00,0.9,0.85,sell
6103,2022-10-14 04:00:00,0.9,0.8,sell
6104,2022-10-14 08:00:00,0.9,0.85,sell
6105,2022-10-14 12:00:00,0.95,0.9,sell
6106,2022-10-14 16:00:00,0.85,0.75,sell
6107,2022-10-14 20:00:00,0.85,0.8,sell
6120,2022-10-17 00:00:00,0.7,0.65,sell
6121,2022-10-17 04:00:00,0.7,0.65,sell
6122,2022-10-17 08:00:00,0.7,0.65,sell
6123,2022-10-17 12:00:00,0.8,0.75,sell
6124,2022-10-17 16:00:00,0.9,0.85,sell
6125,2022-10-17 20:00:00,0.85,0.8,sell
6126,2022-10-18 00:00:00,0.9,0.85,sell
6127,2022-10-18 04:00:00,0.85,0.8,sell
6128,2022-10-18 08:00:00,0.9,0.85,sell
6129,2022-10-18 12:00:00,0.8,0.75,sell
6130,2022-10-18 16:00:00,0.85,0.8,sell
6131,2022-10-18 20:00:00,0.9,0.9,sell
6132,2022-10-19 00:00:00,0.85,0.8,sell
6133,2022-10-19 04:00:00,0.9,0.85,sell
6134,2022-10-19 08:00:00,0.9,0.8,sell
6135,2022-10-19 12:00:00,0.8,0.75,sell
6136,2022-10-19 16:00:00,0.8,0.75,sell
6137,2022-10-19 20:00:00,0.9,0.85,sell
6138,2022-10-20 00:00:00,0.9,0.85,sell
6139,2022-10-20 04:00:00,0.9,0.8,sell
6140,2022-10-20 08:00:00,0.9,0.8,sell
6141,2022-10-20 12:00:00,0.9,0.85,sell
6142,2022-10-20 16:00:00,0.85,0.8,sell
6143,2022-10-20 20:00:00,0.85,0.75,sell
6144,2022-10-21 00:00:00,0.85,0.75,sell
6145,2022-10-21 04:00:00,0.85,0.8,sell
6146,2022-10-21 08:00:00,0.8,0.75,sell
6147,2022-10-21 12:00:00,0.9,0.8,sell
6148,2022-10-21 16:00:00,0.85,0.7,buy
6149,2022-10-21 20:00:00,0.9,0.85,sell
6162,2022-10-24 00:00:00,0.6,0.6,sell
6163,2022-10-24 04:00:00,0.8,0.75,sell
6164,2022-10-24 08:00:00,0.55,0.6,sell
6165,2022-10-24 12:00:00,0.95,0.9,sell
6166,2022-10-24 16:00:00,0.95,0.9,sell
6167,2022-10-24 20:00:00,0.9,0.8,buy
6168,2022-10-25 00:00:00,0.9,0.8,buy
6169,2022-10-25 04:00:00,0.9,0.75,buy
6170,2022-10-25 08:00:00,0.9,0.8,buy
6171,2022-10-25 12:00:00,0.85,0.65,buy
6172,2022-10-25 16:00:00,0.9,0.8,buy
6173,2022-10-25 20:00:00,0.8,0.75,buy
6174,2022-10-26 00:00:00,0.85,0.75,buy
6175,2022-10-26 04:00:00,0.85,0.75,buy
6176,2022-10-26 08:00:00,0.8,0.75,buy
6177,2022-10-26 12:00:00,0.9,0.8,buy
6178,2022-10-26 16:00:00,0.9,0.8,buy
6179,2022-10-26 20:00:00,0.8,0.75,sell
6180,2022-10-27 00:00:00,0.8,0.75,sell
6181,2022-10-27 04:00:00,0.8,0.75,sell
6182,2022-10-27 08:00:00,0.8,0.7,buy
6183,2022-10-27 12:00:00,0.85,0.8,sell
6184,2022-10-27 16:00:00,0.9,0.8,sell
6185,2022-10-27 20:00:00,0.9,0.85,sell
6186,2022-10-28 00:00:00,0.95,0.9,sell
6187,2022-10-28 04:00:00,0.9,0.85,sell
6188,2022-10-28 08:00:00,0.9,0.8,sell
6189,2022-10-28 12:00:00,0.95,0.9,sell
6190,2022-10-28 16:00:00,0.9,0.8,sell
6191,2022-10-28 20:00:00,0.9,0.85,sell
6204,2022-10-31 00:00:00,0.2,0.8,hold
6205,2022-10-31 04:00:00,0.1,0.0,hold
6206,2022-10-31 08:00:00,0.4,0.55,sell
6207,2022-10-31 12:00:00,0.8,0.75,buy
6208,2022-10-31 16:00:00,0.9,0.75,sell
6209,2022-10-31 20:00:00,0.9,0.8,buy
6210,2022-11-01 00:00:00,0.9,0.75,buy
6211,2022-11-01 04:00:00,0.9,0.8,buy
6212,2022-11-01 08:00:00,0.9,0.8,buy
6213,2022-11-01 12:00:00,0.9,0.8,buy
6214,2022-11-01 16:00:00,0.9,0.8,buy
6215,2022-11-01 20:00:00,0.85,0.75,buy
6216,2022-11-02 00:00:00,0.85,0.65,buy
6217,2022-11-02 04:00:00,0.9,0.65,buy
6218,2022-11-02 08:00:00,0.85,0.75,sell
6219,2022-11-02 12:00:00,0.85,0.75,sell
6220,2022-11-02 16:00:00,0.9,0.8,sell
6221,2022-11-02 20:00:00,0.95,0.95,sell
6222,2022-11-03 00:00:00,1.0,0.95,sell
6223,2022-11-03 04:00:00,1.0,0.95,sell
6224,2022-11-03 08:00:00,0.95,0.95,sell
6225,2022-11-03 12:00:00,0.95,0.9,sell
6226,2022-11-03 16:00:00,0.95,0.9,sell
6227,2022-11-03 20:00:00,0.9,0.85,sell
6228,2022-11-04 00:00:00,0.8,0.75,buy
6229,2022-11-04 04:00:00,0.85,0.75,buy
6230,2022-11-04 08:00:00,0.9,0.75,buy
6231,2022-11-04 12:00:00,0.9,0.75,sell
6232,2022-11-04 16:00:00,0.95,0.9,sell
6233,2022-11-04 20:00:00,0.95,0.9,sell
6246,2022-11-07 00:00:00,0.3,0.8,hold
6247,2022-11-07 04:00:00,0.8,0.7,sell
6248,2022-11-07 08:00:00,0.7,0.65,sell
6249,2022-11-07 12:00:00,0.8,0.75,sell
6250,2022-11-07 16:00:00,0.8,0.7,sell
6251,2022-11-07 20:00:00,0.8,0.7,sell
6252,2022-11-08 00:00:00,0.85,0.75,buy
6253,2022-11-08 04:00:00,0.85,0.75,buy
6254,2022-11-08 08:00:00,0.8,0.65,sell
6255,2022-11-08 12:00:00,0.7,0.65,buy
6256,2022-11-08 16:00:00,0.7,0.65,buy
6257,2022-11-08 20:00:00,0.8,0.75,sell
6258,2022-11-09 00:00:00,0.8,0.75,sell
6259,2022-11-09 04:00:00,0.8,0.7,sell
6260,2022-11-09 08:00:00,0.8,0.7,sell
6261,2022-11-09 12:00:00,0.8,0.75,sell
6262,2022-11-09 16:00:00,0.8,0.75,sell
6263,2022-11-09 20:00:00,0.8,0.7,sell
6264,2022-11-10 00:00:00,0.9,0.85,sell
6265,2022-11-10 04:00:00,0.85,0.75,sell
6266,2022-11-10 08:00:00,0.85,0.75,sell
6267,2022-11-10 12:00:00,0.8,0.75,sell
6268,2022-11-10 16:00:00,0.9,0.8,sell
6269,2022-11-10 20:00:00,0.95,0.9,buy
6270,2022-11-11 00:00:00,0.9,0.85,buy
6271,2022-11-11 04:00:00,0.9,0.85,buy
6272,2022-11-11 08:00:00,0.9,0.85,buy
6273,2022-11-11 12:00:00,0.9,0.85,buy
6274,2022-11-11 16:00:00,0.9,0.85,buy
6275,2022-11-11 20:00:00,0.8,0.7,buy
6288,2022-11-14 00:00:00,0.5,0.6,sell
6289,2022-11-14 04:00:00,0.8,0.7,sell
6290,2022-11-14 08:00:00,0.75,0.7,sell
6291,2022-11-14 12:00:00,0.8,0.75,sell
6292,2022-11-14 16:00:00,0.8,0.65,buy
6293,2022-11-14 20:00:00,0.8,0.7,buy
6294,2022-11-15 00:00:00,0.8,0.75,sell
6295,2022-11-15 04:00:00,0.8,0.75,sell
6296,2022-11-15 08:00:00,0.8,0.7,sell
6297,2022-11-15 12:00:00,0.8,0.7,sell
6298,2022-11-15 16:00:00,0.85,0.75,buy
6299,2022-11-15 20:00:00,0.8,0.75,buy
6300,2022-11-16 00:00:00,0.85,0.75,sell
6301,2022-11-16 04:00:00,0.85,0.75,buy
6302,2022-11-16 08:00:00,0.9,0.8,sell
6303,2022-11-16 12:00:00,0.9,0.8,sell
6304,2022-11-16 16:00:00,0.85,0.75,sell
6305,2022-11-16 20:00:00,0.95,0.9,sell
6306,2022-11-17 00:00:00,0.9,0.85,sell
6307,2022-11-17 04:00:00,0.9,0.85,sell
6308,2022-11-17 08:00:00,0.95,0.9,sell
6309,2022-11-17 12:00:00,0.95,0.9,sell
6310,2022-11-17 16:00:00,0.95,0.9,sell
6311,2022-11-17 20:00:00,0.9,0.8,buy
6312,2022-11-18 00:00:00,0.9,0.82,buy
6313,2022-11-18 04:00:00,0.9,0.75,buy
6314,2022-11-18 08:00:00,0.9,0.8,buy
6315,2022-11-18 12:00:00,0.9,0.75,buy
6316,2022-11-18 16:00:00,0.85,0.75,buy
6317,2022-11-18 20:00:00,0.9,0.8,buy
6330,2022-11-21 00:00:00,0.4,0.45,sell
6331,2022-11-21 04:00:00,0.4,0.5,sell
6332,2022-11-21 08:00:00,0.3,0.4,hold
6333,2022-11-21 12:00:00,0.9,0.85,sell
6334,2022-11-21 16:00:00,0.9,0.85,sell
6335,2022-11-21 20:00:00,0.9,0.8,sell
6336,2022-11-22 00:00:00,0.9,0.85,sell
6337,2022-11-22 04:00:00,0.9,0.8,sell
6338,2022-11-22 08:00:00,0.9,0.85,sell
6339,2022-11-22 12:00:00,0.8,0.75,sell
6340,2022-11-22 16:00:00,0.8,0.75,sell
6341,2022-11-22 20:00:00,0.7,0.65,buy
6342,2022-11-23 00:00:00,0.8,0.75,sell
6343,2022-11-23 04:00:00,0.8,0.7,sell
6344,2022-11-23 08:00:00,0.7,0.65,buy
6345,2022-11-23 12:00:00,0.9,0.85,buy
6346,2022-11-23 16:00:00,0.85,0.8,buy
6347,2022-11-23 20:00:00,0.9,0.8,buy
6348,2022-11-24 00:00:00,0.9,0.8,buy
6349,2022-11-24 04:00:00,0.9,0.8,buy
6350,2022-11-24 08:00:00,0.9,0.8,buy
6351,2022-11-24 12:00:00,0.85,0.75,sell
6352,2022-11-24 16:00:00,0.85,0.75,buy
6353,2022-11-24 20:00:00,0.85,0.75,buy
6354,2022-11-25 00:00:00,0.85,0.7,buy
6355,2022-11-25 04:00:00,0.9,0.8,buy
6356,2022-11-25 08:00:00,0.9,0.8,buy
6357,2022-11-25 12:00:00,0.9,0.8,buy
6358,2022-11-25 16:00:00,0.9,0.85,buy
6359,2022-11-25 20:00:00,0.9,0.8,buy
6372,2022-11-28 00:00:00,0.5,0.6,buy
6373,2022-11-28 04:00:00,0.7,0.65,sell
6374,2022-11-28 08:00:00,0.7,0.65,sell
6375,2022-11-28 12:00:00,0.7,0.65,sell
6376,2022-11-28 16:00:00,0.7,0.65,sell
6377,2022-11-28 20:00:00,0.85,0.75,buy
6378,2022-11-29 00:00:00,0.8,0.65,buy
6379,2022-11-29 04:00:00,0.85,0.75,buy
6380,2022-11-29 08:00:00,0.85,0.75,buy
6381,2022-11-29 12:00:00,0.8,0.65,sell
6382,2022-11-29 16:00:00,0.9,0.8,sell
6383,2022-11-29 20:00:00,0.85,0.7,sell
6384,2022-11-30 00:00:00,0.85,0.75,sell
6385,2022-11-30 04:00:00,0.9,0.75,sell
6386,2022-11-30 08:00:00,0.85,0.75,sell
6387,2022-11-30 12:00:00,0.9,0.8,buy
6388,2022-11-30 16:00:00,0.9,0.8,sell
6389,2022-11-30 20:00:00,0.9,0.75,sell
6390,2022-12-01 00:00:00,0.9,0.85,sell
6391,2022-12-01 04:00:00,0.9,0.8,sell
6392,2022-12-01 08:00:00,0.9,0.85,sell
6393,2022-12-01 12:00:00,0.9,0.85,sell
6394,2022-12-01 16:00:00,0.9,0.8,sell
6395,2022-12-01 20:00:00,0.9,0.85,buy
6396,2022-12-02 00:00:00,0.9,0.8,buy
6397,2022-12-02 04:00:00,0.9,0.85,buy
6398,2022-12-02 08:00:00,0.9,0.85,buy
6399,2022-12-02 12:00:00,0.9,0.85,buy
6400,2022-12-02 16:00:00,0.9,0.85,buy
6401,2022-12-02 20:00:00,1.0,0.95,sell
6414,2022-12-05 00:00:00,0.3,0.5,hold
6415,2022-12-05 04:00:00,0.5,0.6,buy
6416,2022-12-05 08:00:00,0.2,0.3,hold
6417,2022-12-05 12:00:00,0.7,0.65,sell
6418,2022-12-05 16:00:00,0.8,0.7,sell
6419,2022-12-05 20:00:00,0.9,0.85,sell
6420,2022-12-06 00:00:00,0.9,0.8,sell
6421,2022-12-06 04:00:00,0.9,0.8,sell
6422,2022-12-06 08:00:00,0.9,0.8,sell
6423,2022-12-06 12:00:00,0.85,0.75,sell
6424,2022-12-06 16:00:00,0.85,0.75,sell
6425,2022-12-06 20:00:00,0.8,0.7,buy
6426,2022-12-07 00:00:00,0.85,0.75,buy
6427,2022-12-07 04:00:00,0.8,0.7,buy
6428,2022-12-07 08:00:00,0.8,0.7,buy
6429,2022-12-07 12:00:00,0.7,0.65,buy
6430,2022-12-07 16:00:00,0.85,0.75,buy
6431,2022-12-07 20:00:00,0.9,0.8,sell
6432,2022-12-08 00:00:00,0.85,0.7,sell
6433,2022-12-08 04:00:00,0.85,0.75,sell
6434,2022-12-08 08:00:00,0.85,0.75,sell
6435,2022-12-08 12:00:00,0.85,0.75,sell
6436,2022-12-08 16:00:00,0.8,0.75,sell
6437,2022-12-08 20:00:00,0.85,0.65,buy
6438,2022-12-09 00:00:00,0.8,0.65,sell
6439,2022-12-09 04:00:00,0.8,0.75,sell
6440,2022-12-09 08:00:00,0.7,0.65,sell
6441,2022-12-09 12:00:00,0.7,0.65,buy
6442,2022-12-09 16:00:00,0.7,0.6,sell
6443,2022-12-09 20:00:00,0.9,0.8,sell
6456,2022-12-12 00:00:00,0.2,0.3,hold
6457,2022-12-12 04:00:00,0.4,0.7,hold
6458,2022-12-12 08:00:00,0.4,0.35,sell
6459,2022-12-12 12:00:00,0.4,0.3,hold
6460,2022-12-12 16:00:00,0.7,0.65,sell
6461,2022-12-12 20:00:00,0.85,0.75,buy
6462,2022-12-13 00:00:00,0.85,0.75,buy
6463,2022-12-13 04:00:00,0.9,0.8,buy
6464,2022-12-13 08:00:00,0.8,0.75,buy
6465,2022-12-13 12:00:00,0.85,0.75,buy
6466,2022-12-13 16:00:00,0.9,0.8,buy
6467,2022-12-13 20:00:00,0.95,0.9,buy
6468,2022-12-14 00:00:00,0.95,0.9,buy
6469,2022-12-14 04:00:00,0.95,0.9,buy
6470,2022-12-14 08:00:00,0.95,0.9,buy
6471,2022-12-14 12:00:00,0.95,0.9,buy
6472,2022-12-14 16:00:00,1.0,0.9,buy
6473,2022-12-14 20:00:00,0.8,0.75,buy
6474,2022-12-15 00:00:00,0.9,0.85,sell
6475,2022-12-15 04:00:00,0.9,0.85,sell
6476,2022-12-15 08:00:00,0.95,0.9,sell
6477,2022-12-15 12:00:00,0.95,0.9,sell
6478,2022-12-15 16:00:00,0.9,0.75,buy
6479,2022-12-15 20:00:00,0.9,0.8,buy
6480,2022-12-16 00:00:00,0.9,0.8,buy
6481,2022-12-16 04:00:00,0.9,0.8,buy
6482,2022-12-16 08:00:00,0.9,0.8,buy
6483,2022-12-16 12:00:00,0.85,0.75,buy
6484,2022-12-16 16:00:00,0.9,0.75,buy
6485,2022-12-16 20:00:00,0.9,0.85,buy
6498,2022-12-19 00:00:00,0.2,0.8,hold
6499,2022-12-19 04:00:00,0.4,0.8,hold
6500,2022-12-19 08:00:00,0.3,0.7,hold
6501,2022-12-19 12:00:00,0.6,0.65,sell
6502,2022-12-19 16:00:00,0.8,0.65,sell
6503,2022-12-19 20:00:00,0.75,0.65,buy
6504,2022-12-20 00:00:00,0.8,0.65,buy
6505,2022-12-20 04:00:00,0.7,0.65,buy
6506,2022-12-20 08:00:00,0.8,0.7,buy
6507,2022-12-20 12:00:00,0.8,0.75,sell
6508,2022-12-20 16:00:00,0.8,0.75,sell
6509,2022-12-20 20:00:00,0.8,0.7,buy
6510,2022-12-21 00:00:00,0.8,0.75,buy
6511,2022-12-21 04:00:00,0.8,0.75,buy
6512,2022-12-21 08:00:00,0.8,0.65,buy
6513,2022-12-21 12:00:00,0.9,0.8,buy
6514,2022-12-21 16:00:00,0.85,0.8,buy
6515,2022-12-21 20:00:00,0.8,0.65,sell
6516,2022-12-22 00:00:00,0.85,0.7,sell
6517,2022-12-22 04:00:00,0.85,0.75,sell
6518,2022-12-22 08:00:00,0.85,0.7,sell
6519,2022-12-22 12:00:00,0.75,0.65,sell
6520,2022-12-22 16:00:00,0.85,0.7,buy
6521,2022-12-22 20:00:00,0.9,0.85,sell
6522,2022-12-23 00:00:00,0.9,0.8,sell
6523,2022-12-23 04:00:00,0.9,0.85,sell
6524,2022-12-23 08:00:00,0.9,0.85,sell
6525,2022-12-23 12:00:00,0.9,0.9,sell
6526,2022-12-23 16:00:00,0.9,0.9,sell
6527,2022-12-23 20:00:00,0.85,0.75,buy
6542,2022-12-26 08:00:00,0.7,0.65,sell
6543,2022-12-26 12:00:00,0.7,0.65,sell
6544,2022-12-26 16:00:00,0.5,0.6,sell
6545,2022-12-26 20:00:00,0.3,0.7,hold
6546,2022-12-27 00:00:00,0.55,0.6,sell
6547,2022-12-27 04:00:00,0.7,0.65,sell
6548,2022-12-27 08:00:00,0.6,0.65,buy
6549,2022-12-27 12:00:00,0.6,0.55,buy
6550,2022-12-27 16:00:00,0.5,0.4,hold
6551,2022-12-27 20:00:00,0.75,0.65,sell
6552,2022-12-28 00:00:00,0.85,0.75,sell
6553,2022-12-28 04:00:00,0.85,0.75,sell
6554,2022-12-28 08:00:00,0.8,0.75,sell
6555,2022-12-28 12:00:00,0.85,0.75,sell
6556,2022-12-28 16:00:00,0.85,0.75,sell
6557,2022-12-28 20:00:00,0.9,0.75,sell
6558,2022-12-29 00:00:00,0.8,0.7,buy
6559,2022-12-29 04:00:00,0.8,0.65,buy
6560,2022-12-29 08:00:00,0.85,0.75,sell
6561,2022-12-29 12:00:00,0.85,0.75,sell
6562,2022-12-29 16:00:00,0.8,0.75,sell
6563,2022-12-29 20:00:00,0.85,0.65,buy
6564,2022-12-30 00:00:00,0.85,0.75,sell
6565,2022-12-30 04:00:00,0.8,0.75,sell
6566,2022-12-30 08:00:00,0.8,0.75,sell
6567,2022-12-30 12:00:00,0.8,0.65,buy
6568,2022-12-30 16:00:00,0.8,0.7,buy
6569,2022-12-30 20:00:00,0.85,0.8,sell
6583,2023-01-02 04:00:00,0.6,0.65,sell
6584,2023-01-02 08:00:00,0.7,0.65,sell
6585,2023-01-02 12:00:00,0.7,0.65,buy
6586,2023-01-02 16:00:00,0.7,0.65,buy
6587,2023-01-02 20:00:00,0.85,0.7,buy
6588,2023-01-03 00:00:00,0.7,0.65,buy
6589,2023-01-03 04:00:00,0.8,0.75,sell
6590,2023-01-03 08:00:00,0.8,0.7,buy
6591,2023-01-03 12:00:00,0.8,0.7,buy
6592,2023-01-03 16:00:00,0.9,0.75,sell
6593,2023-01-03 20:00:00,0.8,0.75,sell
6594,2023-01-04 00:00:00,0.85,0.75,sell
6595,2023-01-04 04:00:00,0.8,0.65,sell
6596,2023-01-04 08:00:00,0.8,0.75,sell
6597,2023-01-04 12:00:00,0.9,0.8,buy
6598,2023-01-04 16:00:00,0.9,0.8,buy
6599,2023-01-04 20:00:00,0.9,0.75,buy
6600,2023-01-05 00:00:00,0.85,0.75,buy
6601,2023-01-05 04:00:00,0.9,0.75,buy
6602,2023-01-05 08:00:00,0.8,0.65,buy
6603,2023-01-05 12:00:00,0.9,0.75,buy
6604,2023-01-05 16:00:00,0.85,0.75,buy
6605,2023-01-05 20:00:00,0.9,0.85,sell
6606,2023-01-06 00:00:00,0.95,0.9,sell
6607,2023-01-06 04:00:00,0.9,0.85,sell
6608,2023-01-06 08:00:00,0.95,0.9,sell
6609,2023-01-06 12:00:00,0.9,0.85,sell
6610,2023-01-06 16:00:00,0.95,0.9,sell
6611,2023-01-06 20:00:00,0.95,0.8,sell
6624,2023-01-09 00:00:00,0.6,0.7,sell
6625,2023-01-09 04:00:00,0.6,0.55,buy
6626,2023-01-09 08:00:00,0.4,0.5,hold
6627,2023-01-09 12:00:00,0.7,0.65,buy
6628,2023-01-09 16:00:00,0.7,0.6,buy
6629,2023-01-09 20:00:00,0.7,0.65,buy
6630,2023-01-10 00:00:00,0.8,0.75,buy
6631,2023-01-10 04:00:00,0.8,0.75,buy
6632,2023-01-10 08:00:00,0.8,0.75,buy
6633,2023-01-10 12:00:00,0.85,0.75,sell
6634,2023-01-10 16:00:00,0.8,0.75,sell
6635,2023-01-10 20:00:00,0.85,0.75,sell
6636,2023-01-11 00:00:00,0.85,0.8,sell
6637,2023-01-11 04:00:00,0.8,0.7,sell
6638,2023-01-11 08:00:00,0.8,0.7,sell
6639,2023-01-11 12:00:00,0.8,0.7,sell
6640,2023-01-11 16:00:00,0.7,0.65,buy
6641,2023-01-11 20:00:00,0.8,0.75,buy
6642,2023-01-12 00:00:00,0.85,0.75,buy
6643,2023-01-12 04:00:00,0.8,0.7,buy
6644,2023-01-12 08:00:00,0.8,0.75,buy
6645,2023-01-12 12:00:00,0.8,0.7,sell
6646,2023-01-12 16:00:00,0.8,0.7,buy
6647,2023-01-12 20:00:00,0.95,0.9,buy
6648,2023-01-13 00:00:00,1.0,0.9,buy
6649,2023-01-13 04:00:00,0.95,0.9,buy
6650,2023-01-13 08:00:00,0.95,0.9,buy
6651,2023-01-13 12:00:00,1.0,0.9,buy
6652,2023-01-13 16:00:00,0.95,0.9,buy
6653,2023-01-13 20:00:00,0.85,0.75,sell
6666,2023-01-16 00:00:00,0.2,0.6,hold
6667,2023-01-16 04:00:00,0.0,0.0,hold
6668,2023-01-16 08:00:00,0.4,0.45,sell
6669,2023-01-16 12:00:00,0.4,0.45,sell
6670,2023-01-16 16:00:00,0.4,0.45,sell
6671,2023-01-16 20:00:00,0.4,0.45,sell
6672,2023-01-17 00:00:00,0.3,0.5,hold
6673,2023-01-17 04:00:00,0.3,0.6,hold
6674,2023-01-17 08:00:00,0.2,0.7,hold
6675,2023-01-17 12:00:00,0.5,0.7,hold
6676,2023-01-17 16:00:00,0.9,0.85,buy
6677,2023-01-17 20:00:00,0.9,0.85,buy
6678,2023-01-18 00:00:00,0.95,0.9,buy
6679,2023-01-18 04:00:00,0.95,0.9,buy
6680,2023-01-18 08:00:00,0.95,0.9,buy
6681,2023-01-18 12:00:00,0.9,0.85,buy
6682,2023-01-18 16:00:00,0.9,0.8,buy
6683,2023-01-18 20:00:00,0.9,0.85,buy
6684,2023-01-19 00:00:00,0.9,0.85,buy
6685,2023-01-19 04:00:00,0.9,0.85,buy
6686,2023-01-19 08:00:00,0.9,0.85,buy
6687,2023-01-19 12:00:00,0.9,0.85,buy
6688,2023-01-19 16:00:00,0.95,0.9,buy
6689,2023-01-19 20:00:00,0.9,0.8,sell
6690,2023-01-20 00:00:00,0.85,0.75,sell
6691,2023-01-20 04:00:00,0.9,0.8,sell
6692,2023-01-20 08:00:00,0.9,0.8,sell
6693,2023-01-20 12:00:00,0.85,0.75,sell
6694,2023-01-20 16:00:00,0.85,0.75,sell
6695,2023-01-20 20:00:00,0.8,0.65,sell
6708,2023-01-23 00:00:00,0.5,0.6,buy
6709,2023-01-23 04:00:00,0.3,0.45,buy
6710,2023-01-23 08:00:00,0.4,0.3,hold
6711,2023-01-23 12:00:00,0.4,0.45,sell
6712,2023-01-23 16:00:00,0.7,0.65,buy
6713,2023-01-23 20:00:00,0.8,0.75,buy
6714,2023-01-24 00:00:00,0.8,0.7,buy
6715,2023-01-24 04:00:00,0.8,0.7,buy
6716,2023-01-24 08:00:00,0.8,0.7,buy
6717,2023-01-24 12:00:00,0.9,0.85,buy
6718,2023-01-24 16:00:00,0.9,0.85,buy
6719,2023-01-24 20:00:00,0.85,0.65,buy
6720,2023-01-25 00:00:00,0.85,0.75,sell
6721,2023-01-25 04:00:00,0.9,0.8,sell
6722,2023-01-25 08:00:00,0.9,0.8,sell
6723,2023-01-25 12:00:00,0.9,0.8,sell
6724,2023-01-25 16:00:00,0.85,0.7,sell
6725,2023-01-25 20:00:00,0.8,0.7,buy
6726,2023-01-26 00:00:00,0.8,0.75,buy
6727,2023-01-26 04:00:00,0.85,0.75,buy
6728,2023-01-26 08:00:00,0.85,0.78,buy
6729,2023-01-26 12:00:00,0.85,0.8,buy
6730,2023-01-26 16:00:00,0.85,0.75,sell
6731,2023-01-26 20:00:00,0.85,0.65,sell
6732,2023-01-27 00:00:00,0.8,0.65,buy
6733,2023-01-27 04:00:00,0.9,0.75,sell
6734,2023-01-27 08:00:00,0.85,0.65,buy
6735,2023-01-27 12:00:00,0.9,0.65,sell
6736,2023-01-27 16:00:00,0.85,0.75,sell
6737,2023-01-27 20:00:00,0.85,0.7,buy
6750,2023-01-30 00:00:00,0.1,0.5,hold
6751,2023-01-30 04:00:00,0.5,0.4,sell
6752,2023-01-30 08:00:00,0.3,0.5,hold
6753,2023-01-30 12:00:00,0.85,0.7,buy
6754,2023-01-30 16:00:00,0.8,0.65,sell
6755,2023-01-30 20:00:00,0.85,0.75,sell
6756,2023-01-31 00:00:00,0.85,0.75,sell
6757,2023-01-31 04:00:00,0.85,0.7,sell
6758,2023-01-31 08:00:00,0.9,0.75,sell
6759,2023-01-31 12:00:00,0.8,0.65,sell
6760,2023-01-31 16:00:00,0.85,0.75,sell
6761,2023-01-31 20:00:00,0.9,0.8,sell
6762,2023-02-01 00:00:00,0.85,0.75,sell
6763,2023-02-01 04:00:00,0.85,0.75,sell
6764,2023-02-01 08:00:00,0.85,0.75,sell
6765,2023-02-01 12:00:00,0.9,0.85,sell
6766,2023-02-01 16:00:00,0.95,0.9,sell
6767,2023-02-01 20:00:00,0.9,0.75,sell
6768,2023-02-02 00:00:00,0.95,0.85,sell
6769,2023-02-02 04:00:00,0.95,0.85,sell
6770,2023-02-02 08:00:00,0.9,0.85,sell
6771,2023-02-02 12:00:00,0.95,0.85,sell
6772,2023-02-02 16:00:00,0.9,0.8,buy
6773,2023-02-02 20:00:00,0.85,0.7,sell
6774,2023-02-03 00:00:00,0.9,0.75,sell
6775,2023-02-03 04:00:00,0.9,0.8,sell
6776,2023-02-03 08:00:00,0.85,0.75,sell
6777,2023-02-03 12:00:00,0.9,0.8,buy
6778,2023-02-03 16:00:00,0.9,0.85,buy
6779,2023-02-03 20:00:00,0.95,0.95,sell
6792,2023-02-06 00:00:00,0.7,0.65,sell
6793,2023-02-06 04:00:00,0.7,0.65,sell
6794,2023-02-06 08:00:00,0.7,0.65,sell
6795,2023-02-06 12:00:00,0.8,0.65,buy
6796,2023-02-06 16:00:00,0.75,0.65,buy
6797,2023-02-06 20:00:00,0.7,0.65,buy
6798,2023-02-07 00:00:00,0.8,0.75,buy
6799,2023-02-07 04:00:00,0.8,0.65,buy
6800,2023-02-07 08:00:00,0.8,0.7,buy
6801,2023-02-07 12:00:00,0.9,0.8,sell
6802,2023-02-07 16:00:00,0.9,0.8,sell
6803,2023-02-07 20:00:00,0.9,0.8,sell
6804,2023-02-08 00:00:00,0.8,0.75,sell
6805,2023-02-08 04:00:00,0.85,0.75,sell
6806,2023-02-08 08:00:00,0.85,0.7,sell
6807,2023-02-08 12:00:00,0.85,0.75,sell
6808,2023-02-08 16:00:00,0.85,0.8,sell
6809,2023-02-08 20:00:00,0.9,0.8,sell
6810,2023-02-09 00:00:00,0.85,0.75,sell
6811,2023-02-09 04:00:00,0.8,0.75,sell
6812,2023-02-09 08:00:00,0.85,0.8,sell
6813,2023-02-09 12:00:00,0.85,0.75,sell
6814,2023-02-09 16:00:00,0.85,0.7,sell
6815,2023-02-09 20:00:00,0.9,0.85,buy
6816,2023-02-10 00:00:00,0.85,0.75,buy
6817,2023-02-10 04:00:00,0.85,0.75,buy
6818,2023-02-10 08:00:00,0.85,0.75,buy
6819,2023-02-10 12:00:00,0.9,0.75,buy
6820,2023-02-10 16:00:00,0.85,0.75,sell
6821,2023-02-10 20:00:00,0.9,0.8,sell
6834,2023-02-13 00:00:00,0.3,0.4,hold
6835,2023-02-13 04:00:00,0.3,0.7,hold
6836,2023-02-13 08:00:00,0.2,0.5,hold
6837,2023-02-13 12:00:00,0.5,0.6,buy
6838,2023-02-13 16:00:00,0.6,0.65,buy
6839,2023-02-13 20:00:00,0.4,0.55,buy
6840,2023-02-14 00:00:00,0.7,0.65,sell
6841,2023-02-14 04:00:00,0.7,0.65,buy
6842,2023-02-14 08:00:00,0.7,0.65,sell
6843,2023-02-14 12:00:00,0.65,0.7,sell
6844,2023-02-14 16:00:00,0.7,0.65,sell
6845,2023-02-14 20:00:00,0.95,0.9,sell
6846,2023-02-15 00:00:00,0.9,0.85,sell
6847,2023-02-15 04:00:00,1.0,0.9,sell
6848,2023-02-15 08:00:00,0.9,0.85,sell
6849,2023-02-15 12:00:00,0.95,0.9,sell
6850,2023-02-15 16:00:00,0.9,0.85,sell
6851,2023-02-15 20:00:00,0.95,0.9,sell
6852,2023-02-16 00:00:00,0.95,0.9,sell
6853,2023-02-16 04:00:00,0.95,0.9,sell
6854,2023-02-16 08:00:00,0.95,0.9,sell
6855,2023-02-16 12:00:00,0.95,0.9,sell
6856,2023-02-16 16:00:00,0.9,0.85,sell
6857,2023-02-16 20:00:00,0.85,0.75,sell
6858,2023-02-17 00:00:00,0.9,0.75,sell
6859,2023-02-17 04:00:00,0.85,0.75,sell
6860,2023-02-17 08:00:00,0.9,0.7,sell
6861,2023-02-17 12:00:00,0.9,0.75,sell
6862,2023-02-17 16:00:00,0.8,0.65,buy
6863,2023-02-17 20:00:00,0.8,0.75,buy
6876,2023-02-20 00:00:00,0.0,0.0,hold
6877,2023-02-20 04:00:00,0.7,0.65,sell
6878,2023-02-20 08:00:00,0.5,0.6,sell
6879,2023-02-20 12:00:00,0.6,0.65,sell
6880,2023-02-20 16:00:00,0.8,0.75,sell
6881,2023-02-20 20:00:00,0.85,0.8,sell
6882,2023-02-21 00:00:00,0.8,0.75,sell
6883,2023-02-21 04:00:00,0.6,0.65,sell
6884,2023-02-21 08:00:00,0.7,0.65,sell
6885,2023-02-21 12:00:00,0.85,0.75,buy
6886,2023-02-21 16:00:00,0.9,0.85,buy
6887,2023-02-21 20:00:00,0.9,0.85,sell
6888,2023-02-22 00:00:00,0.9,0.8,sell
6889,2023-02-22 04:00:00,0.9,0.85,sell
6890,2023-02-22 08:00:00,0.9,0.85,sell
6891,2023-02-22 12:00:00,0.9,0.85,sell
6892,2023-02-22 16:00:00,0.9,0.8,sell
6893,2023-02-22 20:00:00,0.8,0.7,buy
6894,2023-02-23 00:00:00,0.9,0.8,sell
6895,2023-02-23 04:00:00,0.85,0.75,sell
6896,2023-02-23 08:00:00,0.85,0.8,sell
6897,2023-02-23 12:00:00,0.85,0.75,sell
6898,2023-02-23 16:00:00,0.9,0.75,buy
6899,2023-02-23 20:00:00,0.9,0.75,buy
6900,2023-02-24 00:00:00,0.9,0.8,buy
6901,2023-02-24 04:00:00,0.8,0.65,buy
6902,2023-02-24 08:00:00,0.85,0.75,buy
6903,2023-02-24 12:00:00,0.9,0.8,sell
6904,2023-02-24 16:00:00,0.9,0.8,sell
6905,2023-02-24 20:00:00,0.98,0.95,sell
6918,2023-02-27 00:00:00,0.5,0.45,sell
6919,2023-02-27 04:00:00,0.5,0.4,sell
6920,2023-02-27 08:00:00,0.5,0.45,sell
6921,2023-02-27 12:00:00,0.6,0.5,sell
6922,2023-02-27 16:00:00,0.85,0.8,buy
6923,2023-02-27 20:00:00,0.9,0.75,buy
6924,2023-02-28 00:00:00,0.85,0.8,buy
6925,2023-02-28 04:00:00,0.9,0.75,buy
6926,2023-02-28 08:00:00,0.9,0.8,buy
6927,2023-02-28 12:00:00,0.9,0.85,buy
6928,2023-02-28 16:00:00,0.9,0.85,buy
6929,2023-02-28 20:00:00,0.9,0.85,buy
6930,2023-03-01 00:00:00,0.9,0.85,buy
6931,2023-03-01 04:00:00,0.9,0.85,buy
6932,2023-03-01 08:00:00,0.9,0.85,buy
6933,2023-03-01 12:00:00,0.9,0.85,buy
6934,2023-03-01 16:00:00,0.9,0.8,buy
6935,2023-03-01 20:00:00,0.85,0.8,buy
6936,2023-03-02 00:00:00,0.8,0.65,buy
6937,2023-03-02 04:00:00,0.85,0.7,buy
6938,2023-03-02 08:00:00,0.85,0.75,buy
6939,2023-03-02 12:00:00,0.85,0.75,sell
6940,2023-03-02 16:00:00,0.9,0.85,buy
6941,2023-03-02 20:00:00,0.9,0.75,buy
6942,2023-03-03 00:00:00,0.85,0.75,buy
6943,2023-03-03 04:00:00,0.85,0.75,buy
6944,2023-03-03 08:00:00,0.9,0.8,sell
6945,2023-03-03 12:00:00,0.85,0.8,sell
6946,2023-03-03 16:00:00,0.9,0.85,sell
6947,2023-03-03 20:00:00,0.9,0.85,sell
6960,2023-03-06 00:00:00,0.7,0.65,sell
6961,2023-03-06 04:00:00,0.8,0.75,sell
6962,2023-03-06 08:00:00,0.8,0.75,sell
6963,2023-03-06 12:00:00,0.75,0.7,sell
6964,2023-03-06 16:00:00,0.7,0.65,sell
6965,2023-03-06 20:00:00,0.9,0.85,buy
6966,2023-03-07 00:00:00,0.9,0.8,buy
6967,2023-03-07 04:00:00,0.9,0.85,buy
6968,2023-03-07 08:00:00,0.8,0.75,buy
6969,2023-03-07 12:00:00,0.9,0.8,buy
6970,2023-03-07 16:00:00,0.9,0.8,buy
6971,2023-03-07 20:00:00,0.8,0.7,buy
6972,2023-03-08 00:00:00,0.8,0.75,buy
6973,2023-03-08 04:00:00,0.9,0.8,sell
6974,2023-03-08 08:00:00,0.9,0.8,sell
6975,2023-03-08 12:00:00,0.85,0.75,sell
6976,2023-03-08 16:00:00,0.9,0.8,sell
6977,2023-03-08 20:00:00,0.9,0.85,sell
6978,2023-03-09 00:00:00,0.95,0.9,sell
6979,2023-03-09 04:00:00,0.9,0.85,sell
6980,2023-03-09 08:00:00,0.9,0.85,sell
6981,2023-03-09 12:00:00,0.9,0.85,sell
6982,2023-03-09 16:00:00,0.9,0.85,sell
6983,2023-03-09 20:00:00,0.9,0.8,buy
6984,2023-03-10 00:00:00,0.85,0.75,buy
6985,2023-03-10 04:00:00,0.9,0.85,buy
6986,2023-03-10 08:00:00,0.9,0.85,buy
6987,2023-03-10 12:00:00,0.9,0.85,buy
6988,2023-03-10 16:00:00,0.9,0.85,buy
6989,2023-03-10 20:00:00,0.9,0.8,sell
7002,2023-03-13 00:00:00,0.9,0.85,buy
7003,2023-03-13 04:00:00,0.9,0.85,buy
7004,2023-03-13 08:00:00,0.9,0.8,buy
7005,2023-03-13 12:00:00,0.9,0.85,buy
7006,2023-03-13 16:00:00,0.9,0.8,sell
7007,2023-03-13 20:00:00,0.9,0.75,buy
7008,2023-03-14 00:00:00,0.9,0.75,buy
7009,2023-03-14 04:00:00,0.9,0.75,buy
7010,2023-03-14 08:00:00,0.9,0.7,sell
7011,2023-03-14 12:00:00,0.9,0.8,sell
7012,2023-03-14 16:00:00,0.9,0.75,sell
7013,2023-03-14 20:00:00,0.9,0.75,sell
7014,2023-03-15 00:00:00,0.9,0.7,sell
7015,2023-03-15 04:00:00,0.9,0.75,sell
7016,2023-03-15 08:00:00,0.9,0.75,sell
7017,2023-03-15 12:00:00,0.9,0.75,sell
7018,2023-03-15 16:00:00,0.9,0.8,buy
7019,2023-03-15 20:00:00,0.9,0.8,buy
7020,2023-03-16 00:00:00,0.9,0.75,buy
7021,2023-03-16 04:00:00,0.9,0.8,buy
7022,2023-03-16 08:00:00,0.9,0.8,buy
7023,2023-03-16 12:00:00,0.9,0.75,buy
7024,2023-03-16 16:00:00,0.9,0.75,buy
7025,2023-03-16 20:00:00,0.9,0.85,buy
7026,2023-03-17 00:00:00,0.9,0.85,buy
7027,2023-03-17 04:00:00,0.9,0.85,buy
7028,2023-03-17 08:00:00,0.9,0.85,buy
7029,2023-03-17 12:00:00,0.9,0.85,buy
7030,2023-03-17 16:00:00,0.95,0.9,buy
7031,2023-03-17 20:00:00,0.9,0.8,buy
7044,2023-03-20 00:00:00,0.8,0.8,buy
7045,2023-03-20 04:00:00,0.9,0.8,buy
7046,2023-03-20 08:00:00,0.9,0.8,buy
7047,2023-03-20 12:00:00,0.9,0.8,buy
7048,2023-03-20 16:00:00,0.8,0.75,buy
7049,2023-03-20 20:00:00,0.8,0.75,buy
7050,2023-03-21 00:00:00,0.9,0.8,sell
7051,2023-03-21 04:00:00,0.9,0.75,sell
7052,2023-03-21 08:00:00,0.85,0.75,sell
7053,2023-03-21 12:00:00,0.8,0.75,sell
7054,2023-03-21 16:00:00,0.9,0.85,sell
7055,2023-03-21 20:00:00,0.9,0.85,sell
7056,2023-03-22 00:00:00,0.9,0.85,sell
7057,2023-03-22 04:00:00,0.9,0.85,sell
7058,2023-03-22 08:00:00,0.9,0.85,sell
7059,2023-03-22 12:00:00,0.9,0.8,sell
7060,2023-03-22 16:00:00,0.85,0.75,sell
7061,2023-03-22 20:00:00,0.95,0.8,sell
7062,2023-03-23 00:00:00,0.95,0.9,sell
7063,2023-03-23 04:00:00,0.9,0.85,sell
7064,2023-03-23 08:00:00,0.95,0.9,sell
7065,2023-03-23 12:00:00,0.9,0.9,sell
7066,2023-03-23 16:00:00,0.95,0.9,sell
7067,2023-03-23 20:00:00,0.9,0.85,sell
7068,2023-03-24 00:00:00,0.85,0.75,sell
7069,2023-03-24 04:00:00,0.85,0.75,sell
7070,2023-03-24 08:00:00,0.85,0.8,sell
7071,2023-03-24 12:00:00,0.9,0.75,sell
7072,2023-03-24 16:00:00,0.85,0.75,buy
7073,2023-03-24 20:00:00,0.85,0.75,sell
7086,2023-03-27 00:00:00,0.3,0.5,hold
7087,2023-03-27 04:00:00,0.7,0.65,sell
7088,2023-03-27 08:00:00,0.8,0.7,sell
7089,2023-03-27 12:00:00,0.8,0.75,buy
7090,2023-03-27 16:00:00,0.9,0.8,buy
7091,2023-03-27 20:00:00,0.85,0.8,buy
7092,2023-03-28 00:00:00,0.85,0.75,buy
7093,2023-03-28 04:00:00,0.8,0.75,buy
7094,2023-03-28 08:00:00,0.85,0.75,buy
7095,2023-03-28 12:00:00,0.85,0.75,buy
7096,2023-03-28 16:00:00,0.85,0.75,buy
7097,2023-03-28 20:00:00,0.85,0.75,buy
7098,2023-03-29 00:00:00,0.9,0.8,buy
7099,2023-03-29 04:00:00,0.85,0.75,buy
7100,2023-03-29 08:00:00,0.9,0.8,buy
7101,2023-03-29 12:00:00,0.9,0.8,buy
7102,2023-03-29 16:00:00,0.9,0.8,buy
7103,2023-03-29 20:00:00,0.85,0.75,buy
7104,2023-03-30 00:00:00,0.85,0.75,buy
7105,2023-03-30 04:00:00,0.8,0.75,buy
7106,2023-03-30 08:00:00,0.75,0.65,buy
7107,2023-03-30 12:00:00,0.85,0.75,buy
7108,2023-03-30 16:00:00,0.9,0.85,buy
7109,2023-03-30 20:00:00,0.9,0.85,buy
7110,2023-03-31 00:00:00,0.9,0.85,buy
7111,2023-03-31 04:00:00,0.9,0.85,buy
7112,2023-03-31 08:00:00,0.95,0.9,buy
7113,2023-03-31 12:00:00,0.9,0.8,sell
7114,2023-03-31 16:00:00,0.9,0.85,sell
7115,2023-03-31 20:00:00,0.9,0.85,sell
7128,2023-04-03 00:00:00,0.85,0.7,sell
7129,2023-04-03 04:00:00,0.7,0.65,sell
7130,2023-04-03 08:00:00,0.8,0.75,sell
7131,2023-04-03 12:00:00,0.8,0.75,sell
7132,2023-04-03 16:00:00,0.85,0.75,sell
7133,2023-04-03 20:00:00,0.9,0.8,buy
7134,2023-04-04 00:00:00,0.9,0.85,buy
7135,2023-04-04 04:00:00,0.9,0.85,buy
7136,2023-04-04 08:00:00,0.9,0.8,buy
7137,2023-04-04 12:00:00,0.9,0.8,buy
7138,2023-04-04 16:00:00,0.9,0.8,buy
7139,2023-04-04 20:00:00,0.9,0.8,sell
7140,2023-04-05 00:00:00,0.9,0.75,sell
7141,2023-04-05 04:00:00,0.9,0.8,sell
7142,2023-04-05 08:00:00,0.9,0.8,sell
7143,2023-04-05 12:00:00,0.9,0.9,sell
7144,2023-04-05 16:00:00,0.9,0.85,sell
7145,2023-04-05 20:00:00,0.85,0.65,buy
7146,2023-04-06 00:00:00,0.9,0.65,buy
7147,2023-04-06 04:00:00,0.8,0.65,buy
7148,2023-04-06 08:00:00,0.85,0.75,buy
7149,2023-04-06 12:00:00,0.9,0.75,buy
7150,2023-04-06 16:00:00,0.95,0.9,buy
7151,2023-04-06 20:00:00,0.9,0.8,buy
7152,2023-04-07 00:00:00,0.9,0.8,buy
7153,2023-04-07 04:00:00,0.9,0.85,buy
7154,2023-04-07 08:00:00,0.9,0.8,buy
7155,2023-04-07 12:00:00,0.9,0.85,buy
7156,2023-04-07 16:00:00,1.0,0.95,sell
7157,2023-04-07 20:00:00,0.95,0.9,sell
7170,2023-04-10 00:00:00,0.4,0.5,sell
7171,2023-04-10 04:00:00,0.6,0.55,sell
7172,2023-04-10 08:00:00,0.7,0.65,sell
7173,2023-04-10 12:00:00,0.7,0.65,sell
7174,2023-04-10 16:00:00,0.6,0.65,sell
7175,2023-04-10 20:00:00,0.6,0.65,sell
7176,2023-04-11 00:00:00,0.5,0.5,sell
7177,2023-04-11 04:00:00,0.8,0.75,sell
7178,2023-04-11 08:00:00,0.85,0.8,sell
7179,2023-04-11 12:00:00,0.7,0.75,sell
7180,2023-04-11 16:00:00,0.8,0.7,sell
7181,2023-04-11 20:00:00,0.85,0.75,sell
7182,2023-04-12 00:00:00,0.8,0.65,sell
7183,2023-04-12 04:00:00,0.75,0.65,sell
7184,2023-04-12 08:00:00,0.7,0.65,buy
7185,2023-04-12 12:00:00,0.75,0.65,buy
7186,2023-04-12 16:00:00,1.0,0.95,buy
7187,2023-04-12 20:00:00,0.95,0.9,buy
7188,2023-04-13 00:00:00,0.95,0.85,buy
7189,2023-04-13 04:00:00,0.95,0.85,buy
7190,2023-04-13 08:00:00,0.9,0.8,buy
7191,2023-04-13 12:00:00,0.95,0.9,buy
7192,2023-04-13 16:00:00,0.9,0.85,buy
7193,2023-04-13 20:00:00,0.9,0.85,buy
7194,2023-04-14 00:00:00,0.9,0.85,buy
7195,2023-04-14 04:00:00,0.9,0.85,buy
7196,2023-04-14 08:00:00,0.9,0.85,buy
7197,2023-04-14 12:00:00,0.9,0.85,buy
7198,2023-04-14 16:00:00,0.9,0.85,buy
7199,2023-04-14 20:00:00,0.9,0.85,buy
7212,2023-04-17 00:00:00,0.7,0.65,sell
7213,2023-04-17 04:00:00,0.8,0.75,sell
7214,2023-04-17 08:00:00,0.8,0.75,sell
7215,2023-04-17 12:00:00,0.8,0.75,sell
7216,2023-04-17 16:00:00,0.9,0.85,sell
7217,2023-04-17 20:00:00,0.9,0.8,sell
7218,2023-04-18 00:00:00,0.85,0.75,sell
7219,2023-04-18 04:00:00,0.85,0.75,sell
7220,2023-04-18 08:00:00,0.85,0.75,sell
7221,2023-04-18 12:00:00,0.75,0.65,sell
7222,2023-04-18 16:00:00,0.9,0.8,sell
7223,2023-04-18 20:00:00,0.9,0.8,sell
7224,2023-04-19 00:00:00,0.9,0.85,sell
7225,2023-04-19 04:00:00,0.9,0.8,sell
7226,2023-04-19 08:00:00,0.9,0.85,sell
7227,2023-04-19 12:00:00,0.8,0.65,sell
7228,2023-04-19 16:00:00,0.75,0.65,buy
7229,2023-04-19 20:00:00,0.7,0.65,buy
7230,2023-04-20 00:00:00,0.8,0.7,buy
7231,2023-04-20 04:00:00,0.85,0.75,buy
7232,2023-04-20 08:00:00,0.8,0.75,buy
7233,2023-04-20 12:00:00,0.9,0.85,buy
7234,2023-04-20 16:00:00,0.9,0.85,buy
7235,2023-04-20 20:00:00,0.9,0.85,buy
7236,2023-04-21 00:00:00,0.9,0.85,buy
7237,2023-04-21 04:00:00,0.9,0.85,buy
7238,2023-04-21 08:00:00,0.9,0.85,buy
7239,2023-04-21 12:00:00,0.9,0.85,buy
7240,2023-04-21 16:00:00,0.9,0.8,buy
7241,2023-04-21 20:00:00,0.85,0.75,sell
7254,2023-04-24 00:00:00,0.7,0.65,buy
7255,2023-04-24 04:00:00,0.7,0.6,buy
7256,2023-04-24 08:00:00,0.8,0.65,sell
7257,2023-04-24 12:00:00,0.85,0.8,buy
7258,2023-04-24 16:00:00,0.8,0.75,buy
7259,2023-04-24 20:00:00,0.8,0.75,buy
7260,2023-04-25 00:00:00,0.8,0.75,buy
7261,2023-04-25 04:00:00,0.8,0.75,buy
7262,2023-04-25 08:00:00,0.8,0.7,buy
7263,2023-04-25 12:00:00,0.8,0.65,sell
7264,2023-04-25 16:00:00,0.85,0.75,buy
7265,2023-04-25 20:00:00,0.8,0.65,buy
7266,2023-04-26 00:00:00,0.85,0.75,buy
7267,2023-04-26 04:00:00,0.85,0.7,buy
7268,2023-04-26 08:00:00,0.85,0.7,buy
7269,2023-04-26 12:00:00,0.85,0.75,buy
7270,2023-04-26 16:00:00,0.85,0.75,sell
7271,2023-04-26 20:00:00,0.85,0.75,sell
7272,2023-04-27 00:00:00,0.85,0.75,sell
7273,2023-04-27 04:00:00,0.85,0.75,sell
7274,2023-04-27 08:00:00,0.8,0.75,sell
7275,2023-04-27 12:00:00,0.85,0.7,buy
7276,2023-04-27 16:00:00,0.9,0.8,buy
7277,2023-04-27 20:00:00,0.9,0.75,buy
7278,2023-04-28 00:00:00,0.9,0.75,buy
7279,2023-04-28 04:00:00,0.9,0.75,buy
7280,2023-04-28 08:00:00,0.9,0.75,buy
7281,2023-04-28 12:00:00,0.9,0.75,buy
7282,2023-04-28 16:00:00,0.9,0.85,buy
7283,2023-04-28 20:00:00,0.85,0.75,buy
7296,2023-05-01 00:00:00,0.6,0.55,buy
7297,2023-05-01 04:00:00,0.6,0.55,buy
7298,2023-05-01 08:00:00,0.5,0.6,sell
7299,2023-05-01 12:00:00,0.7,0.65,sell
7300,2023-05-01 16:00:00,0.6,0.65,buy
7301,2023-05-01 20:00:00,0.9,0.8,sell
7302,2023-05-02 00:00:00,0.85,0.75,buy
7303,2023-05-02 04:00:00,0.85,0.75,sell
7304,2023-05-02 08:00:00,0.85,0.75,buy
7305,2023-05-02 12:00:00,0.9,0.85,buy
7306,2023-05-02 16:00:00,0.9,0.85,buy
7307,2023-05-02 20:00:00,0.9,0.75,buy
7308,2023-05-03 00:00:00,0.9,0.85,buy
7309,2023-05-03 04:00:00,0.9,0.8,buy
7310,2023-05-03 08:00:00,0.9,0.85,buy
7311,2023-05-03 12:00:00,0.9,0.85,buy
7312,2023-05-03 16:00:00,0.9,0.85,sell
7313,2023-05-03 20:00:00,0.9,0.75,sell
7314,2023-05-04 00:00:00,0.9,0.8,sell
7315,2023-05-04 04:00:00,0.9,0.75,sell
7316,2023-05-04 08:00:00,0.9,0.75,sell
7317,2023-05-04 12:00:00,0.85,0.75,buy
7318,2023-05-04 16:00:00,0.9,0.8,buy
7319,2023-05-04 20:00:00,0.9,0.85,buy
7320,2023-05-05 00:00:00,0.9,0.85,buy
7321,2023-05-05 04:00:00,0.9,0.85,buy
7322,2023-05-05 08:00:00,0.9,0.85,buy
7323,2023-05-05 12:00:00,0.9,0.75,sell
7324,2023-05-05 16:00:00,1.0,0.9,sell
7325,2023-05-05 20:00:00,0.95,0.9,sell
7338,2023-05-08 00:00:00,0.8,0.75,buy
7339,2023-05-08 04:00:00,0.9,0.8,buy
7340,2023-05-08 08:00:00,0.9,0.8,buy
7341,2023-05-08 12:00:00,0.9,0.8,sell
7342,2023-05-08 16:00:00,0.9,0.8,sell
7343,2023-05-08 20:00:00,0.9,0.8,sell
7344,2023-05-09 00:00:00,0.8,0.75,sell
7345,2023-05-09 04:00:00,0.85,0.75,sell
7346,2023-05-09 08:00:00,0.8,0.75,sell
7347,2023-05-09 12:00:00,0.9,0.8,buy
7348,2023-05-09 16:00:00,0.9,0.8,buy
7349,2023-05-09 20:00:00,0.9,0.8,buy
7350,2023-05-10 00:00:00,0.85,0.8,buy
7351,2023-05-10 04:00:00,0.85,0.75,buy
7352,2023-05-10 08:00:00,0.9,0.85,buy
7353,2023-05-10 12:00:00,0.9,0.8,buy
7354,2023-05-10 16:00:00,0.9,0.8,sell
7355,2023-05-10 20:00:00,0.9,0.8,sell
7356,2023-05-11 00:00:00,0.9,0.8,sell
7357,2023-05-11 04:00:00,0.9,0.75,sell
7358,2023-05-11 08:00:00,0.9,0.8,sell
7359,2023-05-11 12:00:00,0.9,0.75,sell
7360,2023-05-11 16:00:00,0.9,0.75,buy
7361,2023-05-11 20:00:00,0.85,0.75,buy
7362,2023-05-12 00:00:00,0.85,0.75,buy
7363,2023-05-12 04:00:00,0.9,0.75,buy
7364,2023-05-12 08:00:00,0.85,0.75,buy
7365,2023-05-12 12:00:00,0.85,0.7,buy
7366,2023-05-12 16:00:00,0.85,0.75,sell
7367,2023-05-12 20:00:00,0.9,0.8,buy
7380,2023-05-15 00:00:00,0.8,0.75,buy
7381,2023-05-15 04:00:00,0.8,0.7,buy
7382,2023-05-15 08:00:00,0.8,0.75,buy
7383,2023-05-15 12:00:00,0.9,0.8,sell
7384,2023-05-15 16:00:00,0.85,0.75,buy
7385,2023-05-15 20:00:00,0.9,0.75,buy
7386,2023-05-16 00:00:00,0.85,0.75,buy
7387,2023-05-16 04:00:00,0.9,0.75,buy
7388,2023-05-16 08:00:00,0.9,0.75,buy
7389,2023-05-16 12:00:00,0.9,0.85,buy
7390,2023-05-16 16:00:00,0.9,0.85,sell
7391,2023-05-16 20:00:00,0.9,0.75,sell
7392,2023-05-17 00:00:00,0.9,0.8,sell
7393,2023-05-17 04:00:00,0.9,0.8,sell
7394,2023-05-17 08:00:00,0.9,0.85,sell
7395,2023-05-17 12:00:00,0.9,0.85,sell
7396,2023-05-17 16:00:00,0.85,0.75,buy
7397,2023-05-17 20:00:00,0.75,0.65,sell
7398,2023-05-18 00:00:00,0.8,0.75,buy
7399,2023-05-18 04:00:00,0.85,0.75,buy
7400,2023-05-18 08:00:00,0.8,0.7,sell
7401,2023-05-18 12:00:00,0.8,0.65,buy
7402,2023-05-18 16:00:00,0.85,0.75,sell
7403,2023-05-18 20:00:00,0.85,0.75,sell
7404,2023-05-19 00:00:00,0.85,0.75,sell
7405,2023-05-19 04:00:00,0.85,0.75,sell
7406,2023-05-19 08:00:00,0.85,0.75,sell
7407,2023-05-19 12:00:00,0.85,0.75,sell
7408,2023-05-19 16:00:00,0.85,0.75,buy
7409,2023-05-19 20:00:00,0.85,0.8,buy
7422,2023-05-22 00:00:00,0.85,0.75,buy
7423,2023-05-22 04:00:00,0.85,0.8,buy
7424,2023-05-22 08:00:00,0.9,0.8,buy
7425,2023-05-22 12:00:00,0.8,0.75,buy
7426,2023-05-22 16:00:00,0.9,0.8,buy
7427,2023-05-22 20:00:00,0.9,0.75,buy
7428,2023-05-23 00:00:00,0.9,0.75,buy
7429,2023-05-23 04:00:00,0.9,0.8,buy
7430,2023-05-23 08:00:00,0.9,0.75,buy
7431,2023-05-23 12:00:00,0.85,0.75,sell
7432,2023-05-23 16:00:00,0.85,0.75,sell
7433,2023-05-23 20:00:00,0.85,0.75,sell
7434,2023-05-24 00:00:00,0.85,0.75,buy
7435,2023-05-24 04:00:00,0.85,0.7,sell
7436,2023-05-24 08:00:00,0.85,0.75,sell
7437,2023-05-24 12:00:00,0.85,0.75,sell
7438,2023-05-24 16:00:00,0.85,0.75,sell
7439,2023-05-24 20:00:00,0.85,0.7,sell
7440,2023-05-25 00:00:00,0.85,0.75,sell
7441,2023-05-25 04:00:00,0.85,0.75,sell
7442,2023-05-25 08:00:00,0.9,0.75,sell
7443,2023-05-25 12:00:00,0.9,0.75,sell
7444,2023-05-25 16:00:00,0.9,0.85,sell
7445,2023-05-25 20:00:00,0.9,0.85,sell
7446,2023-05-26 00:00:00,0.9,0.85,sell
7447,2023-05-26 04:00:00,0.9,0.85,sell
7448,2023-05-26 08:00:00,0.95,0.9,sell
7449,2023-05-26 12:00:00,0.9,0.85,sell
7450,2023-05-26 16:00:00,0.9,0.65,buy
7451,2023-05-26 20:00:00,0.9,0.75,sell
7464,2023-05-29 00:00:00,0.7,0.65,buy
7465,2023-05-29 04:00:00,0.7,0.65,buy
7466,2023-05-29 08:00:00,0.85,0.75,sell
7467,2023-05-29 12:00:00,0.8,0.75,sell
7468,2023-05-29 16:00:00,0.75,0.65,sell
7469,2023-05-29 20:00:00,0.7,0.65,sell
7470,2023-05-30 00:00:00,0.8,0.75,buy
7471,2023-05-30 04:00:00,0.8,0.75,buy
7472,2023-05-30 08:00:00,0.8,0.7,buy
7473,2023-05-30 12:00:00,0.85,0.75,sell
7474,2023-05-30 16:00:00,0.85,0.75,buy
7475,2023-05-30 20:00:00,0.85,0.75,buy
7476,2023-05-31 00:00:00,0.85,0.75,buy
7477,2023-05-31 04:00:00,0.85,0.7,buy
7478,2023-05-31 08:00:00,0.85,0.8,buy
7479,2023-05-31 12:00:00,0.85,0.75,buy
7480,2023-05-31 16:00:00,0.9,0.8,sell
7481,2023-05-31 20:00:00,0.9,0.85,sell
7482,2023-06-01 00:00:00,0.85,0.75,sell
7483,2023-06-01 04:00:00,0.9,0.8,sell
7484,2023-06-01 08:00:00,0.9,0.8,sell
7485,2023-06-01 12:00:00,0.9,0.85,sell
7486,2023-06-01 16:00:00,0.95,0.9,sell
7487,2023-06-01 20:00:00,0.85,0.75,sell
7488,2023-06-02 00:00:00,0.85,0.7,buy
7489,2023-06-02 04:00:00,0.85,0.7,buy
7490,2023-06-02 08:00:00,0.8,0.75,buy
7491,2023-06-02 12:00:00,0.9,0.8,sell
7492,2023-06-02 16:00:00,0.95,0.9,sell
7493,2023-06-02 20:00:00,0.95,0.9,sell
7506,2023-06-05 00:00:00,0.7,0.65,sell
7507,2023-06-05 04:00:00,0.7,0.65,buy
7508,2023-06-05 08:00:00,0.6,0.6,buy
7509,2023-06-05 12:00:00,0.9,0.8,sell
7510,2023-06-05 16:00:00,0.9,0.85,sell
7511,2023-06-05 20:00:00,0.9,0.8,buy
7512,2023-06-06 00:00:00,0.9,0.8,buy
7513,2023-06-06 04:00:00,0.9,0.8,buy
7514,2023-06-06 08:00:00,0.85,0.75,buy
7515,2023-06-06 12:00:00,0.85,0.75,sell
7516,2023-06-06 16:00:00,0.85,0.7,buy
7517,2023-06-06 20:00:00,0.9,0.8,sell
7518,2023-06-07 00:00:00,0.9,0.8,sell
7519,2023-06-07 04:00:00,0.9,0.85,sell
7520,2023-06-07 08:00:00,0.9,0.8,sell
7521,2023-06-07 12:00:00,0.7,0.65,buy
7522,2023-06-07 16:00:00,0.8,0.75,buy
7523,2023-06-07 20:00:00,0.9,0.8,buy
7524,2023-06-08 00:00:00,0.8,0.75,sell
7525,2023-06-08 04:00:00,0.8,0.7,sell
7526,2023-06-08 08:00:00,0.8,0.75,sell
7527,2023-06-08 12:00:00,0.9,0.85,sell
7528,2023-06-08 16:00:00,0.9,0.75,sell
7529,2023-06-08 20:00:00,0.85,0.75,sell
7530,2023-06-09 00:00:00,0.9,0.75,buy
7531,2023-06-09 04:00:00,0.9,0.75,sell
7532,2023-06-09 08:00:00,0.9,0.75,sell
7533,2023-06-09 12:00:00,0.9,0.75,sell
7534,2023-06-09 16:00:00,0.6,0.55,sell
7535,2023-06-09 20:00:00,0.7,0.65,sell
7548,2023-06-12 00:00:00,0.7,0.6,sell
7549,2023-06-12 04:00:00,0.7,0.6,buy
7550,2023-06-12 08:00:00,0.5,0.65,buy
7551,2023-06-12 12:00:00,0.7,0.65,buy
7552,2023-06-12 16:00:00,0.85,0.7,sell
7553,2023-06-12 20:00:00,0.8,0.75,sell
7554,2023-06-13 00:00:00,0.85,0.75,sell
7555,2023-06-13 04:00:00,0.9,0.8,sell
7556,2023-06-13 08:00:00,0.85,0.75,sell
7557,2023-06-13 12:00:00,0.85,0.75,sell
7558,2023-06-13 16:00:00,0.95,0.9,buy
7559,2023-06-13 20:00:00,0.9,0.8,buy
7560,2023-06-14 00:00:00,0.9,0.8,buy
7561,2023-06-14 04:00:00,0.9,0.85,buy
7562,2023-06-14 08:00:00,0.9,0.8,buy
7563,2023-06-14 12:00:00,0.9,0.85,buy
7564,2023-06-14 16:00:00,0.9,0.8,buy
7565,2023-06-14 20:00:00,0.9,0.8,buy
7566,2023-06-15 00:00:00,0.9,0.75,sell
7567,2023-06-15 04:00:00,0.9,0.8,sell
7568,2023-06-15 08:00:00,0.9,0.8,sell
7569,2023-06-15 12:00:00,0.9,0.8,sell
7570,2023-06-15 16:00:00,0.9,0.75,sell
7571,2023-06-15 20:00:00,0.9,0.75,buy
7572,2023-06-16 00:00:00,0.9,0.8,buy
7573,2023-06-16 04:00:00,0.9,0.75,buy
7574,2023-06-16 08:00:00,0.9,0.75,buy
7575,2023-06-16 12:00:00,0.9,0.75,buy
7576,2023-06-16 16:00:00,0.85,0.75,buy
7577,2023-06-16 20:00:00,0.85,0.8,sell
7590,2023-06-19 00:00:00,0.8,0.75,sell
7591,2023-06-19 04:00:00,0.8,0.75,buy
7592,2023-06-19 08:00:00,0.8,0.75,buy
7593,2023-06-19 12:00:00,0.8,0.7,buy
7594,2023-06-19 16:00:00,0.8,0.65,sell
7595,2023-06-19 20:00:00,0.8,0.75,sell
7596,2023-06-20 00:00:00,0.8,0.65,sell
7597,2023-06-20 04:00:00,0.8,0.75,buy
7598,2023-06-20 08:00:00,0.8,0.7,sell
7599,2023-06-20 12:00:00,0.8,0.75,buy
7600,2023-06-20 16:00:00,0.9,0.8,sell
7601,2023-06-20 20:00:00,0.9,0.8,sell
7602,2023-06-21 00:00:00,0.85,0.75,sell
7603,2023-06-21 04:00:00,0.85,0.8,sell
7604,2023-06-21 08:00:00,0.9,0.8,sell
7605,2023-06-21 12:00:00,0.8,0.75,sell
7606,2023-06-21 16:00:00,0.8,0.7,buy
7607,2023-06-21 20:00:00,0.7,0.65,sell
7608,2023-06-22 00:00:00,0.7,0.65,sell
7609,2023-06-22 04:00:00,0.7,0.65,sell
7610,2023-06-22 08:00:00,0.7,0.65,sell
7611,2023-06-22 12:00:00,0.7,0.65,sell
7612,2023-06-22 16:00:00,0.85,0.7,buy
7613,2023-06-22 20:00:00,0.8,0.75,sell
7614,2023-06-23 00:00:00,0.8,0.75,sell
7615,2023-06-23 04:00:00,0.8,0.75,sell
7616,2023-06-23 08:00:00,0.85,0.8,sell
7617,2023-06-23 12:00:00,0.9,0.85,sell
7618,2023-06-23 16:00:00,0.9,0.85,sell
7619,2023-06-23 20:00:00,0.9,0.8,buy
7632,2023-06-26 00:00:00,0.9,0.8,sell
7633,2023-06-26 04:00:00,0.8,0.7,sell
7634,2023-06-26 08:00:00,0.9,0.8,sell
7635,2023-06-26 12:00:00,0.9,0.85,sell
7636,2023-06-26 16:00:00,0.95,0.9,sell
7637,2023-06-26 20:00:00,0.9,0.85,sell
7638,2023-06-27 00:00:00,0.9,0.85,sell
7639,2023-06-27 04:00:00,0.9,0.9,sell
7640,2023-06-27 08:00:00,0.9,0.85,sell
7641,2023-06-27 12:00:00,0.8,0.75,sell
7642,2023-06-27 16:00:00,0.9,0.8,sell
7643,2023-06-27 20:00:00,0.9,0.85,sell
7644,2023-06-28 00:00:00,0.95,0.9,sell
7645,2023-06-28 04:00:00,0.9,0.85,sell
7646,2023-06-28 08:00:00,0.9,0.85,sell
7647,2023-06-28 12:00:00,0.9,0.85,sell
7648,2023-06-28 16:00:00,0.9,0.8,sell
7649,2023-06-28 20:00:00,0.8,0.75,buy
7650,2023-06-29 00:00:00,0.8,0.75,buy
7651,2023-06-29 04:00:00,0.8,0.75,buy
7652,2023-06-29 08:00:00,0.8,0.75,buy
7653,2023-06-29 12:00:00,0.9,0.85,sell
7654,2023-06-29 16:00:00,0.95,0.9,sell
7655,2023-06-29 20:00:00,0.9,0.85,sell
7656,2023-06-30 00:00:00,0.95,0.9,sell
7657,2023-06-30 04:00:00,0.9,0.85,sell
7658,2023-06-30 08:00:00,0.95,0.9,sell
7659,2023-06-30 12:00:00,0.9,0.8,sell
7660,2023-06-30 16:00:00,0.95,0.9,buy
7661,2023-06-30 20:00:00,0.9,0.85,buy
7674,2023-07-03 00:00:00,0.5,0.6,sell
7675,2023-07-03 04:00:00,0.6,0.5,sell
7676,2023-07-03 08:00:00,0.7,0.65,sell
7677,2023-07-03 12:00:00,0.9,0.8,sell
7678,2023-07-03 16:00:00,0.9,0.85,sell
7679,2023-07-03 20:00:00,0.85,0.75,buy
7680,2023-07-04 00:00:00,0.9,0.75,buy
7681,2023-07-04 04:00:00,0.9,0.8,buy
7682,2023-07-04 08:00:00,0.9,0.8,buy
7683,2023-07-04 12:00:00,0.85,0.7,buy
7684,2023-07-04 16:00:00,0.85,0.75,buy
7685,2023-07-04 20:00:00,0.85,0.8,sell
7686,2023-07-05 00:00:00,0.8,0.75,sell
7687,2023-07-05 04:00:00,0.8,0.75,sell
7688,2023-07-05 08:00:00,0.75,0.7,sell
7689,2023-07-05 12:00:00,0.9,0.8,sell
7690,2023-07-05 16:00:00,0.9,0.8,sell
7691,2023-07-05 20:00:00,0.9,0.85,sell
7692,2023-07-06 00:00:00,0.9,0.9,sell
7693,2023-07-06 04:00:00,0.9,0.9,sell
7694,2023-07-06 08:00:00,0.85,0.9,sell
7695,2023-07-06 12:00:00,0.9,0.8,sell
7696,2023-07-06 16:00:00,0.95,0.9,sell
7697,2023-07-06 20:00:00,0.85,0.75,sell
7698,2023-07-07 00:00:00,0.9,0.8,sell
7699,2023-07-07 04:00:00,0.85,0.75,sell
7700,2023-07-07 08:00:00,0.9,0.8,sell
7701,2023-07-07 12:00:00,0.9,0.85,sell
7702,2023-07-07 16:00:00,1.0,0.95,sell
7703,2023-07-07 20:00:00,0.95,0.9,sell
7716,2023-07-10 00:00:00,0.5,0.65,sell
7717,2023-07-10 04:00:00,0.4,0.55,sell
7718,2023-07-10 08:00:00,0.8,0.75,sell
7719,2023-07-10 12:00:00,0.8,0.7,sell
7720,2023-07-10 16:00:00,0.7,0.65,sell
7721,2023-07-10 20:00:00,0.7,0.75,sell
7722,2023-07-11 00:00:00,0.8,0.75,sell
7723,2023-07-11 04:00:00,0.8,0.7,buy
7724,2023-07-11 08:00:00,0.8,0.75,sell
7725,2023-07-11 12:00:00,0.8,0.75,buy
7726,2023-07-11 16:00:00,0.9,0.8,sell
7727,2023-07-11 20:00:00,0.9,0.8,sell
7728,2023-07-12 00:00:00,0.85,0.8,sell
7729,2023-07-12 04:00:00,0.85,0.8,sell
7730,2023-07-12 08:00:00,0.9,0.8,sell
7731,2023-07-12 12:00:00,0.85,0.75,sell
7732,2023-07-12 16:00:00,0.9,0.85,buy
7733,2023-07-12 20:00:00,0.9,0.85,buy
7734,2023-07-13 00:00:00,0.9,0.8,buy
7735,2023-07-13 04:00:00,0.9,0.85,buy
7736,2023-07-13 08:00:00,0.9,0.85,buy
7737,2023-07-13 12:00:00,0.9,0.85,buy
7738,2023-07-13 16:00:00,0.9,0.85,sell
7739,2023-07-13 20:00:00,0.9,0.8,sell
7740,2023-07-14 00:00:00,0.9,0.8,sell
7741,2023-07-14 04:00:00,0.85,0.75,sell
7742,2023-07-14 08:00:00,0.9,0.8,sell
7743,2023-07-14 12:00:00,0.9,0.8,sell
7744,2023-07-14 16:00:00,0.85,0.8,buy
7745,2023-07-14 20:00:00,0.9,0.8,sell
7758,2023-07-17 00:00:00,0.7,0.65,sell
7759,2023-07-17 04:00:00,0.65,0.6,sell
7760,2023-07-17 08:00:00,0.7,0.65,sell
7761,2023-07-17 12:00:00,0.8,0.65,sell
7762,2023-07-17 16:00:00,0.9,0.85,sell
7763,2023-07-17 20:00:00,0.85,0.8,sell
7764,2023-07-18 00:00:00,0.85,0.8,sell
7765,2023-07-18 04:00:00,0.8,0.75,sell
7766,2023-07-18 08:00:00,0.9,0.8,sell
7767,2023-07-18 12:00:00,0.9,0.85,sell
7768,2023-07-18 16:00:00,0.85,0.75,sell
7769,2023-07-18 20:00:00,0.75,0.65,sell
7770,2023-07-19 00:00:00,0.8,0.75,sell
7771,2023-07-19 04:00:00,0.8,0.7,sell
7772,2023-07-19 08:00:00,0.8,0.65,sell
7773,2023-07-19 12:00:00,0.75,0.65,buy
7774,2023-07-19 16:00:00,0.8,0.75,buy
7775,2023-07-19 20:00:00,0.8,0.75,sell
7776,2023-07-20 00:00:00,0.7,0.65,buy
7777,2023-07-20 04:00:00,0.8,0.65,sell
7778,2023-07-20 08:00:00,0.8,0.75,sell
7779,2023-07-20 12:00:00,0.8,0.7,buy
7780,2023-07-20 16:00:00,0.9,0.75,sell
7781,2023-07-20 20:00:00,0.85,0.7,sell
7782,2023-07-21 00:00:00,0.85,0.7,sell
7783,2023-07-21 04:00:00,0.8,0.7,sell
7784,2023-07-21 08:00:00,0.85,0.75,sell
7785,2023-07-21 12:00:00,0.8,0.75,sell
7786,2023-07-21 16:00:00,0.8,0.75,buy
7787,2023-07-21 20:00:00,0.7,0.65,sell
7800,2023-07-24 00:00:00,0.5,0.45,sell
7801,2023-07-24 04:00:00,0.5,0.5,sell
7802,2023-07-24 08:00:00,0.5,0.55,sell
7803,2023-07-24 12:00:00,0.75,0.65,sell
7804,2023-07-24 16:00:00,0.8,0.75,sell
7805,2023-07-24 20:00:00,0.85,0.8,sell
7806,2023-07-25 00:00:00,0.9,0.85,sell
7807,2023-07-25 04:00:00,0.9,0.85,sell
7808,2023-07-25 08:00:00,0.85,0.75,sell
7809,2023-07-25 12:00:00,0.9,0.85,sell
7810,2023-07-25 16:00:00,0.85,0.75,sell
7811,2023-07-25 20:00:00,0.9,0.9,sell
7812,2023-07-26 00:00:00,0.9,0.85,sell
7813,2023-07-26 04:00:00,0.9,0.9,sell
7814,2023-07-26 08:00:00,0.95,0.9,sell
7815,2023-07-26 12:00:00,0.9,0.85,sell
7816,2023-07-26 16:00:00,0.9,0.85,sell
7817,2023-07-26 20:00:00,0.8,0.65,buy
7818,2023-07-27 00:00:00,0.95,0.9,sell
7819,2023-07-27 04:00:00,0.9,0.85,sell
7820,2023-07-27 08:00:00,0.95,0.9,sell
7821,2023-07-27 12:00:00,0.95,0.9,sell
7822,2023-07-27 16:00:00,0.9,0.85,sell
7823,2023-07-27 20:00:00,0.95,0.9,sell
7824,2023-07-28 00:00:00,0.9,0.85,sell
7825,2023-07-28 04:00:00,0.95,0.9,sell
7826,2023-07-28 08:00:00,0.9,0.8,sell
7827,2023-07-28 12:00:00,0.95,0.9,sell
7828,2023-07-28 16:00:00,0.9,0.75,buy
7829,2023-07-28 20:00:00,0.9,0.75,buy
7842,2023-07-31 00:00:00,0.7,0.65,sell
7843,2023-07-31 04:00:00,0.8,0.75,sell
7844,2023-07-31 08:00:00,0.75,0.7,sell
7845,2023-07-31 12:00:00,0.85,0.75,sell
7846,2023-07-31 16:00:00,0.85,0.75,buy
7847,2023-07-31 20:00:00,0.85,0.75,buy
7848,2023-08-01 00:00:00,0.8,0.65,buy
7849,2023-08-01 04:00:00,0.8,0.65,buy
7850,2023-08-01 08:00:00,0.8,0.65,sell
7851,2023-08-01 12:00:00,0.85,0.7,buy
7852,2023-08-01 16:00:00,0.85,0.75,sell
7853,2023-08-01 20:00:00,0.85,0.75,sell
7854,2023-08-02 00:00:00,0.85,0.7,sell
7855,2023-08-02 04:00:00,0.9,0.8,buy
7856,2023-08-02 08:00:00,0.9,0.8,buy
7857,2023-08-02 12:00:00,0.85,0.75,buy
7858,2023-08-02 16:00:00,0.9,0.75,sell
7859,2023-08-02 20:00:00,0.9,0.8,sell
7860,2023-08-03 00:00:00,0.9,0.75,sell
7861,2023-08-03 04:00:00,0.9,0.7,sell
7862,2023-08-03 08:00:00,0.9,0.75,sell
7863,2023-08-03 12:00:00,0.9,0.8,sell
7864,2023-08-03 16:00:00,0.85,0.75,buy
7865,2023-08-03 20:00:00,0.85,0.75,sell
7866,2023-08-04 00:00:00,0.9,0.8,sell
7867,2023-08-04 04:00:00,0.85,0.8,sell
7868,2023-08-04 08:00:00,0.9,0.8,sell
7869,2023-08-04 12:00:00,0.9,0.8,sell
7870,2023-08-04 16:00:00,1.0,0.95,sell
7871,2023-08-04 20:00:00,1.0,0.95,sell
7884,2023-08-07 00:00:00,0.85,0.8,sell
7885,2023-08-07 04:00:00,0.75,0.7,sell
7886,2023-08-07 08:00:00,0.6,0.65,sell
7887,2023-08-07 12:00:00,0.9,0.85,sell
7888,2023-08-07 16:00:00,0.9,0.85,sell
7889,2023-08-07 20:00:00,0.9,0.85,sell
7890,2023-08-08 00:00:00,0.9,0.8,sell
7891,2023-08-08 04:00:00,0.9,0.8,sell
7892,2023-08-08 08:00:00,0.9,0.8,sell
7893,2023-08-08 12:00:00,0.8,0.75,sell
7894,2023-08-08 16:00:00,0.9,0.85,sell
7895,2023-08-08 20:00:00,0.85,0.8,sell
7896,2023-08-09 00:00:00,0.85,0.7,sell
7897,2023-08-09 04:00:00,0.8,0.75,sell
7898,2023-08-09 08:00:00,0.8,0.75,sell
7899,2023-08-09 12:00:00,0.8,0.75,sell
7900,2023-08-09 16:00:00,0.8,0.7,buy
7901,2023-08-09 20:00:00,0.85,0.8,sell
7902,2023-08-10 00:00:00,0.9,0.8,sell
7903,2023-08-10 04:00:00,0.9,0.8,sell
7904,2023-08-10 08:00:00,0.9,0.85,sell
7905,2023-08-10 12:00:00,0.9,0.8,sell
7906,2023-08-10 16:00:00,0.9,0.8,sell
7907,2023-08-10 20:00:00,0.9,0.8,sell
7908,2023-08-11 00:00:00,0.9,0.85,sell
7909,2023-08-11 04:00:00,0.95,0.85,sell
7910,2023-08-11 08:00:00,0.9,0.8,sell
7911,2023-08-11 12:00:00,0.9,0.8,sell
7912,2023-08-11 16:00:00,0.9,0.85,sell
7913,2023-08-11 20:00:00,0.9,0.85,sell
7926,2023-08-14 00:00:00,0.3,0.3,hold
7927,2023-08-14 04:00:00,0.3,0.4,sell
7928,2023-08-14 08:00:00,0.3,0.4,sell
7929,2023-08-14 12:00:00,0.4,0.5,sell
7930,2023-08-14 16:00:00,0.6,0.65,sell
7931,2023-08-14 20:00:00,0.3,0.2,hold
7932,2023-08-15 00:00:00,0.5,0.45,sell
7933,2023-08-15 04:00:00,0.2,0.3,hold
7934,2023-08-15 08:00:00,0.7,0.65,sell
7935,2023-08-15 12:00:00,0.7,0.65,sell
7936,2023-08-15 16:00:00,0.95,0.9,sell
7937,2023-08-15 20:00:00,0.9,0.85,sell
7938,2023-08-16 00:00:00,0.9,0.85,sell
7939,2023-08-16 04:00:00,0.9,0.85,sell
7940,2023-08-16 08:00:00,0.9,0.85,sell
7941,2023-08-16 12:00:00,0.9,0.8,sell
7942,2023-08-16 16:00:00,0.8,0.75,buy
7943,2023-08-16 20:00:00,0.7,0.65,sell
7944,2023-08-17 00:00:00,0.9,0.8,sell
7945,2023-08-17 04:00:00,0.9,0.85,sell
7946,2023-08-17 08:00:00,0.9,0.8,sell
7947,2023-08-17 12:00:00,0.85,0.8,sell
7948,2023-08-17 16:00:00,0.95,0.9,sell
7949,2023-08-17 20:00:00,0.9,0.8,sell
7950,2023-08-18 00:00:00,0.9,0.8,sell
7951,2023-08-18 04:00:00,0.9,0.8,sell
7952,2023-08-18 08:00:00,0.9,0.85,sell
7953,2023-08-18 12:00:00,0.9,0.85,sell
7954,2023-08-18 16:00:00,0.8,0.75,sell
7955,2023-08-18 20:00:00,0.7,0.65,sell
7968,2023-08-21 00:00:00,0.4,0.5,sell
7969,2023-08-21 04:00:00,0.4,0.45,sell
7970,2023-08-21 08:00:00,0.2,0.3,hold
7971,2023-08-21 12:00:00,0.7,0.65,buy
7972,2023-08-21 16:00:00,0.8,0.75,buy
7973,2023-08-21 20:00:00,0.7,0.65,buy
7974,2023-08-22 00:00:00,0.7,0.65,buy
7975,2023-08-22 04:00:00,0.75,0.65,buy
7976,2023-08-22 08:00:00,0.8,0.75,buy
7977,2023-08-22 12:00:00,0.7,0.65,sell
7978,2023-08-22 16:00:00,0.6,0.55,sell
7979,2023-08-22 20:00:00,0.85,0.75,buy
7980,2023-08-23 00:00:00,0.9,0.75,buy
7981,2023-08-23 04:00:00,0.85,0.75,buy
7982,2023-08-23 08:00:00,0.85,0.75,buy
7983,2023-08-23 12:00:00,0.85,0.75,sell
7984,2023-08-23 16:00:00,0.85,0.75,sell
7985,2023-08-23 20:00:00,0.85,0.7,buy
7986,2023-08-24 00:00:00,0.9,0.75,buy
7987,2023-08-24 04:00:00,0.85,0.7,buy
7988,2023-08-24 08:00:00,0.9,0.75,buy
7989,2023-08-24 12:00:00,0.85,0.75,sell
7990,2023-08-24 16:00:00,0.9,0.8,buy
7991,2023-08-24 20:00:00,0.85,0.7,sell
7992,2023-08-25 00:00:00,0.85,0.75,sell
7993,2023-08-25 04:00:00,0.85,0.75,sell
7994,2023-08-25 08:00:00,0.85,0.75,sell
7995,2023-08-25 12:00:00,0.9,0.82,sell
7996,2023-08-25 16:00:00,0.95,0.9,sell
7997,2023-08-25 20:00:00,0.8,0.75,sell
8010,2023-08-28 00:00:00,0.85,0.8,sell
8011,2023-08-28 04:00:00,0.85,0.8,sell
8012,2023-08-28 08:00:00,0.8,0.75,sell
8013,2023-08-28 12:00:00,0.8,0.75,sell
8014,2023-08-28 16:00:00,0.8,0.7,sell
8015,2023-08-28 20:00:00,0.9,0.8,sell
8016,2023-08-29 00:00:00,0.9,0.8,sell
8017,2023-08-29 04:00:00,0.85,0.8,sell
8018,2023-08-29 08:00:00,0.9,0.8,sell
8019,2023-08-29 12:00:00,0.8,0.75,sell
8020,2023-08-29 16:00:00,0.8,0.75,sell
8021,2023-08-29 20:00:00,0.9,0.8,buy
8022,2023-08-30 00:00:00,0.9,0.85,buy
8023,2023-08-30 04:00:00,0.9,0.85,buy
8024,2023-08-30 08:00:00,0.9,0.85,buy
8025,2023-08-30 12:00:00,0.9,0.85,buy
8026,2023-08-30 16:00:00,0.9,0.75,buy
8027,2023-08-30 20:00:00,0.8,0.75,sell
8028,2023-08-31 00:00:00,0.9,0.75,sell
8029,2023-08-31 04:00:00,0.9,0.8,sell
8030,2023-08-31 08:00:00,0.85,0.75,sell
8031,2023-08-31 12:00:00,0.9,0.75,buy
8032,2023-08-31 16:00:00,0.9,0.8,buy
8033,2023-08-31 20:00:00,0.9,0.75,sell
8034,2023-09-01 00:00:00,0.85,0.75,sell
8035,2023-09-01 04:00:00,0.85,0.75,sell
8036,2023-09-01 08:00:00,0.9,0.75,buy
8037,2023-09-01 12:00:00,0.85,0.75,sell
8038,2023-09-01 16:00:00,0.9,0.75,buy
8039,2023-09-01 20:00:00,0.95,0.9,sell
8052,2023-09-04 00:00:00,0.7,0.65,sell
8053,2023-09-04 04:00:00,0.6,0.6,sell
8054,2023-09-04 08:00:00,0.6,0.65,sell
8055,2023-09-04 12:00:00,0.85,0.8,sell
8056,2023-09-04 16:00:00,0.85,0.8,sell
8057,2023-09-04 20:00:00,0.9,0.85,sell
8058,2023-09-05 00:00:00,0.9,0.85,sell
8059,2023-09-05 04:00:00,0.75,0.8,sell
8060,2023-09-05 08:00:00,0.85,0.8,sell
8061,2023-09-05 12:00:00,0.9,0.85,sell
8062,2023-09-05 16:00:00,0.9,0.85,sell
8063,2023-09-05 20:00:00,0.85,0.75,sell
8064,2023-09-06 00:00:00,0.85,0.7,sell
8065,2023-09-06 04:00:00,0.85,0.7,buy
8066,2023-09-06 08:00:00,0.85,0.75,sell
8067,2023-09-06 12:00:00,0.9,0.8,sell
8068,2023-09-06 16:00:00,0.85,0.8,sell
8069,2023-09-06 20:00:00,0.9,0.8,sell
8070,2023-09-07 00:00:00,0.9,0.85,sell
8071,2023-09-07 04:00:00,0.9,0.8,sell
8072,2023-09-07 08:00:00,0.9,0.85,sell
8073,2023-09-07 12:00:00,0.95,0.9,sell
8074,2023-09-07 16:00:00,0.9,0.85,sell
8075,2023-09-07 20:00:00,0.9,0.85,sell
8076,2023-09-08 00:00:00,0.9,0.8,sell
8077,2023-09-08 04:00:00,0.9,0.8,sell
8078,2023-09-08 08:00:00,0.9,0.85,sell
8079,2023-09-08 12:00:00,0.85,0.8,sell
8080,2023-09-08 16:00:00,0.7,0.65,sell
8081,2023-09-08 20:00:00,0.8,0.75,sell
8094,2023-09-11 00:00:00,0.4,0.45,sell
8095,2023-09-11 04:00:00,0.5,0.65,sell
8096,2023-09-11 08:00:00,0.8,0.75,sell
8097,2023-09-11 12:00:00,0.7,0.65,sell
8098,2023-09-11 16:00:00,0.85,0.75,sell
8099,2023-09-11 20:00:00,0.8,0.75,sell
8100,2023-09-12 00:00:00,0.8,0.7,sell
8101,2023-09-12 04:00:00,0.8,0.75,sell
8102,2023-09-12 08:00:00,0.8,0.75,sell
8103,2023-09-12 12:00:00,0.8,0.75,sell
8104,2023-09-12 16:00:00,0.75,0.65,sell
8105,2023-09-12 20:00:00,0.9,0.8,sell
8106,2023-09-13 00:00:00,0.9,0.85,sell
8107,2023-09-13 04:00:00,0.85,0.8,sell
8108,2023-09-13 08:00:00,0.9,0.85,sell
8109,2023-09-13 12:00:00,0.9,0.85,sell
8110,2023-09-13 16:00:00,0.9,0.85,sell
8111,2023-09-13 20:00:00,0.9,0.85,sell
8112,2023-09-14 00:00:00,0.95,0.9,sell
8113,2023-09-14 04:00:00,0.9,0.85,sell
8114,2023-09-14 08:00:00,0.9,0.85,sell
8115,2023-09-14 12:00:00,0.9,0.85,sell
8116,2023-09-14 16:00:00,0.9,0.85,sell
8117,2023-09-14 20:00:00,0.9,0.85,sell
8118,2023-09-15 00:00:00,0.9,0.85,sell
8119,2023-09-15 04:00:00,0.95,0.9,sell
8120,2023-09-15 08:00:00,0.9,0.8,sell
8121,2023-09-15 12:00:00,0.9,0.85,sell
8122,2023-09-15 16:00:00,0.9,0.85,sell
8123,2023-09-15 20:00:00,0.75,0.65,sell
8136,2023-09-18 00:00:00,0.7,0.65,buy
8137,2023-09-18 04:00:00,0.8,0.75,buy
8138,2023-09-18 08:00:00,0.6,0.65,buy
8139,2023-09-18 12:00:00,0.6,0.65,buy
8140,2023-09-18 16:00:00,0.7,0.65,sell
8141,2023-09-18 20:00:00,0.7,0.65,buy
8142,2023-09-19 00:00:00,0.8,0.75,buy
8143,2023-09-19 04:00:00,0.8,0.75,buy
8144,2023-09-19 08:00:00,0.8,0.75,buy
8145,2023-09-19 12:00:00,0.85,0.7,sell
8146,2023-09-19 16:00:00,0.85,0.75,sell
8147,2023-09-19 20:00:00,0.85,0.75,sell
8148,2023-09-20 00:00:00,0.85,0.75,sell
8149,2023-09-20 04:00:00,0.85,0.7,sell
8150,2023-09-20 08:00:00,0.85,0.75,sell
8151,2023-09-20 12:00:00,0.85,0.8,sell
8152,2023-09-20 16:00:00,0.8,0.75,buy
8153,2023-09-20 20:00:00,0.85,0.75,sell
8154,2023-09-21 00:00:00,0.9,0.75,sell
8155,2023-09-21 04:00:00,0.9,0.75,sell
8156,2023-09-21 08:00:00,0.9,0.75,sell
8157,2023-09-21 12:00:00,0.9,0.8,sell
8158,2023-09-21 16:00:00,0.9,0.8,sell
8159,2023-09-21 20:00:00,0.9,0.85,sell
8160,2023-09-22 00:00:00,0.85,0.75,sell
8161,2023-09-22 04:00:00,0.9,0.8,sell
8162,2023-09-22 08:00:00,0.85,0.75,sell
8163,2023-09-22 12:00:00,0.9,0.85,sell
8164,2023-09-22 16:00:00,0.85,0.75,buy
8165,2023-09-22 20:00:00,0.8,0.75,sell
8178,2023-09-25 00:00:00,0.8,0.75,sell
8179,2023-09-25 04:00:00,0.2,0.2,hold
8180,2023-09-25 08:00:00,0.75,0.7,sell
8181,2023-09-25 12:00:00,0.85,0.8,sell
8182,2023-09-25 16:00:00,0.9,0.8,sell
8183,2023-09-25 20:00:00,0.9,0.85,sell
8184,2023-09-26 00:00:00,0.8,0.75,sell
8185,2023-09-26 04:00:00,0.8,0.7,sell
8186,2023-09-26 08:00:00,0.85,0.7,sell
8187,2023-09-26 12:00:00,0.8,0.7,buy
8188,2023-09-26 16:00:00,0.8,0.7,sell
8189,2023-09-26 20:00:00,0.9,0.85,buy
8190,2023-09-27 00:00:00,0.9,0.8,buy
8191,2023-09-27 04:00:00,0.9,0.8,buy
8192,2023-09-27 08:00:00,0.9,0.85,buy
8193,2023-09-27 12:00:00,0.9,0.8,buy
8194,2023-09-27 16:00:00,0.85,0.75,buy
8195,2023-09-27 20:00:00,0.9,0.8,sell
8196,2023-09-28 00:00:00,0.9,0.8,sell
8197,2023-09-28 04:00:00,0.9,0.8,sell
8198,2023-09-28 08:00:00,0.9,0.8,sell
8199,2023-09-28 12:00:00,0.85,0.75,sell
8200,2023-09-28 16:00:00,0.9,0.8,sell
8201,2023-09-28 20:00:00,0.85,0.75,sell
8202,2023-09-29 00:00:00,0.9,0.8,sell
8203,2023-09-29 04:00:00,0.9,0.75,sell
8204,2023-09-29 08:00:00,0.85,0.75,sell
8205,2023-09-29 12:00:00,0.9,0.8,sell
8206,2023-09-29 16:00:00,0.9,0.85,sell
8207,2023-09-29 20:00:00,0.9,0.8,sell
8220,2023-10-02 00:00:00,0.7,0.65,sell
8221,2023-10-02 04:00:00,0.5,0.6,sell
8222,2023-10-02 08:00:00,0.8,0.75,sell
8223,2023-10-02 12:00:00,0.8,0.65,sell
8224,2023-10-02 16:00:00,0.8,0.7,sell
8225,2023-10-02 20:00:00,0.9,0.85,sell
8226,2023-10-03 00:00:00,0.9,0.8,sell
8227,2023-10-03 04:00:00,0.9,0.85,sell
8228,2023-10-03 08:00:00,0.9,0.85,sell
8229,2023-10-03 12:00:00,0.95,0.9,sell
8230,2023-10-03 16:00:00,0.9,0.85,sell
8231,2023-10-03 20:00:00,0.9,0.85,sell
8232,2023-10-04 00:00:00,0.9,0.85,sell
8233,2023-10-04 04:00:00,0.9,0.85,sell
8234,2023-10-04 08:00:00,0.9,0.8,sell
8235,2023-10-04 12:00:00,0.9,0.8,sell
8236,2023-10-04 16:00:00,0.9,0.85,sell
8237,2023-10-04 20:00:00,0.9,0.8,sell
8238,2023-10-05 00:00:00,0.85,0.75,sell
8239,2023-10-05 04:00:00,0.9,0.85,sell
8240,2023-10-05 08:00:00,0.9,0.85,sell
8241,2023-10-05 12:00:00,0.9,0.85,sell
8242,2023-10-05 16:00:00,0.85,0.7,buy
8243,2023-10-05 20:00:00,0.8,0.75,sell
8244,2023-10-06 00:00:00,0.85,0.7,sell
8245,2023-10-06 04:00:00,0.8,0.75,sell
8246,2023-10-06 08:00:00,0.85,0.7,sell
8247,2023-10-06 12:00:00,0.9,0.75,buy
8248,2023-10-06 16:00:00,0.9,0.85,sell
8249,2023-10-06 20:00:00,0.9,0.85,sell
8262,2023-10-09 00:00:00,0.95,0.9,sell
8263,2023-10-09 04:00:00,0.9,0.85,sell
8264,2023-10-09 08:00:00,1.0,0.95,sell
8265,2023-10-09 12:00:00,0.95,0.9,sell
8266,2023-10-09 16:00:00,0.95,0.9,sell
8267,2023-10-09 20:00:00,0.95,0.9,sell
8268,2023-10-10 00:00:00,0.95,0.9,sell
8269,2023-10-10 04:00:00,0.95,0.9,sell
8270,2023-10-10 08:00:00,0.95,0.9,sell
8271,2023-10-10 12:00:00,0.9,0.85,sell
8272,2023-10-10 16:00:00,0.9,0.85,sell
8273,2023-10-10 20:00:00,0.9,0.9,sell
8274,2023-10-11 00:00:00,0.95,0.9,sell
8275,2023-10-11 04:00:00,0.95,0.9,sell
8276,2023-10-11 08:00:00,0.9,0.9,sell
8277,2023-10-11 12:00:00,0.9,0.85,sell
8278,2023-10-11 16:00:00,0.9,0.85,sell
8279,2023-10-11 20:00:00,0.95,0.9,sell
8280,2023-10-12 00:00:00,0.95,0.9,sell
8281,2023-10-12 04:00:00,0.95,0.95,sell
8282,2023-10-12 08:00:00,0.95,0.95,sell
8283,2023-10-12 12:00:00,0.95,0.9,sell
8284,2023-10-12 16:00:00,0.9,0.75,sell
8285,2023-10-12 20:00:00,0.9,0.85,sell
8286,2023-10-13 00:00:00,0.9,0.8,sell
8287,2023-10-13 04:00:00,0.9,0.85,sell
8288,2023-10-13 08:00:00,0.9,0.8,sell
8289,2023-10-13 12:00:00,0.9,0.8,sell
8290,2023-10-13 16:00:00,0.9,0.8,sell
8291,2023-10-13 20:00:00,0.9,0.8,sell
8304,2023-10-16 00:00:00,0.9,0.8,sell
8305,2023-10-16 04:00:00,0.9,0.8,sell
8306,2023-10-16 08:00:00,0.9,0.8,sell
8307,2023-10-16 12:00:00,0.85,0.7,sell
8308,2023-10-16 16:00:00,0.85,0.75,sell
8309,2023-10-16 20:00:00,0.85,0.75,sell
8310,2023-10-17 00:00:00,0.85,0.75,sell
8311,2023-10-17 04:00:00,0.8,0.65,buy
8312,2023-10-17 08:00:00,0.85,0.75,sell
8313,2023-10-17 12:00:00,0.85,0.75,sell
8314,2023-10-17 16:00:00,0.9,0.85,sell
8315,2023-10-17 20:00:00,0.9,0.85,sell
8316,2023-10-18 00:00:00,0.9,0.85,sell
8317,2023-10-18 04:00:00,0.95,0.9,sell
8318,2023-10-18 08:00:00,0.9,0.85,sell
8319,2023-10-18 12:00:00,0.9,0.85,sell
8320,2023-10-18 16:00:00,0.9,0.85,sell
8321,2023-10-18 20:00:00,0.9,0.8,sell
8322,2023-10-19 00:00:00,0.9,0.85,sell
8323,2023-10-19 04:00:00,0.85,0.7,buy
8324,2023-10-19 08:00:00,0.9,0.85,sell
8325,2023-10-19 12:00:00,0.85,0.8,sell
8326,2023-10-19 16:00:00,0.9,0.8,sell
8327,2023-10-19 20:00:00,0.9,0.85,sell
8328,2023-10-20 00:00:00,0.9,0.85,sell
8329,2023-10-20 04:00:00,0.9,0.85,sell
8330,2023-10-20 08:00:00,0.9,0.85,sell
8331,2023-10-20 12:00:00,0.9,0.85,sell
8332,2023-10-20 16:00:00,0.9,0.85,sell
8333,2023-10-20 20:00:00,0.9,0.85,sell
8346,2023-10-23 00:00:00,0.85,0.75,sell
8347,2023-10-23 04:00:00,0.9,0.8,sell
8348,2023-10-23 08:00:00,0.8,0.75,sell
8349,2023-10-23 12:00:00,0.8,0.75,sell
8350,2023-10-23 16:00:00,0.85,0.75,sell
8351,2023-10-23 20:00:00,0.8,0.7,sell
8352,2023-10-24 00:00:00,0.8,0.7,sell
8353,2023-10-24 04:00:00,0.8,0.7,sell
8354,2023-10-24 08:00:00,0.8,0.75,sell
8355,2023-10-24 12:00:00,0.95,0.9,sell
8356,2023-10-24 16:00:00,0.9,0.85,sell
8357,2023-10-24 20:00:00,0.9,0.85,sell
8358,2023-10-25 00:00:00,0.9,0.85,sell
8359,2023-10-25 04:00:00,0.95,0.9,sell
8360,2023-10-25 08:00:00,0.95,0.9,sell
8361,2023-10-25 12:00:00,0.9,0.8,sell
8362,2023-10-25 16:00:00,0.9,0.8,sell
8363,2023-10-25 20:00:00,0.9,0.85,sell
8364,2023-10-26 00:00:00,0.9,0.85,sell
8365,2023-10-26 04:00:00,0.9,0.85,sell
8366,2023-10-26 08:00:00,0.9,0.85,sell
8367,2023-10-26 12:00:00,0.9,0.85,sell
8368,2023-10-26 16:00:00,0.95,0.9,sell
8369,2023-10-26 20:00:00,0.95,0.9,sell
8370,2023-10-27 00:00:00,0.95,0.9,sell
8371,2023-10-27 04:00:00,0.95,0.9,sell
8372,2023-10-27 08:00:00,0.95,0.9,sell
8373,2023-10-27 12:00:00,0.95,0.9,sell
8374,2023-10-27 16:00:00,0.9,0.85,sell
8375,2023-10-27 20:00:00,0.95,0.95,sell
8388,2023-10-30 00:00:00,0.1,0.8,hold
8389,2023-10-30 04:00:00,0.7,0.65,sell
8390,2023-10-30 08:00:00,0.8,0.75,sell
8391,2023-10-30 12:00:00,0.9,0.85,sell
8392,2023-10-30 16:00:00,0.9,0.85,sell
8393,2023-10-30 20:00:00,0.95,0.9,sell
8394,2023-10-31 00:00:00,0.95,0.9,sell
8395,2023-10-31 04:00:00,0.9,0.85,sell
8396,2023-10-31 08:00:00,0.9,0.85,sell
8397,2023-10-31 12:00:00,0.85,0.75,sell
8398,2023-10-31 16:00:00,0.95,0.9,sell
8399,2023-10-31 20:00:00,0.9,0.85,sell
8400,2023-11-01 00:00:00,0.9,0.85,sell
8401,2023-11-01 04:00:00,0.9,0.85,sell
8402,2023-11-01 08:00:00,0.9,0.85,sell
8403,2023-11-01 12:00:00,0.95,0.9,sell
8404,2023-11-01 16:00:00,0.9,0.85,sell
8405,2023-11-01 20:00:00,0.9,0.75,sell
8406,2023-11-02 00:00:00,0.85,0.75,sell
8407,2023-11-02 04:00:00,0.9,0.8,sell
8408,2023-11-02 08:00:00,0.9,0.8,sell
8409,2023-11-02 12:00:00,0.9,0.8,sell
8410,2023-11-02 16:00:00,0.9,0.75,buy
8411,2023-11-02 20:00:00,0.9,0.85,sell
8412,2023-11-03 00:00:00,0.85,0.8,sell
8413,2023-11-03 04:00:00,0.85,0.7,sell
8414,2023-11-03 08:00:00,0.85,0.75,sell
8415,2023-11-03 12:00:00,0.9,0.8,sell
8416,2023-11-03 16:00:00,0.9,0.8,sell
8417,2023-11-03 20:00:00,0.9,0.8,buy
8430,2023-11-06 00:00:00,0.8,0.7,sell
8431,2023-11-06 04:00:00,0.8,0.7,sell
8432,2023-11-06 08:00:00,0.8,0.75,sell
8433,2023-11-06 12:00:00,0.8,0.75,sell
8434,2023-11-06 16:00:00,0.9,0.85,sell
8435,2023-11-06 20:00:00,0.9,0.8,sell
8436,2023-11-07 00:00:00,0.9,0.8,sell
8437,2023-11-07 04:00:00,0.85,0.8,sell
8438,2023-11-07 08:00:00,0.9,0.85,sell
8439,2023-11-07 12:00:00,0.8,0.75,sell
8440,2023-11-07 16:00:00,0.8,0.7,sell
8441,2023-11-07 20:00:00,0.85,0.7,sell
8442,2023-11-08 00:00:00,0.9,0.85,sell
8443,2023-11-08 04:00:00,0.85,0.8,sell
8444,2023-11-08 08:00:00,0.8,0.75,sell
8445,2023-11-08 12:00:00,0.8,0.65,sell
8446,2023-11-08 16:00:00,0.8,0.7,sell
8447,2023-11-08 20:00:00,0.8,0.75,sell
8448,2023-11-09 00:00:00,0.85,0.75,buy
8449,2023-11-09 04:00:00,0.8,0.65,buy
8450,2023-11-09 08:00:00,0.8,0.75,sell
8451,2023-11-09 12:00:00,0.8,0.75,sell
8452,2023-11-09 16:00:00,0.85,0.8,sell
8453,2023-11-09 20:00:00,0.9,0.8,buy
8454,2023-11-10 00:00:00,0.85,0.75,buy
8455,2023-11-10 04:00:00,0.85,0.75,buy
8456,2023-11-10 08:00:00,0.85,0.75,buy
8457,2023-11-10 12:00:00,0.85,0.7,buy
8458,2023-11-10 16:00:00,0.85,0.75,buy
8459,2023-11-10 20:00:00,0.9,0.8,sell
8472,2023-11-13 00:00:00,0.8,0.75,sell
8473,2023-11-13 04:00:00,0.8,0.75,sell
8474,2023-11-13 08:00:00,0.7,0.65,sell
8475,2023-11-13 12:00:00,0.8,0.7,sell
8476,2023-11-13 16:00:00,0.75,0.7,sell
8477,2023-11-13 20:00:00,0.8,0.75,sell
8478,2023-11-14 00:00:00,0.8,0.7,sell
8479,2023-11-14 04:00:00,0.75,0.65,sell
8480,2023-11-14 08:00:00,0.8,0.7,sell
8481,2023-11-14 12:00:00,0.65,0.6,sell
8482,2023-11-14 16:00:00,0.85,0.75,buy
8483,2023-11-14 20:00:00,0.9,0.8,buy
8484,2023-11-15 00:00:00,0.9,0.8,buy
8485,2023-11-15 04:00:00,0.9,0.8,buy
8486,2023-11-15 08:00:00,0.9,0.8,buy
8487,2023-11-15 12:00:00,0.9,0.8,buy
8488,2023-11-15 16:00:00,0.9,0.8,buy
8489,2023-11-15 20:00:00,0.9,0.85,buy
8490,2023-11-16 00:00:00,0.9,0.75,buy
8491,2023-11-16 04:00:00,0.85,0.75,sell
8492,2023-11-16 08:00:00,0.9,0.75,buy
8493,2023-11-16 12:00:00,0.85,0.7,sell
8494,2023-11-16 16:00:00,0.9,0.8,buy
8495,2023-11-16 20:00:00,0.9,0.8,buy
8496,2023-11-17 00:00:00,0.9,0.85,buy
8497,2023-11-17 04:00:00,0.9,0.85,buy
8498,2023-11-17 08:00:00,0.9,0.8,buy
8499,2023-11-17 12:00:00,0.9,0.8,buy
8500,2023-11-17 16:00:00,0.9,0.8,buy
8501,2023-11-17 20:00:00,0.8,0.7,buy
8514,2023-11-20 00:00:00,0.6,0.55,sell
8515,2023-11-20 04:00:00,0.7,0.65,sell
8516,2023-11-20 08:00:00,0.6,0.65,sell
8517,2023-11-20 12:00:00,0.8,0.7,sell
8518,2023-11-20 16:00:00,0.8,0.7,sell
8519,2023-11-20 20:00:00,0.8,0.75,buy
8520,2023-11-21 00:00:00,0.8,0.7,buy
8521,2023-11-21 04:00:00,0.8,0.75,buy
8522,2023-11-21 08:00:00,0.85,0.75,sell
8523,2023-11-21 12:00:00,0.85,0.75,sell
8524,2023-11-21 16:00:00,0.85,0.75,sell
8525,2023-11-21 20:00:00,0.85,0.7,buy
8526,2023-11-22 00:00:00,0.85,0.65,buy
8527,2023-11-22 04:00:00,0.9,0.8,sell
8528,2023-11-22 08:00:00,0.85,0.75,sell
8529,2023-11-22 12:00:00,0.85,0.75,buy
8530,2023-11-22 16:00:00,0.85,0.75,buy
8531,2023-11-22 20:00:00,0.85,0.65,buy
8532,2023-11-23 00:00:00,0.85,0.75,sell
8533,2023-11-23 04:00:00,0.85,0.75,sell
8534,2023-11-23 08:00:00,0.85,0.7,sell
8535,2023-11-23 12:00:00,0.85,0.75,buy
8536,2023-11-23 16:00:00,0.85,0.75,sell
8537,2023-11-23 20:00:00,0.85,0.75,buy
8538,2023-11-24 00:00:00,0.85,0.75,buy
8539,2023-11-24 04:00:00,0.85,0.75,buy
8540,2023-11-24 08:00:00,0.85,0.75,buy
8541,2023-11-24 12:00:00,0.8,0.7,buy
8542,2023-11-24 16:00:00,0.8,0.75,buy
8543,2023-11-24 20:00:00,0.8,0.75,sell
8556,2023-11-27 00:00:00,0.7,0.65,sell
8557,2023-11-27 04:00:00,0.4,0.55,sell
8558,2023-11-27 08:00:00,0.7,0.65,sell
8559,2023-11-27 12:00:00,0.7,0.65,sell
8560,2023-11-27 16:00:00,0.7,0.65,sell
8561,2023-11-27 20:00:00,0.85,0.75,buy
8562,2023-11-28 00:00:00,0.85,0.75,buy
8563,2023-11-28 04:00:00,0.9,0.8,buy
8564,2023-11-28 08:00:00,0.85,0.75,buy
8565,2023-11-28 12:00:00,0.85,0.7,buy
8566,2023-11-28 16:00:00,0.85,0.7,buy
8567,2023-11-28 20:00:00,0.85,0.75,sell
8568,2023-11-29 00:00:00,0.85,0.75,buy
8569,2023-11-29 04:00:00,0.85,0.75,buy
8570,2023-11-29 08:00:00,0.8,0.65,buy
8571,2023-11-29 12:00:00,0.8,0.75,sell
8572,2023-11-29 16:00:00,0.9,0.85,sell
8573,2023-11-29 20:00:00,0.95,0.9,sell
8574,2023-11-30 00:00:00,0.95,0.9,sell
8575,2023-11-30 04:00:00,0.95,0.9,sell
8576,2023-11-30 08:00:00,0.9,0.85,sell
8577,2023-11-30 12:00:00,0.95,0.95,sell
8578,2023-11-30 16:00:00,0.95,0.9,sell
8579,2023-11-30 20:00:00,0.8,0.75,sell
8580,2023-12-01 00:00:00,0.9,0.75,buy
8581,2023-12-01 04:00:00,0.8,0.75,sell
8582,2023-12-01 08:00:00,0.8,0.7,sell
8583,2023-12-01 12:00:00,0.9,0.8,sell
8584,2023-12-01 16:00:00,0.85,0.7,buy
8585,2023-12-01 20:00:00,0.9,0.75,buy
8598,2023-12-04 00:00:00,0.8,0.75,sell
8599,2023-12-04 04:00:00,0.8,0.75,sell
8600,2023-12-04 08:00:00,0.8,0.75,sell
8601,2023-12-04 12:00:00,0.85,0.75,buy
8602,2023-12-04 16:00:00,0.8,0.7,buy
8603,2023-12-04 20:00:00,0.9,0.8,buy
8604,2023-12-05 00:00:00,0.9,0.8,buy
8605,2023-12-05 04:00:00,0.9,0.8,buy
8606,2023-12-05 08:00:00,0.9,0.8,buy
8607,2023-12-05 12:00:00,0.9,0.85,buy
8608,2023-12-05 16:00:00,0.9,0.8,buy
8609,2023-12-05 20:00:00,0.9,0.85,buy
8610,2023-12-06 00:00:00,0.9,0.85,buy
8611,2023-12-06 04:00:00,0.9,0.8,buy
8612,2023-12-06 08:00:00,0.9,0.85,buy
8613,2023-12-06 12:00:00,0.9,0.75,buy
8614,2023-12-06 16:00:00,0.85,0.75,buy
8615,2023-12-06 20:00:00,0.9,0.85,sell
8616,2023-12-07 00:00:00,0.9,0.85,sell
8617,2023-12-07 04:00:00,0.9,0.85,sell
8618,2023-12-07 08:00:00,0.9,0.85,sell
8619,2023-12-07 12:00:00,0.95,0.9,sell
8620,2023-12-07 16:00:00,0.9,0.85,sell
8621,2023-12-07 20:00:00,0.85,0.75,sell
8622,2023-12-08 00:00:00,0.8,0.65,buy
8623,2023-12-08 04:00:00,0.8,0.65,sell
8624,2023-12-08 08:00:00,0.8,0.75,sell
8625,2023-12-08 12:00:00,0.8,0.65,buy
8626,2023-12-08 16:00:00,0.8,0.65,buy
8627,2023-12-08 20:00:00,0.95,0.95,sell
8640,2023-12-11 00:00:00,0.7,0.65,sell
8641,2023-12-11 04:00:00,0.5,0.55,sell
8642,2023-12-11 08:00:00,0.7,0.65,sell
8643,2023-12-11 12:00:00,0.5,0.45,sell
8644,2023-12-11 16:00:00,0.2,0.8,hold
8645,2023-12-11 20:00:00,0.7,0.65,buy
8646,2023-12-12 00:00:00,0.8,0.7,buy
8647,2023-12-12 04:00:00,0.8,0.75,buy
8648,2023-12-12 08:00:00,0.8,0.75,buy
8649,2023-12-12 12:00:00,0.8,0.75,buy
8650,2023-12-12 16:00:00,0.9,0.8,buy
8651,2023-12-12 20:00:00,0.9,0.75,sell
8652,2023-12-13 00:00:00,0.85,0.65,buy
8653,2023-12-13 04:00:00,0.9,0.75,sell
8654,2023-12-13 08:00:00,0.9,0.75,sell
8655,2023-12-13 12:00:00,0.9,0.8,sell
8656,2023-12-13 16:00:00,0.85,0.75,sell
8657,2023-12-13 20:00:00,0.9,0.8,buy
8658,2023-12-14 00:00:00,0.9,0.75,sell
8659,2023-12-14 04:00:00,0.9,0.75,sell
8660,2023-12-14 08:00:00,0.9,0.75,sell
8661,2023-12-14 12:00:00,0.9,0.75,sell
8662,2023-12-14 16:00:00,0.85,0.8,buy
8663,2023-12-14 20:00:00,0.9,0.85,sell
8664,2023-12-15 00:00:00,0.9,0.75,sell
8665,2023-12-15 04:00:00,0.9,0.75,sell
8666,2023-12-15 08:00:00,0.9,0.8,sell
8667,2023-12-15 12:00:00,0.9,0.85,sell
8668,2023-12-15 16:00:00,0.9,0.85,sell
8669,2023-12-15 20:00:00,0.85,0.75,sell
8682,2023-12-18 00:00:00,0.6,0.65,sell
8683,2023-12-18 04:00:00,0.8,0.75,sell
8684,2023-12-18 08:00:00,0.8,0.75,sell
8685,2023-12-18 12:00:00,0.8,0.75,sell
8686,2023-12-18 16:00:00,0.9,0.85,sell
8687,2023-12-18 20:00:00,0.9,0.85,sell
8688,2023-12-19 00:00:00,0.9,0.85,sell
8689,2023-12-19 04:00:00,0.9,0.85,sell
8690,2023-12-19 08:00:00,0.9,0.8,sell
8691,2023-12-19 12:00:00,0.9,0.8,sell
8692,2023-12-19 16:00:00,0.85,0.75,sell
8693,2023-12-19 20:00:00,0.9,0.8,sell
8694,2023-12-20 00:00:00,0.8,0.65,sell
8695,2023-12-20 04:00:00,0.85,0.75,sell
8696,2023-12-20 08:00:00,0.8,0.75,sell
8697,2023-12-20 12:00:00,0.85,0.75,sell
8698,2023-12-20 16:00:00,0.85,0.8,sell
8699,2023-12-20 20:00:00,0.9,0.8,sell
8700,2023-12-21 00:00:00,0.9,0.85,sell
8701,2023-12-21 04:00:00,0.9,0.82,sell
8702,2023-12-21 08:00:00,0.9,0.8,sell
8703,2023-12-21 12:00:00,0.85,0.75,sell
8704,2023-12-21 16:00:00,0.9,0.8,sell
8705,2023-12-21 20:00:00,0.9,0.8,buy
8706,2023-12-22 00:00:00,0.85,0.75,buy
8707,2023-12-22 04:00:00,0.9,0.8,buy
8708,2023-12-22 08:00:00,0.9,0.8,buy
8709,2023-12-22 12:00:00,0.9,0.8,buy
8710,2023-12-22 16:00:00,0.85,0.75,buy
8711,2023-12-22 20:00:00,0.9,0.8,buy
8724,2023-12-25 00:00:00,0.8,0.75,sell
8730,2023-12-26 00:00:00,0.6,0.6,sell
8731,2023-12-26 04:00:00,0.6,0.65,sell
8732,2023-12-26 08:00:00,0.8,0.7,sell
8733,2023-12-26 12:00:00,0.6,0.65,sell
8734,2023-12-26 16:00:00,0.7,0.65,sell
8735,2023-12-26 20:00:00,0.8,0.75,sell
8736,2023-12-27 00:00:00,0.8,0.7,sell
8737,2023-12-27 04:00:00,0.8,0.75,sell
8738,2023-12-27 08:00:00,0.8,0.75,sell
8739,2023-12-27 12:00:00,0.9,0.8,sell
8740,2023-12-27 16:00:00,0.9,0.8,sell
8741,2023-12-27 20:00:00,0.85,0.75,sell
8742,2023-12-28 00:00:00,0.8,0.75,sell
8743,2023-12-28 04:00:00,0.85,0.75,sell
8744,2023-12-28 08:00:00,0.8,0.75,sell
8745,2023-12-28 12:00:00,0.85,0.7,sell
8746,2023-12-28 16:00:00,0.7,0.65,sell
8747,2023-12-28 20:00:00,0.85,0.8,buy
8748,2023-12-29 00:00:00,0.85,0.75,buy
8749,2023-12-29 04:00:00,0.9,0.8,buy
8750,2023-12-29 08:00:00,0.9,0.8,buy
8751,2023-12-29 12:00:00,0.85,0.75,buy
8752,2023-12-29 16:00:00,0.85,0.75,buy
8753,2023-12-29 20:00:00,0.8,0.75,buy
8772,2024-01-02 00:00:00,0.3,0.2,hold
8773,2024-01-02 04:00:00,0.4,0.5,sell
8774,2024-01-02 08:00:00,0.6,0.6,sell
8775,2024-01-02 12:00:00,0.85,0.75,buy
8776,2024-01-02 16:00:00,0.8,0.75,buy
8777,2024-01-02 20:00:00,0.9,0.8,buy
8778,2024-01-03 00:00:00,0.85,0.75,buy
8779,2024-01-03 04:00:00,0.85,0.75,buy
8780,2024-01-03 08:00:00,0.9,0.8,buy
8781,2024-01-03 12:00:00,0.8,0.75,sell
8782,2024-01-03 16:00:00,0.8,0.75,sell
8783,2024-01-03 20:00:00,0.8,0.75,sell
8784,2024-01-04 00:00:00,0.9,0.75,sell
8785,2024-01-04 04:00:00,0.9,0.85,sell
8786,2024-01-04 08:00:00,0.85,0.75,sell
8787,2024-01-04 12:00:00,0.85,0.75,buy
8788,2024-01-04 16:00:00,0.9,0.8,buy
8789,2024-01-04 20:00:00,0.9,0.9,sell
8790,2024-01-05 00:00:00,0.9,0.85,sell
8791,2024-01-05 04:00:00,0.95,0.9,sell
8792,2024-01-05 08:00:00,0.9,0.85,sell
8793,2024-01-05 12:00:00,0.95,0.9,sell
8794,2024-01-05 16:00:00,0.9,0.75,buy
8795,2024-01-05 20:00:00,0.9,0.85,sell
8808,2024-01-08 00:00:00,0.6,0.65,buy
8809,2024-01-08 04:00:00,0.7,0.65,buy
8810,2024-01-08 08:00:00,0.5,0.6,sell
8811,2024-01-08 12:00:00,0.8,0.75,buy
8812,2024-01-08 16:00:00,0.85,0.75,sell
8813,2024-01-08 20:00:00,0.85,0.75,sell
8814,2024-01-09 00:00:00,0.85,0.7,buy
8815,2024-01-09 04:00:00,0.85,0.75,sell
8816,2024-01-09 08:00:00,0.9,0.8,sell
8817,2024-01-09 12:00:00,0.9,0.8,sell
8818,2024-01-09 16:00:00,0.75,0.65,sell
8819,2024-01-09 20:00:00,0.8,0.7,sell
8820,2024-01-10 00:00:00,0.8,0.75,buy
8821,2024-01-10 04:00:00,0.8,0.75,buy
8822,2024-01-10 08:00:00,0.8,0.75,buy
8823,2024-01-10 12:00:00,0.8,0.7,buy
8824,2024-01-10 16:00:00,0.85,0.75,sell
8825,2024-01-10 20:00:00,0.8,0.75,sell
8826,2024-01-11 00:00:00,0.8,0.65,buy
8827,2024-01-11 04:00:00,0.9,0.8,buy
8828,2024-01-11 08:00:00,0.85,0.75,sell
8829,2024-01-11 12:00:00,0.85,0.7,buy
8830,2024-01-11 16:00:00,0.85,0.7,buy
8831,2024-01-11 20:00:00,0.9,0.85,sell
8832,2024-01-12 00:00:00,0.85,0.75,sell
8833,2024-01-12 04:00:00,0.9,0.75,sell
8834,2024-01-12 08:00:00,0.9,0.8,sell
8835,2024-01-12 12:00:00,0.9,0.8,sell
8836,2024-01-12 16:00:00,0.85,0.75,sell
8837,2024-01-12 20:00:00,0.9,0.8,buy
8850,2024-01-15 00:00:00,0.7,0.6,sell
8851,2024-01-15 04:00:00,0.6,0.6,sell
8852,2024-01-15 08:00:00,0.4,0.5,sell
8853,2024-01-15 12:00:00,0.7,0.65,sell
8854,2024-01-15 16:00:00,0.8,0.7,sell
8855,2024-01-15 20:00:00,0.75,0.65,buy
8856,2024-01-16 00:00:00,0.85,0.7,sell
8857,2024-01-16 04:00:00,0.85,0.75,sell
8858,2024-01-16 08:00:00,0.8,0.75,sell
8859,2024-01-16 12:00:00,0.85,0.7,sell
8860,2024-01-16 16:00:00,0.85,0.8,sell
8861,2024-01-16 20:00:00,0.85,0.75,buy
8862,2024-01-17 00:00:00,0.85,0.75,buy
8863,2024-01-17 04:00:00,0.85,0.75,buy
8864,2024-01-17 08:00:00,0.85,0.75,buy
8865,2024-01-17 12:00:00,0.85,0.7,buy
8866,2024-01-17 16:00:00,0.8,0.75,sell
8867,2024-01-17 20:00:00,0.9,0.85,sell
8868,2024-01-18 00:00:00,0.9,0.85,sell
8869,2024-01-18 04:00:00,0.9,0.8,sell
8870,2024-01-18 08:00:00,0.9,0.85,sell
8871,2024-01-18 12:00:00,0.9,0.85,sell
8872,2024-01-18 16:00:00,0.9,0.8,sell
8873,2024-01-18 20:00:00,0.85,0.75,sell
8874,2024-01-19 00:00:00,0.9,0.8,sell
8875,2024-01-19 04:00:00,0.9,0.8,sell
8876,2024-01-19 08:00:00,0.9,0.8,sell
8877,2024-01-19 12:00:00,0.9,0.85,sell
8878,2024-01-19 16:00:00,0.9,0.85,sell
8879,2024-01-19 20:00:00,0.9,0.85,sell
8892,2024-01-22 00:00:00,0.8,0.7,sell
8893,2024-01-22 04:00:00,0.75,0.65,sell
8894,2024-01-22 08:00:00,0.7,0.65,sell
8895,2024-01-22 12:00:00,0.7,0.65,sell
8896,2024-01-22 16:00:00,0.5,0.55,buy
8897,2024-01-22 20:00:00,0.3,0.7,hold
8898,2024-01-23 00:00:00,0.4,0.5,sell
8899,2024-01-23 04:00:00,0.7,0.6,sell
8900,2024-01-23 08:00:00,0.8,0.75,sell
8901,2024-01-23 12:00:00,0.75,0.7,sell
8902,2024-01-23 16:00:00,0.7,0.65,sell
8903,2024-01-23 20:00:00,0.7,0.65,sell
8904,2024-01-24 00:00:00,0.75,0.8,sell
8905,2024-01-24 04:00:00,0.8,0.75,sell
8906,2024-01-24 08:00:00,0.7,0.65,sell
8907,2024-01-24 12:00:00,0.7,0.65,sell
8908,2024-01-24 16:00:00,0.75,0.65,buy
8909,2024-01-24 20:00:00,0.8,0.7,sell
8910,2024-01-25 00:00:00,0.8,0.75,sell
8911,2024-01-25 04:00:00,0.85,0.75,sell
8912,2024-01-25 08:00:00,0.85,0.75,sell
8913,2024-01-25 12:00:00,0.8,0.7,sell
8914,2024-01-25 16:00:00,0.85,0.7,sell
8915,2024-01-25 20:00:00,0.85,0.75,buy
8916,2024-01-26 00:00:00,0.9,0.8,buy
8917,2024-01-26 04:00:00,0.9,0.8,buy
8918,2024-01-26 08:00:00,0.9,0.8,buy
8919,2024-01-26 12:00:00,0.9,0.8,buy
8920,2024-01-26 16:00:00,0.9,0.85,buy
8921,2024-01-26 20:00:00,0.85,0.75,buy
8934,2024-01-29 00:00:00,0.85,0.75,sell
8935,2024-01-29 04:00:00,0.8,0.75,sell
8936,2024-01-29 08:00:00,0.8,0.75,sell
8937,2024-01-29 12:00:00,0.9,0.8,sell
8938,2024-01-29 16:00:00,0.85,0.75,sell
8939,2024-01-29 20:00:00,0.85,0.75,sell
8940,2024-01-30 00:00:00,0.85,0.75,sell
8941,2024-01-30 04:00:00,0.8,0.75,sell
8942,2024-01-30 08:00:00,0.85,0.75,sell
8943,2024-01-30 12:00:00,0.85,0.7,sell
8944,2024-01-30 16:00:00,0.9,0.85,sell
8945,2024-01-30 20:00:00,0.95,0.9,sell
8946,2024-01-31 00:00:00,1.0,0.95,sell
8947,2024-01-31 04:00:00,0.95,0.9,sell
8948,2024-01-31 08:00:00,0.95,0.9,sell
8949,2024-01-31 12:00:00,0.95,0.9,sell
8950,2024-01-31 16:00:00,0.95,0.9,sell
8951,2024-01-31 20:00:00,0.9,0.85,buy
8952,2024-02-01 00:00:00,0.9,0.8,sell
8953,2024-02-01 04:00:00,0.85,0.75,buy
8954,2024-02-01 08:00:00,0.9,0.8,sell
8955,2024-02-01 12:00:00,0.9,0.7,buy
8956,2024-02-01 16:00:00,0.85,0.75,buy
8957,2024-02-01 20:00:00,0.9,0.8,sell
8958,2024-02-02 00:00:00,0.9,0.8,sell
8959,2024-02-02 04:00:00,0.9,0.8,sell
8960,2024-02-02 08:00:00,0.9,0.8,sell
8961,2024-02-02 12:00:00,0.9,0.8,sell
8962,2024-02-02 16:00:00,0.9,0.8,sell
8963,2024-02-02 20:00:00,0.95,0.95,sell
8976,2024-02-05 00:00:00,0.85,0.8,sell
8977,2024-02-05 04:00:00,0.7,0.75,sell
8978,2024-02-05 08:00:00,0.8,0.75,sell
8979,2024-02-05 12:00:00,0.85,0.8,sell
8980,2024-02-05 16:00:00,0.8,0.75,sell
8981,2024-02-05 20:00:00,0.95,0.9,sell
8982,2024-02-06 00:00:00,0.95,0.9,sell
8983,2024-02-06 04:00:00,0.95,0.9,sell
8984,2024-02-06 08:00:00,0.9,0.9,sell
8985,2024-02-06 12:00:00,0.9,0.85,sell
8986,2024-02-06 16:00:00,0.9,0.85,sell
8987,2024-02-06 20:00:00,0.9,0.8,buy
8988,2024-02-07 00:00:00,0.7,0.65,buy
8989,2024-02-07 04:00:00,0.7,0.65,buy
8990,2024-02-07 08:00:00,0.8,0.7,buy
8991,2024-02-07 12:00:00,0.9,0.85,sell
8992,2024-02-07 16:00:00,0.9,0.8,sell
8993,2024-02-07 20:00:00,0.7,0.65,buy
8994,2024-02-08 00:00:00,0.85,0.75,sell
8995,2024-02-08 04:00:00,0.8,0.75,sell
8996,2024-02-08 08:00:00,0.85,0.75,sell
8997,2024-02-08 12:00:00,0.85,0.75,sell
8998,2024-02-08 16:00:00,0.85,0.7,sell
8999,2024-02-08 20:00:00,0.85,0.7,sell
9000,2024-02-09 00:00:00,0.8,0.75,sell
9001,2024-02-09 04:00:00,0.8,0.7,sell
9002,2024-02-09 08:00:00,0.8,0.65,sell
9003,2024-02-09 12:00:00,0.8,0.7,sell
9004,2024-02-09 16:00:00,0.85,0.8,sell
9005,2024-02-09 20:00:00,0.85,0.75,sell
9018,2024-02-12 00:00:00,0.5,0.6,sell
9019,2024-02-12 04:00:00,0.6,0.6,sell
9020,2024-02-12 08:00:00,0.2,0.2,hold
9021,2024-02-12 12:00:00,0.3,0.45,sell
9022,2024-02-12 16:00:00,0.5,0.6,sell
9023,2024-02-12 20:00:00,0.6,0.65,sell
9024,2024-02-13 00:00:00,0.7,0.6,buy
9025,2024-02-13 04:00:00,0.7,0.65,sell
9026,2024-02-13 08:00:00,0.7,0.65,sell
9027,2024-02-13 12:00:00,0.6,0.55,sell
9028,2024-02-13 16:00:00,0.8,0.75,buy
9029,2024-02-13 20:00:00,0.9,0.8,sell
9030,2024-02-14 00:00:00,0.9,0.85,sell
9031,2024-02-14 04:00:00,0.9,0.8,sell
9032,2024-02-14 08:00:00,0.9,0.8,sell
9033,2024-02-14 12:00:00,0.9,0.8,sell
9034,2024-02-14 16:00:00,0.9,0.85,sell
9035,2024-02-14 20:00:00,0.8,0.7,buy
9036,2024-02-15 00:00:00,0.8,0.75,buy
9037,2024-02-15 04:00:00,0.8,0.75,buy
9038,2024-02-15 08:00:00,0.8,0.75,buy
9039,2024-02-15 12:00:00,0.9,0.85,buy
9040,2024-02-15 16:00:00,0.75,0.65,buy
9041,2024-02-15 20:00:00,0.9,0.75,buy
9042,2024-02-16 00:00:00,0.85,0.75,buy
9043,2024-02-16 04:00:00,0.85,0.75,buy
9044,2024-02-16 08:00:00,0.9,0.65,buy
9045,2024-02-16 12:00:00,0.9,0.75,buy
9046,2024-02-16 16:00:00,0.85,0.7,buy
9047,2024-02-16 20:00:00,0.9,0.85,sell
9060,2024-02-19 00:00:00,0.8,0.75,sell
9061,2024-02-19 04:00:00,0.8,0.7,sell
9062,2024-02-19 08:00:00,0.8,0.75,sell
9063,2024-02-19 12:00:00,0.8,0.7,sell
9064,2024-02-19 16:00:00,0.8,0.75,sell
9065,2024-02-19 20:00:00,0.35,0.45,sell
9066,2024-02-20 00:00:00,0.5,0.55,sell
9067,2024-02-20 04:00:00,0.5,0.6,sell
9068,2024-02-20 08:00:00,0.6,0.65,sell
9069,2024-02-20 12:00:00,0.6,0.55,sell
9070,2024-02-20 16:00:00,0.5,0.55,sell
9071,2024-02-20 20:00:00,0.7,0.65,buy
9072,2024-02-21 00:00:00,0.7,0.65,buy
9073,2024-02-21 04:00:00,0.8,0.65,buy
9074,2024-02-21 08:00:00,0.7,0.65,buy
9075,2024-02-21 12:00:00,0.8,0.65,buy
9076,2024-02-21 16:00:00,0.7,0.65,buy
9077,2024-02-21 20:00:00,0.8,0.75,sell
9078,2024-02-22 00:00:00,0.85,0.8,sell
9079,2024-02-22 04:00:00,0.95,0.9,sell
9080,2024-02-22 08:00:00,0.9,0.85,sell
9081,2024-02-22 12:00:00,0.85,0.75,sell
9082,2024-02-22 16:00:00,0.85,0.75,sell
9083,2024-02-22 20:00:00,0.9,0.8,sell
9084,2024-02-23 00:00:00,0.9,0.85,sell
9085,2024-02-23 04:00:00,0.9,0.85,sell
9086,2024-02-23 08:00:00,0.9,0.85,sell
9087,2024-02-23 12:00:00,0.9,0.85,sell
9088,2024-02-23 16:00:00,0.9,0.8,sell
9089,2024-02-23 20:00:00,0.8,0.75,sell
9102,2024-02-26 00:00:00,0.7,0.65,sell
9103,2024-02-26 04:00:00,0.7,0.65,sell
9104,2024-02-26 08:00:00,0.2,0.7,hold
9105,2024-02-26 12:00:00,0.3,0.7,hold
9106,2024-02-26 16:00:00,0.2,0.7,hold
9107,2024-02-26 20:00:00,0.7,0.65,sell
9108,2024-02-27 00:00:00,0.7,0.65,sell
9109,2024-02-27 04:00:00,0.8,0.7,sell
9110,2024-02-27 08:00:00,0.8,0.7,sell
9111,2024-02-27 12:00:00,0.9,0.8,buy
9112,2024-02-27 16:00:00,0.8,0.75,buy
9113,2024-02-27 20:00:00,0.9,0.85,buy
9114,2024-02-28 00:00:00,0.9,0.85,buy
9115,2024-02-28 04:00:00,0.9,0.8,buy
9116,2024-02-28 08:00:00,0.85,0.75,buy
9117,2024-02-28 12:00:00,0.9,0.8,buy
9118,2024-02-28 16:00:00,0.9,0.8,buy
9119,2024-02-28 20:00:00,0.8,0.7,buy
9120,2024-02-29 00:00:00,0.85,0.8,sell
9121,2024-02-29 04:00:00,0.85,0.75,sell
9122,2024-02-29 08:00:00,0.85,0.7,buy
9123,2024-02-29 12:00:00,0.9,0.8,sell
9124,2024-02-29 16:00:00,0.9,0.8,sell
9125,2024-02-29 20:00:00,0.85,0.75,sell
9126,2024-03-01 00:00:00,0.85,0.7,buy
9127,2024-03-01 04:00:00,0.85,0.75,sell
9128,2024-03-01 08:00:00,0.8,0.7,buy
9129,2024-03-01 12:00:00,0.85,0.75,sell
9130,2024-03-01 16:00:00,0.85,0.7,sell
9131,2024-03-01 20:00:00,0.85,0.75,sell
9144,2024-03-04 00:00:00,0.6,0.55,sell
9145,2024-03-04 04:00:00,0.3,0.7,hold
9146,2024-03-04 08:00:00,0.6,0.65,sell
9147,2024-03-04 12:00:00,0.7,0.65,sell
9148,2024-03-04 16:00:00,0.7,0.65,sell
9149,2024-03-04 20:00:00,0.66,0.6,buy
9150,2024-03-05 00:00:00,0.5,0.6,buy
9151,2024-03-05 04:00:00,0.7,0.65,sell
9152,2024-03-05 08:00:00,0.5,0.4,buy
9153,2024-03-05 12:00:00,0.8,0.65,buy
9154,2024-03-05 16:00:00,0.8,0.6,buy
9155,2024-03-05 20:00:00,0.85,0.75,buy
9156,2024-03-06 00:00:00,0.85,0.75,buy
9157,2024-03-06 04:00:00,0.9,0.8,buy
9158,2024-03-06 08:00:00,0.9,0.75,buy
9159,2024-03-06 12:00:00,0.85,0.7,buy
9160,2024-03-06 16:00:00,0.9,0.75,buy
9161,2024-03-06 20:00:00,0.95,0.9,sell
9162,2024-03-07 00:00:00,0.9,0.85,sell
9163,2024-03-07 04:00:00,0.95,0.9,sell
9164,2024-03-07 08:00:00,0.9,0.85,sell
9165,2024-03-07 12:00:00,0.95,0.95,sell
9166,2024-03-07 16:00:00,1.0,0.95,sell
9167,2024-03-07 20:00:00,0.85,0.75,buy
9168,2024-03-08 00:00:00,0.85,0.75,sell
9169,2024-03-08 04:00:00,0.85,0.7,buy
9170,2024-03-08 08:00:00,0.8,0.75,sell
9171,2024-03-08 12:00:00,0.9,0.75,buy
9172,2024-03-08 16:00:00,0.85,0.7,buy
9173,2024-03-08 20:00:00,0.9,0.65,buy
9186,2024-03-11 00:00:00,0.7,0.65,sell
9187,2024-03-11 04:00:00,0.6,0.65,sell
9188,2024-03-11 08:00:00,0.5,0.6,sell
9189,2024-03-11 12:00:00,0.7,0.65,sell
9190,2024-03-11 16:00:00,0.2,0.7,hold
9191,2024-03-11 20:00:00,0.7,0.65,sell
9192,2024-03-12 00:00:00,0.7,0.6,sell
9193,2024-03-12 04:00:00,0.7,0.6,sell
9194,2024-03-12 08:00:00,0.7,0.65,sell
9195,2024-03-12 12:00:00,0.7,0.65,sell
9196,2024-03-12 16:00:00,1.0,0.9,sell
9197,2024-03-12 20:00:00,0.95,0.9,sell
9198,2024-03-13 00:00:00,0.95,0.9,sell
9199,2024-03-13 04:00:00,0.95,0.95,sell
9200,2024-03-13 08:00:00,1.0,0.95,sell
9201,2024-03-13 12:00:00,0.95,0.9,sell
9202,2024-03-13 16:00:00,0.9,0.85,sell
9203,2024-03-13 20:00:00,0.8,0.75,sell
9204,2024-03-14 00:00:00,0.85,0.8,sell
9205,2024-03-14 04:00:00,0.9,0.8,sell
9206,2024-03-14 08:00:00,0.8,0.75,sell
9207,2024-03-14 12:00:00,0.8,0.75,sell
9208,2024-03-14 16:00:00,0.9,0.85,sell
9209,2024-03-14 20:00:00,0.9,0.85,sell
9210,2024-03-15 00:00:00,0.9,0.85,sell
9211,2024-03-15 04:00:00,0.9,0.85,sell
9212,2024-03-15 08:00:00,0.9,0.85,sell
9213,2024-03-15 12:00:00,0.9,0.85,sell
9214,2024-03-15 16:00:00,0.9,0.75,buy
9215,2024-03-15 20:00:00,0.9,0.85,sell
9228,2024-03-18 00:00:00,0.4,0.5,sell
9229,2024-03-18 04:00:00,0.5,0.45,sell
9230,2024-03-18 08:00:00,0.6,0.65,sell
9231,2024-03-18 12:00:00,0.7,0.65,sell
9232,2024-03-18 16:00:00,0.85,0.75,buy
9233,2024-03-18 20:00:00,0.85,0.75,sell
9234,2024-03-19 00:00:00,0.75,0.65,buy
9235,2024-03-19 04:00:00,0.85,0.75,buy
9236,2024-03-19 08:00:00,0.8,0.75,buy
9237,2024-03-19 12:00:00,0.75,0.65,buy
9238,2024-03-19 16:00:00,0.9,0.8,sell
9239,2024-03-19 20:00:00,0.8,0.75,sell
9240,2024-03-20 00:00:00,0.9,0.85,sell
9241,2024-03-20 04:00:00,0.9,0.8,sell
9242,2024-03-20 08:00:00,0.85,0.8,sell
9243,2024-03-20 12:00:00,0.85,0.8,sell
9244,2024-03-20 16:00:00,0.3,0.5,hold
9245,2024-03-20 20:00:00,0.9,0.85,sell
9246,2024-03-21 00:00:00,0.9,0.85,sell
9247,2024-03-21 04:00:00,0.9,0.85,sell
9248,2024-03-21 08:00:00,0.9,0.85,sell
9249,2024-03-21 12:00:00,0.85,0.8,sell
9250,2024-03-21 16:00:00,0.9,0.85,sell
9251,2024-03-21 20:00:00,0.9,0.85,sell
9252,2024-03-22 00:00:00,0.9,0.8,sell
9253,2024-03-22 04:00:00,0.9,0.85,sell
9254,2024-03-22 08:00:00,0.9,0.85,sell
9255,2024-03-22 12:00:00,0.9,0.85,sell
9256,2024-03-22 16:00:00,0.85,0.75,sell
9257,2024-03-22 20:00:00,0.85,0.75,buy
9270,2024-03-25 00:00:00,0.8,0.75,sell
9271,2024-03-25 04:00:00,0.8,0.75,sell
9272,2024-03-25 08:00:00,0.8,0.75,sell
9273,2024-03-25 12:00:00,0.8,0.75,sell
9274,2024-03-25 16:00:00,0.5,0.6,hold
9275,2024-03-25 20:00:00,0.8,0.75,sell
9276,2024-03-26 00:00:00,0.8,0.7,sell
9277,2024-03-26 04:00:00,0.85,0.75,sell
9278,2024-03-26 08:00:00,0.85,0.8,sell
9279,2024-03-26 12:00:00,0.85,0.75,sell
9280,2024-03-26 16:00:00,0.9,0.9,sell
9281,2024-03-26 20:00:00,0.8,0.75,sell
9282,2024-03-27 00:00:00,0.8,0.75,sell
9283,2024-03-27 04:00:00,0.85,0.7,sell
9284,2024-03-27 08:00:00,0.85,0.75,sell
9285,2024-03-27 12:00:00,0.8,0.6,buy
9286,2024-03-27 16:00:00,0.85,0.75,sell
9287,2024-03-27 20:00:00,0.9,0.85,sell
9288,2024-03-28 00:00:00,0.9,0.85,sell
9289,2024-03-28 04:00:00,0.85,0.8,sell
9290,2024-03-28 08:00:00,0.9,0.85,sell
9291,2024-03-28 12:00:00,0.95,0.9,sell
9292,2024-03-28 16:00:00,0.95,0.9,sell
9293,2024-03-28 20:00:00,0.95,0.9,sell
9294,2024-03-29 00:00:00,0.95,0.9,sell
9295,2024-03-29 04:00:00,0.95,0.9,sell
9296,2024-03-29 08:00:00,0.95,0.9,sell
9297,2024-03-29 12:00:00,0.95,0.9,sell
9298,2024-03-29 16:00:00,0.9,0.8,buy
9299,2024-03-29 20:00:00,0.9,0.85,buy
9312,2024-04-01 00:00:00,0.0,0.0,hold
9313,2024-04-01 04:00:00,0.2,0.3,hold
9314,2024-04-01 08:00:00,0.0,1.0,hold
9315,2024-04-01 12:00:00,0.2,0.3,hold
9316,2024-04-01 16:00:00,0.4,0.6,hold
9317,2024-04-01 20:00:00,0.9,0.85,sell
9318,2024-04-02 00:00:00,0.95,0.9,sell
9319,2024-04-02 04:00:00,0.9,0.85,sell
9320,2024-04-02 08:00:00,0.95,0.9,sell
9321,2024-04-02 12:00:00,0.9,0.85,sell
9322,2024-04-02 16:00:00,0.9,0.85,sell
9323,2024-04-02 20:00:00,0.9,0.85,sell
9324,2024-04-03 00:00:00,0.9,0.75,sell
9325,2024-04-03 04:00:00,0.9,0.8,sell
9326,2024-04-03 08:00:00,0.9,0.75,sell
9327,2024-04-03 12:00:00,0.9,0.85,sell
9328,2024-04-03 16:00:00,0.85,0.75,buy
9329,2024-04-03 20:00:00,0.9,0.75,buy
9330,2024-04-04 00:00:00,0.9,0.75,buy
9331,2024-04-04 04:00:00,0.85,0.75,buy
9332,2024-04-04 08:00:00,0.9,0.8,buy
9333,2024-04-04 12:00:00,0.9,0.8,buy
9334,2024-04-04 16:00:00,0.9,0.8,buy
9335,2024-04-04 20:00:00,0.85,0.8,sell
9336,2024-04-05 00:00:00,0.9,0.85,sell
9337,2024-04-05 04:00:00,0.9,0.8,sell
9338,2024-04-05 08:00:00,0.9,0.85,sell
9339,2024-04-05 12:00:00,0.9,0.8,sell
9340,2024-04-05 16:00:00,0.95,0.9,sell
9341,2024-04-05 20:00:00,1.0,0.95,sell
9354,2024-04-08 00:00:00,0.8,0.75,sell
9355,2024-04-08 04:00:00,0.8,0.75,sell
9356,2024-04-08 08:00:00,0.85,0.8,sell
9357,2024-04-08 12:00:00,0.8,0.65,buy
9358,2024-04-08 16:00:00,0.8,0.7,sell
9359,2024-04-08 20:00:00,0.8,0.7,buy
9360,2024-04-09 00:00:00,0.8,0.7,sell
9361,2024-04-09 04:00:00,0.8,0.65,sell
9362,2024-04-09 08:00:00,0.8,0.7,sell
9363,2024-04-09 12:00:00,0.6,0.65,sell
9364,2024-04-09 16:00:00,0.65,0.75,sell
9365,2024-04-09 20:00:00,0.75,0.8,sell
9366,2024-04-10 00:00:00,0.9,0.85,sell
9367,2024-04-10 04:00:00,0.85,0.8,sell
9368,2024-04-10 08:00:00,0.9,0.85,sell
9369,2024-04-10 12:00:00,0.9,0.85,sell
9370,2024-04-10 16:00:00,0.95,0.9,sell
9371,2024-04-10 20:00:00,0.95,0.9,sell
9372,2024-04-11 00:00:00,0.95,0.9,sell
9373,2024-04-11 04:00:00,0.95,0.9,sell
9374,2024-04-11 08:00:00,0.95,0.9,sell
9375,2024-04-11 12:00:00,0.9,0.85,sell
9376,2024-04-11 16:00:00,0.9,0.85,sell
9377,2024-04-11 20:00:00,0.9,0.85,sell
9378,2024-04-12 00:00:00,0.9,0.85,sell
9379,2024-04-12 04:00:00,0.9,0.85,sell
9380,2024-04-12 08:00:00,0.9,0.85,sell
9381,2024-04-12 12:00:00,0.95,0.9,sell
9382,2024-04-12 16:00:00,0.85,0.9,sell
9383,2024-04-12 20:00:00,0.9,0.85,sell
9396,2024-04-15 00:00:00,0.9,0.85,sell
9397,2024-04-15 04:00:00,0.9,0.85,sell
9398,2024-04-15 08:00:00,0.9,0.85,sell
9399,2024-04-15 12:00:00,0.9,0.8,sell
9400,2024-04-15 16:00:00,0.9,0.85,sell
9401,2024-04-15 20:00:00,0.9,0.9,sell
9402,2024-04-16 00:00:00,0.95,0.9,sell
9403,2024-04-16 04:00:00,0.95,0.9,sell
9404,2024-04-16 08:00:00,0.95,0.9,sell
9405,2024-04-16 12:00:00,0.9,0.85,sell
9406,2024-04-16 16:00:00,0.85,0.75,buy
9407,2024-04-16 20:00:00,0.85,0.75,sell
9408,2024-04-17 00:00:00,0.85,0.75,sell
9409,2024-04-17 04:00:00,0.9,0.8,sell
9410,2024-04-17 08:00:00,0.85,0.75,sell
9411,2024-04-17 12:00:00,0.9,0.85,sell
9412,2024-04-17 16:00:00,0.9,0.85,sell
9413,2024-04-17 20:00:00,0.85,0.8,sell
9414,2024-04-18 00:00:00,0.9,0.8,sell
9415,2024-04-18 04:00:00,0.85,0.8,sell
9416,2024-04-18 08:00:00,0.9,0.8,sell
9417,2024-04-18 12:00:00,0.9,0.85,sell
9418,2024-04-18 16:00:00,0.9,0.8,sell
9419,2024-04-18 20:00:00,0.85,0.75,sell
9420,2024-04-19 00:00:00,0.85,0.75,sell
9421,2024-04-19 04:00:00,0.8,0.65,sell
9422,2024-04-19 08:00:00,0.9,0.8,sell
9423,2024-04-19 12:00:00,0.9,0.8,sell
9424,2024-04-19 16:00:00,0.85,0.75,sell
9425,2024-04-19 20:00:00,0.85,0.75,sell
9438,2024-04-22 00:00:00,0.8,0.75,sell
9439,2024-04-22 04:00:00,0.75,0.8,sell
9440,2024-04-22 08:00:00,0.7,0.65,sell
9441,2024-04-22 12:00:00,0.8,0.75,sell
9442,2024-04-22 16:00:00,0.75,0.7,sell
9443,2024-04-22 20:00:00,0.7,0.65,sell
9444,2024-04-23 00:00:00,0.3,0.7,hold
9445,2024-04-23 04:00:00,0.6,0.55,buy
9446,2024-04-23 08:00:00,0.2,0.7,hold
9447,2024-04-23 12:00:00,0.85,0.75,buy
9448,2024-04-23 16:00:00,0.9,0.7,buy
9449,2024-04-23 20:00:00,0.9,0.82,sell
9450,2024-04-24 00:00:00,0.9,0.8,sell
9451,2024-04-24 04:00:00,0.9,0.85,sell
9452,2024-04-24 08:00:00,0.85,0.75,sell
9453,2024-04-24 12:00:00,0.85,0.75,sell
9454,2024-04-24 16:00:00,0.9,0.8,sell
9455,2024-04-24 20:00:00,0.9,0.85,sell
9456,2024-04-25 00:00:00,0.9,0.85,sell
9457,2024-04-25 04:00:00,0.9,0.8,sell
9458,2024-04-25 08:00:00,0.9,0.85,sell
9459,2024-04-25 12:00:00,0.9,0.8,sell
9460,2024-04-25 16:00:00,0.9,0.85,buy
9461,2024-04-25 20:00:00,0.9,0.8,buy
9462,2024-04-26 00:00:00,0.9,0.75,buy
9463,2024-04-26 04:00:00,0.95,0.85,buy
9464,2024-04-26 08:00:00,0.9,0.8,buy
9465,2024-04-26 12:00:00,0.9,0.85,buy
9466,2024-04-26 16:00:00,0.95,0.9,sell
9467,2024-04-26 20:00:00,0.9,0.85,sell
9480,2024-04-29 00:00:00,0.5,0.45,sell
9481,2024-04-29 04:00:00,0.6,0.6,sell
9482,2024-04-29 08:00:00,0.4,0.45,sell
9483,2024-04-29 12:00:00,0.9,0.8,buy
9484,2024-04-29 16:00:00,0.85,0.75,buy
9485,2024-04-29 20:00:00,0.9,0.8,buy
9486,2024-04-30 00:00:00,0.9,0.8,buy
9487,2024-04-30 04:00:00,0.9,0.85,buy
9488,2024-04-30 08:00:00,0.9,0.85,buy
9489,2024-04-30 12:00:00,0.9,0.85,buy
9490,2024-04-30 16:00:00,0.9,0.8,buy
9491,2024-04-30 20:00:00,1.0,0.95,buy
9492,2024-05-01 00:00:00,0.95,0.9,buy
9493,2024-05-01 04:00:00,0.95,0.9,buy
9494,2024-05-01 08:00:00,1.0,0.95,buy
9495,2024-05-01 12:00:00,0.95,0.9,buy
9496,2024-05-01 16:00:00,0.9,0.8,buy
9497,2024-05-01 20:00:00,0.9,0.85,sell
9498,2024-05-02 00:00:00,0.95,0.9,sell
9499,2024-05-02 04:00:00,0.95,0.9,sell
9500,2024-05-02 08:00:00,0.95,0.9,sell
9501,2024-05-02 12:00:00,0.95,0.9,sell
9502,2024-05-02 16:00:00,0.95,0.9,sell
9503,2024-05-02 20:00:00,0.95,0.9,sell
9504,2024-05-03 00:00:00,0.9,0.85,sell
9505,2024-05-03 04:00:00,0.95,0.9,sell
9506,2024-05-03 08:00:00,0.95,0.9,sell
9507,2024-05-03 12:00:00,0.95,0.9,sell
9508,2024-05-03 16:00:00,1.0,0.9,buy
9509,2024-05-03 20:00:00,0.9,0.85,buy
9522,2024-05-06 00:00:00,0.75,0.8,sell
9523,2024-05-06 04:00:00,0.9,0.85,sell
9524,2024-05-06 08:00:00,0.75,0.8,sell
9525,2024-05-06 12:00:00,0.8,0.65,buy
9526,2024-05-06 16:00:00,0.85,0.7,buy
9527,2024-05-06 20:00:00,0.8,0.75,buy
9528,2024-05-07 00:00:00,0.85,0.75,buy
9529,2024-05-07 04:00:00,0.85,0.75,buy
9530,2024-05-07 08:00:00,0.8,0.65,buy
9531,2024-05-07 12:00:00,0.9,0.85,sell
9532,2024-05-07 16:00:00,0.9,0.85,sell
9533,2024-05-07 20:00:00,0.9,0.85,sell
9534,2024-05-08 00:00:00,0.8,0.75,sell
9535,2024-05-08 04:00:00,0.85,0.8,sell
9536,2024-05-08 08:00:00,0.8,0.75,sell
9537,2024-05-08 12:00:00,0.8,0.7,sell
9538,2024-05-08 16:00:00,0.7,0.65,sell
9539,2024-05-08 20:00:00,0.8,0.7,sell
9540,2024-05-09 00:00:00,0.8,0.65,buy
9541,2024-05-09 04:00:00,0.8,0.75,sell
9542,2024-05-09 08:00:00,0.8,0.7,sell
9543,2024-05-09 12:00:00,0.85,0.75,buy
9544,2024-05-09 16:00:00,0.9,0.8,buy
9545,2024-05-09 20:00:00,0.9,0.8,buy
9546,2024-05-10 00:00:00,0.9,0.8,buy
9547,2024-05-10 04:00:00,0.9,0.8,buy
9548,2024-05-10 08:00:00,0.9,0.85,buy
9549,2024-05-10 12:00:00,0.9,0.8,buy
9550,2024-05-10 16:00:00,0.8,0.75,sell
9551,2024-05-10 20:00:00,0.85,0.75,buy
9564,2024-05-13 00:00:00,0.85,0.8,sell
9565,2024-05-13 04:00:00,0.75,0.8,sell
9566,2024-05-13 08:00:00,0.8,0.75,sell
9567,2024-05-13 12:00:00,0.7,0.75,sell
9568,2024-05-13 16:00:00,0.8,0.75,sell
9569,2024-05-13 20:00:00,0.85,0.8,sell
9570,2024-05-14 00:00:00,0.65,0.7,sell
9571,2024-05-14 04:00:00,0.6,0.75,sell
9572,2024-05-14 08:00:00,0.6,0.65,sell
9573,2024-05-14 12:00:00,0.6,0.65,sell
9574,2024-05-14 16:00:00,0.9,0.85,sell
9575,2024-05-14 20:00:00,0.9,0.85,sell
9576,2024-05-15 00:00:00,0.9,0.85,sell
9577,2024-05-15 04:00:00,0.9,0.8,sell
9578,2024-05-15 08:00:00,0.9,0.85,sell
9579,2024-05-15 12:00:00,0.9,0.85,sell
9580,2024-05-15 16:00:00,0.9,0.85,sell
9581,2024-05-15 20:00:00,0.95,0.9,sell
9582,2024-05-16 00:00:00,0.95,0.9,sell
9583,2024-05-16 04:00:00,0.95,0.9,sell
9584,2024-05-16 08:00:00,0.95,0.9,sell
9585,2024-05-16 12:00:00,0.95,0.9,sell
9586,2024-05-16 16:00:00,0.9,0.85,sell
9587,2024-05-16 20:00:00,0.9,0.8,sell
9588,2024-05-17 00:00:00,0.9,0.75,sell
9589,2024-05-17 04:00:00,0.9,0.8,sell
9590,2024-05-17 08:00:00,0.85,0.8,sell
9591,2024-05-17 12:00:00,0.9,0.85,sell
9592,2024-05-17 16:00:00,0.7,0.65,sell
9593,2024-05-17 20:00:00,0.8,0.75,sell
9606,2024-05-20 00:00:00,0.85,0.8,sell
9607,2024-05-20 04:00:00,0.9,0.85,sell
9608,2024-05-20 08:00:00,0.85,0.8,sell
9609,2024-05-20 12:00:00,0.9,0.85,sell
9610,2024-05-20 16:00:00,0.9,0.85,sell
9611,2024-05-20 20:00:00,0.75,0.8,sell
9612,2024-05-21 00:00:00,0.8,0.75,sell
9613,2024-05-21 04:00:00,0.85,0.8,sell
9614,2024-05-21 08:00:00,0.85,0.8,sell
9615,2024-05-21 12:00:00,0.85,0.75,sell
9616,2024-05-21 16:00:00,0.8,0.75,sell
9617,2024-05-21 20:00:00,0.8,0.75,sell
9618,2024-05-22 00:00:00,0.8,0.75,sell
9619,2024-05-22 04:00:00,0.8,0.65,buy
9620,2024-05-22 08:00:00,0.85,0.8,sell
9621,2024-05-22 12:00:00,0.85,0.8,sell
9622,2024-05-22 16:00:00,0.85,0.8,sell
9623,2024-05-22 20:00:00,0.9,0.85,sell
9624,2024-05-23 00:00:00,0.95,0.9,sell
9625,2024-05-23 04:00:00,0.9,0.85,sell
9626,2024-05-23 08:00:00,0.9,0.88,sell
9627,2024-05-23 12:00:00,0.8,0.75,sell
9628,2024-05-23 16:00:00,0.9,0.85,sell
9629,2024-05-23 20:00:00,0.9,0.82,sell
9630,2024-05-24 00:00:00,0.85,0.75,sell
9631,2024-05-24 04:00:00,0.85,0.8,sell
9632,2024-05-24 08:00:00,0.9,0.8,sell
9633,2024-05-24 12:00:00,0.8,0.75,sell
9634,2024-05-24 16:00:00,0.9,0.85,sell
9635,2024-05-24 20:00:00,0.9,0.85,sell
9648,2024-05-27 00:00:00,0.8,0.75,sell
9649,2024-05-27 04:00:00,0.75,0.8,sell
9650,2024-05-27 08:00:00,0.85,0.8,sell
9651,2024-05-27 12:00:00,0.9,0.85,sell
9652,2024-05-27 16:00:00,0.9,0.85,sell
9653,2024-05-27 20:00:00,0.9,0.9,sell
9654,2024-05-28 00:00:00,0.8,0.85,sell
9655,2024-05-28 04:00:00,0.9,0.85,sell
9656,2024-05-28 08:00:00,0.9,0.85,sell
9657,2024-05-28 12:00:00,0.9,0.85,sell
9658,2024-05-28 16:00:00,0.85,0.75,sell
9659,2024-05-28 20:00:00,0.9,0.9,sell
9660,2024-05-29 00:00:00,0.95,0.9,sell
9661,2024-05-29 04:00:00,0.95,0.9,sell
9662,2024-05-29 08:00:00,0.9,0.85,sell
9663,2024-05-29 12:00:00,0.9,0.85,sell
9664,2024-05-29 16:00:00,0.95,0.9,sell
9665,2024-05-29 20:00:00,0.8,0.75,sell
9666,2024-05-30 00:00:00,0.85,0.8,sell
9667,2024-05-30 04:00:00,0.85,0.8,sell
9668,2024-05-30 08:00:00,0.8,0.65,buy
9669,2024-05-30 12:00:00,0.9,0.85,buy
9670,2024-05-30 16:00:00,0.9,0.85,buy
9671,2024-05-30 20:00:00,0.9,0.8,buy
9672,2024-05-31 00:00:00,0.9,0.8,buy
9673,2024-05-31 04:00:00,0.9,0.8,buy
9674,2024-05-31 08:00:00,0.9,0.8,buy
9675,2024-05-31 12:00:00,0.95,0.9,buy
9676,2024-05-31 16:00:00,0.9,0.85,sell
9677,2024-05-31 20:00:00,0.9,0.75,buy
9690,2024-06-03 00:00:00,0.7,0.75,sell
9691,2024-06-03 04:00:00,0.6,0.7,sell
9692,2024-06-03 08:00:00,0.85,0.8,sell
9693,2024-06-03 12:00:00,0.9,0.8,sell
9694,2024-06-03 16:00:00,0.85,0.8,sell
9695,2024-06-03 20:00:00,0.9,0.8,sell
9696,2024-06-04 00:00:00,0.9,0.75,sell
9697,2024-06-04 04:00:00,0.9,0.85,sell
9698,2024-06-04 08:00:00,0.9,0.8,sell
9699,2024-06-04 12:00:00,0.9,0.8,sell
9700,2024-06-04 16:00:00,0.85,0.75,sell
9701,2024-06-04 20:00:00,0.85,0.65,buy
9702,2024-06-05 00:00:00,0.85,0.7,buy
9703,2024-06-05 04:00:00,0.85,0.75,buy
9704,2024-06-05 08:00:00,0.85,0.75,sell
9705,2024-06-05 12:00:00,0.85,0.75,buy
9706,2024-06-05 16:00:00,0.9,0.8,sell
9707,2024-06-05 20:00:00,0.95,0.9,sell
9708,2024-06-06 00:00:00,0.95,0.9,sell
9709,2024-06-06 04:00:00,0.95,0.9,sell
9710,2024-06-06 08:00:00,0.95,0.9,sell
9711,2024-06-06 12:00:00,0.95,0.9,sell
9712,2024-06-06 16:00:00,0.9,0.85,sell
9713,2024-06-06 20:00:00,0.9,0.75,sell
9714,2024-06-07 00:00:00,0.9,0.8,sell
9715,2024-06-07 04:00:00,0.9,0.8,sell
9716,2024-06-07 08:00:00,0.9,0.8,sell
9717,2024-06-07 12:00:00,0.9,0.8,sell
9718,2024-06-07 16:00:00,0.95,0.9,sell
9719,2024-06-07 20:00:00,0.9,0.85,sell
9732,2024-06-10 00:00:00,0.85,0.8,sell
9733,2024-06-10 04:00:00,0.85,0.8,sell
9734,2024-06-10 08:00:00,0.75,0.8,sell
9735,2024-06-10 12:00:00,0.75,0.8,sell
9736,2024-06-10 16:00:00,0.65,0.75,sell
9737,2024-06-10 20:00:00,0.75,0.8,sell
9738,2024-06-11 00:00:00,0.7,0.75,sell
9739,2024-06-11 04:00:00,0.75,0.8,sell
9740,2024-06-11 08:00:00,0.75,0.8,sell
9741,2024-06-11 12:00:00,0.9,0.85,sell
9742,2024-06-11 16:00:00,0.7,0.75,sell
9743,2024-06-11 20:00:00,0.8,0.75,sell
9744,2024-06-12 00:00:00,0.8,0.65,buy
9745,2024-06-12 04:00:00,0.8,0.75,sell
9746,2024-06-12 08:00:00,0.85,0.75,buy
9747,2024-06-12 12:00:00,0.9,0.8,sell
9748,2024-06-12 16:00:00,0.9,0.8,buy
9749,2024-06-12 20:00:00,0.9,0.8,buy
9750,2024-06-13 00:00:00,0.9,0.8,sell
9751,2024-06-13 04:00:00,0.9,0.8,sell
9752,2024-06-13 08:00:00,0.9,0.8,sell
9753,2024-06-13 12:00:00,0.9,0.8,sell
9754,2024-06-13 16:00:00,0.9,0.8,buy
9755,2024-06-13 20:00:00,0.9,0.8,sell
9756,2024-06-14 00:00:00,0.9,0.8,buy
9757,2024-06-14 04:00:00,0.85,0.75,buy
9758,2024-06-14 08:00:00,0.9,0.75,buy
9759,2024-06-14 12:00:00,0.9,0.75,buy
9760,2024-06-14 16:00:00,0.85,0.8,sell
9761,2024-06-14 20:00:00,0.8,0.75,sell
9774,2024-06-17 00:00:00,0.6,0.75,sell
9775,2024-06-17 04:00:00,0.7,0.8,sell
9776,2024-06-17 08:00:00,0.85,0.8,sell
9777,2024-06-17 12:00:00,0.85,0.65,buy
9778,2024-06-17 16:00:00,0.85,0.75,buy
9779,2024-06-17 20:00:00,0.85,0.7,buy
9780,2024-06-18 00:00:00,0.85,0.75,sell
9781,2024-06-18 04:00:00,0.8,0.7,buy
9782,2024-06-18 08:00:00,0.85,0.75,buy
9783,2024-06-18 12:00:00,0.75,0.8,sell
9784,2024-06-18 16:00:00,0.9,0.8,sell
9785,2024-06-18 20:00:00,0.8,0.75,sell
9786,2024-06-19 00:00:00,0.85,0.8,sell
9787,2024-06-19 04:00:00,0.85,0.8,sell
9788,2024-06-19 08:00:00,0.85,0.8,sell
9789,2024-06-19 12:00:00,0.9,0.8,sell
9790,2024-06-19 16:00:00,0.9,0.85,sell
9791,2024-06-19 20:00:00,0.9,0.85,sell
9792,2024-06-20 00:00:00,0.9,0.85,sell
9793,2024-06-20 04:00:00,0.75,0.8,sell
9794,2024-06-20 08:00:00,0.75,0.8,sell
9795,2024-06-20 12:00:00,0.85,0.8,sell
9796,2024-06-20 16:00:00,0.9,0.8,buy
9797,2024-06-20 20:00:00,0.85,0.75,buy
9798,2024-06-21 00:00:00,0.9,0.75,buy
9799,2024-06-21 04:00:00,0.85,0.75,buy
9800,2024-06-21 08:00:00,0.9,0.8,buy
9801,2024-06-21 12:00:00,0.85,0.75,sell
9802,2024-06-21 16:00:00,0.9,0.9,sell
9803,2024-06-21 20:00:00,0.85,0.75,buy
9816,2024-06-24 00:00:00,0.7,0.75,sell
9817,2024-06-24 04:00:00,0.6,0.65,sell
9818,2024-06-24 08:00:00,0.85,0.8,sell
9819,2024-06-24 12:00:00,0.9,0.85,sell
9820,2024-06-24 16:00:00,0.9,0.85,sell
9821,2024-06-24 20:00:00,0.9,0.85,sell
9822,2024-06-25 00:00:00,0.9,0.85,sell
9823,2024-06-25 04:00:00,0.9,0.85,sell
9824,2024-06-25 08:00:00,0.85,0.9,sell
9825,2024-06-25 12:00:00,0.85,0.8,sell
9826,2024-06-25 16:00:00,0.85,0.8,sell
9827,2024-06-25 20:00:00,0.85,0.75,buy
9828,2024-06-26 00:00:00,0.9,0.75,buy
9829,2024-06-26 04:00:00,0.9,0.8,buy
9830,2024-06-26 08:00:00,0.85,0.75,sell
9831,2024-06-26 12:00:00,0.8,0.75,sell
9832,2024-06-26 16:00:00,0.85,0.75,sell
9833,2024-06-26 20:00:00,0.8,0.65,buy
9834,2024-06-27 00:00:00,0.8,0.65,buy
9835,2024-06-27 04:00:00,0.85,0.75,buy
9836,2024-06-27 08:00:00,0.85,0.75,sell
9837,2024-06-27 12:00:00,0.9,0.8,sell
9838,2024-06-27 16:00:00,0.9,0.85,sell
9839,2024-06-27 20:00:00,0.9,0.85,sell
9840,2024-06-28 00:00:00,0.9,0.85,sell
9841,2024-06-28 04:00:00,0.9,0.8,sell
9842,2024-06-28 08:00:00,0.9,0.85,sell
9843,2024-06-28 12:00:00,0.9,0.8,sell
9844,2024-06-28 16:00:00,0.9,0.8,buy
9845,2024-06-28 20:00:00,0.85,0.9,sell
9858,2024-07-01 00:00:00,0.75,0.8,sell
9859,2024-07-01 04:00:00,0.75,0.8,sell
9860,2024-07-01 08:00:00,0.8,0.75,sell
9861,2024-07-01 12:00:00,0.8,0.75,sell
9862,2024-07-01 16:00:00,0.8,0.7,sell
9863,2024-07-01 20:00:00,0.85,0.7,buy
9864,2024-07-02 00:00:00,0.8,0.65,buy
9865,2024-07-02 04:00:00,0.85,0.75,buy
9866,2024-07-02 08:00:00,0.9,0.8,sell
9867,2024-07-02 12:00:00,0.9,0.8,sell
9870,2024-07-03 00:00:00,0.95,0.9,sell
9871,2024-07-03 04:00:00,0.95,0.9,sell
9872,2024-07-03 08:00:00,0.95,0.9,sell
9873,2024-07-03 12:00:00,0.9,0.8,sell
9874,2024-07-03 16:00:00,0.85,0.8,sell
9875,2024-07-03 20:00:00,0.9,0.75,buy
9876,2024-07-04 00:00:00,0.9,0.75,buy
9877,2024-07-04 04:00:00,0.9,0.8,buy
9878,2024-07-04 08:00:00,0.9,0.8,buy
9879,2024-07-04 12:00:00,0.9,0.75,buy
9880,2024-07-04 16:00:00,0.8,0.75,sell
9881,2024-07-04 20:00:00,0.9,0.9,sell
9882,2024-07-05 00:00:00,0.9,0.9,sell
9883,2024-07-05 04:00:00,0.9,0.9,sell
9884,2024-07-05 08:00:00,0.9,0.9,sell
9885,2024-07-05 12:00:00,0.85,0.8,sell
9886,2024-07-05 16:00:00,1.0,0.9,buy
9887,2024-07-05 20:00:00,0.95,0.9,buy
9900,2024-07-08 00:00:00,0.85,0.8,sell
9901,2024-07-08 04:00:00,0.8,0.8,sell
9902,2024-07-08 08:00:00,0.85,0.8,sell
9903,2024-07-08 12:00:00,0.85,0.75,sell
9904,2024-07-08 16:00:00,0.85,0.75,sell
9905,2024-07-08 20:00:00,0.9,0.8,sell
9906,2024-07-09 00:00:00,0.9,0.85,sell
9907,2024-07-09 04:00:00,0.85,0.8,sell
9908,2024-07-09 08:00:00,0.85,0.8,sell
9909,2024-07-09 12:00:00,0.75,0.85,sell
9910,2024-07-09 16:00:00,0.65,0.7,sell
9911,2024-07-09 20:00:00,0.8,0.75,sell
9912,2024-07-10 00:00:00,0.6,0.65,buy
9913,2024-07-10 04:00:00,0.7,0.65,buy
9914,2024-07-10 08:00:00,0.65,0.7,sell
9915,2024-07-10 12:00:00,0.8,0.7,sell
9916,2024-07-10 16:00:00,0.7,0.75,sell
9917,2024-07-10 20:00:00,0.75,0.65,buy
9918,2024-07-11 00:00:00,0.85,0.7,buy
9919,2024-07-11 04:00:00,0.8,0.75,sell
9920,2024-07-11 08:00:00,0.8,0.75,buy
9921,2024-07-11 12:00:00,0.8,0.65,buy
9922,2024-07-11 16:00:00,0.95,0.9,buy
9923,2024-07-11 20:00:00,0.9,0.85,buy
9924,2024-07-12 00:00:00,0.95,0.9,buy
9925,2024-07-12 04:00:00,0.95,0.9,buy
9926,2024-07-12 08:00:00,0.95,0.9,buy
9927,2024-07-12 12:00:00,1.0,0.9,buy
9928,2024-07-12 16:00:00,0.9,0.85,sell
9929,2024-07-12 20:00:00,0.85,0.75,sell
9942,2024-07-15 00:00:00,0.7,0.75,sell
9943,2024-07-15 04:00:00,0.75,0.8,sell
9944,2024-07-15 08:00:00,0.85,0.8,sell
9945,2024-07-15 12:00:00,0.9,0.8,sell
9946,2024-07-15 16:00:00,0.85,0.8,sell
9947,2024-07-15 20:00:00,0.9,0.85,sell
9948,2024-07-16 00:00:00,0.9,0.85,sell
9949,2024-07-16 04:00:00,0.9,0.85,sell
9950,2024-07-16 08:00:00,0.9,0.85,sell
9951,2024-07-16 12:00:00,0.85,0.9,sell
9952,2024-07-16 16:00:00,0.85,0.75,sell
9953,2024-07-16 20:00:00,0.85,0.75,buy
9954,2024-07-17 00:00:00,0.9,0.65,buy
9955,2024-07-17 04:00:00,0.8,0.7,buy
9956,2024-07-17 08:00:00,0.8,0.65,buy
9957,2024-07-17 12:00:00,0.8,0.65,buy
9958,2024-07-17 16:00:00,0.8,0.75,sell
9959,2024-07-17 20:00:00,0.85,0.8,sell
9960,2024-07-18 00:00:00,0.8,0.75,sell
9961,2024-07-18 04:00:00,0.9,0.8,sell
9962,2024-07-18 08:00:00,0.85,0.75,buy
9963,2024-07-18 12:00:00,0.85,0.75,buy
9964,2024-07-18 16:00:00,0.9,0.75,buy
9965,2024-07-18 20:00:00,0.8,0.65,buy
9966,2024-07-19 00:00:00,0.85,0.7,buy
9967,2024-07-19 04:00:00,0.85,0.7,buy
9968,2024-07-19 08:00:00,0.85,0.7,buy
9969,2024-07-19 12:00:00,0.9,0.75,buy
9970,2024-07-19 16:00:00,0.9,0.8,buy
9971,2024-07-19 20:00:00,0.9,0.85,buy
9984,2024-07-22 00:00:00,0.5,0.5,sell
9985,2024-07-22 04:00:00,0.6,0.55,sell
9986,2024-07-22 08:00:00,0.7,0.65,buy
9987,2024-07-22 12:00:00,0.6,0.65,buy
9988,2024-07-22 16:00:00,0.6,0.6,buy
9989,2024-07-22 20:00:00,0.6,0.65,buy
9990,2024-07-23 00:00:00,0.7,0.65,buy
9991,2024-07-23 04:00:00,0.6,0.65,buy
9992,2024-07-23 08:00:00,0.2,0.7,hold
9993,2024-07-23 12:00:00,0.3,0.7,hold
9994,2024-07-23 16:00:00,0.1,0.8,hold
9995,2024-07-23 20:00:00,0.8,0.75,buy
9996,2024-07-24 00:00:00,0.85,0.75,buy
9997,2024-07-24 04:00:00,0.8,0.75,buy
9998,2024-07-24 08:00:00,0.7,0.65,buy
9999,2024-07-24 12:00:00,0.85,0.75,buy
10000,2024-07-24 16:00:00,0.7,0.65,buy
10001,2024-07-24 20:00:00,0.85,0.75,buy
10002,2024-07-25 00:00:00,0.8,0.75,buy
10003,2024-07-25 04:00:00,0.8,0.7,buy
10004,2024-07-25 08:00:00,0.8,0.7,buy
10005,2024-07-25 12:00:00,0.8,0.65,buy
10006,2024-07-25 16:00:00,0.9,0.8,buy
10007,2024-07-25 20:00:00,0.9,0.75,buy
10008,2024-07-26 00:00:00,0.9,0.8,buy
10009,2024-07-26 04:00:00,0.9,0.75,buy
10010,2024-07-26 08:00:00,0.9,0.75,buy
10011,2024-07-26 12:00:00,0.9,0.8,buy
10012,2024-07-26 16:00:00,0.9,0.8,sell
10013,2024-07-26 20:00:00,0.9,0.85,sell
10026,2024-07-29 00:00:00,0.6,0.6,sell
10027,2024-07-29 04:00:00,0.6,0.65,sell
10028,2024-07-29 08:00:00,0.7,0.65,sell
10029,2024-07-29 12:00:00,0.5,0.6,sell
10030,2024-07-29 16:00:00,0.5,0.55,sell
10031,2024-07-29 20:00:00,0.5,0.6,sell
10032,2024-07-30 00:00:00,0.6,0.65,sell
10033,2024-07-30 04:00:00,0.5,0.6,sell
10034,2024-07-30 08:00:00,0.6,0.55,sell
10035,2024-07-30 12:00:00,0.9,0.8,sell
10036,2024-07-30 16:00:00,0.9,0.8,sell
10037,2024-07-30 20:00:00,0.85,0.75,sell
10038,2024-07-31 00:00:00,0.9,0.8,sell
10039,2024-07-31 04:00:00,0.9,0.75,sell
10040,2024-07-31 08:00:00,0.85,0.75,sell
10041,2024-07-31 12:00:00,0.9,0.8,sell
10042,2024-07-31 16:00:00,0.9,0.8,sell
10043,2024-07-31 20:00:00,0.9,0.85,sell
10044,2024-08-01 00:00:00,0.9,0.85,sell
10045,2024-08-01 04:00:00,0.9,0.85,sell
10046,2024-08-01 08:00:00,0.95,0.9,sell
10047,2024-08-01 12:00:00,0.9,0.85,sell
10048,2024-08-01 16:00:00,0.9,0.8,buy
10049,2024-08-01 20:00:00,0.9,0.85,buy
10050,2024-08-02 00:00:00,0.95,0.9,buy
10051,2024-08-02 04:00:00,0.9,0.85,buy
10052,2024-08-02 08:00:00,0.9,0.85,buy
10053,2024-08-02 12:00:00,0.9,0.8,buy
10054,2024-08-02 16:00:00,1.0,0.95,buy
10055,2024-08-02 20:00:00,0.98,0.95,buy
10068,2024-08-05 00:00:00,0.6,0.7,sell
10069,2024-08-05 04:00:00,0.8,0.75,sell
10070,2024-08-05 08:00:00,0.8,0.75,sell
10071,2024-08-05 12:00:00,0.9,0.8,sell
10072,2024-08-05 16:00:00,0.9,0.8,sell
10073,2024-08-05 20:00:00,0.85,0.75,sell
10074,2024-08-06 00:00:00,0.9,0.8,sell
10075,2024-08-06 04:00:00,0.9,0.7,buy
10076,2024-08-06 08:00:00,0.85,0.75,buy
10077,2024-08-06 12:00:00,0.9,0.8,buy
10078,2024-08-06 16:00:00,0.85,0.8,buy
10079,2024-08-06 20:00:00,0.8,0.7,buy
10080,2024-08-07 00:00:00,0.85,0.75,buy
10081,2024-08-07 04:00:00,0.8,0.75,buy
10082,2024-08-07 08:00:00,0.8,0.75,buy
10083,2024-08-07 12:00:00,0.85,0.75,buy
10084,2024-08-07 16:00:00,0.8,0.7,buy
10085,2024-08-07 20:00:00,0.8,0.75,buy
10086,2024-08-08 00:00:00,0.8,0.75,buy
10087,2024-08-08 04:00:00,0.85,0.7,buy
10088,2024-08-08 08:00:00,0.8,0.75,buy
10089,2024-08-08 12:00:00,0.85,0.75,buy
10090,2024-08-08 16:00:00,0.85,0.8,sell
10091,2024-08-08 20:00:00,0.85,0.75,sell
10092,2024-08-09 00:00:00,0.85,0.75,sell
10093,2024-08-09 04:00:00,0.9,0.8,sell
10094,2024-08-09 08:00:00,0.85,0.75,sell
10095,2024-08-09 12:00:00,0.8,0.7,sell
10096,2024-08-09 16:00:00,0.8,0.7,buy
10097,2024-08-09 20:00:00,0.85,0.75,buy
10110,2024-08-12 00:00:00,0.4,0.5,sell
10111,2024-08-12 04:00:00,0.4,0.4,sell
10112,2024-08-12 08:00:00,0.6,0.65,sell
10113,2024-08-12 12:00:00,0.55,0.65,sell
10114,2024-08-12 16:00:00,0.7,0.65,sell
10115,2024-08-12 20:00:00,0.6,0.65,sell
10116,2024-08-13 00:00:00,0.8,0.75,sell
10117,2024-08-13 04:00:00,0.7,0.65,buy
10118,2024-08-13 08:00:00,0.7,0.65,buy
10119,2024-08-13 12:00:00,0.7,0.65,sell
10120,2024-08-13 16:00:00,0.9,0.8,sell
10121,2024-08-13 20:00:00,0.85,0.75,sell
10122,2024-08-14 00:00:00,0.85,0.75,sell
10123,2024-08-14 04:00:00,0.9,0.8,sell
10124,2024-08-14 08:00:00,0.9,0.75,sell
10125,2024-08-14 12:00:00,0.4,0.7,hold
10126,2024-08-14 16:00:00,0.9,0.65,buy
10127,2024-08-14 20:00:00,0.9,0.75,buy
10128,2024-08-15 00:00:00,0.9,0.75,buy
10129,2024-08-15 04:00:00,0.85,0.7,sell
10130,2024-08-15 08:00:00,0.9,0.65,buy
10131,2024-08-15 12:00:00,0.9,0.75,sell
10132,2024-08-15 16:00:00,0.9,0.75,sell
10133,2024-08-15 20:00:00,0.9,0.75,sell
10134,2024-08-16 00:00:00,0.85,0.7,sell
10135,2024-08-16 04:00:00,0.9,0.75,sell
10136,2024-08-16 08:00:00,0.9,0.75,sell
10137,2024-08-16 12:00:00,0.8,0.65,sell
10138,2024-08-16 16:00:00,0.9,0.8,buy
10139,2024-08-16 20:00:00,0.85,0.8,sell
10152,2024-08-19 00:00:00,0.4,0.4,sell
10153,2024-08-19 04:00:00,0.5,0.6,sell
10154,2024-08-19 08:00:00,0.4,0.45,sell
10155,2024-08-19 12:00:00,0.4,0.35,sell
10156,2024-08-19 16:00:00,0.2,0.7,hold
10157,2024-08-19 20:00:00,0.66,0.65,buy
10158,2024-08-20 00:00:00,0.75,0.7,buy
10159,2024-08-20 04:00:00,0.7,0.65,buy
10160,2024-08-20 08:00:00,0.7,0.65,buy
10161,2024-08-20 12:00:00,0.6,0.7,hold
10162,2024-08-20 16:00:00,0.2,0.8,hold
10163,2024-08-20 20:00:00,0.5,0.9,hold
10164,2024-08-21 00:00:00,0.4,0.8,hold
10165,2024-08-21 04:00:00,0.5,0.8,hold
10166,2024-08-21 08:00:00,0.7,0.65,sell
10167,2024-08-21 12:00:00,0.5,0.55,sell
10168,2024-08-21 16:00:00,0.8,0.75,sell
10169,2024-08-21 20:00:00,0.8,0.75,sell
10170,2024-08-22 00:00:00,0.9,0.85,buy
10171,2024-08-22 04:00:00,0.85,0.75,buy
10172,2024-08-22 08:00:00,0.9,0.75,buy
10173,2024-08-22 12:00:00,0.85,0.75,buy
10174,2024-08-22 16:00:00,0.9,0.85,buy
10175,2024-08-22 20:00:00,0.85,0.75,buy
10176,2024-08-23 00:00:00,0.85,0.75,buy
10177,2024-08-23 04:00:00,0.85,0.75,buy
10178,2024-08-23 08:00:00,0.8,0.7,buy
10179,2024-08-23 12:00:00,0.8,0.65,buy
10180,2024-08-23 16:00:00,0.85,0.75,sell
10181,2024-08-23 20:00:00,0.85,0.75,sell
10194,2024-08-26 00:00:00,0.8,0.75,buy
10195,2024-08-26 04:00:00,0.85,0.8,buy
10196,2024-08-26 08:00:00,0.85,0.8,buy
10197,2024-08-26 12:00:00,0.85,0.8,buy
10198,2024-08-26 16:00:00,0.9,0.75,sell
10199,2024-08-26 20:00:00,0.9,0.8,sell
10200,2024-08-27 00:00:00,0.9,0.8,sell
10201,2024-08-27 04:00:00,0.9,0.8,sell
10202,2024-08-27 08:00:00,0.9,0.8,sell
10203,2024-08-27 12:00:00,0.9,0.85,sell
10204,2024-08-27 16:00:00,0.8,0.7,buy
10205,2024-08-27 20:00:00,0.85,0.8,buy
10206,2024-08-28 00:00:00,0.85,0.8,buy
10207,2024-08-28 04:00:00,0.85,0.8,buy
10208,2024-08-28 08:00:00,0.85,0.8,buy
10209,2024-08-28 12:00:00,0.9,0.8,buy
10210,2024-08-28 16:00:00,0.9,0.85,buy
10211,2024-08-28 20:00:00,0.8,0.75,buy
10212,2024-08-29 00:00:00,0.9,0.8,buy
10213,2024-08-29 04:00:00,0.9,0.85,buy
10214,2024-08-29 08:00:00,0.8,0.75,buy
10215,2024-08-29 12:00:00,0.85,0.75,sell
10216,2024-08-29 16:00:00,0.9,0.8,sell
10217,2024-08-29 20:00:00,0.95,0.9,sell
10218,2024-08-30 00:00:00,0.95,0.9,sell
10219,2024-08-30 04:00:00,0.9,0.85,sell
10220,2024-08-30 08:00:00,0.9,0.85,sell
10221,2024-08-30 12:00:00,0.95,0.9,sell
10222,2024-08-30 16:00:00,0.95,0.9,sell
10223,2024-08-30 20:00:00,0.95,0.9,sell
10236,2024-09-02 00:00:00,0.8,0.7,buy
10237,2024-09-02 04:00:00,0.6,0.75,buy
10238,2024-09-02 08:00:00,0.7,0.65,buy
10239,2024-09-02 12:00:00,0.9,0.8,buy
10240,2024-09-02 16:00:00,0.9,0.85,buy
10241,2024-09-02 20:00:00,0.9,0.8,buy
10242,2024-09-03 00:00:00,0.9,0.8,buy
10243,2024-09-03 04:00:00,0.8,0.75,buy
10244,2024-09-03 08:00:00,0.9,0.8,buy
10245,2024-09-03 12:00:00,0.8,0.7,buy
10246,2024-09-03 16:00:00,0.75,0.7,buy
10247,2024-09-03 20:00:00,0.9,0.85,buy
10248,2024-09-04 00:00:00,0.9,0.8,buy
10249,2024-09-04 04:00:00,0.9,0.85,buy
10250,2024-09-04 08:00:00,0.9,0.85,buy
10251,2024-09-04 12:00:00,0.9,0.8,buy
10252,2024-09-04 16:00:00,0.9,0.85,buy
10253,2024-09-04 20:00:00,0.9,0.8,buy
10254,2024-09-05 00:00:00,0.9,0.8,buy
10255,2024-09-05 04:00:00,0.9,0.8,buy
10256,2024-09-05 08:00:00,0.85,0.75,buy
10257,2024-09-05 12:00:00,0.9,0.8,buy
10258,2024-09-05 16:00:00,0.9,0.85,buy
10259,2024-09-05 20:00:00,0.85,0.75,sell
10260,2024-09-06 00:00:00,0.9,0.8,sell
10261,2024-09-06 04:00:00,0.9,0.8,sell
10262,2024-09-06 08:00:00,0.9,0.8,sell
10263,2024-09-06 12:00:00,0.85,0.75,sell
10264,2024-09-06 16:00:00,0.95,0.85,sell
10265,2024-09-06 20:00:00,0.9,0.85,sell
10278,2024-09-09 00:00:00,0.8,0.75,buy
10279,2024-09-09 04:00:00,0.7,0.7,buy
10280,2024-09-09 08:00:00,0.7,0.75,buy
10281,2024-09-09 12:00:00,0.7,0.75,buy
10282,2024-09-09 16:00:00,0.85,0.8,buy
10283,2024-09-09 20:00:00,0.8,0.75,buy
10284,2024-09-10 00:00:00,0.7,0.65,sell
10285,2024-09-10 04:00:00,0.7,0.65,sell
10286,2024-09-10 08:00:00,0.66,0.65,sell
10287,2024-09-10 12:00:00,0.7,0.65,sell
10288,2024-09-10 16:00:00,0.7,0.65,sell
10289,2024-09-10 20:00:00,0.75,0.65,sell
10290,2024-09-11 00:00:00,0.8,0.75,buy
10291,2024-09-11 04:00:00,0.66,0.7,buy
10292,2024-09-11 08:00:00,0.7,0.65,buy
10293,2024-09-11 12:00:00,0.7,0.65,buy
10294,2024-09-11 16:00:00,0.9,0.85,buy
10295,2024-09-11 20:00:00,0.95,0.9,buy
10296,2024-09-12 00:00:00,0.9,0.85,buy
10297,2024-09-12 04:00:00,0.9,0.85,buy
10298,2024-09-12 08:00:00,0.9,0.85,buy
10299,2024-09-12 12:00:00,0.95,0.9,buy
10300,2024-09-12 16:00:00,1.0,0.9,sell
10301,2024-09-12 20:00:00,0.95,0.9,sell
10302,2024-09-13 00:00:00,0.95,0.8,sell
10303,2024-09-13 04:00:00,0.95,0.9,sell
10304,2024-09-13 08:00:00,0.9,0.85,sell
10305,2024-09-13 12:00:00,0.9,0.85,sell
10306,2024-09-13 16:00:00,0.8,0.65,buy
10307,2024-09-13 20:00:00,0.85,0.75,sell
10320,2024-09-16 00:00:00,0.1,0.5,hold
10321,2024-09-16 04:00:00,0.2,0.7,hold
10322,2024-09-16 08:00:00,0.2,0.8,hold
10323,2024-09-16 12:00:00,0.7,0.65,sell
10324,2024-09-16 16:00:00,0.9,0.8,sell
10325,2024-09-16 20:00:00,0.9,0.8,sell
10326,2024-09-17 00:00:00,0.85,0.8,sell
10327,2024-09-17 04:00:00,0.9,0.8,sell
10328,2024-09-17 08:00:00,0.9,0.85,sell
10329,2024-09-17 12:00:00,0.85,0.8,sell
10330,2024-09-17 16:00:00,0.85,0.7,buy
10331,2024-09-17 20:00:00,0.9,0.8,buy
10332,2024-09-18 00:00:00,0.9,0.85,buy
10333,2024-09-18 04:00:00,0.9,0.8,buy
10334,2024-09-18 08:00:00,0.85,0.75,buy
10335,2024-09-18 12:00:00,0.9,0.75,buy
10336,2024-09-18 16:00:00,0.9,0.8,buy
10337,2024-09-18 20:00:00,0.85,0.75,buy
10338,2024-09-19 00:00:00,1.0,0.9,buy
10339,2024-09-19 04:00:00,0.95,0.9,buy
10340,2024-09-19 08:00:00,0.95,0.9,buy
10341,2024-09-19 12:00:00,0.95,0.9,buy
10342,2024-09-19 16:00:00,0.9,0.8,buy
10343,2024-09-19 20:00:00,0.95,0.8,buy
10344,2024-09-20 00:00:00,0.9,0.85,buy
10345,2024-09-20 04:00:00,0.9,0.8,buy
10346,2024-09-20 08:00:00,0.9,0.8,buy
10347,2024-09-20 12:00:00,0.8,0.7,buy
10348,2024-09-20 16:00:00,0.9,0.85,buy
10349,2024-09-20 20:00:00,0.9,0.85,buy
10362,2024-09-23 00:00:00,0.8,0.7,sell
10363,2024-09-23 04:00:00,0.8,0.75,buy
10364,2024-09-23 08:00:00,0.8,0.65,sell
10365,2024-09-23 12:00:00,0.9,0.85,sell
10366,2024-09-23 16:00:00,0.9,0.9,sell
10367,2024-09-23 20:00:00,0.95,0.9,sell
10368,2024-09-24 00:00:00,0.9,0.9,sell
10369,2024-09-24 04:00:00,0.95,0.9,sell
10370,2024-09-24 08:00:00,0.9,0.85,sell
10371,2024-09-24 12:00:00,0.9,0.8,sell
10372,2024-09-24 16:00:00,0.9,0.85,sell
10373,2024-09-24 20:00:00,0.85,0.7,buy
10374,2024-09-25 00:00:00,0.85,0.75,buy
10375,2024-09-25 04:00:00,0.9,0.8,buy
10376,2024-09-25 08:00:00,0.9,0.8,buy
10377,2024-09-25 12:00:00,0.9,0.8,buy
10378,2024-09-25 16:00:00,0.9,0.8,buy
10379,2024-09-25 20:00:00,0.7,0.65,sell
10380,2024-09-26 00:00:00,0.8,0.7,sell
10381,2024-09-26 04:00:00,0.8,0.75,sell
10382,2024-09-26 08:00:00,0.8,0.7,sell
10383,2024-09-26 12:00:00,0.85,0.8,sell
10384,2024-09-26 16:00:00,0.9,0.8,buy
10385,2024-09-26 20:00:00,0.9,0.85,buy
10386,2024-09-27 00:00:00,0.9,0.8,buy
10387,2024-09-27 04:00:00,0.85,0.75,buy
10388,2024-09-27 08:00:00,0.85,0.75,buy
10389,2024-09-27 12:00:00,0.9,0.75,buy
10390,2024-09-27 16:00:00,0.9,0.65,sell
10391,2024-09-27 20:00:00,0.85,0.65,sell
10404,2024-09-30 00:00:00,0.8,0.75,sell
10405,2024-09-30 04:00:00,0.8,0.75,sell
10406,2024-09-30 08:00:00,0.8,0.75,sell
10407,2024-09-30 12:00:00,0.8,0.75,sell
10408,2024-09-30 16:00:00,0.9,0.8,sell
10409,2024-09-30 20:00:00,0.9,0.85,sell
10410,2024-10-01 00:00:00,0.85,0.8,sell
10411,2024-10-01 04:00:00,0.9,0.85,sell
10412,2024-10-01 08:00:00,0.9,0.8,sell
10413,2024-10-01 12:00:00,0.95,0.9,sell
10414,2024-10-01 16:00:00,0.95,0.9,sell
10415,2024-10-01 20:00:00,0.9,0.8,sell
10416,2024-10-02 00:00:00,0.9,0.85,sell
10417,2024-10-02 04:00:00,0.9,0.85,sell
10418,2024-10-02 08:00:00,0.9,0.8,sell
10419,2024-10-02 12:00:00,0.9,0.8,sell
10420,2024-10-02 16:00:00,0.9,0.8,sell
10421,2024-10-02 20:00:00,0.9,0.85,sell
10422,2024-10-03 00:00:00,0.9,0.85,sell
10423,2024-10-03 04:00:00,0.9,0.85,sell
10424,2024-10-03 08:00:00,0.9,0.8,sell
10425,2024-10-03 12:00:00,0.9,0.85,sell
10426,2024-10-03 16:00:00,0.9,0.8,buy
10427,2024-10-03 20:00:00,0.9,0.8,sell
10428,2024-10-04 00:00:00,0.9,0.8,sell
10429,2024-10-04 04:00:00,0.9,0.85,sell
10430,2024-10-04 08:00:00,0.9,0.85,sell
10431,2024-10-04 12:00:00,0.9,0.85,sell
10432,2024-10-04 16:00:00,0.85,0.75,sell
10433,2024-10-04 20:00:00,0.9,0.7,buy
10446,2024-10-07 00:00:00,0.2,0.3,hold
10447,2024-10-07 04:00:00,0.1,0.1,hold
10448,2024-10-07 08:00:00,0.3,0.4,hold
10449,2024-10-07 12:00:00,0.9,0.85,sell
10450,2024-10-07 16:00:00,0.9,0.85,sell
10451,2024-10-07 20:00:00,0.9,0.85,sell
10452,2024-10-08 00:00:00,0.8,0.75,sell
10453,2024-10-08 04:00:00,0.85,0.75,sell
10454,2024-10-08 08:00:00,0.85,0.75,sell
10455,2024-10-08 12:00:00,0.85,0.8,buy
10456,2024-10-08 16:00:00,0.85,0.7,sell
10457,2024-10-08 20:00:00,0.9,0.8,sell
10458,2024-10-09 00:00:00,0.8,0.75,sell
10459,2024-10-09 04:00:00,0.8,0.75,sell
10460,2024-10-09 08:00:00,0.8,0.75,sell
10461,2024-10-09 12:00:00,0.8,0.65,sell
10462,2024-10-09 16:00:00,0.7,0.6,buy
10463,2024-10-09 20:00:00,0.85,0.75,sell
10464,2024-10-10 00:00:00,0.9,0.8,buy
10465,2024-10-10 04:00:00,0.85,0.75,buy
10466,2024-10-10 08:00:00,0.85,0.7,sell
10467,2024-10-10 12:00:00,0.8,0.75,buy
10468,2024-10-10 16:00:00,0.9,0.8,buy
10469,2024-10-10 20:00:00,0.9,0.8,buy
10470,2024-10-11 00:00:00,0.85,0.75,buy
10471,2024-10-11 04:00:00,0.85,0.75,sell
10472,2024-10-11 08:00:00,0.8,0.65,buy
10473,2024-10-11 12:00:00,0.9,0.85,buy
10474,2024-10-11 16:00:00,0.9,0.85,buy
10475,2024-10-11 20:00:00,0.9,0.8,buy
10488,2024-10-14 00:00:00,0.3,0.7,hold
10489,2024-10-14 04:00:00,0.2,0.5,hold
10490,2024-10-14 08:00:00,0.2,0.7,hold
10491,2024-10-14 12:00:00,0.6,0.65,buy
10492,2024-10-14 16:00:00,0.5,0.6,sell
10493,2024-10-14 20:00:00,0.6,0.55,sell
10494,2024-10-15 00:00:00,0.7,0.65,sell
10495,2024-10-15 04:00:00,0.7,0.65,sell
10496,2024-10-15 08:00:00,0.8,0.75,sell
10497,2024-10-15 12:00:00,0.8,0.75,sell
10498,2024-10-15 16:00:00,0.9,0.8,buy
10499,2024-10-15 20:00:00,0.9,0.8,buy
10500,2024-10-16 00:00:00,0.9,0.8,buy
10501,2024-10-16 04:00:00,0.9,0.75,buy
10502,2024-10-16 08:00:00,0.9,0.8,buy
10503,2024-10-16 12:00:00,0.9,0.8,buy
10504,2024-10-16 16:00:00,0.8,0.75,sell
10505,2024-10-16 20:00:00,0.8,0.75,sell
10506,2024-10-17 00:00:00,0.8,0.75,sell
10507,2024-10-17 04:00:00,0.8,0.75,sell
10508,2024-10-17 08:00:00,0.8,0.75,sell
10509,2024-10-17 12:00:00,0.9,0.85,sell
10510,2024-10-17 16:00:00,0.95,0.95,sell
10511,2024-10-17 20:00:00,0.9,0.85,sell
10512,2024-10-18 00:00:00,0.95,0.9,sell
10513,2024-10-18 04:00:00,0.95,0.9,sell
10514,2024-10-18 08:00:00,0.95,0.9,sell
10515,2024-10-18 12:00:00,0.95,0.9,sell
10516,2024-10-18 16:00:00,0.9,0.85,sell
10517,2024-10-18 20:00:00,0.85,0.8,sell
10530,2024-10-21 00:00:00,0.5,0.6,sell
10531,2024-10-21 04:00:00,0.5,0.55,sell
10532,2024-10-21 08:00:00,0.65,0.7,sell
10533,2024-10-21 12:00:00,0.8,0.7,sell
10534,2024-10-21 16:00:00,0.8,0.75,sell
10535,2024-10-21 20:00:00,0.7,0.65,sell
10536,2024-10-22 00:00:00,0.7,0.65,sell
10537,2024-10-22 04:00:00,0.7,0.65,sell
10538,2024-10-22 08:00:00,0.8,0.65,sell
10539,2024-10-22 12:00:00,0.66,0.65,buy
10540,2024-10-22 16:00:00,0.8,0.75,sell
10541,2024-10-22 20:00:00,0.9,0.85,sell
10542,2024-10-23 00:00:00,0.9,0.85,sell
10543,2024-10-23 04:00:00,0.75,0.8,sell
10544,2024-10-23 08:00:00,0.8,0.85,sell
10545,2024-10-23 12:00:00,0.85,0.8,sell
10546,2024-10-23 16:00:00,0.8,0.75,sell
10547,2024-10-23 20:00:00,0.8,0.75,sell
10548,2024-10-24 00:00:00,0.7,0.65,sell
10549,2024-10-24 04:00:00,0.8,0.75,sell
10550,2024-10-24 08:00:00,0.8,0.7,sell
10551,2024-10-24 12:00:00,0.9,0.8,buy
10552,2024-10-24 16:00:00,0.75,0.65,buy
10553,2024-10-24 20:00:00,0.9,0.8,sell
10554,2024-10-25 00:00:00,0.85,0.75,sell
10555,2024-10-25 04:00:00,0.9,0.85,sell
10556,2024-10-25 08:00:00,0.9,0.85,sell
10557,2024-10-25 12:00:00,0.8,0.65,buy
10558,2024-10-25 16:00:00,0.9,0.75,sell
10559,2024-10-25 20:00:00,0.9,0.85,sell
10572,2024-10-28 00:00:00,0.2,0.5,hold
10573,2024-10-28 04:00:00,0.2,0.7,hold
10574,2024-10-28 08:00:00,0.6,0.65,sell
10575,2024-10-28 12:00:00,0.6,0.55,sell
10576,2024-10-28 16:00:00,0.5,0.6,sell
10577,2024-10-28 20:00:00,0.85,0.8,sell
10578,2024-10-29 00:00:00,0.7,0.65,sell
10579,2024-10-29 04:00:00,0.8,0.75,sell
10580,2024-10-29 08:00:00,0.8,0.75,sell
10581,2024-10-29 12:00:00,0.85,0.75,sell
10582,2024-10-29 16:00:00,0.6,0.55,buy
10583,2024-10-29 20:00:00,0.85,0.65,buy
10584,2024-10-30 00:00:00,0.85,0.75,sell
10585,2024-10-30 04:00:00,0.85,0.7,sell
10586,2024-10-30 08:00:00,0.8,0.65,sell
10587,2024-10-30 12:00:00,0.9,0.75,sell
10588,2024-10-30 16:00:00,0.9,0.8,sell
10589,2024-10-30 20:00:00,0.9,0.8,sell
10590,2024-10-31 00:00:00,0.9,0.8,sell
10591,2024-10-31 04:00:00,0.85,0.75,sell
10592,2024-10-31 08:00:00,0.9,0.8,sell
10593,2024-10-31 12:00:00,0.9,0.75,sell
10594,2024-10-31 16:00:00,0.9,0.8,sell
10595,2024-10-31 20:00:00,0.9,0.75,sell
10596,2024-11-01 00:00:00,0.9,0.75,sell
10597,2024-11-01 04:00:00,0.9,0.75,sell
10598,2024-11-01 08:00:00,0.9,0.75,sell
10599,2024-11-01 12:00:00,0.9,0.75,sell
10600,2024-11-01 16:00:00,1.0,0.95,buy
10601,2024-11-01 20:00:00,1.0,0.95,buy
10614,2024-11-04 00:00:00,0.0,0.0,hold
10615,2024-11-04 04:00:00,0.0,1.0,hold
10616,2024-11-04 08:00:00,0.1,0.2,hold
10617,2024-11-04 12:00:00,0.75,0.65,buy
10618,2024-11-04 16:00:00,0.75,0.65,buy
10619,2024-11-04 20:00:00,0.8,0.65,buy
10620,2024-11-05 00:00:00,0.85,0.75,sell
10621,2024-11-05 04:00:00,0.9,0.8,sell
10622,2024-11-05 08:00:00,0.9,0.8,sell
10623,2024-11-05 12:00:00,0.85,0.75,sell
10624,2024-11-05 16:00:00,0.85,0.75,sell
10625,2024-11-05 20:00:00,0.9,0.8,sell
10626,2024-11-06 00:00:00,0.9,0.85,sell
10627,2024-11-06 04:00:00,0.9,0.85,sell
10628,2024-11-06 08:00:00,0.9,0.85,sell
10629,2024-11-06 12:00:00,0.9,0.85,sell
10630,2024-11-06 16:00:00,0.9,0.85,sell
10631,2024-11-06 20:00:00,0.9,0.85,sell
10632,2024-11-07 00:00:00,0.9,0.85,sell
10633,2024-11-07 04:00:00,0.9,0.85,sell
10634,2024-11-07 08:00:00,0.9,0.85,sell
10635,2024-11-07 12:00:00,0.95,0.9,sell
10636,2024-11-07 16:00:00,0.9,0.85,sell
10637,2024-11-07 20:00:00,0.9,0.8,sell
10638,2024-11-08 00:00:00,0.95,0.8,buy
10639,2024-11-08 04:00:00,0.9,0.75,buy
10640,2024-11-08 08:00:00,0.9,0.8,buy
10641,2024-11-08 12:00:00,0.95,0.85,buy
10642,2024-11-08 16:00:00,0.95,0.85,buy
10643,2024-11-08 20:00:00,0.9,0.75,buy
10656,2024-11-11 00:00:00,0.6,0.55,sell
10657,2024-11-11 04:00:00,0.65,0.7,sell
10658,2024-11-11 08:00:00,0.6,0.65,sell
10659,2024-11-11 12:00:00,0.4,0.3,hold
10660,2024-11-11 16:00:00,0.6,0.65,sell
10661,2024-11-11 20:00:00,0.6,0.65,sell
10662,2024-11-12 00:00:00,0.7,0.65,sell
10663,2024-11-12 04:00:00,0.6,0.65,sell
10664,2024-11-12 08:00:00,0.6,0.65,sell
10665,2024-11-12 12:00:00,0.6,0.55,sell
10666,2024-11-12 16:00:00,0.9,0.8,sell
10667,2024-11-12 20:00:00,0.9,0.85,sell
10668,2024-11-13 00:00:00,0.9,0.85,sell
10669,2024-11-13 04:00:00,0.9,0.85,sell
10670,2024-11-13 08:00:00,0.9,0.8,sell
10671,2024-11-13 12:00:00,0.9,0.85,sell
10672,2024-11-13 16:00:00,0.5,0.45,buy
10673,2024-11-13 20:00:00,0.9,0.8,sell
10674,2024-11-14 00:00:00,0.9,0.8,sell
10675,2024-11-14 04:00:00,0.9,0.85,sell
10676,2024-11-14 08:00:00,0.9,0.8,sell
10677,2024-11-14 12:00:00,0.9,0.75,sell
10678,2024-11-14 16:00:00,0.9,0.85,sell
10679,2024-11-14 20:00:00,0.9,0.8,sell
10680,2024-11-15 00:00:00,0.9,0.8,sell
10681,2024-11-15 04:00:00,0.85,0.75,sell
10682,2024-11-15 08:00:00,0.9,0.85,sell
10683,2024-11-15 12:00:00,0.85,0.75,sell
10684,2024-11-15 16:00:00,0.85,0.75,sell
10685,2024-11-15 20:00:00,0.8,0.75,sell
10698,2024-11-18 00:00:00,0.9,0.8,sell
10699,2024-11-18 04:00:00,0.9,0.85,sell
10700,2024-11-18 08:00:00,0.9,0.8,sell
10701,2024-11-18 12:00:00,0.9,0.8,sell
10702,2024-11-18 16:00:00,0.85,0.75,sell
10703,2024-11-18 20:00:00,0.7,0.65,buy
10704,2024-11-19 00:00:00,0.8,0.75,sell
10705,2024-11-19 04:00:00,0.8,0.7,sell
10706,2024-11-19 08:00:00,0.8,0.7,sell
10707,2024-11-19 12:00:00,0.8,0.75,sell
10708,2024-11-19 16:00:00,0.9,0.85,sell
10709,2024-11-19 20:00:00,0.9,0.8,sell
10710,2024-11-20 00:00:00,0.9,0.85,sell
10711,2024-11-20 04:00:00,0.9,0.85,sell
10712,2024-11-20 08:00:00,0.85,0.75,sell
10713,2024-11-20 12:00:00,0.9,0.75,sell
10714,2024-11-20 16:00:00,0.7,0.65,buy
10715,2024-11-20 20:00:00,0.7,0.65,buy
10716,2024-11-21 00:00:00,0.8,0.7,sell
10717,2024-11-21 04:00:00,0.75,0.65,sell
10718,2024-11-21 08:00:00,0.8,0.75,sell
10719,2024-11-21 12:00:00,0.6,0.5,sell
10720,2024-11-21 16:00:00,0.9,0.8,sell
10721,2024-11-21 20:00:00,0.9,0.8,sell
10722,2024-11-22 00:00:00,0.85,0.75,sell
10723,2024-11-22 04:00:00,0.85,0.75,sell
10724,2024-11-22 08:00:00,0.85,0.7,sell
10725,2024-11-22 12:00:00,0.85,0.7,sell
10726,2024-11-22 16:00:00,0.85,0.7,sell
10727,2024-11-22 20:00:00,0.85,0.65,sell
10740,2024-11-25 00:00:00,0.2,0.7,hold
10741,2024-11-25 04:00:00,0.1,0.95,hold
10742,2024-11-25 08:00:00,0.1,0.2,hold
10743,2024-11-25 12:00:00,0.2,0.6,hold
10744,2024-11-25 16:00:00,0.9,0.85,sell
10745,2024-11-25 20:00:00,0.8,0.75,sell
10746,2024-11-26 00:00:00,0.85,0.8,sell
10747,2024-11-26 04:00:00,0.9,0.85,sell
10748,2024-11-26 08:00:00,0.85,0.8,sell
10749,2024-11-26 12:00:00,0.9,0.85,sell
10750,2024-11-26 16:00:00,0.66,0.7,sell
10751,2024-11-26 20:00:00,0.8,0.65,buy
10752,2024-11-27 00:00:00,0.85,0.75,buy
10753,2024-11-27 04:00:00,0.8,0.65,sell
10754,2024-11-27 08:00:00,0.8,0.65,sell
10755,2024-11-27 12:00:00,0.9,0.8,sell
10756,2024-11-27 16:00:00,0.8,0.75,sell
10757,2024-11-27 20:00:00,0.95,0.9,sell
10758,2024-11-28 00:00:00,0.9,0.85,sell
10759,2024-11-28 04:00:00,0.95,0.9,sell
10760,2024-11-28 08:00:00,0.95,0.9,sell
10761,2024-11-28 12:00:00,0.95,0.9,sell
10762,2024-11-28 16:00:00,0.85,0.75,sell
10763,2024-11-28 20:00:00,0.85,0.7,buy
10764,2024-11-29 00:00:00,0.85,0.75,sell
10765,2024-11-29 04:00:00,0.85,0.7,sell
10766,2024-11-29 08:00:00,0.85,0.75,sell
10767,2024-11-29 12:00:00,0.9,0.75,buy
10768,2024-11-29 16:00:00,0.9,0.75,buy
10769,2024-11-29 20:00:00,0.85,0.75,sell
10782,2024-12-02 00:00:00,0.65,0.7,sell
10783,2024-12-02 04:00:00,0.7,0.65,sell
10784,2024-12-02 08:00:00,0.6,0.65,sell
10785,2024-12-02 12:00:00,0.9,0.85,sell
10786,2024-12-02 16:00:00,0.9,0.8,sell
10787,2024-12-02 20:00:00,0.9,0.8,sell
10788,2024-12-03 00:00:00,0.9,0.85,sell
10789,2024-12-03 04:00:00,0.9,0.82,sell
10790,2024-12-03 08:00:00,0.9,0.85,sell
10791,2024-12-03 12:00:00,0.9,0.85,sell
10792,2024-12-03 16:00:00,0.9,0.85,sell
10793,2024-12-03 20:00:00,0.9,0.8,sell
10794,2024-12-04 00:00:00,0.9,0.85,sell
10795,2024-12-04 04:00:00,0.9,0.8,sell
10796,2024-12-04 08:00:00,0.9,0.85,sell
10797,2024-12-04 12:00:00,0.9,0.85,sell
10798,2024-12-04 16:00:00,0.9,0.85,sell
10799,2024-12-04 20:00:00,0.85,0.7,sell
10800,2024-12-05 00:00:00,0.85,0.75,sell
10801,2024-12-05 04:00:00,0.85,0.75,sell
10802,2024-12-05 08:00:00,0.85,0.75,sell
10803,2024-12-05 12:00:00,0.85,0.7,buy
10804,2024-12-05 16:00:00,0.9,0.65,sell
10805,2024-12-05 20:00:00,0.85,0.75,buy
10806,2024-12-06 00:00:00,0.85,0.7,buy
10807,2024-12-06 04:00:00,0.9,0.75,buy
10808,2024-12-06 08:00:00,0.8,0.65,buy
10809,2024-12-06 12:00:00,0.85,0.7,sell
10810,2024-12-06 16:00:00,0.9,0.75,buy
10811,2024-12-06 20:00:00,1.0,0.9,sell
10824,2024-12-09 00:00:00,0.7,0.65,sell
10825,2024-12-09 04:00:00,0.8,0.75,sell
10826,2024-12-09 08:00:00,0.8,0.65,sell
10827,2024-12-09 12:00:00,0.6,0.6,sell
10828,2024-12-09 16:00:00,0.7,0.65,sell
10829,2024-12-09 20:00:00,0.8,0.7,sell
10830,2024-12-10 00:00:00,0.3,0.3,hold
10831,2024-12-10 04:00:00,0.6,0.55,buy
10832,2024-12-10 08:00:00,0.4,0.4,buy
10833,2024-12-10 12:00:00,0.4,0.4,buy
10834,2024-12-10 16:00:00,0.7,0.65,sell
10835,2024-12-10 20:00:00,0.8,0.75,buy
10836,2024-12-11 00:00:00,0.8,0.75,buy
10837,2024-12-11 04:00:00,0.8,0.75,buy
10838,2024-12-11 08:00:00,0.85,0.75,buy
10839,2024-12-11 12:00:00,0.85,0.75,buy
10840,2024-12-11 16:00:00,0.8,0.7,buy
10841,2024-12-11 20:00:00,0.95,0.9,sell
10842,2024-12-12 00:00:00,0.9,0.85,sell
10843,2024-12-12 04:00:00,0.95,0.9,sell
10844,2024-12-12 08:00:00,0.9,0.85,sell
10845,2024-12-12 12:00:00,0.9,0.85,sell
10846,2024-12-12 16:00:00,0.95,0.9,sell
10847,2024-12-12 20:00:00,0.9,0.75,buy
10848,2024-12-13 00:00:00,0.9,0.8,buy
10849,2024-12-13 04:00:00,0.85,0.75,buy
10850,2024-12-13 08:00:00,0.9,0.75,buy
10851,2024-12-13 12:00:00,0.9,0.7,buy
10852,2024-12-13 16:00:00,0.9,0.75,buy
10853,2024-12-13 20:00:00,0.85,0.7,buy
10866,2024-12-16 00:00:00,0.1,0.0,hold
10867,2024-12-16 04:00:00,0.2,0.3,hold
10868,2024-12-16 08:00:00,0.4,0.5,hold
10869,2024-12-16 12:00:00,0.85,0.7,buy
10870,2024-12-16 16:00:00,0.85,0.7,sell
10871,2024-12-16 20:00:00,0.85,0.75,buy
10872,2024-12-17 00:00:00,0.85,0.75,buy
10873,2024-12-17 04:00:00,0.9,0.8,sell
10874,2024-12-17 08:00:00,0.8,0.75,sell
10875,2024-12-17 12:00:00,0.85,0.75,buy
10876,2024-12-17 16:00:00,0.85,0.75,sell
10877,2024-12-17 20:00:00,0.9,0.8,sell
10878,2024-12-18 00:00:00,0.9,0.85,sell
10879,2024-12-18 04:00:00,0.9,0.9,sell
10880,2024-12-18 08:00:00,0.9,0.85,sell
10881,2024-12-18 12:00:00,0.9,0.85,sell
10882,2024-12-18 16:00:00,0.9,0.85,sell
10883,2024-12-18 20:00:00,0.9,0.8,sell
10884,2024-12-19 00:00:00,0.95,0.85,buy
10885,2024-12-19 04:00:00,0.9,0.8,buy
10886,2024-12-19 08:00:00,0.95,0.8,buy
10887,2024-12-19 12:00:00,0.9,0.75,buy
10888,2024-12-19 16:00:00,0.95,0.9,buy
10889,2024-12-19 20:00:00,0.85,0.75,sell
10890,2024-12-20 00:00:00,0.85,0.75,sell
10891,2024-12-20 04:00:00,0.9,0.85,sell
10892,2024-12-20 08:00:00,0.9,0.8,sell
10893,2024-12-20 12:00:00,0.9,0.8,sell
10894,2024-12-20 16:00:00,0.9,0.8,sell
10895,2024-12-20 20:00:00,0.8,0.65,buy
10908,2024-12-23 00:00:00,0.5,0.5,buy
10909,2024-12-23 04:00:00,0.5,0.5,buy
10910,2024-12-23 08:00:00,0.5,0.55,buy
10911,2024-12-23 12:00:00,0.4,0.3,hold
10912,2024-12-23 16:00:00,0.6,0.55,buy
10913,2024-12-23 20:00:00,0.9,0.85,buy
10914,2024-12-24 00:00:00,0.9,0.85,buy
10915,2024-12-24 04:00:00,0.9,0.85,buy
10916,2024-12-24 08:00:00,0.9,0.85,buy
10917,2024-12-24 12:00:00,0.9,0.85,buy
10918,2024-12-24 16:00:00,0.9,0.85,buy
10919,2024-12-24 20:00:00,0.8,0.7,sell
10920,2024-12-25 00:00:00,0.8,0.75,sell
10926,2024-12-26 00:00:00,0.6,0.65,sell
10927,2024-12-26 04:00:00,0.8,0.7,sell
10928,2024-12-26 08:00:00,0.66,0.7,sell
10929,2024-12-26 12:00:00,0.8,0.7,sell
10930,2024-12-26 16:00:00,0.66,0.6,sell
10931,2024-12-26 20:00:00,0.7,0.6,buy
10932,2024-12-27 00:00:00,0.7,0.65,sell
10933,2024-12-27 04:00:00,0.4,0.5,hold
10934,2024-12-27 08:00:00,0.7,0.65,buy
10935,2024-12-27 12:00:00,0.3,0.7,hold
10936,2024-12-27 16:00:00,0.8,0.75,sell
10937,2024-12-27 20:00:00,0.8,0.75,sell
10950,2024-12-30 00:00:00,0.7,0.6,sell
10951,2024-12-30 04:00:00,0.7,0.6,sell
10952,2024-12-30 08:00:00,0.6,0.5,sell
10953,2024-12-30 12:00:00,0.7,0.6,buy
10954,2024-12-30 16:00:00,0.7,0.65,buy
10955,2024-12-30 20:00:00,0.7,0.65,buy
10956,2024-12-31 00:00:00,0.8,0.75,buy
10957,2024-12-31 04:00:00,0.8,0.7,buy
10958,2024-12-31 08:00:00,0.8,0.75,buy
10959,2024-12-31 12:00:00,0.85,0.75,buy
10960,2024-12-31 16:00:00,0.85,0.75,buy
10961,2024-12-31 20:00:00,0.7,0.65,buy
10968,2025-01-02 00:00:00,0.8,0.75,sell
10969,2025-01-02 04:00:00,0.7,0.65,sell
10970,2025-01-02 08:00:00,0.8,0.75,sell
10971,2025-01-02 12:00:00,0.85,0.8,sell
10972,2025-01-02 16:00:00,0.8,0.75,sell
10973,2025-01-02 20:00:00,0.85,0.75,sell
10974,2025-01-03 00:00:00,0.9,0.8,sell
10975,2025-01-03 04:00:00,0.85,0.75,sell
10976,2025-01-03 08:00:00,0.8,0.65,sell
10977,2025-01-03 12:00:00,0.75,0.65,sell
10978,2025-01-03 16:00:00,0.85,0.65,sell
10979,2025-01-03 20:00:00,0.9,0.8,sell
10992,2025-01-06 00:00:00,0.5,0.65,sell
10993,2025-01-06 04:00:00,0.4,0.5,sell
10994,2025-01-06 08:00:00,0.4,0.55,sell
10995,2025-01-06 12:00:00,0.7,0.65,buy
10996,2025-01-06 16:00:00,0.9,0.8,buy
10997,2025-01-06 20:00:00,0.9,0.8,sell
10998,2025-01-07 00:00:00,0.85,0.75,sell
10999,2025-01-07 04:00:00,0.85,0.7,sell
11000,2025-01-07 08:00:00,0.85,0.8,sell
11001,2025-01-07 12:00:00,0.9,0.8,sell
11002,2025-01-07 16:00:00,0.85,0.75,sell
11003,2025-01-07 20:00:00,0.95,0.9,sell
11004,2025-01-08 00:00:00,0.95,0.9,sell
11005,2025-01-08 04:00:00,0.95,0.9,sell
11006,2025-01-08 08:00:00,0.95,0.9,sell
11007,2025-01-08 12:00:00,0.95,0.9,sell
11008,2025-01-08 16:00:00,0.9,0.85,sell
11009,2025-01-08 20:00:00,0.9,0.82,sell
11010,2025-01-09 00:00:00,0.9,0.85,sell
11011,2025-01-09 04:00:00,0.9,0.85,sell
11012,2025-01-09 08:00:00,0.9,0.8,sell
11013,2025-01-09 12:00:00,0.9,0.85,sell
11014,2025-01-09 16:00:00,0.9,0.9,sell
11015,2025-01-09 20:00:00,0.9,0.75,sell
11016,2025-01-10 00:00:00,0.9,0.8,buy
11017,2025-01-10 04:00:00,0.85,0.75,buy
11018,2025-01-10 08:00:00,0.8,0.65,buy
11019,2025-01-10 12:00:00,0.7,0.65,buy
11020,2025-01-10 16:00:00,0.7,0.65,buy
11021,2025-01-10 20:00:00,1.0,0.9,sell
11034,2025-01-13 00:00:00,0.6,0.65,sell
11035,2025-01-13 04:00:00,0.6,0.65,sell
11036,2025-01-13 08:00:00,0.5,0.65,sell
11037,2025-01-13 12:00:00,0.5,0.6,sell
11038,2025-01-13 16:00:00,0.5,0.65,sell
11039,2025-01-13 20:00:00,0.5,0.6,sell
11040,2025-01-14 00:00:00,0.5,0.6,sell
11041,2025-01-14 04:00:00,0.3,0.6,hold
11042,2025-01-14 08:00:00,0.6,0.65,sell
11043,2025-01-14 12:00:00,0.8,0.7,sell
11044,2025-01-14 16:00:00,0.8,0.75,sell
11045,2025-01-14 20:00:00,0.8,0.75,sell
11046,2025-01-15 00:00:00,0.85,0.7,buy
11047,2025-01-15 04:00:00,0.8,0.75,sell
11048,2025-01-15 08:00:00,0.8,0.7,sell
11049,2025-01-15 12:00:00,0.4,0.7,hold
11050,2025-01-15 16:00:00,0.8,0.75,buy
11051,2025-01-15 20:00:00,0.9,0.85,sell
11052,2025-01-16 00:00:00,0.9,0.8,sell
11053,2025-01-16 04:00:00,0.9,0.85,sell
11054,2025-01-16 08:00:00,0.9,0.85,sell
11055,2025-01-16 12:00:00,0.9,0.9,sell
11056,2025-01-16 16:00:00,0.9,0.85,sell
11057,2025-01-16 20:00:00,0.9,0.85,sell
11058,2025-01-17 00:00:00,0.95,0.9,sell
11059,2025-01-17 04:00:00,0.9,0.85,sell
11060,2025-01-17 08:00:00,0.9,0.8,sell
11061,2025-01-17 12:00:00,0.9,0.85,sell
11062,2025-01-17 16:00:00,0.9,0.85,sell
11063,2025-01-17 20:00:00,0.9,0.85,sell
11076,2025-01-20 00:00:00,0.8,0.75,sell
11077,2025-01-20 04:00:00,0.6,0.7,sell
11078,2025-01-20 08:00:00,0.65,0.75,sell
11079,2025-01-20 12:00:00,0.8,0.75,sell
11080,2025-01-20 16:00:00,0.8,0.75,sell
11081,2025-01-20 20:00:00,0.8,0.75,sell
11082,2025-01-21 00:00:00,0.9,0.8,sell
11083,2025-01-21 04:00:00,0.8,0.75,sell
11084,2025-01-21 08:00:00,0.7,0.65,sell
11085,2025-01-21 12:00:00,0.6,0.65,sell
11086,2025-01-21 16:00:00,0.9,0.85,sell
11087,2025-01-21 20:00:00,0.9,0.85,sell
11088,2025-01-22 00:00:00,0.9,0.8,sell
11089,2025-01-22 04:00:00,0.9,0.85,sell
11090,2025-01-22 08:00:00,0.9,0.85,sell
11091,2025-01-22 12:00:00,0.85,0.75,sell
11092,2025-01-22 16:00:00,0.6,0.65,sell
11093,2025-01-22 20:00:00,0.8,0.7,sell
11094,2025-01-23 00:00:00,0.75,0.65,sell
11095,2025-01-23 04:00:00,0.8,0.75,sell
11096,2025-01-23 08:00:00,0.8,0.7,sell
11097,2025-01-23 12:00:00,0.85,0.75,sell
11098,2025-01-23 16:00:00,0.85,0.75,sell
11099,2025-01-23 20:00:00,0.85,0.75,sell
11100,2025-01-24 00:00:00,0.85,0.75,sell
11101,2025-01-24 04:00:00,0.85,0.75,sell
11102,2025-01-24 08:00:00,0.85,0.75,buy
11103,2025-01-24 12:00:00,0.9,0.8,buy
11104,2025-01-24 16:00:00,0.9,0.85,buy
11105,2025-01-24 20:00:00,0.85,0.75,buy
11118,2025-01-27 00:00:00,0.8,0.7,sell
11119,2025-01-27 04:00:00,0.8,0.75,sell
11120,2025-01-27 08:00:00,0.8,0.7,sell
11121,2025-01-27 12:00:00,0.7,0.75,sell
11122,2025-01-27 16:00:00,0.7,0.65,sell
11123,2025-01-27 20:00:00,0.85,0.7,sell
11124,2025-01-28 00:00:00,0.8,0.65,buy
11125,2025-01-28 04:00:00,0.8,0.65,buy
11126,2025-01-28 08:00:00,0.85,0.7,sell
11127,2025-01-28 12:00:00,0.8,0.65,sell
11128,2025-01-28 16:00:00,0.75,0.65,buy
11129,2025-01-28 20:00:00,0.8,0.65,sell
11130,2025-01-29 00:00:00,0.9,0.65,sell
11131,2025-01-29 04:00:00,0.8,0.65,sell
11132,2025-01-29 08:00:00,0.85,0.75,sell
11133,2025-01-29 12:00:00,0.85,0.75,sell
11134,2025-01-29 16:00:00,0.8,0.75,sell
11135,2025-01-29 20:00:00,0.8,0.65,buy
11136,2025-01-30 00:00:00,0.8,0.75,sell
11137,2025-01-30 04:00:00,0.9,0.8,sell
11138,2025-01-30 08:00:00,0.9,0.8,sell
11139,2025-01-30 12:00:00,0.9,0.85,sell
11140,2025-01-30 16:00:00,0.95,0.9,sell
11141,2025-01-30 20:00:00,0.9,0.85,sell
11142,2025-01-31 00:00:00,0.95,0.9,sell
11143,2025-01-31 04:00:00,0.9,0.85,sell
11144,2025-01-31 08:00:00,0.95,0.9,sell
11145,2025-01-31 12:00:00,0.95,0.9,sell
11146,2025-01-31 16:00:00,0.95,0.9,sell
11147,2025-01-31 20:00:00,0.9,0.85,sell
11160,2025-02-03 00:00:00,0.85,0.9,sell
11161,2025-02-03 04:00:00,0.85,0.8,sell
11162,2025-02-03 08:00:00,0.9,0.85,sell
11163,2025-02-03 12:00:00,0.9,0.85,sell
11164,2025-02-03 16:00:00,0.85,0.7,buy
11165,2025-02-03 20:00:00,0.9,0.8,sell
11166,2025-02-04 00:00:00,0.9,0.8,sell
11167,2025-02-04 04:00:00,0.9,0.8,sell
11168,2025-02-04 08:00:00,0.9,0.8,sell
11169,2025-02-04 12:00:00,0.9,0.75,sell
11170,2025-02-04 16:00:00,0.9,0.9,sell
11171,2025-02-04 20:00:00,0.8,0.75,sell
11172,2025-02-05 00:00:00,0.85,0.75,sell
11173,2025-02-05 04:00:00,0.8,0.65,buy
11174,2025-02-05 08:00:00,0.85,0.75,sell
11175,2025-02-05 12:00:00,0.9,0.85,sell
11176,2025-02-05 16:00:00,0.85,0.8,sell
11177,2025-02-05 20:00:00,0.85,0.75,sell
11178,2025-02-06 00:00:00,0.85,0.75,sell
11179,2025-02-06 04:00:00,0.85,0.75,sell
11180,2025-02-06 08:00:00,0.85,0.75,sell
11181,2025-02-06 12:00:00,0.85,0.75,sell
11182,2025-02-06 16:00:00,0.85,0.75,sell
11183,2025-02-06 20:00:00,0.85,0.7,buy
11184,2025-02-07 00:00:00,0.85,0.75,buy
11185,2025-02-07 04:00:00,0.85,0.75,buy
11186,2025-02-07 08:00:00,0.9,0.75,buy
11187,2025-02-07 12:00:00,0.9,0.8,sell
11188,2025-02-07 16:00:00,0.85,0.8,sell
11189,2025-02-07 20:00:00,0.9,0.75,buy
11202,2025-02-10 00:00:00,0.8,0.75,sell
11203,2025-02-10 04:00:00,0.8,0.75,sell
11204,2025-02-10 08:00:00,0.85,0.8,sell
11205,2025-02-10 12:00:00,0.75,0.8,sell
11206,2025-02-10 16:00:00,0.7,0.8,sell
11207,2025-02-10 20:00:00,0.7,0.8,sell
11208,2025-02-11 00:00:00,0.8,0.85,sell
11209,2025-02-11 04:00:00,0.9,0.8,sell
11210,2025-02-11 08:00:00,0.9,0.85,sell
11211,2025-02-11 12:00:00,0.85,0.8,sell
11212,2025-02-11 16:00:00,0.85,0.8,sell
11213,2025-02-11 20:00:00,0.9,0.85,sell
11214,2025-02-12 00:00:00,0.8,0.75,sell
11215,2025-02-12 04:00:00,0.8,0.75,sell
11216,2025-02-12 08:00:00,0.8,0.75,sell
11217,2025-02-12 12:00:00,0.8,0.75,sell
11218,2025-02-12 16:00:00,0.8,0.75,sell
11219,2025-02-12 20:00:00,0.95,0.9,sell
11220,2025-02-13 00:00:00,0.95,0.9,sell
11221,2025-02-13 04:00:00,0.95,0.9,sell
11222,2025-02-13 08:00:00,0.95,0.9,sell
11223,2025-02-13 12:00:00,0.95,0.95,sell
11224,2025-02-13 16:00:00,0.95,0.92,sell
11225,2025-02-13 20:00:00,0.95,0.9,sell
11226,2025-02-14 00:00:00,0.95,0.9,sell
11227,2025-02-14 04:00:00,0.9,0.9,sell
11228,2025-02-14 08:00:00,0.95,0.9,sell
11229,2025-02-14 12:00:00,0.9,0.85,sell
11230,2025-02-14 16:00:00,0.9,0.85,sell
11231,2025-02-14 20:00:00,0.9,0.8,buy
11244,2025-02-17 00:00:00,0.6,0.75,sell
11245,2025-02-17 04:00:00,0.5,0.65,sell
11246,2025-02-17 08:00:00,0.5,0.6,sell
11247,2025-02-17 12:00:00,0.3,0.7,hold
11248,2025-02-17 16:00:00,0.7,0.6,buy
11249,2025-02-17 20:00:00,0.7,0.65,buy
11250,2025-02-18 00:00:00,0.7,0.65,buy
11251,2025-02-18 04:00:00,0.66,0.7,buy
11252,2025-02-18 08:00:00,0.8,0.75,sell
11253,2025-02-18 12:00:00,0.85,0.75,sell
11254,2025-02-18 16:00:00,0.85,0.75,buy
11255,2025-02-18 20:00:00,0.85,0.7,sell
11256,2025-02-19 00:00:00,0.8,0.75,sell
11257,2025-02-19 04:00:00,0.85,0.75,sell
11258,2025-02-19 08:00:00,0.85,0.75,sell
11259,2025-02-19 12:00:00,0.85,0.75,sell
11260,2025-02-19 16:00:00,0.9,0.82,sell
11261,2025-02-19 20:00:00,0.85,0.75,sell
11262,2025-02-20 00:00:00,0.9,0.8,sell
11263,2025-02-20 04:00:00,0.85,0.8,sell
11264,2025-02-20 08:00:00,0.9,0.8,sell
11265,2025-02-20 12:00:00,0.85,0.8,sell
11266,2025-02-20 16:00:00,0.85,0.75,sell
11267,2025-02-20 20:00:00,0.85,0.75,buy
11268,2025-02-21 00:00:00,0.85,0.75,buy
11269,2025-02-21 04:00:00,0.85,0.75,buy
11270,2025-02-21 08:00:00,0.9,0.75,buy
11271,2025-02-21 12:00:00,0.85,0.75,buy
11272,2025-02-21 16:00:00,0.85,0.75,buy
11273,2025-02-21 20:00:00,0.85,0.75,buy
11286,2025-02-24 00:00:00,0.75,0.8,sell
11287,2025-02-24 04:00:00,0.8,0.75,sell
11288,2025-02-24 08:00:00,0.75,0.8,sell
11289,2025-02-24 12:00:00,0.85,0.8,sell
11290,2025-02-24 16:00:00,0.8,0.7,sell
11291,2025-02-24 20:00:00,0.85,0.8,sell
11292,2025-02-25 00:00:00,0.8,0.75,sell
11293,2025-02-25 04:00:00,0.8,0.75,sell
11294,2025-02-25 08:00:00,0.8,0.75,sell
11295,2025-02-25 12:00:00,0.85,0.8,sell
11296,2025-02-25 16:00:00,0.8,0.75,sell
11297,2025-02-25 20:00:00,0.85,0.8,sell
11298,2025-02-26 00:00:00,0.85,0.8,sell
11299,2025-02-26 04:00:00,0.8,0.75,sell
11300,2025-02-26 08:00:00,0.75,0.65,buy
11301,2025-02-26 12:00:00,0.8,0.75,buy
11302,2025-02-26 16:00:00,0.8,0.65,sell
11303,2025-02-26 20:00:00,0.8,0.65,buy
11304,2025-02-27 00:00:00,0.9,0.8,buy
11305,2025-02-27 04:00:00,0.85,0.75,buy
11306,2025-02-27 08:00:00,0.85,0.75,buy
11307,2025-02-27 12:00:00,0.85,0.8,buy
11308,2025-02-27 16:00:00,0.9,0.75,sell
11309,2025-02-27 20:00:00,0.9,0.8,buy
11310,2025-02-28 00:00:00,0.9,0.8,buy
11311,2025-02-28 04:00:00,0.9,0.8,buy
11312,2025-02-28 08:00:00,0.9,0.8,buy
11313,2025-02-28 12:00:00,0.9,0.75,buy
11314,2025-02-28 16:00:00,0.9,0.8,buy
11315,2025-02-28 20:00:00,0.9,0.85,sell
11328,2025-03-03 00:00:00,0.85,0.8,sell
11329,2025-03-03 04:00:00,0.8,0.85,sell
11330,2025-03-03 08:00:00,0.85,0.8,sell
11331,2025-03-03 12:00:00,0.85,0.75,sell
11332,2025-03-03 16:00:00,0.9,0.85,sell
11333,2025-03-03 20:00:00,0.95,0.95,sell
11334,2025-03-04 00:00:00,0.95,0.9,sell
11335,2025-03-04 04:00:00,0.95,0.9,sell
11336,2025-03-04 08:00:00,0.95,0.9,sell
11337,2025-03-04 12:00:00,0.95,0.9,sell
11338,2025-03-04 16:00:00,0.95,0.9,sell
11339,2025-03-04 20:00:00,0.9,0.8,sell
11340,2025-03-05 00:00:00,0.9,0.8,sell
11341,2025-03-05 04:00:00,0.9,0.85,sell
11342,2025-03-05 08:00:00,0.9,0.85,sell
11343,2025-03-05 12:00:00,0.9,0.85,sell
11344,2025-03-05 16:00:00,0.95,0.9,sell
11345,2025-03-05 20:00:00,0.9,0.8,sell
11346,2025-03-06 00:00:00,0.9,0.8,sell
11347,2025-03-06 04:00:00,0.9,0.75,sell
11348,2025-03-06 08:00:00,0.9,0.8,sell
11349,2025-03-06 12:00:00,0.9,0.8,sell
11350,2025-03-06 16:00:00,0.9,0.8,sell
11351,2025-03-06 20:00:00,0.9,0.85,sell
11352,2025-03-07 00:00:00,0.9,0.85,sell
11353,2025-03-07 04:00:00,0.95,0.9,sell
11354,2025-03-07 08:00:00,0.95,0.9,sell
11355,2025-03-07 12:00:00,0.95,0.9,sell
11356,2025-03-07 16:00:00,0.95,0.95,sell
11357,2025-03-07 20:00:00,0.9,0.85,buy
11370,2025-03-10 00:00:00,0.9,0.85,sell
11371,2025-03-10 04:00:00,0.9,0.85,sell
11372,2025-03-10 08:00:00,0.9,0.85,sell
11373,2025-03-10 12:00:00,0.8,0.75,sell
11374,2025-03-10 16:00:00,0.9,0.85,sell
11375,2025-03-10 20:00:00,0.85,0.8,sell
11376,2025-03-11 00:00:00,0.8,0.75,sell
11377,2025-03-11 04:00:00,0.8,0.7,buy
11378,2025-03-11 08:00:00,0.8,0.75,buy
11379,2025-03-11 12:00:00,0.75,0.65,buy
11380,2025-03-11 16:00:00,0.8,0.75,sell
11381,2025-03-11 20:00:00,0.9,0.85,sell
11382,2025-03-12 00:00:00,0.9,0.85,sell
11383,2025-03-12 04:00:00,0.9,0.85,sell
11384,2025-03-12 08:00:00,0.9,0.85,sell
11385,2025-03-12 12:00:00,0.9,0.85,sell
11386,2025-03-12 16:00:00,0.95,0.9,buy
11387,2025-03-12 20:00:00,0.95,0.9,buy
11388,2025-03-13 00:00:00,0.9,0.85,buy
11389,2025-03-13 04:00:00,0.95,0.9,buy
11390,2025-03-13 08:00:00,0.9,0.85,buy
11391,2025-03-13 12:00:00,1.0,0.9,buy
11392,2025-03-13 16:00:00,0.9,0.8,buy
11393,2025-03-13 20:00:00,0.85,0.75,buy
11394,2025-03-14 00:00:00,0.9,0.8,buy
11395,2025-03-14 04:00:00,0.9,0.75,buy
11396,2025-03-14 08:00:00,0.9,0.75,buy
11397,2025-03-14 12:00:00,0.9,0.75,buy
11398,2025-03-14 16:00:00,0.9,0.8,sell
11399,2025-03-14 20:00:00,0.8,0.7,buy
11412,2025-03-17 00:00:00,0.8,0.85,sell
11413,2025-03-17 04:00:00,0.8,0.85,sell
11414,2025-03-17 08:00:00,0.75,0.8,sell
11415,2025-03-17 12:00:00,0.85,0.8,sell
11416,2025-03-17 16:00:00,0.9,0.85,sell
11417,2025-03-17 20:00:00,0.9,0.85,sell
11418,2025-03-18 00:00:00,0.9,0.85,sell
11419,2025-03-18 04:00:00,0.95,0.9,sell
11420,2025-03-18 08:00:00,0.95,0.9,sell
11421,2025-03-18 12:00:00,0.9,0.85,sell
11422,2025-03-18 16:00:00,0.85,0.9,sell
11423,2025-03-18 20:00:00,0.9,0.85,sell
11424,2025-03-19 00:00:00,0.9,0.85,sell
11425,2025-03-19 04:00:00,0.9,0.9,sell
11426,2025-03-19 08:00:00,0.9,0.85,sell
11427,2025-03-19 12:00:00,0.9,0.85,sell
11428,2025-03-19 16:00:00,0.95,0.9,sell
11429,2025-03-19 20:00:00,0.9,0.75,sell
11430,2025-03-20 00:00:00,0.9,0.8,buy
11431,2025-03-20 04:00:00,0.9,0.75,buy
11432,2025-03-20 08:00:00,0.85,0.75,buy
11433,2025-03-20 12:00:00,0.85,0.65,sell
11434,2025-03-20 16:00:00,0.9,0.8,buy
11435,2025-03-20 20:00:00,0.9,0.8,buy
11436,2025-03-21 00:00:00,0.9,0.75,buy
11437,2025-03-21 04:00:00,0.9,0.8,buy
11438,2025-03-21 08:00:00,0.9,0.75,buy
11439,2025-03-21 12:00:00,0.85,0.75,buy
11440,2025-03-21 16:00:00,0.85,0.75,sell
11441,2025-03-21 20:00:00,0.75,0.65,buy
11454,2025-03-24 00:00:00,0.3,0.6,hold
11455,2025-03-24 04:00:00,0.3,0.7,hold
11456,2025-03-24 08:00:00,0.2,0.8,hold
11457,2025-03-24 12:00:00,0.75,0.65,buy
11458,2025-03-24 16:00:00,0.8,0.7,buy
11459,2025-03-24 20:00:00,0.85,0.75,buy
11460,2025-03-25 00:00:00,0.8,0.75,buy
11461,2025-03-25 04:00:00,0.8,0.75,buy
11462,2025-03-25 08:00:00,0.8,0.7,buy
11463,2025-03-25 12:00:00,0.8,0.65,buy
11464,2025-03-25 16:00:00,0.8,0.7,buy
11465,2025-03-25 20:00:00,0.9,0.9,buy
11466,2025-03-26 00:00:00,0.9,0.85,buy
11467,2025-03-26 04:00:00,0.95,0.85,buy
11468,2025-03-26 08:00:00,0.9,0.85,buy
11469,2025-03-26 12:00:00,0.9,0.85,buy
11470,2025-03-26 16:00:00,0.9,0.8,buy
11471,2025-03-26 20:00:00,0.9,0.8,sell
11472,2025-03-27 00:00:00,0.9,0.85,sell
11473,2025-03-27 04:00:00,0.9,0.8,sell
11474,2025-03-27 08:00:00,0.9,0.8,sell
11475,2025-03-27 12:00:00,0.9,0.8,sell
11476,2025-03-27 16:00:00,0.9,0.85,sell
11477,2025-03-27 20:00:00,0.9,0.85,sell
11478,2025-03-28 00:00:00,0.9,0.8,sell
11479,2025-03-28 04:00:00,0.9,0.8,sell
11480,2025-03-28 08:00:00,0.9,0.85,sell
11481,2025-03-28 12:00:00,0.95,0.9,sell
11482,2025-03-28 16:00:00,0.95,0.9,sell
11483,2025-03-28 20:00:00,0.95,0.9,sell
11496,2025-03-31 00:00:00,0.2,0.3,hold
11497,2025-03-31 04:00:00,0.7,0.7,sell
11498,2025-03-31 08:00:00,0.8,0.75,sell
11499,2025-03-31 12:00:00,0.75,0.65,buy
11500,2025-03-31 16:00:00,0.85,0.75,sell
11501,2025-03-31 20:00:00,0.85,0.8,sell
11502,2025-04-01 00:00:00,0.9,0.85,sell
11503,2025-04-01 04:00:00,0.9,0.8,sell
11504,2025-04-01 08:00:00,0.9,0.85,sell
11505,2025-04-01 12:00:00,0.9,0.85,sell
11506,2025-04-01 16:00:00,0.9,0.85,sell
11507,2025-04-01 20:00:00,0.9,0.75,buy
11508,2025-04-02 00:00:00,0.85,0.75,sell
11509,2025-04-02 04:00:00,0.85,0.7,sell
11510,2025-04-02 08:00:00,0.85,0.75,sell
11511,2025-04-02 12:00:00,0.9,0.75,sell
11512,2025-04-02 16:00:00,0.9,0.85,sell
11513,2025-04-02 20:00:00,0.9,0.9,sell
11514,2025-04-03 00:00:00,0.9,0.85,sell
11515,2025-04-03 04:00:00,0.95,0.95,sell
11516,2025-04-03 08:00:00,0.95,0.9,sell
11517,2025-04-03 12:00:00,0.9,0.8,sell
11518,2025-04-03 16:00:00,0.95,0.95,sell
11519,2025-04-03 20:00:00,0.95,0.9,sell
11520,2025-04-04 00:00:00,0.95,0.9,sell
11521,2025-04-04 04:00:00,0.9,0.85,sell
11522,2025-04-04 08:00:00,0.9,0.85,sell
11523,2025-04-04 12:00:00,0.9,0.85,sell
11524,2025-04-04 16:00:00,0.95,0.9,sell
11525,2025-04-04 20:00:00,0.95,0.95,sell
11538,2025-04-07 00:00:00,0.8,0.75,sell
11539,2025-04-07 04:00:00,0.85,0.7,sell
11540,2025-04-07 08:00:00,0.9,0.8,sell
11541,2025-04-07 12:00:00,0.9,0.85,sell
11542,2025-04-07 16:00:00,0.95,0.9,sell
11543,2025-04-07 20:00:00,0.9,0.85,sell
11544,2025-04-08 00:00:00,0.85,0.75,sell
11545,2025-04-08 04:00:00,0.85,0.7,sell
11546,2025-04-08 08:00:00,0.85,0.75,sell
11547,2025-04-08 12:00:00,0.9,0.8,buy
11548,2025-04-08 16:00:00,0.85,0.8,buy
11549,2025-04-08 20:00:00,0.9,0.8,buy
11550,2025-04-09 00:00:00,0.8,0.75,sell
11551,2025-04-09 04:00:00,0.8,0.7,buy
11552,2025-04-09 08:00:00,0.8,0.7,buy
11553,2025-04-09 12:00:00,0.85,0.75,buy
11554,2025-04-09 16:00:00,0.9,0.8,buy
11555,2025-04-09 20:00:00,0.85,0.75,buy
11556,2025-04-10 00:00:00,0.85,0.75,sell
11557,2025-04-10 04:00:00,0.85,0.75,sell
11558,2025-04-10 08:00:00,0.9,0.8,sell
11559,2025-04-10 12:00:00,0.9,0.8,sell
11560,2025-04-10 16:00:00,0.95,0.9,buy
11561,2025-04-10 20:00:00,0.95,0.9,buy
11562,2025-04-11 00:00:00,0.95,0.8,buy
11563,2025-04-11 04:00:00,0.9,0.8,buy
11564,2025-04-11 08:00:00,0.9,0.85,buy
11565,2025-04-11 12:00:00,0.95,0.85,buy
11566,2025-04-11 16:00:00,0.9,0.85,buy
11567,2025-04-11 20:00:00,0.9,0.75,buy
11580,2025-04-14 00:00:00,0.7,0.8,sell
11581,2025-04-14 04:00:00,0.85,0.8,sell
11582,2025-04-14 08:00:00,0.85,0.8,sell
11583,2025-04-14 12:00:00,0.75,0.8,sell
11584,2025-04-14 16:00:00,0.85,0.8,sell
11585,2025-04-14 20:00:00,0.8,0.75,sell
11586,2025-04-15 00:00:00,0.8,0.7,sell
11587,2025-04-15 04:00:00,0.8,0.75,sell
11588,2025-04-15 08:00:00,0.75,0.7,buy
11589,2025-04-15 12:00:00,0.8,0.75,sell
11590,2025-04-15 16:00:00,0.9,0.75,buy
11591,2025-04-15 20:00:00,0.9,0.7,sell
11592,2025-04-16 00:00:00,0.9,0.7,sell
11593,2025-04-16 04:00:00,0.85,0.65,sell
11594,2025-04-16 08:00:00,0.85,0.7,sell
11595,2025-04-16 12:00:00,0.75,0.7,buy
11596,2025-04-16 16:00:00,0.9,0.85,sell
11597,2025-04-16 20:00:00,0.95,0.9,sell
11598,2025-04-17 00:00:00,0.95,0.9,sell
11599,2025-04-17 04:00:00,0.95,0.9,sell
11600,2025-04-17 08:00:00,0.95,0.9,sell
11601,2025-04-17 12:00:00,0.95,0.9,sell
11602,2025-04-17 16:00:00,0.9,0.75,buy
11603,2025-04-17 20:00:00,0.9,0.75,sell
11604,2025-04-18 00:00:00,0.9,0.75,buy
11605,2025-04-18 04:00:00,0.9,0.75,buy
11606,2025-04-18 08:00:00,0.85,0.75,buy
11607,2025-04-18 12:00:00,0.9,0.75,buy
11608,2025-04-18 16:00:00,0.9,0.85,sell
11609,2025-04-18 20:00:00,0.9,0.85,sell
11622,2025-04-21 00:00:00,0.75,0.8,sell
11623,2025-04-21 04:00:00,0.75,0.8,sell
11624,2025-04-21 08:00:00,0.85,0.8,sell
11625,2025-04-21 12:00:00,0.85,0.8,sell
11626,2025-04-21 16:00:00,0.8,0.75,sell
11627,2025-04-21 20:00:00,0.8,0.7,buy
11628,2025-04-22 00:00:00,0.8,0.75,buy
11629,2025-04-22 04:00:00,0.9,0.8,buy
11630,2025-04-22 08:00:00,0.8,0.7,buy
11631,2025-04-22 12:00:00,0.8,0.75,buy
11632,2025-04-22 16:00:00,0.8,0.75,buy
11633,2025-04-22 20:00:00,0.85,0.8,buy
11634,2025-04-23 00:00:00,0.85,0.8,buy
11635,2025-04-23 04:00:00,0.75,0.8,buy
11636,2025-04-23 08:00:00,0.8,0.7,buy
11637,2025-04-23 12:00:00,0.85,0.7,sell
11638,2025-04-23 16:00:00,0.85,0.75,sell
11639,2025-04-23 20:00:00,0.9,0.8,sell
11640,2025-04-24 00:00:00,0.9,0.85,sell
11641,2025-04-24 04:00:00,0.9,0.82,sell
11642,2025-04-24 08:00:00,0.9,0.8,sell
11643,2025-04-24 12:00:00,0.9,0.85,sell
11644,2025-04-24 16:00:00,0.9,0.85,sell
11645,2025-04-24 20:00:00,0.95,0.9,sell
11646,2025-04-25 00:00:00,0.9,0.8,sell
11647,2025-04-25 04:00:00,0.9,0.85,sell
11648,2025-04-25 08:00:00,0.9,0.85,sell
11649,2025-04-25 12:00:00,0.9,0.85,sell
11650,2025-04-25 16:00:00,0.8,0.7,buy
11651,2025-04-25 20:00:00,0.8,0.75,sell
11664,2025-04-28 00:00:00,0.85,0.8,sell
11665,2025-04-28 04:00:00,0.8,0.8,sell
11666,2025-04-28 08:00:00,0.75,0.8,sell
11667,2025-04-28 12:00:00,0.8,0.75,sell
11668,2025-04-28 16:00:00,0.75,0.7,sell
11669,2025-04-28 20:00:00,0.9,0.8,sell
11670,2025-04-29 00:00:00,0.85,0.7,sell
11671,2025-04-29 04:00:00,0.8,0.7,buy
11672,2025-04-29 08:00:00,0.7,0.65,buy
11673,2025-04-29 12:00:00,0.9,0.8,buy
11674,2025-04-29 16:00:00,0.9,0.85,buy
11675,2025-04-29 20:00:00,0.9,0.8,sell
11676,2025-04-30 00:00:00,0.85,0.65,buy
11677,2025-04-30 04:00:00,0.85,0.65,buy
11678,2025-04-30 08:00:00,0.85,0.75,buy
11679,2025-04-30 12:00:00,0.85,0.7,buy
11680,2025-04-30 16:00:00,1.0,0.9,buy
11681,2025-04-30 20:00:00,1.0,0.95,buy
11682,2025-05-01 00:00:00,1.0,0.95,buy
11683,2025-05-01 04:00:00,0.95,0.9,buy
11684,2025-05-01 08:00:00,1.0,0.95,buy
11685,2025-05-01 12:00:00,0.95,0.9,buy
11686,2025-05-01 16:00:00,0.95,0.9,buy
11687,2025-05-01 20:00:00,0.85,0.7,buy
11688,2025-05-02 00:00:00,0.85,0.7,buy
11689,2025-05-02 04:00:00,0.85,0.65,buy
11690,2025-05-02 08:00:00,0.85,0.75,buy
11691,2025-05-02 12:00:00,0.9,0.75,sell
11692,2025-05-02 16:00:00,0.9,0.85,sell
11693,2025-05-02 20:00:00,0.9,0.85,sell
11706,2025-05-05 00:00:00,0.8,0.8,sell
11707,2025-05-05 04:00:00,0.7,0.65,sell
11708,2025-05-05 08:00:00,0.8,0.75,sell
11709,2025-05-05 12:00:00,0.8,0.75,sell
11710,2025-05-05 16:00:00,0.5,0.6,sell
11711,2025-05-05 20:00:00,0.85,0.75,buy
11712,2025-05-06 00:00:00,0.85,0.7,buy
11713,2025-05-06 04:00:00,0.9,0.7,buy
11714,2025-05-06 08:00:00,0.9,0.75,buy
11715,2025-05-06 12:00:00,0.85,0.75,buy
11716,2025-05-06 16:00:00,0.85,0.7,buy
11717,2025-05-06 20:00:00,0.75,0.65,buy
11718,2025-05-07 00:00:00,0.9,0.8,buy
11719,2025-05-07 04:00:00,0.9,0.8,buy
11720,2025-05-07 08:00:00,0.85,0.7,buy
11721,2025-05-07 12:00:00,0.9,0.75,buy
11722,2025-05-07 16:00:00,0.9,0.8,buy
11723,2025-05-07 20:00:00,0.7,0.6,buy
11724,2025-05-08 00:00:00,0.9,0.75,sell
11725,2025-05-08 04:00:00,0.9,0.8,sell
11726,2025-05-08 08:00:00,0.8,0.65,buy
11727,2025-05-08 12:00:00,0.9,0.7,buy
11728,2025-05-08 16:00:00,0.9,0.85,sell
11729,2025-05-08 20:00:00,0.9,0.85,sell
11730,2025-05-09 00:00:00,0.9,0.85,sell
11731,2025-05-09 04:00:00,0.9,0.85,sell
11732,2025-05-09 08:00:00,0.9,0.85,sell
11733,2025-05-09 12:00:00,0.9,0.85,sell
11734,2025-05-09 16:00:00,0.85,0.8,sell
11735,2025-05-09 20:00:00,0.85,0.8,sell
11748,2025-05-12 00:00:00,0.7,0.65,buy
11749,2025-05-12 04:00:00,0.8,0.75,buy
11750,2025-05-12 08:00:00,0.8,0.7,buy
11751,2025-05-12 12:00:00,0.8,0.75,buy
11752,2025-05-12 16:00:00,0.8,0.7,buy
11753,2025-05-12 20:00:00,0.65,0.7,sell
11754,2025-05-13 00:00:00,0.85,0.8,sell
11755,2025-05-13 04:00:00,0.9,0.85,sell
11756,2025-05-13 08:00:00,0.9,0.85,sell
11757,2025-05-13 12:00:00,0.85,0.8,sell
11758,2025-05-13 16:00:00,0.9,0.85,sell
11759,2025-05-13 20:00:00,0.95,0.9,sell
11760,2025-05-14 00:00:00,0.95,0.9,sell
11761,2025-05-14 04:00:00,1.0,0.9,sell
11762,2025-05-14 08:00:00,0.95,0.9,sell
11763,2025-05-14 12:00:00,0.95,0.9,sell
11764,2025-05-14 16:00:00,0.85,0.75,buy
11765,2025-05-14 20:00:00,0.8,0.75,buy
11766,2025-05-15 00:00:00,0.75,0.65,buy
11767,2025-05-15 04:00:00,0.8,0.7,buy
11768,2025-05-15 08:00:00,0.8,0.7,sell
11769,2025-05-15 12:00:00,0.85,0.75,buy
11770,2025-05-15 16:00:00,0.9,0.85,buy
11771,2025-05-15 20:00:00,0.9,0.85,buy
11772,2025-05-16 00:00:00,0.9,0.85,buy
11773,2025-05-16 04:00:00,0.9,0.8,buy
11774,2025-05-16 08:00:00,0.9,0.8,buy
11775,2025-05-16 12:00:00,0.9,0.8,buy
11776,2025-05-16 16:00:00,0.8,0.75,sell
11777,2025-05-16 20:00:00,0.8,0.7,buy
11790,2025-05-19 00:00:00,0.85,0.8,sell
11791,2025-05-19 04:00:00,0.85,0.75,buy
11792,2025-05-19 08:00:00,0.9,0.8,buy
11793,2025-05-19 12:00:00,0.9,0.85,buy
11794,2025-05-19 16:00:00,0.9,0.8,buy
11795,2025-05-19 20:00:00,0.85,0.75,buy
11796,2025-05-20 00:00:00,0.85,0.75,buy
11797,2025-05-20 04:00:00,0.85,0.75,buy
11798,2025-05-20 08:00:00,0.85,0.75,buy
11799,2025-05-20 12:00:00,0.8,0.65,buy
11800,2025-05-20 16:00:00,0.7,0.65,sell
11801,2025-05-20 20:00:00,0.8,0.75,sell
11802,2025-05-21 00:00:00,0.8,0.7,sell
11803,2025-05-21 04:00:00,0.8,0.7,sell
11804,2025-05-21 08:00:00,0.8,0.7,sell
11805,2025-05-21 12:00:00,0.8,0.65,sell
11806,2025-05-21 16:00:00,0.8,0.7,buy
11807,2025-05-21 20:00:00,0.8,0.75,sell
11808,2025-05-22 00:00:00,0.75,0.8,sell
11809,2025-05-22 04:00:00,0.85,0.8,sell
11810,2025-05-22 08:00:00,0.8,0.75,sell
11811,2025-05-22 12:00:00,0.9,0.8,buy
11812,2025-05-22 16:00:00,0.9,0.85,sell
11813,2025-05-22 20:00:00,0.95,0.9,sell
11814,2025-05-23 00:00:00,0.95,0.9,sell
11815,2025-05-23 04:00:00,0.9,0.85,sell
11816,2025-05-23 08:00:00,0.95,0.9,sell
11817,2025-05-23 12:00:00,0.9,0.75,sell
11818,2025-05-23 16:00:00,0.9,0.8,sell
11819,2025-05-23 20:00:00,0.9,0.85,sell
11832,2025-05-26 00:00:00,0.9,0.85,sell
11833,2025-05-26 04:00:00,0.75,0.8,sell
11834,2025-05-26 08:00:00,0.9,0.85,sell
11835,2025-05-26 12:00:00,0.75,0.8,sell
11836,2025-05-26 16:00:00,0.8,0.75,sell
11837,2025-05-26 20:00:00,0.7,0.8,sell
11838,2025-05-27 00:00:00,0.7,0.75,sell
11839,2025-05-27 04:00:00,0.7,0.65,buy
11840,2025-05-27 08:00:00,0.85,0.75,sell
11841,2025-05-27 12:00:00,0.9,0.85,sell
11842,2025-05-27 16:00:00,0.85,0.75,sell
11843,2025-05-27 20:00:00,0.85,0.7,buy
11844,2025-05-28 00:00:00,0.85,0.75,sell
11845,2025-05-28 04:00:00,0.9,0.75,sell
11846,2025-05-28 08:00:00,0.9,0.75,sell
11847,2025-05-28 12:00:00,0.85,0.75,sell
11848,2025-05-28 16:00:00,0.8,0.75,sell
11849,2025-05-28 20:00:00,0.9,0.85,sell
11850,2025-05-29 00:00:00,0.95,0.9,sell
11851,2025-05-29 04:00:00,0.9,0.8,sell
11852,2025-05-29 08:00:00,0.9,0.8,sell
11853,2025-05-29 12:00:00,0.9,0.85,sell
11854,2025-05-29 16:00:00,0.9,0.75,buy
11855,2025-05-29 20:00:00,0.85,0.75,sell
11856,2025-05-30 00:00:00,0.85,0.65,buy
11857,2025-05-30 04:00:00,0.85,0.75,buy
11858,2025-05-30 08:00:00,0.85,0.75,buy
11859,2025-05-30 12:00:00,0.85,0.75,buy
11860,2025-05-30 16:00:00,0.85,0.75,buy
11861,2025-05-30 20:00:00,0.9,0.85,buy
11874,2025-06-02 00:00:00,0.7,0.8,sell
11875,2025-06-02 04:00:00,0.65,0.7,sell
11876,2025-06-02 08:00:00,0.65,0.7,sell
11877,2025-06-02 12:00:00,0.75,0.65,sell
11878,2025-06-02 16:00:00,0.75,0.65,sell
11879,2025-06-02 20:00:00,0.9,0.85,sell
11880,2025-06-03 00:00:00,0.9,0.85,sell
11881,2025-06-03 04:00:00,0.9,0.85,sell
11882,2025-06-03 08:00:00,0.9,0.85,sell
11883,2025-06-03 12:00:00,0.95,0.9,sell
11884,2025-06-03 16:00:00,0.95,0.9,sell
11885,2025-06-03 20:00:00,0.9,0.85,sell
11886,2025-06-04 00:00:00,0.9,0.85,sell
11887,2025-06-04 04:00:00,0.9,0.85,sell
11888,2025-06-04 08:00:00,0.9,0.8,sell
11889,2025-06-04 12:00:00,0.9,0.85,sell
11890,2025-06-04 16:00:00,0.9,0.75,buy
11891,2025-06-04 20:00:00,0.9,0.75,buy
11892,2025-06-05 00:00:00,0.9,0.75,buy
11893,2025-06-05 04:00:00,0.9,0.75,buy
11894,2025-06-05 08:00:00,0.9,0.75,buy
11895,2025-06-05 12:00:00,0.9,0.75,buy
11896,2025-06-05 16:00:00,0.95,0.8,sell
11897,2025-06-05 20:00:00,0.9,0.85,sell
11898,2025-06-06 00:00:00,0.9,0.85,sell
11899,2025-06-06 04:00:00,0.9,0.85,sell
11900,2025-06-06 08:00:00,0.9,0.8,sell
11901,2025-06-06 12:00:00,0.9,0.8,sell
11902,2025-06-06 16:00:00,0.85,0.75,sell
11903,2025-06-06 20:00:00,0.9,0.8,sell
11916,2025-06-09 00:00:00,0.85,0.8,sell
11917,2025-06-09 04:00:00,0.8,0.75,sell
11918,2025-06-09 08:00:00,0.7,0.75,sell
11919,2025-06-09 12:00:00,0.7,0.8,sell
11920,2025-06-09 16:00:00,0.8,0.85,sell
11921,2025-06-09 20:00:00,0.8,0.75,sell
11922,2025-06-10 00:00:00,0.65,0.75,sell
11923,2025-06-10 04:00:00,0.8,0.75,sell
11924,2025-06-10 08:00:00,0.8,0.75,sell
11925,2025-06-10 12:00:00,0.8,0.75,sell
11926,2025-06-10 16:00:00,0.7,0.65,buy
11927,2025-06-10 20:00:00,0.75,0.8,sell
11928,2025-06-11 00:00:00,0.75,0.8,sell
11929,2025-06-11 04:00:00,0.9,0.85,sell
11930,2025-06-11 08:00:00,0.9,0.8,sell
11931,2025-06-11 12:00:00,0.9,0.8,sell
11932,2025-06-11 16:00:00,0.9,0.75,buy
11933,2025-06-11 20:00:00,0.9,0.8,sell
11934,2025-06-12 00:00:00,0.9,0.75,sell
11935,2025-06-12 04:00:00,0.9,0.8,sell
11936,2025-06-12 08:00:00,0.9,0.85,sell
11937,2025-06-12 12:00:00,0.9,0.8,sell
11938,2025-06-12 16:00:00,0.9,0.85,sell
11939,2025-06-12 20:00:00,0.95,0.9,sell
11940,2025-06-13 00:00:00,0.9,0.85,sell
11941,2025-06-13 04:00:00,0.85,0.75,sell
11942,2025-06-13 08:00:00,0.95,0.9,sell
11943,2025-06-13 12:00:00,1.0,0.95,sell
11944,2025-06-13 16:00:00,0.95,0.9,sell
11945,2025-06-13 20:00:00,0.95,0.9,sell
11958,2025-06-16 00:00:00,0.5,0.65,sell
11959,2025-06-16 04:00:00,0.5,0.65,sell
11960,2025-06-16 08:00:00,0.2,0.5,hold
11961,2025-06-16 12:00:00,0.75,0.8,sell
11962,2025-06-16 16:00:00,0.8,0.75,sell
11963,2025-06-16 20:00:00,0.85,0.75,sell
11964,2025-06-17 00:00:00,0.85,0.75,sell
11965,2025-06-17 04:00:00,0.8,0.75,sell
11966,2025-06-17 08:00:00,0.8,0.75,sell
11967,2025-06-17 12:00:00,0.8,0.65,sell
11968,2025-06-17 16:00:00,0.9,0.8,buy
11969,2025-06-17 20:00:00,0.9,0.85,buy
11970,2025-06-18 00:00:00,0.9,0.8,buy
11971,2025-06-18 04:00:00,0.9,0.8,buy
11972,2025-06-18 08:00:00,0.9,0.85,buy
11973,2025-06-18 12:00:00,0.9,0.8,buy
11974,2025-06-18 16:00:00,0.9,0.8,buy
11975,2025-06-18 20:00:00,0.85,0.7,buy
11976,2025-06-19 00:00:00,0.8,0.65,buy
11977,2025-06-19 04:00:00,0.85,0.65,buy
11978,2025-06-19 08:00:00,0.8,0.75,sell
11979,2025-06-19 12:00:00,0.8,0.65,buy
11980,2025-06-19 16:00:00,0.9,0.8,sell
11981,2025-06-19 20:00:00,0.85,0.75,sell
11982,2025-06-20 00:00:00,0.9,0.85,sell
11983,2025-06-20 04:00:00,0.5,0.6,hold
11984,2025-06-20 08:00:00,0.6,0.75,sell
11985,2025-06-20 12:00:00,0.85,0.8,sell
11986,2025-06-20 16:00:00,0.9,0.8,buy
11987,2025-06-20 20:00:00,0.85,0.75,buy
12000,2025-06-23 00:00:00,0.5,0.65,sell
12001,2025-06-23 04:00:00,0.3,0.6,hold
12002,2025-06-23 08:00:00,0.5,0.65,sell
12003,2025-06-23 12:00:00,0.8,0.65,buy
12004,2025-06-23 16:00:00,0.85,0.75,buy
12005,2025-06-23 20:00:00,0.9,0.85,sell
12006,2025-06-24 00:00:00,0.8,0.75,sell
12007,2025-06-24 04:00:00,0.8,0.75,sell
12008,2025-06-24 08:00:00,0.9,0.75,sell
12009,2025-06-24 12:00:00,0.85,0.7,sell
12010,2025-06-24 16:00:00,0.8,0.7,buy
12011,2025-06-24 20:00:00,0.85,0.7,sell
12012,2025-06-25 00:00:00,0.8,0.65,buy
12013,2025-06-25 04:00:00,0.9,0.8,sell
12014,2025-06-25 08:00:00,0.9,0.8,sell
12015,2025-06-25 12:00:00,0.9,0.8,sell
12016,2025-06-25 16:00:00,0.85,0.75,sell
12017,2025-06-25 20:00:00,0.85,0.75,buy
12018,2025-06-26 00:00:00,0.9,0.8,buy
12019,2025-06-26 04:00:00,0.8,0.75,buy
12020,2025-06-26 08:00:00,0.85,0.8,buy
12021,2025-06-26 12:00:00,0.85,0.75,buy
12022,2025-06-26 16:00:00,0.9,0.75,sell
12023,2025-06-26 20:00:00,0.9,0.7,sell
12024,2025-06-27 00:00:00,0.85,0.75,sell
12025,2025-06-27 04:00:00,0.85,0.75,sell
12026,2025-06-27 08:00:00,0.9,0.75,sell
12027,2025-06-27 12:00:00,0.9,0.7,buy
12028,2025-06-27 16:00:00,0.85,0.7,sell
12029,2025-06-27 20:00:00,0.85,0.75,sell
12042,2025-06-30 00:00:00,0.6,0.65,sell
12043,2025-06-30 04:00:00,0.5,0.6,sell
12044,2025-06-30 08:00:00,0.4,0.5,sell
12045,2025-06-30 12:00:00,0.75,0.8,sell
12046,2025-06-30 16:00:00,0.8,0.75,sell
12047,2025-06-30 20:00:00,0.8,0.65,buy
12048,2025-07-01 00:00:00,0.85,0.7,sell
12049,2025-07-01 04:00:00,0.85,0.65,buy
12050,2025-07-01 08:00:00,0.85,0.7,buy
12051,2025-07-01 12:00:00,0.9,0.8,buy
12052,2025-07-01 16:00:00,0.9,0.8,buy
12053,2025-07-01 20:00:00,0.9,0.8,sell
12054,2025-07-02 00:00:00,0.9,0.8,sell
12055,2025-07-02 04:00:00,0.9,0.8,sell
12056,2025-07-02 08:00:00,0.9,0.8,sell
12057,2025-07-02 12:00:00,0.9,0.85,sell
12058,2025-07-02 16:00:00,0.85,0.75,buy
12059,2025-07-02 20:00:00,0.9,0.8,buy
12060,2025-07-03 00:00:00,0.9,0.8,buy
12063,2025-07-03 12:00:00,0.9,0.85,buy
12064,2025-07-03 16:00:00,0.95,0.9,sell
12065,2025-07-03 20:00:00,0.95,0.9,sell
12066,2025-07-04 00:00:00,0.95,0.9,sell
12067,2025-07-04 04:00:00,0.95,0.9,sell
12068,2025-07-04 08:00:00,0.9,0.85,sell
12069,2025-07-04 12:00:00,0.95,0.9,sell
12070,2025-07-04 16:00:00,0.85,0.75,sell
12071,2025-07-04 20:00:00,0.9,0.8,sell
12084,2025-07-07 00:00:00,0.85,0.8,sell
12085,2025-07-07 04:00:00,0.75,0.8,sell
12086,2025-07-07 08:00:00,0.85,0.8,sell
12087,2025-07-07 12:00:00,0.8,0.75,buy
12088,2025-07-07 16:00:00,0.8,0.75,buy
12089,2025-07-07 20:00:00,0.8,0.75,buy
12090,2025-07-08 00:00:00,0.8,0.75,sell
12091,2025-07-08 04:00:00,0.8,0.75,sell
12092,2025-07-08 08:00:00,0.8,0.75,sell
12093,2025-07-08 12:00:00,0.7,0.65,buy
12094,2025-07-08 16:00:00,0.7,0.65,buy
12095,2025-07-08 20:00:00,0.75,0.65,buy
12096,2025-07-09 00:00:00,0.85,0.75,buy
12097,2025-07-09 04:00:00,0.85,0.75,buy
12098,2025-07-09 08:00:00,0.8,0.75,buy
12099,2025-07-09 12:00:00,0.8,0.65,buy
12100,2025-07-09 16:00:00,0.8,0.7,buy
12101,2025-07-09 20:00:00,0.85,0.75,buy
12102,2025-07-10 00:00:00,0.85,0.75,sell
12103,2025-07-10 04:00:00,0.85,0.75,sell
12104,2025-07-10 08:00:00,0.8,0.75,sell
12105,2025-07-10 12:00:00,0.85,0.75,sell
12106,2025-07-10 16:00:00,0.85,0.8,sell
12107,2025-07-10 20:00:00,0.9,0.85,sell
12108,2025-07-11 00:00:00,0.9,0.85,sell
12109,2025-07-11 04:00:00,0.9,0.85,sell
12110,2025-07-11 08:00:00,0.9,0.85,sell
12111,2025-07-11 12:00:00,0.9,0.8,sell
12112,2025-07-11 16:00:00,0.8,0.75,sell
12113,2025-07-11 20:00:00,0.85,0.75,sell
12126,2025-07-14 00:00:00,0.6,0.65,sell
12127,2025-07-14 04:00:00,0.6,0.75,sell
12128,2025-07-14 08:00:00,0.9,0.85,sell
12129,2025-07-14 12:00:00,0.9,0.85,sell
12130,2025-07-14 16:00:00,0.9,0.9,sell
12131,2025-07-14 20:00:00,0.9,0.85,sell
12132,2025-07-15 00:00:00,0.9,0.85,sell
12133,2025-07-15 04:00:00,0.9,0.9,sell
12134,2025-07-15 08:00:00,0.85,0.75,sell
12135,2025-07-15 12:00:00,0.85,0.75,buy
12136,2025-07-15 16:00:00,0.95,0.95,sell
12137,2025-07-15 20:00:00,0.95,0.9,sell
12138,2025-07-16 00:00:00,0.95,0.9,sell
12139,2025-07-16 04:00:00,0.95,0.9,sell
12140,2025-07-16 08:00:00,0.95,0.9,sell
12141,2025-07-16 12:00:00,0.95,0.9,sell
12142,2025-07-16 16:00:00,0.9,0.75,buy
12143,2025-07-16 20:00:00,0.9,0.85,sell
12144,2025-07-17 00:00:00,0.85,0.75,sell
12145,2025-07-17 04:00:00,0.9,0.8,sell
12146,2025-07-17 08:00:00,0.9,0.8,sell
12147,2025-07-17 12:00:00,0.85,0.75,sell
12148,2025-07-17 16:00:00,0.95,0.9,sell
12149,2025-07-17 20:00:00,0.95,0.9,sell
12150,2025-07-18 00:00:00,0.9,0.9,sell
12151,2025-07-18 04:00:00,0.95,0.9,sell
12152,2025-07-18 08:00:00,0.95,0.9,sell
12153,2025-07-18 12:00:00,0.9,0.85,sell
12154,2025-07-18 16:00:00,0.85,0.7,buy
12155,2025-07-18 20:00:00,0.9,0.8,buy
12168,2025-07-21 00:00:00,0.7,0.65,sell
12169,2025-07-21 04:00:00,0.6,0.75,sell
12170,2025-07-21 08:00:00,0.6,0.7,sell
12171,2025-07-21 12:00:00,0.75,0.8,sell
12172,2025-07-21 16:00:00,0.8,0.85,sell
12173,2025-07-21 20:00:00,0.8,0.75,sell
12174,2025-07-22 00:00:00,0.8,0.75,sell
12175,2025-07-22 04:00:00,0.8,0.75,sell
12176,2025-07-22 08:00:00,0.8,0.75,sell
12177,2025-07-22 12:00:00,0.8,0.75,sell
12178,2025-07-22 16:00:00,0.75,0.8,sell
12179,2025-07-22 20:00:00,0.8,0.75,sell
12180,2025-07-23 00:00:00,0.7,0.75,sell
12181,2025-07-23 04:00:00,0.65,0.7,sell
12182,2025-07-23 08:00:00,0.8,0.75,sell
12183,2025-07-23 12:00:00,0.75,0.7,sell
12184,2025-07-23 16:00:00,0.75,0.7,sell
12185,2025-07-23 20:00:00,0.8,0.7,buy
12186,2025-07-24 00:00:00,0.8,0.65,buy
12187,2025-07-24 04:00:00,0.7,0.65,buy
12188,2025-07-24 08:00:00,0.8,0.65,buy
12189,2025-07-24 12:00:00,0.9,0.8,buy
12190,2025-07-24 16:00:00,0.8,0.7,sell
12191,2025-07-24 20:00:00,0.85,0.78,buy
12192,2025-07-25 00:00:00,0.9,0.8,buy
12193,2025-07-25 04:00:00,0.85,0.8,buy
12194,2025-07-25 08:00:00,0.9,0.8,buy
12195,2025-07-25 12:00:00,0.85,0.75,buy
12196,2025-07-25 16:00:00,0.9,0.85,buy
12197,2025-07-25 20:00:00,0.9,0.85,buy
12210,2025-07-28 00:00:00,0.4,0.45,sell
12211,2025-07-28 04:00:00,0.3,0.4,hold
12212,2025-07-28 08:00:00,0.6,0.65,sell
12213,2025-07-28 12:00:00,0.7,0.65,sell
12214,2025-07-28 16:00:00,0.8,0.75,sell
12215,2025-07-28 20:00:00,0.9,0.8,sell
12216,2025-07-29 00:00:00,0.8,0.75,sell
12217,2025-07-29 04:00:00,0.7,0.65,sell
12218,2025-07-29 08:00:00,0.8,0.75,sell
12219,2025-07-29 12:00:00,0.7,0.65,sell
12220,2025-07-29 16:00:00,0.8,0.65,sell
12221,2025-07-29 20:00:00,0.85,0.8,buy
12222,2025-07-30 00:00:00,0.9,0.8,buy
12223,2025-07-30 04:00:00,0.9,0.8,buy
12224,2025-07-30 08:00:00,0.9,0.8,buy
12225,2025-07-30 12:00:00,0.9,0.75,buy
12226,2025-07-30 16:00:00,0.95,0.9,sell
12227,2025-07-30 20:00:00,0.95,0.9,sell
12228,2025-07-31 00:00:00,0.95,0.9,sell
12229,2025-07-31 04:00:00,1.0,0.95,sell
12230,2025-07-31 08:00:00,0.95,0.9,sell
12231,2025-07-31 12:00:00,0.95,0.95,sell
12232,2025-07-31 16:00:00,0.9,0.75,sell
12233,2025-07-31 20:00:00,0.95,0.9,sell
12234,2025-08-01 00:00:00,0.9,0.85,sell
12235,2025-08-01 04:00:00,0.9,0.85,sell
12236,2025-08-01 08:00:00,0.9,0.85,sell
12237,2025-08-01 12:00:00,0.9,0.8,sell
12238,2025-08-01 16:00:00,0.95,0.9,buy
12239,2025-08-01 20:00:00,1.0,0.95,buy
12252,2025-08-04 00:00:00,0.8,0.75,buy
12253,2025-08-04 04:00:00,0.8,0.75,buy
12254,2025-08-04 08:00:00,0.8,0.75,buy
12255,2025-08-04 12:00:00,0.8,0.75,buy
12256,2025-08-04 16:00:00,0.8,0.75,buy
12257,2025-08-04 20:00:00,0.9,0.8,buy
12258,2025-08-05 00:00:00,0.9,0.85,buy
12259,2025-08-05 04:00:00,0.9,0.8,buy
12260,2025-08-05 08:00:00,0.9,0.8,buy
12261,2025-08-05 12:00:00,0.8,0.65,sell
12262,2025-08-05 16:00:00,0.85,0.7,buy
12263,2025-08-05 20:00:00,0.9,0.75,buy
12264,2025-08-06 00:00:00,0.85,0.65,sell
12265,2025-08-06 04:00:00,0.85,0.75,sell
12266,2025-08-06 08:00:00,0.9,0.65,sell
12267,2025-08-06 12:00:00,0.85,0.7,sell
12268,2025-08-06 16:00:00,0.85,0.8,sell
12269,2025-08-06 20:00:00,0.9,0.8,sell
12270,2025-08-07 00:00:00,0.85,0.8,sell
12271,2025-08-07 04:00:00,0.85,0.75,sell
12272,2025-08-07 08:00:00,0.85,0.75,sell
12273,2025-08-07 12:00:00,0.85,0.75,sell
12274,2025-08-07 16:00:00,0.8,0.65,buy
12275,2025-08-07 20:00:00,0.8,0.75,buy
12276,2025-08-08 00:00:00,0.8,0.65,buy
12277,2025-08-08 04:00:00,0.85,0.7,buy
12278,2025-08-08 08:00:00,0.8,0.75,buy
12279,2025-08-08 12:00:00,0.85,0.7,sell
12280,2025-08-08 16:00:00,0.85,0.7,buy
12281,2025-08-08 20:00:00,0.85,0.75,sell
12294,2025-08-11 00:00:00,0.75,0.7,buy
12295,2025-08-11 04:00:00,0.8,0.75,sell
12296,2025-08-11 08:00:00,0.8,0.75,sell
12297,2025-08-11 12:00:00,0.8,0.75,sell
12298,2025-08-11 16:00:00,0.8,0.7,sell
12299,2025-08-11 20:00:00,0.8,0.7,sell
12300,2025-08-12 00:00:00,0.8,0.75,sell
12301,2025-08-12 04:00:00,0.2,0.0,hold
12302,2025-08-12 08:00:00,0.3,0.6,hold
12303,2025-08-12 12:00:00,0.3,0.6,hold
12304,2025-08-12 16:00:00,0.9,0.85,buy
12305,2025-08-12 20:00:00,0.9,0.85,buy
12306,2025-08-13 00:00:00,0.9,0.85,buy
12307,2025-08-13 04:00:00,0.95,0.9,buy
12308,2025-08-13 08:00:00,0.9,0.85,buy
12309,2025-08-13 12:00:00,0.9,0.85,buy
12310,2025-08-13 16:00:00,0.6,0.55,sell
12311,2025-08-13 20:00:00,0.6,0.65,sell
12312,2025-08-14 00:00:00,0.3,0.6,hold
12313,2025-08-14 04:00:00,0.6,0.6,sell
12314,2025-08-14 08:00:00,0.75,0.7,sell
12315,2025-08-14 12:00:00,0.9,0.8,sell
12316,2025-08-14 16:00:00,0.95,0.9,sell
12317,2025-08-14 20:00:00,0.95,0.9,sell
12318,2025-08-15 00:00:00,0.95,0.9,sell
12319,2025-08-15 04:00:00,0.9,0.9,sell
12320,2025-08-15 08:00:00,0.95,0.9,sell
12321,2025-08-15 12:00:00,0.95,0.9,sell
12322,2025-08-15 16:00:00,0.85,0.8,sell
12323,2025-08-15 20:00:00,0.85,0.8,sell
12336,2025-08-18 00:00:00,0.8,0.65,buy
12337,2025-08-18 04:00:00,0.8,0.65,buy
12338,2025-08-18 08:00:00,0.85,0.8,sell
12339,2025-08-18 12:00:00,0.9,0.82,sell
12340,2025-08-18 16:00:00,0.9,0.8,sell
12341,2025-08-18 20:00:00,0.7,0.75,sell
12342,2025-08-19 00:00:00,0.75,0.8,sell
12343,2025-08-19 04:00:00,0.8,0.75,sell
12344,2025-08-19 08:00:00,0.8,0.75,sell
12345,2025-08-19 12:00:00,0.9,0.85,sell
12346,2025-08-19 16:00:00,0.7,0.6,sell
12347,2025-08-19 20:00:00,0.7,0.65,sell
12348,2025-08-20 00:00:00,0.7,0.6,sell
12349,2025-08-20 04:00:00,0.8,0.75,sell
12350,2025-08-20 08:00:00,0.7,0.65,sell
12351,2025-08-20 12:00:00,0.5,0.45,buy
12352,2025-08-20 16:00:00,0.5,0.6,hold
12353,2025-08-20 20:00:00,0.6,0.8,hold
12354,2025-08-21 00:00:00,0.85,0.75,sell
12355,2025-08-21 04:00:00,0.85,0.8,sell
12356,2025-08-21 08:00:00,0.8,0.75,sell
12357,2025-08-21 12:00:00,0.8,0.65,buy
12358,2025-08-21 16:00:00,0.9,0.8,buy
12359,2025-08-21 20:00:00,0.85,0.75,buy
12360,2025-08-22 00:00:00,0.85,0.7,buy
12361,2025-08-22 04:00:00,0.85,0.75,sell
12362,2025-08-22 08:00:00,0.9,0.75,buy
12363,2025-08-22 12:00:00,0.9,0.75,sell
12364,2025-08-22 16:00:00,0.9,0.85,sell
12365,2025-08-22 20:00:00,0.9,0.8,sell
12378,2025-08-25 00:00:00,0.8,0.75,buy
12379,2025-08-25 04:00:00,0.7,0.65,buy
12380,2025-08-25 08:00:00,0.7,0.65,buy
12381,2025-08-25 12:00:00,0.75,0.65,buy
12382,2025-08-25 16:00:00,0.7,0.65,sell
12383,2025-08-25 20:00:00,0.85,0.75,buy
12384,2025-08-26 00:00:00,0.9,0.8,buy
12385,2025-08-26 04:00:00,0.9,0.85,buy
12386,2025-08-26 08:00:00,0.9,0.8,buy
12387,2025-08-26 12:00:00,0.85,0.6,buy
12388,2025-08-26 16:00:00,0.9,0.75,buy
12389,2025-08-26 20:00:00,0.95,0.85,buy
12390,2025-08-27 00:00:00,0.9,0.85,buy
12391,2025-08-27 04:00:00,0.9,0.85,buy
12392,2025-08-27 08:00:00,0.9,0.8,buy
12393,2025-08-27 12:00:00,0.9,0.8,buy
12394,2025-08-27 16:00:00,0.9,0.8,buy
12395,2025-08-27 20:00:00,0.8,0.75,sell
12396,2025-08-28 00:00:00,0.8,0.75,sell
12397,2025-08-28 04:00:00,0.8,0.65,sell
12398,2025-08-28 08:00:00,0.85,0.8,sell
12399,2025-08-28 12:00:00,0.9,0.85,sell
12400,2025-08-28 16:00:00,0.95,0.95,sell
12401,2025-08-28 20:00:00,0.95,0.9,sell
12402,2025-08-29 00:00:00,0.95,0.9,sell
12403,2025-08-29 04:00:00,1.0,0.95,sell
12404,2025-08-29 08:00:00,0.95,0.82,sell
12405,2025-08-29 12:00:00,0.9,0.8,sell
12406,2025-08-29 16:00:00,0.9,0.85,sell
12407,2025-08-29 20:00:00,0.9,0.8,sell
12420,2025-09-01 00:00:00,0.7,0.65,buy
12421,2025-09-01 04:00:00,0.8,0.75,buy
12422,2025-09-01 08:00:00,0.5,0.65,buy
12423,2025-09-01 12:00:00,0.85,0.75,buy
12424,2025-09-01 16:00:00,0.85,0.75,buy
12425,2025-09-01 20:00:00,0.9,0.8,buy
12426,2025-09-02 00:00:00,0.85,0.8,buy
12427,2025-09-02 04:00:00,0.85,0.75,buy
12428,2025-09-02 08:00:00,0.8,0.75,buy
12429,2025-09-02 12:00:00,0.9,0.8,buy
12430,2025-09-02 16:00:00,0.85,0.75,buy
12431,2025-09-02 20:00:00,0.9,0.85,sell
12432,2025-09-03 00:00:00,0.9,0.8,sell
12433,2025-09-03 04:00:00,0.9,0.8,sell
12434,2025-09-03 08:00:00,0.9,0.8,sell
12435,2025-09-03 12:00:00,0.9,0.8,sell
12436,2025-09-03 16:00:00,0.9,0.8,sell
12437,2025-09-03 20:00:00,0.9,0.8,buy
12438,2025-09-04 00:00:00,0.9,0.8,buy
12439,2025-09-04 04:00:00,0.85,0.75,buy
12440,2025-09-04 08:00:00,0.85,0.75,buy
12441,2025-09-04 12:00:00,0.9,0.85,buy
12442,2025-09-04 16:00:00,0.95,0.9,buy
12443,2025-09-04 20:00:00,0.9,0.85,buy
12444,2025-09-05 00:00:00,0.9,0.85,buy
12445,2025-09-05 04:00:00,0.9,0.85,buy
12446,2025-09-05 08:00:00,0.9,0.85,buy
12447,2025-09-05 12:00:00,0.9,0.85,buy
12448,2025-09-05 16:00:00,1.0,0.95,buy
12449,2025-09-05 20:00:00,1.0,0.95,buy
12462,2025-09-08 00:00:00,0.65,0.7,sell
12463,2025-09-08 04:00:00,0.6,0.65,sell
12464,2025-09-08 08:00:00,0.65,0.7,sell
12465,2025-09-08 12:00:00,0.85,0.75,sell
12466,2025-09-08 16:00:00,0.8,0.75,sell
12467,2025-09-08 20:00:00,0.85,0.7,sell
12468,2025-09-09 00:00:00,0.9,0.8,sell
12469,2025-09-09 04:00:00,0.9,0.85,sell
12470,2025-09-09 08:00:00,0.9,0.85,sell
12471,2025-09-09 12:00:00,0.95,0.9,sell
12472,2025-09-09 16:00:00,0.9,0.85,sell
12473,2025-09-09 20:00:00,0.9,0.85,sell
12474,2025-09-10 00:00:00,0.9,0.75,sell
12475,2025-09-10 04:00:00,0.85,0.8,buy
12476,2025-09-10 08:00:00,0.85,0.75,sell
12477,2025-09-10 12:00:00,0.85,0.75,sell
12478,2025-09-10 16:00:00,0.9,0.85,buy
12479,2025-09-10 20:00:00,0.9,0.85,buy
12480,2025-09-11 00:00:00,0.9,0.8,buy
12481,2025-09-11 04:00:00,0.9,0.85,buy
12482,2025-09-11 08:00:00,0.9,0.8,buy
12483,2025-09-11 12:00:00,0.9,0.75,sell
12484,2025-09-11 16:00:00,0.9,0.85,sell
12485,2025-09-11 20:00:00,0.9,0.85,sell
12486,2025-09-12 00:00:00,0.9,0.85,sell
12487,2025-09-12 04:00:00,0.9,0.85,sell
12488,2025-09-12 08:00:00,0.9,0.85,sell
12489,2025-09-12 12:00:00,0.9,0.85,sell
12490,2025-09-12 16:00:00,0.85,0.75,sell
12491,2025-09-12 20:00:00,0.8,0.75,buy
12504,2025-09-15 00:00:00,0.7,0.65,sell
12505,2025-09-15 04:00:00,0.5,0.5,sell
12506,2025-09-15 08:00:00,0.7,0.65,sell
12507,2025-09-15 12:00:00,0.8,0.75,sell
12508,2025-09-15 16:00:00,0.85,0.75,buy
12509,2025-09-15 20:00:00,0.85,0.75,buy
12510,2025-09-16 00:00:00,0.8,0.75,buy
12511,2025-09-16 04:00:00,0.85,0.75,buy
12512,2025-09-16 08:00:00,0.85,0.75,buy
12513,2025-09-16 12:00:00,0.85,0.75,buy
12514,2025-09-16 16:00:00,0.9,0.85,sell
12515,2025-09-16 20:00:00,0.9,0.85,sell
12516,2025-09-17 00:00:00,0.9,0.85,sell
12517,2025-09-17 04:00:00,0.9,0.85,sell
12518,2025-09-17 08:00:00,0.9,0.85,sell
12519,2025-09-17 12:00:00,0.95,0.9,sell
12520,2025-09-17 16:00:00,0.9,0.75,sell
12521,2025-09-17 20:00:00,0.85,0.75,sell
12522,2025-09-18 00:00:00,0.95,0.9,buy
12523,2025-09-18 04:00:00,0.95,0.9,buy
12524,2025-09-18 08:00:00,0.9,0.8,buy
12525,2025-09-18 12:00:00,0.95,0.8,buy
12526,2025-09-18 16:00:00,0.9,0.8,sell
12527,2025-09-18 20:00:00,0.9,0.75,sell
12528,2025-09-19 00:00:00,0.9,0.8,sell
12529,2025-09-19 04:00:00,0.9,0.75,sell
12530,2025-09-19 08:00:00,0.9,0.8,sell
12531,2025-09-19 12:00:00,0.9,0.85,sell
12532,2025-09-19 16:00:00,0.95,0.9,buy
12533,2025-09-19 20:00:00,0.9,0.85,buy
12546,2025-09-22 00:00:00,0.6,0.65,buy
12547,2025-09-22 04:00:00,0.6,0.7,buy
12548,2025-09-22 08:00:00,0.7,0.65,buy
12549,2025-09-22 12:00:00,0.4,0.6,hold
12550,2025-09-22 16:00:00,0.8,0.7,buy
12551,2025-09-22 20:00:00,0.7,0.65,sell
12552,2025-09-23 00:00:00,0.8,0.75,buy
12553,2025-09-23 04:00:00,0.7,0.65,buy
12554,2025-09-23 08:00:00,0.75,0.7,buy
12555,2025-09-23 12:00:00,0.8,0.7,buy
12556,2025-09-23 16:00:00,0.85,0.75,sell
12557,2025-09-23 20:00:00,0.85,0.75,sell
12558,2025-09-24 00:00:00,0.85,0.75,sell
12559,2025-09-24 04:00:00,0.8,0.65,sell
12560,2025-09-24 08:00:00,0.8,0.7,buy
12561,2025-09-24 12:00:00,0.85,0.75,buy
12562,2025-09-24 16:00:00,0.85,0.75,buy
12563,2025-09-24 20:00:00,0.85,0.75,sell
12564,2025-09-25 00:00:00,0.85,0.75,sell
12565,2025-09-25 04:00:00,0.8,0.7,sell
12566,2025-09-25 08:00:00,0.85,0.75,sell
12567,2025-09-25 12:00:00,0.85,0.75,sell
12568,2025-09-25 16:00:00,0.9,0.85,sell
12569,2025-09-25 20:00:00,0.9,0.85,sell
12570,2025-09-26 00:00:00,0.9,0.85,sell
12571,2025-09-26 04:00:00,0.95,0.9,sell
12572,2025-09-26 08:00:00,0.95,0.9,sell
12573,2025-09-26 12:00:00,0.9,0.85,sell
12574,2025-09-26 16:00:00,0.9,0.75,sell
12575,2025-09-26 20:00:00,0.75,0.65,buy
12588,2025-09-29 00:00:00,0.9,0.8,buy
12589,2025-09-29 04:00:00,0.9,0.85,buy
12590,2025-09-29 08:00:00,0.9,0.85,buy
12591,2025-09-29 12:00:00,0.95,0.9,buy
12592,2025-09-29 16:00:00,0.9,0.85,buy
12593,2025-09-29 20:00:00,0.9,0.85,buy
12594,2025-09-30 00:00:00,0.9,0.8,buy
12595,2025-09-30 04:00:00,0.9,0.8,buy
12596,2025-09-30 08:00:00,0.9,0.75,buy
12597,2025-09-30 12:00:00,0.85,0.7,buy
12598,2025-09-30 16:00:00,0.8,0.75,sell
12599,2025-09-30 20:00:00,0.9,0.85,buy
12600,2025-10-01 00:00:00,0.95,0.9,buy
12601,2025-10-01 04:00:00,0.95,0.85,buy
12602,2025-10-01 08:00:00,0.9,0.85,buy
12603,2025-10-01 12:00:00,0.95,0.9,buy
12604,2025-10-01 16:00:00,0.95,0.9,buy
12605,2025-10-01 20:00:00,0.9,0.8,buy
12606,2025-10-02 00:00:00,0.9,0.85,buy
12607,2025-10-02 04:00:00,0.9,0.85,buy
12608,2025-10-02 08:00:00,0.9,0.85,buy
12609,2025-10-02 12:00:00,0.9,0.85,buy
12610,2025-10-02 16:00:00,0.9,0.85,buy
12611,2025-10-02 20:00:00,0.9,0.8,buy
12612,2025-10-03 00:00:00,0.9,0.75,buy
12613,2025-10-03 04:00:00,0.9,0.8,buy
12614,2025-10-03 08:00:00,0.9,0.8,buy
12615,2025-10-03 12:00:00,0.85,0.75,buy
12616,2025-10-03 16:00:00,0.9,0.8,buy
12617,2025-10-03 20:00:00,0.9,0.85,buy
12630,2025-10-06 00:00:00,0.9,0.8,buy
12631,2025-10-06 04:00:00,0.9,0.8,buy
12632,2025-10-06 08:00:00,0.9,0.8,buy
12633,2025-10-06 12:00:00,0.85,0.65,buy
12634,2025-10-06 16:00:00,0.85,0.75,sell
12635,2025-10-06 20:00:00,0.9,0.8,sell
12636,2025-10-07 00:00:00,0.9,0.8,sell
12637,2025-10-07 04:00:00,0.85,0.8,sell
12638,2025-10-07 08:00:00,0.8,0.75,sell
12639,2025-10-07 12:00:00,0.8,0.75,sell
12640,2025-10-07 16:00:00,0.8,0.75,sell
12641,2025-10-07 20:00:00,0.9,0.8,sell
12642,2025-10-08 00:00:00,0.85,0.75,buy
12643,2025-10-08 04:00:00,0.85,0.7,buy
12644,2025-10-08 08:00:00,0.8,0.7,sell
12645,2025-10-08 12:00:00,0.85,0.75,sell
12646,2025-10-08 16:00:00,0.85,0.7,sell
12647,2025-10-08 20:00:00,0.85,0.75,sell
12648,2025-10-09 00:00:00,0.9,0.8,sell
12649,2025-10-09 04:00:00,0.85,0.75,sell
12650,2025-10-09 08:00:00,0.9,0.8,sell
12651,2025-10-09 12:00:00,0.85,0.75,sell
12652,2025-10-09 16:00:00,0.85,0.75,buy
12653,2025-10-09 20:00:00,0.85,0.75,buy
12654,2025-10-10 00:00:00,0.9,0.75,sell
12655,2025-10-10 04:00:00,0.8,0.75,sell
12656,2025-10-10 08:00:00,0.9,0.8,sell
12657,2025-10-10 12:00:00,0.85,0.8,sell
12658,2025-10-10 16:00:00,0.85,0.75,sell
12659,2025-10-10 20:00:00,0.85,0.8,sell
12672,2025-10-13 00:00:00,0.85,0.8,buy
12673,2025-10-13 04:00:00,0.8,0.75,buy
12674,2025-10-13 08:00:00,0.8,0.75,buy
12675,2025-10-13 12:00:00,0.8,0.75,buy
12676,2025-10-13 16:00:00,0.8,0.75,buy
12677,2025-10-13 20:00:00,0.85,0.75,buy
12678,2025-10-14 00:00:00,0.8,0.75,sell
12679,2025-10-14 04:00:00,0.75,0.65,sell
12680,2025-10-14 08:00:00,0.8,0.7,buy
12681,2025-10-14 12:00:00,0.85,0.8,buy
12682,2025-10-14 16:00:00,0.9,0.8,buy
12683,2025-10-14 20:00:00,0.9,0.8,buy
12684,2025-10-15 00:00:00,0.9,0.8,buy
12685,2025-10-15 04:00:00,0.85,0.75,buy
12686,2025-10-15 08:00:00,0.9,0.8,buy
12687,2025-10-15 12:00:00,0.85,0.7,buy
12688,2025-10-15 16:00:00,0.85,0.75,sell
12689,2025-10-15 20:00:00,0.9,0.8,sell
12690,2025-10-16 00:00:00,0.9,0.8,sell
12691,2025-10-16 04:00:00,0.9,0.8,sell
12692,2025-10-16 08:00:00,0.85,0.75,sell
12693,2025-10-16 12:00:00,0.9,0.8,sell
12694,2025-10-16 16:00:00,0.95,0.9,buy
12695,2025-10-16 20:00:00,0.9,0.85,buy
12696,2025-10-17 00:00:00,0.9,0.8,buy
12697,2025-10-17 04:00:00,0.9,0.85,buy
12698,2025-10-17 08:00:00,0.9,0.85,buy
12699,2025-10-17 12:00:00,0.9,0.85,buy
12700,2025-10-17 16:00:00,0.85,0.8,buy
12701,2025-10-17 20:00:00,0.85,0.8,buy
12714,2025-10-20 00:00:00,0.8,0.7,buy
12715,2025-10-20 04:00:00,0.8,0.75,buy
12716,2025-10-20 08:00:00,0.6,0.6,sell
12717,2025-10-20 12:00:00,0.7,0.65,sell
12718,2025-10-20 16:00:00,0.7,0.65,sell
12719,2025-10-20 20:00:00,0.8,0.75,buy
12720,2025-10-21 00:00:00,0.8,0.7,buy
12721,2025-10-21 04:00:00,0.8,0.75,buy
12722,2025-10-21 08:00:00,0.7,0.65,buy
12723,2025-10-21 12:00:00,0.8,0.7,buy
12724,2025-10-21 16:00:00,0.7,0.65,buy
12725,2025-10-21 20:00:00,0.8,0.75,sell
12726,2025-10-22 00:00:00,0.8,0.7,sell
12727,2025-10-22 04:00:00,0.8,0.75,sell
12728,2025-10-22 08:00:00,0.75,0.7,sell
12729,2025-10-22 12:00:00,0.7,0.65,sell
12730,2025-10-22 16:00:00,0.7,0.65,sell
12731,2025-10-22 20:00:00,0.7,0.65,sell
12732,2025-10-23 00:00:00,0.7,0.65,buy
12733,2025-10-23 04:00:00,0.8,0.7,sell
12734,2025-10-23 08:00:00,0.8,0.7,sell
12735,2025-10-23 12:00:00,0.85,0.7,sell
12736,2025-10-23 16:00:00,0.8,0.75,sell
12737,2025-10-23 20:00:00,0.9,0.8,sell
12738,2025-10-24 00:00:00,0.9,0.8,sell
12739,2025-10-24 04:00:00,0.7,0.65,sell
12740,2025-10-24 08:00:00,0.8,0.75,sell
12741,2025-10-24 12:00:00,0.85,0.75,buy
12742,2025-10-24 16:00:00,0.85,0.75,buy
12743,2025-10-24 20:00:00,0.9,0.75,sell
12756,2025-10-27 00:00:00,0.2,0.3,hold
12757,2025-10-27 04:00:00,0.3,0.6,hold
12758,2025-10-27 08:00:00,0.5,0.6,buy
12759,2025-10-27 12:00:00,0.2,0.5,hold
12760,2025-10-27 16:00:00,0.8,0.7,buy
12761,2025-10-27 20:00:00,0.8,0.75,buy
12762,2025-10-28 00:00:00,0.8,0.75,buy
12763,2025-10-28 04:00:00,0.8,0.75,buy
12764,2025-10-28 08:00:00,0.8,0.75,buy
12765,2025-10-28 12:00:00,0.7,0.65,buy
12766,2025-10-28 16:00:00,0.85,0.75,buy
12767,2025-10-28 20:00:00,0.9,0.8,sell
12768,2025-10-29 00:00:00,0.85,0.8,sell
12769,2025-10-29 04:00:00,0.9,0.8,sell
12770,2025-10-29 08:00:00,0.9,0.8,sell
12771,2025-10-29 12:00:00,0.9,0.85,sell
12772,2025-10-29 16:00:00,0.9,0.8,sell
12773,2025-10-29 20:00:00,1.0,0.9,buy
12774,2025-10-30 00:00:00,0.95,0.9,buy
12775,2025-10-30 04:00:00,0.95,0.9,buy
12776,2025-10-30 08:00:00,0.95,0.85,buy
12777,2025-10-30 12:00:00,0.9,0.85,buy
12778,2025-10-30 16:00:00,0.9,0.8,buy
12779,2025-10-30 20:00:00,0.9,0.75,buy
12780,2025-10-31 00:00:00,0.9,0.75,buy
12781,2025-10-31 04:00:00,0.85,0.7,sell
12782,2025-10-31 08:00:00,0.85,0.75,sell
12783,2025-10-31 12:00:00,0.85,0.75,buy
12784,2025-10-31 16:00:00,0.9,0.8,buy
12785,2025-10-31 20:00:00,0.9,0.8,sell
12798,2025-11-03 00:00:00,0.85,0.8,buy
12799,2025-11-03 04:00:00,0.6,0.65,buy
12800,2025-11-03 08:00:00,0.8,0.7,buy
12801,2025-11-03 12:00:00,0.9,0.8,buy
12802,2025-11-03 16:00:00,0.85,0.8,buy
12803,2025-11-03 20:00:00,0.9,0.8,buy
12804,2025-11-04 00:00:00,0.9,0.8,buy
12805,2025-11-04 04:00:00,0.9,0.8,buy
12806,2025-11-04 08:00:00,0.85,0.7,buy
12807,2025-11-04 12:00:00,0.9,0.8,buy
12808,2025-11-04 16:00:00,0.9,0.85,buy
12809,2025-11-04 20:00:00,0.7,0.65,sell
12810,2025-11-05 00:00:00,0.7,0.65,sell
12811,2025-11-05 04:00:00,0.7,0.65,sell
12812,2025-11-05 08:00:00,0.7,0.65,sell
12813,2025-11-05 12:00:00,0.9,0.85,buy
12814,2025-11-05 16:00:00,0.9,0.8,buy
12815,2025-11-05 20:00:00,0.9,0.85,sell
12816,2025-11-06 00:00:00,0.9,0.85,sell
12817,2025-11-06 04:00:00,0.9,0.85,sell
12818,2025-11-06 08:00:00,0.9,0.85,sell
12819,2025-11-06 12:00:00,0.9,0.85,sell
12820,2025-11-06 16:00:00,0.9,0.75,sell
12821,2025-11-06 20:00:00,0.85,0.75,buy
12822,2025-11-07 00:00:00,0.8,0.7,buy
12823,2025-11-07 04:00:00,0.85,0.7,buy
12824,2025-11-07 08:00:00,0.8,0.7,buy
12825,2025-11-07 12:00:00,0.7,0.6,sell
12826,2025-11-07 16:00:00,0.8,0.75,sell
12827,2025-11-07 20:00:00,0.85,0.75,buy
12840,2025-11-10 00:00:00,0.7,0.75,buy
12841,2025-11-10 04:00:00,0.7,0.75,buy
12842,2025-11-10 08:00:00,0.65,0.75,buy
12843,2025-11-10 12:00:00,0.75,0.8,buy
12844,2025-11-10 16:00:00,0.7,0.65,buy
12845,2025-11-10 20:00:00,0.75,0.7,buy
12846,2025-11-11 00:00:00,0.7,0.65,buy
12847,2025-11-11 04:00:00,0.75,0.7,buy
12848,2025-11-11 08:00:00,0.6,0.65,buy
12849,2025-11-11 12:00:00,0.3,0.4,hold
12850,2025-11-11 16:00:00,0.4,0.5,hold
12851,2025-11-11 20:00:00,0.3,0.5,hold
12852,2025-11-12 00:00:00,0.4,0.5,hold
12853,2025-11-12 04:00:00,0.6,0.65,buy
12854,2025-11-12 08:00:00,0.6,0.65,buy
12855,2025-11-12 12:00:00,0.4,0.7,hold
12856,2025-11-12 16:00:00,0.3,0.8,hold
12857,2025-11-12 20:00:00,0.6,0.65,sell
12858,2025-11-13 00:00:00,0.85,0.75,buy
12859,2025-11-13 04:00:00,0.85,0.75,buy
12860,2025-11-13 08:00:00,0.8,0.65,buy
12861,2025-11-13 12:00:00,0.8,0.7,buy
12862,2025-11-13 16:00:00,0.85,0.7,buy
12863,2025-11-13 20:00:00,0.8,0.65,buy
12864,2025-11-14 00:00:00,0.85,0.7,sell
12865,2025-11-14 04:00:00,0.8,0.75,sell
12866,2025-11-14 08:00:00,0.8,0.7,sell
12867,2025-11-14 12:00:00,0.8,0.75,sell
12868,2025-11-14 16:00:00,0.8,0.7,buy
12869,2025-11-14 20:00:00,0.85,0.7,buy
12882,2025-11-17 00:00:00,0.2,0.3,hold
12883,2025-11-17 04:00:00,0.0,1.0,hold
12884,2025-11-17 08:00:00,0.8,0.65,sell
12885,2025-11-17 12:00:00,0.6,0.6,sell
12886,2025-11-17 16:00:00,0.7,0.65,sell
12887,2025-11-17 20:00:00,0.85,0.8,sell
12888,2025-11-18 00:00:00,0.8,0.7,sell
12889,2025-11-18 04:00:00,0.8,0.65,buy
12890,2025-11-18 08:00:00,0.85,0.75,buy
12891,2025-11-18 12:00:00,0.8,0.75,buy
12892,2025-11-18 16:00:00,0.85,0.75,buy
12893,2025-11-18 20:00:00,0.9,0.85,buy
12894,2025-11-19 00:00:00,0.85,0.8,buy
12895,2025-11-19 04:00:00,0.8,0.75,buy
12896,2025-11-19 08:00:00,0.85,0.8,buy
12897,2025-11-19 12:00:00,0.8,0.75,buy
12898,2025-11-19 16:00:00,0.9,0.85,buy
12899,2025-11-19 20:00:00,0.8,0.75,buy
12900,2025-11-20 00:00:00,0.9,0.85,buy
12901,2025-11-20 04:00:00,0.9,0.85,buy
12902,2025-11-20 08:00:00,0.9,0.8,buy
12903,2025-11-20 12:00:00,0.9,0.8,buy
12904,2025-11-20 16:00:00,0.9,0.7,buy
12905,2025-11-20 20:00:00,0.9,0.7,sell
12906,2025-11-21 00:00:00,0.9,0.8,sell
12907,2025-11-21 04:00:00,0.9,0.75,sell
12908,2025-11-21 08:00:00,0.9,0.75,sell
12909,2025-11-21 12:00:00,0.9,0.75,sell
12910,2025-11-21 16:00:00,0.85,0.75,buy
12911,2025-11-21 20:00:00,0.85,0.75,sell
12924,2025-11-24 00:00:00,0.6,0.65,buy
12925,2025-11-24 04:00:00,0.2,0.4,hold
12926,2025-11-24 08:00:00,0.3,0.6,hold
12927,2025-11-24 12:00:00,0.7,0.65,buy
12928,2025-11-24 16:00:00,0.7,0.65,buy
12929,2025-11-24 20:00:00,0.5,0.6,hold
12930,2025-11-25 00:00:00,0.8,0.75,buy
12931,2025-11-25 04:00:00,0.8,0.75,buy
12932,2025-11-25 08:00:00,0.8,0.7,buy
12933,2025-11-25 12:00:00,0.8,0.75,buy
12934,2025-11-25 16:00:00,0.9,0.85,sell
12935,2025-11-25 20:00:00,0.9,0.85,sell
12936,2025-11-26 00:00:00,0.9,0.85,sell
12937,2025-11-26 04:00:00,0.9,0.85,sell
12938,2025-11-26 08:00:00,0.9,0.85,sell
12939,2025-11-26 12:00:00,0.9,0.85,sell
12940,2025-11-26 16:00:00,0.9,0.85,sell
12941,2025-11-26 20:00:00,0.85,0.75,sell
12942,2025-11-27 00:00:00,0.85,0.7,buy
12943,2025-11-27 04:00:00,0.85,0.75,buy
12944,2025-11-27 08:00:00,0.8,0.65,sell
12945,2025-11-27 12:00:00,0.85,0.7,sell
12946,2025-11-27 16:00:00,0.9,0.8,buy
12947,2025-11-27 20:00:00,0.9,0.8,buy
12948,2025-11-28 00:00:00,0.9,0.8,buy
12949,2025-11-28 04:00:00,0.85,0.75,buy
12950,2025-11-28 08:00:00,0.9,0.8,buy
12951,2025-11-28 12:00:00,0.95,0.9,buy
12952,2025-11-28 16:00:00,0.8,0.75,sell
12953,2025-11-28 20:00:00,0.85,0.75,sell
12966,2025-12-01 00:00:00,0.6,0.55,sell
12967,2025-12-01 04:00:00,0.5,0.65,sell
12968,2025-12-01 08:00:00,0.7,0.65,sell
12969,2025-12-01 12:00:00,0.7,0.65,sell
12970,2025-12-01 16:00:00,0.7,0.6,sell
12971,2025-12-01 20:00:00,0.85,0.75,buy
12972,2025-12-02 00:00:00,0.85,0.75,buy
12973,2025-12-02 04:00:00,0.9,0.7,buy
12974,2025-12-02 08:00:00,0.9,0.75,buy
12975,2025-12-02 12:00:00,0.85,0.75,buy
12976,2025-12-02 16:00:00,0.85,0.7,buy
12977,2025-12-02 20:00:00,0.85,0.7,sell
12978,2025-12-03 00:00:00,0.9,0.75,buy
12979,2025-12-03 04:00:00,0.8,0.65,sell
12980,2025-12-03 08:00:00,0.85,0.75,sell
12981,2025-12-03 12:00:00,0.95,0.9,buy
12982,2025-12-03 16:00:00,0.9,0.85,buy
12983,2025-12-03 20:00:00,0.95,0.9,buy
12984,2025-12-04 00:00:00,0.9,0.85,buy
12985,2025-12-04 04:00:00,0.9,0.85,buy
12986,2025-12-04 08:00:00,0.9,0.85,buy
12987,2025-12-04 12:00:00,0.95,0.9,buy
12988,2025-12-04 16:00:00,0.95,0.9,buy
12989,2025-12-04 20:00:00,0.9,0.8,sell
12990,2025-12-05 00:00:00,0.9,0.85,sell
12991,2025-12-05 04:00:00,0.9,0.8,sell
12992,2025-12-05 08:00:00,0.9,0.8,sell
12993,2025-12-05 12:00:00,0.9,0.85,sell
12994,2025-12-05 16:00:00,0.9,0.85,sell
12995,2025-12-05 20:00:00,0.85,0.75,sell
13008,2025-12-08 00:00:00,0.6,0.7,buy
13009,2025-12-08 04:00:00,0.6,0.65,buy
13010,2025-12-08 08:00:00,0.75,0.7,buy
13011,2025-12-08 12:00:00,0.8,0.75,buy
13012,2025-12-08 16:00:00,0.85,0.8,buy
13013,2025-12-08 20:00:00,0.75,0.8,buy
13014,2025-12-09 00:00:00,0.7,0.65,buy
13015,2025-12-09 04:00:00,0.75,0.65,buy
13016,2025-12-09 08:00:00,0.8,0.65,sell
13017,2025-12-09 12:00:00,0.7,0.65,buy
13018,2025-12-09 16:00:00,0.7,0.65,buy
13019,2025-12-09 20:00:00,0.9,0.8,sell
13020,2025-12-10 00:00:00,0.9,0.8,sell
13021,2025-12-10 04:00:00,0.9,0.85,sell
13022,2025-12-10 08:00:00,0.9,0.8,sell
13023,2025-12-10 12:00:00,0.9,0.8,sell
13024,2025-12-10 16:00:00,0.9,0.8,sell
13025,2025-12-10 20:00:00,0.8,0.65,buy
13026,2025-12-11 00:00:00,0.9,0.75,sell
13027,2025-12-11 04:00:00,0.9,0.75,sell
13028,2025-12-11 08:00:00,0.9,0.75,buy
13029,2025-12-11 12:00:00,0.95,0.8,buy
13030,2025-12-11 16:00:00,0.9,0.8,buy
13031,2025-12-11 20:00:00,0.9,0.8,buy
13032,2025-12-12 00:00:00,0.9,0.8,buy
13033,2025-12-12 04:00:00,0.9,0.8,buy
13034,2025-12-12 08:00:00,0.9,0.8,buy
13035,2025-12-12 12:00:00,0.9,0.8,buy
13036,2025-12-12 16:00:00,0.9,0.8,buy
13037,2025-12-12 20:00:00,0.85,0.8,sell
13050,2025-12-15 00:00:00,0.6,0.65,buy
13051,2025-12-15 04:00:00,0.4,0.6,hold
13052,2025-12-15 08:00:00,0.5,0.6,hold
13053,2025-12-15 12:00:00,0.7,0.65,buy
13054,2025-12-15 16:00:00,0.8,0.75,buy
13055,2025-12-15 20:00:00,0.9,0.8,buy
13056,2025-12-16 00:00:00,0.9,0.85,buy
13057,2025-12-16 04:00:00,0.9,0.8,buy
13058,2025-12-16 08:00:00,0.9,0.85,buy
13059,2025-12-16 12:00:00,0.9,0.9,buy
13060,2025-12-16 16:00:00,0.8,0.75,buy
13061,2025-12-16 20:00:00,0.95,0.9,buy
13062,2025-12-17 00:00:00,0.95,0.9,buy
13063,2025-12-17 04:00:00,1.0,0.95,buy
13064,2025-12-17 08:00:00,1.0,0.95,buy
13065,2025-12-17 12:00:00,0.95,0.9,buy
13066,2025-12-17 16:00:00,0.95,0.9,buy
13067,2025-12-17 20:00:00,0.8,0.75,sell
13068,2025-12-18 00:00:00,0.9,0.85,sell
13069,2025-12-18 04:00:00,0.9,0.85,sell
13070,2025-12-18 08:00:00,0.9,0.85,sell
13071,2025-12-18 12:00:00,0.9,0.8,sell
13072,2025-12-18 16:00:00,0.9,0.8,buy
13073,2025-12-18 20:00:00,0.95,0.9,buy
13074,2025-12-19 00:00:00,0.95,0.9,buy
13075,2025-12-19 04:00:00,0.95,0.9,buy
13076,2025-12-19 08:00:00,0.95,0.9,buy
13077,2025-12-19 12:00:00,0.9,0.85,buy
13078,2025-12-19 16:00:00,0.95,0.9,buy
13079,2025-12-19 20:00:00,0.85,0.75,sell
13092,2025-12-22 00:00:00,0.6,0.65,buy
13093,2025-12-22 04:00:00,0.8,0.75,buy
13094,2025-12-22 08:00:00,0.7,0.65,sell
13095,2025-12-22 12:00:00,0.7,0.75,buy
13096,2025-12-22 16:00:00,0.8,0.75,sell
13097,2025-12-22 20:00:00,0.85,0.75,sell
13098,2025-12-23 00:00:00,0.8,0.75,sell
13099,2025-12-23 04:00:00,0.8,0.7,sell
13100,2025-12-23 08:00:00,0.8,0.75,sell
13101,2025-12-23 12:00:00,0.65,0.7,sell
13102,2025-12-23 16:00:00,0.7,0.65,buy
13103,2025-12-23 20:00:00,0.9,0.8,sell
13104,2025-12-24 00:00:00,0.9,0.8,sell
13105,2025-12-24 04:00:00,0.9,0.8,sell
13106,2025-12-24 08:00:00,0.9,0.8,sell
13107,2025-12-24 12:00:00,0.9,0.8,sell
13108,2025-12-24 16:00:00,0.9,0.75,sell
13109,2025-12-24 20:00:00,0.85,0.7,sell
13116,2025-12-26 00:00:00,0.5,0.65,buy
13117,2025-12-26 04:00:00,0.6,0.7,buy
13118,2025-12-26 08:00:00,0.6,0.65,buy
13119,2025-12-26 12:00:00,0.4,0.5,hold
13120,2025-12-26 16:00:00,0.5,0.65,buy
13121,2025-12-26 20:00:00,0.6,0.65,buy
13134,2025-12-29 00:00:00,0.7,0.65,sell
13135,2025-12-29 04:00:00,0.7,0.65,sell
13136,2025-12-29 08:00:00,0.65,0.7,buy
13137,2025-12-29 12:00:00,0.75,0.65,sell
13138,2025-12-29 16:00:00,0.65,0.75,buy
13139,2025-12-29 20:00:00,0.85,0.7,sell
13140,2025-12-30 00:00:00,0.8,0.7,sell
13141,2025-12-30 04:00:00,0.75,0.65,sell
13142,2025-12-30 08:00:00,0.8,0.7,sell
13143,2025-12-30 12:00:00,0.85,0.75,sell
13144,2025-12-30 16:00:00,0.9,0.8,sell
13145,2025-12-30 20:00:00,0.9,0.8,sell
13146,2025-12-31 00:00:00,0.85,0.75,sell
13147,2025-12-31 04:00:00,0.85,0.75,sell
13148,2025-12-31 08:00:00,0.85,0.75,sell
13149,2025-12-31 12:00:00,0.85,0.7,sell
13150,2025-12-31 16:00:00,0.85,0.75,sell
13151,2025-12-31 20:00:00,0.9,0.8,sell
13158,2026-01-02 00:00:00,0.65,0.7,buy
13159,2026-01-02 04:00:00,0.5,0.65,buy
13160,2026-01-02 08:00:00,0.7,0.75,buy
13161,2026-01-02 12:00:00,0.8,0.75,buy
13162,2026-01-02 16:00:00,0.8,0.75,buy
13163,2026-01-02 20:00:00,0.85,0.7,sell
13176,2026-01-05 00:00:00,0.7,0.7,buy
13177,2026-01-05 04:00:00,0.8,0.75,buy
13178,2026-01-05 08:00:00,0.8,0.7,buy
13179,2026-01-05 12:00:00,0.9,0.8,sell
13180,2026-01-05 16:00:00,0.9,0.8,sell
13181,2026-01-05 20:00:00,0.9,0.75,buy
13182,2026-01-06 00:00:00,0.9,0.85,sell
13183,2026-01-06 04:00:00,0.85,0.75,buy
13184,2026-01-06 08:00:00,0.9,0.8,sell
13185,2026-01-06 12:00:00,0.9,0.75,buy
13186,2026-01-06 16:00:00,0.85,0.75,sell
13187,2026-01-06 20:00:00,0.85,0.75,sell
13188,2026-01-07 00:00:00,0.9,0.8,sell
13189,2026-01-07 04:00:00,0.85,0.75,sell
13190,2026-01-07 08:00:00,0.9,0.8,sell
13191,2026-01-07 12:00:00,0.8,0.7,sell
13192,2026-01-07 16:00:00,0.9,0.75,sell
13193,2026-01-07 20:00:00,0.9,0.8,sell
13194,2026-01-08 00:00:00,0.9,0.85,sell
13195,2026-01-08 04:00:00,0.9,0.8,sell
13196,2026-01-08 08:00:00,0.9,0.8,sell
13197,2026-01-08 12:00:00,0.9,0.8,sell
13198,2026-01-08 16:00:00,0.9,0.75,buy
13199,2026-01-08 20:00:00,0.85,0.75,buy
13200,2026-01-09 00:00:00,0.85,0.7,buy
13201,2026-01-09 04:00:00,0.85,0.75,buy
13202,2026-01-09 08:00:00,0.8,0.65,buy
13203,2026-01-09 12:00:00,0.9,0.7,sell
13204,2026-01-09 16:00:00,0.85,0.7,sell
13205,2026-01-09 20:00:00,0.95,0.85,buy
13218,2026-01-12 00:00:00,0.7,0.65,sell
13219,2026-01-12 04:00:00,0.8,0.75,sell
13220,2026-01-12 08:00:00,0.85,0.75,buy
13221,2026-01-12 12:00:00,0.9,0.8,sell
13222,2026-01-12 16:00:00,0.9,0.8,buy
13223,2026-01-12 20:00:00,0.9,0.8,buy
13224,2026-01-13 00:00:00,0.9,0.85,buy
13225,2026-01-13 04:00:00,0.95,0.9,buy
13226,2026-01-13 08:00:00,0.9,0.75,buy
13227,2026-01-13 12:00:00,0.9,0.85,buy
13228,2026-01-13 16:00:00,0.8,0.75,buy
13229,2026-01-13 20:00:00,0.9,0.8,sell
13230,2026-01-14 00:00:00,0.9,0.8,sell
13231,2026-01-14 04:00:00,0.9,0.85,sell
13232,2026-01-14 08:00:00,0.9,0.8,sell
13233,2026-01-14 12:00:00,0.9,0.85,sell
13234,2026-01-14 16:00:00,0.9,0.8,sell
13235,2026-01-14 20:00:00,0.85,0.75,sell
13236,2026-01-15 00:00:00,0.85,0.7,sell
13237,2026-01-15 04:00:00,0.85,0.75,sell
13238,2026-01-15 08:00:00,0.85,0.75,sell
13239,2026-01-15 12:00:00,0.85,0.75,sell
13240,2026-01-15 16:00:00,0.85,0.75,sell
13241,2026-01-15 20:00:00,0.9,0.85,sell
13242,2026-01-16 00:00:00,0.9,0.85,sell
13243,2026-01-16 04:00:00,0.95,0.9,sell
13244,2026-01-16 08:00:00,0.9,0.85,sell
13245,2026-01-16 12:00:00,0.9,0.8,sell
13246,2026-01-16 16:00:00,0.9,0.85,sell
13247,2026-01-16 20:00:00,0.9,0.85,sell
13260,2026-01-19 00:00:00,0.8,0.75,buy
13261,2026-01-19 04:00:00,0.8,0.75,buy
13262,2026-01-19 08:00:00,0.8,0.7,sell
13263,2026-01-19 12:00:00,0.85,0.75,buy
13264,2026-01-19 16:00:00,0.9,0.8,sell
13265,2026-01-19 20:00:00,0.9,0.8,sell
13266,2026-01-20 00:00:00,0.9,0.8,sell
13267,2026-01-20 04:00:00,0.9,0.8,sell
13268,2026-01-20 08:00:00,0.9,0.8,sell
13269,2026-01-20 12:00:00,0.9,0.85,sell
13270,2026-01-20 16:00:00,0.9,0.8,buy
13271,2026-01-20 20:00:00,0.9,0.85,buy
13272,2026-01-21 00:00:00,0.9,0.8,buy
13273,2026-01-21 04:00:00,0.9,0.8,buy
13274,2026-01-21 08:00:00,0.9,0.85,buy
13275,2026-01-21 12:00:00,0.9,0.8,buy
13276,2026-01-21 16:00:00,0.85,0.75,sell
13277,2026-01-21 20:00:00,0.85,0.75,sell
13278,2026-01-22 00:00:00,0.85,0.8,sell
13279,2026-01-22 04:00:00,0.8,0.75,sell
13280,2026-01-22 08:00:00,0.8,0.75,sell
13281,2026-01-22 12:00:00,0.85,0.8,sell
13282,2026-01-22 16:00:00,0.85,0.8,sell
13283,2026-01-22 20:00:00,0.9,0.85,sell
13284,2026-01-23 00:00:00,0.9,0.85,sell
13285,2026-01-23 04:00:00,0.9,0.85,sell
13286,2026-01-23 08:00:00,0.9,0.85,sell
13287,2026-01-23 12:00:00,0.9,0.85,sell
13288,2026-01-23 16:00:00,0.9,0.85,sell
13289,2026-01-23 20:00:00,0.8,0.75,sell
13302,2026-01-26 00:00:00,0.6,0.6,sell
13303,2026-01-26 04:00:00,0.4,0.55,sell
13304,2026-01-26 08:00:00,0.5,0.45,sell
13305,2026-01-26 12:00:00,0.7,0.65,sell
13306,2026-01-26 16:00:00,0.6,0.65,sell
13307,2026-01-26 20:00:00,0.8,0.65,buy
13308,2026-01-27 00:00:00,0.8,0.65,buy
13309,2026-01-27 04:00:00,0.8,0.65,buy
13310,2026-01-27 08:00:00,0.75,0.65,buy
13311,2026-01-27 12:00:00,0.85,0.65,buy
13312,2026-01-27 16:00:00,0.8,0.65,buy
13313,2026-01-27 20:00:00,0.85,0.75,buy
13314,2026-01-28 00:00:00,0.9,0.8,buy
13315,2026-01-28 04:00:00,0.9,0.8,buy
13316,2026-01-28 08:00:00,0.85,0.75,buy
13317,2026-01-28 12:00:00,0.9,0.8,buy
13318,2026-01-28 16:00:00,0.85,0.7,buy
13319,2026-01-28 20:00:00,0.8,0.65,buy
13320,2026-01-29 00:00:00,0.85,0.7,sell
13321,2026-01-29 04:00:00,0.9,0.8,sell
13322,2026-01-29 08:00:00,0.85,0.75,buy
13323,2026-01-29 12:00:00,0.85,0.75,sell
13324,2026-01-29 16:00:00,0.8,0.65,buy
13325,2026-01-29 20:00:00,0.95,0.9,sell
13326,2026-01-30 00:00:00,0.9,0.9,sell
13327,2026-01-30 04:00:00,0.9,0.9,sell
13328,2026-01-30 08:00:00,0.9,0.9,sell
13329,2026-01-30 12:00:00,0.85,0.7,buy
13330,2026-01-30 16:00:00,0.9,0.85,buy
13331,2026-01-30 20:00:00,0.9,0.75,sell
13344,2026-02-02 00:00:00,0.7,0.65,sell
13345,2026-02-02 04:00:00,0.85,0.7,buy
13346,2026-02-02 08:00:00,0.85,0.8,buy
13347,2026-02-02 12:00:00,0.9,0.85,sell
13348,2026-02-02 16:00:00,0.9,0.85,sell
13349,2026-02-02 20:00:00,0.95,0.9,sell
13350,2026-02-03 00:00:00,0.95,0.92,sell
13351,2026-02-03 04:00:00,0.95,0.9,sell
13352,2026-02-03 08:00:00,0.95,0.9,sell
13353,2026-02-03 12:00:00,0.95,0.9,sell
13354,2026-02-03 16:00:00,0.95,0.9,sell
13355,2026-02-03 20:00:00,0.85,0.8,sell
13356,2026-02-04 00:00:00,0.9,0.85,sell
13357,2026-02-04 04:00:00,0.9,0.8,sell
13358,2026-02-04 08:00:00,0.9,0.8,sell
13359,2026-02-04 12:00:00,0.7,0.75,sell
13360,2026-02-04 16:00:00,0.9,0.85,buy
13361,2026-02-04 20:00:00,0.9,0.85,sell
13362,2026-02-05 00:00:00,0.95,0.9,sell
13363,2026-02-05 04:00:00,0.9,0.8,sell
13364,2026-02-05 08:00:00,0.9,0.85,sell
13365,2026-02-05 12:00:00,0.9,0.85,sell
13366,2026-02-05 16:00:00,0.9,0.8,sell
13367,2026-02-05 20:00:00,0.9,0.8,buy
13368,2026-02-06 00:00:00,0.9,0.8,buy
13369,2026-02-06 04:00:00,0.9,0.85,buy
13370,2026-02-06 08:00:00,0.9,0.75,buy
13371,2026-02-06 12:00:00,0.85,0.7,sell
13372,2026-02-06 16:00:00,0.9,0.75,buy
13373,2026-02-06 20:00:00,0.9,0.8,sell
13386,2026-02-09 00:00:00,0.6,0.65,sell
13387,2026-02-09 04:00:00,0.5,0.65,sell
13388,2026-02-09 08:00:00,0.5,0.65,sell
13389,2026-02-09 12:00:00,0.6,0.65,sell
13390,2026-02-09 16:00:00,0.6,0.65,sell
13391,2026-02-09 20:00:00,0.7,0.65,sell
13392,2026-02-10 00:00:00,0.3,0.6,hold
13393,2026-02-10 04:00:00,0.5,0.65,sell
13394,2026-02-10 08:00:00,0.8,0.75,sell
13395,2026-02-10 12:00:00,0.4,0.5,sell
13396,2026-02-10 16:00:00,0.6,0.65,sell
13397,2026-02-10 20:00:00,0.9,0.8,buy
13398,2026-02-11 00:00:00,0.9,0.8,buy
13399,2026-02-11 04:00:00,0.9,0.85,buy
13400,2026-02-11 08:00:00,0.9,0.85,buy
13401,2026-02-11 12:00:00,0.9,0.85,buy
13402,2026-02-11 16:00:00,0.9,0.8,buy
13403,2026-02-11 20:00:00,0.95,0.9,sell
13404,2026-02-12 00:00:00,0.95,0.85,sell
13405,2026-02-12 04:00:00,0.95,0.9,sell
13406,2026-02-12 08:00:00,0.95,0.9,sell
13407,2026-02-12 12:00:00,0.95,0.9,sell
13408,2026-02-12 16:00:00,0.95,0.9,sell
13409,2026-02-12 20:00:00,0.9,0.85,buy
13410,2026-02-13 00:00:00,0.9,0.85,buy
13411,2026-02-13 04:00:00,0.9,0.85,buy
13412,2026-02-13 08:00:00,0.9,0.85,buy
13413,2026-02-13 12:00:00,0.9,0.8,buy
13414,2026-02-13 16:00:00,0.9,0.85,buy
13415,2026-02-13 20:00:00,0.9,0.85,sell
13428,2026-02-16 00:00:00,0.3,0.7,hold
13429,2026-02-16 04:00:00,0.7,0.65,sell
13430,2026-02-16 08:00:00,0.2,0.5,hold
13431,2026-02-16 12:00:00,0.4,0.6,hold
13432,2026-02-16 16:00:00,0.66,0.7,sell
13433,2026-02-16 20:00:00,0.7,0.8,sell
13434,2026-02-17 00:00:00,0.75,0.8,sell
13435,2026-02-17 04:00:00,0.8,0.75,sell
13436,2026-02-17 08:00:00,0.7,0.8,sell
13437,2026-02-17 12:00:00,0.8,0.75,sell
13438,2026-02-17 16:00:00,0.2,0.5,hold
13439,2026-02-17 20:00:00,0.8,0.75,sell
13440,2026-02-18 00:00:00,0.85,0.8,sell
13441,2026-02-18 04:00:00,0.8,0.75,sell
13442,2026-02-18 08:00:00,0.8,0.75,sell
13443,2026-02-18 12:00:00,0.9,0.85,sell
13444,2026-02-18 16:00:00,0.9,0.85,sell
13445,2026-02-18 20:00:00,0.9,0.8,sell
13446,2026-02-19 00:00:00,0.9,0.85,sell
13447,2026-02-19 04:00:00,0.85,0.8,sell
13448,2026-02-19 08:00:00,0.8,0.75,sell
13449,2026-02-19 12:00:00,0.85,0.75,sell
13450,2026-02-19 16:00:00,0.85,0.8,sell
13451,2026-02-19 20:00:00,0.9,0.85,sell
13452,2026-02-20 00:00:00,0.9,0.85,sell
13453,2026-02-20 04:00:00,0.9,0.85,sell
13454,2026-02-20 08:00:00,0.9,0.8,sell
13455,2026-02-20 12:00:00,0.9,0.8,sell
13456,2026-02-20 16:00:00,0.9,0.85,sell
13457,2026-02-20 20:00:00,0.95,0.8,sell
13470,2026-02-23 00:00:00,0.8,0.75,sell
13471,2026-02-23 04:00:00,0.85,0.8,sell
13472,2026-02-23 08:00:00,0.85,0.7,sell
13473,2026-02-23 12:00:00,0.8,0.7,sell
13474,2026-02-23 16:00:00,0.7,0.75,sell
13475,2026-02-23 20:00:00,0.7,0.65,sell
13476,2026-02-24 00:00:00,0.75,0.7,sell
13477,2026-02-24 04:00:00,0.7,0.65,sell
13478,2026-02-24 08:00:00,0.75,0.65,buy
13479,2026-02-24 12:00:00,0.7,0.65,sell
13480,2026-02-24 16:00:00,0.8,0.65,sell
13481,2026-02-24 20:00:00,0.8,0.7,buy
13482,2026-02-25 00:00:00,0.85,0.75,buy
13483,2026-02-25 04:00:00,0.9,0.75,buy
13484,2026-02-25 08:00:00,0.85,0.7,buy
13485,2026-02-25 12:00:00,0.85,0.7,sell
13486,2026-02-25 16:00:00,0.95,0.9,sell
13487,2026-02-25 20:00:00,0.95,0.9,sell
13488,2026-02-26 00:00:00,0.9,0.8,sell
13489,2026-02-26 04:00:00,0.9,0.85,sell
13490,2026-02-26 08:00:00,0.9,0.8,sell
13491,2026-02-26 12:00:00,0.9,0.85,sell
13492,2026-02-26 16:00:00,0.9,0.82,buy
13493,2026-02-26 20:00:00,0.85,0.7,sell
13494,2026-02-27 00:00:00,0.85,0.75,sell
13495,2026-02-27 04:00:00,0.85,0.75,sell
13496,2026-02-27 08:00:00,0.8,0.65,buy
13497,2026-02-27 12:00:00,0.85,0.7,buy
13498,2026-02-27 16:00:00,0.9,0.75,sell
13499,2026-02-27 20:00:00,0.8,0.75,sell
13512,2026-03-02 00:00:00,0.95,0.9,sell
13513,2026-03-02 04:00:00,0.9,0.85,sell
13514,2026-03-02 08:00:00,1.0,0.9,sell
13515,2026-03-02 12:00:00,0.9,0.85,sell
13516,2026-03-02 16:00:00,0.95,0.85,sell
13517,2026-03-02 20:00:00,0.95,0.9,sell
13518,2026-03-03 00:00:00,1.0,0.9,sell
13519,2026-03-03 04:00:00,1.0,0.9,sell
13520,2026-03-03 08:00:00,1.0,0.9,sell
13521,2026-03-03 12:00:00,1.0,0.9,sell
13522,2026-03-03 16:00:00,0.95,0.85,sell
13523,2026-03-03 20:00:00,0.95,0.85,sell
13524,2026-03-04 00:00:00,1.0,0.9,sell
13525,2026-03-04 04:00:00,0.95,0.85,sell
13526,2026-03-04 08:00:00,0.95,0.8,sell
13527,2026-03-04 12:00:00,0.95,0.8,sell
13528,2026-03-04 16:00:00,0.9,0.85,sell
13529,2026-03-04 20:00:00,0.9,0.8,sell
13530,2026-03-05 00:00:00,0.95,0.95,sell
13531,2026-03-05 04:00:00,0.95,0.9,sell
13532,2026-03-05 08:00:00,0.9,0.85,sell
13533,2026-03-05 12:00:00,0.9,0.8,sell
13534,2026-03-05 16:00:00,0.95,0.9,sell
13535,2026-03-05 20:00:00,0.95,0.95,sell
13536,2026-03-06 00:00:00,1.0,0.95,sell
13537,2026-03-06 04:00:00,0.95,0.9,sell
13538,2026-03-06 08:00:00,1.0,0.95,sell
13539,2026-03-06 12:00:00,0.95,0.9,sell
13540,2026-03-06 16:00:00,0.95,0.9,sell
13541,2026-03-06 20:00:00,0.95,0.8,buy
13554,2026-03-09 00:00:00,0.9,0.8,sell
13555,2026-03-09 04:00:00,0.9,0.85,sell
13556,2026-03-09 08:00:00,0.95,0.9,sell
13557,2026-03-09 12:00:00,0.95,0.9,sell
13558,2026-03-09 16:00:00,0.95,0.9,sell
13559,2026-03-09 20:00:00,1.0,0.95,sell
13560,2026-03-10 00:00:00,0.95,0.9,sell
13561,2026-03-10 04:00:00,0.95,0.9,sell
13562,2026-03-10 08:00:00,0.95,0.9,sell
13563,2026-03-10 12:00:00,0.95,0.9,sell
13564,2026-03-10 16:00:00,0.95,0.85,sell
13565,2026-03-10 20:00:00,0.9,0.85,sell
13566,2026-03-11 00:00:00,0.9,0.85,sell
13567,2026-03-11 04:00:00,0.9,0.85,sell
13568,2026-03-11 08:00:00,0.9,0.85,sell
13569,2026-03-11 12:00:00,0.9,0.85,sell
13570,2026-03-11 16:00:00,0.95,0.9,sell
13571,2026-03-11 20:00:00,0.95,0.9,sell
13572,2026-03-12 00:00:00,0.95,0.9,sell
13573,2026-03-12 04:00:00,0.95,0.9,sell
13574,2026-03-12 08:00:00,0.95,0.9,sell
13575,2026-03-12 12:00:00,0.95,0.9,sell
13576,2026-03-12 16:00:00,0.95,0.9,sell
13577,2026-03-12 20:00:00,0.95,0.9,sell
13578,2026-03-13 00:00:00,0.95,0.9,sell
13579,2026-03-13 04:00:00,0.95,0.9,sell
13580,2026-03-13 08:00:00,0.95,0.9,sell
13581,2026-03-13 12:00:00,0.9,0.85,sell
13582,2026-03-13 16:00:00,0.9,0.8,sell
13583,2026-03-13 20:00:00,0.9,0.75,sell
13596,2026-03-16 00:00:00,0.9,0.85,sell
13597,2026-03-16 04:00:00,0.9,0.9,sell
13598,2026-03-16 08:00:00,0.9,0.85,sell
13599,2026-03-16 12:00:00,0.95,0.9,sell
13600,2026-03-16 16:00:00,0.95,0.9,sell
13601,2026-03-16 20:00:00,0.95,0.85,sell
13602,2026-03-17 00:00:00,0.9,0.85,sell
13603,2026-03-17 04:00:00,0.9,0.8,sell
13604,2026-03-17 08:00:00,1.0,0.9,sell
13605,2026-03-17 12:00:00,0.9,0.85,sell
13606,2026-03-17 16:00:00,0.9,0.8,sell
13607,2026-03-17 20:00:00,0.9,0.85,sell
13608,2026-03-18 00:00:00,0.9,0.85,sell
13609,2026-03-18 04:00:00,0.9,0.85,sell
13610,2026-03-18 08:00:00,1.0,0.9,sell
13611,2026-03-18 12:00:00,0.95,0.9,sell
13612,2026-03-18 16:00:00,0.95,0.9,sell
13613,2026-03-18 20:00:00,0.95,0.95,sell
13614,2026-03-19 00:00:00,1.0,0.95,sell
13615,2026-03-19 04:00:00,0.95,0.9,sell
13616,2026-03-19 08:00:00,0.95,0.9,sell
13617,2026-03-19 12:00:00,0.95,0.9,sell
13618,2026-03-19 16:00:00,0.95,0.95,sell
13619,2026-03-19 20:00:00,0.9,0.8,sell
13620,2026-03-20 00:00:00,0.9,0.8,buy
13621,2026-03-20 04:00:00,0.9,0.8,buy
13622,2026-03-20 08:00:00,0.9,0.8,buy
13623,2026-03-20 12:00:00,0.9,0.75,buy
13624,2026-03-20 16:00:00,0.9,0.8,buy
13625,2026-03-20 20:00:00,0.9,0.85,sell
13638,2026-03-23 00:00:00,0.9,0.8,sell
13639,2026-03-23 04:00:00,0.9,0.85,sell
13640,2026-03-23 08:00:00,0.9,0.8,sell
13641,2026-03-23 12:00:00,0.9,0.8,sell
13642,2026-03-23 16:00:00,0.9,0.8,sell
13643,2026-03-23 20:00:00,0.9,0.8,sell
13644,2026-03-24 00:00:00,0.85,0.75,sell
13645,2026-03-24 04:00:00,0.9,0.8,sell
13646,2026-03-24 08:00:00,0.9,0.8,sell
13647,2026-03-24 12:00:00,0.8,0.75,sell
13648,2026-03-24 16:00:00,0.85,0.75,sell
13649,2026-03-24 20:00:00,0.9,0.8,sell
13650,2026-03-25 00:00:00,0.9,0.8,sell
13651,2026-03-25 04:00:00,0.9,0.8,sell
13652,2026-03-25 08:00:00,0.9,0.85,sell
13653,2026-03-25 12:00:00,0.9,0.85,sell
13654,2026-03-25 16:00:00,0.9,0.8,sell
13655,2026-03-25 20:00:00,0.9,0.85,sell
13656,2026-03-26 00:00:00,0.95,0.9,sell
13657,2026-03-26 04:00:00,0.9,0.85,sell
13658,2026-03-26 08:00:00,0.9,0.8,sell
13659,2026-03-26 12:00:00,0.9,0.8,sell
13660,2026-03-26 16:00:00,0.9,0.85,sell
13661,2026-03-26 20:00:00,0.9,0.9,sell
13662,2026-03-27 00:00:00,0.95,0.9,sell
13663,2026-03-27 04:00:00,0.9,0.85,sell
13664,2026-03-27 08:00:00,0.9,0.85,sell
13665,2026-03-27 12:00:00,0.9,0.8,sell
13666,2026-03-27 16:00:00,0.85,0.75,buy
13667,2026-03-27 20:00:00,0.85,0.8,sell
13680,2026-03-30 00:00:00,0.3,0.8,hold
13681,2026-03-30 04:00:00,0.3,0.7,hold
13682,2026-03-30 08:00:00,0.8,0.75,sell
13683,2026-03-30 12:00:00,0.9,0.75,buy
13684,2026-03-30 16:00:00,0.9,0.8,buy
13685,2026-03-30 20:00:00,0.9,0.75,buy
13686,2026-03-31 00:00:00,0.9,0.75,buy
13687,2026-03-31 04:00:00,0.9,0.75,buy
13688,2026-03-31 08:00:00,0.9,0.75,buy
13689,2026-03-31 12:00:00,0.9,0.75,sell
13690,2026-03-31 16:00:00,0.9,0.85,sell
13691,2026-03-31 20:00:00,0.9,0.8,buy
13692,2026-04-01 00:00:00,0.9,0.82,buy
13693,2026-04-01 04:00:00,0.9,0.8,buy
13694,2026-04-01 08:00:00,0.9,0.8,buy
13695,2026-04-01 12:00:00,0.9,0.85,buy
13696,2026-04-01 16:00:00,0.95,0.9,sell
13697,2026-04-01 20:00:00,0.95,0.9,sell
13698,2026-04-02 00:00:00,0.95,0.9,sell
13699,2026-04-02 04:00:00,0.95,0.9,sell
13700,2026-04-02 08:00:00,0.95,0.9,sell
13701,2026-04-02 12:00:00,0.95,0.9,sell
13702,2026-04-02 16:00:00,0.9,0.85,sell
13703,2026-04-02 20:00:00,0.9,0.85,sell
13704,2026-04-03 00:00:00,0.9,0.85,sell
13705,2026-04-03 04:00:00,0.9,0.85,sell
13706,2026-04-03 08:00:00,0.9,0.85,sell
13707,2026-04-03 12:00:00,0.9,0.85,sell
13708,2026-04-03 16:00:00,0.95,0.9,sell
13709,2026-04-03 20:00:00,0.9,0.85,sell
13722,2026-04-06 00:00:00,0.4,0.8,hold
13723,2026-04-06 04:00:00,0.9,0.8,sell
13724,2026-04-06 08:00:00,0.85,0.8,sell
13725,2026-04-06 12:00:00,0.9,0.8,sell
13726,2026-04-06 16:00:00,0.9,0.8,sell
13727,2026-04-06 20:00:00,0.85,0.75,buy
13728,2026-04-07 00:00:00,0.9,0.85,sell
13729,2026-04-07 04:00:00,0.9,0.85,sell
13730,2026-04-07 08:00:00,0.9,0.8,sell
13731,2026-04-07 12:00:00,0.9,0.8,sell
13732,2026-04-07 16:00:00,0.9,0.85,sell
13733,2026-04-07 20:00:00,0.9,0.85,sell
13734,2026-04-08 00:00:00,0.95,0.9,sell
13735,2026-04-08 04:00:00,0.9,0.85,sell
13736,2026-04-08 08:00:00,0.85,0.8,sell
13737,2026-04-08 12:00:00,0.9,0.75,buy
13738,2026-04-08 16:00:00,0.9,0.8,buy
13739,2026-04-08 20:00:00,0.9,0.75,sell
13740,2026-04-09 00:00:00,0.9,0.8,buy
13741,2026-04-09 04:00:00,0.85,0.75,buy
13742,2026-04-09 08:00:00,0.9,0.85,sell
13743,2026-04-09 12:00:00,0.9,0.85,sell
13744,2026-04-09 16:00:00,0.9,0.75,buy
13745,2026-04-09 20:00:00,0.9,0.7,sell
13746,2026-04-10 00:00:00,0.85,0.75,sell
13747,2026-04-10 04:00:00,0.9,0.75,buy
13748,2026-04-10 08:00:00,0.9,0.75,sell
13749,2026-04-10 12:00:00,0.85,0.75,sell
13750,2026-04-10 16:00:00,1.0,0.95,sell
13751,2026-04-10 20:00:00,0.95,0.9,sell
13764,2026-04-13 00:00:00,0.2,0.5,hold
13765,2026-04-13 04:00:00,0.85,0.8,sell
13766,2026-04-13 08:00:00,0.8,0.75,sell
13767,2026-04-13 12:00:00,0.9,0.9,sell
13768,2026-04-13 16:00:00,0.95,0.9,sell
13769,2026-04-13 20:00:00,0.9,0.8,sell
13770,2026-04-14 00:00:00,0.9,0.85,sell
13771,2026-04-14 04:00:00,0.9,0.8,sell
13772,2026-04-14 08:00:00,0.95,0.85,sell
13773,2026-04-14 12:00:00,0.85,0.7,buy
13774,2026-04-14 16:00:00,0.9,0.8,buy
13775,2026-04-14 20:00:00,0.9,0.8,buy
13776,2026-04-15 00:00:00,0.9,0.85,buy
13777,2026-04-15 04:00:00,0.9,0.85,buy
13778,2026-04-15 08:00:00,0.9,0.8,buy
13779,2026-04-15 12:00:00,0.9,0.75,buy
13780,2026-04-15 16:00:00,0.9,0.85,sell
13781,2026-04-15 20:00:00,0.9,0.85,sell
13782,2026-04-16 00:00:00,0.95,0.9,sell
13783,2026-04-16 04:00:00,0.9,0.85,sell
13784,2026-04-16 08:00:00,0.9,0.85,sell
13785,2026-04-16 12:00:00,0.9,0.75,buy
13786,2026-04-16 16:00:00,0.9,0.75,buy
13787,2026-04-16 20:00:00,0.9,0.75,sell
13788,2026-04-17 00:00:00,0.9,0.75,sell
13789,2026-04-17 04:00:00,0.9,0.75,buy
13790,2026-04-17 08:00:00,0.9,0.75,buy
13791,2026-04-17 12:00:00,0.9,0.8,sell
13792,2026-04-17 16:00:00,0.9,0.75,sell
13793,2026-04-17 20:00:00,0.85,0.75,buy
13806,2026-04-20 00:00:00,0.75,0.65,sell
13807,2026-04-20 04:00:00,0.9,0.8,sell
13808,2026-04-20 08:00:00,0.8,0.75,sell
13809,2026-04-20 12:00:00,0.9,0.85,sell
13810,2026-04-20 16:00:00,0.9,0.8,sell
13811,2026-04-20 20:00:00,0.9,0.8,buy
13812,2026-04-21 00:00:00,0.85,0.7,buy
13813,2026-04-21 04:00:00,0.9,0.8,sell
13814,2026-04-21 08:00:00,0.85,0.75,buy
13815,2026-04-21 12:00:00,0.9,0.8,sell
13816,2026-04-21 16:00:00,0.9,0.85,sell
13817,2026-04-21 20:00:00,0.9,0.85,sell
13818,2026-04-22 00:00:00,0.9,0.85,sell
13819,2026-04-22 04:00:00,0.9,0.8,sell
13820,2026-04-22 08:00:00,0.9,0.8,sell
13821,2026-04-22 12:00:00,0.9,0.8,sell
13822,2026-04-22 16:00:00,0.85,0.75,sell
13823,2026-04-22 20:00:00,0.9,0.8,sell
13824,2026-04-23 00:00:00,0.9,0.85,sell
13825,2026-04-23 04:00:00,0.9,0.85,sell
13826,2026-04-23 08:00:00,0.9,0.85,sell
13827,2026-04-23 12:00:00,0.9,0.85,sell
13828,2026-04-23 16:00:00,0.9,0.8,sell
13829,2026-04-23 20:00:00,0.9,0.8,sell
13830,2026-04-24 00:00:00,0.85,0.8,sell
13831,2026-04-24 04:00:00,0.8,0.65,buy
13832,2026-04-24 08:00:00,0.85,0.75,buy
13833,2026-04-24 12:00:00,0.85,0.75,buy
13834,2026-04-24 16:00:00,0.7,0.65,buy
13835,2026-04-24 20:00:00,0.8,0.75,sell
13848,2026-04-27 00:00:00,0.8,0.75,sell
13849,2026-04-27 04:00:00,0.8,0.75,sell
13850,2026-04-27 08:00:00,0.9,0.8,sell
13851,2026-04-27 12:00:00,0.9,0.85,sell
13852,2026-04-27 16:00:00,0.9,0.8,sell
13853,2026-04-27 20:00:00,0.9,0.85,sell
13854,2026-04-28 00:00:00,0.9,0.8,sell
13855,2026-04-28 04:00:00,0.85,0.75,sell
13856,2026-04-28 08:00:00,0.8,0.75,sell
13857,2026-04-28 12:00:00,0.8,0.7,sell
13858,2026-04-28 16:00:00,0.85,0.75,sell
13859,2026-04-28 20:00:00,0.9,0.75,buy
13860,2026-04-29 00:00:00,0.85,0.75,buy
13861,2026-04-29 04:00:00,0.9,0.75,buy
13862,2026-04-29 08:00:00,0.9,0.75,buy
13863,2026-04-29 12:00:00,0.9,0.8,buy
13864,2026-04-29 16:00:00,0.95,0.9,buy
13865,2026-04-29 20:00:00,0.9,0.8,buy
13866,2026-04-30 00:00:00,0.9,0.85,buy
13867,2026-04-30 04:00:00,0.9,0.85,buy
13868,2026-04-30 08:00:00,0.9,0.75,buy
13869,2026-04-30 12:00:00,0.9,0.75,sell
13870,2026-04-30 16:00:00,0.95,0.9,sell
13871,2026-04-30 20:00:00,0.95,0.9,sell
13872,2026-05-01 00:00:00,0.95,0.9,sell
13873,2026-05-01 04:00:00,0.95,0.9,sell
13874,2026-05-01 08:00:00,0.95,0.9,sell
13875,2026-05-01 12:00:00,0.95,0.9,sell
13876,2026-05-01 16:00:00,0.9,0.75,buy
13877,2026-05-01 20:00:00,0.95,0.9,sell
13890,2026-05-04 00:00:00,0.8,0.7,sell
13891,2026-05-04 04:00:00,0.8,0.7,sell
13892,2026-05-04 08:00:00,0.8,0.75,sell
13893,2026-05-04 12:00:00,0.8,0.7,buy
13894,2026-05-04 16:00:00,0.85,0.7,buy
13895,2026-05-04 20:00:00,0.85,0.75,buy
13896,2026-05-05 00:00:00,0.8,0.65,buy
13897,2026-05-05 04:00:00,0.85,0.7,buy
13898,2026-05-05 08:00:00,0.85,0.75,sell
13899,2026-05-05 12:00:00,0.85,0.75,sell
13900,2026-05-05 16:00:00,0.8,0.7,buy
13901,2026-05-05 20:00:00,0.85,0.75,sell
13902,2026-05-06 00:00:00,0.9,0.8,sell
13903,2026-05-06 04:00:00,0.9,0.7,buy
13904,2026-05-06 08:00:00,0.85,0.7,buy
13905,2026-05-06 12:00:00,0.85,0.75,sell
13906,2026-05-06 16:00:00,0.9,0.8,buy
13907,2026-05-06 20:00:00,0.85,0.7,buy
13908,2026-05-07 00:00:00,0.8,0.75,buy
13909,2026-05-07 04:00:00,0.75,0.65,buy
13910,2026-05-07 08:00:00,0.85,0.75,sell
13911,2026-05-07 12:00:00,0.8,0.75,buy
13912,2026-05-07 16:00:00,0.85,0.75,buy
13913,2026-05-07 20:00:00,0.9,0.75,sell
13914,2026-05-08 00:00:00,0.95,0.9,sell
13915,2026-05-08 04:00:00,0.9,0.8,sell
13916,2026-05-08 08:00:00,0.9,0.85,sell
13917,2026-05-08 12:00:00,0.9,0.9,sell
13918,2026-05-08 16:00:00,0.9,0.85,sell
13919,2026-05-08 20:00:00,0.9,0.85,sell
13932,2026-05-11 00:00:00,0.85,0.75,sell
13933,2026-05-11 04:00:00,0.8,0.75,sell
13934,2026-05-11 08:00:00,0.8,0.75,sell
13935,2026-05-11 12:00:00,0.8,0.75,sell
13936,2026-05-11 16:00:00,0.8,0.75,sell
13937,2026-05-11 20:00:00,0.9,0.8,sell
13938,2026-05-12 00:00:00,0.9,0.85,sell
13939,2026-05-12 04:00:00,0.9,0.85,sell
13940,2026-05-12 08:00:00,0.9,0.8,sell
13941,2026-05-12 12:00:00,0.9,0.85,sell
13942,2026-05-12 16:00:00,0.9,0.85,sell
13943,2026-05-12 20:00:00,0.95,0.9,sell
13944,2026-05-13 00:00:00,0.95,0.9,sell
13945,2026-05-13 04:00:00,0.95,0.9,sell
13946,2026-05-13 08:00:00,0.95,0.9,sell
13947,2026-05-13 12:00:00,0.9,0.85,sell
13948,2026-05-13 16:00:00,0.95,0.9,sell
13949,2026-05-13 20:00:00,0.95,0.9,sell
13950,2026-05-14 00:00:00,0.95,0.9,sell
13951,2026-05-14 04:00:00,0.95,0.9,sell
13952,2026-05-14 08:00:00,0.95,0.9,sell
13953,2026-05-14 12:00:00,0.95,0.9,sell
13954,2026-05-14 16:00:00,0.9,0.85,buy
13955,2026-05-14 20:00:00,0.9,0.85,buy
13956,2026-05-15 00:00:00,0.9,0.85,buy
13957,2026-05-15 04:00:00,0.9,0.85,buy
13958,2026-05-15 08:00:00,0.9,0.85,buy
13959,2026-05-15 12:00:00,0.9,0.85,buy
13960,2026-05-15 16:00:00,0.9,0.85,sell
13961,2026-05-15 20:00:00,0.9,0.85,sell
13974,2026-05-18 00:00:00,0.8,0.65,sell
13975,2026-05-18 04:00:00,0.85,0.75,sell
13976,2026-05-18 08:00:00,0.9,0.85,sell
13977,2026-05-18 12:00:00,0.9,0.8,sell
13978,2026-05-18 16:00:00,0.9,0.85,sell
13979,2026-05-18 20:00:00,0.9,0.85,sell
13980,2026-05-19 00:00:00,0.9,0.8,sell
13981,2026-05-19 04:00:00,0.9,0.8,sell
13982,2026-05-19 08:00:00,0.9,0.8,sell
13983,2026-05-19 12:00:00,0.9,0.85,sell
13984,2026-05-19 16:00:00,0.9,0.8,sell
13985,2026-05-19 20:00:00,0.9,0.85,sell
13986,2026-05-20 00:00:00,0.85,0.8,sell
13987,2026-05-20 04:00:00,0.9,0.85,sell
13988,2026-05-20 08:00:00,0.9,0.8,sell
13989,2026-05-20 12:00:00,0.9,0.85,buy
13990,2026-05-20 16:00:00,0.9,0.85,buy
13991,2026-05-20 20:00:00,0.95,0.9,buy
13992,2026-05-21 00:00:00,0.9,0.8,buy
13993,2026-05-21 04:00:00,0.9,0.75,buy
13994,2026-05-21 08:00:00,0.9,0.75,buy
13995,2026-05-21 12:00:00,0.9,0.8,sell
13996,2026-05-21 16:00:00,0.85,0.75,buy
13997,2026-05-21 20:00:00,0.9,0.8,buy
13998,2026-05-22 00:00:00,0.9,0.75,buy
13999,2026-05-22 04:00:00,0.85,0.75,buy
14000,2026-05-22 08:00:00,0.9,0.75,buy
14001,2026-05-22 12:00:00,0.85,0.75,buy
14002,2026-05-22 16:00:00,0.7,0.65,sell
14003,2026-05-22 20:00:00,0.8,0.7,buy
14016,2026-05-25 00:00:00,0.85,0.8,sell
14017,2026-05-25 04:00:00,0.95,0.9,sell
14018,2026-05-25 08:00:00,0.9,0.85,sell
14019,2026-05-25 12:00:00,0.9,0.85,sell
14020,2026-05-25 16:00:00,0.85,0.75,buy
14021,2026-05-25 20:00:00,0.8,0.75,buy
14022,2026-05-26 00:00:00,0.8,0.7,buy
14023,2026-05-26 04:00:00,0.8,0.7,buy
14024,2026-05-26 08:00:00,0.8,0.7,buy
14025,2026-05-26 12:00:00,0.8,0.75,buy
14026,2026-05-26 16:00:00,0.5,0.6,sell
14027,2026-05-26 20:00:00,0.9,0.8,buy
14028,2026-05-27 00:00:00,0.9,0.75,buy
14029,2026-05-27 04:00:00,0.9,0.8,buy
14030,2026-05-27 08:00:00,0.9,0.75,buy
14031,2026-05-27 12:00:00,0.85,0.75,buy
14032,2026-05-27 16:00:00,0.85,0.75,buy
14033,2026-05-27 20:00:00,0.9,0.85,sell
14034,2026-05-28 00:00:00,0.85,0.8,sell
14035,2026-05-28 04:00:00,0.9,0.85,sell
14036,2026-05-28 08:00:00,0.95,0.9,sell
14037,2026-05-28 12:00:00,0.95,0.9,sell
14038,2026-05-28 16:00:00,0.9,0.75,sell
14039,2026-05-28 20:00:00,0.9,0.8,sell
14040,2026-05-29 00:00:00,0.9,0.8,sell
14041,2026-05-29 04:00:00,0.9,0.8,sell
14042,2026-05-29 08:00:00,0.9,0.8,sell
14043,2026-05-29 12:00:00,0.9,0.8,sell
14044,2026-05-29 16:00:00,0.85,0.75,sell
14045,2026-05-29 20:00:00,0.9,0.85,sell
14058,2026-06-01 00:00:00,0.85,0.75,sell
14059,2026-06-01 04:00:00,0.8,0.75,sell
14060,2026-06-01 08:00:00,0.75,0.65,sell
14061,2026-06-01 12:00:00,0.8,0.75,buy
14062,2026-06-01 16:00:00,0.8,0.65,buy
14063,2026-06-01 20:00:00,0.95,0.9,sell
14064,2026-06-02 00:00:00,0.95,0.9,sell
