Date,Signal_Date,Prob_Up,Best_Delta,Signal,Direction_Correct,Actual_Dir,Pred_Dir
2020-01-02 04:00:00,2019-12-31 20:00:00,0.5111,0.04,HOLD,,0,-1
2020-01-02 08:00:00,2020-01-02 04:00:00,0.512,0.04,HOLD,,0,-1
2020-01-02 12:00:00,2020-01-02 08:00:00,0.513,0.04,HOLD,,0,-1
2020-01-02 16:00:00,2020-01-02 12:00:00,0.5136,0.04,HOLD,,1,-1
2020-01-02 20:00:00,2020-01-02 16:00:00,0.5126,0.04,HOLD,,0,-1
2020-01-03 00:00:00,2020-01-02 20:00:00,0.5128,0.04,HOLD,,0,-1
2020-01-03 04:00:00,2020-01-03 00:00:00,0.5121,0.04,HOLD,,0,-1
2020-01-03 08:00:00,2020-01-03 04:00:00,0.5156,0.04,HOLD,,1,-1
2020-01-03 12:00:00,2020-01-03 08:00:00,0.5165,0.04,HOLD,,1,-1
2020-01-03 16:00:00,2020-01-03 12:00:00,0.5188,0.04,HOLD,,1,-1
2020-01-03 20:00:00,2020-01-03 16:00:00,0.5209,0.04,HOLD,,1,-1
2020-01-06 00:00:00,2020-01-03 20:00:00,0.522,0.04,HOLD,,1,-1
2020-01-06 04:00:00,2020-01-06 00:00:00,0.5238,0.04,HOLD,,1,-1
2020-01-06 08:00:00,2020-01-06 04:00:00,0.5266,0.04,HOLD,,0,-1
2020-01-06 12:00:00,2020-01-06 08:00:00,0.5263,0.04,HOLD,,0,-1
2020-01-06 16:00:00,2020-01-06 12:00:00,0.5297,0.04,HOLD,,0,-1
2020-01-06 20:00:00,2020-01-06 16:00:00,0.5334,0.04,HOLD,,0,-1
2020-01-07 00:00:00,2020-01-06 20:00:00,0.5385,0.04,HOLD,,0,-1
2020-01-07 04:00:00,2020-01-07 00:00:00,0.5445,0.04,BUY,False,0,1
2020-01-07 08:00:00,2020-01-07 04:00:00,0.5481,0.04,BUY,False,0,1
2020-01-07 12:00:00,2020-01-07 08:00:00,0.5493,0.04,BUY,False,0,1
2020-01-07 16:00:00,2020-01-07 12:00:00,0.5543,0.04,BUY,False,0,1
2020-01-07 20:00:00,2020-01-07 16:00:00,0.5543,0.04,BUY,False,0,1
2020-01-08 00:00:00,2020-01-07 20:00:00,0.5528,0.04,BUY,False,0,1
2020-01-08 04:00:00,2020-01-08 00:00:00,0.556,0.04,BUY,False,0,1
2020-01-08 08:00:00,2020-01-08 04:00:00,0.5572,0.04,BUY,False,0,1
2020-01-08 12:00:00,2020-01-08 08:00:00,0.5579,0.04,BUY,False,0,1
2020-01-08 16:00:00,2020-01-08 12:00:00,0.5583,0.04,BUY,False,0,1
2020-01-08 20:00:00,2020-01-08 16:00:00,0.5594,0.04,BUY,False,0,1
2020-01-09 00:00:00,2020-01-08 20:00:00,0.5634,0.04,BUY,False,0,1
2020-01-09 04:00:00,2020-01-09 00:00:00,0.5654,0.04,BUY,False,0,1
2020-01-09 08:00:00,2020-01-09 04:00:00,0.5642,0.04,BUY,False,0,1
2020-01-09 12:00:00,2020-01-09 08:00:00,0.5621,0.04,BUY,False,0,1
2020-01-09 16:00:00,2020-01-09 12:00:00,0.5644,0.04,BUY,True,1,1
2020-01-09 20:00:00,2020-01-09 16:00:00,0.5629,0.04,BUY,True,1,1
2020-01-10 00:00:00,2020-01-09 20:00:00,0.5619,0.04,BUY,True,1,1
2020-01-10 04:00:00,2020-01-10 00:00:00,0.5585,0.04,BUY,True,1,1
2020-01-10 08:00:00,2020-01-10 04:00:00,0.5592,0.04,BUY,True,1,1
2020-01-10 12:00:00,2020-01-10 08:00:00,0.56,0.04,BUY,True,1,1
2020-01-10 16:00:00,2020-01-10 12:00:00,0.5584,0.04,BUY,True,1,1
2020-01-10 20:00:00,2020-01-10 16:00:00,0.5537,0.04,BUY,True,1,1
2020-01-13 00:00:00,2020-01-10 20:00:00,0.5581,0.04,BUY,True,1,1
2020-01-13 04:00:00,2020-01-13 00:00:00,0.5604,0.04,BUY,True,1,1
2020-01-13 08:00:00,2020-01-13 04:00:00,0.5596,0.04,BUY,True,1,1
2020-01-13 12:00:00,2020-01-13 08:00:00,0.5601,0.04,BUY,False,0,1
2020-01-13 16:00:00,2020-01-13 12:00:00,0.5624,0.04,BUY,False,0,1
2020-01-13 20:00:00,2020-01-13 16:00:00,0.5671,0.04,BUY,False,0,1
2020-01-14 00:00:00,2020-01-13 20:00:00,0.5652,0.04,BUY,False,0,1
2020-01-14 04:00:00,2020-01-14 00:00:00,0.5637,0.04,BUY,False,0,1
2020-01-14 08:00:00,2020-01-14 04:00:00,0.5626,0.04,BUY,False,0,1
2020-01-14 12:00:00,2020-01-14 08:00:00,0.5614,0.04,BUY,True,1,1
2020-01-14 16:00:00,2020-01-14 12:00:00,0.5595,0.04,BUY,True,1,1
2020-01-14 20:00:00,2020-01-14 16:00:00,0.5572,0.04,BUY,True,1,1
2020-01-15 00:00:00,2020-01-14 20:00:00,0.5521,0.04,BUY,True,1,1
2020-01-15 04:00:00,2020-01-15 00:00:00,0.5519,0.04,BUY,True,1,1
2020-01-15 08:00:00,2020-01-15 04:00:00,0.5545,0.04,BUY,True,1,1
2020-01-15 12:00:00,2020-01-15 08:00:00,0.5547,0.04,BUY,True,1,1
2020-01-15 16:00:00,2020-01-15 12:00:00,0.5525,0.04,BUY,False,0,1
2020-01-15 20:00:00,2020-01-15 16:00:00,0.5492,0.04,BUY,False,0,1
2020-01-16 00:00:00,2020-01-15 20:00:00,0.5473,0.04,BUY,False,0,1
2020-01-16 04:00:00,2020-01-16 00:00:00,0.5455,0.04,BUY,False,0,1
2020-01-16 08:00:00,2020-01-16 04:00:00,0.5465,0.04,BUY,False,0,1
2020-01-16 12:00:00,2020-01-16 08:00:00,0.547,0.04,BUY,False,0,1
2020-01-16 16:00:00,2020-01-16 12:00:00,0.547,0.04,BUY,False,0,1
2020-01-16 20:00:00,2020-01-16 16:00:00,0.5467,0.04,BUY,False,0,1
2020-01-17 00:00:00,2020-01-16 20:00:00,0.5459,0.04,BUY,False,0,1
2020-01-17 04:00:00,2020-01-17 00:00:00,0.5463,0.04,BUY,False,0,1
2020-01-17 08:00:00,2020-01-17 04:00:00,0.5463,0.04,BUY,False,0,1
2020-01-17 12:00:00,2020-01-17 08:00:00,0.5476,0.04,BUY,False,0,1
2020-01-17 16:00:00,2020-01-17 12:00:00,0.5472,0.04,BUY,False,0,1
2020-01-17 20:00:00,2020-01-17 16:00:00,0.5465,0.04,BUY,True,1,1
2020-01-20 00:00:00,2020-01-17 20:00:00,0.5499,0.04,BUY,False,0,1
2020-01-20 04:00:00,2020-01-20 00:00:00,0.5528,0.04,BUY,False,0,1
2020-01-20 08:00:00,2020-01-20 04:00:00,0.5522,0.04,BUY,True,1,1
2020-01-20 12:00:00,2020-01-20 08:00:00,0.5556,0.04,BUY,True,1,1
2020-01-20 16:00:00,2020-01-20 12:00:00,0.5574,0.04,BUY,True,1,1
2020-01-20 20:00:00,2020-01-20 16:00:00,0.557,0.04,BUY,False,0,1
2020-01-21 00:00:00,2020-01-20 20:00:00,0.5605,0.04,BUY,False,0,1
2020-01-21 04:00:00,2020-01-21 00:00:00,0.5632,0.04,BUY,False,0,1
2020-01-21 08:00:00,2020-01-21 04:00:00,0.5622,0.04,BUY,True,1,1
2020-01-21 12:00:00,2020-01-21 08:00:00,0.5607,0.04,BUY,False,0,1
2020-01-21 16:00:00,2020-01-21 12:00:00,0.5606,0.04,BUY,False,0,1
2020-01-21 20:00:00,2020-01-21 16:00:00,0.5562,0.04,BUY,True,1,1
2020-01-22 00:00:00,2020-01-21 20:00:00,0.554,0.04,BUY,True,1,1
2020-01-22 04:00:00,2020-01-22 00:00:00,0.5556,0.04,BUY,False,0,1
2020-01-22 08:00:00,2020-01-22 04:00:00,0.5528,0.04,BUY,False,0,1
2020-01-22 12:00:00,2020-01-22 08:00:00,0.5518,0.04,BUY,False,0,1
2020-01-22 16:00:00,2020-01-22 12:00:00,0.5493,0.04,BUY,False,0,1
2020-01-22 20:00:00,2020-01-22 16:00:00,0.5506,0.04,BUY,False,0,1
2020-01-23 00:00:00,2020-01-22 20:00:00,0.5534,0.04,BUY,False,0,1
2020-01-23 04:00:00,2020-01-23 00:00:00,0.5533,0.04,BUY,False,0,1
2020-01-23 08:00:00,2020-01-23 04:00:00,0.5525,0.04,BUY,False,0,1
2020-01-23 12:00:00,2020-01-23 08:00:00,0.5522,0.04,BUY,False,0,1
2020-01-23 16:00:00,2020-01-23 12:00:00,0.5521,0.04,BUY,False,0,1
2020-01-23 20:00:00,2020-01-23 16:00:00,0.5536,0.04,BUY,False,0,1
2020-01-24 00:00:00,2020-01-23 20:00:00,0.5508,0.04,BUY,False,0,1
2020-01-24 04:00:00,2020-01-24 00:00:00,0.5482,0.04,BUY,False,0,1
2020-01-24 08:00:00,2020-01-24 04:00:00,0.5487,0.04,BUY,False,0,1
2020-01-24 12:00:00,2020-01-24 08:00:00,0.549,0.04,BUY,False,0,1
2020-01-24 16:00:00,2020-01-24 12:00:00,0.5494,0.04,BUY,False,0,1
2020-01-24 20:00:00,2020-01-24 16:00:00,0.5467,0.04,BUY,False,0,1
2020-01-27 00:00:00,2020-01-24 20:00:00,0.5441,0.04,BUY,False,0,1
2020-01-27 04:00:00,2020-01-27 00:00:00,0.5458,0.04,BUY,False,0,1
2020-01-27 08:00:00,2020-01-27 04:00:00,0.5487,0.04,BUY,False,0,1
2020-01-27 12:00:00,2020-01-27 08:00:00,0.5513,0.04,BUY,False,0,1
2020-01-27 16:00:00,2020-01-27 12:00:00,0.553,0.04,BUY,False,0,1
2020-01-27 20:00:00,2020-01-27 16:00:00,0.5536,0.04,BUY,True,1,1
2020-01-28 00:00:00,2020-01-27 20:00:00,0.5542,0.04,BUY,False,0,1
2020-01-28 04:00:00,2020-01-28 00:00:00,0.5585,0.04,BUY,False,0,1
2020-01-28 08:00:00,2020-01-28 04:00:00,0.5622,0.04,BUY,False,0,1
2020-01-28 12:00:00,2020-01-28 08:00:00,0.5657,0.04,BUY,False,0,1
2020-01-28 16:00:00,2020-01-28 12:00:00,0.5673,0.04,BUY,False,0,1
2020-01-28 20:00:00,2020-01-28 16:00:00,0.5721,0.04,BUY,False,0,1
2020-01-29 00:00:00,2020-01-28 20:00:00,0.5738,0.04,BUY,False,0,1
2020-01-29 04:00:00,2020-01-29 00:00:00,0.5723,0.04,BUY,False,0,1
2020-01-29 08:00:00,2020-01-29 04:00:00,0.5723,0.04,BUY,True,1,1
2020-01-29 12:00:00,2020-01-29 08:00:00,0.5729,0.04,BUY,True,1,1
2020-01-29 16:00:00,2020-01-29 12:00:00,0.5746,0.04,BUY,True,1,1
2020-01-29 20:00:00,2020-01-29 16:00:00,0.5756,0.04,BUY,True,1,1
2020-01-30 00:00:00,2020-01-29 20:00:00,0.5754,0.04,BUY,True,1,1
2020-01-30 04:00:00,2020-01-30 00:00:00,0.5766,0.04,BUY,True,1,1
2020-01-30 08:00:00,2020-01-30 04:00:00,0.5764,0.04,BUY,True,1,1
2020-01-30 12:00:00,2020-01-30 08:00:00,0.5756,0.04,BUY,True,1,1
2020-01-30 16:00:00,2020-01-30 12:00:00,0.5754,0.04,BUY,True,1,1
2020-01-30 20:00:00,2020-01-30 16:00:00,0.5769,0.04,BUY,True,1,1
2020-01-31 00:00:00,2020-01-30 20:00:00,0.5716,0.04,BUY,True,1,1
2020-01-31 04:00:00,2020-01-31 00:00:00,0.5675,0.04,BUY,True,1,1
2020-01-31 08:00:00,2020-01-31 04:00:00,0.5665,0.04,BUY,True,1,1
2020-01-31 12:00:00,2020-01-31 08:00:00,0.5643,0.04,BUY,True,1,1
2020-01-31 16:00:00,2020-01-31 12:00:00,0.5634,0.04,BUY,False,0,1
2020-01-31 20:00:00,2020-01-31 16:00:00,0.5579,0.04,BUY,False,0,1
2020-02-03 00:00:00,2020-01-31 20:00:00,0.5546,0.04,BUY,False,0,1
2020-02-03 04:00:00,2020-02-03 00:00:00,0.5524,0.04,BUY,False,0,1
2020-02-03 08:00:00,2020-02-03 04:00:00,0.5504,0.04,BUY,False,0,1
2020-02-03 12:00:00,2020-02-03 08:00:00,0.5482,0.04,BUY,False,0,1
2020-02-03 16:00:00,2020-02-03 12:00:00,0.546,0.04,BUY,False,0,1
2020-02-03 20:00:00,2020-02-03 16:00:00,0.5442,0.04,BUY,False,0,1
2020-02-04 00:00:00,2020-02-03 20:00:00,0.542,0.04,BUY,False,0,1
2020-02-04 04:00:00,2020-02-04 00:00:00,0.5387,0.04,HOLD,,0,-1
2020-02-04 08:00:00,2020-02-04 04:00:00,0.5378,0.04,HOLD,,0,-1
2020-02-04 12:00:00,2020-02-04 08:00:00,0.5356,0.04,HOLD,,0,-1
2020-02-04 16:00:00,2020-02-04 12:00:00,0.5334,0.04,HOLD,,0,-1
2020-02-04 20:00:00,2020-02-04 16:00:00,0.5304,0.04,HOLD,,0,-1
2020-02-05 00:00:00,2020-02-04 20:00:00,0.5256,0.04,HOLD,,0,-1
2020-02-05 04:00:00,2020-02-05 00:00:00,0.5271,0.04,HOLD,,0,-1
2020-02-05 08:00:00,2020-02-05 04:00:00,0.5283,0.04,HOLD,,0,-1
2020-02-05 12:00:00,2020-02-05 08:00:00,0.5242,0.04,HOLD,,0,-1
2020-02-05 16:00:00,2020-02-05 12:00:00,0.521,0.04,HOLD,,0,-1
2020-02-05 20:00:00,2020-02-05 16:00:00,0.5186,0.04,HOLD,,0,-1
2020-02-06 00:00:00,2020-02-05 20:00:00,0.5188,0.04,HOLD,,0,-1
2020-02-06 04:00:00,2020-02-06 00:00:00,0.5208,0.04,HOLD,,0,-1
2020-02-06 08:00:00,2020-02-06 04:00:00,0.5219,0.04,HOLD,,0,-1
2020-02-06 12:00:00,2020-02-06 08:00:00,0.523,0.04,HOLD,,0,-1
2020-02-06 16:00:00,2020-02-06 12:00:00,0.5227,0.04,HOLD,,0,-1
2020-02-06 20:00:00,2020-02-06 16:00:00,0.5239,0.04,HOLD,,0,-1
2020-02-07 00:00:00,2020-02-06 20:00:00,0.525,0.04,HOLD,,0,-1
2020-02-07 04:00:00,2020-02-07 00:00:00,0.5266,0.04,HOLD,,0,-1
2020-02-07 08:00:00,2020-02-07 04:00:00,0.5259,0.04,HOLD,,0,-1
2020-02-07 12:00:00,2020-02-07 08:00:00,0.5261,0.04,HOLD,,0,-1
2020-02-07 16:00:00,2020-02-07 12:00:00,0.5263,0.04,HOLD,,0,-1
2020-02-07 20:00:00,2020-02-07 16:00:00,0.5298,0.04,HOLD,,0,-1
2020-02-10 00:00:00,2020-02-07 20:00:00,0.5363,0.04,HOLD,,0,-1
2020-02-10 04:00:00,2020-02-10 00:00:00,0.5407,0.04,BUY,False,0,1
2020-02-10 08:00:00,2020-02-10 04:00:00,0.5415,0.04,BUY,False,0,1
2020-02-10 12:00:00,2020-02-10 08:00:00,0.5413,0.04,BUY,False,0,1
2020-02-10 16:00:00,2020-02-10 12:00:00,0.5414,0.04,BUY,True,1,1
2020-02-10 20:00:00,2020-02-10 16:00:00,0.5412,0.04,BUY,True,1,1
2020-02-11 00:00:00,2020-02-10 20:00:00,0.5405,0.04,BUY,True,1,1
2020-02-11 04:00:00,2020-02-11 00:00:00,0.5434,0.04,BUY,False,0,1
2020-02-11 08:00:00,2020-02-11 04:00:00,0.5461,0.04,BUY,True,1,1
2020-02-11 12:00:00,2020-02-11 08:00:00,0.5487,0.04,BUY,True,1,1
2020-02-11 16:00:00,2020-02-11 12:00:00,0.5509,0.04,BUY,False,0,1
2020-02-11 20:00:00,2020-02-11 16:00:00,0.5522,0.04,BUY,False,0,1
2020-02-12 00:00:00,2020-02-11 20:00:00,0.5526,0.04,BUY,False,0,1
2020-02-12 04:00:00,2020-02-12 00:00:00,0.5549,0.04,BUY,False,0,1
2020-02-12 08:00:00,2020-02-12 04:00:00,0.5581,0.04,BUY,False,0,1
2020-02-12 12:00:00,2020-02-12 08:00:00,0.5593,0.04,BUY,False,0,1
2020-02-12 16:00:00,2020-02-12 12:00:00,0.5614,0.04,BUY,False,0,1
2020-02-12 20:00:00,2020-02-12 16:00:00,0.5613,0.04,BUY,False,0,1
2020-02-13 00:00:00,2020-02-12 20:00:00,0.562,0.04,BUY,False,0,1
2020-02-13 04:00:00,2020-02-13 00:00:00,0.5626,0.04,BUY,False,0,1
2020-02-13 08:00:00,2020-02-13 04:00:00,0.5636,0.04,BUY,False,0,1
2020-02-13 12:00:00,2020-02-13 08:00:00,0.565,0.04,BUY,True,1,1
2020-02-13 16:00:00,2020-02-13 12:00:00,0.5692,0.04,BUY,True,1,1
2020-02-13 20:00:00,2020-02-13 16:00:00,0.5721,0.04,BUY,False,0,1
2020-02-14 00:00:00,2020-02-13 20:00:00,0.571,0.04,BUY,True,1,1
2020-02-14 04:00:00,2020-02-14 00:00:00,0.5697,0.04,BUY,True,1,1
2020-02-14 08:00:00,2020-02-14 04:00:00,0.57,0.04,BUY,False,0,1
2020-02-14 12:00:00,2020-02-14 08:00:00,0.5717,0.04,BUY,False,0,1
2020-02-14 16:00:00,2020-02-14 12:00:00,0.5703,0.04,BUY,False,0,1
2020-02-14 20:00:00,2020-02-14 16:00:00,0.5682,0.04,BUY,True,1,1
2020-02-17 00:00:00,2020-02-14 20:00:00,0.5692,0.04,BUY,False,0,1
2020-02-17 04:00:00,2020-02-17 00:00:00,0.5679,0.04,BUY,False,0,1
2020-02-17 08:00:00,2020-02-17 04:00:00,0.5694,0.04,BUY,False,0,1
2020-02-17 12:00:00,2020-02-17 08:00:00,0.5718,0.04,BUY,False,0,1
2020-02-17 16:00:00,2020-02-17 12:00:00,0.5716,0.04,BUY,False,0,1
2020-02-17 20:00:00,2020-02-17 16:00:00,0.5698,0.04,BUY,False,0,1
2020-02-18 00:00:00,2020-02-17 20:00:00,0.5662,0.04,BUY,False,0,1
2020-02-18 04:00:00,2020-02-18 00:00:00,0.5636,0.04,BUY,False,0,1
2020-02-18 08:00:00,2020-02-18 04:00:00,0.5635,0.04,BUY,False,0,1
2020-02-18 12:00:00,2020-02-18 08:00:00,0.563,0.04,BUY,False,0,1
2020-02-18 16:00:00,2020-02-18 12:00:00,0.5616,0.04,BUY,False,0,1
2020-02-18 20:00:00,2020-02-18 16:00:00,0.56,0.04,BUY,True,1,1
2020-02-19 00:00:00,2020-02-18 20:00:00,0.5617,0.04,BUY,False,0,1
2020-02-19 04:00:00,2020-02-19 00:00:00,0.564,0.04,BUY,True,1,1
2020-02-19 08:00:00,2020-02-19 04:00:00,0.5636,0.04,BUY,False,0,1
2020-02-19 12:00:00,2020-02-19 08:00:00,0.5637,0.04,BUY,True,1,1
2020-02-19 16:00:00,2020-02-19 12:00:00,0.5639,0.04,BUY,True,1,1
2020-02-19 20:00:00,2020-02-19 16:00:00,0.5641,0.04,BUY,False,0,1
2020-02-20 00:00:00,2020-02-19 20:00:00,0.5607,0.04,BUY,False,0,1
2020-02-20 04:00:00,2020-02-20 00:00:00,0.5566,0.04,BUY,False,0,1
2020-02-20 08:00:00,2020-02-20 04:00:00,0.5571,0.04,BUY,True,1,1
2020-02-20 12:00:00,2020-02-20 08:00:00,0.5561,0.04,BUY,True,1,1
2020-02-20 16:00:00,2020-02-20 12:00:00,0.5594,0.04,BUY,True,1,1
2020-02-20 20:00:00,2020-02-20 16:00:00,0.5588,0.04,BUY,True,1,1
2020-02-21 00:00:00,2020-02-20 20:00:00,0.5549,0.04,BUY,True,1,1
2020-02-21 04:00:00,2020-02-21 00:00:00,0.5537,0.04,BUY,True,1,1
2020-02-21 08:00:00,2020-02-21 04:00:00,0.5525,0.04,BUY,True,1,1
2020-02-21 12:00:00,2020-02-21 08:00:00,0.5511,0.04,BUY,True,1,1
2020-02-21 16:00:00,2020-02-21 12:00:00,0.5533,0.04,BUY,True,1,1
2020-02-21 20:00:00,2020-02-21 16:00:00,0.5551,0.04,BUY,True,1,1
2020-02-24 00:00:00,2020-02-21 20:00:00,0.5555,0.04,BUY,True,1,1
2020-02-24 04:00:00,2020-02-24 00:00:00,0.5539,0.04,BUY,True,1,1
2020-02-24 08:00:00,2020-02-24 04:00:00,0.5545,0.04,BUY,True,1,1
2020-02-24 12:00:00,2020-02-24 08:00:00,0.5559,0.04,BUY,True,1,1
2020-02-24 16:00:00,2020-02-24 12:00:00,0.5577,0.04,BUY,True,1,1
2020-02-24 20:00:00,2020-02-24 16:00:00,0.5582,0.04,BUY,True,1,1
2020-02-25 00:00:00,2020-02-24 20:00:00,0.5578,0.04,BUY,True,1,1
2020-02-25 04:00:00,2020-02-25 00:00:00,0.5576,0.04,BUY,True,1,1
2020-02-25 08:00:00,2020-02-25 04:00:00,0.5568,0.04,BUY,True,1,1
2020-02-25 12:00:00,2020-02-25 08:00:00,0.5558,0.04,BUY,True,1,1
2020-02-25 16:00:00,2020-02-25 12:00:00,0.5569,0.04,BUY,False,0,1
2020-02-25 20:00:00,2020-02-25 16:00:00,0.5534,0.04,BUY,True,1,1
2020-02-26 00:00:00,2020-02-25 20:00:00,0.5502,0.04,BUY,True,1,1
2020-02-26 04:00:00,2020-02-26 00:00:00,0.5489,0.04,BUY,True,1,1
2020-02-26 08:00:00,2020-02-26 04:00:00,0.5484,0.04,BUY,True,1,1
2020-02-26 12:00:00,2020-02-26 08:00:00,0.5488,0.04,BUY,True,1,1
2020-02-26 16:00:00,2020-02-26 12:00:00,0.5487,0.04,BUY,True,1,1
2020-02-26 20:00:00,2020-02-26 16:00:00,0.5473,0.04,BUY,True,1,1
2020-02-27 00:00:00,2020-02-26 20:00:00,0.544,0.04,BUY,True,1,1
2020-02-27 04:00:00,2020-02-27 00:00:00,0.5454,0.04,BUY,True,1,1
2020-02-27 08:00:00,2020-02-27 04:00:00,0.5462,0.04,BUY,True,1,1
2020-02-27 12:00:00,2020-02-27 08:00:00,0.5427,0.04,BUY,True,1,1
2020-02-27 16:00:00,2020-02-27 12:00:00,0.5386,0.04,HOLD,,1,-1
2020-02-27 20:00:00,2020-02-27 16:00:00,0.5352,0.04,HOLD,,1,-1
2020-02-28 00:00:00,2020-02-27 20:00:00,0.5332,0.04,HOLD,,1,-1
2020-02-28 04:00:00,2020-02-28 00:00:00,0.5284,0.04,HOLD,,1,-1
2020-02-28 08:00:00,2020-02-28 04:00:00,0.5256,0.04,HOLD,,1,-1
2020-02-28 12:00:00,2020-02-28 08:00:00,0.5217,0.04,HOLD,,1,-1
2020-02-28 16:00:00,2020-02-28 12:00:00,0.5219,0.04,HOLD,,1,-1
2020-02-28 20:00:00,2020-02-28 16:00:00,0.5186,0.04,HOLD,,1,-1
2020-03-02 00:00:00,2020-02-28 20:00:00,0.5218,0.04,HOLD,,1,-1
2020-03-02 04:00:00,2020-03-02 00:00:00,0.5255,0.04,HOLD,,1,-1
2020-03-02 08:00:00,2020-03-02 04:00:00,0.5165,0.04,HOLD,,1,-1
2020-03-02 12:00:00,2020-03-02 08:00:00,0.5144,0.04,HOLD,,0,-1
2020-03-02 16:00:00,2020-03-02 12:00:00,0.5117,0.04,HOLD,,0,-1
2020-03-02 20:00:00,2020-03-02 16:00:00,0.5091,0.04,HOLD,,1,-1
2020-03-03 00:00:00,2020-03-02 20:00:00,0.5113,0.04,HOLD,,1,-1
2020-03-03 04:00:00,2020-03-03 00:00:00,0.5123,0.04,HOLD,,1,-1
2020-03-03 08:00:00,2020-03-03 04:00:00,0.5067,0.04,HOLD,,1,-1
2020-03-03 12:00:00,2020-03-03 08:00:00,0.5058,0.04,HOLD,,1,-1
2020-03-03 16:00:00,2020-03-03 12:00:00,0.504,0.04,HOLD,,0,-1
2020-03-03 20:00:00,2020-03-03 16:00:00,0.4985,0.04,HOLD,,0,-1
2020-03-04 00:00:00,2020-03-03 20:00:00,0.4994,0.04,HOLD,,0,-1
2020-03-04 04:00:00,2020-03-04 00:00:00,0.5017,0.04,HOLD,,0,-1
2020-03-04 08:00:00,2020-03-04 04:00:00,0.4976,0.04,HOLD,,1,-1
2020-03-04 12:00:00,2020-03-04 08:00:00,0.4927,0.04,HOLD,,1,-1
2020-03-04 16:00:00,2020-03-04 12:00:00,0.4933,0.04,HOLD,,1,-1
2020-03-04 20:00:00,2020-03-04 16:00:00,0.4929,0.04,HOLD,,1,-1
2020-03-05 00:00:00,2020-03-04 20:00:00,0.4902,0.04,HOLD,,1,-1
2020-03-05 04:00:00,2020-03-05 00:00:00,0.4928,0.04,HOLD,,1,-1
2020-03-05 08:00:00,2020-03-05 04:00:00,0.4954,0.04,HOLD,,1,-1
2020-03-05 12:00:00,2020-03-05 08:00:00,0.4998,0.04,HOLD,,1,-1
2020-03-05 16:00:00,2020-03-05 12:00:00,0.5035,0.04,HOLD,,1,-1
2020-03-05 20:00:00,2020-03-05 16:00:00,0.5097,0.04,HOLD,,1,-1
2020-03-06 00:00:00,2020-03-05 20:00:00,0.5146,0.04,HOLD,,1,-1
2020-03-06 04:00:00,2020-03-06 00:00:00,0.5158,0.04,HOLD,,1,-1
2020-03-06 08:00:00,2020-03-06 04:00:00,0.5165,0.04,HOLD,,1,-1
2020-03-06 12:00:00,2020-03-06 08:00:00,0.5143,0.04,HOLD,,1,-1
2020-03-06 16:00:00,2020-03-06 12:00:00,0.5183,0.04,HOLD,,1,-1
2020-03-06 20:00:00,2020-03-06 16:00:00,0.5149,0.04,HOLD,,1,-1
2020-03-09 00:00:00,2020-03-06 20:00:00,0.5049,0.04,HOLD,,0,-1
2020-03-09 04:00:00,2020-03-09 00:00:00,0.5075,0.04,HOLD,,0,-1
2020-03-09 08:00:00,2020-03-09 04:00:00,0.5116,0.04,HOLD,,0,-1
2020-03-09 12:00:00,2020-03-09 08:00:00,0.5094,0.04,HOLD,,0,-1
2020-03-09 16:00:00,2020-03-09 12:00:00,0.5087,0.04,HOLD,,0,-1
2020-03-09 20:00:00,2020-03-09 16:00:00,0.5141,0.04,HOLD,,0,-1
2020-03-10 00:00:00,2020-03-09 20:00:00,0.5178,0.04,HOLD,,0,-1
2020-03-10 04:00:00,2020-03-10 00:00:00,0.5166,0.04,HOLD,,1,-1
2020-03-10 08:00:00,2020-03-10 04:00:00,0.5083,0.04,HOLD,,0,-1
2020-03-10 12:00:00,2020-03-10 08:00:00,0.5086,0.04,HOLD,,0,-1
2020-03-10 16:00:00,2020-03-10 12:00:00,0.5054,0.04,HOLD,,0,-1
2020-03-10 20:00:00,2020-03-10 16:00:00,0.5014,0.04,HOLD,,0,-1
2020-03-11 00:00:00,2020-03-10 20:00:00,0.5072,0.04,HOLD,,0,-1
2020-03-11 04:00:00,2020-03-11 00:00:00,0.5123,0.04,HOLD,,0,-1
2020-03-11 08:00:00,2020-03-11 04:00:00,0.5122,0.04,HOLD,,0,-1
2020-03-11 12:00:00,2020-03-11 08:00:00,0.5107,0.04,HOLD,,0,-1
2020-03-11 16:00:00,2020-03-11 12:00:00,0.5108,0.04,HOLD,,0,-1
2020-03-11 20:00:00,2020-03-11 16:00:00,0.5064,0.04,HOLD,,0,-1
2020-03-12 00:00:00,2020-03-11 20:00:00,0.5019,0.04,HOLD,,0,-1
2020-03-12 04:00:00,2020-03-12 00:00:00,0.5046,0.04,HOLD,,0,-1
2020-03-12 08:00:00,2020-03-12 04:00:00,0.5053,0.04,HOLD,,0,-1
2020-03-12 12:00:00,2020-03-12 08:00:00,0.5064,0.04,HOLD,,0,-1
2020-03-12 16:00:00,2020-03-12 12:00:00,0.5093,0.04,HOLD,,0,-1
2020-03-12 20:00:00,2020-03-12 16:00:00,0.5152,0.04,HOLD,,0,-1
2020-03-13 00:00:00,2020-03-12 20:00:00,0.519,0.04,HOLD,,0,-1
2020-03-13 04:00:00,2020-03-13 00:00:00,0.5243,0.04,HOLD,,0,-1
2020-03-13 08:00:00,2020-03-13 04:00:00,0.5259,0.04,HOLD,,1,-1
2020-03-13 12:00:00,2020-03-13 08:00:00,0.5288,0.04,HOLD,,1,-1
2020-03-13 16:00:00,2020-03-13 12:00:00,0.5342,0.04,HOLD,,1,-1
2020-03-13 20:00:00,2020-03-13 16:00:00,0.5449,0.04,BUY,True,1,1
2020-03-16 00:00:00,2020-03-13 20:00:00,0.5483,0.04,BUY,True,1,1
2020-03-16 04:00:00,2020-03-16 00:00:00,0.548,0.04,BUY,True,1,1
2020-03-16 08:00:00,2020-03-16 04:00:00,0.5631,0.04,BUY,False,0,1
2020-03-16 12:00:00,2020-03-16 08:00:00,0.5677,0.04,BUY,False,0,1
2020-03-16 16:00:00,2020-03-16 12:00:00,0.567,0.04,BUY,False,0,1
2020-03-16 20:00:00,2020-03-16 16:00:00,0.5697,0.04,BUY,False,0,1
2020-03-17 00:00:00,2020-03-16 20:00:00,0.5753,0.04,BUY,False,0,1
2020-03-17 04:00:00,2020-03-17 00:00:00,0.5783,0.04,BUY,False,0,1
2020-03-17 08:00:00,2020-03-17 04:00:00,0.5738,0.04,BUY,False,0,1
2020-03-17 12:00:00,2020-03-17 08:00:00,0.5685,0.04,BUY,False,0,1
2020-03-17 16:00:00,2020-03-17 12:00:00,0.5669,0.04,BUY,False,0,1
2020-03-17 20:00:00,2020-03-17 16:00:00,0.5699,0.04,BUY,False,0,1
2020-03-18 00:00:00,2020-03-17 20:00:00,0.5706,0.04,BUY,False,0,1
2020-03-18 04:00:00,2020-03-18 00:00:00,0.5646,0.04,BUY,False,0,1
2020-03-18 08:00:00,2020-03-18 04:00:00,0.5677,0.04,BUY,False,0,1
2020-03-18 12:00:00,2020-03-18 08:00:00,0.5752,0.04,BUY,False,0,1
2020-03-18 16:00:00,2020-03-18 12:00:00,0.5802,0.04,BUY,False,0,1
2020-03-18 20:00:00,2020-03-18 16:00:00,0.5825,0.04,BUY,False,0,1
2020-03-19 00:00:00,2020-03-18 20:00:00,0.5846,0.04,BUY,False,0,1
2020-03-19 04:00:00,2020-03-19 00:00:00,0.5799,0.04,BUY,False,0,1
2020-03-19 08:00:00,2020-03-19 04:00:00,0.5861,0.04,BUY,False,0,1
2020-03-19 12:00:00,2020-03-19 08:00:00,0.5914,0.04,BUY,False,0,1
2020-03-19 16:00:00,2020-03-19 12:00:00,0.5901,0.04,BUY,False,0,1
2020-03-19 20:00:00,2020-03-19 16:00:00,0.5878,0.04,BUY,True,1,1
2020-03-20 00:00:00,2020-03-19 20:00:00,0.5825,0.04,BUY,False,0,1
2020-03-20 04:00:00,2020-03-20 00:00:00,0.5857,0.04,BUY,False,0,1
2020-03-20 08:00:00,2020-03-20 04:00:00,0.585,0.04,BUY,False,0,1
2020-03-20 12:00:00,2020-03-20 08:00:00,0.5914,0.04,BUY,True,1,1
2020-03-20 16:00:00,2020-03-20 12:00:00,0.5928,0.04,BUY,True,1,1
2020-03-20 20:00:00,2020-03-20 16:00:00,0.5885,0.04,BUY,True,1,1
2020-03-23 00:00:00,2020-03-20 20:00:00,0.5832,0.04,BUY,True,1,1
2020-03-23 04:00:00,2020-03-23 00:00:00,0.5821,0.04,BUY,True,1,1
2020-03-23 08:00:00,2020-03-23 04:00:00,0.5904,0.04,BUY,True,1,1
2020-03-23 12:00:00,2020-03-23 08:00:00,0.5841,0.04,BUY,True,1,1
2020-03-23 16:00:00,2020-03-23 12:00:00,0.5932,0.04,BUY,True,1,1
2020-03-23 20:00:00,2020-03-23 16:00:00,0.5933,0.04,BUY,True,1,1
2020-03-24 00:00:00,2020-03-23 20:00:00,0.5879,0.04,BUY,True,1,1
2020-03-24 04:00:00,2020-03-24 00:00:00,0.5908,0.04,BUY,True,1,1
2020-03-24 08:00:00,2020-03-24 04:00:00,0.5901,0.04,BUY,False,0,1
2020-03-24 12:00:00,2020-03-24 08:00:00,0.5889,0.04,BUY,False,0,1
2020-03-24 16:00:00,2020-03-24 12:00:00,0.5828,0.04,BUY,True,1,1
2020-03-24 20:00:00,2020-03-24 16:00:00,0.5707,0.04,BUY,True,1,1
2020-03-25 00:00:00,2020-03-24 20:00:00,0.56,0.04,BUY,True,1,1
2020-03-25 04:00:00,2020-03-25 00:00:00,0.5597,0.04,BUY,True,1,1
2020-03-25 08:00:00,2020-03-25 04:00:00,0.5589,0.04,BUY,True,1,1
2020-03-25 12:00:00,2020-03-25 08:00:00,0.5606,0.04,BUY,True,1,1
2020-03-25 16:00:00,2020-03-25 12:00:00,0.5579,0.04,BUY,True,1,1
2020-03-25 20:00:00,2020-03-25 16:00:00,0.5502,0.04,BUY,True,1,1
2020-03-26 00:00:00,2020-03-25 20:00:00,0.5381,0.04,HOLD,,1,-1
2020-03-26 04:00:00,2020-03-26 00:00:00,0.5355,0.04,HOLD,,1,-1
2020-03-26 08:00:00,2020-03-26 04:00:00,0.5389,0.04,HOLD,,1,-1
2020-03-26 12:00:00,2020-03-26 08:00:00,0.5316,0.04,HOLD,,1,-1
2020-03-26 16:00:00,2020-03-26 12:00:00,0.5272,0.04,HOLD,,1,-1
2020-03-26 20:00:00,2020-03-26 16:00:00,0.5133,0.04,HOLD,,1,-1
2020-03-27 00:00:00,2020-03-26 20:00:00,0.5035,0.04,HOLD,,1,-1
2020-03-27 04:00:00,2020-03-27 00:00:00,0.4888,0.04,HOLD,,1,-1
2020-03-27 08:00:00,2020-03-27 04:00:00,0.4889,0.04,HOLD,,1,-1
2020-03-27 12:00:00,2020-03-27 08:00:00,0.4925,0.04,HOLD,,1,-1
2020-03-27 16:00:00,2020-03-27 12:00:00,0.4933,0.04,HOLD,,0,-1
2020-03-27 20:00:00,2020-03-27 16:00:00,0.4833,0.04,HOLD,,0,-1
2020-03-30 00:00:00,2020-03-27 20:00:00,0.4765,0.04,HOLD,,0,-1
2020-03-30 04:00:00,2020-03-30 00:00:00,0.469,0.04,HOLD,,0,-1
2020-03-30 08:00:00,2020-03-30 04:00:00,0.4683,0.04,HOLD,,0,-1
2020-03-30 12:00:00,2020-03-30 08:00:00,0.4735,0.04,HOLD,,0,-1
2020-03-30 16:00:00,2020-03-30 12:00:00,0.4721,0.04,HOLD,,0,-1
2020-03-30 20:00:00,2020-03-30 16:00:00,0.4759,0.04,HOLD,,0,-1
2020-03-31 00:00:00,2020-03-30 20:00:00,0.4816,0.04,HOLD,,1,-1
2020-03-31 04:00:00,2020-03-31 00:00:00,0.4753,0.04,HOLD,,1,-1
2020-03-31 08:00:00,2020-03-31 04:00:00,0.4821,0.04,HOLD,,0,-1
2020-03-31 12:00:00,2020-03-31 08:00:00,0.4882,0.04,HOLD,,0,-1
2020-03-31 16:00:00,2020-03-31 12:00:00,0.4965,0.04,HOLD,,0,-1
2020-03-31 20:00:00,2020-03-31 16:00:00,0.5018,0.04,HOLD,,0,-1
2020-04-01 00:00:00,2020-03-31 20:00:00,0.4966,0.04,HOLD,,0,-1
2020-04-01 04:00:00,2020-04-01 00:00:00,0.4941,0.04,HOLD,,0,-1
2020-04-01 08:00:00,2020-04-01 04:00:00,0.4983,0.04,HOLD,,0,-1
2020-04-01 12:00:00,2020-04-01 08:00:00,0.5017,0.04,HOLD,,0,-1
2020-04-01 16:00:00,2020-04-01 12:00:00,0.506,0.04,HOLD,,0,-1
2020-04-01 20:00:00,2020-04-01 16:00:00,0.5091,0.04,HOLD,,0,-1
2020-04-02 00:00:00,2020-04-01 20:00:00,0.5126,0.04,HOLD,,0,-1
2020-04-02 04:00:00,2020-04-02 00:00:00,0.5212,0.04,HOLD,,0,-1
2020-04-02 08:00:00,2020-04-02 04:00:00,0.5272,0.04,HOLD,,0,-1
2020-04-02 12:00:00,2020-04-02 08:00:00,0.5288,0.04,HOLD,,0,-1
2020-04-02 16:00:00,2020-04-02 12:00:00,0.5344,0.04,HOLD,,0,-1
2020-04-02 20:00:00,2020-04-02 16:00:00,0.5419,0.04,BUY,False,0,1
2020-04-03 00:00:00,2020-04-02 20:00:00,0.5506,0.04,BUY,False,0,1
2020-04-03 04:00:00,2020-04-03 00:00:00,0.5584,0.04,BUY,False,0,1
2020-04-03 08:00:00,2020-04-03 04:00:00,0.5606,0.04,BUY,False,0,1
2020-04-03 12:00:00,2020-04-03 08:00:00,0.5678,0.04,BUY,True,1,1
2020-04-03 16:00:00,2020-04-03 12:00:00,0.5703,0.04,BUY,True,1,1
2020-04-03 20:00:00,2020-04-03 16:00:00,0.5654,0.04,BUY,False,0,1
2020-04-06 00:00:00,2020-04-03 20:00:00,0.5759,0.04,BUY,False,0,1
2020-04-06 04:00:00,2020-04-06 00:00:00,0.5877,0.04,BUY,True,1,1
2020-04-06 08:00:00,2020-04-06 04:00:00,0.5881,0.04,BUY,True,1,1
2020-04-06 12:00:00,2020-04-06 08:00:00,0.5865,0.04,BUY,True,1,1
2020-04-06 16:00:00,2020-04-06 12:00:00,0.5866,0.04,BUY,True,1,1
2020-04-06 20:00:00,2020-04-06 16:00:00,0.5846,0.04,BUY,True,1,1
2020-04-07 00:00:00,2020-04-06 20:00:00,0.5797,0.04,BUY,True,1,1
2020-04-07 04:00:00,2020-04-07 00:00:00,0.5824,0.04,BUY,True,1,1
2020-04-07 08:00:00,2020-04-07 04:00:00,0.5818,0.04,BUY,False,0,1
2020-04-07 12:00:00,2020-04-07 08:00:00,0.5801,0.04,BUY,False,0,1
2020-04-07 16:00:00,2020-04-07 12:00:00,0.5789,0.04,BUY,False,0,1
2020-04-07 20:00:00,2020-04-07 16:00:00,0.5716,0.04,BUY,False,0,1
2020-04-08 00:00:00,2020-04-07 20:00:00,0.5724,0.04,BUY,True,1,1
2020-04-08 04:00:00,2020-04-08 00:00:00,0.5757,0.04,BUY,False,0,1
2020-04-08 08:00:00,2020-04-08 04:00:00,0.5777,0.04,BUY,True,1,1
2020-04-08 12:00:00,2020-04-08 08:00:00,0.5761,0.04,BUY,True,1,1
2020-04-08 16:00:00,2020-04-08 12:00:00,0.5713,0.04,BUY,True,1,1
2020-04-08 20:00:00,2020-04-08 16:00:00,0.5622,0.04,BUY,True,1,1
2020-04-09 00:00:00,2020-04-08 20:00:00,0.5584,0.04,BUY,True,1,1
2020-04-09 04:00:00,2020-04-09 00:00:00,0.5597,0.04,BUY,True,1,1
2020-04-09 08:00:00,2020-04-09 04:00:00,0.5613,0.04,BUY,True,1,1
2020-04-09 12:00:00,2020-04-09 08:00:00,0.558,0.04,BUY,True,1,1
2020-04-09 16:00:00,2020-04-09 12:00:00,0.5566,0.04,BUY,True,1,1
2020-04-09 20:00:00,2020-04-09 16:00:00,0.5491,0.04,BUY,True,1,1
2020-04-10 00:00:00,2020-04-09 20:00:00,0.5402,0.04,BUY,True,1,1
2020-04-10 04:00:00,2020-04-10 00:00:00,0.5336,0.04,HOLD,,0,-1
2020-04-10 08:00:00,2020-04-10 04:00:00,0.5321,0.04,HOLD,,0,-1
2020-04-10 12:00:00,2020-04-10 08:00:00,0.5295,0.04,HOLD,,0,-1
2020-04-10 16:00:00,2020-04-10 12:00:00,0.5241,0.04,HOLD,,0,-1
2020-04-10 20:00:00,2020-04-10 16:00:00,0.5171,0.04,HOLD,,0,-1
2020-04-13 00:00:00,2020-04-10 20:00:00,0.5146,0.04,HOLD,,0,-1
2020-04-13 04:00:00,2020-04-13 00:00:00,0.5164,0.04,HOLD,,1,-1
2020-04-13 08:00:00,2020-04-13 04:00:00,0.5169,0.04,HOLD,,0,-1
2020-04-13 12:00:00,2020-04-13 08:00:00,0.516,0.04,HOLD,,1,-1
2020-04-13 16:00:00,2020-04-13 12:00:00,0.5142,0.04,HOLD,,1,-1
2020-04-13 20:00:00,2020-04-13 16:00:00,0.5112,0.04,HOLD,,1,-1
2020-04-14 00:00:00,2020-04-13 20:00:00,0.51,0.04,HOLD,,1,-1
2020-04-14 04:00:00,2020-04-14 00:00:00,0.5096,0.04,HOLD,,1,-1
2020-04-14 08:00:00,2020-04-14 04:00:00,0.5078,0.04,HOLD,,1,-1
2020-04-14 12:00:00,2020-04-14 08:00:00,0.5109,0.04,HOLD,,0,-1
2020-04-14 16:00:00,2020-04-14 12:00:00,0.5171,0.04,HOLD,,0,-1
2020-04-14 20:00:00,2020-04-14 16:00:00,0.5232,0.04,HOLD,,0,-1
2020-04-15 00:00:00,2020-04-14 20:00:00,0.5255,0.04,HOLD,,0,-1
2020-04-15 04:00:00,2020-04-15 00:00:00,0.524,0.04,HOLD,,0,-1
2020-04-15 08:00:00,2020-04-15 04:00:00,0.5207,0.04,HOLD,,0,-1
2020-04-15 12:00:00,2020-04-15 08:00:00,0.5175,0.04,HOLD,,1,-1
2020-04-15 16:00:00,2020-04-15 12:00:00,0.5162,0.04,HOLD,,0,-1
2020-04-15 20:00:00,2020-04-15 16:00:00,0.5187,0.04,HOLD,,0,-1
2020-04-16 00:00:00,2020-04-15 20:00:00,0.5201,0.04,HOLD,,0,-1
2020-04-16 04:00:00,2020-04-16 00:00:00,0.519,0.04,HOLD,,0,-1
2020-04-16 08:00:00,2020-04-16 04:00:00,0.5209,0.04,HOLD,,0,-1
2020-04-16 12:00:00,2020-04-16 08:00:00,0.5224,0.04,HOLD,,0,-1
2020-04-16 16:00:00,2020-04-16 12:00:00,0.5222,0.04,HOLD,,1,-1
2020-04-16 20:00:00,2020-04-16 16:00:00,0.5269,0.04,HOLD,,1,-1
2020-04-17 00:00:00,2020-04-16 20:00:00,0.5359,0.04,HOLD,,0,-1
2020-04-17 04:00:00,2020-04-17 00:00:00,0.5412,0.04,BUY,True,1,1
2020-04-17 08:00:00,2020-04-17 04:00:00,0.5416,0.04,BUY,True,1,1
2020-04-17 12:00:00,2020-04-17 08:00:00,0.545,0.04,BUY,False,0,1
2020-04-17 16:00:00,2020-04-17 12:00:00,0.5486,0.04,BUY,True,1,1
2020-04-17 20:00:00,2020-04-17 16:00:00,0.5499,0.04,BUY,False,0,1
2020-04-20 00:00:00,2020-04-17 20:00:00,0.5521,0.04,BUY,False,0,1
2020-04-20 04:00:00,2020-04-20 00:00:00,0.5519,0.04,BUY,False,0,1
2020-04-20 08:00:00,2020-04-20 04:00:00,0.5522,0.04,BUY,False,0,1
2020-04-20 12:00:00,2020-04-20 08:00:00,0.5522,0.04,BUY,False,0,1
2020-04-20 16:00:00,2020-04-20 12:00:00,0.5555,0.04,BUY,False,0,1
2020-04-20 20:00:00,2020-04-20 16:00:00,0.5519,0.04,BUY,False,0,1
2020-04-21 00:00:00,2020-04-20 20:00:00,0.5489,0.04,BUY,False,0,1
2020-04-21 04:00:00,2020-04-21 00:00:00,0.5499,0.04,BUY,True,1,1
2020-04-21 08:00:00,2020-04-21 04:00:00,0.5504,0.04,BUY,True,1,1
2020-04-21 12:00:00,2020-04-21 08:00:00,0.5563,0.04,BUY,True,1,1
2020-04-21 16:00:00,2020-04-21 12:00:00,0.5585,0.04,BUY,False,0,1
2020-04-21 20:00:00,2020-04-21 16:00:00,0.5628,0.04,BUY,False,0,1
2020-04-22 00:00:00,2020-04-21 20:00:00,0.5687,0.04,BUY,False,0,1
2020-04-22 04:00:00,2020-04-22 00:00:00,0.5702,0.04,BUY,False,0,1
2020-04-22 08:00:00,2020-04-22 04:00:00,0.5724,0.04,BUY,False,0,1
2020-04-22 12:00:00,2020-04-22 08:00:00,0.5725,0.04,BUY,False,0,1
2020-04-22 16:00:00,2020-04-22 12:00:00,0.5687,0.04,BUY,False,0,1
2020-04-22 20:00:00,2020-04-22 16:00:00,0.561,0.04,BUY,False,0,1
2020-04-23 00:00:00,2020-04-22 20:00:00,0.5604,0.04,BUY,False,0,1
2020-04-23 04:00:00,2020-04-23 00:00:00,0.5672,0.04,BUY,False,0,1
2020-04-23 08:00:00,2020-04-23 04:00:00,0.5641,0.04,BUY,False,0,1
2020-04-23 12:00:00,2020-04-23 08:00:00,0.5615,0.04,BUY,True,1,1
2020-04-23 16:00:00,2020-04-23 12:00:00,0.5639,0.04,BUY,False,0,1
2020-04-23 20:00:00,2020-04-23 16:00:00,0.5635,0.04,BUY,True,1,1
2020-04-24 00:00:00,2020-04-23 20:00:00,0.5613,0.04,BUY,True,1,1
2020-04-24 04:00:00,2020-04-24 00:00:00,0.5572,0.04,BUY,True,1,1
2020-04-24 08:00:00,2020-04-24 04:00:00,0.5618,0.04,BUY,True,1,1
2020-04-24 12:00:00,2020-04-24 08:00:00,0.5681,0.04,BUY,True,1,1
2020-04-24 16:00:00,2020-04-24 12:00:00,0.5673,0.04,BUY,True,1,1
2020-04-24 20:00:00,2020-04-24 16:00:00,0.5672,0.04,BUY,True,1,1
2020-04-27 00:00:00,2020-04-24 20:00:00,0.5735,0.04,BUY,True,1,1
2020-04-27 04:00:00,2020-04-27 00:00:00,0.574,0.04,BUY,False,0,1
2020-04-27 08:00:00,2020-04-27 04:00:00,0.5717,0.04,BUY,True,1,1
2020-04-27 12:00:00,2020-04-27 08:00:00,0.5717,0.04,BUY,True,1,1
2020-04-27 16:00:00,2020-04-27 12:00:00,0.5703,0.04,BUY,True,1,1
2020-04-27 20:00:00,2020-04-27 16:00:00,0.5708,0.04,BUY,False,0,1
2020-04-28 00:00:00,2020-04-27 20:00:00,0.568,0.04,BUY,True,1,1
2020-04-28 04:00:00,2020-04-28 00:00:00,0.5665,0.04,BUY,True,1,1
2020-04-28 08:00:00,2020-04-28 04:00:00,0.5651,0.04,BUY,True,1,1
2020-04-28 12:00:00,2020-04-28 08:00:00,0.5618,0.04,BUY,False,0,1
2020-04-28 16:00:00,2020-04-28 12:00:00,0.558,0.04,BUY,True,1,1
2020-04-28 20:00:00,2020-04-28 16:00:00,0.558,0.04,BUY,True,1,1
2020-04-29 00:00:00,2020-04-28 20:00:00,0.559,0.04,BUY,True,1,1
2020-04-29 04:00:00,2020-04-29 00:00:00,0.5615,0.04,BUY,True,1,1
2020-04-29 08:00:00,2020-04-29 04:00:00,0.5613,0.04,BUY,True,1,1
2020-04-29 12:00:00,2020-04-29 08:00:00,0.5604,0.04,BUY,True,1,1
2020-04-29 16:00:00,2020-04-29 12:00:00,0.5614,0.04,BUY,True,1,1
2020-04-29 20:00:00,2020-04-29 16:00:00,0.5639,0.04,BUY,True,1,1
2020-04-30 00:00:00,2020-04-29 20:00:00,0.5595,0.04,BUY,True,1,1
2020-04-30 04:00:00,2020-04-30 00:00:00,0.5512,0.04,BUY,True,1,1
2020-04-30 08:00:00,2020-04-30 04:00:00,0.5499,0.04,BUY,True,1,1
2020-04-30 12:00:00,2020-04-30 08:00:00,0.5489,0.04,BUY,True,1,1
2020-04-30 16:00:00,2020-04-30 12:00:00,0.5486,0.04,BUY,True,1,1
2020-04-30 20:00:00,2020-04-30 16:00:00,0.5404,0.04,BUY,True,1,1
2020-05-01 00:00:00,2020-04-30 20:00:00,0.5443,0.04,BUY,True,1,1
2020-05-01 04:00:00,2020-05-01 00:00:00,0.5397,0.04,HOLD,,0,-1
2020-05-01 08:00:00,2020-05-01 04:00:00,0.5325,0.04,HOLD,,0,-1
2020-05-01 12:00:00,2020-05-01 08:00:00,0.5296,0.04,HOLD,,0,-1
2020-05-01 16:00:00,2020-05-01 12:00:00,0.5238,0.04,HOLD,,0,-1
2020-05-01 20:00:00,2020-05-01 16:00:00,0.5269,0.04,HOLD,,0,-1
2020-05-04 00:00:00,2020-05-01 20:00:00,0.5313,0.04,HOLD,,0,-1
2020-05-04 04:00:00,2020-05-04 00:00:00,0.5312,0.04,HOLD,,0,-1
2020-05-04 08:00:00,2020-05-04 04:00:00,0.5316,0.04,HOLD,,0,-1
2020-05-04 12:00:00,2020-05-04 08:00:00,0.5341,0.04,HOLD,,0,-1
2020-05-04 16:00:00,2020-05-04 12:00:00,0.5377,0.04,HOLD,,0,-1
2020-05-04 20:00:00,2020-05-04 16:00:00,0.5371,0.04,HOLD,,0,-1
2020-05-05 00:00:00,2020-05-04 20:00:00,0.5357,0.04,HOLD,,0,-1
2020-05-05 04:00:00,2020-05-05 00:00:00,0.5331,0.04,HOLD,,0,-1
2020-05-05 08:00:00,2020-05-05 04:00:00,0.5333,0.04,HOLD,,0,-1
2020-05-05 12:00:00,2020-05-05 08:00:00,0.5335,0.04,HOLD,,0,-1
2020-05-05 16:00:00,2020-05-05 12:00:00,0.5365,0.04,HOLD,,0,-1
2020-05-05 20:00:00,2020-05-05 16:00:00,0.5449,0.04,BUY,False,0,1
2020-05-06 00:00:00,2020-05-05 20:00:00,0.5441,0.04,BUY,False,0,1
2020-05-06 04:00:00,2020-05-06 00:00:00,0.5393,0.04,HOLD,,0,-1
2020-05-06 08:00:00,2020-05-06 04:00:00,0.5413,0.04,BUY,False,0,1
2020-05-06 12:00:00,2020-05-06 08:00:00,0.5467,0.04,BUY,False,0,1
2020-05-06 16:00:00,2020-05-06 12:00:00,0.5502,0.04,BUY,True,1,1
2020-05-06 20:00:00,2020-05-06 16:00:00,0.5506,0.04,BUY,True,1,1
2020-05-07 00:00:00,2020-05-06 20:00:00,0.551,0.04,BUY,True,1,1
2020-05-07 04:00:00,2020-05-07 00:00:00,0.5546,0.04,BUY,True,1,1
2020-05-07 08:00:00,2020-05-07 04:00:00,0.5563,0.04,BUY,True,1,1
2020-05-07 12:00:00,2020-05-07 08:00:00,0.5563,0.04,BUY,True,1,1
2020-05-07 16:00:00,2020-05-07 12:00:00,0.5599,0.04,BUY,True,1,1
2020-05-07 20:00:00,2020-05-07 16:00:00,0.5608,0.04,BUY,True,1,1
2020-05-08 00:00:00,2020-05-07 20:00:00,0.5659,0.04,BUY,False,0,1
2020-05-08 04:00:00,2020-05-08 00:00:00,0.5744,0.04,BUY,True,1,1
2020-05-08 08:00:00,2020-05-08 04:00:00,0.5729,0.04,BUY,False,0,1
2020-05-08 12:00:00,2020-05-08 08:00:00,0.5706,0.04,BUY,False,0,1
2020-05-08 16:00:00,2020-05-08 12:00:00,0.5737,0.04,BUY,False,0,1
2020-05-08 20:00:00,2020-05-08 16:00:00,0.5772,0.04,BUY,False,0,1
2020-05-11 00:00:00,2020-05-08 20:00:00,0.5792,0.04,BUY,False,0,1
2020-05-11 04:00:00,2020-05-11 00:00:00,0.5765,0.04,BUY,False,0,1
2020-05-11 08:00:00,2020-05-11 04:00:00,0.5709,0.04,BUY,True,1,1
2020-05-11 12:00:00,2020-05-11 08:00:00,0.5675,0.04,BUY,True,1,1
2020-05-11 16:00:00,2020-05-11 12:00:00,0.5663,0.04,BUY,True,1,1
2020-05-11 20:00:00,2020-05-11 16:00:00,0.5659,0.04,BUY,True,1,1
2020-05-12 00:00:00,2020-05-11 20:00:00,0.5625,0.04,BUY,True,1,1
2020-05-12 04:00:00,2020-05-12 00:00:00,0.5591,0.04,BUY,True,1,1
2020-05-12 08:00:00,2020-05-12 04:00:00,0.5597,0.04,BUY,True,1,1
2020-05-12 12:00:00,2020-05-12 08:00:00,0.5603,0.04,BUY,True,1,1
2020-05-12 16:00:00,2020-05-12 12:00:00,0.5573,0.04,BUY,False,0,1
2020-05-12 20:00:00,2020-05-12 16:00:00,0.5491,0.04,BUY,False,0,1
2020-05-13 00:00:00,2020-05-12 20:00:00,0.5507,0.04,BUY,False,0,1
2020-05-13 04:00:00,2020-05-13 00:00:00,0.5486,0.04,BUY,False,0,1
2020-05-13 08:00:00,2020-05-13 04:00:00,0.5472,0.04,BUY,False,0,1
2020-05-13 12:00:00,2020-05-13 08:00:00,0.5455,0.04,BUY,False,0,1
2020-05-13 16:00:00,2020-05-13 12:00:00,0.5418,0.04,BUY,False,0,1
2020-05-13 20:00:00,2020-05-13 16:00:00,0.5357,0.04,HOLD,,0,-1
2020-05-14 00:00:00,2020-05-13 20:00:00,0.5356,0.04,HOLD,,0,-1
2020-05-14 04:00:00,2020-05-14 00:00:00,0.5332,0.04,HOLD,,0,-1
2020-05-14 08:00:00,2020-05-14 04:00:00,0.5313,0.04,HOLD,,1,-1
2020-05-14 12:00:00,2020-05-14 08:00:00,0.5324,0.04,HOLD,,1,-1
2020-05-14 16:00:00,2020-05-14 12:00:00,0.5337,0.04,HOLD,,1,-1
2020-05-14 20:00:00,2020-05-14 16:00:00,0.5308,0.04,HOLD,,1,-1
2020-05-15 00:00:00,2020-05-14 20:00:00,0.5316,0.04,HOLD,,1,-1
2020-05-15 04:00:00,2020-05-15 00:00:00,0.5382,0.04,HOLD,,1,-1
2020-05-15 08:00:00,2020-05-15 04:00:00,0.542,0.04,BUY,False,0,1
2020-05-15 12:00:00,2020-05-15 08:00:00,0.5462,0.04,BUY,True,1,1
2020-05-15 16:00:00,2020-05-15 12:00:00,0.5441,0.04,BUY,True,1,1
2020-05-15 20:00:00,2020-05-15 16:00:00,0.5453,0.04,BUY,True,1,1
2020-05-18 00:00:00,2020-05-15 20:00:00,0.5474,0.04,BUY,True,1,1
2020-05-18 04:00:00,2020-05-18 00:00:00,0.5485,0.04,BUY,True,1,1
2020-05-18 08:00:00,2020-05-18 04:00:00,0.5466,0.04,BUY,True,1,1
2020-05-18 12:00:00,2020-05-18 08:00:00,0.5501,0.04,BUY,True,1,1
2020-05-18 16:00:00,2020-05-18 12:00:00,0.5476,0.04,BUY,True,1,1
2020-05-18 20:00:00,2020-05-18 16:00:00,0.5451,0.04,BUY,True,1,1
2020-05-19 00:00:00,2020-05-18 20:00:00,0.5456,0.04,BUY,True,1,1
2020-05-19 04:00:00,2020-05-19 00:00:00,0.5427,0.04,BUY,True,1,1
2020-05-19 08:00:00,2020-05-19 04:00:00,0.5397,0.04,HOLD,,0,-1
2020-05-19 12:00:00,2020-05-19 08:00:00,0.5388,0.04,HOLD,,1,-1
2020-05-19 16:00:00,2020-05-19 12:00:00,0.5412,0.04,BUY,True,1,1
2020-05-19 20:00:00,2020-05-19 16:00:00,0.5455,0.04,BUY,True,1,1
2020-05-20 00:00:00,2020-05-19 20:00:00,0.5505,0.04,BUY,True,1,1
2020-05-20 04:00:00,2020-05-20 00:00:00,0.5481,0.04,BUY,True,1,1
2020-05-20 08:00:00,2020-05-20 04:00:00,0.5472,0.04,BUY,True,1,1
2020-05-20 12:00:00,2020-05-20 08:00:00,0.5462,0.04,BUY,True,1,1
2020-05-20 16:00:00,2020-05-20 12:00:00,0.5432,0.04,BUY,False,0,1
2020-05-20 20:00:00,2020-05-20 16:00:00,0.5452,0.04,BUY,False,0,1
2020-05-21 00:00:00,2020-05-20 20:00:00,0.5438,0.04,BUY,False,0,1
2020-05-21 04:00:00,2020-05-21 00:00:00,0.5324,0.04,HOLD,,0,-1
2020-05-21 08:00:00,2020-05-21 04:00:00,0.5304,0.04,HOLD,,0,-1
2020-05-21 12:00:00,2020-05-21 08:00:00,0.5279,0.04,HOLD,,0,-1
2020-05-21 16:00:00,2020-05-21 12:00:00,0.5242,0.04,HOLD,,0,-1
2020-05-21 20:00:00,2020-05-21 16:00:00,0.5198,0.04,HOLD,,0,-1
2020-05-22 00:00:00,2020-05-21 20:00:00,0.5183,0.04,HOLD,,0,-1
2020-05-22 04:00:00,2020-05-22 00:00:00,0.5176,0.04,HOLD,,0,-1
2020-05-22 08:00:00,2020-05-22 04:00:00,0.5188,0.04,HOLD,,0,-1
2020-05-22 12:00:00,2020-05-22 08:00:00,0.5161,0.04,HOLD,,1,-1
2020-05-22 16:00:00,2020-05-22 12:00:00,0.5164,0.04,HOLD,,1,-1
2020-05-22 20:00:00,2020-05-22 16:00:00,0.5185,0.04,HOLD,,0,-1
2020-05-25 00:00:00,2020-05-22 20:00:00,0.5218,0.04,HOLD,,1,-1
2020-05-25 04:00:00,2020-05-25 00:00:00,0.5192,0.04,HOLD,,1,-1
2020-05-25 08:00:00,2020-05-25 04:00:00,0.5198,0.04,HOLD,,1,-1
2020-05-25 12:00:00,2020-05-25 08:00:00,0.5228,0.04,HOLD,,1,-1
2020-05-25 16:00:00,2020-05-25 12:00:00,0.5225,0.04,HOLD,,1,-1
2020-05-25 20:00:00,2020-05-25 16:00:00,0.5239,0.04,HOLD,,1,-1
2020-05-26 00:00:00,2020-05-25 20:00:00,0.5329,0.04,HOLD,,1,-1
2020-05-26 04:00:00,2020-05-26 00:00:00,0.5412,0.04,BUY,True,1,1
2020-05-26 08:00:00,2020-05-26 04:00:00,0.5419,0.04,BUY,False,0,1
2020-05-26 12:00:00,2020-05-26 08:00:00,0.5403,0.04,BUY,True,1,1
2020-05-26 16:00:00,2020-05-26 12:00:00,0.543,0.04,BUY,False,0,1
2020-05-26 20:00:00,2020-05-26 16:00:00,0.5474,0.04,BUY,True,1,1
2020-05-27 00:00:00,2020-05-26 20:00:00,0.5424,0.04,BUY,True,1,1
2020-05-27 04:00:00,2020-05-27 00:00:00,0.5391,0.04,HOLD,,1,-1
2020-05-27 08:00:00,2020-05-27 04:00:00,0.5369,0.04,HOLD,,1,-1
2020-05-27 12:00:00,2020-05-27 08:00:00,0.5385,0.04,HOLD,,1,-1
2020-05-27 16:00:00,2020-05-27 12:00:00,0.5386,0.04,HOLD,,1,-1
2020-05-27 20:00:00,2020-05-27 16:00:00,0.5385,0.04,HOLD,,1,-1
2020-05-28 00:00:00,2020-05-27 20:00:00,0.5423,0.04,BUY,True,1,1
2020-05-28 04:00:00,2020-05-28 00:00:00,0.5418,0.04,BUY,True,1,1
2020-05-28 08:00:00,2020-05-28 04:00:00,0.5387,0.04,HOLD,,1,-1
2020-05-28 12:00:00,2020-05-28 08:00:00,0.5346,0.04,HOLD,,1,-1
2020-05-28 16:00:00,2020-05-28 12:00:00,0.5333,0.04,HOLD,,1,-1
2020-05-28 20:00:00,2020-05-28 16:00:00,0.5353,0.04,HOLD,,1,-1
2020-05-29 00:00:00,2020-05-28 20:00:00,0.5302,0.04,HOLD,,1,-1
2020-05-29 04:00:00,2020-05-29 00:00:00,0.5231,0.04,HOLD,,1,-1
2020-05-29 08:00:00,2020-05-29 04:00:00,0.5192,0.04,HOLD,,1,-1
2020-05-29 12:00:00,2020-05-29 08:00:00,0.5152,0.04,HOLD,,0,-1
2020-05-29 16:00:00,2020-05-29 12:00:00,0.5075,0.04,HOLD,,1,-1
2020-05-29 20:00:00,2020-05-29 16:00:00,0.501,0.04,HOLD,,1,-1
2020-06-01 00:00:00,2020-05-29 20:00:00,0.4985,0.04,HOLD,,1,-1
2020-06-01 04:00:00,2020-06-01 00:00:00,0.4979,0.04,HOLD,,0,-1
2020-06-01 08:00:00,2020-06-01 04:00:00,0.4981,0.04,HOLD,,1,-1
2020-06-01 12:00:00,2020-06-01 08:00:00,0.4962,0.04,HOLD,,1,-1
2020-06-01 16:00:00,2020-06-01 12:00:00,0.4906,0.04,HOLD,,1,-1
2020-06-01 20:00:00,2020-06-01 16:00:00,0.4938,0.04,HOLD,,1,-1
2020-06-02 00:00:00,2020-06-01 20:00:00,0.494,0.04,HOLD,,1,-1
2020-06-02 04:00:00,2020-06-02 00:00:00,0.4925,0.04,HOLD,,1,-1
2020-06-02 08:00:00,2020-06-02 04:00:00,0.4939,0.04,HOLD,,1,-1
2020-06-02 12:00:00,2020-06-02 08:00:00,0.4973,0.04,HOLD,,1,-1
2020-06-02 16:00:00,2020-06-02 12:00:00,0.5013,0.04,HOLD,,1,-1
2020-06-02 20:00:00,2020-06-02 16:00:00,0.507,0.04,HOLD,,1,-1
2020-06-03 00:00:00,2020-06-02 20:00:00,0.5095,0.04,HOLD,,1,-1
2020-06-03 04:00:00,2020-06-03 00:00:00,0.5111,0.04,HOLD,,1,-1
2020-06-03 08:00:00,2020-06-03 04:00:00,0.5107,0.04,HOLD,,0,-1
2020-06-03 12:00:00,2020-06-03 08:00:00,0.5088,0.04,HOLD,,1,-1
2020-06-03 16:00:00,2020-06-03 12:00:00,0.5086,0.04,HOLD,,1,-1
2020-06-03 20:00:00,2020-06-03 16:00:00,0.5121,0.04,HOLD,,1,-1
2020-06-04 00:00:00,2020-06-03 20:00:00,0.513,0.04,HOLD,,1,-1
2020-06-04 04:00:00,2020-06-04 00:00:00,0.5117,0.04,HOLD,,1,-1
2020-06-04 08:00:00,2020-06-04 04:00:00,0.5163,0.04,HOLD,,1,-1
2020-06-04 12:00:00,2020-06-04 08:00:00,0.5187,0.04,HOLD,,1,-1
2020-06-04 16:00:00,2020-06-04 12:00:00,0.5161,0.04,HOLD,,0,-1
2020-06-04 20:00:00,2020-06-04 16:00:00,0.5156,0.04,HOLD,,0,-1
2020-06-05 00:00:00,2020-06-04 20:00:00,0.5218,0.04,HOLD,,0,-1
2020-06-05 04:00:00,2020-06-05 00:00:00,0.5257,0.04,HOLD,,0,-1
2020-06-05 08:00:00,2020-06-05 04:00:00,0.5206,0.04,HOLD,,0,-1
2020-06-05 12:00:00,2020-06-05 08:00:00,0.5216,0.04,HOLD,,0,-1
2020-06-05 16:00:00,2020-06-05 12:00:00,0.5238,0.04,HOLD,,1,-1
2020-06-05 20:00:00,2020-06-05 16:00:00,0.5274,0.04,HOLD,,1,-1
2020-06-08 00:00:00,2020-06-05 20:00:00,0.5247,0.04,HOLD,,1,-1
2020-06-08 04:00:00,2020-06-08 00:00:00,0.519,0.04,HOLD,,0,-1
2020-06-08 08:00:00,2020-06-08 04:00:00,0.5209,0.04,HOLD,,0,-1
2020-06-08 12:00:00,2020-06-08 08:00:00,0.5234,0.04,HOLD,,1,-1
2020-06-08 16:00:00,2020-06-08 12:00:00,0.5244,0.04,HOLD,,1,-1
2020-06-08 20:00:00,2020-06-08 16:00:00,0.5217,0.04,HOLD,,1,-1
2020-06-09 00:00:00,2020-06-08 20:00:00,0.5207,0.04,HOLD,,1,-1
2020-06-09 04:00:00,2020-06-09 00:00:00,0.5214,0.04,HOLD,,1,-1
2020-06-09 08:00:00,2020-06-09 04:00:00,0.5205,0.04,HOLD,,1,-1
2020-06-09 12:00:00,2020-06-09 08:00:00,0.5186,0.04,HOLD,,1,-1
2020-06-09 16:00:00,2020-06-09 12:00:00,0.5217,0.04,HOLD,,1,-1
2020-06-09 20:00:00,2020-06-09 16:00:00,0.5267,0.04,HOLD,,1,-1
2020-06-10 00:00:00,2020-06-09 20:00:00,0.5276,0.04,HOLD,,1,-1
2020-06-10 04:00:00,2020-06-10 00:00:00,0.5249,0.04,HOLD,,1,-1
2020-06-10 08:00:00,2020-06-10 04:00:00,0.5262,0.04,HOLD,,1,-1
2020-06-10 12:00:00,2020-06-10 08:00:00,0.5276,0.04,HOLD,,0,-1
2020-06-10 16:00:00,2020-06-10 12:00:00,0.5279,0.04,HOLD,,1,-1
2020-06-10 20:00:00,2020-06-10 16:00:00,0.5257,0.04,HOLD,,0,-1
2020-06-11 00:00:00,2020-06-10 20:00:00,0.5261,0.04,HOLD,,0,-1
2020-06-11 04:00:00,2020-06-11 00:00:00,0.53,0.04,HOLD,,0,-1
2020-06-11 08:00:00,2020-06-11 04:00:00,0.5244,0.04,HOLD,,0,-1
2020-06-11 12:00:00,2020-06-11 08:00:00,0.5208,0.04,HOLD,,0,-1
2020-06-11 16:00:00,2020-06-11 12:00:00,0.5169,0.04,HOLD,,0,-1
2020-06-11 20:00:00,2020-06-11 16:00:00,0.5184,0.04,HOLD,,0,-1
2020-06-12 00:00:00,2020-06-11 20:00:00,0.5263,0.04,HOLD,,0,-1
2020-06-12 04:00:00,2020-06-12 00:00:00,0.5352,0.04,HOLD,,0,-1
2020-06-12 08:00:00,2020-06-12 04:00:00,0.5356,0.04,HOLD,,0,-1
2020-06-12 12:00:00,2020-06-12 08:00:00,0.5369,0.04,HOLD,,0,-1
2020-06-12 16:00:00,2020-06-12 12:00:00,0.5398,0.04,HOLD,,1,-1
2020-06-12 20:00:00,2020-06-12 16:00:00,0.5345,0.04,HOLD,,1,-1
2020-06-15 00:00:00,2020-06-12 20:00:00,0.5334,0.04,HOLD,,1,-1
2020-06-15 04:00:00,2020-06-15 00:00:00,0.5328,0.04,HOLD,,1,-1
2020-06-15 08:00:00,2020-06-15 04:00:00,0.5374,0.04,HOLD,,1,-1
2020-06-15 12:00:00,2020-06-15 08:00:00,0.5377,0.04,HOLD,,1,-1
2020-06-15 16:00:00,2020-06-15 12:00:00,0.5404,0.04,BUY,False,0,1
2020-06-15 20:00:00,2020-06-15 16:00:00,0.5398,0.04,HOLD,,0,-1
2020-06-16 00:00:00,2020-06-15 20:00:00,0.5421,0.04,BUY,False,0,1
2020-06-16 04:00:00,2020-06-16 00:00:00,0.5423,0.04,BUY,False,0,1
2020-06-16 08:00:00,2020-06-16 04:00:00,0.5435,0.04,BUY,False,0,1
2020-06-16 12:00:00,2020-06-16 08:00:00,0.5432,0.04,BUY,False,0,1
2020-06-16 16:00:00,2020-06-16 12:00:00,0.5386,0.04,HOLD,,0,-1
2020-06-16 20:00:00,2020-06-16 16:00:00,0.5405,0.04,BUY,False,0,1
2020-06-17 00:00:00,2020-06-16 20:00:00,0.549,0.04,BUY,False,0,1
2020-06-17 04:00:00,2020-06-17 00:00:00,0.5526,0.04,BUY,False,0,1
2020-06-17 08:00:00,2020-06-17 04:00:00,0.5523,0.04,BUY,False,0,1
2020-06-17 12:00:00,2020-06-17 08:00:00,0.5547,0.04,BUY,False,0,1
2020-06-17 16:00:00,2020-06-17 12:00:00,0.5602,0.04,BUY,False,0,1
2020-06-17 20:00:00,2020-06-17 16:00:00,0.5644,0.04,BUY,False,0,1
2020-06-18 00:00:00,2020-06-17 20:00:00,0.5654,0.04,BUY,False,0,1
2020-06-18 04:00:00,2020-06-18 00:00:00,0.5672,0.04,BUY,False,0,1
2020-06-18 08:00:00,2020-06-18 04:00:00,0.5696,0.04,BUY,False,0,1
2020-06-18 12:00:00,2020-06-18 08:00:00,0.5705,0.04,BUY,True,1,1
2020-06-18 16:00:00,2020-06-18 12:00:00,0.5698,0.04,BUY,False,0,1
2020-06-18 20:00:00,2020-06-18 16:00:00,0.5724,0.04,BUY,False,0,1
2020-06-19 00:00:00,2020-06-18 20:00:00,0.5727,0.04,BUY,False,0,1
2020-06-19 04:00:00,2020-06-19 00:00:00,0.5667,0.04,BUY,False,0,1
2020-06-19 08:00:00,2020-06-19 04:00:00,0.5585,0.04,BUY,True,1,1
2020-06-19 12:00:00,2020-06-19 08:00:00,0.5589,0.04,BUY,False,0,1
2020-06-19 16:00:00,2020-06-19 12:00:00,0.565,0.04,BUY,True,1,1
2020-06-19 20:00:00,2020-06-19 16:00:00,0.565,0.04,BUY,True,1,1
2020-06-22 00:00:00,2020-06-19 20:00:00,0.5608,0.04,BUY,True,1,1
2020-06-22 04:00:00,2020-06-22 00:00:00,0.5527,0.04,BUY,True,1,1
2020-06-22 08:00:00,2020-06-22 04:00:00,0.5525,0.04,BUY,True,1,1
2020-06-22 12:00:00,2020-06-22 08:00:00,0.5556,0.04,BUY,True,1,1
2020-06-22 16:00:00,2020-06-22 12:00:00,0.5538,0.04,BUY,True,1,1
2020-06-22 20:00:00,2020-06-22 16:00:00,0.5535,0.04,BUY,True,1,1
2020-06-23 00:00:00,2020-06-22 20:00:00,0.555,0.04,BUY,True,1,1
2020-06-23 04:00:00,2020-06-23 00:00:00,0.5604,0.04,BUY,True,1,1
2020-06-23 08:00:00,2020-06-23 04:00:00,0.5632,0.04,BUY,True,1,1
2020-06-23 12:00:00,2020-06-23 08:00:00,0.5635,0.04,BUY,False,0,1
2020-06-23 16:00:00,2020-06-23 12:00:00,0.5614,0.04,BUY,False,0,1
2020-06-23 20:00:00,2020-06-23 16:00:00,0.5566,0.04,BUY,False,0,1
2020-06-24 00:00:00,2020-06-23 20:00:00,0.5469,0.04,BUY,False,0,1
2020-06-24 04:00:00,2020-06-24 00:00:00,0.5423,0.04,BUY,False,0,1
2020-06-24 08:00:00,2020-06-24 04:00:00,0.5397,0.04,HOLD,,0,-1
2020-06-24 12:00:00,2020-06-24 08:00:00,0.538,0.04,HOLD,,0,-1
2020-06-24 16:00:00,2020-06-24 12:00:00,0.5381,0.04,HOLD,,0,-1
2020-06-24 20:00:00,2020-06-24 16:00:00,0.5324,0.04,HOLD,,0,-1
2020-06-25 00:00:00,2020-06-24 20:00:00,0.5289,0.04,HOLD,,0,-1
2020-06-25 04:00:00,2020-06-25 00:00:00,0.5305,0.04,HOLD,,0,-1
2020-06-25 08:00:00,2020-06-25 04:00:00,0.5332,0.04,HOLD,,1,-1
2020-06-25 12:00:00,2020-06-25 08:00:00,0.5354,0.04,HOLD,,1,-1
2020-06-25 16:00:00,2020-06-25 12:00:00,0.5379,0.04,HOLD,,1,-1
2020-06-25 20:00:00,2020-06-25 16:00:00,0.5381,0.04,HOLD,,1,-1
2020-06-26 00:00:00,2020-06-25 20:00:00,0.5354,0.04,HOLD,,1,-1
2020-06-26 04:00:00,2020-06-26 00:00:00,0.5351,0.04,HOLD,,1,-1
2020-06-26 08:00:00,2020-06-26 04:00:00,0.5385,0.04,HOLD,,1,-1
2020-06-26 12:00:00,2020-06-26 08:00:00,0.541,0.04,BUY,True,1,1
2020-06-26 16:00:00,2020-06-26 12:00:00,0.5434,0.04,BUY,False,0,1
2020-06-26 20:00:00,2020-06-26 16:00:00,0.5475,0.04,BUY,True,1,1
2020-06-29 00:00:00,2020-06-26 20:00:00,0.5458,0.04,BUY,True,1,1
2020-06-29 04:00:00,2020-06-29 00:00:00,0.5406,0.04,BUY,False,0,1
2020-06-29 08:00:00,2020-06-29 04:00:00,0.5383,0.04,HOLD,,0,-1
2020-06-29 12:00:00,2020-06-29 08:00:00,0.5415,0.04,BUY,False,0,1
2020-06-29 16:00:00,2020-06-29 12:00:00,0.5444,0.04,BUY,True,1,1
2020-06-29 20:00:00,2020-06-29 16:00:00,0.5443,0.04,BUY,False,0,1
2020-06-30 00:00:00,2020-06-29 20:00:00,0.549,0.04,BUY,False,0,1
2020-06-30 04:00:00,2020-06-30 00:00:00,0.5517,0.04,BUY,False,0,1
2020-06-30 08:00:00,2020-06-30 04:00:00,0.5532,0.04,BUY,True,1,1
2020-06-30 12:00:00,2020-06-30 08:00:00,0.5511,0.04,BUY,True,1,1
2020-06-30 16:00:00,2020-06-30 12:00:00,0.5557,0.04,BUY,True,1,1
2020-06-30 20:00:00,2020-06-30 16:00:00,0.5624,0.04,BUY,True,1,1
2020-07-01 00:00:00,2020-06-30 20:00:00,0.5669,0.04,BUY,True,1,1
2020-07-01 04:00:00,2020-07-01 00:00:00,0.5637,0.04,BUY,True,1,1
2020-07-01 08:00:00,2020-07-01 04:00:00,0.5651,0.04,BUY,True,1,1
2020-07-01 12:00:00,2020-07-01 08:00:00,0.5667,0.04,BUY,True,1,1
2020-07-01 16:00:00,2020-07-01 12:00:00,0.5655,0.04,BUY,False,0,1
2020-07-01 20:00:00,2020-07-01 16:00:00,0.5627,0.04,BUY,False,0,1
2020-07-02 00:00:00,2020-07-01 20:00:00,0.5581,0.04,BUY,False,0,1
2020-07-02 04:00:00,2020-07-02 00:00:00,0.5572,0.04,BUY,False,0,1
2020-07-02 08:00:00,2020-07-02 04:00:00,0.5538,0.04,BUY,False,0,1
2020-07-02 12:00:00,2020-07-02 08:00:00,0.5535,0.04,BUY,False,0,1
2020-07-02 16:00:00,2020-07-02 12:00:00,0.5514,0.04,BUY,True,1,1
2020-07-02 20:00:00,2020-07-02 16:00:00,0.5457,0.04,BUY,True,1,1
2020-07-03 00:00:00,2020-07-02 20:00:00,0.5462,0.04,BUY,True,1,1
2020-07-03 04:00:00,2020-07-03 00:00:00,0.5481,0.04,BUY,True,1,1
2020-07-03 08:00:00,2020-07-03 04:00:00,0.5463,0.04,BUY,True,1,1
2020-07-03 12:00:00,2020-07-03 08:00:00,0.5482,0.04,BUY,True,1,1
2020-07-03 16:00:00,2020-07-03 12:00:00,0.5497,0.04,BUY,True,1,1
2020-07-03 20:00:00,2020-07-03 16:00:00,0.5505,0.04,BUY,True,1,1
2020-07-06 00:00:00,2020-07-03 20:00:00,0.5469,0.04,BUY,True,1,1
2020-07-06 04:00:00,2020-07-06 00:00:00,0.5499,0.04,BUY,True,1,1
2020-07-06 08:00:00,2020-07-06 04:00:00,0.5492,0.04,BUY,False,0,1
2020-07-06 12:00:00,2020-07-06 08:00:00,0.5532,0.04,BUY,False,0,1
2020-07-06 16:00:00,2020-07-06 12:00:00,0.5568,0.04,BUY,False,0,1
2020-07-06 20:00:00,2020-07-06 16:00:00,0.5604,0.04,BUY,False,0,1
2020-07-07 00:00:00,2020-07-06 20:00:00,0.5583,0.04,BUY,False,0,1
2020-07-07 04:00:00,2020-07-07 00:00:00,0.5498,0.04,BUY,False,0,1
2020-07-07 08:00:00,2020-07-07 04:00:00,0.5495,0.04,BUY,True,1,1
2020-07-07 12:00:00,2020-07-07 08:00:00,0.5485,0.04,BUY,False,0,1
2020-07-07 16:00:00,2020-07-07 12:00:00,0.5447,0.04,BUY,True,1,1
2020-07-07 20:00:00,2020-07-07 16:00:00,0.5385,0.04,HOLD,,1,-1
2020-07-08 00:00:00,2020-07-07 20:00:00,0.5419,0.04,BUY,True,1,1
2020-07-08 04:00:00,2020-07-08 00:00:00,0.5438,0.04,BUY,True,1,1
2020-07-08 08:00:00,2020-07-08 04:00:00,0.5406,0.04,BUY,True,1,1
2020-07-08 12:00:00,2020-07-08 08:00:00,0.54,0.04,HOLD,,1,-1
2020-07-08 16:00:00,2020-07-08 12:00:00,0.5406,0.04,BUY,False,0,1
2020-07-08 20:00:00,2020-07-08 16:00:00,0.5362,0.04,HOLD,,0,-1
2020-07-09 00:00:00,2020-07-08 20:00:00,0.5407,0.04,BUY,False,0,1
2020-07-09 04:00:00,2020-07-09 00:00:00,0.5428,0.04,BUY,False,0,1
2020-07-09 08:00:00,2020-07-09 04:00:00,0.538,0.04,HOLD,,0,-1
2020-07-09 12:00:00,2020-07-09 08:00:00,0.5384,0.04,HOLD,,0,-1
2020-07-09 16:00:00,2020-07-09 12:00:00,0.5426,0.04,BUY,True,1,1
2020-07-09 20:00:00,2020-07-09 16:00:00,0.5426,0.04,BUY,True,1,1
2020-07-10 00:00:00,2020-07-09 20:00:00,0.5358,0.04,HOLD,,1,-1
2020-07-10 04:00:00,2020-07-10 00:00:00,0.5315,0.04,HOLD,,1,-1
2020-07-10 08:00:00,2020-07-10 04:00:00,0.5307,0.04,HOLD,,1,-1
2020-07-10 12:00:00,2020-07-10 08:00:00,0.5321,0.04,HOLD,,1,-1
2020-07-10 16:00:00,2020-07-10 12:00:00,0.5321,0.04,HOLD,,1,-1
2020-07-10 20:00:00,2020-07-10 16:00:00,0.53,0.04,HOLD,,1,-1
2020-07-13 00:00:00,2020-07-10 20:00:00,0.5317,0.04,HOLD,,1,-1
2020-07-13 04:00:00,2020-07-13 00:00:00,0.534,0.04,HOLD,,1,-1
2020-07-13 08:00:00,2020-07-13 04:00:00,0.536,0.04,HOLD,,1,-1
2020-07-13 12:00:00,2020-07-13 08:00:00,0.5411,0.04,BUY,True,1,1
2020-07-13 16:00:00,2020-07-13 12:00:00,0.5438,0.04,BUY,True,1,1
2020-07-13 20:00:00,2020-07-13 16:00:00,0.5465,0.04,BUY,True,1,1
2020-07-14 00:00:00,2020-07-13 20:00:00,0.5496,0.04,BUY,True,1,1
2020-07-14 04:00:00,2020-07-14 00:00:00,0.5457,0.04,BUY,True,1,1
2020-07-14 08:00:00,2020-07-14 04:00:00,0.5469,0.04,BUY,True,1,1
2020-07-14 12:00:00,2020-07-14 08:00:00,0.5473,0.04,BUY,True,1,1
2020-07-14 16:00:00,2020-07-14 12:00:00,0.5424,0.04,BUY,True,1,1
2020-07-14 20:00:00,2020-07-14 16:00:00,0.5389,0.04,HOLD,,1,-1
2020-07-15 00:00:00,2020-07-14 20:00:00,0.5399,0.04,HOLD,,1,-1
2020-07-15 04:00:00,2020-07-15 00:00:00,0.5367,0.04,HOLD,,1,-1
2020-07-15 08:00:00,2020-07-15 04:00:00,0.5327,0.04,HOLD,,0,-1
2020-07-15 12:00:00,2020-07-15 08:00:00,0.5328,0.04,HOLD,,0,-1
2020-07-15 16:00:00,2020-07-15 12:00:00,0.5314,0.04,HOLD,,1,-1
2020-07-15 20:00:00,2020-07-15 16:00:00,0.5299,0.04,HOLD,,0,-1
2020-07-16 00:00:00,2020-07-15 20:00:00,0.536,0.04,HOLD,,0,-1
2020-07-16 04:00:00,2020-07-16 00:00:00,0.54,0.04,HOLD,,0,-1
2020-07-16 08:00:00,2020-07-16 04:00:00,0.5391,0.04,HOLD,,1,-1
2020-07-16 12:00:00,2020-07-16 08:00:00,0.5428,0.04,BUY,True,1,1
2020-07-16 16:00:00,2020-07-16 12:00:00,0.5436,0.04,BUY,True,1,1
2020-07-16 20:00:00,2020-07-16 16:00:00,0.5394,0.04,HOLD,,1,-1
2020-07-17 00:00:00,2020-07-16 20:00:00,0.5372,0.04,HOLD,,1,-1
2020-07-17 04:00:00,2020-07-17 00:00:00,0.5297,0.04,HOLD,,1,-1
2020-07-17 08:00:00,2020-07-17 04:00:00,0.5279,0.04,HOLD,,1,-1
2020-07-17 12:00:00,2020-07-17 08:00:00,0.5266,0.04,HOLD,,0,-1
2020-07-17 16:00:00,2020-07-17 12:00:00,0.5263,0.04,HOLD,,1,-1
2020-07-17 20:00:00,2020-07-17 16:00:00,0.5279,0.04,HOLD,,1,-1
2020-07-20 00:00:00,2020-07-17 20:00:00,0.5318,0.04,HOLD,,1,-1
2020-07-20 04:00:00,2020-07-20 00:00:00,0.531,0.04,HOLD,,0,-1
2020-07-20 08:00:00,2020-07-20 04:00:00,0.5334,0.04,HOLD,,0,-1
2020-07-20 12:00:00,2020-07-20 08:00:00,0.5364,0.04,HOLD,,1,-1
2020-07-20 16:00:00,2020-07-20 12:00:00,0.5356,0.04,HOLD,,1,-1
2020-07-20 20:00:00,2020-07-20 16:00:00,0.5355,0.04,HOLD,,1,-1
2020-07-21 00:00:00,2020-07-20 20:00:00,0.5412,0.04,BUY,True,1,1
2020-07-21 04:00:00,2020-07-21 00:00:00,0.5433,0.04,BUY,True,1,1
2020-07-21 08:00:00,2020-07-21 04:00:00,0.5392,0.04,HOLD,,1,-1
2020-07-21 12:00:00,2020-07-21 08:00:00,0.536,0.04,HOLD,,1,-1
2020-07-21 16:00:00,2020-07-21 12:00:00,0.5339,0.04,HOLD,,1,-1
2020-07-21 20:00:00,2020-07-21 16:00:00,0.5374,0.04,HOLD,,1,-1
2020-07-22 00:00:00,2020-07-21 20:00:00,0.5409,0.04,BUY,True,1,1
2020-07-22 04:00:00,2020-07-22 00:00:00,0.5408,0.04,BUY,True,1,1
2020-07-22 08:00:00,2020-07-22 04:00:00,0.5408,0.04,BUY,True,1,1
2020-07-22 12:00:00,2020-07-22 08:00:00,0.54,0.04,HOLD,,0,-1
2020-07-22 16:00:00,2020-07-22 12:00:00,0.5396,0.04,HOLD,,1,-1
2020-07-22 20:00:00,2020-07-22 16:00:00,0.5411,0.04,BUY,True,1,1
2020-07-23 00:00:00,2020-07-22 20:00:00,0.5367,0.04,HOLD,,1,-1
2020-07-23 04:00:00,2020-07-23 00:00:00,0.5296,0.04,HOLD,,1,-1
2020-07-23 08:00:00,2020-07-23 04:00:00,0.5281,0.04,HOLD,,1,-1
2020-07-23 12:00:00,2020-07-23 08:00:00,0.5252,0.04,HOLD,,1,-1
2020-07-23 16:00:00,2020-07-23 12:00:00,0.5218,0.04,HOLD,,1,-1
2020-07-23 20:00:00,2020-07-23 16:00:00,0.5198,0.04,HOLD,,1,-1
2020-07-24 00:00:00,2020-07-23 20:00:00,0.5215,0.04,HOLD,,1,-1
2020-07-24 04:00:00,2020-07-24 00:00:00,0.5143,0.04,HOLD,,1,-1
2020-07-24 08:00:00,2020-07-24 04:00:00,0.5092,0.04,HOLD,,1,-1
2020-07-24 12:00:00,2020-07-24 08:00:00,0.5071,0.04,HOLD,,1,-1
2020-07-24 16:00:00,2020-07-24 12:00:00,0.5081,0.04,HOLD,,1,-1
2020-07-24 20:00:00,2020-07-24 16:00:00,0.5112,0.04,HOLD,,1,-1
2020-07-27 00:00:00,2020-07-24 20:00:00,0.5122,0.04,HOLD,,1,-1
2020-07-27 04:00:00,2020-07-27 00:00:00,0.5124,0.04,HOLD,,1,-1
2020-07-27 08:00:00,2020-07-27 04:00:00,0.5071,0.04,HOLD,,1,-1
2020-07-27 12:00:00,2020-07-27 08:00:00,0.5066,0.04,HOLD,,0,-1
2020-07-27 16:00:00,2020-07-27 12:00:00,0.5092,0.04,HOLD,,0,-1
2020-07-27 20:00:00,2020-07-27 16:00:00,0.5052,0.04,HOLD,,0,-1
2020-07-28 00:00:00,2020-07-27 20:00:00,0.4983,0.04,HOLD,,0,-1
2020-07-28 04:00:00,2020-07-28 00:00:00,0.4985,0.04,HOLD,,0,-1
2020-07-28 08:00:00,2020-07-28 04:00:00,0.4979,0.04,HOLD,,1,-1
2020-07-28 12:00:00,2020-07-28 08:00:00,0.4956,0.04,HOLD,,1,-1
2020-07-28 16:00:00,2020-07-28 12:00:00,0.4939,0.04,HOLD,,1,-1
2020-07-28 20:00:00,2020-07-28 16:00:00,0.493,0.04,HOLD,,1,-1
2020-07-29 00:00:00,2020-07-28 20:00:00,0.4978,0.04,HOLD,,1,-1
2020-07-29 04:00:00,2020-07-29 00:00:00,0.5073,0.04,HOLD,,1,-1
2020-07-29 08:00:00,2020-07-29 04:00:00,0.509,0.04,HOLD,,0,-1
2020-07-29 12:00:00,2020-07-29 08:00:00,0.5112,0.04,HOLD,,1,-1
2020-07-29 16:00:00,2020-07-29 12:00:00,0.51,0.04,HOLD,,1,-1
2020-07-29 20:00:00,2020-07-29 16:00:00,0.5161,0.04,HOLD,,1,-1
2020-07-30 00:00:00,2020-07-29 20:00:00,0.5228,0.04,HOLD,,1,-1
2020-07-30 04:00:00,2020-07-30 00:00:00,0.5179,0.04,HOLD,,1,-1
2020-07-30 08:00:00,2020-07-30 04:00:00,0.5154,0.04,HOLD,,1,-1
2020-07-30 12:00:00,2020-07-30 08:00:00,0.5168,0.04,HOLD,,1,-1
2020-07-30 16:00:00,2020-07-30 12:00:00,0.5189,0.04,HOLD,,0,-1
2020-07-30 20:00:00,2020-07-30 16:00:00,0.5175,0.04,HOLD,,0,-1
2020-07-31 00:00:00,2020-07-30 20:00:00,0.5205,0.04,HOLD,,0,-1
2020-07-31 04:00:00,2020-07-31 00:00:00,0.5252,0.04,HOLD,,0,-1
2020-07-31 08:00:00,2020-07-31 04:00:00,0.5212,0.04,HOLD,,0,-1
2020-07-31 12:00:00,2020-07-31 08:00:00,0.5206,0.04,HOLD,,0,-1
2020-07-31 16:00:00,2020-07-31 12:00:00,0.5174,0.04,HOLD,,0,-1
2020-07-31 20:00:00,2020-07-31 16:00:00,0.5145,0.04,HOLD,,0,-1
2020-08-03 00:00:00,2020-07-31 20:00:00,0.5161,0.04,HOLD,,1,-1
2020-08-03 04:00:00,2020-08-03 00:00:00,0.5208,0.04,HOLD,,0,-1
2020-08-03 08:00:00,2020-08-03 04:00:00,0.525,0.04,HOLD,,1,-1
2020-08-03 12:00:00,2020-08-03 08:00:00,0.5319,0.04,HOLD,,1,-1
2020-08-03 16:00:00,2020-08-03 12:00:00,0.5329,0.04,HOLD,,1,-1
2020-08-03 20:00:00,2020-08-03 16:00:00,0.5365,0.04,HOLD,,1,-1
2020-08-04 00:00:00,2020-08-03 20:00:00,0.5426,0.04,BUY,True,1,1
2020-08-04 04:00:00,2020-08-04 00:00:00,0.5427,0.04,BUY,True,1,1
2020-08-04 08:00:00,2020-08-04 04:00:00,0.544,0.04,BUY,True,1,1
2020-08-04 12:00:00,2020-08-04 08:00:00,0.5418,0.04,BUY,True,1,1
2020-08-04 16:00:00,2020-08-04 12:00:00,0.5349,0.04,HOLD,,1,-1
2020-08-04 20:00:00,2020-08-04 16:00:00,0.533,0.04,HOLD,,1,-1
2020-08-05 00:00:00,2020-08-04 20:00:00,0.531,0.04,HOLD,,1,-1
2020-08-05 04:00:00,2020-08-05 00:00:00,0.5288,0.04,HOLD,,1,-1
2020-08-05 08:00:00,2020-08-05 04:00:00,0.5263,0.04,HOLD,,1,-1
2020-08-05 12:00:00,2020-08-05 08:00:00,0.5262,0.04,HOLD,,0,-1
2020-08-05 16:00:00,2020-08-05 12:00:00,0.5292,0.04,HOLD,,1,-1
2020-08-05 20:00:00,2020-08-05 16:00:00,0.5254,0.04,HOLD,,1,-1
2020-08-06 00:00:00,2020-08-05 20:00:00,0.5277,0.04,HOLD,,0,-1
2020-08-06 04:00:00,2020-08-06 00:00:00,0.5301,0.04,HOLD,,0,-1
2020-08-06 08:00:00,2020-08-06 04:00:00,0.5285,0.04,HOLD,,0,-1
2020-08-06 12:00:00,2020-08-06 08:00:00,0.5255,0.04,HOLD,,0,-1
2020-08-06 16:00:00,2020-08-06 12:00:00,0.5216,0.04,HOLD,,0,-1
2020-08-06 20:00:00,2020-08-06 16:00:00,0.5205,0.04,HOLD,,0,-1
2020-08-07 00:00:00,2020-08-06 20:00:00,0.5266,0.04,HOLD,,0,-1
2020-08-07 04:00:00,2020-08-07 00:00:00,0.5325,0.04,HOLD,,0,-1
2020-08-07 08:00:00,2020-08-07 04:00:00,0.5392,0.04,HOLD,,0,-1
2020-08-07 12:00:00,2020-08-07 08:00:00,0.545,0.04,BUY,False,0,1
2020-08-07 16:00:00,2020-08-07 12:00:00,0.5461,0.04,BUY,False,0,1
2020-08-07 20:00:00,2020-08-07 16:00:00,0.5407,0.04,BUY,False,0,1
2020-08-10 00:00:00,2020-08-07 20:00:00,0.5365,0.04,HOLD,,0,-1
2020-08-10 04:00:00,2020-08-10 00:00:00,0.5332,0.04,HOLD,,0,-1
2020-08-10 08:00:00,2020-08-10 04:00:00,0.5315,0.04,HOLD,,0,-1
2020-08-10 12:00:00,2020-08-10 08:00:00,0.5335,0.04,HOLD,,1,-1
2020-08-10 16:00:00,2020-08-10 12:00:00,0.5359,0.04,HOLD,,1,-1
2020-08-10 20:00:00,2020-08-10 16:00:00,0.5342,0.04,HOLD,,1,-1
2020-08-11 00:00:00,2020-08-10 20:00:00,0.5322,0.04,HOLD,,1,-1
2020-08-11 04:00:00,2020-08-11 00:00:00,0.5408,0.04,BUY,False,0,1
2020-08-11 08:00:00,2020-08-11 04:00:00,0.5442,0.04,BUY,False,0,1
2020-08-11 12:00:00,2020-08-11 08:00:00,0.5484,0.04,BUY,False,0,1
2020-08-11 16:00:00,2020-08-11 12:00:00,0.5542,0.04,BUY,True,1,1
2020-08-11 20:00:00,2020-08-11 16:00:00,0.5532,0.04,BUY,True,1,1
2020-08-12 00:00:00,2020-08-11 20:00:00,0.5521,0.04,BUY,True,1,1
2020-08-12 04:00:00,2020-08-12 00:00:00,0.5597,0.04,BUY,True,1,1
2020-08-12 08:00:00,2020-08-12 04:00:00,0.5628,0.04,BUY,True,1,1
2020-08-12 12:00:00,2020-08-12 08:00:00,0.5654,0.04,BUY,True,1,1
2020-08-12 16:00:00,2020-08-12 12:00:00,0.5677,0.04,BUY,True,1,1
2020-08-12 20:00:00,2020-08-12 16:00:00,0.5735,0.04,BUY,True,1,1
2020-08-13 00:00:00,2020-08-12 20:00:00,0.5774,0.04,BUY,True,1,1
2020-08-13 04:00:00,2020-08-13 00:00:00,0.5734,0.04,BUY,True,1,1
2020-08-13 08:00:00,2020-08-13 04:00:00,0.5731,0.04,BUY,False,0,1
2020-08-13 12:00:00,2020-08-13 08:00:00,0.5711,0.04,BUY,False,0,1
2020-08-13 16:00:00,2020-08-13 12:00:00,0.5698,0.04,BUY,True,1,1
2020-08-13 20:00:00,2020-08-13 16:00:00,0.5633,0.04,BUY,True,1,1
2020-08-14 00:00:00,2020-08-13 20:00:00,0.563,0.04,BUY,True,1,1
2020-08-14 04:00:00,2020-08-14 00:00:00,0.5648,0.04,BUY,True,1,1
2020-08-14 08:00:00,2020-08-14 04:00:00,0.5623,0.04,BUY,True,1,1
2020-08-14 12:00:00,2020-08-14 08:00:00,0.5581,0.04,BUY,True,1,1
2020-08-14 16:00:00,2020-08-14 12:00:00,0.5537,0.04,BUY,True,1,1
2020-08-14 20:00:00,2020-08-14 16:00:00,0.5503,0.04,BUY,True,1,1
2020-08-17 00:00:00,2020-08-14 20:00:00,0.5444,0.04,BUY,True,1,1
2020-08-17 04:00:00,2020-08-17 00:00:00,0.5392,0.04,HOLD,,1,-1
2020-08-17 08:00:00,2020-08-17 04:00:00,0.5392,0.04,HOLD,,1,-1
2020-08-17 12:00:00,2020-08-17 08:00:00,0.5404,0.04,BUY,True,1,1
2020-08-17 16:00:00,2020-08-17 12:00:00,0.5372,0.04,HOLD,,1,-1
2020-08-17 20:00:00,2020-08-17 16:00:00,0.5307,0.04,HOLD,,1,-1
2020-08-18 00:00:00,2020-08-17 20:00:00,0.5302,0.04,HOLD,,1,-1
2020-08-18 04:00:00,2020-08-18 00:00:00,0.5246,0.04,HOLD,,1,-1
2020-08-18 08:00:00,2020-08-18 04:00:00,0.5201,0.04,HOLD,,1,-1
2020-08-18 12:00:00,2020-08-18 08:00:00,0.5202,0.04,HOLD,,0,-1
2020-08-18 16:00:00,2020-08-18 12:00:00,0.5212,0.04,HOLD,,0,-1
2020-08-18 20:00:00,2020-08-18 16:00:00,0.527,0.04,HOLD,,0,-1
2020-08-19 00:00:00,2020-08-18 20:00:00,0.5244,0.04,HOLD,,0,-1
2020-08-19 04:00:00,2020-08-19 00:00:00,0.5167,0.04,HOLD,,0,-1
2020-08-19 08:00:00,2020-08-19 04:00:00,0.5106,0.04,HOLD,,0,-1
2020-08-19 12:00:00,2020-08-19 08:00:00,0.5079,0.04,HOLD,,0,-1
2020-08-19 16:00:00,2020-08-19 12:00:00,0.5086,0.04,HOLD,,0,-1
2020-08-19 20:00:00,2020-08-19 16:00:00,0.5146,0.04,HOLD,,1,-1
2020-08-20 00:00:00,2020-08-19 20:00:00,0.5192,0.04,HOLD,,1,-1
2020-08-20 04:00:00,2020-08-20 00:00:00,0.5199,0.04,HOLD,,1,-1
2020-08-20 08:00:00,2020-08-20 04:00:00,0.5228,0.04,HOLD,,0,-1
2020-08-20 12:00:00,2020-08-20 08:00:00,0.528,0.04,HOLD,,0,-1
2020-08-20 16:00:00,2020-08-20 12:00:00,0.5325,0.04,HOLD,,0,-1
2020-08-20 20:00:00,2020-08-20 16:00:00,0.5376,0.04,HOLD,,0,-1
2020-08-21 00:00:00,2020-08-20 20:00:00,0.5386,0.04,HOLD,,0,-1
2020-08-21 04:00:00,2020-08-21 00:00:00,0.5338,0.04,HOLD,,0,-1
2020-08-21 08:00:00,2020-08-21 04:00:00,0.5351,0.04,HOLD,,1,-1
2020-08-21 12:00:00,2020-08-21 08:00:00,0.5351,0.04,HOLD,,1,-1
2020-08-21 16:00:00,2020-08-21 12:00:00,0.5356,0.04,HOLD,,1,-1
2020-08-21 20:00:00,2020-08-21 16:00:00,0.5354,0.04,HOLD,,0,-1
2020-08-24 00:00:00,2020-08-21 20:00:00,0.5408,0.04,BUY,True,1,1
2020-08-24 04:00:00,2020-08-24 00:00:00,0.5443,0.04,BUY,True,1,1
2020-08-24 08:00:00,2020-08-24 04:00:00,0.5444,0.04,BUY,True,1,1
2020-08-24 12:00:00,2020-08-24 08:00:00,0.548,0.04,BUY,False,0,1
2020-08-24 16:00:00,2020-08-24 12:00:00,0.5473,0.04,BUY,True,1,1
2020-08-24 20:00:00,2020-08-24 16:00:00,0.5473,0.04,BUY,True,1,1
2020-08-25 00:00:00,2020-08-24 20:00:00,0.5507,0.04,BUY,True,1,1
2020-08-25 04:00:00,2020-08-25 00:00:00,0.5497,0.04,BUY,True,1,1
2020-08-25 08:00:00,2020-08-25 04:00:00,0.5512,0.04,BUY,False,0,1
2020-08-25 12:00:00,2020-08-25 08:00:00,0.5521,0.04,BUY,False,0,1
2020-08-25 16:00:00,2020-08-25 12:00:00,0.5528,0.04,BUY,True,1,1
2020-08-25 20:00:00,2020-08-25 16:00:00,0.5563,0.04,BUY,False,0,1
2020-08-26 00:00:00,2020-08-25 20:00:00,0.5593,0.04,BUY,True,1,1
2020-08-26 04:00:00,2020-08-26 00:00:00,0.557,0.04,BUY,True,1,1
2020-08-26 08:00:00,2020-08-26 04:00:00,0.5571,0.04,BUY,True,1,1
2020-08-26 12:00:00,2020-08-26 08:00:00,0.5564,0.04,BUY,True,1,1
2020-08-26 16:00:00,2020-08-26 12:00:00,0.5542,0.04,BUY,False,0,1
2020-08-26 20:00:00,2020-08-26 16:00:00,0.5539,0.04,BUY,False,0,1
2020-08-27 00:00:00,2020-08-26 20:00:00,0.5479,0.04,BUY,False,0,1
2020-08-27 04:00:00,2020-08-27 00:00:00,0.5398,0.04,HOLD,,1,-1
2020-08-27 08:00:00,2020-08-27 04:00:00,0.5364,0.04,HOLD,,1,-1
2020-08-27 12:00:00,2020-08-27 08:00:00,0.5364,0.04,HOLD,,1,-1
2020-08-27 16:00:00,2020-08-27 12:00:00,0.5363,0.04,HOLD,,1,-1
2020-08-27 20:00:00,2020-08-27 16:00:00,0.5359,0.04,HOLD,,1,-1
2020-08-28 00:00:00,2020-08-27 20:00:00,0.5364,0.04,HOLD,,1,-1
2020-08-28 04:00:00,2020-08-28 00:00:00,0.5402,0.04,BUY,True,1,1
2020-08-28 08:00:00,2020-08-28 04:00:00,0.5426,0.04,BUY,False,0,1
2020-08-28 12:00:00,2020-08-28 08:00:00,0.5435,0.04,BUY,True,1,1
2020-08-28 16:00:00,2020-08-28 12:00:00,0.5391,0.04,HOLD,,1,-1
2020-08-28 20:00:00,2020-08-28 16:00:00,0.5294,0.04,HOLD,,1,-1
2020-08-31 00:00:00,2020-08-28 20:00:00,0.5242,0.04,HOLD,,1,-1
2020-08-31 04:00:00,2020-08-31 00:00:00,0.5255,0.04,HOLD,,1,-1
2020-08-31 08:00:00,2020-08-31 04:00:00,0.5277,0.04,HOLD,,1,-1
2020-08-31 12:00:00,2020-08-31 08:00:00,0.5269,0.04,HOLD,,1,-1
2020-08-31 16:00:00,2020-08-31 12:00:00,0.5297,0.04,HOLD,,0,-1
2020-08-31 20:00:00,2020-08-31 16:00:00,0.5352,0.04,HOLD,,0,-1
2020-09-01 00:00:00,2020-08-31 20:00:00,0.5325,0.04,HOLD,,0,-1
2020-09-01 04:00:00,2020-09-01 00:00:00,0.5267,0.04,HOLD,,0,-1
2020-09-01 08:00:00,2020-09-01 04:00:00,0.5256,0.04,HOLD,,0,-1
2020-09-01 12:00:00,2020-09-01 08:00:00,0.5278,0.04,HOLD,,0,-1
2020-09-01 16:00:00,2020-09-01 12:00:00,0.5293,0.04,HOLD,,0,-1
2020-09-01 20:00:00,2020-09-01 16:00:00,0.5298,0.04,HOLD,,0,-1
2020-09-02 00:00:00,2020-09-01 20:00:00,0.5298,0.04,HOLD,,0,-1
2020-09-02 04:00:00,2020-09-02 00:00:00,0.5313,0.04,HOLD,,0,-1
2020-09-02 08:00:00,2020-09-02 04:00:00,0.5347,0.04,HOLD,,0,-1
2020-09-02 12:00:00,2020-09-02 08:00:00,0.5347,0.04,HOLD,,0,-1
2020-09-02 16:00:00,2020-09-02 12:00:00,0.5342,0.04,HOLD,,0,-1
2020-09-02 20:00:00,2020-09-02 16:00:00,0.534,0.04,HOLD,,0,-1
2020-09-03 00:00:00,2020-09-02 20:00:00,0.5371,0.04,HOLD,,1,-1
2020-09-03 04:00:00,2020-09-03 00:00:00,0.5414,0.04,BUY,True,1,1
2020-09-03 08:00:00,2020-09-03 04:00:00,0.5443,0.04,BUY,True,1,1
2020-09-03 12:00:00,2020-09-03 08:00:00,0.5466,0.04,BUY,False,0,1
2020-09-03 16:00:00,2020-09-03 12:00:00,0.5458,0.04,BUY,True,1,1
2020-09-03 20:00:00,2020-09-03 16:00:00,0.5438,0.04,BUY,False,0,1
2020-09-04 00:00:00,2020-09-03 20:00:00,0.5458,0.04,BUY,False,0,1
2020-09-04 04:00:00,2020-09-04 00:00:00,0.5441,0.04,BUY,False,0,1
2020-09-04 08:00:00,2020-09-04 04:00:00,0.5454,0.04,BUY,False,0,1
2020-09-04 12:00:00,2020-09-04 08:00:00,0.5503,0.04,BUY,True,1,1
2020-09-04 16:00:00,2020-09-04 12:00:00,0.5591,0.04,BUY,False,0,1
2020-09-04 20:00:00,2020-09-04 16:00:00,0.562,0.04,BUY,False,0,1
2020-09-07 00:00:00,2020-09-04 20:00:00,0.5598,0.04,BUY,False,0,1
2020-09-07 04:00:00,2020-09-07 00:00:00,0.5615,0.04,BUY,False,0,1
2020-09-07 08:00:00,2020-09-07 04:00:00,0.5653,0.04,BUY,False,0,1
2020-09-07 12:00:00,2020-09-07 08:00:00,0.5652,0.04,BUY,False,0,1
2020-09-07 16:00:00,2020-09-07 12:00:00,0.5634,0.04,BUY,False,0,1
2020-09-07 20:00:00,2020-09-07 16:00:00,0.5685,0.04,BUY,False,0,1
2020-09-08 00:00:00,2020-09-07 20:00:00,0.573,0.04,BUY,False,0,1
2020-09-08 04:00:00,2020-09-08 00:00:00,0.5727,0.04,BUY,False,0,1
2020-09-08 08:00:00,2020-09-08 04:00:00,0.5735,0.04,BUY,False,0,1
2020-09-08 12:00:00,2020-09-08 08:00:00,0.5801,0.04,BUY,False,0,1
2020-09-08 16:00:00,2020-09-08 12:00:00,0.5844,0.04,BUY,True,1,1
2020-09-08 20:00:00,2020-09-08 16:00:00,0.5853,0.04,BUY,True,1,1
2020-09-09 00:00:00,2020-09-08 20:00:00,0.5851,0.04,BUY,True,1,1
2020-09-09 04:00:00,2020-09-09 00:00:00,0.5779,0.04,BUY,True,1,1
2020-09-09 08:00:00,2020-09-09 04:00:00,0.5784,0.04,BUY,True,1,1
2020-09-09 12:00:00,2020-09-09 08:00:00,0.5777,0.04,BUY,True,1,1
2020-09-09 16:00:00,2020-09-09 12:00:00,0.5774,0.04,BUY,True,1,1
2020-09-09 20:00:00,2020-09-09 16:00:00,0.574,0.04,BUY,True,1,1
2020-09-10 00:00:00,2020-09-09 20:00:00,0.5721,0.04,BUY,True,1,1
2020-09-10 04:00:00,2020-09-10 00:00:00,0.571,0.04,BUY,True,1,1
2020-09-10 08:00:00,2020-09-10 04:00:00,0.5717,0.04,BUY,True,1,1
2020-09-10 12:00:00,2020-09-10 08:00:00,0.5685,0.04,BUY,False,0,1
2020-09-10 16:00:00,2020-09-10 12:00:00,0.5671,0.04,BUY,False,0,1
2020-09-10 20:00:00,2020-09-10 16:00:00,0.5669,0.04,BUY,True,1,1
2020-09-11 00:00:00,2020-09-10 20:00:00,0.5665,0.04,BUY,False,0,1
2020-09-11 04:00:00,2020-09-11 00:00:00,0.5688,0.04,BUY,True,1,1
2020-09-11 08:00:00,2020-09-11 04:00:00,0.568,0.04,BUY,False,0,1
2020-09-11 12:00:00,2020-09-11 08:00:00,0.5668,0.04,BUY,True,1,1
2020-09-11 16:00:00,2020-09-11 12:00:00,0.5658,0.04,BUY,True,1,1
2020-09-11 20:00:00,2020-09-11 16:00:00,0.5626,0.04,BUY,True,1,1
2020-09-14 00:00:00,2020-09-11 20:00:00,0.5567,0.04,BUY,True,1,1
2020-09-14 04:00:00,2020-09-14 00:00:00,0.5615,0.04,BUY,True,1,1
2020-09-14 08:00:00,2020-09-14 04:00:00,0.5608,0.04,BUY,True,1,1
2020-09-14 12:00:00,2020-09-14 08:00:00,0.5586,0.04,BUY,False,0,1
2020-09-14 16:00:00,2020-09-14 12:00:00,0.5578,0.04,BUY,False,0,1
2020-09-14 20:00:00,2020-09-14 16:00:00,0.5542,0.04,BUY,False,0,1
2020-09-15 00:00:00,2020-09-14 20:00:00,0.5525,0.04,BUY,False,0,1
2020-09-15 04:00:00,2020-09-15 00:00:00,0.5498,0.04,BUY,False,0,1
2020-09-15 08:00:00,2020-09-15 04:00:00,0.5484,0.04,BUY,False,0,1
2020-09-15 12:00:00,2020-09-15 08:00:00,0.5446,0.04,BUY,False,0,1
2020-09-15 16:00:00,2020-09-15 12:00:00,0.5446,0.04,BUY,False,0,1
2020-09-15 20:00:00,2020-09-15 16:00:00,0.5406,0.04,BUY,False,0,1
2020-09-16 00:00:00,2020-09-15 20:00:00,0.5364,0.04,HOLD,,0,-1
2020-09-16 04:00:00,2020-09-16 00:00:00,0.5351,0.04,HOLD,,0,-1
2020-09-16 08:00:00,2020-09-16 04:00:00,0.5293,0.04,HOLD,,0,-1
2020-09-16 12:00:00,2020-09-16 08:00:00,0.5284,0.04,HOLD,,0,-1
2020-09-16 16:00:00,2020-09-16 12:00:00,0.5282,0.04,HOLD,,0,-1
2020-09-16 20:00:00,2020-09-16 16:00:00,0.5293,0.04,HOLD,,1,-1
2020-09-17 00:00:00,2020-09-16 20:00:00,0.5355,0.04,HOLD,,1,-1
2020-09-17 04:00:00,2020-09-17 00:00:00,0.5363,0.04,HOLD,,1,-1
2020-09-17 08:00:00,2020-09-17 04:00:00,0.5384,0.04,HOLD,,1,-1
2020-09-17 12:00:00,2020-09-17 08:00:00,0.5422,0.04,BUY,True,1,1
2020-09-17 16:00:00,2020-09-17 12:00:00,0.5467,0.04,BUY,True,1,1
2020-09-17 20:00:00,2020-09-17 16:00:00,0.555,0.04,BUY,False,0,1
2020-09-18 00:00:00,2020-09-17 20:00:00,0.5596,0.04,BUY,True,1,1
2020-09-18 04:00:00,2020-09-18 00:00:00,0.5517,0.04,BUY,True,1,1
2020-09-18 08:00:00,2020-09-18 04:00:00,0.5479,0.04,BUY,False,0,1
2020-09-18 12:00:00,2020-09-18 08:00:00,0.5493,0.04,BUY,False,0,1
2020-09-18 16:00:00,2020-09-18 12:00:00,0.5505,0.04,BUY,False,0,1
2020-09-18 20:00:00,2020-09-18 16:00:00,0.5516,0.04,BUY,False,0,1
2020-09-21 00:00:00,2020-09-18 20:00:00,0.5482,0.04,BUY,False,0,1
2020-09-21 04:00:00,2020-09-21 00:00:00,0.5454,0.04,BUY,False,0,1
2020-09-21 08:00:00,2020-09-21 04:00:00,0.544,0.04,BUY,False,0,1
2020-09-21 12:00:00,2020-09-21 08:00:00,0.5445,0.04,BUY,False,0,1
2020-09-21 16:00:00,2020-09-21 12:00:00,0.5472,0.04,BUY,False,0,1
2020-09-21 20:00:00,2020-09-21 16:00:00,0.5501,0.04,BUY,False,0,1
2020-09-22 00:00:00,2020-09-21 20:00:00,0.5534,0.04,BUY,False,0,1
2020-09-22 04:00:00,2020-09-22 00:00:00,0.551,0.04,BUY,False,0,1
2020-09-22 08:00:00,2020-09-22 04:00:00,0.5506,0.04,BUY,False,0,1
2020-09-22 12:00:00,2020-09-22 08:00:00,0.5548,0.04,BUY,False,0,1
2020-09-22 16:00:00,2020-09-22 12:00:00,0.5581,0.04,BUY,False,0,1
2020-09-22 20:00:00,2020-09-22 16:00:00,0.558,0.04,BUY,False,0,1
2020-09-23 00:00:00,2020-09-22 20:00:00,0.5547,0.04,BUY,False,0,1
2020-09-23 04:00:00,2020-09-23 00:00:00,0.5538,0.04,BUY,False,0,1
2020-09-23 08:00:00,2020-09-23 04:00:00,0.5531,0.04,BUY,False,0,1
2020-09-23 12:00:00,2020-09-23 08:00:00,0.5544,0.04,BUY,False,0,1
2020-09-23 16:00:00,2020-09-23 12:00:00,0.5596,0.04,BUY,False,0,1
2020-09-23 20:00:00,2020-09-23 16:00:00,0.563,0.04,BUY,True,1,1
2020-09-24 00:00:00,2020-09-23 20:00:00,0.5608,0.04,BUY,False,0,1
2020-09-24 04:00:00,2020-09-24 00:00:00,0.5588,0.04,BUY,True,1,1
2020-09-24 08:00:00,2020-09-24 04:00:00,0.5556,0.04,BUY,False,0,1
2020-09-24 12:00:00,2020-09-24 08:00:00,0.5523,0.04,BUY,False,0,1
2020-09-24 16:00:00,2020-09-24 12:00:00,0.5577,0.04,BUY,False,0,1
2020-09-24 20:00:00,2020-09-24 16:00:00,0.5622,0.04,BUY,False,0,1
2020-09-25 00:00:00,2020-09-24 20:00:00,0.5654,0.04,BUY,False,0,1
2020-09-25 04:00:00,2020-09-25 00:00:00,0.5715,0.04,BUY,False,0,1
2020-09-25 08:00:00,2020-09-25 04:00:00,0.5762,0.04,BUY,False,0,1
2020-09-25 12:00:00,2020-09-25 08:00:00,0.578,0.04,BUY,True,1,1
2020-09-25 16:00:00,2020-09-25 12:00:00,0.5801,0.04,BUY,True,1,1
2020-09-25 20:00:00,2020-09-25 16:00:00,0.5809,0.04,BUY,True,1,1
2020-09-28 00:00:00,2020-09-25 20:00:00,0.5829,0.04,BUY,True,1,1
2020-09-28 04:00:00,2020-09-28 00:00:00,0.5855,0.04,BUY,True,1,1
2020-09-28 08:00:00,2020-09-28 04:00:00,0.5861,0.04,BUY,True,1,1
2020-09-28 12:00:00,2020-09-28 08:00:00,0.5901,0.04,BUY,True,1,1
2020-09-28 16:00:00,2020-09-28 12:00:00,0.5875,0.04,BUY,True,1,1
2020-09-28 20:00:00,2020-09-28 16:00:00,0.5794,0.04,BUY,True,1,1
2020-09-29 00:00:00,2020-09-28 20:00:00,0.5752,0.04,BUY,True,1,1
2020-09-29 04:00:00,2020-09-29 00:00:00,0.5753,0.04,BUY,True,1,1
2020-09-29 08:00:00,2020-09-29 04:00:00,0.5767,0.04,BUY,True,1,1
2020-09-29 12:00:00,2020-09-29 08:00:00,0.5754,0.04,BUY,True,1,1
2020-09-29 16:00:00,2020-09-29 12:00:00,0.5726,0.04,BUY,False,0,1
2020-09-29 20:00:00,2020-09-29 16:00:00,0.5715,0.04,BUY,False,0,1
2020-09-30 00:00:00,2020-09-29 20:00:00,0.5672,0.04,BUY,False,0,1
2020-09-30 04:00:00,2020-09-30 00:00:00,0.5614,0.04,BUY,True,1,1
2020-09-30 08:00:00,2020-09-30 04:00:00,0.5579,0.04,BUY,True,1,1
2020-09-30 12:00:00,2020-09-30 08:00:00,0.5537,0.04,BUY,True,1,1
2020-09-30 16:00:00,2020-09-30 12:00:00,0.5544,0.04,BUY,True,1,1
2020-09-30 20:00:00,2020-09-30 16:00:00,0.556,0.04,BUY,True,1,1
2020-10-01 00:00:00,2020-09-30 20:00:00,0.5512,0.04,BUY,True,1,1
2020-10-01 04:00:00,2020-10-01 00:00:00,0.5463,0.04,BUY,False,0,1
2020-10-01 08:00:00,2020-10-01 04:00:00,0.5431,0.04,BUY,False,0,1
2020-10-01 12:00:00,2020-10-01 08:00:00,0.5431,0.04,BUY,False,0,1
2020-10-01 16:00:00,2020-10-01 12:00:00,0.5395,0.04,HOLD,,0,-1
2020-10-01 20:00:00,2020-10-01 16:00:00,0.5352,0.04,HOLD,,0,-1
2020-10-02 00:00:00,2020-10-01 20:00:00,0.5337,0.04,HOLD,,0,-1
2020-10-02 04:00:00,2020-10-02 00:00:00,0.5368,0.04,HOLD,,1,-1
2020-10-02 08:00:00,2020-10-02 04:00:00,0.5351,0.04,HOLD,,1,-1
2020-10-02 12:00:00,2020-10-02 08:00:00,0.5326,0.04,HOLD,,1,-1
2020-10-02 16:00:00,2020-10-02 12:00:00,0.5318,0.04,HOLD,,1,-1
2020-10-02 20:00:00,2020-10-02 16:00:00,0.5256,0.04,HOLD,,1,-1
2020-10-05 00:00:00,2020-10-02 20:00:00,0.5208,0.04,HOLD,,1,-1
2020-10-05 04:00:00,2020-10-05 00:00:00,0.5194,0.04,HOLD,,1,-1
2020-10-05 08:00:00,2020-10-05 04:00:00,0.5196,0.04,HOLD,,1,-1
2020-10-05 12:00:00,2020-10-05 08:00:00,0.5205,0.04,HOLD,,1,-1
2020-10-05 16:00:00,2020-10-05 12:00:00,0.5216,0.04,HOLD,,0,-1
2020-10-05 20:00:00,2020-10-05 16:00:00,0.5254,0.04,HOLD,,0,-1
2020-10-06 00:00:00,2020-10-05 20:00:00,0.526,0.04,HOLD,,0,-1
2020-10-06 04:00:00,2020-10-06 00:00:00,0.5256,0.04,HOLD,,0,-1
2020-10-06 08:00:00,2020-10-06 04:00:00,0.5269,0.04,HOLD,,0,-1
2020-10-06 12:00:00,2020-10-06 08:00:00,0.5253,0.04,HOLD,,0,-1
2020-10-06 16:00:00,2020-10-06 12:00:00,0.5247,0.04,HOLD,,0,-1
2020-10-06 20:00:00,2020-10-06 16:00:00,0.5284,0.04,HOLD,,1,-1
2020-10-07 00:00:00,2020-10-06 20:00:00,0.5333,0.04,HOLD,,1,-1
2020-10-07 04:00:00,2020-10-07 00:00:00,0.5381,0.04,HOLD,,1,-1
2020-10-07 08:00:00,2020-10-07 04:00:00,0.5409,0.04,BUY,True,1,1
2020-10-07 12:00:00,2020-10-07 08:00:00,0.5429,0.04,BUY,False,0,1
2020-10-07 16:00:00,2020-10-07 12:00:00,0.5424,0.04,BUY,False,0,1
2020-10-07 20:00:00,2020-10-07 16:00:00,0.5398,0.04,HOLD,,0,-1
2020-10-08 00:00:00,2020-10-07 20:00:00,0.5424,0.04,BUY,False,0,1
2020-10-08 04:00:00,2020-10-08 00:00:00,0.5427,0.04,BUY,True,1,1
2020-10-08 08:00:00,2020-10-08 04:00:00,0.5447,0.04,BUY,True,1,1
2020-10-08 12:00:00,2020-10-08 08:00:00,0.5479,0.04,BUY,True,1,1
2020-10-08 16:00:00,2020-10-08 12:00:00,0.5506,0.04,BUY,True,1,1
2020-10-08 20:00:00,2020-10-08 16:00:00,0.5515,0.04,BUY,True,1,1
2020-10-09 00:00:00,2020-10-08 20:00:00,0.5508,0.04,BUY,True,1,1
2020-10-09 04:00:00,2020-10-09 00:00:00,0.5483,0.04,BUY,True,1,1
2020-10-09 08:00:00,2020-10-09 04:00:00,0.5473,0.04,BUY,True,1,1
2020-10-09 12:00:00,2020-10-09 08:00:00,0.5429,0.04,BUY,True,1,1
2020-10-09 16:00:00,2020-10-09 12:00:00,0.541,0.04,BUY,False,0,1
2020-10-09 20:00:00,2020-10-09 16:00:00,0.5396,0.04,HOLD,,0,-1
2020-10-12 00:00:00,2020-10-09 20:00:00,0.5373,0.04,HOLD,,0,-1
2020-10-12 04:00:00,2020-10-12 00:00:00,0.5344,0.04,HOLD,,0,-1
2020-10-12 08:00:00,2020-10-12 04:00:00,0.5317,0.04,HOLD,,0,-1
2020-10-12 12:00:00,2020-10-12 08:00:00,0.5319,0.04,HOLD,,0,-1
2020-10-12 16:00:00,2020-10-12 12:00:00,0.5311,0.04,HOLD,,0,-1
2020-10-12 20:00:00,2020-10-12 16:00:00,0.534,0.04,HOLD,,0,-1
2020-10-13 00:00:00,2020-10-12 20:00:00,0.5374,0.04,HOLD,,0,-1
2020-10-13 04:00:00,2020-10-13 00:00:00,0.5358,0.04,HOLD,,0,-1
2020-10-13 08:00:00,2020-10-13 04:00:00,0.5348,0.04,HOLD,,0,-1
2020-10-13 12:00:00,2020-10-13 08:00:00,0.5354,0.04,HOLD,,0,-1
2020-10-13 16:00:00,2020-10-13 12:00:00,0.5328,0.04,HOLD,,1,-1
2020-10-13 20:00:00,2020-10-13 16:00:00,0.5335,0.04,HOLD,,1,-1
2020-10-14 00:00:00,2020-10-13 20:00:00,0.5341,0.04,HOLD,,1,-1
2020-10-14 04:00:00,2020-10-14 00:00:00,0.5299,0.04,HOLD,,1,-1
2020-10-14 08:00:00,2020-10-14 04:00:00,0.5255,0.04,HOLD,,0,-1
2020-10-14 12:00:00,2020-10-14 08:00:00,0.5239,0.04,HOLD,,0,-1
2020-10-14 16:00:00,2020-10-14 12:00:00,0.5275,0.04,HOLD,,0,-1
2020-10-14 20:00:00,2020-10-14 16:00:00,0.5319,0.04,HOLD,,0,-1
2020-10-15 00:00:00,2020-10-14 20:00:00,0.5327,0.04,HOLD,,0,-1
2020-10-15 04:00:00,2020-10-15 00:00:00,0.5325,0.04,HOLD,,0,-1
2020-10-15 08:00:00,2020-10-15 04:00:00,0.5326,0.04,HOLD,,0,-1
2020-10-15 12:00:00,2020-10-15 08:00:00,0.5336,0.04,HOLD,,1,-1
2020-10-15 16:00:00,2020-10-15 12:00:00,0.5355,0.04,HOLD,,1,-1
2020-10-15 20:00:00,2020-10-15 16:00:00,0.5358,0.04,HOLD,,1,-1
2020-10-16 00:00:00,2020-10-15 20:00:00,0.5336,0.04,HOLD,,1,-1
2020-10-16 04:00:00,2020-10-16 00:00:00,0.5357,0.04,HOLD,,1,-1
2020-10-16 08:00:00,2020-10-16 04:00:00,0.5378,0.04,HOLD,,1,-1
2020-10-16 12:00:00,2020-10-16 08:00:00,0.5415,0.04,BUY,True,1,1
2020-10-16 16:00:00,2020-10-16 12:00:00,0.5459,0.04,BUY,True,1,1
2020-10-16 20:00:00,2020-10-16 16:00:00,0.5496,0.04,BUY,True,1,1
2020-10-19 00:00:00,2020-10-16 20:00:00,0.5532,0.04,BUY,True,1,1
2020-10-19 04:00:00,2020-10-19 00:00:00,0.556,0.04,BUY,True,1,1
2020-10-19 08:00:00,2020-10-19 04:00:00,0.5561,0.04,BUY,True,1,1
2020-10-19 12:00:00,2020-10-19 08:00:00,0.5575,0.04,BUY,True,1,1
2020-10-19 16:00:00,2020-10-19 12:00:00,0.5593,0.04,BUY,True,1,1
2020-10-19 20:00:00,2020-10-19 16:00:00,0.5577,0.04,BUY,True,1,1
2020-10-20 00:00:00,2020-10-19 20:00:00,0.5588,0.04,BUY,True,1,1
2020-10-20 04:00:00,2020-10-20 00:00:00,0.5591,0.04,BUY,True,1,1
2020-10-20 08:00:00,2020-10-20 04:00:00,0.5591,0.04,BUY,True,1,1
2020-10-20 12:00:00,2020-10-20 08:00:00,0.5587,0.04,BUY,True,1,1
2020-10-20 16:00:00,2020-10-20 12:00:00,0.5581,0.04,BUY,True,1,1
2020-10-20 20:00:00,2020-10-20 16:00:00,0.5578,0.04,BUY,True,1,1
2020-10-21 00:00:00,2020-10-20 20:00:00,0.5526,0.04,BUY,True,1,1
2020-10-21 04:00:00,2020-10-21 00:00:00,0.5467,0.04,BUY,False,0,1
2020-10-21 08:00:00,2020-10-21 04:00:00,0.5457,0.04,BUY,False,0,1
2020-10-21 12:00:00,2020-10-21 08:00:00,0.5428,0.04,BUY,False,0,1
2020-10-21 16:00:00,2020-10-21 12:00:00,0.5404,0.04,BUY,False,0,1
2020-10-21 20:00:00,2020-10-21 16:00:00,0.539,0.04,HOLD,,0,-1
2020-10-22 00:00:00,2020-10-21 20:00:00,0.5399,0.04,HOLD,,0,-1
2020-10-22 04:00:00,2020-10-22 00:00:00,0.5363,0.04,HOLD,,0,-1
2020-10-22 08:00:00,2020-10-22 04:00:00,0.533,0.04,HOLD,,0,-1
2020-10-22 12:00:00,2020-10-22 08:00:00,0.532,0.04,HOLD,,1,-1
2020-10-22 16:00:00,2020-10-22 12:00:00,0.5279,0.04,HOLD,,1,-1
2020-10-22 20:00:00,2020-10-22 16:00:00,0.5217,0.04,HOLD,,1,-1
2020-10-23 00:00:00,2020-10-22 20:00:00,0.5184,0.04,HOLD,,1,-1
2020-10-23 04:00:00,2020-10-23 00:00:00,0.5183,0.04,HOLD,,1,-1
2020-10-23 08:00:00,2020-10-23 04:00:00,0.518,0.04,HOLD,,0,-1
2020-10-23 12:00:00,2020-10-23 08:00:00,0.5185,0.04,HOLD,,0,-1
2020-10-23 16:00:00,2020-10-23 12:00:00,0.5169,0.04,HOLD,,0,-1
2020-10-23 20:00:00,2020-10-23 16:00:00,0.5201,0.04,HOLD,,0,-1
2020-10-26 00:00:00,2020-10-23 20:00:00,0.5209,0.04,HOLD,,0,-1
2020-10-26 04:00:00,2020-10-26 00:00:00,0.517,0.04,HOLD,,1,-1
2020-10-26 08:00:00,2020-10-26 04:00:00,0.5144,0.04,HOLD,,0,-1
2020-10-26 12:00:00,2020-10-26 08:00:00,0.5132,0.04,HOLD,,1,-1
2020-10-26 16:00:00,2020-10-26 12:00:00,0.5136,0.04,HOLD,,1,-1
2020-10-26 20:00:00,2020-10-26 16:00:00,0.5204,0.04,HOLD,,0,-1
2020-10-27 00:00:00,2020-10-26 20:00:00,0.5252,0.04,HOLD,,0,-1
2020-10-27 04:00:00,2020-10-27 00:00:00,0.5236,0.04,HOLD,,0,-1
2020-10-27 08:00:00,2020-10-27 04:00:00,0.5214,0.04,HOLD,,0,-1
2020-10-27 12:00:00,2020-10-27 08:00:00,0.5196,0.04,HOLD,,0,-1
2020-10-27 16:00:00,2020-10-27 12:00:00,0.5189,0.04,HOLD,,0,-1
2020-10-27 20:00:00,2020-10-27 16:00:00,0.5229,0.04,HOLD,,0,-1
2020-10-28 00:00:00,2020-10-27 20:00:00,0.5284,0.04,HOLD,,0,-1
2020-10-28 04:00:00,2020-10-28 00:00:00,0.5303,0.04,HOLD,,0,-1
2020-10-28 08:00:00,2020-10-28 04:00:00,0.5313,0.04,HOLD,,0,-1
2020-10-28 12:00:00,2020-10-28 08:00:00,0.5346,0.04,HOLD,,0,-1
2020-10-28 16:00:00,2020-10-28 12:00:00,0.5392,0.04,HOLD,,0,-1
2020-10-28 20:00:00,2020-10-28 16:00:00,0.5406,0.04,BUY,False,0,1
2020-10-29 00:00:00,2020-10-28 20:00:00,0.5435,0.04,BUY,False,0,1
2020-10-29 04:00:00,2020-10-29 00:00:00,0.5453,0.04,BUY,False,0,1
2020-10-29 08:00:00,2020-10-29 04:00:00,0.5447,0.04,BUY,False,0,1
2020-10-29 12:00:00,2020-10-29 08:00:00,0.5448,0.04,BUY,False,0,1
2020-10-29 16:00:00,2020-10-29 12:00:00,0.5489,0.04,BUY,False,0,1
2020-10-29 20:00:00,2020-10-29 16:00:00,0.5486,0.04,BUY,False,0,1
2020-10-30 00:00:00,2020-10-29 20:00:00,0.5503,0.04,BUY,False,0,1
2020-10-30 04:00:00,2020-10-30 00:00:00,0.5527,0.04,BUY,False,0,1
2020-10-30 08:00:00,2020-10-30 04:00:00,0.5531,0.04,BUY,False,0,1
2020-10-30 12:00:00,2020-10-30 08:00:00,0.5539,0.04,BUY,False,0,1
2020-10-30 16:00:00,2020-10-30 12:00:00,0.5597,0.04,BUY,False,0,1
2020-10-30 20:00:00,2020-10-30 16:00:00,0.5681,0.04,BUY,False,0,1
2020-11-02 00:00:00,2020-10-30 20:00:00,0.5696,0.04,BUY,True,1,1
2020-11-02 04:00:00,2020-11-02 00:00:00,0.5741,0.04,BUY,True,1,1
2020-11-02 08:00:00,2020-11-02 04:00:00,0.5752,0.04,BUY,True,1,1
2020-11-02 12:00:00,2020-11-02 08:00:00,0.5757,0.04,BUY,True,1,1
2020-11-02 16:00:00,2020-11-02 12:00:00,0.5762,0.04,BUY,True,1,1
2020-11-02 20:00:00,2020-11-02 16:00:00,0.5758,0.04,BUY,True,1,1
2020-11-03 00:00:00,2020-11-02 20:00:00,0.5775,0.04,BUY,True,1,1
2020-11-03 04:00:00,2020-11-03 00:00:00,0.5776,0.04,BUY,True,1,1
2020-11-03 08:00:00,2020-11-03 04:00:00,0.5794,0.04,BUY,False,0,1
2020-11-03 12:00:00,2020-11-03 08:00:00,0.5829,0.04,BUY,True,1,1
2020-11-03 16:00:00,2020-11-03 12:00:00,0.5818,0.04,BUY,True,1,1
2020-11-03 20:00:00,2020-11-03 16:00:00,0.5813,0.04,BUY,True,1,1
2020-11-04 00:00:00,2020-11-03 20:00:00,0.5822,0.04,BUY,True,1,1
2020-11-04 04:00:00,2020-11-04 00:00:00,0.576,0.04,BUY,True,1,1
2020-11-04 08:00:00,2020-11-04 04:00:00,0.5692,0.04,BUY,True,1,1
2020-11-04 12:00:00,2020-11-04 08:00:00,0.5672,0.04,BUY,True,1,1
2020-11-04 16:00:00,2020-11-04 12:00:00,0.5649,0.04,BUY,True,1,1
2020-11-04 20:00:00,2020-11-04 16:00:00,0.5574,0.04,BUY,True,1,1
2020-11-05 00:00:00,2020-11-04 20:00:00,0.5562,0.04,BUY,True,1,1
2020-11-05 04:00:00,2020-11-05 00:00:00,0.557,0.04,BUY,True,1,1
2020-11-05 08:00:00,2020-11-05 04:00:00,0.556,0.04,BUY,True,1,1
2020-11-05 12:00:00,2020-11-05 08:00:00,0.5535,0.04,BUY,True,1,1
2020-11-05 16:00:00,2020-11-05 12:00:00,0.5498,0.04,BUY,True,1,1
2020-11-05 20:00:00,2020-11-05 16:00:00,0.5405,0.04,BUY,True,1,1
2020-11-06 00:00:00,2020-11-05 20:00:00,0.5319,0.04,HOLD,,1,-1
2020-11-06 04:00:00,2020-11-06 00:00:00,0.5277,0.04,HOLD,,1,-1
2020-11-06 08:00:00,2020-11-06 04:00:00,0.5277,0.04,HOLD,,1,-1
2020-11-06 12:00:00,2020-11-06 08:00:00,0.5271,0.04,HOLD,,1,-1
2020-11-06 16:00:00,2020-11-06 12:00:00,0.5225,0.04,HOLD,,0,-1
2020-11-06 20:00:00,2020-11-06 16:00:00,0.5219,0.04,HOLD,,0,-1
2020-11-09 00:00:00,2020-11-06 20:00:00,0.517,0.04,HOLD,,0,-1
2020-11-09 04:00:00,2020-11-09 00:00:00,0.5101,0.04,HOLD,,0,-1
2020-11-09 08:00:00,2020-11-09 04:00:00,0.5076,0.04,HOLD,,0,-1
2020-11-09 12:00:00,2020-11-09 08:00:00,0.5044,0.04,HOLD,,0,-1
2020-11-09 16:00:00,2020-11-09 12:00:00,0.5016,0.04,HOLD,,1,-1
2020-11-09 20:00:00,2020-11-09 16:00:00,0.5026,0.04,HOLD,,1,-1
2020-11-10 00:00:00,2020-11-09 20:00:00,0.5001,0.04,HOLD,,1,-1
2020-11-10 04:00:00,2020-11-10 00:00:00,0.4998,0.04,HOLD,,0,-1
2020-11-10 08:00:00,2020-11-10 04:00:00,0.5015,0.04,HOLD,,0,-1
2020-11-10 12:00:00,2020-11-10 08:00:00,0.5042,0.04,HOLD,,0,-1
2020-11-10 16:00:00,2020-11-10 12:00:00,0.509,0.04,HOLD,,0,-1
2020-11-10 20:00:00,2020-11-10 16:00:00,0.5155,0.04,HOLD,,0,-1
2020-11-11 00:00:00,2020-11-10 20:00:00,0.5195,0.04,HOLD,,0,-1
2020-11-11 04:00:00,2020-11-11 00:00:00,0.5184,0.04,HOLD,,0,-1
2020-11-11 08:00:00,2020-11-11 04:00:00,0.5205,0.04,HOLD,,1,-1
2020-11-11 12:00:00,2020-11-11 08:00:00,0.5117,0.04,HOLD,,1,-1
2020-11-11 16:00:00,2020-11-11 12:00:00,0.5129,0.04,HOLD,,1,-1
2020-11-11 20:00:00,2020-11-11 16:00:00,0.5211,0.04,HOLD,,1,-1
2020-11-12 00:00:00,2020-11-11 20:00:00,0.5238,0.04,HOLD,,1,-1
2020-11-12 04:00:00,2020-11-12 00:00:00,0.5272,0.04,HOLD,,1,-1
2020-11-12 08:00:00,2020-11-12 04:00:00,0.5305,0.04,HOLD,,1,-1
2020-11-12 12:00:00,2020-11-12 08:00:00,0.532,0.04,HOLD,,1,-1
2020-11-12 16:00:00,2020-11-12 12:00:00,0.5392,0.04,HOLD,,1,-1
2020-11-12 20:00:00,2020-11-12 16:00:00,0.5495,0.04,BUY,True,1,1
2020-11-13 00:00:00,2020-11-12 20:00:00,0.5508,0.04,BUY,True,1,1
2020-11-13 04:00:00,2020-11-13 00:00:00,0.5507,0.04,BUY,True,1,1
2020-11-13 08:00:00,2020-11-13 04:00:00,0.552,0.04,BUY,True,1,1
2020-11-13 12:00:00,2020-11-13 08:00:00,0.5518,0.04,BUY,True,1,1
2020-11-13 16:00:00,2020-11-13 12:00:00,0.5556,0.04,BUY,True,1,1
2020-11-13 20:00:00,2020-11-13 16:00:00,0.562,0.04,BUY,True,1,1
2020-11-16 00:00:00,2020-11-13 20:00:00,0.5629,0.04,BUY,True,1,1
2020-11-16 04:00:00,2020-11-16 00:00:00,0.5626,0.04,BUY,True,1,1
2020-11-16 08:00:00,2020-11-16 04:00:00,0.5637,0.04,BUY,True,1,1
2020-11-16 12:00:00,2020-11-16 08:00:00,0.5636,0.04,BUY,True,1,1
2020-11-16 16:00:00,2020-11-16 12:00:00,0.5624,0.04,BUY,True,1,1
2020-11-16 20:00:00,2020-11-16 16:00:00,0.5631,0.04,BUY,True,1,1
2020-11-17 00:00:00,2020-11-16 20:00:00,0.5586,0.04,BUY,False,0,1
2020-11-17 04:00:00,2020-11-17 00:00:00,0.5495,0.04,BUY,True,1,1
2020-11-17 08:00:00,2020-11-17 04:00:00,0.5486,0.04,BUY,True,1,1
2020-11-17 12:00:00,2020-11-17 08:00:00,0.5506,0.04,BUY,False,0,1
2020-11-17 16:00:00,2020-11-17 12:00:00,0.5487,0.04,BUY,True,1,1
2020-11-17 20:00:00,2020-11-17 16:00:00,0.5427,0.04,BUY,False,0,1
2020-11-18 00:00:00,2020-11-17 20:00:00,0.5439,0.04,BUY,False,0,1
2020-11-18 04:00:00,2020-11-18 00:00:00,0.5418,0.04,BUY,False,0,1
2020-11-18 08:00:00,2020-11-18 04:00:00,0.5419,0.04,BUY,False,0,1
2020-11-18 12:00:00,2020-11-18 08:00:00,0.5426,0.04,BUY,False,0,1
2020-11-18 16:00:00,2020-11-18 12:00:00,0.5387,0.04,HOLD,,0,-1
2020-11-18 20:00:00,2020-11-18 16:00:00,0.5328,0.04,HOLD,,1,-1
2020-11-19 00:00:00,2020-11-18 20:00:00,0.5282,0.04,HOLD,,1,-1
2020-11-19 04:00:00,2020-11-19 00:00:00,0.5302,0.04,HOLD,,1,-1
2020-11-19 08:00:00,2020-11-19 04:00:00,0.5315,0.04,HOLD,,1,-1
2020-11-19 12:00:00,2020-11-19 08:00:00,0.5308,0.04,HOLD,,1,-1
2020-11-19 16:00:00,2020-11-19 12:00:00,0.5329,0.04,HOLD,,1,-1
2020-11-19 20:00:00,2020-11-19 16:00:00,0.5369,0.04,HOLD,,0,-1
2020-11-20 00:00:00,2020-11-19 20:00:00,0.5361,0.04,HOLD,,0,-1
2020-11-20 04:00:00,2020-11-20 00:00:00,0.5365,0.04,HOLD,,0,-1
2020-11-20 08:00:00,2020-11-20 04:00:00,0.5376,0.04,HOLD,,1,-1
2020-11-20 12:00:00,2020-11-20 08:00:00,0.5365,0.04,HOLD,,1,-1
2020-11-20 16:00:00,2020-11-20 12:00:00,0.5385,0.04,HOLD,,0,-1
2020-11-20 20:00:00,2020-11-20 16:00:00,0.5402,0.04,BUY,False,0,1
2020-11-23 00:00:00,2020-11-20 20:00:00,0.5405,0.04,BUY,False,0,1
2020-11-23 04:00:00,2020-11-23 00:00:00,0.5431,0.04,BUY,False,0,1
2020-11-23 08:00:00,2020-11-23 04:00:00,0.5448,0.04,BUY,True,1,1
2020-11-23 12:00:00,2020-11-23 08:00:00,0.5481,0.04,BUY,False,0,1
2020-11-23 16:00:00,2020-11-23 12:00:00,0.5499,0.04,BUY,True,1,1
2020-11-23 20:00:00,2020-11-23 16:00:00,0.547,0.04,BUY,True,1,1
2020-11-24 00:00:00,2020-11-23 20:00:00,0.5464,0.04,BUY,True,1,1
2020-11-24 04:00:00,2020-11-24 00:00:00,0.5502,0.04,BUY,True,1,1
2020-11-24 08:00:00,2020-11-24 04:00:00,0.5538,0.04,BUY,True,1,1
2020-11-24 12:00:00,2020-11-24 08:00:00,0.555,0.04,BUY,True,1,1
2020-11-24 16:00:00,2020-11-24 12:00:00,0.5539,0.04,BUY,True,1,1
2020-11-24 20:00:00,2020-11-24 16:00:00,0.5586,0.04,BUY,True,1,1
2020-11-25 00:00:00,2020-11-24 20:00:00,0.5575,0.04,BUY,True,1,1
2020-11-25 04:00:00,2020-11-25 00:00:00,0.5551,0.04,BUY,True,1,1
2020-11-25 08:00:00,2020-11-25 04:00:00,0.553,0.04,BUY,False,0,1
2020-11-25 12:00:00,2020-11-25 08:00:00,0.5537,0.04,BUY,False,0,1
2020-11-25 16:00:00,2020-11-25 12:00:00,0.5568,0.04,BUY,False,0,1
2020-11-25 20:00:00,2020-11-25 16:00:00,0.5545,0.04,BUY,False,0,1
2020-11-26 00:00:00,2020-11-25 20:00:00,0.5517,0.04,BUY,False,0,1
2020-11-26 04:00:00,2020-11-26 00:00:00,0.5499,0.04,BUY,True,1,1
2020-11-26 08:00:00,2020-11-26 04:00:00,0.5453,0.04,BUY,True,1,1
2020-11-26 12:00:00,2020-11-26 08:00:00,0.5449,0.04,BUY,True,1,1
2020-11-26 16:00:00,2020-11-26 12:00:00,0.5435,0.04,BUY,True,1,1
2020-11-26 20:00:00,2020-11-26 16:00:00,0.5401,0.04,BUY,True,1,1
2020-11-27 00:00:00,2020-11-26 20:00:00,0.5409,0.04,BUY,True,1,1
2020-11-27 04:00:00,2020-11-27 00:00:00,0.5469,0.04,BUY,True,1,1
2020-11-27 08:00:00,2020-11-27 04:00:00,0.5485,0.04,BUY,True,1,1
2020-11-27 12:00:00,2020-11-27 08:00:00,0.5504,0.04,BUY,True,1,1
2020-11-27 16:00:00,2020-11-27 12:00:00,0.5503,0.04,BUY,False,0,1
2020-11-27 20:00:00,2020-11-27 16:00:00,0.5483,0.04,BUY,False,0,1
2020-11-30 00:00:00,2020-11-27 20:00:00,0.5483,0.04,BUY,False,0,1
2020-11-30 04:00:00,2020-11-30 00:00:00,0.5462,0.04,BUY,False,0,1
2020-11-30 08:00:00,2020-11-30 04:00:00,0.5476,0.04,BUY,False,0,1
2020-11-30 12:00:00,2020-11-30 08:00:00,0.5473,0.04,BUY,True,1,1
2020-11-30 16:00:00,2020-11-30 12:00:00,0.546,0.04,BUY,True,1,1
2020-11-30 20:00:00,2020-11-30 16:00:00,0.549,0.04,BUY,True,1,1
2020-12-01 00:00:00,2020-11-30 20:00:00,0.5437,0.04,BUY,True,1,1
2020-12-01 04:00:00,2020-12-01 00:00:00,0.5385,0.04,HOLD,,1,-1
2020-12-01 08:00:00,2020-12-01 04:00:00,0.5379,0.04,HOLD,,1,-1
2020-12-01 12:00:00,2020-12-01 08:00:00,0.5396,0.04,HOLD,,1,-1
2020-12-01 16:00:00,2020-12-01 12:00:00,0.5432,0.04,BUY,True,1,1
2020-12-01 20:00:00,2020-12-01 16:00:00,0.5439,0.04,BUY,True,1,1
2020-12-02 00:00:00,2020-12-01 20:00:00,0.5397,0.04,HOLD,,1,-1
2020-12-02 04:00:00,2020-12-02 00:00:00,0.5412,0.04,BUY,True,1,1
2020-12-02 08:00:00,2020-12-02 04:00:00,0.5421,0.04,BUY,True,1,1
2020-12-02 12:00:00,2020-12-02 08:00:00,0.5413,0.04,BUY,True,1,1
2020-12-02 16:00:00,2020-12-02 12:00:00,0.5404,0.04,BUY,True,1,1
2020-12-02 20:00:00,2020-12-02 16:00:00,0.5355,0.04,HOLD,,1,-1
2020-12-03 00:00:00,2020-12-02 20:00:00,0.5338,0.04,HOLD,,1,-1
2020-12-03 04:00:00,2020-12-03 00:00:00,0.5317,0.04,HOLD,,1,-1
2020-12-03 08:00:00,2020-12-03 04:00:00,0.5295,0.04,HOLD,,1,-1
2020-12-03 12:00:00,2020-12-03 08:00:00,0.5262,0.04,HOLD,,0,-1
2020-12-03 16:00:00,2020-12-03 12:00:00,0.5233,0.04,HOLD,,0,-1
2020-12-03 20:00:00,2020-12-03 16:00:00,0.5158,0.04,HOLD,,0,-1
2020-12-04 00:00:00,2020-12-03 20:00:00,0.5137,0.04,HOLD,,0,-1
2020-12-04 04:00:00,2020-12-04 00:00:00,0.5131,0.04,HOLD,,0,-1
2020-12-04 08:00:00,2020-12-04 04:00:00,0.5085,0.04,HOLD,,0,-1
2020-12-04 12:00:00,2020-12-04 08:00:00,0.5077,0.04,HOLD,,0,-1
2020-12-04 16:00:00,2020-12-04 12:00:00,0.5062,0.04,HOLD,,0,-1
2020-12-04 20:00:00,2020-12-04 16:00:00,0.504,0.04,HOLD,,0,-1
2020-12-07 00:00:00,2020-12-04 20:00:00,0.5069,0.04,HOLD,,0,-1
2020-12-07 04:00:00,2020-12-07 00:00:00,0.5078,0.04,HOLD,,0,-1
2020-12-07 08:00:00,2020-12-07 04:00:00,0.5101,0.04,HOLD,,1,-1
2020-12-07 12:00:00,2020-12-07 08:00:00,0.5096,0.04,HOLD,,0,-1
2020-12-07 16:00:00,2020-12-07 12:00:00,0.51,0.04,HOLD,,0,-1
2020-12-07 20:00:00,2020-12-07 16:00:00,0.5106,0.04,HOLD,,0,-1
2020-12-08 00:00:00,2020-12-07 20:00:00,0.5085,0.04,HOLD,,1,-1
2020-12-08 04:00:00,2020-12-08 00:00:00,0.503,0.04,HOLD,,1,-1
2020-12-08 08:00:00,2020-12-08 04:00:00,0.503,0.04,HOLD,,0,-1
2020-12-08 12:00:00,2020-12-08 08:00:00,0.5073,0.04,HOLD,,1,-1
2020-12-08 16:00:00,2020-12-08 12:00:00,0.5111,0.04,HOLD,,0,-1
2020-12-08 20:00:00,2020-12-08 16:00:00,0.5128,0.04,HOLD,,0,-1
2020-12-09 00:00:00,2020-12-08 20:00:00,0.5189,0.04,HOLD,,0,-1
2020-12-09 04:00:00,2020-12-09 00:00:00,0.5267,0.04,HOLD,,0,-1
2020-12-09 08:00:00,2020-12-09 04:00:00,0.5291,0.04,HOLD,,0,-1
2020-12-09 12:00:00,2020-12-09 08:00:00,0.532,0.04,HOLD,,1,-1
2020-12-09 16:00:00,2020-12-09 12:00:00,0.5326,0.04,HOLD,,1,-1
2020-12-09 20:00:00,2020-12-09 16:00:00,0.5329,0.04,HOLD,,1,-1
2020-12-10 00:00:00,2020-12-09 20:00:00,0.5389,0.04,HOLD,,1,-1
2020-12-10 04:00:00,2020-12-10 00:00:00,0.5449,0.04,BUY,True,1,1
2020-12-10 08:00:00,2020-12-10 04:00:00,0.5472,0.04,BUY,True,1,1
2020-12-10 12:00:00,2020-12-10 08:00:00,0.551,0.04,BUY,False,0,1
2020-12-10 16:00:00,2020-12-10 12:00:00,0.5536,0.04,BUY,False,0,1
2020-12-10 20:00:00,2020-12-10 16:00:00,0.5575,0.04,BUY,False,0,1
2020-12-11 00:00:00,2020-12-10 20:00:00,0.5631,0.04,BUY,False,0,1
2020-12-11 04:00:00,2020-12-11 00:00:00,0.5608,0.04,BUY,False,0,1
2020-12-11 08:00:00,2020-12-11 04:00:00,0.5615,0.04,BUY,True,1,1
2020-12-11 12:00:00,2020-12-11 08:00:00,0.5615,0.04,BUY,True,1,1
2020-12-11 16:00:00,2020-12-11 12:00:00,0.5647,0.04,BUY,True,1,1
2020-12-11 20:00:00,2020-12-11 16:00:00,0.5648,0.04,BUY,True,1,1
2020-12-14 00:00:00,2020-12-11 20:00:00,0.5639,0.04,BUY,True,1,1
2020-12-14 04:00:00,2020-12-14 00:00:00,0.5608,0.04,BUY,True,1,1
2020-12-14 08:00:00,2020-12-14 04:00:00,0.5582,0.04,BUY,True,1,1
2020-12-14 12:00:00,2020-12-14 08:00:00,0.5592,0.04,BUY,False,0,1
2020-12-14 16:00:00,2020-12-14 12:00:00,0.5547,0.04,BUY,True,1,1
2020-12-14 20:00:00,2020-12-14 16:00:00,0.5538,0.04,BUY,True,1,1
2020-12-15 00:00:00,2020-12-14 20:00:00,0.5596,0.04,BUY,False,0,1
2020-12-15 04:00:00,2020-12-15 00:00:00,0.5546,0.04,BUY,True,1,1
2020-12-15 08:00:00,2020-12-15 04:00:00,0.5496,0.04,BUY,True,1,1
2020-12-15 12:00:00,2020-12-15 08:00:00,0.5494,0.04,BUY,True,1,1
2020-12-15 16:00:00,2020-12-15 12:00:00,0.5488,0.04,BUY,True,1,1
2020-12-15 20:00:00,2020-12-15 16:00:00,0.5482,0.04,BUY,True,1,1
2020-12-16 00:00:00,2020-12-15 20:00:00,0.5449,0.04,BUY,True,1,1
2020-12-16 04:00:00,2020-12-16 00:00:00,0.542,0.04,BUY,True,1,1
2020-12-16 08:00:00,2020-12-16 04:00:00,0.5404,0.04,BUY,True,1,1
2020-12-16 12:00:00,2020-12-16 08:00:00,0.5419,0.04,BUY,True,1,1
2020-12-16 16:00:00,2020-12-16 12:00:00,0.5433,0.04,BUY,True,1,1
2020-12-16 20:00:00,2020-12-16 16:00:00,0.5385,0.04,HOLD,,1,-1
2020-12-17 00:00:00,2020-12-16 20:00:00,0.5325,0.04,HOLD,,1,-1
2020-12-17 04:00:00,2020-12-17 00:00:00,0.5252,0.04,HOLD,,1,-1
2020-12-17 08:00:00,2020-12-17 04:00:00,0.5236,0.04,HOLD,,1,-1
2020-12-17 12:00:00,2020-12-17 08:00:00,0.5243,0.04,HOLD,,1,-1
2020-12-17 16:00:00,2020-12-17 12:00:00,0.5233,0.04,HOLD,,0,-1
2020-12-17 20:00:00,2020-12-17 16:00:00,0.5229,0.04,HOLD,,0,-1
2020-12-18 00:00:00,2020-12-17 20:00:00,0.5239,0.04,HOLD,,0,-1
2020-12-18 04:00:00,2020-12-18 00:00:00,0.5231,0.04,HOLD,,0,-1
2020-12-18 08:00:00,2020-12-18 04:00:00,0.5258,0.04,HOLD,,0,-1
2020-12-18 12:00:00,2020-12-18 08:00:00,0.5265,0.04,HOLD,,0,-1
2020-12-18 16:00:00,2020-12-18 12:00:00,0.5232,0.04,HOLD,,0,-1
2020-12-18 20:00:00,2020-12-18 16:00:00,0.5197,0.04,HOLD,,0,-1
2020-12-21 00:00:00,2020-12-18 20:00:00,0.5186,0.04,HOLD,,1,-1
2020-12-21 04:00:00,2020-12-21 00:00:00,0.5182,0.04,HOLD,,1,-1
2020-12-21 08:00:00,2020-12-21 04:00:00,0.5212,0.04,HOLD,,1,-1
2020-12-21 12:00:00,2020-12-21 08:00:00,0.5233,0.04,HOLD,,1,-1
2020-12-21 16:00:00,2020-12-21 12:00:00,0.5279,0.04,HOLD,,0,-1
2020-12-21 20:00:00,2020-12-21 16:00:00,0.5318,0.04,HOLD,,0,-1
2020-12-22 00:00:00,2020-12-21 20:00:00,0.5299,0.04,HOLD,,0,-1
2020-12-22 04:00:00,2020-12-22 00:00:00,0.5293,0.04,HOLD,,0,-1
2020-12-22 08:00:00,2020-12-22 04:00:00,0.5304,0.04,HOLD,,0,-1
2020-12-22 12:00:00,2020-12-22 08:00:00,0.5314,0.04,HOLD,,0,-1
2020-12-22 16:00:00,2020-12-22 12:00:00,0.5292,0.04,HOLD,,1,-1
2020-12-22 20:00:00,2020-12-22 16:00:00,0.5281,0.04,HOLD,,1,-1
2020-12-23 00:00:00,2020-12-22 20:00:00,0.53,0.04,HOLD,,1,-1
2020-12-23 04:00:00,2020-12-23 00:00:00,0.5334,0.04,HOLD,,1,-1
2020-12-23 08:00:00,2020-12-23 04:00:00,0.5318,0.04,HOLD,,0,-1
2020-12-23 12:00:00,2020-12-23 08:00:00,0.5347,0.04,HOLD,,1,-1
2020-12-23 16:00:00,2020-12-23 12:00:00,0.5401,0.04,BUY,False,0,1
2020-12-23 20:00:00,2020-12-23 16:00:00,0.5434,0.04,BUY,False,0,1
2020-12-24 00:00:00,2020-12-23 20:00:00,0.5412,0.04,BUY,False,0,1
2020-12-24 04:00:00,2020-12-24 00:00:00,0.5376,0.04,HOLD,,1,-1
2020-12-24 08:00:00,2020-12-24 04:00:00,0.5419,0.04,BUY,True,1,1
2020-12-24 12:00:00,2020-12-24 08:00:00,0.5453,0.04,BUY,True,1,1
2020-12-24 16:00:00,2020-12-24 12:00:00,0.5492,0.04,BUY,True,1,1
2020-12-24 20:00:00,2020-12-24 16:00:00,0.5505,0.04,BUY,True,1,1
2020-12-28 00:00:00,2020-12-24 20:00:00,0.5534,0.04,BUY,True,1,1
2020-12-28 04:00:00,2020-12-28 00:00:00,0.5562,0.04,BUY,True,1,1
2020-12-28 08:00:00,2020-12-28 04:00:00,0.5546,0.04,BUY,True,1,1
2020-12-28 12:00:00,2020-12-28 08:00:00,0.5511,0.04,BUY,True,1,1
2020-12-28 16:00:00,2020-12-28 12:00:00,0.5513,0.04,BUY,True,1,1
2020-12-28 20:00:00,2020-12-28 16:00:00,0.5514,0.04,BUY,True,1,1
2020-12-29 00:00:00,2020-12-28 20:00:00,0.5479,0.04,BUY,True,1,1
2020-12-29 04:00:00,2020-12-29 00:00:00,0.5478,0.04,BUY,True,1,1
2020-12-29 08:00:00,2020-12-29 04:00:00,0.542,0.04,BUY,True,1,1
2020-12-29 12:00:00,2020-12-29 08:00:00,0.5371,0.04,HOLD,,1,-1
2020-12-29 16:00:00,2020-12-29 12:00:00,0.5356,0.04,HOLD,,1,-1
2020-12-29 20:00:00,2020-12-29 16:00:00,0.5305,0.04,HOLD,,1,-1
2020-12-30 00:00:00,2020-12-29 20:00:00,0.5369,0.04,HOLD,,1,-1
2020-12-30 04:00:00,2020-12-30 00:00:00,0.5412,0.04,BUY,True,1,1
2020-12-30 08:00:00,2020-12-30 04:00:00,0.5405,0.04,BUY,True,1,1
2020-12-30 12:00:00,2020-12-30 08:00:00,0.5374,0.04,HOLD,,0,-1
2020-12-30 16:00:00,2020-12-30 12:00:00,0.5357,0.04,HOLD,,0,-1
2020-12-30 20:00:00,2020-12-30 16:00:00,0.5371,0.04,HOLD,,0,-1
2020-12-31 00:00:00,2020-12-30 20:00:00,0.5321,0.04,HOLD,,0,-1
2021-01-04 00:00:00,2020-12-31 20:00:00,0.4585,0.025,SELL,False,1,0
2021-01-04 04:00:00,2021-01-04 00:00:00,0.453,0.025,SELL,False,1,0
2021-01-04 08:00:00,2021-01-04 04:00:00,0.4585,0.025,SELL,True,0,0
2021-01-04 12:00:00,2021-01-04 08:00:00,0.4571,0.025,SELL,True,0,0
2021-01-04 16:00:00,2021-01-04 12:00:00,0.455,0.025,SELL,False,1,0
2021-01-04 20:00:00,2021-01-04 16:00:00,0.454,0.025,SELL,False,1,0
2021-01-05 00:00:00,2021-01-04 20:00:00,0.4517,0.025,SELL,False,1,0
2021-01-05 04:00:00,2021-01-05 00:00:00,0.4509,0.025,SELL,False,1,0
2021-01-05 08:00:00,2021-01-05 04:00:00,0.4562,0.025,SELL,False,1,0
2021-01-05 12:00:00,2021-01-05 08:00:00,0.4631,0.025,SELL,False,1,0
2021-01-05 16:00:00,2021-01-05 12:00:00,0.4691,0.025,SELL,True,0,0
2021-01-05 20:00:00,2021-01-05 16:00:00,0.462,0.025,SELL,False,1,0
2021-01-06 00:00:00,2021-01-05 20:00:00,0.4636,0.025,SELL,False,1,0
2021-01-06 04:00:00,2021-01-06 00:00:00,0.4658,0.025,SELL,False,1,0
2021-01-06 08:00:00,2021-01-06 04:00:00,0.4682,0.025,SELL,True,0,0
2021-01-06 12:00:00,2021-01-06 08:00:00,0.4716,0.025,SELL,True,0,0
2021-01-06 16:00:00,2021-01-06 12:00:00,0.4763,0.025,HOLD,,0,-1
2021-01-06 20:00:00,2021-01-06 16:00:00,0.4743,0.025,SELL,True,0,0
2021-01-07 00:00:00,2021-01-06 20:00:00,0.4743,0.025,SELL,True,0,0
2021-01-07 04:00:00,2021-01-07 00:00:00,0.475,0.025,SELL,True,0,0
2021-01-07 08:00:00,2021-01-07 04:00:00,0.4842,0.025,HOLD,,0,-1
2021-01-07 12:00:00,2021-01-07 08:00:00,0.4841,0.025,HOLD,,1,-1
2021-01-07 16:00:00,2021-01-07 12:00:00,0.4809,0.025,HOLD,,0,-1
2021-01-07 20:00:00,2021-01-07 16:00:00,0.4882,0.025,HOLD,,0,-1
2021-01-08 00:00:00,2021-01-07 20:00:00,0.4868,0.025,HOLD,,0,-1
2021-01-08 04:00:00,2021-01-08 00:00:00,0.4884,0.025,HOLD,,0,-1
2021-01-08 08:00:00,2021-01-08 04:00:00,0.4922,0.025,HOLD,,0,-1
2021-01-08 12:00:00,2021-01-08 08:00:00,0.4925,0.025,HOLD,,0,-1
2021-01-08 16:00:00,2021-01-08 12:00:00,0.4933,0.025,HOLD,,0,-1
2021-01-08 20:00:00,2021-01-08 16:00:00,0.4908,0.025,HOLD,,0,-1
2021-01-11 00:00:00,2021-01-08 20:00:00,0.4869,0.025,HOLD,,0,-1
2021-01-11 04:00:00,2021-01-11 00:00:00,0.4899,0.025,HOLD,,0,-1
2021-01-11 08:00:00,2021-01-11 04:00:00,0.4953,0.025,HOLD,,1,-1
2021-01-11 12:00:00,2021-01-11 08:00:00,0.4941,0.025,HOLD,,1,-1
2021-01-11 16:00:00,2021-01-11 12:00:00,0.502,0.025,HOLD,,1,-1
2021-01-11 20:00:00,2021-01-11 16:00:00,0.5041,0.025,HOLD,,1,-1
2021-01-12 00:00:00,2021-01-11 20:00:00,0.5015,0.025,HOLD,,1,-1
2021-01-12 04:00:00,2021-01-12 00:00:00,0.5012,0.025,HOLD,,1,-1
2021-01-12 08:00:00,2021-01-12 04:00:00,0.5053,0.025,HOLD,,1,-1
2021-01-12 12:00:00,2021-01-12 08:00:00,0.5113,0.025,HOLD,,1,-1
2021-01-12 16:00:00,2021-01-12 12:00:00,0.5088,0.025,HOLD,,0,-1
2021-01-12 20:00:00,2021-01-12 16:00:00,0.5098,0.025,HOLD,,0,-1
2021-01-13 00:00:00,2021-01-12 20:00:00,0.5157,0.025,HOLD,,0,-1
2021-01-13 04:00:00,2021-01-13 00:00:00,0.5138,0.025,HOLD,,0,-1
2021-01-13 08:00:00,2021-01-13 04:00:00,0.5124,0.025,HOLD,,0,-1
2021-01-13 12:00:00,2021-01-13 08:00:00,0.5098,0.025,HOLD,,0,-1
2021-01-13 16:00:00,2021-01-13 12:00:00,0.5175,0.025,HOLD,,1,-1
2021-01-13 20:00:00,2021-01-13 16:00:00,0.5164,0.025,HOLD,,0,-1
2021-01-14 00:00:00,2021-01-13 20:00:00,0.5103,0.025,HOLD,,0,-1
2021-01-14 04:00:00,2021-01-14 00:00:00,0.5165,0.025,HOLD,,0,-1
2021-01-14 08:00:00,2021-01-14 04:00:00,0.517,0.025,HOLD,,0,-1
2021-01-14 12:00:00,2021-01-14 08:00:00,0.5169,0.025,HOLD,,0,-1
2021-01-14 16:00:00,2021-01-14 12:00:00,0.5143,0.025,HOLD,,0,-1
2021-01-14 20:00:00,2021-01-14 16:00:00,0.5105,0.025,HOLD,,0,-1
2021-01-15 00:00:00,2021-01-14 20:00:00,0.5084,0.025,HOLD,,0,-1
2021-01-15 04:00:00,2021-01-15 00:00:00,0.5099,0.025,HOLD,,0,-1
2021-01-15 08:00:00,2021-01-15 04:00:00,0.5073,0.025,HOLD,,0,-1
2021-01-15 12:00:00,2021-01-15 08:00:00,0.5104,0.025,HOLD,,0,-1
2021-01-15 16:00:00,2021-01-15 12:00:00,0.5068,0.025,HOLD,,0,-1
2021-01-15 20:00:00,2021-01-15 16:00:00,0.513,0.025,HOLD,,0,-1
2021-01-18 00:00:00,2021-01-15 20:00:00,0.5104,0.025,HOLD,,1,-1
2021-01-18 04:00:00,2021-01-18 00:00:00,0.5067,0.025,HOLD,,1,-1
2021-01-18 08:00:00,2021-01-18 04:00:00,0.5046,0.025,HOLD,,1,-1
2021-01-18 12:00:00,2021-01-18 08:00:00,0.5024,0.025,HOLD,,1,-1
2021-01-18 16:00:00,2021-01-18 12:00:00,0.5031,0.025,HOLD,,1,-1
2021-01-18 20:00:00,2021-01-18 16:00:00,0.5014,0.025,HOLD,,1,-1
2021-01-19 00:00:00,2021-01-18 20:00:00,0.5051,0.025,HOLD,,1,-1
2021-01-19 04:00:00,2021-01-19 00:00:00,0.5071,0.025,HOLD,,1,-1
2021-01-19 08:00:00,2021-01-19 04:00:00,0.5048,0.025,HOLD,,1,-1
2021-01-19 12:00:00,2021-01-19 08:00:00,0.502,0.025,HOLD,,0,-1
2021-01-19 16:00:00,2021-01-19 12:00:00,0.5039,0.025,HOLD,,0,-1
2021-01-19 20:00:00,2021-01-19 16:00:00,0.5008,0.025,HOLD,,0,-1
2021-01-20 00:00:00,2021-01-19 20:00:00,0.5046,0.025,HOLD,,0,-1
2021-01-20 04:00:00,2021-01-20 00:00:00,0.5114,0.025,HOLD,,0,-1
2021-01-20 08:00:00,2021-01-20 04:00:00,0.5125,0.025,HOLD,,1,-1
2021-01-20 12:00:00,2021-01-20 08:00:00,0.512,0.025,HOLD,,1,-1
2021-01-20 16:00:00,2021-01-20 12:00:00,0.5092,0.025,HOLD,,1,-1
2021-01-20 20:00:00,2021-01-20 16:00:00,0.506,0.025,HOLD,,1,-1
2021-01-21 00:00:00,2021-01-20 20:00:00,0.5034,0.025,HOLD,,1,-1
2021-01-21 04:00:00,2021-01-21 00:00:00,0.5019,0.025,HOLD,,1,-1
2021-01-21 08:00:00,2021-01-21 04:00:00,0.5023,0.025,HOLD,,1,-1
2021-01-21 12:00:00,2021-01-21 08:00:00,0.4976,0.025,HOLD,,1,-1
2021-01-21 16:00:00,2021-01-21 12:00:00,0.4963,0.025,HOLD,,1,-1
2021-01-21 20:00:00,2021-01-21 16:00:00,0.4912,0.025,HOLD,,1,-1
2021-01-22 00:00:00,2021-01-21 20:00:00,0.4961,0.025,HOLD,,0,-1
2021-01-22 04:00:00,2021-01-22 00:00:00,0.4926,0.025,HOLD,,1,-1
2021-01-22 08:00:00,2021-01-22 04:00:00,0.4889,0.025,HOLD,,0,-1
2021-01-22 12:00:00,2021-01-22 08:00:00,0.4853,0.025,HOLD,,0,-1
2021-01-22 16:00:00,2021-01-22 12:00:00,0.4787,0.025,HOLD,,0,-1
2021-01-22 20:00:00,2021-01-22 16:00:00,0.476,0.025,HOLD,,0,-1
2021-01-25 00:00:00,2021-01-22 20:00:00,0.4703,0.025,SELL,True,0,0
2021-01-25 04:00:00,2021-01-25 00:00:00,0.4697,0.025,SELL,True,0,0
2021-01-25 08:00:00,2021-01-25 04:00:00,0.4636,0.025,SELL,True,0,0
2021-01-25 12:00:00,2021-01-25 08:00:00,0.4571,0.025,SELL,False,1,0
2021-01-25 16:00:00,2021-01-25 12:00:00,0.4534,0.025,SELL,False,1,0
2021-01-25 20:00:00,2021-01-25 16:00:00,0.4488,0.025,SELL,False,1,0
2021-01-26 00:00:00,2021-01-25 20:00:00,0.4485,0.025,SELL,False,1,0
2021-01-26 04:00:00,2021-01-26 00:00:00,0.4443,0.025,SELL,False,1,0
2021-01-26 08:00:00,2021-01-26 04:00:00,0.4464,0.025,SELL,True,0,0
2021-01-26 12:00:00,2021-01-26 08:00:00,0.4445,0.025,SELL,True,0,0
2021-01-26 16:00:00,2021-01-26 12:00:00,0.4455,0.025,SELL,True,0,0
2021-01-26 20:00:00,2021-01-26 16:00:00,0.45,0.025,SELL,True,0,0
2021-01-27 00:00:00,2021-01-26 20:00:00,0.4467,0.025,SELL,True,0,0
2021-01-27 04:00:00,2021-01-27 00:00:00,0.45,0.025,SELL,True,0,0
2021-01-27 08:00:00,2021-01-27 04:00:00,0.4545,0.025,SELL,True,0,0
2021-01-27 12:00:00,2021-01-27 08:00:00,0.4577,0.025,SELL,False,1,0
2021-01-27 16:00:00,2021-01-27 12:00:00,0.4577,0.025,SELL,False,1,0
2021-01-27 20:00:00,2021-01-27 16:00:00,0.457,0.025,SELL,False,1,0
2021-01-28 00:00:00,2021-01-27 20:00:00,0.4547,0.025,SELL,False,1,0
2021-01-28 04:00:00,2021-01-28 00:00:00,0.4566,0.025,SELL,True,0,0
2021-01-28 08:00:00,2021-01-28 04:00:00,0.4652,0.025,SELL,False,1,0
2021-01-28 12:00:00,2021-01-28 08:00:00,0.4725,0.025,SELL,False,1,0
2021-01-28 16:00:00,2021-01-28 12:00:00,0.4723,0.025,SELL,False,1,0
2021-01-28 20:00:00,2021-01-28 16:00:00,0.4782,0.025,HOLD,,1,-1
2021-01-29 00:00:00,2021-01-28 20:00:00,0.4785,0.025,HOLD,,1,-1
2021-01-29 04:00:00,2021-01-29 00:00:00,0.4871,0.025,HOLD,,1,-1
2021-01-29 08:00:00,2021-01-29 04:00:00,0.4942,0.025,HOLD,,0,-1
2021-01-29 12:00:00,2021-01-29 08:00:00,0.4956,0.025,HOLD,,0,-1
2021-01-29 16:00:00,2021-01-29 12:00:00,0.4952,0.025,HOLD,,0,-1
2021-01-29 20:00:00,2021-01-29 16:00:00,0.4957,0.025,HOLD,,0,-1
2021-02-01 00:00:00,2021-01-29 20:00:00,0.4958,0.025,HOLD,,0,-1
2021-02-01 04:00:00,2021-02-01 00:00:00,0.498,0.025,HOLD,,0,-1
2021-02-01 08:00:00,2021-02-01 04:00:00,0.4989,0.025,HOLD,,0,-1
2021-02-01 12:00:00,2021-02-01 08:00:00,0.5059,0.025,HOLD,,0,-1
2021-02-01 16:00:00,2021-02-01 12:00:00,0.5041,0.025,HOLD,,0,-1
2021-02-01 20:00:00,2021-02-01 16:00:00,0.5037,0.025,HOLD,,0,-1
2021-02-02 00:00:00,2021-02-01 20:00:00,0.4987,0.025,HOLD,,0,-1
2021-02-02 04:00:00,2021-02-02 00:00:00,0.4986,0.025,HOLD,,0,-1
2021-02-02 08:00:00,2021-02-02 04:00:00,0.5005,0.025,HOLD,,0,-1
2021-02-02 12:00:00,2021-02-02 08:00:00,0.5002,0.025,HOLD,,0,-1
2021-02-02 16:00:00,2021-02-02 12:00:00,0.4964,0.025,HOLD,,1,-1
2021-02-02 20:00:00,2021-02-02 16:00:00,0.5026,0.025,HOLD,,0,-1
2021-02-03 00:00:00,2021-02-02 20:00:00,0.5006,0.025,HOLD,,0,-1
2021-02-03 04:00:00,2021-02-03 00:00:00,0.5003,0.025,HOLD,,0,-1
2021-02-03 08:00:00,2021-02-03 04:00:00,0.4991,0.025,HOLD,,0,-1
2021-02-03 12:00:00,2021-02-03 08:00:00,0.4963,0.025,HOLD,,0,-1
2021-02-03 16:00:00,2021-02-03 12:00:00,0.4932,0.025,HOLD,,0,-1
2021-02-03 20:00:00,2021-02-03 16:00:00,0.4912,0.025,HOLD,,0,-1
2021-02-04 00:00:00,2021-02-03 20:00:00,0.486,0.025,HOLD,,0,-1
2021-02-04 04:00:00,2021-02-04 00:00:00,0.4856,0.025,HOLD,,0,-1
2021-02-04 08:00:00,2021-02-04 04:00:00,0.4819,0.025,HOLD,,0,-1
2021-02-04 12:00:00,2021-02-04 08:00:00,0.4795,0.025,HOLD,,1,-1
2021-02-04 16:00:00,2021-02-04 12:00:00,0.4763,0.025,HOLD,,1,-1
2021-02-04 20:00:00,2021-02-04 16:00:00,0.4802,0.025,HOLD,,1,-1
2021-02-05 00:00:00,2021-02-04 20:00:00,0.4822,0.025,HOLD,,1,-1
2021-02-05 04:00:00,2021-02-05 00:00:00,0.4841,0.025,HOLD,,1,-1
2021-02-05 08:00:00,2021-02-05 04:00:00,0.4845,0.025,HOLD,,1,-1
2021-02-05 12:00:00,2021-02-05 08:00:00,0.4845,0.025,HOLD,,1,-1
2021-02-05 16:00:00,2021-02-05 12:00:00,0.4902,0.025,HOLD,,1,-1
2021-02-05 20:00:00,2021-02-05 16:00:00,0.4957,0.025,HOLD,,1,-1
2021-02-08 00:00:00,2021-02-05 20:00:00,0.4936,0.025,HOLD,,1,-1
2021-02-08 04:00:00,2021-02-08 00:00:00,0.4922,0.025,HOLD,,1,-1
2021-02-08 08:00:00,2021-02-08 04:00:00,0.4886,0.025,HOLD,,1,-1
2021-02-08 12:00:00,2021-02-08 08:00:00,0.4879,0.025,HOLD,,1,-1
2021-02-08 16:00:00,2021-02-08 12:00:00,0.4826,0.025,HOLD,,1,-1
2021-02-08 20:00:00,2021-02-08 16:00:00,0.4781,0.025,HOLD,,1,-1
2021-02-09 00:00:00,2021-02-08 20:00:00,0.4765,0.025,HOLD,,1,-1
2021-02-09 04:00:00,2021-02-09 00:00:00,0.475,0.025,HOLD,,1,-1
2021-02-09 08:00:00,2021-02-09 04:00:00,0.4796,0.025,HOLD,,1,-1
2021-02-09 12:00:00,2021-02-09 08:00:00,0.4761,0.025,HOLD,,1,-1
2021-02-09 16:00:00,2021-02-09 12:00:00,0.473,0.025,SELL,False,1,0
2021-02-09 20:00:00,2021-02-09 16:00:00,0.4656,0.025,SELL,True,0,0
2021-02-10 00:00:00,2021-02-09 20:00:00,0.461,0.025,SELL,False,1,0
2021-02-10 04:00:00,2021-02-10 00:00:00,0.4644,0.025,SELL,False,1,0
2021-02-10 08:00:00,2021-02-10 04:00:00,0.4605,0.025,SELL,False,1,0
2021-02-10 12:00:00,2021-02-10 08:00:00,0.4558,0.025,SELL,False,1,0
2021-02-10 16:00:00,2021-02-10 12:00:00,0.4496,0.025,SELL,True,0,0
2021-02-10 20:00:00,2021-02-10 16:00:00,0.4449,0.025,SELL,False,1,0
2021-02-11 00:00:00,2021-02-10 20:00:00,0.4417,0.025,SELL,False,1,0
2021-02-11 04:00:00,2021-02-11 00:00:00,0.441,0.025,SELL,False,1,0
2021-02-11 08:00:00,2021-02-11 04:00:00,0.4367,0.025,SELL,True,0,0
2021-02-11 12:00:00,2021-02-11 08:00:00,0.4331,0.025,SELL,True,0,0
2021-02-11 16:00:00,2021-02-11 12:00:00,0.4284,0.025,SELL,True,0,0
2021-02-11 20:00:00,2021-02-11 16:00:00,0.4269,0.025,SELL,True,0,0
2021-02-12 00:00:00,2021-02-11 20:00:00,0.4232,0.025,SELL,True,0,0
2021-02-12 04:00:00,2021-02-12 00:00:00,0.4209,0.025,SELL,False,1,0
2021-02-12 08:00:00,2021-02-12 04:00:00,0.4194,0.025,SELL,False,1,0
2021-02-12 12:00:00,2021-02-12 08:00:00,0.4136,0.025,SELL,False,1,0
2021-02-12 16:00:00,2021-02-12 12:00:00,0.4175,0.025,SELL,False,1,0
2021-02-12 20:00:00,2021-02-12 16:00:00,0.423,0.025,SELL,False,1,0
2021-02-15 00:00:00,2021-02-12 20:00:00,0.4302,0.025,SELL,False,1,0
2021-02-15 04:00:00,2021-02-15 00:00:00,0.4353,0.025,SELL,True,0,0
2021-02-15 08:00:00,2021-02-15 04:00:00,0.4335,0.025,SELL,False,1,0
2021-02-15 12:00:00,2021-02-15 08:00:00,0.432,0.025,SELL,True,0,0
2021-02-15 16:00:00,2021-02-15 12:00:00,0.4329,0.025,SELL,True,0,0
2021-02-15 20:00:00,2021-02-15 16:00:00,0.4348,0.025,SELL,True,0,0
2021-02-16 00:00:00,2021-02-15 20:00:00,0.4398,0.025,SELL,True,0,0
2021-02-16 04:00:00,2021-02-16 00:00:00,0.4409,0.025,SELL,True,0,0
2021-02-16 08:00:00,2021-02-16 04:00:00,0.446,0.025,SELL,True,0,0
2021-02-16 12:00:00,2021-02-16 08:00:00,0.4538,0.025,SELL,True,0,0
2021-02-16 16:00:00,2021-02-16 12:00:00,0.4607,0.025,SELL,True,0,0
2021-02-16 20:00:00,2021-02-16 16:00:00,0.4594,0.025,SELL,True,0,0
2021-02-17 00:00:00,2021-02-16 20:00:00,0.4588,0.025,SELL,True,0,0
2021-02-17 04:00:00,2021-02-17 00:00:00,0.4657,0.025,SELL,True,0,0
2021-02-17 08:00:00,2021-02-17 04:00:00,0.4646,0.025,SELL,False,1,0
2021-02-17 12:00:00,2021-02-17 08:00:00,0.472,0.025,SELL,False,1,0
2021-02-17 16:00:00,2021-02-17 12:00:00,0.4744,0.025,SELL,False,1,0
2021-02-17 20:00:00,2021-02-17 16:00:00,0.4785,0.025,HOLD,,1,-1
2021-02-18 00:00:00,2021-02-17 20:00:00,0.4828,0.025,HOLD,,1,-1
2021-02-18 04:00:00,2021-02-18 00:00:00,0.4862,0.025,HOLD,,1,-1
2021-02-18 08:00:00,2021-02-18 04:00:00,0.4848,0.025,HOLD,,1,-1
2021-02-18 12:00:00,2021-02-18 08:00:00,0.491,0.025,HOLD,,1,-1
2021-02-18 16:00:00,2021-02-18 12:00:00,0.4906,0.025,HOLD,,1,-1
2021-02-18 20:00:00,2021-02-18 16:00:00,0.4934,0.025,HOLD,,1,-1
2021-02-19 00:00:00,2021-02-18 20:00:00,0.4925,0.025,HOLD,,1,-1
2021-02-19 04:00:00,2021-02-19 00:00:00,0.4935,0.025,HOLD,,1,-1
2021-02-19 08:00:00,2021-02-19 04:00:00,0.4933,0.025,HOLD,,0,-1
2021-02-19 12:00:00,2021-02-19 08:00:00,0.4913,0.025,HOLD,,1,-1
2021-02-19 16:00:00,2021-02-19 12:00:00,0.4887,0.025,HOLD,,1,-1
2021-02-19 20:00:00,2021-02-19 16:00:00,0.4881,0.025,HOLD,,1,-1
2021-02-22 00:00:00,2021-02-19 20:00:00,0.4947,0.025,HOLD,,1,-1
2021-02-22 04:00:00,2021-02-22 00:00:00,0.4931,0.025,HOLD,,1,-1
2021-02-22 08:00:00,2021-02-22 04:00:00,0.4912,0.025,HOLD,,1,-1
2021-02-22 12:00:00,2021-02-22 08:00:00,0.4951,0.025,HOLD,,1,-1
2021-02-22 16:00:00,2021-02-22 12:00:00,0.4934,0.025,HOLD,,0,-1
2021-02-22 20:00:00,2021-02-22 16:00:00,0.4922,0.025,HOLD,,0,-1
2021-02-23 00:00:00,2021-02-22 20:00:00,0.4904,0.025,HOLD,,0,-1
2021-02-23 04:00:00,2021-02-23 00:00:00,0.489,0.025,HOLD,,0,-1
2021-02-23 08:00:00,2021-02-23 04:00:00,0.491,0.025,HOLD,,1,-1
2021-02-23 12:00:00,2021-02-23 08:00:00,0.4887,0.025,HOLD,,0,-1
2021-02-23 16:00:00,2021-02-23 12:00:00,0.4896,0.025,HOLD,,0,-1
2021-02-23 20:00:00,2021-02-23 16:00:00,0.4856,0.025,HOLD,,1,-1
2021-02-24 00:00:00,2021-02-23 20:00:00,0.4821,0.025,HOLD,,0,-1
2021-02-24 04:00:00,2021-02-24 00:00:00,0.4813,0.025,HOLD,,1,-1
2021-02-24 08:00:00,2021-02-24 04:00:00,0.4781,0.025,HOLD,,1,-1
2021-02-24 12:00:00,2021-02-24 08:00:00,0.4748,0.025,SELL,False,1,0
2021-02-24 16:00:00,2021-02-24 12:00:00,0.4715,0.025,SELL,False,1,0
2021-02-24 20:00:00,2021-02-24 16:00:00,0.4694,0.025,SELL,False,1,0
2021-02-25 00:00:00,2021-02-24 20:00:00,0.4693,0.025,SELL,False,1,0
2021-02-25 04:00:00,2021-02-25 00:00:00,0.4701,0.025,SELL,True,0,0
2021-02-25 08:00:00,2021-02-25 04:00:00,0.4732,0.025,SELL,True,0,0
2021-02-25 12:00:00,2021-02-25 08:00:00,0.4669,0.025,SELL,True,0,0
2021-02-25 16:00:00,2021-02-25 12:00:00,0.4706,0.025,SELL,True,0,0
2021-02-25 20:00:00,2021-02-25 16:00:00,0.4706,0.025,SELL,True,0,0
2021-02-26 00:00:00,2021-02-25 20:00:00,0.4638,0.025,SELL,True,0,0
2021-02-26 04:00:00,2021-02-26 00:00:00,0.4682,0.025,SELL,True,0,0
2021-02-26 08:00:00,2021-02-26 04:00:00,0.4676,0.025,SELL,True,0,0
2021-02-26 12:00:00,2021-02-26 08:00:00,0.4679,0.025,SELL,True,0,0
2021-02-26 16:00:00,2021-02-26 12:00:00,0.477,0.025,HOLD,,0,-1
2021-02-26 20:00:00,2021-02-26 16:00:00,0.4769,0.025,HOLD,,0,-1
2021-03-01 00:00:00,2021-02-26 20:00:00,0.4759,0.025,HOLD,,0,-1
2021-03-01 04:00:00,2021-03-01 00:00:00,0.4756,0.025,HOLD,,0,-1
2021-03-01 08:00:00,2021-03-01 04:00:00,0.4823,0.025,HOLD,,0,-1
2021-03-01 12:00:00,2021-03-01 08:00:00,0.4816,0.025,HOLD,,0,-1
2021-03-01 16:00:00,2021-03-01 12:00:00,0.4793,0.025,HOLD,,1,-1
2021-03-01 20:00:00,2021-03-01 16:00:00,0.4909,0.025,HOLD,,1,-1
2021-03-02 00:00:00,2021-03-01 20:00:00,0.4933,0.025,HOLD,,1,-1
2021-03-02 04:00:00,2021-03-02 00:00:00,0.4951,0.025,HOLD,,1,-1
2021-03-02 08:00:00,2021-03-02 04:00:00,0.5013,0.025,HOLD,,1,-1
2021-03-02 12:00:00,2021-03-02 08:00:00,0.5007,0.025,HOLD,,1,-1
2021-03-02 16:00:00,2021-03-02 12:00:00,0.5003,0.025,HOLD,,0,-1
2021-03-02 20:00:00,2021-03-02 16:00:00,0.4967,0.025,HOLD,,0,-1
2021-03-03 00:00:00,2021-03-02 20:00:00,0.4948,0.025,HOLD,,0,-1
2021-03-03 04:00:00,2021-03-03 00:00:00,0.4942,0.025,HOLD,,0,-1
2021-03-03 08:00:00,2021-03-03 04:00:00,0.4946,0.025,HOLD,,0,-1
2021-03-03 12:00:00,2021-03-03 08:00:00,0.4936,0.025,HOLD,,0,-1
2021-03-03 16:00:00,2021-03-03 12:00:00,0.496,0.025,HOLD,,0,-1
2021-03-03 20:00:00,2021-03-03 16:00:00,0.4912,0.025,HOLD,,0,-1
2021-03-04 00:00:00,2021-03-03 20:00:00,0.4874,0.025,HOLD,,0,-1
2021-03-04 04:00:00,2021-03-04 00:00:00,0.4945,0.025,HOLD,,0,-1
2021-03-04 08:00:00,2021-03-04 04:00:00,0.4941,0.025,HOLD,,0,-1
2021-03-04 12:00:00,2021-03-04 08:00:00,0.4991,0.025,HOLD,,0,-1
2021-03-04 16:00:00,2021-03-04 12:00:00,0.5057,0.025,HOLD,,0,-1
2021-03-04 20:00:00,2021-03-04 16:00:00,0.5069,0.025,HOLD,,0,-1
2021-03-05 00:00:00,2021-03-04 20:00:00,0.5075,0.025,HOLD,,0,-1
2021-03-05 04:00:00,2021-03-05 00:00:00,0.5043,0.025,HOLD,,0,-1
2021-03-05 08:00:00,2021-03-05 04:00:00,0.5031,0.025,HOLD,,0,-1
2021-03-05 12:00:00,2021-03-05 08:00:00,0.5046,0.025,HOLD,,0,-1
2021-03-05 16:00:00,2021-03-05 12:00:00,0.5051,0.025,HOLD,,0,-1
2021-03-05 20:00:00,2021-03-05 16:00:00,0.5027,0.025,HOLD,,0,-1
2021-03-08 00:00:00,2021-03-05 20:00:00,0.5026,0.025,HOLD,,0,-1
2021-03-08 04:00:00,2021-03-08 00:00:00,0.5027,0.025,HOLD,,0,-1
2021-03-08 08:00:00,2021-03-08 04:00:00,0.5081,0.025,HOLD,,1,-1
2021-03-08 12:00:00,2021-03-08 08:00:00,0.5057,0.025,HOLD,,1,-1
2021-03-08 16:00:00,2021-03-08 12:00:00,0.5026,0.025,HOLD,,1,-1
2021-03-08 20:00:00,2021-03-08 16:00:00,0.5086,0.025,HOLD,,1,-1
2021-03-09 00:00:00,2021-03-08 20:00:00,0.5077,0.025,HOLD,,1,-1
2021-03-09 04:00:00,2021-03-09 00:00:00,0.5098,0.025,HOLD,,1,-1
2021-03-09 08:00:00,2021-03-09 04:00:00,0.5105,0.025,HOLD,,0,-1
2021-03-09 12:00:00,2021-03-09 08:00:00,0.5094,0.025,HOLD,,1,-1
2021-03-09 16:00:00,2021-03-09 12:00:00,0.5056,0.025,HOLD,,1,-1
2021-03-09 20:00:00,2021-03-09 16:00:00,0.512,0.025,HOLD,,1,-1
2021-03-10 00:00:00,2021-03-09 20:00:00,0.5213,0.025,HOLD,,1,-1
2021-03-10 04:00:00,2021-03-10 00:00:00,0.5245,0.025,HOLD,,1,-1
2021-03-10 08:00:00,2021-03-10 04:00:00,0.5207,0.025,HOLD,,1,-1
2021-03-10 12:00:00,2021-03-10 08:00:00,0.5207,0.025,HOLD,,1,-1
2021-03-10 16:00:00,2021-03-10 12:00:00,0.5215,0.025,HOLD,,1,-1
2021-03-10 20:00:00,2021-03-10 16:00:00,0.5151,0.025,HOLD,,1,-1
2021-03-11 00:00:00,2021-03-10 20:00:00,0.5149,0.025,HOLD,,1,-1
2021-03-11 04:00:00,2021-03-11 00:00:00,0.5126,0.025,HOLD,,1,-1
2021-03-11 08:00:00,2021-03-11 04:00:00,0.5064,0.025,HOLD,,0,-1
2021-03-11 12:00:00,2021-03-11 08:00:00,0.5018,0.025,HOLD,,0,-1
2021-03-11 16:00:00,2021-03-11 12:00:00,0.4981,0.025,HOLD,,0,-1
2021-03-11 20:00:00,2021-03-11 16:00:00,0.4956,0.025,HOLD,,0,-1
2021-03-12 00:00:00,2021-03-11 20:00:00,0.49,0.025,HOLD,,0,-1
2021-03-12 04:00:00,2021-03-12 00:00:00,0.4861,0.025,HOLD,,0,-1
2021-03-12 08:00:00,2021-03-12 04:00:00,0.4832,0.025,HOLD,,1,-1
2021-03-12 12:00:00,2021-03-12 08:00:00,0.4793,0.025,HOLD,,0,-1
2021-03-12 16:00:00,2021-03-12 12:00:00,0.4749,0.025,SELL,True,0,0
2021-03-12 20:00:00,2021-03-12 16:00:00,0.4714,0.025,SELL,True,0,0
2021-03-15 00:00:00,2021-03-12 20:00:00,0.471,0.025,SELL,True,0,0
2021-03-15 04:00:00,2021-03-15 00:00:00,0.4675,0.025,SELL,False,1,0
2021-03-15 08:00:00,2021-03-15 04:00:00,0.4709,0.025,SELL,False,1,0
2021-03-15 12:00:00,2021-03-15 08:00:00,0.467,0.025,SELL,True,0,0
2021-03-15 16:00:00,2021-03-15 12:00:00,0.4632,0.025,SELL,True,0,0
2021-03-15 20:00:00,2021-03-15 16:00:00,0.4592,0.025,SELL,True,0,0
2021-03-16 00:00:00,2021-03-15 20:00:00,0.4571,0.025,SELL,True,0,0
2021-03-16 04:00:00,2021-03-16 00:00:00,0.4582,0.025,SELL,True,0,0
2021-03-16 08:00:00,2021-03-16 04:00:00,0.4583,0.025,SELL,True,0,0
2021-03-16 12:00:00,2021-03-16 08:00:00,0.4642,0.025,SELL,True,0,0
2021-03-16 16:00:00,2021-03-16 12:00:00,0.4749,0.025,SELL,False,1,0
2021-03-16 20:00:00,2021-03-16 16:00:00,0.4741,0.025,SELL,False,1,0
2021-03-17 00:00:00,2021-03-16 20:00:00,0.4747,0.025,SELL,False,1,0
2021-03-17 04:00:00,2021-03-17 00:00:00,0.4804,0.025,HOLD,,1,-1
2021-03-17 08:00:00,2021-03-17 04:00:00,0.4823,0.025,HOLD,,1,-1
2021-03-17 12:00:00,2021-03-17 08:00:00,0.4824,0.025,HOLD,,1,-1
2021-03-17 16:00:00,2021-03-17 12:00:00,0.4886,0.025,HOLD,,1,-1
2021-03-17 20:00:00,2021-03-17 16:00:00,0.4884,0.025,HOLD,,0,-1
2021-03-18 00:00:00,2021-03-17 20:00:00,0.4853,0.025,HOLD,,0,-1
2021-03-18 04:00:00,2021-03-18 00:00:00,0.4899,0.025,HOLD,,0,-1
2021-03-18 08:00:00,2021-03-18 04:00:00,0.4879,0.025,HOLD,,0,-1
2021-03-18 12:00:00,2021-03-18 08:00:00,0.4897,0.025,HOLD,,0,-1
2021-03-18 16:00:00,2021-03-18 12:00:00,0.4951,0.025,HOLD,,0,-1
2021-03-18 20:00:00,2021-03-18 16:00:00,0.4918,0.025,HOLD,,0,-1
2021-03-19 00:00:00,2021-03-18 20:00:00,0.4906,0.025,HOLD,,0,-1
2021-03-19 04:00:00,2021-03-19 00:00:00,0.4954,0.025,HOLD,,0,-1
2021-03-19 08:00:00,2021-03-19 04:00:00,0.492,0.025,HOLD,,1,-1
2021-03-19 12:00:00,2021-03-19 08:00:00,0.4905,0.025,HOLD,,1,-1
2021-03-19 16:00:00,2021-03-19 12:00:00,0.4862,0.025,HOLD,,1,-1
2021-03-19 20:00:00,2021-03-19 16:00:00,0.4878,0.025,HOLD,,1,-1
2021-03-22 00:00:00,2021-03-19 20:00:00,0.4908,0.025,HOLD,,1,-1
2021-03-22 04:00:00,2021-03-22 00:00:00,0.4923,0.025,HOLD,,1,-1
2021-03-22 08:00:00,2021-03-22 04:00:00,0.4945,0.025,HOLD,,0,-1
2021-03-22 12:00:00,2021-03-22 08:00:00,0.4935,0.025,HOLD,,0,-1
2021-03-22 16:00:00,2021-03-22 12:00:00,0.4922,0.025,HOLD,,0,-1
2021-03-22 20:00:00,2021-03-22 16:00:00,0.4918,0.025,HOLD,,0,-1
2021-03-23 00:00:00,2021-03-22 20:00:00,0.4917,0.025,HOLD,,0,-1
2021-03-23 04:00:00,2021-03-23 00:00:00,0.4893,0.025,HOLD,,0,-1
2021-03-23 08:00:00,2021-03-23 04:00:00,0.4871,0.025,HOLD,,0,-1
2021-03-23 12:00:00,2021-03-23 08:00:00,0.4881,0.025,HOLD,,0,-1
2021-03-23 16:00:00,2021-03-23 12:00:00,0.4848,0.025,HOLD,,0,-1
2021-03-23 20:00:00,2021-03-23 16:00:00,0.485,0.025,HOLD,,0,-1
2021-03-24 00:00:00,2021-03-23 20:00:00,0.4812,0.025,HOLD,,0,-1
2021-03-24 04:00:00,2021-03-24 00:00:00,0.4825,0.025,HOLD,,0,-1
2021-03-24 08:00:00,2021-03-24 04:00:00,0.4824,0.025,HOLD,,0,-1
2021-03-24 12:00:00,2021-03-24 08:00:00,0.4842,0.025,HOLD,,0,-1
2021-03-24 16:00:00,2021-03-24 12:00:00,0.4862,0.025,HOLD,,0,-1
2021-03-24 20:00:00,2021-03-24 16:00:00,0.4848,0.025,HOLD,,0,-1
2021-03-25 00:00:00,2021-03-24 20:00:00,0.4874,0.025,HOLD,,0,-1
2021-03-25 04:00:00,2021-03-25 00:00:00,0.4996,0.025,HOLD,,0,-1
2021-03-25 08:00:00,2021-03-25 04:00:00,0.5,0.025,HOLD,,0,-1
2021-03-25 12:00:00,2021-03-25 08:00:00,0.4974,0.025,HOLD,,0,-1
2021-03-25 16:00:00,2021-03-25 12:00:00,0.4958,0.025,HOLD,,1,-1
2021-03-25 20:00:00,2021-03-25 16:00:00,0.4931,0.025,HOLD,,1,-1
2021-03-26 00:00:00,2021-03-25 20:00:00,0.495,0.025,HOLD,,0,-1
2021-03-26 04:00:00,2021-03-26 00:00:00,0.4932,0.025,HOLD,,0,-1
2021-03-26 08:00:00,2021-03-26 04:00:00,0.491,0.025,HOLD,,0,-1
2021-03-26 12:00:00,2021-03-26 08:00:00,0.4905,0.025,HOLD,,1,-1
2021-03-26 16:00:00,2021-03-26 12:00:00,0.4889,0.025,HOLD,,0,-1
2021-03-26 20:00:00,2021-03-26 16:00:00,0.4853,0.025,HOLD,,0,-1
2021-03-29 00:00:00,2021-03-26 20:00:00,0.49,0.025,HOLD,,0,-1
2021-03-29 04:00:00,2021-03-29 00:00:00,0.4896,0.025,HOLD,,0,-1
2021-03-29 08:00:00,2021-03-29 04:00:00,0.4833,0.025,HOLD,,0,-1
2021-03-29 12:00:00,2021-03-29 08:00:00,0.4864,0.025,HOLD,,0,-1
2021-03-29 16:00:00,2021-03-29 12:00:00,0.4829,0.025,HOLD,,0,-1
2021-03-29 20:00:00,2021-03-29 16:00:00,0.4874,0.025,HOLD,,0,-1
2021-03-30 00:00:00,2021-03-29 20:00:00,0.4915,0.025,HOLD,,0,-1
2021-03-30 04:00:00,2021-03-30 00:00:00,0.4904,0.025,HOLD,,0,-1
2021-03-30 08:00:00,2021-03-30 04:00:00,0.4884,0.025,HOLD,,1,-1
2021-03-30 12:00:00,2021-03-30 08:00:00,0.4867,0.025,HOLD,,0,-1
2021-03-30 16:00:00,2021-03-30 12:00:00,0.4838,0.025,HOLD,,1,-1
2021-03-30 20:00:00,2021-03-30 16:00:00,0.4836,0.025,HOLD,,1,-1
2021-03-31 00:00:00,2021-03-30 20:00:00,0.484,0.025,HOLD,,1,-1
2021-03-31 04:00:00,2021-03-31 00:00:00,0.4838,0.025,HOLD,,1,-1
2021-03-31 08:00:00,2021-03-31 04:00:00,0.481,0.025,HOLD,,0,-1
2021-03-31 12:00:00,2021-03-31 08:00:00,0.4825,0.025,HOLD,,1,-1
2021-03-31 16:00:00,2021-03-31 12:00:00,0.4786,0.025,HOLD,,1,-1
2021-03-31 20:00:00,2021-03-31 16:00:00,0.4777,0.025,HOLD,,1,-1
2021-04-01 00:00:00,2021-03-31 20:00:00,0.4789,0.025,HOLD,,1,-1
2021-04-01 04:00:00,2021-04-01 00:00:00,0.4793,0.025,HOLD,,1,-1
2021-04-01 08:00:00,2021-04-01 04:00:00,0.4773,0.025,HOLD,,1,-1
2021-04-01 12:00:00,2021-04-01 08:00:00,0.4818,0.025,HOLD,,1,-1
2021-04-01 16:00:00,2021-04-01 12:00:00,0.4803,0.025,HOLD,,0,-1
2021-04-01 20:00:00,2021-04-01 16:00:00,0.478,0.025,HOLD,,0,-1
2021-04-02 00:00:00,2021-04-01 20:00:00,0.4744,0.025,SELL,True,0,0
2021-04-02 04:00:00,2021-04-02 00:00:00,0.4741,0.025,SELL,True,0,0
2021-04-02 08:00:00,2021-04-02 04:00:00,0.4798,0.025,HOLD,,0,-1
2021-04-02 12:00:00,2021-04-02 08:00:00,0.4747,0.025,SELL,False,1,0
2021-04-02 16:00:00,2021-04-02 12:00:00,0.4764,0.025,HOLD,,1,-1
2021-04-02 20:00:00,2021-04-02 16:00:00,0.4738,0.025,SELL,False,1,0
2021-04-05 00:00:00,2021-04-02 20:00:00,0.4768,0.025,HOLD,,1,-1
2021-04-05 04:00:00,2021-04-05 00:00:00,0.4766,0.025,HOLD,,1,-1
2021-04-05 08:00:00,2021-04-05 04:00:00,0.4768,0.025,HOLD,,1,-1
2021-04-05 12:00:00,2021-04-05 08:00:00,0.4769,0.025,HOLD,,1,-1
2021-04-05 16:00:00,2021-04-05 12:00:00,0.4767,0.025,HOLD,,1,-1
2021-04-05 20:00:00,2021-04-05 16:00:00,0.4814,0.025,HOLD,,1,-1
2021-04-06 00:00:00,2021-04-05 20:00:00,0.4777,0.025,HOLD,,1,-1
2021-04-06 04:00:00,2021-04-06 00:00:00,0.4784,0.025,HOLD,,1,-1
2021-04-06 08:00:00,2021-04-06 04:00:00,0.4802,0.025,HOLD,,1,-1
2021-04-06 12:00:00,2021-04-06 08:00:00,0.479,0.025,HOLD,,1,-1
2021-04-06 16:00:00,2021-04-06 12:00:00,0.4747,0.025,SELL,False,1,0
2021-04-06 20:00:00,2021-04-06 16:00:00,0.4738,0.025,SELL,True,0,0
2021-04-07 00:00:00,2021-04-06 20:00:00,0.4706,0.025,SELL,True,0,0
2021-04-07 04:00:00,2021-04-07 00:00:00,0.468,0.025,SELL,False,1,0
2021-04-07 08:00:00,2021-04-07 04:00:00,0.4678,0.025,SELL,True,0,0
2021-04-07 12:00:00,2021-04-07 08:00:00,0.4654,0.025,SELL,False,1,0
2021-04-07 16:00:00,2021-04-07 12:00:00,0.4715,0.025,SELL,False,1,0
2021-04-07 20:00:00,2021-04-07 16:00:00,0.4687,0.025,SELL,False,1,0
2021-04-08 00:00:00,2021-04-07 20:00:00,0.4715,0.025,SELL,False,1,0
2021-04-08 04:00:00,2021-04-08 00:00:00,0.4668,0.025,SELL,False,1,0
2021-04-08 08:00:00,2021-04-08 04:00:00,0.4601,0.025,SELL,False,1,0
2021-04-08 12:00:00,2021-04-08 08:00:00,0.4581,0.025,SELL,True,0,0
2021-04-08 16:00:00,2021-04-08 12:00:00,0.4583,0.025,SELL,True,0,0
2021-04-08 20:00:00,2021-04-08 16:00:00,0.4598,0.025,SELL,True,0,0
2021-04-09 00:00:00,2021-04-08 20:00:00,0.463,0.025,SELL,True,0,0
2021-04-09 04:00:00,2021-04-09 00:00:00,0.4591,0.025,SELL,True,0,0
2021-04-09 08:00:00,2021-04-09 04:00:00,0.4563,0.025,SELL,True,0,0
2021-04-09 12:00:00,2021-04-09 08:00:00,0.4546,0.025,SELL,False,1,0
2021-04-09 16:00:00,2021-04-09 12:00:00,0.4502,0.025,SELL,False,1,0
2021-04-09 20:00:00,2021-04-09 16:00:00,0.4445,0.025,SELL,False,1,0
2021-04-12 00:00:00,2021-04-09 20:00:00,0.4378,0.025,SELL,False,1,0
2021-04-12 04:00:00,2021-04-12 00:00:00,0.4357,0.025,SELL,True,0,0
2021-04-12 08:00:00,2021-04-12 04:00:00,0.434,0.025,SELL,False,1,0
2021-04-12 12:00:00,2021-04-12 08:00:00,0.4321,0.025,SELL,False,1,0
2021-04-12 16:00:00,2021-04-12 12:00:00,0.4261,0.025,SELL,False,1,0
2021-04-12 20:00:00,2021-04-12 16:00:00,0.429,0.025,SELL,False,1,0
2021-04-13 00:00:00,2021-04-12 20:00:00,0.4364,0.025,SELL,False,1,0
2021-04-13 04:00:00,2021-04-13 00:00:00,0.4337,0.025,SELL,False,1,0
2021-04-13 08:00:00,2021-04-13 04:00:00,0.4334,0.025,SELL,False,1,0
2021-04-13 12:00:00,2021-04-13 08:00:00,0.4308,0.025,SELL,False,1,0
2021-04-13 16:00:00,2021-04-13 12:00:00,0.4301,0.025,SELL,False,1,0
2021-04-13 20:00:00,2021-04-13 16:00:00,0.4315,0.025,SELL,False,1,0
2021-04-14 00:00:00,2021-04-13 20:00:00,0.4382,0.025,SELL,False,1,0
2021-04-14 04:00:00,2021-04-14 00:00:00,0.4422,0.025,SELL,False,1,0
2021-04-14 08:00:00,2021-04-14 04:00:00,0.4386,0.025,SELL,False,1,0
2021-04-14 12:00:00,2021-04-14 08:00:00,0.4352,0.025,SELL,True,0,0
2021-04-14 16:00:00,2021-04-14 12:00:00,0.4366,0.025,SELL,True,0,0
2021-04-14 20:00:00,2021-04-14 16:00:00,0.4341,0.025,SELL,True,0,0
2021-04-15 00:00:00,2021-04-14 20:00:00,0.4342,0.025,SELL,True,0,0
2021-04-15 04:00:00,2021-04-15 00:00:00,0.4303,0.025,SELL,True,0,0
2021-04-15 08:00:00,2021-04-15 04:00:00,0.428,0.025,SELL,True,0,0
2021-04-15 12:00:00,2021-04-15 08:00:00,0.4266,0.025,SELL,False,1,0
2021-04-15 16:00:00,2021-04-15 12:00:00,0.4279,0.025,SELL,False,1,0
2021-04-15 20:00:00,2021-04-15 16:00:00,0.4254,0.025,SELL,False,1,0
2021-04-16 00:00:00,2021-04-15 20:00:00,0.4322,0.025,SELL,False,1,0
2021-04-16 04:00:00,2021-04-16 00:00:00,0.4341,0.025,SELL,True,0,0
2021-04-16 08:00:00,2021-04-16 04:00:00,0.4374,0.025,SELL,False,1,0
2021-04-16 12:00:00,2021-04-16 08:00:00,0.4379,0.025,SELL,False,1,0
2021-04-16 16:00:00,2021-04-16 12:00:00,0.4377,0.025,SELL,False,1,0
2021-04-16 20:00:00,2021-04-16 16:00:00,0.4371,0.025,SELL,False,1,0
2021-04-19 00:00:00,2021-04-16 20:00:00,0.4428,0.025,SELL,False,1,0
2021-04-19 04:00:00,2021-04-19 00:00:00,0.4441,0.025,SELL,False,1,0
2021-04-19 08:00:00,2021-04-19 04:00:00,0.4455,0.025,SELL,False,1,0
2021-04-19 12:00:00,2021-04-19 08:00:00,0.4454,0.025,SELL,True,0,0
2021-04-19 16:00:00,2021-04-19 12:00:00,0.4417,0.025,SELL,True,0,0
2021-04-19 20:00:00,2021-04-19 16:00:00,0.4499,0.025,SELL,True,0,0
2021-04-20 00:00:00,2021-04-19 20:00:00,0.4459,0.025,SELL,True,0,0
2021-04-20 04:00:00,2021-04-20 00:00:00,0.4431,0.025,SELL,True,0,0
2021-04-20 08:00:00,2021-04-20 04:00:00,0.4443,0.025,SELL,True,0,0
2021-04-20 12:00:00,2021-04-20 08:00:00,0.4444,0.025,SELL,True,0,0
2021-04-20 16:00:00,2021-04-20 12:00:00,0.4484,0.025,SELL,True,0,0
2021-04-20 20:00:00,2021-04-20 16:00:00,0.4515,0.025,SELL,True,0,0
2021-04-21 00:00:00,2021-04-20 20:00:00,0.4596,0.025,SELL,False,1,0
2021-04-21 04:00:00,2021-04-21 00:00:00,0.4656,0.025,SELL,False,1,0
2021-04-21 08:00:00,2021-04-21 04:00:00,0.4702,0.025,SELL,False,1,0
2021-04-21 12:00:00,2021-04-21 08:00:00,0.4753,0.025,HOLD,,1,-1
2021-04-21 16:00:00,2021-04-21 12:00:00,0.4768,0.025,HOLD,,0,-1
2021-04-21 20:00:00,2021-04-21 16:00:00,0.4742,0.025,SELL,True,0,0
2021-04-22 00:00:00,2021-04-21 20:00:00,0.4795,0.025,HOLD,,0,-1
2021-04-22 04:00:00,2021-04-22 00:00:00,0.4787,0.025,HOLD,,0,-1
2021-04-22 08:00:00,2021-04-22 04:00:00,0.4835,0.025,HOLD,,1,-1
2021-04-22 12:00:00,2021-04-22 08:00:00,0.4849,0.025,HOLD,,1,-1
2021-04-22 16:00:00,2021-04-22 12:00:00,0.4888,0.025,HOLD,,1,-1
2021-04-22 20:00:00,2021-04-22 16:00:00,0.4874,0.025,HOLD,,1,-1
2021-04-23 00:00:00,2021-04-22 20:00:00,0.4902,0.025,HOLD,,1,-1
2021-04-23 04:00:00,2021-04-23 00:00:00,0.4873,0.025,HOLD,,1,-1
2021-04-23 08:00:00,2021-04-23 04:00:00,0.4876,0.025,HOLD,,1,-1
2021-04-23 12:00:00,2021-04-23 08:00:00,0.4853,0.025,HOLD,,1,-1
2021-04-23 16:00:00,2021-04-23 12:00:00,0.4874,0.025,HOLD,,1,-1
2021-04-23 20:00:00,2021-04-23 16:00:00,0.4856,0.025,HOLD,,0,-1
2021-04-26 00:00:00,2021-04-23 20:00:00,0.4821,0.025,HOLD,,0,-1
2021-04-26 04:00:00,2021-04-26 00:00:00,0.4756,0.025,HOLD,,0,-1
2021-04-26 08:00:00,2021-04-26 04:00:00,0.4727,0.025,SELL,True,0,0
2021-04-26 12:00:00,2021-04-26 08:00:00,0.4652,0.025,SELL,False,1,0
2021-04-26 16:00:00,2021-04-26 12:00:00,0.4753,0.025,HOLD,,0,-1
2021-04-26 20:00:00,2021-04-26 16:00:00,0.4784,0.025,HOLD,,1,-1
2021-04-27 00:00:00,2021-04-26 20:00:00,0.4715,0.025,SELL,True,0,0
2021-04-27 04:00:00,2021-04-27 00:00:00,0.4706,0.025,SELL,True,0,0
2021-04-27 08:00:00,2021-04-27 04:00:00,0.4704,0.025,SELL,False,1,0
2021-04-27 12:00:00,2021-04-27 08:00:00,0.4762,0.025,HOLD,,0,-1
2021-04-27 16:00:00,2021-04-27 12:00:00,0.4754,0.025,HOLD,,1,-1
2021-04-27 20:00:00,2021-04-27 16:00:00,0.4728,0.025,SELL,False,1,0
2021-04-28 00:00:00,2021-04-27 20:00:00,0.4737,0.025,SELL,False,1,0
2021-04-28 04:00:00,2021-04-28 00:00:00,0.472,0.025,SELL,False,1,0
2021-04-28 08:00:00,2021-04-28 04:00:00,0.4715,0.025,SELL,False,1,0
2021-04-28 12:00:00,2021-04-28 08:00:00,0.4713,0.025,SELL,False,1,0
2021-04-28 16:00:00,2021-04-28 12:00:00,0.4702,0.025,SELL,False,1,0
2021-04-28 20:00:00,2021-04-28 16:00:00,0.47,0.025,SELL,True,0,0
2021-04-29 00:00:00,2021-04-28 20:00:00,0.4713,0.025,SELL,True,0,0
2021-04-29 04:00:00,2021-04-29 00:00:00,0.4745,0.025,SELL,True,0,0
2021-04-29 08:00:00,2021-04-29 04:00:00,0.4726,0.025,SELL,True,0,0
2021-04-29 12:00:00,2021-04-29 08:00:00,0.471,0.025,SELL,True,0,0
2021-04-29 16:00:00,2021-04-29 12:00:00,0.4692,0.025,SELL,True,0,0
2021-04-29 20:00:00,2021-04-29 16:00:00,0.4755,0.025,HOLD,,0,-1
2021-04-30 00:00:00,2021-04-29 20:00:00,0.4685,0.025,SELL,True,0,0
2021-04-30 04:00:00,2021-04-30 00:00:00,0.4641,0.025,SELL,True,0,0
2021-04-30 08:00:00,2021-04-30 04:00:00,0.4682,0.025,SELL,True,0,0
2021-04-30 12:00:00,2021-04-30 08:00:00,0.4691,0.025,SELL,True,0,0
2021-04-30 16:00:00,2021-04-30 12:00:00,0.4754,0.025,HOLD,,1,-1
2021-04-30 20:00:00,2021-04-30 16:00:00,0.4772,0.025,HOLD,,1,-1
2021-05-03 00:00:00,2021-04-30 20:00:00,0.4728,0.025,SELL,False,1,0
2021-05-03 04:00:00,2021-05-03 00:00:00,0.4798,0.025,HOLD,,1,-1
2021-05-03 08:00:00,2021-05-03 04:00:00,0.4819,0.025,HOLD,,0,-1
2021-05-03 12:00:00,2021-05-03 08:00:00,0.4834,0.025,HOLD,,0,-1
2021-05-03 16:00:00,2021-05-03 12:00:00,0.4795,0.025,HOLD,,0,-1
2021-05-03 20:00:00,2021-05-03 16:00:00,0.4775,0.025,HOLD,,0,-1
2021-05-04 00:00:00,2021-05-03 20:00:00,0.4734,0.025,SELL,True,0,0
2021-05-04 04:00:00,2021-05-04 00:00:00,0.4736,0.025,SELL,True,0,0
2021-05-04 08:00:00,2021-05-04 04:00:00,0.4708,0.025,SELL,True,0,0
2021-05-04 12:00:00,2021-05-04 08:00:00,0.4664,0.025,SELL,True,0,0
2021-05-04 16:00:00,2021-05-04 12:00:00,0.4647,0.025,SELL,True,0,0
2021-05-04 20:00:00,2021-05-04 16:00:00,0.4687,0.025,SELL,True,0,0
2021-05-05 00:00:00,2021-05-04 20:00:00,0.4663,0.025,SELL,True,0,0
2021-05-05 04:00:00,2021-05-05 00:00:00,0.4715,0.025,SELL,True,0,0
2021-05-05 08:00:00,2021-05-05 04:00:00,0.4725,0.025,SELL,False,1,0
2021-05-05 12:00:00,2021-05-05 08:00:00,0.4727,0.025,SELL,False,1,0
2021-05-05 16:00:00,2021-05-05 12:00:00,0.4681,0.025,SELL,False,1,0
2021-05-05 20:00:00,2021-05-05 16:00:00,0.4672,0.025,SELL,False,1,0
2021-05-06 00:00:00,2021-05-05 20:00:00,0.4716,0.025,SELL,False,1,0
2021-05-06 04:00:00,2021-05-06 00:00:00,0.4767,0.025,HOLD,,1,-1
2021-05-06 08:00:00,2021-05-06 04:00:00,0.4835,0.025,HOLD,,1,-1
2021-05-06 12:00:00,2021-05-06 08:00:00,0.4823,0.025,HOLD,,1,-1
2021-05-06 16:00:00,2021-05-06 12:00:00,0.4808,0.025,HOLD,,1,-1
2021-05-06 20:00:00,2021-05-06 16:00:00,0.4824,0.025,HOLD,,1,-1
2021-05-07 00:00:00,2021-05-06 20:00:00,0.4766,0.025,HOLD,,1,-1
2021-05-07 04:00:00,2021-05-07 00:00:00,0.4751,0.025,HOLD,,1,-1
2021-05-07 08:00:00,2021-05-07 04:00:00,0.4725,0.025,SELL,False,1,0
2021-05-07 12:00:00,2021-05-07 08:00:00,0.4715,0.025,SELL,False,1,0
2021-05-07 16:00:00,2021-05-07 12:00:00,0.4697,0.025,SELL,False,1,0
2021-05-07 20:00:00,2021-05-07 16:00:00,0.4668,0.025,SELL,True,0,0
2021-05-10 00:00:00,2021-05-07 20:00:00,0.4601,0.025,SELL,True,0,0
2021-05-10 04:00:00,2021-05-10 00:00:00,0.4584,0.025,SELL,True,0,0
2021-05-10 08:00:00,2021-05-10 04:00:00,0.4551,0.025,SELL,True,0,0
2021-05-10 12:00:00,2021-05-10 08:00:00,0.4536,0.025,SELL,True,0,0
2021-05-10 16:00:00,2021-05-10 12:00:00,0.4567,0.025,SELL,False,1,0
2021-05-10 20:00:00,2021-05-10 16:00:00,0.4558,0.025,SELL,False,1,0
2021-05-11 00:00:00,2021-05-10 20:00:00,0.4576,0.025,SELL,False,1,0
2021-05-11 04:00:00,2021-05-11 00:00:00,0.4592,0.025,SELL,True,0,0
2021-05-11 08:00:00,2021-05-11 04:00:00,0.4582,0.025,SELL,True,0,0
2021-05-11 12:00:00,2021-05-11 08:00:00,0.4567,0.025,SELL,True,0,0
2021-05-11 16:00:00,2021-05-11 12:00:00,0.4531,0.025,SELL,True,0,0
2021-05-11 20:00:00,2021-05-11 16:00:00,0.4562,0.025,SELL,True,0,0
2021-05-12 00:00:00,2021-05-11 20:00:00,0.4511,0.025,SELL,True,0,0
2021-05-12 04:00:00,2021-05-12 00:00:00,0.4499,0.025,SELL,True,0,0
2021-05-12 08:00:00,2021-05-12 04:00:00,0.4504,0.025,SELL,True,0,0
2021-05-12 12:00:00,2021-05-12 08:00:00,0.4494,0.025,SELL,True,0,0
2021-05-12 16:00:00,2021-05-12 12:00:00,0.4435,0.025,SELL,False,1,0
2021-05-12 20:00:00,2021-05-12 16:00:00,0.4427,0.025,SELL,False,1,0
2021-05-13 00:00:00,2021-05-12 20:00:00,0.4406,0.025,SELL,True,0,0
2021-05-13 04:00:00,2021-05-13 00:00:00,0.4426,0.025,SELL,False,1,0
2021-05-13 08:00:00,2021-05-13 04:00:00,0.4427,0.025,SELL,False,1,0
2021-05-13 12:00:00,2021-05-13 08:00:00,0.4393,0.025,SELL,False,1,0
2021-05-13 16:00:00,2021-05-13 12:00:00,0.4479,0.025,SELL,False,1,0
2021-05-13 20:00:00,2021-05-13 16:00:00,0.4527,0.025,SELL,False,1,0
2021-05-14 00:00:00,2021-05-13 20:00:00,0.4518,0.025,SELL,False,1,0
2021-05-14 04:00:00,2021-05-14 00:00:00,0.4573,0.025,SELL,False,1,0
2021-05-14 08:00:00,2021-05-14 04:00:00,0.4544,0.025,SELL,False,1,0
2021-05-14 12:00:00,2021-05-14 08:00:00,0.4511,0.025,SELL,False,1,0
2021-05-14 16:00:00,2021-05-14 12:00:00,0.4537,0.025,SELL,False,1,0
2021-05-14 20:00:00,2021-05-14 16:00:00,0.4585,0.025,SELL,False,1,0
2021-05-17 00:00:00,2021-05-14 20:00:00,0.4611,0.025,SELL,False,1,0
2021-05-17 04:00:00,2021-05-17 00:00:00,0.4655,0.025,SELL,False,1,0
2021-05-17 08:00:00,2021-05-17 04:00:00,0.4661,0.025,SELL,False,1,0
2021-05-17 12:00:00,2021-05-17 08:00:00,0.4667,0.025,SELL,False,1,0
2021-05-17 16:00:00,2021-05-17 12:00:00,0.4686,0.025,SELL,False,1,0
2021-05-17 20:00:00,2021-05-17 16:00:00,0.4646,0.025,SELL,False,1,0
2021-05-18 00:00:00,2021-05-17 20:00:00,0.4639,0.025,SELL,False,1,0
2021-05-18 04:00:00,2021-05-18 00:00:00,0.4633,0.025,SELL,False,1,0
2021-05-18 08:00:00,2021-05-18 04:00:00,0.4636,0.025,SELL,True,0,0
2021-05-18 12:00:00,2021-05-18 08:00:00,0.4662,0.025,SELL,True,0,0
2021-05-18 16:00:00,2021-05-18 12:00:00,0.4658,0.025,SELL,True,0,0
2021-05-18 20:00:00,2021-05-18 16:00:00,0.4648,0.025,SELL,True,0,0
2021-05-19 00:00:00,2021-05-18 20:00:00,0.4619,0.025,SELL,True,0,0
2021-05-19 04:00:00,2021-05-19 00:00:00,0.4618,0.025,SELL,True,0,0
2021-05-19 08:00:00,2021-05-19 04:00:00,0.463,0.025,SELL,True,0,0
2021-05-19 12:00:00,2021-05-19 08:00:00,0.4619,0.025,SELL,True,0,0
2021-05-19 16:00:00,2021-05-19 12:00:00,0.4666,0.025,SELL,False,1,0
2021-05-19 20:00:00,2021-05-19 16:00:00,0.4612,0.025,SELL,False,1,0
2021-05-20 00:00:00,2021-05-19 20:00:00,0.4588,0.025,SELL,False,1,0
2021-05-20 04:00:00,2021-05-20 00:00:00,0.461,0.025,SELL,False,1,0
2021-05-20 08:00:00,2021-05-20 04:00:00,0.4636,0.025,SELL,False,1,0
2021-05-20 12:00:00,2021-05-20 08:00:00,0.4623,0.025,SELL,False,1,0
2021-05-20 16:00:00,2021-05-20 12:00:00,0.4613,0.025,SELL,True,0,0
2021-05-20 20:00:00,2021-05-20 16:00:00,0.4659,0.025,SELL,True,0,0
2021-05-21 00:00:00,2021-05-20 20:00:00,0.4627,0.025,SELL,True,0,0
2021-05-21 04:00:00,2021-05-21 00:00:00,0.4573,0.025,SELL,True,0,0
2021-05-21 08:00:00,2021-05-21 04:00:00,0.4562,0.025,SELL,True,0,0
2021-05-21 12:00:00,2021-05-21 08:00:00,0.4593,0.025,SELL,False,1,0
2021-05-21 16:00:00,2021-05-21 12:00:00,0.468,0.025,SELL,False,1,0
2021-05-21 20:00:00,2021-05-21 16:00:00,0.4649,0.025,SELL,False,1,0
2021-05-24 00:00:00,2021-05-21 20:00:00,0.4677,0.025,SELL,False,1,0
2021-05-24 04:00:00,2021-05-24 00:00:00,0.4707,0.025,SELL,False,1,0
2021-05-24 08:00:00,2021-05-24 04:00:00,0.4707,0.025,SELL,False,1,0
2021-05-24 12:00:00,2021-05-24 08:00:00,0.4706,0.025,SELL,False,1,0
2021-05-24 16:00:00,2021-05-24 12:00:00,0.4751,0.025,HOLD,,1,-1
2021-05-24 20:00:00,2021-05-24 16:00:00,0.4746,0.025,SELL,False,1,0
2021-05-25 00:00:00,2021-05-24 20:00:00,0.4787,0.025,HOLD,,1,-1
2021-05-25 04:00:00,2021-05-25 00:00:00,0.4792,0.025,HOLD,,1,-1
2021-05-25 08:00:00,2021-05-25 04:00:00,0.4794,0.025,HOLD,,0,-1
2021-05-25 12:00:00,2021-05-25 08:00:00,0.4815,0.025,HOLD,,0,-1
2021-05-25 16:00:00,2021-05-25 12:00:00,0.4896,0.025,HOLD,,0,-1
2021-05-25 20:00:00,2021-05-25 16:00:00,0.4867,0.025,HOLD,,0,-1
2021-05-26 00:00:00,2021-05-25 20:00:00,0.4802,0.025,HOLD,,0,-1
2021-05-26 04:00:00,2021-05-26 00:00:00,0.4812,0.025,HOLD,,0,-1
2021-05-26 08:00:00,2021-05-26 04:00:00,0.4805,0.025,HOLD,,0,-1
2021-05-26 12:00:00,2021-05-26 08:00:00,0.4775,0.025,HOLD,,0,-1
2021-05-26 16:00:00,2021-05-26 12:00:00,0.474,0.025,SELL,True,0,0
2021-05-26 20:00:00,2021-05-26 16:00:00,0.4686,0.025,SELL,False,1,0
2021-05-27 00:00:00,2021-05-26 20:00:00,0.4698,0.025,SELL,True,0,0
2021-05-27 04:00:00,2021-05-27 00:00:00,0.4632,0.025,SELL,True,0,0
2021-05-27 08:00:00,2021-05-27 04:00:00,0.4662,0.025,SELL,False,1,0
2021-05-27 12:00:00,2021-05-27 08:00:00,0.4608,0.025,SELL,True,0,0
2021-05-27 16:00:00,2021-05-27 12:00:00,0.4626,0.025,SELL,False,1,0
2021-05-27 20:00:00,2021-05-27 16:00:00,0.464,0.025,SELL,True,0,0
2021-05-28 00:00:00,2021-05-27 20:00:00,0.469,0.025,SELL,False,1,0
2021-05-28 04:00:00,2021-05-28 00:00:00,0.4702,0.025,SELL,False,1,0
2021-05-28 08:00:00,2021-05-28 04:00:00,0.4716,0.025,SELL,False,1,0
2021-05-28 12:00:00,2021-05-28 08:00:00,0.4692,0.025,SELL,False,1,0
2021-05-28 16:00:00,2021-05-28 12:00:00,0.466,0.025,SELL,False,1,0
2021-05-28 20:00:00,2021-05-28 16:00:00,0.4612,0.025,SELL,False,1,0
2021-05-31 00:00:00,2021-05-28 20:00:00,0.4585,0.025,SELL,False,1,0
2021-05-31 04:00:00,2021-05-31 00:00:00,0.4634,0.025,SELL,False,1,0
2021-05-31 08:00:00,2021-05-31 04:00:00,0.4607,0.025,SELL,False,1,0
2021-05-31 12:00:00,2021-05-31 08:00:00,0.457,0.025,SELL,False,1,0
2021-05-31 16:00:00,2021-05-31 12:00:00,0.4606,0.025,SELL,False,1,0
2021-05-31 20:00:00,2021-05-31 16:00:00,0.4639,0.025,SELL,True,0,0
2021-06-01 00:00:00,2021-05-31 20:00:00,0.4637,0.025,SELL,True,0,0
2021-06-01 04:00:00,2021-06-01 00:00:00,0.4584,0.025,SELL,True,0,0
2021-06-01 08:00:00,2021-06-01 04:00:00,0.4613,0.025,SELL,True,0,0
2021-06-01 12:00:00,2021-06-01 08:00:00,0.4664,0.025,SELL,True,0,0
2021-06-01 16:00:00,2021-06-01 12:00:00,0.4731,0.025,SELL,True,0,0
2021-06-01 20:00:00,2021-06-01 16:00:00,0.4733,0.025,SELL,True,0,0
2021-06-02 00:00:00,2021-06-01 20:00:00,0.4718,0.025,SELL,True,0,0
2021-06-02 04:00:00,2021-06-02 00:00:00,0.4775,0.025,HOLD,,0,-1
2021-06-02 08:00:00,2021-06-02 04:00:00,0.4795,0.025,HOLD,,1,-1
2021-06-02 12:00:00,2021-06-02 08:00:00,0.4845,0.025,HOLD,,0,-1
2021-06-02 16:00:00,2021-06-02 12:00:00,0.4841,0.025,HOLD,,0,-1
2021-06-02 20:00:00,2021-06-02 16:00:00,0.4856,0.025,HOLD,,0,-1
2021-06-03 00:00:00,2021-06-02 20:00:00,0.4866,0.025,HOLD,,0,-1
2021-06-03 04:00:00,2021-06-03 00:00:00,0.4848,0.025,HOLD,,0,-1
2021-06-03 08:00:00,2021-06-03 04:00:00,0.485,0.025,HOLD,,0,-1
2021-06-03 12:00:00,2021-06-03 08:00:00,0.485,0.025,HOLD,,1,-1
2021-06-03 16:00:00,2021-06-03 12:00:00,0.4884,0.025,HOLD,,1,-1
2021-06-03 20:00:00,2021-06-03 16:00:00,0.4922,0.025,HOLD,,1,-1
2021-06-04 00:00:00,2021-06-03 20:00:00,0.4937,0.025,HOLD,,1,-1
2021-06-04 04:00:00,2021-06-04 00:00:00,0.4977,0.025,HOLD,,1,-1
2021-06-04 08:00:00,2021-06-04 04:00:00,0.5003,0.025,HOLD,,1,-1
2021-06-04 12:00:00,2021-06-04 08:00:00,0.5025,0.025,HOLD,,0,-1
2021-06-04 16:00:00,2021-06-04 12:00:00,0.5031,0.025,HOLD,,1,-1
2021-06-04 20:00:00,2021-06-04 16:00:00,0.4982,0.025,HOLD,,1,-1
2021-06-07 00:00:00,2021-06-04 20:00:00,0.5068,0.025,HOLD,,1,-1
2021-06-07 04:00:00,2021-06-07 00:00:00,0.5085,0.025,HOLD,,1,-1
2021-06-07 08:00:00,2021-06-07 04:00:00,0.5066,0.025,HOLD,,1,-1
2021-06-07 12:00:00,2021-06-07 08:00:00,0.5065,0.025,HOLD,,1,-1
2021-06-07 16:00:00,2021-06-07 12:00:00,0.5017,0.025,HOLD,,0,-1
2021-06-07 20:00:00,2021-06-07 16:00:00,0.496,0.025,HOLD,,0,-1
2021-06-08 00:00:00,2021-06-07 20:00:00,0.5013,0.025,HOLD,,0,-1
2021-06-08 04:00:00,2021-06-08 00:00:00,0.5016,0.025,HOLD,,1,-1
2021-06-08 08:00:00,2021-06-08 04:00:00,0.5007,0.025,HOLD,,1,-1
2021-06-08 12:00:00,2021-06-08 08:00:00,0.4997,0.025,HOLD,,1,-1
2021-06-08 16:00:00,2021-06-08 12:00:00,0.498,0.025,HOLD,,0,-1
2021-06-08 20:00:00,2021-06-08 16:00:00,0.4949,0.025,HOLD,,1,-1
2021-06-09 00:00:00,2021-06-08 20:00:00,0.4946,0.025,HOLD,,0,-1
2021-06-09 04:00:00,2021-06-09 00:00:00,0.4938,0.025,HOLD,,0,-1
2021-06-09 08:00:00,2021-06-09 04:00:00,0.4944,0.025,HOLD,,0,-1
2021-06-09 12:00:00,2021-06-09 08:00:00,0.4927,0.025,HOLD,,0,-1
2021-06-09 16:00:00,2021-06-09 12:00:00,0.4882,0.025,HOLD,,1,-1
2021-06-09 20:00:00,2021-06-09 16:00:00,0.4833,0.025,HOLD,,0,-1
2021-06-10 00:00:00,2021-06-09 20:00:00,0.4877,0.025,HOLD,,1,-1
2021-06-10 04:00:00,2021-06-10 00:00:00,0.4846,0.025,HOLD,,1,-1
2021-06-10 08:00:00,2021-06-10 04:00:00,0.4832,0.025,HOLD,,0,-1
2021-06-10 12:00:00,2021-06-10 08:00:00,0.484,0.025,HOLD,,0,-1
2021-06-10 16:00:00,2021-06-10 12:00:00,0.4812,0.025,HOLD,,0,-1
2021-06-10 20:00:00,2021-06-10 16:00:00,0.4796,0.025,HOLD,,0,-1
2021-06-11 00:00:00,2021-06-10 20:00:00,0.4763,0.025,HOLD,,0,-1
2021-06-11 04:00:00,2021-06-11 00:00:00,0.4789,0.025,HOLD,,0,-1
2021-06-11 08:00:00,2021-06-11 04:00:00,0.4748,0.025,SELL,True,0,0
2021-06-11 12:00:00,2021-06-11 08:00:00,0.4752,0.025,HOLD,,0,-1
2021-06-11 16:00:00,2021-06-11 12:00:00,0.4716,0.025,SELL,False,1,0
2021-06-11 20:00:00,2021-06-11 16:00:00,0.4817,0.025,HOLD,,1,-1
2021-06-14 00:00:00,2021-06-11 20:00:00,0.4826,0.025,HOLD,,1,-1
2021-06-14 04:00:00,2021-06-14 00:00:00,0.4844,0.025,HOLD,,1,-1
2021-06-14 08:00:00,2021-06-14 04:00:00,0.4869,0.025,HOLD,,1,-1
2021-06-14 12:00:00,2021-06-14 08:00:00,0.483,0.025,HOLD,,0,-1
2021-06-14 16:00:00,2021-06-14 12:00:00,0.4779,0.025,HOLD,,1,-1
2021-06-14 20:00:00,2021-06-14 16:00:00,0.4767,0.025,HOLD,,1,-1
2021-06-15 00:00:00,2021-06-14 20:00:00,0.4839,0.025,HOLD,,1,-1
2021-06-15 04:00:00,2021-06-15 00:00:00,0.4847,0.025,HOLD,,1,-1
2021-06-15 08:00:00,2021-06-15 04:00:00,0.4833,0.025,HOLD,,0,-1
2021-06-15 12:00:00,2021-06-15 08:00:00,0.4824,0.025,HOLD,,1,-1
2021-06-15 16:00:00,2021-06-15 12:00:00,0.4783,0.025,HOLD,,0,-1
2021-06-15 20:00:00,2021-06-15 16:00:00,0.476,0.025,HOLD,,0,-1
2021-06-16 00:00:00,2021-06-15 20:00:00,0.4748,0.025,SELL,True,0,0
2021-06-16 04:00:00,2021-06-16 00:00:00,0.4738,0.025,SELL,True,0,0
2021-06-16 08:00:00,2021-06-16 04:00:00,0.4732,0.025,SELL,True,0,0
2021-06-16 12:00:00,2021-06-16 08:00:00,0.4731,0.025,SELL,True,0,0
2021-06-16 16:00:00,2021-06-16 12:00:00,0.4731,0.025,SELL,True,0,0
2021-06-16 20:00:00,2021-06-16 16:00:00,0.4722,0.025,SELL,True,0,0
2021-06-17 00:00:00,2021-06-16 20:00:00,0.4711,0.025,SELL,True,0,0
2021-06-17 04:00:00,2021-06-17 00:00:00,0.4712,0.025,SELL,True,0,0
2021-06-17 08:00:00,2021-06-17 04:00:00,0.4732,0.025,SELL,True,0,0
2021-06-17 12:00:00,2021-06-17 08:00:00,0.4745,0.025,SELL,True,0,0
2021-06-17 16:00:00,2021-06-17 12:00:00,0.4738,0.025,SELL,True,0,0
2021-06-17 20:00:00,2021-06-17 16:00:00,0.478,0.025,HOLD,,0,-1
2021-06-18 00:00:00,2021-06-17 20:00:00,0.4746,0.025,SELL,True,0,0
2021-06-18 04:00:00,2021-06-18 00:00:00,0.4755,0.025,HOLD,,0,-1
2021-06-18 08:00:00,2021-06-18 04:00:00,0.476,0.025,HOLD,,0,-1
2021-06-18 12:00:00,2021-06-18 08:00:00,0.4815,0.025,HOLD,,1,-1
2021-06-18 16:00:00,2021-06-18 12:00:00,0.4826,0.025,HOLD,,1,-1
2021-06-18 20:00:00,2021-06-18 16:00:00,0.4824,0.025,HOLD,,1,-1
2021-06-21 00:00:00,2021-06-18 20:00:00,0.4848,0.025,HOLD,,1,-1
2021-06-21 04:00:00,2021-06-21 00:00:00,0.4914,0.025,HOLD,,1,-1
2021-06-21 08:00:00,2021-06-21 04:00:00,0.4942,0.025,HOLD,,1,-1
2021-06-21 12:00:00,2021-06-21 08:00:00,0.495,0.025,HOLD,,1,-1
2021-06-21 16:00:00,2021-06-21 12:00:00,0.4974,0.025,HOLD,,1,-1
2021-06-21 20:00:00,2021-06-21 16:00:00,0.5038,0.025,HOLD,,1,-1
2021-06-22 00:00:00,2021-06-21 20:00:00,0.5059,0.025,HOLD,,1,-1
2021-06-22 04:00:00,2021-06-22 00:00:00,0.5059,0.025,HOLD,,1,-1
2021-06-22 08:00:00,2021-06-22 04:00:00,0.506,0.025,HOLD,,1,-1
2021-06-22 12:00:00,2021-06-22 08:00:00,0.5086,0.025,HOLD,,1,-1
2021-06-22 16:00:00,2021-06-22 12:00:00,0.5131,0.025,HOLD,,1,-1
2021-06-22 20:00:00,2021-06-22 16:00:00,0.5118,0.025,HOLD,,0,-1
2021-06-23 00:00:00,2021-06-22 20:00:00,0.517,0.025,HOLD,,0,-1
2021-06-23 04:00:00,2021-06-23 00:00:00,0.5182,0.025,HOLD,,1,-1
2021-06-23 08:00:00,2021-06-23 04:00:00,0.5201,0.025,HOLD,,0,-1
2021-06-23 12:00:00,2021-06-23 08:00:00,0.5209,0.025,HOLD,,1,-1
2021-06-23 16:00:00,2021-06-23 12:00:00,0.5192,0.025,HOLD,,0,-1
2021-06-23 20:00:00,2021-06-23 16:00:00,0.5168,0.025,HOLD,,1,-1
2021-06-24 00:00:00,2021-06-23 20:00:00,0.516,0.025,HOLD,,0,-1
2021-06-24 04:00:00,2021-06-24 00:00:00,0.5065,0.025,HOLD,,1,-1
2021-06-24 08:00:00,2021-06-24 04:00:00,0.5057,0.025,HOLD,,1,-1
2021-06-24 12:00:00,2021-06-24 08:00:00,0.5074,0.025,HOLD,,1,-1
2021-06-24 16:00:00,2021-06-24 12:00:00,0.5006,0.025,HOLD,,1,-1
2021-06-24 20:00:00,2021-06-24 16:00:00,0.4979,0.025,HOLD,,1,-1
2021-06-25 00:00:00,2021-06-24 20:00:00,0.4928,0.025,HOLD,,1,-1
2021-06-25 04:00:00,2021-06-25 00:00:00,0.493,0.025,HOLD,,0,-1
2021-06-25 08:00:00,2021-06-25 04:00:00,0.49,0.025,HOLD,,0,-1
2021-06-25 12:00:00,2021-06-25 08:00:00,0.489,0.025,HOLD,,0,-1
2021-06-25 16:00:00,2021-06-25 12:00:00,0.4829,0.025,HOLD,,0,-1
2021-06-25 20:00:00,2021-06-25 16:00:00,0.4773,0.025,HOLD,,0,-1
2021-06-28 00:00:00,2021-06-25 20:00:00,0.472,0.025,SELL,True,0,0
2021-06-28 04:00:00,2021-06-28 00:00:00,0.4707,0.025,SELL,True,0,0
2021-06-28 08:00:00,2021-06-28 04:00:00,0.4739,0.025,SELL,True,0,0
2021-06-28 12:00:00,2021-06-28 08:00:00,0.4676,0.025,SELL,True,0,0
2021-06-28 16:00:00,2021-06-28 12:00:00,0.4703,0.025,SELL,True,0,0
2021-06-28 20:00:00,2021-06-28 16:00:00,0.4669,0.025,SELL,True,0,0
2021-06-29 00:00:00,2021-06-28 20:00:00,0.4715,0.025,SELL,True,0,0
2021-06-29 04:00:00,2021-06-29 00:00:00,0.4664,0.025,SELL,True,0,0
2021-06-29 08:00:00,2021-06-29 04:00:00,0.4656,0.025,SELL,True,0,0
2021-06-29 12:00:00,2021-06-29 08:00:00,0.4665,0.025,SELL,True,0,0
2021-06-29 16:00:00,2021-06-29 12:00:00,0.466,0.025,SELL,True,0,0
2021-06-29 20:00:00,2021-06-29 16:00:00,0.4636,0.025,SELL,True,0,0
2021-06-30 00:00:00,2021-06-29 20:00:00,0.4749,0.025,SELL,True,0,0
2021-06-30 04:00:00,2021-06-30 00:00:00,0.4785,0.025,HOLD,,0,-1
2021-06-30 08:00:00,2021-06-30 04:00:00,0.4797,0.025,HOLD,,0,-1
2021-06-30 12:00:00,2021-06-30 08:00:00,0.4824,0.025,HOLD,,0,-1
2021-06-30 16:00:00,2021-06-30 12:00:00,0.4867,0.025,HOLD,,1,-1
2021-06-30 20:00:00,2021-06-30 16:00:00,0.4952,0.025,HOLD,,0,-1
2021-07-01 00:00:00,2021-06-30 20:00:00,0.4963,0.025,HOLD,,0,-1
2021-07-01 04:00:00,2021-07-01 00:00:00,0.4954,0.025,HOLD,,0,-1
2021-07-01 08:00:00,2021-07-01 04:00:00,0.4993,0.025,HOLD,,0,-1
2021-07-01 12:00:00,2021-07-01 08:00:00,0.4989,0.025,HOLD,,0,-1
2021-07-01 16:00:00,2021-07-01 12:00:00,0.4996,0.025,HOLD,,0,-1
2021-07-01 20:00:00,2021-07-01 16:00:00,0.5075,0.025,HOLD,,1,-1
2021-07-02 00:00:00,2021-07-01 20:00:00,0.5053,0.025,HOLD,,1,-1
2021-07-02 04:00:00,2021-07-02 00:00:00,0.5084,0.025,HOLD,,1,-1
2021-07-02 08:00:00,2021-07-02 04:00:00,0.505,0.025,HOLD,,1,-1
2021-07-02 12:00:00,2021-07-02 08:00:00,0.5076,0.025,HOLD,,1,-1
2021-07-02 16:00:00,2021-07-02 12:00:00,0.5093,0.025,HOLD,,1,-1
2021-07-02 20:00:00,2021-07-02 16:00:00,0.5124,0.025,HOLD,,0,-1
2021-07-05 00:00:00,2021-07-02 20:00:00,0.511,0.025,HOLD,,1,-1
2021-07-05 04:00:00,2021-07-05 00:00:00,0.507,0.025,HOLD,,1,-1
2021-07-05 08:00:00,2021-07-05 04:00:00,0.5077,0.025,HOLD,,0,-1
2021-07-05 12:00:00,2021-07-05 08:00:00,0.5078,0.025,HOLD,,0,-1
2021-07-05 16:00:00,2021-07-05 12:00:00,0.5128,0.025,HOLD,,0,-1
2021-07-05 20:00:00,2021-07-05 16:00:00,0.5088,0.025,HOLD,,0,-1
2021-07-06 00:00:00,2021-07-05 20:00:00,0.5078,0.025,HOLD,,0,-1
2021-07-06 04:00:00,2021-07-06 00:00:00,0.5071,0.025,HOLD,,0,-1
2021-07-06 08:00:00,2021-07-06 04:00:00,0.5069,0.025,HOLD,,0,-1
2021-07-06 12:00:00,2021-07-06 08:00:00,0.5061,0.025,HOLD,,0,-1
2021-07-06 16:00:00,2021-07-06 12:00:00,0.506,0.025,HOLD,,0,-1
2021-07-06 20:00:00,2021-07-06 16:00:00,0.505,0.025,HOLD,,0,-1
2021-07-07 00:00:00,2021-07-06 20:00:00,0.5073,0.025,HOLD,,0,-1
2021-07-07 04:00:00,2021-07-07 00:00:00,0.5066,0.025,HOLD,,0,-1
2021-07-07 08:00:00,2021-07-07 04:00:00,0.5088,0.025,HOLD,,0,-1
2021-07-07 12:00:00,2021-07-07 08:00:00,0.5084,0.025,HOLD,,1,-1
2021-07-07 16:00:00,2021-07-07 12:00:00,0.5091,0.025,HOLD,,1,-1
2021-07-07 20:00:00,2021-07-07 16:00:00,0.5084,0.025,HOLD,,1,-1
2021-07-08 00:00:00,2021-07-07 20:00:00,0.5066,0.025,HOLD,,1,-1
2021-07-08 04:00:00,2021-07-08 00:00:00,0.5101,0.025,HOLD,,1,-1
2021-07-08 08:00:00,2021-07-08 04:00:00,0.5114,0.025,HOLD,,1,-1
2021-07-08 12:00:00,2021-07-08 08:00:00,0.5102,0.025,HOLD,,1,-1
2021-07-08 16:00:00,2021-07-08 12:00:00,0.5084,0.025,HOLD,,1,-1
2021-07-08 20:00:00,2021-07-08 16:00:00,0.5151,0.025,HOLD,,1,-1
2021-07-09 00:00:00,2021-07-08 20:00:00,0.5134,0.025,HOLD,,1,-1
2021-07-09 04:00:00,2021-07-09 00:00:00,0.5097,0.025,HOLD,,1,-1
2021-07-09 08:00:00,2021-07-09 04:00:00,0.5092,0.025,HOLD,,1,-1
2021-07-09 12:00:00,2021-07-09 08:00:00,0.5072,0.025,HOLD,,0,-1
2021-07-09 16:00:00,2021-07-09 12:00:00,0.5045,0.025,HOLD,,0,-1
2021-07-09 20:00:00,2021-07-09 16:00:00,0.5041,0.025,HOLD,,0,-1
2021-07-12 00:00:00,2021-07-09 20:00:00,0.4993,0.025,HOLD,,0,-1
2021-07-12 04:00:00,2021-07-12 00:00:00,0.5027,0.025,HOLD,,0,-1
2021-07-12 08:00:00,2021-07-12 04:00:00,0.498,0.025,HOLD,,0,-1
2021-07-12 12:00:00,2021-07-12 08:00:00,0.4924,0.025,HOLD,,0,-1
2021-07-12 16:00:00,2021-07-12 12:00:00,0.4928,0.025,HOLD,,0,-1
2021-07-12 20:00:00,2021-07-12 16:00:00,0.4905,0.025,HOLD,,0,-1
2021-07-13 00:00:00,2021-07-12 20:00:00,0.4867,0.025,HOLD,,0,-1
2021-07-13 04:00:00,2021-07-13 00:00:00,0.4838,0.025,HOLD,,0,-1
2021-07-13 08:00:00,2021-07-13 04:00:00,0.4805,0.025,HOLD,,0,-1
2021-07-13 12:00:00,2021-07-13 08:00:00,0.4817,0.025,HOLD,,1,-1
2021-07-13 16:00:00,2021-07-13 12:00:00,0.4781,0.025,HOLD,,1,-1
2021-07-13 20:00:00,2021-07-13 16:00:00,0.4748,0.025,SELL,False,1,0
2021-07-14 00:00:00,2021-07-13 20:00:00,0.4708,0.025,SELL,False,1,0
2021-07-14 04:00:00,2021-07-14 00:00:00,0.4737,0.025,SELL,False,1,0
2021-07-14 08:00:00,2021-07-14 04:00:00,0.4705,0.025,SELL,False,1,0
2021-07-14 12:00:00,2021-07-14 08:00:00,0.4695,0.025,SELL,True,0,0
2021-07-14 16:00:00,2021-07-14 12:00:00,0.4658,0.025,SELL,True,0,0
2021-07-14 20:00:00,2021-07-14 16:00:00,0.464,0.025,SELL,True,0,0
2021-07-15 00:00:00,2021-07-14 20:00:00,0.4571,0.025,SELL,True,0,0
2021-07-15 04:00:00,2021-07-15 00:00:00,0.4579,0.025,SELL,True,0,0
2021-07-15 08:00:00,2021-07-15 04:00:00,0.4566,0.025,SELL,True,0,0
2021-07-15 12:00:00,2021-07-15 08:00:00,0.4533,0.025,SELL,True,0,0
2021-07-15 16:00:00,2021-07-15 12:00:00,0.4596,0.025,SELL,False,1,0
2021-07-15 20:00:00,2021-07-15 16:00:00,0.4678,0.025,SELL,True,0,0
2021-07-16 00:00:00,2021-07-15 20:00:00,0.4672,0.025,SELL,True,0,0
2021-07-16 04:00:00,2021-07-16 00:00:00,0.4639,0.025,SELL,True,0,0
2021-07-16 08:00:00,2021-07-16 04:00:00,0.4653,0.025,SELL,True,0,0
2021-07-16 12:00:00,2021-07-16 08:00:00,0.4679,0.025,SELL,True,0,0
2021-07-16 16:00:00,2021-07-16 12:00:00,0.4684,0.025,SELL,True,0,0
2021-07-16 20:00:00,2021-07-16 16:00:00,0.4777,0.025,HOLD,,0,-1
2021-07-19 00:00:00,2021-07-16 20:00:00,0.4758,0.025,HOLD,,0,-1
2021-07-19 04:00:00,2021-07-19 00:00:00,0.4819,0.025,HOLD,,0,-1
2021-07-19 08:00:00,2021-07-19 04:00:00,0.4826,0.025,HOLD,,1,-1
2021-07-19 12:00:00,2021-07-19 08:00:00,0.4848,0.025,HOLD,,0,-1
2021-07-19 16:00:00,2021-07-19 12:00:00,0.485,0.025,HOLD,,0,-1
2021-07-19 20:00:00,2021-07-19 16:00:00,0.4829,0.025,HOLD,,0,-1
2021-07-20 00:00:00,2021-07-19 20:00:00,0.4874,0.025,HOLD,,0,-1
2021-07-20 04:00:00,2021-07-20 00:00:00,0.489,0.025,HOLD,,0,-1
2021-07-20 08:00:00,2021-07-20 04:00:00,0.4938,0.025,HOLD,,0,-1
2021-07-20 12:00:00,2021-07-20 08:00:00,0.4956,0.025,HOLD,,0,-1
2021-07-20 16:00:00,2021-07-20 12:00:00,0.4953,0.025,HOLD,,1,-1
2021-07-20 20:00:00,2021-07-20 16:00:00,0.4929,0.025,HOLD,,1,-1
2021-07-21 00:00:00,2021-07-20 20:00:00,0.4962,0.025,HOLD,,1,-1
2021-07-21 04:00:00,2021-07-21 00:00:00,0.4955,0.025,HOLD,,1,-1
2021-07-21 08:00:00,2021-07-21 04:00:00,0.4949,0.025,HOLD,,1,-1
2021-07-21 12:00:00,2021-07-21 08:00:00,0.5002,0.025,HOLD,,1,-1
2021-07-21 16:00:00,2021-07-21 12:00:00,0.5011,0.025,HOLD,,0,-1
2021-07-21 20:00:00,2021-07-21 16:00:00,0.5087,0.025,HOLD,,0,-1
2021-07-22 00:00:00,2021-07-21 20:00:00,0.5112,0.025,HOLD,,0,-1
2021-07-22 04:00:00,2021-07-22 00:00:00,0.512,0.025,HOLD,,0,-1
2021-07-22 08:00:00,2021-07-22 04:00:00,0.5114,0.025,HOLD,,0,-1
2021-07-22 12:00:00,2021-07-22 08:00:00,0.5091,0.025,HOLD,,0,-1
2021-07-22 16:00:00,2021-07-22 12:00:00,0.5144,0.025,HOLD,,1,-1
2021-07-22 20:00:00,2021-07-22 16:00:00,0.5124,0.025,HOLD,,0,-1
2021-07-23 00:00:00,2021-07-22 20:00:00,0.5135,0.025,HOLD,,0,-1
2021-07-23 04:00:00,2021-07-23 00:00:00,0.515,0.025,HOLD,,1,-1
2021-07-23 08:00:00,2021-07-23 04:00:00,0.5122,0.025,HOLD,,1,-1
2021-07-23 12:00:00,2021-07-23 08:00:00,0.5097,0.025,HOLD,,1,-1
2021-07-23 16:00:00,2021-07-23 12:00:00,0.5099,0.025,HOLD,,1,-1
2021-07-23 20:00:00,2021-07-23 16:00:00,0.5086,0.025,HOLD,,1,-1
2021-07-26 00:00:00,2021-07-23 20:00:00,0.5105,0.025,HOLD,,1,-1
2021-07-26 04:00:00,2021-07-26 00:00:00,0.5116,0.025,HOLD,,1,-1
2021-07-26 08:00:00,2021-07-26 04:00:00,0.5125,0.025,HOLD,,0,-1
2021-07-26 12:00:00,2021-07-26 08:00:00,0.513,0.025,HOLD,,1,-1
2021-07-26 16:00:00,2021-07-26 12:00:00,0.5105,0.025,HOLD,,1,-1
2021-07-26 20:00:00,2021-07-26 16:00:00,0.5124,0.025,HOLD,,1,-1
2021-07-27 00:00:00,2021-07-26 20:00:00,0.5159,0.025,HOLD,,1,-1
2021-07-27 04:00:00,2021-07-27 00:00:00,0.5113,0.025,HOLD,,1,-1
2021-07-27 08:00:00,2021-07-27 04:00:00,0.5091,0.025,HOLD,,1,-1
2021-07-27 12:00:00,2021-07-27 08:00:00,0.5084,0.025,HOLD,,0,-1
2021-07-27 16:00:00,2021-07-27 12:00:00,0.503,0.025,HOLD,,0,-1
2021-07-27 20:00:00,2021-07-27 16:00:00,0.5,0.025,HOLD,,1,-1
2021-07-28 00:00:00,2021-07-27 20:00:00,0.495,0.025,HOLD,,1,-1
2021-07-28 04:00:00,2021-07-28 00:00:00,0.4941,0.025,HOLD,,1,-1
2021-07-28 08:00:00,2021-07-28 04:00:00,0.4902,0.025,HOLD,,1,-1
2021-07-28 12:00:00,2021-07-28 08:00:00,0.4892,0.025,HOLD,,1,-1
2021-07-28 16:00:00,2021-07-28 12:00:00,0.4855,0.025,HOLD,,1,-1
2021-07-28 20:00:00,2021-07-28 16:00:00,0.4839,0.025,HOLD,,1,-1
2021-07-29 00:00:00,2021-07-28 20:00:00,0.4886,0.025,HOLD,,1,-1
2021-07-29 04:00:00,2021-07-29 00:00:00,0.4874,0.025,HOLD,,1,-1
2021-07-29 08:00:00,2021-07-29 04:00:00,0.4857,0.025,HOLD,,1,-1
2021-07-29 12:00:00,2021-07-29 08:00:00,0.4866,0.025,HOLD,,0,-1
2021-07-29 16:00:00,2021-07-29 12:00:00,0.4809,0.025,HOLD,,0,-1
2021-07-29 20:00:00,2021-07-29 16:00:00,0.4772,0.025,HOLD,,0,-1
2021-07-30 00:00:00,2021-07-29 20:00:00,0.4743,0.025,SELL,True,0,0
2021-07-30 04:00:00,2021-07-30 00:00:00,0.4738,0.025,SELL,True,0,0
2021-07-30 08:00:00,2021-07-30 04:00:00,0.473,0.025,SELL,True,0,0
2021-07-30 12:00:00,2021-07-30 08:00:00,0.4742,0.025,SELL,True,0,0
2021-07-30 16:00:00,2021-07-30 12:00:00,0.4741,0.025,SELL,False,1,0
2021-07-30 20:00:00,2021-07-30 16:00:00,0.4696,0.025,SELL,True,0,0
2021-08-02 00:00:00,2021-07-30 20:00:00,0.4661,0.025,SELL,False,1,0
2021-08-02 04:00:00,2021-08-02 00:00:00,0.4666,0.025,SELL,False,1,0
2021-08-02 08:00:00,2021-08-02 04:00:00,0.4643,0.025,SELL,True,0,0
2021-08-02 12:00:00,2021-08-02 08:00:00,0.4677,0.025,SELL,False,1,0
2021-08-02 16:00:00,2021-08-02 12:00:00,0.4668,0.025,SELL,True,0,0
2021-08-02 20:00:00,2021-08-02 16:00:00,0.4655,0.025,SELL,True,0,0
2021-08-03 00:00:00,2021-08-02 20:00:00,0.4724,0.025,SELL,True,0,0
2021-08-03 04:00:00,2021-08-03 00:00:00,0.473,0.025,SELL,True,0,0
2021-08-03 08:00:00,2021-08-03 04:00:00,0.474,0.025,SELL,True,0,0
2021-08-03 12:00:00,2021-08-03 08:00:00,0.4747,0.025,SELL,False,1,0
2021-08-03 16:00:00,2021-08-03 12:00:00,0.4716,0.025,SELL,True,0,0
2021-08-03 20:00:00,2021-08-03 16:00:00,0.4805,0.025,HOLD,,0,-1
2021-08-04 00:00:00,2021-08-03 20:00:00,0.4821,0.025,HOLD,,0,-1
2021-08-04 04:00:00,2021-08-04 00:00:00,0.4832,0.025,HOLD,,0,-1
2021-08-04 08:00:00,2021-08-04 04:00:00,0.4826,0.025,HOLD,,0,-1
2021-08-04 12:00:00,2021-08-04 08:00:00,0.4844,0.025,HOLD,,0,-1
2021-08-04 16:00:00,2021-08-04 12:00:00,0.482,0.025,HOLD,,1,-1
2021-08-04 20:00:00,2021-08-04 16:00:00,0.4794,0.025,HOLD,,0,-1
2021-08-05 00:00:00,2021-08-04 20:00:00,0.4797,0.025,HOLD,,0,-1
2021-08-05 04:00:00,2021-08-05 00:00:00,0.4813,0.025,HOLD,,0,-1
2021-08-05 08:00:00,2021-08-05 04:00:00,0.4816,0.025,HOLD,,0,-1
2021-08-05 12:00:00,2021-08-05 08:00:00,0.4856,0.025,HOLD,,0,-1
2021-08-05 16:00:00,2021-08-05 12:00:00,0.4902,0.025,HOLD,,0,-1
2021-08-05 20:00:00,2021-08-05 16:00:00,0.4911,0.025,HOLD,,0,-1
2021-08-06 00:00:00,2021-08-05 20:00:00,0.4889,0.025,HOLD,,0,-1
2021-08-06 04:00:00,2021-08-06 00:00:00,0.4885,0.025,HOLD,,0,-1
2021-08-06 08:00:00,2021-08-06 04:00:00,0.4898,0.025,HOLD,,0,-1
2021-08-06 12:00:00,2021-08-06 08:00:00,0.4903,0.025,HOLD,,0,-1
2021-08-06 16:00:00,2021-08-06 12:00:00,0.4975,0.025,HOLD,,0,-1
2021-08-06 20:00:00,2021-08-06 16:00:00,0.4969,0.025,HOLD,,0,-1
2021-08-09 00:00:00,2021-08-06 20:00:00,0.4958,0.025,HOLD,,0,-1
2021-08-09 04:00:00,2021-08-09 00:00:00,0.5006,0.025,HOLD,,0,-1
2021-08-09 08:00:00,2021-08-09 04:00:00,0.5025,0.025,HOLD,,0,-1
2021-08-09 12:00:00,2021-08-09 08:00:00,0.4995,0.025,HOLD,,0,-1
2021-08-09 16:00:00,2021-08-09 12:00:00,0.5036,0.025,HOLD,,0,-1
2021-08-09 20:00:00,2021-08-09 16:00:00,0.5046,0.025,HOLD,,0,-1
2021-08-10 00:00:00,2021-08-09 20:00:00,0.5048,0.025,HOLD,,0,-1
2021-08-10 04:00:00,2021-08-10 00:00:00,0.5037,0.025,HOLD,,0,-1
2021-08-10 08:00:00,2021-08-10 04:00:00,0.5063,0.025,HOLD,,0,-1
2021-08-10 12:00:00,2021-08-10 08:00:00,0.5088,0.025,HOLD,,1,-1
2021-08-10 16:00:00,2021-08-10 12:00:00,0.5076,0.025,HOLD,,1,-1
2021-08-10 20:00:00,2021-08-10 16:00:00,0.5079,0.025,HOLD,,1,-1
2021-08-11 00:00:00,2021-08-10 20:00:00,0.5046,0.025,HOLD,,1,-1
2021-08-11 04:00:00,2021-08-11 00:00:00,0.5058,0.025,HOLD,,1,-1
2021-08-11 08:00:00,2021-08-11 04:00:00,0.505,0.025,HOLD,,1,-1
2021-08-11 12:00:00,2021-08-11 08:00:00,0.5087,0.025,HOLD,,1,-1
2021-08-11 16:00:00,2021-08-11 12:00:00,0.506,0.025,HOLD,,0,-1
2021-08-11 20:00:00,2021-08-11 16:00:00,0.5117,0.025,HOLD,,0,-1
2021-08-12 00:00:00,2021-08-11 20:00:00,0.5062,0.025,HOLD,,0,-1
2021-08-12 04:00:00,2021-08-12 00:00:00,0.5029,0.025,HOLD,,0,-1
2021-08-12 08:00:00,2021-08-12 04:00:00,0.5015,0.025,HOLD,,0,-1
2021-08-12 12:00:00,2021-08-12 08:00:00,0.5009,0.025,HOLD,,1,-1
2021-08-12 16:00:00,2021-08-12 12:00:00,0.4974,0.025,HOLD,,1,-1
2021-08-12 20:00:00,2021-08-12 16:00:00,0.494,0.025,HOLD,,1,-1
2021-08-13 00:00:00,2021-08-12 20:00:00,0.4915,0.025,HOLD,,1,-1
2021-08-13 04:00:00,2021-08-13 00:00:00,0.4902,0.025,HOLD,,1,-1
2021-08-13 08:00:00,2021-08-13 04:00:00,0.4896,0.025,HOLD,,1,-1
2021-08-13 12:00:00,2021-08-13 08:00:00,0.4843,0.025,HOLD,,1,-1
2021-08-13 16:00:00,2021-08-13 12:00:00,0.4817,0.025,HOLD,,0,-1
2021-08-13 20:00:00,2021-08-13 16:00:00,0.4762,0.025,HOLD,,0,-1
2021-08-16 00:00:00,2021-08-13 20:00:00,0.4718,0.025,SELL,True,0,0
2021-08-16 04:00:00,2021-08-16 00:00:00,0.4716,0.025,SELL,True,0,0
2021-08-16 08:00:00,2021-08-16 04:00:00,0.4656,0.025,SELL,True,0,0
2021-08-16 12:00:00,2021-08-16 08:00:00,0.4681,0.025,SELL,True,0,0
2021-08-16 16:00:00,2021-08-16 12:00:00,0.464,0.025,SELL,True,0,0
2021-08-16 20:00:00,2021-08-16 16:00:00,0.463,0.025,SELL,True,0,0
2021-08-17 00:00:00,2021-08-16 20:00:00,0.4599,0.025,SELL,True,0,0
2021-08-17 04:00:00,2021-08-17 00:00:00,0.4605,0.025,SELL,True,0,0
2021-08-17 08:00:00,2021-08-17 04:00:00,0.459,0.025,SELL,True,0,0
2021-08-17 12:00:00,2021-08-17 08:00:00,0.4556,0.025,SELL,True,0,0
2021-08-17 16:00:00,2021-08-17 12:00:00,0.4544,0.025,SELL,True,0,0
2021-08-17 20:00:00,2021-08-17 16:00:00,0.4562,0.025,SELL,False,1,0
2021-08-18 00:00:00,2021-08-17 20:00:00,0.4544,0.025,SELL,True,0,0
2021-08-18 04:00:00,2021-08-18 00:00:00,0.4574,0.025,SELL,True,0,0
2021-08-18 08:00:00,2021-08-18 04:00:00,0.4592,0.025,SELL,True,0,0
2021-08-18 12:00:00,2021-08-18 08:00:00,0.4609,0.025,SELL,True,0,0
2021-08-18 16:00:00,2021-08-18 12:00:00,0.4578,0.025,SELL,True,0,0
2021-08-18 20:00:00,2021-08-18 16:00:00,0.464,0.025,SELL,True,0,0
2021-08-19 00:00:00,2021-08-18 20:00:00,0.4639,0.025,SELL,True,0,0
2021-08-19 04:00:00,2021-08-19 00:00:00,0.4645,0.025,SELL,False,1,0
2021-08-19 08:00:00,2021-08-19 04:00:00,0.4638,0.025,SELL,True,0,0
2021-08-19 12:00:00,2021-08-19 08:00:00,0.4604,0.025,SELL,True,0,0
2021-08-19 16:00:00,2021-08-19 12:00:00,0.4593,0.025,SELL,False,1,0
2021-08-19 20:00:00,2021-08-19 16:00:00,0.4547,0.025,SELL,False,1,0
2021-08-20 00:00:00,2021-08-19 20:00:00,0.4494,0.025,SELL,False,1,0
2021-08-20 04:00:00,2021-08-20 00:00:00,0.4518,0.025,SELL,False,1,0
2021-08-20 08:00:00,2021-08-20 04:00:00,0.4549,0.025,SELL,False,1,0
2021-08-20 12:00:00,2021-08-20 08:00:00,0.4549,0.025,SELL,False,1,0
2021-08-20 16:00:00,2021-08-20 12:00:00,0.451,0.025,SELL,False,1,0
2021-08-20 20:00:00,2021-08-20 16:00:00,0.4576,0.025,SELL,False,1,0
2021-08-23 00:00:00,2021-08-20 20:00:00,0.4652,0.025,SELL,False,1,0
2021-08-23 04:00:00,2021-08-23 00:00:00,0.4634,0.025,SELL,False,1,0
2021-08-23 08:00:00,2021-08-23 04:00:00,0.4621,0.025,SELL,True,0,0
2021-08-23 12:00:00,2021-08-23 08:00:00,0.4596,0.025,SELL,False,1,0
2021-08-23 16:00:00,2021-08-23 12:00:00,0.4557,0.025,SELL,False,1,0
2021-08-23 20:00:00,2021-08-23 16:00:00,0.4527,0.025,SELL,False,1,0
2021-08-24 00:00:00,2021-08-23 20:00:00,0.4531,0.025,SELL,False,1,0
2021-08-24 04:00:00,2021-08-24 00:00:00,0.454,0.025,SELL,True,0,0
2021-08-24 08:00:00,2021-08-24 04:00:00,0.4538,0.025,SELL,False,1,0
2021-08-24 12:00:00,2021-08-24 08:00:00,0.455,0.025,SELL,True,0,0
2021-08-24 16:00:00,2021-08-24 12:00:00,0.4566,0.025,SELL,False,1,0
2021-08-24 20:00:00,2021-08-24 16:00:00,0.4546,0.025,SELL,False,1,0
2021-08-25 00:00:00,2021-08-24 20:00:00,0.4542,0.025,SELL,False,1,0
2021-08-25 04:00:00,2021-08-25 00:00:00,0.4565,0.025,SELL,False,1,0
2021-08-25 08:00:00,2021-08-25 04:00:00,0.4548,0.025,SELL,False,1,0
2021-08-25 12:00:00,2021-08-25 08:00:00,0.4581,0.025,SELL,False,1,0
2021-08-25 16:00:00,2021-08-25 12:00:00,0.4585,0.025,SELL,True,0,0
2021-08-25 20:00:00,2021-08-25 16:00:00,0.456,0.025,SELL,True,0,0
2021-08-26 00:00:00,2021-08-25 20:00:00,0.4554,0.025,SELL,True,0,0
2021-08-26 04:00:00,2021-08-26 00:00:00,0.4597,0.025,SELL,True,0,0
2021-08-26 08:00:00,2021-08-26 04:00:00,0.457,0.025,SELL,True,0,0
2021-08-26 12:00:00,2021-08-26 08:00:00,0.4539,0.025,SELL,False,1,0
2021-08-26 16:00:00,2021-08-26 12:00:00,0.4561,0.025,SELL,False,1,0
2021-08-26 20:00:00,2021-08-26 16:00:00,0.4595,0.025,SELL,False,1,0
2021-08-27 00:00:00,2021-08-26 20:00:00,0.4581,0.025,SELL,False,1,0
2021-08-27 04:00:00,2021-08-27 00:00:00,0.4605,0.025,SELL,False,1,0
2021-08-27 08:00:00,2021-08-27 04:00:00,0.4654,0.025,SELL,False,1,0
2021-08-27 12:00:00,2021-08-27 08:00:00,0.4647,0.025,SELL,False,1,0
2021-08-27 16:00:00,2021-08-27 12:00:00,0.4652,0.025,SELL,True,0,0
2021-08-27 20:00:00,2021-08-27 16:00:00,0.4656,0.025,SELL,False,1,0
2021-08-30 00:00:00,2021-08-27 20:00:00,0.4736,0.025,SELL,True,0,0
2021-08-30 04:00:00,2021-08-30 00:00:00,0.4703,0.025,SELL,False,1,0
2021-08-30 08:00:00,2021-08-30 04:00:00,0.4733,0.025,SELL,False,1,0
2021-08-30 12:00:00,2021-08-30 08:00:00,0.4785,0.025,HOLD,,1,-1
2021-08-30 16:00:00,2021-08-30 12:00:00,0.4777,0.025,HOLD,,1,-1
2021-08-30 20:00:00,2021-08-30 16:00:00,0.4726,0.025,SELL,False,1,0
2021-08-31 00:00:00,2021-08-30 20:00:00,0.4732,0.025,SELL,False,1,0
2021-08-31 04:00:00,2021-08-31 00:00:00,0.4766,0.025,HOLD,,0,-1
2021-08-31 08:00:00,2021-08-31 04:00:00,0.4773,0.025,HOLD,,0,-1
2021-08-31 12:00:00,2021-08-31 08:00:00,0.4744,0.025,SELL,False,1,0
2021-08-31 16:00:00,2021-08-31 12:00:00,0.4738,0.025,SELL,False,1,0
2021-08-31 20:00:00,2021-08-31 16:00:00,0.4792,0.025,HOLD,,1,-1
2021-09-01 00:00:00,2021-08-31 20:00:00,0.4759,0.025,HOLD,,1,-1
2021-09-01 04:00:00,2021-09-01 00:00:00,0.477,0.025,HOLD,,1,-1
2021-09-01 08:00:00,2021-09-01 04:00:00,0.4766,0.025,HOLD,,1,-1
2021-09-01 12:00:00,2021-09-01 08:00:00,0.4709,0.025,SELL,False,1,0
2021-09-01 16:00:00,2021-09-01 12:00:00,0.4714,0.025,SELL,False,1,0
2021-09-01 20:00:00,2021-09-01 16:00:00,0.4678,0.025,SELL,False,1,0
2021-09-02 00:00:00,2021-09-01 20:00:00,0.472,0.025,SELL,False,1,0
2021-09-02 04:00:00,2021-09-02 00:00:00,0.4721,0.025,SELL,False,1,0
2021-09-02 08:00:00,2021-09-02 04:00:00,0.4709,0.025,SELL,False,1,0
2021-09-02 12:00:00,2021-09-02 08:00:00,0.4663,0.025,SELL,False,1,0
2021-09-02 16:00:00,2021-09-02 12:00:00,0.4634,0.025,SELL,False,1,0
2021-09-02 20:00:00,2021-09-02 16:00:00,0.46,0.025,SELL,False,1,0
2021-09-03 00:00:00,2021-09-02 20:00:00,0.4543,0.025,SELL,True,0,0
2021-09-03 04:00:00,2021-09-03 00:00:00,0.4494,0.025,SELL,True,0,0
2021-09-03 08:00:00,2021-09-03 04:00:00,0.4459,0.025,SELL,True,0,0
2021-09-03 12:00:00,2021-09-03 08:00:00,0.4479,0.025,SELL,True,0,0
2021-09-03 16:00:00,2021-09-03 12:00:00,0.4449,0.025,SELL,True,0,0
2021-09-03 20:00:00,2021-09-03 16:00:00,0.4432,0.025,SELL,True,0,0
2021-09-06 00:00:00,2021-09-03 20:00:00,0.4465,0.025,SELL,False,1,0
2021-09-06 04:00:00,2021-09-06 00:00:00,0.4466,0.025,SELL,False,1,0
2021-09-06 08:00:00,2021-09-06 04:00:00,0.4483,0.025,SELL,False,1,0
2021-09-06 12:00:00,2021-09-06 08:00:00,0.4462,0.025,SELL,True,0,0
2021-09-06 16:00:00,2021-09-06 12:00:00,0.4424,0.025,SELL,True,0,0
2021-09-06 20:00:00,2021-09-06 16:00:00,0.4412,0.025,SELL,True,0,0
2021-09-07 00:00:00,2021-09-06 20:00:00,0.4426,0.025,SELL,True,0,0
2021-09-07 04:00:00,2021-09-07 00:00:00,0.4423,0.025,SELL,True,0,0
2021-09-07 08:00:00,2021-09-07 04:00:00,0.4432,0.025,SELL,True,0,0
2021-09-07 12:00:00,2021-09-07 08:00:00,0.4462,0.025,SELL,True,0,0
2021-09-07 16:00:00,2021-09-07 12:00:00,0.4469,0.025,SELL,True,0,0
2021-09-07 20:00:00,2021-09-07 16:00:00,0.4511,0.025,SELL,True,0,0
2021-09-08 00:00:00,2021-09-07 20:00:00,0.4456,0.025,SELL,True,0,0
2021-09-08 04:00:00,2021-09-08 00:00:00,0.4441,0.025,SELL,True,0,0
2021-09-08 08:00:00,2021-09-08 04:00:00,0.4437,0.025,SELL,False,1,0
2021-09-08 12:00:00,2021-09-08 08:00:00,0.4431,0.025,SELL,False,1,0
2021-09-08 16:00:00,2021-09-08 12:00:00,0.4447,0.025,SELL,False,1,0
2021-09-08 20:00:00,2021-09-08 16:00:00,0.4518,0.025,SELL,False,1,0
2021-09-09 00:00:00,2021-09-08 20:00:00,0.4549,0.025,SELL,False,1,0
2021-09-09 04:00:00,2021-09-09 00:00:00,0.4562,0.025,SELL,False,1,0
2021-09-09 08:00:00,2021-09-09 04:00:00,0.4606,0.025,SELL,False,1,0
2021-09-09 12:00:00,2021-09-09 08:00:00,0.4631,0.025,SELL,False,1,0
2021-09-09 16:00:00,2021-09-09 12:00:00,0.4671,0.025,SELL,True,0,0
2021-09-09 20:00:00,2021-09-09 16:00:00,0.4641,0.025,SELL,True,0,0
2021-09-10 00:00:00,2021-09-09 20:00:00,0.4698,0.025,SELL,True,0,0
2021-09-10 04:00:00,2021-09-10 00:00:00,0.4746,0.025,SELL,True,0,0
2021-09-10 08:00:00,2021-09-10 04:00:00,0.4764,0.025,HOLD,,0,-1
2021-09-10 12:00:00,2021-09-10 08:00:00,0.4774,0.025,HOLD,,0,-1
2021-09-10 16:00:00,2021-09-10 12:00:00,0.4753,0.025,HOLD,,0,-1
2021-09-10 20:00:00,2021-09-10 16:00:00,0.4776,0.025,HOLD,,0,-1
2021-09-13 00:00:00,2021-09-10 20:00:00,0.4728,0.025,SELL,False,1,0
2021-09-13 04:00:00,2021-09-13 00:00:00,0.4731,0.025,SELL,False,1,0
2021-09-13 08:00:00,2021-09-13 04:00:00,0.4736,0.025,SELL,False,1,0
2021-09-13 12:00:00,2021-09-13 08:00:00,0.4721,0.025,SELL,False,1,0
2021-09-13 16:00:00,2021-09-13 12:00:00,0.4717,0.025,SELL,False,1,0
2021-09-13 20:00:00,2021-09-13 16:00:00,0.4684,0.025,SELL,True,0,0
2021-09-14 00:00:00,2021-09-13 20:00:00,0.4669,0.025,SELL,True,0,0
2021-09-14 04:00:00,2021-09-14 00:00:00,0.464,0.025,SELL,True,0,0
2021-09-14 08:00:00,2021-09-14 04:00:00,0.469,0.025,SELL,False,1,0
2021-09-14 12:00:00,2021-09-14 08:00:00,0.4696,0.025,SELL,True,0,0
2021-09-14 16:00:00,2021-09-14 12:00:00,0.4659,0.025,SELL,True,0,0
2021-09-14 20:00:00,2021-09-14 16:00:00,0.4663,0.025,SELL,False,1,0
2021-09-15 00:00:00,2021-09-14 20:00:00,0.4653,0.025,SELL,False,1,0
2021-09-15 04:00:00,2021-09-15 00:00:00,0.4665,0.025,SELL,False,1,0
2021-09-15 08:00:00,2021-09-15 04:00:00,0.4721,0.025,SELL,True,0,0
2021-09-15 12:00:00,2021-09-15 08:00:00,0.4716,0.025,SELL,True,0,0
2021-09-15 16:00:00,2021-09-15 12:00:00,0.4694,0.025,SELL,True,0,0
2021-09-15 20:00:00,2021-09-15 16:00:00,0.4672,0.025,SELL,True,0,0
2021-09-16 00:00:00,2021-09-15 20:00:00,0.463,0.025,SELL,True,0,0
2021-09-16 04:00:00,2021-09-16 00:00:00,0.4644,0.025,SELL,True,0,0
2021-09-16 08:00:00,2021-09-16 04:00:00,0.4646,0.025,SELL,False,1,0
2021-09-16 12:00:00,2021-09-16 08:00:00,0.4633,0.025,SELL,False,1,0
2021-09-16 16:00:00,2021-09-16 12:00:00,0.4677,0.025,SELL,True,0,0
2021-09-16 20:00:00,2021-09-16 16:00:00,0.4639,0.025,SELL,True,0,0
2021-09-17 00:00:00,2021-09-16 20:00:00,0.4618,0.025,SELL,True,0,0
2021-09-17 04:00:00,2021-09-17 00:00:00,0.4622,0.025,SELL,True,0,0
2021-09-17 08:00:00,2021-09-17 04:00:00,0.4613,0.025,SELL,True,0,0
2021-09-17 12:00:00,2021-09-17 08:00:00,0.4601,0.025,SELL,True,0,0
2021-09-17 16:00:00,2021-09-17 12:00:00,0.4636,0.025,SELL,True,0,0
2021-09-17 20:00:00,2021-09-17 16:00:00,0.4626,0.025,SELL,False,1,0
2021-09-20 00:00:00,2021-09-17 20:00:00,0.4617,0.025,SELL,False,1,0
2021-09-20 04:00:00,2021-09-20 00:00:00,0.4623,0.025,SELL,False,1,0
2021-09-20 08:00:00,2021-09-20 04:00:00,0.4648,0.025,SELL,False,1,0
2021-09-20 12:00:00,2021-09-20 08:00:00,0.4648,0.025,SELL,False,1,0
2021-09-20 16:00:00,2021-09-20 12:00:00,0.4597,0.025,SELL,False,1,0
2021-09-20 20:00:00,2021-09-20 16:00:00,0.4565,0.025,SELL,True,0,0
2021-09-21 00:00:00,2021-09-20 20:00:00,0.4635,0.025,SELL,True,0,0
2021-09-21 04:00:00,2021-09-21 00:00:00,0.4611,0.025,SELL,True,0,0
2021-09-21 08:00:00,2021-09-21 04:00:00,0.4587,0.025,SELL,False,1,0
2021-09-21 12:00:00,2021-09-21 08:00:00,0.4596,0.025,SELL,True,0,0
2021-09-21 16:00:00,2021-09-21 12:00:00,0.46,0.025,SELL,False,1,0
2021-09-21 20:00:00,2021-09-21 16:00:00,0.4611,0.025,SELL,True,0,0
2021-09-22 00:00:00,2021-09-21 20:00:00,0.4599,0.025,SELL,True,0,0
2021-09-22 04:00:00,2021-09-22 00:00:00,0.4602,0.025,SELL,True,0,0
2021-09-22 08:00:00,2021-09-22 04:00:00,0.4624,0.025,SELL,True,0,0
2021-09-22 12:00:00,2021-09-22 08:00:00,0.4618,0.025,SELL,True,0,0
2021-09-22 16:00:00,2021-09-22 12:00:00,0.4659,0.025,SELL,False,1,0
2021-09-22 20:00:00,2021-09-22 16:00:00,0.4648,0.025,SELL,False,1,0
2021-09-23 00:00:00,2021-09-22 20:00:00,0.4656,0.025,SELL,False,1,0
2021-09-23 04:00:00,2021-09-23 00:00:00,0.4711,0.025,SELL,False,1,0
2021-09-23 08:00:00,2021-09-23 04:00:00,0.4718,0.025,SELL,False,1,0
2021-09-23 12:00:00,2021-09-23 08:00:00,0.4729,0.025,SELL,True,0,0
2021-09-23 16:00:00,2021-09-23 12:00:00,0.4696,0.025,SELL,True,0,0
2021-09-23 20:00:00,2021-09-23 16:00:00,0.4685,0.025,SELL,True,0,0
2021-09-24 00:00:00,2021-09-23 20:00:00,0.4683,0.025,SELL,True,0,0
2021-09-24 04:00:00,2021-09-24 00:00:00,0.4675,0.025,SELL,True,0,0
2021-09-24 08:00:00,2021-09-24 04:00:00,0.4689,0.025,SELL,True,0,0
2021-09-24 12:00:00,2021-09-24 08:00:00,0.4724,0.025,SELL,False,1,0
2021-09-24 16:00:00,2021-09-24 12:00:00,0.4718,0.025,SELL,True,0,0
2021-09-24 20:00:00,2021-09-24 16:00:00,0.4715,0.025,SELL,True,0,0
2021-09-27 00:00:00,2021-09-24 20:00:00,0.4662,0.025,SELL,True,0,0
2021-09-27 04:00:00,2021-09-27 00:00:00,0.4664,0.025,SELL,True,0,0
2021-09-27 08:00:00,2021-09-27 04:00:00,0.4667,0.025,SELL,True,0,0
2021-09-27 12:00:00,2021-09-27 08:00:00,0.4646,0.025,SELL,True,0,0
2021-09-27 16:00:00,2021-09-27 12:00:00,0.463,0.025,SELL,True,0,0
2021-09-27 20:00:00,2021-09-27 16:00:00,0.4606,0.025,SELL,True,0,0
2021-09-28 00:00:00,2021-09-27 20:00:00,0.464,0.025,SELL,True,0,0
2021-09-28 04:00:00,2021-09-28 00:00:00,0.4663,0.025,SELL,True,0,0
2021-09-28 08:00:00,2021-09-28 04:00:00,0.4657,0.025,SELL,True,0,0
2021-09-28 12:00:00,2021-09-28 08:00:00,0.4679,0.025,SELL,True,0,0
2021-09-28 16:00:00,2021-09-28 12:00:00,0.4647,0.025,SELL,True,0,0
2021-09-28 20:00:00,2021-09-28 16:00:00,0.4678,0.025,SELL,True,0,0
2021-09-29 00:00:00,2021-09-28 20:00:00,0.4649,0.025,SELL,True,0,0
2021-09-29 04:00:00,2021-09-29 00:00:00,0.4653,0.025,SELL,True,0,0
2021-09-29 08:00:00,2021-09-29 04:00:00,0.4673,0.025,SELL,True,0,0
2021-09-29 12:00:00,2021-09-29 08:00:00,0.4693,0.025,SELL,True,0,0
2021-09-29 16:00:00,2021-09-29 12:00:00,0.4738,0.025,SELL,True,0,0
2021-09-29 20:00:00,2021-09-29 16:00:00,0.4743,0.025,SELL,True,0,0
2021-09-30 00:00:00,2021-09-29 20:00:00,0.4776,0.025,HOLD,,0,-1
2021-09-30 04:00:00,2021-09-30 00:00:00,0.4744,0.025,SELL,True,0,0
2021-09-30 08:00:00,2021-09-30 04:00:00,0.4763,0.025,HOLD,,0,-1
2021-09-30 12:00:00,2021-09-30 08:00:00,0.4835,0.025,HOLD,,1,-1
2021-09-30 16:00:00,2021-09-30 12:00:00,0.4884,0.025,HOLD,,1,-1
2021-09-30 20:00:00,2021-09-30 16:00:00,0.4897,0.025,HOLD,,1,-1
2021-10-01 00:00:00,2021-09-30 20:00:00,0.4951,0.025,HOLD,,1,-1
2021-10-01 04:00:00,2021-10-01 00:00:00,0.4969,0.025,HOLD,,1,-1
2021-10-01 08:00:00,2021-10-01 04:00:00,0.5004,0.025,HOLD,,1,-1
2021-10-01 12:00:00,2021-10-01 08:00:00,0.5028,0.025,HOLD,,1,-1
2021-10-01 16:00:00,2021-10-01 12:00:00,0.5011,0.025,HOLD,,1,-1
2021-10-01 20:00:00,2021-10-01 16:00:00,0.5005,0.025,HOLD,,1,-1
2021-10-04 00:00:00,2021-10-01 20:00:00,0.5017,0.025,HOLD,,1,-1
2021-10-04 04:00:00,2021-10-04 00:00:00,0.5026,0.025,HOLD,,0,-1
2021-10-04 08:00:00,2021-10-04 04:00:00,0.5022,0.025,HOLD,,0,-1
2021-10-04 12:00:00,2021-10-04 08:00:00,0.5038,0.025,HOLD,,0,-1
2021-10-04 16:00:00,2021-10-04 12:00:00,0.4992,0.025,HOLD,,0,-1
2021-10-04 20:00:00,2021-10-04 16:00:00,0.5022,0.025,HOLD,,0,-1
2021-10-05 00:00:00,2021-10-04 20:00:00,0.497,0.025,HOLD,,0,-1
2021-10-05 04:00:00,2021-10-05 00:00:00,0.4959,0.025,HOLD,,0,-1
2021-10-05 08:00:00,2021-10-05 04:00:00,0.4935,0.025,HOLD,,0,-1
2021-10-05 12:00:00,2021-10-05 08:00:00,0.494,0.025,HOLD,,0,-1
2021-10-05 16:00:00,2021-10-05 12:00:00,0.4905,0.025,HOLD,,0,-1
2021-10-05 20:00:00,2021-10-05 16:00:00,0.4871,0.025,HOLD,,0,-1
2021-10-06 00:00:00,2021-10-05 20:00:00,0.4839,0.025,HOLD,,0,-1
2021-10-06 04:00:00,2021-10-06 00:00:00,0.4801,0.025,HOLD,,0,-1
2021-10-06 08:00:00,2021-10-06 04:00:00,0.4783,0.025,HOLD,,1,-1
2021-10-06 12:00:00,2021-10-06 08:00:00,0.4781,0.025,HOLD,,1,-1
2021-10-06 16:00:00,2021-10-06 12:00:00,0.4752,0.025,HOLD,,1,-1
2021-10-06 20:00:00,2021-10-06 16:00:00,0.4739,0.025,SELL,True,0,0
2021-10-07 00:00:00,2021-10-06 20:00:00,0.4708,0.025,SELL,True,0,0
2021-10-07 04:00:00,2021-10-07 00:00:00,0.4692,0.025,SELL,True,0,0
2021-10-07 08:00:00,2021-10-07 04:00:00,0.4711,0.025,SELL,True,0,0
2021-10-07 12:00:00,2021-10-07 08:00:00,0.4721,0.025,SELL,False,1,0
2021-10-07 16:00:00,2021-10-07 12:00:00,0.4682,0.025,SELL,False,1,0
2021-10-07 20:00:00,2021-10-07 16:00:00,0.4636,0.025,SELL,False,1,0
2021-10-08 00:00:00,2021-10-07 20:00:00,0.4635,0.025,SELL,False,1,0
2021-10-08 04:00:00,2021-10-08 00:00:00,0.4656,0.025,SELL,False,1,0
2021-10-08 08:00:00,2021-10-08 04:00:00,0.4672,0.025,SELL,False,1,0
2021-10-08 12:00:00,2021-10-08 08:00:00,0.4715,0.025,SELL,True,0,0
2021-10-08 16:00:00,2021-10-08 12:00:00,0.4705,0.025,SELL,True,0,0
2021-10-08 20:00:00,2021-10-08 16:00:00,0.4756,0.025,HOLD,,0,-1
2021-10-11 00:00:00,2021-10-08 20:00:00,0.4713,0.025,SELL,True,0,0
2021-10-11 04:00:00,2021-10-11 00:00:00,0.4715,0.025,SELL,True,0,0
2021-10-11 08:00:00,2021-10-11 04:00:00,0.4742,0.025,SELL,True,0,0
2021-10-11 12:00:00,2021-10-11 08:00:00,0.4695,0.025,SELL,True,0,0
2021-10-11 16:00:00,2021-10-11 12:00:00,0.474,0.025,SELL,True,0,0
2021-10-11 20:00:00,2021-10-11 16:00:00,0.4779,0.025,HOLD,,0,-1
2021-10-12 00:00:00,2021-10-11 20:00:00,0.476,0.025,HOLD,,0,-1
2021-10-12 04:00:00,2021-10-12 00:00:00,0.4735,0.025,SELL,True,0,0
2021-10-12 08:00:00,2021-10-12 04:00:00,0.4726,0.025,SELL,True,0,0
2021-10-12 12:00:00,2021-10-12 08:00:00,0.4717,0.025,SELL,False,1,0
2021-10-12 16:00:00,2021-10-12 12:00:00,0.4701,0.025,SELL,False,1,0
2021-10-12 20:00:00,2021-10-12 16:00:00,0.4666,0.025,SELL,False,1,0
2021-10-13 00:00:00,2021-10-12 20:00:00,0.4635,0.025,SELL,False,1,0
2021-10-13 04:00:00,2021-10-13 00:00:00,0.4628,0.025,SELL,False,1,0
2021-10-13 08:00:00,2021-10-13 04:00:00,0.461,0.025,SELL,False,1,0
2021-10-13 12:00:00,2021-10-13 08:00:00,0.4596,0.025,SELL,False,1,0
2021-10-13 16:00:00,2021-10-13 12:00:00,0.4563,0.025,SELL,False,1,0
2021-10-13 20:00:00,2021-10-13 16:00:00,0.4505,0.025,SELL,False,1,0
2021-10-14 00:00:00,2021-10-13 20:00:00,0.4472,0.025,SELL,True,0,0
2021-10-14 04:00:00,2021-10-14 00:00:00,0.4515,0.025,SELL,False,1,0
2021-10-14 08:00:00,2021-10-14 04:00:00,0.4511,0.025,SELL,True,0,0
2021-10-14 12:00:00,2021-10-14 08:00:00,0.4468,0.025,SELL,True,0,0
2021-10-14 16:00:00,2021-10-14 12:00:00,0.4452,0.025,SELL,False,1,0
2021-10-14 20:00:00,2021-10-14 16:00:00,0.4427,0.025,SELL,False,1,0
2021-10-15 00:00:00,2021-10-14 20:00:00,0.4384,0.025,SELL,True,0,0
2021-10-15 04:00:00,2021-10-15 00:00:00,0.4372,0.025,SELL,True,0,0
2021-10-15 08:00:00,2021-10-15 04:00:00,0.4375,0.025,SELL,True,0,0
2021-10-15 12:00:00,2021-10-15 08:00:00,0.438,0.025,SELL,False,1,0
2021-10-15 16:00:00,2021-10-15 12:00:00,0.4365,0.025,SELL,False,1,0
2021-10-15 20:00:00,2021-10-15 16:00:00,0.4426,0.025,SELL,False,1,0
2021-10-18 00:00:00,2021-10-15 20:00:00,0.4398,0.025,SELL,False,1,0
2021-10-18 04:00:00,2021-10-18 00:00:00,0.4431,0.025,SELL,False,1,0
2021-10-18 08:00:00,2021-10-18 04:00:00,0.4458,0.025,SELL,False,1,0
2021-10-18 12:00:00,2021-10-18 08:00:00,0.4452,0.025,SELL,False,1,0
2021-10-18 16:00:00,2021-10-18 12:00:00,0.445,0.025,SELL,False,1,0
2021-10-18 20:00:00,2021-10-18 16:00:00,0.4419,0.025,SELL,False,1,0
2021-10-19 00:00:00,2021-10-18 20:00:00,0.4427,0.025,SELL,False,1,0
2021-10-19 04:00:00,2021-10-19 00:00:00,0.44,0.025,SELL,False,1,0
2021-10-19 08:00:00,2021-10-19 04:00:00,0.438,0.025,SELL,True,0,0
2021-10-19 12:00:00,2021-10-19 08:00:00,0.4377,0.025,SELL,True,0,0
2021-10-19 16:00:00,2021-10-19 12:00:00,0.4367,0.025,SELL,False,1,0
2021-10-19 20:00:00,2021-10-19 16:00:00,0.4308,0.025,SELL,False,1,0
2021-10-20 00:00:00,2021-10-19 20:00:00,0.4287,0.025,SELL,False,1,0
2021-10-20 04:00:00,2021-10-20 00:00:00,0.4261,0.025,SELL,False,1,0
2021-10-20 08:00:00,2021-10-20 04:00:00,0.4281,0.025,SELL,False,1,0
2021-10-20 12:00:00,2021-10-20 08:00:00,0.4319,0.025,SELL,False,1,0
2021-10-20 16:00:00,2021-10-20 12:00:00,0.4294,0.025,SELL,True,0,0
2021-10-20 20:00:00,2021-10-20 16:00:00,0.4269,0.025,SELL,True,0,0
2021-10-21 00:00:00,2021-10-20 20:00:00,0.4329,0.025,SELL,True,0,0
2021-10-21 04:00:00,2021-10-21 00:00:00,0.4381,0.025,SELL,True,0,0
2021-10-21 08:00:00,2021-10-21 04:00:00,0.4391,0.025,SELL,True,0,0
2021-10-21 12:00:00,2021-10-21 08:00:00,0.4385,0.025,SELL,True,0,0
2021-10-21 16:00:00,2021-10-21 12:00:00,0.4434,0.025,SELL,True,0,0
2021-10-21 20:00:00,2021-10-21 16:00:00,0.4403,0.025,SELL,False,1,0
2021-10-22 00:00:00,2021-10-21 20:00:00,0.4382,0.025,SELL,False,1,0
2021-10-22 04:00:00,2021-10-22 00:00:00,0.4403,0.025,SELL,False,1,0
2021-10-22 08:00:00,2021-10-22 04:00:00,0.4368,0.025,SELL,False,1,0
2021-10-22 12:00:00,2021-10-22 08:00:00,0.4414,0.025,SELL,True,0,0
2021-10-22 16:00:00,2021-10-22 12:00:00,0.4398,0.025,SELL,True,0,0
2021-10-22 20:00:00,2021-10-22 16:00:00,0.4386,0.025,SELL,True,0,0
2021-10-25 00:00:00,2021-10-22 20:00:00,0.4388,0.025,SELL,True,0,0
2021-10-25 04:00:00,2021-10-25 00:00:00,0.4386,0.025,SELL,True,0,0
2021-10-25 08:00:00,2021-10-25 04:00:00,0.4374,0.025,SELL,True,0,0
2021-10-25 12:00:00,2021-10-25 08:00:00,0.4364,0.025,SELL,False,1,0
2021-10-25 16:00:00,2021-10-25 12:00:00,0.4344,0.025,SELL,True,0,0
2021-10-25 20:00:00,2021-10-25 16:00:00,0.4395,0.025,SELL,True,0,0
2021-10-26 00:00:00,2021-10-25 20:00:00,0.4439,0.025,SELL,True,0,0
2021-10-26 04:00:00,2021-10-26 00:00:00,0.4471,0.025,SELL,True,0,0
2021-10-26 08:00:00,2021-10-26 04:00:00,0.4537,0.025,SELL,True,0,0
2021-10-26 12:00:00,2021-10-26 08:00:00,0.4607,0.025,SELL,False,1,0
2021-10-26 16:00:00,2021-10-26 12:00:00,0.4665,0.025,SELL,False,1,0
2021-10-26 20:00:00,2021-10-26 16:00:00,0.4682,0.025,SELL,False,1,0
2021-10-27 00:00:00,2021-10-26 20:00:00,0.4682,0.025,SELL,True,0,0
2021-10-27 04:00:00,2021-10-27 00:00:00,0.4696,0.025,SELL,False,1,0
2021-10-27 08:00:00,2021-10-27 04:00:00,0.4711,0.025,SELL,True,0,0
2021-10-27 12:00:00,2021-10-27 08:00:00,0.4777,0.025,HOLD,,1,-1
2021-10-27 16:00:00,2021-10-27 12:00:00,0.4749,0.025,SELL,False,1,0
2021-10-27 20:00:00,2021-10-27 16:00:00,0.4791,0.025,HOLD,,1,-1
2021-10-28 00:00:00,2021-10-27 20:00:00,0.4851,0.025,HOLD,,1,-1
2021-10-28 04:00:00,2021-10-28 00:00:00,0.4857,0.025,HOLD,,1,-1
2021-10-28 08:00:00,2021-10-28 04:00:00,0.4874,0.025,HOLD,,1,-1
2021-10-28 12:00:00,2021-10-28 08:00:00,0.4883,0.025,HOLD,,0,-1
2021-10-28 16:00:00,2021-10-28 12:00:00,0.4858,0.025,HOLD,,0,-1
2021-10-28 20:00:00,2021-10-28 16:00:00,0.4827,0.025,HOLD,,0,-1
2021-10-29 00:00:00,2021-10-28 20:00:00,0.4823,0.025,HOLD,,0,-1
2021-10-29 04:00:00,2021-10-29 00:00:00,0.4801,0.025,HOLD,,0,-1
2021-10-29 08:00:00,2021-10-29 04:00:00,0.4822,0.025,HOLD,,0,-1
2021-10-29 12:00:00,2021-10-29 08:00:00,0.4812,0.025,HOLD,,0,-1
2021-10-29 16:00:00,2021-10-29 12:00:00,0.4843,0.025,HOLD,,1,-1
2021-10-29 20:00:00,2021-10-29 16:00:00,0.4802,0.025,HOLD,,1,-1
2021-11-01 00:00:00,2021-10-29 20:00:00,0.4797,0.025,HOLD,,1,-1
2021-11-01 04:00:00,2021-11-01 00:00:00,0.4816,0.025,HOLD,,1,-1
2021-11-01 08:00:00,2021-11-01 04:00:00,0.4839,0.025,HOLD,,1,-1
2021-11-01 12:00:00,2021-11-01 08:00:00,0.487,0.025,HOLD,,1,-1
2021-11-01 16:00:00,2021-11-01 12:00:00,0.4852,0.025,HOLD,,0,-1
2021-11-01 20:00:00,2021-11-01 16:00:00,0.4806,0.025,HOLD,,0,-1
2021-11-02 00:00:00,2021-11-01 20:00:00,0.4845,0.025,HOLD,,0,-1
2021-11-02 04:00:00,2021-11-02 00:00:00,0.4853,0.025,HOLD,,0,-1
2021-11-02 08:00:00,2021-11-02 04:00:00,0.4827,0.025,HOLD,,0,-1
2021-11-02 12:00:00,2021-11-02 08:00:00,0.4793,0.025,HOLD,,0,-1
2021-11-02 16:00:00,2021-11-02 12:00:00,0.4774,0.025,HOLD,,0,-1
2021-11-02 20:00:00,2021-11-02 16:00:00,0.4805,0.025,HOLD,,1,-1
2021-11-03 00:00:00,2021-11-02 20:00:00,0.4786,0.025,HOLD,,1,-1
2021-11-03 04:00:00,2021-11-03 00:00:00,0.4826,0.025,HOLD,,1,-1
2021-11-03 08:00:00,2021-11-03 04:00:00,0.4814,0.025,HOLD,,0,-1
2021-11-03 12:00:00,2021-11-03 08:00:00,0.4787,0.025,HOLD,,0,-1
2021-11-03 16:00:00,2021-11-03 12:00:00,0.4783,0.025,HOLD,,0,-1
2021-11-03 20:00:00,2021-11-03 16:00:00,0.482,0.025,HOLD,,0,-1
2021-11-04 00:00:00,2021-11-03 20:00:00,0.4771,0.025,HOLD,,0,-1
2021-11-04 04:00:00,2021-11-04 00:00:00,0.4763,0.025,HOLD,,0,-1
2021-11-04 08:00:00,2021-11-04 04:00:00,0.4758,0.025,HOLD,,0,-1
2021-11-04 12:00:00,2021-11-04 08:00:00,0.4788,0.025,HOLD,,0,-1
2021-11-04 16:00:00,2021-11-04 12:00:00,0.4762,0.025,HOLD,,1,-1
2021-11-04 20:00:00,2021-11-04 16:00:00,0.4829,0.025,HOLD,,1,-1
2021-11-05 00:00:00,2021-11-04 20:00:00,0.4918,0.025,HOLD,,1,-1
2021-11-05 04:00:00,2021-11-05 00:00:00,0.4907,0.025,HOLD,,1,-1
2021-11-05 08:00:00,2021-11-05 04:00:00,0.4926,0.025,HOLD,,1,-1
2021-11-05 12:00:00,2021-11-05 08:00:00,0.4928,0.025,HOLD,,1,-1
2021-11-05 16:00:00,2021-11-05 12:00:00,0.4929,0.025,HOLD,,1,-1
2021-11-05 20:00:00,2021-11-05 16:00:00,0.4912,0.025,HOLD,,1,-1
2021-11-08 00:00:00,2021-11-05 20:00:00,0.4822,0.025,HOLD,,1,-1
2021-11-08 04:00:00,2021-11-08 00:00:00,0.488,0.025,HOLD,,1,-1
2021-11-08 08:00:00,2021-11-08 04:00:00,0.4856,0.025,HOLD,,1,-1
2021-11-08 12:00:00,2021-11-08 08:00:00,0.4836,0.025,HOLD,,1,-1
2021-11-08 16:00:00,2021-11-08 12:00:00,0.4803,0.025,HOLD,,1,-1
2021-11-08 20:00:00,2021-11-08 16:00:00,0.4816,0.025,HOLD,,1,-1
2021-11-09 00:00:00,2021-11-08 20:00:00,0.4844,0.025,HOLD,,1,-1
2021-11-09 04:00:00,2021-11-09 00:00:00,0.4872,0.025,HOLD,,0,-1
2021-11-09 08:00:00,2021-11-09 04:00:00,0.4851,0.025,HOLD,,0,-1
2021-11-09 12:00:00,2021-11-09 08:00:00,0.4865,0.025,HOLD,,0,-1
2021-11-09 16:00:00,2021-11-09 12:00:00,0.4823,0.025,HOLD,,0,-1
2021-11-09 20:00:00,2021-11-09 16:00:00,0.4812,0.025,HOLD,,0,-1
2021-11-10 00:00:00,2021-11-09 20:00:00,0.4781,0.025,HOLD,,0,-1
2021-11-10 04:00:00,2021-11-10 00:00:00,0.4771,0.025,HOLD,,0,-1
2021-11-10 08:00:00,2021-11-10 04:00:00,0.4785,0.025,HOLD,,0,-1
2021-11-10 12:00:00,2021-11-10 08:00:00,0.4785,0.025,HOLD,,0,-1
2021-11-10 16:00:00,2021-11-10 12:00:00,0.4795,0.025,HOLD,,0,-1
2021-11-10 20:00:00,2021-11-10 16:00:00,0.4791,0.025,HOLD,,0,-1
2021-11-11 00:00:00,2021-11-10 20:00:00,0.4814,0.025,HOLD,,0,-1
2021-11-11 04:00:00,2021-11-11 00:00:00,0.4869,0.025,HOLD,,0,-1
2021-11-11 08:00:00,2021-11-11 04:00:00,0.4898,0.025,HOLD,,0,-1
2021-11-11 12:00:00,2021-11-11 08:00:00,0.4916,0.025,HOLD,,0,-1
2021-11-11 16:00:00,2021-11-11 12:00:00,0.4907,0.025,HOLD,,0,-1
2021-11-11 20:00:00,2021-11-11 16:00:00,0.4926,0.025,HOLD,,0,-1
2021-11-12 00:00:00,2021-11-11 20:00:00,0.4892,0.025,HOLD,,1,-1
2021-11-12 04:00:00,2021-11-12 00:00:00,0.4958,0.025,HOLD,,1,-1
2021-11-12 08:00:00,2021-11-12 04:00:00,0.4946,0.025,HOLD,,1,-1
2021-11-12 12:00:00,2021-11-12 08:00:00,0.4936,0.025,HOLD,,0,-1
2021-11-12 16:00:00,2021-11-12 12:00:00,0.4941,0.025,HOLD,,0,-1
2021-11-12 20:00:00,2021-11-12 16:00:00,0.4916,0.025,HOLD,,0,-1
2021-11-15 00:00:00,2021-11-12 20:00:00,0.5008,0.025,HOLD,,0,-1
2021-11-15 04:00:00,2021-11-15 00:00:00,0.5014,0.025,HOLD,,0,-1
2021-11-15 08:00:00,2021-11-15 04:00:00,0.4996,0.025,HOLD,,0,-1
2021-11-15 12:00:00,2021-11-15 08:00:00,0.4999,0.025,HOLD,,0,-1
2021-11-15 16:00:00,2021-11-15 12:00:00,0.4971,0.025,HOLD,,0,-1
2021-11-15 20:00:00,2021-11-15 16:00:00,0.4972,0.025,HOLD,,0,-1
2021-11-16 00:00:00,2021-11-15 20:00:00,0.5004,0.025,HOLD,,0,-1
2021-11-16 04:00:00,2021-11-16 00:00:00,0.498,0.025,HOLD,,0,-1
2021-11-16 08:00:00,2021-11-16 04:00:00,0.4964,0.025,HOLD,,0,-1
2021-11-16 12:00:00,2021-11-16 08:00:00,0.5006,0.025,HOLD,,0,-1
2021-11-16 16:00:00,2021-11-16 12:00:00,0.4975,0.025,HOLD,,0,-1
2021-11-16 20:00:00,2021-11-16 16:00:00,0.4937,0.025,HOLD,,0,-1
2021-11-17 00:00:00,2021-11-16 20:00:00,0.4916,0.025,HOLD,,1,-1
2021-11-17 04:00:00,2021-11-17 00:00:00,0.4908,0.025,HOLD,,1,-1
2021-11-17 08:00:00,2021-11-17 04:00:00,0.4893,0.025,HOLD,,1,-1
2021-11-17 12:00:00,2021-11-17 08:00:00,0.4905,0.025,HOLD,,1,-1
2021-11-17 16:00:00,2021-11-17 12:00:00,0.4877,0.025,HOLD,,1,-1
2021-11-17 20:00:00,2021-11-17 16:00:00,0.4846,0.025,HOLD,,1,-1
2021-11-18 00:00:00,2021-11-17 20:00:00,0.483,0.025,HOLD,,1,-1
2021-11-18 04:00:00,2021-11-18 00:00:00,0.4833,0.025,HOLD,,1,-1
2021-11-18 08:00:00,2021-11-18 04:00:00,0.4852,0.025,HOLD,,0,-1
2021-11-18 12:00:00,2021-11-18 08:00:00,0.483,0.025,HOLD,,0,-1
2021-11-18 16:00:00,2021-11-18 12:00:00,0.4832,0.025,HOLD,,0,-1
2021-11-18 20:00:00,2021-11-18 16:00:00,0.4843,0.025,HOLD,,0,-1
2021-11-19 00:00:00,2021-11-18 20:00:00,0.4859,0.025,HOLD,,0,-1
2021-11-19 04:00:00,2021-11-19 00:00:00,0.4824,0.025,HOLD,,0,-1
2021-11-19 08:00:00,2021-11-19 04:00:00,0.4837,0.025,HOLD,,0,-1
2021-11-19 12:00:00,2021-11-19 08:00:00,0.4869,0.025,HOLD,,0,-1
2021-11-19 16:00:00,2021-11-19 12:00:00,0.4881,0.025,HOLD,,0,-1
2021-11-19 20:00:00,2021-11-19 16:00:00,0.4899,0.025,HOLD,,0,-1
2021-11-22 00:00:00,2021-11-19 20:00:00,0.491,0.025,HOLD,,0,-1
2021-11-22 04:00:00,2021-11-22 00:00:00,0.494,0.025,HOLD,,0,-1
2021-11-22 08:00:00,2021-11-22 04:00:00,0.4994,0.025,HOLD,,0,-1
2021-11-22 12:00:00,2021-11-22 08:00:00,0.4991,0.025,HOLD,,0,-1
2021-11-22 16:00:00,2021-11-22 12:00:00,0.4988,0.025,HOLD,,1,-1
2021-11-22 20:00:00,2021-11-22 16:00:00,0.5004,0.025,HOLD,,1,-1
2021-11-23 00:00:00,2021-11-22 20:00:00,0.4963,0.025,HOLD,,1,-1
2021-11-23 04:00:00,2021-11-23 00:00:00,0.4967,0.025,HOLD,,1,-1
2021-11-23 08:00:00,2021-11-23 04:00:00,0.5004,0.025,HOLD,,0,-1
2021-11-23 12:00:00,2021-11-23 08:00:00,0.5018,0.025,HOLD,,0,-1
2021-11-23 16:00:00,2021-11-23 12:00:00,0.5021,0.025,HOLD,,0,-1
2021-11-23 20:00:00,2021-11-23 16:00:00,0.5018,0.025,HOLD,,0,-1
2021-11-24 00:00:00,2021-11-23 20:00:00,0.4991,0.025,HOLD,,0,-1
2021-11-24 04:00:00,2021-11-24 00:00:00,0.4985,0.025,HOLD,,0,-1
2021-11-24 08:00:00,2021-11-24 04:00:00,0.4983,0.025,HOLD,,1,-1
2021-11-24 12:00:00,2021-11-24 08:00:00,0.492,0.025,HOLD,,1,-1
2021-11-24 16:00:00,2021-11-24 12:00:00,0.4985,0.025,HOLD,,1,-1
2021-11-24 20:00:00,2021-11-24 16:00:00,0.4994,0.025,HOLD,,1,-1
2021-11-25 00:00:00,2021-11-24 20:00:00,0.5037,0.025,HOLD,,1,-1
2021-11-25 04:00:00,2021-11-25 00:00:00,0.5018,0.025,HOLD,,1,-1
2021-11-25 08:00:00,2021-11-25 04:00:00,0.5043,0.025,HOLD,,1,-1
2021-11-25 12:00:00,2021-11-25 08:00:00,0.5041,0.025,HOLD,,1,-1
2021-11-25 16:00:00,2021-11-25 12:00:00,0.5064,0.025,HOLD,,1,-1
2021-11-25 20:00:00,2021-11-25 16:00:00,0.506,0.025,HOLD,,1,-1
2021-11-26 00:00:00,2021-11-25 20:00:00,0.5113,0.025,HOLD,,1,-1
2021-11-26 04:00:00,2021-11-26 00:00:00,0.5092,0.025,HOLD,,1,-1
2021-11-26 08:00:00,2021-11-26 04:00:00,0.5085,0.025,HOLD,,1,-1
2021-11-26 12:00:00,2021-11-26 08:00:00,0.5078,0.025,HOLD,,0,-1
2021-11-26 16:00:00,2021-11-26 12:00:00,0.4997,0.025,HOLD,,0,-1
2021-11-26 20:00:00,2021-11-26 16:00:00,0.4921,0.025,HOLD,,0,-1
2021-11-29 00:00:00,2021-11-26 20:00:00,0.4935,0.025,HOLD,,1,-1
2021-11-29 04:00:00,2021-11-29 00:00:00,0.4902,0.025,HOLD,,1,-1
2021-11-29 08:00:00,2021-11-29 04:00:00,0.4865,0.025,HOLD,,1,-1
2021-11-29 12:00:00,2021-11-29 08:00:00,0.4836,0.025,HOLD,,1,-1
2021-11-29 16:00:00,2021-11-29 12:00:00,0.4789,0.025,HOLD,,1,-1
2021-11-29 20:00:00,2021-11-29 16:00:00,0.4747,0.025,SELL,False,1,0
2021-11-30 00:00:00,2021-11-29 20:00:00,0.4686,0.025,SELL,False,1,0
2021-11-30 04:00:00,2021-11-30 00:00:00,0.4672,0.025,SELL,False,1,0
2021-11-30 08:00:00,2021-11-30 04:00:00,0.4644,0.025,SELL,True,0,0
2021-11-30 12:00:00,2021-11-30 08:00:00,0.459,0.025,SELL,True,0,0
2021-11-30 16:00:00,2021-11-30 12:00:00,0.4619,0.025,SELL,False,1,0
2021-11-30 20:00:00,2021-11-30 16:00:00,0.4556,0.025,SELL,True,0,0
2021-12-01 00:00:00,2021-11-30 20:00:00,0.4533,0.025,SELL,False,1,0
2021-12-01 04:00:00,2021-12-01 00:00:00,0.4527,0.025,SELL,True,0,0
2021-12-01 08:00:00,2021-12-01 04:00:00,0.4521,0.025,SELL,True,0,0
2021-12-01 12:00:00,2021-12-01 08:00:00,0.448,0.025,SELL,True,0,0
2021-12-01 16:00:00,2021-12-01 12:00:00,0.4447,0.025,SELL,True,0,0
2021-12-01 20:00:00,2021-12-01 16:00:00,0.4399,0.025,SELL,True,0,0
2021-12-02 00:00:00,2021-12-01 20:00:00,0.4371,0.025,SELL,True,0,0
2021-12-02 04:00:00,2021-12-02 00:00:00,0.4359,0.025,SELL,True,0,0
2021-12-02 08:00:00,2021-12-02 04:00:00,0.4414,0.025,SELL,True,0,0
2021-12-02 12:00:00,2021-12-02 08:00:00,0.4447,0.025,SELL,True,0,0
2021-12-02 16:00:00,2021-12-02 12:00:00,0.4495,0.025,SELL,False,1,0
2021-12-02 20:00:00,2021-12-02 16:00:00,0.4496,0.025,SELL,False,1,0
2021-12-03 00:00:00,2021-12-02 20:00:00,0.4507,0.025,SELL,True,0,0
2021-12-03 04:00:00,2021-12-03 00:00:00,0.4497,0.025,SELL,True,0,0
2021-12-03 08:00:00,2021-12-03 04:00:00,0.4562,0.025,SELL,True,0,0
2021-12-03 12:00:00,2021-12-03 08:00:00,0.4587,0.025,SELL,True,0,0
2021-12-03 16:00:00,2021-12-03 12:00:00,0.4701,0.025,SELL,True,0,0
2021-12-03 20:00:00,2021-12-03 16:00:00,0.4789,0.025,HOLD,,0,-1
2021-12-06 00:00:00,2021-12-03 20:00:00,0.4846,0.025,HOLD,,0,-1
2021-12-06 04:00:00,2021-12-06 00:00:00,0.4921,0.025,HOLD,,1,-1
2021-12-06 08:00:00,2021-12-06 04:00:00,0.4905,0.025,HOLD,,0,-1
2021-12-06 12:00:00,2021-12-06 08:00:00,0.4911,0.025,HOLD,,0,-1
2021-12-06 16:00:00,2021-12-06 12:00:00,0.4923,0.025,HOLD,,0,-1
2021-12-06 20:00:00,2021-12-06 16:00:00,0.4948,0.025,HOLD,,0,-1
2021-12-07 00:00:00,2021-12-06 20:00:00,0.4974,0.025,HOLD,,0,-1
2021-12-07 04:00:00,2021-12-07 00:00:00,0.5058,0.025,HOLD,,1,-1
2021-12-07 08:00:00,2021-12-07 04:00:00,0.5082,0.025,HOLD,,1,-1
2021-12-07 12:00:00,2021-12-07 08:00:00,0.5148,0.025,HOLD,,1,-1
2021-12-07 16:00:00,2021-12-07 12:00:00,0.5245,0.025,HOLD,,1,-1
2021-12-07 20:00:00,2021-12-07 16:00:00,0.5234,0.025,HOLD,,1,-1
2021-12-08 00:00:00,2021-12-07 20:00:00,0.5154,0.025,HOLD,,1,-1
2021-12-08 04:00:00,2021-12-08 00:00:00,0.5233,0.025,HOLD,,1,-1
2021-12-08 08:00:00,2021-12-08 04:00:00,0.5225,0.025,HOLD,,1,-1
2021-12-08 12:00:00,2021-12-08 08:00:00,0.5255,0.025,BUY,True,1,1
2021-12-08 16:00:00,2021-12-08 12:00:00,0.5217,0.025,HOLD,,0,-1
2021-12-08 20:00:00,2021-12-08 16:00:00,0.5198,0.025,HOLD,,0,-1
2021-12-09 00:00:00,2021-12-08 20:00:00,0.5162,0.025,HOLD,,0,-1
2021-12-09 04:00:00,2021-12-09 00:00:00,0.5102,0.025,HOLD,,0,-1
2021-12-09 08:00:00,2021-12-09 04:00:00,0.5096,0.025,HOLD,,0,-1
2021-12-09 12:00:00,2021-12-09 08:00:00,0.5069,0.025,HOLD,,0,-1
2021-12-09 16:00:00,2021-12-09 12:00:00,0.5029,0.025,HOLD,,1,-1
2021-12-09 20:00:00,2021-12-09 16:00:00,0.5034,0.025,HOLD,,1,-1
2021-12-10 00:00:00,2021-12-09 20:00:00,0.4984,0.025,HOLD,,1,-1
2021-12-10 04:00:00,2021-12-10 00:00:00,0.4951,0.025,HOLD,,1,-1
2021-12-10 08:00:00,2021-12-10 04:00:00,0.4911,0.025,HOLD,,0,-1
2021-12-10 12:00:00,2021-12-10 08:00:00,0.4872,0.025,HOLD,,0,-1
2021-12-10 16:00:00,2021-12-10 12:00:00,0.4819,0.025,HOLD,,0,-1
2021-12-10 20:00:00,2021-12-10 16:00:00,0.483,0.025,HOLD,,0,-1
2021-12-13 00:00:00,2021-12-10 20:00:00,0.4746,0.025,SELL,True,0,0
2021-12-13 04:00:00,2021-12-13 00:00:00,0.4728,0.025,SELL,True,0,0
2021-12-13 08:00:00,2021-12-13 04:00:00,0.4684,0.025,SELL,False,1,0
2021-12-13 12:00:00,2021-12-13 08:00:00,0.4685,0.025,SELL,False,1,0
2021-12-13 16:00:00,2021-12-13 12:00:00,0.4696,0.025,SELL,True,0,0
2021-12-13 20:00:00,2021-12-13 16:00:00,0.4667,0.025,SELL,True,0,0
2021-12-14 00:00:00,2021-12-13 20:00:00,0.4628,0.025,SELL,True,0,0
2021-12-14 04:00:00,2021-12-14 00:00:00,0.4626,0.025,SELL,True,0,0
2021-12-14 08:00:00,2021-12-14 04:00:00,0.4589,0.025,SELL,True,0,0
2021-12-14 12:00:00,2021-12-14 08:00:00,0.4603,0.025,SELL,True,0,0
2021-12-14 16:00:00,2021-12-14 12:00:00,0.4548,0.025,SELL,True,0,0
2021-12-14 20:00:00,2021-12-14 16:00:00,0.4494,0.025,SELL,False,1,0
2021-12-15 00:00:00,2021-12-14 20:00:00,0.4495,0.025,SELL,False,1,0
2021-12-15 04:00:00,2021-12-15 00:00:00,0.4566,0.025,SELL,False,1,0
2021-12-15 08:00:00,2021-12-15 04:00:00,0.4614,0.025,SELL,False,1,0
2021-12-15 12:00:00,2021-12-15 08:00:00,0.4679,0.025,SELL,False,1,0
2021-12-15 16:00:00,2021-12-15 12:00:00,0.4661,0.025,SELL,False,1,0
2021-12-15 20:00:00,2021-12-15 16:00:00,0.4709,0.025,SELL,False,1,0
2021-12-16 00:00:00,2021-12-15 20:00:00,0.4778,0.025,HOLD,,1,-1
2021-12-16 04:00:00,2021-12-16 00:00:00,0.4797,0.025,HOLD,,1,-1
2021-12-16 08:00:00,2021-12-16 04:00:00,0.4809,0.025,HOLD,,1,-1
2021-12-16 12:00:00,2021-12-16 08:00:00,0.4833,0.025,HOLD,,0,-1
2021-12-16 16:00:00,2021-12-16 12:00:00,0.4828,0.025,HOLD,,0,-1
2021-12-16 20:00:00,2021-12-16 16:00:00,0.4799,0.025,HOLD,,0,-1
2021-12-17 00:00:00,2021-12-16 20:00:00,0.4766,0.025,HOLD,,0,-1
2021-12-17 04:00:00,2021-12-17 00:00:00,0.4752,0.025,HOLD,,0,-1
2021-12-17 08:00:00,2021-12-17 04:00:00,0.4754,0.025,HOLD,,0,-1
2021-12-17 12:00:00,2021-12-17 08:00:00,0.4761,0.025,HOLD,,0,-1
2021-12-17 16:00:00,2021-12-17 12:00:00,0.4755,0.025,HOLD,,1,-1
2021-12-17 20:00:00,2021-12-17 16:00:00,0.4762,0.025,HOLD,,1,-1
2021-12-20 00:00:00,2021-12-17 20:00:00,0.4794,0.025,HOLD,,1,-1
2021-12-20 04:00:00,2021-12-20 00:00:00,0.48,0.025,HOLD,,1,-1
2021-12-20 08:00:00,2021-12-20 04:00:00,0.4802,0.025,HOLD,,1,-1
2021-12-20 12:00:00,2021-12-20 08:00:00,0.4801,0.025,HOLD,,0,-1
2021-12-20 16:00:00,2021-12-20 12:00:00,0.4775,0.025,HOLD,,0,-1
2021-12-20 20:00:00,2021-12-20 16:00:00,0.4822,0.025,HOLD,,1,-1
2021-12-21 00:00:00,2021-12-20 20:00:00,0.4836,0.025,HOLD,,1,-1
2021-12-21 04:00:00,2021-12-21 00:00:00,0.4836,0.025,HOLD,,0,-1
2021-12-21 08:00:00,2021-12-21 04:00:00,0.4804,0.025,HOLD,,0,-1
2021-12-21 12:00:00,2021-12-21 08:00:00,0.4784,0.025,HOLD,,1,-1
2021-12-21 16:00:00,2021-12-21 12:00:00,0.4824,0.025,HOLD,,1,-1
2021-12-21 20:00:00,2021-12-21 16:00:00,0.4858,0.025,HOLD,,1,-1
2021-12-22 00:00:00,2021-12-21 20:00:00,0.4814,0.025,HOLD,,1,-1
2021-12-22 04:00:00,2021-12-22 00:00:00,0.4821,0.025,HOLD,,1,-1
2021-12-22 08:00:00,2021-12-22 04:00:00,0.4852,0.025,HOLD,,1,-1
2021-12-22 12:00:00,2021-12-22 08:00:00,0.4817,0.025,HOLD,,0,-1
2021-12-22 16:00:00,2021-12-22 12:00:00,0.4803,0.025,HOLD,,1,-1
2021-12-22 20:00:00,2021-12-22 16:00:00,0.4752,0.025,HOLD,,1,-1
2021-12-23 00:00:00,2021-12-22 20:00:00,0.4712,0.025,SELL,True,0,0
2021-12-23 04:00:00,2021-12-23 00:00:00,0.4721,0.025,SELL,True,0,0
2021-12-23 08:00:00,2021-12-23 04:00:00,0.4708,0.025,SELL,False,1,0
2021-12-23 12:00:00,2021-12-23 08:00:00,0.4675,0.025,SELL,False,1,0
2021-12-23 16:00:00,2021-12-23 12:00:00,0.4719,0.025,SELL,True,0,0
2021-12-23 20:00:00,2021-12-23 16:00:00,0.4763,0.025,HOLD,,0,-1
2021-12-24 00:00:00,2021-12-23 20:00:00,0.4694,0.025,SELL,True,0,0
2021-12-24 04:00:00,2021-12-24 00:00:00,0.4701,0.025,SELL,True,0,0
2021-12-24 08:00:00,2021-12-24 04:00:00,0.4681,0.025,SELL,True,0,0
2021-12-24 12:00:00,2021-12-24 08:00:00,0.4716,0.025,SELL,True,0,0
2021-12-24 16:00:00,2021-12-24 12:00:00,0.4657,0.025,SELL,False,1,0
2021-12-24 20:00:00,2021-12-24 16:00:00,0.4629,0.025,SELL,False,1,0
2021-12-27 00:00:00,2021-12-24 20:00:00,0.4581,0.025,SELL,False,1,0
2021-12-27 04:00:00,2021-12-27 00:00:00,0.455,0.025,SELL,False,1,0
2021-12-27 08:00:00,2021-12-27 04:00:00,0.4548,0.025,SELL,False,1,0
2021-12-27 12:00:00,2021-12-27 08:00:00,0.4589,0.025,SELL,False,1,0
2021-12-27 16:00:00,2021-12-27 12:00:00,0.46,0.025,SELL,True,0,0
2021-12-27 20:00:00,2021-12-27 16:00:00,0.4661,0.025,SELL,True,0,0
2021-12-28 00:00:00,2021-12-27 20:00:00,0.4644,0.025,SELL,True,0,0
2021-12-28 04:00:00,2021-12-28 00:00:00,0.4629,0.025,SELL,True,0,0
2021-12-28 08:00:00,2021-12-28 04:00:00,0.4649,0.025,SELL,True,0,0
2021-12-28 12:00:00,2021-12-28 08:00:00,0.4616,0.025,SELL,True,0,0
2021-12-28 16:00:00,2021-12-28 12:00:00,0.4639,0.025,SELL,False,1,0
2021-12-28 20:00:00,2021-12-28 16:00:00,0.4592,0.025,SELL,False,1,0
2021-12-29 00:00:00,2021-12-28 20:00:00,0.4562,0.025,SELL,False,1,0
2021-12-29 04:00:00,2021-12-29 00:00:00,0.4616,0.025,SELL,False,1,0
2021-12-29 08:00:00,2021-12-29 04:00:00,0.4617,0.025,SELL,False,1,0
2021-12-29 12:00:00,2021-12-29 08:00:00,0.4627,0.025,SELL,True,0,0
2021-12-29 16:00:00,2021-12-29 12:00:00,0.4653,0.025,SELL,True,0,0
2021-12-29 20:00:00,2021-12-29 16:00:00,0.4739,0.025,SELL,True,0,0
2021-12-30 00:00:00,2021-12-29 20:00:00,0.4785,0.025,HOLD,,0,-1
2021-12-30 04:00:00,2021-12-30 00:00:00,0.4774,0.025,HOLD,,0,-1
2021-12-30 08:00:00,2021-12-30 04:00:00,0.4797,0.025,HOLD,,1,-1
2021-12-30 12:00:00,2021-12-30 08:00:00,0.4823,0.025,HOLD,,1,-1
2021-12-30 16:00:00,2021-12-30 12:00:00,0.4791,0.025,HOLD,,1,-1
2021-12-30 20:00:00,2021-12-30 16:00:00,0.4782,0.025,HOLD,,1,-1
2021-12-31 00:00:00,2021-12-30 20:00:00,0.484,0.025,HOLD,,1,-1
2022-01-03 00:00:00,2021-12-31 20:00:00,0.4879,0.035,HOLD,,0,-1
2022-01-03 04:00:00,2022-01-03 00:00:00,0.4869,0.035,HOLD,,0,-1
2022-01-03 08:00:00,2022-01-03 04:00:00,0.4853,0.035,HOLD,,0,-1
2022-01-03 12:00:00,2022-01-03 08:00:00,0.4836,0.035,HOLD,,0,-1
2022-01-03 16:00:00,2022-01-03 12:00:00,0.4794,0.035,HOLD,,1,-1
2022-01-03 20:00:00,2022-01-03 16:00:00,0.477,0.035,HOLD,,0,-1
2022-01-04 00:00:00,2022-01-03 20:00:00,0.4799,0.035,HOLD,,0,-1
2022-01-04 04:00:00,2022-01-04 00:00:00,0.4801,0.035,HOLD,,0,-1
2022-01-04 08:00:00,2022-01-04 04:00:00,0.4804,0.035,HOLD,,1,-1
2022-01-04 12:00:00,2022-01-04 08:00:00,0.4829,0.035,HOLD,,1,-1
2022-01-04 16:00:00,2022-01-04 12:00:00,0.4825,0.035,HOLD,,1,-1
2022-01-04 20:00:00,2022-01-04 16:00:00,0.4846,0.035,HOLD,,1,-1
2022-01-05 00:00:00,2022-01-04 20:00:00,0.4823,0.035,HOLD,,1,-1
2022-01-05 04:00:00,2022-01-05 00:00:00,0.4829,0.035,HOLD,,1,-1
2022-01-05 08:00:00,2022-01-05 04:00:00,0.4839,0.035,HOLD,,0,-1
2022-01-05 12:00:00,2022-01-05 08:00:00,0.4847,0.035,HOLD,,0,-1
2022-01-05 16:00:00,2022-01-05 12:00:00,0.4843,0.035,HOLD,,0,-1
2022-01-05 20:00:00,2022-01-05 16:00:00,0.4854,0.035,HOLD,,0,-1
2022-01-06 00:00:00,2022-01-05 20:00:00,0.4873,0.035,HOLD,,0,-1
2022-01-06 04:00:00,2022-01-06 00:00:00,0.4915,0.035,HOLD,,0,-1
2022-01-06 08:00:00,2022-01-06 04:00:00,0.4893,0.035,HOLD,,1,-1
2022-01-06 12:00:00,2022-01-06 08:00:00,0.4894,0.035,HOLD,,0,-1
2022-01-06 16:00:00,2022-01-06 12:00:00,0.4882,0.035,HOLD,,1,-1
2022-01-06 20:00:00,2022-01-06 16:00:00,0.4839,0.035,HOLD,,1,-1
2022-01-07 00:00:00,2022-01-06 20:00:00,0.4829,0.035,HOLD,,1,-1
2022-01-07 04:00:00,2022-01-07 00:00:00,0.486,0.035,HOLD,,1,-1
2022-01-07 08:00:00,2022-01-07 04:00:00,0.488,0.035,HOLD,,1,-1
2022-01-07 12:00:00,2022-01-07 08:00:00,0.4873,0.035,HOLD,,0,-1
2022-01-07 16:00:00,2022-01-07 12:00:00,0.4865,0.035,HOLD,,0,-1
2022-01-07 20:00:00,2022-01-07 16:00:00,0.4881,0.035,HOLD,,0,-1
2022-01-10 00:00:00,2022-01-07 20:00:00,0.4921,0.035,HOLD,,0,-1
2022-01-10 04:00:00,2022-01-10 00:00:00,0.4982,0.035,HOLD,,1,-1
2022-01-10 08:00:00,2022-01-10 04:00:00,0.4936,0.035,HOLD,,1,-1
2022-01-10 12:00:00,2022-01-10 08:00:00,0.4933,0.035,HOLD,,1,-1
2022-01-10 16:00:00,2022-01-10 12:00:00,0.4928,0.035,HOLD,,1,-1
2022-01-10 20:00:00,2022-01-10 16:00:00,0.4916,0.035,HOLD,,1,-1
2022-01-11 00:00:00,2022-01-10 20:00:00,0.4869,0.035,HOLD,,1,-1
2022-01-11 04:00:00,2022-01-11 00:00:00,0.4883,0.035,HOLD,,1,-1
2022-01-11 08:00:00,2022-01-11 04:00:00,0.4893,0.035,HOLD,,1,-1
2022-01-11 12:00:00,2022-01-11 08:00:00,0.4884,0.035,HOLD,,1,-1
2022-01-11 16:00:00,2022-01-11 12:00:00,0.486,0.035,HOLD,,1,-1
2022-01-11 20:00:00,2022-01-11 16:00:00,0.4856,0.035,HOLD,,1,-1
2022-01-12 00:00:00,2022-01-11 20:00:00,0.4831,0.035,HOLD,,1,-1
2022-01-12 04:00:00,2022-01-12 00:00:00,0.4846,0.035,HOLD,,1,-1
2022-01-12 08:00:00,2022-01-12 04:00:00,0.4818,0.035,HOLD,,1,-1
2022-01-12 12:00:00,2022-01-12 08:00:00,0.483,0.035,HOLD,,1,-1
2022-01-12 16:00:00,2022-01-12 12:00:00,0.4835,0.035,HOLD,,1,-1
2022-01-12 20:00:00,2022-01-12 16:00:00,0.4846,0.035,HOLD,,1,-1
2022-01-13 00:00:00,2022-01-12 20:00:00,0.486,0.035,HOLD,,1,-1
2022-01-13 04:00:00,2022-01-13 00:00:00,0.4844,0.035,HOLD,,1,-1
2022-01-13 08:00:00,2022-01-13 04:00:00,0.484,0.035,HOLD,,0,-1
2022-01-13 12:00:00,2022-01-13 08:00:00,0.4837,0.035,HOLD,,0,-1
2022-01-13 16:00:00,2022-01-13 12:00:00,0.4807,0.035,HOLD,,0,-1
2022-01-13 20:00:00,2022-01-13 16:00:00,0.4795,0.035,HOLD,,0,-1
2022-01-14 00:00:00,2022-01-13 20:00:00,0.4771,0.035,HOLD,,0,-1
2022-01-14 04:00:00,2022-01-14 00:00:00,0.4756,0.035,HOLD,,0,-1
2022-01-14 08:00:00,2022-01-14 04:00:00,0.477,0.035,HOLD,,0,-1
2022-01-14 12:00:00,2022-01-14 08:00:00,0.477,0.035,HOLD,,0,-1
2022-01-14 16:00:00,2022-01-14 12:00:00,0.4797,0.035,HOLD,,1,-1
2022-01-14 20:00:00,2022-01-14 16:00:00,0.4803,0.035,HOLD,,0,-1
2022-01-17 00:00:00,2022-01-14 20:00:00,0.4859,0.035,HOLD,,1,-1
2022-01-17 04:00:00,2022-01-17 00:00:00,0.4921,0.035,HOLD,,0,-1
2022-01-17 08:00:00,2022-01-17 04:00:00,0.4916,0.035,HOLD,,0,-1
2022-01-17 12:00:00,2022-01-17 08:00:00,0.4932,0.035,HOLD,,0,-1
2022-01-17 16:00:00,2022-01-17 12:00:00,0.491,0.035,HOLD,,0,-1
2022-01-17 20:00:00,2022-01-17 16:00:00,0.4897,0.035,HOLD,,0,-1
2022-01-18 00:00:00,2022-01-17 20:00:00,0.4901,0.035,HOLD,,0,-1
2022-01-18 04:00:00,2022-01-18 00:00:00,0.4926,0.035,HOLD,,0,-1
2022-01-18 08:00:00,2022-01-18 04:00:00,0.4928,0.035,HOLD,,0,-1
2022-01-18 12:00:00,2022-01-18 08:00:00,0.492,0.035,HOLD,,0,-1
2022-01-18 16:00:00,2022-01-18 12:00:00,0.4882,0.035,HOLD,,1,-1
2022-01-18 20:00:00,2022-01-18 16:00:00,0.4859,0.035,HOLD,,1,-1
2022-01-19 00:00:00,2022-01-18 20:00:00,0.4863,0.035,HOLD,,1,-1
2022-01-19 04:00:00,2022-01-19 00:00:00,0.4911,0.035,HOLD,,1,-1
2022-01-19 08:00:00,2022-01-19 04:00:00,0.4926,0.035,HOLD,,1,-1
2022-01-19 12:00:00,2022-01-19 08:00:00,0.4922,0.035,HOLD,,1,-1
2022-01-19 16:00:00,2022-01-19 12:00:00,0.4904,0.035,HOLD,,0,-1
2022-01-19 20:00:00,2022-01-19 16:00:00,0.4923,0.035,HOLD,,0,-1
2022-01-20 00:00:00,2022-01-19 20:00:00,0.4965,0.035,HOLD,,0,-1
2022-01-20 04:00:00,2022-01-20 00:00:00,0.4989,0.035,HOLD,,0,-1
2022-01-20 08:00:00,2022-01-20 04:00:00,0.4971,0.035,HOLD,,0,-1
2022-01-20 12:00:00,2022-01-20 08:00:00,0.496,0.035,HOLD,,0,-1
2022-01-20 16:00:00,2022-01-20 12:00:00,0.4973,0.035,HOLD,,1,-1
2022-01-20 20:00:00,2022-01-20 16:00:00,0.4981,0.035,HOLD,,1,-1
2022-01-21 00:00:00,2022-01-20 20:00:00,0.4972,0.035,HOLD,,1,-1
2022-01-21 04:00:00,2022-01-21 00:00:00,0.4992,0.035,HOLD,,0,-1
2022-01-21 08:00:00,2022-01-21 04:00:00,0.5026,0.035,HOLD,,0,-1
2022-01-21 12:00:00,2022-01-21 08:00:00,0.5061,0.035,HOLD,,0,-1
2022-01-21 16:00:00,2022-01-21 12:00:00,0.5067,0.035,HOLD,,0,-1
2022-01-21 20:00:00,2022-01-21 16:00:00,0.5048,0.035,HOLD,,0,-1
2022-01-24 00:00:00,2022-01-21 20:00:00,0.5002,0.035,HOLD,,0,-1
2022-01-24 04:00:00,2022-01-24 00:00:00,0.5026,0.035,HOLD,,0,-1
2022-01-24 08:00:00,2022-01-24 04:00:00,0.5031,0.035,HOLD,,0,-1
2022-01-24 12:00:00,2022-01-24 08:00:00,0.505,0.035,HOLD,,0,-1
2022-01-24 16:00:00,2022-01-24 12:00:00,0.5045,0.035,HOLD,,0,-1
2022-01-24 20:00:00,2022-01-24 16:00:00,0.5036,0.035,HOLD,,0,-1
2022-01-25 00:00:00,2022-01-24 20:00:00,0.5035,0.035,HOLD,,0,-1
2022-01-25 04:00:00,2022-01-25 00:00:00,0.5059,0.035,HOLD,,0,-1
2022-01-25 08:00:00,2022-01-25 04:00:00,0.5062,0.035,HOLD,,0,-1
2022-01-25 12:00:00,2022-01-25 08:00:00,0.5045,0.035,HOLD,,1,-1
2022-01-25 16:00:00,2022-01-25 12:00:00,0.502,0.035,HOLD,,1,-1
2022-01-25 20:00:00,2022-01-25 16:00:00,0.5003,0.035,HOLD,,0,-1
2022-01-26 00:00:00,2022-01-25 20:00:00,0.4973,0.035,HOLD,,0,-1
2022-01-26 04:00:00,2022-01-26 00:00:00,0.4935,0.035,HOLD,,0,-1
2022-01-26 08:00:00,2022-01-26 04:00:00,0.4915,0.035,HOLD,,0,-1
2022-01-26 12:00:00,2022-01-26 08:00:00,0.4909,0.035,HOLD,,0,-1
2022-01-26 16:00:00,2022-01-26 12:00:00,0.4894,0.035,HOLD,,0,-1
2022-01-26 20:00:00,2022-01-26 16:00:00,0.4884,0.035,HOLD,,0,-1
2022-01-27 00:00:00,2022-01-26 20:00:00,0.4856,0.035,HOLD,,0,-1
2022-01-27 04:00:00,2022-01-27 00:00:00,0.4833,0.035,HOLD,,0,-1
2022-01-27 08:00:00,2022-01-27 04:00:00,0.4854,0.035,HOLD,,0,-1
2022-01-27 12:00:00,2022-01-27 08:00:00,0.4878,0.035,HOLD,,1,-1
2022-01-27 16:00:00,2022-01-27 12:00:00,0.485,0.035,HOLD,,1,-1
2022-01-27 20:00:00,2022-01-27 16:00:00,0.4849,0.035,HOLD,,1,-1
2022-01-28 00:00:00,2022-01-27 20:00:00,0.4867,0.035,HOLD,,1,-1
2022-01-28 04:00:00,2022-01-28 00:00:00,0.4879,0.035,HOLD,,1,-1
2022-01-28 08:00:00,2022-01-28 04:00:00,0.4901,0.035,HOLD,,1,-1
2022-01-28 12:00:00,2022-01-28 08:00:00,0.4922,0.035,HOLD,,1,-1
2022-01-28 16:00:00,2022-01-28 12:00:00,0.4942,0.035,HOLD,,1,-1
2022-01-28 20:00:00,2022-01-28 16:00:00,0.4964,0.035,HOLD,,1,-1
2022-01-31 00:00:00,2022-01-28 20:00:00,0.4965,0.035,HOLD,,1,-1
2022-01-31 04:00:00,2022-01-31 00:00:00,0.4973,0.035,HOLD,,1,-1
2022-01-31 08:00:00,2022-01-31 04:00:00,0.4943,0.035,HOLD,,1,-1
2022-01-31 12:00:00,2022-01-31 08:00:00,0.4952,0.035,HOLD,,1,-1
2022-01-31 16:00:00,2022-01-31 12:00:00,0.4918,0.035,HOLD,,1,-1
2022-01-31 20:00:00,2022-01-31 16:00:00,0.4913,0.035,HOLD,,1,-1
2022-02-01 00:00:00,2022-01-31 20:00:00,0.491,0.035,HOLD,,1,-1
2022-02-01 04:00:00,2022-02-01 00:00:00,0.4901,0.035,HOLD,,1,-1
2022-02-01 08:00:00,2022-02-01 04:00:00,0.4877,0.035,HOLD,,1,-1
2022-02-01 12:00:00,2022-02-01 08:00:00,0.4862,0.035,HOLD,,1,-1
2022-02-01 16:00:00,2022-02-01 12:00:00,0.4824,0.035,HOLD,,1,-1
2022-02-01 20:00:00,2022-02-01 16:00:00,0.4799,0.035,HOLD,,1,-1
2022-02-02 00:00:00,2022-02-01 20:00:00,0.479,0.035,HOLD,,1,-1
2022-02-02 04:00:00,2022-02-02 00:00:00,0.4808,0.035,HOLD,,1,-1
2022-02-02 08:00:00,2022-02-02 04:00:00,0.4813,0.035,HOLD,,0,-1
2022-02-02 12:00:00,2022-02-02 08:00:00,0.478,0.035,HOLD,,1,-1
2022-02-02 16:00:00,2022-02-02 12:00:00,0.4754,0.035,HOLD,,1,-1
2022-02-02 20:00:00,2022-02-02 16:00:00,0.4724,0.035,HOLD,,1,-1
2022-02-03 00:00:00,2022-02-02 20:00:00,0.47,0.035,HOLD,,1,-1
2022-02-03 04:00:00,2022-02-03 00:00:00,0.4652,0.035,HOLD,,1,-1
2022-02-03 08:00:00,2022-02-03 04:00:00,0.4647,0.035,SELL,False,1,0
2022-02-03 12:00:00,2022-02-03 08:00:00,0.4641,0.035,SELL,False,1,0
2022-02-03 16:00:00,2022-02-03 12:00:00,0.4623,0.035,SELL,False,1,0
2022-02-03 20:00:00,2022-02-03 16:00:00,0.4563,0.035,SELL,False,1,0
2022-02-04 00:00:00,2022-02-03 20:00:00,0.4516,0.035,SELL,True,0,0
2022-02-04 04:00:00,2022-02-04 00:00:00,0.4499,0.035,SELL,True,0,0
2022-02-04 08:00:00,2022-02-04 04:00:00,0.4486,0.035,SELL,True,0,0
2022-02-04 12:00:00,2022-02-04 08:00:00,0.4503,0.035,SELL,False,1,0
2022-02-04 16:00:00,2022-02-04 12:00:00,0.4479,0.035,SELL,True,0,0
2022-02-04 20:00:00,2022-02-04 16:00:00,0.4508,0.035,SELL,True,0,0
2022-02-07 00:00:00,2022-02-04 20:00:00,0.4527,0.035,SELL,True,0,0
2022-02-07 04:00:00,2022-02-07 00:00:00,0.4522,0.035,SELL,True,0,0
2022-02-07 08:00:00,2022-02-07 04:00:00,0.4556,0.035,SELL,True,0,0
2022-02-07 12:00:00,2022-02-07 08:00:00,0.46,0.035,SELL,True,0,0
2022-02-07 16:00:00,2022-02-07 12:00:00,0.4613,0.035,SELL,False,1,0
2022-02-07 20:00:00,2022-02-07 16:00:00,0.4624,0.035,SELL,True,0,0
2022-02-08 00:00:00,2022-02-07 20:00:00,0.469,0.035,HOLD,,0,-1
2022-02-08 04:00:00,2022-02-08 00:00:00,0.4743,0.035,HOLD,,1,-1
2022-02-08 08:00:00,2022-02-08 04:00:00,0.4767,0.035,HOLD,,1,-1
2022-02-08 12:00:00,2022-02-08 08:00:00,0.4802,0.035,HOLD,,1,-1
2022-02-08 16:00:00,2022-02-08 12:00:00,0.4838,0.035,HOLD,,1,-1
2022-02-08 20:00:00,2022-02-08 16:00:00,0.4856,0.035,HOLD,,1,-1
2022-02-09 00:00:00,2022-02-08 20:00:00,0.485,0.035,HOLD,,0,-1
2022-02-09 04:00:00,2022-02-09 00:00:00,0.4908,0.035,HOLD,,1,-1
2022-02-09 08:00:00,2022-02-09 04:00:00,0.4956,0.035,HOLD,,1,-1
2022-02-09 12:00:00,2022-02-09 08:00:00,0.4963,0.035,HOLD,,0,-1
2022-02-09 16:00:00,2022-02-09 12:00:00,0.4973,0.035,HOLD,,1,-1
2022-02-09 20:00:00,2022-02-09 16:00:00,0.4983,0.035,HOLD,,1,-1
2022-02-10 00:00:00,2022-02-09 20:00:00,0.4967,0.035,HOLD,,0,-1
2022-02-10 04:00:00,2022-02-10 00:00:00,0.4994,0.035,HOLD,,0,-1
2022-02-10 08:00:00,2022-02-10 04:00:00,0.4974,0.035,HOLD,,0,-1
2022-02-10 12:00:00,2022-02-10 08:00:00,0.4947,0.035,HOLD,,0,-1
2022-02-10 16:00:00,2022-02-10 12:00:00,0.4949,0.035,HOLD,,0,-1
2022-02-10 20:00:00,2022-02-10 16:00:00,0.4983,0.035,HOLD,,0,-1
2022-02-11 00:00:00,2022-02-10 20:00:00,0.5051,0.035,HOLD,,0,-1
2022-02-11 04:00:00,2022-02-11 00:00:00,0.5087,0.035,HOLD,,0,-1
2022-02-11 08:00:00,2022-02-11 04:00:00,0.5088,0.035,HOLD,,0,-1
2022-02-11 12:00:00,2022-02-11 08:00:00,0.5076,0.035,HOLD,,0,-1
2022-02-11 16:00:00,2022-02-11 12:00:00,0.5056,0.035,HOLD,,0,-1
2022-02-11 20:00:00,2022-02-11 16:00:00,0.5022,0.035,HOLD,,0,-1
2022-02-14 00:00:00,2022-02-11 20:00:00,0.5008,0.035,HOLD,,0,-1
2022-02-14 04:00:00,2022-02-14 00:00:00,0.5025,0.035,HOLD,,0,-1
2022-02-14 08:00:00,2022-02-14 04:00:00,0.5022,0.035,HOLD,,1,-1
2022-02-14 12:00:00,2022-02-14 08:00:00,0.5008,0.035,HOLD,,1,-1
2022-02-14 16:00:00,2022-02-14 12:00:00,0.4966,0.035,HOLD,,1,-1
2022-02-14 20:00:00,2022-02-14 16:00:00,0.4955,0.035,HOLD,,1,-1
2022-02-15 00:00:00,2022-02-14 20:00:00,0.4949,0.035,HOLD,,1,-1
2022-02-15 04:00:00,2022-02-15 00:00:00,0.4969,0.035,HOLD,,1,-1
2022-02-15 08:00:00,2022-02-15 04:00:00,0.4969,0.035,HOLD,,1,-1
2022-02-15 12:00:00,2022-02-15 08:00:00,0.496,0.035,HOLD,,1,-1
2022-02-15 16:00:00,2022-02-15 12:00:00,0.492,0.035,HOLD,,1,-1
2022-02-15 20:00:00,2022-02-15 16:00:00,0.4877,0.035,HOLD,,1,-1
2022-02-16 00:00:00,2022-02-15 20:00:00,0.4878,0.035,HOLD,,1,-1
2022-02-16 04:00:00,2022-02-16 00:00:00,0.487,0.035,HOLD,,1,-1
2022-02-16 08:00:00,2022-02-16 04:00:00,0.4911,0.035,HOLD,,0,-1
2022-02-16 12:00:00,2022-02-16 08:00:00,0.4889,0.035,HOLD,,0,-1
2022-02-16 16:00:00,2022-02-16 12:00:00,0.4872,0.035,HOLD,,0,-1
2022-02-16 20:00:00,2022-02-16 16:00:00,0.489,0.035,HOLD,,0,-1
2022-02-17 00:00:00,2022-02-16 20:00:00,0.488,0.035,HOLD,,0,-1
2022-02-17 04:00:00,2022-02-17 00:00:00,0.4913,0.035,HOLD,,1,-1
2022-02-17 08:00:00,2022-02-17 04:00:00,0.4897,0.035,HOLD,,1,-1
2022-02-17 12:00:00,2022-02-17 08:00:00,0.4918,0.035,HOLD,,0,-1
2022-02-17 16:00:00,2022-02-17 12:00:00,0.4953,0.035,HOLD,,0,-1
2022-02-17 20:00:00,2022-02-17 16:00:00,0.4953,0.035,HOLD,,0,-1
2022-02-18 00:00:00,2022-02-17 20:00:00,0.4991,0.035,HOLD,,0,-1
2022-02-18 04:00:00,2022-02-18 00:00:00,0.5052,0.035,HOLD,,0,-1
2022-02-18 08:00:00,2022-02-18 04:00:00,0.506,0.035,HOLD,,0,-1
2022-02-18 12:00:00,2022-02-18 08:00:00,0.5063,0.035,HOLD,,0,-1
2022-02-18 16:00:00,2022-02-18 12:00:00,0.5041,0.035,HOLD,,1,-1
2022-02-18 20:00:00,2022-02-18 16:00:00,0.5034,0.035,HOLD,,0,-1
2022-02-21 00:00:00,2022-02-18 20:00:00,0.5034,0.035,HOLD,,0,-1
2022-02-21 04:00:00,2022-02-21 00:00:00,0.5025,0.035,HOLD,,0,-1
2022-02-21 08:00:00,2022-02-21 04:00:00,0.5032,0.035,HOLD,,0,-1
2022-02-21 12:00:00,2022-02-21 08:00:00,0.5048,0.035,HOLD,,1,-1
2022-02-21 16:00:00,2022-02-21 12:00:00,0.5041,0.035,HOLD,,0,-1
2022-02-21 20:00:00,2022-02-21 16:00:00,0.501,0.035,HOLD,,1,-1
2022-02-22 00:00:00,2022-02-21 20:00:00,0.4999,0.035,HOLD,,1,-1
2022-02-22 04:00:00,2022-02-22 00:00:00,0.499,0.035,HOLD,,1,-1
2022-02-22 08:00:00,2022-02-22 04:00:00,0.5025,0.035,HOLD,,1,-1
2022-02-22 12:00:00,2022-02-22 08:00:00,0.5043,0.035,HOLD,,1,-1
2022-02-22 16:00:00,2022-02-22 12:00:00,0.5066,0.035,HOLD,,0,-1
2022-02-22 20:00:00,2022-02-22 16:00:00,0.5088,0.035,HOLD,,0,-1
2022-02-23 00:00:00,2022-02-22 20:00:00,0.5073,0.035,HOLD,,0,-1
2022-02-23 04:00:00,2022-02-23 00:00:00,0.508,0.035,HOLD,,0,-1
2022-02-23 08:00:00,2022-02-23 04:00:00,0.5081,0.035,HOLD,,0,-1
2022-02-23 12:00:00,2022-02-23 08:00:00,0.5068,0.035,HOLD,,0,-1
2022-02-23 16:00:00,2022-02-23 12:00:00,0.5065,0.035,HOLD,,0,-1
2022-02-23 20:00:00,2022-02-23 16:00:00,0.5062,0.035,HOLD,,0,-1
2022-02-24 00:00:00,2022-02-23 20:00:00,0.5053,0.035,HOLD,,0,-1
2022-02-24 04:00:00,2022-02-24 00:00:00,0.5035,0.035,HOLD,,0,-1
2022-02-24 08:00:00,2022-02-24 04:00:00,0.5055,0.035,HOLD,,0,-1
2022-02-24 12:00:00,2022-02-24 08:00:00,0.5041,0.035,HOLD,,1,-1
2022-02-24 16:00:00,2022-02-24 12:00:00,0.5045,0.035,HOLD,,1,-1
2022-02-24 20:00:00,2022-02-24 16:00:00,0.5049,0.035,HOLD,,1,-1
2022-02-25 00:00:00,2022-02-24 20:00:00,0.5038,0.035,HOLD,,0,-1
2022-02-25 04:00:00,2022-02-25 00:00:00,0.5046,0.035,HOLD,,0,-1
2022-02-25 08:00:00,2022-02-25 04:00:00,0.5075,0.035,HOLD,,0,-1
2022-02-25 12:00:00,2022-02-25 08:00:00,0.5085,0.035,HOLD,,0,-1
2022-02-25 16:00:00,2022-02-25 12:00:00,0.5085,0.035,HOLD,,0,-1
2022-02-25 20:00:00,2022-02-25 16:00:00,0.5091,0.035,HOLD,,0,-1
2022-02-28 00:00:00,2022-02-25 20:00:00,0.5059,0.035,HOLD,,1,-1
2022-02-28 04:00:00,2022-02-28 00:00:00,0.5023,0.035,HOLD,,1,-1
2022-02-28 08:00:00,2022-02-28 04:00:00,0.5048,0.035,HOLD,,1,-1
2022-02-28 12:00:00,2022-02-28 08:00:00,0.5101,0.035,HOLD,,0,-1
2022-02-28 16:00:00,2022-02-28 12:00:00,0.5078,0.035,HOLD,,0,-1
2022-02-28 20:00:00,2022-02-28 16:00:00,0.5067,0.035,HOLD,,0,-1
2022-03-01 00:00:00,2022-02-28 20:00:00,0.5054,0.035,HOLD,,0,-1
2022-03-01 04:00:00,2022-03-01 00:00:00,0.5062,0.035,HOLD,,0,-1
2022-03-01 08:00:00,2022-03-01 04:00:00,0.5033,0.035,HOLD,,0,-1
2022-03-01 12:00:00,2022-03-01 08:00:00,0.503,0.035,HOLD,,0,-1
2022-03-01 16:00:00,2022-03-01 12:00:00,0.5034,0.035,HOLD,,0,-1
2022-03-01 20:00:00,2022-03-01 16:00:00,0.5069,0.035,HOLD,,0,-1
2022-03-02 00:00:00,2022-03-01 20:00:00,0.5091,0.035,HOLD,,0,-1
2022-03-02 04:00:00,2022-03-02 00:00:00,0.5105,0.035,HOLD,,0,-1
2022-03-02 08:00:00,2022-03-02 04:00:00,0.5147,0.035,HOLD,,0,-1
2022-03-02 12:00:00,2022-03-02 08:00:00,0.5166,0.035,HOLD,,0,-1
2022-03-02 16:00:00,2022-03-02 12:00:00,0.5188,0.035,HOLD,,0,-1
2022-03-02 20:00:00,2022-03-02 16:00:00,0.5223,0.035,HOLD,,0,-1
2022-03-03 00:00:00,2022-03-02 20:00:00,0.5214,0.035,HOLD,,0,-1
2022-03-03 04:00:00,2022-03-03 00:00:00,0.5234,0.035,HOLD,,0,-1
2022-03-03 08:00:00,2022-03-03 04:00:00,0.5226,0.035,HOLD,,0,-1
2022-03-03 12:00:00,2022-03-03 08:00:00,0.5182,0.035,HOLD,,0,-1
2022-03-03 16:00:00,2022-03-03 12:00:00,0.5164,0.035,HOLD,,0,-1
2022-03-03 20:00:00,2022-03-03 16:00:00,0.5136,0.035,HOLD,,0,-1
2022-03-04 00:00:00,2022-03-03 20:00:00,0.5084,0.035,HOLD,,0,-1
2022-03-04 04:00:00,2022-03-04 00:00:00,0.5143,0.035,HOLD,,0,-1
2022-03-04 08:00:00,2022-03-04 04:00:00,0.5193,0.035,HOLD,,0,-1
2022-03-04 12:00:00,2022-03-04 08:00:00,0.5227,0.035,HOLD,,0,-1
2022-03-04 16:00:00,2022-03-04 12:00:00,0.5212,0.035,HOLD,,0,-1
2022-03-04 20:00:00,2022-03-04 16:00:00,0.5232,0.035,HOLD,,0,-1
2022-03-07 00:00:00,2022-03-04 20:00:00,0.5272,0.035,HOLD,,1,-1
2022-03-07 04:00:00,2022-03-07 00:00:00,0.5324,0.035,HOLD,,0,-1
2022-03-07 08:00:00,2022-03-07 04:00:00,0.52,0.035,HOLD,,1,-1
2022-03-07 12:00:00,2022-03-07 08:00:00,0.5239,0.035,HOLD,,1,-1
2022-03-07 16:00:00,2022-03-07 12:00:00,0.5237,0.035,HOLD,,1,-1
2022-03-07 20:00:00,2022-03-07 16:00:00,0.5264,0.035,HOLD,,1,-1
2022-03-08 00:00:00,2022-03-07 20:00:00,0.525,0.035,HOLD,,1,-1
2022-03-08 04:00:00,2022-03-08 00:00:00,0.5255,0.035,HOLD,,1,-1
2022-03-08 08:00:00,2022-03-08 04:00:00,0.5264,0.035,HOLD,,1,-1
2022-03-08 12:00:00,2022-03-08 08:00:00,0.5237,0.035,HOLD,,1,-1
2022-03-08 16:00:00,2022-03-08 12:00:00,0.5182,0.035,HOLD,,1,-1
2022-03-08 20:00:00,2022-03-08 16:00:00,0.5141,0.035,HOLD,,1,-1
2022-03-09 00:00:00,2022-03-08 20:00:00,0.5085,0.035,HOLD,,1,-1
2022-03-09 04:00:00,2022-03-09 00:00:00,0.5059,0.035,HOLD,,1,-1
2022-03-09 08:00:00,2022-03-09 04:00:00,0.5049,0.035,HOLD,,1,-1
2022-03-09 12:00:00,2022-03-09 08:00:00,0.5027,0.035,HOLD,,1,-1
2022-03-09 16:00:00,2022-03-09 12:00:00,0.4956,0.035,HOLD,,0,-1
2022-03-09 20:00:00,2022-03-09 16:00:00,0.492,0.035,HOLD,,0,-1
2022-03-10 00:00:00,2022-03-09 20:00:00,0.484,0.035,HOLD,,0,-1
2022-03-10 04:00:00,2022-03-10 00:00:00,0.4833,0.035,HOLD,,0,-1
2022-03-10 08:00:00,2022-03-10 04:00:00,0.4803,0.035,HOLD,,0,-1
2022-03-10 12:00:00,2022-03-10 08:00:00,0.476,0.035,HOLD,,0,-1
2022-03-10 16:00:00,2022-03-10 12:00:00,0.4727,0.035,HOLD,,0,-1
2022-03-10 20:00:00,2022-03-10 16:00:00,0.4691,0.035,HOLD,,0,-1
2022-03-11 00:00:00,2022-03-10 20:00:00,0.466,0.035,HOLD,,0,-1
2022-03-11 04:00:00,2022-03-11 00:00:00,0.4716,0.035,HOLD,,0,-1
2022-03-11 08:00:00,2022-03-11 04:00:00,0.4706,0.035,HOLD,,1,-1
2022-03-11 12:00:00,2022-03-11 08:00:00,0.475,0.035,HOLD,,0,-1
2022-03-11 16:00:00,2022-03-11 12:00:00,0.4768,0.035,HOLD,,1,-1
2022-03-11 20:00:00,2022-03-11 16:00:00,0.4701,0.035,HOLD,,1,-1
2022-03-14 00:00:00,2022-03-11 20:00:00,0.4751,0.035,HOLD,,1,-1
2022-03-14 04:00:00,2022-03-14 00:00:00,0.4772,0.035,HOLD,,1,-1
2022-03-14 08:00:00,2022-03-14 04:00:00,0.4731,0.035,HOLD,,1,-1
2022-03-14 12:00:00,2022-03-14 08:00:00,0.4772,0.035,HOLD,,1,-1
2022-03-14 16:00:00,2022-03-14 12:00:00,0.4794,0.035,HOLD,,0,-1
2022-03-14 20:00:00,2022-03-14 16:00:00,0.4775,0.035,HOLD,,1,-1
2022-03-15 00:00:00,2022-03-14 20:00:00,0.4805,0.035,HOLD,,1,-1
2022-03-15 04:00:00,2022-03-15 00:00:00,0.4776,0.035,HOLD,,0,-1
2022-03-15 08:00:00,2022-03-15 04:00:00,0.4791,0.035,HOLD,,0,-1
2022-03-15 12:00:00,2022-03-15 08:00:00,0.4789,0.035,HOLD,,1,-1
2022-03-15 16:00:00,2022-03-15 12:00:00,0.4757,0.035,HOLD,,1,-1
2022-03-15 20:00:00,2022-03-15 16:00:00,0.477,0.035,HOLD,,1,-1
2022-03-16 00:00:00,2022-03-15 20:00:00,0.4773,0.035,HOLD,,1,-1
2022-03-16 04:00:00,2022-03-16 00:00:00,0.4786,0.035,HOLD,,1,-1
2022-03-16 08:00:00,2022-03-16 04:00:00,0.4757,0.035,HOLD,,1,-1
2022-03-16 12:00:00,2022-03-16 08:00:00,0.4723,0.035,HOLD,,1,-1
2022-03-16 16:00:00,2022-03-16 12:00:00,0.4749,0.035,HOLD,,1,-1
2022-03-16 20:00:00,2022-03-16 16:00:00,0.4794,0.035,HOLD,,1,-1
2022-03-17 00:00:00,2022-03-16 20:00:00,0.486,0.035,HOLD,,1,-1
2022-03-17 04:00:00,2022-03-17 00:00:00,0.4893,0.035,HOLD,,1,-1
2022-03-17 08:00:00,2022-03-17 04:00:00,0.4858,0.035,HOLD,,1,-1
2022-03-17 12:00:00,2022-03-17 08:00:00,0.4837,0.035,HOLD,,0,-1
2022-03-17 16:00:00,2022-03-17 12:00:00,0.4783,0.035,HOLD,,0,-1
2022-03-17 20:00:00,2022-03-17 16:00:00,0.4738,0.035,HOLD,,0,-1
2022-03-18 00:00:00,2022-03-17 20:00:00,0.4693,0.035,HOLD,,0,-1
2022-03-18 04:00:00,2022-03-18 00:00:00,0.466,0.035,HOLD,,0,-1
2022-03-18 08:00:00,2022-03-18 04:00:00,0.4607,0.035,SELL,True,0,0
2022-03-18 12:00:00,2022-03-18 08:00:00,0.4586,0.035,SELL,False,1,0
2022-03-18 16:00:00,2022-03-18 12:00:00,0.4556,0.035,SELL,True,0,0
2022-03-18 20:00:00,2022-03-18 16:00:00,0.4542,0.035,SELL,True,0,0
2022-03-21 00:00:00,2022-03-18 20:00:00,0.4544,0.035,SELL,True,0,0
2022-03-21 04:00:00,2022-03-21 00:00:00,0.4505,0.035,SELL,True,0,0
2022-03-21 08:00:00,2022-03-21 04:00:00,0.4459,0.035,SELL,True,0,0
2022-03-21 12:00:00,2022-03-21 08:00:00,0.4443,0.035,SELL,False,1,0
2022-03-21 16:00:00,2022-03-21 12:00:00,0.4529,0.035,SELL,True,0,0
2022-03-21 20:00:00,2022-03-21 16:00:00,0.4618,0.035,SELL,False,1,0
2022-03-22 00:00:00,2022-03-21 20:00:00,0.4635,0.035,SELL,False,1,0
2022-03-22 04:00:00,2022-03-22 00:00:00,0.4707,0.035,HOLD,,1,-1
2022-03-22 08:00:00,2022-03-22 04:00:00,0.4725,0.035,HOLD,,1,-1
2022-03-22 12:00:00,2022-03-22 08:00:00,0.482,0.035,HOLD,,0,-1
2022-03-22 16:00:00,2022-03-22 12:00:00,0.4864,0.035,HOLD,,0,-1
2022-03-22 20:00:00,2022-03-22 16:00:00,0.4892,0.035,HOLD,,0,-1
2022-03-23 00:00:00,2022-03-22 20:00:00,0.4898,0.035,HOLD,,0,-1
2022-03-23 04:00:00,2022-03-23 00:00:00,0.4862,0.035,HOLD,,0,-1
2022-03-23 08:00:00,2022-03-23 04:00:00,0.4918,0.035,HOLD,,0,-1
2022-03-23 12:00:00,2022-03-23 08:00:00,0.4968,0.035,HOLD,,1,-1
2022-03-23 16:00:00,2022-03-23 12:00:00,0.4951,0.035,HOLD,,0,-1
2022-03-23 20:00:00,2022-03-23 16:00:00,0.4964,0.035,HOLD,,0,-1
2022-03-24 00:00:00,2022-03-23 20:00:00,0.4938,0.035,HOLD,,1,-1
2022-03-24 04:00:00,2022-03-24 00:00:00,0.4928,0.035,HOLD,,1,-1
2022-03-24 08:00:00,2022-03-24 04:00:00,0.4982,0.035,HOLD,,1,-1
2022-03-24 12:00:00,2022-03-24 08:00:00,0.502,0.035,HOLD,,1,-1
2022-03-24 16:00:00,2022-03-24 12:00:00,0.5048,0.035,HOLD,,0,-1
2022-03-24 20:00:00,2022-03-24 16:00:00,0.5079,0.035,HOLD,,0,-1
2022-03-25 00:00:00,2022-03-24 20:00:00,0.5158,0.035,HOLD,,0,-1
2022-03-25 04:00:00,2022-03-25 00:00:00,0.5201,0.035,HOLD,,0,-1
2022-03-25 08:00:00,2022-03-25 04:00:00,0.5143,0.035,HOLD,,0,-1
2022-03-25 12:00:00,2022-03-25 08:00:00,0.5126,0.035,HOLD,,0,-1
2022-03-25 16:00:00,2022-03-25 12:00:00,0.5096,0.035,HOLD,,1,-1
2022-03-25 20:00:00,2022-03-25 16:00:00,0.5046,0.035,HOLD,,1,-1
2022-03-28 00:00:00,2022-03-25 20:00:00,0.5071,0.035,HOLD,,1,-1
2022-03-28 04:00:00,2022-03-28 00:00:00,0.5106,0.035,HOLD,,1,-1
2022-03-28 08:00:00,2022-03-28 04:00:00,0.51,0.035,HOLD,,0,-1
2022-03-28 12:00:00,2022-03-28 08:00:00,0.5085,0.035,HOLD,,1,-1
2022-03-28 16:00:00,2022-03-28 12:00:00,0.5078,0.035,HOLD,,1,-1
2022-03-28 20:00:00,2022-03-28 16:00:00,0.5086,0.035,HOLD,,1,-1
2022-03-29 00:00:00,2022-03-28 20:00:00,0.5033,0.035,HOLD,,1,-1
2022-03-29 04:00:00,2022-03-29 00:00:00,0.5033,0.035,HOLD,,1,-1
2022-03-29 08:00:00,2022-03-29 04:00:00,0.4988,0.035,HOLD,,1,-1
2022-03-29 12:00:00,2022-03-29 08:00:00,0.4968,0.035,HOLD,,1,-1
2022-03-29 16:00:00,2022-03-29 12:00:00,0.4915,0.035,HOLD,,1,-1
2022-03-29 20:00:00,2022-03-29 16:00:00,0.4941,0.035,HOLD,,1,-1
2022-03-30 00:00:00,2022-03-29 20:00:00,0.4948,0.035,HOLD,,1,-1
2022-03-30 04:00:00,2022-03-30 00:00:00,0.4932,0.035,HOLD,,1,-1
2022-03-30 08:00:00,2022-03-30 04:00:00,0.4872,0.035,HOLD,,0,-1
2022-03-30 12:00:00,2022-03-30 08:00:00,0.486,0.035,HOLD,,0,-1
2022-03-30 16:00:00,2022-03-30 12:00:00,0.4808,0.035,HOLD,,0,-1
2022-03-30 20:00:00,2022-03-30 16:00:00,0.4744,0.035,HOLD,,0,-1
2022-03-31 00:00:00,2022-03-30 20:00:00,0.4738,0.035,HOLD,,0,-1
2022-03-31 04:00:00,2022-03-31 00:00:00,0.4718,0.035,HOLD,,0,-1
2022-03-31 08:00:00,2022-03-31 04:00:00,0.4663,0.035,HOLD,,0,-1
2022-03-31 12:00:00,2022-03-31 08:00:00,0.4643,0.035,SELL,True,0,0
2022-03-31 16:00:00,2022-03-31 12:00:00,0.4601,0.035,SELL,True,0,0
2022-03-31 20:00:00,2022-03-31 16:00:00,0.4572,0.035,SELL,True,0,0
2022-04-01 00:00:00,2022-03-31 20:00:00,0.4561,0.035,SELL,True,0,0
2022-04-01 04:00:00,2022-04-01 00:00:00,0.4568,0.035,SELL,True,0,0
2022-04-01 08:00:00,2022-04-01 04:00:00,0.4602,0.035,SELL,True,0,0
2022-04-01 12:00:00,2022-04-01 08:00:00,0.462,0.035,SELL,True,0,0
2022-04-01 16:00:00,2022-04-01 12:00:00,0.4618,0.035,SELL,True,0,0
2022-04-01 20:00:00,2022-04-01 16:00:00,0.4592,0.035,SELL,True,0,0
2022-04-04 00:00:00,2022-04-01 20:00:00,0.4581,0.035,SELL,True,0,0
2022-04-04 04:00:00,2022-04-04 00:00:00,0.4581,0.035,SELL,True,0,0
2022-04-04 08:00:00,2022-04-04 04:00:00,0.4592,0.035,SELL,True,0,0
2022-04-04 12:00:00,2022-04-04 08:00:00,0.4592,0.035,SELL,True,0,0
2022-04-04 16:00:00,2022-04-04 12:00:00,0.4627,0.035,SELL,True,0,0
2022-04-04 20:00:00,2022-04-04 16:00:00,0.4697,0.035,HOLD,,0,-1
2022-04-05 00:00:00,2022-04-04 20:00:00,0.4735,0.035,HOLD,,0,-1
2022-04-05 04:00:00,2022-04-05 00:00:00,0.4785,0.035,HOLD,,0,-1
2022-04-05 08:00:00,2022-04-05 04:00:00,0.4779,0.035,HOLD,,0,-1
2022-04-05 12:00:00,2022-04-05 08:00:00,0.48,0.035,HOLD,,0,-1
2022-04-05 16:00:00,2022-04-05 12:00:00,0.4791,0.035,HOLD,,0,-1
2022-04-05 20:00:00,2022-04-05 16:00:00,0.4923,0.035,HOLD,,0,-1
2022-04-06 00:00:00,2022-04-05 20:00:00,0.5062,0.035,HOLD,,1,-1
2022-04-06 04:00:00,2022-04-06 00:00:00,0.504,0.035,HOLD,,1,-1
2022-04-06 08:00:00,2022-04-06 04:00:00,0.5099,0.035,HOLD,,0,-1
2022-04-06 12:00:00,2022-04-06 08:00:00,0.5151,0.035,HOLD,,0,-1
2022-04-06 16:00:00,2022-04-06 12:00:00,0.5234,0.035,HOLD,,0,-1
2022-04-06 20:00:00,2022-04-06 16:00:00,0.5276,0.035,HOLD,,0,-1
2022-04-07 00:00:00,2022-04-06 20:00:00,0.5297,0.035,HOLD,,0,-1
2022-04-07 04:00:00,2022-04-07 00:00:00,0.5314,0.035,HOLD,,0,-1
2022-04-07 08:00:00,2022-04-07 04:00:00,0.5344,0.035,HOLD,,0,-1
2022-04-07 12:00:00,2022-04-07 08:00:00,0.5342,0.035,HOLD,,0,-1
2022-04-07 16:00:00,2022-04-07 12:00:00,0.5306,0.035,HOLD,,0,-1
2022-04-07 20:00:00,2022-04-07 16:00:00,0.5287,0.035,HOLD,,0,-1
2022-04-08 00:00:00,2022-04-07 20:00:00,0.5244,0.035,HOLD,,1,-1
2022-04-08 04:00:00,2022-04-08 00:00:00,0.5226,0.035,HOLD,,1,-1
2022-04-08 08:00:00,2022-04-08 04:00:00,0.5201,0.035,HOLD,,1,-1
2022-04-08 12:00:00,2022-04-08 08:00:00,0.5182,0.035,HOLD,,1,-1
2022-04-08 16:00:00,2022-04-08 12:00:00,0.515,0.035,HOLD,,1,-1
2022-04-08 20:00:00,2022-04-08 16:00:00,0.5135,0.035,HOLD,,1,-1
2022-04-11 00:00:00,2022-04-08 20:00:00,0.5097,0.035,HOLD,,0,-1
2022-04-11 04:00:00,2022-04-11 00:00:00,0.5094,0.035,HOLD,,0,-1
2022-04-11 08:00:00,2022-04-11 04:00:00,0.5102,0.035,HOLD,,0,-1
2022-04-11 12:00:00,2022-04-11 08:00:00,0.5093,0.035,HOLD,,0,-1
2022-04-11 16:00:00,2022-04-11 12:00:00,0.5054,0.035,HOLD,,0,-1
2022-04-11 20:00:00,2022-04-11 16:00:00,0.5013,0.035,HOLD,,0,-1
2022-04-12 00:00:00,2022-04-11 20:00:00,0.4999,0.035,HOLD,,0,-1
2022-04-12 04:00:00,2022-04-12 00:00:00,0.501,0.035,HOLD,,0,-1
2022-04-12 08:00:00,2022-04-12 04:00:00,0.5041,0.035,HOLD,,0,-1
2022-04-12 12:00:00,2022-04-12 08:00:00,0.5062,0.035,HOLD,,0,-1
2022-04-12 16:00:00,2022-04-12 12:00:00,0.504,0.035,HOLD,,1,-1
2022-04-12 20:00:00,2022-04-12 16:00:00,0.5031,0.035,HOLD,,1,-1
2022-04-13 00:00:00,2022-04-12 20:00:00,0.4991,0.035,HOLD,,1,-1
2022-04-13 04:00:00,2022-04-13 00:00:00,0.498,0.035,HOLD,,1,-1
2022-04-13 08:00:00,2022-04-13 04:00:00,0.4984,0.035,HOLD,,1,-1
2022-04-13 12:00:00,2022-04-13 08:00:00,0.4965,0.035,HOLD,,1,-1
2022-04-13 16:00:00,2022-04-13 12:00:00,0.4966,0.035,HOLD,,0,-1
2022-04-13 20:00:00,2022-04-13 16:00:00,0.4991,0.035,HOLD,,0,-1
2022-04-14 00:00:00,2022-04-13 20:00:00,0.4992,0.035,HOLD,,0,-1
2022-04-14 04:00:00,2022-04-14 00:00:00,0.4939,0.035,HOLD,,0,-1
2022-04-14 08:00:00,2022-04-14 04:00:00,0.496,0.035,HOLD,,0,-1
2022-04-14 12:00:00,2022-04-14 08:00:00,0.4954,0.035,HOLD,,0,-1
2022-04-14 16:00:00,2022-04-14 12:00:00,0.4907,0.035,HOLD,,0,-1
2022-04-14 20:00:00,2022-04-14 16:00:00,0.4898,0.035,HOLD,,0,-1
2022-04-15 00:00:00,2022-04-14 20:00:00,0.4905,0.035,HOLD,,0,-1
2022-04-15 04:00:00,2022-04-15 00:00:00,0.4864,0.035,HOLD,,0,-1
2022-04-15 08:00:00,2022-04-15 04:00:00,0.4866,0.035,HOLD,,0,-1
2022-04-15 12:00:00,2022-04-15 08:00:00,0.4855,0.035,HOLD,,0,-1
2022-04-15 16:00:00,2022-04-15 12:00:00,0.4845,0.035,HOLD,,0,-1
2022-04-15 20:00:00,2022-04-15 16:00:00,0.4833,0.035,HOLD,,0,-1
2022-04-18 00:00:00,2022-04-15 20:00:00,0.4824,0.035,HOLD,,0,-1
2022-04-18 04:00:00,2022-04-18 00:00:00,0.4838,0.035,HOLD,,0,-1
2022-04-18 08:00:00,2022-04-18 04:00:00,0.4896,0.035,HOLD,,1,-1
2022-04-18 12:00:00,2022-04-18 08:00:00,0.4878,0.035,HOLD,,0,-1
2022-04-18 16:00:00,2022-04-18 12:00:00,0.4897,0.035,HOLD,,1,-1
2022-04-18 20:00:00,2022-04-18 16:00:00,0.4894,0.035,HOLD,,1,-1
2022-04-19 00:00:00,2022-04-18 20:00:00,0.4933,0.035,HOLD,,1,-1
2022-04-19 04:00:00,2022-04-19 00:00:00,0.4924,0.035,HOLD,,1,-1
2022-04-19 08:00:00,2022-04-19 04:00:00,0.4946,0.035,HOLD,,1,-1
2022-04-19 12:00:00,2022-04-19 08:00:00,0.4952,0.035,HOLD,,1,-1
2022-04-19 16:00:00,2022-04-19 12:00:00,0.4977,0.035,HOLD,,1,-1
2022-04-19 20:00:00,2022-04-19 16:00:00,0.5019,0.035,HOLD,,1,-1
2022-04-20 00:00:00,2022-04-19 20:00:00,0.5036,0.035,HOLD,,1,-1
2022-04-20 04:00:00,2022-04-20 00:00:00,0.5039,0.035,HOLD,,1,-1
2022-04-20 08:00:00,2022-04-20 04:00:00,0.5025,0.035,HOLD,,1,-1
2022-04-20 12:00:00,2022-04-20 08:00:00,0.5034,0.035,HOLD,,1,-1
2022-04-20 16:00:00,2022-04-20 12:00:00,0.501,0.035,HOLD,,1,-1
2022-04-20 20:00:00,2022-04-20 16:00:00,0.5004,0.035,HOLD,,0,-1
2022-04-21 00:00:00,2022-04-20 20:00:00,0.5033,0.035,HOLD,,1,-1
2022-04-21 04:00:00,2022-04-21 00:00:00,0.509,0.035,HOLD,,1,-1
2022-04-21 08:00:00,2022-04-21 04:00:00,0.5076,0.035,HOLD,,0,-1
2022-04-21 12:00:00,2022-04-21 08:00:00,0.5093,0.035,HOLD,,0,-1
2022-04-21 16:00:00,2022-04-21 12:00:00,0.5072,0.035,HOLD,,0,-1
2022-04-21 20:00:00,2022-04-21 16:00:00,0.5016,0.035,HOLD,,0,-1
2022-04-22 00:00:00,2022-04-21 20:00:00,0.4935,0.035,HOLD,,0,-1
2022-04-22 04:00:00,2022-04-22 00:00:00,0.4978,0.035,HOLD,,0,-1
2022-04-22 08:00:00,2022-04-22 04:00:00,0.4974,0.035,HOLD,,0,-1
2022-04-22 12:00:00,2022-04-22 08:00:00,0.4943,0.035,HOLD,,0,-1
2022-04-22 16:00:00,2022-04-22 12:00:00,0.4963,0.035,HOLD,,0,-1
2022-04-22 20:00:00,2022-04-22 16:00:00,0.4965,0.035,HOLD,,0,-1
2022-04-25 00:00:00,2022-04-22 20:00:00,0.4985,0.035,HOLD,,0,-1
2022-04-25 04:00:00,2022-04-25 00:00:00,0.4982,0.035,HOLD,,0,-1
2022-04-25 08:00:00,2022-04-25 04:00:00,0.4942,0.035,HOLD,,0,-1
2022-04-25 12:00:00,2022-04-25 08:00:00,0.4927,0.035,HOLD,,0,-1
2022-04-25 16:00:00,2022-04-25 12:00:00,0.4896,0.035,HOLD,,0,-1
2022-04-25 20:00:00,2022-04-25 16:00:00,0.4903,0.035,HOLD,,0,-1
2022-04-26 00:00:00,2022-04-25 20:00:00,0.49,0.035,HOLD,,0,-1
2022-04-26 04:00:00,2022-04-26 00:00:00,0.4905,0.035,HOLD,,0,-1
2022-04-26 08:00:00,2022-04-26 04:00:00,0.4884,0.035,HOLD,,0,-1
2022-04-26 12:00:00,2022-04-26 08:00:00,0.486,0.035,HOLD,,0,-1
2022-04-26 16:00:00,2022-04-26 12:00:00,0.4902,0.035,HOLD,,0,-1
2022-04-26 20:00:00,2022-04-26 16:00:00,0.4946,0.035,HOLD,,0,-1
2022-04-27 00:00:00,2022-04-26 20:00:00,0.491,0.035,HOLD,,0,-1
2022-04-27 04:00:00,2022-04-27 00:00:00,0.492,0.035,HOLD,,0,-1
2022-04-27 08:00:00,2022-04-27 04:00:00,0.4941,0.035,HOLD,,0,-1
2022-04-27 12:00:00,2022-04-27 08:00:00,0.4974,0.035,HOLD,,0,-1
2022-04-27 16:00:00,2022-04-27 12:00:00,0.5027,0.035,HOLD,,0,-1
2022-04-27 20:00:00,2022-04-27 16:00:00,0.5033,0.035,HOLD,,0,-1
2022-04-28 00:00:00,2022-04-27 20:00:00,0.5031,0.035,HOLD,,0,-1
2022-04-28 04:00:00,2022-04-28 00:00:00,0.5097,0.035,HOLD,,0,-1
2022-04-28 08:00:00,2022-04-28 04:00:00,0.5122,0.035,HOLD,,1,-1
2022-04-28 12:00:00,2022-04-28 08:00:00,0.5108,0.035,HOLD,,1,-1
2022-04-28 16:00:00,2022-04-28 12:00:00,0.5209,0.035,HOLD,,1,-1
2022-04-28 20:00:00,2022-04-28 16:00:00,0.5287,0.035,HOLD,,1,-1
2022-04-29 00:00:00,2022-04-28 20:00:00,0.5272,0.035,HOLD,,1,-1
2022-04-29 04:00:00,2022-04-29 00:00:00,0.5258,0.035,HOLD,,1,-1
2022-04-29 08:00:00,2022-04-29 04:00:00,0.5247,0.035,HOLD,,0,-1
2022-04-29 12:00:00,2022-04-29 08:00:00,0.5248,0.035,HOLD,,0,-1
2022-04-29 16:00:00,2022-04-29 12:00:00,0.5213,0.035,HOLD,,0,-1
2022-04-29 20:00:00,2022-04-29 16:00:00,0.5217,0.035,HOLD,,0,-1
2022-05-02 00:00:00,2022-04-29 20:00:00,0.5184,0.035,HOLD,,0,-1
2022-05-02 04:00:00,2022-05-02 00:00:00,0.5225,0.035,HOLD,,0,-1
2022-05-02 08:00:00,2022-05-02 04:00:00,0.5239,0.035,HOLD,,0,-1
2022-05-02 12:00:00,2022-05-02 08:00:00,0.5238,0.035,HOLD,,1,-1
2022-05-02 16:00:00,2022-05-02 12:00:00,0.5195,0.035,HOLD,,1,-1
2022-05-02 20:00:00,2022-05-02 16:00:00,0.519,0.035,HOLD,,1,-1
2022-05-03 00:00:00,2022-05-02 20:00:00,0.519,0.035,HOLD,,0,-1
2022-05-03 04:00:00,2022-05-03 00:00:00,0.519,0.035,HOLD,,1,-1
2022-05-03 08:00:00,2022-05-03 04:00:00,0.5219,0.035,HOLD,,1,-1
2022-05-03 12:00:00,2022-05-03 08:00:00,0.5211,0.035,HOLD,,0,-1
2022-05-03 16:00:00,2022-05-03 12:00:00,0.5177,0.035,HOLD,,1,-1
2022-05-03 20:00:00,2022-05-03 16:00:00,0.5126,0.035,HOLD,,1,-1
2022-05-04 00:00:00,2022-05-03 20:00:00,0.5099,0.035,HOLD,,1,-1
2022-05-04 04:00:00,2022-05-04 00:00:00,0.511,0.035,HOLD,,1,-1
2022-05-04 08:00:00,2022-05-04 04:00:00,0.5111,0.035,HOLD,,1,-1
2022-05-04 12:00:00,2022-05-04 08:00:00,0.5115,0.035,HOLD,,1,-1
2022-05-04 16:00:00,2022-05-04 12:00:00,0.5086,0.035,HOLD,,0,-1
2022-05-04 20:00:00,2022-05-04 16:00:00,0.5025,0.035,HOLD,,0,-1
2022-05-05 00:00:00,2022-05-04 20:00:00,0.4979,0.035,HOLD,,0,-1
2022-05-05 04:00:00,2022-05-05 00:00:00,0.4982,0.035,HOLD,,0,-1
2022-05-05 08:00:00,2022-05-05 04:00:00,0.4954,0.035,HOLD,,0,-1
2022-05-05 12:00:00,2022-05-05 08:00:00,0.4905,0.035,HOLD,,0,-1
2022-05-05 16:00:00,2022-05-05 12:00:00,0.4833,0.035,HOLD,,1,-1
2022-05-05 20:00:00,2022-05-05 16:00:00,0.4813,0.035,HOLD,,1,-1
2022-05-06 00:00:00,2022-05-05 20:00:00,0.4825,0.035,HOLD,,0,-1
2022-05-06 04:00:00,2022-05-06 00:00:00,0.4883,0.035,HOLD,,0,-1
2022-05-06 08:00:00,2022-05-06 04:00:00,0.4907,0.035,HOLD,,0,-1
2022-05-06 12:00:00,2022-05-06 08:00:00,0.4899,0.035,HOLD,,1,-1
2022-05-06 16:00:00,2022-05-06 12:00:00,0.4939,0.035,HOLD,,1,-1
2022-05-06 20:00:00,2022-05-06 16:00:00,0.4954,0.035,HOLD,,1,-1
2022-05-09 00:00:00,2022-05-06 20:00:00,0.4962,0.035,HOLD,,1,-1
2022-05-09 04:00:00,2022-05-09 00:00:00,0.4959,0.035,HOLD,,1,-1
2022-05-09 08:00:00,2022-05-09 04:00:00,0.4939,0.035,HOLD,,1,-1
2022-05-09 12:00:00,2022-05-09 08:00:00,0.4949,0.035,HOLD,,0,-1
2022-05-09 16:00:00,2022-05-09 12:00:00,0.4929,0.035,HOLD,,0,-1
2022-05-09 20:00:00,2022-05-09 16:00:00,0.4965,0.035,HOLD,,0,-1
2022-05-10 00:00:00,2022-05-09 20:00:00,0.4919,0.035,HOLD,,0,-1
2022-05-10 04:00:00,2022-05-10 00:00:00,0.4897,0.035,HOLD,,0,-1
2022-05-10 08:00:00,2022-05-10 04:00:00,0.4957,0.035,HOLD,,0,-1
2022-05-10 12:00:00,2022-05-10 08:00:00,0.501,0.035,HOLD,,0,-1
2022-05-10 16:00:00,2022-05-10 12:00:00,0.4956,0.035,HOLD,,0,-1
2022-05-10 20:00:00,2022-05-10 16:00:00,0.5032,0.035,HOLD,,0,-1
2022-05-11 00:00:00,2022-05-10 20:00:00,0.5101,0.035,HOLD,,0,-1
2022-05-11 04:00:00,2022-05-11 00:00:00,0.5072,0.035,HOLD,,0,-1
2022-05-11 08:00:00,2022-05-11 04:00:00,0.5084,0.035,HOLD,,0,-1
2022-05-11 12:00:00,2022-05-11 08:00:00,0.5087,0.035,HOLD,,0,-1
2022-05-11 16:00:00,2022-05-11 12:00:00,0.5068,0.035,HOLD,,0,-1
2022-05-11 20:00:00,2022-05-11 16:00:00,0.5133,0.035,HOLD,,0,-1
2022-05-12 00:00:00,2022-05-11 20:00:00,0.5156,0.035,HOLD,,0,-1
2022-05-12 04:00:00,2022-05-12 00:00:00,0.5215,0.035,HOLD,,0,-1
2022-05-12 08:00:00,2022-05-12 04:00:00,0.53,0.035,HOLD,,0,-1
2022-05-12 12:00:00,2022-05-12 08:00:00,0.5281,0.035,HOLD,,0,-1
2022-05-12 16:00:00,2022-05-12 12:00:00,0.5278,0.035,HOLD,,1,-1
2022-05-12 20:00:00,2022-05-12 16:00:00,0.5275,0.035,HOLD,,1,-1
2022-05-13 00:00:00,2022-05-12 20:00:00,0.5239,0.035,HOLD,,1,-1
2022-05-13 04:00:00,2022-05-13 00:00:00,0.527,0.035,HOLD,,1,-1
2022-05-13 08:00:00,2022-05-13 04:00:00,0.5296,0.035,HOLD,,1,-1
2022-05-13 12:00:00,2022-05-13 08:00:00,0.5288,0.035,HOLD,,1,-1
2022-05-13 16:00:00,2022-05-13 12:00:00,0.5276,0.035,HOLD,,1,-1
2022-05-13 20:00:00,2022-05-13 16:00:00,0.5304,0.035,HOLD,,1,-1
2022-05-16 00:00:00,2022-05-13 20:00:00,0.5284,0.035,HOLD,,1,-1
2022-05-16 04:00:00,2022-05-16 00:00:00,0.5278,0.035,HOLD,,1,-1
2022-05-16 08:00:00,2022-05-16 04:00:00,0.526,0.035,HOLD,,1,-1
2022-05-16 12:00:00,2022-05-16 08:00:00,0.5216,0.035,HOLD,,1,-1
2022-05-16 16:00:00,2022-05-16 12:00:00,0.5165,0.035,HOLD,,1,-1
2022-05-16 20:00:00,2022-05-16 16:00:00,0.5186,0.035,HOLD,,1,-1
2022-05-17 00:00:00,2022-05-16 20:00:00,0.5185,0.035,HOLD,,1,-1
2022-05-17 04:00:00,2022-05-17 00:00:00,0.5209,0.035,HOLD,,1,-1
2022-05-17 08:00:00,2022-05-17 04:00:00,0.5176,0.035,HOLD,,1,-1
2022-05-17 12:00:00,2022-05-17 08:00:00,0.517,0.035,HOLD,,0,-1
2022-05-17 16:00:00,2022-05-17 12:00:00,0.5141,0.035,HOLD,,0,-1
2022-05-17 20:00:00,2022-05-17 16:00:00,0.5109,0.035,HOLD,,0,-1
2022-05-18 00:00:00,2022-05-17 20:00:00,0.5049,0.035,HOLD,,0,-1
2022-05-18 04:00:00,2022-05-18 00:00:00,0.5022,0.035,HOLD,,0,-1
2022-05-18 08:00:00,2022-05-18 04:00:00,0.5003,0.035,HOLD,,0,-1
2022-05-18 12:00:00,2022-05-18 08:00:00,0.5004,0.035,HOLD,,1,-1
2022-05-18 16:00:00,2022-05-18 12:00:00,0.5025,0.035,HOLD,,1,-1
2022-05-18 20:00:00,2022-05-18 16:00:00,0.5003,0.035,HOLD,,1,-1
2022-05-19 00:00:00,2022-05-18 20:00:00,0.4981,0.035,HOLD,,1,-1
2022-05-19 04:00:00,2022-05-19 00:00:00,0.5005,0.035,HOLD,,1,-1
2022-05-19 08:00:00,2022-05-19 04:00:00,0.5032,0.035,HOLD,,1,-1
2022-05-19 12:00:00,2022-05-19 08:00:00,0.5046,0.035,HOLD,,1,-1
2022-05-19 16:00:00,2022-05-19 12:00:00,0.5006,0.035,HOLD,,0,-1
2022-05-19 20:00:00,2022-05-19 16:00:00,0.4946,0.035,HOLD,,0,-1
2022-05-20 00:00:00,2022-05-19 20:00:00,0.4895,0.035,HOLD,,1,-1
2022-05-20 04:00:00,2022-05-20 00:00:00,0.4896,0.035,HOLD,,1,-1
2022-05-20 08:00:00,2022-05-20 04:00:00,0.4896,0.035,HOLD,,1,-1
2022-05-20 12:00:00,2022-05-20 08:00:00,0.4911,0.035,HOLD,,1,-1
2022-05-20 16:00:00,2022-05-20 12:00:00,0.4912,0.035,HOLD,,1,-1
2022-05-20 20:00:00,2022-05-20 16:00:00,0.493,0.035,HOLD,,1,-1
2022-05-23 00:00:00,2022-05-20 20:00:00,0.4924,0.035,HOLD,,1,-1
2022-05-23 04:00:00,2022-05-23 00:00:00,0.4956,0.035,HOLD,,1,-1
2022-05-23 08:00:00,2022-05-23 04:00:00,0.4974,0.035,HOLD,,1,-1
2022-05-23 12:00:00,2022-05-23 08:00:00,0.4956,0.035,HOLD,,1,-1
2022-05-23 16:00:00,2022-05-23 12:00:00,0.4975,0.035,HOLD,,1,-1
2022-05-23 20:00:00,2022-05-23 16:00:00,0.4976,0.035,HOLD,,1,-1
2022-05-24 00:00:00,2022-05-23 20:00:00,0.4917,0.035,HOLD,,1,-1
2022-05-24 04:00:00,2022-05-24 00:00:00,0.4912,0.035,HOLD,,1,-1
2022-05-24 08:00:00,2022-05-24 04:00:00,0.4918,0.035,HOLD,,0,-1
2022-05-24 12:00:00,2022-05-24 08:00:00,0.49,0.035,HOLD,,0,-1
2022-05-24 16:00:00,2022-05-24 12:00:00,0.4926,0.035,HOLD,,0,-1
2022-05-24 20:00:00,2022-05-24 16:00:00,0.4952,0.035,HOLD,,0,-1
2022-05-25 00:00:00,2022-05-24 20:00:00,0.4972,0.035,HOLD,,0,-1
2022-05-25 04:00:00,2022-05-25 00:00:00,0.4947,0.035,HOLD,,0,-1
2022-05-25 08:00:00,2022-05-25 04:00:00,0.4966,0.035,HOLD,,1,-1
2022-05-25 12:00:00,2022-05-25 08:00:00,0.4958,0.035,HOLD,,1,-1
2022-05-25 16:00:00,2022-05-25 12:00:00,0.4921,0.035,HOLD,,1,-1
2022-05-25 20:00:00,2022-05-25 16:00:00,0.4935,0.035,HOLD,,1,-1
2022-05-26 00:00:00,2022-05-25 20:00:00,0.4915,0.035,HOLD,,1,-1
2022-05-26 04:00:00,2022-05-26 00:00:00,0.4916,0.035,HOLD,,1,-1
2022-05-26 08:00:00,2022-05-26 04:00:00,0.4925,0.035,HOLD,,1,-1
2022-05-26 12:00:00,2022-05-26 08:00:00,0.4949,0.035,HOLD,,1,-1
2022-05-26 16:00:00,2022-05-26 12:00:00,0.4929,0.035,HOLD,,1,-1
2022-05-26 20:00:00,2022-05-26 16:00:00,0.4965,0.035,HOLD,,1,-1
2022-05-27 00:00:00,2022-05-26 20:00:00,0.5017,0.035,HOLD,,0,-1
2022-05-27 04:00:00,2022-05-27 00:00:00,0.5041,0.035,HOLD,,1,-1
2022-05-27 08:00:00,2022-05-27 04:00:00,0.5019,0.035,HOLD,,1,-1
2022-05-27 12:00:00,2022-05-27 08:00:00,0.4984,0.035,HOLD,,1,-1
2022-05-27 16:00:00,2022-05-27 12:00:00,0.4949,0.035,HOLD,,1,-1
2022-05-27 20:00:00,2022-05-27 16:00:00,0.4926,0.035,HOLD,,1,-1
2022-05-30 00:00:00,2022-05-27 20:00:00,0.4891,0.035,HOLD,,1,-1
2022-05-30 04:00:00,2022-05-30 00:00:00,0.4868,0.035,HOLD,,0,-1
2022-05-30 08:00:00,2022-05-30 04:00:00,0.4903,0.035,HOLD,,0,-1
2022-05-30 12:00:00,2022-05-30 08:00:00,0.4924,0.035,HOLD,,0,-1
2022-05-30 16:00:00,2022-05-30 12:00:00,0.4944,0.035,HOLD,,0,-1
2022-05-30 20:00:00,2022-05-30 16:00:00,0.4956,0.035,HOLD,,0,-1
2022-05-31 00:00:00,2022-05-30 20:00:00,0.4939,0.035,HOLD,,0,-1
2022-05-31 04:00:00,2022-05-31 00:00:00,0.4947,0.035,HOLD,,0,-1
2022-05-31 08:00:00,2022-05-31 04:00:00,0.4939,0.035,HOLD,,0,-1
2022-05-31 12:00:00,2022-05-31 08:00:00,0.4908,0.035,HOLD,,1,-1
2022-05-31 16:00:00,2022-05-31 12:00:00,0.4906,0.035,HOLD,,0,-1
2022-05-31 20:00:00,2022-05-31 16:00:00,0.4926,0.035,HOLD,,0,-1
2022-06-01 00:00:00,2022-05-31 20:00:00,0.4928,0.035,HOLD,,0,-1
2022-06-01 04:00:00,2022-06-01 00:00:00,0.4947,0.035,HOLD,,0,-1
2022-06-01 08:00:00,2022-06-01 04:00:00,0.4953,0.035,HOLD,,0,-1
2022-06-01 12:00:00,2022-06-01 08:00:00,0.4947,0.035,HOLD,,0,-1
2022-06-01 16:00:00,2022-06-01 12:00:00,0.4913,0.035,HOLD,,1,-1
2022-06-01 20:00:00,2022-06-01 16:00:00,0.4883,0.035,HOLD,,1,-1
2022-06-02 00:00:00,2022-06-01 20:00:00,0.4856,0.035,HOLD,,1,-1
2022-06-02 04:00:00,2022-06-02 00:00:00,0.4875,0.035,HOLD,,1,-1
2022-06-02 08:00:00,2022-06-02 04:00:00,0.4925,0.035,HOLD,,1,-1
2022-06-02 12:00:00,2022-06-02 08:00:00,0.4946,0.035,HOLD,,1,-1
2022-06-02 16:00:00,2022-06-02 12:00:00,0.4908,0.035,HOLD,,0,-1
2022-06-02 20:00:00,2022-06-02 16:00:00,0.4902,0.035,HOLD,,0,-1
2022-06-03 00:00:00,2022-06-02 20:00:00,0.4892,0.035,HOLD,,0,-1
2022-06-03 04:00:00,2022-06-03 00:00:00,0.4902,0.035,HOLD,,0,-1
2022-06-03 08:00:00,2022-06-03 04:00:00,0.4919,0.035,HOLD,,0,-1
2022-06-03 12:00:00,2022-06-03 08:00:00,0.4927,0.035,HOLD,,1,-1
2022-06-03 16:00:00,2022-06-03 12:00:00,0.4923,0.035,HOLD,,0,-1
2022-06-03 20:00:00,2022-06-03 16:00:00,0.4903,0.035,HOLD,,0,-1
2022-06-06 00:00:00,2022-06-03 20:00:00,0.4879,0.035,HOLD,,0,-1
2022-06-06 04:00:00,2022-06-06 00:00:00,0.4923,0.035,HOLD,,0,-1
2022-06-06 08:00:00,2022-06-06 04:00:00,0.495,0.035,HOLD,,0,-1
2022-06-06 12:00:00,2022-06-06 08:00:00,0.4976,0.035,HOLD,,0,-1
2022-06-06 16:00:00,2022-06-06 12:00:00,0.4987,0.035,HOLD,,1,-1
2022-06-06 20:00:00,2022-06-06 16:00:00,0.4981,0.035,HOLD,,1,-1
2022-06-07 00:00:00,2022-06-06 20:00:00,0.5021,0.035,HOLD,,1,-1
2022-06-07 04:00:00,2022-06-07 00:00:00,0.5083,0.035,HOLD,,0,-1
2022-06-07 08:00:00,2022-06-07 04:00:00,0.5066,0.035,HOLD,,0,-1
2022-06-07 12:00:00,2022-06-07 08:00:00,0.5034,0.035,HOLD,,1,-1
2022-06-07 16:00:00,2022-06-07 12:00:00,0.503,0.035,HOLD,,1,-1
2022-06-07 20:00:00,2022-06-07 16:00:00,0.4997,0.035,HOLD,,1,-1
2022-06-08 00:00:00,2022-06-07 20:00:00,0.5021,0.035,HOLD,,1,-1
2022-06-08 04:00:00,2022-06-08 00:00:00,0.5044,0.035,HOLD,,1,-1
2022-06-08 08:00:00,2022-06-08 04:00:00,0.5036,0.035,HOLD,,1,-1
2022-06-08 12:00:00,2022-06-08 08:00:00,0.5035,0.035,HOLD,,1,-1
2022-06-08 16:00:00,2022-06-08 12:00:00,0.5002,0.035,HOLD,,0,-1
2022-06-08 20:00:00,2022-06-08 16:00:00,0.5,0.035,HOLD,,0,-1
2022-06-09 00:00:00,2022-06-08 20:00:00,0.4948,0.035,HOLD,,0,-1
2022-06-09 04:00:00,2022-06-09 00:00:00,0.4937,0.035,HOLD,,0,-1
2022-06-09 08:00:00,2022-06-09 04:00:00,0.4955,0.035,HOLD,,0,-1
2022-06-09 12:00:00,2022-06-09 08:00:00,0.4933,0.035,HOLD,,0,-1
2022-06-09 16:00:00,2022-06-09 12:00:00,0.4954,0.035,HOLD,,0,-1
2022-06-09 20:00:00,2022-06-09 16:00:00,0.5001,0.035,HOLD,,0,-1
2022-06-10 00:00:00,2022-06-09 20:00:00,0.5049,0.035,HOLD,,0,-1
2022-06-10 04:00:00,2022-06-10 00:00:00,0.5095,0.035,HOLD,,0,-1
2022-06-10 08:00:00,2022-06-10 04:00:00,0.5113,0.035,HOLD,,0,-1
2022-06-10 12:00:00,2022-06-10 08:00:00,0.5132,0.035,HOLD,,0,-1
2022-06-10 16:00:00,2022-06-10 12:00:00,0.5122,0.035,HOLD,,0,-1
2022-06-10 20:00:00,2022-06-10 16:00:00,0.5113,0.035,HOLD,,0,-1
2022-06-13 00:00:00,2022-06-10 20:00:00,0.5104,0.035,HOLD,,0,-1
2022-06-13 04:00:00,2022-06-13 00:00:00,0.5159,0.035,HOLD,,0,-1
2022-06-13 08:00:00,2022-06-13 04:00:00,0.5147,0.035,HOLD,,0,-1
2022-06-13 12:00:00,2022-06-13 08:00:00,0.5179,0.035,HOLD,,0,-1
2022-06-13 16:00:00,2022-06-13 12:00:00,0.5221,0.035,HOLD,,0,-1
2022-06-13 20:00:00,2022-06-13 16:00:00,0.5254,0.035,HOLD,,1,-1
2022-06-14 00:00:00,2022-06-13 20:00:00,0.5246,0.035,HOLD,,1,-1
2022-06-14 04:00:00,2022-06-14 00:00:00,0.526,0.035,HOLD,,1,-1
2022-06-14 08:00:00,2022-06-14 04:00:00,0.5287,0.035,HOLD,,1,-1
2022-06-14 12:00:00,2022-06-14 08:00:00,0.5265,0.035,HOLD,,0,-1
2022-06-14 16:00:00,2022-06-14 12:00:00,0.5235,0.035,HOLD,,0,-1
2022-06-14 20:00:00,2022-06-14 16:00:00,0.5233,0.035,HOLD,,1,-1
2022-06-15 00:00:00,2022-06-14 20:00:00,0.5265,0.035,HOLD,,1,-1
2022-06-15 04:00:00,2022-06-15 00:00:00,0.5308,0.035,HOLD,,1,-1
2022-06-15 08:00:00,2022-06-15 04:00:00,0.5319,0.035,HOLD,,0,-1
2022-06-15 12:00:00,2022-06-15 08:00:00,0.5327,0.035,HOLD,,1,-1
2022-06-15 16:00:00,2022-06-15 12:00:00,0.5279,0.035,HOLD,,1,-1
2022-06-15 20:00:00,2022-06-15 16:00:00,0.5315,0.035,HOLD,,1,-1
2022-06-16 00:00:00,2022-06-15 20:00:00,0.5348,0.035,HOLD,,1,-1
2022-06-16 04:00:00,2022-06-16 00:00:00,0.536,0.035,BUY,True,1,1
2022-06-16 08:00:00,2022-06-16 04:00:00,0.5338,0.035,HOLD,,1,-1
2022-06-16 12:00:00,2022-06-16 08:00:00,0.5338,0.035,HOLD,,1,-1
2022-06-16 16:00:00,2022-06-16 12:00:00,0.5326,0.035,HOLD,,0,-1
2022-06-16 20:00:00,2022-06-16 16:00:00,0.5306,0.035,HOLD,,0,-1
2022-06-17 00:00:00,2022-06-16 20:00:00,0.5252,0.035,HOLD,,0,-1
2022-06-17 04:00:00,2022-06-17 00:00:00,0.52,0.035,HOLD,,0,-1
2022-06-17 08:00:00,2022-06-17 04:00:00,0.5193,0.035,HOLD,,1,-1
2022-06-17 12:00:00,2022-06-17 08:00:00,0.5187,0.035,HOLD,,1,-1
2022-06-17 16:00:00,2022-06-17 12:00:00,0.5162,0.035,HOLD,,1,-1
2022-06-17 20:00:00,2022-06-17 16:00:00,0.5111,0.035,HOLD,,1,-1
2022-06-20 00:00:00,2022-06-17 20:00:00,0.5069,0.035,HOLD,,1,-1
2022-06-20 04:00:00,2022-06-20 00:00:00,0.5052,0.035,HOLD,,0,-1
2022-06-20 08:00:00,2022-06-20 04:00:00,0.5026,0.035,HOLD,,1,-1
2022-06-20 12:00:00,2022-06-20 08:00:00,0.501,0.035,HOLD,,1,-1
2022-06-20 16:00:00,2022-06-20 12:00:00,0.4986,0.035,HOLD,,1,-1
2022-06-20 20:00:00,2022-06-20 16:00:00,0.4964,0.035,HOLD,,1,-1
2022-06-21 00:00:00,2022-06-20 20:00:00,0.4941,0.035,HOLD,,0,-1
2022-06-21 04:00:00,2022-06-21 00:00:00,0.4906,0.035,HOLD,,0,-1
2022-06-21 08:00:00,2022-06-21 04:00:00,0.493,0.035,HOLD,,0,-1
2022-06-21 12:00:00,2022-06-21 08:00:00,0.4908,0.035,HOLD,,0,-1
2022-06-21 16:00:00,2022-06-21 12:00:00,0.4931,0.035,HOLD,,1,-1
2022-06-21 20:00:00,2022-06-21 16:00:00,0.4941,0.035,HOLD,,1,-1
2022-06-22 00:00:00,2022-06-21 20:00:00,0.4909,0.035,HOLD,,1,-1
2022-06-22 04:00:00,2022-06-22 00:00:00,0.4855,0.035,HOLD,,1,-1
2022-06-22 08:00:00,2022-06-22 04:00:00,0.4866,0.035,HOLD,,0,-1
2022-06-22 12:00:00,2022-06-22 08:00:00,0.4877,0.035,HOLD,,0,-1
2022-06-22 16:00:00,2022-06-22 12:00:00,0.4934,0.035,HOLD,,0,-1
2022-06-22 20:00:00,2022-06-22 16:00:00,0.4966,0.035,HOLD,,0,-1
2022-06-23 00:00:00,2022-06-22 20:00:00,0.4909,0.035,HOLD,,0,-1
2022-06-23 04:00:00,2022-06-23 00:00:00,0.4906,0.035,HOLD,,0,-1
2022-06-23 08:00:00,2022-06-23 04:00:00,0.4967,0.035,HOLD,,1,-1
2022-06-23 12:00:00,2022-06-23 08:00:00,0.4966,0.035,HOLD,,1,-1
2022-06-23 16:00:00,2022-06-23 12:00:00,0.4918,0.035,HOLD,,1,-1
2022-06-23 20:00:00,2022-06-23 16:00:00,0.4917,0.035,HOLD,,1,-1
2022-06-24 00:00:00,2022-06-23 20:00:00,0.5031,0.035,HOLD,,1,-1
2022-06-24 04:00:00,2022-06-24 00:00:00,0.5092,0.035,HOLD,,1,-1
2022-06-24 08:00:00,2022-06-24 04:00:00,0.507,0.035,HOLD,,1,-1
2022-06-24 12:00:00,2022-06-24 08:00:00,0.5067,0.035,HOLD,,1,-1
2022-06-24 16:00:00,2022-06-24 12:00:00,0.5044,0.035,HOLD,,1,-1
2022-06-24 20:00:00,2022-06-24 16:00:00,0.5018,0.035,HOLD,,1,-1
2022-06-27 00:00:00,2022-06-24 20:00:00,0.4978,0.035,HOLD,,1,-1
2022-06-27 04:00:00,2022-06-27 00:00:00,0.5023,0.035,HOLD,,1,-1
2022-06-27 08:00:00,2022-06-27 04:00:00,0.505,0.035,HOLD,,1,-1
2022-06-27 12:00:00,2022-06-27 08:00:00,0.5078,0.035,HOLD,,0,-1
2022-06-27 16:00:00,2022-06-27 12:00:00,0.5062,0.035,HOLD,,0,-1
2022-06-27 20:00:00,2022-06-27 16:00:00,0.5024,0.035,HOLD,,0,-1
2022-06-28 00:00:00,2022-06-27 20:00:00,0.4967,0.035,HOLD,,0,-1
2022-06-28 04:00:00,2022-06-28 00:00:00,0.4968,0.035,HOLD,,0,-1
2022-06-28 08:00:00,2022-06-28 04:00:00,0.4983,0.035,HOLD,,0,-1
2022-06-28 12:00:00,2022-06-28 08:00:00,0.4987,0.035,HOLD,,0,-1
2022-06-28 16:00:00,2022-06-28 12:00:00,0.5013,0.035,HOLD,,0,-1
2022-06-28 20:00:00,2022-06-28 16:00:00,0.5052,0.035,HOLD,,0,-1
2022-06-29 00:00:00,2022-06-28 20:00:00,0.5017,0.035,HOLD,,0,-1
2022-06-29 04:00:00,2022-06-29 00:00:00,0.499,0.035,HOLD,,0,-1
2022-06-29 08:00:00,2022-06-29 04:00:00,0.4994,0.035,HOLD,,0,-1
2022-06-29 12:00:00,2022-06-29 08:00:00,0.4997,0.035,HOLD,,0,-1
2022-06-29 16:00:00,2022-06-29 12:00:00,0.4975,0.035,HOLD,,1,-1
2022-06-29 20:00:00,2022-06-29 16:00:00,0.5049,0.035,HOLD,,1,-1
2022-06-30 00:00:00,2022-06-29 20:00:00,0.5107,0.035,HOLD,,1,-1
2022-06-30 04:00:00,2022-06-30 00:00:00,0.5153,0.035,HOLD,,1,-1
2022-06-30 08:00:00,2022-06-30 04:00:00,0.5181,0.035,HOLD,,1,-1
2022-06-30 12:00:00,2022-06-30 08:00:00,0.5184,0.035,HOLD,,1,-1
2022-06-30 16:00:00,2022-06-30 12:00:00,0.5139,0.035,HOLD,,0,-1
2022-06-30 20:00:00,2022-06-30 16:00:00,0.5129,0.035,HOLD,,0,-1
2022-07-01 00:00:00,2022-06-30 20:00:00,0.5097,0.035,HOLD,,0,-1
2022-07-01 04:00:00,2022-07-01 00:00:00,0.5102,0.035,HOLD,,0,-1
2022-07-01 08:00:00,2022-07-01 04:00:00,0.5099,0.035,HOLD,,0,-1
2022-07-01 12:00:00,2022-07-01 08:00:00,0.5111,0.035,HOLD,,1,-1
2022-07-01 16:00:00,2022-07-01 12:00:00,0.5104,0.035,HOLD,,1,-1
2022-07-01 20:00:00,2022-07-01 16:00:00,0.5092,0.035,HOLD,,0,-1
2022-07-04 00:00:00,2022-07-01 20:00:00,0.5079,0.035,HOLD,,0,-1
2022-07-04 04:00:00,2022-07-04 00:00:00,0.5105,0.035,HOLD,,1,-1
2022-07-04 08:00:00,2022-07-04 04:00:00,0.5093,0.035,HOLD,,0,-1
2022-07-04 12:00:00,2022-07-04 08:00:00,0.5105,0.035,HOLD,,0,-1
2022-07-04 16:00:00,2022-07-04 12:00:00,0.5116,0.035,HOLD,,0,-1
2022-07-04 20:00:00,2022-07-04 16:00:00,0.5117,0.035,HOLD,,0,-1
2022-07-05 00:00:00,2022-07-04 20:00:00,0.5129,0.035,HOLD,,0,-1
2022-07-05 04:00:00,2022-07-05 00:00:00,0.5158,0.035,HOLD,,0,-1
2022-07-05 08:00:00,2022-07-05 04:00:00,0.5146,0.035,HOLD,,0,-1
2022-07-05 12:00:00,2022-07-05 08:00:00,0.5111,0.035,HOLD,,0,-1
2022-07-05 16:00:00,2022-07-05 12:00:00,0.511,0.035,HOLD,,0,-1
2022-07-05 20:00:00,2022-07-05 16:00:00,0.5106,0.035,HOLD,,0,-1
2022-07-06 00:00:00,2022-07-05 20:00:00,0.5092,0.035,HOLD,,0,-1
2022-07-06 04:00:00,2022-07-06 00:00:00,0.5099,0.035,HOLD,,0,-1
2022-07-06 08:00:00,2022-07-06 04:00:00,0.5093,0.035,HOLD,,0,-1
2022-07-06 12:00:00,2022-07-06 08:00:00,0.5084,0.035,HOLD,,0,-1
2022-07-06 16:00:00,2022-07-06 12:00:00,0.5073,0.035,HOLD,,0,-1
2022-07-06 20:00:00,2022-07-06 16:00:00,0.5102,0.035,HOLD,,0,-1
2022-07-07 00:00:00,2022-07-06 20:00:00,0.5094,0.035,HOLD,,0,-1
2022-07-07 04:00:00,2022-07-07 00:00:00,0.5086,0.035,HOLD,,0,-1
2022-07-07 08:00:00,2022-07-07 04:00:00,0.5083,0.035,HOLD,,0,-1
2022-07-07 12:00:00,2022-07-07 08:00:00,0.5105,0.035,HOLD,,0,-1
2022-07-07 16:00:00,2022-07-07 12:00:00,0.5106,0.035,HOLD,,1,-1
2022-07-07 20:00:00,2022-07-07 16:00:00,0.5091,0.035,HOLD,,1,-1
2022-07-08 00:00:00,2022-07-07 20:00:00,0.5182,0.035,HOLD,,0,-1
2022-07-08 04:00:00,2022-07-08 00:00:00,0.5258,0.035,HOLD,,0,-1
2022-07-08 08:00:00,2022-07-08 04:00:00,0.5291,0.035,HOLD,,1,-1
2022-07-08 12:00:00,2022-07-08 08:00:00,0.53,0.035,HOLD,,0,-1
2022-07-08 16:00:00,2022-07-08 12:00:00,0.5285,0.035,HOLD,,0,-1
2022-07-08 20:00:00,2022-07-08 16:00:00,0.5284,0.035,HOLD,,0,-1
2022-07-11 00:00:00,2022-07-08 20:00:00,0.5208,0.035,HOLD,,0,-1
2022-07-11 04:00:00,2022-07-11 00:00:00,0.5276,0.035,HOLD,,0,-1
2022-07-11 08:00:00,2022-07-11 04:00:00,0.532,0.035,HOLD,,0,-1
2022-07-11 12:00:00,2022-07-11 08:00:00,0.5336,0.035,HOLD,,0,-1
2022-07-11 16:00:00,2022-07-11 12:00:00,0.5358,0.035,BUY,False,0,1
2022-07-11 20:00:00,2022-07-11 16:00:00,0.5394,0.035,BUY,False,0,1
2022-07-12 00:00:00,2022-07-11 20:00:00,0.5413,0.035,BUY,False,0,1
2022-07-12 04:00:00,2022-07-12 00:00:00,0.5441,0.035,BUY,True,1,1
2022-07-12 08:00:00,2022-07-12 04:00:00,0.5473,0.035,BUY,True,1,1
2022-07-12 12:00:00,2022-07-12 08:00:00,0.5526,0.035,BUY,False,0,1
2022-07-12 16:00:00,2022-07-12 12:00:00,0.5489,0.035,BUY,True,1,1
2022-07-12 20:00:00,2022-07-12 16:00:00,0.5476,0.035,BUY,True,1,1
2022-07-13 00:00:00,2022-07-12 20:00:00,0.546,0.035,BUY,False,0,1
2022-07-13 04:00:00,2022-07-13 00:00:00,0.5479,0.035,BUY,False,0,1
2022-07-13 08:00:00,2022-07-13 04:00:00,0.5499,0.035,BUY,False,0,1
2022-07-13 12:00:00,2022-07-13 08:00:00,0.5495,0.035,BUY,False,0,1
2022-07-13 16:00:00,2022-07-13 12:00:00,0.5464,0.035,BUY,False,0,1
2022-07-13 20:00:00,2022-07-13 16:00:00,0.5439,0.035,BUY,False,0,1
2022-07-14 00:00:00,2022-07-13 20:00:00,0.5409,0.035,BUY,False,0,1
2022-07-14 04:00:00,2022-07-14 00:00:00,0.5393,0.035,BUY,True,1,1
2022-07-14 08:00:00,2022-07-14 04:00:00,0.5416,0.035,BUY,True,1,1
2022-07-14 12:00:00,2022-07-14 08:00:00,0.5426,0.035,BUY,True,1,1
2022-07-14 16:00:00,2022-07-14 12:00:00,0.5418,0.035,BUY,True,1,1
2022-07-14 20:00:00,2022-07-14 16:00:00,0.5402,0.035,BUY,True,1,1
2022-07-15 00:00:00,2022-07-14 20:00:00,0.5366,0.035,BUY,True,1,1
2022-07-15 04:00:00,2022-07-15 00:00:00,0.5352,0.035,BUY,True,1,1
2022-07-15 08:00:00,2022-07-15 04:00:00,0.5401,0.035,BUY,True,1,1
2022-07-15 12:00:00,2022-07-15 08:00:00,0.5397,0.035,BUY,True,1,1
2022-07-15 16:00:00,2022-07-15 12:00:00,0.5322,0.035,HOLD,,1,-1
2022-07-15 20:00:00,2022-07-15 16:00:00,0.5323,0.035,HOLD,,1,-1
2022-07-18 00:00:00,2022-07-15 20:00:00,0.5344,0.035,HOLD,,1,-1
2022-07-18 04:00:00,2022-07-18 00:00:00,0.538,0.035,BUY,True,1,1
2022-07-18 08:00:00,2022-07-18 04:00:00,0.5345,0.035,HOLD,,1,-1
2022-07-18 12:00:00,2022-07-18 08:00:00,0.5324,0.035,HOLD,,1,-1
2022-07-18 16:00:00,2022-07-18 12:00:00,0.529,0.035,HOLD,,1,-1
2022-07-18 20:00:00,2022-07-18 16:00:00,0.5243,0.035,HOLD,,1,-1
2022-07-19 00:00:00,2022-07-18 20:00:00,0.5195,0.035,HOLD,,1,-1
2022-07-19 04:00:00,2022-07-19 00:00:00,0.5174,0.035,HOLD,,1,-1
2022-07-19 08:00:00,2022-07-19 04:00:00,0.5149,0.035,HOLD,,0,-1
2022-07-19 12:00:00,2022-07-19 08:00:00,0.5122,0.035,HOLD,,0,-1
2022-07-19 16:00:00,2022-07-19 12:00:00,0.507,0.035,HOLD,,0,-1
2022-07-19 20:00:00,2022-07-19 16:00:00,0.507,0.035,HOLD,,0,-1
2022-07-20 00:00:00,2022-07-19 20:00:00,0.5084,0.035,HOLD,,0,-1
2022-07-20 04:00:00,2022-07-20 00:00:00,0.5079,0.035,HOLD,,0,-1
2022-07-20 08:00:00,2022-07-20 04:00:00,0.5045,0.035,HOLD,,0,-1
2022-07-20 12:00:00,2022-07-20 08:00:00,0.5011,0.035,HOLD,,1,-1
2022-07-20 16:00:00,2022-07-20 12:00:00,0.4976,0.035,HOLD,,0,-1
2022-07-20 20:00:00,2022-07-20 16:00:00,0.4944,0.035,HOLD,,1,-1
2022-07-21 00:00:00,2022-07-20 20:00:00,0.4959,0.035,HOLD,,1,-1
2022-07-21 04:00:00,2022-07-21 00:00:00,0.5014,0.035,HOLD,,0,-1
2022-07-21 08:00:00,2022-07-21 04:00:00,0.4997,0.035,HOLD,,0,-1
2022-07-21 12:00:00,2022-07-21 08:00:00,0.4958,0.035,HOLD,,0,-1
2022-07-21 16:00:00,2022-07-21 12:00:00,0.4921,0.035,HOLD,,1,-1
2022-07-21 20:00:00,2022-07-21 16:00:00,0.4884,0.035,HOLD,,0,-1
2022-07-22 00:00:00,2022-07-21 20:00:00,0.48,0.035,HOLD,,0,-1
2022-07-22 04:00:00,2022-07-22 00:00:00,0.4822,0.035,HOLD,,1,-1
2022-07-22 08:00:00,2022-07-22 04:00:00,0.4809,0.035,HOLD,,1,-1
2022-07-22 12:00:00,2022-07-22 08:00:00,0.4792,0.035,HOLD,,1,-1
2022-07-22 16:00:00,2022-07-22 12:00:00,0.474,0.035,HOLD,,0,-1
2022-07-22 20:00:00,2022-07-22 16:00:00,0.4758,0.035,HOLD,,1,-1
2022-07-25 00:00:00,2022-07-22 20:00:00,0.4724,0.035,HOLD,,1,-1
2022-07-25 04:00:00,2022-07-25 00:00:00,0.4709,0.035,HOLD,,1,-1
2022-07-25 08:00:00,2022-07-25 04:00:00,0.4672,0.035,HOLD,,0,-1
2022-07-25 12:00:00,2022-07-25 08:00:00,0.461,0.035,SELL,True,0,0
2022-07-25 16:00:00,2022-07-25 12:00:00,0.4577,0.035,SELL,True,0,0
2022-07-25 20:00:00,2022-07-25 16:00:00,0.4556,0.035,SELL,True,0,0
2022-07-26 00:00:00,2022-07-25 20:00:00,0.4526,0.035,SELL,True,0,0
2022-07-26 04:00:00,2022-07-26 00:00:00,0.4527,0.035,SELL,True,0,0
2022-07-26 08:00:00,2022-07-26 04:00:00,0.4477,0.035,SELL,True,0,0
2022-07-26 12:00:00,2022-07-26 08:00:00,0.4394,0.035,SELL,True,0,0
2022-07-26 16:00:00,2022-07-26 12:00:00,0.4469,0.035,SELL,True,0,0
2022-07-26 20:00:00,2022-07-26 16:00:00,0.4529,0.035,SELL,False,1,0
2022-07-27 00:00:00,2022-07-26 20:00:00,0.4501,0.035,SELL,False,1,0
2022-07-27 04:00:00,2022-07-27 00:00:00,0.4513,0.035,SELL,False,1,0
2022-07-27 08:00:00,2022-07-27 04:00:00,0.4535,0.035,SELL,False,1,0
2022-07-27 12:00:00,2022-07-27 08:00:00,0.4535,0.035,SELL,False,1,0
2022-07-27 16:00:00,2022-07-27 12:00:00,0.4499,0.035,SELL,False,1,0
2022-07-27 20:00:00,2022-07-27 16:00:00,0.4449,0.035,SELL,True,0,0
2022-07-28 00:00:00,2022-07-27 20:00:00,0.4435,0.035,SELL,False,1,0
2022-07-28 04:00:00,2022-07-28 00:00:00,0.439,0.035,SELL,False,1,0
2022-07-28 08:00:00,2022-07-28 04:00:00,0.4401,0.035,SELL,False,1,0
2022-07-28 12:00:00,2022-07-28 08:00:00,0.4459,0.035,SELL,False,1,0
2022-07-28 16:00:00,2022-07-28 12:00:00,0.4473,0.035,SELL,False,1,0
2022-07-28 20:00:00,2022-07-28 16:00:00,0.454,0.035,SELL,False,1,0
2022-07-29 00:00:00,2022-07-28 20:00:00,0.4607,0.035,SELL,False,1,0
2022-07-29 04:00:00,2022-07-29 00:00:00,0.4676,0.035,HOLD,,1,-1
2022-07-29 08:00:00,2022-07-29 04:00:00,0.4773,0.035,HOLD,,1,-1
2022-07-29 12:00:00,2022-07-29 08:00:00,0.4785,0.035,HOLD,,1,-1
2022-07-29 16:00:00,2022-07-29 12:00:00,0.47,0.035,HOLD,,1,-1
2022-07-29 20:00:00,2022-07-29 16:00:00,0.4751,0.035,HOLD,,1,-1
2022-08-01 00:00:00,2022-07-29 20:00:00,0.4844,0.035,HOLD,,1,-1
2022-08-01 04:00:00,2022-08-01 00:00:00,0.49,0.035,HOLD,,1,-1
2022-08-01 08:00:00,2022-08-01 04:00:00,0.4933,0.035,HOLD,,0,-1
2022-08-01 12:00:00,2022-08-01 08:00:00,0.4964,0.035,HOLD,,0,-1
2022-08-01 16:00:00,2022-08-01 12:00:00,0.498,0.035,HOLD,,0,-1
2022-08-01 20:00:00,2022-08-01 16:00:00,0.503,0.035,HOLD,,0,-1
2022-08-02 00:00:00,2022-08-01 20:00:00,0.5028,0.035,HOLD,,0,-1
2022-08-02 04:00:00,2022-08-02 00:00:00,0.5002,0.035,HOLD,,0,-1
2022-08-02 08:00:00,2022-08-02 04:00:00,0.5009,0.035,HOLD,,0,-1
2022-08-02 12:00:00,2022-08-02 08:00:00,0.4978,0.035,HOLD,,0,-1
2022-08-02 16:00:00,2022-08-02 12:00:00,0.495,0.035,HOLD,,0,-1
2022-08-02 20:00:00,2022-08-02 16:00:00,0.4893,0.035,HOLD,,1,-1
2022-08-03 00:00:00,2022-08-02 20:00:00,0.4871,0.035,HOLD,,1,-1
2022-08-03 04:00:00,2022-08-03 00:00:00,0.4869,0.035,HOLD,,0,-1
2022-08-03 08:00:00,2022-08-03 04:00:00,0.4884,0.035,HOLD,,1,-1
2022-08-03 12:00:00,2022-08-03 08:00:00,0.4913,0.035,HOLD,,1,-1
2022-08-03 16:00:00,2022-08-03 12:00:00,0.4891,0.035,HOLD,,1,-1
2022-08-03 20:00:00,2022-08-03 16:00:00,0.4856,0.035,HOLD,,1,-1
2022-08-04 00:00:00,2022-08-03 20:00:00,0.4809,0.035,HOLD,,1,-1
2022-08-04 04:00:00,2022-08-04 00:00:00,0.4866,0.035,HOLD,,1,-1
2022-08-04 08:00:00,2022-08-04 04:00:00,0.4945,0.035,HOLD,,1,-1
2022-08-04 12:00:00,2022-08-04 08:00:00,0.4934,0.035,HOLD,,0,-1
2022-08-04 16:00:00,2022-08-04 12:00:00,0.4928,0.035,HOLD,,0,-1
2022-08-04 20:00:00,2022-08-04 16:00:00,0.4881,0.035,HOLD,,0,-1
2022-08-05 00:00:00,2022-08-04 20:00:00,0.4846,0.035,HOLD,,0,-1
2022-08-05 04:00:00,2022-08-05 00:00:00,0.4897,0.035,HOLD,,0,-1
2022-08-05 08:00:00,2022-08-05 04:00:00,0.4907,0.035,HOLD,,0,-1
2022-08-05 12:00:00,2022-08-05 08:00:00,0.4889,0.035,HOLD,,1,-1
2022-08-05 16:00:00,2022-08-05 12:00:00,0.4879,0.035,HOLD,,1,-1
2022-08-05 20:00:00,2022-08-05 16:00:00,0.4861,0.035,HOLD,,1,-1
2022-08-08 00:00:00,2022-08-05 20:00:00,0.481,0.035,HOLD,,1,-1
2022-08-08 04:00:00,2022-08-08 00:00:00,0.4928,0.035,HOLD,,1,-1
2022-08-08 08:00:00,2022-08-08 04:00:00,0.4968,0.035,HOLD,,1,-1
2022-08-08 12:00:00,2022-08-08 08:00:00,0.496,0.035,HOLD,,1,-1
2022-08-08 16:00:00,2022-08-08 12:00:00,0.4997,0.035,HOLD,,1,-1
2022-08-08 20:00:00,2022-08-08 16:00:00,0.5027,0.035,HOLD,,1,-1
2022-08-09 00:00:00,2022-08-08 20:00:00,0.5076,0.035,HOLD,,1,-1
2022-08-09 04:00:00,2022-08-09 00:00:00,0.5131,0.035,HOLD,,1,-1
2022-08-09 08:00:00,2022-08-09 04:00:00,0.5164,0.035,HOLD,,0,-1
2022-08-09 12:00:00,2022-08-09 08:00:00,0.5193,0.035,HOLD,,1,-1
2022-08-09 16:00:00,2022-08-09 12:00:00,0.5159,0.035,HOLD,,1,-1
2022-08-09 20:00:00,2022-08-09 16:00:00,0.5153,0.035,HOLD,,1,-1
2022-08-10 00:00:00,2022-08-09 20:00:00,0.51,0.035,HOLD,,1,-1
2022-08-10 04:00:00,2022-08-10 00:00:00,0.5104,0.035,HOLD,,1,-1
2022-08-10 08:00:00,2022-08-10 04:00:00,0.5081,0.035,HOLD,,1,-1
2022-08-10 12:00:00,2022-08-10 08:00:00,0.5098,0.035,HOLD,,1,-1
2022-08-10 16:00:00,2022-08-10 12:00:00,0.5086,0.035,HOLD,,1,-1
2022-08-10 20:00:00,2022-08-10 16:00:00,0.5061,0.035,HOLD,,1,-1
2022-08-11 00:00:00,2022-08-10 20:00:00,0.5006,0.035,HOLD,,1,-1
2022-08-11 04:00:00,2022-08-11 00:00:00,0.5026,0.035,HOLD,,1,-1
2022-08-11 08:00:00,2022-08-11 04:00:00,0.5022,0.035,HOLD,,0,-1
2022-08-11 12:00:00,2022-08-11 08:00:00,0.4989,0.035,HOLD,,0,-1
2022-08-11 16:00:00,2022-08-11 12:00:00,0.4995,0.035,HOLD,,0,-1
2022-08-11 20:00:00,2022-08-11 16:00:00,0.4984,0.035,HOLD,,0,-1
2022-08-12 00:00:00,2022-08-11 20:00:00,0.5013,0.035,HOLD,,0,-1
2022-08-12 04:00:00,2022-08-12 00:00:00,0.5063,0.035,HOLD,,0,-1
2022-08-12 08:00:00,2022-08-12 04:00:00,0.506,0.035,HOLD,,0,-1
2022-08-12 12:00:00,2022-08-12 08:00:00,0.5043,0.035,HOLD,,0,-1
2022-08-12 16:00:00,2022-08-12 12:00:00,0.5036,0.035,HOLD,,0,-1
2022-08-12 20:00:00,2022-08-12 16:00:00,0.4989,0.035,HOLD,,0,-1
2022-08-15 00:00:00,2022-08-12 20:00:00,0.4991,0.035,HOLD,,0,-1
2022-08-15 04:00:00,2022-08-15 00:00:00,0.5025,0.035,HOLD,,0,-1
2022-08-15 08:00:00,2022-08-15 04:00:00,0.5014,0.035,HOLD,,0,-1
2022-08-15 12:00:00,2022-08-15 08:00:00,0.5058,0.035,HOLD,,0,-1
2022-08-15 16:00:00,2022-08-15 12:00:00,0.5067,0.035,HOLD,,0,-1
2022-08-15 20:00:00,2022-08-15 16:00:00,0.5088,0.035,HOLD,,1,-1
2022-08-16 00:00:00,2022-08-15 20:00:00,0.5094,0.035,HOLD,,1,-1
2022-08-16 04:00:00,2022-08-16 00:00:00,0.5091,0.035,HOLD,,1,-1
2022-08-16 08:00:00,2022-08-16 04:00:00,0.5103,0.035,HOLD,,1,-1
2022-08-16 12:00:00,2022-08-16 08:00:00,0.5111,0.035,HOLD,,1,-1
2022-08-16 16:00:00,2022-08-16 12:00:00,0.517,0.035,HOLD,,0,-1
2022-08-16 20:00:00,2022-08-16 16:00:00,0.5198,0.035,HOLD,,1,-1
2022-08-17 00:00:00,2022-08-16 20:00:00,0.5215,0.035,HOLD,,1,-1
2022-08-17 04:00:00,2022-08-17 00:00:00,0.5209,0.035,HOLD,,0,-1
2022-08-17 08:00:00,2022-08-17 04:00:00,0.521,0.035,HOLD,,0,-1
2022-08-17 12:00:00,2022-08-17 08:00:00,0.5211,0.035,HOLD,,1,-1
2022-08-17 16:00:00,2022-08-17 12:00:00,0.5212,0.035,HOLD,,0,-1
2022-08-17 20:00:00,2022-08-17 16:00:00,0.5297,0.035,HOLD,,0,-1
2022-08-18 00:00:00,2022-08-17 20:00:00,0.5352,0.035,BUY,False,0,1
2022-08-18 04:00:00,2022-08-18 00:00:00,0.5355,0.035,BUY,False,0,1
2022-08-18 08:00:00,2022-08-18 04:00:00,0.5306,0.035,HOLD,,0,-1
2022-08-18 12:00:00,2022-08-18 08:00:00,0.5306,0.035,HOLD,,0,-1
2022-08-18 16:00:00,2022-08-18 12:00:00,0.5332,0.035,HOLD,,0,-1
2022-08-18 20:00:00,2022-08-18 16:00:00,0.537,0.035,BUY,False,0,1
2022-08-19 00:00:00,2022-08-18 20:00:00,0.536,0.035,BUY,False,0,1
2022-08-19 04:00:00,2022-08-19 00:00:00,0.5362,0.035,BUY,False,0,1
2022-08-19 08:00:00,2022-08-19 04:00:00,0.5355,0.035,BUY,False,0,1
2022-08-19 12:00:00,2022-08-19 08:00:00,0.5357,0.035,BUY,False,0,1
2022-08-19 16:00:00,2022-08-19 12:00:00,0.5347,0.035,HOLD,,0,-1
2022-08-19 20:00:00,2022-08-19 16:00:00,0.5331,0.035,HOLD,,0,-1
2022-08-22 00:00:00,2022-08-19 20:00:00,0.5297,0.035,HOLD,,0,-1
2022-08-22 04:00:00,2022-08-22 00:00:00,0.5285,0.035,HOLD,,0,-1
2022-08-22 08:00:00,2022-08-22 04:00:00,0.5304,0.035,HOLD,,0,-1
2022-08-22 12:00:00,2022-08-22 08:00:00,0.5305,0.035,HOLD,,0,-1
2022-08-22 16:00:00,2022-08-22 12:00:00,0.5278,0.035,HOLD,,1,-1
2022-08-22 20:00:00,2022-08-22 16:00:00,0.5254,0.035,HOLD,,1,-1
2022-08-23 00:00:00,2022-08-22 20:00:00,0.5225,0.035,HOLD,,1,-1
2022-08-23 04:00:00,2022-08-23 00:00:00,0.5236,0.035,HOLD,,1,-1
2022-08-23 08:00:00,2022-08-23 04:00:00,0.5224,0.035,HOLD,,1,-1
2022-08-23 12:00:00,2022-08-23 08:00:00,0.522,0.035,HOLD,,1,-1
2022-08-23 16:00:00,2022-08-23 12:00:00,0.5211,0.035,HOLD,,0,-1
2022-08-23 20:00:00,2022-08-23 16:00:00,0.5205,0.035,HOLD,,0,-1
2022-08-24 00:00:00,2022-08-23 20:00:00,0.5218,0.035,HOLD,,1,-1
2022-08-24 04:00:00,2022-08-24 00:00:00,0.5238,0.035,HOLD,,1,-1
2022-08-24 08:00:00,2022-08-24 04:00:00,0.5234,0.035,HOLD,,1,-1
2022-08-24 12:00:00,2022-08-24 08:00:00,0.5248,0.035,HOLD,,1,-1
2022-08-24 16:00:00,2022-08-24 12:00:00,0.5238,0.035,HOLD,,1,-1
2022-08-24 20:00:00,2022-08-24 16:00:00,0.5234,0.035,HOLD,,1,-1
2022-08-25 00:00:00,2022-08-24 20:00:00,0.5215,0.035,HOLD,,0,-1
2022-08-25 04:00:00,2022-08-25 00:00:00,0.5219,0.035,HOLD,,0,-1
2022-08-25 08:00:00,2022-08-25 04:00:00,0.5242,0.035,HOLD,,0,-1
2022-08-25 12:00:00,2022-08-25 08:00:00,0.5228,0.035,HOLD,,1,-1
2022-08-25 16:00:00,2022-08-25 12:00:00,0.52,0.035,HOLD,,1,-1
2022-08-25 20:00:00,2022-08-25 16:00:00,0.5194,0.035,HOLD,,0,-1
2022-08-26 00:00:00,2022-08-25 20:00:00,0.5155,0.035,HOLD,,0,-1
2022-08-26 04:00:00,2022-08-26 00:00:00,0.5133,0.035,HOLD,,0,-1
2022-08-26 08:00:00,2022-08-26 04:00:00,0.5137,0.035,HOLD,,0,-1
2022-08-26 12:00:00,2022-08-26 08:00:00,0.512,0.035,HOLD,,0,-1
2022-08-26 16:00:00,2022-08-26 12:00:00,0.5124,0.035,HOLD,,1,-1
2022-08-26 20:00:00,2022-08-26 16:00:00,0.5111,0.035,HOLD,,1,-1
2022-08-29 00:00:00,2022-08-26 20:00:00,0.5104,0.035,HOLD,,1,-1
2022-08-29 04:00:00,2022-08-29 00:00:00,0.5094,0.035,HOLD,,1,-1
2022-08-29 08:00:00,2022-08-29 04:00:00,0.5095,0.035,HOLD,,1,-1
2022-08-29 12:00:00,2022-08-29 08:00:00,0.5106,0.035,HOLD,,1,-1
2022-08-29 16:00:00,2022-08-29 12:00:00,0.5097,0.035,HOLD,,1,-1
2022-08-29 20:00:00,2022-08-29 16:00:00,0.5102,0.035,HOLD,,1,-1
2022-08-30 00:00:00,2022-08-29 20:00:00,0.5059,0.035,HOLD,,1,-1
2022-08-30 04:00:00,2022-08-30 00:00:00,0.5064,0.035,HOLD,,1,-1
2022-08-30 08:00:00,2022-08-30 04:00:00,0.5049,0.035,HOLD,,0,-1
2022-08-30 12:00:00,2022-08-30 08:00:00,0.503,0.035,HOLD,,0,-1
2022-08-30 16:00:00,2022-08-30 12:00:00,0.4976,0.035,HOLD,,1,-1
2022-08-30 20:00:00,2022-08-30 16:00:00,0.4979,0.035,HOLD,,1,-1
2022-08-31 00:00:00,2022-08-30 20:00:00,0.5025,0.035,HOLD,,0,-1
2022-08-31 04:00:00,2022-08-31 00:00:00,0.5088,0.035,HOLD,,0,-1
2022-08-31 08:00:00,2022-08-31 04:00:00,0.509,0.035,HOLD,,1,-1
2022-08-31 12:00:00,2022-08-31 08:00:00,0.5074,0.035,HOLD,,0,-1
2022-08-31 16:00:00,2022-08-31 12:00:00,0.5068,0.035,HOLD,,0,-1
2022-08-31 20:00:00,2022-08-31 16:00:00,0.5034,0.035,HOLD,,0,-1
2022-09-01 00:00:00,2022-08-31 20:00:00,0.5016,0.035,HOLD,,0,-1
2022-09-01 04:00:00,2022-09-01 00:00:00,0.5072,0.035,HOLD,,0,-1
2022-09-01 08:00:00,2022-09-01 04:00:00,0.5097,0.035,HOLD,,0,-1
2022-09-01 12:00:00,2022-09-01 08:00:00,0.5115,0.035,HOLD,,1,-1
2022-09-01 16:00:00,2022-09-01 12:00:00,0.5107,0.035,HOLD,,1,-1
2022-09-01 20:00:00,2022-09-01 16:00:00,0.5105,0.035,HOLD,,1,-1
2022-09-02 00:00:00,2022-09-01 20:00:00,0.5052,0.035,HOLD,,0,-1
2022-09-02 04:00:00,2022-09-02 00:00:00,0.509,0.035,HOLD,,0,-1
2022-09-02 08:00:00,2022-09-02 04:00:00,0.5109,0.035,HOLD,,0,-1
2022-09-02 12:00:00,2022-09-02 08:00:00,0.5087,0.035,HOLD,,0,-1
2022-09-02 16:00:00,2022-09-02 12:00:00,0.51,0.035,HOLD,,0,-1
2022-09-02 20:00:00,2022-09-02 16:00:00,0.5178,0.035,HOLD,,0,-1
2022-09-05 00:00:00,2022-09-02 20:00:00,0.5156,0.035,HOLD,,1,-1
2022-09-05 04:00:00,2022-09-05 00:00:00,0.5157,0.035,HOLD,,1,-1
2022-09-05 08:00:00,2022-09-05 04:00:00,0.5146,0.035,HOLD,,1,-1
2022-09-05 12:00:00,2022-09-05 08:00:00,0.5124,0.035,HOLD,,0,-1
2022-09-05 16:00:00,2022-09-05 12:00:00,0.5134,0.035,HOLD,,0,-1
2022-09-05 20:00:00,2022-09-05 16:00:00,0.5203,0.035,HOLD,,0,-1
2022-09-06 00:00:00,2022-09-05 20:00:00,0.5244,0.035,HOLD,,0,-1
2022-09-06 04:00:00,2022-09-06 00:00:00,0.5259,0.035,HOLD,,0,-1
2022-09-06 08:00:00,2022-09-06 04:00:00,0.5261,0.035,HOLD,,0,-1
2022-09-06 12:00:00,2022-09-06 08:00:00,0.5243,0.035,HOLD,,0,-1
2022-09-06 16:00:00,2022-09-06 12:00:00,0.5246,0.035,HOLD,,1,-1
2022-09-06 20:00:00,2022-09-06 16:00:00,0.5255,0.035,HOLD,,1,-1
2022-09-07 00:00:00,2022-09-06 20:00:00,0.5219,0.035,HOLD,,1,-1
2022-09-07 04:00:00,2022-09-07 00:00:00,0.5258,0.035,HOLD,,1,-1
2022-09-07 08:00:00,2022-09-07 04:00:00,0.5272,0.035,HOLD,,1,-1
2022-09-07 12:00:00,2022-09-07 08:00:00,0.5288,0.035,HOLD,,1,-1
2022-09-07 16:00:00,2022-09-07 12:00:00,0.5257,0.035,HOLD,,0,-1
2022-09-07 20:00:00,2022-09-07 16:00:00,0.5242,0.035,HOLD,,0,-1
2022-09-08 00:00:00,2022-09-07 20:00:00,0.5267,0.035,HOLD,,1,-1
2022-09-08 04:00:00,2022-09-08 00:00:00,0.5284,0.035,HOLD,,1,-1
2022-09-08 08:00:00,2022-09-08 04:00:00,0.5257,0.035,HOLD,,1,-1
2022-09-08 12:00:00,2022-09-08 08:00:00,0.5209,0.035,HOLD,,1,-1
2022-09-08 16:00:00,2022-09-08 12:00:00,0.52,0.035,HOLD,,1,-1
2022-09-08 20:00:00,2022-09-08 16:00:00,0.5183,0.035,HOLD,,1,-1
2022-09-09 00:00:00,2022-09-08 20:00:00,0.5095,0.035,HOLD,,1,-1
2022-09-09 04:00:00,2022-09-09 00:00:00,0.508,0.035,HOLD,,1,-1
2022-09-09 08:00:00,2022-09-09 04:00:00,0.5091,0.035,HOLD,,1,-1
2022-09-09 12:00:00,2022-09-09 08:00:00,0.5095,0.035,HOLD,,1,-1
2022-09-09 16:00:00,2022-09-09 12:00:00,0.5057,0.035,HOLD,,1,-1
2022-09-09 20:00:00,2022-09-09 16:00:00,0.5052,0.035,HOLD,,1,-1
2022-09-12 00:00:00,2022-09-09 20:00:00,0.5027,0.035,HOLD,,1,-1
2022-09-12 04:00:00,2022-09-12 00:00:00,0.4997,0.035,HOLD,,1,-1
2022-09-12 08:00:00,2022-09-12 04:00:00,0.4935,0.035,HOLD,,0,-1
2022-09-12 12:00:00,2022-09-12 08:00:00,0.4888,0.035,HOLD,,0,-1
2022-09-12 16:00:00,2022-09-12 12:00:00,0.4811,0.035,HOLD,,0,-1
2022-09-12 20:00:00,2022-09-12 16:00:00,0.479,0.035,HOLD,,0,-1
2022-09-13 00:00:00,2022-09-12 20:00:00,0.4765,0.035,HOLD,,0,-1
2022-09-13 04:00:00,2022-09-13 00:00:00,0.4739,0.035,HOLD,,0,-1
2022-09-13 08:00:00,2022-09-13 04:00:00,0.4721,0.035,HOLD,,0,-1
2022-09-13 12:00:00,2022-09-13 08:00:00,0.473,0.035,HOLD,,0,-1
2022-09-13 16:00:00,2022-09-13 12:00:00,0.4683,0.035,HOLD,,0,-1
2022-09-13 20:00:00,2022-09-13 16:00:00,0.4659,0.035,HOLD,,1,-1
2022-09-14 00:00:00,2022-09-13 20:00:00,0.4593,0.035,SELL,True,0,0
2022-09-14 04:00:00,2022-09-14 00:00:00,0.4625,0.035,SELL,True,0,0
2022-09-14 08:00:00,2022-09-14 04:00:00,0.4619,0.035,SELL,False,1,0
2022-09-14 12:00:00,2022-09-14 08:00:00,0.4585,0.035,SELL,False,1,0
2022-09-14 16:00:00,2022-09-14 12:00:00,0.4586,0.035,SELL,False,1,0
2022-09-14 20:00:00,2022-09-14 16:00:00,0.4574,0.035,SELL,False,1,0
2022-09-15 00:00:00,2022-09-14 20:00:00,0.4632,0.035,SELL,False,1,0
2022-09-15 04:00:00,2022-09-15 00:00:00,0.4715,0.035,HOLD,,1,-1
2022-09-15 08:00:00,2022-09-15 04:00:00,0.4712,0.035,HOLD,,0,-1
2022-09-15 12:00:00,2022-09-15 08:00:00,0.4691,0.035,HOLD,,0,-1
2022-09-15 16:00:00,2022-09-15 12:00:00,0.4664,0.035,HOLD,,1,-1
2022-09-15 20:00:00,2022-09-15 16:00:00,0.4631,0.035,SELL,False,1,0
2022-09-16 00:00:00,2022-09-15 20:00:00,0.4571,0.035,SELL,False,1,0
2022-09-16 04:00:00,2022-09-16 00:00:00,0.4641,0.035,SELL,True,0,0
2022-09-16 08:00:00,2022-09-16 04:00:00,0.4725,0.035,HOLD,,1,-1
2022-09-16 12:00:00,2022-09-16 08:00:00,0.4813,0.035,HOLD,,1,-1
2022-09-16 16:00:00,2022-09-16 12:00:00,0.4865,0.035,HOLD,,1,-1
2022-09-16 20:00:00,2022-09-16 16:00:00,0.4889,0.035,HOLD,,1,-1
2022-09-19 00:00:00,2022-09-16 20:00:00,0.4859,0.035,HOLD,,1,-1
2022-09-19 04:00:00,2022-09-19 00:00:00,0.4889,0.035,HOLD,,1,-1
2022-09-19 08:00:00,2022-09-19 04:00:00,0.4977,0.035,HOLD,,1,-1
2022-09-19 12:00:00,2022-09-19 08:00:00,0.4951,0.035,HOLD,,0,-1
2022-09-19 16:00:00,2022-09-19 12:00:00,0.5096,0.035,HOLD,,0,-1
2022-09-19 20:00:00,2022-09-19 16:00:00,0.5199,0.035,HOLD,,0,-1
2022-09-20 00:00:00,2022-09-19 20:00:00,0.5173,0.035,HOLD,,0,-1
2022-09-20 04:00:00,2022-09-20 00:00:00,0.5211,0.035,HOLD,,0,-1
2022-09-20 08:00:00,2022-09-20 04:00:00,0.5222,0.035,HOLD,,0,-1
2022-09-20 12:00:00,2022-09-20 08:00:00,0.5239,0.035,HOLD,,0,-1
2022-09-20 16:00:00,2022-09-20 12:00:00,0.5279,0.035,HOLD,,0,-1
2022-09-20 20:00:00,2022-09-20 16:00:00,0.5241,0.035,HOLD,,0,-1
2022-09-21 00:00:00,2022-09-20 20:00:00,0.5235,0.035,HOLD,,0,-1
2022-09-21 04:00:00,2022-09-21 00:00:00,0.5229,0.035,HOLD,,0,-1
2022-09-21 08:00:00,2022-09-21 04:00:00,0.5225,0.035,HOLD,,0,-1
2022-09-21 12:00:00,2022-09-21 08:00:00,0.5257,0.035,HOLD,,0,-1
2022-09-21 16:00:00,2022-09-21 12:00:00,0.5257,0.035,HOLD,,0,-1
2022-09-21 20:00:00,2022-09-21 16:00:00,0.5267,0.035,HOLD,,1,-1
2022-09-22 00:00:00,2022-09-21 20:00:00,0.5268,0.035,HOLD,,1,-1
2022-09-22 04:00:00,2022-09-22 00:00:00,0.5297,0.035,HOLD,,0,-1
2022-09-22 08:00:00,2022-09-22 04:00:00,0.5304,0.035,HOLD,,0,-1
2022-09-22 12:00:00,2022-09-22 08:00:00,0.5305,0.035,HOLD,,0,-1
2022-09-22 16:00:00,2022-09-22 12:00:00,0.5314,0.035,HOLD,,0,-1
2022-09-22 20:00:00,2022-09-22 16:00:00,0.5333,0.035,HOLD,,0,-1
2022-09-23 00:00:00,2022-09-22 20:00:00,0.534,0.035,HOLD,,0,-1
2022-09-23 04:00:00,2022-09-23 00:00:00,0.5342,0.035,HOLD,,0,-1
2022-09-23 08:00:00,2022-09-23 04:00:00,0.535,0.035,HOLD,,0,-1
2022-09-23 12:00:00,2022-09-23 08:00:00,0.5349,0.035,HOLD,,0,-1
2022-09-23 16:00:00,2022-09-23 12:00:00,0.5315,0.035,HOLD,,0,-1
2022-09-23 20:00:00,2022-09-23 16:00:00,0.5274,0.035,HOLD,,0,-1
2022-09-26 00:00:00,2022-09-23 20:00:00,0.5296,0.035,HOLD,,1,-1
2022-09-26 04:00:00,2022-09-26 00:00:00,0.5377,0.035,BUY,True,1,1
2022-09-26 08:00:00,2022-09-26 04:00:00,0.5399,0.035,BUY,False,0,1
2022-09-26 12:00:00,2022-09-26 08:00:00,0.5429,0.035,BUY,False,0,1
2022-09-26 16:00:00,2022-09-26 12:00:00,0.5419,0.035,BUY,False,0,1
2022-09-26 20:00:00,2022-09-26 16:00:00,0.5413,0.035,BUY,False,0,1
2022-09-27 00:00:00,2022-09-26 20:00:00,0.5458,0.035,BUY,False,0,1
2022-09-27 04:00:00,2022-09-27 00:00:00,0.5521,0.035,BUY,False,0,1
2022-09-27 08:00:00,2022-09-27 04:00:00,0.5548,0.035,BUY,False,0,1
2022-09-27 12:00:00,2022-09-27 08:00:00,0.5563,0.035,BUY,False,0,1
2022-09-27 16:00:00,2022-09-27 12:00:00,0.5536,0.035,BUY,True,1,1
2022-09-27 20:00:00,2022-09-27 16:00:00,0.551,0.035,BUY,True,1,1
2022-09-28 00:00:00,2022-09-27 20:00:00,0.5509,0.035,BUY,True,1,1
2022-09-28 04:00:00,2022-09-28 00:00:00,0.5536,0.035,BUY,True,1,1
2022-09-28 08:00:00,2022-09-28 04:00:00,0.5551,0.035,BUY,True,1,1
2022-09-28 12:00:00,2022-09-28 08:00:00,0.5547,0.035,BUY,True,1,1
2022-09-28 16:00:00,2022-09-28 12:00:00,0.5503,0.035,BUY,True,1,1
2022-09-28 20:00:00,2022-09-28 16:00:00,0.5493,0.035,BUY,True,1,1
2022-09-29 00:00:00,2022-09-28 20:00:00,0.5462,0.035,BUY,True,1,1
2022-09-29 04:00:00,2022-09-29 00:00:00,0.5366,0.035,BUY,True,1,1
2022-09-29 08:00:00,2022-09-29 04:00:00,0.5358,0.035,BUY,True,1,1
2022-09-29 12:00:00,2022-09-29 08:00:00,0.5344,0.035,HOLD,,1,-1
2022-09-29 16:00:00,2022-09-29 12:00:00,0.5366,0.035,BUY,True,1,1
2022-09-29 20:00:00,2022-09-29 16:00:00,0.5387,0.035,BUY,False,0,1
2022-09-30 00:00:00,2022-09-29 20:00:00,0.534,0.035,HOLD,,0,-1
2022-09-30 04:00:00,2022-09-30 00:00:00,0.5314,0.035,HOLD,,0,-1
2022-09-30 08:00:00,2022-09-30 04:00:00,0.5304,0.035,HOLD,,0,-1
2022-09-30 12:00:00,2022-09-30 08:00:00,0.5281,0.035,HOLD,,1,-1
2022-09-30 16:00:00,2022-09-30 12:00:00,0.522,0.035,HOLD,,1,-1
2022-09-30 20:00:00,2022-09-30 16:00:00,0.5192,0.035,HOLD,,1,-1
2022-10-03 00:00:00,2022-09-30 20:00:00,0.5163,0.035,HOLD,,1,-1
2022-10-03 04:00:00,2022-10-03 00:00:00,0.5134,0.035,HOLD,,1,-1
2022-10-03 08:00:00,2022-10-03 04:00:00,0.5026,0.035,HOLD,,1,-1
2022-10-03 12:00:00,2022-10-03 08:00:00,0.5023,0.035,HOLD,,1,-1
2022-10-03 16:00:00,2022-10-03 12:00:00,0.5098,0.035,HOLD,,1,-1
2022-10-03 20:00:00,2022-10-03 16:00:00,0.5124,0.035,HOLD,,1,-1
2022-10-04 00:00:00,2022-10-03 20:00:00,0.5114,0.035,HOLD,,1,-1
2022-10-04 04:00:00,2022-10-04 00:00:00,0.5102,0.035,HOLD,,1,-1
2022-10-04 08:00:00,2022-10-04 04:00:00,0.5104,0.035,HOLD,,1,-1
2022-10-04 12:00:00,2022-10-04 08:00:00,0.5111,0.035,HOLD,,0,-1
2022-10-04 16:00:00,2022-10-04 12:00:00,0.506,0.035,HOLD,,0,-1
2022-10-04 20:00:00,2022-10-04 16:00:00,0.4988,0.035,HOLD,,0,-1
2022-10-05 00:00:00,2022-10-04 20:00:00,0.4916,0.035,HOLD,,0,-1
2022-10-05 04:00:00,2022-10-05 00:00:00,0.4877,0.035,HOLD,,0,-1
2022-10-05 08:00:00,2022-10-05 04:00:00,0.4862,0.035,HOLD,,0,-1
2022-10-05 12:00:00,2022-10-05 08:00:00,0.4818,0.035,HOLD,,0,-1
2022-10-05 16:00:00,2022-10-05 12:00:00,0.4756,0.035,HOLD,,0,-1
2022-10-05 20:00:00,2022-10-05 16:00:00,0.4769,0.035,HOLD,,0,-1
2022-10-06 00:00:00,2022-10-05 20:00:00,0.4875,0.035,HOLD,,0,-1
2022-10-06 04:00:00,2022-10-06 00:00:00,0.4962,0.035,HOLD,,0,-1
2022-10-06 08:00:00,2022-10-06 04:00:00,0.4976,0.035,HOLD,,0,-1
2022-10-06 12:00:00,2022-10-06 08:00:00,0.4929,0.035,HOLD,,0,-1
2022-10-06 16:00:00,2022-10-06 12:00:00,0.4878,0.035,HOLD,,0,-1
2022-10-06 20:00:00,2022-10-06 16:00:00,0.4894,0.035,HOLD,,0,-1
2022-10-07 00:00:00,2022-10-06 20:00:00,0.497,0.035,HOLD,,0,-1
2022-10-07 04:00:00,2022-10-07 00:00:00,0.5068,0.035,HOLD,,0,-1
2022-10-07 08:00:00,2022-10-07 04:00:00,0.5116,0.035,HOLD,,0,-1
2022-10-07 12:00:00,2022-10-07 08:00:00,0.5119,0.035,HOLD,,0,-1
2022-10-07 16:00:00,2022-10-07 12:00:00,0.5121,0.035,HOLD,,0,-1
2022-10-07 20:00:00,2022-10-07 16:00:00,0.513,0.035,HOLD,,0,-1
2022-10-10 00:00:00,2022-10-07 20:00:00,0.5119,0.035,HOLD,,0,-1
2022-10-10 04:00:00,2022-10-10 00:00:00,0.5177,0.035,HOLD,,0,-1
2022-10-10 08:00:00,2022-10-10 04:00:00,0.5195,0.035,HOLD,,1,-1
2022-10-10 12:00:00,2022-10-10 08:00:00,0.5206,0.035,HOLD,,1,-1
2022-10-10 16:00:00,2022-10-10 12:00:00,0.521,0.035,HOLD,,1,-1
2022-10-10 20:00:00,2022-10-10 16:00:00,0.5234,0.035,HOLD,,1,-1
2022-10-11 00:00:00,2022-10-10 20:00:00,0.5244,0.035,HOLD,,0,-1
2022-10-11 04:00:00,2022-10-11 00:00:00,0.5297,0.035,HOLD,,1,-1
2022-10-11 08:00:00,2022-10-11 04:00:00,0.5315,0.035,HOLD,,0,-1
2022-10-11 12:00:00,2022-10-11 08:00:00,0.5293,0.035,HOLD,,0,-1
2022-10-11 16:00:00,2022-10-11 12:00:00,0.5349,0.035,HOLD,,0,-1
2022-10-11 20:00:00,2022-10-11 16:00:00,0.5411,0.035,BUY,False,0,1
2022-10-12 00:00:00,2022-10-11 20:00:00,0.5468,0.035,BUY,True,1,1
2022-10-12 04:00:00,2022-10-12 00:00:00,0.5494,0.035,BUY,False,0,1
2022-10-12 08:00:00,2022-10-12 04:00:00,0.5498,0.035,BUY,True,1,1
2022-10-12 12:00:00,2022-10-12 08:00:00,0.546,0.035,BUY,False,0,1
2022-10-12 16:00:00,2022-10-12 12:00:00,0.5412,0.035,BUY,True,1,1
2022-10-12 20:00:00,2022-10-12 16:00:00,0.5378,0.035,BUY,True,1,1
2022-10-13 00:00:00,2022-10-12 20:00:00,0.5314,0.035,HOLD,,1,-1
2022-10-13 04:00:00,2022-10-13 00:00:00,0.5294,0.035,HOLD,,1,-1
2022-10-13 08:00:00,2022-10-13 04:00:00,0.5302,0.035,HOLD,,1,-1
2022-10-13 12:00:00,2022-10-13 08:00:00,0.5311,0.035,HOLD,,1,-1
2022-10-13 16:00:00,2022-10-13 12:00:00,0.5272,0.035,HOLD,,0,-1
2022-10-13 20:00:00,2022-10-13 16:00:00,0.5225,0.035,HOLD,,0,-1
2022-10-14 00:00:00,2022-10-13 20:00:00,0.5154,0.035,HOLD,,0,-1
2022-10-14 04:00:00,2022-10-14 00:00:00,0.5108,0.035,HOLD,,0,-1
2022-10-14 08:00:00,2022-10-14 04:00:00,0.5085,0.035,HOLD,,0,-1
2022-10-14 12:00:00,2022-10-14 08:00:00,0.5043,0.035,HOLD,,1,-1
2022-10-14 16:00:00,2022-10-14 12:00:00,0.4998,0.035,HOLD,,1,-1
2022-10-14 20:00:00,2022-10-14 16:00:00,0.4948,0.035,HOLD,,1,-1
2022-10-17 00:00:00,2022-10-14 20:00:00,0.4917,0.035,HOLD,,1,-1
2022-10-17 04:00:00,2022-10-17 00:00:00,0.4905,0.035,HOLD,,1,-1
2022-10-17 08:00:00,2022-10-17 04:00:00,0.4885,0.035,HOLD,,1,-1
2022-10-17 12:00:00,2022-10-17 08:00:00,0.4848,0.035,HOLD,,1,-1
2022-10-17 16:00:00,2022-10-17 12:00:00,0.4792,0.035,HOLD,,1,-1
2022-10-17 20:00:00,2022-10-17 16:00:00,0.4798,0.035,HOLD,,1,-1
2022-10-18 00:00:00,2022-10-17 20:00:00,0.4757,0.035,HOLD,,1,-1
2022-10-18 04:00:00,2022-10-18 00:00:00,0.4705,0.035,HOLD,,0,-1
2022-10-18 08:00:00,2022-10-18 04:00:00,0.4729,0.035,HOLD,,0,-1
2022-10-18 12:00:00,2022-10-18 08:00:00,0.4729,0.035,HOLD,,0,-1
2022-10-18 16:00:00,2022-10-18 12:00:00,0.4726,0.035,HOLD,,0,-1
2022-10-18 20:00:00,2022-10-18 16:00:00,0.4734,0.035,HOLD,,0,-1
2022-10-19 00:00:00,2022-10-18 20:00:00,0.4758,0.035,HOLD,,0,-1
2022-10-19 04:00:00,2022-10-19 00:00:00,0.4796,0.035,HOLD,,0,-1
2022-10-19 08:00:00,2022-10-19 04:00:00,0.4759,0.035,HOLD,,0,-1
2022-10-19 12:00:00,2022-10-19 08:00:00,0.4743,0.035,HOLD,,1,-1
2022-10-19 16:00:00,2022-10-19 12:00:00,0.4748,0.035,HOLD,,1,-1
2022-10-19 20:00:00,2022-10-19 16:00:00,0.4716,0.035,HOLD,,1,-1
2022-10-20 00:00:00,2022-10-19 20:00:00,0.4722,0.035,HOLD,,1,-1
2022-10-20 04:00:00,2022-10-20 00:00:00,0.4755,0.035,HOLD,,0,-1
2022-10-20 08:00:00,2022-10-20 04:00:00,0.4816,0.035,HOLD,,0,-1
2022-10-20 12:00:00,2022-10-20 08:00:00,0.4861,0.035,HOLD,,0,-1
2022-10-20 16:00:00,2022-10-20 12:00:00,0.4878,0.035,HOLD,,1,-1
2022-10-20 20:00:00,2022-10-20 16:00:00,0.4848,0.035,HOLD,,1,-1
2022-10-21 00:00:00,2022-10-20 20:00:00,0.4919,0.035,HOLD,,1,-1
2022-10-21 04:00:00,2022-10-21 00:00:00,0.5023,0.035,HOLD,,1,-1
2022-10-21 08:00:00,2022-10-21 04:00:00,0.5025,0.035,HOLD,,1,-1
2022-10-21 12:00:00,2022-10-21 08:00:00,0.5035,0.035,HOLD,,1,-1
2022-10-21 16:00:00,2022-10-21 12:00:00,0.5049,0.035,HOLD,,1,-1
2022-10-21 20:00:00,2022-10-21 16:00:00,0.5033,0.035,HOLD,,1,-1
2022-10-24 00:00:00,2022-10-21 20:00:00,0.5047,0.035,HOLD,,1,-1
2022-10-24 04:00:00,2022-10-24 00:00:00,0.5028,0.035,HOLD,,1,-1
2022-10-24 08:00:00,2022-10-24 04:00:00,0.5071,0.035,HOLD,,1,-1
2022-10-24 12:00:00,2022-10-24 08:00:00,0.5095,0.035,HOLD,,1,-1
2022-10-24 16:00:00,2022-10-24 12:00:00,0.5048,0.035,HOLD,,1,-1
2022-10-24 20:00:00,2022-10-24 16:00:00,0.5097,0.035,HOLD,,1,-1
2022-10-25 00:00:00,2022-10-24 20:00:00,0.5178,0.035,HOLD,,1,-1
2022-10-25 04:00:00,2022-10-25 00:00:00,0.5214,0.035,HOLD,,1,-1
2022-10-25 08:00:00,2022-10-25 04:00:00,0.5189,0.035,HOLD,,1,-1
2022-10-25 12:00:00,2022-10-25 08:00:00,0.5186,0.035,HOLD,,1,-1
2022-10-25 16:00:00,2022-10-25 12:00:00,0.5186,0.035,HOLD,,1,-1
2022-10-25 20:00:00,2022-10-25 16:00:00,0.5176,0.035,HOLD,,1,-1
2022-10-26 00:00:00,2022-10-25 20:00:00,0.5155,0.035,HOLD,,1,-1
2022-10-26 04:00:00,2022-10-26 00:00:00,0.5138,0.035,HOLD,,1,-1
2022-10-26 08:00:00,2022-10-26 04:00:00,0.512,0.035,HOLD,,1,-1
2022-10-26 12:00:00,2022-10-26 08:00:00,0.5085,0.035,HOLD,,1,-1
2022-10-26 16:00:00,2022-10-26 12:00:00,0.5026,0.035,HOLD,,0,-1
2022-10-26 20:00:00,2022-10-26 16:00:00,0.494,0.035,HOLD,,0,-1
2022-10-27 00:00:00,2022-10-26 20:00:00,0.4859,0.035,HOLD,,0,-1
2022-10-27 04:00:00,2022-10-27 00:00:00,0.4803,0.035,HOLD,,0,-1
2022-10-27 08:00:00,2022-10-27 04:00:00,0.4772,0.035,HOLD,,0,-1
2022-10-27 12:00:00,2022-10-27 08:00:00,0.4736,0.035,HOLD,,0,-1
2022-10-27 16:00:00,2022-10-27 12:00:00,0.4717,0.035,HOLD,,0,-1
2022-10-27 20:00:00,2022-10-27 16:00:00,0.4709,0.035,HOLD,,1,-1
2022-10-28 00:00:00,2022-10-27 20:00:00,0.47,0.035,HOLD,,0,-1
2022-10-28 04:00:00,2022-10-28 00:00:00,0.4719,0.035,HOLD,,0,-1
2022-10-28 08:00:00,2022-10-28 04:00:00,0.4734,0.035,HOLD,,1,-1
2022-10-28 12:00:00,2022-10-28 08:00:00,0.4724,0.035,HOLD,,0,-1
2022-10-28 16:00:00,2022-10-28 12:00:00,0.4713,0.035,HOLD,,0,-1
2022-10-28 20:00:00,2022-10-28 16:00:00,0.469,0.035,HOLD,,0,-1
2022-10-31 00:00:00,2022-10-28 20:00:00,0.4751,0.035,HOLD,,0,-1
2022-10-31 04:00:00,2022-10-31 00:00:00,0.4813,0.035,HOLD,,0,-1
2022-10-31 08:00:00,2022-10-31 04:00:00,0.4811,0.035,HOLD,,0,-1
2022-10-31 12:00:00,2022-10-31 08:00:00,0.4808,0.035,HOLD,,1,-1
2022-10-31 16:00:00,2022-10-31 12:00:00,0.4785,0.035,HOLD,,0,-1
2022-10-31 20:00:00,2022-10-31 16:00:00,0.4761,0.035,HOLD,,0,-1
2022-11-01 00:00:00,2022-10-31 20:00:00,0.4783,0.035,HOLD,,0,-1
2022-11-01 04:00:00,2022-11-01 00:00:00,0.4833,0.035,HOLD,,0,-1
2022-11-01 08:00:00,2022-11-01 04:00:00,0.4858,0.035,HOLD,,0,-1
2022-11-01 12:00:00,2022-11-01 08:00:00,0.4879,0.035,HOLD,,0,-1
2022-11-01 16:00:00,2022-11-01 12:00:00,0.4851,0.035,HOLD,,0,-1
2022-11-01 20:00:00,2022-11-01 16:00:00,0.4845,0.035,HOLD,,0,-1
2022-11-02 00:00:00,2022-11-01 20:00:00,0.4938,0.035,HOLD,,0,-1
2022-11-02 04:00:00,2022-11-02 00:00:00,0.5048,0.035,HOLD,,0,-1
2022-11-02 08:00:00,2022-11-02 04:00:00,0.5039,0.035,HOLD,,0,-1
2022-11-02 12:00:00,2022-11-02 08:00:00,0.5016,0.035,HOLD,,0,-1
2022-11-02 16:00:00,2022-11-02 12:00:00,0.5116,0.035,HOLD,,0,-1
2022-11-02 20:00:00,2022-11-02 16:00:00,0.5192,0.035,HOLD,,0,-1
2022-11-03 00:00:00,2022-11-02 20:00:00,0.5237,0.035,HOLD,,0,-1
2022-11-03 04:00:00,2022-11-03 00:00:00,0.5298,0.035,HOLD,,0,-1
2022-11-03 08:00:00,2022-11-03 04:00:00,0.5298,0.035,HOLD,,1,-1
2022-11-03 12:00:00,2022-11-03 08:00:00,0.5305,0.035,HOLD,,1,-1
2022-11-03 16:00:00,2022-11-03 12:00:00,0.53,0.035,HOLD,,1,-1
2022-11-03 20:00:00,2022-11-03 16:00:00,0.528,0.035,HOLD,,1,-1
2022-11-04 00:00:00,2022-11-03 20:00:00,0.5244,0.035,HOLD,,1,-1
2022-11-04 04:00:00,2022-11-04 00:00:00,0.5232,0.035,HOLD,,1,-1
2022-11-04 08:00:00,2022-11-04 04:00:00,0.5236,0.035,HOLD,,1,-1
2022-11-04 12:00:00,2022-11-04 08:00:00,0.5254,0.035,HOLD,,1,-1
2022-11-04 16:00:00,2022-11-04 12:00:00,0.5238,0.035,HOLD,,1,-1
2022-11-04 20:00:00,2022-11-04 16:00:00,0.5248,0.035,HOLD,,1,-1
2022-11-07 00:00:00,2022-11-04 20:00:00,0.5218,0.035,HOLD,,1,-1
2022-11-07 04:00:00,2022-11-07 00:00:00,0.523,0.035,HOLD,,1,-1
2022-11-07 08:00:00,2022-11-07 04:00:00,0.521,0.035,HOLD,,1,-1
2022-11-07 12:00:00,2022-11-07 08:00:00,0.5159,0.035,HOLD,,1,-1
2022-11-07 16:00:00,2022-11-07 12:00:00,0.5113,0.035,HOLD,,1,-1
2022-11-07 20:00:00,2022-11-07 16:00:00,0.5091,0.035,HOLD,,1,-1
2022-11-08 00:00:00,2022-11-07 20:00:00,0.5016,0.035,HOLD,,1,-1
2022-11-08 04:00:00,2022-11-08 00:00:00,0.4987,0.035,HOLD,,1,-1
2022-11-08 08:00:00,2022-11-08 04:00:00,0.5011,0.035,HOLD,,1,-1
2022-11-08 12:00:00,2022-11-08 08:00:00,0.5056,0.035,HOLD,,1,-1
2022-11-08 16:00:00,2022-11-08 12:00:00,0.5073,0.035,HOLD,,0,-1
2022-11-08 20:00:00,2022-11-08 16:00:00,0.5069,0.035,HOLD,,0,-1
2022-11-09 00:00:00,2022-11-08 20:00:00,0.5024,0.035,HOLD,,0,-1
2022-11-09 04:00:00,2022-11-09 00:00:00,0.5039,0.035,HOLD,,0,-1
2022-11-09 08:00:00,2022-11-09 04:00:00,0.5058,0.035,HOLD,,0,-1
2022-11-09 12:00:00,2022-11-09 08:00:00,0.5057,0.035,HOLD,,1,-1
2022-11-09 16:00:00,2022-11-09 12:00:00,0.5076,0.035,HOLD,,1,-1
2022-11-09 20:00:00,2022-11-09 16:00:00,0.5098,0.035,HOLD,,1,-1
2022-11-10 00:00:00,2022-11-09 20:00:00,0.5106,0.035,HOLD,,1,-1
2022-11-10 04:00:00,2022-11-10 00:00:00,0.5065,0.035,HOLD,,1,-1
2022-11-10 08:00:00,2022-11-10 04:00:00,0.5091,0.035,HOLD,,1,-1
2022-11-10 12:00:00,2022-11-10 08:00:00,0.5102,0.035,HOLD,,1,-1
2022-11-10 16:00:00,2022-11-10 12:00:00,0.5067,0.035,HOLD,,1,-1
2022-11-10 20:00:00,2022-11-10 16:00:00,0.5025,0.035,HOLD,,1,-1
2022-11-11 00:00:00,2022-11-10 20:00:00,0.4974,0.035,HOLD,,1,-1
2022-11-11 04:00:00,2022-11-11 00:00:00,0.492,0.035,HOLD,,1,-1
2022-11-11 08:00:00,2022-11-11 04:00:00,0.4888,0.035,HOLD,,1,-1
2022-11-11 12:00:00,2022-11-11 08:00:00,0.4847,0.035,HOLD,,1,-1
2022-11-11 16:00:00,2022-11-11 12:00:00,0.4753,0.035,HOLD,,0,-1
2022-11-11 20:00:00,2022-11-11 16:00:00,0.4744,0.035,HOLD,,0,-1
2022-11-14 00:00:00,2022-11-11 20:00:00,0.4766,0.035,HOLD,,0,-1
2022-11-14 04:00:00,2022-11-14 00:00:00,0.4763,0.035,HOLD,,1,-1
2022-11-14 08:00:00,2022-11-14 04:00:00,0.4676,0.035,HOLD,,1,-1
2022-11-14 12:00:00,2022-11-14 08:00:00,0.4658,0.035,HOLD,,1,-1
2022-11-14 16:00:00,2022-11-14 12:00:00,0.4636,0.035,SELL,False,1,0
2022-11-14 20:00:00,2022-11-14 16:00:00,0.4634,0.035,SELL,False,1,0
2022-11-15 00:00:00,2022-11-14 20:00:00,0.4621,0.035,SELL,False,1,0
2022-11-15 04:00:00,2022-11-15 00:00:00,0.4608,0.035,SELL,False,1,0
2022-11-15 08:00:00,2022-11-15 04:00:00,0.4553,0.035,SELL,False,1,0
2022-11-15 12:00:00,2022-11-15 08:00:00,0.4516,0.035,SELL,True,0,0
2022-11-15 16:00:00,2022-11-15 12:00:00,0.4449,0.035,SELL,True,0,0
2022-11-15 20:00:00,2022-11-15 16:00:00,0.4413,0.035,SELL,False,1,0
2022-11-16 00:00:00,2022-11-15 20:00:00,0.4448,0.035,SELL,False,1,0
2022-11-16 04:00:00,2022-11-16 00:00:00,0.4474,0.035,SELL,False,1,0
2022-11-16 08:00:00,2022-11-16 04:00:00,0.4451,0.035,SELL,True,0,0
2022-11-16 12:00:00,2022-11-16 08:00:00,0.4413,0.035,SELL,True,0,0
2022-11-16 16:00:00,2022-11-16 12:00:00,0.4371,0.035,SELL,True,0,0
2022-11-16 20:00:00,2022-11-16 16:00:00,0.4331,0.035,SELL,True,0,0
2022-11-17 00:00:00,2022-11-16 20:00:00,0.4272,0.035,SELL,True,0,0
2022-11-17 04:00:00,2022-11-17 00:00:00,0.4264,0.035,SELL,True,0,0
2022-11-17 08:00:00,2022-11-17 04:00:00,0.429,0.035,SELL,False,1,0
2022-11-17 12:00:00,2022-11-17 08:00:00,0.4314,0.035,SELL,False,1,0
2022-11-17 16:00:00,2022-11-17 12:00:00,0.4307,0.035,SELL,True,0,0
2022-11-17 20:00:00,2022-11-17 16:00:00,0.4415,0.035,SELL,True,0,0
2022-11-18 00:00:00,2022-11-17 20:00:00,0.4556,0.035,SELL,True,0,0
2022-11-18 04:00:00,2022-11-18 00:00:00,0.4674,0.035,HOLD,,0,-1
2022-11-18 08:00:00,2022-11-18 04:00:00,0.4792,0.035,HOLD,,0,-1
2022-11-18 12:00:00,2022-11-18 08:00:00,0.4848,0.035,HOLD,,0,-1
2022-11-18 16:00:00,2022-11-18 12:00:00,0.496,0.035,HOLD,,0,-1
2022-11-18 20:00:00,2022-11-18 16:00:00,0.506,0.035,HOLD,,0,-1
2022-11-21 00:00:00,2022-11-18 20:00:00,0.5125,0.035,HOLD,,0,-1
2022-11-21 04:00:00,2022-11-21 00:00:00,0.5209,0.035,HOLD,,0,-1
2022-11-21 08:00:00,2022-11-21 04:00:00,0.5206,0.035,HOLD,,1,-1
2022-11-21 12:00:00,2022-11-21 08:00:00,0.5233,0.035,HOLD,,1,-1
2022-11-21 16:00:00,2022-11-21 12:00:00,0.5224,0.035,HOLD,,1,-1
2022-11-21 20:00:00,2022-11-21 16:00:00,0.5219,0.035,HOLD,,1,-1
2022-11-22 00:00:00,2022-11-21 20:00:00,0.5264,0.035,HOLD,,1,-1
2022-11-22 04:00:00,2022-11-22 00:00:00,0.5294,0.035,HOLD,,1,-1
2022-11-22 08:00:00,2022-11-22 04:00:00,0.5289,0.035,HOLD,,1,-1
2022-11-22 12:00:00,2022-11-22 08:00:00,0.5311,0.035,HOLD,,1,-1
2022-11-22 16:00:00,2022-11-22 12:00:00,0.5375,0.035,BUY,True,1,1
2022-11-22 20:00:00,2022-11-22 16:00:00,0.5424,0.035,BUY,True,1,1
2022-11-23 00:00:00,2022-11-22 20:00:00,0.5396,0.035,BUY,True,1,1
2022-11-23 04:00:00,2022-11-23 00:00:00,0.5321,0.035,HOLD,,1,-1
2022-11-23 08:00:00,2022-11-23 04:00:00,0.5317,0.035,HOLD,,1,-1
2022-11-23 12:00:00,2022-11-23 08:00:00,0.5302,0.035,HOLD,,1,-1
2022-11-23 16:00:00,2022-11-23 12:00:00,0.5321,0.035,HOLD,,1,-1
2022-11-23 20:00:00,2022-11-23 16:00:00,0.5309,0.035,HOLD,,1,-1
2022-11-24 00:00:00,2022-11-23 20:00:00,0.525,0.035,HOLD,,0,-1
2022-11-24 04:00:00,2022-11-24 00:00:00,0.5211,0.035,HOLD,,0,-1
2022-11-24 08:00:00,2022-11-24 04:00:00,0.5193,0.035,HOLD,,0,-1
2022-11-24 12:00:00,2022-11-24 08:00:00,0.5147,0.035,HOLD,,0,-1
2022-11-24 16:00:00,2022-11-24 12:00:00,0.5095,0.035,HOLD,,0,-1
2022-11-24 20:00:00,2022-11-24 16:00:00,0.5028,0.035,HOLD,,0,-1
2022-11-25 00:00:00,2022-11-24 20:00:00,0.5007,0.035,HOLD,,0,-1
2022-11-25 04:00:00,2022-11-25 00:00:00,0.5039,0.035,HOLD,,0,-1
2022-11-25 08:00:00,2022-11-25 04:00:00,0.5025,0.035,HOLD,,1,-1
2022-11-25 12:00:00,2022-11-25 08:00:00,0.5001,0.035,HOLD,,1,-1
2022-11-25 16:00:00,2022-11-25 12:00:00,0.4978,0.035,HOLD,,0,-1
2022-11-25 20:00:00,2022-11-25 16:00:00,0.4991,0.035,HOLD,,0,-1
2022-11-28 00:00:00,2022-11-25 20:00:00,0.4964,0.035,HOLD,,1,-1
2022-11-28 04:00:00,2022-11-28 00:00:00,0.4959,0.035,HOLD,,1,-1
2022-11-28 08:00:00,2022-11-28 04:00:00,0.4936,0.035,HOLD,,0,-1
2022-11-28 12:00:00,2022-11-28 08:00:00,0.4924,0.035,HOLD,,0,-1
2022-11-28 16:00:00,2022-11-28 12:00:00,0.487,0.035,HOLD,,0,-1
2022-11-28 20:00:00,2022-11-28 16:00:00,0.4894,0.035,HOLD,,0,-1
2022-11-29 00:00:00,2022-11-28 20:00:00,0.4903,0.035,HOLD,,0,-1
2022-11-29 04:00:00,2022-11-29 00:00:00,0.491,0.035,HOLD,,0,-1
2022-11-29 08:00:00,2022-11-29 04:00:00,0.4945,0.035,HOLD,,0,-1
2022-11-29 12:00:00,2022-11-29 08:00:00,0.4953,0.035,HOLD,,1,-1
2022-11-29 16:00:00,2022-11-29 12:00:00,0.4949,0.035,HOLD,,0,-1
2022-11-29 20:00:00,2022-11-29 16:00:00,0.4949,0.035,HOLD,,1,-1
2022-11-30 00:00:00,2022-11-29 20:00:00,0.4992,0.035,HOLD,,1,-1
2022-11-30 04:00:00,2022-11-30 00:00:00,0.5052,0.035,HOLD,,1,-1
2022-11-30 08:00:00,2022-11-30 04:00:00,0.5071,0.035,HOLD,,1,-1
2022-11-30 12:00:00,2022-11-30 08:00:00,0.5111,0.035,HOLD,,1,-1
2022-11-30 16:00:00,2022-11-30 12:00:00,0.5097,0.035,HOLD,,1,-1
2022-11-30 20:00:00,2022-11-30 16:00:00,0.5093,0.035,HOLD,,1,-1
2022-12-01 00:00:00,2022-11-30 20:00:00,0.515,0.035,HOLD,,1,-1
2022-12-01 04:00:00,2022-12-01 00:00:00,0.5212,0.035,HOLD,,1,-1
2022-12-01 08:00:00,2022-12-01 04:00:00,0.527,0.035,HOLD,,1,-1
2022-12-01 12:00:00,2022-12-01 08:00:00,0.5285,0.035,HOLD,,0,-1
2022-12-01 16:00:00,2022-12-01 12:00:00,0.5265,0.035,HOLD,,1,-1
2022-12-01 20:00:00,2022-12-01 16:00:00,0.524,0.035,HOLD,,1,-1
2022-12-02 00:00:00,2022-12-01 20:00:00,0.5249,0.035,HOLD,,1,-1
2022-12-02 04:00:00,2022-12-02 00:00:00,0.5248,0.035,HOLD,,1,-1
2022-12-02 08:00:00,2022-12-02 04:00:00,0.523,0.035,HOLD,,1,-1
2022-12-02 12:00:00,2022-12-02 08:00:00,0.5212,0.035,HOLD,,1,-1
2022-12-02 16:00:00,2022-12-02 12:00:00,0.5183,0.035,HOLD,,0,-1
2022-12-02 20:00:00,2022-12-02 16:00:00,0.5148,0.035,HOLD,,0,-1
2022-12-05 00:00:00,2022-12-02 20:00:00,0.515,0.035,HOLD,,0,-1
2022-12-05 04:00:00,2022-12-05 00:00:00,0.5175,0.035,HOLD,,0,-1
2022-12-05 08:00:00,2022-12-05 04:00:00,0.5081,0.035,HOLD,,0,-1
2022-12-05 12:00:00,2022-12-05 08:00:00,0.5027,0.035,HOLD,,0,-1
2022-12-05 16:00:00,2022-12-05 12:00:00,0.5065,0.035,HOLD,,0,-1
2022-12-05 20:00:00,2022-12-05 16:00:00,0.5102,0.035,HOLD,,0,-1
2022-12-06 00:00:00,2022-12-05 20:00:00,0.5052,0.035,HOLD,,0,-1
2022-12-06 04:00:00,2022-12-06 00:00:00,0.4995,0.035,HOLD,,0,-1
2022-12-06 08:00:00,2022-12-06 04:00:00,0.4992,0.035,HOLD,,0,-1
2022-12-06 12:00:00,2022-12-06 08:00:00,0.5006,0.035,HOLD,,1,-1
2022-12-06 16:00:00,2022-12-06 12:00:00,0.5002,0.035,HOLD,,1,-1
2022-12-06 20:00:00,2022-12-06 16:00:00,0.4958,0.035,HOLD,,1,-1
2022-12-07 00:00:00,2022-12-06 20:00:00,0.492,0.035,HOLD,,1,-1
2022-12-07 04:00:00,2022-12-07 00:00:00,0.4916,0.035,HOLD,,1,-1
2022-12-07 08:00:00,2022-12-07 04:00:00,0.4917,0.035,HOLD,,1,-1
2022-12-07 12:00:00,2022-12-07 08:00:00,0.4908,0.035,HOLD,,0,-1
2022-12-07 16:00:00,2022-12-07 12:00:00,0.4868,0.035,HOLD,,1,-1
2022-12-07 20:00:00,2022-12-07 16:00:00,0.4825,0.035,HOLD,,1,-1
2022-12-08 00:00:00,2022-12-07 20:00:00,0.4735,0.035,HOLD,,1,-1
2022-12-08 04:00:00,2022-12-08 00:00:00,0.4766,0.035,HOLD,,1,-1
2022-12-08 08:00:00,2022-12-08 04:00:00,0.4843,0.035,HOLD,,1,-1
2022-12-08 12:00:00,2022-12-08 08:00:00,0.4869,0.035,HOLD,,1,-1
2022-12-08 16:00:00,2022-12-08 12:00:00,0.4824,0.035,HOLD,,1,-1
2022-12-08 20:00:00,2022-12-08 16:00:00,0.4853,0.035,HOLD,,0,-1
2022-12-09 00:00:00,2022-12-08 20:00:00,0.4887,0.035,HOLD,,0,-1
2022-12-09 04:00:00,2022-12-09 00:00:00,0.4912,0.035,HOLD,,0,-1
2022-12-09 08:00:00,2022-12-09 04:00:00,0.4893,0.035,HOLD,,1,-1
2022-12-09 12:00:00,2022-12-09 08:00:00,0.4887,0.035,HOLD,,1,-1
2022-12-09 16:00:00,2022-12-09 12:00:00,0.488,0.035,HOLD,,0,-1
2022-12-09 20:00:00,2022-12-09 16:00:00,0.4799,0.035,HOLD,,1,-1
2022-12-12 00:00:00,2022-12-09 20:00:00,0.4848,0.035,HOLD,,1,-1
2022-12-12 04:00:00,2022-12-12 00:00:00,0.4958,0.035,HOLD,,1,-1
2022-12-12 08:00:00,2022-12-12 04:00:00,0.5036,0.035,HOLD,,0,-1
2022-12-12 12:00:00,2022-12-12 08:00:00,0.5098,0.035,HOLD,,1,-1
2022-12-12 16:00:00,2022-12-12 12:00:00,0.5102,0.035,HOLD,,1,-1
2022-12-12 20:00:00,2022-12-12 16:00:00,0.5085,0.035,HOLD,,1,-1
2022-12-13 00:00:00,2022-12-12 20:00:00,0.5093,0.035,HOLD,,1,-1
2022-12-13 04:00:00,2022-12-13 00:00:00,0.5059,0.035,HOLD,,1,-1
2022-12-13 08:00:00,2022-12-13 04:00:00,0.5069,0.035,HOLD,,1,-1
2022-12-13 12:00:00,2022-12-13 08:00:00,0.5074,0.035,HOLD,,0,-1
2022-12-13 16:00:00,2022-12-13 12:00:00,0.5019,0.035,HOLD,,1,-1
2022-12-13 20:00:00,2022-12-13 16:00:00,0.502,0.035,HOLD,,1,-1
2022-12-14 00:00:00,2022-12-13 20:00:00,0.4998,0.035,HOLD,,1,-1
2022-12-14 04:00:00,2022-12-14 00:00:00,0.4985,0.035,HOLD,,1,-1
2022-12-14 08:00:00,2022-12-14 04:00:00,0.4971,0.035,HOLD,,0,-1
2022-12-14 12:00:00,2022-12-14 08:00:00,0.495,0.035,HOLD,,1,-1
2022-12-14 16:00:00,2022-12-14 12:00:00,0.4907,0.035,HOLD,,0,-1
2022-12-14 20:00:00,2022-12-14 16:00:00,0.4956,0.035,HOLD,,0,-1
2022-12-15 00:00:00,2022-12-14 20:00:00,0.4955,0.035,HOLD,,0,-1
2022-12-15 04:00:00,2022-12-15 00:00:00,0.4937,0.035,HOLD,,0,-1
2022-12-15 08:00:00,2022-12-15 04:00:00,0.4886,0.035,HOLD,,0,-1
2022-12-15 12:00:00,2022-12-15 08:00:00,0.4854,0.035,HOLD,,0,-1
2022-12-15 16:00:00,2022-12-15 12:00:00,0.4806,0.035,HOLD,,1,-1
2022-12-15 20:00:00,2022-12-15 16:00:00,0.4803,0.035,HOLD,,0,-1
2022-12-16 00:00:00,2022-12-15 20:00:00,0.4819,0.035,HOLD,,0,-1
2022-12-16 04:00:00,2022-12-16 00:00:00,0.4822,0.035,HOLD,,0,-1
2022-12-16 08:00:00,2022-12-16 04:00:00,0.4836,0.035,HOLD,,1,-1
2022-12-16 12:00:00,2022-12-16 08:00:00,0.4834,0.035,HOLD,,0,-1
2022-12-16 16:00:00,2022-12-16 12:00:00,0.4803,0.035,HOLD,,1,-1
2022-12-16 20:00:00,2022-12-16 16:00:00,0.4757,0.035,HOLD,,1,-1
2022-12-19 00:00:00,2022-12-16 20:00:00,0.4743,0.035,HOLD,,0,-1
2022-12-19 04:00:00,2022-12-19 00:00:00,0.4742,0.035,HOLD,,0,-1
2022-12-19 08:00:00,2022-12-19 04:00:00,0.4702,0.035,HOLD,,1,-1
2022-12-19 12:00:00,2022-12-19 08:00:00,0.4676,0.035,HOLD,,1,-1
2022-12-19 16:00:00,2022-12-19 12:00:00,0.4691,0.035,HOLD,,0,-1
2022-12-19 20:00:00,2022-12-19 16:00:00,0.4723,0.035,HOLD,,1,-1
2022-12-20 00:00:00,2022-12-19 20:00:00,0.4683,0.035,HOLD,,1,-1
2022-12-20 04:00:00,2022-12-20 00:00:00,0.4647,0.035,SELL,False,1,0
2022-12-20 08:00:00,2022-12-20 04:00:00,0.4667,0.035,HOLD,,0,-1
2022-12-20 12:00:00,2022-12-20 08:00:00,0.464,0.035,SELL,False,1,0
2022-12-20 16:00:00,2022-12-20 12:00:00,0.4603,0.035,SELL,True,0,0
2022-12-20 20:00:00,2022-12-20 16:00:00,0.4678,0.035,HOLD,,0,-1
2022-12-21 00:00:00,2022-12-20 20:00:00,0.4758,0.035,HOLD,,1,-1
2022-12-21 04:00:00,2022-12-21 00:00:00,0.4759,0.035,HOLD,,1,-1
2022-12-21 08:00:00,2022-12-21 04:00:00,0.4746,0.035,HOLD,,1,-1
2022-12-21 12:00:00,2022-12-21 08:00:00,0.4745,0.035,HOLD,,0,-1
2022-12-21 16:00:00,2022-12-21 12:00:00,0.4774,0.035,HOLD,,0,-1
2022-12-21 20:00:00,2022-12-21 16:00:00,0.4798,0.035,HOLD,,0,-1
2022-12-22 00:00:00,2022-12-21 20:00:00,0.4759,0.035,HOLD,,0,-1
2022-12-22 04:00:00,2022-12-22 00:00:00,0.4771,0.035,HOLD,,0,-1
2022-12-22 08:00:00,2022-12-22 04:00:00,0.487,0.035,HOLD,,0,-1
2022-12-22 12:00:00,2022-12-22 08:00:00,0.4844,0.035,HOLD,,0,-1
2022-12-22 16:00:00,2022-12-22 12:00:00,0.482,0.035,HOLD,,1,-1
2022-12-22 20:00:00,2022-12-22 16:00:00,0.4825,0.035,HOLD,,1,-1
2022-12-23 00:00:00,2022-12-22 20:00:00,0.4805,0.035,HOLD,,1,-1
2022-12-23 04:00:00,2022-12-23 00:00:00,0.4829,0.035,HOLD,,1,-1
2022-12-23 08:00:00,2022-12-23 04:00:00,0.4896,0.035,HOLD,,1,-1
2022-12-23 12:00:00,2022-12-23 08:00:00,0.4898,0.035,HOLD,,1,-1
2022-12-23 16:00:00,2022-12-23 12:00:00,0.4882,0.035,HOLD,,1,-1
2022-12-23 20:00:00,2022-12-23 16:00:00,0.4917,0.035,HOLD,,1,-1
2022-12-26 08:00:00,2022-12-23 20:00:00,0.4928,0.035,HOLD,,1,-1
2022-12-26 12:00:00,2022-12-26 08:00:00,0.4918,0.035,HOLD,,1,-1
2022-12-26 16:00:00,2022-12-26 12:00:00,0.4961,0.035,HOLD,,1,-1
2022-12-26 20:00:00,2022-12-26 16:00:00,0.497,0.035,HOLD,,1,-1
2022-12-27 00:00:00,2022-12-26 20:00:00,0.4957,0.035,HOLD,,0,-1
2022-12-27 04:00:00,2022-12-27 00:00:00,0.4943,0.035,HOLD,,0,-1
2022-12-27 08:00:00,2022-12-27 04:00:00,0.4936,0.035,HOLD,,0,-1
2022-12-27 12:00:00,2022-12-27 08:00:00,0.4993,0.035,HOLD,,1,-1
2022-12-27 16:00:00,2022-12-27 12:00:00,0.4973,0.035,HOLD,,0,-1
2022-12-27 20:00:00,2022-12-27 16:00:00,0.4945,0.035,HOLD,,0,-1
2022-12-28 00:00:00,2022-12-27 20:00:00,0.4993,0.035,HOLD,,0,-1
2022-12-28 04:00:00,2022-12-28 00:00:00,0.502,0.035,HOLD,,0,-1
2022-12-28 08:00:00,2022-12-28 04:00:00,0.4989,0.035,HOLD,,1,-1
2022-12-28 12:00:00,2022-12-28 08:00:00,0.4989,0.035,HOLD,,1,-1
2022-12-28 16:00:00,2022-12-28 12:00:00,0.4994,0.035,HOLD,,1,-1
2022-12-28 20:00:00,2022-12-28 16:00:00,0.4978,0.035,HOLD,,1,-1
2022-12-29 00:00:00,2022-12-28 20:00:00,0.4946,0.035,HOLD,,1,-1
2022-12-29 04:00:00,2022-12-29 00:00:00,0.4942,0.035,HOLD,,1,-1
2022-12-29 08:00:00,2022-12-29 04:00:00,0.4948,0.035,HOLD,,0,-1
2022-12-29 12:00:00,2022-12-29 08:00:00,0.4911,0.035,HOLD,,1,-1
2022-12-29 16:00:00,2022-12-29 12:00:00,0.4967,0.035,HOLD,,1,-1
2022-12-29 20:00:00,2022-12-29 16:00:00,0.4987,0.035,HOLD,,1,-1
2022-12-30 00:00:00,2022-12-29 20:00:00,0.497,0.035,HOLD,,1,-1
2022-12-30 04:00:00,2022-12-30 00:00:00,0.4944,0.035,HOLD,,1,-1
2022-12-30 08:00:00,2022-12-30 04:00:00,0.4911,0.035,HOLD,,1,-1
2022-12-30 12:00:00,2022-12-30 08:00:00,0.4898,0.035,HOLD,,0,-1
2022-12-30 16:00:00,2022-12-30 12:00:00,0.4911,0.035,HOLD,,0,-1
2022-12-30 20:00:00,2022-12-30 16:00:00,0.4888,0.035,HOLD,,0,-1
2023-01-02 04:00:00,2022-12-30 20:00:00,0.4746,0.025,SELL,True,0,0
2023-01-02 08:00:00,2023-01-02 04:00:00,0.4731,0.025,SELL,True,0,0
2023-01-02 12:00:00,2023-01-02 08:00:00,0.4733,0.025,SELL,True,0,0
2023-01-02 16:00:00,2023-01-02 12:00:00,0.4733,0.025,SELL,True,0,0
2023-01-02 20:00:00,2023-01-02 16:00:00,0.4738,0.025,SELL,True,0,0
2023-01-03 00:00:00,2023-01-02 20:00:00,0.4741,0.025,SELL,True,0,0
2023-01-03 04:00:00,2023-01-03 00:00:00,0.4743,0.025,SELL,True,0,0
2023-01-03 08:00:00,2023-01-03 04:00:00,0.476,0.025,HOLD,,1,-1
2023-01-03 12:00:00,2023-01-03 08:00:00,0.479,0.025,HOLD,,1,-1
2023-01-03 16:00:00,2023-01-03 12:00:00,0.4825,0.025,HOLD,,1,-1
2023-01-03 20:00:00,2023-01-03 16:00:00,0.4861,0.025,HOLD,,1,-1
2023-01-04 00:00:00,2023-01-03 20:00:00,0.488,0.025,HOLD,,1,-1
2023-01-04 04:00:00,2023-01-04 00:00:00,0.4881,0.025,HOLD,,1,-1
2023-01-04 08:00:00,2023-01-04 04:00:00,0.4864,0.025,HOLD,,1,-1
2023-01-04 12:00:00,2023-01-04 08:00:00,0.4886,0.025,HOLD,,0,-1
2023-01-04 16:00:00,2023-01-04 12:00:00,0.4911,0.025,HOLD,,0,-1
2023-01-04 20:00:00,2023-01-04 16:00:00,0.492,0.025,HOLD,,0,-1
2023-01-05 00:00:00,2023-01-04 20:00:00,0.4908,0.025,HOLD,,0,-1
2023-01-05 04:00:00,2023-01-05 00:00:00,0.4902,0.025,HOLD,,0,-1
2023-01-05 08:00:00,2023-01-05 04:00:00,0.4881,0.025,HOLD,,0,-1
2023-01-05 12:00:00,2023-01-05 08:00:00,0.4885,0.025,HOLD,,0,-1
2023-01-05 16:00:00,2023-01-05 12:00:00,0.4876,0.025,HOLD,,1,-1
2023-01-05 20:00:00,2023-01-05 16:00:00,0.4926,0.025,HOLD,,1,-1
2023-01-06 00:00:00,2023-01-05 20:00:00,0.4938,0.025,HOLD,,1,-1
2023-01-06 04:00:00,2023-01-06 00:00:00,0.4986,0.025,HOLD,,1,-1
2023-01-06 08:00:00,2023-01-06 04:00:00,0.5014,0.025,HOLD,,1,-1
2023-01-06 12:00:00,2023-01-06 08:00:00,0.4987,0.025,HOLD,,1,-1
2023-01-06 16:00:00,2023-01-06 12:00:00,0.5005,0.025,HOLD,,1,-1
2023-01-06 20:00:00,2023-01-06 16:00:00,0.4996,0.025,HOLD,,1,-1
2023-01-09 00:00:00,2023-01-06 20:00:00,0.4992,0.025,HOLD,,1,-1
2023-01-09 04:00:00,2023-01-09 00:00:00,0.5036,0.025,HOLD,,1,-1
2023-01-09 08:00:00,2023-01-09 04:00:00,0.5042,0.025,HOLD,,1,-1
2023-01-09 12:00:00,2023-01-09 08:00:00,0.5029,0.025,HOLD,,0,-1
2023-01-09 16:00:00,2023-01-09 12:00:00,0.5026,0.025,HOLD,,0,-1
2023-01-09 20:00:00,2023-01-09 16:00:00,0.4967,0.025,HOLD,,1,-1
2023-01-10 00:00:00,2023-01-09 20:00:00,0.4958,0.025,HOLD,,0,-1
2023-01-10 04:00:00,2023-01-10 00:00:00,0.494,0.025,HOLD,,1,-1
2023-01-10 08:00:00,2023-01-10 04:00:00,0.4909,0.025,HOLD,,0,-1
2023-01-10 12:00:00,2023-01-10 08:00:00,0.4864,0.025,HOLD,,1,-1
2023-01-10 16:00:00,2023-01-10 12:00:00,0.4868,0.025,HOLD,,1,-1
2023-01-10 20:00:00,2023-01-10 16:00:00,0.4817,0.025,HOLD,,1,-1
2023-01-11 00:00:00,2023-01-10 20:00:00,0.479,0.025,HOLD,,1,-1
2023-01-11 04:00:00,2023-01-11 00:00:00,0.4732,0.025,SELL,False,1,0
2023-01-11 08:00:00,2023-01-11 04:00:00,0.4782,0.025,HOLD,,1,-1
2023-01-11 12:00:00,2023-01-11 08:00:00,0.4775,0.025,HOLD,,1,-1
2023-01-11 16:00:00,2023-01-11 12:00:00,0.4829,0.025,HOLD,,1,-1
2023-01-11 20:00:00,2023-01-11 16:00:00,0.4823,0.025,HOLD,,1,-1
2023-01-12 00:00:00,2023-01-11 20:00:00,0.4814,0.025,HOLD,,1,-1
2023-01-12 04:00:00,2023-01-12 00:00:00,0.4803,0.025,HOLD,,1,-1
2023-01-12 08:00:00,2023-01-12 04:00:00,0.4827,0.025,HOLD,,1,-1
2023-01-12 12:00:00,2023-01-12 08:00:00,0.4858,0.025,HOLD,,0,-1
2023-01-12 16:00:00,2023-01-12 12:00:00,0.4883,0.025,HOLD,,0,-1
2023-01-12 20:00:00,2023-01-12 16:00:00,0.4872,0.025,HOLD,,0,-1
2023-01-13 00:00:00,2023-01-12 20:00:00,0.4808,0.025,HOLD,,1,-1
2023-01-13 04:00:00,2023-01-13 00:00:00,0.4762,0.025,HOLD,,1,-1
2023-01-13 08:00:00,2023-01-13 04:00:00,0.4731,0.025,SELL,True,0,0
2023-01-13 12:00:00,2023-01-13 08:00:00,0.4717,0.025,SELL,False,1,0
2023-01-13 16:00:00,2023-01-13 12:00:00,0.4699,0.025,SELL,True,0,0
2023-01-13 20:00:00,2023-01-13 16:00:00,0.4738,0.025,SELL,True,0,0
2023-01-16 00:00:00,2023-01-13 20:00:00,0.4829,0.025,HOLD,,0,-1
2023-01-16 04:00:00,2023-01-16 00:00:00,0.4852,0.025,HOLD,,0,-1
2023-01-16 08:00:00,2023-01-16 04:00:00,0.4868,0.025,HOLD,,0,-1
2023-01-16 12:00:00,2023-01-16 08:00:00,0.4866,0.025,HOLD,,1,-1
2023-01-16 16:00:00,2023-01-16 12:00:00,0.4848,0.025,HOLD,,0,-1
2023-01-16 20:00:00,2023-01-16 16:00:00,0.4891,0.025,HOLD,,0,-1
2023-01-17 00:00:00,2023-01-16 20:00:00,0.4926,0.025,HOLD,,0,-1
2023-01-17 04:00:00,2023-01-17 00:00:00,0.493,0.025,HOLD,,0,-1
2023-01-17 08:00:00,2023-01-17 04:00:00,0.4928,0.025,HOLD,,1,-1
2023-01-17 12:00:00,2023-01-17 08:00:00,0.4952,0.025,HOLD,,1,-1
2023-01-17 16:00:00,2023-01-17 12:00:00,0.4975,0.025,HOLD,,1,-1
2023-01-17 20:00:00,2023-01-17 16:00:00,0.4977,0.025,HOLD,,1,-1
2023-01-18 00:00:00,2023-01-17 20:00:00,0.4949,0.025,HOLD,,0,-1
2023-01-18 04:00:00,2023-01-18 00:00:00,0.493,0.025,HOLD,,1,-1
2023-01-18 08:00:00,2023-01-18 04:00:00,0.4909,0.025,HOLD,,0,-1
2023-01-18 12:00:00,2023-01-18 08:00:00,0.4908,0.025,HOLD,,0,-1
2023-01-18 16:00:00,2023-01-18 12:00:00,0.4903,0.025,HOLD,,1,-1
2023-01-18 20:00:00,2023-01-18 16:00:00,0.4892,0.025,HOLD,,1,-1
2023-01-19 00:00:00,2023-01-18 20:00:00,0.4857,0.025,HOLD,,1,-1
2023-01-19 04:00:00,2023-01-19 00:00:00,0.4838,0.025,HOLD,,1,-1
2023-01-19 08:00:00,2023-01-19 04:00:00,0.4837,0.025,HOLD,,1,-1
2023-01-19 12:00:00,2023-01-19 08:00:00,0.481,0.025,HOLD,,0,-1
2023-01-19 16:00:00,2023-01-19 12:00:00,0.4805,0.025,HOLD,,1,-1
2023-01-19 20:00:00,2023-01-19 16:00:00,0.486,0.025,HOLD,,1,-1
2023-01-20 00:00:00,2023-01-19 20:00:00,0.4896,0.025,HOLD,,1,-1
2023-01-20 04:00:00,2023-01-20 00:00:00,0.487,0.025,HOLD,,1,-1
2023-01-20 08:00:00,2023-01-20 04:00:00,0.4847,0.025,HOLD,,1,-1
2023-01-20 12:00:00,2023-01-20 08:00:00,0.4843,0.025,HOLD,,1,-1
2023-01-20 16:00:00,2023-01-20 12:00:00,0.4799,0.025,HOLD,,1,-1
2023-01-20 20:00:00,2023-01-20 16:00:00,0.4781,0.025,HOLD,,1,-1
2023-01-23 00:00:00,2023-01-20 20:00:00,0.4783,0.025,HOLD,,0,-1
2023-01-23 04:00:00,2023-01-23 00:00:00,0.4776,0.025,HOLD,,0,-1
2023-01-23 08:00:00,2023-01-23 04:00:00,0.4816,0.025,HOLD,,0,-1
2023-01-23 12:00:00,2023-01-23 08:00:00,0.4807,0.025,HOLD,,1,-1
2023-01-23 16:00:00,2023-01-23 12:00:00,0.4795,0.025,HOLD,,1,-1
2023-01-23 20:00:00,2023-01-23 16:00:00,0.4734,0.025,SELL,False,1,0
2023-01-24 00:00:00,2023-01-23 20:00:00,0.4669,0.025,SELL,False,1,0
2023-01-24 04:00:00,2023-01-24 00:00:00,0.4655,0.025,SELL,False,1,0
2023-01-24 08:00:00,2023-01-24 04:00:00,0.4605,0.025,SELL,False,1,0
2023-01-24 12:00:00,2023-01-24 08:00:00,0.4623,0.025,SELL,False,1,0
2023-01-24 16:00:00,2023-01-24 12:00:00,0.4615,0.025,SELL,False,1,0
2023-01-24 20:00:00,2023-01-24 16:00:00,0.4626,0.025,SELL,False,1,0
2023-01-25 00:00:00,2023-01-24 20:00:00,0.4617,0.025,SELL,False,1,0
2023-01-25 04:00:00,2023-01-25 00:00:00,0.4565,0.025,SELL,False,1,0
2023-01-25 08:00:00,2023-01-25 04:00:00,0.4608,0.025,SELL,False,1,0
2023-01-25 12:00:00,2023-01-25 08:00:00,0.4636,0.025,SELL,False,1,0
2023-01-25 16:00:00,2023-01-25 12:00:00,0.4755,0.025,HOLD,,0,-1
2023-01-25 20:00:00,2023-01-25 16:00:00,0.4797,0.025,HOLD,,0,-1
2023-01-26 00:00:00,2023-01-25 20:00:00,0.4768,0.025,HOLD,,0,-1
2023-01-26 04:00:00,2023-01-26 00:00:00,0.4719,0.025,SELL,True,0,0
2023-01-26 08:00:00,2023-01-26 04:00:00,0.4683,0.025,SELL,True,0,0
2023-01-26 12:00:00,2023-01-26 08:00:00,0.4654,0.025,SELL,True,0,0
2023-01-26 16:00:00,2023-01-26 12:00:00,0.4721,0.025,SELL,False,1,0
2023-01-26 20:00:00,2023-01-26 16:00:00,0.4732,0.025,SELL,True,0,0
2023-01-27 00:00:00,2023-01-26 20:00:00,0.4733,0.025,SELL,True,0,0
2023-01-27 04:00:00,2023-01-27 00:00:00,0.4748,0.025,SELL,True,0,0
2023-01-27 08:00:00,2023-01-27 04:00:00,0.4751,0.025,HOLD,,1,-1
2023-01-27 12:00:00,2023-01-27 08:00:00,0.4741,0.025,SELL,False,1,0
2023-01-27 16:00:00,2023-01-27 12:00:00,0.4716,0.025,SELL,True,0,0
2023-01-27 20:00:00,2023-01-27 16:00:00,0.4706,0.025,SELL,True,0,0
2023-01-30 00:00:00,2023-01-27 20:00:00,0.4761,0.025,HOLD,,0,-1
2023-01-30 04:00:00,2023-01-30 00:00:00,0.4801,0.025,HOLD,,0,-1
2023-01-30 08:00:00,2023-01-30 04:00:00,0.4865,0.025,HOLD,,0,-1
2023-01-30 12:00:00,2023-01-30 08:00:00,0.4847,0.025,HOLD,,0,-1
2023-01-30 16:00:00,2023-01-30 12:00:00,0.4857,0.025,HOLD,,1,-1
2023-01-30 20:00:00,2023-01-30 16:00:00,0.4856,0.025,HOLD,,1,-1
2023-01-31 00:00:00,2023-01-30 20:00:00,0.4804,0.025,HOLD,,0,-1
2023-01-31 04:00:00,2023-01-31 00:00:00,0.4814,0.025,HOLD,,1,-1
2023-01-31 08:00:00,2023-01-31 04:00:00,0.4831,0.025,HOLD,,1,-1
2023-01-31 12:00:00,2023-01-31 08:00:00,0.4833,0.025,HOLD,,1,-1
2023-01-31 16:00:00,2023-01-31 12:00:00,0.4817,0.025,HOLD,,1,-1
2023-01-31 20:00:00,2023-01-31 16:00:00,0.478,0.025,HOLD,,1,-1
2023-02-01 00:00:00,2023-01-31 20:00:00,0.4802,0.025,HOLD,,1,-1
2023-02-01 04:00:00,2023-02-01 00:00:00,0.4805,0.025,HOLD,,1,-1
2023-02-01 08:00:00,2023-02-01 04:00:00,0.4817,0.025,HOLD,,1,-1
2023-02-01 12:00:00,2023-02-01 08:00:00,0.4803,0.025,HOLD,,1,-1
2023-02-01 16:00:00,2023-02-01 12:00:00,0.4797,0.025,HOLD,,1,-1
2023-02-01 20:00:00,2023-02-01 16:00:00,0.4779,0.025,HOLD,,0,-1
2023-02-02 00:00:00,2023-02-01 20:00:00,0.478,0.025,HOLD,,0,-1
2023-02-02 04:00:00,2023-02-02 00:00:00,0.4781,0.025,HOLD,,0,-1
2023-02-02 08:00:00,2023-02-02 04:00:00,0.4767,0.025,HOLD,,0,-1
2023-02-02 12:00:00,2023-02-02 08:00:00,0.4753,0.025,HOLD,,0,-1
2023-02-02 16:00:00,2023-02-02 12:00:00,0.4738,0.025,SELL,True,0,0
2023-02-02 20:00:00,2023-02-02 16:00:00,0.4732,0.025,SELL,True,0,0
2023-02-03 00:00:00,2023-02-02 20:00:00,0.4731,0.025,SELL,True,0,0
2023-02-03 04:00:00,2023-02-03 00:00:00,0.4763,0.025,HOLD,,0,-1
2023-02-03 08:00:00,2023-02-03 04:00:00,0.4756,0.025,HOLD,,0,-1
2023-02-03 12:00:00,2023-02-03 08:00:00,0.4782,0.025,HOLD,,0,-1
2023-02-03 16:00:00,2023-02-03 12:00:00,0.4793,0.025,HOLD,,0,-1
2023-02-03 20:00:00,2023-02-03 16:00:00,0.4805,0.025,HOLD,,0,-1
2023-02-06 00:00:00,2023-02-03 20:00:00,0.4809,0.025,HOLD,,0,-1
2023-02-06 04:00:00,2023-02-06 00:00:00,0.4808,0.025,HOLD,,0,-1
2023-02-06 08:00:00,2023-02-06 04:00:00,0.4859,0.025,HOLD,,0,-1
2023-02-06 12:00:00,2023-02-06 08:00:00,0.4881,0.025,HOLD,,0,-1
2023-02-06 16:00:00,2023-02-06 12:00:00,0.4969,0.025,HOLD,,1,-1
2023-02-06 20:00:00,2023-02-06 16:00:00,0.4994,0.025,HOLD,,1,-1
2023-02-07 00:00:00,2023-02-06 20:00:00,0.5006,0.025,HOLD,,0,-1
2023-02-07 04:00:00,2023-02-07 00:00:00,0.5011,0.025,HOLD,,0,-1
2023-02-07 08:00:00,2023-02-07 04:00:00,0.5048,0.025,HOLD,,1,-1
2023-02-07 12:00:00,2023-02-07 08:00:00,0.5081,0.025,HOLD,,1,-1
2023-02-07 16:00:00,2023-02-07 12:00:00,0.5087,0.025,HOLD,,0,-1
2023-02-07 20:00:00,2023-02-07 16:00:00,0.5108,0.025,HOLD,,0,-1
2023-02-08 00:00:00,2023-02-07 20:00:00,0.5141,0.025,HOLD,,0,-1
2023-02-08 04:00:00,2023-02-08 00:00:00,0.5114,0.025,HOLD,,1,-1
2023-02-08 08:00:00,2023-02-08 04:00:00,0.5082,0.025,HOLD,,1,-1
2023-02-08 12:00:00,2023-02-08 08:00:00,0.509,0.025,HOLD,,1,-1
2023-02-08 16:00:00,2023-02-08 12:00:00,0.5094,0.025,HOLD,,1,-1
2023-02-08 20:00:00,2023-02-08 16:00:00,0.5099,0.025,HOLD,,1,-1
2023-02-09 00:00:00,2023-02-08 20:00:00,0.5088,0.025,HOLD,,1,-1
2023-02-09 04:00:00,2023-02-09 00:00:00,0.5139,0.025,HOLD,,0,-1
2023-02-09 08:00:00,2023-02-09 04:00:00,0.5133,0.025,HOLD,,0,-1
2023-02-09 12:00:00,2023-02-09 08:00:00,0.5102,0.025,HOLD,,0,-1
2023-02-09 16:00:00,2023-02-09 12:00:00,0.5089,0.025,HOLD,,0,-1
2023-02-09 20:00:00,2023-02-09 16:00:00,0.5038,0.025,HOLD,,0,-1
2023-02-10 00:00:00,2023-02-09 20:00:00,0.4981,0.025,HOLD,,0,-1
2023-02-10 04:00:00,2023-02-10 00:00:00,0.4896,0.025,HOLD,,0,-1
2023-02-10 08:00:00,2023-02-10 04:00:00,0.4861,0.025,HOLD,,0,-1
2023-02-10 12:00:00,2023-02-10 08:00:00,0.481,0.025,HOLD,,0,-1
2023-02-10 16:00:00,2023-02-10 12:00:00,0.4839,0.025,HOLD,,1,-1
2023-02-10 20:00:00,2023-02-10 16:00:00,0.4808,0.025,HOLD,,1,-1
2023-02-13 00:00:00,2023-02-10 20:00:00,0.4709,0.025,SELL,False,1,0
2023-02-13 04:00:00,2023-02-13 00:00:00,0.4683,0.025,SELL,False,1,0
2023-02-13 08:00:00,2023-02-13 04:00:00,0.4596,0.025,SELL,False,1,0
2023-02-13 12:00:00,2023-02-13 08:00:00,0.4607,0.025,SELL,False,1,0
2023-02-13 16:00:00,2023-02-13 12:00:00,0.461,0.025,SELL,False,1,0
2023-02-13 20:00:00,2023-02-13 16:00:00,0.4541,0.025,SELL,False,1,0
2023-02-14 00:00:00,2023-02-13 20:00:00,0.4526,0.025,SELL,False,1,0
2023-02-14 04:00:00,2023-02-14 00:00:00,0.4488,0.025,SELL,True,0,0
2023-02-14 08:00:00,2023-02-14 04:00:00,0.4527,0.025,SELL,True,0,0
2023-02-14 12:00:00,2023-02-14 08:00:00,0.4523,0.025,SELL,True,0,0
2023-02-14 16:00:00,2023-02-14 12:00:00,0.4534,0.025,SELL,True,0,0
2023-02-14 20:00:00,2023-02-14 16:00:00,0.4503,0.025,SELL,True,0,0
2023-02-15 00:00:00,2023-02-14 20:00:00,0.4597,0.025,SELL,True,0,0
2023-02-15 04:00:00,2023-02-15 00:00:00,0.4633,0.025,SELL,True,0,0
2023-02-15 08:00:00,2023-02-15 04:00:00,0.4595,0.025,SELL,True,0,0
2023-02-15 12:00:00,2023-02-15 08:00:00,0.4645,0.025,SELL,True,0,0
2023-02-15 16:00:00,2023-02-15 12:00:00,0.4709,0.025,SELL,False,1,0
2023-02-15 20:00:00,2023-02-15 16:00:00,0.4753,0.025,HOLD,,0,-1
2023-02-16 00:00:00,2023-02-15 20:00:00,0.4727,0.025,SELL,True,0,0
2023-02-16 04:00:00,2023-02-16 00:00:00,0.4718,0.025,SELL,True,0,0
2023-02-16 08:00:00,2023-02-16 04:00:00,0.4764,0.025,HOLD,,0,-1
2023-02-16 12:00:00,2023-02-16 08:00:00,0.4813,0.025,HOLD,,0,-1
2023-02-16 16:00:00,2023-02-16 12:00:00,0.4882,0.025,HOLD,,0,-1
2023-02-16 20:00:00,2023-02-16 16:00:00,0.4953,0.025,HOLD,,1,-1
2023-02-17 00:00:00,2023-02-16 20:00:00,0.4976,0.025,HOLD,,1,-1
2023-02-17 04:00:00,2023-02-17 00:00:00,0.4971,0.025,HOLD,,1,-1
2023-02-17 08:00:00,2023-02-17 04:00:00,0.4957,0.025,HOLD,,1,-1
2023-02-17 12:00:00,2023-02-17 08:00:00,0.4975,0.025,HOLD,,1,-1
2023-02-17 16:00:00,2023-02-17 12:00:00,0.4956,0.025,HOLD,,1,-1
2023-02-17 20:00:00,2023-02-17 16:00:00,0.4943,0.025,HOLD,,0,-1
2023-02-20 00:00:00,2023-02-17 20:00:00,0.4924,0.025,HOLD,,0,-1
2023-02-20 04:00:00,2023-02-20 00:00:00,0.4909,0.025,HOLD,,0,-1
2023-02-20 08:00:00,2023-02-20 04:00:00,0.4928,0.025,HOLD,,0,-1
2023-02-20 12:00:00,2023-02-20 08:00:00,0.4932,0.025,HOLD,,0,-1
2023-02-20 16:00:00,2023-02-20 12:00:00,0.4938,0.025,HOLD,,0,-1
2023-02-20 20:00:00,2023-02-20 16:00:00,0.4926,0.025,HOLD,,0,-1
2023-02-21 00:00:00,2023-02-20 20:00:00,0.4963,0.025,HOLD,,0,-1
2023-02-21 04:00:00,2023-02-21 00:00:00,0.4975,0.025,HOLD,,0,-1
2023-02-21 08:00:00,2023-02-21 04:00:00,0.4972,0.025,HOLD,,0,-1
2023-02-21 12:00:00,2023-02-21 08:00:00,0.499,0.025,HOLD,,0,-1
2023-02-21 16:00:00,2023-02-21 12:00:00,0.5023,0.025,HOLD,,0,-1
2023-02-21 20:00:00,2023-02-21 16:00:00,0.505,0.025,HOLD,,0,-1
2023-02-22 00:00:00,2023-02-21 20:00:00,0.5032,0.025,HOLD,,0,-1
2023-02-22 04:00:00,2023-02-22 00:00:00,0.4997,0.025,HOLD,,0,-1
2023-02-22 08:00:00,2023-02-22 04:00:00,0.4989,0.025,HOLD,,0,-1
2023-02-22 12:00:00,2023-02-22 08:00:00,0.4993,0.025,HOLD,,0,-1
2023-02-22 16:00:00,2023-02-22 12:00:00,0.4999,0.025,HOLD,,0,-1
2023-02-22 20:00:00,2023-02-22 16:00:00,0.4992,0.025,HOLD,,0,-1
2023-02-23 00:00:00,2023-02-22 20:00:00,0.4954,0.025,HOLD,,0,-1
2023-02-23 04:00:00,2023-02-23 00:00:00,0.4959,0.025,HOLD,,0,-1
2023-02-23 08:00:00,2023-02-23 04:00:00,0.4981,0.025,HOLD,,0,-1
2023-02-23 12:00:00,2023-02-23 08:00:00,0.4959,0.025,HOLD,,0,-1
2023-02-23 16:00:00,2023-02-23 12:00:00,0.4946,0.025,HOLD,,0,-1
2023-02-23 20:00:00,2023-02-23 16:00:00,0.4926,0.025,HOLD,,0,-1
2023-02-24 00:00:00,2023-02-23 20:00:00,0.4931,0.025,HOLD,,0,-1
2023-02-24 04:00:00,2023-02-24 00:00:00,0.4918,0.025,HOLD,,0,-1
2023-02-24 08:00:00,2023-02-24 04:00:00,0.4894,0.025,HOLD,,0,-1
2023-02-24 12:00:00,2023-02-24 08:00:00,0.4877,0.025,HOLD,,1,-1
2023-02-24 16:00:00,2023-02-24 12:00:00,0.4844,0.025,HOLD,,1,-1
2023-02-24 20:00:00,2023-02-24 16:00:00,0.4851,0.025,HOLD,,1,-1
2023-02-27 00:00:00,2023-02-24 20:00:00,0.4876,0.025,HOLD,,1,-1
2023-02-27 04:00:00,2023-02-27 00:00:00,0.4884,0.025,HOLD,,1,-1
2023-02-27 08:00:00,2023-02-27 04:00:00,0.4865,0.025,HOLD,,1,-1
2023-02-27 12:00:00,2023-02-27 08:00:00,0.4859,0.025,HOLD,,1,-1
2023-02-27 16:00:00,2023-02-27 12:00:00,0.4839,0.025,HOLD,,1,-1
2023-02-27 20:00:00,2023-02-27 16:00:00,0.482,0.025,HOLD,,0,-1
2023-02-28 00:00:00,2023-02-27 20:00:00,0.48,0.025,HOLD,,0,-1
2023-02-28 04:00:00,2023-02-28 00:00:00,0.4792,0.025,HOLD,,1,-1
2023-02-28 08:00:00,2023-02-28 04:00:00,0.4793,0.025,HOLD,,1,-1
2023-02-28 12:00:00,2023-02-28 08:00:00,0.4803,0.025,HOLD,,1,-1
2023-02-28 16:00:00,2023-02-28 12:00:00,0.4813,0.025,HOLD,,1,-1
2023-02-28 20:00:00,2023-02-28 16:00:00,0.4792,0.025,HOLD,,1,-1
2023-03-01 00:00:00,2023-02-28 20:00:00,0.4776,0.025,HOLD,,1,-1
2023-03-01 04:00:00,2023-03-01 00:00:00,0.477,0.025,HOLD,,1,-1
2023-03-01 08:00:00,2023-03-01 04:00:00,0.4771,0.025,HOLD,,0,-1
2023-03-01 12:00:00,2023-03-01 08:00:00,0.475,0.025,HOLD,,0,-1
2023-03-01 16:00:00,2023-03-01 12:00:00,0.4746,0.025,SELL,True,0,0
2023-03-01 20:00:00,2023-03-01 16:00:00,0.4742,0.025,SELL,True,0,0
2023-03-02 00:00:00,2023-03-01 20:00:00,0.4727,0.025,SELL,True,0,0
2023-03-02 04:00:00,2023-03-02 00:00:00,0.4704,0.025,SELL,True,0,0
2023-03-02 08:00:00,2023-03-02 04:00:00,0.474,0.025,SELL,True,0,0
2023-03-02 12:00:00,2023-03-02 08:00:00,0.4761,0.025,HOLD,,1,-1
2023-03-02 16:00:00,2023-03-02 12:00:00,0.4783,0.025,HOLD,,1,-1
2023-03-02 20:00:00,2023-03-02 16:00:00,0.4798,0.025,HOLD,,1,-1
2023-03-03 00:00:00,2023-03-02 20:00:00,0.4828,0.025,HOLD,,1,-1
2023-03-03 04:00:00,2023-03-03 00:00:00,0.4851,0.025,HOLD,,1,-1
2023-03-03 08:00:00,2023-03-03 04:00:00,0.4859,0.025,HOLD,,1,-1
2023-03-03 12:00:00,2023-03-03 08:00:00,0.4864,0.025,HOLD,,1,-1
2023-03-03 16:00:00,2023-03-03 12:00:00,0.4884,0.025,HOLD,,1,-1
2023-03-03 20:00:00,2023-03-03 16:00:00,0.4883,0.025,HOLD,,1,-1
2023-03-06 00:00:00,2023-03-03 20:00:00,0.486,0.025,HOLD,,1,-1
2023-03-06 04:00:00,2023-03-06 00:00:00,0.4817,0.025,HOLD,,1,-1
2023-03-06 08:00:00,2023-03-06 04:00:00,0.4851,0.025,HOLD,,1,-1
2023-03-06 12:00:00,2023-03-06 08:00:00,0.4864,0.025,HOLD,,1,-1
2023-03-06 16:00:00,2023-03-06 12:00:00,0.4854,0.025,HOLD,,0,-1
2023-03-06 20:00:00,2023-03-06 16:00:00,0.4885,0.025,HOLD,,0,-1
2023-03-07 00:00:00,2023-03-06 20:00:00,0.4886,0.025,HOLD,,0,-1
2023-03-07 04:00:00,2023-03-07 00:00:00,0.4873,0.025,HOLD,,0,-1
2023-03-07 08:00:00,2023-03-07 04:00:00,0.4849,0.025,HOLD,,0,-1
2023-03-07 12:00:00,2023-03-07 08:00:00,0.4795,0.025,HOLD,,0,-1
2023-03-07 16:00:00,2023-03-07 12:00:00,0.4795,0.025,HOLD,,0,-1
2023-03-07 20:00:00,2023-03-07 16:00:00,0.4818,0.025,HOLD,,0,-1
2023-03-08 00:00:00,2023-03-07 20:00:00,0.4829,0.025,HOLD,,0,-1
2023-03-08 04:00:00,2023-03-08 00:00:00,0.4807,0.025,HOLD,,1,-1
2023-03-08 08:00:00,2023-03-08 04:00:00,0.4819,0.025,HOLD,,1,-1
2023-03-08 12:00:00,2023-03-08 08:00:00,0.4832,0.025,HOLD,,1,-1
2023-03-08 16:00:00,2023-03-08 12:00:00,0.4877,0.025,HOLD,,1,-1
2023-03-08 20:00:00,2023-03-08 16:00:00,0.4898,0.025,HOLD,,1,-1
2023-03-09 00:00:00,2023-03-08 20:00:00,0.4936,0.025,HOLD,,1,-1
2023-03-09 04:00:00,2023-03-09 00:00:00,0.4971,0.025,HOLD,,1,-1
2023-03-09 08:00:00,2023-03-09 04:00:00,0.4984,0.025,HOLD,,1,-1
2023-03-09 12:00:00,2023-03-09 08:00:00,0.4984,0.025,HOLD,,1,-1
2023-03-09 16:00:00,2023-03-09 12:00:00,0.4992,0.025,HOLD,,1,-1
2023-03-09 20:00:00,2023-03-09 16:00:00,0.499,0.025,HOLD,,1,-1
2023-03-10 00:00:00,2023-03-09 20:00:00,0.4957,0.025,HOLD,,1,-1
2023-03-10 04:00:00,2023-03-10 00:00:00,0.4958,0.025,HOLD,,1,-1
2023-03-10 08:00:00,2023-03-10 04:00:00,0.4967,0.025,HOLD,,1,-1
2023-03-10 12:00:00,2023-03-10 08:00:00,0.4986,0.025,HOLD,,1,-1
2023-03-10 16:00:00,2023-03-10 12:00:00,0.4976,0.025,HOLD,,1,-1
2023-03-10 20:00:00,2023-03-10 16:00:00,0.4988,0.025,HOLD,,1,-1
2023-03-13 00:00:00,2023-03-10 20:00:00,0.5022,0.025,HOLD,,1,-1
2023-03-13 04:00:00,2023-03-13 00:00:00,0.501,0.025,HOLD,,0,-1
2023-03-13 08:00:00,2023-03-13 04:00:00,0.5003,0.025,HOLD,,1,-1
2023-03-13 12:00:00,2023-03-13 08:00:00,0.5022,0.025,HOLD,,1,-1
2023-03-13 16:00:00,2023-03-13 12:00:00,0.5013,0.025,HOLD,,0,-1
2023-03-13 20:00:00,2023-03-13 16:00:00,0.501,0.025,HOLD,,1,-1
2023-03-14 00:00:00,2023-03-13 20:00:00,0.5013,0.025,HOLD,,1,-1
2023-03-14 04:00:00,2023-03-14 00:00:00,0.5029,0.025,HOLD,,1,-1
2023-03-14 08:00:00,2023-03-14 04:00:00,0.5047,0.025,HOLD,,0,-1
2023-03-14 12:00:00,2023-03-14 08:00:00,0.503,0.025,HOLD,,0,-1
2023-03-14 16:00:00,2023-03-14 12:00:00,0.5012,0.025,HOLD,,0,-1
2023-03-14 20:00:00,2023-03-14 16:00:00,0.4962,0.025,HOLD,,0,-1
2023-03-15 00:00:00,2023-03-14 20:00:00,0.4937,0.025,HOLD,,0,-1
2023-03-15 04:00:00,2023-03-15 00:00:00,0.4856,0.025,HOLD,,0,-1
2023-03-15 08:00:00,2023-03-15 04:00:00,0.4821,0.025,HOLD,,0,-1
2023-03-15 12:00:00,2023-03-15 08:00:00,0.482,0.025,HOLD,,1,-1
2023-03-15 16:00:00,2023-03-15 12:00:00,0.4789,0.025,HOLD,,1,-1
2023-03-15 20:00:00,2023-03-15 16:00:00,0.4783,0.025,HOLD,,1,-1
2023-03-16 00:00:00,2023-03-15 20:00:00,0.479,0.025,HOLD,,1,-1
2023-03-16 04:00:00,2023-03-16 00:00:00,0.4775,0.025,HOLD,,1,-1
2023-03-16 08:00:00,2023-03-16 04:00:00,0.4753,0.025,HOLD,,1,-1
2023-03-16 12:00:00,2023-03-16 08:00:00,0.4759,0.025,HOLD,,1,-1
2023-03-16 16:00:00,2023-03-16 12:00:00,0.4756,0.025,HOLD,,1,-1
2023-03-16 20:00:00,2023-03-16 16:00:00,0.477,0.025,HOLD,,1,-1
2023-03-17 00:00:00,2023-03-16 20:00:00,0.4771,0.025,HOLD,,1,-1
2023-03-17 04:00:00,2023-03-17 00:00:00,0.4753,0.025,HOLD,,1,-1
2023-03-17 08:00:00,2023-03-17 04:00:00,0.4764,0.025,HOLD,,1,-1
2023-03-17 12:00:00,2023-03-17 08:00:00,0.4767,0.025,HOLD,,1,-1
2023-03-17 16:00:00,2023-03-17 12:00:00,0.4731,0.025,SELL,False,1,0
2023-03-17 20:00:00,2023-03-17 16:00:00,0.4756,0.025,HOLD,,1,-1
2023-03-20 00:00:00,2023-03-17 20:00:00,0.4803,0.025,HOLD,,1,-1
2023-03-20 04:00:00,2023-03-20 00:00:00,0.4799,0.025,HOLD,,1,-1
2023-03-20 08:00:00,2023-03-20 04:00:00,0.4849,0.025,HOLD,,1,-1
2023-03-20 12:00:00,2023-03-20 08:00:00,0.4893,0.025,HOLD,,1,-1
2023-03-20 16:00:00,2023-03-20 12:00:00,0.4908,0.025,HOLD,,1,-1
2023-03-20 20:00:00,2023-03-20 16:00:00,0.4907,0.025,HOLD,,1,-1
2023-03-21 00:00:00,2023-03-20 20:00:00,0.497,0.025,HOLD,,1,-1
2023-03-21 04:00:00,2023-03-21 00:00:00,0.4989,0.025,HOLD,,1,-1
2023-03-21 08:00:00,2023-03-21 04:00:00,0.4997,0.025,HOLD,,1,-1
2023-03-21 12:00:00,2023-03-21 08:00:00,0.498,0.025,HOLD,,1,-1
2023-03-21 16:00:00,2023-03-21 12:00:00,0.5,0.025,HOLD,,1,-1
2023-03-21 20:00:00,2023-03-21 16:00:00,0.4958,0.025,HOLD,,1,-1
2023-03-22 00:00:00,2023-03-21 20:00:00,0.4976,0.025,HOLD,,1,-1
2023-03-22 04:00:00,2023-03-22 00:00:00,0.4941,0.025,HOLD,,1,-1
2023-03-22 08:00:00,2023-03-22 04:00:00,0.4958,0.025,HOLD,,1,-1
2023-03-22 12:00:00,2023-03-22 08:00:00,0.4909,0.025,HOLD,,1,-1
2023-03-22 16:00:00,2023-03-22 12:00:00,0.4891,0.025,HOLD,,1,-1
2023-03-22 20:00:00,2023-03-22 16:00:00,0.4854,0.025,HOLD,,0,-1
2023-03-23 00:00:00,2023-03-22 20:00:00,0.4786,0.025,HOLD,,0,-1
2023-03-23 04:00:00,2023-03-23 00:00:00,0.4788,0.025,HOLD,,0,-1
2023-03-23 08:00:00,2023-03-23 04:00:00,0.4794,0.025,HOLD,,0,-1
2023-03-23 12:00:00,2023-03-23 08:00:00,0.4788,0.025,HOLD,,0,-1
2023-03-23 16:00:00,2023-03-23 12:00:00,0.4777,0.025,HOLD,,0,-1
2023-03-23 20:00:00,2023-03-23 16:00:00,0.4776,0.025,HOLD,,0,-1
2023-03-24 00:00:00,2023-03-23 20:00:00,0.4739,0.025,SELL,True,0,0
2023-03-24 04:00:00,2023-03-24 00:00:00,0.4737,0.025,SELL,True,0,0
2023-03-24 08:00:00,2023-03-24 04:00:00,0.4757,0.025,HOLD,,1,-1
2023-03-24 12:00:00,2023-03-24 08:00:00,0.4795,0.025,HOLD,,1,-1
2023-03-24 16:00:00,2023-03-24 12:00:00,0.4774,0.025,HOLD,,1,-1
2023-03-24 20:00:00,2023-03-24 16:00:00,0.4779,0.025,HOLD,,1,-1
2023-03-27 00:00:00,2023-03-24 20:00:00,0.4826,0.025,HOLD,,1,-1
2023-03-27 04:00:00,2023-03-27 00:00:00,0.4822,0.025,HOLD,,1,-1
2023-03-27 08:00:00,2023-03-27 04:00:00,0.4831,0.025,HOLD,,1,-1
2023-03-27 12:00:00,2023-03-27 08:00:00,0.4824,0.025,HOLD,,1,-1
2023-03-27 16:00:00,2023-03-27 12:00:00,0.4843,0.025,HOLD,,1,-1
2023-03-27 20:00:00,2023-03-27 16:00:00,0.4896,0.025,HOLD,,1,-1
2023-03-28 00:00:00,2023-03-27 20:00:00,0.4914,0.025,HOLD,,1,-1
2023-03-28 04:00:00,2023-03-28 00:00:00,0.4878,0.025,HOLD,,1,-1
2023-03-28 08:00:00,2023-03-28 04:00:00,0.4839,0.025,HOLD,,1,-1
2023-03-28 12:00:00,2023-03-28 08:00:00,0.482,0.025,HOLD,,1,-1
2023-03-28 16:00:00,2023-03-28 12:00:00,0.4875,0.025,HOLD,,0,-1
2023-03-28 20:00:00,2023-03-28 16:00:00,0.4921,0.025,HOLD,,0,-1
2023-03-29 00:00:00,2023-03-28 20:00:00,0.4927,0.025,HOLD,,0,-1
2023-03-29 04:00:00,2023-03-29 00:00:00,0.4902,0.025,HOLD,,1,-1
2023-03-29 08:00:00,2023-03-29 04:00:00,0.49,0.025,HOLD,,1,-1
2023-03-29 12:00:00,2023-03-29 08:00:00,0.4895,0.025,HOLD,,1,-1
2023-03-29 16:00:00,2023-03-29 12:00:00,0.4917,0.025,HOLD,,1,-1
2023-03-29 20:00:00,2023-03-29 16:00:00,0.4896,0.025,HOLD,,1,-1
2023-03-30 00:00:00,2023-03-29 20:00:00,0.4897,0.025,HOLD,,1,-1
2023-03-30 04:00:00,2023-03-30 00:00:00,0.4935,0.025,HOLD,,1,-1
2023-03-30 08:00:00,2023-03-30 04:00:00,0.4945,0.025,HOLD,,1,-1
2023-03-30 12:00:00,2023-03-30 08:00:00,0.4951,0.025,HOLD,,0,-1
2023-03-30 16:00:00,2023-03-30 12:00:00,0.4923,0.025,HOLD,,0,-1
2023-03-30 20:00:00,2023-03-30 16:00:00,0.4896,0.025,HOLD,,0,-1
2023-03-31 00:00:00,2023-03-30 20:00:00,0.4859,0.025,HOLD,,0,-1
2023-03-31 04:00:00,2023-03-31 00:00:00,0.4818,0.025,HOLD,,0,-1
2023-03-31 08:00:00,2023-03-31 04:00:00,0.4762,0.025,HOLD,,0,-1
2023-03-31 12:00:00,2023-03-31 08:00:00,0.4747,0.025,SELL,True,0,0
2023-03-31 16:00:00,2023-03-31 12:00:00,0.4739,0.025,SELL,False,1,0
2023-03-31 20:00:00,2023-03-31 16:00:00,0.4703,0.025,SELL,False,1,0
2023-04-03 00:00:00,2023-03-31 20:00:00,0.4711,0.025,SELL,False,1,0
2023-04-03 04:00:00,2023-04-03 00:00:00,0.4688,0.025,SELL,False,1,0
2023-04-03 08:00:00,2023-04-03 04:00:00,0.4685,0.025,SELL,False,1,0
2023-04-03 12:00:00,2023-04-03 08:00:00,0.4677,0.025,SELL,False,1,0
2023-04-03 16:00:00,2023-04-03 12:00:00,0.4667,0.025,SELL,False,1,0
2023-04-03 20:00:00,2023-04-03 16:00:00,0.4657,0.025,SELL,False,1,0
2023-04-04 00:00:00,2023-04-03 20:00:00,0.4695,0.025,SELL,False,1,0
2023-04-04 04:00:00,2023-04-04 00:00:00,0.4711,0.025,SELL,False,1,0
2023-04-04 08:00:00,2023-04-04 04:00:00,0.4754,0.025,HOLD,,1,-1
2023-04-04 12:00:00,2023-04-04 08:00:00,0.4755,0.025,HOLD,,1,-1
2023-04-04 16:00:00,2023-04-04 12:00:00,0.4716,0.025,SELL,True,0,0
2023-04-04 20:00:00,2023-04-04 16:00:00,0.4757,0.025,HOLD,,0,-1
2023-04-05 00:00:00,2023-04-04 20:00:00,0.4766,0.025,HOLD,,0,-1
2023-04-05 04:00:00,2023-04-05 00:00:00,0.4747,0.025,SELL,True,0,0
2023-04-05 08:00:00,2023-04-05 04:00:00,0.4759,0.025,HOLD,,0,-1
2023-04-05 12:00:00,2023-04-05 08:00:00,0.4775,0.025,HOLD,,0,-1
2023-04-05 16:00:00,2023-04-05 12:00:00,0.4783,0.025,HOLD,,1,-1
2023-04-05 20:00:00,2023-04-05 16:00:00,0.4804,0.025,HOLD,,1,-1
2023-04-06 00:00:00,2023-04-05 20:00:00,0.4819,0.025,HOLD,,1,-1
2023-04-06 04:00:00,2023-04-06 00:00:00,0.4838,0.025,HOLD,,1,-1
2023-04-06 08:00:00,2023-04-06 04:00:00,0.4845,0.025,HOLD,,1,-1
2023-04-06 12:00:00,2023-04-06 08:00:00,0.4857,0.025,HOLD,,1,-1
2023-04-06 16:00:00,2023-04-06 12:00:00,0.4909,0.025,HOLD,,0,-1
2023-04-06 20:00:00,2023-04-06 16:00:00,0.4958,0.025,HOLD,,0,-1
2023-04-07 00:00:00,2023-04-06 20:00:00,0.4956,0.025,HOLD,,0,-1
2023-04-07 04:00:00,2023-04-07 00:00:00,0.4955,0.025,HOLD,,0,-1
2023-04-07 08:00:00,2023-04-07 04:00:00,0.4974,0.025,HOLD,,0,-1
2023-04-07 12:00:00,2023-04-07 08:00:00,0.4973,0.025,HOLD,,0,-1
2023-04-07 16:00:00,2023-04-07 12:00:00,0.4979,0.025,HOLD,,0,-1
2023-04-07 20:00:00,2023-04-07 16:00:00,0.4987,0.025,HOLD,,0,-1
2023-04-10 00:00:00,2023-04-07 20:00:00,0.4982,0.025,HOLD,,0,-1
2023-04-10 04:00:00,2023-04-10 00:00:00,0.4965,0.025,HOLD,,0,-1
2023-04-10 08:00:00,2023-04-10 04:00:00,0.495,0.025,HOLD,,0,-1
2023-04-10 12:00:00,2023-04-10 08:00:00,0.4927,0.025,HOLD,,1,-1
2023-04-10 16:00:00,2023-04-10 12:00:00,0.495,0.025,HOLD,,1,-1
2023-04-10 20:00:00,2023-04-10 16:00:00,0.4955,0.025,HOLD,,1,-1
2023-04-11 00:00:00,2023-04-10 20:00:00,0.4957,0.025,HOLD,,1,-1
2023-04-11 04:00:00,2023-04-11 00:00:00,0.4959,0.025,HOLD,,1,-1
2023-04-11 08:00:00,2023-04-11 04:00:00,0.4926,0.025,HOLD,,1,-1
2023-04-11 12:00:00,2023-04-11 08:00:00,0.4926,0.025,HOLD,,1,-1
2023-04-11 16:00:00,2023-04-11 12:00:00,0.4927,0.025,HOLD,,1,-1
2023-04-11 20:00:00,2023-04-11 16:00:00,0.4892,0.025,HOLD,,1,-1
2023-04-12 00:00:00,2023-04-11 20:00:00,0.4905,0.025,HOLD,,1,-1
2023-04-12 04:00:00,2023-04-12 00:00:00,0.4905,0.025,HOLD,,1,-1
2023-04-12 08:00:00,2023-04-12 04:00:00,0.4894,0.025,HOLD,,1,-1
2023-04-12 12:00:00,2023-04-12 08:00:00,0.4867,0.025,HOLD,,1,-1
2023-04-12 16:00:00,2023-04-12 12:00:00,0.4832,0.025,HOLD,,1,-1
2023-04-12 20:00:00,2023-04-12 16:00:00,0.482,0.025,HOLD,,1,-1
2023-04-13 00:00:00,2023-04-12 20:00:00,0.4793,0.025,HOLD,,1,-1
2023-04-13 04:00:00,2023-04-13 00:00:00,0.4748,0.025,SELL,False,1,0
2023-04-13 08:00:00,2023-04-13 04:00:00,0.4738,0.025,SELL,False,1,0
2023-04-13 12:00:00,2023-04-13 08:00:00,0.4716,0.025,SELL,True,0,0
2023-04-13 16:00:00,2023-04-13 12:00:00,0.4678,0.025,SELL,True,0,0
2023-04-13 20:00:00,2023-04-13 16:00:00,0.4621,0.025,SELL,True,0,0
2023-04-14 00:00:00,2023-04-13 20:00:00,0.4677,0.025,SELL,True,0,0
2023-04-14 04:00:00,2023-04-14 00:00:00,0.4698,0.025,SELL,True,0,0
2023-04-14 08:00:00,2023-04-14 04:00:00,0.4672,0.025,SELL,True,0,0
2023-04-14 12:00:00,2023-04-14 08:00:00,0.4614,0.025,SELL,True,0,0
2023-04-14 16:00:00,2023-04-14 12:00:00,0.459,0.025,SELL,True,0,0
2023-04-14 20:00:00,2023-04-14 16:00:00,0.4609,0.025,SELL,True,0,0
2023-04-17 00:00:00,2023-04-14 20:00:00,0.4615,0.025,SELL,True,0,0
2023-04-17 04:00:00,2023-04-17 00:00:00,0.4646,0.025,SELL,True,0,0
2023-04-17 08:00:00,2023-04-17 04:00:00,0.4639,0.025,SELL,False,1,0
2023-04-17 12:00:00,2023-04-17 08:00:00,0.4663,0.025,SELL,False,1,0
2023-04-17 16:00:00,2023-04-17 12:00:00,0.4709,0.025,SELL,False,1,0
2023-04-17 20:00:00,2023-04-17 16:00:00,0.4743,0.025,SELL,False,1,0
2023-04-18 00:00:00,2023-04-17 20:00:00,0.4709,0.025,SELL,False,1,0
2023-04-18 04:00:00,2023-04-18 00:00:00,0.4764,0.025,HOLD,,1,-1
2023-04-18 08:00:00,2023-04-18 04:00:00,0.4819,0.025,HOLD,,0,-1
2023-04-18 12:00:00,2023-04-18 08:00:00,0.4837,0.025,HOLD,,0,-1
2023-04-18 16:00:00,2023-04-18 12:00:00,0.4877,0.025,HOLD,,0,-1
2023-04-18 20:00:00,2023-04-18 16:00:00,0.4861,0.025,HOLD,,0,-1
2023-04-19 00:00:00,2023-04-18 20:00:00,0.4833,0.025,HOLD,,0,-1
2023-04-19 04:00:00,2023-04-19 00:00:00,0.4832,0.025,HOLD,,0,-1
2023-04-19 08:00:00,2023-04-19 04:00:00,0.4843,0.025,HOLD,,1,-1
2023-04-19 12:00:00,2023-04-19 08:00:00,0.4837,0.025,HOLD,,1,-1
2023-04-19 16:00:00,2023-04-19 12:00:00,0.4807,0.025,HOLD,,1,-1
2023-04-19 20:00:00,2023-04-19 16:00:00,0.4828,0.025,HOLD,,1,-1
2023-04-20 00:00:00,2023-04-19 20:00:00,0.4856,0.025,HOLD,,1,-1
2023-04-20 04:00:00,2023-04-20 00:00:00,0.4839,0.025,HOLD,,1,-1
2023-04-20 08:00:00,2023-04-20 04:00:00,0.4838,0.025,HOLD,,0,-1
2023-04-20 12:00:00,2023-04-20 08:00:00,0.4839,0.025,HOLD,,1,-1
2023-04-20 16:00:00,2023-04-20 12:00:00,0.485,0.025,HOLD,,1,-1
2023-04-20 20:00:00,2023-04-20 16:00:00,0.4873,0.025,HOLD,,1,-1
2023-04-21 00:00:00,2023-04-20 20:00:00,0.4857,0.025,HOLD,,1,-1
2023-04-21 04:00:00,2023-04-21 00:00:00,0.4843,0.025,HOLD,,1,-1
2023-04-21 08:00:00,2023-04-21 04:00:00,0.4835,0.025,HOLD,,1,-1
2023-04-21 12:00:00,2023-04-21 08:00:00,0.4843,0.025,HOLD,,1,-1
2023-04-21 16:00:00,2023-04-21 12:00:00,0.4835,0.025,HOLD,,1,-1
2023-04-21 20:00:00,2023-04-21 16:00:00,0.4817,0.025,HOLD,,1,-1
2023-04-24 00:00:00,2023-04-21 20:00:00,0.4773,0.025,HOLD,,1,-1
2023-04-24 04:00:00,2023-04-24 00:00:00,0.4743,0.025,SELL,False,1,0
2023-04-24 08:00:00,2023-04-24 04:00:00,0.4717,0.025,SELL,False,1,0
2023-04-24 12:00:00,2023-04-24 08:00:00,0.4721,0.025,SELL,True,0,0
2023-04-24 16:00:00,2023-04-24 12:00:00,0.4684,0.025,SELL,True,0,0
2023-04-24 20:00:00,2023-04-24 16:00:00,0.4612,0.025,SELL,True,0,0
2023-04-25 00:00:00,2023-04-24 20:00:00,0.4578,0.025,SELL,True,0,0
2023-04-25 04:00:00,2023-04-25 00:00:00,0.4569,0.025,SELL,True,0,0
2023-04-25 08:00:00,2023-04-25 04:00:00,0.4538,0.025,SELL,False,1,0
2023-04-25 12:00:00,2023-04-25 08:00:00,0.4551,0.025,SELL,False,1,0
2023-04-25 16:00:00,2023-04-25 12:00:00,0.4612,0.025,SELL,False,1,0
2023-04-25 20:00:00,2023-04-25 16:00:00,0.463,0.025,SELL,False,1,0
2023-04-26 00:00:00,2023-04-25 20:00:00,0.4646,0.025,SELL,False,1,0
2023-04-26 04:00:00,2023-04-26 00:00:00,0.4636,0.025,SELL,False,1,0
2023-04-26 08:00:00,2023-04-26 04:00:00,0.4668,0.025,SELL,False,1,0
2023-04-26 12:00:00,2023-04-26 08:00:00,0.4681,0.025,SELL,True,0,0
2023-04-26 16:00:00,2023-04-26 12:00:00,0.4672,0.025,SELL,True,0,0
2023-04-26 20:00:00,2023-04-26 16:00:00,0.4656,0.025,SELL,True,0,0
2023-04-27 00:00:00,2023-04-26 20:00:00,0.4652,0.025,SELL,True,0,0
2023-04-27 04:00:00,2023-04-27 00:00:00,0.4665,0.025,SELL,True,0,0
2023-04-27 08:00:00,2023-04-27 04:00:00,0.4656,0.025,SELL,True,0,0
2023-04-27 12:00:00,2023-04-27 08:00:00,0.4659,0.025,SELL,True,0,0
2023-04-27 16:00:00,2023-04-27 12:00:00,0.4674,0.025,SELL,False,1,0
2023-04-27 20:00:00,2023-04-27 16:00:00,0.4693,0.025,SELL,True,0,0
2023-04-28 00:00:00,2023-04-27 20:00:00,0.4677,0.025,SELL,True,0,0
2023-04-28 04:00:00,2023-04-28 00:00:00,0.467,0.025,SELL,True,0,0
2023-04-28 08:00:00,2023-04-28 04:00:00,0.4662,0.025,SELL,False,1,0
2023-04-28 12:00:00,2023-04-28 08:00:00,0.467,0.025,SELL,False,1,0
2023-04-28 16:00:00,2023-04-28 12:00:00,0.4663,0.025,SELL,True,0,0
2023-04-28 20:00:00,2023-04-28 16:00:00,0.4706,0.025,SELL,True,0,0
2023-05-01 00:00:00,2023-04-28 20:00:00,0.4719,0.025,SELL,True,0,0
2023-05-01 04:00:00,2023-05-01 00:00:00,0.4721,0.025,SELL,True,0,0
2023-05-01 08:00:00,2023-05-01 04:00:00,0.4738,0.025,SELL,True,0,0
2023-05-01 12:00:00,2023-05-01 08:00:00,0.4762,0.025,HOLD,,0,-1
2023-05-01 16:00:00,2023-05-01 12:00:00,0.4802,0.025,HOLD,,1,-1
2023-05-01 20:00:00,2023-05-01 16:00:00,0.4832,0.025,HOLD,,1,-1
2023-05-02 00:00:00,2023-05-01 20:00:00,0.4856,0.025,HOLD,,1,-1
2023-05-02 04:00:00,2023-05-02 00:00:00,0.4855,0.025,HOLD,,1,-1
2023-05-02 08:00:00,2023-05-02 04:00:00,0.4866,0.025,HOLD,,1,-1
2023-05-02 12:00:00,2023-05-02 08:00:00,0.4847,0.025,HOLD,,1,-1
2023-05-02 16:00:00,2023-05-02 12:00:00,0.485,0.025,HOLD,,1,-1
2023-05-02 20:00:00,2023-05-02 16:00:00,0.4834,0.025,HOLD,,1,-1
2023-05-03 00:00:00,2023-05-02 20:00:00,0.4807,0.025,HOLD,,1,-1
2023-05-03 04:00:00,2023-05-03 00:00:00,0.4773,0.025,HOLD,,1,-1
2023-05-03 08:00:00,2023-05-03 04:00:00,0.4773,0.025,HOLD,,1,-1
2023-05-03 12:00:00,2023-05-03 08:00:00,0.4775,0.025,HOLD,,0,-1
2023-05-03 16:00:00,2023-05-03 12:00:00,0.4795,0.025,HOLD,,0,-1
2023-05-03 20:00:00,2023-05-03 16:00:00,0.4793,0.025,HOLD,,0,-1
2023-05-04 00:00:00,2023-05-03 20:00:00,0.477,0.025,HOLD,,0,-1
2023-05-04 04:00:00,2023-05-04 00:00:00,0.4745,0.025,SELL,True,0,0
2023-05-04 08:00:00,2023-05-04 04:00:00,0.4739,0.025,SELL,True,0,0
2023-05-04 12:00:00,2023-05-04 08:00:00,0.4732,0.025,SELL,True,0,0
2023-05-04 16:00:00,2023-05-04 12:00:00,0.4721,0.025,SELL,False,1,0
2023-05-04 20:00:00,2023-05-04 16:00:00,0.4714,0.025,SELL,False,1,0
2023-05-05 00:00:00,2023-05-04 20:00:00,0.4673,0.025,SELL,True,0,0
2023-05-05 04:00:00,2023-05-05 00:00:00,0.4684,0.025,SELL,False,1,0
2023-05-05 08:00:00,2023-05-05 04:00:00,0.469,0.025,SELL,False,1,0
2023-05-05 12:00:00,2023-05-05 08:00:00,0.4696,0.025,SELL,False,1,0
2023-05-05 16:00:00,2023-05-05 12:00:00,0.4672,0.025,SELL,True,0,0
2023-05-05 20:00:00,2023-05-05 16:00:00,0.4638,0.025,SELL,True,0,0
2023-05-08 00:00:00,2023-05-05 20:00:00,0.4676,0.025,SELL,True,0,0
2023-05-08 04:00:00,2023-05-08 00:00:00,0.4687,0.025,SELL,True,0,0
2023-05-08 08:00:00,2023-05-08 04:00:00,0.4628,0.025,SELL,True,0,0
2023-05-08 12:00:00,2023-05-08 08:00:00,0.4567,0.025,SELL,True,0,0
2023-05-08 16:00:00,2023-05-08 12:00:00,0.4565,0.025,SELL,True,0,0
2023-05-08 20:00:00,2023-05-08 16:00:00,0.4629,0.025,SELL,True,0,0
2023-05-09 00:00:00,2023-05-08 20:00:00,0.4661,0.025,SELL,True,0,0
2023-05-09 04:00:00,2023-05-09 00:00:00,0.4677,0.025,SELL,True,0,0
2023-05-09 08:00:00,2023-05-09 04:00:00,0.4701,0.025,SELL,True,0,0
2023-05-09 12:00:00,2023-05-09 08:00:00,0.469,0.025,SELL,False,1,0
2023-05-09 16:00:00,2023-05-09 12:00:00,0.4685,0.025,SELL,False,1,0
2023-05-09 20:00:00,2023-05-09 16:00:00,0.4688,0.025,SELL,False,1,0
2023-05-10 00:00:00,2023-05-09 20:00:00,0.4768,0.025,HOLD,,1,-1
2023-05-10 04:00:00,2023-05-10 00:00:00,0.4757,0.025,HOLD,,1,-1
2023-05-10 08:00:00,2023-05-10 04:00:00,0.4818,0.025,HOLD,,0,-1
2023-05-10 12:00:00,2023-05-10 08:00:00,0.4827,0.025,HOLD,,0,-1
2023-05-10 16:00:00,2023-05-10 12:00:00,0.4868,0.025,HOLD,,0,-1
2023-05-10 20:00:00,2023-05-10 16:00:00,0.487,0.025,HOLD,,0,-1
2023-05-11 00:00:00,2023-05-10 20:00:00,0.487,0.025,HOLD,,0,-1
2023-05-11 04:00:00,2023-05-11 00:00:00,0.4864,0.025,HOLD,,0,-1
2023-05-11 08:00:00,2023-05-11 04:00:00,0.4867,0.025,HOLD,,0,-1
2023-05-11 12:00:00,2023-05-11 08:00:00,0.4862,0.025,HOLD,,0,-1
2023-05-11 16:00:00,2023-05-11 12:00:00,0.4852,0.025,HOLD,,0,-1
2023-05-11 20:00:00,2023-05-11 16:00:00,0.4789,0.025,HOLD,,0,-1
2023-05-12 00:00:00,2023-05-11 20:00:00,0.4753,0.025,HOLD,,0,-1
2023-05-12 04:00:00,2023-05-12 00:00:00,0.4721,0.025,SELL,True,0,0
2023-05-12 08:00:00,2023-05-12 04:00:00,0.4713,0.025,SELL,True,0,0
2023-05-12 12:00:00,2023-05-12 08:00:00,0.4733,0.025,SELL,True,0,0
2023-05-12 16:00:00,2023-05-12 12:00:00,0.4719,0.025,SELL,False,1,0
2023-05-12 20:00:00,2023-05-12 16:00:00,0.4694,0.025,SELL,False,1,0
2023-05-15 00:00:00,2023-05-12 20:00:00,0.4735,0.025,SELL,False,1,0
2023-05-15 04:00:00,2023-05-15 00:00:00,0.4756,0.025,HOLD,,1,-1
2023-05-15 08:00:00,2023-05-15 04:00:00,0.4751,0.025,HOLD,,1,-1
2023-05-15 12:00:00,2023-05-15 08:00:00,0.4801,0.025,HOLD,,1,-1
2023-05-15 16:00:00,2023-05-15 12:00:00,0.4781,0.025,HOLD,,0,-1
2023-05-15 20:00:00,2023-05-15 16:00:00,0.475,0.025,HOLD,,0,-1
2023-05-16 00:00:00,2023-05-15 20:00:00,0.4745,0.025,SELL,True,0,0
2023-05-16 04:00:00,2023-05-16 00:00:00,0.4753,0.025,HOLD,,0,-1
2023-05-16 08:00:00,2023-05-16 04:00:00,0.4752,0.025,HOLD,,0,-1
2023-05-16 12:00:00,2023-05-16 08:00:00,0.4711,0.025,SELL,True,0,0
2023-05-16 16:00:00,2023-05-16 12:00:00,0.4695,0.025,SELL,True,0,0
2023-05-16 20:00:00,2023-05-16 16:00:00,0.4696,0.025,SELL,True,0,0
2023-05-17 00:00:00,2023-05-16 20:00:00,0.4673,0.025,SELL,True,0,0
2023-05-17 04:00:00,2023-05-17 00:00:00,0.4644,0.025,SELL,True,0,0
2023-05-17 08:00:00,2023-05-17 04:00:00,0.466,0.025,SELL,True,0,0
2023-05-17 12:00:00,2023-05-17 08:00:00,0.4637,0.025,SELL,True,0,0
2023-05-17 16:00:00,2023-05-17 12:00:00,0.4637,0.025,SELL,True,0,0
2023-05-17 20:00:00,2023-05-17 16:00:00,0.4703,0.025,SELL,True,0,0
2023-05-18 00:00:00,2023-05-17 20:00:00,0.4732,0.025,SELL,True,0,0
2023-05-18 04:00:00,2023-05-18 00:00:00,0.4736,0.025,SELL,True,0,0
2023-05-18 08:00:00,2023-05-18 04:00:00,0.4763,0.025,HOLD,,0,-1
2023-05-18 12:00:00,2023-05-18 08:00:00,0.4761,0.025,HOLD,,1,-1
2023-05-18 16:00:00,2023-05-18 12:00:00,0.4745,0.025,SELL,False,1,0
2023-05-18 20:00:00,2023-05-18 16:00:00,0.4693,0.025,SELL,False,1,0
2023-05-19 00:00:00,2023-05-18 20:00:00,0.4696,0.025,SELL,False,1,0
2023-05-19 04:00:00,2023-05-19 00:00:00,0.4695,0.025,SELL,False,1,0
2023-05-19 08:00:00,2023-05-19 04:00:00,0.4711,0.025,SELL,False,1,0
2023-05-19 12:00:00,2023-05-19 08:00:00,0.4731,0.025,SELL,False,1,0
2023-05-19 16:00:00,2023-05-19 12:00:00,0.4723,0.025,SELL,True,0,0
2023-05-19 20:00:00,2023-05-19 16:00:00,0.47,0.025,SELL,False,1,0
2023-05-22 00:00:00,2023-05-19 20:00:00,0.466,0.025,SELL,True,0,0
2023-05-22 04:00:00,2023-05-22 00:00:00,0.4605,0.025,SELL,True,0,0
2023-05-22 08:00:00,2023-05-22 04:00:00,0.4598,0.025,SELL,True,0,0
2023-05-22 12:00:00,2023-05-22 08:00:00,0.4596,0.025,SELL,True,0,0
2023-05-22 16:00:00,2023-05-22 12:00:00,0.4583,0.025,SELL,True,0,0
2023-05-22 20:00:00,2023-05-22 16:00:00,0.4586,0.025,SELL,True,0,0
2023-05-23 00:00:00,2023-05-22 20:00:00,0.4599,0.025,SELL,True,0,0
2023-05-23 04:00:00,2023-05-23 00:00:00,0.4601,0.025,SELL,True,0,0
2023-05-23 08:00:00,2023-05-23 04:00:00,0.4612,0.025,SELL,True,0,0
2023-05-23 12:00:00,2023-05-23 08:00:00,0.4652,0.025,SELL,False,1,0
2023-05-23 16:00:00,2023-05-23 12:00:00,0.4694,0.025,SELL,True,0,0
2023-05-23 20:00:00,2023-05-23 16:00:00,0.4718,0.025,SELL,True,0,0
2023-05-24 00:00:00,2023-05-23 20:00:00,0.4749,0.025,SELL,True,0,0
2023-05-24 04:00:00,2023-05-24 00:00:00,0.4759,0.025,HOLD,,0,-1
2023-05-24 08:00:00,2023-05-24 04:00:00,0.4787,0.025,HOLD,,0,-1
2023-05-24 12:00:00,2023-05-24 08:00:00,0.481,0.025,HOLD,,0,-1
2023-05-24 16:00:00,2023-05-24 12:00:00,0.4824,0.025,HOLD,,0,-1
2023-05-24 20:00:00,2023-05-24 16:00:00,0.4821,0.025,HOLD,,0,-1
2023-05-25 00:00:00,2023-05-24 20:00:00,0.4854,0.025,HOLD,,0,-1
2023-05-25 04:00:00,2023-05-25 00:00:00,0.4843,0.025,HOLD,,1,-1
2023-05-25 08:00:00,2023-05-25 04:00:00,0.4854,0.025,HOLD,,1,-1
2023-05-25 12:00:00,2023-05-25 08:00:00,0.4856,0.025,HOLD,,1,-1
2023-05-25 16:00:00,2023-05-25 12:00:00,0.4873,0.025,HOLD,,1,-1
2023-05-25 20:00:00,2023-05-25 16:00:00,0.4876,0.025,HOLD,,1,-1
2023-05-26 00:00:00,2023-05-25 20:00:00,0.4864,0.025,HOLD,,0,-1
2023-05-26 04:00:00,2023-05-26 00:00:00,0.4852,0.025,HOLD,,0,-1
2023-05-26 08:00:00,2023-05-26 04:00:00,0.4864,0.025,HOLD,,0,-1
2023-05-26 12:00:00,2023-05-26 08:00:00,0.4877,0.025,HOLD,,0,-1
2023-05-26 16:00:00,2023-05-26 12:00:00,0.4891,0.025,HOLD,,0,-1
2023-05-26 20:00:00,2023-05-26 16:00:00,0.4898,0.025,HOLD,,0,-1
2023-05-29 00:00:00,2023-05-26 20:00:00,0.494,0.025,HOLD,,0,-1
2023-05-29 04:00:00,2023-05-29 00:00:00,0.4943,0.025,HOLD,,0,-1
2023-05-29 08:00:00,2023-05-29 04:00:00,0.4941,0.025,HOLD,,0,-1
2023-05-29 12:00:00,2023-05-29 08:00:00,0.4938,0.025,HOLD,,1,-1
2023-05-29 16:00:00,2023-05-29 12:00:00,0.4962,0.025,HOLD,,1,-1
2023-05-29 20:00:00,2023-05-29 16:00:00,0.4952,0.025,HOLD,,1,-1
2023-05-30 00:00:00,2023-05-29 20:00:00,0.4974,0.025,HOLD,,1,-1
2023-05-30 04:00:00,2023-05-30 00:00:00,0.4959,0.025,HOLD,,0,-1
2023-05-30 08:00:00,2023-05-30 04:00:00,0.4959,0.025,HOLD,,0,-1
2023-05-30 12:00:00,2023-05-30 08:00:00,0.4985,0.025,HOLD,,0,-1
2023-05-30 16:00:00,2023-05-30 12:00:00,0.5013,0.025,HOLD,,0,-1
2023-05-30 20:00:00,2023-05-30 16:00:00,0.4999,0.025,HOLD,,0,-1
2023-05-31 00:00:00,2023-05-30 20:00:00,0.4954,0.025,HOLD,,0,-1
2023-05-31 04:00:00,2023-05-31 00:00:00,0.4928,0.025,HOLD,,0,-1
2023-05-31 08:00:00,2023-05-31 04:00:00,0.4929,0.025,HOLD,,1,-1
2023-05-31 12:00:00,2023-05-31 08:00:00,0.4942,0.025,HOLD,,1,-1
2023-05-31 16:00:00,2023-05-31 12:00:00,0.4931,0.025,HOLD,,1,-1
2023-05-31 20:00:00,2023-05-31 16:00:00,0.4954,0.025,HOLD,,1,-1
2023-06-01 00:00:00,2023-05-31 20:00:00,0.4945,0.025,HOLD,,1,-1
2023-06-01 04:00:00,2023-06-01 00:00:00,0.4897,0.025,HOLD,,1,-1
2023-06-01 08:00:00,2023-06-01 04:00:00,0.4882,0.025,HOLD,,1,-1
2023-06-01 12:00:00,2023-06-01 08:00:00,0.4877,0.025,HOLD,,1,-1
2023-06-01 16:00:00,2023-06-01 12:00:00,0.4861,0.025,HOLD,,0,-1
2023-06-01 20:00:00,2023-06-01 16:00:00,0.4816,0.025,HOLD,,0,-1
2023-06-02 00:00:00,2023-06-01 20:00:00,0.4776,0.025,HOLD,,0,-1
2023-06-02 04:00:00,2023-06-02 00:00:00,0.4768,0.025,HOLD,,0,-1
2023-06-02 08:00:00,2023-06-02 04:00:00,0.4755,0.025,HOLD,,0,-1
2023-06-02 12:00:00,2023-06-02 08:00:00,0.4774,0.025,HOLD,,0,-1
2023-06-02 16:00:00,2023-06-02 12:00:00,0.4772,0.025,HOLD,,1,-1
2023-06-02 20:00:00,2023-06-02 16:00:00,0.4757,0.025,HOLD,,1,-1
2023-06-05 00:00:00,2023-06-02 20:00:00,0.4762,0.025,HOLD,,1,-1
2023-06-05 04:00:00,2023-06-05 00:00:00,0.4743,0.025,SELL,False,1,0
2023-06-05 08:00:00,2023-06-05 04:00:00,0.4712,0.025,SELL,False,1,0
2023-06-05 12:00:00,2023-06-05 08:00:00,0.4763,0.025,HOLD,,0,-1
2023-06-05 16:00:00,2023-06-05 12:00:00,0.4778,0.025,HOLD,,0,-1
2023-06-05 20:00:00,2023-06-05 16:00:00,0.4792,0.025,HOLD,,0,-1
2023-06-06 00:00:00,2023-06-05 20:00:00,0.4799,0.025,HOLD,,0,-1
2023-06-06 04:00:00,2023-06-06 00:00:00,0.48,0.025,HOLD,,0,-1
2023-06-06 08:00:00,2023-06-06 04:00:00,0.4802,0.025,HOLD,,0,-1
2023-06-06 12:00:00,2023-06-06 08:00:00,0.4793,0.025,HOLD,,1,-1
2023-06-06 16:00:00,2023-06-06 12:00:00,0.481,0.025,HOLD,,1,-1
2023-06-06 20:00:00,2023-06-06 16:00:00,0.4823,0.025,HOLD,,1,-1
2023-06-07 00:00:00,2023-06-06 20:00:00,0.4798,0.025,HOLD,,1,-1
2023-06-07 04:00:00,2023-06-07 00:00:00,0.4844,0.025,HOLD,,1,-1
2023-06-07 08:00:00,2023-06-07 04:00:00,0.4864,0.025,HOLD,,1,-1
2023-06-07 12:00:00,2023-06-07 08:00:00,0.4881,0.025,HOLD,,1,-1
2023-06-07 16:00:00,2023-06-07 12:00:00,0.4856,0.025,HOLD,,1,-1
2023-06-07 20:00:00,2023-06-07 16:00:00,0.4859,0.025,HOLD,,1,-1
2023-06-08 00:00:00,2023-06-07 20:00:00,0.4857,0.025,HOLD,,1,-1
2023-06-08 04:00:00,2023-06-08 00:00:00,0.4903,0.025,HOLD,,1,-1
2023-06-08 08:00:00,2023-06-08 04:00:00,0.4891,0.025,HOLD,,1,-1
2023-06-08 12:00:00,2023-06-08 08:00:00,0.4872,0.025,HOLD,,1,-1
2023-06-08 16:00:00,2023-06-08 12:00:00,0.4886,0.025,HOLD,,0,-1
2023-06-08 20:00:00,2023-06-08 16:00:00,0.4909,0.025,HOLD,,0,-1
2023-06-09 00:00:00,2023-06-08 20:00:00,0.4963,0.025,HOLD,,0,-1
2023-06-09 04:00:00,2023-06-09 00:00:00,0.4941,0.025,HOLD,,0,-1
2023-06-09 08:00:00,2023-06-09 04:00:00,0.4919,0.025,HOLD,,1,-1
2023-06-09 12:00:00,2023-06-09 08:00:00,0.4888,0.025,HOLD,,0,-1
2023-06-09 16:00:00,2023-06-09 12:00:00,0.4901,0.025,HOLD,,1,-1
2023-06-09 20:00:00,2023-06-09 16:00:00,0.4912,0.025,HOLD,,1,-1
2023-06-12 00:00:00,2023-06-09 20:00:00,0.4872,0.025,HOLD,,1,-1
2023-06-12 04:00:00,2023-06-12 00:00:00,0.4825,0.025,HOLD,,1,-1
2023-06-12 08:00:00,2023-06-12 04:00:00,0.4835,0.025,HOLD,,1,-1
2023-06-12 12:00:00,2023-06-12 08:00:00,0.4826,0.025,HOLD,,1,-1
2023-06-12 16:00:00,2023-06-12 12:00:00,0.4831,0.025,HOLD,,1,-1
2023-06-12 20:00:00,2023-06-12 16:00:00,0.4827,0.025,HOLD,,1,-1
2023-06-13 00:00:00,2023-06-12 20:00:00,0.4841,0.025,HOLD,,1,-1
2023-06-13 04:00:00,2023-06-13 00:00:00,0.4827,0.025,HOLD,,1,-1
2023-06-13 08:00:00,2023-06-13 04:00:00,0.4834,0.025,HOLD,,0,-1
2023-06-13 12:00:00,2023-06-13 08:00:00,0.4846,0.025,HOLD,,1,-1
2023-06-13 16:00:00,2023-06-13 12:00:00,0.4834,0.025,HOLD,,1,-1
2023-06-13 20:00:00,2023-06-13 16:00:00,0.4801,0.025,HOLD,,1,-1
2023-06-14 00:00:00,2023-06-13 20:00:00,0.478,0.025,HOLD,,1,-1
2023-06-14 04:00:00,2023-06-14 00:00:00,0.477,0.025,HOLD,,1,-1
2023-06-14 08:00:00,2023-06-14 04:00:00,0.4768,0.025,HOLD,,1,-1
2023-06-14 12:00:00,2023-06-14 08:00:00,0.4772,0.025,HOLD,,1,-1
2023-06-14 16:00:00,2023-06-14 12:00:00,0.478,0.025,HOLD,,1,-1
2023-06-14 20:00:00,2023-06-14 16:00:00,0.479,0.025,HOLD,,1,-1
2023-06-15 00:00:00,2023-06-14 20:00:00,0.476,0.025,HOLD,,1,-1
2023-06-15 04:00:00,2023-06-15 00:00:00,0.4716,0.025,SELL,False,1,0
2023-06-15 08:00:00,2023-06-15 04:00:00,0.4724,0.025,SELL,False,1,0
2023-06-15 12:00:00,2023-06-15 08:00:00,0.4725,0.025,SELL,False,1,0
2023-06-15 16:00:00,2023-06-15 12:00:00,0.4739,0.025,SELL,True,0,0
2023-06-15 20:00:00,2023-06-15 16:00:00,0.4736,0.025,SELL,True,0,0
2023-06-16 00:00:00,2023-06-15 20:00:00,0.4747,0.025,SELL,True,0,0
2023-06-16 04:00:00,2023-06-16 00:00:00,0.4751,0.025,HOLD,,0,-1
2023-06-16 08:00:00,2023-06-16 04:00:00,0.4748,0.025,SELL,True,0,0
2023-06-16 12:00:00,2023-06-16 08:00:00,0.4737,0.025,SELL,True,0,0
2023-06-16 16:00:00,2023-06-16 12:00:00,0.4733,0.025,SELL,True,0,0
2023-06-16 20:00:00,2023-06-16 16:00:00,0.472,0.025,SELL,True,0,0
2023-06-19 00:00:00,2023-06-16 20:00:00,0.4719,0.025,SELL,True,0,0
2023-06-19 04:00:00,2023-06-19 00:00:00,0.4716,0.025,SELL,True,0,0
2023-06-19 08:00:00,2023-06-19 04:00:00,0.47,0.025,SELL,False,1,0
2023-06-19 12:00:00,2023-06-19 08:00:00,0.4728,0.025,SELL,True,0,0
2023-06-19 16:00:00,2023-06-19 12:00:00,0.4771,0.025,HOLD,,0,-1
2023-06-19 20:00:00,2023-06-19 16:00:00,0.4774,0.025,HOLD,,0,-1
2023-06-20 00:00:00,2023-06-19 20:00:00,0.4769,0.025,HOLD,,0,-1
2023-06-20 04:00:00,2023-06-20 00:00:00,0.4765,0.025,HOLD,,1,-1
2023-06-20 08:00:00,2023-06-20 04:00:00,0.4766,0.025,HOLD,,0,-1
2023-06-20 12:00:00,2023-06-20 08:00:00,0.4793,0.025,HOLD,,1,-1
2023-06-20 16:00:00,2023-06-20 12:00:00,0.482,0.025,HOLD,,1,-1
2023-06-20 20:00:00,2023-06-20 16:00:00,0.4843,0.025,HOLD,,1,-1
2023-06-21 00:00:00,2023-06-20 20:00:00,0.4853,0.025,HOLD,,1,-1
2023-06-21 04:00:00,2023-06-21 00:00:00,0.4843,0.025,HOLD,,1,-1
2023-06-21 08:00:00,2023-06-21 04:00:00,0.4842,0.025,HOLD,,1,-1
2023-06-21 12:00:00,2023-06-21 08:00:00,0.4826,0.025,HOLD,,1,-1
2023-06-21 16:00:00,2023-06-21 12:00:00,0.4846,0.025,HOLD,,0,-1
2023-06-21 20:00:00,2023-06-21 16:00:00,0.4876,0.025,HOLD,,0,-1
2023-06-22 00:00:00,2023-06-21 20:00:00,0.4908,0.025,HOLD,,0,-1
2023-06-22 04:00:00,2023-06-22 00:00:00,0.4918,0.025,HOLD,,0,-1
2023-06-22 08:00:00,2023-06-22 04:00:00,0.4884,0.025,HOLD,,0,-1
2023-06-22 12:00:00,2023-06-22 08:00:00,0.4886,0.025,HOLD,,0,-1
2023-06-22 16:00:00,2023-06-22 12:00:00,0.4889,0.025,HOLD,,0,-1
2023-06-22 20:00:00,2023-06-22 16:00:00,0.492,0.025,HOLD,,0,-1
2023-06-23 00:00:00,2023-06-22 20:00:00,0.4969,0.025,HOLD,,0,-1
2023-06-23 04:00:00,2023-06-23 00:00:00,0.4979,0.025,HOLD,,0,-1
2023-06-23 08:00:00,2023-06-23 04:00:00,0.4965,0.025,HOLD,,1,-1
2023-06-23 12:00:00,2023-06-23 08:00:00,0.4965,0.025,HOLD,,1,-1
2023-06-23 16:00:00,2023-06-23 12:00:00,0.4976,0.025,HOLD,,1,-1
2023-06-23 20:00:00,2023-06-23 16:00:00,0.4977,0.025,HOLD,,1,-1
2023-06-26 00:00:00,2023-06-23 20:00:00,0.4985,0.025,HOLD,,0,-1
2023-06-26 04:00:00,2023-06-26 00:00:00,0.4969,0.025,HOLD,,1,-1
2023-06-26 08:00:00,2023-06-26 04:00:00,0.4957,0.025,HOLD,,1,-1
2023-06-26 12:00:00,2023-06-26 08:00:00,0.4956,0.025,HOLD,,1,-1
2023-06-26 16:00:00,2023-06-26 12:00:00,0.4953,0.025,HOLD,,1,-1
2023-06-26 20:00:00,2023-06-26 16:00:00,0.4969,0.025,HOLD,,1,-1
2023-06-27 00:00:00,2023-06-26 20:00:00,0.4968,0.025,HOLD,,1,-1
2023-06-27 04:00:00,2023-06-27 00:00:00,0.4975,0.025,HOLD,,1,-1
2023-06-27 08:00:00,2023-06-27 04:00:00,0.4969,0.025,HOLD,,1,-1
2023-06-27 12:00:00,2023-06-27 08:00:00,0.4971,0.025,HOLD,,0,-1
2023-06-27 16:00:00,2023-06-27 12:00:00,0.4986,0.025,HOLD,,0,-1
2023-06-27 20:00:00,2023-06-27 16:00:00,0.499,0.025,HOLD,,0,-1
2023-06-28 00:00:00,2023-06-27 20:00:00,0.4985,0.025,HOLD,,0,-1
2023-06-28 04:00:00,2023-06-28 00:00:00,0.4985,0.025,HOLD,,0,-1
2023-06-28 08:00:00,2023-06-28 04:00:00,0.4981,0.025,HOLD,,0,-1
2023-06-28 12:00:00,2023-06-28 08:00:00,0.4974,0.025,HOLD,,0,-1
2023-06-28 16:00:00,2023-06-28 12:00:00,0.4988,0.025,HOLD,,0,-1
2023-06-28 20:00:00,2023-06-28 16:00:00,0.5001,0.025,HOLD,,0,-1
2023-06-29 00:00:00,2023-06-28 20:00:00,0.5051,0.025,HOLD,,0,-1
2023-06-29 04:00:00,2023-06-29 00:00:00,0.5072,0.025,HOLD,,0,-1
2023-06-29 08:00:00,2023-06-29 04:00:00,0.5093,0.025,HOLD,,0,-1
2023-06-29 12:00:00,2023-06-29 08:00:00,0.5083,0.025,HOLD,,1,-1
2023-06-29 16:00:00,2023-06-29 12:00:00,0.5101,0.025,HOLD,,1,-1
2023-06-29 20:00:00,2023-06-29 16:00:00,0.5093,0.025,HOLD,,1,-1
2023-06-30 00:00:00,2023-06-29 20:00:00,0.5092,0.025,HOLD,,1,-1
2023-06-30 04:00:00,2023-06-30 00:00:00,0.5071,0.025,HOLD,,1,-1
2023-06-30 08:00:00,2023-06-30 04:00:00,0.5056,0.025,HOLD,,1,-1
2023-06-30 12:00:00,2023-06-30 08:00:00,0.5068,0.025,HOLD,,1,-1
2023-06-30 16:00:00,2023-06-30 12:00:00,0.5042,0.025,HOLD,,0,-1
2023-06-30 20:00:00,2023-06-30 16:00:00,0.5022,0.025,HOLD,,1,-1
2023-07-03 00:00:00,2023-06-30 20:00:00,0.4999,0.025,HOLD,,1,-1
2023-07-03 04:00:00,2023-07-03 00:00:00,0.4962,0.025,HOLD,,0,-1
2023-07-03 08:00:00,2023-07-03 04:00:00,0.497,0.025,HOLD,,1,-1
2023-07-03 12:00:00,2023-07-03 08:00:00,0.4938,0.025,HOLD,,0,-1
2023-07-03 16:00:00,2023-07-03 12:00:00,0.4912,0.025,HOLD,,0,-1
2023-07-03 20:00:00,2023-07-03 16:00:00,0.4929,0.025,HOLD,,0,-1
2023-07-04 00:00:00,2023-07-03 20:00:00,0.493,0.025,HOLD,,0,-1
2023-07-04 04:00:00,2023-07-04 00:00:00,0.4881,0.025,HOLD,,0,-1
2023-07-04 08:00:00,2023-07-04 04:00:00,0.4835,0.025,HOLD,,0,-1
2023-07-04 12:00:00,2023-07-04 08:00:00,0.4841,0.025,HOLD,,0,-1
2023-07-04 16:00:00,2023-07-04 12:00:00,0.4862,0.025,HOLD,,0,-1
2023-07-04 20:00:00,2023-07-04 16:00:00,0.4892,0.025,HOLD,,0,-1
2023-07-05 00:00:00,2023-07-04 20:00:00,0.4892,0.025,HOLD,,0,-1
2023-07-05 04:00:00,2023-07-05 00:00:00,0.4863,0.025,HOLD,,0,-1
2023-07-05 08:00:00,2023-07-05 04:00:00,0.4858,0.025,HOLD,,0,-1
2023-07-05 12:00:00,2023-07-05 08:00:00,0.486,0.025,HOLD,,0,-1
2023-07-05 16:00:00,2023-07-05 12:00:00,0.4857,0.025,HOLD,,1,-1
2023-07-05 20:00:00,2023-07-05 16:00:00,0.4834,0.025,HOLD,,1,-1
2023-07-06 00:00:00,2023-07-05 20:00:00,0.4817,0.025,HOLD,,1,-1
2023-07-06 04:00:00,2023-07-06 00:00:00,0.4768,0.025,HOLD,,1,-1
2023-07-06 08:00:00,2023-07-06 04:00:00,0.4756,0.025,HOLD,,1,-1
2023-07-06 12:00:00,2023-07-06 08:00:00,0.4744,0.025,SELL,False,1,0
2023-07-06 16:00:00,2023-07-06 12:00:00,0.476,0.025,HOLD,,1,-1
2023-07-06 20:00:00,2023-07-06 16:00:00,0.475,0.025,HOLD,,1,-1
2023-07-07 00:00:00,2023-07-06 20:00:00,0.4701,0.025,SELL,False,1,0
2023-07-07 04:00:00,2023-07-07 00:00:00,0.468,0.025,SELL,False,1,0
2023-07-07 08:00:00,2023-07-07 04:00:00,0.4698,0.025,SELL,False,1,0
2023-07-07 12:00:00,2023-07-07 08:00:00,0.47,0.025,SELL,False,1,0
2023-07-07 16:00:00,2023-07-07 12:00:00,0.4701,0.025,SELL,False,1,0
2023-07-07 20:00:00,2023-07-07 16:00:00,0.4776,0.025,HOLD,,1,-1
2023-07-10 00:00:00,2023-07-07 20:00:00,0.4814,0.025,HOLD,,1,-1
2023-07-10 04:00:00,2023-07-10 00:00:00,0.4809,0.025,HOLD,,1,-1
2023-07-10 08:00:00,2023-07-10 04:00:00,0.4796,0.025,HOLD,,1,-1
2023-07-10 12:00:00,2023-07-10 08:00:00,0.4843,0.025,HOLD,,1,-1
2023-07-10 16:00:00,2023-07-10 12:00:00,0.487,0.025,HOLD,,1,-1
2023-07-10 20:00:00,2023-07-10 16:00:00,0.4895,0.025,HOLD,,1,-1
2023-07-11 00:00:00,2023-07-10 20:00:00,0.4883,0.025,HOLD,,1,-1
2023-07-11 04:00:00,2023-07-11 00:00:00,0.4891,0.025,HOLD,,1,-1
2023-07-11 08:00:00,2023-07-11 04:00:00,0.4837,0.025,HOLD,,1,-1
2023-07-11 12:00:00,2023-07-11 08:00:00,0.4815,0.025,HOLD,,1,-1
2023-07-11 16:00:00,2023-07-11 12:00:00,0.4775,0.025,HOLD,,1,-1
2023-07-11 20:00:00,2023-07-11 16:00:00,0.4771,0.025,HOLD,,1,-1
2023-07-12 00:00:00,2023-07-11 20:00:00,0.4746,0.025,SELL,False,1,0
2023-07-12 04:00:00,2023-07-12 00:00:00,0.474,0.025,SELL,False,1,0
2023-07-12 08:00:00,2023-07-12 04:00:00,0.4734,0.025,SELL,False,1,0
2023-07-12 12:00:00,2023-07-12 08:00:00,0.4742,0.025,SELL,False,1,0
2023-07-12 16:00:00,2023-07-12 12:00:00,0.4726,0.025,SELL,False,1,0
2023-07-12 20:00:00,2023-07-12 16:00:00,0.4711,0.025,SELL,False,1,0
2023-07-13 00:00:00,2023-07-12 20:00:00,0.4683,0.025,SELL,False,1,0
2023-07-13 04:00:00,2023-07-13 00:00:00,0.4637,0.025,SELL,False,1,0
2023-07-13 08:00:00,2023-07-13 04:00:00,0.4609,0.025,SELL,False,1,0
2023-07-13 12:00:00,2023-07-13 08:00:00,0.4598,0.025,SELL,False,1,0
2023-07-13 16:00:00,2023-07-13 12:00:00,0.4589,0.025,SELL,False,1,0
2023-07-13 20:00:00,2023-07-13 16:00:00,0.4567,0.025,SELL,False,1,0
2023-07-14 00:00:00,2023-07-13 20:00:00,0.4559,0.025,SELL,False,1,0
2023-07-14 04:00:00,2023-07-14 00:00:00,0.4542,0.025,SELL,True,0,0
2023-07-14 08:00:00,2023-07-14 04:00:00,0.4497,0.025,SELL,False,1,0
2023-07-14 12:00:00,2023-07-14 08:00:00,0.4482,0.025,SELL,False,1,0
2023-07-14 16:00:00,2023-07-14 12:00:00,0.4476,0.025,SELL,True,0,0
2023-07-14 20:00:00,2023-07-14 16:00:00,0.4486,0.025,SELL,False,1,0
2023-07-17 00:00:00,2023-07-14 20:00:00,0.4539,0.025,SELL,False,1,0
2023-07-17 04:00:00,2023-07-17 00:00:00,0.454,0.025,SELL,False,1,0
2023-07-17 08:00:00,2023-07-17 04:00:00,0.4515,0.025,SELL,True,0,0
2023-07-17 12:00:00,2023-07-17 08:00:00,0.45,0.025,SELL,False,1,0
2023-07-17 16:00:00,2023-07-17 12:00:00,0.4513,0.025,SELL,True,0,0
2023-07-17 20:00:00,2023-07-17 16:00:00,0.4499,0.025,SELL,True,0,0
2023-07-18 00:00:00,2023-07-17 20:00:00,0.4541,0.025,SELL,True,0,0
2023-07-18 04:00:00,2023-07-18 00:00:00,0.4574,0.025,SELL,True,0,0
2023-07-18 08:00:00,2023-07-18 04:00:00,0.4581,0.025,SELL,True,0,0
2023-07-18 12:00:00,2023-07-18 08:00:00,0.4612,0.025,SELL,True,0,0
2023-07-18 16:00:00,2023-07-18 12:00:00,0.4607,0.025,SELL,True,0,0
2023-07-18 20:00:00,2023-07-18 16:00:00,0.4578,0.025,SELL,True,0,0
2023-07-19 00:00:00,2023-07-18 20:00:00,0.4594,0.025,SELL,True,0,0
2023-07-19 04:00:00,2023-07-19 00:00:00,0.46,0.025,SELL,True,0,0
2023-07-19 08:00:00,2023-07-19 04:00:00,0.461,0.025,SELL,True,0,0
2023-07-19 12:00:00,2023-07-19 08:00:00,0.4636,0.025,SELL,True,0,0
2023-07-19 16:00:00,2023-07-19 12:00:00,0.4649,0.025,SELL,True,0,0
2023-07-19 20:00:00,2023-07-19 16:00:00,0.4669,0.025,SELL,True,0,0
2023-07-20 00:00:00,2023-07-19 20:00:00,0.4734,0.025,SELL,True,0,0
2023-07-20 04:00:00,2023-07-20 00:00:00,0.4724,0.025,SELL,True,0,0
2023-07-20 08:00:00,2023-07-20 04:00:00,0.4712,0.025,SELL,True,0,0
2023-07-20 12:00:00,2023-07-20 08:00:00,0.4689,0.025,SELL,True,0,0
2023-07-20 16:00:00,2023-07-20 12:00:00,0.471,0.025,SELL,True,0,0
2023-07-20 20:00:00,2023-07-20 16:00:00,0.4726,0.025,SELL,True,0,0
2023-07-21 00:00:00,2023-07-20 20:00:00,0.4759,0.025,HOLD,,0,-1
2023-07-21 04:00:00,2023-07-21 00:00:00,0.4784,0.025,HOLD,,0,-1
2023-07-21 08:00:00,2023-07-21 04:00:00,0.4808,0.025,HOLD,,0,-1
2023-07-21 12:00:00,2023-07-21 08:00:00,0.4801,0.025,HOLD,,0,-1
2023-07-21 16:00:00,2023-07-21 12:00:00,0.4831,0.025,HOLD,,0,-1
2023-07-21 20:00:00,2023-07-21 16:00:00,0.4832,0.025,HOLD,,0,-1
2023-07-24 00:00:00,2023-07-21 20:00:00,0.4844,0.025,HOLD,,0,-1
2023-07-24 04:00:00,2023-07-24 00:00:00,0.4848,0.025,HOLD,,0,-1
2023-07-24 08:00:00,2023-07-24 04:00:00,0.4845,0.025,HOLD,,0,-1
2023-07-24 12:00:00,2023-07-24 08:00:00,0.4866,0.025,HOLD,,0,-1
2023-07-24 16:00:00,2023-07-24 12:00:00,0.4875,0.025,HOLD,,0,-1
2023-07-24 20:00:00,2023-07-24 16:00:00,0.4896,0.025,HOLD,,0,-1
2023-07-25 00:00:00,2023-07-24 20:00:00,0.4937,0.025,HOLD,,0,-1
2023-07-25 04:00:00,2023-07-25 00:00:00,0.4906,0.025,HOLD,,0,-1
2023-07-25 08:00:00,2023-07-25 04:00:00,0.4922,0.025,HOLD,,1,-1
2023-07-25 12:00:00,2023-07-25 08:00:00,0.4951,0.025,HOLD,,1,-1
2023-07-25 16:00:00,2023-07-25 12:00:00,0.4966,0.025,HOLD,,1,-1
2023-07-25 20:00:00,2023-07-25 16:00:00,0.4947,0.025,HOLD,,1,-1
2023-07-26 00:00:00,2023-07-25 20:00:00,0.4942,0.025,HOLD,,1,-1
2023-07-26 04:00:00,2023-07-26 00:00:00,0.4946,0.025,HOLD,,1,-1
2023-07-26 08:00:00,2023-07-26 04:00:00,0.4952,0.025,HOLD,,1,-1
2023-07-26 12:00:00,2023-07-26 08:00:00,0.4968,0.025,HOLD,,0,-1
2023-07-26 16:00:00,2023-07-26 12:00:00,0.4997,0.025,HOLD,,0,-1
2023-07-26 20:00:00,2023-07-26 16:00:00,0.4994,0.025,HOLD,,0,-1
2023-07-27 00:00:00,2023-07-26 20:00:00,0.4991,0.025,HOLD,,0,-1
2023-07-27 04:00:00,2023-07-27 00:00:00,0.4965,0.025,HOLD,,0,-1
2023-07-27 08:00:00,2023-07-27 04:00:00,0.4991,0.025,HOLD,,0,-1
2023-07-27 12:00:00,2023-07-27 08:00:00,0.4978,0.025,HOLD,,0,-1
2023-07-27 16:00:00,2023-07-27 12:00:00,0.499,0.025,HOLD,,1,-1
2023-07-27 20:00:00,2023-07-27 16:00:00,0.4982,0.025,HOLD,,1,-1
2023-07-28 00:00:00,2023-07-27 20:00:00,0.4973,0.025,HOLD,,1,-1
2023-07-28 04:00:00,2023-07-28 00:00:00,0.4946,0.025,HOLD,,1,-1
2023-07-28 08:00:00,2023-07-28 04:00:00,0.4979,0.025,HOLD,,1,-1
2023-07-28 12:00:00,2023-07-28 08:00:00,0.5018,0.025,HOLD,,1,-1
2023-07-28 16:00:00,2023-07-28 12:00:00,0.5043,0.025,HOLD,,0,-1
2023-07-28 20:00:00,2023-07-28 16:00:00,0.5064,0.025,HOLD,,0,-1
2023-07-31 00:00:00,2023-07-28 20:00:00,0.5089,0.025,HOLD,,0,-1
2023-07-31 04:00:00,2023-07-31 00:00:00,0.5082,0.025,HOLD,,0,-1
2023-07-31 08:00:00,2023-07-31 04:00:00,0.5093,0.025,HOLD,,0,-1
2023-07-31 12:00:00,2023-07-31 08:00:00,0.5109,0.025,HOLD,,0,-1
2023-07-31 16:00:00,2023-07-31 12:00:00,0.5107,0.025,HOLD,,0,-1
2023-07-31 20:00:00,2023-07-31 16:00:00,0.5068,0.025,HOLD,,0,-1
2023-08-01 00:00:00,2023-07-31 20:00:00,0.5068,0.025,HOLD,,1,-1
2023-08-01 04:00:00,2023-08-01 00:00:00,0.5066,0.025,HOLD,,0,-1
2023-08-01 08:00:00,2023-08-01 04:00:00,0.5067,0.025,HOLD,,1,-1
2023-08-01 12:00:00,2023-08-01 08:00:00,0.5052,0.025,HOLD,,1,-1
2023-08-01 16:00:00,2023-08-01 12:00:00,0.5058,0.025,HOLD,,0,-1
2023-08-01 20:00:00,2023-08-01 16:00:00,0.5068,0.025,HOLD,,0,-1
2023-08-02 00:00:00,2023-08-01 20:00:00,0.5077,0.025,HOLD,,0,-1
2023-08-02 04:00:00,2023-08-02 00:00:00,0.5083,0.025,HOLD,,0,-1
2023-08-02 08:00:00,2023-08-02 04:00:00,0.5075,0.025,HOLD,,0,-1
2023-08-02 12:00:00,2023-08-02 08:00:00,0.5085,0.025,HOLD,,0,-1
2023-08-02 16:00:00,2023-08-02 12:00:00,0.5123,0.025,HOLD,,1,-1
2023-08-02 20:00:00,2023-08-02 16:00:00,0.5136,0.025,HOLD,,1,-1
2023-08-03 00:00:00,2023-08-02 20:00:00,0.5137,0.025,HOLD,,1,-1
2023-08-03 04:00:00,2023-08-03 00:00:00,0.5156,0.025,HOLD,,1,-1
2023-08-03 08:00:00,2023-08-03 04:00:00,0.5156,0.025,HOLD,,1,-1
2023-08-03 12:00:00,2023-08-03 08:00:00,0.5147,0.025,HOLD,,1,-1
2023-08-03 16:00:00,2023-08-03 12:00:00,0.5207,0.025,HOLD,,1,-1
2023-08-03 20:00:00,2023-08-03 16:00:00,0.5204,0.025,HOLD,,1,-1
2023-08-04 00:00:00,2023-08-03 20:00:00,0.5134,0.025,HOLD,,1,-1
2023-08-04 04:00:00,2023-08-04 00:00:00,0.5069,0.025,HOLD,,1,-1
2023-08-04 08:00:00,2023-08-04 04:00:00,0.5037,0.025,HOLD,,1,-1
2023-08-04 12:00:00,2023-08-04 08:00:00,0.5035,0.025,HOLD,,1,-1
2023-08-04 16:00:00,2023-08-04 12:00:00,0.5006,0.025,HOLD,,0,-1
2023-08-04 20:00:00,2023-08-04 16:00:00,0.5011,0.025,HOLD,,0,-1
2023-08-07 00:00:00,2023-08-04 20:00:00,0.5006,0.025,HOLD,,0,-1
2023-08-07 04:00:00,2023-08-07 00:00:00,0.4978,0.025,HOLD,,0,-1
2023-08-07 08:00:00,2023-08-07 04:00:00,0.4962,0.025,HOLD,,1,-1
2023-08-07 12:00:00,2023-08-07 08:00:00,0.494,0.025,HOLD,,0,-1
2023-08-07 16:00:00,2023-08-07 12:00:00,0.4946,0.025,HOLD,,0,-1
2023-08-07 20:00:00,2023-08-07 16:00:00,0.4942,0.025,HOLD,,0,-1
2023-08-08 00:00:00,2023-08-07 20:00:00,0.4911,0.025,HOLD,,0,-1
2023-08-08 04:00:00,2023-08-08 00:00:00,0.4876,0.025,HOLD,,0,-1
2023-08-08 08:00:00,2023-08-08 04:00:00,0.4848,0.025,HOLD,,0,-1
2023-08-08 12:00:00,2023-08-08 08:00:00,0.4863,0.025,HOLD,,1,-1
2023-08-08 16:00:00,2023-08-08 12:00:00,0.4855,0.025,HOLD,,1,-1
2023-08-08 20:00:00,2023-08-08 16:00:00,0.4833,0.025,HOLD,,1,-1
2023-08-09 00:00:00,2023-08-08 20:00:00,0.4819,0.025,HOLD,,1,-1
2023-08-09 04:00:00,2023-08-09 00:00:00,0.4838,0.025,HOLD,,1,-1
2023-08-09 08:00:00,2023-08-09 04:00:00,0.4845,0.025,HOLD,,1,-1
2023-08-09 12:00:00,2023-08-09 08:00:00,0.4842,0.025,HOLD,,1,-1
2023-08-09 16:00:00,2023-08-09 12:00:00,0.4832,0.025,HOLD,,1,-1
2023-08-09 20:00:00,2023-08-09 16:00:00,0.4822,0.025,HOLD,,1,-1
2023-08-10 00:00:00,2023-08-09 20:00:00,0.484,0.025,HOLD,,1,-1
2023-08-10 04:00:00,2023-08-10 00:00:00,0.4823,0.025,HOLD,,1,-1
2023-08-10 08:00:00,2023-08-10 04:00:00,0.4827,0.025,HOLD,,0,-1
2023-08-10 12:00:00,2023-08-10 08:00:00,0.4824,0.025,HOLD,,0,-1
2023-08-10 16:00:00,2023-08-10 12:00:00,0.4819,0.025,HOLD,,0,-1
2023-08-10 20:00:00,2023-08-10 16:00:00,0.4817,0.025,HOLD,,0,-1
2023-08-11 00:00:00,2023-08-10 20:00:00,0.4851,0.025,HOLD,,0,-1
2023-08-11 04:00:00,2023-08-11 00:00:00,0.4859,0.025,HOLD,,0,-1
2023-08-11 08:00:00,2023-08-11 04:00:00,0.4891,0.025,HOLD,,0,-1
2023-08-11 12:00:00,2023-08-11 08:00:00,0.4883,0.025,HOLD,,0,-1
2023-08-11 16:00:00,2023-08-11 12:00:00,0.4877,0.025,HOLD,,0,-1
2023-08-11 20:00:00,2023-08-11 16:00:00,0.4925,0.025,HOLD,,0,-1
2023-08-14 00:00:00,2023-08-11 20:00:00,0.4978,0.025,HOLD,,0,-1
2023-08-14 04:00:00,2023-08-14 00:00:00,0.4989,0.025,HOLD,,0,-1
2023-08-14 08:00:00,2023-08-14 04:00:00,0.4984,0.025,HOLD,,0,-1
2023-08-14 12:00:00,2023-08-14 08:00:00,0.5,0.025,HOLD,,1,-1
2023-08-14 16:00:00,2023-08-14 12:00:00,0.5003,0.025,HOLD,,0,-1
2023-08-14 20:00:00,2023-08-14 16:00:00,0.502,0.025,HOLD,,0,-1
2023-08-15 00:00:00,2023-08-14 20:00:00,0.5027,0.025,HOLD,,0,-1
2023-08-15 04:00:00,2023-08-15 00:00:00,0.5014,0.025,HOLD,,1,-1
2023-08-15 08:00:00,2023-08-15 04:00:00,0.5013,0.025,HOLD,,1,-1
2023-08-15 12:00:00,2023-08-15 08:00:00,0.5034,0.025,HOLD,,0,-1
2023-08-15 16:00:00,2023-08-15 12:00:00,0.5026,0.025,HOLD,,0,-1
2023-08-15 20:00:00,2023-08-15 16:00:00,0.5013,0.025,HOLD,,0,-1
2023-08-16 00:00:00,2023-08-15 20:00:00,0.499,0.025,HOLD,,0,-1
2023-08-16 04:00:00,2023-08-16 00:00:00,0.4979,0.025,HOLD,,0,-1
2023-08-16 08:00:00,2023-08-16 04:00:00,0.4984,0.025,HOLD,,0,-1
2023-08-16 12:00:00,2023-08-16 08:00:00,0.4986,0.025,HOLD,,1,-1
2023-08-16 16:00:00,2023-08-16 12:00:00,0.4989,0.025,HOLD,,0,-1
2023-08-16 20:00:00,2023-08-16 16:00:00,0.5014,0.025,HOLD,,0,-1
2023-08-17 00:00:00,2023-08-16 20:00:00,0.5,0.025,HOLD,,1,-1
2023-08-17 04:00:00,2023-08-17 00:00:00,0.4976,0.025,HOLD,,1,-1
2023-08-17 08:00:00,2023-08-17 04:00:00,0.4974,0.025,HOLD,,0,-1
2023-08-17 12:00:00,2023-08-17 08:00:00,0.4978,0.025,HOLD,,0,-1
2023-08-17 16:00:00,2023-08-17 12:00:00,0.5009,0.025,HOLD,,0,-1
2023-08-17 20:00:00,2023-08-17 16:00:00,0.5027,0.025,HOLD,,0,-1
2023-08-18 00:00:00,2023-08-17 20:00:00,0.5019,0.025,HOLD,,0,-1
2023-08-18 04:00:00,2023-08-18 00:00:00,0.4992,0.025,HOLD,,0,-1
2023-08-18 08:00:00,2023-08-18 04:00:00,0.4972,0.025,HOLD,,1,-1
2023-08-18 12:00:00,2023-08-18 08:00:00,0.4953,0.025,HOLD,,1,-1
2023-08-18 16:00:00,2023-08-18 12:00:00,0.4961,0.025,HOLD,,1,-1
2023-08-18 20:00:00,2023-08-18 16:00:00,0.4962,0.025,HOLD,,1,-1
2023-08-21 00:00:00,2023-08-18 20:00:00,0.4927,0.025,HOLD,,1,-1
2023-08-21 04:00:00,2023-08-21 00:00:00,0.4889,0.025,HOLD,,1,-1
2023-08-21 08:00:00,2023-08-21 04:00:00,0.4891,0.025,HOLD,,1,-1
2023-08-21 12:00:00,2023-08-21 08:00:00,0.4884,0.025,HOLD,,0,-1
2023-08-21 16:00:00,2023-08-21 12:00:00,0.4883,0.025,HOLD,,0,-1
2023-08-21 20:00:00,2023-08-21 16:00:00,0.4869,0.025,HOLD,,0,-1
2023-08-22 00:00:00,2023-08-21 20:00:00,0.4871,0.025,HOLD,,0,-1
2023-08-22 04:00:00,2023-08-22 00:00:00,0.4872,0.025,HOLD,,0,-1
2023-08-22 08:00:00,2023-08-22 04:00:00,0.485,0.025,HOLD,,0,-1
2023-08-22 12:00:00,2023-08-22 08:00:00,0.4839,0.025,HOLD,,0,-1
2023-08-22 16:00:00,2023-08-22 12:00:00,0.4859,0.025,HOLD,,1,-1
2023-08-22 20:00:00,2023-08-22 16:00:00,0.4861,0.025,HOLD,,1,-1
2023-08-23 00:00:00,2023-08-22 20:00:00,0.4823,0.025,HOLD,,1,-1
2023-08-23 04:00:00,2023-08-23 00:00:00,0.4834,0.025,HOLD,,1,-1
2023-08-23 08:00:00,2023-08-23 04:00:00,0.4838,0.025,HOLD,,1,-1
2023-08-23 12:00:00,2023-08-23 08:00:00,0.4893,0.025,HOLD,,1,-1
2023-08-23 16:00:00,2023-08-23 12:00:00,0.4933,0.025,HOLD,,0,-1
2023-08-23 20:00:00,2023-08-23 16:00:00,0.4951,0.025,HOLD,,0,-1
2023-08-24 00:00:00,2023-08-23 20:00:00,0.4915,0.025,HOLD,,0,-1
2023-08-24 04:00:00,2023-08-24 00:00:00,0.4889,0.025,HOLD,,0,-1
2023-08-24 08:00:00,2023-08-24 04:00:00,0.4883,0.025,HOLD,,0,-1
2023-08-24 12:00:00,2023-08-24 08:00:00,0.4886,0.025,HOLD,,0,-1
2023-08-24 16:00:00,2023-08-24 12:00:00,0.4877,0.025,HOLD,,0,-1
2023-08-24 20:00:00,2023-08-24 16:00:00,0.4923,0.025,HOLD,,0,-1
2023-08-25 00:00:00,2023-08-24 20:00:00,0.4934,0.025,HOLD,,1,-1
2023-08-25 04:00:00,2023-08-25 00:00:00,0.493,0.025,HOLD,,1,-1
2023-08-25 08:00:00,2023-08-25 04:00:00,0.4961,0.025,HOLD,,1,-1
2023-08-25 12:00:00,2023-08-25 08:00:00,0.4969,0.025,HOLD,,0,-1
2023-08-25 16:00:00,2023-08-25 12:00:00,0.4971,0.025,HOLD,,1,-1
2023-08-25 20:00:00,2023-08-25 16:00:00,0.4963,0.025,HOLD,,1,-1
2023-08-28 00:00:00,2023-08-25 20:00:00,0.4972,0.025,HOLD,,1,-1
2023-08-28 04:00:00,2023-08-28 00:00:00,0.4957,0.025,HOLD,,1,-1
2023-08-28 08:00:00,2023-08-28 04:00:00,0.4967,0.025,HOLD,,1,-1
2023-08-28 12:00:00,2023-08-28 08:00:00,0.4989,0.025,HOLD,,0,-1
2023-08-28 16:00:00,2023-08-28 12:00:00,0.5011,0.025,HOLD,,1,-1
2023-08-28 20:00:00,2023-08-28 16:00:00,0.5014,0.025,HOLD,,1,-1
2023-08-29 00:00:00,2023-08-28 20:00:00,0.5042,0.025,HOLD,,1,-1
2023-08-29 04:00:00,2023-08-29 00:00:00,0.5045,0.025,HOLD,,1,-1
2023-08-29 08:00:00,2023-08-29 04:00:00,0.5064,0.025,HOLD,,1,-1
2023-08-29 12:00:00,2023-08-29 08:00:00,0.5073,0.025,HOLD,,1,-1
2023-08-29 16:00:00,2023-08-29 12:00:00,0.5057,0.025,HOLD,,1,-1
2023-08-29 20:00:00,2023-08-29 16:00:00,0.5052,0.025,HOLD,,1,-1
2023-08-30 00:00:00,2023-08-29 20:00:00,0.5028,0.025,HOLD,,1,-1
2023-08-30 04:00:00,2023-08-30 00:00:00,0.4994,0.025,HOLD,,1,-1
2023-08-30 08:00:00,2023-08-30 04:00:00,0.4976,0.025,HOLD,,1,-1
2023-08-30 12:00:00,2023-08-30 08:00:00,0.5001,0.025,HOLD,,0,-1
2023-08-30 16:00:00,2023-08-30 12:00:00,0.5,0.025,HOLD,,0,-1
2023-08-30 20:00:00,2023-08-30 16:00:00,0.4965,0.025,HOLD,,0,-1
2023-08-31 00:00:00,2023-08-30 20:00:00,0.5002,0.025,HOLD,,0,-1
2023-08-31 04:00:00,2023-08-31 00:00:00,0.4991,0.025,HOLD,,0,-1
2023-08-31 08:00:00,2023-08-31 04:00:00,0.4985,0.025,HOLD,,0,-1
2023-08-31 12:00:00,2023-08-31 08:00:00,0.4999,0.025,HOLD,,0,-1
2023-08-31 16:00:00,2023-08-31 12:00:00,0.5001,0.025,HOLD,,0,-1
2023-08-31 20:00:00,2023-08-31 16:00:00,0.4997,0.025,HOLD,,0,-1
2023-09-01 00:00:00,2023-08-31 20:00:00,0.4938,0.025,HOLD,,0,-1
2023-09-01 04:00:00,2023-09-01 00:00:00,0.494,0.025,HOLD,,0,-1
2023-09-01 08:00:00,2023-09-01 04:00:00,0.4935,0.025,HOLD,,0,-1
2023-09-01 12:00:00,2023-09-01 08:00:00,0.4944,0.025,HOLD,,0,-1
2023-09-01 16:00:00,2023-09-01 12:00:00,0.4961,0.025,HOLD,,1,-1
2023-09-01 20:00:00,2023-09-01 16:00:00,0.4994,0.025,HOLD,,1,-1
2023-09-04 00:00:00,2023-09-01 20:00:00,0.5025,0.025,HOLD,,1,-1
2023-09-04 04:00:00,2023-09-04 00:00:00,0.4986,0.025,HOLD,,1,-1
2023-09-04 08:00:00,2023-09-04 04:00:00,0.4999,0.025,HOLD,,0,-1
2023-09-04 12:00:00,2023-09-04 08:00:00,0.5005,0.025,HOLD,,0,-1
2023-09-04 16:00:00,2023-09-04 12:00:00,0.4994,0.025,HOLD,,0,-1
2023-09-04 20:00:00,2023-09-04 16:00:00,0.4986,0.025,HOLD,,0,-1
2023-09-05 00:00:00,2023-09-04 20:00:00,0.5003,0.025,HOLD,,0,-1
2023-09-05 04:00:00,2023-09-05 00:00:00,0.5023,0.025,HOLD,,0,-1
2023-09-05 08:00:00,2023-09-05 04:00:00,0.5038,0.025,HOLD,,0,-1
2023-09-05 12:00:00,2023-09-05 08:00:00,0.5004,0.025,HOLD,,0,-1
2023-09-05 16:00:00,2023-09-05 12:00:00,0.5008,0.025,HOLD,,0,-1
2023-09-05 20:00:00,2023-09-05 16:00:00,0.5001,0.025,HOLD,,1,-1
2023-09-06 00:00:00,2023-09-05 20:00:00,0.5082,0.025,HOLD,,1,-1
2023-09-06 04:00:00,2023-09-06 00:00:00,0.5113,0.025,HOLD,,0,-1
2023-09-06 08:00:00,2023-09-06 04:00:00,0.5111,0.025,HOLD,,0,-1
2023-09-06 12:00:00,2023-09-06 08:00:00,0.5109,0.025,HOLD,,0,-1
2023-09-06 16:00:00,2023-09-06 12:00:00,0.5105,0.025,HOLD,,0,-1
2023-09-06 20:00:00,2023-09-06 16:00:00,0.5168,0.025,HOLD,,0,-1
2023-09-07 00:00:00,2023-09-06 20:00:00,0.5166,0.025,HOLD,,0,-1
2023-09-07 04:00:00,2023-09-07 00:00:00,0.5148,0.025,HOLD,,0,-1
2023-09-07 08:00:00,2023-09-07 04:00:00,0.5174,0.025,HOLD,,1,-1
2023-09-07 12:00:00,2023-09-07 08:00:00,0.5173,0.025,HOLD,,1,-1
2023-09-07 16:00:00,2023-09-07 12:00:00,0.5162,0.025,HOLD,,1,-1
2023-09-07 20:00:00,2023-09-07 16:00:00,0.5141,0.025,HOLD,,1,-1
2023-09-08 00:00:00,2023-09-07 20:00:00,0.5137,0.025,HOLD,,0,-1
2023-09-08 04:00:00,2023-09-08 00:00:00,0.5091,0.025,HOLD,,1,-1
2023-09-08 08:00:00,2023-09-08 04:00:00,0.5083,0.025,HOLD,,1,-1
2023-09-08 12:00:00,2023-09-08 08:00:00,0.5071,0.025,HOLD,,1,-1
2023-09-08 16:00:00,2023-09-08 12:00:00,0.5076,0.025,HOLD,,1,-1
2023-09-08 20:00:00,2023-09-08 16:00:00,0.5085,0.025,HOLD,,1,-1
2023-09-11 00:00:00,2023-09-08 20:00:00,0.5072,0.025,HOLD,,1,-1
2023-09-11 04:00:00,2023-09-11 00:00:00,0.5022,0.025,HOLD,,1,-1
2023-09-11 08:00:00,2023-09-11 04:00:00,0.5019,0.025,HOLD,,0,-1
2023-09-11 12:00:00,2023-09-11 08:00:00,0.5037,0.025,HOLD,,0,-1
2023-09-11 16:00:00,2023-09-11 12:00:00,0.5037,0.025,HOLD,,0,-1
2023-09-11 20:00:00,2023-09-11 16:00:00,0.501,0.025,HOLD,,1,-1
2023-09-12 00:00:00,2023-09-11 20:00:00,0.4997,0.025,HOLD,,1,-1
2023-09-12 04:00:00,2023-09-12 00:00:00,0.4961,0.025,HOLD,,1,-1
2023-09-12 08:00:00,2023-09-12 04:00:00,0.4971,0.025,HOLD,,1,-1
2023-09-12 12:00:00,2023-09-12 08:00:00,0.4972,0.025,HOLD,,1,-1
2023-09-12 16:00:00,2023-09-12 12:00:00,0.4978,0.025,HOLD,,1,-1
2023-09-12 20:00:00,2023-09-12 16:00:00,0.4959,0.025,HOLD,,0,-1
2023-09-13 00:00:00,2023-09-12 20:00:00,0.4965,0.025,HOLD,,0,-1
2023-09-13 04:00:00,2023-09-13 00:00:00,0.4951,0.025,HOLD,,0,-1
2023-09-13 08:00:00,2023-09-13 04:00:00,0.4936,0.025,HOLD,,0,-1
2023-09-13 12:00:00,2023-09-13 08:00:00,0.4956,0.025,HOLD,,0,-1
2023-09-13 16:00:00,2023-09-13 12:00:00,0.4958,0.025,HOLD,,0,-1
2023-09-13 20:00:00,2023-09-13 16:00:00,0.4946,0.025,HOLD,,0,-1
2023-09-14 00:00:00,2023-09-13 20:00:00,0.4956,0.025,HOLD,,0,-1
2023-09-14 04:00:00,2023-09-14 00:00:00,0.4933,0.025,HOLD,,0,-1
2023-09-14 08:00:00,2023-09-14 04:00:00,0.4924,0.025,HOLD,,0,-1
2023-09-14 12:00:00,2023-09-14 08:00:00,0.4899,0.025,HOLD,,0,-1
2023-09-14 16:00:00,2023-09-14 12:00:00,0.4889,0.025,HOLD,,1,-1
2023-09-14 20:00:00,2023-09-14 16:00:00,0.4885,0.025,HOLD,,1,-1
2023-09-15 00:00:00,2023-09-14 20:00:00,0.4889,0.025,HOLD,,1,-1
2023-09-15 04:00:00,2023-09-15 00:00:00,0.4882,0.025,HOLD,,1,-1
2023-09-15 08:00:00,2023-09-15 04:00:00,0.4896,0.025,HOLD,,0,-1
2023-09-15 12:00:00,2023-09-15 08:00:00,0.4896,0.025,HOLD,,1,-1
2023-09-15 16:00:00,2023-09-15 12:00:00,0.4869,0.025,HOLD,,1,-1
2023-09-15 20:00:00,2023-09-15 16:00:00,0.4866,0.025,HOLD,,1,-1
2023-09-18 00:00:00,2023-09-15 20:00:00,0.4832,0.025,HOLD,,1,-1
2023-09-18 04:00:00,2023-09-18 00:00:00,0.4801,0.025,HOLD,,1,-1
2023-09-18 08:00:00,2023-09-18 04:00:00,0.4806,0.025,HOLD,,1,-1
2023-09-18 12:00:00,2023-09-18 08:00:00,0.4815,0.025,HOLD,,1,-1
2023-09-18 16:00:00,2023-09-18 12:00:00,0.4816,0.025,HOLD,,0,-1
2023-09-18 20:00:00,2023-09-18 16:00:00,0.4815,0.025,HOLD,,0,-1
2023-09-19 00:00:00,2023-09-18 20:00:00,0.4824,0.025,HOLD,,0,-1
2023-09-19 04:00:00,2023-09-19 00:00:00,0.4832,0.025,HOLD,,0,-1
2023-09-19 08:00:00,2023-09-19 04:00:00,0.4823,0.025,HOLD,,1,-1
2023-09-19 12:00:00,2023-09-19 08:00:00,0.4798,0.025,HOLD,,0,-1
2023-09-19 16:00:00,2023-09-19 12:00:00,0.4784,0.025,HOLD,,1,-1
2023-09-19 20:00:00,2023-09-19 16:00:00,0.4752,0.025,HOLD,,0,-1
2023-09-20 00:00:00,2023-09-19 20:00:00,0.4748,0.025,SELL,True,0,0
2023-09-20 04:00:00,2023-09-20 00:00:00,0.4762,0.025,HOLD,,0,-1
2023-09-20 08:00:00,2023-09-20 04:00:00,0.4771,0.025,HOLD,,0,-1
2023-09-20 12:00:00,2023-09-20 08:00:00,0.4785,0.025,HOLD,,0,-1
2023-09-20 16:00:00,2023-09-20 12:00:00,0.4788,0.025,HOLD,,0,-1
2023-09-20 20:00:00,2023-09-20 16:00:00,0.4808,0.025,HOLD,,0,-1
2023-09-21 00:00:00,2023-09-20 20:00:00,0.4804,0.025,HOLD,,1,-1
2023-09-21 04:00:00,2023-09-21 00:00:00,0.4777,0.025,HOLD,,1,-1
2023-09-21 08:00:00,2023-09-21 04:00:00,0.4771,0.025,HOLD,,0,-1
2023-09-21 12:00:00,2023-09-21 08:00:00,0.4793,0.025,HOLD,,1,-1
2023-09-21 16:00:00,2023-09-21 12:00:00,0.4785,0.025,HOLD,,0,-1
2023-09-21 20:00:00,2023-09-21 16:00:00,0.4794,0.025,HOLD,,0,-1
2023-09-22 00:00:00,2023-09-21 20:00:00,0.4742,0.025,SELL,True,0,0
2023-09-22 04:00:00,2023-09-22 00:00:00,0.473,0.025,SELL,True,0,0
2023-09-22 08:00:00,2023-09-22 04:00:00,0.4747,0.025,SELL,True,0,0
2023-09-22 12:00:00,2023-09-22 08:00:00,0.4776,0.025,HOLD,,0,-1
2023-09-22 16:00:00,2023-09-22 12:00:00,0.4798,0.025,HOLD,,0,-1
2023-09-22 20:00:00,2023-09-22 16:00:00,0.4806,0.025,HOLD,,0,-1
2023-09-25 00:00:00,2023-09-22 20:00:00,0.4809,0.025,HOLD,,0,-1
2023-09-25 04:00:00,2023-09-25 00:00:00,0.4803,0.025,HOLD,,0,-1
2023-09-25 08:00:00,2023-09-25 04:00:00,0.4805,0.025,HOLD,,0,-1
2023-09-25 12:00:00,2023-09-25 08:00:00,0.4824,0.025,HOLD,,0,-1
2023-09-25 16:00:00,2023-09-25 12:00:00,0.4826,0.025,HOLD,,0,-1
2023-09-25 20:00:00,2023-09-25 16:00:00,0.4805,0.025,HOLD,,0,-1
2023-09-26 00:00:00,2023-09-25 20:00:00,0.4839,0.025,HOLD,,0,-1
2023-09-26 04:00:00,2023-09-26 00:00:00,0.4849,0.025,HOLD,,0,-1
2023-09-26 08:00:00,2023-09-26 04:00:00,0.4855,0.025,HOLD,,0,-1
2023-09-26 12:00:00,2023-09-26 08:00:00,0.4858,0.025,HOLD,,0,-1
2023-09-26 16:00:00,2023-09-26 12:00:00,0.4849,0.025,HOLD,,0,-1
2023-09-26 20:00:00,2023-09-26 16:00:00,0.4837,0.025,HOLD,,0,-1
2023-09-27 00:00:00,2023-09-26 20:00:00,0.4842,0.025,HOLD,,0,-1
2023-09-27 04:00:00,2023-09-27 00:00:00,0.4816,0.025,HOLD,,0,-1
2023-09-27 08:00:00,2023-09-27 04:00:00,0.4845,0.025,HOLD,,0,-1
2023-09-27 12:00:00,2023-09-27 08:00:00,0.4858,0.025,HOLD,,0,-1
2023-09-27 16:00:00,2023-09-27 12:00:00,0.4914,0.025,HOLD,,1,-1
2023-09-27 20:00:00,2023-09-27 16:00:00,0.4914,0.025,HOLD,,1,-1
2023-09-28 00:00:00,2023-09-27 20:00:00,0.4998,0.025,HOLD,,1,-1
2023-09-28 04:00:00,2023-09-28 00:00:00,0.5024,0.025,HOLD,,1,-1
2023-09-28 08:00:00,2023-09-28 04:00:00,0.4997,0.025,HOLD,,1,-1
2023-09-28 12:00:00,2023-09-28 08:00:00,0.4993,0.025,HOLD,,1,-1
2023-09-28 16:00:00,2023-09-28 12:00:00,0.5016,0.025,HOLD,,1,-1
2023-09-28 20:00:00,2023-09-28 16:00:00,0.5026,0.025,HOLD,,1,-1
2023-09-29 00:00:00,2023-09-28 20:00:00,0.5012,0.025,HOLD,,1,-1
2023-09-29 04:00:00,2023-09-29 00:00:00,0.4988,0.025,HOLD,,0,-1
2023-09-29 08:00:00,2023-09-29 04:00:00,0.4973,0.025,HOLD,,0,-1
2023-09-29 12:00:00,2023-09-29 08:00:00,0.4981,0.025,HOLD,,0,-1
2023-09-29 16:00:00,2023-09-29 12:00:00,0.4982,0.025,HOLD,,0,-1
2023-09-29 20:00:00,2023-09-29 16:00:00,0.4975,0.025,HOLD,,0,-1
2023-10-02 00:00:00,2023-09-29 20:00:00,0.4955,0.025,HOLD,,0,-1
2023-10-02 04:00:00,2023-10-02 00:00:00,0.4946,0.025,HOLD,,0,-1
2023-10-02 08:00:00,2023-10-02 04:00:00,0.4966,0.025,HOLD,,0,-1
2023-10-02 12:00:00,2023-10-02 08:00:00,0.499,0.025,HOLD,,0,-1
2023-10-02 16:00:00,2023-10-02 12:00:00,0.4996,0.025,HOLD,,0,-1
2023-10-02 20:00:00,2023-10-02 16:00:00,0.4957,0.025,HOLD,,0,-1
2023-10-03 00:00:00,2023-10-02 20:00:00,0.4975,0.025,HOLD,,0,-1
2023-10-03 04:00:00,2023-10-03 00:00:00,0.4954,0.025,HOLD,,1,-1
2023-10-03 08:00:00,2023-10-03 04:00:00,0.4963,0.025,HOLD,,1,-1
2023-10-03 12:00:00,2023-10-03 08:00:00,0.4994,0.025,HOLD,,1,-1
2023-10-03 16:00:00,2023-10-03 12:00:00,0.5025,0.025,HOLD,,1,-1
2023-10-03 20:00:00,2023-10-03 16:00:00,0.5048,0.025,HOLD,,1,-1
2023-10-04 00:00:00,2023-10-03 20:00:00,0.506,0.025,HOLD,,1,-1
2023-10-04 04:00:00,2023-10-04 00:00:00,0.5039,0.025,HOLD,,1,-1
2023-10-04 08:00:00,2023-10-04 04:00:00,0.5029,0.025,HOLD,,1,-1
2023-10-04 12:00:00,2023-10-04 08:00:00,0.4987,0.025,HOLD,,0,-1
2023-10-04 16:00:00,2023-10-04 12:00:00,0.4948,0.025,HOLD,,1,-1
2023-10-04 20:00:00,2023-10-04 16:00:00,0.494,0.025,HOLD,,1,-1
2023-10-05 00:00:00,2023-10-04 20:00:00,0.4915,0.025,HOLD,,1,-1
2023-10-05 04:00:00,2023-10-05 00:00:00,0.4858,0.025,HOLD,,1,-1
2023-10-05 08:00:00,2023-10-05 04:00:00,0.4863,0.025,HOLD,,1,-1
2023-10-05 12:00:00,2023-10-05 08:00:00,0.4869,0.025,HOLD,,0,-1
2023-10-05 16:00:00,2023-10-05 12:00:00,0.4878,0.025,HOLD,,1,-1
2023-10-05 20:00:00,2023-10-05 16:00:00,0.4843,0.025,HOLD,,1,-1
2023-10-06 00:00:00,2023-10-05 20:00:00,0.485,0.025,HOLD,,1,-1
2023-10-06 04:00:00,2023-10-06 00:00:00,0.4852,0.025,HOLD,,1,-1
2023-10-06 08:00:00,2023-10-06 04:00:00,0.4855,0.025,HOLD,,0,-1
2023-10-06 12:00:00,2023-10-06 08:00:00,0.4862,0.025,HOLD,,1,-1
2023-10-06 16:00:00,2023-10-06 12:00:00,0.4886,0.025,HOLD,,0,-1
2023-10-06 20:00:00,2023-10-06 16:00:00,0.4895,0.025,HOLD,,0,-1
2023-10-09 00:00:00,2023-10-06 20:00:00,0.4883,0.025,HOLD,,0,-1
2023-10-09 04:00:00,2023-10-09 00:00:00,0.4876,0.025,HOLD,,1,-1
2023-10-09 08:00:00,2023-10-09 04:00:00,0.4871,0.025,HOLD,,1,-1
2023-10-09 12:00:00,2023-10-09 08:00:00,0.4854,0.025,HOLD,,1,-1
2023-10-09 16:00:00,2023-10-09 12:00:00,0.4835,0.025,HOLD,,1,-1
2023-10-09 20:00:00,2023-10-09 16:00:00,0.4818,0.025,HOLD,,1,-1
2023-10-10 00:00:00,2023-10-09 20:00:00,0.4782,0.025,HOLD,,1,-1
2023-10-10 04:00:00,2023-10-10 00:00:00,0.4737,0.025,SELL,False,1,0
2023-10-10 08:00:00,2023-10-10 04:00:00,0.4734,0.025,SELL,False,1,0
2023-10-10 12:00:00,2023-10-10 08:00:00,0.4727,0.025,SELL,False,1,0
2023-10-10 16:00:00,2023-10-10 12:00:00,0.4727,0.025,SELL,True,0,0
2023-10-10 20:00:00,2023-10-10 16:00:00,0.4716,0.025,SELL,False,1,0
2023-10-11 00:00:00,2023-10-10 20:00:00,0.4697,0.025,SELL,False,1,0
2023-10-11 04:00:00,2023-10-11 00:00:00,0.4658,0.025,SELL,False,1,0
2023-10-11 08:00:00,2023-10-11 04:00:00,0.4649,0.025,SELL,False,1,0
2023-10-11 12:00:00,2023-10-11 08:00:00,0.4647,0.025,SELL,True,0,0
2023-10-11 16:00:00,2023-10-11 12:00:00,0.4654,0.025,SELL,True,0,0
2023-10-11 20:00:00,2023-10-11 16:00:00,0.4655,0.025,SELL,True,0,0
2023-10-12 00:00:00,2023-10-11 20:00:00,0.4666,0.025,SELL,True,0,0
2023-10-12 04:00:00,2023-10-12 00:00:00,0.4624,0.025,SELL,True,0,0
2023-10-12 08:00:00,2023-10-12 04:00:00,0.4615,0.025,SELL,True,0,0
2023-10-12 12:00:00,2023-10-12 08:00:00,0.4558,0.025,SELL,True,0,0
2023-10-12 16:00:00,2023-10-12 12:00:00,0.4539,0.025,SELL,True,0,0
2023-10-12 20:00:00,2023-10-12 16:00:00,0.4506,0.025,SELL,True,0,0
2023-10-13 00:00:00,2023-10-12 20:00:00,0.4523,0.025,SELL,True,0,0
2023-10-13 04:00:00,2023-10-13 00:00:00,0.4536,0.025,SELL,True,0,0
2023-10-13 08:00:00,2023-10-13 04:00:00,0.4489,0.025,SELL,True,0,0
2023-10-13 12:00:00,2023-10-13 08:00:00,0.4449,0.025,SELL,False,1,0
2023-10-13 16:00:00,2023-10-13 12:00:00,0.4455,0.025,SELL,False,1,0
2023-10-13 20:00:00,2023-10-13 16:00:00,0.4443,0.025,SELL,False,1,0
2023-10-16 00:00:00,2023-10-13 20:00:00,0.4511,0.025,SELL,False,1,0
2023-10-16 04:00:00,2023-10-16 00:00:00,0.4533,0.025,SELL,False,1,0
2023-10-16 08:00:00,2023-10-16 04:00:00,0.4573,0.025,SELL,True,0,0
2023-10-16 12:00:00,2023-10-16 08:00:00,0.4615,0.025,SELL,False,1,0
2023-10-16 16:00:00,2023-10-16 12:00:00,0.4602,0.025,SELL,False,1,0
2023-10-16 20:00:00,2023-10-16 16:00:00,0.4596,0.025,SELL,False,1,0
2023-10-17 00:00:00,2023-10-16 20:00:00,0.4538,0.025,SELL,False,1,0
2023-10-17 04:00:00,2023-10-17 00:00:00,0.4584,0.025,SELL,False,1,0
2023-10-17 08:00:00,2023-10-17 04:00:00,0.4592,0.025,SELL,False,1,0
2023-10-17 12:00:00,2023-10-17 08:00:00,0.4585,0.025,SELL,False,1,0
2023-10-17 16:00:00,2023-10-17 12:00:00,0.4648,0.025,SELL,True,0,0
2023-10-17 20:00:00,2023-10-17 16:00:00,0.4655,0.025,SELL,True,0,0
2023-10-18 00:00:00,2023-10-17 20:00:00,0.4693,0.025,SELL,True,0,0
2023-10-18 04:00:00,2023-10-18 00:00:00,0.4701,0.025,SELL,True,0,0
2023-10-18 08:00:00,2023-10-18 04:00:00,0.4707,0.025,SELL,True,0,0
2023-10-18 12:00:00,2023-10-18 08:00:00,0.4714,0.025,SELL,False,1,0
2023-10-18 16:00:00,2023-10-18 12:00:00,0.4688,0.025,SELL,False,1,0
2023-10-18 20:00:00,2023-10-18 16:00:00,0.4696,0.025,SELL,False,1,0
2023-10-19 00:00:00,2023-10-18 20:00:00,0.4665,0.025,SELL,False,1,0
2023-10-19 04:00:00,2023-10-19 00:00:00,0.4662,0.025,SELL,False,1,0
2023-10-19 08:00:00,2023-10-19 04:00:00,0.4652,0.025,SELL,False,1,0
2023-10-19 12:00:00,2023-10-19 08:00:00,0.4662,0.025,SELL,False,1,0
2023-10-19 16:00:00,2023-10-19 12:00:00,0.4645,0.025,SELL,True,0,0
2023-10-19 20:00:00,2023-10-19 16:00:00,0.4624,0.025,SELL,False,1,0
2023-10-20 00:00:00,2023-10-19 20:00:00,0.4569,0.025,SELL,False,1,0
2023-10-20 04:00:00,2023-10-20 00:00:00,0.453,0.025,SELL,False,1,0
2023-10-20 08:00:00,2023-10-20 04:00:00,0.4516,0.025,SELL,False,1,0
2023-10-20 12:00:00,2023-10-20 08:00:00,0.4513,0.025,SELL,False,1,0
2023-10-20 16:00:00,2023-10-20 12:00:00,0.4534,0.025,SELL,False,1,0
2023-10-20 20:00:00,2023-10-20 16:00:00,0.4551,0.025,SELL,False,1,0
2023-10-23 00:00:00,2023-10-20 20:00:00,0.4546,0.025,SELL,False,1,0
2023-10-23 04:00:00,2023-10-23 00:00:00,0.4526,0.025,SELL,False,1,0
2023-10-23 08:00:00,2023-10-23 04:00:00,0.4536,0.025,SELL,False,1,0
2023-10-23 12:00:00,2023-10-23 08:00:00,0.4531,0.025,SELL,False,1,0
2023-10-23 16:00:00,2023-10-23 12:00:00,0.4544,0.025,SELL,True,0,0
2023-10-23 20:00:00,2023-10-23 16:00:00,0.4575,0.025,SELL,True,0,0
2023-10-24 00:00:00,2023-10-23 20:00:00,0.4599,0.025,SELL,True,0,0
2023-10-24 04:00:00,2023-10-24 00:00:00,0.4597,0.025,SELL,True,0,0
2023-10-24 08:00:00,2023-10-24 04:00:00,0.4607,0.025,SELL,True,0,0
2023-10-24 12:00:00,2023-10-24 08:00:00,0.4613,0.025,SELL,True,0,0
2023-10-24 16:00:00,2023-10-24 12:00:00,0.4626,0.025,SELL,True,0,0
2023-10-24 20:00:00,2023-10-24 16:00:00,0.4632,0.025,SELL,True,0,0
2023-10-25 00:00:00,2023-10-24 20:00:00,0.467,0.025,SELL,True,0,0
2023-10-25 04:00:00,2023-10-25 00:00:00,0.4707,0.025,SELL,True,0,0
2023-10-25 08:00:00,2023-10-25 04:00:00,0.4723,0.025,SELL,True,0,0
2023-10-25 12:00:00,2023-10-25 08:00:00,0.4739,0.025,SELL,True,0,0
2023-10-25 16:00:00,2023-10-25 12:00:00,0.476,0.025,HOLD,,0,-1
2023-10-25 20:00:00,2023-10-25 16:00:00,0.4778,0.025,HOLD,,0,-1
2023-10-26 00:00:00,2023-10-25 20:00:00,0.4787,0.025,HOLD,,0,-1
2023-10-26 04:00:00,2023-10-26 00:00:00,0.4771,0.025,HOLD,,1,-1
2023-10-26 08:00:00,2023-10-26 04:00:00,0.4789,0.025,HOLD,,1,-1
2023-10-26 12:00:00,2023-10-26 08:00:00,0.4804,0.025,HOLD,,0,-1
2023-10-26 16:00:00,2023-10-26 12:00:00,0.4805,0.025,HOLD,,1,-1
2023-10-26 20:00:00,2023-10-26 16:00:00,0.4822,0.025,HOLD,,1,-1
2023-10-27 00:00:00,2023-10-26 20:00:00,0.4853,0.025,HOLD,,1,-1
2023-10-27 04:00:00,2023-10-27 00:00:00,0.4838,0.025,HOLD,,0,-1
2023-10-27 08:00:00,2023-10-27 04:00:00,0.4818,0.025,HOLD,,1,-1
2023-10-27 12:00:00,2023-10-27 08:00:00,0.4828,0.025,HOLD,,1,-1
2023-10-27 16:00:00,2023-10-27 12:00:00,0.4844,0.025,HOLD,,1,-1
2023-10-27 20:00:00,2023-10-27 16:00:00,0.4855,0.025,HOLD,,1,-1
2023-10-30 00:00:00,2023-10-27 20:00:00,0.4851,0.025,HOLD,,1,-1
2023-10-30 04:00:00,2023-10-30 00:00:00,0.483,0.025,HOLD,,1,-1
2023-10-30 08:00:00,2023-10-30 04:00:00,0.4816,0.025,HOLD,,1,-1
2023-10-30 12:00:00,2023-10-30 08:00:00,0.4812,0.025,HOLD,,0,-1
2023-10-30 16:00:00,2023-10-30 12:00:00,0.4818,0.025,HOLD,,0,-1
2023-10-30 20:00:00,2023-10-30 16:00:00,0.4815,0.025,HOLD,,0,-1
2023-10-31 00:00:00,2023-10-30 20:00:00,0.4855,0.025,HOLD,,0,-1
2023-10-31 04:00:00,2023-10-31 00:00:00,0.4838,0.025,HOLD,,0,-1
2023-10-31 08:00:00,2023-10-31 04:00:00,0.4848,0.025,HOLD,,0,-1
2023-10-31 12:00:00,2023-10-31 08:00:00,0.4839,0.025,HOLD,,0,-1
2023-10-31 16:00:00,2023-10-31 12:00:00,0.4822,0.025,HOLD,,0,-1
2023-10-31 20:00:00,2023-10-31 16:00:00,0.4772,0.025,HOLD,,0,-1
2023-11-01 00:00:00,2023-10-31 20:00:00,0.4735,0.025,SELL,False,1,0
2023-11-01 04:00:00,2023-11-01 00:00:00,0.4696,0.025,SELL,False,1,0
2023-11-01 08:00:00,2023-11-01 04:00:00,0.4698,0.025,SELL,False,1,0
2023-11-01 12:00:00,2023-11-01 08:00:00,0.4708,0.025,SELL,False,1,0
2023-11-01 16:00:00,2023-11-01 12:00:00,0.4722,0.025,SELL,False,1,0
2023-11-01 20:00:00,2023-11-01 16:00:00,0.4726,0.025,SELL,False,1,0
2023-11-02 00:00:00,2023-11-01 20:00:00,0.4707,0.025,SELL,False,1,0
2023-11-02 04:00:00,2023-11-02 00:00:00,0.4694,0.025,SELL,False,1,0
2023-11-02 08:00:00,2023-11-02 04:00:00,0.4685,0.025,SELL,False,1,0
2023-11-02 12:00:00,2023-11-02 08:00:00,0.4678,0.025,SELL,False,1,0
2023-11-02 16:00:00,2023-11-02 12:00:00,0.4652,0.025,SELL,False,1,0
2023-11-02 20:00:00,2023-11-02 16:00:00,0.4661,0.025,SELL,False,1,0
2023-11-03 00:00:00,2023-11-02 20:00:00,0.4652,0.025,SELL,False,1,0
2023-11-03 04:00:00,2023-11-03 00:00:00,0.4665,0.025,SELL,False,1,0
2023-11-03 08:00:00,2023-11-03 04:00:00,0.4623,0.025,SELL,False,1,0
2023-11-03 12:00:00,2023-11-03 08:00:00,0.4633,0.025,SELL,False,1,0
2023-11-03 16:00:00,2023-11-03 12:00:00,0.462,0.025,SELL,True,0,0
2023-11-03 20:00:00,2023-11-03 16:00:00,0.4586,0.025,SELL,True,0,0
2023-11-06 00:00:00,2023-11-03 20:00:00,0.4595,0.025,SELL,True,0,0
2023-11-06 04:00:00,2023-11-06 00:00:00,0.4617,0.025,SELL,True,0,0
2023-11-06 08:00:00,2023-11-06 04:00:00,0.459,0.025,SELL,True,0,0
2023-11-06 12:00:00,2023-11-06 08:00:00,0.4582,0.025,SELL,True,0,0
2023-11-06 16:00:00,2023-11-06 12:00:00,0.463,0.025,SELL,True,0,0
2023-11-06 20:00:00,2023-11-06 16:00:00,0.4681,0.025,SELL,True,0,0
2023-11-07 00:00:00,2023-11-06 20:00:00,0.4682,0.025,SELL,True,0,0
2023-11-07 04:00:00,2023-11-07 00:00:00,0.4656,0.025,SELL,True,0,0
2023-11-07 08:00:00,2023-11-07 04:00:00,0.4669,0.025,SELL,True,0,0
2023-11-07 12:00:00,2023-11-07 08:00:00,0.4695,0.025,SELL,True,0,0
2023-11-07 16:00:00,2023-11-07 12:00:00,0.481,0.025,HOLD,,1,-1
2023-11-07 20:00:00,2023-11-07 16:00:00,0.4855,0.025,HOLD,,1,-1
2023-11-08 00:00:00,2023-11-07 20:00:00,0.4819,0.025,HOLD,,1,-1
2023-11-08 04:00:00,2023-11-08 00:00:00,0.4761,0.025,HOLD,,1,-1
2023-11-08 08:00:00,2023-11-08 04:00:00,0.4764,0.025,HOLD,,1,-1
2023-11-08 12:00:00,2023-11-08 08:00:00,0.4729,0.025,SELL,False,1,0
2023-11-08 16:00:00,2023-11-08 12:00:00,0.4723,0.025,SELL,True,0,0
2023-11-08 20:00:00,2023-11-08 16:00:00,0.4702,0.025,SELL,True,0,0
2023-11-09 00:00:00,2023-11-08 20:00:00,0.4643,0.025,SELL,True,0,0
2023-11-09 04:00:00,2023-11-09 00:00:00,0.468,0.025,SELL,True,0,0
2023-11-09 08:00:00,2023-11-09 04:00:00,0.4718,0.025,SELL,True,0,0
2023-11-09 12:00:00,2023-11-09 08:00:00,0.4692,0.025,SELL,True,0,0
2023-11-09 16:00:00,2023-11-09 12:00:00,0.4732,0.025,SELL,True,0,0
2023-11-09 20:00:00,2023-11-09 16:00:00,0.4746,0.025,SELL,False,1,0
2023-11-10 00:00:00,2023-11-09 20:00:00,0.4751,0.025,HOLD,,1,-1
2023-11-10 04:00:00,2023-11-10 00:00:00,0.473,0.025,SELL,False,1,0
2023-11-10 08:00:00,2023-11-10 04:00:00,0.473,0.025,SELL,False,1,0
2023-11-10 12:00:00,2023-11-10 08:00:00,0.4737,0.025,SELL,True,0,0
2023-11-10 16:00:00,2023-11-10 12:00:00,0.4759,0.025,HOLD,,1,-1
2023-11-10 20:00:00,2023-11-10 16:00:00,0.4785,0.025,HOLD,,1,-1
2023-11-13 00:00:00,2023-11-10 20:00:00,0.4807,0.025,HOLD,,1,-1
2023-11-13 04:00:00,2023-11-13 00:00:00,0.4804,0.025,HOLD,,1,-1
2023-11-13 08:00:00,2023-11-13 04:00:00,0.4802,0.025,HOLD,,1,-1
2023-11-13 12:00:00,2023-11-13 08:00:00,0.4806,0.025,HOLD,,1,-1
2023-11-13 16:00:00,2023-11-13 12:00:00,0.4818,0.025,HOLD,,1,-1
2023-11-13 20:00:00,2023-11-13 16:00:00,0.4815,0.025,HOLD,,1,-1
2023-11-14 00:00:00,2023-11-13 20:00:00,0.4818,0.025,HOLD,,1,-1
2023-11-14 04:00:00,2023-11-14 00:00:00,0.481,0.025,HOLD,,1,-1
2023-11-14 08:00:00,2023-11-14 04:00:00,0.4804,0.025,HOLD,,1,-1
2023-11-14 12:00:00,2023-11-14 08:00:00,0.4821,0.025,HOLD,,1,-1
2023-11-14 16:00:00,2023-11-14 12:00:00,0.482,0.025,HOLD,,0,-1
2023-11-14 20:00:00,2023-11-14 16:00:00,0.4807,0.025,HOLD,,0,-1
2023-11-15 00:00:00,2023-11-14 20:00:00,0.4794,0.025,HOLD,,0,-1
2023-11-15 04:00:00,2023-11-15 00:00:00,0.479,0.025,HOLD,,0,-1
2023-11-15 08:00:00,2023-11-15 04:00:00,0.4798,0.025,HOLD,,0,-1
2023-11-15 12:00:00,2023-11-15 08:00:00,0.4782,0.025,HOLD,,1,-1
2023-11-15 16:00:00,2023-11-15 12:00:00,0.479,0.025,HOLD,,1,-1
2023-11-15 20:00:00,2023-11-15 16:00:00,0.4781,0.025,HOLD,,1,-1
2023-11-16 00:00:00,2023-11-15 20:00:00,0.4813,0.025,HOLD,,1,-1
2023-11-16 04:00:00,2023-11-16 00:00:00,0.4826,0.025,HOLD,,1,-1
2023-11-16 08:00:00,2023-11-16 04:00:00,0.4838,0.025,HOLD,,1,-1
2023-11-16 12:00:00,2023-11-16 08:00:00,0.4838,0.025,HOLD,,0,-1
2023-11-16 16:00:00,2023-11-16 12:00:00,0.4829,0.025,HOLD,,1,-1
2023-11-16 20:00:00,2023-11-16 16:00:00,0.485,0.025,HOLD,,1,-1
2023-11-17 00:00:00,2023-11-16 20:00:00,0.4827,0.025,HOLD,,1,-1
2023-11-17 04:00:00,2023-11-17 00:00:00,0.4821,0.025,HOLD,,1,-1
2023-11-17 08:00:00,2023-11-17 04:00:00,0.4793,0.025,HOLD,,1,-1
2023-11-17 12:00:00,2023-11-17 08:00:00,0.4786,0.025,HOLD,,1,-1
2023-11-17 16:00:00,2023-11-17 12:00:00,0.4799,0.025,HOLD,,1,-1
2023-11-17 20:00:00,2023-11-17 16:00:00,0.4805,0.025,HOLD,,1,-1
2023-11-20 00:00:00,2023-11-17 20:00:00,0.4812,0.025,HOLD,,1,-1
2023-11-20 04:00:00,2023-11-20 00:00:00,0.4796,0.025,HOLD,,1,-1
2023-11-20 08:00:00,2023-11-20 04:00:00,0.4778,0.025,HOLD,,1,-1
2023-11-20 12:00:00,2023-11-20 08:00:00,0.4768,0.025,HOLD,,1,-1
2023-11-20 16:00:00,2023-11-20 12:00:00,0.4736,0.025,SELL,True,0,0
2023-11-20 20:00:00,2023-11-20 16:00:00,0.4718,0.025,SELL,True,0,0
2023-11-21 00:00:00,2023-11-20 20:00:00,0.4714,0.025,SELL,True,0,0
2023-11-21 04:00:00,2023-11-21 00:00:00,0.4697,0.025,SELL,True,0,0
2023-11-21 08:00:00,2023-11-21 04:00:00,0.4684,0.025,SELL,True,0,0
2023-11-21 12:00:00,2023-11-21 08:00:00,0.4676,0.025,SELL,True,0,0
2023-11-21 16:00:00,2023-11-21 12:00:00,0.469,0.025,SELL,True,0,0
2023-11-21 20:00:00,2023-11-21 16:00:00,0.4726,0.025,SELL,True,0,0
2023-11-22 00:00:00,2023-11-21 20:00:00,0.4757,0.025,HOLD,,0,-1
2023-11-22 04:00:00,2023-11-22 00:00:00,0.4772,0.025,HOLD,,1,-1
2023-11-22 08:00:00,2023-11-22 04:00:00,0.4792,0.025,HOLD,,1,-1
2023-11-22 12:00:00,2023-11-22 08:00:00,0.4784,0.025,HOLD,,1,-1
2023-11-22 16:00:00,2023-11-22 12:00:00,0.4803,0.025,HOLD,,1,-1
2023-11-22 20:00:00,2023-11-22 16:00:00,0.4802,0.025,HOLD,,1,-1
2023-11-23 00:00:00,2023-11-22 20:00:00,0.4816,0.025,HOLD,,1,-1
2023-11-23 04:00:00,2023-11-23 00:00:00,0.4807,0.025,HOLD,,1,-1
2023-11-23 08:00:00,2023-11-23 04:00:00,0.4784,0.025,HOLD,,0,-1
2023-11-23 12:00:00,2023-11-23 08:00:00,0.4786,0.025,HOLD,,1,-1
2023-11-23 16:00:00,2023-11-23 12:00:00,0.4775,0.025,HOLD,,1,-1
2023-11-23 20:00:00,2023-11-23 16:00:00,0.4793,0.025,HOLD,,1,-1
2023-11-24 00:00:00,2023-11-23 20:00:00,0.4791,0.025,HOLD,,1,-1
2023-11-24 04:00:00,2023-11-24 00:00:00,0.4765,0.025,HOLD,,1,-1
2023-11-24 08:00:00,2023-11-24 04:00:00,0.4765,0.025,HOLD,,1,-1
2023-11-24 12:00:00,2023-11-24 08:00:00,0.4758,0.025,HOLD,,1,-1
2023-11-24 16:00:00,2023-11-24 12:00:00,0.4777,0.025,HOLD,,0,-1
2023-11-24 20:00:00,2023-11-24 16:00:00,0.4768,0.025,HOLD,,1,-1
2023-11-27 00:00:00,2023-11-24 20:00:00,0.4787,0.025,HOLD,,1,-1
2023-11-27 04:00:00,2023-11-27 00:00:00,0.4795,0.025,HOLD,,1,-1
2023-11-27 08:00:00,2023-11-27 04:00:00,0.4789,0.025,HOLD,,1,-1
2023-11-27 12:00:00,2023-11-27 08:00:00,0.4777,0.025,HOLD,,1,-1
2023-11-27 16:00:00,2023-11-27 12:00:00,0.4793,0.025,HOLD,,1,-1
2023-11-27 20:00:00,2023-11-27 16:00:00,0.4806,0.025,HOLD,,1,-1
2023-11-28 00:00:00,2023-11-27 20:00:00,0.481,0.025,HOLD,,1,-1
2023-11-28 04:00:00,2023-11-28 00:00:00,0.4781,0.025,HOLD,,1,-1
2023-11-28 08:00:00,2023-11-28 04:00:00,0.4788,0.025,HOLD,,1,-1
2023-11-28 12:00:00,2023-11-28 08:00:00,0.4782,0.025,HOLD,,1,-1
2023-11-28 16:00:00,2023-11-28 12:00:00,0.4767,0.025,HOLD,,0,-1
2023-11-28 20:00:00,2023-11-28 16:00:00,0.4744,0.025,SELL,True,0,0
2023-11-29 00:00:00,2023-11-28 20:00:00,0.4729,0.025,SELL,True,0,0
2023-11-29 04:00:00,2023-11-29 00:00:00,0.472,0.025,SELL,True,0,0
2023-11-29 08:00:00,2023-11-29 04:00:00,0.4704,0.025,SELL,True,0,0
2023-11-29 12:00:00,2023-11-29 08:00:00,0.4699,0.025,SELL,True,0,0
2023-11-29 16:00:00,2023-11-29 12:00:00,0.4718,0.025,SELL,True,0,0
2023-11-29 20:00:00,2023-11-29 16:00:00,0.4702,0.025,SELL,True,0,0
2023-11-30 00:00:00,2023-11-29 20:00:00,0.4717,0.025,SELL,True,0,0
2023-11-30 04:00:00,2023-11-30 00:00:00,0.4715,0.025,SELL,True,0,0
2023-11-30 08:00:00,2023-11-30 04:00:00,0.4739,0.025,SELL,True,0,0
2023-11-30 12:00:00,2023-11-30 08:00:00,0.476,0.025,HOLD,,0,-1
2023-11-30 16:00:00,2023-11-30 12:00:00,0.48,0.025,HOLD,,0,-1
2023-11-30 20:00:00,2023-11-30 16:00:00,0.4808,0.025,HOLD,,0,-1
2023-12-01 00:00:00,2023-11-30 20:00:00,0.4821,0.025,HOLD,,0,-1
2023-12-01 04:00:00,2023-12-01 00:00:00,0.4813,0.025,HOLD,,0,-1
2023-12-01 08:00:00,2023-12-01 04:00:00,0.4788,0.025,HOLD,,0,-1
2023-12-01 12:00:00,2023-12-01 08:00:00,0.4808,0.025,HOLD,,0,-1
2023-12-01 16:00:00,2023-12-01 12:00:00,0.4795,0.025,HOLD,,0,-1
2023-12-01 20:00:00,2023-12-01 16:00:00,0.4796,0.025,HOLD,,0,-1
2023-12-04 00:00:00,2023-12-01 20:00:00,0.4813,0.025,HOLD,,0,-1
2023-12-04 04:00:00,2023-12-04 00:00:00,0.4797,0.025,HOLD,,0,-1
2023-12-04 08:00:00,2023-12-04 04:00:00,0.4812,0.025,HOLD,,0,-1
2023-12-04 12:00:00,2023-12-04 08:00:00,0.4831,0.025,HOLD,,0,-1
2023-12-04 16:00:00,2023-12-04 12:00:00,0.4831,0.025,HOLD,,0,-1
2023-12-04 20:00:00,2023-12-04 16:00:00,0.4809,0.025,HOLD,,0,-1
2023-12-05 00:00:00,2023-12-04 20:00:00,0.482,0.025,HOLD,,0,-1
2023-12-05 04:00:00,2023-12-05 00:00:00,0.483,0.025,HOLD,,0,-1
2023-12-05 08:00:00,2023-12-05 04:00:00,0.4839,0.025,HOLD,,0,-1
2023-12-05 12:00:00,2023-12-05 08:00:00,0.4829,0.025,HOLD,,0,-1
2023-12-05 16:00:00,2023-12-05 12:00:00,0.4851,0.025,HOLD,,0,-1
2023-12-05 20:00:00,2023-12-05 16:00:00,0.4866,0.025,HOLD,,0,-1
2023-12-06 00:00:00,2023-12-05 20:00:00,0.4877,0.025,HOLD,,0,-1
2023-12-06 04:00:00,2023-12-06 00:00:00,0.4896,0.025,HOLD,,0,-1
2023-12-06 08:00:00,2023-12-06 04:00:00,0.4902,0.025,HOLD,,0,-1
2023-12-06 12:00:00,2023-12-06 08:00:00,0.4913,0.025,HOLD,,0,-1
2023-12-06 16:00:00,2023-12-06 12:00:00,0.4916,0.025,HOLD,,1,-1
2023-12-06 20:00:00,2023-12-06 16:00:00,0.49,0.025,HOLD,,1,-1
2023-12-07 00:00:00,2023-12-06 20:00:00,0.4923,0.025,HOLD,,1,-1
2023-12-07 04:00:00,2023-12-07 00:00:00,0.4914,0.025,HOLD,,1,-1
2023-12-07 08:00:00,2023-12-07 04:00:00,0.4907,0.025,HOLD,,0,-1
2023-12-07 12:00:00,2023-12-07 08:00:00,0.4915,0.025,HOLD,,0,-1
2023-12-07 16:00:00,2023-12-07 12:00:00,0.492,0.025,HOLD,,0,-1
2023-12-07 20:00:00,2023-12-07 16:00:00,0.4874,0.025,HOLD,,0,-1
2023-12-08 00:00:00,2023-12-07 20:00:00,0.4849,0.025,HOLD,,0,-1
2023-12-08 04:00:00,2023-12-08 00:00:00,0.4825,0.025,HOLD,,0,-1
2023-12-08 08:00:00,2023-12-08 04:00:00,0.484,0.025,HOLD,,0,-1
2023-12-08 12:00:00,2023-12-08 08:00:00,0.486,0.025,HOLD,,1,-1
2023-12-08 16:00:00,2023-12-08 12:00:00,0.4882,0.025,HOLD,,0,-1
2023-12-08 20:00:00,2023-12-08 16:00:00,0.4875,0.025,HOLD,,1,-1
2023-12-11 00:00:00,2023-12-08 20:00:00,0.49,0.025,HOLD,,0,-1
2023-12-11 04:00:00,2023-12-11 00:00:00,0.4901,0.025,HOLD,,1,-1
2023-12-11 08:00:00,2023-12-11 04:00:00,0.4876,0.025,HOLD,,1,-1
2023-12-11 12:00:00,2023-12-11 08:00:00,0.4844,0.025,HOLD,,1,-1
2023-12-11 16:00:00,2023-12-11 12:00:00,0.4855,0.025,HOLD,,1,-1
2023-12-11 20:00:00,2023-12-11 16:00:00,0.4852,0.025,HOLD,,1,-1
2023-12-12 00:00:00,2023-12-11 20:00:00,0.4849,0.025,HOLD,,1,-1
2023-12-12 04:00:00,2023-12-12 00:00:00,0.4841,0.025,HOLD,,1,-1
2023-12-12 08:00:00,2023-12-12 04:00:00,0.4839,0.025,HOLD,,0,-1
2023-12-12 12:00:00,2023-12-12 08:00:00,0.4849,0.025,HOLD,,1,-1
2023-12-12 16:00:00,2023-12-12 12:00:00,0.4864,0.025,HOLD,,0,-1
2023-12-12 20:00:00,2023-12-12 16:00:00,0.4847,0.025,HOLD,,1,-1
2023-12-13 00:00:00,2023-12-12 20:00:00,0.4838,0.025,HOLD,,1,-1
2023-12-13 04:00:00,2023-12-13 00:00:00,0.4813,0.025,HOLD,,1,-1
2023-12-13 08:00:00,2023-12-13 04:00:00,0.481,0.025,HOLD,,1,-1
2023-12-13 12:00:00,2023-12-13 08:00:00,0.483,0.025,HOLD,,1,-1
2023-12-13 16:00:00,2023-12-13 12:00:00,0.485,0.025,HOLD,,1,-1
2023-12-13 20:00:00,2023-12-13 16:00:00,0.4864,0.025,HOLD,,1,-1
2023-12-14 00:00:00,2023-12-13 20:00:00,0.485,0.025,HOLD,,1,-1
2023-12-14 04:00:00,2023-12-14 00:00:00,0.4826,0.025,HOLD,,1,-1
2023-12-14 08:00:00,2023-12-14 04:00:00,0.4796,0.025,HOLD,,1,-1
2023-12-14 12:00:00,2023-12-14 08:00:00,0.4785,0.025,HOLD,,0,-1
2023-12-14 16:00:00,2023-12-14 12:00:00,0.4788,0.025,HOLD,,0,-1
2023-12-14 20:00:00,2023-12-14 16:00:00,0.4793,0.025,HOLD,,0,-1
2023-12-15 00:00:00,2023-12-14 20:00:00,0.481,0.025,HOLD,,0,-1
2023-12-15 04:00:00,2023-12-15 00:00:00,0.479,0.025,HOLD,,0,-1
2023-12-15 08:00:00,2023-12-15 04:00:00,0.4746,0.025,SELL,True,0,0
2023-12-15 12:00:00,2023-12-15 08:00:00,0.4715,0.025,SELL,False,1,0
2023-12-15 16:00:00,2023-12-15 12:00:00,0.4703,0.025,SELL,False,1,0
2023-12-15 20:00:00,2023-12-15 16:00:00,0.4712,0.025,SELL,False,1,0
2023-12-18 00:00:00,2023-12-15 20:00:00,0.4697,0.025,SELL,False,1,0
2023-12-18 04:00:00,2023-12-18 00:00:00,0.4679,0.025,SELL,False,1,0
2023-12-18 08:00:00,2023-12-18 04:00:00,0.4694,0.025,SELL,False,1,0
2023-12-18 12:00:00,2023-12-18 08:00:00,0.4719,0.025,SELL,False,1,0
2023-12-18 16:00:00,2023-12-18 12:00:00,0.4745,0.025,SELL,False,1,0
2023-12-18 20:00:00,2023-12-18 16:00:00,0.4741,0.025,SELL,False,1,0
2023-12-19 00:00:00,2023-12-18 20:00:00,0.4752,0.025,HOLD,,1,-1
2023-12-19 04:00:00,2023-12-19 00:00:00,0.4766,0.025,HOLD,,1,-1
2023-12-19 08:00:00,2023-12-19 04:00:00,0.477,0.025,HOLD,,1,-1
2023-12-19 12:00:00,2023-12-19 08:00:00,0.4781,0.025,HOLD,,0,-1
2023-12-19 16:00:00,2023-12-19 12:00:00,0.4813,0.025,HOLD,,0,-1
2023-12-19 20:00:00,2023-12-19 16:00:00,0.4792,0.025,HOLD,,0,-1
2023-12-20 00:00:00,2023-12-19 20:00:00,0.4774,0.025,HOLD,,0,-1
2023-12-20 04:00:00,2023-12-20 00:00:00,0.4765,0.025,HOLD,,0,-1
2023-12-20 08:00:00,2023-12-20 04:00:00,0.4736,0.025,SELL,True,0,0
2023-12-20 12:00:00,2023-12-20 08:00:00,0.474,0.025,SELL,False,1,0
2023-12-20 16:00:00,2023-12-20 12:00:00,0.4733,0.025,SELL,False,1,0
2023-12-20 20:00:00,2023-12-20 16:00:00,0.4747,0.025,SELL,False,1,0
2023-12-21 00:00:00,2023-12-20 20:00:00,0.4743,0.025,SELL,False,1,0
2023-12-21 04:00:00,2023-12-21 00:00:00,0.4806,0.025,HOLD,,1,-1
2023-12-21 08:00:00,2023-12-21 04:00:00,0.4837,0.025,HOLD,,1,-1
2023-12-21 12:00:00,2023-12-21 08:00:00,0.4782,0.025,HOLD,,1,-1
2023-12-21 16:00:00,2023-12-21 12:00:00,0.4766,0.025,HOLD,,1,-1
2023-12-21 20:00:00,2023-12-21 16:00:00,0.4787,0.025,HOLD,,1,-1
2023-12-22 00:00:00,2023-12-21 20:00:00,0.4829,0.025,HOLD,,1,-1
2023-12-22 04:00:00,2023-12-22 00:00:00,0.4827,0.025,HOLD,,1,-1
2023-12-22 08:00:00,2023-12-22 04:00:00,0.4796,0.025,HOLD,,1,-1
2023-12-22 12:00:00,2023-12-22 08:00:00,0.4731,0.025,SELL,True,0,0
2023-12-22 16:00:00,2023-12-22 12:00:00,0.471,0.025,SELL,False,1,0
2023-12-22 20:00:00,2023-12-22 16:00:00,0.4668,0.025,SELL,False,1,0
2023-12-25 00:00:00,2023-12-22 20:00:00,0.461,0.025,SELL,False,1,0
2023-12-26 00:00:00,2023-12-25 00:00:00,0.4597,0.025,SELL,False,1,0
2023-12-26 04:00:00,2023-12-26 00:00:00,0.4574,0.025,SELL,False,1,0
2023-12-26 08:00:00,2023-12-26 04:00:00,0.4579,0.025,SELL,False,1,0
2023-12-26 12:00:00,2023-12-26 08:00:00,0.4567,0.025,SELL,False,1,0
2023-12-26 16:00:00,2023-12-26 12:00:00,0.4567,0.025,SELL,False,1,0
2023-12-26 20:00:00,2023-12-26 16:00:00,0.4568,0.025,SELL,False,1,0
2023-12-27 00:00:00,2023-12-26 20:00:00,0.4568,0.025,SELL,False,1,0
2023-12-27 04:00:00,2023-12-27 00:00:00,0.4567,0.025,SELL,False,1,0
2023-12-27 08:00:00,2023-12-27 04:00:00,0.4565,0.025,SELL,False,1,0
2023-12-27 12:00:00,2023-12-27 08:00:00,0.4567,0.025,SELL,False,1,0
2023-12-27 16:00:00,2023-12-27 12:00:00,0.4574,0.025,SELL,True,0,0
2023-12-27 20:00:00,2023-12-27 16:00:00,0.4558,0.025,SELL,True,0,0
2023-12-28 00:00:00,2023-12-27 20:00:00,0.4557,0.025,SELL,True,0,0
2023-12-28 04:00:00,2023-12-28 00:00:00,0.4559,0.025,SELL,True,0,0
2023-12-28 08:00:00,2023-12-28 04:00:00,0.455,0.025,SELL,True,0,0
2023-12-28 12:00:00,2023-12-28 08:00:00,0.4566,0.025,SELL,True,0,0
2023-12-28 16:00:00,2023-12-28 12:00:00,0.4595,0.025,SELL,True,0,0
2023-12-28 20:00:00,2023-12-28 16:00:00,0.4584,0.025,SELL,True,0,0
2023-12-29 00:00:00,2023-12-28 20:00:00,0.4582,0.025,SELL,True,0,0
2023-12-29 04:00:00,2023-12-29 00:00:00,0.4582,0.025,SELL,True,0,0
2023-12-29 08:00:00,2023-12-29 04:00:00,0.459,0.025,SELL,True,0,0
2023-12-29 12:00:00,2023-12-29 08:00:00,0.4598,0.025,SELL,True,0,0
2023-12-29 16:00:00,2023-12-29 12:00:00,0.4642,0.025,SELL,True,0,0
2023-12-29 20:00:00,2023-12-29 16:00:00,0.4647,0.025,SELL,True,0,0
2024-01-02 00:00:00,2023-12-29 20:00:00,0.4762,0.025,HOLD,,0,-1
2024-01-02 04:00:00,2024-01-02 00:00:00,0.4783,0.025,HOLD,,0,-1
2024-01-02 08:00:00,2024-01-02 04:00:00,0.4776,0.025,HOLD,,0,-1
2024-01-02 12:00:00,2024-01-02 08:00:00,0.4775,0.025,HOLD,,0,-1
2024-01-02 16:00:00,2024-01-02 12:00:00,0.4793,0.025,HOLD,,0,-1
2024-01-02 20:00:00,2024-01-02 16:00:00,0.4806,0.025,HOLD,,0,-1
2024-01-03 00:00:00,2024-01-02 20:00:00,0.482,0.025,HOLD,,0,-1
2024-01-03 04:00:00,2024-01-03 00:00:00,0.4848,0.025,HOLD,,0,-1
2024-01-03 08:00:00,2024-01-03 04:00:00,0.4859,0.025,HOLD,,1,-1
2024-01-03 12:00:00,2024-01-03 08:00:00,0.4887,0.025,HOLD,,1,-1
2024-01-03 16:00:00,2024-01-03 12:00:00,0.4901,0.025,HOLD,,1,-1
2024-01-03 20:00:00,2024-01-03 16:00:00,0.4906,0.025,HOLD,,1,-1
2024-01-04 00:00:00,2024-01-03 20:00:00,0.4929,0.025,HOLD,,1,-1
2024-01-04 04:00:00,2024-01-04 00:00:00,0.4957,0.025,HOLD,,1,-1
2024-01-04 08:00:00,2024-01-04 04:00:00,0.4971,0.025,HOLD,,0,-1
2024-01-04 12:00:00,2024-01-04 08:00:00,0.4982,0.025,HOLD,,0,-1
2024-01-04 16:00:00,2024-01-04 12:00:00,0.4999,0.025,HOLD,,0,-1
2024-01-04 20:00:00,2024-01-04 16:00:00,0.5019,0.025,HOLD,,0,-1
2024-01-05 00:00:00,2024-01-04 20:00:00,0.5039,0.025,HOLD,,0,-1
2024-01-05 04:00:00,2024-01-05 00:00:00,0.5067,0.025,HOLD,,1,-1
2024-01-05 08:00:00,2024-01-05 04:00:00,0.5091,0.025,HOLD,,1,-1
2024-01-05 12:00:00,2024-01-05 08:00:00,0.511,0.025,HOLD,,1,-1
2024-01-05 16:00:00,2024-01-05 12:00:00,0.5115,0.025,HOLD,,1,-1
2024-01-05 20:00:00,2024-01-05 16:00:00,0.5099,0.025,HOLD,,1,-1
2024-01-08 00:00:00,2024-01-05 20:00:00,0.5059,0.025,HOLD,,1,-1
2024-01-08 04:00:00,2024-01-08 00:00:00,0.5072,0.025,HOLD,,1,-1
2024-01-08 08:00:00,2024-01-08 04:00:00,0.5076,0.025,HOLD,,1,-1
2024-01-08 12:00:00,2024-01-08 08:00:00,0.5088,0.025,HOLD,,0,-1
2024-01-08 16:00:00,2024-01-08 12:00:00,0.5065,0.025,HOLD,,0,-1
2024-01-08 20:00:00,2024-01-08 16:00:00,0.5039,0.025,HOLD,,0,-1
2024-01-09 00:00:00,2024-01-08 20:00:00,0.5037,0.025,HOLD,,0,-1
2024-01-09 04:00:00,2024-01-09 00:00:00,0.5039,0.025,HOLD,,0,-1
2024-01-09 08:00:00,2024-01-09 04:00:00,0.5037,0.025,HOLD,,1,-1
2024-01-09 12:00:00,2024-01-09 08:00:00,0.5025,0.025,HOLD,,0,-1
2024-01-09 16:00:00,2024-01-09 12:00:00,0.5009,0.025,HOLD,,1,-1
2024-01-09 20:00:00,2024-01-09 16:00:00,0.4955,0.025,HOLD,,1,-1
2024-01-10 00:00:00,2024-01-09 20:00:00,0.491,0.025,HOLD,,1,-1
2024-01-10 04:00:00,2024-01-10 00:00:00,0.4905,0.025,HOLD,,1,-1
2024-01-10 08:00:00,2024-01-10 04:00:00,0.4906,0.025,HOLD,,1,-1
2024-01-10 12:00:00,2024-01-10 08:00:00,0.4898,0.025,HOLD,,0,-1
2024-01-10 16:00:00,2024-01-10 12:00:00,0.4878,0.025,HOLD,,0,-1
2024-01-10 20:00:00,2024-01-10 16:00:00,0.4856,0.025,HOLD,,0,-1
2024-01-11 00:00:00,2024-01-10 20:00:00,0.4826,0.025,HOLD,,1,-1
2024-01-11 04:00:00,2024-01-11 00:00:00,0.4825,0.025,HOLD,,0,-1
2024-01-11 08:00:00,2024-01-11 04:00:00,0.4834,0.025,HOLD,,0,-1
2024-01-11 12:00:00,2024-01-11 08:00:00,0.4832,0.025,HOLD,,1,-1
2024-01-11 16:00:00,2024-01-11 12:00:00,0.4843,0.025,HOLD,,0,-1
2024-01-11 20:00:00,2024-01-11 16:00:00,0.4854,0.025,HOLD,,0,-1
2024-01-12 00:00:00,2024-01-11 20:00:00,0.4836,0.025,HOLD,,0,-1
2024-01-12 04:00:00,2024-01-12 00:00:00,0.4835,0.025,HOLD,,0,-1
2024-01-12 08:00:00,2024-01-12 04:00:00,0.4829,0.025,HOLD,,0,-1
2024-01-12 12:00:00,2024-01-12 08:00:00,0.4821,0.025,HOLD,,0,-1
2024-01-12 16:00:00,2024-01-12 12:00:00,0.4795,0.025,HOLD,,0,-1
2024-01-12 20:00:00,2024-01-12 16:00:00,0.4777,0.025,HOLD,,0,-1
2024-01-15 00:00:00,2024-01-12 20:00:00,0.4777,0.025,HOLD,,0,-1
2024-01-15 04:00:00,2024-01-15 00:00:00,0.4796,0.025,HOLD,,0,-1
2024-01-15 08:00:00,2024-01-15 04:00:00,0.4798,0.025,HOLD,,0,-1
2024-01-15 12:00:00,2024-01-15 08:00:00,0.4803,0.025,HOLD,,0,-1
2024-01-15 16:00:00,2024-01-15 12:00:00,0.4784,0.025,HOLD,,0,-1
2024-01-15 20:00:00,2024-01-15 16:00:00,0.4788,0.025,HOLD,,0,-1
2024-01-16 00:00:00,2024-01-15 20:00:00,0.479,0.025,HOLD,,0,-1
2024-01-16 04:00:00,2024-01-16 00:00:00,0.4798,0.025,HOLD,,0,-1
2024-01-16 08:00:00,2024-01-16 04:00:00,0.4799,0.025,HOLD,,0,-1
2024-01-16 12:00:00,2024-01-16 08:00:00,0.4795,0.025,HOLD,,0,-1
2024-01-16 16:00:00,2024-01-16 12:00:00,0.4776,0.025,HOLD,,1,-1
2024-01-16 20:00:00,2024-01-16 16:00:00,0.4775,0.025,HOLD,,1,-1
2024-01-17 00:00:00,2024-01-16 20:00:00,0.477,0.025,HOLD,,1,-1
2024-01-17 04:00:00,2024-01-17 00:00:00,0.4772,0.025,HOLD,,1,-1
2024-01-17 08:00:00,2024-01-17 04:00:00,0.4777,0.025,HOLD,,1,-1
2024-01-17 12:00:00,2024-01-17 08:00:00,0.4775,0.025,HOLD,,0,-1
2024-01-17 16:00:00,2024-01-17 12:00:00,0.4777,0.025,HOLD,,0,-1
2024-01-17 20:00:00,2024-01-17 16:00:00,0.4777,0.025,HOLD,,0,-1
2024-01-18 00:00:00,2024-01-17 20:00:00,0.4779,0.025,HOLD,,0,-1
2024-01-18 04:00:00,2024-01-18 00:00:00,0.48,0.025,HOLD,,0,-1
2024-01-18 08:00:00,2024-01-18 04:00:00,0.4807,0.025,HOLD,,0,-1
2024-01-18 12:00:00,2024-01-18 08:00:00,0.4797,0.025,HOLD,,1,-1
2024-01-18 16:00:00,2024-01-18 12:00:00,0.4776,0.025,HOLD,,1,-1
2024-01-18 20:00:00,2024-01-18 16:00:00,0.474,0.025,SELL,False,1,0
2024-01-19 00:00:00,2024-01-18 20:00:00,0.4725,0.025,SELL,False,1,0
2024-01-19 04:00:00,2024-01-19 00:00:00,0.4743,0.025,SELL,False,1,0
2024-01-19 08:00:00,2024-01-19 04:00:00,0.4767,0.025,HOLD,,1,-1
2024-01-19 12:00:00,2024-01-19 08:00:00,0.478,0.025,HOLD,,1,-1
2024-01-19 16:00:00,2024-01-19 12:00:00,0.476,0.025,HOLD,,1,-1
2024-01-19 20:00:00,2024-01-19 16:00:00,0.4745,0.025,SELL,True,0,0
2024-01-22 00:00:00,2024-01-19 20:00:00,0.4725,0.025,SELL,True,0,0
2024-01-22 04:00:00,2024-01-22 00:00:00,0.4716,0.025,SELL,False,1,0
2024-01-22 08:00:00,2024-01-22 04:00:00,0.4723,0.025,SELL,True,0,0
2024-01-22 12:00:00,2024-01-22 08:00:00,0.4734,0.025,SELL,True,0,0
2024-01-22 16:00:00,2024-01-22 12:00:00,0.4725,0.025,SELL,True,0,0
2024-01-22 20:00:00,2024-01-22 16:00:00,0.4709,0.025,SELL,True,0,0
2024-01-23 00:00:00,2024-01-22 20:00:00,0.4717,0.025,SELL,True,0,0
2024-01-23 04:00:00,2024-01-23 00:00:00,0.4716,0.025,SELL,True,0,0
2024-01-23 08:00:00,2024-01-23 04:00:00,0.4696,0.025,SELL,False,1,0
2024-01-23 12:00:00,2024-01-23 08:00:00,0.4688,0.025,SELL,False,1,0
2024-01-23 16:00:00,2024-01-23 12:00:00,0.4653,0.025,SELL,False,1,0
2024-01-23 20:00:00,2024-01-23 16:00:00,0.4626,0.025,SELL,False,1,0
2024-01-24 00:00:00,2024-01-23 20:00:00,0.4607,0.025,SELL,False,1,0
2024-01-24 04:00:00,2024-01-24 00:00:00,0.4627,0.025,SELL,False,1,0
2024-01-24 08:00:00,2024-01-24 04:00:00,0.4644,0.025,SELL,True,0,0
2024-01-24 12:00:00,2024-01-24 08:00:00,0.4639,0.025,SELL,True,0,0
2024-01-24 16:00:00,2024-01-24 12:00:00,0.4634,0.025,SELL,True,0,0
2024-01-24 20:00:00,2024-01-24 16:00:00,0.4631,0.025,SELL,True,0,0
2024-01-25 00:00:00,2024-01-24 20:00:00,0.4625,0.025,SELL,True,0,0
2024-01-25 04:00:00,2024-01-25 00:00:00,0.4648,0.025,SELL,True,0,0
2024-01-25 08:00:00,2024-01-25 04:00:00,0.4673,0.025,SELL,True,0,0
2024-01-25 12:00:00,2024-01-25 08:00:00,0.4684,0.025,SELL,True,0,0
2024-01-25 16:00:00,2024-01-25 12:00:00,0.4672,0.025,SELL,False,1,0
2024-01-25 20:00:00,2024-01-25 16:00:00,0.4648,0.025,SELL,False,1,0
2024-01-26 00:00:00,2024-01-25 20:00:00,0.4637,0.025,SELL,True,0,0
2024-01-26 04:00:00,2024-01-26 00:00:00,0.467,0.025,SELL,True,0,0
2024-01-26 08:00:00,2024-01-26 04:00:00,0.4706,0.025,SELL,True,0,0
2024-01-26 12:00:00,2024-01-26 08:00:00,0.4724,0.025,SELL,True,0,0
2024-01-26 16:00:00,2024-01-26 12:00:00,0.4728,0.025,SELL,True,0,0
2024-01-26 20:00:00,2024-01-26 16:00:00,0.4731,0.025,SELL,True,0,0
2024-01-29 00:00:00,2024-01-26 20:00:00,0.474,0.025,SELL,True,0,0
2024-01-29 04:00:00,2024-01-29 00:00:00,0.4776,0.025,HOLD,,0,-1
2024-01-29 08:00:00,2024-01-29 04:00:00,0.4791,0.025,HOLD,,1,-1
2024-01-29 12:00:00,2024-01-29 08:00:00,0.4806,0.025,HOLD,,1,-1
2024-01-29 16:00:00,2024-01-29 12:00:00,0.481,0.025,HOLD,,1,-1
2024-01-29 20:00:00,2024-01-29 16:00:00,0.4822,0.025,HOLD,,1,-1
2024-01-30 00:00:00,2024-01-29 20:00:00,0.4838,0.025,HOLD,,0,-1
2024-01-30 04:00:00,2024-01-30 00:00:00,0.4859,0.025,HOLD,,0,-1
2024-01-30 08:00:00,2024-01-30 04:00:00,0.4871,0.025,HOLD,,0,-1
2024-01-30 12:00:00,2024-01-30 08:00:00,0.4897,0.025,HOLD,,1,-1
2024-01-30 16:00:00,2024-01-30 12:00:00,0.49,0.025,HOLD,,1,-1
2024-01-30 20:00:00,2024-01-30 16:00:00,0.489,0.025,HOLD,,0,-1
2024-01-31 00:00:00,2024-01-30 20:00:00,0.4864,0.025,HOLD,,0,-1
2024-01-31 04:00:00,2024-01-31 00:00:00,0.487,0.025,HOLD,,0,-1
2024-01-31 08:00:00,2024-01-31 04:00:00,0.4893,0.025,HOLD,,0,-1
2024-01-31 12:00:00,2024-01-31 08:00:00,0.4895,0.025,HOLD,,0,-1
2024-01-31 16:00:00,2024-01-31 12:00:00,0.4903,0.025,HOLD,,1,-1
2024-01-31 20:00:00,2024-01-31 16:00:00,0.4938,0.025,HOLD,,1,-1
2024-02-01 00:00:00,2024-01-31 20:00:00,0.4935,0.025,HOLD,,1,-1
2024-02-01 04:00:00,2024-02-01 00:00:00,0.4921,0.025,HOLD,,1,-1
2024-02-01 08:00:00,2024-02-01 04:00:00,0.4913,0.025,HOLD,,1,-1
2024-02-01 12:00:00,2024-02-01 08:00:00,0.4906,0.025,HOLD,,0,-1
2024-02-01 16:00:00,2024-02-01 12:00:00,0.491,0.025,HOLD,,0,-1
2024-02-01 20:00:00,2024-02-01 16:00:00,0.4903,0.025,HOLD,,0,-1
2024-02-02 00:00:00,2024-02-01 20:00:00,0.486,0.025,HOLD,,0,-1
2024-02-02 04:00:00,2024-02-02 00:00:00,0.4845,0.025,HOLD,,0,-1
2024-02-02 08:00:00,2024-02-02 04:00:00,0.4852,0.025,HOLD,,0,-1
2024-02-02 12:00:00,2024-02-02 08:00:00,0.4837,0.025,HOLD,,0,-1
2024-02-02 16:00:00,2024-02-02 12:00:00,0.4824,0.025,HOLD,,0,-1
2024-02-02 20:00:00,2024-02-02 16:00:00,0.484,0.025,HOLD,,0,-1
2024-02-05 00:00:00,2024-02-02 20:00:00,0.4857,0.025,HOLD,,0,-1
2024-02-05 04:00:00,2024-02-05 00:00:00,0.4861,0.025,HOLD,,0,-1
2024-02-05 08:00:00,2024-02-05 04:00:00,0.485,0.025,HOLD,,0,-1
2024-02-05 12:00:00,2024-02-05 08:00:00,0.486,0.025,HOLD,,0,-1
2024-02-05 16:00:00,2024-02-05 12:00:00,0.4857,0.025,HOLD,,1,-1
2024-02-05 20:00:00,2024-02-05 16:00:00,0.4858,0.025,HOLD,,1,-1
2024-02-06 00:00:00,2024-02-05 20:00:00,0.4871,0.025,HOLD,,1,-1
2024-02-06 04:00:00,2024-02-06 00:00:00,0.4899,0.025,HOLD,,1,-1
2024-02-06 08:00:00,2024-02-06 04:00:00,0.4933,0.025,HOLD,,1,-1
2024-02-06 12:00:00,2024-02-06 08:00:00,0.4951,0.025,HOLD,,1,-1
2024-02-06 16:00:00,2024-02-06 12:00:00,0.4959,0.025,HOLD,,1,-1
2024-02-06 20:00:00,2024-02-06 16:00:00,0.4974,0.025,HOLD,,1,-1
2024-02-07 00:00:00,2024-02-06 20:00:00,0.4988,0.025,HOLD,,1,-1
2024-02-07 04:00:00,2024-02-07 00:00:00,0.5017,0.025,HOLD,,1,-1
2024-02-07 08:00:00,2024-02-07 04:00:00,0.5035,0.025,HOLD,,1,-1
2024-02-07 12:00:00,2024-02-07 08:00:00,0.5041,0.025,HOLD,,0,-1
2024-02-07 16:00:00,2024-02-07 12:00:00,0.5038,0.025,HOLD,,1,-1
2024-02-07 20:00:00,2024-02-07 16:00:00,0.5068,0.025,HOLD,,1,-1
2024-02-08 00:00:00,2024-02-07 20:00:00,0.508,0.025,HOLD,,0,-1
2024-02-08 04:00:00,2024-02-08 00:00:00,0.5059,0.025,HOLD,,0,-1
2024-02-08 08:00:00,2024-02-08 04:00:00,0.5074,0.025,HOLD,,0,-1
2024-02-08 12:00:00,2024-02-08 08:00:00,0.5063,0.025,HOLD,,1,-1
2024-02-08 16:00:00,2024-02-08 12:00:00,0.5065,0.025,HOLD,,1,-1
2024-02-08 20:00:00,2024-02-08 16:00:00,0.5069,0.025,HOLD,,1,-1
2024-02-09 00:00:00,2024-02-08 20:00:00,0.5095,0.025,HOLD,,1,-1
2024-02-09 04:00:00,2024-02-09 00:00:00,0.514,0.025,HOLD,,1,-1
2024-02-09 08:00:00,2024-02-09 04:00:00,0.5137,0.025,HOLD,,1,-1
2024-02-09 12:00:00,2024-02-09 08:00:00,0.5137,0.025,HOLD,,0,-1
2024-02-09 16:00:00,2024-02-09 12:00:00,0.514,0.025,HOLD,,0,-1
2024-02-09 20:00:00,2024-02-09 16:00:00,0.5076,0.025,HOLD,,0,-1
2024-02-12 00:00:00,2024-02-09 20:00:00,0.4995,0.025,HOLD,,0,-1
2024-02-12 04:00:00,2024-02-12 00:00:00,0.4972,0.025,HOLD,,0,-1
2024-02-12 08:00:00,2024-02-12 04:00:00,0.4955,0.025,HOLD,,0,-1
2024-02-12 12:00:00,2024-02-12 08:00:00,0.4954,0.025,HOLD,,0,-1
2024-02-12 16:00:00,2024-02-12 12:00:00,0.4923,0.025,HOLD,,0,-1
2024-02-12 20:00:00,2024-02-12 16:00:00,0.4885,0.025,HOLD,,0,-1
2024-02-13 00:00:00,2024-02-12 20:00:00,0.4865,0.025,HOLD,,0,-1
2024-02-13 04:00:00,2024-02-13 00:00:00,0.4864,0.025,HOLD,,0,-1
2024-02-13 08:00:00,2024-02-13 04:00:00,0.4865,0.025,HOLD,,0,-1
2024-02-13 12:00:00,2024-02-13 08:00:00,0.4868,0.025,HOLD,,1,-1
2024-02-13 16:00:00,2024-02-13 12:00:00,0.4845,0.025,HOLD,,1,-1
2024-02-13 20:00:00,2024-02-13 16:00:00,0.4825,0.025,HOLD,,1,-1
2024-02-14 00:00:00,2024-02-13 20:00:00,0.4836,0.025,HOLD,,1,-1
2024-02-14 04:00:00,2024-02-14 00:00:00,0.4858,0.025,HOLD,,1,-1
2024-02-14 08:00:00,2024-02-14 04:00:00,0.4877,0.025,HOLD,,1,-1
2024-02-14 12:00:00,2024-02-14 08:00:00,0.4885,0.025,HOLD,,1,-1
2024-02-14 16:00:00,2024-02-14 12:00:00,0.4887,0.025,HOLD,,1,-1
2024-02-14 20:00:00,2024-02-14 16:00:00,0.4882,0.025,HOLD,,1,-1
2024-02-15 00:00:00,2024-02-14 20:00:00,0.4879,0.025,HOLD,,1,-1
2024-02-15 04:00:00,2024-02-15 00:00:00,0.4893,0.025,HOLD,,1,-1
2024-02-15 08:00:00,2024-02-15 04:00:00,0.4916,0.025,HOLD,,1,-1
2024-02-15 12:00:00,2024-02-15 08:00:00,0.4927,0.025,HOLD,,0,-1
2024-02-15 16:00:00,2024-02-15 12:00:00,0.493,0.025,HOLD,,1,-1
2024-02-15 20:00:00,2024-02-15 16:00:00,0.4913,0.025,HOLD,,1,-1
2024-02-16 00:00:00,2024-02-15 20:00:00,0.4912,0.025,HOLD,,1,-1
2024-02-16 04:00:00,2024-02-16 00:00:00,0.4926,0.025,HOLD,,1,-1
2024-02-16 08:00:00,2024-02-16 04:00:00,0.4931,0.025,HOLD,,1,-1
2024-02-16 12:00:00,2024-02-16 08:00:00,0.4922,0.025,HOLD,,1,-1
2024-02-16 16:00:00,2024-02-16 12:00:00,0.4906,0.025,HOLD,,0,-1
2024-02-16 20:00:00,2024-02-16 16:00:00,0.4903,0.025,HOLD,,1,-1
2024-02-19 00:00:00,2024-02-16 20:00:00,0.4909,0.025,HOLD,,0,-1
2024-02-19 04:00:00,2024-02-19 00:00:00,0.4911,0.025,HOLD,,0,-1
2024-02-19 08:00:00,2024-02-19 04:00:00,0.4914,0.025,HOLD,,1,-1
2024-02-19 12:00:00,2024-02-19 08:00:00,0.4924,0.025,HOLD,,1,-1
2024-02-19 16:00:00,2024-02-19 12:00:00,0.4902,0.025,HOLD,,1,-1
2024-02-19 20:00:00,2024-02-19 16:00:00,0.4886,0.025,HOLD,,1,-1
2024-02-20 00:00:00,2024-02-19 20:00:00,0.4895,0.025,HOLD,,1,-1
2024-02-20 04:00:00,2024-02-20 00:00:00,0.4905,0.025,HOLD,,1,-1
2024-02-20 08:00:00,2024-02-20 04:00:00,0.4906,0.025,HOLD,,1,-1
2024-02-20 12:00:00,2024-02-20 08:00:00,0.4902,0.025,HOLD,,0,-1
2024-02-20 16:00:00,2024-02-20 12:00:00,0.489,0.025,HOLD,,0,-1
2024-02-20 20:00:00,2024-02-20 16:00:00,0.4838,0.025,HOLD,,1,-1
2024-02-21 00:00:00,2024-02-20 20:00:00,0.4805,0.025,HOLD,,1,-1
2024-02-21 04:00:00,2024-02-21 00:00:00,0.4806,0.025,HOLD,,1,-1
2024-02-21 08:00:00,2024-02-21 04:00:00,0.4804,0.025,HOLD,,1,-1
2024-02-21 12:00:00,2024-02-21 08:00:00,0.4805,0.025,HOLD,,1,-1
2024-02-21 16:00:00,2024-02-21 12:00:00,0.4791,0.025,HOLD,,1,-1
2024-02-21 20:00:00,2024-02-21 16:00:00,0.4781,0.025,HOLD,,1,-1
2024-02-22 00:00:00,2024-02-21 20:00:00,0.4791,0.025,HOLD,,1,-1
2024-02-22 04:00:00,2024-02-22 00:00:00,0.4804,0.025,HOLD,,0,-1
2024-02-22 08:00:00,2024-02-22 04:00:00,0.479,0.025,HOLD,,0,-1
2024-02-22 12:00:00,2024-02-22 08:00:00,0.4782,0.025,HOLD,,1,-1
2024-02-22 16:00:00,2024-02-22 12:00:00,0.4768,0.025,HOLD,,1,-1
2024-02-22 20:00:00,2024-02-22 16:00:00,0.4774,0.025,HOLD,,0,-1
2024-02-23 00:00:00,2024-02-22 20:00:00,0.4775,0.025,HOLD,,0,-1
2024-02-23 04:00:00,2024-02-23 00:00:00,0.4786,0.025,HOLD,,1,-1
2024-02-23 08:00:00,2024-02-23 04:00:00,0.478,0.025,HOLD,,1,-1
2024-02-23 12:00:00,2024-02-23 08:00:00,0.4777,0.025,HOLD,,1,-1
2024-02-23 16:00:00,2024-02-23 12:00:00,0.4767,0.025,HOLD,,1,-1
2024-02-23 20:00:00,2024-02-23 16:00:00,0.4745,0.025,SELL,False,1,0
2024-02-26 00:00:00,2024-02-23 20:00:00,0.4751,0.025,HOLD,,1,-1
2024-02-26 04:00:00,2024-02-26 00:00:00,0.476,0.025,HOLD,,1,-1
2024-02-26 08:00:00,2024-02-26 04:00:00,0.4752,0.025,HOLD,,1,-1
2024-02-26 12:00:00,2024-02-26 08:00:00,0.4753,0.025,HOLD,,0,-1
2024-02-26 16:00:00,2024-02-26 12:00:00,0.4737,0.025,SELL,False,1,0
2024-02-26 20:00:00,2024-02-26 16:00:00,0.4719,0.025,SELL,True,0,0
2024-02-27 00:00:00,2024-02-26 20:00:00,0.4715,0.025,SELL,True,0,0
2024-02-27 04:00:00,2024-02-27 00:00:00,0.4709,0.025,SELL,True,0,0
2024-02-27 08:00:00,2024-02-27 04:00:00,0.4699,0.025,SELL,True,0,0
2024-02-27 12:00:00,2024-02-27 08:00:00,0.4686,0.025,SELL,True,0,0
2024-02-27 16:00:00,2024-02-27 12:00:00,0.4692,0.025,SELL,True,0,0
2024-02-27 20:00:00,2024-02-27 16:00:00,0.4717,0.025,SELL,True,0,0
2024-02-28 00:00:00,2024-02-27 20:00:00,0.4716,0.025,SELL,True,0,0
2024-02-28 04:00:00,2024-02-28 00:00:00,0.4718,0.025,SELL,False,1,0
2024-02-28 08:00:00,2024-02-28 04:00:00,0.4725,0.025,SELL,False,1,0
2024-02-28 12:00:00,2024-02-28 08:00:00,0.4725,0.025,SELL,False,1,0
2024-02-28 16:00:00,2024-02-28 12:00:00,0.4716,0.025,SELL,True,0,0
2024-02-28 20:00:00,2024-02-28 16:00:00,0.4718,0.025,SELL,True,0,0
2024-02-29 00:00:00,2024-02-28 20:00:00,0.4712,0.025,SELL,True,0,0
2024-02-29 04:00:00,2024-02-29 00:00:00,0.4716,0.025,SELL,True,0,0
2024-02-29 08:00:00,2024-02-29 04:00:00,0.4737,0.025,SELL,True,0,0
2024-02-29 12:00:00,2024-02-29 08:00:00,0.4744,0.025,SELL,True,0,0
2024-02-29 16:00:00,2024-02-29 12:00:00,0.4739,0.025,SELL,False,1,0
2024-02-29 20:00:00,2024-02-29 16:00:00,0.474,0.025,SELL,False,1,0
2024-03-01 00:00:00,2024-02-29 20:00:00,0.4726,0.025,SELL,False,1,0
2024-03-01 04:00:00,2024-03-01 00:00:00,0.4731,0.025,SELL,False,1,0
2024-03-01 08:00:00,2024-03-01 04:00:00,0.4734,0.025,SELL,False,1,0
2024-03-01 12:00:00,2024-03-01 08:00:00,0.4734,0.025,SELL,False,1,0
2024-03-01 16:00:00,2024-03-01 12:00:00,0.4721,0.025,SELL,False,1,0
2024-03-01 20:00:00,2024-03-01 16:00:00,0.4721,0.025,SELL,False,1,0
2024-03-04 00:00:00,2024-03-01 20:00:00,0.4721,0.025,SELL,False,1,0
2024-03-04 04:00:00,2024-03-04 00:00:00,0.4717,0.025,SELL,False,1,0
2024-03-04 08:00:00,2024-03-04 04:00:00,0.4722,0.025,SELL,False,1,0
2024-03-04 12:00:00,2024-03-04 08:00:00,0.4725,0.025,SELL,True,0,0
2024-03-04 16:00:00,2024-03-04 12:00:00,0.4733,0.025,SELL,False,1,0
2024-03-04 20:00:00,2024-03-04 16:00:00,0.4752,0.025,HOLD,,1,-1
2024-03-05 00:00:00,2024-03-04 20:00:00,0.476,0.025,HOLD,,0,-1
2024-03-05 04:00:00,2024-03-05 00:00:00,0.4758,0.025,HOLD,,1,-1
2024-03-05 08:00:00,2024-03-05 04:00:00,0.4771,0.025,HOLD,,1,-1
2024-03-05 12:00:00,2024-03-05 08:00:00,0.4765,0.025,HOLD,,1,-1
2024-03-05 16:00:00,2024-03-05 12:00:00,0.4755,0.025,HOLD,,1,-1
2024-03-05 20:00:00,2024-03-05 16:00:00,0.4747,0.025,SELL,False,1,0
2024-03-06 00:00:00,2024-03-05 20:00:00,0.4747,0.025,SELL,False,1,0
2024-03-06 04:00:00,2024-03-06 00:00:00,0.4754,0.025,HOLD,,1,-1
2024-03-06 08:00:00,2024-03-06 04:00:00,0.4754,0.025,HOLD,,1,-1
2024-03-06 12:00:00,2024-03-06 08:00:00,0.475,0.025,SELL,True,0,0
2024-03-06 16:00:00,2024-03-06 12:00:00,0.4729,0.025,SELL,False,1,0
2024-03-06 20:00:00,2024-03-06 16:00:00,0.4726,0.025,SELL,False,1,0
2024-03-07 00:00:00,2024-03-06 20:00:00,0.474,0.025,SELL,False,1,0
2024-03-07 04:00:00,2024-03-07 00:00:00,0.475,0.025,SELL,False,1,0
2024-03-07 08:00:00,2024-03-07 04:00:00,0.4741,0.025,SELL,False,1,0
2024-03-07 12:00:00,2024-03-07 08:00:00,0.4735,0.025,SELL,False,1,0
2024-03-07 16:00:00,2024-03-07 12:00:00,0.4738,0.025,SELL,False,1,0
2024-03-07 20:00:00,2024-03-07 16:00:00,0.4735,0.025,SELL,True,0,0
2024-03-08 00:00:00,2024-03-07 20:00:00,0.4691,0.025,SELL,True,0,0
2024-03-08 04:00:00,2024-03-08 00:00:00,0.4669,0.025,SELL,True,0,0
2024-03-08 08:00:00,2024-03-08 04:00:00,0.468,0.025,SELL,True,0,0
2024-03-08 12:00:00,2024-03-08 08:00:00,0.4689,0.025,SELL,True,0,0
2024-03-08 16:00:00,2024-03-08 12:00:00,0.4673,0.025,SELL,True,0,0
2024-03-08 20:00:00,2024-03-08 16:00:00,0.4663,0.025,SELL,True,0,0
2024-03-11 00:00:00,2024-03-08 20:00:00,0.4669,0.025,SELL,True,0,0
2024-03-11 04:00:00,2024-03-11 00:00:00,0.4693,0.025,SELL,True,0,0
2024-03-11 08:00:00,2024-03-11 04:00:00,0.4689,0.025,SELL,True,0,0
2024-03-11 12:00:00,2024-03-11 08:00:00,0.4698,0.025,SELL,True,0,0
2024-03-11 16:00:00,2024-03-11 12:00:00,0.4696,0.025,SELL,True,0,0
2024-03-11 20:00:00,2024-03-11 16:00:00,0.4698,0.025,SELL,False,1,0
2024-03-12 00:00:00,2024-03-11 20:00:00,0.4705,0.025,SELL,True,0,0
2024-03-12 04:00:00,2024-03-12 00:00:00,0.4723,0.025,SELL,True,0,0
2024-03-12 08:00:00,2024-03-12 04:00:00,0.4725,0.025,SELL,True,0,0
2024-03-12 12:00:00,2024-03-12 08:00:00,0.473,0.025,SELL,False,1,0
2024-03-12 16:00:00,2024-03-12 12:00:00,0.4733,0.025,SELL,False,1,0
2024-03-12 20:00:00,2024-03-12 16:00:00,0.4737,0.025,SELL,False,1,0
2024-03-13 00:00:00,2024-03-12 20:00:00,0.4737,0.025,SELL,False,1,0
2024-03-13 04:00:00,2024-03-13 00:00:00,0.4759,0.025,HOLD,,1,-1
2024-03-13 08:00:00,2024-03-13 04:00:00,0.4762,0.025,HOLD,,1,-1
2024-03-13 12:00:00,2024-03-13 08:00:00,0.4769,0.025,HOLD,,0,-1
2024-03-13 16:00:00,2024-03-13 12:00:00,0.4789,0.025,HOLD,,0,-1
2024-03-13 20:00:00,2024-03-13 16:00:00,0.4817,0.025,HOLD,,0,-1
2024-03-14 00:00:00,2024-03-13 20:00:00,0.4826,0.025,HOLD,,0,-1
2024-03-14 04:00:00,2024-03-14 00:00:00,0.4845,0.025,HOLD,,0,-1
2024-03-14 08:00:00,2024-03-14 04:00:00,0.4842,0.025,HOLD,,0,-1
2024-03-14 12:00:00,2024-03-14 08:00:00,0.4844,0.025,HOLD,,0,-1
2024-03-14 16:00:00,2024-03-14 12:00:00,0.4848,0.025,HOLD,,0,-1
2024-03-14 20:00:00,2024-03-14 16:00:00,0.4844,0.025,HOLD,,1,-1
2024-03-15 00:00:00,2024-03-14 20:00:00,0.4853,0.025,HOLD,,1,-1
2024-03-15 04:00:00,2024-03-15 00:00:00,0.4901,0.025,HOLD,,1,-1
2024-03-15 08:00:00,2024-03-15 04:00:00,0.4901,0.025,HOLD,,1,-1
2024-03-15 12:00:00,2024-03-15 08:00:00,0.4898,0.025,HOLD,,1,-1
2024-03-15 16:00:00,2024-03-15 12:00:00,0.4885,0.025,HOLD,,0,-1
2024-03-15 20:00:00,2024-03-15 16:00:00,0.4876,0.025,HOLD,,0,-1
2024-03-18 00:00:00,2024-03-15 20:00:00,0.488,0.025,HOLD,,0,-1
2024-03-18 04:00:00,2024-03-18 00:00:00,0.4868,0.025,HOLD,,0,-1
2024-03-18 08:00:00,2024-03-18 04:00:00,0.4858,0.025,HOLD,,0,-1
2024-03-18 12:00:00,2024-03-18 08:00:00,0.4848,0.025,HOLD,,0,-1
2024-03-18 16:00:00,2024-03-18 12:00:00,0.4831,0.025,HOLD,,0,-1
2024-03-18 20:00:00,2024-03-18 16:00:00,0.4807,0.025,HOLD,,0,-1
2024-03-19 00:00:00,2024-03-18 20:00:00,0.4792,0.025,HOLD,,0,-1
2024-03-19 04:00:00,2024-03-19 00:00:00,0.4789,0.025,HOLD,,1,-1
2024-03-19 08:00:00,2024-03-19 04:00:00,0.4794,0.025,HOLD,,1,-1
2024-03-19 12:00:00,2024-03-19 08:00:00,0.4797,0.025,HOLD,,0,-1
2024-03-19 16:00:00,2024-03-19 12:00:00,0.4789,0.025,HOLD,,1,-1
2024-03-19 20:00:00,2024-03-19 16:00:00,0.476,0.025,HOLD,,1,-1
2024-03-20 00:00:00,2024-03-19 20:00:00,0.4756,0.025,HOLD,,1,-1
2024-03-20 04:00:00,2024-03-20 00:00:00,0.4767,0.025,HOLD,,1,-1
2024-03-20 08:00:00,2024-03-20 04:00:00,0.4763,0.025,HOLD,,1,-1
2024-03-20 12:00:00,2024-03-20 08:00:00,0.4764,0.025,HOLD,,1,-1
2024-03-20 16:00:00,2024-03-20 12:00:00,0.4761,0.025,HOLD,,0,-1
2024-03-20 20:00:00,2024-03-20 16:00:00,0.4758,0.025,HOLD,,0,-1
2024-03-21 00:00:00,2024-03-20 20:00:00,0.4774,0.025,HOLD,,0,-1
2024-03-21 04:00:00,2024-03-21 00:00:00,0.4796,0.025,HOLD,,0,-1
2024-03-21 08:00:00,2024-03-21 04:00:00,0.4786,0.025,HOLD,,0,-1
2024-03-21 12:00:00,2024-03-21 08:00:00,0.4786,0.025,HOLD,,0,-1
2024-03-21 16:00:00,2024-03-21 12:00:00,0.4777,0.025,HOLD,,0,-1
2024-03-21 20:00:00,2024-03-21 16:00:00,0.4757,0.025,HOLD,,0,-1
2024-03-22 00:00:00,2024-03-21 20:00:00,0.4731,0.025,SELL,True,0,0
2024-03-22 04:00:00,2024-03-22 00:00:00,0.4727,0.025,SELL,True,0,0
2024-03-22 08:00:00,2024-03-22 04:00:00,0.4742,0.025,SELL,False,1,0
2024-03-22 12:00:00,2024-03-22 08:00:00,0.4754,0.025,HOLD,,1,-1
2024-03-22 16:00:00,2024-03-22 12:00:00,0.4776,0.025,HOLD,,1,-1
2024-03-22 20:00:00,2024-03-22 16:00:00,0.4801,0.025,HOLD,,1,-1
2024-03-25 00:00:00,2024-03-22 20:00:00,0.4799,0.025,HOLD,,1,-1
2024-03-25 04:00:00,2024-03-25 00:00:00,0.4811,0.025,HOLD,,1,-1
2024-03-25 08:00:00,2024-03-25 04:00:00,0.483,0.025,HOLD,,1,-1
2024-03-25 12:00:00,2024-03-25 08:00:00,0.484,0.025,HOLD,,1,-1
2024-03-25 16:00:00,2024-03-25 12:00:00,0.4855,0.025,HOLD,,0,-1
2024-03-25 20:00:00,2024-03-25 16:00:00,0.4859,0.025,HOLD,,0,-1
2024-03-26 00:00:00,2024-03-25 20:00:00,0.4846,0.025,HOLD,,0,-1
2024-03-26 04:00:00,2024-03-26 00:00:00,0.4853,0.025,HOLD,,0,-1
2024-03-26 08:00:00,2024-03-26 04:00:00,0.485,0.025,HOLD,,0,-1
2024-03-26 12:00:00,2024-03-26 08:00:00,0.4839,0.025,HOLD,,0,-1
2024-03-26 16:00:00,2024-03-26 12:00:00,0.4819,0.025,HOLD,,0,-1
2024-03-26 20:00:00,2024-03-26 16:00:00,0.4816,0.025,HOLD,,0,-1
2024-03-27 00:00:00,2024-03-26 20:00:00,0.4831,0.025,HOLD,,0,-1
2024-03-27 04:00:00,2024-03-27 00:00:00,0.4839,0.025,HOLD,,0,-1
2024-03-27 08:00:00,2024-03-27 04:00:00,0.4841,0.025,HOLD,,0,-1
2024-03-27 12:00:00,2024-03-27 08:00:00,0.4836,0.025,HOLD,,0,-1
2024-03-27 16:00:00,2024-03-27 12:00:00,0.4818,0.025,HOLD,,0,-1
2024-03-27 20:00:00,2024-03-27 16:00:00,0.4817,0.025,HOLD,,0,-1
2024-03-28 00:00:00,2024-03-27 20:00:00,0.4832,0.025,HOLD,,0,-1
2024-03-28 04:00:00,2024-03-28 00:00:00,0.4858,0.025,HOLD,,0,-1
2024-03-28 08:00:00,2024-03-28 04:00:00,0.4917,0.025,HOLD,,1,-1
2024-03-28 12:00:00,2024-03-28 08:00:00,0.4932,0.025,HOLD,,0,-1
2024-03-28 16:00:00,2024-03-28 12:00:00,0.4907,0.025,HOLD,,0,-1
2024-03-28 20:00:00,2024-03-28 16:00:00,0.4877,0.025,HOLD,,1,-1
2024-03-29 00:00:00,2024-03-28 20:00:00,0.4844,0.025,HOLD,,1,-1
2024-03-29 04:00:00,2024-03-29 00:00:00,0.4835,0.025,HOLD,,1,-1
2024-03-29 08:00:00,2024-03-29 04:00:00,0.483,0.025,HOLD,,1,-1
2024-03-29 12:00:00,2024-03-29 08:00:00,0.4821,0.025,HOLD,,0,-1
2024-03-29 16:00:00,2024-03-29 12:00:00,0.4801,0.025,HOLD,,0,-1
2024-03-29 20:00:00,2024-03-29 16:00:00,0.4799,0.025,HOLD,,0,-1
2024-04-01 00:00:00,2024-03-29 20:00:00,0.4796,0.025,HOLD,,0,-1
2024-04-01 04:00:00,2024-04-01 00:00:00,0.4788,0.025,HOLD,,0,-1
2024-04-01 08:00:00,2024-04-01 04:00:00,0.4794,0.025,HOLD,,0,-1
2024-04-01 12:00:00,2024-04-01 08:00:00,0.4814,0.025,HOLD,,0,-1
2024-04-01 16:00:00,2024-04-01 12:00:00,0.4819,0.025,HOLD,,1,-1
2024-04-01 20:00:00,2024-04-01 16:00:00,0.4831,0.025,HOLD,,1,-1
2024-04-02 00:00:00,2024-04-01 20:00:00,0.4845,0.025,HOLD,,1,-1
2024-04-02 04:00:00,2024-04-02 00:00:00,0.4848,0.025,HOLD,,1,-1
2024-04-02 08:00:00,2024-04-02 04:00:00,0.485,0.025,HOLD,,1,-1
2024-04-02 12:00:00,2024-04-02 08:00:00,0.487,0.025,HOLD,,1,-1
2024-04-02 16:00:00,2024-04-02 12:00:00,0.4884,0.025,HOLD,,1,-1
2024-04-02 20:00:00,2024-04-02 16:00:00,0.4887,0.025,HOLD,,1,-1
2024-04-03 00:00:00,2024-04-02 20:00:00,0.4879,0.025,HOLD,,1,-1
2024-04-03 04:00:00,2024-04-03 00:00:00,0.4871,0.025,HOLD,,1,-1
2024-04-03 08:00:00,2024-04-03 04:00:00,0.4875,0.025,HOLD,,1,-1
2024-04-03 12:00:00,2024-04-03 08:00:00,0.487,0.025,HOLD,,1,-1
2024-04-03 16:00:00,2024-04-03 12:00:00,0.4862,0.025,HOLD,,1,-1
2024-04-03 20:00:00,2024-04-03 16:00:00,0.4855,0.025,HOLD,,1,-1
2024-04-04 00:00:00,2024-04-03 20:00:00,0.4845,0.025,HOLD,,0,-1
2024-04-04 04:00:00,2024-04-04 00:00:00,0.4853,0.025,HOLD,,0,-1
2024-04-04 08:00:00,2024-04-04 04:00:00,0.4854,0.025,HOLD,,0,-1
2024-04-04 12:00:00,2024-04-04 08:00:00,0.4851,0.025,HOLD,,0,-1
2024-04-04 16:00:00,2024-04-04 12:00:00,0.4821,0.025,HOLD,,0,-1
2024-04-04 20:00:00,2024-04-04 16:00:00,0.4805,0.025,HOLD,,1,-1
2024-04-05 00:00:00,2024-04-04 20:00:00,0.4808,0.025,HOLD,,0,-1
2024-04-05 04:00:00,2024-04-05 00:00:00,0.4797,0.025,HOLD,,1,-1
2024-04-05 08:00:00,2024-04-05 04:00:00,0.4782,0.025,HOLD,,0,-1
2024-04-05 12:00:00,2024-04-05 08:00:00,0.4766,0.025,HOLD,,1,-1
2024-04-05 16:00:00,2024-04-05 12:00:00,0.4767,0.025,HOLD,,1,-1
2024-04-05 20:00:00,2024-04-05 16:00:00,0.4773,0.025,HOLD,,1,-1
2024-04-08 00:00:00,2024-04-05 20:00:00,0.4783,0.025,HOLD,,1,-1
2024-04-08 04:00:00,2024-04-08 00:00:00,0.478,0.025,HOLD,,1,-1
2024-04-08 08:00:00,2024-04-08 04:00:00,0.4772,0.025,HOLD,,1,-1
2024-04-08 12:00:00,2024-04-08 08:00:00,0.4771,0.025,HOLD,,1,-1
2024-04-08 16:00:00,2024-04-08 12:00:00,0.4768,0.025,HOLD,,1,-1
2024-04-08 20:00:00,2024-04-08 16:00:00,0.4765,0.025,HOLD,,0,-1
2024-04-09 00:00:00,2024-04-08 20:00:00,0.473,0.025,SELL,True,0,0
2024-04-09 04:00:00,2024-04-09 00:00:00,0.4719,0.025,SELL,True,0,0
2024-04-09 08:00:00,2024-04-09 04:00:00,0.4713,0.025,SELL,False,1,0
2024-04-09 12:00:00,2024-04-09 08:00:00,0.4705,0.025,SELL,True,0,0
2024-04-09 16:00:00,2024-04-09 12:00:00,0.4685,0.025,SELL,True,0,0
2024-04-09 20:00:00,2024-04-09 16:00:00,0.4682,0.025,SELL,True,0,0
2024-04-10 00:00:00,2024-04-09 20:00:00,0.4694,0.025,SELL,True,0,0
2024-04-10 04:00:00,2024-04-10 00:00:00,0.4728,0.025,SELL,True,0,0
2024-04-10 08:00:00,2024-04-10 04:00:00,0.4727,0.025,SELL,True,0,0
2024-04-10 12:00:00,2024-04-10 08:00:00,0.4729,0.025,SELL,True,0,0
2024-04-10 16:00:00,2024-04-10 12:00:00,0.4736,0.025,SELL,True,0,0
2024-04-10 20:00:00,2024-04-10 16:00:00,0.4743,0.025,SELL,True,0,0
2024-04-11 00:00:00,2024-04-10 20:00:00,0.4773,0.025,HOLD,,0,-1
2024-04-11 04:00:00,2024-04-11 00:00:00,0.4837,0.025,HOLD,,0,-1
2024-04-11 08:00:00,2024-04-11 04:00:00,0.4871,0.025,HOLD,,0,-1
2024-04-11 12:00:00,2024-04-11 08:00:00,0.4896,0.025,HOLD,,0,-1
2024-04-11 16:00:00,2024-04-11 12:00:00,0.492,0.025,HOLD,,0,-1
2024-04-11 20:00:00,2024-04-11 16:00:00,0.4961,0.025,HOLD,,0,-1
2024-04-12 00:00:00,2024-04-11 20:00:00,0.4976,0.025,HOLD,,0,-1
2024-04-12 04:00:00,2024-04-12 00:00:00,0.497,0.025,HOLD,,0,-1
2024-04-12 08:00:00,2024-04-12 04:00:00,0.4983,0.025,HOLD,,0,-1
2024-04-12 12:00:00,2024-04-12 08:00:00,0.5004,0.025,HOLD,,1,-1
2024-04-12 16:00:00,2024-04-12 12:00:00,0.5017,0.025,HOLD,,0,-1
2024-04-12 20:00:00,2024-04-12 16:00:00,0.5023,0.025,HOLD,,0,-1
2024-04-15 00:00:00,2024-04-12 20:00:00,0.5036,0.025,HOLD,,0,-1
2024-04-15 04:00:00,2024-04-15 00:00:00,0.5082,0.025,HOLD,,0,-1
2024-04-15 08:00:00,2024-04-15 04:00:00,0.5102,0.025,HOLD,,0,-1
2024-04-15 12:00:00,2024-04-15 08:00:00,0.5104,0.025,HOLD,,0,-1
2024-04-15 16:00:00,2024-04-15 12:00:00,0.5113,0.025,HOLD,,0,-1
2024-04-15 20:00:00,2024-04-15 16:00:00,0.5132,0.025,HOLD,,0,-1
2024-04-16 00:00:00,2024-04-15 20:00:00,0.5152,0.025,HOLD,,1,-1
2024-04-16 04:00:00,2024-04-16 00:00:00,0.5182,0.025,HOLD,,1,-1
2024-04-16 08:00:00,2024-04-16 04:00:00,0.5197,0.025,HOLD,,1,-1
2024-04-16 12:00:00,2024-04-16 08:00:00,0.5205,0.025,HOLD,,0,-1
2024-04-16 16:00:00,2024-04-16 12:00:00,0.5207,0.025,HOLD,,1,-1
2024-04-16 20:00:00,2024-04-16 16:00:00,0.5225,0.025,HOLD,,1,-1
2024-04-17 00:00:00,2024-04-16 20:00:00,0.5229,0.025,HOLD,,1,-1
2024-04-17 04:00:00,2024-04-17 00:00:00,0.5224,0.025,HOLD,,1,-1
2024-04-17 08:00:00,2024-04-17 04:00:00,0.5225,0.025,HOLD,,1,-1
2024-04-17 12:00:00,2024-04-17 08:00:00,0.5223,0.025,HOLD,,1,-1
2024-04-17 16:00:00,2024-04-17 12:00:00,0.5223,0.025,HOLD,,1,-1
2024-04-17 20:00:00,2024-04-17 16:00:00,0.5152,0.025,HOLD,,0,-1
2024-04-18 00:00:00,2024-04-17 20:00:00,0.506,0.025,HOLD,,0,-1
2024-04-18 04:00:00,2024-04-18 00:00:00,0.5019,0.025,HOLD,,0,-1
2024-04-18 08:00:00,2024-04-18 04:00:00,0.5015,0.025,HOLD,,0,-1
2024-04-18 12:00:00,2024-04-18 08:00:00,0.4999,0.025,HOLD,,1,-1
2024-04-18 16:00:00,2024-04-18 12:00:00,0.4978,0.025,HOLD,,1,-1
2024-04-18 20:00:00,2024-04-18 16:00:00,0.4957,0.025,HOLD,,1,-1
2024-04-19 00:00:00,2024-04-18 20:00:00,0.492,0.025,HOLD,,1,-1
2024-04-19 04:00:00,2024-04-19 00:00:00,0.4904,0.025,HOLD,,1,-1
2024-04-19 08:00:00,2024-04-19 04:00:00,0.4902,0.025,HOLD,,1,-1
2024-04-19 12:00:00,2024-04-19 08:00:00,0.4877,0.025,HOLD,,0,-1
2024-04-19 16:00:00,2024-04-19 12:00:00,0.4818,0.025,HOLD,,0,-1
2024-04-19 20:00:00,2024-04-19 16:00:00,0.4749,0.025,SELL,True,0,0
2024-04-22 00:00:00,2024-04-19 20:00:00,0.4712,0.025,SELL,False,1,0
2024-04-22 04:00:00,2024-04-22 00:00:00,0.4701,0.025,SELL,True,0,0
2024-04-22 08:00:00,2024-04-22 04:00:00,0.4687,0.025,SELL,False,1,0
2024-04-22 12:00:00,2024-04-22 08:00:00,0.469,0.025,SELL,False,1,0
2024-04-22 16:00:00,2024-04-22 12:00:00,0.4679,0.025,SELL,False,1,0
2024-04-22 20:00:00,2024-04-22 16:00:00,0.4659,0.025,SELL,False,1,0
2024-04-23 00:00:00,2024-04-22 20:00:00,0.4636,0.025,SELL,False,1,0
2024-04-23 04:00:00,2024-04-23 00:00:00,0.4627,0.025,SELL,False,1,0
2024-04-23 08:00:00,2024-04-23 04:00:00,0.4621,0.025,SELL,False,1,0
2024-04-23 12:00:00,2024-04-23 08:00:00,0.4618,0.025,SELL,False,1,0
2024-04-23 16:00:00,2024-04-23 12:00:00,0.4609,0.025,SELL,True,0,0
2024-04-23 20:00:00,2024-04-23 16:00:00,0.4617,0.025,SELL,True,0,0
2024-04-24 00:00:00,2024-04-23 20:00:00,0.4622,0.025,SELL,True,0,0
2024-04-24 04:00:00,2024-04-24 00:00:00,0.4604,0.025,SELL,False,1,0
2024-04-24 08:00:00,2024-04-24 04:00:00,0.4618,0.025,SELL,False,1,0
2024-04-24 12:00:00,2024-04-24 08:00:00,0.4611,0.025,SELL,False,1,0
2024-04-24 16:00:00,2024-04-24 12:00:00,0.4612,0.025,SELL,False,1,0
2024-04-24 20:00:00,2024-04-24 16:00:00,0.4621,0.025,SELL,False,1,0
2024-04-25 00:00:00,2024-04-24 20:00:00,0.4619,0.025,SELL,False,1,0
2024-04-25 04:00:00,2024-04-25 00:00:00,0.4643,0.025,SELL,False,1,0
2024-04-25 08:00:00,2024-04-25 04:00:00,0.4666,0.025,SELL,False,1,0
2024-04-25 12:00:00,2024-04-25 08:00:00,0.467,0.025,SELL,False,1,0
2024-04-25 16:00:00,2024-04-25 12:00:00,0.4665,0.025,SELL,True,0,0
2024-04-25 20:00:00,2024-04-25 16:00:00,0.4657,0.025,SELL,True,0,0
2024-04-26 00:00:00,2024-04-25 20:00:00,0.4639,0.025,SELL,True,0,0
2024-04-26 04:00:00,2024-04-26 00:00:00,0.4639,0.025,SELL,False,1,0
2024-04-26 08:00:00,2024-04-26 04:00:00,0.4638,0.025,SELL,True,0,0
2024-04-26 12:00:00,2024-04-26 08:00:00,0.4629,0.025,SELL,True,0,0
2024-04-26 16:00:00,2024-04-26 12:00:00,0.4633,0.025,SELL,False,1,0
2024-04-26 20:00:00,2024-04-26 16:00:00,0.4661,0.025,SELL,False,1,0
2024-04-29 00:00:00,2024-04-26 20:00:00,0.4668,0.025,SELL,False,1,0
2024-04-29 04:00:00,2024-04-29 00:00:00,0.4684,0.025,SELL,True,0,0
2024-04-29 08:00:00,2024-04-29 04:00:00,0.4683,0.025,SELL,False,1,0
2024-04-29 12:00:00,2024-04-29 08:00:00,0.4698,0.025,SELL,True,0,0
2024-04-29 16:00:00,2024-04-29 12:00:00,0.4708,0.025,SELL,True,0,0
2024-04-29 20:00:00,2024-04-29 16:00:00,0.4703,0.025,SELL,True,0,0
2024-04-30 00:00:00,2024-04-29 20:00:00,0.4711,0.025,SELL,True,0,0
2024-04-30 04:00:00,2024-04-30 00:00:00,0.473,0.025,SELL,True,0,0
2024-04-30 08:00:00,2024-04-30 04:00:00,0.4755,0.025,HOLD,,0,-1
2024-04-30 12:00:00,2024-04-30 08:00:00,0.4766,0.025,HOLD,,0,-1
2024-04-30 16:00:00,2024-04-30 12:00:00,0.4764,0.025,HOLD,,0,-1
2024-04-30 20:00:00,2024-04-30 16:00:00,0.4794,0.025,HOLD,,1,-1
2024-05-01 00:00:00,2024-04-30 20:00:00,0.4814,0.025,HOLD,,1,-1
2024-05-01 04:00:00,2024-05-01 00:00:00,0.4842,0.025,HOLD,,1,-1
2024-05-01 08:00:00,2024-05-01 04:00:00,0.4867,0.025,HOLD,,1,-1
2024-05-01 12:00:00,2024-05-01 08:00:00,0.4877,0.025,HOLD,,1,-1
2024-05-01 16:00:00,2024-05-01 12:00:00,0.4873,0.025,HOLD,,1,-1
2024-05-01 20:00:00,2024-05-01 16:00:00,0.4868,0.025,HOLD,,1,-1
2024-05-02 00:00:00,2024-05-01 20:00:00,0.4869,0.025,HOLD,,1,-1
2024-05-02 04:00:00,2024-05-02 00:00:00,0.4878,0.025,HOLD,,1,-1
2024-05-02 08:00:00,2024-05-02 04:00:00,0.4897,0.025,HOLD,,1,-1
2024-05-02 12:00:00,2024-05-02 08:00:00,0.4909,0.025,HOLD,,1,-1
2024-05-02 16:00:00,2024-05-02 12:00:00,0.4921,0.025,HOLD,,1,-1
2024-05-02 20:00:00,2024-05-02 16:00:00,0.4905,0.025,HOLD,,1,-1
2024-05-03 00:00:00,2024-05-02 20:00:00,0.4902,0.025,HOLD,,1,-1
2024-05-03 04:00:00,2024-05-03 00:00:00,0.4919,0.025,HOLD,,1,-1
2024-05-03 08:00:00,2024-05-03 04:00:00,0.4916,0.025,HOLD,,1,-1
2024-05-03 12:00:00,2024-05-03 08:00:00,0.4908,0.025,HOLD,,0,-1
2024-05-03 16:00:00,2024-05-03 12:00:00,0.4901,0.025,HOLD,,1,-1
2024-05-03 20:00:00,2024-05-03 16:00:00,0.4892,0.025,HOLD,,1,-1
2024-05-06 00:00:00,2024-05-03 20:00:00,0.4856,0.025,HOLD,,1,-1
2024-05-06 04:00:00,2024-05-06 00:00:00,0.4834,0.025,HOLD,,1,-1
2024-05-06 08:00:00,2024-05-06 04:00:00,0.4838,0.025,HOLD,,0,-1
2024-05-06 12:00:00,2024-05-06 08:00:00,0.4848,0.025,HOLD,,0,-1
2024-05-06 16:00:00,2024-05-06 12:00:00,0.4837,0.025,HOLD,,0,-1
2024-05-06 20:00:00,2024-05-06 16:00:00,0.4806,0.025,HOLD,,0,-1
2024-05-07 00:00:00,2024-05-06 20:00:00,0.4809,0.025,HOLD,,0,-1
2024-05-07 04:00:00,2024-05-07 00:00:00,0.482,0.025,HOLD,,0,-1
2024-05-07 08:00:00,2024-05-07 04:00:00,0.481,0.025,HOLD,,0,-1
2024-05-07 12:00:00,2024-05-07 08:00:00,0.4797,0.025,HOLD,,0,-1
2024-05-07 16:00:00,2024-05-07 12:00:00,0.4787,0.025,HOLD,,0,-1
2024-05-07 20:00:00,2024-05-07 16:00:00,0.4769,0.025,HOLD,,0,-1
2024-05-08 00:00:00,2024-05-07 20:00:00,0.4741,0.025,SELL,True,0,0
2024-05-08 04:00:00,2024-05-08 00:00:00,0.473,0.025,SELL,False,1,0
2024-05-08 08:00:00,2024-05-08 04:00:00,0.4721,0.025,SELL,True,0,0
2024-05-08 12:00:00,2024-05-08 08:00:00,0.4725,0.025,SELL,False,1,0
2024-05-08 16:00:00,2024-05-08 12:00:00,0.4733,0.025,SELL,False,1,0
2024-05-08 20:00:00,2024-05-08 16:00:00,0.4759,0.025,HOLD,,1,-1
2024-05-09 00:00:00,2024-05-08 20:00:00,0.4763,0.025,HOLD,,1,-1
2024-05-09 04:00:00,2024-05-09 00:00:00,0.4764,0.025,HOLD,,1,-1
2024-05-09 08:00:00,2024-05-09 04:00:00,0.4805,0.025,HOLD,,1,-1
2024-05-09 12:00:00,2024-05-09 08:00:00,0.4816,0.025,HOLD,,1,-1
2024-05-09 16:00:00,2024-05-09 12:00:00,0.4806,0.025,HOLD,,1,-1
2024-05-09 20:00:00,2024-05-09 16:00:00,0.4794,0.025,HOLD,,0,-1
2024-05-10 00:00:00,2024-05-09 20:00:00,0.4794,0.025,HOLD,,0,-1
2024-05-10 04:00:00,2024-05-10 00:00:00,0.4814,0.025,HOLD,,0,-1
2024-05-10 08:00:00,2024-05-10 04:00:00,0.4833,0.025,HOLD,,1,-1
2024-05-10 12:00:00,2024-05-10 08:00:00,0.4823,0.025,HOLD,,1,-1
2024-05-10 16:00:00,2024-05-10 12:00:00,0.4824,0.025,HOLD,,1,-1
2024-05-10 20:00:00,2024-05-10 16:00:00,0.4833,0.025,HOLD,,1,-1
2024-05-13 00:00:00,2024-05-10 20:00:00,0.484,0.025,HOLD,,1,-1
2024-05-13 04:00:00,2024-05-13 00:00:00,0.4821,0.025,HOLD,,1,-1
2024-05-13 08:00:00,2024-05-13 04:00:00,0.4821,0.025,HOLD,,0,-1
2024-05-13 12:00:00,2024-05-13 08:00:00,0.4811,0.025,HOLD,,1,-1
2024-05-13 16:00:00,2024-05-13 12:00:00,0.4795,0.025,HOLD,,1,-1
2024-05-13 20:00:00,2024-05-13 16:00:00,0.48,0.025,HOLD,,1,-1
2024-05-14 00:00:00,2024-05-13 20:00:00,0.4799,0.025,HOLD,,1,-1
2024-05-14 04:00:00,2024-05-14 00:00:00,0.4784,0.025,HOLD,,1,-1
2024-05-14 08:00:00,2024-05-14 04:00:00,0.4779,0.025,HOLD,,1,-1
2024-05-14 12:00:00,2024-05-14 08:00:00,0.4771,0.025,HOLD,,1,-1
2024-05-14 16:00:00,2024-05-14 12:00:00,0.4755,0.025,HOLD,,1,-1
2024-05-14 20:00:00,2024-05-14 16:00:00,0.4752,0.025,HOLD,,1,-1
2024-05-15 00:00:00,2024-05-14 20:00:00,0.4741,0.025,SELL,False,1,0
2024-05-15 04:00:00,2024-05-15 00:00:00,0.4727,0.025,SELL,False,1,0
2024-05-15 08:00:00,2024-05-15 04:00:00,0.4712,0.025,SELL,False,1,0
2024-05-15 12:00:00,2024-05-15 08:00:00,0.4696,0.025,SELL,False,1,0
2024-05-15 16:00:00,2024-05-15 12:00:00,0.4676,0.025,SELL,False,1,0
2024-05-15 20:00:00,2024-05-15 16:00:00,0.4663,0.025,SELL,True,0,0
2024-05-16 00:00:00,2024-05-15 20:00:00,0.4637,0.025,SELL,True,0,0
2024-05-16 04:00:00,2024-05-16 00:00:00,0.4633,0.025,SELL,True,0,0
2024-05-16 08:00:00,2024-05-16 04:00:00,0.4622,0.025,SELL,True,0,0
2024-05-16 12:00:00,2024-05-16 08:00:00,0.4601,0.025,SELL,True,0,0
2024-05-16 16:00:00,2024-05-16 12:00:00,0.4583,0.025,SELL,True,0,0
2024-05-16 20:00:00,2024-05-16 16:00:00,0.4569,0.025,SELL,False,1,0
2024-05-17 00:00:00,2024-05-16 20:00:00,0.4581,0.025,SELL,False,1,0
2024-05-17 04:00:00,2024-05-17 00:00:00,0.4593,0.025,SELL,False,1,0
2024-05-17 08:00:00,2024-05-17 04:00:00,0.4584,0.025,SELL,False,1,0
2024-05-17 12:00:00,2024-05-17 08:00:00,0.4567,0.025,SELL,False,1,0
2024-05-17 16:00:00,2024-05-17 12:00:00,0.4554,0.025,SELL,True,0,0
2024-05-17 20:00:00,2024-05-17 16:00:00,0.4543,0.025,SELL,True,0,0
2024-05-20 00:00:00,2024-05-17 20:00:00,0.4523,0.025,SELL,True,0,0
2024-05-20 04:00:00,2024-05-20 00:00:00,0.4529,0.025,SELL,True,0,0
2024-05-20 08:00:00,2024-05-20 04:00:00,0.4508,0.025,SELL,True,0,0
2024-05-20 12:00:00,2024-05-20 08:00:00,0.4492,0.025,SELL,True,0,0
2024-05-20 16:00:00,2024-05-20 12:00:00,0.4489,0.025,SELL,True,0,0
2024-05-20 20:00:00,2024-05-20 16:00:00,0.4497,0.025,SELL,True,0,0
2024-05-21 00:00:00,2024-05-20 20:00:00,0.4489,0.025,SELL,True,0,0
2024-05-21 04:00:00,2024-05-21 00:00:00,0.4488,0.025,SELL,True,0,0
2024-05-21 08:00:00,2024-05-21 04:00:00,0.4468,0.025,SELL,True,0,0
2024-05-21 12:00:00,2024-05-21 08:00:00,0.4454,0.025,SELL,True,0,0
2024-05-21 16:00:00,2024-05-21 12:00:00,0.4439,0.025,SELL,True,0,0
2024-05-21 20:00:00,2024-05-21 16:00:00,0.4433,0.025,SELL,True,0,0
2024-05-22 00:00:00,2024-05-21 20:00:00,0.4455,0.025,SELL,True,0,0
2024-05-22 04:00:00,2024-05-22 00:00:00,0.4466,0.025,SELL,True,0,0
2024-05-22 08:00:00,2024-05-22 04:00:00,0.4469,0.025,SELL,True,0,0
2024-05-22 12:00:00,2024-05-22 08:00:00,0.4466,0.025,SELL,False,1,0
2024-05-22 16:00:00,2024-05-22 12:00:00,0.4474,0.025,SELL,True,0,0
2024-05-22 20:00:00,2024-05-22 16:00:00,0.4489,0.025,SELL,True,0,0
2024-05-23 00:00:00,2024-05-22 20:00:00,0.4523,0.025,SELL,True,0,0
2024-05-23 04:00:00,2024-05-23 00:00:00,0.4566,0.025,SELL,True,0,0
2024-05-23 08:00:00,2024-05-23 04:00:00,0.4597,0.025,SELL,True,0,0
2024-05-23 12:00:00,2024-05-23 08:00:00,0.4615,0.025,SELL,True,0,0
2024-05-23 16:00:00,2024-05-23 12:00:00,0.4615,0.025,SELL,False,1,0
2024-05-23 20:00:00,2024-05-23 16:00:00,0.4618,0.025,SELL,False,1,0
2024-05-24 00:00:00,2024-05-23 20:00:00,0.4631,0.025,SELL,False,1,0
2024-05-24 04:00:00,2024-05-24 00:00:00,0.4659,0.025,SELL,False,1,0
2024-05-24 08:00:00,2024-05-24 04:00:00,0.4672,0.025,SELL,False,1,0
2024-05-24 12:00:00,2024-05-24 08:00:00,0.4683,0.025,SELL,True,0,0
2024-05-24 16:00:00,2024-05-24 12:00:00,0.4674,0.025,SELL,False,1,0
2024-05-24 20:00:00,2024-05-24 16:00:00,0.4683,0.025,SELL,False,1,0
2024-05-27 00:00:00,2024-05-24 20:00:00,0.4698,0.025,SELL,False,1,0
2024-05-27 04:00:00,2024-05-27 00:00:00,0.4718,0.025,SELL,False,1,0
2024-05-27 08:00:00,2024-05-27 04:00:00,0.4737,0.025,SELL,False,1,0
2024-05-27 12:00:00,2024-05-27 08:00:00,0.4756,0.025,HOLD,,1,-1
2024-05-27 16:00:00,2024-05-27 12:00:00,0.4765,0.025,HOLD,,1,-1
2024-05-27 20:00:00,2024-05-27 16:00:00,0.4766,0.025,HOLD,,0,-1
2024-05-28 00:00:00,2024-05-27 20:00:00,0.4767,0.025,HOLD,,0,-1
2024-05-28 04:00:00,2024-05-28 00:00:00,0.4773,0.025,HOLD,,0,-1
2024-05-28 08:00:00,2024-05-28 04:00:00,0.4781,0.025,HOLD,,0,-1
2024-05-28 12:00:00,2024-05-28 08:00:00,0.4789,0.025,HOLD,,0,-1
2024-05-28 16:00:00,2024-05-28 12:00:00,0.4791,0.025,HOLD,,0,-1
2024-05-28 20:00:00,2024-05-28 16:00:00,0.4786,0.025,HOLD,,0,-1
2024-05-29 00:00:00,2024-05-28 20:00:00,0.4777,0.025,HOLD,,0,-1
2024-05-29 04:00:00,2024-05-29 00:00:00,0.4782,0.025,HOLD,,0,-1
2024-05-29 08:00:00,2024-05-29 04:00:00,0.479,0.025,HOLD,,0,-1
2024-05-29 12:00:00,2024-05-29 08:00:00,0.4784,0.025,HOLD,,0,-1
2024-05-29 16:00:00,2024-05-29 12:00:00,0.4774,0.025,HOLD,,1,-1
2024-05-29 20:00:00,2024-05-29 16:00:00,0.4767,0.025,HOLD,,1,-1
2024-05-30 00:00:00,2024-05-29 20:00:00,0.4774,0.025,HOLD,,1,-1
2024-05-30 04:00:00,2024-05-30 00:00:00,0.477,0.025,HOLD,,1,-1
2024-05-30 08:00:00,2024-05-30 04:00:00,0.4773,0.025,HOLD,,1,-1
2024-05-30 12:00:00,2024-05-30 08:00:00,0.477,0.025,HOLD,,1,-1
2024-05-30 16:00:00,2024-05-30 12:00:00,0.4768,0.025,HOLD,,1,-1
2024-05-30 20:00:00,2024-05-30 16:00:00,0.4785,0.025,HOLD,,1,-1
2024-05-31 00:00:00,2024-05-30 20:00:00,0.4765,0.025,HOLD,,1,-1
2024-05-31 04:00:00,2024-05-31 00:00:00,0.4745,0.025,SELL,False,1,0
2024-05-31 08:00:00,2024-05-31 04:00:00,0.4743,0.025,SELL,False,1,0
2024-05-31 12:00:00,2024-05-31 08:00:00,0.4728,0.025,SELL,True,0,0
2024-05-31 16:00:00,2024-05-31 12:00:00,0.4723,0.025,SELL,False,1,0
2024-05-31 20:00:00,2024-05-31 16:00:00,0.4736,0.025,SELL,False,1,0
2024-06-03 00:00:00,2024-05-31 20:00:00,0.4739,0.025,SELL,False,1,0
2024-06-03 04:00:00,2024-06-03 00:00:00,0.4722,0.025,SELL,False,1,0
2024-06-03 08:00:00,2024-06-03 04:00:00,0.4722,0.025,SELL,False,1,0
2024-06-03 12:00:00,2024-06-03 08:00:00,0.4708,0.025,SELL,False,1,0
2024-06-03 16:00:00,2024-06-03 12:00:00,0.4699,0.025,SELL,True,0,0
2024-06-03 20:00:00,2024-06-03 16:00:00,0.4683,0.025,SELL,True,0,0
2024-06-04 00:00:00,2024-06-03 20:00:00,0.4688,0.025,SELL,True,0,0
2024-06-04 04:00:00,2024-06-04 00:00:00,0.4701,0.025,SELL,True,0,0
2024-06-04 08:00:00,2024-06-04 04:00:00,0.4693,0.025,SELL,True,0,0
2024-06-04 12:00:00,2024-06-04 08:00:00,0.4705,0.025,SELL,False,1,0
2024-06-04 16:00:00,2024-06-04 12:00:00,0.4706,0.025,SELL,True,0,0
2024-06-04 20:00:00,2024-06-04 16:00:00,0.4698,0.025,SELL,True,0,0
2024-06-05 00:00:00,2024-06-04 20:00:00,0.4703,0.025,SELL,True,0,0
2024-06-05 04:00:00,2024-06-05 00:00:00,0.4706,0.025,SELL,False,1,0
2024-06-05 08:00:00,2024-06-05 04:00:00,0.4707,0.025,SELL,False,1,0
2024-06-05 12:00:00,2024-06-05 08:00:00,0.4708,0.025,SELL,True,0,0
2024-06-05 16:00:00,2024-06-05 12:00:00,0.4702,0.025,SELL,False,1,0
2024-06-05 20:00:00,2024-06-05 16:00:00,0.4709,0.025,SELL,False,1,0
2024-06-06 00:00:00,2024-06-05 20:00:00,0.4702,0.025,SELL,False,1,0
2024-06-06 04:00:00,2024-06-06 00:00:00,0.47,0.025,SELL,False,1,0
2024-06-06 08:00:00,2024-06-06 04:00:00,0.47,0.025,SELL,False,1,0
2024-06-06 12:00:00,2024-06-06 08:00:00,0.4696,0.025,SELL,True,0,0
2024-06-06 16:00:00,2024-06-06 12:00:00,0.4709,0.025,SELL,True,0,0
2024-06-06 20:00:00,2024-06-06 16:00:00,0.474,0.025,SELL,True,0,0
2024-06-07 00:00:00,2024-06-06 20:00:00,0.4763,0.025,HOLD,,0,-1
2024-06-07 04:00:00,2024-06-07 00:00:00,0.478,0.025,HOLD,,0,-1
2024-06-07 08:00:00,2024-06-07 04:00:00,0.4785,0.025,HOLD,,0,-1
2024-06-07 12:00:00,2024-06-07 08:00:00,0.4782,0.025,HOLD,,0,-1
2024-06-07 16:00:00,2024-06-07 12:00:00,0.4786,0.025,HOLD,,0,-1
2024-06-07 20:00:00,2024-06-07 16:00:00,0.4817,0.025,HOLD,,0,-1
2024-06-10 00:00:00,2024-06-07 20:00:00,0.4833,0.025,HOLD,,0,-1
2024-06-10 04:00:00,2024-06-10 00:00:00,0.4823,0.025,HOLD,,1,-1
2024-06-10 08:00:00,2024-06-10 04:00:00,0.4844,0.025,HOLD,,0,-1
2024-06-10 12:00:00,2024-06-10 08:00:00,0.4857,0.025,HOLD,,0,-1
2024-06-10 16:00:00,2024-06-10 12:00:00,0.4855,0.025,HOLD,,0,-1
2024-06-10 20:00:00,2024-06-10 16:00:00,0.486,0.025,HOLD,,0,-1
2024-06-11 00:00:00,2024-06-10 20:00:00,0.4885,0.025,HOLD,,0,-1
2024-06-11 04:00:00,2024-06-11 00:00:00,0.4934,0.025,HOLD,,0,-1
2024-06-11 08:00:00,2024-06-11 04:00:00,0.4958,0.025,HOLD,,1,-1
2024-06-11 12:00:00,2024-06-11 08:00:00,0.4968,0.025,HOLD,,1,-1
2024-06-11 16:00:00,2024-06-11 12:00:00,0.4945,0.025,HOLD,,1,-1
2024-06-11 20:00:00,2024-06-11 16:00:00,0.4923,0.025,HOLD,,1,-1
2024-06-12 00:00:00,2024-06-11 20:00:00,0.4924,0.025,HOLD,,1,-1
2024-06-12 04:00:00,2024-06-12 00:00:00,0.4926,0.025,HOLD,,1,-1
2024-06-12 08:00:00,2024-06-12 04:00:00,0.4932,0.025,HOLD,,1,-1
2024-06-12 12:00:00,2024-06-12 08:00:00,0.4931,0.025,HOLD,,0,-1
2024-06-12 16:00:00,2024-06-12 12:00:00,0.4922,0.025,HOLD,,0,-1
2024-06-12 20:00:00,2024-06-12 16:00:00,0.492,0.025,HOLD,,0,-1
2024-06-13 00:00:00,2024-06-12 20:00:00,0.4902,0.025,HOLD,,0,-1
2024-06-13 04:00:00,2024-06-13 00:00:00,0.489,0.025,HOLD,,0,-1
2024-06-13 08:00:00,2024-06-13 04:00:00,0.4914,0.025,HOLD,,0,-1
2024-06-13 12:00:00,2024-06-13 08:00:00,0.4919,0.025,HOLD,,0,-1
2024-06-13 16:00:00,2024-06-13 12:00:00,0.4924,0.025,HOLD,,0,-1
2024-06-13 20:00:00,2024-06-13 16:00:00,0.4916,0.025,HOLD,,0,-1
2024-06-14 00:00:00,2024-06-13 20:00:00,0.4932,0.025,HOLD,,0,-1
2024-06-14 04:00:00,2024-06-14 00:00:00,0.495,0.025,HOLD,,0,-1
2024-06-14 08:00:00,2024-06-14 04:00:00,0.4975,0.025,HOLD,,1,-1
2024-06-14 12:00:00,2024-06-14 08:00:00,0.5001,0.025,HOLD,,1,-1
2024-06-14 16:00:00,2024-06-14 12:00:00,0.5021,0.025,HOLD,,1,-1
2024-06-14 20:00:00,2024-06-14 16:00:00,0.4985,0.025,HOLD,,1,-1
2024-06-17 00:00:00,2024-06-14 20:00:00,0.4955,0.025,HOLD,,1,-1
2024-06-17 04:00:00,2024-06-17 00:00:00,0.4964,0.025,HOLD,,1,-1
2024-06-17 08:00:00,2024-06-17 04:00:00,0.4949,0.025,HOLD,,1,-1
2024-06-17 12:00:00,2024-06-17 08:00:00,0.4963,0.025,HOLD,,1,-1
2024-06-17 16:00:00,2024-06-17 12:00:00,0.4964,0.025,HOLD,,1,-1
2024-06-17 20:00:00,2024-06-17 16:00:00,0.4978,0.025,HOLD,,1,-1
2024-06-18 00:00:00,2024-06-17 20:00:00,0.4993,0.025,HOLD,,1,-1
2024-06-18 04:00:00,2024-06-18 00:00:00,0.5034,0.025,HOLD,,1,-1
2024-06-18 08:00:00,2024-06-18 04:00:00,0.5063,0.025,HOLD,,1,-1
2024-06-18 12:00:00,2024-06-18 08:00:00,0.5078,0.025,HOLD,,1,-1
2024-06-18 16:00:00,2024-06-18 12:00:00,0.507,0.025,HOLD,,1,-1
2024-06-18 20:00:00,2024-06-18 16:00:00,0.5052,0.025,HOLD,,1,-1
2024-06-19 00:00:00,2024-06-18 20:00:00,0.5068,0.025,HOLD,,1,-1
2024-06-19 04:00:00,2024-06-19 00:00:00,0.5074,0.025,HOLD,,1,-1
2024-06-19 08:00:00,2024-06-19 04:00:00,0.5074,0.025,HOLD,,0,-1
2024-06-19 12:00:00,2024-06-19 08:00:00,0.5067,0.025,HOLD,,0,-1
2024-06-19 16:00:00,2024-06-19 12:00:00,0.5068,0.025,HOLD,,0,-1
2024-06-19 20:00:00,2024-06-19 16:00:00,0.5088,0.025,HOLD,,0,-1
2024-06-20 00:00:00,2024-06-19 20:00:00,0.5129,0.025,HOLD,,0,-1
2024-06-20 04:00:00,2024-06-20 00:00:00,0.5108,0.025,HOLD,,0,-1
2024-06-20 08:00:00,2024-06-20 04:00:00,0.5093,0.025,HOLD,,0,-1
2024-06-20 12:00:00,2024-06-20 08:00:00,0.5075,0.025,HOLD,,0,-1
2024-06-20 16:00:00,2024-06-20 12:00:00,0.5051,0.025,HOLD,,0,-1
2024-06-20 20:00:00,2024-06-20 16:00:00,0.5025,0.025,HOLD,,0,-1
2024-06-21 00:00:00,2024-06-20 20:00:00,0.4955,0.025,HOLD,,0,-1
2024-06-21 04:00:00,2024-06-21 00:00:00,0.4905,0.025,HOLD,,0,-1
2024-06-21 08:00:00,2024-06-21 04:00:00,0.4889,0.025,HOLD,,1,-1
2024-06-21 12:00:00,2024-06-21 08:00:00,0.4866,0.025,HOLD,,1,-1
2024-06-21 16:00:00,2024-06-21 12:00:00,0.4813,0.025,HOLD,,1,-1
2024-06-21 20:00:00,2024-06-21 16:00:00,0.4761,0.025,HOLD,,1,-1
2024-06-24 00:00:00,2024-06-21 20:00:00,0.4756,0.025,HOLD,,1,-1
2024-06-24 04:00:00,2024-06-24 00:00:00,0.4756,0.025,HOLD,,1,-1
2024-06-24 08:00:00,2024-06-24 04:00:00,0.4745,0.025,SELL,False,1,0
2024-06-24 12:00:00,2024-06-24 08:00:00,0.473,0.025,SELL,True,0,0
2024-06-24 16:00:00,2024-06-24 12:00:00,0.4711,0.025,SELL,True,0,0
2024-06-24 20:00:00,2024-06-24 16:00:00,0.4701,0.025,SELL,True,0,0
2024-06-25 00:00:00,2024-06-24 20:00:00,0.4694,0.025,SELL,True,0,0
2024-06-25 04:00:00,2024-06-25 00:00:00,0.4693,0.025,SELL,True,0,0
2024-06-25 08:00:00,2024-06-25 04:00:00,0.469,0.025,SELL,True,0,0
2024-06-25 12:00:00,2024-06-25 08:00:00,0.4675,0.025,SELL,True,0,0
2024-06-25 16:00:00,2024-06-25 12:00:00,0.4647,0.025,SELL,True,0,0
2024-06-25 20:00:00,2024-06-25 16:00:00,0.4648,0.025,SELL,True,0,0
2024-06-26 00:00:00,2024-06-25 20:00:00,0.4645,0.025,SELL,True,0,0
2024-06-26 04:00:00,2024-06-26 00:00:00,0.4654,0.025,SELL,True,0,0
2024-06-26 08:00:00,2024-06-26 04:00:00,0.4665,0.025,SELL,True,0,0
2024-06-26 12:00:00,2024-06-26 08:00:00,0.4658,0.025,SELL,False,1,0
2024-06-26 16:00:00,2024-06-26 12:00:00,0.4664,0.025,SELL,False,1,0
2024-06-26 20:00:00,2024-06-26 16:00:00,0.4677,0.025,SELL,False,1,0
2024-06-27 00:00:00,2024-06-26 20:00:00,0.4701,0.025,SELL,False,1,0
2024-06-27 04:00:00,2024-06-27 00:00:00,0.4736,0.025,SELL,True,0,0
2024-06-27 08:00:00,2024-06-27 04:00:00,0.4749,0.025,SELL,False,1,0
2024-06-27 12:00:00,2024-06-27 08:00:00,0.4765,0.025,HOLD,,0,-1
2024-06-27 16:00:00,2024-06-27 12:00:00,0.4756,0.025,HOLD,,1,-1
2024-06-27 20:00:00,2024-06-27 16:00:00,0.4739,0.025,SELL,False,1,0
2024-06-28 00:00:00,2024-06-27 20:00:00,0.4731,0.025,SELL,False,1,0
2024-06-28 04:00:00,2024-06-28 00:00:00,0.4719,0.025,SELL,False,1,0
2024-06-28 08:00:00,2024-06-28 04:00:00,0.4732,0.025,SELL,False,1,0
2024-06-28 12:00:00,2024-06-28 08:00:00,0.4744,0.025,SELL,False,1,0
2024-06-28 16:00:00,2024-06-28 12:00:00,0.4731,0.025,SELL,False,1,0
2024-06-28 20:00:00,2024-06-28 16:00:00,0.4722,0.025,SELL,False,1,0
2024-07-01 00:00:00,2024-06-28 20:00:00,0.4723,0.025,SELL,True,0,0
2024-07-01 04:00:00,2024-07-01 00:00:00,0.4715,0.025,SELL,True,0,0
2024-07-01 08:00:00,2024-07-01 04:00:00,0.4708,0.025,SELL,True,0,0
2024-07-01 12:00:00,2024-07-01 08:00:00,0.4714,0.025,SELL,True,0,0
2024-07-01 16:00:00,2024-07-01 12:00:00,0.4718,0.025,SELL,False,1,0
2024-07-01 20:00:00,2024-07-01 16:00:00,0.4742,0.025,SELL,False,1,0
2024-07-02 00:00:00,2024-07-01 20:00:00,0.4746,0.025,SELL,False,1,0
2024-07-02 04:00:00,2024-07-02 00:00:00,0.4744,0.025,SELL,False,1,0
2024-07-02 08:00:00,2024-07-02 04:00:00,0.4757,0.025,HOLD,,1,-1
2024-07-02 12:00:00,2024-07-02 08:00:00,0.4767,0.025,HOLD,,1,-1
2024-07-03 00:00:00,2024-07-02 12:00:00,0.4765,0.025,HOLD,,1,-1
2024-07-03 04:00:00,2024-07-03 00:00:00,0.4748,0.025,SELL,False,1,0
2024-07-03 08:00:00,2024-07-03 04:00:00,0.473,0.025,SELL,False,1,0
2024-07-03 12:00:00,2024-07-03 08:00:00,0.4742,0.025,SELL,False,1,0
2024-07-03 16:00:00,2024-07-03 12:00:00,0.475,0.025,SELL,False,1,0
2024-07-03 20:00:00,2024-07-03 16:00:00,0.4742,0.025,SELL,False,1,0
2024-07-04 00:00:00,2024-07-03 20:00:00,0.4728,0.025,SELL,False,1,0
2024-07-04 04:00:00,2024-07-04 00:00:00,0.4709,0.025,SELL,False,1,0
2024-07-04 08:00:00,2024-07-04 04:00:00,0.4695,0.025,SELL,False,1,0
2024-07-04 12:00:00,2024-07-04 08:00:00,0.4699,0.025,SELL,False,1,0
2024-07-04 16:00:00,2024-07-04 12:00:00,0.4698,0.025,SELL,False,1,0
2024-07-04 20:00:00,2024-07-04 16:00:00,0.4706,0.025,SELL,False,1,0
2024-07-05 00:00:00,2024-07-04 20:00:00,0.4707,0.025,SELL,False,1,0
2024-07-05 04:00:00,2024-07-05 00:00:00,0.4713,0.025,SELL,False,1,0
2024-07-05 08:00:00,2024-07-05 04:00:00,0.4715,0.025,SELL,False,1,0
2024-07-05 12:00:00,2024-07-05 08:00:00,0.4707,0.025,SELL,False,1,0
2024-07-05 16:00:00,2024-07-05 12:00:00,0.4681,0.025,SELL,False,1,0
2024-07-05 20:00:00,2024-07-05 16:00:00,0.4671,0.025,SELL,True,0,0
2024-07-08 00:00:00,2024-07-05 20:00:00,0.4661,0.025,SELL,False,1,0
2024-07-08 04:00:00,2024-07-08 00:00:00,0.4658,0.025,SELL,False,1,0
2024-07-08 08:00:00,2024-07-08 04:00:00,0.4662,0.025,SELL,True,0,0
2024-07-08 12:00:00,2024-07-08 08:00:00,0.4664,0.025,SELL,True,0,0
2024-07-08 16:00:00,2024-07-08 12:00:00,0.469,0.025,SELL,True,0,0
2024-07-08 20:00:00,2024-07-08 16:00:00,0.469,0.025,SELL,True,0,0
2024-07-09 00:00:00,2024-07-08 20:00:00,0.4694,0.025,SELL,True,0,0
2024-07-09 04:00:00,2024-07-09 00:00:00,0.4693,0.025,SELL,True,0,0
2024-07-09 08:00:00,2024-07-09 04:00:00,0.466,0.025,SELL,True,0,0
2024-07-09 12:00:00,2024-07-09 08:00:00,0.4666,0.025,SELL,False,1,0
2024-07-09 16:00:00,2024-07-09 12:00:00,0.4668,0.025,SELL,False,1,0
2024-07-09 20:00:00,2024-07-09 16:00:00,0.4664,0.025,SELL,False,1,0
2024-07-10 00:00:00,2024-07-09 20:00:00,0.465,0.025,SELL,False,1,0
2024-07-10 04:00:00,2024-07-10 00:00:00,0.4665,0.025,SELL,False,1,0
2024-07-10 08:00:00,2024-07-10 04:00:00,0.4677,0.025,SELL,False,1,0
2024-07-10 12:00:00,2024-07-10 08:00:00,0.4689,0.025,SELL,False,1,0
2024-07-10 16:00:00,2024-07-10 12:00:00,0.469,0.025,SELL,False,1,0
2024-07-10 20:00:00,2024-07-10 16:00:00,0.4709,0.025,SELL,False,1,0
2024-07-11 00:00:00,2024-07-10 20:00:00,0.4717,0.025,SELL,False,1,0
2024-07-11 04:00:00,2024-07-11 00:00:00,0.474,0.025,SELL,False,1,0
2024-07-11 08:00:00,2024-07-11 04:00:00,0.4742,0.025,SELL,False,1,0
2024-07-11 12:00:00,2024-07-11 08:00:00,0.4741,0.025,SELL,False,1,0
2024-07-11 16:00:00,2024-07-11 12:00:00,0.4738,0.025,SELL,False,1,0
2024-07-11 20:00:00,2024-07-11 16:00:00,0.4742,0.025,SELL,False,1,0
2024-07-12 00:00:00,2024-07-11 20:00:00,0.4741,0.025,SELL,False,1,0
2024-07-12 04:00:00,2024-07-12 00:00:00,0.4748,0.025,SELL,False,1,0
2024-07-12 08:00:00,2024-07-12 04:00:00,0.4738,0.025,SELL,False,1,0
2024-07-12 12:00:00,2024-07-12 08:00:00,0.4736,0.025,SELL,False,1,0
2024-07-12 16:00:00,2024-07-12 12:00:00,0.4733,0.025,SELL,False,1,0
2024-07-12 20:00:00,2024-07-12 16:00:00,0.4719,0.025,SELL,True,0,0
2024-07-15 00:00:00,2024-07-12 20:00:00,0.4712,0.025,SELL,False,1,0
2024-07-15 04:00:00,2024-07-15 00:00:00,0.4722,0.025,SELL,True,0,0
2024-07-15 08:00:00,2024-07-15 04:00:00,0.4692,0.025,SELL,True,0,0
2024-07-15 12:00:00,2024-07-15 08:00:00,0.4698,0.025,SELL,True,0,0
2024-07-15 16:00:00,2024-07-15 12:00:00,0.4695,0.025,SELL,True,0,0
2024-07-15 20:00:00,2024-07-15 16:00:00,0.4702,0.025,SELL,False,1,0
2024-07-16 00:00:00,2024-07-15 20:00:00,0.4704,0.025,SELL,False,1,0
2024-07-16 04:00:00,2024-07-16 00:00:00,0.4701,0.025,SELL,False,1,0
2024-07-16 08:00:00,2024-07-16 04:00:00,0.4695,0.025,SELL,False,1,0
2024-07-16 12:00:00,2024-07-16 08:00:00,0.4699,0.025,SELL,False,1,0
2024-07-16 16:00:00,2024-07-16 12:00:00,0.4699,0.025,SELL,False,1,0
2024-07-16 20:00:00,2024-07-16 16:00:00,0.4693,0.025,SELL,False,1,0
2024-07-17 00:00:00,2024-07-16 20:00:00,0.4682,0.025,SELL,False,1,0
2024-07-17 04:00:00,2024-07-17 00:00:00,0.469,0.025,SELL,False,1,0
2024-07-17 08:00:00,2024-07-17 04:00:00,0.4692,0.025,SELL,True,0,0
2024-07-17 12:00:00,2024-07-17 08:00:00,0.4696,0.025,SELL,True,0,0
2024-07-17 16:00:00,2024-07-17 12:00:00,0.4691,0.025,SELL,True,0,0
2024-07-17 20:00:00,2024-07-17 16:00:00,0.4698,0.025,SELL,True,0,0
2024-07-18 00:00:00,2024-07-17 20:00:00,0.4701,0.025,SELL,True,0,0
2024-07-18 04:00:00,2024-07-18 00:00:00,0.4708,0.025,SELL,True,0,0
2024-07-18 08:00:00,2024-07-18 04:00:00,0.472,0.025,SELL,True,0,0
2024-07-18 12:00:00,2024-07-18 08:00:00,0.4723,0.025,SELL,True,0,0
2024-07-18 16:00:00,2024-07-18 12:00:00,0.4736,0.025,SELL,True,0,0
2024-07-18 20:00:00,2024-07-18 16:00:00,0.4752,0.025,HOLD,,0,-1
2024-07-19 00:00:00,2024-07-18 20:00:00,0.4762,0.025,HOLD,,1,-1
2024-07-19 04:00:00,2024-07-19 00:00:00,0.4763,0.025,HOLD,,1,-1
2024-07-19 08:00:00,2024-07-19 04:00:00,0.4765,0.025,HOLD,,1,-1
2024-07-19 12:00:00,2024-07-19 08:00:00,0.477,0.025,HOLD,,0,-1
2024-07-19 16:00:00,2024-07-19 12:00:00,0.478,0.025,HOLD,,1,-1
2024-07-19 20:00:00,2024-07-19 16:00:00,0.4795,0.025,HOLD,,1,-1
2024-07-22 00:00:00,2024-07-19 20:00:00,0.4804,0.025,HOLD,,0,-1
2024-07-22 04:00:00,2024-07-22 00:00:00,0.4813,0.025,HOLD,,1,-1
2024-07-22 08:00:00,2024-07-22 04:00:00,0.4785,0.025,HOLD,,0,-1
2024-07-22 12:00:00,2024-07-22 08:00:00,0.479,0.025,HOLD,,0,-1
2024-07-22 16:00:00,2024-07-22 12:00:00,0.4795,0.025,HOLD,,0,-1
2024-07-22 20:00:00,2024-07-22 16:00:00,0.4793,0.025,HOLD,,0,-1
2024-07-23 00:00:00,2024-07-22 20:00:00,0.4778,0.025,HOLD,,0,-1
2024-07-23 04:00:00,2024-07-23 00:00:00,0.4777,0.025,HOLD,,0,-1
2024-07-23 08:00:00,2024-07-23 04:00:00,0.4754,0.025,HOLD,,0,-1
2024-07-23 12:00:00,2024-07-23 08:00:00,0.4748,0.025,SELL,False,1,0
2024-07-23 16:00:00,2024-07-23 12:00:00,0.4744,0.025,SELL,True,0,0
2024-07-23 20:00:00,2024-07-23 16:00:00,0.4733,0.025,SELL,True,0,0
2024-07-24 00:00:00,2024-07-23 20:00:00,0.4726,0.025,SELL,True,0,0
2024-07-24 04:00:00,2024-07-24 00:00:00,0.474,0.025,SELL,True,0,0
2024-07-24 08:00:00,2024-07-24 04:00:00,0.4738,0.025,SELL,False,1,0
2024-07-24 12:00:00,2024-07-24 08:00:00,0.4739,0.025,SELL,True,0,0
2024-07-24 16:00:00,2024-07-24 12:00:00,0.4748,0.025,SELL,False,1,0
2024-07-24 20:00:00,2024-07-24 16:00:00,0.4774,0.025,HOLD,,1,-1
2024-07-25 00:00:00,2024-07-24 20:00:00,0.4764,0.025,HOLD,,1,-1
2024-07-25 04:00:00,2024-07-25 00:00:00,0.477,0.025,HOLD,,1,-1
2024-07-25 08:00:00,2024-07-25 04:00:00,0.4768,0.025,HOLD,,1,-1
2024-07-25 12:00:00,2024-07-25 08:00:00,0.476,0.025,HOLD,,1,-1
2024-07-25 16:00:00,2024-07-25 12:00:00,0.4749,0.025,SELL,False,1,0
2024-07-25 20:00:00,2024-07-25 16:00:00,0.474,0.025,SELL,False,1,0
2024-07-26 00:00:00,2024-07-25 20:00:00,0.4731,0.025,SELL,False,1,0
2024-07-26 04:00:00,2024-07-26 00:00:00,0.4721,0.025,SELL,False,1,0
2024-07-26 08:00:00,2024-07-26 04:00:00,0.4702,0.025,SELL,True,0,0
2024-07-26 12:00:00,2024-07-26 08:00:00,0.4694,0.025,SELL,True,0,0
2024-07-26 16:00:00,2024-07-26 12:00:00,0.4681,0.025,SELL,True,0,0
2024-07-26 20:00:00,2024-07-26 16:00:00,0.4678,0.025,SELL,True,0,0
2024-07-29 00:00:00,2024-07-26 20:00:00,0.4683,0.025,SELL,True,0,0
2024-07-29 04:00:00,2024-07-29 00:00:00,0.4688,0.025,SELL,True,0,0
2024-07-29 08:00:00,2024-07-29 04:00:00,0.4692,0.025,SELL,True,0,0
2024-07-29 12:00:00,2024-07-29 08:00:00,0.4701,0.025,SELL,True,0,0
2024-07-29 16:00:00,2024-07-29 12:00:00,0.4695,0.025,SELL,True,0,0
2024-07-29 20:00:00,2024-07-29 16:00:00,0.4692,0.025,SELL,True,0,0
2024-07-30 00:00:00,2024-07-29 20:00:00,0.4703,0.025,SELL,False,1,0
2024-07-30 04:00:00,2024-07-30 00:00:00,0.4727,0.025,SELL,False,1,0
2024-07-30 08:00:00,2024-07-30 04:00:00,0.4742,0.025,SELL,True,0,0
2024-07-30 12:00:00,2024-07-30 08:00:00,0.4747,0.025,SELL,False,1,0
2024-07-30 16:00:00,2024-07-30 12:00:00,0.4751,0.025,HOLD,,0,-1
2024-07-30 20:00:00,2024-07-30 16:00:00,0.475,0.025,SELL,False,1,0
2024-07-31 00:00:00,2024-07-30 20:00:00,0.475,0.025,SELL,False,1,0
2024-07-31 04:00:00,2024-07-31 00:00:00,0.4761,0.025,HOLD,,1,-1
2024-07-31 08:00:00,2024-07-31 04:00:00,0.4766,0.025,HOLD,,0,-1
2024-07-31 12:00:00,2024-07-31 08:00:00,0.4764,0.025,HOLD,,0,-1
2024-07-31 16:00:00,2024-07-31 12:00:00,0.4757,0.025,HOLD,,0,-1
2024-07-31 20:00:00,2024-07-31 16:00:00,0.477,0.025,HOLD,,0,-1
2024-08-01 00:00:00,2024-07-31 20:00:00,0.4777,0.025,HOLD,,0,-1
2024-08-01 04:00:00,2024-08-01 00:00:00,0.4774,0.025,HOLD,,0,-1
2024-08-01 08:00:00,2024-08-01 04:00:00,0.4772,0.025,HOLD,,1,-1
2024-08-01 12:00:00,2024-08-01 08:00:00,0.4768,0.025,HOLD,,1,-1
2024-08-01 16:00:00,2024-08-01 12:00:00,0.4766,0.025,HOLD,,1,-1
2024-08-01 20:00:00,2024-08-01 16:00:00,0.4777,0.025,HOLD,,1,-1
2024-08-02 00:00:00,2024-08-01 20:00:00,0.4793,0.025,HOLD,,1,-1
2024-08-02 04:00:00,2024-08-02 00:00:00,0.4805,0.025,HOLD,,1,-1
2024-08-02 08:00:00,2024-08-02 04:00:00,0.4818,0.025,HOLD,,1,-1
2024-08-02 12:00:00,2024-08-02 08:00:00,0.4831,0.025,HOLD,,1,-1
2024-08-02 16:00:00,2024-08-02 12:00:00,0.4829,0.025,HOLD,,1,-1
2024-08-02 20:00:00,2024-08-02 16:00:00,0.4829,0.025,HOLD,,1,-1
2024-08-05 00:00:00,2024-08-02 20:00:00,0.4832,0.025,HOLD,,1,-1
2024-08-05 04:00:00,2024-08-05 00:00:00,0.4839,0.025,HOLD,,1,-1
2024-08-05 08:00:00,2024-08-05 04:00:00,0.4836,0.025,HOLD,,0,-1
2024-08-05 12:00:00,2024-08-05 08:00:00,0.4829,0.025,HOLD,,0,-1
2024-08-05 16:00:00,2024-08-05 12:00:00,0.4802,0.025,HOLD,,0,-1
2024-08-05 20:00:00,2024-08-05 16:00:00,0.4771,0.025,HOLD,,0,-1
2024-08-06 00:00:00,2024-08-05 20:00:00,0.4766,0.025,HOLD,,0,-1
2024-08-06 04:00:00,2024-08-06 00:00:00,0.4768,0.025,HOLD,,0,-1
2024-08-06 08:00:00,2024-08-06 04:00:00,0.4764,0.025,HOLD,,0,-1
2024-08-06 12:00:00,2024-08-06 08:00:00,0.4773,0.025,HOLD,,1,-1
2024-08-06 16:00:00,2024-08-06 12:00:00,0.478,0.025,HOLD,,0,-1
2024-08-06 20:00:00,2024-08-06 16:00:00,0.4775,0.025,HOLD,,0,-1
2024-08-07 00:00:00,2024-08-06 20:00:00,0.4775,0.025,HOLD,,0,-1
2024-08-07 04:00:00,2024-08-07 00:00:00,0.4789,0.025,HOLD,,1,-1
2024-08-07 08:00:00,2024-08-07 04:00:00,0.4811,0.025,HOLD,,1,-1
2024-08-07 12:00:00,2024-08-07 08:00:00,0.4822,0.025,HOLD,,0,-1
2024-08-07 16:00:00,2024-08-07 12:00:00,0.4833,0.025,HOLD,,0,-1
2024-08-07 20:00:00,2024-08-07 16:00:00,0.4853,0.025,HOLD,,0,-1
2024-08-08 00:00:00,2024-08-07 20:00:00,0.4851,0.025,HOLD,,0,-1
2024-08-08 04:00:00,2024-08-08 00:00:00,0.4852,0.025,HOLD,,0,-1
2024-08-08 08:00:00,2024-08-08 04:00:00,0.4878,0.025,HOLD,,0,-1
2024-08-08 12:00:00,2024-08-08 08:00:00,0.4877,0.025,HOLD,,1,-1
2024-08-08 16:00:00,2024-08-08 12:00:00,0.4857,0.025,HOLD,,1,-1
2024-08-08 20:00:00,2024-08-08 16:00:00,0.4846,0.025,HOLD,,0,-1
2024-08-09 00:00:00,2024-08-08 20:00:00,0.4843,0.025,HOLD,,1,-1
2024-08-09 04:00:00,2024-08-09 00:00:00,0.4849,0.025,HOLD,,0,-1
2024-08-09 08:00:00,2024-08-09 04:00:00,0.4854,0.025,HOLD,,1,-1
2024-08-09 12:00:00,2024-08-09 08:00:00,0.4861,0.025,HOLD,,1,-1
2024-08-09 16:00:00,2024-08-09 12:00:00,0.4871,0.025,HOLD,,1,-1
2024-08-09 20:00:00,2024-08-09 16:00:00,0.4898,0.025,HOLD,,1,-1
2024-08-12 00:00:00,2024-08-09 20:00:00,0.4934,0.025,HOLD,,1,-1
2024-08-12 04:00:00,2024-08-12 00:00:00,0.4948,0.025,HOLD,,1,-1
2024-08-12 08:00:00,2024-08-12 04:00:00,0.4957,0.025,HOLD,,1,-1
2024-08-12 12:00:00,2024-08-12 08:00:00,0.4957,0.025,HOLD,,1,-1
2024-08-12 16:00:00,2024-08-12 12:00:00,0.4956,0.025,HOLD,,1,-1
2024-08-12 20:00:00,2024-08-12 16:00:00,0.499,0.025,HOLD,,1,-1
2024-08-13 00:00:00,2024-08-12 20:00:00,0.4993,0.025,HOLD,,1,-1
2024-08-13 04:00:00,2024-08-13 00:00:00,0.4969,0.025,HOLD,,1,-1
2024-08-13 08:00:00,2024-08-13 04:00:00,0.497,0.025,HOLD,,1,-1
2024-08-13 12:00:00,2024-08-13 08:00:00,0.4971,0.025,HOLD,,1,-1
2024-08-13 16:00:00,2024-08-13 12:00:00,0.4936,0.025,HOLD,,1,-1
2024-08-13 20:00:00,2024-08-13 16:00:00,0.4902,0.025,HOLD,,1,-1
2024-08-14 00:00:00,2024-08-13 20:00:00,0.4889,0.025,HOLD,,1,-1
2024-08-14 04:00:00,2024-08-14 00:00:00,0.4895,0.025,HOLD,,1,-1
2024-08-14 08:00:00,2024-08-14 04:00:00,0.4891,0.025,HOLD,,0,-1
2024-08-14 12:00:00,2024-08-14 08:00:00,0.4865,0.025,HOLD,,0,-1
2024-08-14 16:00:00,2024-08-14 12:00:00,0.4837,0.025,HOLD,,0,-1
2024-08-14 20:00:00,2024-08-14 16:00:00,0.4831,0.025,HOLD,,0,-1
2024-08-15 00:00:00,2024-08-14 20:00:00,0.4809,0.025,HOLD,,0,-1
2024-08-15 04:00:00,2024-08-15 00:00:00,0.4797,0.025,HOLD,,0,-1
2024-08-15 08:00:00,2024-08-15 04:00:00,0.4789,0.025,HOLD,,0,-1
2024-08-15 12:00:00,2024-08-15 08:00:00,0.4783,0.025,HOLD,,1,-1
2024-08-15 16:00:00,2024-08-15 12:00:00,0.4776,0.025,HOLD,,1,-1
2024-08-15 20:00:00,2024-08-15 16:00:00,0.4749,0.025,SELL,False,1,0
2024-08-16 00:00:00,2024-08-15 20:00:00,0.4727,0.025,SELL,False,1,0
2024-08-16 04:00:00,2024-08-16 00:00:00,0.4748,0.025,SELL,False,1,0
2024-08-16 08:00:00,2024-08-16 04:00:00,0.4754,0.025,HOLD,,1,-1
2024-08-16 12:00:00,2024-08-16 08:00:00,0.4749,0.025,SELL,False,1,0
2024-08-16 16:00:00,2024-08-16 12:00:00,0.4739,0.025,SELL,False,1,0
2024-08-16 20:00:00,2024-08-16 16:00:00,0.4725,0.025,SELL,False,1,0
2024-08-19 00:00:00,2024-08-16 20:00:00,0.471,0.025,SELL,False,1,0
2024-08-19 04:00:00,2024-08-19 00:00:00,0.4705,0.025,SELL,False,1,0
2024-08-19 08:00:00,2024-08-19 04:00:00,0.4702,0.025,SELL,False,1,0
2024-08-19 12:00:00,2024-08-19 08:00:00,0.4693,0.025,SELL,False,1,0
2024-08-19 16:00:00,2024-08-19 12:00:00,0.468,0.025,SELL,False,1,0
2024-08-19 20:00:00,2024-08-19 16:00:00,0.4665,0.025,SELL,False,1,0
2024-08-20 00:00:00,2024-08-19 20:00:00,0.4648,0.025,SELL,False,1,0
2024-08-20 04:00:00,2024-08-20 00:00:00,0.4651,0.025,SELL,False,1,0
2024-08-20 08:00:00,2024-08-20 04:00:00,0.4644,0.025,SELL,False,1,0
2024-08-20 12:00:00,2024-08-20 08:00:00,0.4651,0.025,SELL,False,1,0
2024-08-20 16:00:00,2024-08-20 12:00:00,0.4643,0.025,SELL,False,1,0
2024-08-20 20:00:00,2024-08-20 16:00:00,0.4633,0.025,SELL,False,1,0
2024-08-21 00:00:00,2024-08-20 20:00:00,0.4651,0.025,SELL,False,1,0
2024-08-21 04:00:00,2024-08-21 00:00:00,0.4682,0.025,SELL,False,1,0
2024-08-21 08:00:00,2024-08-21 04:00:00,0.4701,0.025,SELL,False,1,0
2024-08-21 12:00:00,2024-08-21 08:00:00,0.4701,0.025,SELL,False,1,0
2024-08-21 16:00:00,2024-08-21 12:00:00,0.4711,0.025,SELL,True,0,0
2024-08-21 20:00:00,2024-08-21 16:00:00,0.4717,0.025,SELL,True,0,0
2024-08-22 00:00:00,2024-08-21 20:00:00,0.4703,0.025,SELL,True,0,0
2024-08-22 04:00:00,2024-08-22 00:00:00,0.4718,0.025,SELL,True,0,0
2024-08-22 08:00:00,2024-08-22 04:00:00,0.4704,0.025,SELL,True,0,0
2024-08-22 12:00:00,2024-08-22 08:00:00,0.4705,0.025,SELL,True,0,0
2024-08-22 16:00:00,2024-08-22 12:00:00,0.4699,0.025,SELL,False,1,0
2024-08-22 20:00:00,2024-08-22 16:00:00,0.4655,0.025,SELL,False,1,0
2024-08-23 00:00:00,2024-08-22 20:00:00,0.463,0.025,SELL,False,1,0
2024-08-23 04:00:00,2024-08-23 00:00:00,0.4644,0.025,SELL,False,1,0
2024-08-23 08:00:00,2024-08-23 04:00:00,0.4639,0.025,SELL,False,1,0
2024-08-23 12:00:00,2024-08-23 08:00:00,0.464,0.025,SELL,False,1,0
2024-08-23 16:00:00,2024-08-23 12:00:00,0.4623,0.025,SELL,True,0,0
2024-08-23 20:00:00,2024-08-23 16:00:00,0.4622,0.025,SELL,True,0,0
2024-08-26 00:00:00,2024-08-23 20:00:00,0.4624,0.025,SELL,True,0,0
2024-08-26 04:00:00,2024-08-26 00:00:00,0.4633,0.025,SELL,True,0,0
2024-08-26 08:00:00,2024-08-26 04:00:00,0.4631,0.025,SELL,True,0,0
2024-08-26 12:00:00,2024-08-26 08:00:00,0.4625,0.025,SELL,True,0,0
2024-08-26 16:00:00,2024-08-26 12:00:00,0.4604,0.025,SELL,True,0,0
2024-08-26 20:00:00,2024-08-26 16:00:00,0.4588,0.025,SELL,False,1,0
2024-08-27 00:00:00,2024-08-26 20:00:00,0.459,0.025,SELL,False,1,0
2024-08-27 04:00:00,2024-08-27 00:00:00,0.4617,0.025,SELL,True,0,0
2024-08-27 08:00:00,2024-08-27 04:00:00,0.4614,0.025,SELL,True,0,0
2024-08-27 12:00:00,2024-08-27 08:00:00,0.4598,0.025,SELL,True,0,0
2024-08-27 16:00:00,2024-08-27 12:00:00,0.4583,0.025,SELL,True,0,0
2024-08-27 20:00:00,2024-08-27 16:00:00,0.4592,0.025,SELL,True,0,0
2024-08-28 00:00:00,2024-08-27 20:00:00,0.4601,0.025,SELL,True,0,0
2024-08-28 04:00:00,2024-08-28 00:00:00,0.4632,0.025,SELL,True,0,0
2024-08-28 08:00:00,2024-08-28 04:00:00,0.4648,0.025,SELL,True,0,0
2024-08-28 12:00:00,2024-08-28 08:00:00,0.4657,0.025,SELL,True,0,0
2024-08-28 16:00:00,2024-08-28 12:00:00,0.4652,0.025,SELL,True,0,0
2024-08-28 20:00:00,2024-08-28 16:00:00,0.4669,0.025,SELL,True,0,0
2024-08-29 00:00:00,2024-08-28 20:00:00,0.469,0.025,SELL,True,0,0
2024-08-29 04:00:00,2024-08-29 00:00:00,0.4712,0.025,SELL,True,0,0
2024-08-29 08:00:00,2024-08-29 04:00:00,0.4724,0.025,SELL,True,0,0
2024-08-29 12:00:00,2024-08-29 08:00:00,0.4738,0.025,SELL,True,0,0
2024-08-29 16:00:00,2024-08-29 12:00:00,0.4734,0.025,SELL,True,0,0
2024-08-29 20:00:00,2024-08-29 16:00:00,0.4755,0.025,HOLD,,0,-1
2024-08-30 00:00:00,2024-08-29 20:00:00,0.4751,0.025,HOLD,,0,-1
2024-08-30 04:00:00,2024-08-30 00:00:00,0.4761,0.025,HOLD,,0,-1
2024-08-30 08:00:00,2024-08-30 04:00:00,0.4787,0.025,HOLD,,0,-1
2024-08-30 12:00:00,2024-08-30 08:00:00,0.482,0.025,HOLD,,0,-1
2024-08-30 16:00:00,2024-08-30 12:00:00,0.4837,0.025,HOLD,,1,-1
2024-08-30 20:00:00,2024-08-30 16:00:00,0.4847,0.025,HOLD,,1,-1
2024-09-02 00:00:00,2024-08-30 20:00:00,0.4859,0.025,HOLD,,1,-1
2024-09-02 04:00:00,2024-09-02 00:00:00,0.492,0.025,HOLD,,1,-1
2024-09-02 08:00:00,2024-09-02 04:00:00,0.4938,0.025,HOLD,,0,-1
2024-09-02 12:00:00,2024-09-02 08:00:00,0.4938,0.025,HOLD,,0,-1
2024-09-02 16:00:00,2024-09-02 12:00:00,0.493,0.025,HOLD,,0,-1
2024-09-02 20:00:00,2024-09-02 16:00:00,0.4919,0.025,HOLD,,0,-1
2024-09-03 00:00:00,2024-09-02 20:00:00,0.4911,0.025,HOLD,,0,-1
2024-09-03 04:00:00,2024-09-03 00:00:00,0.4918,0.025,HOLD,,1,-1
2024-09-03 08:00:00,2024-09-03 04:00:00,0.4908,0.025,HOLD,,1,-1
2024-09-03 12:00:00,2024-09-03 08:00:00,0.4914,0.025,HOLD,,1,-1
2024-09-03 16:00:00,2024-09-03 12:00:00,0.4913,0.025,HOLD,,1,-1
2024-09-03 20:00:00,2024-09-03 16:00:00,0.4903,0.025,HOLD,,1,-1
2024-09-04 00:00:00,2024-09-03 20:00:00,0.4905,0.025,HOLD,,1,-1
2024-09-04 04:00:00,2024-09-04 00:00:00,0.4922,0.025,HOLD,,1,-1
2024-09-04 08:00:00,2024-09-04 04:00:00,0.4939,0.025,HOLD,,1,-1
2024-09-04 12:00:00,2024-09-04 08:00:00,0.4924,0.025,HOLD,,1,-1
2024-09-04 16:00:00,2024-09-04 12:00:00,0.4898,0.025,HOLD,,1,-1
2024-09-04 20:00:00,2024-09-04 16:00:00,0.4864,0.025,HOLD,,1,-1
2024-09-05 00:00:00,2024-09-04 20:00:00,0.4834,0.025,HOLD,,1,-1
2024-09-05 04:00:00,2024-09-05 00:00:00,0.4847,0.025,HOLD,,1,-1
2024-09-05 08:00:00,2024-09-05 04:00:00,0.4865,0.025,HOLD,,1,-1
2024-09-05 12:00:00,2024-09-05 08:00:00,0.4876,0.025,HOLD,,1,-1
2024-09-05 16:00:00,2024-09-05 12:00:00,0.4834,0.025,HOLD,,0,-1
2024-09-05 20:00:00,2024-09-05 16:00:00,0.4793,0.025,HOLD,,0,-1
2024-09-06 00:00:00,2024-09-05 20:00:00,0.4784,0.025,HOLD,,0,-1
2024-09-06 04:00:00,2024-09-06 00:00:00,0.4782,0.025,HOLD,,0,-1
2024-09-06 08:00:00,2024-09-06 04:00:00,0.478,0.025,HOLD,,0,-1
2024-09-06 12:00:00,2024-09-06 08:00:00,0.4773,0.025,HOLD,,0,-1
2024-09-06 16:00:00,2024-09-06 12:00:00,0.4749,0.025,SELL,True,0,0
2024-09-06 20:00:00,2024-09-06 16:00:00,0.4734,0.025,SELL,True,0,0
2024-09-09 00:00:00,2024-09-06 20:00:00,0.4715,0.025,SELL,True,0,0
2024-09-09 04:00:00,2024-09-09 00:00:00,0.4699,0.025,SELL,True,0,0
2024-09-09 08:00:00,2024-09-09 04:00:00,0.4706,0.025,SELL,True,0,0
2024-09-09 12:00:00,2024-09-09 08:00:00,0.4711,0.025,SELL,True,0,0
2024-09-09 16:00:00,2024-09-09 12:00:00,0.4715,0.025,SELL,True,0,0
2024-09-09 20:00:00,2024-09-09 16:00:00,0.4734,0.025,SELL,True,0,0
2024-09-10 00:00:00,2024-09-09 20:00:00,0.4738,0.025,SELL,True,0,0
2024-09-10 04:00:00,2024-09-10 00:00:00,0.4755,0.025,HOLD,,1,-1
2024-09-10 08:00:00,2024-09-10 04:00:00,0.4755,0.025,HOLD,,1,-1
2024-09-10 12:00:00,2024-09-10 08:00:00,0.4744,0.025,SELL,True,0,0
2024-09-10 16:00:00,2024-09-10 12:00:00,0.4733,0.025,SELL,True,0,0
2024-09-10 20:00:00,2024-09-10 16:00:00,0.4737,0.025,SELL,True,0,0
2024-09-11 00:00:00,2024-09-10 20:00:00,0.4734,0.025,SELL,True,0,0
2024-09-11 04:00:00,2024-09-11 00:00:00,0.4754,0.025,HOLD,,0,-1
2024-09-11 08:00:00,2024-09-11 04:00:00,0.4773,0.025,HOLD,,0,-1
2024-09-11 12:00:00,2024-09-11 08:00:00,0.48,0.025,HOLD,,1,-1
2024-09-11 16:00:00,2024-09-11 12:00:00,0.4807,0.025,HOLD,,1,-1
2024-09-11 20:00:00,2024-09-11 16:00:00,0.4815,0.025,HOLD,,1,-1
2024-09-12 00:00:00,2024-09-11 20:00:00,0.4833,0.025,HOLD,,1,-1
2024-09-12 04:00:00,2024-09-12 00:00:00,0.4873,0.025,HOLD,,1,-1
2024-09-12 08:00:00,2024-09-12 04:00:00,0.488,0.025,HOLD,,1,-1
2024-09-12 12:00:00,2024-09-12 08:00:00,0.4878,0.025,HOLD,,1,-1
2024-09-12 16:00:00,2024-09-12 12:00:00,0.4894,0.025,HOLD,,1,-1
2024-09-12 20:00:00,2024-09-12 16:00:00,0.4896,0.025,HOLD,,1,-1
2024-09-13 00:00:00,2024-09-12 20:00:00,0.4897,0.025,HOLD,,1,-1
2024-09-13 04:00:00,2024-09-13 00:00:00,0.4912,0.025,HOLD,,1,-1
2024-09-13 08:00:00,2024-09-13 04:00:00,0.4923,0.025,HOLD,,1,-1
2024-09-13 12:00:00,2024-09-13 08:00:00,0.492,0.025,HOLD,,1,-1
2024-09-13 16:00:00,2024-09-13 12:00:00,0.491,0.025,HOLD,,1,-1
2024-09-13 20:00:00,2024-09-13 16:00:00,0.4884,0.025,HOLD,,1,-1
2024-09-16 00:00:00,2024-09-13 20:00:00,0.4855,0.025,HOLD,,1,-1
2024-09-16 04:00:00,2024-09-16 00:00:00,0.4836,0.025,HOLD,,1,-1
2024-09-16 08:00:00,2024-09-16 04:00:00,0.4822,0.025,HOLD,,1,-1
2024-09-16 12:00:00,2024-09-16 08:00:00,0.4802,0.025,HOLD,,0,-1
2024-09-16 16:00:00,2024-09-16 12:00:00,0.4768,0.025,HOLD,,0,-1
2024-09-16 20:00:00,2024-09-16 16:00:00,0.4727,0.025,SELL,True,0,0
2024-09-17 00:00:00,2024-09-16 20:00:00,0.4713,0.025,SELL,False,1,0
2024-09-17 04:00:00,2024-09-17 00:00:00,0.4696,0.025,SELL,True,0,0
2024-09-17 08:00:00,2024-09-17 04:00:00,0.4668,0.025,SELL,True,0,0
2024-09-17 12:00:00,2024-09-17 08:00:00,0.4661,0.025,SELL,True,0,0
2024-09-17 16:00:00,2024-09-17 12:00:00,0.464,0.025,SELL,False,1,0
2024-09-17 20:00:00,2024-09-17 16:00:00,0.4617,0.025,SELL,False,1,0
2024-09-18 00:00:00,2024-09-17 20:00:00,0.4595,0.025,SELL,True,0,0
2024-09-18 04:00:00,2024-09-18 00:00:00,0.4587,0.025,SELL,False,1,0
2024-09-18 08:00:00,2024-09-18 04:00:00,0.4567,0.025,SELL,False,1,0
2024-09-18 12:00:00,2024-09-18 08:00:00,0.4564,0.025,SELL,False,1,0
2024-09-18 16:00:00,2024-09-18 12:00:00,0.4564,0.025,SELL,False,1,0
2024-09-18 20:00:00,2024-09-18 16:00:00,0.4526,0.025,SELL,False,1,0
2024-09-19 00:00:00,2024-09-18 20:00:00,0.45,0.025,SELL,False,1,0
2024-09-19 04:00:00,2024-09-19 00:00:00,0.4487,0.025,SELL,False,1,0
2024-09-19 08:00:00,2024-09-19 04:00:00,0.4479,0.025,SELL,False,1,0
2024-09-19 12:00:00,2024-09-19 08:00:00,0.4485,0.025,SELL,False,1,0
2024-09-19 16:00:00,2024-09-19 12:00:00,0.4483,0.025,SELL,False,1,0
2024-09-19 20:00:00,2024-09-19 16:00:00,0.4483,0.025,SELL,False,1,0
2024-09-20 00:00:00,2024-09-19 20:00:00,0.4502,0.025,SELL,True,0,0
2024-09-20 04:00:00,2024-09-20 00:00:00,0.4534,0.025,SELL,True,0,0
2024-09-20 08:00:00,2024-09-20 04:00:00,0.4581,0.025,SELL,True,0,0
2024-09-20 12:00:00,2024-09-20 08:00:00,0.4596,0.025,SELL,True,0,0
2024-09-20 16:00:00,2024-09-20 12:00:00,0.4606,0.025,SELL,True,0,0
2024-09-20 20:00:00,2024-09-20 16:00:00,0.4619,0.025,SELL,True,0,0
2024-09-23 00:00:00,2024-09-20 20:00:00,0.4621,0.025,SELL,True,0,0
2024-09-23 04:00:00,2024-09-23 00:00:00,0.4632,0.025,SELL,True,0,0
2024-09-23 08:00:00,2024-09-23 04:00:00,0.4649,0.025,SELL,False,1,0
2024-09-23 12:00:00,2024-09-23 08:00:00,0.4668,0.025,SELL,False,1,0
2024-09-23 16:00:00,2024-09-23 12:00:00,0.4697,0.025,SELL,False,1,0
2024-09-23 20:00:00,2024-09-23 16:00:00,0.4729,0.025,SELL,False,1,0
2024-09-24 00:00:00,2024-09-23 20:00:00,0.4747,0.025,SELL,False,1,0
2024-09-24 04:00:00,2024-09-24 00:00:00,0.4781,0.025,HOLD,,1,-1
2024-09-24 08:00:00,2024-09-24 04:00:00,0.481,0.025,HOLD,,1,-1
2024-09-24 12:00:00,2024-09-24 08:00:00,0.4814,0.025,HOLD,,1,-1
2024-09-24 16:00:00,2024-09-24 12:00:00,0.4836,0.025,HOLD,,0,-1
2024-09-24 20:00:00,2024-09-24 16:00:00,0.4853,0.025,HOLD,,0,-1
2024-09-25 00:00:00,2024-09-24 20:00:00,0.4849,0.025,HOLD,,0,-1
2024-09-25 04:00:00,2024-09-25 00:00:00,0.4851,0.025,HOLD,,0,-1
2024-09-25 08:00:00,2024-09-25 04:00:00,0.4865,0.025,HOLD,,0,-1
2024-09-25 12:00:00,2024-09-25 08:00:00,0.4869,0.025,HOLD,,0,-1
2024-09-25 16:00:00,2024-09-25 12:00:00,0.4867,0.025,HOLD,,1,-1
2024-09-25 20:00:00,2024-09-25 16:00:00,0.4866,0.025,HOLD,,1,-1
2024-09-26 00:00:00,2024-09-25 20:00:00,0.4861,0.025,HOLD,,1,-1
2024-09-26 04:00:00,2024-09-26 00:00:00,0.4847,0.025,HOLD,,1,-1
2024-09-26 08:00:00,2024-09-26 04:00:00,0.4855,0.025,HOLD,,1,-1
2024-09-26 12:00:00,2024-09-26 08:00:00,0.4858,0.025,HOLD,,1,-1
2024-09-26 16:00:00,2024-09-26 12:00:00,0.4899,0.025,HOLD,,0,-1
2024-09-26 20:00:00,2024-09-26 16:00:00,0.4903,0.025,HOLD,,0,-1
2024-09-27 00:00:00,2024-09-26 20:00:00,0.4903,0.025,HOLD,,1,-1
2024-09-27 04:00:00,2024-09-27 00:00:00,0.4926,0.025,HOLD,,0,-1
2024-09-27 08:00:00,2024-09-27 04:00:00,0.4936,0.025,HOLD,,1,-1
2024-09-27 12:00:00,2024-09-27 08:00:00,0.4936,0.025,HOLD,,0,-1
2024-09-27 16:00:00,2024-09-27 12:00:00,0.4927,0.025,HOLD,,0,-1
2024-09-27 20:00:00,2024-09-27 16:00:00,0.4937,0.025,HOLD,,0,-1
2024-09-30 00:00:00,2024-09-27 20:00:00,0.4939,0.025,HOLD,,0,-1
2024-09-30 04:00:00,2024-09-30 00:00:00,0.4954,0.025,HOLD,,0,-1
2024-09-30 08:00:00,2024-09-30 04:00:00,0.4949,0.025,HOLD,,0,-1
2024-09-30 12:00:00,2024-09-30 08:00:00,0.4951,0.025,HOLD,,0,-1
2024-09-30 16:00:00,2024-09-30 12:00:00,0.4908,0.025,HOLD,,0,-1
2024-09-30 20:00:00,2024-09-30 16:00:00,0.4892,0.025,HOLD,,0,-1
2024-10-01 00:00:00,2024-09-30 20:00:00,0.4895,0.025,HOLD,,0,-1
2024-10-01 04:00:00,2024-10-01 00:00:00,0.4897,0.025,HOLD,,0,-1
2024-10-01 08:00:00,2024-10-01 04:00:00,0.4898,0.025,HOLD,,0,-1
2024-10-01 12:00:00,2024-10-01 08:00:00,0.49,0.025,HOLD,,0,-1
2024-10-01 16:00:00,2024-10-01 12:00:00,0.4912,0.025,HOLD,,0,-1
2024-10-01 20:00:00,2024-10-01 16:00:00,0.493,0.025,HOLD,,0,-1
2024-10-02 00:00:00,2024-10-01 20:00:00,0.4948,0.025,HOLD,,0,-1
2024-10-02 04:00:00,2024-10-02 00:00:00,0.4987,0.025,HOLD,,0,-1
2024-10-02 08:00:00,2024-10-02 04:00:00,0.5025,0.025,HOLD,,0,-1
2024-10-02 12:00:00,2024-10-02 08:00:00,0.5045,0.025,HOLD,,0,-1
2024-10-02 16:00:00,2024-10-02 12:00:00,0.5054,0.025,HOLD,,0,-1
2024-10-02 20:00:00,2024-10-02 16:00:00,0.506,0.025,HOLD,,0,-1
2024-10-03 00:00:00,2024-10-02 20:00:00,0.5032,0.025,HOLD,,0,-1
2024-10-03 04:00:00,2024-10-03 00:00:00,0.5014,0.025,HOLD,,0,-1
2024-10-03 08:00:00,2024-10-03 04:00:00,0.5034,0.025,HOLD,,0,-1
2024-10-03 12:00:00,2024-10-03 08:00:00,0.5044,0.025,HOLD,,0,-1
2024-10-03 16:00:00,2024-10-03 12:00:00,0.5042,0.025,HOLD,,0,-1
2024-10-03 20:00:00,2024-10-03 16:00:00,0.5047,0.025,HOLD,,0,-1
2024-10-04 00:00:00,2024-10-03 20:00:00,0.5061,0.025,HOLD,,0,-1
2024-10-04 04:00:00,2024-10-04 00:00:00,0.5093,0.025,HOLD,,0,-1
2024-10-04 08:00:00,2024-10-04 04:00:00,0.5102,0.025,HOLD,,0,-1
2024-10-04 12:00:00,2024-10-04 08:00:00,0.5099,0.025,HOLD,,1,-1
2024-10-04 16:00:00,2024-10-04 12:00:00,0.5086,0.025,HOLD,,1,-1
2024-10-04 20:00:00,2024-10-04 16:00:00,0.5115,0.025,HOLD,,1,-1
2024-10-07 00:00:00,2024-10-04 20:00:00,0.5131,0.025,HOLD,,1,-1
2024-10-07 04:00:00,2024-10-07 00:00:00,0.513,0.025,HOLD,,1,-1
2024-10-07 08:00:00,2024-10-07 04:00:00,0.5147,0.025,HOLD,,1,-1
2024-10-07 12:00:00,2024-10-07 08:00:00,0.5158,0.025,HOLD,,0,-1
2024-10-07 16:00:00,2024-10-07 12:00:00,0.5176,0.025,HOLD,,0,-1
2024-10-07 20:00:00,2024-10-07 16:00:00,0.5204,0.025,HOLD,,0,-1
2024-10-08 00:00:00,2024-10-07 20:00:00,0.5172,0.025,HOLD,,0,-1
2024-10-08 04:00:00,2024-10-08 00:00:00,0.5139,0.025,HOLD,,0,-1
2024-10-08 08:00:00,2024-10-08 04:00:00,0.513,0.025,HOLD,,0,-1
2024-10-08 12:00:00,2024-10-08 08:00:00,0.5133,0.025,HOLD,,0,-1
2024-10-08 16:00:00,2024-10-08 12:00:00,0.5104,0.025,HOLD,,0,-1
2024-10-08 20:00:00,2024-10-08 16:00:00,0.5055,0.025,HOLD,,0,-1
2024-10-09 00:00:00,2024-10-08 20:00:00,0.5016,0.025,HOLD,,0,-1
2024-10-09 04:00:00,2024-10-09 00:00:00,0.5006,0.025,HOLD,,0,-1
2024-10-09 08:00:00,2024-10-09 04:00:00,0.5,0.025,HOLD,,0,-1
2024-10-09 12:00:00,2024-10-09 08:00:00,0.4984,0.025,HOLD,,0,-1
2024-10-09 16:00:00,2024-10-09 12:00:00,0.4973,0.025,HOLD,,0,-1
2024-10-09 20:00:00,2024-10-09 16:00:00,0.4961,0.025,HOLD,,0,-1
2024-10-10 00:00:00,2024-10-09 20:00:00,0.4932,0.025,HOLD,,0,-1
2024-10-10 04:00:00,2024-10-10 00:00:00,0.4929,0.025,HOLD,,0,-1
2024-10-10 08:00:00,2024-10-10 04:00:00,0.4924,0.025,HOLD,,1,-1
2024-10-10 12:00:00,2024-10-10 08:00:00,0.4919,0.025,HOLD,,0,-1
2024-10-10 16:00:00,2024-10-10 12:00:00,0.4911,0.025,HOLD,,1,-1
2024-10-10 20:00:00,2024-10-10 16:00:00,0.4909,0.025,HOLD,,1,-1
2024-10-11 00:00:00,2024-10-10 20:00:00,0.4906,0.025,HOLD,,0,-1
2024-10-11 04:00:00,2024-10-11 00:00:00,0.4918,0.025,HOLD,,0,-1
2024-10-11 08:00:00,2024-10-11 04:00:00,0.4929,0.025,HOLD,,0,-1
2024-10-11 12:00:00,2024-10-11 08:00:00,0.4931,0.025,HOLD,,0,-1
2024-10-11 16:00:00,2024-10-11 12:00:00,0.4921,0.025,HOLD,,0,-1
2024-10-11 20:00:00,2024-10-11 16:00:00,0.4869,0.025,HOLD,,0,-1
2024-10-14 00:00:00,2024-10-11 20:00:00,0.4819,0.025,HOLD,,0,-1
2024-10-14 04:00:00,2024-10-14 00:00:00,0.4834,0.025,HOLD,,0,-1
2024-10-14 08:00:00,2024-10-14 04:00:00,0.4834,0.025,HOLD,,0,-1
2024-10-14 12:00:00,2024-10-14 08:00:00,0.4827,0.025,HOLD,,1,-1
2024-10-14 16:00:00,2024-10-14 12:00:00,0.4818,0.025,HOLD,,0,-1
2024-10-14 20:00:00,2024-10-14 16:00:00,0.4822,0.025,HOLD,,0,-1
2024-10-15 00:00:00,2024-10-14 20:00:00,0.484,0.025,HOLD,,0,-1
2024-10-15 04:00:00,2024-10-15 00:00:00,0.4848,0.025,HOLD,,0,-1
2024-10-15 08:00:00,2024-10-15 04:00:00,0.4854,0.025,HOLD,,0,-1
2024-10-15 12:00:00,2024-10-15 08:00:00,0.4865,0.025,HOLD,,0,-1
2024-10-15 16:00:00,2024-10-15 12:00:00,0.4873,0.025,HOLD,,0,-1
2024-10-15 20:00:00,2024-10-15 16:00:00,0.4875,0.025,HOLD,,0,-1
2024-10-16 00:00:00,2024-10-15 20:00:00,0.4863,0.025,HOLD,,0,-1
2024-10-16 04:00:00,2024-10-16 00:00:00,0.4869,0.025,HOLD,,0,-1
2024-10-16 08:00:00,2024-10-16 04:00:00,0.4876,0.025,HOLD,,0,-1
2024-10-16 12:00:00,2024-10-16 08:00:00,0.4872,0.025,HOLD,,0,-1
2024-10-16 16:00:00,2024-10-16 12:00:00,0.4856,0.025,HOLD,,0,-1
2024-10-16 20:00:00,2024-10-16 16:00:00,0.4847,0.025,HOLD,,0,-1
2024-10-17 00:00:00,2024-10-16 20:00:00,0.4843,0.025,HOLD,,0,-1
2024-10-17 04:00:00,2024-10-17 00:00:00,0.4853,0.025,HOLD,,0,-1
2024-10-17 08:00:00,2024-10-17 04:00:00,0.4862,0.025,HOLD,,0,-1
2024-10-17 12:00:00,2024-10-17 08:00:00,0.4862,0.025,HOLD,,1,-1
2024-10-17 16:00:00,2024-10-17 12:00:00,0.4868,0.025,HOLD,,1,-1
2024-10-17 20:00:00,2024-10-17 16:00:00,0.4867,0.025,HOLD,,1,-1
2024-10-18 00:00:00,2024-10-17 20:00:00,0.487,0.025,HOLD,,1,-1
2024-10-18 04:00:00,2024-10-18 00:00:00,0.4876,0.025,HOLD,,1,-1
2024-10-18 08:00:00,2024-10-18 04:00:00,0.4898,0.025,HOLD,,1,-1
2024-10-18 12:00:00,2024-10-18 08:00:00,0.4905,0.025,HOLD,,0,-1
2024-10-18 16:00:00,2024-10-18 12:00:00,0.491,0.025,HOLD,,0,-1
2024-10-18 20:00:00,2024-10-18 16:00:00,0.491,0.025,HOLD,,0,-1
2024-10-21 00:00:00,2024-10-18 20:00:00,0.4905,0.025,HOLD,,0,-1
2024-10-21 04:00:00,2024-10-21 00:00:00,0.4911,0.025,HOLD,,0,-1
2024-10-21 08:00:00,2024-10-21 04:00:00,0.4895,0.025,HOLD,,0,-1
2024-10-21 12:00:00,2024-10-21 08:00:00,0.4885,0.025,HOLD,,0,-1
2024-10-21 16:00:00,2024-10-21 12:00:00,0.488,0.025,HOLD,,0,-1
2024-10-21 20:00:00,2024-10-21 16:00:00,0.4866,0.025,HOLD,,0,-1
2024-10-22 00:00:00,2024-10-21 20:00:00,0.4848,0.025,HOLD,,0,-1
2024-10-22 04:00:00,2024-10-22 00:00:00,0.4852,0.025,HOLD,,0,-1
2024-10-22 08:00:00,2024-10-22 04:00:00,0.4855,0.025,HOLD,,0,-1
2024-10-22 12:00:00,2024-10-22 08:00:00,0.4851,0.025,HOLD,,0,-1
2024-10-22 16:00:00,2024-10-22 12:00:00,0.4847,0.025,HOLD,,0,-1
2024-10-22 20:00:00,2024-10-22 16:00:00,0.4853,0.025,HOLD,,0,-1
2024-10-23 00:00:00,2024-10-22 20:00:00,0.4841,0.025,HOLD,,0,-1
2024-10-23 04:00:00,2024-10-23 00:00:00,0.4835,0.025,HOLD,,0,-1
2024-10-23 08:00:00,2024-10-23 04:00:00,0.4829,0.025,HOLD,,1,-1
2024-10-23 12:00:00,2024-10-23 08:00:00,0.4824,0.025,HOLD,,1,-1
2024-10-23 16:00:00,2024-10-23 12:00:00,0.4824,0.025,HOLD,,1,-1
2024-10-23 20:00:00,2024-10-23 16:00:00,0.4818,0.025,HOLD,,1,-1
2024-10-24 00:00:00,2024-10-23 20:00:00,0.4809,0.025,HOLD,,1,-1
2024-10-24 04:00:00,2024-10-24 00:00:00,0.4808,0.025,HOLD,,1,-1
2024-10-24 08:00:00,2024-10-24 04:00:00,0.4796,0.025,HOLD,,1,-1
2024-10-24 12:00:00,2024-10-24 08:00:00,0.4796,0.025,HOLD,,1,-1
2024-10-24 16:00:00,2024-10-24 12:00:00,0.4782,0.025,HOLD,,0,-1
2024-10-24 20:00:00,2024-10-24 16:00:00,0.4759,0.025,HOLD,,0,-1
2024-10-25 00:00:00,2024-10-24 20:00:00,0.4743,0.025,SELL,True,0,0
2024-10-25 04:00:00,2024-10-25 00:00:00,0.474,0.025,SELL,True,0,0
2024-10-25 08:00:00,2024-10-25 04:00:00,0.4732,0.025,SELL,True,0,0
2024-10-25 12:00:00,2024-10-25 08:00:00,0.4731,0.025,SELL,True,0,0
2024-10-25 16:00:00,2024-10-25 12:00:00,0.4718,0.025,SELL,False,1,0
2024-10-25 20:00:00,2024-10-25 16:00:00,0.4721,0.025,SELL,False,1,0
2024-10-28 00:00:00,2024-10-25 20:00:00,0.4737,0.025,SELL,False,1,0
2024-10-28 04:00:00,2024-10-28 00:00:00,0.4743,0.025,SELL,False,1,0
2024-10-28 08:00:00,2024-10-28 04:00:00,0.4734,0.025,SELL,False,1,0
2024-10-28 12:00:00,2024-10-28 08:00:00,0.4731,0.025,SELL,True,0,0
2024-10-28 16:00:00,2024-10-28 12:00:00,0.4722,0.025,SELL,True,0,0
2024-10-28 20:00:00,2024-10-28 16:00:00,0.4724,0.025,SELL,False,1,0
2024-10-29 00:00:00,2024-10-28 20:00:00,0.4699,0.025,SELL,False,1,0
2024-10-29 04:00:00,2024-10-29 00:00:00,0.4676,0.025,SELL,False,1,0
2024-10-29 08:00:00,2024-10-29 04:00:00,0.4677,0.025,SELL,False,1,0
2024-10-29 12:00:00,2024-10-29 08:00:00,0.4683,0.025,SELL,False,1,0
2024-10-29 16:00:00,2024-10-29 12:00:00,0.4682,0.025,SELL,False,1,0
2024-10-29 20:00:00,2024-10-29 16:00:00,0.4682,0.025,SELL,False,1,0
2024-10-30 00:00:00,2024-10-29 20:00:00,0.4667,0.025,SELL,False,1,0
2024-10-30 04:00:00,2024-10-30 00:00:00,0.4669,0.025,SELL,False,1,0
2024-10-30 08:00:00,2024-10-30 04:00:00,0.467,0.025,SELL,False,1,0
2024-10-30 12:00:00,2024-10-30 08:00:00,0.4669,0.025,SELL,False,1,0
2024-10-30 16:00:00,2024-10-30 12:00:00,0.466,0.025,SELL,True,0,0
2024-10-30 20:00:00,2024-10-30 16:00:00,0.4646,0.025,SELL,False,1,0
2024-10-31 00:00:00,2024-10-30 20:00:00,0.4628,0.025,SELL,False,1,0
2024-10-31 04:00:00,2024-10-31 00:00:00,0.4629,0.025,SELL,False,1,0
2024-10-31 08:00:00,2024-10-31 04:00:00,0.4646,0.025,SELL,True,0,0
2024-10-31 12:00:00,2024-10-31 08:00:00,0.4653,0.025,SELL,False,1,0
2024-10-31 16:00:00,2024-10-31 12:00:00,0.4656,0.025,SELL,True,0,0
2024-10-31 20:00:00,2024-10-31 16:00:00,0.467,0.025,SELL,True,0,0
2024-11-01 00:00:00,2024-10-31 20:00:00,0.4682,0.025,SELL,False,1,0
2024-11-01 04:00:00,2024-11-01 00:00:00,0.471,0.025,SELL,False,1,0
2024-11-01 08:00:00,2024-11-01 04:00:00,0.4735,0.025,SELL,False,1,0
2024-11-01 12:00:00,2024-11-01 08:00:00,0.473,0.025,SELL,False,1,0
2024-11-01 16:00:00,2024-11-01 12:00:00,0.473,0.025,SELL,False,1,0
2024-11-01 20:00:00,2024-11-01 16:00:00,0.4757,0.025,HOLD,,1,-1
2024-11-04 00:00:00,2024-11-01 20:00:00,0.4755,0.025,HOLD,,0,-1
2024-11-04 04:00:00,2024-11-04 00:00:00,0.4747,0.025,SELL,True,0,0
2024-11-04 08:00:00,2024-11-04 04:00:00,0.4739,0.025,SELL,True,0,0
2024-11-04 12:00:00,2024-11-04 08:00:00,0.474,0.025,SELL,True,0,0
2024-11-04 16:00:00,2024-11-04 12:00:00,0.4749,0.025,SELL,False,1,0
2024-11-04 20:00:00,2024-11-04 16:00:00,0.4773,0.025,HOLD,,1,-1
2024-11-05 00:00:00,2024-11-04 20:00:00,0.4773,0.025,HOLD,,0,-1
2024-11-05 04:00:00,2024-11-05 00:00:00,0.4769,0.025,HOLD,,0,-1
2024-11-05 08:00:00,2024-11-05 04:00:00,0.4773,0.025,HOLD,,0,-1
2024-11-05 12:00:00,2024-11-05 08:00:00,0.4777,0.025,HOLD,,0,-1
2024-11-05 16:00:00,2024-11-05 12:00:00,0.4775,0.025,HOLD,,0,-1
2024-11-05 20:00:00,2024-11-05 16:00:00,0.4761,0.025,HOLD,,0,-1
2024-11-06 00:00:00,2024-11-05 20:00:00,0.476,0.025,HOLD,,0,-1
2024-11-06 04:00:00,2024-11-06 00:00:00,0.4783,0.025,HOLD,,0,-1
2024-11-06 08:00:00,2024-11-06 04:00:00,0.4802,0.025,HOLD,,0,-1
2024-11-06 12:00:00,2024-11-06 08:00:00,0.4829,0.025,HOLD,,1,-1
2024-11-06 16:00:00,2024-11-06 12:00:00,0.4848,0.025,HOLD,,1,-1
2024-11-06 20:00:00,2024-11-06 16:00:00,0.4892,0.025,HOLD,,1,-1
2024-11-07 00:00:00,2024-11-06 20:00:00,0.4942,0.025,HOLD,,1,-1
2024-11-07 04:00:00,2024-11-07 00:00:00,0.498,0.025,HOLD,,1,-1
2024-11-07 08:00:00,2024-11-07 04:00:00,0.4997,0.025,HOLD,,1,-1
2024-11-07 12:00:00,2024-11-07 08:00:00,0.5024,0.025,HOLD,,0,-1
2024-11-07 16:00:00,2024-11-07 12:00:00,0.5055,0.025,HOLD,,0,-1
2024-11-07 20:00:00,2024-11-07 16:00:00,0.5066,0.025,HOLD,,0,-1
2024-11-08 00:00:00,2024-11-07 20:00:00,0.5074,0.025,HOLD,,0,-1
2024-11-08 04:00:00,2024-11-08 00:00:00,0.511,0.025,HOLD,,0,-1
2024-11-08 08:00:00,2024-11-08 04:00:00,0.513,0.025,HOLD,,0,-1
2024-11-08 12:00:00,2024-11-08 08:00:00,0.5142,0.025,HOLD,,0,-1
2024-11-08 16:00:00,2024-11-08 12:00:00,0.5142,0.025,HOLD,,0,-1
2024-11-08 20:00:00,2024-11-08 16:00:00,0.5144,0.025,HOLD,,0,-1
2024-11-11 00:00:00,2024-11-08 20:00:00,0.516,0.025,HOLD,,0,-1
2024-11-11 04:00:00,2024-11-11 00:00:00,0.516,0.025,HOLD,,0,-1
2024-11-11 08:00:00,2024-11-11 04:00:00,0.522,0.025,HOLD,,0,-1
2024-11-11 12:00:00,2024-11-11 08:00:00,0.5254,0.025,BUY,False,0,1
2024-11-11 16:00:00,2024-11-11 12:00:00,0.5281,0.025,BUY,False,0,1
2024-11-11 20:00:00,2024-11-11 16:00:00,0.5304,0.025,BUY,False,0,1
2024-11-12 00:00:00,2024-11-11 20:00:00,0.5322,0.025,BUY,False,0,1
2024-11-12 04:00:00,2024-11-12 00:00:00,0.5344,0.025,BUY,False,0,1
2024-11-12 08:00:00,2024-11-12 04:00:00,0.5367,0.025,BUY,True,1,1
2024-11-12 12:00:00,2024-11-12 08:00:00,0.5389,0.025,BUY,True,1,1
2024-11-12 16:00:00,2024-11-12 12:00:00,0.5412,0.025,BUY,False,0,1
2024-11-12 20:00:00,2024-11-12 16:00:00,0.5432,0.025,BUY,False,0,1
2024-11-13 00:00:00,2024-11-12 20:00:00,0.5463,0.025,BUY,False,0,1
2024-11-13 04:00:00,2024-11-13 00:00:00,0.5495,0.025,BUY,False,0,1
2024-11-13 08:00:00,2024-11-13 04:00:00,0.5433,0.025,BUY,False,0,1
2024-11-13 12:00:00,2024-11-13 08:00:00,0.533,0.025,BUY,False,0,1
2024-11-13 16:00:00,2024-11-13 12:00:00,0.5274,0.025,BUY,False,0,1
2024-11-13 20:00:00,2024-11-13 16:00:00,0.5238,0.025,HOLD,,0,-1
2024-11-14 00:00:00,2024-11-13 20:00:00,0.5219,0.025,HOLD,,0,-1
2024-11-14 04:00:00,2024-11-14 00:00:00,0.5215,0.025,HOLD,,0,-1
2024-11-14 08:00:00,2024-11-14 04:00:00,0.5196,0.025,HOLD,,1,-1
2024-11-14 12:00:00,2024-11-14 08:00:00,0.5206,0.025,HOLD,,1,-1
2024-11-14 16:00:00,2024-11-14 12:00:00,0.521,0.025,HOLD,,0,-1
2024-11-14 20:00:00,2024-11-14 16:00:00,0.5234,0.025,HOLD,,1,-1
2024-11-15 00:00:00,2024-11-14 20:00:00,0.5259,0.025,BUY,True,1,1
2024-11-15 04:00:00,2024-11-15 00:00:00,0.5271,0.025,BUY,False,0,1
2024-11-15 08:00:00,2024-11-15 04:00:00,0.5272,0.025,BUY,True,1,1
2024-11-15 12:00:00,2024-11-15 08:00:00,0.5253,0.025,BUY,True,1,1
2024-11-15 16:00:00,2024-11-15 12:00:00,0.5237,0.025,HOLD,,1,-1
2024-11-15 20:00:00,2024-11-15 16:00:00,0.5202,0.025,HOLD,,1,-1
2024-11-18 00:00:00,2024-11-15 20:00:00,0.5142,0.025,HOLD,,1,-1
2024-11-18 04:00:00,2024-11-18 00:00:00,0.5129,0.025,HOLD,,1,-1
2024-11-18 08:00:00,2024-11-18 04:00:00,0.5122,0.025,HOLD,,0,-1
2024-11-18 12:00:00,2024-11-18 08:00:00,0.5123,0.025,HOLD,,1,-1
2024-11-18 16:00:00,2024-11-18 12:00:00,0.5084,0.025,HOLD,,0,-1
2024-11-18 20:00:00,2024-11-18 16:00:00,0.5033,0.025,HOLD,,0,-1
2024-11-19 00:00:00,2024-11-18 20:00:00,0.501,0.025,HOLD,,1,-1
2024-11-19 04:00:00,2024-11-19 00:00:00,0.5014,0.025,HOLD,,1,-1
2024-11-19 08:00:00,2024-11-19 04:00:00,0.5005,0.025,HOLD,,1,-1
2024-11-19 12:00:00,2024-11-19 08:00:00,0.5,0.025,HOLD,,0,-1
2024-11-19 16:00:00,2024-11-19 12:00:00,0.4989,0.025,HOLD,,0,-1
2024-11-19 20:00:00,2024-11-19 16:00:00,0.4985,0.025,HOLD,,0,-1
2024-11-20 00:00:00,2024-11-19 20:00:00,0.4978,0.025,HOLD,,0,-1
2024-11-20 04:00:00,2024-11-20 00:00:00,0.4986,0.025,HOLD,,0,-1
2024-11-20 08:00:00,2024-11-20 04:00:00,0.5008,0.025,HOLD,,0,-1
2024-11-20 12:00:00,2024-11-20 08:00:00,0.5012,0.025,HOLD,,0,-1
2024-11-20 16:00:00,2024-11-20 12:00:00,0.501,0.025,HOLD,,0,-1
2024-11-20 20:00:00,2024-11-20 16:00:00,0.5023,0.025,HOLD,,0,-1
2024-11-21 00:00:00,2024-11-20 20:00:00,0.4987,0.025,HOLD,,0,-1
2024-11-21 04:00:00,2024-11-21 00:00:00,0.4954,0.025,HOLD,,0,-1
2024-11-21 08:00:00,2024-11-21 04:00:00,0.4948,0.025,HOLD,,0,-1
2024-11-21 12:00:00,2024-11-21 08:00:00,0.4943,0.025,HOLD,,0,-1
2024-11-21 16:00:00,2024-11-21 12:00:00,0.4922,0.025,HOLD,,0,-1
2024-11-21 20:00:00,2024-11-21 16:00:00,0.491,0.025,HOLD,,0,-1
2024-11-22 00:00:00,2024-11-21 20:00:00,0.4933,0.025,HOLD,,1,-1
2024-11-22 04:00:00,2024-11-22 00:00:00,0.4947,0.025,HOLD,,1,-1
2024-11-22 08:00:00,2024-11-22 04:00:00,0.4941,0.025,HOLD,,1,-1
2024-11-22 12:00:00,2024-11-22 08:00:00,0.4953,0.025,HOLD,,1,-1
2024-11-22 16:00:00,2024-11-22 12:00:00,0.4967,0.025,HOLD,,1,-1
2024-11-22 20:00:00,2024-11-22 16:00:00,0.4977,0.025,HOLD,,1,-1
2024-11-25 00:00:00,2024-11-22 20:00:00,0.4977,0.025,HOLD,,0,-1
2024-11-25 04:00:00,2024-11-25 00:00:00,0.4975,0.025,HOLD,,0,-1
2024-11-25 08:00:00,2024-11-25 04:00:00,0.4971,0.025,HOLD,,1,-1
2024-11-25 12:00:00,2024-11-25 08:00:00,0.4977,0.025,HOLD,,0,-1
2024-11-25 16:00:00,2024-11-25 12:00:00,0.4983,0.025,HOLD,,0,-1
2024-11-25 20:00:00,2024-11-25 16:00:00,0.5001,0.025,HOLD,,0,-1
2024-11-26 00:00:00,2024-11-25 20:00:00,0.5021,0.025,HOLD,,1,-1
2024-11-26 04:00:00,2024-11-26 00:00:00,0.5039,0.025,HOLD,,1,-1
2024-11-26 08:00:00,2024-11-26 04:00:00,0.5049,0.025,HOLD,,1,-1
2024-11-26 12:00:00,2024-11-26 08:00:00,0.5043,0.025,HOLD,,1,-1
2024-11-26 16:00:00,2024-11-26 12:00:00,0.5014,0.025,HOLD,,1,-1
2024-11-26 20:00:00,2024-11-26 16:00:00,0.5017,0.025,HOLD,,1,-1
2024-11-27 00:00:00,2024-11-26 20:00:00,0.5035,0.025,HOLD,,1,-1
2024-11-27 04:00:00,2024-11-27 00:00:00,0.506,0.025,HOLD,,1,-1
2024-11-27 08:00:00,2024-11-27 04:00:00,0.5078,0.025,HOLD,,1,-1
2024-11-27 12:00:00,2024-11-27 08:00:00,0.5089,0.025,HOLD,,0,-1
2024-11-27 16:00:00,2024-11-27 12:00:00,0.506,0.025,HOLD,,0,-1
2024-11-27 20:00:00,2024-11-27 16:00:00,0.5041,0.025,HOLD,,0,-1
2024-11-28 00:00:00,2024-11-27 20:00:00,0.5029,0.025,HOLD,,1,-1
2024-11-28 04:00:00,2024-11-28 00:00:00,0.5042,0.025,HOLD,,1,-1
2024-11-28 08:00:00,2024-11-28 04:00:00,0.5053,0.025,HOLD,,1,-1
2024-11-28 12:00:00,2024-11-28 08:00:00,0.5047,0.025,HOLD,,1,-1
2024-11-28 16:00:00,2024-11-28 12:00:00,0.5027,0.025,HOLD,,1,-1
2024-11-28 20:00:00,2024-11-28 16:00:00,0.5029,0.025,HOLD,,1,-1
2024-11-29 00:00:00,2024-11-28 20:00:00,0.5006,0.025,HOLD,,0,-1
2024-11-29 04:00:00,2024-11-29 00:00:00,0.5006,0.025,HOLD,,0,-1
2024-11-29 08:00:00,2024-11-29 04:00:00,0.5002,0.025,HOLD,,0,-1
2024-11-29 12:00:00,2024-11-29 08:00:00,0.5,0.025,HOLD,,0,-1
2024-11-29 16:00:00,2024-11-29 12:00:00,0.4959,0.025,HOLD,,0,-1
2024-11-29 20:00:00,2024-11-29 16:00:00,0.4969,0.025,HOLD,,0,-1
2024-12-02 00:00:00,2024-11-29 20:00:00,0.4985,0.025,HOLD,,0,-1
2024-12-02 04:00:00,2024-12-02 00:00:00,0.4992,0.025,HOLD,,0,-1
2024-12-02 08:00:00,2024-12-02 04:00:00,0.503,0.025,HOLD,,1,-1
2024-12-02 12:00:00,2024-12-02 08:00:00,0.503,0.025,HOLD,,1,-1
2024-12-02 16:00:00,2024-12-02 12:00:00,0.5032,0.025,HOLD,,1,-1
2024-12-02 20:00:00,2024-12-02 16:00:00,0.5072,0.025,HOLD,,1,-1
2024-12-03 00:00:00,2024-12-02 20:00:00,0.5077,0.025,HOLD,,1,-1
2024-12-03 04:00:00,2024-12-03 00:00:00,0.5067,0.025,HOLD,,1,-1
2024-12-03 08:00:00,2024-12-03 04:00:00,0.504,0.025,HOLD,,0,-1
2024-12-03 12:00:00,2024-12-03 08:00:00,0.5044,0.025,HOLD,,0,-1
2024-12-03 16:00:00,2024-12-03 12:00:00,0.5063,0.025,HOLD,,1,-1
2024-12-03 20:00:00,2024-12-03 16:00:00,0.5061,0.025,HOLD,,1,-1
2024-12-04 00:00:00,2024-12-03 20:00:00,0.5029,0.025,HOLD,,1,-1
2024-12-04 04:00:00,2024-12-04 00:00:00,0.5009,0.025,HOLD,,1,-1
2024-12-04 08:00:00,2024-12-04 04:00:00,0.5007,0.025,HOLD,,1,-1
2024-12-04 12:00:00,2024-12-04 08:00:00,0.4999,0.025,HOLD,,1,-1
2024-12-04 16:00:00,2024-12-04 12:00:00,0.4993,0.025,HOLD,,1,-1
2024-12-04 20:00:00,2024-12-04 16:00:00,0.5029,0.025,HOLD,,1,-1
2024-12-05 00:00:00,2024-12-04 20:00:00,0.5047,0.025,HOLD,,1,-1
2024-12-05 04:00:00,2024-12-05 00:00:00,0.5049,0.025,HOLD,,1,-1
2024-12-05 08:00:00,2024-12-05 04:00:00,0.5022,0.025,HOLD,,1,-1
2024-12-05 12:00:00,2024-12-05 08:00:00,0.4999,0.025,HOLD,,1,-1
2024-12-05 16:00:00,2024-12-05 12:00:00,0.4963,0.025,HOLD,,0,-1
2024-12-05 20:00:00,2024-12-05 16:00:00,0.4927,0.025,HOLD,,0,-1
2024-12-06 00:00:00,2024-12-05 20:00:00,0.4926,0.025,HOLD,,0,-1
2024-12-06 04:00:00,2024-12-06 00:00:00,0.4928,0.025,HOLD,,0,-1
2024-12-06 08:00:00,2024-12-06 04:00:00,0.4914,0.025,HOLD,,0,-1
2024-12-06 12:00:00,2024-12-06 08:00:00,0.4918,0.025,HOLD,,0,-1
2024-12-06 16:00:00,2024-12-06 12:00:00,0.4899,0.025,HOLD,,1,-1
2024-12-06 20:00:00,2024-12-06 16:00:00,0.4896,0.025,HOLD,,0,-1
2024-12-09 00:00:00,2024-12-06 20:00:00,0.491,0.025,HOLD,,1,-1
2024-12-09 04:00:00,2024-12-09 00:00:00,0.4927,0.025,HOLD,,1,-1
2024-12-09 08:00:00,2024-12-09 04:00:00,0.4897,0.025,HOLD,,0,-1
2024-12-09 12:00:00,2024-12-09 08:00:00,0.4875,0.025,HOLD,,0,-1
2024-12-09 16:00:00,2024-12-09 12:00:00,0.4858,0.025,HOLD,,0,-1
2024-12-09 20:00:00,2024-12-09 16:00:00,0.4845,0.025,HOLD,,0,-1
2024-12-10 00:00:00,2024-12-09 20:00:00,0.4832,0.025,HOLD,,0,-1
2024-12-10 04:00:00,2024-12-10 00:00:00,0.4835,0.025,HOLD,,0,-1
2024-12-10 08:00:00,2024-12-10 04:00:00,0.485,0.025,HOLD,,0,-1
2024-12-10 12:00:00,2024-12-10 08:00:00,0.4854,0.025,HOLD,,1,-1
2024-12-10 16:00:00,2024-12-10 12:00:00,0.4867,0.025,HOLD,,0,-1
2024-12-10 20:00:00,2024-12-10 16:00:00,0.49,0.025,HOLD,,0,-1
2024-12-11 00:00:00,2024-12-10 20:00:00,0.4914,0.025,HOLD,,0,-1
2024-12-11 04:00:00,2024-12-11 00:00:00,0.492,0.025,HOLD,,0,-1
2024-12-11 08:00:00,2024-12-11 04:00:00,0.4913,0.025,HOLD,,1,-1
2024-12-11 12:00:00,2024-12-11 08:00:00,0.4921,0.025,HOLD,,0,-1
2024-12-11 16:00:00,2024-12-11 12:00:00,0.4921,0.025,HOLD,,1,-1
2024-12-11 20:00:00,2024-12-11 16:00:00,0.4914,0.025,HOLD,,0,-1
2024-12-12 00:00:00,2024-12-11 20:00:00,0.4927,0.025,HOLD,,0,-1
2024-12-12 04:00:00,2024-12-12 00:00:00,0.4956,0.025,HOLD,,0,-1
2024-12-12 08:00:00,2024-12-12 04:00:00,0.4949,0.025,HOLD,,0,-1
2024-12-12 12:00:00,2024-12-12 08:00:00,0.4962,0.025,HOLD,,1,-1
2024-12-12 16:00:00,2024-12-12 12:00:00,0.496,0.025,HOLD,,0,-1
2024-12-12 20:00:00,2024-12-12 16:00:00,0.4982,0.025,HOLD,,1,-1
2024-12-13 00:00:00,2024-12-12 20:00:00,0.4993,0.025,HOLD,,1,-1
2024-12-13 04:00:00,2024-12-13 00:00:00,0.5013,0.025,HOLD,,1,-1
2024-12-13 08:00:00,2024-12-13 04:00:00,0.5025,0.025,HOLD,,1,-1
2024-12-13 12:00:00,2024-12-13 08:00:00,0.5017,0.025,HOLD,,0,-1
2024-12-13 16:00:00,2024-12-13 12:00:00,0.5012,0.025,HOLD,,1,-1
2024-12-13 20:00:00,2024-12-13 16:00:00,0.5018,0.025,HOLD,,1,-1
2024-12-16 00:00:00,2024-12-13 20:00:00,0.5008,0.025,HOLD,,1,-1
2024-12-16 04:00:00,2024-12-16 00:00:00,0.4998,0.025,HOLD,,0,-1
2024-12-16 08:00:00,2024-12-16 04:00:00,0.4982,0.025,HOLD,,0,-1
2024-12-16 12:00:00,2024-12-16 08:00:00,0.4968,0.025,HOLD,,0,-1
2024-12-16 16:00:00,2024-12-16 12:00:00,0.4969,0.025,HOLD,,0,-1
2024-12-16 20:00:00,2024-12-16 16:00:00,0.4984,0.025,HOLD,,0,-1
2024-12-17 00:00:00,2024-12-16 20:00:00,0.4975,0.025,HOLD,,0,-1
2024-12-17 04:00:00,2024-12-17 00:00:00,0.4968,0.025,HOLD,,0,-1
2024-12-17 08:00:00,2024-12-17 04:00:00,0.4958,0.025,HOLD,,1,-1
2024-12-17 12:00:00,2024-12-17 08:00:00,0.4967,0.025,HOLD,,0,-1
2024-12-17 16:00:00,2024-12-17 12:00:00,0.495,0.025,HOLD,,0,-1
2024-12-17 20:00:00,2024-12-17 16:00:00,0.4929,0.025,HOLD,,0,-1
2024-12-18 00:00:00,2024-12-17 20:00:00,0.4915,0.025,HOLD,,0,-1
2024-12-18 04:00:00,2024-12-18 00:00:00,0.492,0.025,HOLD,,0,-1
2024-12-18 08:00:00,2024-12-18 04:00:00,0.4944,0.025,HOLD,,0,-1
2024-12-18 12:00:00,2024-12-18 08:00:00,0.494,0.025,HOLD,,0,-1
2024-12-18 16:00:00,2024-12-18 12:00:00,0.4919,0.025,HOLD,,0,-1
2024-12-18 20:00:00,2024-12-18 16:00:00,0.4916,0.025,HOLD,,1,-1
2024-12-19 00:00:00,2024-12-18 20:00:00,0.4918,0.025,HOLD,,0,-1
2024-12-19 04:00:00,2024-12-19 00:00:00,0.4916,0.025,HOLD,,0,-1
2024-12-19 08:00:00,2024-12-19 04:00:00,0.4944,0.025,HOLD,,0,-1
2024-12-19 12:00:00,2024-12-19 08:00:00,0.4965,0.025,HOLD,,1,-1
2024-12-19 16:00:00,2024-12-19 12:00:00,0.4967,0.025,HOLD,,1,-1
2024-12-19 20:00:00,2024-12-19 16:00:00,0.4967,0.025,HOLD,,1,-1
2024-12-20 00:00:00,2024-12-19 20:00:00,0.4971,0.025,HOLD,,1,-1
2024-12-20 04:00:00,2024-12-20 00:00:00,0.4993,0.025,HOLD,,1,-1
2024-12-20 08:00:00,2024-12-20 04:00:00,0.4988,0.025,HOLD,,1,-1
2024-12-20 12:00:00,2024-12-20 08:00:00,0.5001,0.025,HOLD,,0,-1
2024-12-20 16:00:00,2024-12-20 12:00:00,0.5014,0.025,HOLD,,0,-1
2024-12-20 20:00:00,2024-12-20 16:00:00,0.5042,0.025,HOLD,,0,-1
2024-12-23 00:00:00,2024-12-20 20:00:00,0.5062,0.025,HOLD,,0,-1
2024-12-23 04:00:00,2024-12-23 00:00:00,0.5073,0.025,HOLD,,0,-1
2024-12-23 08:00:00,2024-12-23 04:00:00,0.5081,0.025,HOLD,,0,-1
2024-12-23 12:00:00,2024-12-23 08:00:00,0.5109,0.025,HOLD,,1,-1
2024-12-23 16:00:00,2024-12-23 12:00:00,0.5109,0.025,HOLD,,0,-1
2024-12-23 20:00:00,2024-12-23 16:00:00,0.5115,0.025,HOLD,,0,-1
2024-12-24 00:00:00,2024-12-23 20:00:00,0.5124,0.025,HOLD,,0,-1
2024-12-24 04:00:00,2024-12-24 00:00:00,0.5141,0.025,HOLD,,1,-1
2024-12-24 08:00:00,2024-12-24 04:00:00,0.5157,0.025,HOLD,,1,-1
2024-12-24 12:00:00,2024-12-24 08:00:00,0.5175,0.025,HOLD,,0,-1
2024-12-24 16:00:00,2024-12-24 12:00:00,0.5171,0.025,HOLD,,1,-1
2024-12-24 20:00:00,2024-12-24 16:00:00,0.519,0.025,HOLD,,1,-1
2024-12-25 00:00:00,2024-12-24 20:00:00,0.5206,0.025,HOLD,,1,-1
2024-12-26 00:00:00,2024-12-25 00:00:00,0.5212,0.025,HOLD,,1,-1
2024-12-26 04:00:00,2024-12-26 00:00:00,0.5232,0.025,HOLD,,1,-1
2024-12-26 08:00:00,2024-12-26 04:00:00,0.5246,0.025,HOLD,,1,-1
2024-12-26 12:00:00,2024-12-26 08:00:00,0.5239,0.025,HOLD,,1,-1
2024-12-26 16:00:00,2024-12-26 12:00:00,0.5233,0.025,HOLD,,1,-1
2024-12-26 20:00:00,2024-12-26 16:00:00,0.522,0.025,HOLD,,1,-1
2024-12-27 00:00:00,2024-12-26 20:00:00,0.5137,0.025,HOLD,,1,-1
2024-12-27 04:00:00,2024-12-27 00:00:00,0.5085,0.025,HOLD,,1,-1
2024-12-27 08:00:00,2024-12-27 04:00:00,0.5088,0.025,HOLD,,1,-1
2024-12-27 12:00:00,2024-12-27 08:00:00,0.5088,0.025,HOLD,,0,-1
2024-12-27 16:00:00,2024-12-27 12:00:00,0.5085,0.025,HOLD,,0,-1
2024-12-27 20:00:00,2024-12-27 16:00:00,0.5032,0.025,HOLD,,0,-1
2024-12-30 00:00:00,2024-12-27 20:00:00,0.4989,0.025,HOLD,,0,-1
2024-12-30 04:00:00,2024-12-30 00:00:00,0.4967,0.025,HOLD,,0,-1
2024-12-30 08:00:00,2024-12-30 04:00:00,0.4955,0.025,HOLD,,0,-1
2024-12-30 12:00:00,2024-12-30 08:00:00,0.4935,0.025,HOLD,,1,-1
2024-12-30 16:00:00,2024-12-30 12:00:00,0.4945,0.025,HOLD,,0,-1
2024-12-30 20:00:00,2024-12-30 16:00:00,0.4947,0.025,HOLD,,0,-1
2024-12-31 00:00:00,2024-12-30 20:00:00,0.4943,0.025,HOLD,,0,-1
2025-01-02 00:00:00,2024-12-31 20:00:00,0.4956,0.095,HOLD,,0,-1
2025-01-02 04:00:00,2025-01-02 00:00:00,0.5029,0.095,HOLD,,0,-1
2025-01-02 08:00:00,2025-01-02 04:00:00,0.5074,0.095,HOLD,,0,-1
2025-01-02 12:00:00,2025-01-02 08:00:00,0.5073,0.095,HOLD,,0,-1
2025-01-02 16:00:00,2025-01-02 12:00:00,0.5069,0.095,HOLD,,1,-1
2025-01-02 20:00:00,2025-01-02 16:00:00,0.5118,0.095,HOLD,,1,-1
2025-01-03 00:00:00,2025-01-02 20:00:00,0.5105,0.095,HOLD,,1,-1
2025-01-03 04:00:00,2025-01-03 00:00:00,0.5206,0.095,HOLD,,1,-1
2025-01-03 08:00:00,2025-01-03 04:00:00,0.5126,0.095,HOLD,,1,-1
2025-01-03 12:00:00,2025-01-03 08:00:00,0.5175,0.095,HOLD,,1,-1
2025-01-03 16:00:00,2025-01-03 12:00:00,0.5194,0.095,HOLD,,1,-1
2025-01-03 20:00:00,2025-01-03 16:00:00,0.518,0.095,HOLD,,1,-1
2025-01-06 00:00:00,2025-01-03 20:00:00,0.5086,0.095,HOLD,,1,-1
2025-01-06 04:00:00,2025-01-06 00:00:00,0.4987,0.095,HOLD,,1,-1
2025-01-06 08:00:00,2025-01-06 04:00:00,0.4879,0.095,HOLD,,1,-1
2025-01-06 12:00:00,2025-01-06 08:00:00,0.4816,0.095,HOLD,,0,-1
2025-01-06 16:00:00,2025-01-06 12:00:00,0.4698,0.095,HOLD,,0,-1
2025-01-06 20:00:00,2025-01-06 16:00:00,0.4616,0.095,HOLD,,0,-1
2025-01-07 00:00:00,2025-01-06 20:00:00,0.4573,0.095,HOLD,,0,-1
2025-01-07 04:00:00,2025-01-07 00:00:00,0.4584,0.095,HOLD,,0,-1
2025-01-07 08:00:00,2025-01-07 04:00:00,0.4567,0.095,HOLD,,0,-1
2025-01-07 12:00:00,2025-01-07 08:00:00,0.4604,0.095,HOLD,,0,-1
2025-01-07 16:00:00,2025-01-07 12:00:00,0.4647,0.095,HOLD,,0,-1
2025-01-07 20:00:00,2025-01-07 16:00:00,0.4728,0.095,HOLD,,0,-1
2025-01-08 00:00:00,2025-01-07 20:00:00,0.4885,0.095,HOLD,,0,-1
2025-01-08 04:00:00,2025-01-08 00:00:00,0.4912,0.095,HOLD,,0,-1
2025-01-08 08:00:00,2025-01-08 04:00:00,0.4956,0.095,HOLD,,0,-1
2025-01-08 12:00:00,2025-01-08 08:00:00,0.5088,0.095,HOLD,,1,-1
2025-01-08 16:00:00,2025-01-08 12:00:00,0.5173,0.095,HOLD,,0,-1
2025-01-08 20:00:00,2025-01-08 16:00:00,0.5317,0.095,HOLD,,0,-1
2025-01-09 00:00:00,2025-01-08 20:00:00,0.5517,0.095,HOLD,,0,-1
2025-01-09 04:00:00,2025-01-09 00:00:00,0.5768,0.095,HOLD,,0,-1
2025-01-09 08:00:00,2025-01-09 04:00:00,0.5977,0.095,BUY,False,0,1
2025-01-09 12:00:00,2025-01-09 08:00:00,0.5977,0.095,BUY,False,0,1
2025-01-09 16:00:00,2025-01-09 12:00:00,0.603,0.095,BUY,False,0,1
2025-01-09 20:00:00,2025-01-09 16:00:00,0.6184,0.095,BUY,False,0,1
2025-01-10 00:00:00,2025-01-09 20:00:00,0.6504,0.095,BUY,False,0,1
2025-01-10 04:00:00,2025-01-10 00:00:00,0.6623,0.095,BUY,False,0,1
2025-01-10 08:00:00,2025-01-10 04:00:00,0.658,0.095,BUY,False,0,1
2025-01-10 12:00:00,2025-01-10 08:00:00,0.649,0.095,BUY,False,0,1
2025-01-10 16:00:00,2025-01-10 12:00:00,0.6416,0.095,BUY,False,0,1
2025-01-10 20:00:00,2025-01-10 16:00:00,0.6268,0.095,BUY,True,1,1
2025-01-13 00:00:00,2025-01-10 20:00:00,0.6239,0.095,BUY,True,1,1
2025-01-13 04:00:00,2025-01-13 00:00:00,0.6123,0.095,BUY,True,1,1
2025-01-13 08:00:00,2025-01-13 04:00:00,0.6045,0.095,BUY,True,1,1
2025-01-13 12:00:00,2025-01-13 08:00:00,0.5883,0.095,HOLD,,1,-1
2025-01-13 16:00:00,2025-01-13 12:00:00,0.5648,0.095,HOLD,,1,-1
2025-01-13 20:00:00,2025-01-13 16:00:00,0.5303,0.095,HOLD,,1,-1
2025-01-14 00:00:00,2025-01-13 20:00:00,0.5317,0.095,HOLD,,1,-1
2025-01-14 04:00:00,2025-01-14 00:00:00,0.5508,0.095,HOLD,,1,-1
2025-01-14 08:00:00,2025-01-14 04:00:00,0.5541,0.095,HOLD,,1,-1
2025-01-14 12:00:00,2025-01-14 08:00:00,0.5542,0.095,HOLD,,1,-1
2025-01-14 16:00:00,2025-01-14 12:00:00,0.5496,0.095,HOLD,,0,-1
2025-01-14 20:00:00,2025-01-14 16:00:00,0.5459,0.095,HOLD,,0,-1
2025-01-15 00:00:00,2025-01-14 20:00:00,0.5403,0.095,HOLD,,0,-1
2025-01-15 04:00:00,2025-01-15 00:00:00,0.5249,0.095,HOLD,,0,-1
2025-01-15 08:00:00,2025-01-15 04:00:00,0.5154,0.095,HOLD,,0,-1
2025-01-15 12:00:00,2025-01-15 08:00:00,0.5153,0.095,HOLD,,0,-1
2025-01-15 16:00:00,2025-01-15 12:00:00,0.5017,0.095,HOLD,,1,-1
2025-01-15 20:00:00,2025-01-15 16:00:00,0.4859,0.095,HOLD,,1,-1
2025-01-16 00:00:00,2025-01-15 20:00:00,0.4795,0.095,HOLD,,1,-1
2025-01-16 04:00:00,2025-01-16 00:00:00,0.4812,0.095,HOLD,,1,-1
2025-01-16 08:00:00,2025-01-16 04:00:00,0.4806,0.095,HOLD,,1,-1
2025-01-16 12:00:00,2025-01-16 08:00:00,0.4741,0.095,HOLD,,1,-1
2025-01-16 16:00:00,2025-01-16 12:00:00,0.4667,0.095,HOLD,,0,-1
2025-01-16 20:00:00,2025-01-16 16:00:00,0.4653,0.095,HOLD,,0,-1
2025-01-17 00:00:00,2025-01-16 20:00:00,0.4638,0.095,HOLD,,0,-1
2025-01-17 04:00:00,2025-01-17 00:00:00,0.463,0.095,HOLD,,1,-1
2025-01-17 08:00:00,2025-01-17 04:00:00,0.4642,0.095,HOLD,,1,-1
2025-01-17 12:00:00,2025-01-17 08:00:00,0.4599,0.095,HOLD,,1,-1
2025-01-17 16:00:00,2025-01-17 12:00:00,0.4629,0.095,HOLD,,1,-1
2025-01-17 20:00:00,2025-01-17 16:00:00,0.4714,0.095,HOLD,,1,-1
2025-01-20 00:00:00,2025-01-17 20:00:00,0.4654,0.095,HOLD,,1,-1
2025-01-20 04:00:00,2025-01-20 00:00:00,0.4609,0.095,HOLD,,1,-1
2025-01-20 08:00:00,2025-01-20 04:00:00,0.4519,0.095,HOLD,,1,-1
2025-01-20 12:00:00,2025-01-20 08:00:00,0.4571,0.095,HOLD,,0,-1
2025-01-20 16:00:00,2025-01-20 12:00:00,0.4756,0.095,HOLD,,1,-1
2025-01-20 20:00:00,2025-01-20 16:00:00,0.4729,0.095,HOLD,,1,-1
2025-01-21 00:00:00,2025-01-20 20:00:00,0.479,0.095,HOLD,,1,-1
2025-01-21 04:00:00,2025-01-21 00:00:00,0.4659,0.095,HOLD,,1,-1
2025-01-21 08:00:00,2025-01-21 04:00:00,0.4949,0.095,HOLD,,1,-1
2025-01-21 12:00:00,2025-01-21 08:00:00,0.5157,0.095,HOLD,,1,-1
2025-01-21 16:00:00,2025-01-21 12:00:00,0.5186,0.095,HOLD,,0,-1
2025-01-21 20:00:00,2025-01-21 16:00:00,0.5245,0.095,HOLD,,0,-1
2025-01-22 00:00:00,2025-01-21 20:00:00,0.526,0.095,HOLD,,0,-1
2025-01-22 04:00:00,2025-01-22 00:00:00,0.5612,0.095,HOLD,,0,-1
2025-01-22 08:00:00,2025-01-22 04:00:00,0.5646,0.095,HOLD,,0,-1
2025-01-22 12:00:00,2025-01-22 08:00:00,0.553,0.095,HOLD,,0,-1
2025-01-22 16:00:00,2025-01-22 12:00:00,0.5377,0.095,HOLD,,1,-1
2025-01-22 20:00:00,2025-01-22 16:00:00,0.5286,0.095,HOLD,,1,-1
2025-01-23 00:00:00,2025-01-22 20:00:00,0.5152,0.095,HOLD,,1,-1
2025-01-23 04:00:00,2025-01-23 00:00:00,0.5061,0.095,HOLD,,1,-1
2025-01-23 08:00:00,2025-01-23 04:00:00,0.4933,0.095,HOLD,,1,-1
2025-01-23 12:00:00,2025-01-23 08:00:00,0.4795,0.095,HOLD,,1,-1
2025-01-23 16:00:00,2025-01-23 12:00:00,0.4677,0.095,HOLD,,1,-1
2025-01-23 20:00:00,2025-01-23 16:00:00,0.4657,0.095,HOLD,,1,-1
2025-01-24 00:00:00,2025-01-23 20:00:00,0.4619,0.095,HOLD,,1,-1
2025-01-24 04:00:00,2025-01-24 00:00:00,0.4609,0.095,HOLD,,1,-1
2025-01-24 08:00:00,2025-01-24 04:00:00,0.455,0.095,HOLD,,0,-1
2025-01-24 12:00:00,2025-01-24 08:00:00,0.4485,0.095,HOLD,,1,-1
2025-01-24 16:00:00,2025-01-24 12:00:00,0.4365,0.095,HOLD,,0,-1
2025-01-24 20:00:00,2025-01-24 16:00:00,0.4395,0.095,HOLD,,0,-1
2025-01-27 00:00:00,2025-01-24 20:00:00,0.4371,0.095,HOLD,,0,-1
2025-01-27 04:00:00,2025-01-27 00:00:00,0.4348,0.095,HOLD,,0,-1
2025-01-27 08:00:00,2025-01-27 04:00:00,0.4423,0.095,HOLD,,0,-1
2025-01-27 12:00:00,2025-01-27 08:00:00,0.4778,0.095,HOLD,,0,-1
2025-01-27 16:00:00,2025-01-27 12:00:00,0.4915,0.095,HOLD,,0,-1
2025-01-27 20:00:00,2025-01-27 16:00:00,0.5272,0.095,HOLD,,0,-1
2025-01-28 00:00:00,2025-01-27 20:00:00,0.5409,0.095,HOLD,,0,-1
2025-01-28 04:00:00,2025-01-28 00:00:00,0.5711,0.095,HOLD,,1,-1
2025-01-28 08:00:00,2025-01-28 04:00:00,0.565,0.095,HOLD,,0,-1
2025-01-28 12:00:00,2025-01-28 08:00:00,0.5285,0.095,HOLD,,0,-1
2025-01-28 16:00:00,2025-01-28 12:00:00,0.5183,0.095,HOLD,,0,-1
2025-01-28 20:00:00,2025-01-28 16:00:00,0.4953,0.095,HOLD,,0,-1
2025-01-29 00:00:00,2025-01-28 20:00:00,0.51,0.095,HOLD,,0,-1
2025-01-29 04:00:00,2025-01-29 00:00:00,0.4947,0.095,HOLD,,0,-1
2025-01-29 08:00:00,2025-01-29 04:00:00,0.4958,0.095,HOLD,,1,-1
2025-01-29 12:00:00,2025-01-29 08:00:00,0.4974,0.095,HOLD,,1,-1
2025-01-29 16:00:00,2025-01-29 12:00:00,0.4945,0.095,HOLD,,0,-1
2025-01-29 20:00:00,2025-01-29 16:00:00,0.4912,0.095,HOLD,,0,-1
2025-01-30 00:00:00,2025-01-29 20:00:00,0.485,0.095,HOLD,,0,-1
2025-01-30 04:00:00,2025-01-30 00:00:00,0.4794,0.095,HOLD,,0,-1
2025-01-30 08:00:00,2025-01-30 04:00:00,0.4803,0.095,HOLD,,0,-1
2025-01-30 12:00:00,2025-01-30 08:00:00,0.4812,0.095,HOLD,,0,-1
2025-01-30 16:00:00,2025-01-30 12:00:00,0.4733,0.095,HOLD,,1,-1
2025-01-30 20:00:00,2025-01-30 16:00:00,0.4702,0.095,HOLD,,0,-1
2025-01-31 00:00:00,2025-01-30 20:00:00,0.4652,0.095,HOLD,,0,-1
2025-01-31 04:00:00,2025-01-31 00:00:00,0.5082,0.095,HOLD,,0,-1
2025-01-31 08:00:00,2025-01-31 04:00:00,0.4962,0.095,HOLD,,0,-1
2025-01-31 12:00:00,2025-01-31 08:00:00,0.5063,0.095,HOLD,,0,-1
2025-01-31 16:00:00,2025-01-31 12:00:00,0.5366,0.095,HOLD,,0,-1
2025-01-31 20:00:00,2025-01-31 16:00:00,0.5241,0.095,HOLD,,0,-1
2025-02-03 00:00:00,2025-01-31 20:00:00,0.5258,0.095,HOLD,,1,-1
2025-02-03 04:00:00,2025-02-03 00:00:00,0.5086,0.095,HOLD,,1,-1
2025-02-03 08:00:00,2025-02-03 04:00:00,0.5234,0.095,HOLD,,1,-1
2025-02-03 12:00:00,2025-02-03 08:00:00,0.5331,0.095,HOLD,,1,-1
2025-02-03 16:00:00,2025-02-03 12:00:00,0.5326,0.095,HOLD,,1,-1
2025-02-03 20:00:00,2025-02-03 16:00:00,0.5207,0.095,HOLD,,1,-1
2025-02-04 00:00:00,2025-02-03 20:00:00,0.5122,0.095,HOLD,,1,-1
2025-02-04 04:00:00,2025-02-04 00:00:00,0.5043,0.095,HOLD,,1,-1
2025-02-04 08:00:00,2025-02-04 04:00:00,0.518,0.095,HOLD,,1,-1
2025-02-04 12:00:00,2025-02-04 08:00:00,0.529,0.095,HOLD,,1,-1
2025-02-04 16:00:00,2025-02-04 12:00:00,0.5214,0.095,HOLD,,1,-1
2025-02-04 20:00:00,2025-02-04 16:00:00,0.5108,0.095,HOLD,,1,-1
2025-02-05 00:00:00,2025-02-04 20:00:00,0.5006,0.095,HOLD,,1,-1
2025-02-05 04:00:00,2025-02-05 00:00:00,0.4894,0.095,HOLD,,1,-1
2025-02-05 08:00:00,2025-02-05 04:00:00,0.4788,0.095,HOLD,,0,-1
2025-02-05 12:00:00,2025-02-05 08:00:00,0.4889,0.095,HOLD,,0,-1
2025-02-05 16:00:00,2025-02-05 12:00:00,0.4902,0.095,HOLD,,0,-1
2025-02-05 20:00:00,2025-02-05 16:00:00,0.4804,0.095,HOLD,,0,-1
2025-02-06 00:00:00,2025-02-05 20:00:00,0.4679,0.095,HOLD,,0,-1
2025-02-06 04:00:00,2025-02-06 00:00:00,0.4617,0.095,HOLD,,0,-1
2025-02-06 08:00:00,2025-02-06 04:00:00,0.464,0.095,HOLD,,1,-1
2025-02-06 12:00:00,2025-02-06 08:00:00,0.4543,0.095,HOLD,,1,-1
2025-02-06 16:00:00,2025-02-06 12:00:00,0.4494,0.095,HOLD,,0,-1
2025-02-06 20:00:00,2025-02-06 16:00:00,0.4752,0.095,HOLD,,0,-1
2025-02-07 00:00:00,2025-02-06 20:00:00,0.4773,0.095,HOLD,,0,-1
2025-02-07 04:00:00,2025-02-07 00:00:00,0.5013,0.095,HOLD,,0,-1
2025-02-07 08:00:00,2025-02-07 04:00:00,0.5057,0.095,HOLD,,0,-1
2025-02-07 12:00:00,2025-02-07 08:00:00,0.5209,0.095,HOLD,,0,-1
2025-02-07 16:00:00,2025-02-07 12:00:00,0.5384,0.095,HOLD,,0,-1
2025-02-07 20:00:00,2025-02-07 16:00:00,0.5583,0.095,HOLD,,0,-1
2025-02-10 00:00:00,2025-02-07 20:00:00,0.5567,0.095,HOLD,,0,-1
2025-02-10 04:00:00,2025-02-10 00:00:00,0.5716,0.095,HOLD,,0,-1
2025-02-10 08:00:00,2025-02-10 04:00:00,0.5582,0.095,HOLD,,0,-1
2025-02-10 12:00:00,2025-02-10 08:00:00,0.5592,0.095,HOLD,,1,-1
2025-02-10 16:00:00,2025-02-10 12:00:00,0.5472,0.095,HOLD,,1,-1
2025-02-10 20:00:00,2025-02-10 16:00:00,0.5485,0.095,HOLD,,1,-1
2025-02-11 00:00:00,2025-02-10 20:00:00,0.5498,0.095,HOLD,,1,-1
2025-02-11 04:00:00,2025-02-11 00:00:00,0.5648,0.095,HOLD,,1,-1
2025-02-11 08:00:00,2025-02-11 04:00:00,0.6338,0.095,BUY,True,1,1
2025-02-11 12:00:00,2025-02-11 08:00:00,0.6129,0.095,BUY,True,1,1
2025-02-11 16:00:00,2025-02-11 12:00:00,0.5767,0.095,HOLD,,1,-1
2025-02-11 20:00:00,2025-02-11 16:00:00,0.5699,0.095,HOLD,,1,-1
2025-02-12 00:00:00,2025-02-11 20:00:00,0.5188,0.095,HOLD,,1,-1
2025-02-12 04:00:00,2025-02-12 00:00:00,0.5774,0.095,HOLD,,1,-1
2025-02-12 08:00:00,2025-02-12 04:00:00,0.5613,0.095,HOLD,,1,-1
2025-02-12 12:00:00,2025-02-12 08:00:00,0.5388,0.095,HOLD,,1,-1
2025-02-12 16:00:00,2025-02-12 12:00:00,0.5227,0.095,HOLD,,0,-1
2025-02-12 20:00:00,2025-02-12 16:00:00,0.5039,0.095,HOLD,,1,-1
2025-02-13 00:00:00,2025-02-12 20:00:00,0.4785,0.095,HOLD,,1,-1
2025-02-13 04:00:00,2025-02-13 00:00:00,0.4731,0.095,HOLD,,1,-1
2025-02-13 08:00:00,2025-02-13 04:00:00,0.4611,0.095,HOLD,,1,-1
2025-02-13 12:00:00,2025-02-13 08:00:00,0.4753,0.095,HOLD,,1,-1
2025-02-13 16:00:00,2025-02-13 12:00:00,0.488,0.095,HOLD,,1,-1
2025-02-13 20:00:00,2025-02-13 16:00:00,0.4668,0.095,HOLD,,1,-1
2025-02-14 00:00:00,2025-02-13 20:00:00,0.4571,0.095,HOLD,,1,-1
2025-02-14 04:00:00,2025-02-14 00:00:00,0.4458,0.095,HOLD,,1,-1
2025-02-14 08:00:00,2025-02-14 04:00:00,0.4273,0.095,HOLD,,0,-1
2025-02-14 12:00:00,2025-02-14 08:00:00,0.4174,0.095,HOLD,,0,-1
2025-02-14 16:00:00,2025-02-14 12:00:00,0.4081,0.095,HOLD,,0,-1
2025-02-14 20:00:00,2025-02-14 16:00:00,0.3928,0.095,SELL,True,0,0
2025-02-17 00:00:00,2025-02-14 20:00:00,0.3598,0.095,SELL,True,0,0
2025-02-17 04:00:00,2025-02-17 00:00:00,0.3434,0.095,SELL,True,0,0
2025-02-17 08:00:00,2025-02-17 04:00:00,0.3237,0.095,SELL,True,0,0
2025-02-17 12:00:00,2025-02-17 08:00:00,0.3234,0.095,SELL,True,0,0
2025-02-17 16:00:00,2025-02-17 12:00:00,0.3263,0.095,SELL,True,0,0
2025-02-17 20:00:00,2025-02-17 16:00:00,0.3298,0.095,SELL,True,0,0
2025-02-18 00:00:00,2025-02-17 20:00:00,0.3196,0.095,SELL,True,0,0
2025-02-18 04:00:00,2025-02-18 00:00:00,0.3089,0.095,SELL,False,1,0
2025-02-18 08:00:00,2025-02-18 04:00:00,0.3137,0.095,SELL,True,0,0
2025-02-18 12:00:00,2025-02-18 08:00:00,0.3253,0.095,SELL,True,0,0
2025-02-18 16:00:00,2025-02-18 12:00:00,0.3202,0.095,SELL,True,0,0
2025-02-18 20:00:00,2025-02-18 16:00:00,0.3371,0.095,SELL,True,0,0
2025-02-19 00:00:00,2025-02-18 20:00:00,0.3277,0.095,SELL,True,0,0
2025-02-19 04:00:00,2025-02-19 00:00:00,0.3348,0.095,SELL,True,0,0
2025-02-19 08:00:00,2025-02-19 04:00:00,0.354,0.095,SELL,False,1,0
2025-02-19 12:00:00,2025-02-19 08:00:00,0.3547,0.095,SELL,False,1,0
2025-02-19 16:00:00,2025-02-19 12:00:00,0.3892,0.095,SELL,False,1,0
2025-02-19 20:00:00,2025-02-19 16:00:00,0.4542,0.095,HOLD,,1,-1
2025-02-20 00:00:00,2025-02-19 20:00:00,0.4718,0.095,HOLD,,1,-1
2025-02-20 04:00:00,2025-02-20 00:00:00,0.5178,0.095,HOLD,,1,-1
2025-02-20 08:00:00,2025-02-20 04:00:00,0.5233,0.095,HOLD,,1,-1
2025-02-20 12:00:00,2025-02-20 08:00:00,0.5591,0.095,HOLD,,1,-1
2025-02-20 16:00:00,2025-02-20 12:00:00,0.5637,0.095,HOLD,,0,-1
2025-02-20 20:00:00,2025-02-20 16:00:00,0.5597,0.095,HOLD,,0,-1
2025-02-21 00:00:00,2025-02-20 20:00:00,0.5244,0.095,HOLD,,1,-1
2025-02-21 04:00:00,2025-02-21 00:00:00,0.5195,0.095,HOLD,,1,-1
2025-02-21 08:00:00,2025-02-21 04:00:00,0.5308,0.095,HOLD,,1,-1
2025-02-21 12:00:00,2025-02-21 08:00:00,0.5042,0.095,HOLD,,0,-1
2025-02-21 16:00:00,2025-02-21 12:00:00,0.4933,0.095,HOLD,,1,-1
2025-02-21 20:00:00,2025-02-21 16:00:00,0.478,0.095,HOLD,,1,-1
2025-02-24 00:00:00,2025-02-21 20:00:00,0.4955,0.095,HOLD,,0,-1
2025-02-24 04:00:00,2025-02-24 00:00:00,0.5253,0.095,HOLD,,0,-1
2025-02-24 08:00:00,2025-02-24 04:00:00,0.5428,0.095,HOLD,,1,-1
2025-02-24 12:00:00,2025-02-24 08:00:00,0.5636,0.095,HOLD,,1,-1
2025-02-24 16:00:00,2025-02-24 12:00:00,0.5596,0.095,HOLD,,1,-1
2025-02-24 20:00:00,2025-02-24 16:00:00,0.5494,0.095,HOLD,,1,-1
2025-02-25 00:00:00,2025-02-24 20:00:00,0.5505,0.095,HOLD,,1,-1
2025-02-25 04:00:00,2025-02-25 00:00:00,0.5515,0.095,HOLD,,1,-1
2025-02-25 08:00:00,2025-02-25 04:00:00,0.5567,0.095,HOLD,,1,-1
2025-02-25 12:00:00,2025-02-25 08:00:00,0.558,0.095,HOLD,,0,-1
2025-02-25 16:00:00,2025-02-25 12:00:00,0.5538,0.095,HOLD,,0,-1
2025-02-25 20:00:00,2025-02-25 16:00:00,0.5539,0.095,HOLD,,0,-1
2025-02-26 00:00:00,2025-02-25 20:00:00,0.5506,0.095,HOLD,,0,-1
2025-02-26 04:00:00,2025-02-26 00:00:00,0.5444,0.095,HOLD,,0,-1
2025-02-26 08:00:00,2025-02-26 04:00:00,0.5459,0.095,HOLD,,0,-1
2025-02-26 12:00:00,2025-02-26 08:00:00,0.5554,0.095,HOLD,,0,-1
2025-02-26 16:00:00,2025-02-26 12:00:00,0.5589,0.095,HOLD,,0,-1
2025-02-26 20:00:00,2025-02-26 16:00:00,0.5503,0.095,HOLD,,0,-1
2025-02-27 00:00:00,2025-02-26 20:00:00,0.551,0.095,HOLD,,0,-1
2025-02-27 04:00:00,2025-02-27 00:00:00,0.5392,0.095,HOLD,,0,-1
2025-02-27 08:00:00,2025-02-27 04:00:00,0.5368,0.095,HOLD,,0,-1
2025-02-27 12:00:00,2025-02-27 08:00:00,0.5325,0.095,HOLD,,0,-1
2025-02-27 16:00:00,2025-02-27 12:00:00,0.5305,0.095,HOLD,,0,-1
2025-02-27 20:00:00,2025-02-27 16:00:00,0.5323,0.095,HOLD,,0,-1
2025-02-28 00:00:00,2025-02-27 20:00:00,0.5367,0.095,HOLD,,1,-1
2025-02-28 04:00:00,2025-02-28 00:00:00,0.5347,0.095,HOLD,,1,-1
2025-02-28 08:00:00,2025-02-28 04:00:00,0.5349,0.095,HOLD,,1,-1
2025-02-28 12:00:00,2025-02-28 08:00:00,0.5366,0.095,HOLD,,1,-1
2025-02-28 16:00:00,2025-02-28 12:00:00,0.5436,0.095,HOLD,,1,-1
2025-02-28 20:00:00,2025-02-28 16:00:00,0.5492,0.095,HOLD,,1,-1
2025-03-03 00:00:00,2025-02-28 20:00:00,0.5608,0.095,HOLD,,1,-1
2025-03-03 04:00:00,2025-03-03 00:00:00,0.5679,0.095,HOLD,,1,-1
2025-03-03 08:00:00,2025-03-03 04:00:00,0.5933,0.095,HOLD,,1,-1
2025-03-03 12:00:00,2025-03-03 08:00:00,0.6012,0.095,BUY,True,1,1
2025-03-03 16:00:00,2025-03-03 12:00:00,0.6045,0.095,BUY,True,1,1
2025-03-03 20:00:00,2025-03-03 16:00:00,0.6046,0.095,BUY,True,1,1
2025-03-04 00:00:00,2025-03-03 20:00:00,0.598,0.095,BUY,True,1,1
2025-03-04 04:00:00,2025-03-04 00:00:00,0.5754,0.095,HOLD,,1,-1
2025-03-04 08:00:00,2025-03-04 04:00:00,0.5568,0.095,HOLD,,1,-1
2025-03-04 12:00:00,2025-03-04 08:00:00,0.5436,0.095,HOLD,,1,-1
2025-03-04 16:00:00,2025-03-04 12:00:00,0.536,0.095,HOLD,,1,-1
2025-03-04 20:00:00,2025-03-04 16:00:00,0.5151,0.095,HOLD,,1,-1
2025-03-05 00:00:00,2025-03-04 20:00:00,0.4853,0.095,HOLD,,1,-1
2025-03-05 04:00:00,2025-03-05 00:00:00,0.4596,0.095,HOLD,,1,-1
2025-03-05 08:00:00,2025-03-05 04:00:00,0.44,0.095,HOLD,,1,-1
2025-03-05 12:00:00,2025-03-05 08:00:00,0.4506,0.095,HOLD,,1,-1
2025-03-05 16:00:00,2025-03-05 12:00:00,0.4541,0.095,HOLD,,1,-1
2025-03-05 20:00:00,2025-03-05 16:00:00,0.4559,0.095,HOLD,,0,-1
2025-03-06 00:00:00,2025-03-05 20:00:00,0.4445,0.095,HOLD,,0,-1
2025-03-06 04:00:00,2025-03-06 00:00:00,0.4379,0.095,HOLD,,1,-1
2025-03-06 08:00:00,2025-03-06 04:00:00,0.4252,0.095,HOLD,,1,-1
2025-03-06 12:00:00,2025-03-06 08:00:00,0.4099,0.095,HOLD,,1,-1
2025-03-06 16:00:00,2025-03-06 12:00:00,0.3946,0.095,SELL,False,1,0
2025-03-06 20:00:00,2025-03-06 16:00:00,0.3671,0.095,SELL,False,1,0
2025-03-07 00:00:00,2025-03-06 20:00:00,0.3181,0.095,SELL,False,1,0
2025-03-07 04:00:00,2025-03-07 00:00:00,0.2871,0.095,SELL,False,1,0
2025-03-07 08:00:00,2025-03-07 04:00:00,0.2582,0.095,SELL,True,0,0
2025-03-07 12:00:00,2025-03-07 08:00:00,0.2406,0.095,SELL,True,0,0
2025-03-07 16:00:00,2025-03-07 12:00:00,0.2345,0.095,SELL,True,0,0
2025-03-07 20:00:00,2025-03-07 16:00:00,0.2345,0.095,SELL,False,1,0
2025-03-10 00:00:00,2025-03-07 20:00:00,0.2272,0.095,SELL,False,1,0
2025-03-10 04:00:00,2025-03-10 00:00:00,0.2082,0.095,SELL,False,1,0
2025-03-10 08:00:00,2025-03-10 04:00:00,0.223,0.095,SELL,False,1,0
2025-03-10 12:00:00,2025-03-10 08:00:00,0.2256,0.095,SELL,False,1,0
2025-03-10 16:00:00,2025-03-10 12:00:00,0.2192,0.095,SELL,False,1,0
2025-03-10 20:00:00,2025-03-10 16:00:00,0.2364,0.095,SELL,False,1,0
2025-03-11 00:00:00,2025-03-10 20:00:00,0.2498,0.095,SELL,False,1,0
2025-03-11 04:00:00,2025-03-11 00:00:00,0.255,0.095,SELL,False,1,0
2025-03-11 08:00:00,2025-03-11 04:00:00,0.2583,0.095,SELL,False,1,0
2025-03-11 12:00:00,2025-03-11 08:00:00,0.2631,0.095,SELL,True,0,0
2025-03-11 16:00:00,2025-03-11 12:00:00,0.2729,0.095,SELL,True,0,0
2025-03-11 20:00:00,2025-03-11 16:00:00,0.2983,0.095,SELL,True,0,0
2025-03-12 00:00:00,2025-03-11 20:00:00,0.313,0.095,SELL,True,0,0
2025-03-12 04:00:00,2025-03-12 00:00:00,0.3524,0.095,SELL,True,0,0
2025-03-12 08:00:00,2025-03-12 04:00:00,0.4243,0.095,HOLD,,0,-1
2025-03-12 12:00:00,2025-03-12 08:00:00,0.4108,0.095,HOLD,,0,-1
2025-03-12 16:00:00,2025-03-12 12:00:00,0.5313,0.095,HOLD,,0,-1
2025-03-12 20:00:00,2025-03-12 16:00:00,0.4941,0.095,HOLD,,0,-1
2025-03-13 00:00:00,2025-03-12 20:00:00,0.5653,0.095,HOLD,,0,-1
2025-03-13 04:00:00,2025-03-13 00:00:00,0.5399,0.095,HOLD,,0,-1
2025-03-13 08:00:00,2025-03-13 04:00:00,0.5754,0.095,HOLD,,0,-1
2025-03-13 12:00:00,2025-03-13 08:00:00,0.5774,0.095,HOLD,,1,-1
2025-03-13 16:00:00,2025-03-13 12:00:00,0.5714,0.095,HOLD,,1,-1
2025-03-13 20:00:00,2025-03-13 16:00:00,0.5762,0.095,HOLD,,1,-1
2025-03-14 00:00:00,2025-03-13 20:00:00,0.57,0.095,HOLD,,1,-1
2025-03-14 04:00:00,2025-03-14 00:00:00,0.5527,0.095,HOLD,,1,-1
2025-03-14 08:00:00,2025-03-14 04:00:00,0.5477,0.095,HOLD,,1,-1
2025-03-14 12:00:00,2025-03-14 08:00:00,0.5625,0.095,HOLD,,1,-1
2025-03-14 16:00:00,2025-03-14 12:00:00,0.5614,0.095,HOLD,,1,-1
2025-03-14 20:00:00,2025-03-14 16:00:00,0.5397,0.095,HOLD,,1,-1
2025-03-17 00:00:00,2025-03-14 20:00:00,0.5429,0.095,HOLD,,1,-1
2025-03-17 04:00:00,2025-03-17 00:00:00,0.5475,0.095,HOLD,,1,-1
2025-03-17 08:00:00,2025-03-17 04:00:00,0.5534,0.095,HOLD,,1,-1
2025-03-17 12:00:00,2025-03-17 08:00:00,0.5581,0.095,HOLD,,1,-1
2025-03-17 16:00:00,2025-03-17 12:00:00,0.5493,0.095,HOLD,,1,-1
2025-03-17 20:00:00,2025-03-17 16:00:00,0.5469,0.095,HOLD,,1,-1
2025-03-18 00:00:00,2025-03-17 20:00:00,0.5235,0.095,HOLD,,1,-1
2025-03-18 04:00:00,2025-03-18 00:00:00,0.5077,0.095,HOLD,,1,-1
2025-03-18 08:00:00,2025-03-18 04:00:00,0.544,0.095,HOLD,,0,-1
2025-03-18 12:00:00,2025-03-18 08:00:00,0.5615,0.095,HOLD,,0,-1
2025-03-18 16:00:00,2025-03-18 12:00:00,0.5585,0.095,HOLD,,0,-1
2025-03-18 20:00:00,2025-03-18 16:00:00,0.5521,0.095,HOLD,,0,-1
2025-03-19 00:00:00,2025-03-18 20:00:00,0.5475,0.095,HOLD,,0,-1
2025-03-19 04:00:00,2025-03-19 00:00:00,0.5495,0.095,HOLD,,0,-1
2025-03-19 08:00:00,2025-03-19 04:00:00,0.5398,0.095,HOLD,,0,-1
2025-03-19 12:00:00,2025-03-19 08:00:00,0.5297,0.095,HOLD,,0,-1
2025-03-19 16:00:00,2025-03-19 12:00:00,0.5172,0.095,HOLD,,0,-1
2025-03-19 20:00:00,2025-03-19 16:00:00,0.5137,0.095,HOLD,,0,-1
2025-03-20 00:00:00,2025-03-19 20:00:00,0.5082,0.095,HOLD,,0,-1
2025-03-20 04:00:00,2025-03-20 00:00:00,0.511,0.095,HOLD,,0,-1
2025-03-20 08:00:00,2025-03-20 04:00:00,0.5085,0.095,HOLD,,0,-1
2025-03-20 12:00:00,2025-03-20 08:00:00,0.5062,0.095,HOLD,,1,-1
2025-03-20 16:00:00,2025-03-20 12:00:00,0.5063,0.095,HOLD,,0,-1
2025-03-20 20:00:00,2025-03-20 16:00:00,0.5101,0.095,HOLD,,0,-1
2025-03-21 00:00:00,2025-03-20 20:00:00,0.5071,0.095,HOLD,,0,-1
2025-03-21 04:00:00,2025-03-21 00:00:00,0.5074,0.095,HOLD,,1,-1
2025-03-21 08:00:00,2025-03-21 04:00:00,0.5087,0.095,HOLD,,1,-1
2025-03-21 12:00:00,2025-03-21 08:00:00,0.512,0.095,HOLD,,0,-1
2025-03-21 16:00:00,2025-03-21 12:00:00,0.5143,0.095,HOLD,,0,-1
2025-03-21 20:00:00,2025-03-21 16:00:00,0.5296,0.095,HOLD,,0,-1
2025-03-24 00:00:00,2025-03-21 20:00:00,0.5381,0.095,HOLD,,0,-1
2025-03-24 04:00:00,2025-03-24 00:00:00,0.5488,0.095,HOLD,,0,-1
2025-03-24 08:00:00,2025-03-24 04:00:00,0.5544,0.095,HOLD,,0,-1
2025-03-24 12:00:00,2025-03-24 08:00:00,0.5604,0.095,HOLD,,1,-1
2025-03-24 16:00:00,2025-03-24 12:00:00,0.5597,0.095,HOLD,,1,-1
2025-03-24 20:00:00,2025-03-24 16:00:00,0.5689,0.095,HOLD,,0,-1
2025-03-25 00:00:00,2025-03-24 20:00:00,0.5795,0.095,HOLD,,0,-1
2025-03-25 04:00:00,2025-03-25 00:00:00,0.5815,0.095,HOLD,,0,-1
2025-03-25 08:00:00,2025-03-25 04:00:00,0.5776,0.095,HOLD,,0,-1
2025-03-25 12:00:00,2025-03-25 08:00:00,0.5733,0.095,HOLD,,0,-1
2025-03-25 16:00:00,2025-03-25 12:00:00,0.5748,0.095,HOLD,,0,-1
2025-03-25 20:00:00,2025-03-25 16:00:00,0.5725,0.095,HOLD,,0,-1
2025-03-26 00:00:00,2025-03-25 20:00:00,0.5668,0.095,HOLD,,0,-1
2025-03-26 04:00:00,2025-03-26 00:00:00,0.566,0.095,HOLD,,0,-1
2025-03-26 08:00:00,2025-03-26 04:00:00,0.5607,0.095,HOLD,,0,-1
2025-03-26 12:00:00,2025-03-26 08:00:00,0.5537,0.095,HOLD,,1,-1
2025-03-26 16:00:00,2025-03-26 12:00:00,0.5554,0.095,HOLD,,1,-1
2025-03-26 20:00:00,2025-03-26 16:00:00,0.5478,0.095,HOLD,,1,-1
2025-03-27 00:00:00,2025-03-26 20:00:00,0.5435,0.095,HOLD,,1,-1
2025-03-27 04:00:00,2025-03-27 00:00:00,0.5374,0.095,HOLD,,1,-1
2025-03-27 08:00:00,2025-03-27 04:00:00,0.5542,0.095,HOLD,,1,-1
2025-03-27 12:00:00,2025-03-27 08:00:00,0.5477,0.095,HOLD,,1,-1
2025-03-27 16:00:00,2025-03-27 12:00:00,0.5446,0.095,HOLD,,1,-1
2025-03-27 20:00:00,2025-03-27 16:00:00,0.5349,0.095,HOLD,,1,-1
2025-03-28 00:00:00,2025-03-27 20:00:00,0.5338,0.095,HOLD,,1,-1
2025-03-28 04:00:00,2025-03-28 00:00:00,0.5473,0.095,HOLD,,1,-1
2025-03-28 08:00:00,2025-03-28 04:00:00,0.5582,0.095,HOLD,,1,-1
2025-03-28 12:00:00,2025-03-28 08:00:00,0.5613,0.095,HOLD,,0,-1
2025-03-28 16:00:00,2025-03-28 12:00:00,0.5568,0.095,HOLD,,0,-1
2025-03-28 20:00:00,2025-03-28 16:00:00,0.562,0.095,HOLD,,0,-1
2025-03-31 00:00:00,2025-03-28 20:00:00,0.5493,0.095,HOLD,,0,-1
2025-03-31 04:00:00,2025-03-31 00:00:00,0.5487,0.095,HOLD,,0,-1
2025-03-31 08:00:00,2025-03-31 04:00:00,0.5446,0.095,HOLD,,0,-1
2025-03-31 12:00:00,2025-03-31 08:00:00,0.5363,0.095,HOLD,,0,-1
2025-03-31 16:00:00,2025-03-31 12:00:00,0.537,0.095,HOLD,,0,-1
2025-03-31 20:00:00,2025-03-31 16:00:00,0.5274,0.095,HOLD,,0,-1
2025-04-01 00:00:00,2025-03-31 20:00:00,0.5214,0.095,HOLD,,0,-1
2025-04-01 04:00:00,2025-04-01 00:00:00,0.5172,0.095,HOLD,,0,-1
2025-04-01 08:00:00,2025-04-01 04:00:00,0.515,0.095,HOLD,,0,-1
2025-04-01 12:00:00,2025-04-01 08:00:00,0.5163,0.095,HOLD,,1,-1
2025-04-01 16:00:00,2025-04-01 12:00:00,0.5237,0.095,HOLD,,1,-1
2025-04-01 20:00:00,2025-04-01 16:00:00,0.5251,0.095,HOLD,,1,-1
2025-04-02 00:00:00,2025-04-01 20:00:00,0.5312,0.095,HOLD,,1,-1
2025-04-02 04:00:00,2025-04-02 00:00:00,0.526,0.095,HOLD,,1,-1
2025-04-02 08:00:00,2025-04-02 04:00:00,0.5322,0.095,HOLD,,1,-1
2025-04-02 12:00:00,2025-04-02 08:00:00,0.5332,0.095,HOLD,,1,-1
2025-04-02 16:00:00,2025-04-02 12:00:00,0.5344,0.095,HOLD,,1,-1
2025-04-02 20:00:00,2025-04-02 16:00:00,0.5324,0.095,HOLD,,1,-1
2025-04-03 00:00:00,2025-04-02 20:00:00,0.5222,0.095,HOLD,,1,-1
2025-04-03 04:00:00,2025-04-03 00:00:00,0.5104,0.095,HOLD,,1,-1
2025-04-03 08:00:00,2025-04-03 04:00:00,0.4951,0.095,HOLD,,0,-1
2025-04-03 12:00:00,2025-04-03 08:00:00,0.4913,0.095,HOLD,,0,-1
2025-04-03 16:00:00,2025-04-03 12:00:00,0.4951,0.095,HOLD,,0,-1
2025-04-03 20:00:00,2025-04-03 16:00:00,0.4866,0.095,HOLD,,0,-1
2025-04-04 00:00:00,2025-04-03 20:00:00,0.4842,0.095,HOLD,,0,-1
2025-04-04 04:00:00,2025-04-04 00:00:00,0.4836,0.095,HOLD,,0,-1
2025-04-04 08:00:00,2025-04-04 04:00:00,0.4835,0.095,HOLD,,0,-1
2025-04-04 12:00:00,2025-04-04 08:00:00,0.4857,0.095,HOLD,,0,-1
2025-04-04 16:00:00,2025-04-04 12:00:00,0.4916,0.095,HOLD,,0,-1
2025-04-04 20:00:00,2025-04-04 16:00:00,0.4901,0.095,HOLD,,0,-1
2025-04-07 00:00:00,2025-04-04 20:00:00,0.4923,0.095,HOLD,,0,-1
2025-04-07 04:00:00,2025-04-07 00:00:00,0.5033,0.095,HOLD,,0,-1
2025-04-07 08:00:00,2025-04-07 04:00:00,0.5223,0.095,HOLD,,0,-1
2025-04-07 12:00:00,2025-04-07 08:00:00,0.5415,0.095,HOLD,,0,-1
2025-04-07 16:00:00,2025-04-07 12:00:00,0.5657,0.095,HOLD,,0,-1
2025-04-07 20:00:00,2025-04-07 16:00:00,0.5767,0.095,HOLD,,1,-1
2025-04-08 00:00:00,2025-04-07 20:00:00,0.5903,0.095,HOLD,,1,-1
2025-04-08 04:00:00,2025-04-08 00:00:00,0.5878,0.095,HOLD,,1,-1
2025-04-08 08:00:00,2025-04-08 04:00:00,0.5836,0.095,HOLD,,1,-1
2025-04-08 12:00:00,2025-04-08 08:00:00,0.5876,0.095,HOLD,,1,-1
2025-04-08 16:00:00,2025-04-08 12:00:00,0.5957,0.095,BUY,True,1,1
2025-04-08 20:00:00,2025-04-08 16:00:00,0.6128,0.095,BUY,False,0,1
2025-04-09 00:00:00,2025-04-08 20:00:00,0.6119,0.095,BUY,False,0,1
2025-04-09 04:00:00,2025-04-09 00:00:00,0.6175,0.095,BUY,False,0,1
2025-04-09 08:00:00,2025-04-09 04:00:00,0.6169,0.095,BUY,True,1,1
2025-04-09 12:00:00,2025-04-09 08:00:00,0.6119,0.095,BUY,True,1,1
2025-04-09 16:00:00,2025-04-09 12:00:00,0.6039,0.095,BUY,True,1,1
2025-04-09 20:00:00,2025-04-09 16:00:00,0.5937,0.095,HOLD,,1,-1
2025-04-10 00:00:00,2025-04-09 20:00:00,0.5674,0.095,HOLD,,1,-1
2025-04-10 04:00:00,2025-04-10 00:00:00,0.5226,0.095,HOLD,,1,-1
2025-04-10 08:00:00,2025-04-10 04:00:00,0.5203,0.095,HOLD,,1,-1
2025-04-10 12:00:00,2025-04-10 08:00:00,0.4636,0.095,HOLD,,1,-1
2025-04-10 16:00:00,2025-04-10 12:00:00,0.438,0.095,HOLD,,1,-1
2025-04-10 20:00:00,2025-04-10 16:00:00,0.4398,0.095,HOLD,,1,-1
2025-04-11 00:00:00,2025-04-10 20:00:00,0.4301,0.095,HOLD,,1,-1
2025-04-11 04:00:00,2025-04-11 00:00:00,0.4224,0.095,HOLD,,1,-1
2025-04-11 08:00:00,2025-04-11 04:00:00,0.416,0.095,HOLD,,0,-1
2025-04-11 12:00:00,2025-04-11 08:00:00,0.3959,0.095,SELL,True,0,0
2025-04-11 16:00:00,2025-04-11 12:00:00,0.4115,0.095,HOLD,,1,-1
2025-04-11 20:00:00,2025-04-11 16:00:00,0.3956,0.095,SELL,True,0,0
2025-04-14 00:00:00,2025-04-11 20:00:00,0.3894,0.095,SELL,True,0,0
2025-04-14 04:00:00,2025-04-14 00:00:00,0.3811,0.095,SELL,True,0,0
2025-04-14 08:00:00,2025-04-14 04:00:00,0.3511,0.095,SELL,True,0,0
2025-04-14 12:00:00,2025-04-14 08:00:00,0.3616,0.095,SELL,True,0,0
2025-04-14 16:00:00,2025-04-14 12:00:00,0.375,0.095,SELL,True,0,0
2025-04-14 20:00:00,2025-04-14 16:00:00,0.3579,0.095,SELL,True,0,0
2025-04-15 00:00:00,2025-04-14 20:00:00,0.3177,0.095,SELL,True,0,0
2025-04-15 04:00:00,2025-04-15 00:00:00,0.2514,0.095,SELL,True,0,0
2025-04-15 08:00:00,2025-04-15 04:00:00,0.242,0.095,SELL,False,1,0
2025-04-15 12:00:00,2025-04-15 08:00:00,0.276,0.095,SELL,False,1,0
2025-04-15 16:00:00,2025-04-15 12:00:00,0.2831,0.095,SELL,False,1,0
2025-04-15 20:00:00,2025-04-15 16:00:00,0.2289,0.095,SELL,False,1,0
2025-04-16 00:00:00,2025-04-15 20:00:00,0.2258,0.095,SELL,False,1,0
2025-04-16 04:00:00,2025-04-16 00:00:00,0.2268,0.095,SELL,False,1,0
2025-04-16 08:00:00,2025-04-16 04:00:00,0.2728,0.095,SELL,False,1,0
2025-04-16 12:00:00,2025-04-16 08:00:00,0.35,0.095,SELL,False,1,0
2025-04-16 16:00:00,2025-04-16 12:00:00,0.3586,0.095,SELL,True,0,0
2025-04-16 20:00:00,2025-04-16 16:00:00,0.3697,0.095,SELL,True,0,0
2025-04-17 00:00:00,2025-04-16 20:00:00,0.3898,0.095,SELL,False,1,0
2025-04-17 04:00:00,2025-04-17 00:00:00,0.4136,0.095,HOLD,,1,-1
2025-04-17 08:00:00,2025-04-17 04:00:00,0.5445,0.095,HOLD,,0,-1
2025-04-17 12:00:00,2025-04-17 08:00:00,0.5667,0.095,HOLD,,1,-1
2025-04-17 16:00:00,2025-04-17 12:00:00,0.5583,0.095,HOLD,,1,-1
2025-04-17 20:00:00,2025-04-17 16:00:00,0.6105,0.095,BUY,True,1,1
2025-04-18 00:00:00,2025-04-17 20:00:00,0.6145,0.095,BUY,True,1,1
2025-04-18 04:00:00,2025-04-18 00:00:00,0.6555,0.095,BUY,True,1,1
2025-04-18 08:00:00,2025-04-18 04:00:00,0.6074,0.095,BUY,True,1,1
2025-04-18 12:00:00,2025-04-18 08:00:00,0.53,0.095,HOLD,,1,-1
2025-04-18 16:00:00,2025-04-18 12:00:00,0.5049,0.095,HOLD,,1,-1
2025-04-18 20:00:00,2025-04-18 16:00:00,0.5443,0.095,HOLD,,1,-1
2025-04-21 00:00:00,2025-04-18 20:00:00,0.5061,0.095,HOLD,,1,-1
2025-04-21 04:00:00,2025-04-21 00:00:00,0.466,0.095,HOLD,,1,-1
2025-04-21 08:00:00,2025-04-21 04:00:00,0.5039,0.095,HOLD,,0,-1
2025-04-21 12:00:00,2025-04-21 08:00:00,0.5045,0.095,HOLD,,0,-1
2025-04-21 16:00:00,2025-04-21 12:00:00,0.4792,0.095,HOLD,,0,-1
2025-04-21 20:00:00,2025-04-21 16:00:00,0.4839,0.095,HOLD,,0,-1
2025-04-22 00:00:00,2025-04-21 20:00:00,0.4364,0.095,HOLD,,0,-1
2025-04-22 04:00:00,2025-04-22 00:00:00,0.3967,0.095,SELL,True,0,0
2025-04-22 08:00:00,2025-04-22 04:00:00,0.3834,0.095,SELL,True,0,0
2025-04-22 12:00:00,2025-04-22 08:00:00,0.3899,0.095,SELL,True,0,0
2025-04-22 16:00:00,2025-04-22 12:00:00,0.3808,0.095,SELL,True,0,0
2025-04-22 20:00:00,2025-04-22 16:00:00,0.3677,0.095,SELL,True,0,0
2025-04-23 00:00:00,2025-04-22 20:00:00,0.3525,0.095,SELL,True,0,0
2025-04-23 04:00:00,2025-04-23 00:00:00,0.3099,0.095,SELL,True,0,0
2025-04-23 08:00:00,2025-04-23 04:00:00,0.3501,0.095,SELL,True,0,0
2025-04-23 12:00:00,2025-04-23 08:00:00,0.4377,0.095,HOLD,,0,-1
2025-04-23 16:00:00,2025-04-23 12:00:00,0.4769,0.095,HOLD,,1,-1
2025-04-23 20:00:00,2025-04-23 16:00:00,0.5126,0.095,HOLD,,1,-1
2025-04-24 00:00:00,2025-04-23 20:00:00,0.5366,0.095,HOLD,,1,-1
2025-04-24 04:00:00,2025-04-24 00:00:00,0.5705,0.095,HOLD,,0,-1
2025-04-24 08:00:00,2025-04-24 04:00:00,0.6075,0.095,BUY,False,0,1
2025-04-24 12:00:00,2025-04-24 08:00:00,0.6234,0.095,BUY,False,0,1
2025-04-24 16:00:00,2025-04-24 12:00:00,0.6131,0.095,BUY,False,0,1
2025-04-24 20:00:00,2025-04-24 16:00:00,0.611,0.095,BUY,False,0,1
2025-04-25 00:00:00,2025-04-24 20:00:00,0.6071,0.095,BUY,True,1,1
2025-04-25 04:00:00,2025-04-25 00:00:00,0.5992,0.095,BUY,True,1,1
2025-04-25 08:00:00,2025-04-25 04:00:00,0.5854,0.095,HOLD,,0,-1
2025-04-25 12:00:00,2025-04-25 08:00:00,0.579,0.095,HOLD,,0,-1
2025-04-25 16:00:00,2025-04-25 12:00:00,0.5766,0.095,HOLD,,1,-1
2025-04-25 20:00:00,2025-04-25 16:00:00,0.5651,0.095,HOLD,,1,-1
2025-04-28 00:00:00,2025-04-25 20:00:00,0.5536,0.095,HOLD,,1,-1
2025-04-28 04:00:00,2025-04-28 00:00:00,0.551,0.095,HOLD,,1,-1
2025-04-28 08:00:00,2025-04-28 04:00:00,0.5378,0.095,HOLD,,1,-1
2025-04-28 12:00:00,2025-04-28 08:00:00,0.5265,0.095,HOLD,,1,-1
2025-04-28 16:00:00,2025-04-28 12:00:00,0.5256,0.095,HOLD,,0,-1
2025-04-28 20:00:00,2025-04-28 16:00:00,0.5352,0.095,HOLD,,0,-1
2025-04-29 00:00:00,2025-04-28 20:00:00,0.5396,0.095,HOLD,,0,-1
2025-04-29 04:00:00,2025-04-29 00:00:00,0.5522,0.095,HOLD,,0,-1
2025-04-29 08:00:00,2025-04-29 04:00:00,0.5536,0.095,HOLD,,0,-1
2025-04-29 12:00:00,2025-04-29 08:00:00,0.5537,0.095,HOLD,,0,-1
2025-04-29 16:00:00,2025-04-29 12:00:00,0.5529,0.095,HOLD,,0,-1
2025-04-29 20:00:00,2025-04-29 16:00:00,0.5528,0.095,HOLD,,0,-1
2025-04-30 00:00:00,2025-04-29 20:00:00,0.5453,0.095,HOLD,,0,-1
2025-04-30 04:00:00,2025-04-30 00:00:00,0.5422,0.095,HOLD,,0,-1
2025-04-30 08:00:00,2025-04-30 04:00:00,0.5584,0.095,HOLD,,0,-1
2025-04-30 12:00:00,2025-04-30 08:00:00,0.569,0.095,HOLD,,0,-1
2025-04-30 16:00:00,2025-04-30 12:00:00,0.5715,0.095,HOLD,,0,-1
2025-04-30 20:00:00,2025-04-30 16:00:00,0.5669,0.095,HOLD,,0,-1
2025-05-01 00:00:00,2025-04-30 20:00:00,0.5538,0.095,HOLD,,0,-1
2025-05-01 04:00:00,2025-05-01 00:00:00,0.5407,0.095,HOLD,,1,-1
2025-05-01 08:00:00,2025-05-01 04:00:00,0.5303,0.095,HOLD,,1,-1
2025-05-01 12:00:00,2025-05-01 08:00:00,0.5324,0.095,HOLD,,1,-1
2025-05-01 16:00:00,2025-05-01 12:00:00,0.5335,0.095,HOLD,,1,-1
2025-05-01 20:00:00,2025-05-01 16:00:00,0.5344,0.095,HOLD,,1,-1
2025-05-02 00:00:00,2025-05-01 20:00:00,0.5321,0.095,HOLD,,1,-1
2025-05-02 04:00:00,2025-05-02 00:00:00,0.532,0.095,HOLD,,1,-1
2025-05-02 08:00:00,2025-05-02 04:00:00,0.5279,0.095,HOLD,,0,-1
2025-05-02 12:00:00,2025-05-02 08:00:00,0.5288,0.095,HOLD,,1,-1
2025-05-02 16:00:00,2025-05-02 12:00:00,0.5223,0.095,HOLD,,0,-1
2025-05-02 20:00:00,2025-05-02 16:00:00,0.5241,0.095,HOLD,,1,-1
2025-05-05 00:00:00,2025-05-02 20:00:00,0.5238,0.095,HOLD,,0,-1
2025-05-05 04:00:00,2025-05-05 00:00:00,0.5324,0.095,HOLD,,0,-1
2025-05-05 08:00:00,2025-05-05 04:00:00,0.5335,0.095,HOLD,,1,-1
2025-05-05 12:00:00,2025-05-05 08:00:00,0.5268,0.095,HOLD,,0,-1
2025-05-05 16:00:00,2025-05-05 12:00:00,0.5227,0.095,HOLD,,1,-1
2025-05-05 20:00:00,2025-05-05 16:00:00,0.5095,0.095,HOLD,,1,-1
2025-05-06 00:00:00,2025-05-05 20:00:00,0.5088,0.095,HOLD,,1,-1
2025-05-06 04:00:00,2025-05-06 00:00:00,0.5146,0.095,HOLD,,1,-1
2025-05-06 08:00:00,2025-05-06 04:00:00,0.5064,0.095,HOLD,,1,-1
2025-05-06 12:00:00,2025-05-06 08:00:00,0.4874,0.095,HOLD,,1,-1
2025-05-06 16:00:00,2025-05-06 12:00:00,0.4679,0.095,HOLD,,0,-1
2025-05-06 20:00:00,2025-05-06 16:00:00,0.4644,0.095,HOLD,,0,-1
2025-05-07 00:00:00,2025-05-06 20:00:00,0.4632,0.095,HOLD,,0,-1
2025-05-07 04:00:00,2025-05-07 00:00:00,0.4637,0.095,HOLD,,0,-1
2025-05-07 08:00:00,2025-05-07 04:00:00,0.4598,0.095,HOLD,,0,-1
2025-05-07 12:00:00,2025-05-07 08:00:00,0.4554,0.095,HOLD,,0,-1
2025-05-07 16:00:00,2025-05-07 12:00:00,0.4571,0.095,HOLD,,0,-1
2025-05-07 20:00:00,2025-05-07 16:00:00,0.4551,0.095,HOLD,,0,-1
2025-05-08 00:00:00,2025-05-07 20:00:00,0.447,0.095,HOLD,,0,-1
2025-05-08 04:00:00,2025-05-08 00:00:00,0.4363,0.095,HOLD,,0,-1
2025-05-08 08:00:00,2025-05-08 04:00:00,0.423,0.095,HOLD,,0,-1
2025-05-08 12:00:00,2025-05-08 08:00:00,0.4171,0.095,HOLD,,0,-1
2025-05-08 16:00:00,2025-05-08 12:00:00,0.4169,0.095,HOLD,,1,-1
2025-05-08 20:00:00,2025-05-08 16:00:00,0.4243,0.095,HOLD,,1,-1
2025-05-09 00:00:00,2025-05-08 20:00:00,0.441,0.095,HOLD,,1,-1
2025-05-09 04:00:00,2025-05-09 00:00:00,0.453,0.095,HOLD,,0,-1
2025-05-09 08:00:00,2025-05-09 04:00:00,0.4577,0.095,HOLD,,0,-1
2025-05-09 12:00:00,2025-05-09 08:00:00,0.4566,0.095,HOLD,,0,-1
2025-05-09 16:00:00,2025-05-09 12:00:00,0.4494,0.095,HOLD,,0,-1
2025-05-09 20:00:00,2025-05-09 16:00:00,0.4585,0.095,HOLD,,0,-1
2025-05-12 00:00:00,2025-05-09 20:00:00,0.4672,0.095,HOLD,,0,-1
2025-05-12 04:00:00,2025-05-12 00:00:00,0.4777,0.095,HOLD,,0,-1
2025-05-12 08:00:00,2025-05-12 04:00:00,0.4884,0.095,HOLD,,0,-1
2025-05-12 12:00:00,2025-05-12 08:00:00,0.5329,0.095,HOLD,,1,-1
2025-05-12 16:00:00,2025-05-12 12:00:00,0.5375,0.095,HOLD,,1,-1
2025-05-12 20:00:00,2025-05-12 16:00:00,0.5841,0.095,HOLD,,1,-1
2025-05-13 00:00:00,2025-05-12 20:00:00,0.6003,0.095,BUY,True,1,1
2025-05-13 04:00:00,2025-05-13 00:00:00,0.5966,0.095,BUY,True,1,1
2025-05-13 08:00:00,2025-05-13 04:00:00,0.6037,0.095,BUY,True,1,1
2025-05-13 12:00:00,2025-05-13 08:00:00,0.5918,0.095,HOLD,,1,-1
2025-05-13 16:00:00,2025-05-13 12:00:00,0.5857,0.095,HOLD,,1,-1
2025-05-13 20:00:00,2025-05-13 16:00:00,0.5675,0.095,HOLD,,0,-1
2025-05-14 00:00:00,2025-05-13 20:00:00,0.5557,0.095,HOLD,,0,-1
2025-05-14 04:00:00,2025-05-14 00:00:00,0.5475,0.095,HOLD,,1,-1
2025-05-14 08:00:00,2025-05-14 04:00:00,0.5303,0.095,HOLD,,0,-1
2025-05-14 12:00:00,2025-05-14 08:00:00,0.506,0.095,HOLD,,0,-1
2025-05-14 16:00:00,2025-05-14 12:00:00,0.5093,0.095,HOLD,,0,-1
2025-05-14 20:00:00,2025-05-14 16:00:00,0.5031,0.095,HOLD,,1,-1
2025-05-15 00:00:00,2025-05-14 20:00:00,0.4858,0.095,HOLD,,1,-1
2025-05-15 04:00:00,2025-05-15 00:00:00,0.4679,0.095,HOLD,,1,-1
2025-05-15 08:00:00,2025-05-15 04:00:00,0.4626,0.095,HOLD,,0,-1
2025-05-15 12:00:00,2025-05-15 08:00:00,0.4723,0.095,HOLD,,0,-1
2025-05-15 16:00:00,2025-05-15 12:00:00,0.4827,0.095,HOLD,,0,-1
2025-05-15 20:00:00,2025-05-15 16:00:00,0.4966,0.095,HOLD,,0,-1
2025-05-16 00:00:00,2025-05-15 20:00:00,0.5105,0.095,HOLD,,0,-1
2025-05-16 04:00:00,2025-05-16 00:00:00,0.5183,0.095,HOLD,,0,-1
2025-05-16 08:00:00,2025-05-16 04:00:00,0.5238,0.095,HOLD,,1,-1
2025-05-16 12:00:00,2025-05-16 08:00:00,0.5277,0.095,HOLD,,1,-1
2025-05-16 16:00:00,2025-05-16 12:00:00,0.529,0.095,HOLD,,1,-1
2025-05-16 20:00:00,2025-05-16 16:00:00,0.5369,0.095,HOLD,,1,-1
2025-05-19 00:00:00,2025-05-16 20:00:00,0.5354,0.095,HOLD,,1,-1
2025-05-19 04:00:00,2025-05-19 00:00:00,0.5336,0.095,HOLD,,1,-1
2025-05-19 08:00:00,2025-05-19 04:00:00,0.5305,0.095,HOLD,,1,-1
2025-05-19 12:00:00,2025-05-19 08:00:00,0.5203,0.095,HOLD,,0,-1
2025-05-19 16:00:00,2025-05-19 12:00:00,0.5173,0.095,HOLD,,1,-1
2025-05-19 20:00:00,2025-05-19 16:00:00,0.5036,0.095,HOLD,,1,-1
2025-05-20 00:00:00,2025-05-19 20:00:00,0.5029,0.095,HOLD,,1,-1
2025-05-20 04:00:00,2025-05-20 00:00:00,0.5302,0.095,HOLD,,1,-1
2025-05-20 08:00:00,2025-05-20 04:00:00,0.5193,0.095,HOLD,,1,-1
2025-05-20 12:00:00,2025-05-20 08:00:00,0.5017,0.095,HOLD,,1,-1
2025-05-20 16:00:00,2025-05-20 12:00:00,0.4976,0.095,HOLD,,1,-1
2025-05-20 20:00:00,2025-05-20 16:00:00,0.5009,0.095,HOLD,,1,-1
2025-05-21 00:00:00,2025-05-20 20:00:00,0.5419,0.095,HOLD,,1,-1
2025-05-21 04:00:00,2025-05-21 00:00:00,0.5525,0.095,HOLD,,1,-1
2025-05-21 08:00:00,2025-05-21 04:00:00,0.561,0.095,HOLD,,0,-1
2025-05-21 12:00:00,2025-05-21 08:00:00,0.5549,0.095,HOLD,,0,-1
2025-05-21 16:00:00,2025-05-21 12:00:00,0.5558,0.095,HOLD,,0,-1
2025-05-21 20:00:00,2025-05-21 16:00:00,0.5412,0.095,HOLD,,0,-1
2025-05-22 00:00:00,2025-05-21 20:00:00,0.5201,0.095,HOLD,,0,-1
2025-05-22 04:00:00,2025-05-22 00:00:00,0.4975,0.095,HOLD,,0,-1
2025-05-22 08:00:00,2025-05-22 04:00:00,0.4785,0.095,HOLD,,1,-1
2025-05-22 12:00:00,2025-05-22 08:00:00,0.4558,0.095,HOLD,,1,-1
2025-05-22 16:00:00,2025-05-22 12:00:00,0.4467,0.095,HOLD,,1,-1
2025-05-22 20:00:00,2025-05-22 16:00:00,0.4441,0.095,HOLD,,1,-1
2025-05-23 00:00:00,2025-05-22 20:00:00,0.4381,0.095,HOLD,,1,-1
2025-05-23 04:00:00,2025-05-23 00:00:00,0.4364,0.095,HOLD,,1,-1
2025-05-23 08:00:00,2025-05-23 04:00:00,0.4409,0.095,HOLD,,1,-1
2025-05-23 12:00:00,2025-05-23 08:00:00,0.4462,0.095,HOLD,,1,-1
2025-05-23 16:00:00,2025-05-23 12:00:00,0.4469,0.095,HOLD,,1,-1
2025-05-23 20:00:00,2025-05-23 16:00:00,0.4646,0.095,HOLD,,1,-1
2025-05-26 00:00:00,2025-05-23 20:00:00,0.475,0.095,HOLD,,1,-1
2025-05-26 04:00:00,2025-05-26 00:00:00,0.5099,0.095,HOLD,,0,-1
2025-05-26 08:00:00,2025-05-26 04:00:00,0.483,0.095,HOLD,,0,-1
2025-05-26 12:00:00,2025-05-26 08:00:00,0.477,0.095,HOLD,,0,-1
2025-05-26 16:00:00,2025-05-26 12:00:00,0.4553,0.095,HOLD,,0,-1
2025-05-26 20:00:00,2025-05-26 16:00:00,0.5367,0.095,HOLD,,0,-1
2025-05-27 00:00:00,2025-05-26 20:00:00,0.5367,0.095,HOLD,,0,-1
2025-05-27 04:00:00,2025-05-27 00:00:00,0.5148,0.095,HOLD,,0,-1
2025-05-27 08:00:00,2025-05-27 04:00:00,0.4916,0.095,HOLD,,0,-1
2025-05-27 12:00:00,2025-05-27 08:00:00,0.4821,0.095,HOLD,,0,-1
2025-05-27 16:00:00,2025-05-27 12:00:00,0.5166,0.095,HOLD,,0,-1
2025-05-27 20:00:00,2025-05-27 16:00:00,0.5195,0.095,HOLD,,0,-1
2025-05-28 00:00:00,2025-05-27 20:00:00,0.4917,0.095,HOLD,,0,-1
2025-05-28 04:00:00,2025-05-28 00:00:00,0.526,0.095,HOLD,,0,-1
2025-05-28 08:00:00,2025-05-28 04:00:00,0.5309,0.095,HOLD,,0,-1
2025-05-28 12:00:00,2025-05-28 08:00:00,0.5305,0.095,HOLD,,1,-1
2025-05-28 16:00:00,2025-05-28 12:00:00,0.5351,0.095,HOLD,,1,-1
2025-05-28 20:00:00,2025-05-28 16:00:00,0.5452,0.095,HOLD,,1,-1
2025-05-29 00:00:00,2025-05-28 20:00:00,0.5562,0.095,HOLD,,1,-1
2025-05-29 04:00:00,2025-05-29 00:00:00,0.5687,0.095,HOLD,,1,-1
2025-05-29 08:00:00,2025-05-29 04:00:00,0.5807,0.095,HOLD,,1,-1
2025-05-29 12:00:00,2025-05-29 08:00:00,0.5829,0.095,HOLD,,0,-1
2025-05-29 16:00:00,2025-05-29 12:00:00,0.5935,0.095,HOLD,,0,-1
2025-05-29 20:00:00,2025-05-29 16:00:00,0.5763,0.095,HOLD,,0,-1
2025-05-30 00:00:00,2025-05-29 20:00:00,0.5772,0.095,HOLD,,0,-1
2025-05-30 04:00:00,2025-05-30 00:00:00,0.5583,0.095,HOLD,,1,-1
2025-05-30 08:00:00,2025-05-30 04:00:00,0.5461,0.095,HOLD,,1,-1
2025-05-30 12:00:00,2025-05-30 08:00:00,0.551,0.095,HOLD,,1,-1
2025-05-30 16:00:00,2025-05-30 12:00:00,0.5587,0.095,HOLD,,1,-1
2025-05-30 20:00:00,2025-05-30 16:00:00,0.5693,0.095,HOLD,,1,-1
2025-06-02 00:00:00,2025-05-30 20:00:00,0.5648,0.095,HOLD,,1,-1
2025-06-02 04:00:00,2025-06-02 00:00:00,0.5622,0.095,HOLD,,1,-1
2025-06-02 08:00:00,2025-06-02 04:00:00,0.5817,0.095,HOLD,,0,-1
2025-06-02 12:00:00,2025-06-02 08:00:00,0.5858,0.095,HOLD,,0,-1
2025-06-02 16:00:00,2025-06-02 12:00:00,0.5734,0.095,HOLD,,0,-1
2025-06-02 20:00:00,2025-06-02 16:00:00,0.5447,0.095,HOLD,,0,-1
2025-06-03 00:00:00,2025-06-02 20:00:00,0.5264,0.095,HOLD,,0,-1
2025-06-03 04:00:00,2025-06-03 00:00:00,0.5083,0.095,HOLD,,0,-1
2025-06-03 08:00:00,2025-06-03 04:00:00,0.4885,0.095,HOLD,,0,-1
2025-06-03 12:00:00,2025-06-03 08:00:00,0.4696,0.095,HOLD,,1,-1
2025-06-03 16:00:00,2025-06-03 12:00:00,0.447,0.095,HOLD,,1,-1
2025-06-03 20:00:00,2025-06-03 16:00:00,0.4323,0.095,HOLD,,1,-1
2025-06-04 00:00:00,2025-06-03 20:00:00,0.4273,0.095,HOLD,,1,-1
2025-06-04 04:00:00,2025-06-04 00:00:00,0.4235,0.095,HOLD,,1,-1
2025-06-04 08:00:00,2025-06-04 04:00:00,0.4293,0.095,HOLD,,1,-1
2025-06-04 12:00:00,2025-06-04 08:00:00,0.4288,0.095,HOLD,,1,-1
2025-06-04 16:00:00,2025-06-04 12:00:00,0.4194,0.095,HOLD,,1,-1
2025-06-04 20:00:00,2025-06-04 16:00:00,0.4336,0.095,HOLD,,1,-1
2025-06-05 00:00:00,2025-06-04 20:00:00,0.4203,0.095,HOLD,,1,-1
2025-06-05 04:00:00,2025-06-05 00:00:00,0.409,0.095,HOLD,,1,-1
2025-06-05 08:00:00,2025-06-05 04:00:00,0.4159,0.095,HOLD,,1,-1
2025-06-05 12:00:00,2025-06-05 08:00:00,0.4313,0.095,HOLD,,0,-1
2025-06-05 16:00:00,2025-06-05 12:00:00,0.4275,0.095,HOLD,,0,-1
2025-06-05 20:00:00,2025-06-05 16:00:00,0.4132,0.095,HOLD,,0,-1
2025-06-06 00:00:00,2025-06-05 20:00:00,0.4963,0.095,HOLD,,0,-1
2025-06-06 04:00:00,2025-06-06 00:00:00,0.5806,0.095,HOLD,,0,-1
2025-06-06 08:00:00,2025-06-06 04:00:00,0.564,0.095,HOLD,,1,-1
2025-06-06 12:00:00,2025-06-06 08:00:00,0.5237,0.095,HOLD,,1,-1
2025-06-06 16:00:00,2025-06-06 12:00:00,0.5686,0.095,HOLD,,1,-1
2025-06-06 20:00:00,2025-06-06 16:00:00,0.5732,0.095,HOLD,,1,-1
2025-06-09 00:00:00,2025-06-06 20:00:00,0.5595,0.095,HOLD,,1,-1
2025-06-09 04:00:00,2025-06-09 00:00:00,0.4977,0.095,HOLD,,0,-1
2025-06-09 08:00:00,2025-06-09 04:00:00,0.5091,0.095,HOLD,,0,-1
2025-06-09 12:00:00,2025-06-09 08:00:00,0.4823,0.095,HOLD,,1,-1
2025-06-09 16:00:00,2025-06-09 12:00:00,0.4857,0.095,HOLD,,0,-1
2025-06-09 20:00:00,2025-06-09 16:00:00,0.4923,0.095,HOLD,,1,-1
2025-06-10 00:00:00,2025-06-09 20:00:00,0.5074,0.095,HOLD,,0,-1
2025-06-10 04:00:00,2025-06-10 00:00:00,0.5205,0.095,HOLD,,1,-1
2025-06-10 08:00:00,2025-06-10 04:00:00,0.5337,0.095,HOLD,,1,-1
2025-06-10 12:00:00,2025-06-10 08:00:00,0.5361,0.095,HOLD,,1,-1
2025-06-10 16:00:00,2025-06-10 12:00:00,0.5346,0.095,HOLD,,1,-1
2025-06-10 20:00:00,2025-06-10 16:00:00,0.5309,0.095,HOLD,,1,-1
2025-06-11 00:00:00,2025-06-10 20:00:00,0.5243,0.095,HOLD,,1,-1
2025-06-11 04:00:00,2025-06-11 00:00:00,0.5133,0.095,HOLD,,1,-1
2025-06-11 08:00:00,2025-06-11 04:00:00,0.5106,0.095,HOLD,,1,-1
2025-06-11 12:00:00,2025-06-11 08:00:00,0.5134,0.095,HOLD,,1,-1
2025-06-11 16:00:00,2025-06-11 12:00:00,0.5091,0.095,HOLD,,1,-1
2025-06-11 20:00:00,2025-06-11 16:00:00,0.4984,0.095,HOLD,,1,-1
2025-06-12 00:00:00,2025-06-11 20:00:00,0.5013,0.095,HOLD,,1,-1
2025-06-12 04:00:00,2025-06-12 00:00:00,0.5058,0.095,HOLD,,1,-1
2025-06-12 08:00:00,2025-06-12 04:00:00,0.4964,0.095,HOLD,,0,-1
2025-06-12 12:00:00,2025-06-12 08:00:00,0.4897,0.095,HOLD,,0,-1
2025-06-12 16:00:00,2025-06-12 12:00:00,0.4866,0.095,HOLD,,0,-1
2025-06-12 20:00:00,2025-06-12 16:00:00,0.4745,0.095,HOLD,,0,-1
2025-06-13 00:00:00,2025-06-12 20:00:00,0.4668,0.095,HOLD,,0,-1
2025-06-13 04:00:00,2025-06-13 00:00:00,0.4549,0.095,HOLD,,1,-1
2025-06-13 08:00:00,2025-06-13 04:00:00,0.4437,0.095,HOLD,,1,-1
2025-06-13 12:00:00,2025-06-13 08:00:00,0.4324,0.095,HOLD,,1,-1
2025-06-13 16:00:00,2025-06-13 12:00:00,0.4188,0.095,HOLD,,1,-1
2025-06-13 20:00:00,2025-06-13 16:00:00,0.4089,0.095,HOLD,,1,-1
2025-06-16 00:00:00,2025-06-13 20:00:00,0.4039,0.095,SELL,False,1,0
2025-06-16 04:00:00,2025-06-16 00:00:00,0.3904,0.095,SELL,False,1,0
2025-06-16 08:00:00,2025-06-16 04:00:00,0.3804,0.095,SELL,True,0,0
2025-06-16 12:00:00,2025-06-16 08:00:00,0.3751,0.095,SELL,True,0,0
2025-06-16 16:00:00,2025-06-16 12:00:00,0.3767,0.095,SELL,True,0,0
2025-06-16 20:00:00,2025-06-16 16:00:00,0.3822,0.095,SELL,True,0,0
2025-06-17 00:00:00,2025-06-16 20:00:00,0.3784,0.095,SELL,True,0,0
2025-06-17 04:00:00,2025-06-17 00:00:00,0.3871,0.095,SELL,True,0,0
2025-06-17 08:00:00,2025-06-17 04:00:00,0.3968,0.095,SELL,True,0,0
2025-06-17 12:00:00,2025-06-17 08:00:00,0.4148,0.095,HOLD,,0,-1
2025-06-17 16:00:00,2025-06-17 12:00:00,0.4323,0.095,HOLD,,1,-1
2025-06-17 20:00:00,2025-06-17 16:00:00,0.4288,0.095,HOLD,,0,-1
2025-06-18 00:00:00,2025-06-17 20:00:00,0.4606,0.095,HOLD,,0,-1
2025-06-18 04:00:00,2025-06-18 00:00:00,0.4739,0.095,HOLD,,0,-1
2025-06-18 08:00:00,2025-06-18 04:00:00,0.4896,0.095,HOLD,,0,-1
2025-06-18 12:00:00,2025-06-18 08:00:00,0.4915,0.095,HOLD,,0,-1
2025-06-18 16:00:00,2025-06-18 12:00:00,0.487,0.095,HOLD,,0,-1
2025-06-18 20:00:00,2025-06-18 16:00:00,0.5099,0.095,HOLD,,1,-1
2025-06-19 00:00:00,2025-06-18 20:00:00,0.5294,0.095,HOLD,,1,-1
2025-06-19 04:00:00,2025-06-19 00:00:00,0.5374,0.095,HOLD,,1,-1
2025-06-19 08:00:00,2025-06-19 04:00:00,0.5501,0.095,HOLD,,1,-1
2025-06-19 12:00:00,2025-06-19 08:00:00,0.551,0.095,HOLD,,1,-1
2025-06-19 16:00:00,2025-06-19 12:00:00,0.5526,0.095,HOLD,,1,-1
2025-06-19 20:00:00,2025-06-19 16:00:00,0.5882,0.095,HOLD,,1,-1
2025-06-20 00:00:00,2025-06-19 20:00:00,0.5855,0.095,HOLD,,0,-1
2025-06-20 04:00:00,2025-06-20 00:00:00,0.5829,0.095,HOLD,,0,-1
2025-06-20 08:00:00,2025-06-20 04:00:00,0.5729,0.095,HOLD,,0,-1
2025-06-20 12:00:00,2025-06-20 08:00:00,0.5635,0.095,HOLD,,0,-1
2025-06-20 16:00:00,2025-06-20 12:00:00,0.5523,0.095,HOLD,,1,-1
2025-06-20 20:00:00,2025-06-20 16:00:00,0.5446,0.095,HOLD,,1,-1
2025-06-23 00:00:00,2025-06-20 20:00:00,0.5271,0.095,HOLD,,1,-1
2025-06-23 04:00:00,2025-06-23 00:00:00,0.5124,0.095,HOLD,,1,-1
2025-06-23 08:00:00,2025-06-23 04:00:00,0.5097,0.095,HOLD,,1,-1
2025-06-23 12:00:00,2025-06-23 08:00:00,0.5025,0.095,HOLD,,1,-1
2025-06-23 16:00:00,2025-06-23 12:00:00,0.5087,0.095,HOLD,,1,-1
2025-06-23 20:00:00,2025-06-23 16:00:00,0.5017,0.095,HOLD,,1,-1
2025-06-24 00:00:00,2025-06-23 20:00:00,0.5116,0.095,HOLD,,1,-1
2025-06-24 04:00:00,2025-06-24 00:00:00,0.524,0.095,HOLD,,1,-1
2025-06-24 08:00:00,2025-06-24 04:00:00,0.5105,0.095,HOLD,,1,-1
2025-06-24 12:00:00,2025-06-24 08:00:00,0.5169,0.095,HOLD,,0,-1
2025-06-24 16:00:00,2025-06-24 12:00:00,0.5288,0.095,HOLD,,1,-1
2025-06-24 20:00:00,2025-06-24 16:00:00,0.5376,0.095,HOLD,,1,-1
2025-06-25 00:00:00,2025-06-24 20:00:00,0.5236,0.095,HOLD,,1,-1
2025-06-25 04:00:00,2025-06-25 00:00:00,0.4867,0.095,HOLD,,1,-1
2025-06-25 08:00:00,2025-06-25 04:00:00,0.4728,0.095,HOLD,,1,-1
2025-06-25 12:00:00,2025-06-25 08:00:00,0.4662,0.095,HOLD,,1,-1
2025-06-25 16:00:00,2025-06-25 12:00:00,0.4698,0.095,HOLD,,1,-1
2025-06-25 20:00:00,2025-06-25 16:00:00,0.4675,0.095,HOLD,,1,-1
2025-06-26 00:00:00,2025-06-25 20:00:00,0.4624,0.095,HOLD,,1,-1
2025-06-26 04:00:00,2025-06-26 00:00:00,0.4445,0.095,HOLD,,1,-1
2025-06-26 08:00:00,2025-06-26 04:00:00,0.4306,0.095,HOLD,,0,-1
2025-06-26 12:00:00,2025-06-26 08:00:00,0.4156,0.095,HOLD,,1,-1
2025-06-26 16:00:00,2025-06-26 12:00:00,0.3956,0.095,SELL,True,0,0
2025-06-26 20:00:00,2025-06-26 16:00:00,0.3888,0.095,SELL,False,1,0
2025-06-27 00:00:00,2025-06-26 20:00:00,0.3813,0.095,SELL,False,1,0
2025-06-27 04:00:00,2025-06-27 00:00:00,0.3946,0.095,SELL,False,1,0
2025-06-27 08:00:00,2025-06-27 04:00:00,0.4378,0.095,HOLD,,1,-1
2025-06-27 12:00:00,2025-06-27 08:00:00,0.4694,0.095,HOLD,,0,-1
2025-06-27 16:00:00,2025-06-27 12:00:00,0.4777,0.095,HOLD,,1,-1
2025-06-27 20:00:00,2025-06-27 16:00:00,0.4725,0.095,HOLD,,1,-1
2025-06-30 00:00:00,2025-06-27 20:00:00,0.4806,0.095,HOLD,,1,-1
2025-06-30 04:00:00,2025-06-30 00:00:00,0.4653,0.095,HOLD,,1,-1
2025-06-30 08:00:00,2025-06-30 04:00:00,0.5071,0.095,HOLD,,1,-1
2025-06-30 12:00:00,2025-06-30 08:00:00,0.4942,0.095,HOLD,,1,-1
2025-06-30 16:00:00,2025-06-30 12:00:00,0.4689,0.095,HOLD,,1,-1
2025-06-30 20:00:00,2025-06-30 16:00:00,0.505,0.095,HOLD,,1,-1
2025-07-01 00:00:00,2025-06-30 20:00:00,0.4969,0.095,HOLD,,1,-1
2025-07-01 04:00:00,2025-07-01 00:00:00,0.4562,0.095,HOLD,,1,-1
2025-07-01 08:00:00,2025-07-01 04:00:00,0.4354,0.095,HOLD,,0,-1
2025-07-01 12:00:00,2025-07-01 08:00:00,0.4231,0.095,HOLD,,0,-1
2025-07-01 16:00:00,2025-07-01 12:00:00,0.4354,0.095,HOLD,,1,-1
2025-07-01 20:00:00,2025-07-01 16:00:00,0.4585,0.095,HOLD,,0,-1
2025-07-02 00:00:00,2025-07-01 20:00:00,0.4578,0.095,HOLD,,0,-1
2025-07-02 04:00:00,2025-07-02 00:00:00,0.4981,0.095,HOLD,,0,-1
2025-07-02 08:00:00,2025-07-02 04:00:00,0.4765,0.095,HOLD,,0,-1
2025-07-02 12:00:00,2025-07-02 08:00:00,0.4971,0.095,HOLD,,0,-1
2025-07-02 16:00:00,2025-07-02 12:00:00,0.4865,0.095,HOLD,,0,-1
2025-07-02 20:00:00,2025-07-02 16:00:00,0.4774,0.095,HOLD,,0,-1
2025-07-03 00:00:00,2025-07-02 20:00:00,0.462,0.095,HOLD,,0,-1
2025-07-03 12:00:00,2025-07-03 00:00:00,0.4963,0.095,HOLD,,1,-1
2025-07-03 16:00:00,2025-07-03 12:00:00,0.5017,0.095,HOLD,,1,-1
2025-07-03 20:00:00,2025-07-03 16:00:00,0.4939,0.095,HOLD,,1,-1
2025-07-04 00:00:00,2025-07-03 20:00:00,0.4957,0.095,HOLD,,1,-1
2025-07-04 04:00:00,2025-07-04 00:00:00,0.4957,0.095,HOLD,,1,-1
2025-07-04 08:00:00,2025-07-04 04:00:00,0.5,0.095,HOLD,,0,-1
2025-07-04 12:00:00,2025-07-04 08:00:00,0.5055,0.095,HOLD,,0,-1
2025-07-04 16:00:00,2025-07-04 12:00:00,0.5098,0.095,HOLD,,0,-1
2025-07-04 20:00:00,2025-07-04 16:00:00,0.5041,0.095,HOLD,,0,-1
2025-07-07 00:00:00,2025-07-04 20:00:00,0.5096,0.095,HOLD,,0,-1
2025-07-07 04:00:00,2025-07-07 00:00:00,0.5235,0.095,HOLD,,0,-1
2025-07-07 08:00:00,2025-07-07 04:00:00,0.5292,0.095,HOLD,,1,-1
2025-07-07 12:00:00,2025-07-07 08:00:00,0.5351,0.095,HOLD,,0,-1
2025-07-07 16:00:00,2025-07-07 12:00:00,0.5473,0.095,HOLD,,1,-1
2025-07-07 20:00:00,2025-07-07 16:00:00,0.5474,0.095,HOLD,,1,-1
2025-07-08 00:00:00,2025-07-07 20:00:00,0.5433,0.095,HOLD,,0,-1
2025-07-08 04:00:00,2025-07-08 00:00:00,0.5436,0.095,HOLD,,0,-1
2025-07-08 08:00:00,2025-07-08 04:00:00,0.5481,0.095,HOLD,,0,-1
2025-07-08 12:00:00,2025-07-08 08:00:00,0.561,0.095,HOLD,,0,-1
2025-07-08 16:00:00,2025-07-08 12:00:00,0.5607,0.095,HOLD,,0,-1
2025-07-08 20:00:00,2025-07-08 16:00:00,0.5567,0.095,HOLD,,0,-1
2025-07-09 00:00:00,2025-07-08 20:00:00,0.553,0.095,HOLD,,1,-1
2025-07-09 04:00:00,2025-07-09 00:00:00,0.5561,0.095,HOLD,,1,-1
2025-07-09 08:00:00,2025-07-09 04:00:00,0.5435,0.095,HOLD,,1,-1
2025-07-09 12:00:00,2025-07-09 08:00:00,0.5397,0.095,HOLD,,0,-1
2025-07-09 16:00:00,2025-07-09 12:00:00,0.545,0.095,HOLD,,0,-1
2025-07-09 20:00:00,2025-07-09 16:00:00,0.5438,0.095,HOLD,,0,-1
2025-07-10 00:00:00,2025-07-09 20:00:00,0.5421,0.095,HOLD,,0,-1
2025-07-10 04:00:00,2025-07-10 00:00:00,0.5383,0.095,HOLD,,0,-1
2025-07-10 08:00:00,2025-07-10 04:00:00,0.535,0.095,HOLD,,0,-1
2025-07-10 12:00:00,2025-07-10 08:00:00,0.5387,0.095,HOLD,,0,-1
2025-07-10 16:00:00,2025-07-10 12:00:00,0.542,0.095,HOLD,,1,-1
2025-07-10 20:00:00,2025-07-10 16:00:00,0.5571,0.095,HOLD,,0,-1
2025-07-11 00:00:00,2025-07-10 20:00:00,0.5497,0.095,HOLD,,1,-1
2025-07-11 04:00:00,2025-07-11 00:00:00,0.5486,0.095,HOLD,,0,-1
2025-07-11 08:00:00,2025-07-11 04:00:00,0.5465,0.095,HOLD,,1,-1
2025-07-11 12:00:00,2025-07-11 08:00:00,0.5574,0.095,HOLD,,0,-1
2025-07-11 16:00:00,2025-07-11 12:00:00,0.5466,0.095,HOLD,,0,-1
2025-07-11 20:00:00,2025-07-11 16:00:00,0.539,0.095,HOLD,,0,-1
2025-07-14 00:00:00,2025-07-11 20:00:00,0.5365,0.095,HOLD,,0,-1
2025-07-14 04:00:00,2025-07-14 00:00:00,0.5338,0.095,HOLD,,1,-1
2025-07-14 08:00:00,2025-07-14 04:00:00,0.5392,0.095,HOLD,,1,-1
2025-07-14 12:00:00,2025-07-14 08:00:00,0.5318,0.095,HOLD,,0,-1
2025-07-14 16:00:00,2025-07-14 12:00:00,0.5212,0.095,HOLD,,0,-1
2025-07-14 20:00:00,2025-07-14 16:00:00,0.5108,0.095,HOLD,,0,-1
2025-07-15 00:00:00,2025-07-14 20:00:00,0.5064,0.095,HOLD,,0,-1
2025-07-15 04:00:00,2025-07-15 00:00:00,0.4949,0.095,HOLD,,0,-1
2025-07-15 08:00:00,2025-07-15 04:00:00,0.5042,0.095,HOLD,,0,-1
2025-07-15 12:00:00,2025-07-15 08:00:00,0.5028,0.095,HOLD,,0,-1
2025-07-15 16:00:00,2025-07-15 12:00:00,0.502,0.095,HOLD,,1,-1
2025-07-15 20:00:00,2025-07-15 16:00:00,0.5005,0.095,HOLD,,1,-1
2025-07-16 00:00:00,2025-07-15 20:00:00,0.4983,0.095,HOLD,,1,-1
2025-07-16 04:00:00,2025-07-16 00:00:00,0.4974,0.095,HOLD,,1,-1
2025-07-16 08:00:00,2025-07-16 04:00:00,0.4973,0.095,HOLD,,0,-1
2025-07-16 12:00:00,2025-07-16 08:00:00,0.4916,0.095,HOLD,,0,-1
2025-07-16 16:00:00,2025-07-16 12:00:00,0.489,0.095,HOLD,,0,-1
2025-07-16 20:00:00,2025-07-16 16:00:00,0.482,0.095,HOLD,,0,-1
2025-07-17 00:00:00,2025-07-16 20:00:00,0.4817,0.095,HOLD,,1,-1
2025-07-17 04:00:00,2025-07-17 00:00:00,0.4821,0.095,HOLD,,0,-1
2025-07-17 08:00:00,2025-07-17 04:00:00,0.4933,0.095,HOLD,,1,-1
2025-07-17 12:00:00,2025-07-17 08:00:00,0.5036,0.095,HOLD,,1,-1
2025-07-17 16:00:00,2025-07-17 12:00:00,0.5036,0.095,HOLD,,1,-1
2025-07-17 20:00:00,2025-07-17 16:00:00,0.4966,0.095,HOLD,,1,-1
2025-07-18 00:00:00,2025-07-17 20:00:00,0.4859,0.095,HOLD,,0,-1
2025-07-18 04:00:00,2025-07-18 00:00:00,0.4862,0.095,HOLD,,1,-1
2025-07-18 08:00:00,2025-07-18 04:00:00,0.4895,0.095,HOLD,,1,-1
2025-07-18 12:00:00,2025-07-18 08:00:00,0.4933,0.095,HOLD,,1,-1
2025-07-18 16:00:00,2025-07-18 12:00:00,0.4934,0.095,HOLD,,1,-1
2025-07-18 20:00:00,2025-07-18 16:00:00,0.4909,0.095,HOLD,,1,-1
2025-07-21 00:00:00,2025-07-18 20:00:00,0.4983,0.095,HOLD,,1,-1
2025-07-21 04:00:00,2025-07-21 00:00:00,0.5068,0.095,HOLD,,1,-1
2025-07-21 08:00:00,2025-07-21 04:00:00,0.5035,0.095,HOLD,,1,-1
2025-07-21 12:00:00,2025-07-21 08:00:00,0.4983,0.095,HOLD,,1,-1
2025-07-21 16:00:00,2025-07-21 12:00:00,0.5041,0.095,HOLD,,1,-1
2025-07-21 20:00:00,2025-07-21 16:00:00,0.4965,0.095,HOLD,,1,-1
2025-07-22 00:00:00,2025-07-21 20:00:00,0.4863,0.095,HOLD,,1,-1
2025-07-22 04:00:00,2025-07-22 00:00:00,0.4739,0.095,HOLD,,1,-1
2025-07-22 08:00:00,2025-07-22 04:00:00,0.4661,0.095,HOLD,,1,-1
2025-07-22 12:00:00,2025-07-22 08:00:00,0.4579,0.095,HOLD,,1,-1
2025-07-22 16:00:00,2025-07-22 12:00:00,0.4548,0.095,HOLD,,0,-1
2025-07-22 20:00:00,2025-07-22 16:00:00,0.4486,0.095,HOLD,,1,-1
2025-07-23 00:00:00,2025-07-22 20:00:00,0.4453,0.095,HOLD,,1,-1
2025-07-23 04:00:00,2025-07-23 00:00:00,0.4343,0.095,HOLD,,1,-1
2025-07-23 08:00:00,2025-07-23 04:00:00,0.4334,0.095,HOLD,,1,-1
2025-07-23 12:00:00,2025-07-23 08:00:00,0.4342,0.095,HOLD,,1,-1
2025-07-23 16:00:00,2025-07-23 12:00:00,0.4332,0.095,HOLD,,1,-1
2025-07-23 20:00:00,2025-07-23 16:00:00,0.4362,0.095,HOLD,,0,-1
2025-07-24 00:00:00,2025-07-23 20:00:00,0.4441,0.095,HOLD,,0,-1
2025-07-24 04:00:00,2025-07-24 00:00:00,0.4564,0.095,HOLD,,0,-1
2025-07-24 08:00:00,2025-07-24 04:00:00,0.4624,0.095,HOLD,,0,-1
2025-07-24 12:00:00,2025-07-24 08:00:00,0.4705,0.095,HOLD,,0,-1
2025-07-24 16:00:00,2025-07-24 12:00:00,0.4921,0.095,HOLD,,0,-1
2025-07-24 20:00:00,2025-07-24 16:00:00,0.5007,0.095,HOLD,,0,-1
2025-07-25 00:00:00,2025-07-24 20:00:00,0.4932,0.095,HOLD,,1,-1
2025-07-25 04:00:00,2025-07-25 00:00:00,0.4965,0.095,HOLD,,1,-1
2025-07-25 08:00:00,2025-07-25 04:00:00,0.5164,0.095,HOLD,,0,-1
2025-07-25 12:00:00,2025-07-25 08:00:00,0.5417,0.095,HOLD,,0,-1
2025-07-25 16:00:00,2025-07-25 12:00:00,0.5367,0.095,HOLD,,0,-1
2025-07-25 20:00:00,2025-07-25 16:00:00,0.5465,0.095,HOLD,,0,-1
2025-07-28 00:00:00,2025-07-25 20:00:00,0.5528,0.095,HOLD,,0,-1
2025-07-28 04:00:00,2025-07-28 00:00:00,0.5439,0.095,HOLD,,0,-1
2025-07-28 08:00:00,2025-07-28 04:00:00,0.5281,0.095,HOLD,,0,-1
2025-07-28 12:00:00,2025-07-28 08:00:00,0.5273,0.095,HOLD,,0,-1
2025-07-28 16:00:00,2025-07-28 12:00:00,0.5237,0.095,HOLD,,0,-1
2025-07-28 20:00:00,2025-07-28 16:00:00,0.5239,0.095,HOLD,,0,-1
2025-07-29 00:00:00,2025-07-28 20:00:00,0.5205,0.095,HOLD,,0,-1
2025-07-29 04:00:00,2025-07-29 00:00:00,0.5203,0.095,HOLD,,0,-1
2025-07-29 08:00:00,2025-07-29 04:00:00,0.521,0.095,HOLD,,0,-1
2025-07-29 12:00:00,2025-07-29 08:00:00,0.5237,0.095,HOLD,,0,-1
2025-07-29 16:00:00,2025-07-29 12:00:00,0.5301,0.095,HOLD,,0,-1
2025-07-29 20:00:00,2025-07-29 16:00:00,0.5332,0.095,HOLD,,0,-1
2025-07-30 00:00:00,2025-07-29 20:00:00,0.5414,0.095,HOLD,,0,-1
2025-07-30 04:00:00,2025-07-30 00:00:00,0.5606,0.095,HOLD,,0,-1
2025-07-30 08:00:00,2025-07-30 04:00:00,0.567,0.095,HOLD,,0,-1
2025-07-30 12:00:00,2025-07-30 08:00:00,0.5643,0.095,HOLD,,0,-1
2025-07-30 16:00:00,2025-07-30 12:00:00,0.5677,0.095,HOLD,,0,-1
2025-07-30 20:00:00,2025-07-30 16:00:00,0.5688,0.095,HOLD,,1,-1
2025-07-31 00:00:00,2025-07-30 20:00:00,0.5704,0.095,HOLD,,0,-1
2025-07-31 04:00:00,2025-07-31 00:00:00,0.5872,0.095,HOLD,,0,-1
2025-07-31 08:00:00,2025-07-31 04:00:00,0.5911,0.095,HOLD,,0,-1
2025-07-31 12:00:00,2025-07-31 08:00:00,0.5867,0.095,HOLD,,1,-1
2025-07-31 16:00:00,2025-07-31 12:00:00,0.5849,0.095,HOLD,,1,-1
2025-07-31 20:00:00,2025-07-31 16:00:00,0.5787,0.095,HOLD,,1,-1
2025-08-01 00:00:00,2025-07-31 20:00:00,0.5726,0.095,HOLD,,1,-1
2025-08-01 04:00:00,2025-08-01 00:00:00,0.5581,0.095,HOLD,,1,-1
2025-08-01 08:00:00,2025-08-01 04:00:00,0.57,0.095,HOLD,,1,-1
2025-08-01 12:00:00,2025-08-01 08:00:00,0.5643,0.095,HOLD,,1,-1
2025-08-01 16:00:00,2025-08-01 12:00:00,0.5728,0.095,HOLD,,1,-1
2025-08-01 20:00:00,2025-08-01 16:00:00,0.5591,0.095,HOLD,,0,-1
2025-08-04 00:00:00,2025-08-01 20:00:00,0.5817,0.095,HOLD,,1,-1
2025-08-04 04:00:00,2025-08-04 00:00:00,0.5605,0.095,HOLD,,0,-1
2025-08-04 08:00:00,2025-08-04 04:00:00,0.5762,0.095,HOLD,,0,-1
2025-08-04 12:00:00,2025-08-04 08:00:00,0.5726,0.095,HOLD,,0,-1
2025-08-04 16:00:00,2025-08-04 12:00:00,0.5831,0.095,HOLD,,1,-1
2025-08-04 20:00:00,2025-08-04 16:00:00,0.5776,0.095,HOLD,,1,-1
2025-08-05 00:00:00,2025-08-04 20:00:00,0.572,0.095,HOLD,,1,-1
2025-08-05 04:00:00,2025-08-05 00:00:00,0.5554,0.095,HOLD,,1,-1
2025-08-05 08:00:00,2025-08-05 04:00:00,0.5563,0.095,HOLD,,1,-1
2025-08-05 12:00:00,2025-08-05 08:00:00,0.5481,0.095,HOLD,,1,-1
2025-08-05 16:00:00,2025-08-05 12:00:00,0.5443,0.095,HOLD,,1,-1
2025-08-05 20:00:00,2025-08-05 16:00:00,0.5408,0.095,HOLD,,1,-1
2025-08-06 00:00:00,2025-08-05 20:00:00,0.5355,0.095,HOLD,,1,-1
2025-08-06 04:00:00,2025-08-06 00:00:00,0.5141,0.095,HOLD,,1,-1
2025-08-06 08:00:00,2025-08-06 04:00:00,0.5089,0.095,HOLD,,1,-1
2025-08-06 12:00:00,2025-08-06 08:00:00,0.5057,0.095,HOLD,,1,-1
2025-08-06 16:00:00,2025-08-06 12:00:00,0.5059,0.095,HOLD,,1,-1
2025-08-06 20:00:00,2025-08-06 16:00:00,0.4956,0.095,HOLD,,1,-1
2025-08-07 00:00:00,2025-08-06 20:00:00,0.5049,0.095,HOLD,,1,-1
2025-08-07 04:00:00,2025-08-07 00:00:00,0.5022,0.095,HOLD,,0,-1
2025-08-07 08:00:00,2025-08-07 04:00:00,0.5293,0.095,HOLD,,0,-1
2025-08-07 12:00:00,2025-08-07 08:00:00,0.5134,0.095,HOLD,,0,-1
2025-08-07 16:00:00,2025-08-07 12:00:00,0.5247,0.095,HOLD,,1,-1
2025-08-07 20:00:00,2025-08-07 16:00:00,0.512,0.095,HOLD,,0,-1
2025-08-08 00:00:00,2025-08-07 20:00:00,0.4878,0.095,HOLD,,0,-1
2025-08-08 04:00:00,2025-08-08 00:00:00,0.4776,0.095,HOLD,,1,-1
2025-08-08 08:00:00,2025-08-08 04:00:00,0.4712,0.095,HOLD,,1,-1
2025-08-08 12:00:00,2025-08-08 08:00:00,0.4418,0.095,HOLD,,0,-1
2025-08-08 16:00:00,2025-08-08 12:00:00,0.435,0.095,HOLD,,0,-1
2025-08-08 20:00:00,2025-08-08 16:00:00,0.4504,0.095,HOLD,,0,-1
2025-08-11 00:00:00,2025-08-08 20:00:00,0.5294,0.095,HOLD,,0,-1
2025-08-11 04:00:00,2025-08-11 00:00:00,0.5461,0.095,HOLD,,0,-1
2025-08-11 08:00:00,2025-08-11 04:00:00,0.5509,0.095,HOLD,,0,-1
2025-08-11 12:00:00,2025-08-11 08:00:00,0.545,0.095,HOLD,,1,-1
2025-08-11 16:00:00,2025-08-11 12:00:00,0.5312,0.095,HOLD,,1,-1
2025-08-11 20:00:00,2025-08-11 16:00:00,0.523,0.095,HOLD,,1,-1
2025-08-12 00:00:00,2025-08-11 20:00:00,0.5133,0.095,HOLD,,1,-1
2025-08-12 04:00:00,2025-08-12 00:00:00,0.5112,0.095,HOLD,,1,-1
2025-08-12 08:00:00,2025-08-12 04:00:00,0.5067,0.095,HOLD,,1,-1
2025-08-12 12:00:00,2025-08-12 08:00:00,0.505,0.095,HOLD,,1,-1
2025-08-12 16:00:00,2025-08-12 12:00:00,0.4977,0.095,HOLD,,1,-1
2025-08-12 20:00:00,2025-08-12 16:00:00,0.4669,0.095,HOLD,,1,-1
2025-08-13 00:00:00,2025-08-12 20:00:00,0.4958,0.095,HOLD,,1,-1
2025-08-13 04:00:00,2025-08-13 00:00:00,0.5031,0.095,HOLD,,1,-1
2025-08-13 08:00:00,2025-08-13 04:00:00,0.4855,0.095,HOLD,,0,-1
2025-08-13 12:00:00,2025-08-13 08:00:00,0.4779,0.095,HOLD,,0,-1
2025-08-13 16:00:00,2025-08-13 12:00:00,0.4672,0.095,HOLD,,0,-1
2025-08-13 20:00:00,2025-08-13 16:00:00,0.4731,0.095,HOLD,,0,-1
2025-08-14 00:00:00,2025-08-13 20:00:00,0.4629,0.095,HOLD,,0,-1
2025-08-14 04:00:00,2025-08-14 00:00:00,0.467,0.095,HOLD,,0,-1
2025-08-14 08:00:00,2025-08-14 04:00:00,0.4615,0.095,HOLD,,1,-1
2025-08-14 12:00:00,2025-08-14 08:00:00,0.4615,0.095,HOLD,,1,-1
2025-08-14 16:00:00,2025-08-14 12:00:00,0.4652,0.095,HOLD,,1,-1
2025-08-14 20:00:00,2025-08-14 16:00:00,0.4676,0.095,HOLD,,1,-1
2025-08-15 00:00:00,2025-08-14 20:00:00,0.4752,0.095,HOLD,,1,-1
2025-08-15 04:00:00,2025-08-15 00:00:00,0.4813,0.095,HOLD,,1,-1
2025-08-15 08:00:00,2025-08-15 04:00:00,0.4865,0.095,HOLD,,0,-1
2025-08-15 12:00:00,2025-08-15 08:00:00,0.4935,0.095,HOLD,,0,-1
2025-08-15 16:00:00,2025-08-15 12:00:00,0.5001,0.095,HOLD,,0,-1
2025-08-15 20:00:00,2025-08-15 16:00:00,0.4999,0.095,HOLD,,0,-1
2025-08-18 00:00:00,2025-08-15 20:00:00,0.5056,0.095,HOLD,,0,-1
2025-08-18 04:00:00,2025-08-18 00:00:00,0.5088,0.095,HOLD,,0,-1
2025-08-18 08:00:00,2025-08-18 04:00:00,0.5032,0.095,HOLD,,0,-1
2025-08-18 12:00:00,2025-08-18 08:00:00,0.5157,0.095,HOLD,,0,-1
2025-08-18 16:00:00,2025-08-18 12:00:00,0.5206,0.095,HOLD,,0,-1
2025-08-18 20:00:00,2025-08-18 16:00:00,0.5276,0.095,HOLD,,0,-1
2025-08-19 00:00:00,2025-08-18 20:00:00,0.525,0.095,HOLD,,0,-1
2025-08-19 04:00:00,2025-08-19 00:00:00,0.5218,0.095,HOLD,,0,-1
2025-08-19 08:00:00,2025-08-19 04:00:00,0.5154,0.095,HOLD,,0,-1
2025-08-19 12:00:00,2025-08-19 08:00:00,0.5247,0.095,HOLD,,0,-1
2025-08-19 16:00:00,2025-08-19 12:00:00,0.5365,0.095,HOLD,,1,-1
2025-08-19 20:00:00,2025-08-19 16:00:00,0.5482,0.095,HOLD,,1,-1
2025-08-20 00:00:00,2025-08-19 20:00:00,0.5277,0.095,HOLD,,1,-1
2025-08-20 04:00:00,2025-08-20 00:00:00,0.5035,0.095,HOLD,,1,-1
2025-08-20 08:00:00,2025-08-20 04:00:00,0.5006,0.095,HOLD,,1,-1
2025-08-20 12:00:00,2025-08-20 08:00:00,0.4967,0.095,HOLD,,0,-1
2025-08-20 16:00:00,2025-08-20 12:00:00,0.4844,0.095,HOLD,,0,-1
2025-08-20 20:00:00,2025-08-20 16:00:00,0.4785,0.095,HOLD,,0,-1
2025-08-21 00:00:00,2025-08-20 20:00:00,0.4822,0.095,HOLD,,0,-1
2025-08-21 04:00:00,2025-08-21 00:00:00,0.4861,0.095,HOLD,,0,-1
2025-08-21 08:00:00,2025-08-21 04:00:00,0.4759,0.095,HOLD,,0,-1
2025-08-21 12:00:00,2025-08-21 08:00:00,0.4779,0.095,HOLD,,0,-1
2025-08-21 16:00:00,2025-08-21 12:00:00,0.4725,0.095,HOLD,,1,-1
2025-08-21 20:00:00,2025-08-21 16:00:00,0.4633,0.095,HOLD,,1,-1
2025-08-22 00:00:00,2025-08-21 20:00:00,0.4603,0.095,HOLD,,1,-1
2025-08-22 04:00:00,2025-08-22 00:00:00,0.4569,0.095,HOLD,,1,-1
2025-08-22 08:00:00,2025-08-22 04:00:00,0.4669,0.095,HOLD,,1,-1
2025-08-22 12:00:00,2025-08-22 08:00:00,0.4672,0.095,HOLD,,1,-1
2025-08-22 16:00:00,2025-08-22 12:00:00,0.4694,0.095,HOLD,,0,-1
2025-08-22 20:00:00,2025-08-22 16:00:00,0.4704,0.095,HOLD,,0,-1
2025-08-25 00:00:00,2025-08-22 20:00:00,0.4759,0.095,HOLD,,0,-1
2025-08-25 04:00:00,2025-08-25 00:00:00,0.4842,0.095,HOLD,,0,-1
2025-08-25 08:00:00,2025-08-25 04:00:00,0.5028,0.095,HOLD,,0,-1
2025-08-25 12:00:00,2025-08-25 08:00:00,0.5109,0.095,HOLD,,0,-1
2025-08-25 16:00:00,2025-08-25 12:00:00,0.5152,0.095,HOLD,,0,-1
2025-08-25 20:00:00,2025-08-25 16:00:00,0.4952,0.095,HOLD,,1,-1
2025-08-26 00:00:00,2025-08-25 20:00:00,0.4993,0.095,HOLD,,0,-1
2025-08-26 04:00:00,2025-08-26 00:00:00,0.5231,0.095,HOLD,,0,-1
2025-08-26 08:00:00,2025-08-26 04:00:00,0.5511,0.095,HOLD,,0,-1
2025-08-26 12:00:00,2025-08-26 08:00:00,0.5528,0.095,HOLD,,0,-1
2025-08-26 16:00:00,2025-08-26 12:00:00,0.5625,0.095,HOLD,,0,-1
2025-08-26 20:00:00,2025-08-26 16:00:00,0.5777,0.095,HOLD,,0,-1
2025-08-27 00:00:00,2025-08-26 20:00:00,0.5724,0.095,HOLD,,1,-1
2025-08-27 04:00:00,2025-08-27 00:00:00,0.5619,0.095,HOLD,,1,-1
2025-08-27 08:00:00,2025-08-27 04:00:00,0.5587,0.095,HOLD,,1,-1
2025-08-27 12:00:00,2025-08-27 08:00:00,0.5592,0.095,HOLD,,1,-1
2025-08-27 16:00:00,2025-08-27 12:00:00,0.558,0.095,HOLD,,1,-1
2025-08-27 20:00:00,2025-08-27 16:00:00,0.5556,0.095,HOLD,,1,-1
2025-08-28 00:00:00,2025-08-27 20:00:00,0.5566,0.095,HOLD,,1,-1
2025-08-28 04:00:00,2025-08-28 00:00:00,0.557,0.095,HOLD,,1,-1
2025-08-28 08:00:00,2025-08-28 04:00:00,0.5568,0.095,HOLD,,1,-1
2025-08-28 12:00:00,2025-08-28 08:00:00,0.5578,0.095,HOLD,,0,-1
2025-08-28 16:00:00,2025-08-28 12:00:00,0.5586,0.095,HOLD,,1,-1
2025-08-28 20:00:00,2025-08-28 16:00:00,0.5591,0.095,HOLD,,1,-1
2025-08-29 00:00:00,2025-08-28 20:00:00,0.5533,0.095,HOLD,,1,-1
2025-08-29 04:00:00,2025-08-29 00:00:00,0.5437,0.095,HOLD,,1,-1
2025-08-29 08:00:00,2025-08-29 04:00:00,0.5466,0.095,HOLD,,1,-1
2025-08-29 12:00:00,2025-08-29 08:00:00,0.5501,0.095,HOLD,,1,-1
2025-08-29 16:00:00,2025-08-29 12:00:00,0.5339,0.095,HOLD,,1,-1
2025-08-29 20:00:00,2025-08-29 16:00:00,0.5361,0.095,HOLD,,1,-1
2025-09-01 00:00:00,2025-08-29 20:00:00,0.5496,0.095,HOLD,,1,-1
2025-09-01 04:00:00,2025-09-01 00:00:00,0.4841,0.095,HOLD,,0,-1
2025-09-01 08:00:00,2025-09-01 04:00:00,0.4761,0.095,HOLD,,0,-1
2025-09-01 12:00:00,2025-09-01 08:00:00,0.4726,0.095,HOLD,,0,-1
2025-09-01 16:00:00,2025-09-01 12:00:00,0.4779,0.095,HOLD,,0,-1
2025-09-01 20:00:00,2025-09-01 16:00:00,0.4728,0.095,HOLD,,0,-1
2025-09-02 00:00:00,2025-09-01 20:00:00,0.471,0.095,HOLD,,0,-1
2025-09-02 04:00:00,2025-09-02 00:00:00,0.4571,0.095,HOLD,,0,-1
2025-09-02 08:00:00,2025-09-02 04:00:00,0.4566,0.095,HOLD,,1,-1
2025-09-02 12:00:00,2025-09-02 08:00:00,0.4614,0.095,HOLD,,1,-1
2025-09-02 16:00:00,2025-09-02 12:00:00,0.4417,0.095,HOLD,,1,-1
2025-09-02 20:00:00,2025-09-02 16:00:00,0.4436,0.095,HOLD,,1,-1
2025-09-03 00:00:00,2025-09-02 20:00:00,0.4476,0.095,HOLD,,1,-1
2025-09-03 04:00:00,2025-09-03 00:00:00,0.4531,0.095,HOLD,,1,-1
2025-09-03 08:00:00,2025-09-03 04:00:00,0.4511,0.095,HOLD,,1,-1
2025-09-03 12:00:00,2025-09-03 08:00:00,0.4494,0.095,HOLD,,0,-1
2025-09-03 16:00:00,2025-09-03 12:00:00,0.4563,0.095,HOLD,,0,-1
2025-09-03 20:00:00,2025-09-03 16:00:00,0.4746,0.095,HOLD,,0,-1
2025-09-04 00:00:00,2025-09-03 20:00:00,0.4761,0.095,HOLD,,1,-1
2025-09-04 04:00:00,2025-09-04 00:00:00,0.4754,0.095,HOLD,,1,-1
2025-09-04 08:00:00,2025-09-04 04:00:00,0.4817,0.095,HOLD,,1,-1
2025-09-04 12:00:00,2025-09-04 08:00:00,0.4881,0.095,HOLD,,1,-1
2025-09-04 16:00:00,2025-09-04 12:00:00,0.5069,0.095,HOLD,,1,-1
2025-09-04 20:00:00,2025-09-04 16:00:00,0.5096,0.095,HOLD,,1,-1
2025-09-05 00:00:00,2025-09-04 20:00:00,0.5142,0.095,HOLD,,1,-1
2025-09-05 04:00:00,2025-09-05 00:00:00,0.5222,0.095,HOLD,,1,-1
2025-09-05 08:00:00,2025-09-05 04:00:00,0.5153,0.095,HOLD,,1,-1
2025-09-05 12:00:00,2025-09-05 08:00:00,0.5043,0.095,HOLD,,1,-1
2025-09-05 16:00:00,2025-09-05 12:00:00,0.4989,0.095,HOLD,,1,-1
2025-09-05 20:00:00,2025-09-05 16:00:00,0.4869,0.095,HOLD,,1,-1
2025-09-08 00:00:00,2025-09-05 20:00:00,0.4768,0.095,HOLD,,1,-1
2025-09-08 04:00:00,2025-09-08 00:00:00,0.4893,0.095,HOLD,,1,-1
2025-09-08 08:00:00,2025-09-08 04:00:00,0.4657,0.095,HOLD,,1,-1
2025-09-08 12:00:00,2025-09-08 08:00:00,0.453,0.095,HOLD,,0,-1
2025-09-08 16:00:00,2025-09-08 12:00:00,0.4706,0.095,HOLD,,0,-1
2025-09-08 20:00:00,2025-09-08 16:00:00,0.4716,0.095,HOLD,,0,-1
2025-09-09 00:00:00,2025-09-08 20:00:00,0.4562,0.095,HOLD,,0,-1
2025-09-09 04:00:00,2025-09-09 00:00:00,0.4609,0.095,HOLD,,0,-1
2025-09-09 08:00:00,2025-09-09 04:00:00,0.4579,0.095,HOLD,,0,-1
2025-09-09 12:00:00,2025-09-09 08:00:00,0.4598,0.095,HOLD,,0,-1
2025-09-09 16:00:00,2025-09-09 12:00:00,0.4541,0.095,HOLD,,0,-1
2025-09-09 20:00:00,2025-09-09 16:00:00,0.4461,0.095,HOLD,,0,-1
2025-09-10 00:00:00,2025-09-09 20:00:00,0.4441,0.095,HOLD,,0,-1
2025-09-10 04:00:00,2025-09-10 00:00:00,0.4428,0.095,HOLD,,0,-1
2025-09-10 08:00:00,2025-09-10 04:00:00,0.4419,0.095,HOLD,,0,-1
2025-09-10 12:00:00,2025-09-10 08:00:00,0.4499,0.095,HOLD,,1,-1
2025-09-10 16:00:00,2025-09-10 12:00:00,0.4557,0.095,HOLD,,1,-1
2025-09-10 20:00:00,2025-09-10 16:00:00,0.4508,0.095,HOLD,,1,-1
2025-09-11 00:00:00,2025-09-10 20:00:00,0.4448,0.095,HOLD,,1,-1
2025-09-11 04:00:00,2025-09-11 00:00:00,0.4424,0.095,HOLD,,1,-1
2025-09-11 08:00:00,2025-09-11 04:00:00,0.4402,0.095,HOLD,,1,-1
2025-09-11 12:00:00,2025-09-11 08:00:00,0.4487,0.095,HOLD,,0,-1
2025-09-11 16:00:00,2025-09-11 12:00:00,0.4412,0.095,HOLD,,0,-1
2025-09-11 20:00:00,2025-09-11 16:00:00,0.4379,0.095,HOLD,,0,-1
2025-09-12 00:00:00,2025-09-11 20:00:00,0.4233,0.095,HOLD,,0,-1
2025-09-12 04:00:00,2025-09-12 00:00:00,0.4304,0.095,HOLD,,1,-1
2025-09-12 08:00:00,2025-09-12 04:00:00,0.4418,0.095,HOLD,,1,-1
2025-09-12 12:00:00,2025-09-12 08:00:00,0.4435,0.095,HOLD,,1,-1
2025-09-12 16:00:00,2025-09-12 12:00:00,0.4396,0.095,HOLD,,1,-1
2025-09-12 20:00:00,2025-09-12 16:00:00,0.4418,0.095,HOLD,,1,-1
2025-09-15 00:00:00,2025-09-12 20:00:00,0.4408,0.095,HOLD,,1,-1
2025-09-15 04:00:00,2025-09-15 00:00:00,0.4388,0.095,HOLD,,1,-1
2025-09-15 08:00:00,2025-09-15 04:00:00,0.4367,0.095,HOLD,,1,-1
2025-09-15 12:00:00,2025-09-15 08:00:00,0.4382,0.095,HOLD,,1,-1
2025-09-15 16:00:00,2025-09-15 12:00:00,0.4285,0.095,HOLD,,1,-1
2025-09-15 20:00:00,2025-09-15 16:00:00,0.4343,0.095,HOLD,,1,-1
2025-09-16 00:00:00,2025-09-15 20:00:00,0.4423,0.095,HOLD,,1,-1
2025-09-16 04:00:00,2025-09-16 00:00:00,0.4558,0.095,HOLD,,1,-1
2025-09-16 08:00:00,2025-09-16 04:00:00,0.4696,0.095,HOLD,,1,-1
2025-09-16 12:00:00,2025-09-16 08:00:00,0.4866,0.095,HOLD,,1,-1
2025-09-16 16:00:00,2025-09-16 12:00:00,0.4893,0.095,HOLD,,0,-1
2025-09-16 20:00:00,2025-09-16 16:00:00,0.4823,0.095,HOLD,,0,-1
2025-09-17 00:00:00,2025-09-16 20:00:00,0.4701,0.095,HOLD,,0,-1
2025-09-17 04:00:00,2025-09-17 00:00:00,0.4542,0.095,HOLD,,0,-1
2025-09-17 08:00:00,2025-09-17 04:00:00,0.4423,0.095,HOLD,,0,-1
2025-09-17 12:00:00,2025-09-17 08:00:00,0.4211,0.095,HOLD,,0,-1
2025-09-17 16:00:00,2025-09-17 12:00:00,0.407,0.095,HOLD,,0,-1
2025-09-17 20:00:00,2025-09-17 16:00:00,0.4044,0.095,SELL,True,0,0
2025-09-18 00:00:00,2025-09-17 20:00:00,0.4114,0.095,HOLD,,0,-1
2025-09-18 04:00:00,2025-09-18 00:00:00,0.4094,0.095,HOLD,,0,-1
2025-09-18 08:00:00,2025-09-18 04:00:00,0.4181,0.095,HOLD,,0,-1
2025-09-18 12:00:00,2025-09-18 08:00:00,0.4244,0.095,HOLD,,0,-1
2025-09-18 16:00:00,2025-09-18 12:00:00,0.4346,0.095,HOLD,,0,-1
2025-09-18 20:00:00,2025-09-18 16:00:00,0.4548,0.095,HOLD,,0,-1
2025-09-19 00:00:00,2025-09-18 20:00:00,0.4757,0.095,HOLD,,0,-1
2025-09-19 04:00:00,2025-09-19 00:00:00,0.5028,0.095,HOLD,,0,-1
2025-09-19 08:00:00,2025-09-19 04:00:00,0.5218,0.095,HOLD,,1,-1
2025-09-19 12:00:00,2025-09-19 08:00:00,0.5278,0.095,HOLD,,1,-1
2025-09-19 16:00:00,2025-09-19 12:00:00,0.5549,0.095,HOLD,,1,-1
2025-09-19 20:00:00,2025-09-19 16:00:00,0.5694,0.095,HOLD,,1,-1
2025-09-22 00:00:00,2025-09-19 20:00:00,0.5695,0.095,HOLD,,1,-1
2025-09-22 04:00:00,2025-09-22 00:00:00,0.5623,0.095,HOLD,,1,-1
2025-09-22 08:00:00,2025-09-22 04:00:00,0.5572,0.095,HOLD,,1,-1
2025-09-22 12:00:00,2025-09-22 08:00:00,0.5536,0.095,HOLD,,1,-1
2025-09-22 16:00:00,2025-09-22 12:00:00,0.5539,0.095,HOLD,,1,-1
2025-09-22 20:00:00,2025-09-22 16:00:00,0.5393,0.095,HOLD,,1,-1
2025-09-23 00:00:00,2025-09-22 20:00:00,0.5336,0.095,HOLD,,0,-1
2025-09-23 04:00:00,2025-09-23 00:00:00,0.523,0.095,HOLD,,1,-1
2025-09-23 08:00:00,2025-09-23 04:00:00,0.5189,0.095,HOLD,,0,-1
2025-09-23 12:00:00,2025-09-23 08:00:00,0.5143,0.095,HOLD,,0,-1
2025-09-23 16:00:00,2025-09-23 12:00:00,0.5062,0.095,HOLD,,0,-1
2025-09-23 20:00:00,2025-09-23 16:00:00,0.4961,0.095,HOLD,,0,-1
2025-09-24 00:00:00,2025-09-23 20:00:00,0.4901,0.095,HOLD,,0,-1
2025-09-24 04:00:00,2025-09-24 00:00:00,0.4949,0.095,HOLD,,0,-1
2025-09-24 08:00:00,2025-09-24 04:00:00,0.4996,0.095,HOLD,,0,-1
2025-09-24 12:00:00,2025-09-24 08:00:00,0.5022,0.095,HOLD,,0,-1
2025-09-24 16:00:00,2025-09-24 12:00:00,0.5135,0.095,HOLD,,0,-1
2025-09-24 20:00:00,2025-09-24 16:00:00,0.5285,0.095,HOLD,,0,-1
2025-09-25 00:00:00,2025-09-24 20:00:00,0.5289,0.095,HOLD,,0,-1
2025-09-25 04:00:00,2025-09-25 00:00:00,0.5248,0.095,HOLD,,0,-1
2025-09-25 08:00:00,2025-09-25 04:00:00,0.5218,0.095,HOLD,,0,-1
2025-09-25 12:00:00,2025-09-25 08:00:00,0.5246,0.095,HOLD,,0,-1
2025-09-25 16:00:00,2025-09-25 12:00:00,0.5282,0.095,HOLD,,1,-1
2025-09-25 20:00:00,2025-09-25 16:00:00,0.5202,0.095,HOLD,,1,-1
2025-09-26 00:00:00,2025-09-25 20:00:00,0.5367,0.095,HOLD,,1,-1
2025-09-26 04:00:00,2025-09-26 00:00:00,0.5346,0.095,HOLD,,1,-1
2025-09-26 08:00:00,2025-09-26 04:00:00,0.5289,0.095,HOLD,,1,-1
2025-09-26 12:00:00,2025-09-26 08:00:00,0.5266,0.095,HOLD,,1,-1
2025-09-26 16:00:00,2025-09-26 12:00:00,0.5184,0.095,HOLD,,1,-1
2025-09-26 20:00:00,2025-09-26 16:00:00,0.5153,0.095,HOLD,,1,-1
2025-09-29 00:00:00,2025-09-26 20:00:00,0.5047,0.095,HOLD,,0,-1
2025-09-29 04:00:00,2025-09-29 00:00:00,0.5099,0.095,HOLD,,1,-1
2025-09-29 08:00:00,2025-09-29 04:00:00,0.4862,0.095,HOLD,,1,-1
2025-09-29 12:00:00,2025-09-29 08:00:00,0.4501,0.095,HOLD,,0,-1
2025-09-29 16:00:00,2025-09-29 12:00:00,0.4549,0.095,HOLD,,1,-1
2025-09-29 20:00:00,2025-09-29 16:00:00,0.4744,0.095,HOLD,,1,-1
2025-09-30 00:00:00,2025-09-29 20:00:00,0.4581,0.095,HOLD,,1,-1
2025-09-30 04:00:00,2025-09-30 00:00:00,0.4679,0.095,HOLD,,1,-1
2025-09-30 08:00:00,2025-09-30 04:00:00,0.4666,0.095,HOLD,,0,-1
2025-09-30 12:00:00,2025-09-30 08:00:00,0.4638,0.095,HOLD,,1,-1
2025-09-30 16:00:00,2025-09-30 12:00:00,0.4565,0.095,HOLD,,0,-1
2025-09-30 20:00:00,2025-09-30 16:00:00,0.4599,0.095,HOLD,,0,-1
2025-10-01 00:00:00,2025-09-30 20:00:00,0.4621,0.095,HOLD,,0,-1
2025-10-01 04:00:00,2025-10-01 00:00:00,0.4715,0.095,HOLD,,0,-1
2025-10-01 08:00:00,2025-10-01 04:00:00,0.4719,0.095,HOLD,,1,-1
2025-10-01 12:00:00,2025-10-01 08:00:00,0.4921,0.095,HOLD,,0,-1
2025-10-01 16:00:00,2025-10-01 12:00:00,0.4816,0.095,HOLD,,0,-1
2025-10-01 20:00:00,2025-10-01 16:00:00,0.4627,0.095,HOLD,,0,-1
2025-10-02 00:00:00,2025-10-01 20:00:00,0.4615,0.095,HOLD,,0,-1
2025-10-02 04:00:00,2025-10-02 00:00:00,0.4727,0.095,HOLD,,0,-1
2025-10-02 08:00:00,2025-10-02 04:00:00,0.4876,0.095,HOLD,,0,-1
2025-10-02 12:00:00,2025-10-02 08:00:00,0.502,0.095,HOLD,,1,-1
2025-10-02 16:00:00,2025-10-02 12:00:00,0.5165,0.095,HOLD,,1,-1
2025-10-02 20:00:00,2025-10-02 16:00:00,0.5188,0.095,HOLD,,1,-1
2025-10-03 00:00:00,2025-10-02 20:00:00,0.5202,0.095,HOLD,,0,-1
2025-10-03 04:00:00,2025-10-03 00:00:00,0.5278,0.095,HOLD,,1,-1
2025-10-03 08:00:00,2025-10-03 04:00:00,0.5288,0.095,HOLD,,0,-1
2025-10-03 12:00:00,2025-10-03 08:00:00,0.527,0.095,HOLD,,0,-1
2025-10-03 16:00:00,2025-10-03 12:00:00,0.5295,0.095,HOLD,,0,-1
2025-10-03 20:00:00,2025-10-03 16:00:00,0.5381,0.095,HOLD,,0,-1
2025-10-06 00:00:00,2025-10-03 20:00:00,0.5331,0.095,HOLD,,0,-1
2025-10-06 04:00:00,2025-10-06 00:00:00,0.5262,0.095,HOLD,,0,-1
2025-10-06 08:00:00,2025-10-06 04:00:00,0.5204,0.095,HOLD,,0,-1
2025-10-06 12:00:00,2025-10-06 08:00:00,0.5124,0.095,HOLD,,0,-1
2025-10-06 16:00:00,2025-10-06 12:00:00,0.5137,0.095,HOLD,,0,-1
2025-10-06 20:00:00,2025-10-06 16:00:00,0.5056,0.095,HOLD,,0,-1
2025-10-07 00:00:00,2025-10-06 20:00:00,0.506,0.095,HOLD,,0,-1
2025-10-07 04:00:00,2025-10-07 00:00:00,0.5145,0.095,HOLD,,0,-1
2025-10-07 08:00:00,2025-10-07 04:00:00,0.522,0.095,HOLD,,0,-1
2025-10-07 12:00:00,2025-10-07 08:00:00,0.5219,0.095,HOLD,,0,-1
2025-10-07 16:00:00,2025-10-07 12:00:00,0.5363,0.095,HOLD,,0,-1
2025-10-07 20:00:00,2025-10-07 16:00:00,0.546,0.095,HOLD,,0,-1
2025-10-08 00:00:00,2025-10-07 20:00:00,0.5421,0.095,HOLD,,0,-1
2025-10-08 04:00:00,2025-10-08 00:00:00,0.5562,0.095,HOLD,,1,-1
2025-10-08 08:00:00,2025-10-08 04:00:00,0.5484,0.095,HOLD,,0,-1
2025-10-08 12:00:00,2025-10-08 08:00:00,0.5575,0.095,HOLD,,0,-1
2025-10-08 16:00:00,2025-10-08 12:00:00,0.5534,0.095,HOLD,,0,-1
2025-10-08 20:00:00,2025-10-08 16:00:00,0.5466,0.095,HOLD,,0,-1
2025-10-09 00:00:00,2025-10-08 20:00:00,0.5432,0.095,HOLD,,0,-1
2025-10-09 04:00:00,2025-10-09 00:00:00,0.5351,0.095,HOLD,,0,-1
2025-10-09 08:00:00,2025-10-09 04:00:00,0.5203,0.095,HOLD,,0,-1
2025-10-09 12:00:00,2025-10-09 08:00:00,0.5037,0.095,HOLD,,0,-1
2025-10-09 16:00:00,2025-10-09 12:00:00,0.4982,0.095,HOLD,,1,-1
2025-10-09 20:00:00,2025-10-09 16:00:00,0.4955,0.095,HOLD,,1,-1
2025-10-10 00:00:00,2025-10-09 20:00:00,0.4797,0.095,HOLD,,1,-1
2025-10-10 04:00:00,2025-10-10 00:00:00,0.4628,0.095,HOLD,,1,-1
2025-10-10 08:00:00,2025-10-10 04:00:00,0.4643,0.095,HOLD,,1,-1
2025-10-10 12:00:00,2025-10-10 08:00:00,0.4531,0.095,HOLD,,0,-1
2025-10-10 16:00:00,2025-10-10 12:00:00,0.4447,0.095,HOLD,,0,-1
2025-10-10 20:00:00,2025-10-10 16:00:00,0.4371,0.095,HOLD,,0,-1
2025-10-13 00:00:00,2025-10-10 20:00:00,0.4296,0.095,HOLD,,0,-1
2025-10-13 04:00:00,2025-10-13 00:00:00,0.4251,0.095,HOLD,,0,-1
2025-10-13 08:00:00,2025-10-13 04:00:00,0.4219,0.095,HOLD,,0,-1
2025-10-13 12:00:00,2025-10-13 08:00:00,0.4188,0.095,HOLD,,0,-1
2025-10-13 16:00:00,2025-10-13 12:00:00,0.4299,0.095,HOLD,,1,-1
2025-10-13 20:00:00,2025-10-13 16:00:00,0.4646,0.095,HOLD,,1,-1
2025-10-14 00:00:00,2025-10-13 20:00:00,0.4321,0.095,HOLD,,1,-1
2025-10-14 04:00:00,2025-10-14 00:00:00,0.4425,0.095,HOLD,,1,-1
2025-10-14 08:00:00,2025-10-14 04:00:00,0.4647,0.095,HOLD,,1,-1
2025-10-14 12:00:00,2025-10-14 08:00:00,0.4551,0.095,HOLD,,1,-1
2025-10-14 16:00:00,2025-10-14 12:00:00,0.4754,0.095,HOLD,,1,-1
2025-10-14 20:00:00,2025-10-14 16:00:00,0.5132,0.095,HOLD,,1,-1
2025-10-15 00:00:00,2025-10-14 20:00:00,0.5198,0.095,HOLD,,1,-1
2025-10-15 04:00:00,2025-10-15 00:00:00,0.512,0.095,HOLD,,1,-1
2025-10-15 08:00:00,2025-10-15 04:00:00,0.5023,0.095,HOLD,,1,-1
2025-10-15 12:00:00,2025-10-15 08:00:00,0.5038,0.095,HOLD,,1,-1
2025-10-15 16:00:00,2025-10-15 12:00:00,0.4916,0.095,HOLD,,1,-1
2025-10-15 20:00:00,2025-10-15 16:00:00,0.4891,0.095,HOLD,,1,-1
2025-10-16 00:00:00,2025-10-15 20:00:00,0.4918,0.095,HOLD,,1,-1
2025-10-16 04:00:00,2025-10-16 00:00:00,0.4876,0.095,HOLD,,1,-1
2025-10-16 08:00:00,2025-10-16 04:00:00,0.4939,0.095,HOLD,,1,-1
2025-10-16 12:00:00,2025-10-16 08:00:00,0.4992,0.095,HOLD,,1,-1
2025-10-16 16:00:00,2025-10-16 12:00:00,0.4961,0.095,HOLD,,0,-1
2025-10-16 20:00:00,2025-10-16 16:00:00,0.4863,0.095,HOLD,,0,-1
2025-10-17 00:00:00,2025-10-16 20:00:00,0.4893,0.095,HOLD,,0,-1
2025-10-17 04:00:00,2025-10-17 00:00:00,0.4803,0.095,HOLD,,0,-1
2025-10-17 08:00:00,2025-10-17 04:00:00,0.4834,0.095,HOLD,,0,-1
2025-10-17 12:00:00,2025-10-17 08:00:00,0.4828,0.095,HOLD,,0,-1
2025-10-17 16:00:00,2025-10-17 12:00:00,0.484,0.095,HOLD,,0,-1
2025-10-17 20:00:00,2025-10-17 16:00:00,0.4848,0.095,HOLD,,0,-1
2025-10-20 00:00:00,2025-10-17 20:00:00,0.4851,0.095,HOLD,,0,-1
2025-10-20 04:00:00,2025-10-20 00:00:00,0.4837,0.095,HOLD,,0,-1
2025-10-20 08:00:00,2025-10-20 04:00:00,0.4889,0.095,HOLD,,0,-1
2025-10-20 12:00:00,2025-10-20 08:00:00,0.4906,0.095,HOLD,,0,-1
2025-10-20 16:00:00,2025-10-20 12:00:00,0.4941,0.095,HOLD,,0,-1
2025-10-20 20:00:00,2025-10-20 16:00:00,0.4985,0.095,HOLD,,0,-1
2025-10-21 00:00:00,2025-10-20 20:00:00,0.5022,0.095,HOLD,,0,-1
2025-10-21 04:00:00,2025-10-21 00:00:00,0.506,0.095,HOLD,,0,-1
2025-10-21 08:00:00,2025-10-21 04:00:00,0.5036,0.095,HOLD,,0,-1
2025-10-21 12:00:00,2025-10-21 08:00:00,0.5091,0.095,HOLD,,0,-1
2025-10-21 16:00:00,2025-10-21 12:00:00,0.512,0.095,HOLD,,1,-1
2025-10-21 20:00:00,2025-10-21 16:00:00,0.4976,0.095,HOLD,,1,-1
2025-10-22 00:00:00,2025-10-21 20:00:00,0.4968,0.095,HOLD,,0,-1
2025-10-22 04:00:00,2025-10-22 00:00:00,0.5103,0.095,HOLD,,0,-1
2025-10-22 08:00:00,2025-10-22 04:00:00,0.5112,0.095,HOLD,,0,-1
2025-10-22 12:00:00,2025-10-22 08:00:00,0.5065,0.095,HOLD,,1,-1
2025-10-22 16:00:00,2025-10-22 12:00:00,0.51,0.095,HOLD,,0,-1
2025-10-22 20:00:00,2025-10-22 16:00:00,0.5095,0.095,HOLD,,1,-1
2025-10-23 00:00:00,2025-10-22 20:00:00,0.5006,0.095,HOLD,,1,-1
2025-10-23 04:00:00,2025-10-23 00:00:00,0.4958,0.095,HOLD,,1,-1
2025-10-23 08:00:00,2025-10-23 04:00:00,0.4993,0.095,HOLD,,1,-1
2025-10-23 12:00:00,2025-10-23 08:00:00,0.4959,0.095,HOLD,,1,-1
2025-10-23 16:00:00,2025-10-23 12:00:00,0.4749,0.095,HOLD,,1,-1
2025-10-23 20:00:00,2025-10-23 16:00:00,0.4489,0.095,HOLD,,1,-1
2025-10-24 00:00:00,2025-10-23 20:00:00,0.4481,0.095,HOLD,,1,-1
2025-10-24 04:00:00,2025-10-24 00:00:00,0.4605,0.095,HOLD,,1,-1
2025-10-24 08:00:00,2025-10-24 04:00:00,0.476,0.095,HOLD,,1,-1
2025-10-24 12:00:00,2025-10-24 08:00:00,0.4819,0.095,HOLD,,1,-1
2025-10-24 16:00:00,2025-10-24 12:00:00,0.4836,0.095,HOLD,,1,-1
2025-10-24 20:00:00,2025-10-24 16:00:00,0.4811,0.095,HOLD,,1,-1
2025-10-27 00:00:00,2025-10-24 20:00:00,0.4779,0.095,HOLD,,1,-1
2025-10-27 04:00:00,2025-10-27 00:00:00,0.4783,0.095,HOLD,,1,-1
2025-10-27 08:00:00,2025-10-27 04:00:00,0.4819,0.095,HOLD,,1,-1
2025-10-27 12:00:00,2025-10-27 08:00:00,0.4857,0.095,HOLD,,1,-1
2025-10-27 16:00:00,2025-10-27 12:00:00,0.4894,0.095,HOLD,,1,-1
2025-10-27 20:00:00,2025-10-27 16:00:00,0.491,0.095,HOLD,,1,-1
2025-10-28 00:00:00,2025-10-27 20:00:00,0.4926,0.095,HOLD,,0,-1
2025-10-28 04:00:00,2025-10-28 00:00:00,0.489,0.095,HOLD,,0,-1
2025-10-28 08:00:00,2025-10-28 04:00:00,0.4854,0.095,HOLD,,0,-1
2025-10-28 12:00:00,2025-10-28 08:00:00,0.4873,0.095,HOLD,,0,-1
2025-10-28 16:00:00,2025-10-28 12:00:00,0.492,0.095,HOLD,,0,-1
2025-10-28 20:00:00,2025-10-28 16:00:00,0.4973,0.095,HOLD,,0,-1
2025-10-29 00:00:00,2025-10-28 20:00:00,0.5001,0.095,HOLD,,0,-1
2025-10-29 04:00:00,2025-10-29 00:00:00,0.5091,0.095,HOLD,,0,-1
2025-10-29 08:00:00,2025-10-29 04:00:00,0.5131,0.095,HOLD,,0,-1
2025-10-29 12:00:00,2025-10-29 08:00:00,0.515,0.095,HOLD,,0,-1
2025-10-29 16:00:00,2025-10-29 12:00:00,0.5142,0.095,HOLD,,0,-1
2025-10-29 20:00:00,2025-10-29 16:00:00,0.5123,0.095,HOLD,,0,-1
2025-10-30 00:00:00,2025-10-29 20:00:00,0.5173,0.095,HOLD,,0,-1
2025-10-30 04:00:00,2025-10-30 00:00:00,0.519,0.095,HOLD,,0,-1
2025-10-30 08:00:00,2025-10-30 04:00:00,0.517,0.095,HOLD,,0,-1
2025-10-30 12:00:00,2025-10-30 08:00:00,0.5125,0.095,HOLD,,0,-1
2025-10-30 16:00:00,2025-10-30 12:00:00,0.5055,0.095,HOLD,,0,-1
2025-10-30 20:00:00,2025-10-30 16:00:00,0.4988,0.095,HOLD,,0,-1
2025-10-31 00:00:00,2025-10-30 20:00:00,0.4994,0.095,HOLD,,0,-1
2025-10-31 04:00:00,2025-10-31 00:00:00,0.5136,0.095,HOLD,,0,-1
2025-10-31 08:00:00,2025-10-31 04:00:00,0.5158,0.095,HOLD,,0,-1
2025-10-31 12:00:00,2025-10-31 08:00:00,0.5143,0.095,HOLD,,0,-1
2025-10-31 16:00:00,2025-10-31 12:00:00,0.5106,0.095,HOLD,,1,-1
2025-10-31 20:00:00,2025-10-31 16:00:00,0.5154,0.095,HOLD,,0,-1
2025-11-03 00:00:00,2025-10-31 20:00:00,0.5152,0.095,HOLD,,0,-1
2025-11-03 04:00:00,2025-11-03 00:00:00,0.5094,0.095,HOLD,,0,-1
2025-11-03 08:00:00,2025-11-03 04:00:00,0.5094,0.095,HOLD,,0,-1
2025-11-03 12:00:00,2025-11-03 08:00:00,0.51,0.095,HOLD,,0,-1
2025-11-03 16:00:00,2025-11-03 12:00:00,0.4965,0.095,HOLD,,0,-1
2025-11-03 20:00:00,2025-11-03 16:00:00,0.4947,0.095,HOLD,,0,-1
2025-11-04 00:00:00,2025-11-03 20:00:00,0.4841,0.095,HOLD,,0,-1
2025-11-04 04:00:00,2025-11-04 00:00:00,0.4847,0.095,HOLD,,0,-1
2025-11-04 08:00:00,2025-11-04 04:00:00,0.4885,0.095,HOLD,,0,-1
2025-11-04 12:00:00,2025-11-04 08:00:00,0.4901,0.095,HOLD,,0,-1
2025-11-04 16:00:00,2025-11-04 12:00:00,0.4905,0.095,HOLD,,0,-1
2025-11-04 20:00:00,2025-11-04 16:00:00,0.4924,0.095,HOLD,,1,-1
2025-11-05 00:00:00,2025-11-04 20:00:00,0.4924,0.095,HOLD,,1,-1
2025-11-05 04:00:00,2025-11-05 00:00:00,0.494,0.095,HOLD,,1,-1
2025-11-05 08:00:00,2025-11-05 04:00:00,0.4942,0.095,HOLD,,1,-1
2025-11-05 12:00:00,2025-11-05 08:00:00,0.4992,0.095,HOLD,,1,-1
2025-11-05 16:00:00,2025-11-05 12:00:00,0.5129,0.095,HOLD,,1,-1
2025-11-05 20:00:00,2025-11-05 16:00:00,0.5186,0.095,HOLD,,1,-1
2025-11-06 00:00:00,2025-11-05 20:00:00,0.5165,0.095,HOLD,,1,-1
2025-11-06 04:00:00,2025-11-06 00:00:00,0.5297,0.095,HOLD,,1,-1
2025-11-06 08:00:00,2025-11-06 04:00:00,0.5179,0.095,HOLD,,1,-1
2025-11-06 12:00:00,2025-11-06 08:00:00,0.5075,0.095,HOLD,,1,-1
2025-11-06 16:00:00,2025-11-06 12:00:00,0.5045,0.095,HOLD,,1,-1
2025-11-06 20:00:00,2025-11-06 16:00:00,0.5205,0.095,HOLD,,1,-1
2025-11-07 00:00:00,2025-11-06 20:00:00,0.509,0.095,HOLD,,1,-1
2025-11-07 04:00:00,2025-11-07 00:00:00,0.5003,0.095,HOLD,,1,-1
2025-11-07 08:00:00,2025-11-07 04:00:00,0.4965,0.095,HOLD,,1,-1
2025-11-07 12:00:00,2025-11-07 08:00:00,0.4899,0.095,HOLD,,1,-1
2025-11-07 16:00:00,2025-11-07 12:00:00,0.478,0.095,HOLD,,0,-1
2025-11-07 20:00:00,2025-11-07 16:00:00,0.4768,0.095,HOLD,,0,-1
2025-11-10 00:00:00,2025-11-07 20:00:00,0.4626,0.095,HOLD,,0,-1
2025-11-10 04:00:00,2025-11-10 00:00:00,0.468,0.095,HOLD,,0,-1
2025-11-10 08:00:00,2025-11-10 04:00:00,0.4626,0.095,HOLD,,0,-1
2025-11-10 12:00:00,2025-11-10 08:00:00,0.4658,0.095,HOLD,,1,-1
2025-11-10 16:00:00,2025-11-10 12:00:00,0.4693,0.095,HOLD,,1,-1
2025-11-10 20:00:00,2025-11-10 16:00:00,0.4674,0.095,HOLD,,1,-1
2025-11-11 00:00:00,2025-11-10 20:00:00,0.4656,0.095,HOLD,,1,-1
2025-11-11 04:00:00,2025-11-11 00:00:00,0.4651,0.095,HOLD,,1,-1
2025-11-11 08:00:00,2025-11-11 04:00:00,0.4678,0.095,HOLD,,1,-1
2025-11-11 12:00:00,2025-11-11 08:00:00,0.469,0.095,HOLD,,0,-1
2025-11-11 16:00:00,2025-11-11 12:00:00,0.4745,0.095,HOLD,,0,-1
2025-11-11 20:00:00,2025-11-11 16:00:00,0.4676,0.095,HOLD,,1,-1
2025-11-12 00:00:00,2025-11-11 20:00:00,0.4557,0.095,HOLD,,1,-1
2025-11-12 04:00:00,2025-11-12 00:00:00,0.4478,0.095,HOLD,,1,-1
2025-11-12 08:00:00,2025-11-12 04:00:00,0.452,0.095,HOLD,,1,-1
2025-11-12 12:00:00,2025-11-12 08:00:00,0.4612,0.095,HOLD,,1,-1
2025-11-12 16:00:00,2025-11-12 12:00:00,0.4661,0.095,HOLD,,1,-1
2025-11-12 20:00:00,2025-11-12 16:00:00,0.4592,0.095,HOLD,,1,-1
2025-11-13 00:00:00,2025-11-12 20:00:00,0.4437,0.095,HOLD,,1,-1
2025-11-13 04:00:00,2025-11-13 00:00:00,0.4472,0.095,HOLD,,1,-1
2025-11-13 08:00:00,2025-11-13 04:00:00,0.4486,0.095,HOLD,,1,-1
2025-11-13 12:00:00,2025-11-13 08:00:00,0.4518,0.095,HOLD,,1,-1
2025-11-13 16:00:00,2025-11-13 12:00:00,0.4507,0.095,HOLD,,0,-1
2025-11-13 20:00:00,2025-11-13 16:00:00,0.4402,0.095,HOLD,,0,-1
2025-11-14 00:00:00,2025-11-13 20:00:00,0.4406,0.095,HOLD,,0,-1
2025-11-14 04:00:00,2025-11-14 00:00:00,0.4368,0.095,HOLD,,0,-1
2025-11-14 08:00:00,2025-11-14 04:00:00,0.4282,0.095,HOLD,,0,-1
2025-11-14 12:00:00,2025-11-14 08:00:00,0.414,0.095,HOLD,,0,-1
2025-11-14 16:00:00,2025-11-14 12:00:00,0.3902,0.095,SELL,True,0,0
2025-11-14 20:00:00,2025-11-14 16:00:00,0.3705,0.095,SELL,True,0,0
2025-11-17 00:00:00,2025-11-14 20:00:00,0.38,0.095,SELL,True,0,0
2025-11-17 04:00:00,2025-11-17 00:00:00,0.3705,0.095,SELL,True,0,0
2025-11-17 08:00:00,2025-11-17 04:00:00,0.3557,0.095,SELL,True,0,0
2025-11-17 12:00:00,2025-11-17 08:00:00,0.3539,0.095,SELL,False,1,0
2025-11-17 16:00:00,2025-11-17 12:00:00,0.3517,0.095,SELL,True,0,0
2025-11-17 20:00:00,2025-11-17 16:00:00,0.3554,0.095,SELL,True,0,0
2025-11-18 00:00:00,2025-11-17 20:00:00,0.3526,0.095,SELL,True,0,0
2025-11-18 04:00:00,2025-11-18 00:00:00,0.3552,0.095,SELL,True,0,0
2025-11-18 08:00:00,2025-11-18 04:00:00,0.3573,0.095,SELL,True,0,0
2025-11-18 12:00:00,2025-11-18 08:00:00,0.3619,0.095,SELL,True,0,0
2025-11-18 16:00:00,2025-11-18 12:00:00,0.3673,0.095,SELL,True,0,0
2025-11-18 20:00:00,2025-11-18 16:00:00,0.3801,0.095,SELL,True,0,0
2025-11-19 00:00:00,2025-11-18 20:00:00,0.4022,0.095,SELL,True,0,0
2025-11-19 04:00:00,2025-11-19 00:00:00,0.3922,0.095,SELL,True,0,0
2025-11-19 08:00:00,2025-11-19 04:00:00,0.3958,0.095,SELL,True,0,0
2025-11-19 12:00:00,2025-11-19 08:00:00,0.4072,0.095,HOLD,,0,-1
2025-11-19 16:00:00,2025-11-19 12:00:00,0.4178,0.095,HOLD,,0,-1
2025-11-19 20:00:00,2025-11-19 16:00:00,0.4281,0.095,HOLD,,0,-1
2025-11-20 00:00:00,2025-11-19 20:00:00,0.4283,0.095,HOLD,,1,-1
2025-11-20 04:00:00,2025-11-20 00:00:00,0.4342,0.095,HOLD,,1,-1
2025-11-20 08:00:00,2025-11-20 04:00:00,0.4366,0.095,HOLD,,0,-1
2025-11-20 12:00:00,2025-11-20 08:00:00,0.4455,0.095,HOLD,,0,-1
2025-11-20 16:00:00,2025-11-20 12:00:00,0.4542,0.095,HOLD,,0,-1
2025-11-20 20:00:00,2025-11-20 16:00:00,0.452,0.095,HOLD,,0,-1
2025-11-21 00:00:00,2025-11-20 20:00:00,0.484,0.095,HOLD,,0,-1
2025-11-21 04:00:00,2025-11-21 00:00:00,0.5053,0.095,HOLD,,0,-1
2025-11-21 08:00:00,2025-11-21 04:00:00,0.4929,0.095,HOLD,,1,-1
2025-11-21 12:00:00,2025-11-21 08:00:00,0.5151,0.095,HOLD,,1,-1
2025-11-21 16:00:00,2025-11-21 12:00:00,0.5279,0.095,HOLD,,1,-1
2025-11-21 20:00:00,2025-11-21 16:00:00,0.5283,0.095,HOLD,,1,-1
2025-11-24 00:00:00,2025-11-21 20:00:00,0.5362,0.095,HOLD,,1,-1
2025-11-24 04:00:00,2025-11-24 00:00:00,0.5444,0.095,HOLD,,0,-1
2025-11-24 08:00:00,2025-11-24 04:00:00,0.545,0.095,HOLD,,1,-1
2025-11-24 12:00:00,2025-11-24 08:00:00,0.5493,0.095,HOLD,,1,-1
2025-11-24 16:00:00,2025-11-24 12:00:00,0.5509,0.095,HOLD,,1,-1
2025-11-24 20:00:00,2025-11-24 16:00:00,0.5556,0.095,HOLD,,1,-1
2025-11-25 00:00:00,2025-11-24 20:00:00,0.5527,0.095,HOLD,,1,-1
2025-11-25 04:00:00,2025-11-25 00:00:00,0.5471,0.095,HOLD,,1,-1
2025-11-25 08:00:00,2025-11-25 04:00:00,0.5431,0.095,HOLD,,1,-1
2025-11-25 12:00:00,2025-11-25 08:00:00,0.5475,0.095,HOLD,,0,-1
2025-11-25 16:00:00,2025-11-25 12:00:00,0.5457,0.095,HOLD,,1,-1
2025-11-25 20:00:00,2025-11-25 16:00:00,0.5332,0.095,HOLD,,1,-1
2025-11-26 00:00:00,2025-11-25 20:00:00,0.5291,0.095,HOLD,,1,-1
2025-11-26 04:00:00,2025-11-26 00:00:00,0.5176,0.095,HOLD,,1,-1
2025-11-26 08:00:00,2025-11-26 04:00:00,0.4977,0.095,HOLD,,1,-1
2025-11-26 12:00:00,2025-11-26 08:00:00,0.4944,0.095,HOLD,,1,-1
2025-11-26 16:00:00,2025-11-26 12:00:00,0.486,0.095,HOLD,,1,-1
2025-11-26 20:00:00,2025-11-26 16:00:00,0.4688,0.095,HOLD,,0,-1
2025-11-27 00:00:00,2025-11-26 20:00:00,0.4664,0.095,HOLD,,0,-1
2025-11-27 04:00:00,2025-11-27 00:00:00,0.4481,0.095,HOLD,,0,-1
2025-11-27 08:00:00,2025-11-27 04:00:00,0.4431,0.095,HOLD,,0,-1
2025-11-27 12:00:00,2025-11-27 08:00:00,0.4402,0.095,HOLD,,0,-1
2025-11-27 16:00:00,2025-11-27 12:00:00,0.4346,0.095,HOLD,,1,-1
2025-11-27 20:00:00,2025-11-27 16:00:00,0.4372,0.095,HOLD,,1,-1
2025-11-28 00:00:00,2025-11-27 20:00:00,0.4295,0.095,HOLD,,1,-1
2025-11-28 04:00:00,2025-11-28 00:00:00,0.4262,0.095,HOLD,,1,-1
2025-11-28 08:00:00,2025-11-28 04:00:00,0.431,0.095,HOLD,,1,-1
2025-11-28 12:00:00,2025-11-28 08:00:00,0.4322,0.095,HOLD,,1,-1
2025-11-28 16:00:00,2025-11-28 12:00:00,0.4386,0.095,HOLD,,1,-1
2025-11-28 20:00:00,2025-11-28 16:00:00,0.4548,0.095,HOLD,,1,-1
2025-12-01 00:00:00,2025-11-28 20:00:00,0.4643,0.095,HOLD,,1,-1
2025-12-01 04:00:00,2025-12-01 00:00:00,0.4679,0.095,HOLD,,1,-1
2025-12-01 08:00:00,2025-12-01 04:00:00,0.4765,0.095,HOLD,,0,-1
2025-12-01 12:00:00,2025-12-01 08:00:00,0.4751,0.095,HOLD,,0,-1
2025-12-01 16:00:00,2025-12-01 12:00:00,0.481,0.095,HOLD,,0,-1
2025-12-01 20:00:00,2025-12-01 16:00:00,0.4778,0.095,HOLD,,1,-1
2025-12-02 00:00:00,2025-12-01 20:00:00,0.478,0.095,HOLD,,1,-1
2025-12-02 04:00:00,2025-12-02 00:00:00,0.4631,0.095,HOLD,,1,-1
2025-12-02 08:00:00,2025-12-02 04:00:00,0.4563,0.095,HOLD,,1,-1
2025-12-02 12:00:00,2025-12-02 08:00:00,0.451,0.095,HOLD,,1,-1
2025-12-02 16:00:00,2025-12-02 12:00:00,0.4416,0.095,HOLD,,1,-1
2025-12-02 20:00:00,2025-12-02 16:00:00,0.4412,0.095,HOLD,,1,-1
2025-12-03 00:00:00,2025-12-02 20:00:00,0.444,0.095,HOLD,,1,-1
2025-12-03 04:00:00,2025-12-03 00:00:00,0.443,0.095,HOLD,,1,-1
2025-12-03 08:00:00,2025-12-03 04:00:00,0.4387,0.095,HOLD,,1,-1
2025-12-03 12:00:00,2025-12-03 08:00:00,0.4374,0.095,HOLD,,0,-1
2025-12-03 16:00:00,2025-12-03 12:00:00,0.4426,0.095,HOLD,,0,-1
2025-12-03 20:00:00,2025-12-03 16:00:00,0.4499,0.095,HOLD,,0,-1
2025-12-04 00:00:00,2025-12-03 20:00:00,0.4459,0.095,HOLD,,0,-1
2025-12-04 04:00:00,2025-12-04 00:00:00,0.4494,0.095,HOLD,,0,-1
2025-12-04 08:00:00,2025-12-04 04:00:00,0.4478,0.095,HOLD,,0,-1
2025-12-04 12:00:00,2025-12-04 08:00:00,0.4465,0.095,HOLD,,0,-1
2025-12-04 16:00:00,2025-12-04 12:00:00,0.4521,0.095,HOLD,,0,-1
2025-12-04 20:00:00,2025-12-04 16:00:00,0.4516,0.095,HOLD,,0,-1
2025-12-05 00:00:00,2025-12-04 20:00:00,0.4464,0.095,HOLD,,0,-1
2025-12-05 04:00:00,2025-12-05 00:00:00,0.443,0.095,HOLD,,0,-1
2025-12-05 08:00:00,2025-12-05 04:00:00,0.4474,0.095,HOLD,,0,-1
2025-12-05 12:00:00,2025-12-05 08:00:00,0.4449,0.095,HOLD,,0,-1
2025-12-05 16:00:00,2025-12-05 12:00:00,0.4572,0.095,HOLD,,0,-1
2025-12-05 20:00:00,2025-12-05 16:00:00,0.4349,0.095,HOLD,,0,-1
2025-12-08 00:00:00,2025-12-05 20:00:00,0.4675,0.095,HOLD,,0,-1
2025-12-08 04:00:00,2025-12-08 00:00:00,0.4742,0.095,HOLD,,0,-1
2025-12-08 08:00:00,2025-12-08 04:00:00,0.4731,0.095,HOLD,,1,-1
2025-12-08 12:00:00,2025-12-08 08:00:00,0.4764,0.095,HOLD,,0,-1
2025-12-08 16:00:00,2025-12-08 12:00:00,0.4833,0.095,HOLD,,0,-1
2025-12-08 20:00:00,2025-12-08 16:00:00,0.5003,0.095,HOLD,,0,-1
2025-12-09 00:00:00,2025-12-08 20:00:00,0.5069,0.095,HOLD,,0,-1
2025-12-09 04:00:00,2025-12-09 00:00:00,0.5069,0.095,HOLD,,0,-1
2025-12-09 08:00:00,2025-12-09 04:00:00,0.5055,0.095,HOLD,,0,-1
2025-12-09 12:00:00,2025-12-09 08:00:00,0.5031,0.095,HOLD,,1,-1
2025-12-09 16:00:00,2025-12-09 12:00:00,0.4923,0.095,HOLD,,1,-1
2025-12-09 20:00:00,2025-12-09 16:00:00,0.481,0.095,HOLD,,1,-1
2025-12-10 00:00:00,2025-12-09 20:00:00,0.4747,0.095,HOLD,,1,-1
2025-12-10 04:00:00,2025-12-10 00:00:00,0.4904,0.095,HOLD,,1,-1
2025-12-10 08:00:00,2025-12-10 04:00:00,0.5001,0.095,HOLD,,1,-1
2025-12-10 12:00:00,2025-12-10 08:00:00,0.5006,0.095,HOLD,,1,-1
2025-12-10 16:00:00,2025-12-10 12:00:00,0.4995,0.095,HOLD,,1,-1
2025-12-10 20:00:00,2025-12-10 16:00:00,0.4983,0.095,HOLD,,1,-1
2025-12-11 00:00:00,2025-12-10 20:00:00,0.4935,0.095,HOLD,,1,-1
2025-12-11 04:00:00,2025-12-11 00:00:00,0.4907,0.095,HOLD,,1,-1
2025-12-11 08:00:00,2025-12-11 04:00:00,0.4868,0.095,HOLD,,1,-1
2025-12-11 12:00:00,2025-12-11 08:00:00,0.4814,0.095,HOLD,,0,-1
2025-12-11 16:00:00,2025-12-11 12:00:00,0.4769,0.095,HOLD,,0,-1
2025-12-11 20:00:00,2025-12-11 16:00:00,0.4736,0.095,HOLD,,1,-1
2025-12-12 00:00:00,2025-12-11 20:00:00,0.4658,0.095,HOLD,,1,-1
2025-12-12 04:00:00,2025-12-12 00:00:00,0.4592,0.095,HOLD,,0,-1
2025-12-12 08:00:00,2025-12-12 04:00:00,0.452,0.095,HOLD,,1,-1
2025-12-12 12:00:00,2025-12-12 08:00:00,0.4448,0.095,HOLD,,1,-1
2025-12-12 16:00:00,2025-12-12 12:00:00,0.4477,0.095,HOLD,,0,-1
2025-12-12 20:00:00,2025-12-12 16:00:00,0.4452,0.095,HOLD,,1,-1
2025-12-15 00:00:00,2025-12-12 20:00:00,0.4458,0.095,HOLD,,1,-1
2025-12-15 04:00:00,2025-12-15 00:00:00,0.4453,0.095,HOLD,,1,-1
2025-12-15 08:00:00,2025-12-15 04:00:00,0.4407,0.095,HOLD,,1,-1
2025-12-15 12:00:00,2025-12-15 08:00:00,0.4384,0.095,HOLD,,1,-1
2025-12-15 16:00:00,2025-12-15 12:00:00,0.4528,0.095,HOLD,,1,-1
2025-12-15 20:00:00,2025-12-15 16:00:00,0.4571,0.095,HOLD,,0,-1
2025-12-16 00:00:00,2025-12-15 20:00:00,0.456,0.095,HOLD,,0,-1
2025-12-16 04:00:00,2025-12-16 00:00:00,0.4561,0.095,HOLD,,0,-1
2025-12-16 08:00:00,2025-12-16 04:00:00,0.456,0.095,HOLD,,0,-1
2025-12-16 12:00:00,2025-12-16 08:00:00,0.4601,0.095,HOLD,,0,-1
2025-12-16 16:00:00,2025-12-16 12:00:00,0.4648,0.095,HOLD,,0,-1
2025-12-16 20:00:00,2025-12-16 16:00:00,0.4634,0.095,HOLD,,0,-1
2025-12-17 00:00:00,2025-12-16 20:00:00,0.4659,0.095,HOLD,,0,-1
2025-12-17 04:00:00,2025-12-17 00:00:00,0.4655,0.095,HOLD,,1,-1
2025-12-17 08:00:00,2025-12-17 04:00:00,0.4665,0.095,HOLD,,1,-1
2025-12-17 12:00:00,2025-12-17 08:00:00,0.4626,0.095,HOLD,,1,-1
2025-12-17 16:00:00,2025-12-17 12:00:00,0.455,0.095,HOLD,,0,-1
2025-12-17 20:00:00,2025-12-17 16:00:00,0.453,0.095,HOLD,,0,-1
2025-12-18 00:00:00,2025-12-17 20:00:00,0.4509,0.095,HOLD,,0,-1
2025-12-18 04:00:00,2025-12-18 00:00:00,0.4497,0.095,HOLD,,0,-1
2025-12-18 08:00:00,2025-12-18 04:00:00,0.4557,0.095,HOLD,,0,-1
2025-12-18 12:00:00,2025-12-18 08:00:00,0.4604,0.095,HOLD,,0,-1
2025-12-18 16:00:00,2025-12-18 12:00:00,0.4539,0.095,HOLD,,1,-1
2025-12-18 20:00:00,2025-12-18 16:00:00,0.4654,0.095,HOLD,,0,-1
2025-12-19 00:00:00,2025-12-18 20:00:00,0.4879,0.095,HOLD,,0,-1
2025-12-19 04:00:00,2025-12-19 00:00:00,0.4951,0.095,HOLD,,0,-1
2025-12-19 08:00:00,2025-12-19 04:00:00,0.4905,0.095,HOLD,,1,-1
2025-12-19 12:00:00,2025-12-19 08:00:00,0.4856,0.095,HOLD,,1,-1
2025-12-19 16:00:00,2025-12-19 12:00:00,0.4827,0.095,HOLD,,1,-1
2025-12-19 20:00:00,2025-12-19 16:00:00,0.4771,0.095,HOLD,,1,-1
2025-12-22 00:00:00,2025-12-19 20:00:00,0.4769,0.095,HOLD,,1,-1
2025-12-22 04:00:00,2025-12-22 00:00:00,0.4779,0.095,HOLD,,1,-1
2025-12-22 08:00:00,2025-12-22 04:00:00,0.4706,0.095,HOLD,,1,-1
2025-12-22 12:00:00,2025-12-22 08:00:00,0.4689,0.095,HOLD,,1,-1
2025-12-22 16:00:00,2025-12-22 12:00:00,0.4696,0.095,HOLD,,1,-1
2025-12-22 20:00:00,2025-12-22 16:00:00,0.469,0.095,HOLD,,1,-1
2025-12-23 00:00:00,2025-12-22 20:00:00,0.4747,0.095,HOLD,,1,-1
2025-12-23 04:00:00,2025-12-23 00:00:00,0.4839,0.095,HOLD,,1,-1
2025-12-23 08:00:00,2025-12-23 04:00:00,0.4913,0.095,HOLD,,1,-1
2025-12-23 12:00:00,2025-12-23 08:00:00,0.4958,0.095,HOLD,,1,-1
2025-12-23 16:00:00,2025-12-23 12:00:00,0.5069,0.095,HOLD,,1,-1
2025-12-23 20:00:00,2025-12-23 16:00:00,0.513,0.095,HOLD,,0,-1
2025-12-24 00:00:00,2025-12-23 20:00:00,0.5206,0.095,HOLD,,0,-1
2025-12-24 04:00:00,2025-12-24 00:00:00,0.5226,0.095,HOLD,,0,-1
2025-12-24 08:00:00,2025-12-24 04:00:00,0.5217,0.095,HOLD,,0,-1
2025-12-24 12:00:00,2025-12-24 08:00:00,0.5215,0.095,HOLD,,1,-1
2025-12-24 16:00:00,2025-12-24 12:00:00,0.5256,0.095,HOLD,,0,-1
2025-12-24 20:00:00,2025-12-24 16:00:00,0.526,0.095,HOLD,,0,-1
2025-12-26 00:00:00,2025-12-24 20:00:00,0.5315,0.095,HOLD,,0,-1
2025-12-26 04:00:00,2025-12-26 00:00:00,0.5361,0.095,HOLD,,0,-1
2025-12-26 08:00:00,2025-12-26 04:00:00,0.5362,0.095,HOLD,,1,-1
2025-12-26 12:00:00,2025-12-26 08:00:00,0.5425,0.095,HOLD,,0,-1
2025-12-26 16:00:00,2025-12-26 12:00:00,0.5457,0.095,HOLD,,0,-1
2025-12-26 20:00:00,2025-12-26 16:00:00,0.5436,0.095,HOLD,,1,-1
2025-12-29 00:00:00,2025-12-26 20:00:00,0.5485,0.095,HOLD,,0,-1
2025-12-29 04:00:00,2025-12-29 00:00:00,0.5481,0.095,HOLD,,1,-1
2025-12-29 08:00:00,2025-12-29 04:00:00,0.545,0.095,HOLD,,0,-1
2025-12-29 12:00:00,2025-12-29 08:00:00,0.5401,0.095,HOLD,,0,-1
2025-12-29 16:00:00,2025-12-29 12:00:00,0.5286,0.095,HOLD,,1,-1
2025-12-29 20:00:00,2025-12-29 16:00:00,0.5168,0.095,HOLD,,0,-1
2025-12-30 00:00:00,2025-12-29 20:00:00,0.5062,0.095,HOLD,,0,-1
2025-12-30 04:00:00,2025-12-30 00:00:00,0.4977,0.095,HOLD,,0,-1
2025-12-30 08:00:00,2025-12-30 04:00:00,0.4832,0.095,HOLD,,0,-1
2025-12-30 12:00:00,2025-12-30 08:00:00,0.4692,0.095,HOLD,,0,-1
2025-12-30 16:00:00,2025-12-30 12:00:00,0.4568,0.095,HOLD,,0,-1
2025-12-30 20:00:00,2025-12-30 16:00:00,0.455,0.095,HOLD,,0,-1
2025-12-31 00:00:00,2025-12-30 20:00:00,0.4495,0.095,HOLD,,1,-1
2026-01-02 00:00:00,2025-12-31 20:00:00,0.506,0.07,HOLD,,0,-1
2026-01-02 04:00:00,2026-01-02 00:00:00,0.5078,0.07,HOLD,,0,-1
2026-01-02 08:00:00,2026-01-02 04:00:00,0.5119,0.07,HOLD,,0,-1
2026-01-02 12:00:00,2026-01-02 08:00:00,0.5168,0.07,HOLD,,0,-1
2026-01-02 16:00:00,2026-01-02 12:00:00,0.5265,0.07,HOLD,,0,-1
2026-01-02 20:00:00,2026-01-02 16:00:00,0.5247,0.07,HOLD,,1,-1
2026-01-05 00:00:00,2026-01-02 20:00:00,0.5256,0.07,HOLD,,1,-1
2026-01-05 04:00:00,2026-01-05 00:00:00,0.53,0.07,HOLD,,1,-1
2026-01-05 08:00:00,2026-01-05 04:00:00,0.5407,0.07,HOLD,,1,-1
2026-01-05 12:00:00,2026-01-05 08:00:00,0.5408,0.07,HOLD,,1,-1
2026-01-05 16:00:00,2026-01-05 12:00:00,0.5434,0.07,HOLD,,0,-1
2026-01-05 20:00:00,2026-01-05 16:00:00,0.5471,0.07,HOLD,,0,-1
2026-01-06 00:00:00,2026-01-05 20:00:00,0.5485,0.07,HOLD,,0,-1
2026-01-06 04:00:00,2026-01-06 00:00:00,0.5362,0.07,HOLD,,0,-1
2026-01-06 08:00:00,2026-01-06 04:00:00,0.5381,0.07,HOLD,,0,-1
2026-01-06 12:00:00,2026-01-06 08:00:00,0.5411,0.07,HOLD,,0,-1
2026-01-06 16:00:00,2026-01-06 12:00:00,0.5405,0.07,HOLD,,0,-1
2026-01-06 20:00:00,2026-01-06 16:00:00,0.5372,0.07,HOLD,,0,-1
2026-01-07 00:00:00,2026-01-06 20:00:00,0.5336,0.07,HOLD,,0,-1
2026-01-07 04:00:00,2026-01-07 00:00:00,0.5315,0.07,HOLD,,0,-1
2026-01-07 08:00:00,2026-01-07 04:00:00,0.5296,0.07,HOLD,,0,-1
2026-01-07 12:00:00,2026-01-07 08:00:00,0.5247,0.07,HOLD,,0,-1
2026-01-07 16:00:00,2026-01-07 12:00:00,0.5233,0.07,HOLD,,0,-1
2026-01-07 20:00:00,2026-01-07 16:00:00,0.5184,0.07,HOLD,,0,-1
2026-01-08 00:00:00,2026-01-07 20:00:00,0.5136,0.07,HOLD,,0,-1
2026-01-08 04:00:00,2026-01-08 00:00:00,0.5087,0.07,HOLD,,0,-1
2026-01-08 08:00:00,2026-01-08 04:00:00,0.5054,0.07,HOLD,,0,-1
2026-01-08 12:00:00,2026-01-08 08:00:00,0.5011,0.07,HOLD,,0,-1
2026-01-08 16:00:00,2026-01-08 12:00:00,0.4958,0.07,HOLD,,0,-1
2026-01-08 20:00:00,2026-01-08 16:00:00,0.4925,0.07,HOLD,,0,-1
2026-01-09 00:00:00,2026-01-08 20:00:00,0.4868,0.07,HOLD,,1,-1
2026-01-09 04:00:00,2026-01-09 00:00:00,0.4816,0.07,HOLD,,1,-1
2026-01-09 08:00:00,2026-01-09 04:00:00,0.4828,0.07,HOLD,,1,-1
2026-01-09 12:00:00,2026-01-09 08:00:00,0.4801,0.07,HOLD,,1,-1
2026-01-09 16:00:00,2026-01-09 12:00:00,0.4728,0.07,HOLD,,1,-1
2026-01-09 20:00:00,2026-01-09 16:00:00,0.4728,0.07,HOLD,,1,-1
2026-01-12 00:00:00,2026-01-09 20:00:00,0.4763,0.07,HOLD,,1,-1
2026-01-12 04:00:00,2026-01-12 00:00:00,0.4744,0.07,HOLD,,0,-1
2026-01-12 08:00:00,2026-01-12 04:00:00,0.4721,0.07,HOLD,,0,-1
2026-01-12 12:00:00,2026-01-12 08:00:00,0.4703,0.07,HOLD,,0,-1
2026-01-12 16:00:00,2026-01-12 12:00:00,0.4733,0.07,HOLD,,0,-1
2026-01-12 20:00:00,2026-01-12 16:00:00,0.4743,0.07,HOLD,,0,-1
2026-01-13 00:00:00,2026-01-12 20:00:00,0.4764,0.07,HOLD,,0,-1
2026-01-13 04:00:00,2026-01-13 00:00:00,0.4793,0.07,HOLD,,0,-1
2026-01-13 08:00:00,2026-01-13 04:00:00,0.4808,0.07,HOLD,,0,-1
2026-01-13 12:00:00,2026-01-13 08:00:00,0.4839,0.07,HOLD,,0,-1
2026-01-13 16:00:00,2026-01-13 12:00:00,0.4855,0.07,HOLD,,1,-1
2026-01-13 20:00:00,2026-01-13 16:00:00,0.4866,0.07,HOLD,,1,-1
2026-01-14 00:00:00,2026-01-13 20:00:00,0.4899,0.07,HOLD,,1,-1
2026-01-14 04:00:00,2026-01-14 00:00:00,0.4857,0.07,HOLD,,0,-1
2026-01-14 08:00:00,2026-01-14 04:00:00,0.4855,0.07,HOLD,,0,-1
2026-01-14 12:00:00,2026-01-14 08:00:00,0.489,0.07,HOLD,,0,-1
2026-01-14 16:00:00,2026-01-14 12:00:00,0.492,0.07,HOLD,,0,-1
2026-01-14 20:00:00,2026-01-14 16:00:00,0.4925,0.07,HOLD,,0,-1
2026-01-15 00:00:00,2026-01-14 20:00:00,0.4966,0.07,HOLD,,0,-1
2026-01-15 04:00:00,2026-01-15 00:00:00,0.4903,0.07,HOLD,,0,-1
2026-01-15 08:00:00,2026-01-15 04:00:00,0.4852,0.07,HOLD,,0,-1
2026-01-15 12:00:00,2026-01-15 08:00:00,0.4853,0.07,HOLD,,1,-1
2026-01-15 16:00:00,2026-01-15 12:00:00,0.4863,0.07,HOLD,,0,-1
2026-01-15 20:00:00,2026-01-15 16:00:00,0.4838,0.07,HOLD,,0,-1
2026-01-16 00:00:00,2026-01-15 20:00:00,0.4838,0.07,HOLD,,1,-1
2026-01-16 04:00:00,2026-01-16 00:00:00,0.4812,0.07,HOLD,,1,-1
2026-01-16 08:00:00,2026-01-16 04:00:00,0.4797,0.07,HOLD,,1,-1
2026-01-16 12:00:00,2026-01-16 08:00:00,0.4798,0.07,HOLD,,1,-1
2026-01-16 16:00:00,2026-01-16 12:00:00,0.4769,0.07,HOLD,,1,-1
2026-01-16 20:00:00,2026-01-16 16:00:00,0.4775,0.07,HOLD,,1,-1
2026-01-19 00:00:00,2026-01-16 20:00:00,0.4756,0.07,HOLD,,1,-1
2026-01-19 04:00:00,2026-01-19 00:00:00,0.4676,0.07,HOLD,,1,-1
2026-01-19 08:00:00,2026-01-19 04:00:00,0.4681,0.07,HOLD,,1,-1
2026-01-19 12:00:00,2026-01-19 08:00:00,0.4733,0.07,HOLD,,1,-1
2026-01-19 16:00:00,2026-01-19 12:00:00,0.4796,0.07,HOLD,,1,-1
2026-01-19 20:00:00,2026-01-19 16:00:00,0.4824,0.07,HOLD,,1,-1
2026-01-20 00:00:00,2026-01-19 20:00:00,0.4782,0.07,HOLD,,1,-1
2026-01-20 04:00:00,2026-01-20 00:00:00,0.4722,0.07,HOLD,,1,-1
2026-01-20 08:00:00,2026-01-20 04:00:00,0.4697,0.07,HOLD,,0,-1
2026-01-20 12:00:00,2026-01-20 08:00:00,0.4675,0.07,HOLD,,1,-1
2026-01-20 16:00:00,2026-01-20 12:00:00,0.4685,0.07,HOLD,,0,-1
2026-01-20 20:00:00,2026-01-20 16:00:00,0.4736,0.07,HOLD,,0,-1
2026-01-21 00:00:00,2026-01-20 20:00:00,0.4719,0.07,HOLD,,0,-1
2026-01-21 04:00:00,2026-01-21 00:00:00,0.463,0.07,HOLD,,0,-1
2026-01-21 08:00:00,2026-01-21 04:00:00,0.4601,0.07,HOLD,,0,-1
2026-01-21 12:00:00,2026-01-21 08:00:00,0.4606,0.07,HOLD,,0,-1
2026-01-21 16:00:00,2026-01-21 12:00:00,0.4617,0.07,HOLD,,1,-1
2026-01-21 20:00:00,2026-01-21 16:00:00,0.4669,0.07,HOLD,,1,-1
2026-01-22 00:00:00,2026-01-21 20:00:00,0.47,0.07,HOLD,,1,-1
2026-01-22 04:00:00,2026-01-22 00:00:00,0.4731,0.07,HOLD,,1,-1
2026-01-22 08:00:00,2026-01-22 04:00:00,0.4767,0.07,HOLD,,1,-1
2026-01-22 12:00:00,2026-01-22 08:00:00,0.4802,0.07,HOLD,,1,-1
2026-01-22 16:00:00,2026-01-22 12:00:00,0.4896,0.07,HOLD,,1,-1
2026-01-22 20:00:00,2026-01-22 16:00:00,0.4851,0.07,HOLD,,1,-1
2026-01-23 00:00:00,2026-01-22 20:00:00,0.4834,0.07,HOLD,,1,-1
2026-01-23 04:00:00,2026-01-23 00:00:00,0.486,0.07,HOLD,,1,-1
2026-01-23 08:00:00,2026-01-23 04:00:00,0.4868,0.07,HOLD,,1,-1
2026-01-23 12:00:00,2026-01-23 08:00:00,0.4934,0.07,HOLD,,1,-1
2026-01-23 16:00:00,2026-01-23 12:00:00,0.4978,0.07,HOLD,,1,-1
2026-01-23 20:00:00,2026-01-23 16:00:00,0.499,0.07,HOLD,,1,-1
2026-01-26 00:00:00,2026-01-23 20:00:00,0.4955,0.07,HOLD,,1,-1
2026-01-26 04:00:00,2026-01-26 00:00:00,0.4838,0.07,HOLD,,1,-1
2026-01-26 08:00:00,2026-01-26 04:00:00,0.4819,0.07,HOLD,,1,-1
2026-01-26 12:00:00,2026-01-26 08:00:00,0.4855,0.07,HOLD,,1,-1
2026-01-26 16:00:00,2026-01-26 12:00:00,0.4849,0.07,HOLD,,1,-1
2026-01-26 20:00:00,2026-01-26 16:00:00,0.4827,0.07,HOLD,,1,-1
2026-01-27 00:00:00,2026-01-26 20:00:00,0.4837,0.07,HOLD,,1,-1
2026-01-27 04:00:00,2026-01-27 00:00:00,0.4798,0.07,HOLD,,1,-1
2026-01-27 08:00:00,2026-01-27 04:00:00,0.4768,0.07,HOLD,,1,-1
2026-01-27 12:00:00,2026-01-27 08:00:00,0.478,0.07,HOLD,,1,-1
2026-01-27 16:00:00,2026-01-27 12:00:00,0.4815,0.07,HOLD,,0,-1
2026-01-27 20:00:00,2026-01-27 16:00:00,0.4861,0.07,HOLD,,0,-1
2026-01-28 00:00:00,2026-01-27 20:00:00,0.4847,0.07,HOLD,,0,-1
2026-01-28 04:00:00,2026-01-28 00:00:00,0.4794,0.07,HOLD,,0,-1
2026-01-28 08:00:00,2026-01-28 04:00:00,0.4766,0.07,HOLD,,0,-1
2026-01-28 12:00:00,2026-01-28 08:00:00,0.4752,0.07,HOLD,,0,-1
2026-01-28 16:00:00,2026-01-28 12:00:00,0.4735,0.07,HOLD,,1,-1
2026-01-28 20:00:00,2026-01-28 16:00:00,0.475,0.07,HOLD,,1,-1
2026-01-29 00:00:00,2026-01-28 20:00:00,0.4716,0.07,HOLD,,0,-1
2026-01-29 04:00:00,2026-01-29 00:00:00,0.4594,0.07,HOLD,,0,-1
2026-01-29 08:00:00,2026-01-29 04:00:00,0.4529,0.07,HOLD,,0,-1
2026-01-29 12:00:00,2026-01-29 08:00:00,0.4557,0.07,HOLD,,0,-1
2026-01-29 16:00:00,2026-01-29 12:00:00,0.4597,0.07,HOLD,,0,-1
2026-01-29 20:00:00,2026-01-29 16:00:00,0.4628,0.07,HOLD,,0,-1
2026-01-30 00:00:00,2026-01-29 20:00:00,0.4698,0.07,HOLD,,0,-1
2026-01-30 04:00:00,2026-01-30 00:00:00,0.4747,0.07,HOLD,,0,-1
2026-01-30 08:00:00,2026-01-30 04:00:00,0.4764,0.07,HOLD,,0,-1
2026-01-30 12:00:00,2026-01-30 08:00:00,0.4769,0.07,HOLD,,0,-1
2026-01-30 16:00:00,2026-01-30 12:00:00,0.4788,0.07,HOLD,,0,-1
2026-01-30 20:00:00,2026-01-30 16:00:00,0.4743,0.07,HOLD,,0,-1
2026-02-02 00:00:00,2026-01-30 20:00:00,0.4803,0.07,HOLD,,0,-1
2026-02-02 04:00:00,2026-02-02 00:00:00,0.4904,0.07,HOLD,,0,-1
2026-02-02 08:00:00,2026-02-02 04:00:00,0.5006,0.07,HOLD,,0,-1
2026-02-02 12:00:00,2026-02-02 08:00:00,0.5046,0.07,HOLD,,0,-1
2026-02-02 16:00:00,2026-02-02 12:00:00,0.508,0.07,HOLD,,1,-1
2026-02-02 20:00:00,2026-02-02 16:00:00,0.5092,0.07,HOLD,,1,-1
2026-02-03 00:00:00,2026-02-02 20:00:00,0.5164,0.07,HOLD,,1,-1
2026-02-03 04:00:00,2026-02-03 00:00:00,0.5202,0.07,HOLD,,1,-1
2026-02-03 08:00:00,2026-02-03 04:00:00,0.5206,0.07,HOLD,,1,-1
2026-02-03 12:00:00,2026-02-03 08:00:00,0.5242,0.07,HOLD,,1,-1
2026-02-03 16:00:00,2026-02-03 12:00:00,0.5303,0.07,HOLD,,0,-1
2026-02-03 20:00:00,2026-02-03 16:00:00,0.5386,0.07,HOLD,,0,-1
2026-02-04 00:00:00,2026-02-03 20:00:00,0.5474,0.07,HOLD,,0,-1
2026-02-04 04:00:00,2026-02-04 00:00:00,0.5565,0.07,HOLD,,0,-1
2026-02-04 08:00:00,2026-02-04 04:00:00,0.5598,0.07,HOLD,,0,-1
2026-02-04 12:00:00,2026-02-04 08:00:00,0.5598,0.07,HOLD,,0,-1
2026-02-04 16:00:00,2026-02-04 12:00:00,0.5642,0.07,HOLD,,1,-1
2026-02-04 20:00:00,2026-02-04 16:00:00,0.5614,0.07,HOLD,,0,-1
2026-02-05 00:00:00,2026-02-04 20:00:00,0.5627,0.07,HOLD,,0,-1
2026-02-05 04:00:00,2026-02-05 00:00:00,0.5622,0.07,HOLD,,1,-1
2026-02-05 08:00:00,2026-02-05 04:00:00,0.5665,0.07,HOLD,,1,-1
2026-02-05 12:00:00,2026-02-05 08:00:00,0.5698,0.07,HOLD,,0,-1
2026-02-05 16:00:00,2026-02-05 12:00:00,0.573,0.07,BUY,True,1,1
2026-02-05 20:00:00,2026-02-05 16:00:00,0.5729,0.07,BUY,True,1,1
2026-02-06 00:00:00,2026-02-05 20:00:00,0.5744,0.07,BUY,True,1,1
2026-02-06 04:00:00,2026-02-06 00:00:00,0.5802,0.07,BUY,True,1,1
2026-02-06 08:00:00,2026-02-06 04:00:00,0.5796,0.07,BUY,True,1,1
2026-02-06 12:00:00,2026-02-06 08:00:00,0.5747,0.07,BUY,True,1,1
2026-02-06 16:00:00,2026-02-06 12:00:00,0.5741,0.07,BUY,True,1,1
2026-02-06 20:00:00,2026-02-06 16:00:00,0.5647,0.07,HOLD,,1,-1
2026-02-09 00:00:00,2026-02-06 20:00:00,0.5645,0.07,HOLD,,1,-1
2026-02-09 04:00:00,2026-02-09 00:00:00,0.5557,0.07,HOLD,,1,-1
2026-02-09 08:00:00,2026-02-09 04:00:00,0.5538,0.07,HOLD,,1,-1
2026-02-09 12:00:00,2026-02-09 08:00:00,0.5568,0.07,HOLD,,1,-1
2026-02-09 16:00:00,2026-02-09 12:00:00,0.5568,0.07,HOLD,,0,-1
2026-02-09 20:00:00,2026-02-09 16:00:00,0.5559,0.07,HOLD,,0,-1
2026-02-10 00:00:00,2026-02-09 20:00:00,0.5485,0.07,HOLD,,0,-1
2026-02-10 04:00:00,2026-02-10 00:00:00,0.5386,0.07,HOLD,,1,-1
2026-02-10 08:00:00,2026-02-10 04:00:00,0.5393,0.07,HOLD,,1,-1
2026-02-10 12:00:00,2026-02-10 08:00:00,0.5394,0.07,HOLD,,0,-1
2026-02-10 16:00:00,2026-02-10 12:00:00,0.5375,0.07,HOLD,,0,-1
2026-02-10 20:00:00,2026-02-10 16:00:00,0.5316,0.07,HOLD,,0,-1
2026-02-11 00:00:00,2026-02-10 20:00:00,0.5311,0.07,HOLD,,0,-1
2026-02-11 04:00:00,2026-02-11 00:00:00,0.5279,0.07,HOLD,,0,-1
2026-02-11 08:00:00,2026-02-11 04:00:00,0.5233,0.07,HOLD,,0,-1
2026-02-11 12:00:00,2026-02-11 08:00:00,0.5216,0.07,HOLD,,1,-1
2026-02-11 16:00:00,2026-02-11 12:00:00,0.521,0.07,HOLD,,0,-1
2026-02-11 20:00:00,2026-02-11 16:00:00,0.5164,0.07,HOLD,,0,-1
2026-02-12 00:00:00,2026-02-11 20:00:00,0.5136,0.07,HOLD,,0,-1
2026-02-12 04:00:00,2026-02-12 00:00:00,0.5067,0.07,HOLD,,0,-1
2026-02-12 08:00:00,2026-02-12 04:00:00,0.501,0.07,HOLD,,0,-1
2026-02-12 12:00:00,2026-02-12 08:00:00,0.4942,0.07,HOLD,,0,-1
2026-02-12 16:00:00,2026-02-12 12:00:00,0.4938,0.07,HOLD,,1,-1
2026-02-12 20:00:00,2026-02-12 16:00:00,0.4952,0.07,HOLD,,0,-1
2026-02-13 00:00:00,2026-02-12 20:00:00,0.4952,0.07,HOLD,,0,-1
2026-02-13 04:00:00,2026-02-13 00:00:00,0.4857,0.07,HOLD,,1,-1
2026-02-13 08:00:00,2026-02-13 04:00:00,0.4743,0.07,HOLD,,1,-1
2026-02-13 12:00:00,2026-02-13 08:00:00,0.4796,0.07,HOLD,,0,-1
2026-02-13 16:00:00,2026-02-13 12:00:00,0.4805,0.07,HOLD,,0,-1
2026-02-13 20:00:00,2026-02-13 16:00:00,0.4786,0.07,HOLD,,0,-1
2026-02-16 00:00:00,2026-02-13 20:00:00,0.4855,0.07,HOLD,,0,-1
2026-02-16 04:00:00,2026-02-16 00:00:00,0.4842,0.07,HOLD,,0,-1
2026-02-16 08:00:00,2026-02-16 04:00:00,0.4852,0.07,HOLD,,0,-1
2026-02-16 12:00:00,2026-02-16 08:00:00,0.4863,0.07,HOLD,,0,-1
2026-02-16 16:00:00,2026-02-16 12:00:00,0.493,0.07,HOLD,,0,-1
2026-02-16 20:00:00,2026-02-16 16:00:00,0.4991,0.07,HOLD,,1,-1
2026-02-17 00:00:00,2026-02-16 20:00:00,0.5065,0.07,HOLD,,1,-1
2026-02-17 04:00:00,2026-02-17 00:00:00,0.5087,0.07,HOLD,,1,-1
2026-02-17 08:00:00,2026-02-17 04:00:00,0.5107,0.07,HOLD,,0,-1
2026-02-17 12:00:00,2026-02-17 08:00:00,0.5153,0.07,HOLD,,1,-1
2026-02-17 16:00:00,2026-02-17 12:00:00,0.5201,0.07,HOLD,,0,-1
2026-02-17 20:00:00,2026-02-17 16:00:00,0.5237,0.07,HOLD,,0,-1
2026-02-18 00:00:00,2026-02-17 20:00:00,0.5296,0.07,HOLD,,0,-1
2026-02-18 04:00:00,2026-02-18 00:00:00,0.5278,0.07,HOLD,,0,-1
2026-02-18 08:00:00,2026-02-18 04:00:00,0.5289,0.07,HOLD,,0,-1
2026-02-18 12:00:00,2026-02-18 08:00:00,0.5353,0.07,HOLD,,0,-1
2026-02-18 16:00:00,2026-02-18 12:00:00,0.5406,0.07,HOLD,,0,-1
2026-02-18 20:00:00,2026-02-18 16:00:00,0.5406,0.07,HOLD,,0,-1
2026-02-19 00:00:00,2026-02-18 20:00:00,0.5372,0.07,HOLD,,0,-1
2026-02-19 04:00:00,2026-02-19 00:00:00,0.5407,0.07,HOLD,,0,-1
2026-02-19 08:00:00,2026-02-19 04:00:00,0.5394,0.07,HOLD,,0,-1
2026-02-19 12:00:00,2026-02-19 08:00:00,0.5415,0.07,HOLD,,1,-1
2026-02-19 16:00:00,2026-02-19 12:00:00,0.5436,0.07,HOLD,,1,-1
2026-02-19 20:00:00,2026-02-19 16:00:00,0.5444,0.07,HOLD,,1,-1
2026-02-20 00:00:00,2026-02-19 20:00:00,0.5456,0.07,HOLD,,1,-1
2026-02-20 04:00:00,2026-02-20 00:00:00,0.5422,0.07,HOLD,,1,-1
2026-02-20 08:00:00,2026-02-20 04:00:00,0.5416,0.07,HOLD,,1,-1
2026-02-20 12:00:00,2026-02-20 08:00:00,0.5412,0.07,HOLD,,1,-1
2026-02-20 16:00:00,2026-02-20 12:00:00,0.5417,0.07,HOLD,,1,-1
2026-02-20 20:00:00,2026-02-20 16:00:00,0.5429,0.07,HOLD,,1,-1
2026-02-23 00:00:00,2026-02-20 20:00:00,0.5445,0.07,HOLD,,0,-1
2026-02-23 04:00:00,2026-02-23 00:00:00,0.5435,0.07,HOLD,,0,-1
2026-02-23 08:00:00,2026-02-23 04:00:00,0.5414,0.07,HOLD,,0,-1
2026-02-23 12:00:00,2026-02-23 08:00:00,0.5393,0.07,HOLD,,0,-1
2026-02-23 16:00:00,2026-02-23 12:00:00,0.5378,0.07,HOLD,,0,-1
2026-02-23 20:00:00,2026-02-23 16:00:00,0.5353,0.07,HOLD,,0,-1
2026-02-24 00:00:00,2026-02-23 20:00:00,0.5312,0.07,HOLD,,0,-1
2026-02-24 04:00:00,2026-02-24 00:00:00,0.5256,0.07,HOLD,,1,-1
2026-02-24 08:00:00,2026-02-24 04:00:00,0.525,0.07,HOLD,,1,-1
2026-02-24 12:00:00,2026-02-24 08:00:00,0.5211,0.07,HOLD,,1,-1
2026-02-24 16:00:00,2026-02-24 12:00:00,0.5192,0.07,HOLD,,1,-1
2026-02-24 20:00:00,2026-02-24 16:00:00,0.519,0.07,HOLD,,1,-1
2026-02-25 00:00:00,2026-02-24 20:00:00,0.5153,0.07,HOLD,,1,-1
2026-02-25 04:00:00,2026-02-25 00:00:00,0.5219,0.07,HOLD,,1,-1
2026-02-25 08:00:00,2026-02-25 04:00:00,0.5221,0.07,HOLD,,1,-1
2026-02-25 12:00:00,2026-02-25 08:00:00,0.5206,0.07,HOLD,,1,-1
2026-02-25 16:00:00,2026-02-25 12:00:00,0.5214,0.07,HOLD,,0,-1
2026-02-25 20:00:00,2026-02-25 16:00:00,0.5184,0.07,HOLD,,0,-1
2026-02-26 00:00:00,2026-02-25 20:00:00,0.5139,0.07,HOLD,,0,-1
2026-02-26 04:00:00,2026-02-26 00:00:00,0.5063,0.07,HOLD,,0,-1
2026-02-26 08:00:00,2026-02-26 04:00:00,0.4994,0.07,HOLD,,0,-1
2026-02-26 12:00:00,2026-02-26 08:00:00,0.4972,0.07,HOLD,,0,-1
2026-02-26 16:00:00,2026-02-26 12:00:00,0.4961,0.07,HOLD,,1,-1
2026-02-26 20:00:00,2026-02-26 16:00:00,0.4908,0.07,HOLD,,1,-1
2026-02-27 00:00:00,2026-02-26 20:00:00,0.488,0.07,HOLD,,1,-1
2026-02-27 04:00:00,2026-02-27 00:00:00,0.4849,0.07,HOLD,,0,-1
2026-02-27 08:00:00,2026-02-27 04:00:00,0.4814,0.07,HOLD,,0,-1
2026-02-27 12:00:00,2026-02-27 08:00:00,0.4781,0.07,HOLD,,0,-1
2026-02-27 16:00:00,2026-02-27 12:00:00,0.4782,0.07,HOLD,,0,-1
2026-02-27 20:00:00,2026-02-27 16:00:00,0.4818,0.07,HOLD,,0,-1
2026-03-02 00:00:00,2026-02-27 20:00:00,0.4883,0.07,HOLD,,0,-1
2026-03-02 04:00:00,2026-03-02 00:00:00,0.4883,0.07,HOLD,,0,-1
2026-03-02 08:00:00,2026-03-02 04:00:00,0.4916,0.07,HOLD,,0,-1
2026-03-02 12:00:00,2026-03-02 08:00:00,0.4949,0.07,HOLD,,0,-1
2026-03-02 16:00:00,2026-03-02 12:00:00,0.495,0.07,HOLD,,0,-1
2026-03-02 20:00:00,2026-03-02 16:00:00,0.4984,0.07,HOLD,,0,-1
2026-03-03 00:00:00,2026-03-02 20:00:00,0.5085,0.07,HOLD,,0,-1
2026-03-03 04:00:00,2026-03-03 00:00:00,0.5047,0.07,HOLD,,0,-1
2026-03-03 08:00:00,2026-03-03 04:00:00,0.5088,0.07,HOLD,,1,-1
2026-03-03 12:00:00,2026-03-03 08:00:00,0.507,0.07,HOLD,,1,-1
2026-03-03 16:00:00,2026-03-03 12:00:00,0.5153,0.07,HOLD,,1,-1
2026-03-03 20:00:00,2026-03-03 16:00:00,0.5147,0.07,HOLD,,1,-1
2026-03-04 00:00:00,2026-03-03 20:00:00,0.5167,0.07,HOLD,,1,-1
2026-03-04 04:00:00,2026-03-04 00:00:00,0.519,0.07,HOLD,,0,-1
2026-03-04 08:00:00,2026-03-04 04:00:00,0.5199,0.07,HOLD,,1,-1
2026-03-04 12:00:00,2026-03-04 08:00:00,0.5321,0.07,HOLD,,0,-1
2026-03-04 16:00:00,2026-03-04 12:00:00,0.5419,0.07,HOLD,,0,-1
2026-03-04 20:00:00,2026-03-04 16:00:00,0.5379,0.07,HOLD,,0,-1
2026-03-05 00:00:00,2026-03-04 20:00:00,0.5447,0.07,HOLD,,0,-1
2026-03-05 04:00:00,2026-03-05 00:00:00,0.5461,0.07,HOLD,,1,-1
2026-03-05 08:00:00,2026-03-05 04:00:00,0.5492,0.07,HOLD,,0,-1
2026-03-05 12:00:00,2026-03-05 08:00:00,0.5487,0.07,HOLD,,0,-1
2026-03-05 16:00:00,2026-03-05 12:00:00,0.5505,0.07,HOLD,,1,-1
2026-03-05 20:00:00,2026-03-05 16:00:00,0.544,0.07,HOLD,,1,-1
2026-03-06 00:00:00,2026-03-05 20:00:00,0.5465,0.07,HOLD,,0,-1
2026-03-06 04:00:00,2026-03-06 00:00:00,0.5389,0.07,HOLD,,0,-1
2026-03-06 08:00:00,2026-03-06 04:00:00,0.5434,0.07,HOLD,,0,-1
2026-03-06 12:00:00,2026-03-06 08:00:00,0.5479,0.07,HOLD,,1,-1
2026-03-06 16:00:00,2026-03-06 12:00:00,0.5501,0.07,HOLD,,0,-1
2026-03-06 20:00:00,2026-03-06 16:00:00,0.5443,0.07,HOLD,,1,-1
2026-03-09 00:00:00,2026-03-06 20:00:00,0.5463,0.07,HOLD,,1,-1
2026-03-09 04:00:00,2026-03-09 00:00:00,0.5457,0.07,HOLD,,1,-1
2026-03-09 08:00:00,2026-03-09 04:00:00,0.5388,0.07,HOLD,,1,-1
2026-03-09 12:00:00,2026-03-09 08:00:00,0.5387,0.07,HOLD,,1,-1
2026-03-09 16:00:00,2026-03-09 12:00:00,0.5336,0.07,HOLD,,1,-1
2026-03-09 20:00:00,2026-03-09 16:00:00,0.5232,0.07,HOLD,,0,-1
2026-03-10 00:00:00,2026-03-09 20:00:00,0.5161,0.07,HOLD,,1,-1
2026-03-10 04:00:00,2026-03-10 00:00:00,0.5091,0.07,HOLD,,1,-1
2026-03-10 08:00:00,2026-03-10 04:00:00,0.5003,0.07,HOLD,,0,-1
2026-03-10 12:00:00,2026-03-10 08:00:00,0.4884,0.07,HOLD,,0,-1
2026-03-10 16:00:00,2026-03-10 12:00:00,0.4739,0.07,HOLD,,0,-1
2026-03-10 20:00:00,2026-03-10 16:00:00,0.4617,0.07,HOLD,,0,-1
2026-03-11 00:00:00,2026-03-10 20:00:00,0.4609,0.07,HOLD,,0,-1
2026-03-11 04:00:00,2026-03-11 00:00:00,0.4646,0.07,HOLD,,0,-1
2026-03-11 08:00:00,2026-03-11 04:00:00,0.4621,0.07,HOLD,,0,-1
2026-03-11 12:00:00,2026-03-11 08:00:00,0.4627,0.07,HOLD,,0,-1
2026-03-11 16:00:00,2026-03-11 12:00:00,0.4653,0.07,HOLD,,0,-1
2026-03-11 20:00:00,2026-03-11 16:00:00,0.4707,0.07,HOLD,,0,-1
2026-03-12 00:00:00,2026-03-11 20:00:00,0.4742,0.07,HOLD,,0,-1
2026-03-12 04:00:00,2026-03-12 00:00:00,0.4747,0.07,HOLD,,0,-1
2026-03-12 08:00:00,2026-03-12 04:00:00,0.4824,0.07,HOLD,,0,-1
2026-03-12 12:00:00,2026-03-12 08:00:00,0.4836,0.07,HOLD,,0,-1
2026-03-12 16:00:00,2026-03-12 12:00:00,0.4903,0.07,HOLD,,0,-1
2026-03-12 20:00:00,2026-03-12 16:00:00,0.4925,0.07,HOLD,,0,-1
2026-03-13 00:00:00,2026-03-12 20:00:00,0.4819,0.07,HOLD,,0,-1
2026-03-13 04:00:00,2026-03-13 00:00:00,0.4772,0.07,HOLD,,0,-1
2026-03-13 08:00:00,2026-03-13 04:00:00,0.4877,0.07,HOLD,,0,-1
2026-03-13 12:00:00,2026-03-13 08:00:00,0.4994,0.07,HOLD,,1,-1
2026-03-13 16:00:00,2026-03-13 12:00:00,0.5077,0.07,HOLD,,1,-1
2026-03-13 20:00:00,2026-03-13 16:00:00,0.5096,0.07,HOLD,,1,-1
2026-03-16 00:00:00,2026-03-13 20:00:00,0.5132,0.07,HOLD,,1,-1
2026-03-16 04:00:00,2026-03-16 00:00:00,0.5412,0.07,HOLD,,1,-1
2026-03-16 08:00:00,2026-03-16 04:00:00,0.5269,0.07,HOLD,,1,-1
2026-03-16 12:00:00,2026-03-16 08:00:00,0.5369,0.07,HOLD,,1,-1
2026-03-16 16:00:00,2026-03-16 12:00:00,0.5224,0.07,HOLD,,1,-1
2026-03-16 20:00:00,2026-03-16 16:00:00,0.5326,0.07,HOLD,,1,-1
2026-03-17 00:00:00,2026-03-16 20:00:00,0.4984,0.07,HOLD,,1,-1
2026-03-17 04:00:00,2026-03-17 00:00:00,0.5258,0.07,HOLD,,1,-1
2026-03-17 08:00:00,2026-03-17 04:00:00,0.5433,0.07,HOLD,,1,-1
2026-03-17 12:00:00,2026-03-17 08:00:00,0.4982,0.07,HOLD,,0,-1
2026-03-17 16:00:00,2026-03-17 12:00:00,0.5216,0.07,HOLD,,0,-1
2026-03-17 20:00:00,2026-03-17 16:00:00,0.5352,0.07,HOLD,,0,-1
2026-03-18 00:00:00,2026-03-17 20:00:00,0.5284,0.07,HOLD,,0,-1
2026-03-18 04:00:00,2026-03-18 00:00:00,0.5501,0.07,HOLD,,0,-1
2026-03-18 08:00:00,2026-03-18 04:00:00,0.5517,0.07,HOLD,,0,-1
2026-03-18 12:00:00,2026-03-18 08:00:00,0.5526,0.07,HOLD,,1,-1
2026-03-18 16:00:00,2026-03-18 12:00:00,0.5602,0.07,HOLD,,1,-1
2026-03-18 20:00:00,2026-03-18 16:00:00,0.5481,0.07,HOLD,,1,-1
2026-03-19 00:00:00,2026-03-18 20:00:00,0.5467,0.07,HOLD,,1,-1
2026-03-19 04:00:00,2026-03-19 00:00:00,0.533,0.07,HOLD,,1,-1
2026-03-19 08:00:00,2026-03-19 04:00:00,0.5326,0.07,HOLD,,1,-1
2026-03-19 12:00:00,2026-03-19 08:00:00,0.5294,0.07,HOLD,,1,-1
2026-03-19 16:00:00,2026-03-19 12:00:00,0.5422,0.07,HOLD,,0,-1
2026-03-19 20:00:00,2026-03-19 16:00:00,0.5469,0.07,HOLD,,0,-1
2026-03-20 00:00:00,2026-03-19 20:00:00,0.535,0.07,HOLD,,0,-1
2026-03-20 04:00:00,2026-03-20 00:00:00,0.5329,0.07,HOLD,,0,-1
2026-03-20 08:00:00,2026-03-20 04:00:00,0.5289,0.07,HOLD,,0,-1
2026-03-20 12:00:00,2026-03-20 08:00:00,0.5352,0.07,HOLD,,1,-1
2026-03-20 16:00:00,2026-03-20 12:00:00,0.5292,0.07,HOLD,,1,-1
2026-03-20 20:00:00,2026-03-20 16:00:00,0.5318,0.07,HOLD,,1,-1
2026-03-23 00:00:00,2026-03-20 20:00:00,0.5366,0.07,HOLD,,1,-1
2026-03-23 04:00:00,2026-03-23 00:00:00,0.5199,0.07,HOLD,,1,-1
2026-03-23 08:00:00,2026-03-23 04:00:00,0.5203,0.07,HOLD,,1,-1
2026-03-23 12:00:00,2026-03-23 08:00:00,0.5299,0.07,HOLD,,0,-1
2026-03-23 16:00:00,2026-03-23 12:00:00,0.5155,0.07,HOLD,,0,-1
2026-03-23 20:00:00,2026-03-23 16:00:00,0.5319,0.07,HOLD,,0,-1
2026-03-24 00:00:00,2026-03-23 20:00:00,0.5338,0.07,HOLD,,1,-1
2026-03-24 04:00:00,2026-03-24 00:00:00,0.5296,0.07,HOLD,,1,-1
2026-03-24 08:00:00,2026-03-24 04:00:00,0.5251,0.07,HOLD,,1,-1
2026-03-24 12:00:00,2026-03-24 08:00:00,0.5181,0.07,HOLD,,0,-1
2026-03-24 16:00:00,2026-03-24 12:00:00,0.5159,0.07,HOLD,,1,-1
2026-03-24 20:00:00,2026-03-24 16:00:00,0.5186,0.07,HOLD,,0,-1
2026-03-25 00:00:00,2026-03-24 20:00:00,0.5176,0.07,HOLD,,0,-1
2026-03-25 04:00:00,2026-03-25 00:00:00,0.5131,0.07,HOLD,,0,-1
2026-03-25 08:00:00,2026-03-25 04:00:00,0.5095,0.07,HOLD,,0,-1
2026-03-25 12:00:00,2026-03-25 08:00:00,0.5071,0.07,HOLD,,0,-1
2026-03-25 16:00:00,2026-03-25 12:00:00,0.5058,0.07,HOLD,,0,-1
2026-03-25 20:00:00,2026-03-25 16:00:00,0.5025,0.07,HOLD,,0,-1
2026-03-26 00:00:00,2026-03-25 20:00:00,0.5002,0.07,HOLD,,0,-1
2026-03-26 04:00:00,2026-03-26 00:00:00,0.4955,0.07,HOLD,,0,-1
2026-03-26 08:00:00,2026-03-26 04:00:00,0.4844,0.07,HOLD,,0,-1
2026-03-26 12:00:00,2026-03-26 08:00:00,0.4868,0.07,HOLD,,0,-1
2026-03-26 16:00:00,2026-03-26 12:00:00,0.4878,0.07,HOLD,,0,-1
2026-03-26 20:00:00,2026-03-26 16:00:00,0.4925,0.07,HOLD,,0,-1
2026-03-27 00:00:00,2026-03-26 20:00:00,0.5003,0.07,HOLD,,0,-1
2026-03-27 04:00:00,2026-03-27 00:00:00,0.5135,0.07,HOLD,,0,-1
2026-03-27 08:00:00,2026-03-27 04:00:00,0.5195,0.07,HOLD,,0,-1
2026-03-27 12:00:00,2026-03-27 08:00:00,0.5209,0.07,HOLD,,0,-1
2026-03-27 16:00:00,2026-03-27 12:00:00,0.5377,0.07,HOLD,,0,-1
2026-03-27 20:00:00,2026-03-27 16:00:00,0.5476,0.07,HOLD,,0,-1
2026-03-30 00:00:00,2026-03-27 20:00:00,0.551,0.07,HOLD,,0,-1
2026-03-30 04:00:00,2026-03-30 00:00:00,0.5574,0.07,HOLD,,0,-1
2026-03-30 08:00:00,2026-03-30 04:00:00,0.5561,0.07,HOLD,,0,-1
2026-03-30 12:00:00,2026-03-30 08:00:00,0.5621,0.07,HOLD,,1,-1
2026-03-30 16:00:00,2026-03-30 12:00:00,0.5605,0.07,HOLD,,1,-1
2026-03-30 20:00:00,2026-03-30 16:00:00,0.5637,0.07,HOLD,,1,-1
2026-03-31 00:00:00,2026-03-30 20:00:00,0.5789,0.07,BUY,True,1,1
2026-03-31 04:00:00,2026-03-31 00:00:00,0.5768,0.07,BUY,True,1,1
2026-03-31 08:00:00,2026-03-31 04:00:00,0.5752,0.07,BUY,True,1,1
2026-03-31 12:00:00,2026-03-31 08:00:00,0.5677,0.07,HOLD,,1,-1
2026-03-31 16:00:00,2026-03-31 12:00:00,0.5673,0.07,HOLD,,1,-1
2026-03-31 20:00:00,2026-03-31 16:00:00,0.5648,0.07,HOLD,,1,-1
2026-04-01 00:00:00,2026-03-31 20:00:00,0.5531,0.07,HOLD,,1,-1
2026-04-01 04:00:00,2026-04-01 00:00:00,0.553,0.07,HOLD,,0,-1
2026-04-01 08:00:00,2026-04-01 04:00:00,0.5509,0.07,HOLD,,0,-1
2026-04-01 12:00:00,2026-04-01 08:00:00,0.5476,0.07,HOLD,,0,-1
2026-04-01 16:00:00,2026-04-01 12:00:00,0.5397,0.07,HOLD,,0,-1
2026-04-01 20:00:00,2026-04-01 16:00:00,0.5332,0.07,HOLD,,0,-1
2026-04-02 00:00:00,2026-04-01 20:00:00,0.5221,0.07,HOLD,,0,-1
2026-04-02 04:00:00,2026-04-02 00:00:00,0.5167,0.07,HOLD,,0,-1
2026-04-02 08:00:00,2026-04-02 04:00:00,0.5094,0.07,HOLD,,1,-1
2026-04-02 12:00:00,2026-04-02 08:00:00,0.5058,0.07,HOLD,,1,-1
2026-04-02 16:00:00,2026-04-02 12:00:00,0.5042,0.07,HOLD,,0,-1
2026-04-02 20:00:00,2026-04-02 16:00:00,0.5017,0.07,HOLD,,0,-1
2026-04-03 00:00:00,2026-04-02 20:00:00,0.4974,0.07,HOLD,,0,-1
2026-04-03 04:00:00,2026-04-03 00:00:00,0.4938,0.07,HOLD,,0,-1
2026-04-03 08:00:00,2026-04-03 04:00:00,0.4939,0.07,HOLD,,1,-1
2026-04-03 12:00:00,2026-04-03 08:00:00,0.4953,0.07,HOLD,,1,-1
2026-04-03 16:00:00,2026-04-03 12:00:00,0.4927,0.07,HOLD,,1,-1
2026-04-03 20:00:00,2026-04-03 16:00:00,0.4938,0.07,HOLD,,1,-1
2026-04-06 00:00:00,2026-04-03 20:00:00,0.4951,0.07,HOLD,,1,-1
2026-04-06 04:00:00,2026-04-06 00:00:00,0.4912,0.07,HOLD,,1,-1
2026-04-06 08:00:00,2026-04-06 04:00:00,0.4901,0.07,HOLD,,1,-1
2026-04-06 12:00:00,2026-04-06 08:00:00,0.4898,0.07,HOLD,,1,-1
2026-04-06 16:00:00,2026-04-06 12:00:00,0.4842,0.07,HOLD,,1,-1
2026-04-06 20:00:00,2026-04-06 16:00:00,0.4778,0.07,HOLD,,1,-1
2026-04-07 00:00:00,2026-04-06 20:00:00,0.4727,0.07,HOLD,,1,-1
2026-04-07 04:00:00,2026-04-07 00:00:00,0.4679,0.07,HOLD,,1,-1
2026-04-07 08:00:00,2026-04-07 04:00:00,0.4674,0.07,HOLD,,1,-1
2026-04-07 12:00:00,2026-04-07 08:00:00,0.4733,0.07,HOLD,,1,-1
2026-04-07 16:00:00,2026-04-07 12:00:00,0.4752,0.07,HOLD,,1,-1
2026-04-07 20:00:00,2026-04-07 16:00:00,0.4783,0.07,HOLD,,1,-1
2026-04-08 00:00:00,2026-04-07 20:00:00,0.4864,0.07,HOLD,,0,-1
2026-04-08 04:00:00,2026-04-08 00:00:00,0.4908,0.07,HOLD,,0,-1
2026-04-08 08:00:00,2026-04-08 04:00:00,0.489,0.07,HOLD,,0,-1
2026-04-08 12:00:00,2026-04-08 08:00:00,0.4913,0.07,HOLD,,0,-1
2026-04-08 16:00:00,2026-04-08 12:00:00,0.4915,0.07,HOLD,,1,-1
2026-04-08 20:00:00,2026-04-08 16:00:00,0.4911,0.07,HOLD,,1,-1
2026-04-09 00:00:00,2026-04-08 20:00:00,0.4902,0.07,HOLD,,1,-1
2026-04-09 04:00:00,2026-04-09 00:00:00,0.4866,0.07,HOLD,,1,-1
2026-04-09 08:00:00,2026-04-09 04:00:00,0.4827,0.07,HOLD,,1,-1
2026-04-09 12:00:00,2026-04-09 08:00:00,0.4778,0.07,HOLD,,1,-1
2026-04-09 16:00:00,2026-04-09 12:00:00,0.4681,0.07,HOLD,,1,-1
2026-04-09 20:00:00,2026-04-09 16:00:00,0.4699,0.07,HOLD,,1,-1
2026-04-10 00:00:00,2026-04-09 20:00:00,0.473,0.07,HOLD,,0,-1
2026-04-10 04:00:00,2026-04-10 00:00:00,0.472,0.07,HOLD,,0,-1
2026-04-10 08:00:00,2026-04-10 04:00:00,0.4727,0.07,HOLD,,1,-1
2026-04-10 12:00:00,2026-04-10 08:00:00,0.4749,0.07,HOLD,,0,-1
2026-04-10 16:00:00,2026-04-10 12:00:00,0.4759,0.07,HOLD,,1,-1
2026-04-10 20:00:00,2026-04-10 16:00:00,0.4783,0.07,HOLD,,1,-1
2026-04-13 00:00:00,2026-04-10 20:00:00,0.4772,0.07,HOLD,,1,-1
2026-04-13 04:00:00,2026-04-13 00:00:00,0.4763,0.07,HOLD,,1,-1
2026-04-13 08:00:00,2026-04-13 04:00:00,0.4777,0.07,HOLD,,1,-1
2026-04-13 12:00:00,2026-04-13 08:00:00,0.4782,0.07,HOLD,,1,-1
2026-04-13 16:00:00,2026-04-13 12:00:00,0.4825,0.07,HOLD,,1,-1
2026-04-13 20:00:00,2026-04-13 16:00:00,0.4852,0.07,HOLD,,1,-1
2026-04-14 00:00:00,2026-04-13 20:00:00,0.4897,0.07,HOLD,,1,-1
2026-04-14 04:00:00,2026-04-14 00:00:00,0.4867,0.07,HOLD,,1,-1
2026-04-14 08:00:00,2026-04-14 04:00:00,0.4841,0.07,HOLD,,1,-1
2026-04-14 12:00:00,2026-04-14 08:00:00,0.4759,0.07,HOLD,,0,-1
2026-04-14 16:00:00,2026-04-14 12:00:00,0.4798,0.07,HOLD,,1,-1
2026-04-14 20:00:00,2026-04-14 16:00:00,0.4816,0.07,HOLD,,1,-1
2026-04-15 00:00:00,2026-04-14 20:00:00,0.48,0.07,HOLD,,1,-1
2026-04-15 04:00:00,2026-04-15 00:00:00,0.4808,0.07,HOLD,,1,-1
2026-04-15 08:00:00,2026-04-15 04:00:00,0.4851,0.07,HOLD,,0,-1
2026-04-15 12:00:00,2026-04-15 08:00:00,0.4995,0.07,HOLD,,0,-1
2026-04-15 16:00:00,2026-04-15 12:00:00,0.5001,0.07,HOLD,,0,-1
2026-04-15 20:00:00,2026-04-15 16:00:00,0.5023,0.07,HOLD,,0,-1
2026-04-16 00:00:00,2026-04-15 20:00:00,0.5004,0.07,HOLD,,0,-1
2026-04-16 04:00:00,2026-04-16 00:00:00,0.4893,0.07,HOLD,,0,-1
2026-04-16 08:00:00,2026-04-16 04:00:00,0.4804,0.07,HOLD,,1,-1
2026-04-16 12:00:00,2026-04-16 08:00:00,0.4784,0.07,HOLD,,1,-1
2026-04-16 16:00:00,2026-04-16 12:00:00,0.4776,0.07,HOLD,,1,-1
2026-04-16 20:00:00,2026-04-16 16:00:00,0.4794,0.07,HOLD,,0,-1
2026-04-17 00:00:00,2026-04-16 20:00:00,0.4823,0.07,HOLD,,0,-1
2026-04-17 04:00:00,2026-04-17 00:00:00,0.4828,0.07,HOLD,,0,-1
2026-04-17 08:00:00,2026-04-17 04:00:00,0.4759,0.07,HOLD,,0,-1
2026-04-17 12:00:00,2026-04-17 08:00:00,0.4732,0.07,HOLD,,0,-1
2026-04-17 16:00:00,2026-04-17 12:00:00,0.471,0.07,HOLD,,0,-1
2026-04-17 20:00:00,2026-04-17 16:00:00,0.4702,0.07,HOLD,,1,-1
2026-04-20 00:00:00,2026-04-17 20:00:00,0.475,0.07,HOLD,,1,-1
2026-04-20 04:00:00,2026-04-20 00:00:00,0.4743,0.07,HOLD,,1,-1
2026-04-20 08:00:00,2026-04-20 04:00:00,0.4603,0.07,HOLD,,1,-1
2026-04-20 12:00:00,2026-04-20 08:00:00,0.4587,0.07,HOLD,,0,-1
2026-04-20 16:00:00,2026-04-20 12:00:00,0.4614,0.07,HOLD,,0,-1
2026-04-20 20:00:00,2026-04-20 16:00:00,0.4621,0.07,HOLD,,0,-1
2026-04-21 00:00:00,2026-04-20 20:00:00,0.4686,0.07,HOLD,,0,-1
2026-04-21 04:00:00,2026-04-21 00:00:00,0.4751,0.07,HOLD,,0,-1
2026-04-21 08:00:00,2026-04-21 04:00:00,0.4789,0.07,HOLD,,0,-1
2026-04-21 12:00:00,2026-04-21 08:00:00,0.48,0.07,HOLD,,0,-1
2026-04-21 16:00:00,2026-04-21 12:00:00,0.4843,0.07,HOLD,,0,-1
2026-04-21 20:00:00,2026-04-21 16:00:00,0.4865,0.07,HOLD,,0,-1
2026-04-22 00:00:00,2026-04-21 20:00:00,0.4881,0.07,HOLD,,0,-1
2026-04-22 04:00:00,2026-04-22 00:00:00,0.4869,0.07,HOLD,,0,-1
2026-04-22 08:00:00,2026-04-22 04:00:00,0.4874,0.07,HOLD,,0,-1
2026-04-22 12:00:00,2026-04-22 08:00:00,0.4875,0.07,HOLD,,0,-1
2026-04-22 16:00:00,2026-04-22 12:00:00,0.4901,0.07,HOLD,,0,-1
2026-04-22 20:00:00,2026-04-22 16:00:00,0.4914,0.07,HOLD,,0,-1
2026-04-23 00:00:00,2026-04-22 20:00:00,0.4944,0.07,HOLD,,0,-1
2026-04-23 04:00:00,2026-04-23 00:00:00,0.4945,0.07,HOLD,,0,-1
2026-04-23 08:00:00,2026-04-23 04:00:00,0.4945,0.07,HOLD,,0,-1
2026-04-23 12:00:00,2026-04-23 08:00:00,0.4988,0.07,HOLD,,1,-1
2026-04-23 16:00:00,2026-04-23 12:00:00,0.4995,0.07,HOLD,,1,-1
2026-04-23 20:00:00,2026-04-23 16:00:00,0.4999,0.07,HOLD,,1,-1
2026-04-24 00:00:00,2026-04-23 20:00:00,0.5034,0.07,HOLD,,1,-1
2026-04-24 04:00:00,2026-04-24 00:00:00,0.5027,0.07,HOLD,,1,-1
2026-04-24 08:00:00,2026-04-24 04:00:00,0.4999,0.07,HOLD,,1,-1
2026-04-24 12:00:00,2026-04-24 08:00:00,0.5012,0.07,HOLD,,1,-1
2026-04-24 16:00:00,2026-04-24 12:00:00,0.5052,0.07,HOLD,,1,-1
2026-04-24 20:00:00,2026-04-24 16:00:00,0.5118,0.07,HOLD,,1,-1
2026-04-27 00:00:00,2026-04-24 20:00:00,0.5108,0.07,HOLD,,1,-1
2026-04-27 04:00:00,2026-04-27 00:00:00,0.4969,0.07,HOLD,,0,-1
2026-04-27 08:00:00,2026-04-27 04:00:00,0.4868,0.07,HOLD,,0,-1
2026-04-27 12:00:00,2026-04-27 08:00:00,0.4897,0.07,HOLD,,0,-1
2026-04-27 16:00:00,2026-04-27 12:00:00,0.4933,0.07,HOLD,,0,-1
2026-04-27 20:00:00,2026-04-27 16:00:00,0.4935,0.07,HOLD,,0,-1
2026-04-28 00:00:00,2026-04-27 20:00:00,0.4968,0.07,HOLD,,0,-1
2026-04-28 04:00:00,2026-04-28 00:00:00,0.499,0.07,HOLD,,0,-1
2026-04-28 08:00:00,2026-04-28 04:00:00,0.4992,0.07,HOLD,,0,-1
2026-04-28 12:00:00,2026-04-28 08:00:00,0.4996,0.07,HOLD,,1,-1
2026-04-28 16:00:00,2026-04-28 12:00:00,0.5021,0.07,HOLD,,0,-1
2026-04-28 20:00:00,2026-04-28 16:00:00,0.5025,0.07,HOLD,,0,-1
2026-04-29 00:00:00,2026-04-28 20:00:00,0.5031,0.07,HOLD,,0,-1
2026-04-29 04:00:00,2026-04-29 00:00:00,0.5077,0.07,HOLD,,0,-1
2026-04-29 08:00:00,2026-04-29 04:00:00,0.5044,0.07,HOLD,,0,-1
2026-04-29 12:00:00,2026-04-29 08:00:00,0.5043,0.07,HOLD,,0,-1
2026-04-29 16:00:00,2026-04-29 12:00:00,0.5046,0.07,HOLD,,1,-1
2026-04-29 20:00:00,2026-04-29 16:00:00,0.5002,0.07,HOLD,,1,-1
2026-04-30 00:00:00,2026-04-29 20:00:00,0.4956,0.07,HOLD,,1,-1
2026-04-30 04:00:00,2026-04-30 00:00:00,0.4913,0.07,HOLD,,1,-1
2026-04-30 08:00:00,2026-04-30 04:00:00,0.4905,0.07,HOLD,,1,-1
2026-04-30 12:00:00,2026-04-30 08:00:00,0.4899,0.07,HOLD,,1,-1
2026-04-30 16:00:00,2026-04-30 12:00:00,0.491,0.07,HOLD,,1,-1
2026-04-30 20:00:00,2026-04-30 16:00:00,0.4888,0.07,HOLD,,0,-1
2026-05-01 00:00:00,2026-04-30 20:00:00,0.487,0.07,HOLD,,0,-1
2026-05-01 04:00:00,2026-05-01 00:00:00,0.4802,0.07,HOLD,,1,-1
2026-05-01 08:00:00,2026-05-01 04:00:00,0.4678,0.07,HOLD,,0,-1
2026-05-01 12:00:00,2026-05-01 08:00:00,0.4604,0.07,HOLD,,0,-1
2026-05-01 16:00:00,2026-05-01 12:00:00,0.4561,0.07,HOLD,,0,-1
2026-05-01 20:00:00,2026-05-01 16:00:00,0.4546,0.07,HOLD,,0,-1
2026-05-04 00:00:00,2026-05-01 20:00:00,0.4536,0.07,HOLD,,0,-1
2026-05-04 04:00:00,2026-05-04 00:00:00,0.4491,0.07,HOLD,,0,-1
2026-05-04 08:00:00,2026-05-04 04:00:00,0.4388,0.07,HOLD,,0,-1
2026-05-04 12:00:00,2026-05-04 08:00:00,0.4412,0.07,HOLD,,0,-1
2026-05-04 16:00:00,2026-05-04 12:00:00,0.442,0.07,HOLD,,1,-1
2026-05-04 20:00:00,2026-05-04 16:00:00,0.4437,0.07,HOLD,,1,-1
2026-05-05 00:00:00,2026-05-04 20:00:00,0.4414,0.07,HOLD,,1,-1
2026-05-05 04:00:00,2026-05-05 00:00:00,0.4365,0.07,HOLD,,1,-1
2026-05-05 08:00:00,2026-05-05 04:00:00,0.4352,0.07,HOLD,,1,-1
2026-05-05 12:00:00,2026-05-05 08:00:00,0.4356,0.07,HOLD,,1,-1
2026-05-05 16:00:00,2026-05-05 12:00:00,0.4367,0.07,HOLD,,1,-1
2026-05-05 20:00:00,2026-05-05 16:00:00,0.4388,0.07,HOLD,,1,-1
2026-05-06 00:00:00,2026-05-05 20:00:00,0.441,0.07,HOLD,,1,-1
2026-05-06 04:00:00,2026-05-06 00:00:00,0.4411,0.07,HOLD,,1,-1
2026-05-06 08:00:00,2026-05-06 04:00:00,0.4382,0.07,HOLD,,1,-1
2026-05-06 12:00:00,2026-05-06 08:00:00,0.4351,0.07,HOLD,,1,-1
2026-05-06 16:00:00,2026-05-06 12:00:00,0.4336,0.07,HOLD,,1,-1
2026-05-06 20:00:00,2026-05-06 16:00:00,0.4358,0.07,HOLD,,0,-1
2026-05-07 00:00:00,2026-05-06 20:00:00,0.4348,0.07,HOLD,,0,-1
2026-05-07 04:00:00,2026-05-07 00:00:00,0.434,0.07,HOLD,,0,-1
2026-05-07 08:00:00,2026-05-07 04:00:00,0.4338,0.07,HOLD,,0,-1
2026-05-07 12:00:00,2026-05-07 08:00:00,0.4325,0.07,HOLD,,1,-1
2026-05-07 16:00:00,2026-05-07 12:00:00,0.4321,0.07,HOLD,,1,-1
2026-05-07 20:00:00,2026-05-07 16:00:00,0.4356,0.07,HOLD,,1,-1
2026-05-08 00:00:00,2026-05-07 20:00:00,0.4372,0.07,HOLD,,1,-1
2026-05-08 04:00:00,2026-05-08 00:00:00,0.4404,0.07,HOLD,,1,-1
2026-05-08 08:00:00,2026-05-08 04:00:00,0.441,0.07,HOLD,,1,-1
2026-05-08 12:00:00,2026-05-08 08:00:00,0.4434,0.07,HOLD,,0,-1
2026-05-08 16:00:00,2026-05-08 12:00:00,0.4472,0.07,HOLD,,1,-1
2026-05-08 20:00:00,2026-05-08 16:00:00,0.4517,0.07,HOLD,,0,-1
2026-05-11 00:00:00,2026-05-08 20:00:00,0.4521,0.07,HOLD,,0,-1
2026-05-11 04:00:00,2026-05-11 00:00:00,0.4422,0.07,HOLD,,1,-1
2026-05-11 08:00:00,2026-05-11 04:00:00,0.4434,0.07,HOLD,,0,-1
2026-05-11 12:00:00,2026-05-11 08:00:00,0.4488,0.07,HOLD,,0,-1
2026-05-11 16:00:00,2026-05-11 12:00:00,0.452,0.07,HOLD,,0,-1
2026-05-11 20:00:00,2026-05-11 16:00:00,0.4592,0.07,HOLD,,0,-1
2026-05-12 00:00:00,2026-05-11 20:00:00,0.4536,0.07,HOLD,,0,-1
2026-05-12 04:00:00,2026-05-12 00:00:00,0.4449,0.07,HOLD,,0,-1
2026-05-12 08:00:00,2026-05-12 04:00:00,0.4436,0.07,HOLD,,0,-1
2026-05-12 12:00:00,2026-05-12 08:00:00,0.4441,0.07,HOLD,,0,-1
2026-05-12 16:00:00,2026-05-12 12:00:00,0.4473,0.07,HOLD,,0,-1
2026-05-12 20:00:00,2026-05-12 16:00:00,0.4553,0.07,HOLD,,0,-1
2026-05-13 00:00:00,2026-05-12 20:00:00,0.4589,0.07,HOLD,,0,-1
2026-05-13 04:00:00,2026-05-13 00:00:00,0.456,0.07,HOLD,,0,-1
2026-05-13 08:00:00,2026-05-13 04:00:00,0.4566,0.07,HOLD,,1,-1
2026-05-13 12:00:00,2026-05-13 08:00:00,0.4618,0.07,HOLD,,0,-1
2026-05-13 16:00:00,2026-05-13 12:00:00,0.4681,0.07,HOLD,,0,-1
2026-05-13 20:00:00,2026-05-13 16:00:00,0.4763,0.07,HOLD,,0,-1
2026-05-14 00:00:00,2026-05-13 20:00:00,0.474,0.07,HOLD,,0,-1
2026-05-14 04:00:00,2026-05-14 00:00:00,0.4738,0.07,HOLD,,0,-1
2026-05-14 08:00:00,2026-05-14 04:00:00,0.4758,0.07,HOLD,,0,-1
2026-05-14 12:00:00,2026-05-14 08:00:00,0.4821,0.07,HOLD,,0,-1
2026-05-14 16:00:00,2026-05-14 12:00:00,0.4872,0.07,HOLD,,0,-1
2026-05-14 20:00:00,2026-05-14 16:00:00,0.4972,0.07,HOLD,,0,-1
2026-05-15 00:00:00,2026-05-14 20:00:00,0.4992,0.07,HOLD,,0,-1
2026-05-15 04:00:00,2026-05-15 00:00:00,0.49,0.07,HOLD,,0,-1
2026-05-15 08:00:00,2026-05-15 04:00:00,0.4789,0.07,HOLD,,1,-1
2026-05-15 12:00:00,2026-05-15 08:00:00,0.4844,0.07,HOLD,,1,-1
2026-05-15 16:00:00,2026-05-15 12:00:00,0.4911,0.07,HOLD,,1,-1
2026-05-15 20:00:00,2026-05-15 16:00:00,0.5005,0.07,HOLD,,1,-1
2026-05-18 00:00:00,2026-05-15 20:00:00,0.5082,0.07,HOLD,,1,-1
2026-05-18 04:00:00,2026-05-18 00:00:00,0.508,0.07,HOLD,,1,-1
2026-05-18 08:00:00,2026-05-18 04:00:00,0.5028,0.07,HOLD,,0,-1
2026-05-18 12:00:00,2026-05-18 08:00:00,0.5062,0.07,HOLD,,0,-1
2026-05-18 16:00:00,2026-05-18 12:00:00,0.5077,0.07,HOLD,,0,-1
2026-05-18 20:00:00,2026-05-18 16:00:00,0.51,0.07,HOLD,,0,-1
2026-05-19 00:00:00,2026-05-18 20:00:00,0.5115,0.07,HOLD,,0,-1
2026-05-19 04:00:00,2026-05-19 00:00:00,0.508,0.07,HOLD,,0,-1
2026-05-19 08:00:00,2026-05-19 04:00:00,0.5042,0.07,HOLD,,0,-1
2026-05-19 12:00:00,2026-05-19 08:00:00,0.5011,0.07,HOLD,,0,-1
2026-05-19 16:00:00,2026-05-19 12:00:00,0.5002,0.07,HOLD,,1,-1
2026-05-19 20:00:00,2026-05-19 16:00:00,0.4987,0.07,HOLD,,1,-1
2026-05-20 00:00:00,2026-05-19 20:00:00,0.4959,0.07,HOLD,,1,-1
2026-05-20 04:00:00,2026-05-20 00:00:00,0.4904,0.07,HOLD,,1,-1
2026-05-20 08:00:00,2026-05-20 04:00:00,0.4872,0.07,HOLD,,1,-1
2026-05-20 12:00:00,2026-05-20 08:00:00,0.4863,0.07,HOLD,,1,-1
2026-05-20 16:00:00,2026-05-20 12:00:00,0.4806,0.07,HOLD,,0,-1
2026-05-20 20:00:00,2026-05-20 16:00:00,0.4755,0.07,HOLD,,0,-1
2026-05-21 00:00:00,2026-05-20 20:00:00,0.4712,0.07,HOLD,,0,-1
2026-05-21 04:00:00,2026-05-21 00:00:00,0.4665,0.07,HOLD,,0,-1
2026-05-21 08:00:00,2026-05-21 04:00:00,0.4618,0.07,HOLD,,0,-1
2026-05-21 12:00:00,2026-05-21 08:00:00,0.4608,0.07,HOLD,,1,-1
2026-05-21 16:00:00,2026-05-21 12:00:00,0.4593,0.07,HOLD,,1,-1
2026-05-21 20:00:00,2026-05-21 16:00:00,0.4539,0.07,HOLD,,0,-1
2026-05-22 00:00:00,2026-05-21 20:00:00,0.4483,0.07,HOLD,,1,-1
2026-05-22 04:00:00,2026-05-22 00:00:00,0.441,0.07,HOLD,,1,-1
2026-05-22 08:00:00,2026-05-22 04:00:00,0.4355,0.07,HOLD,,1,-1
2026-05-22 12:00:00,2026-05-22 08:00:00,0.4317,0.07,HOLD,,1,-1
2026-05-22 16:00:00,2026-05-22 12:00:00,0.4284,0.07,SELL,False,1,0
2026-05-22 20:00:00,2026-05-22 16:00:00,0.4294,0.07,SELL,False,1,0
2026-05-25 00:00:00,2026-05-22 20:00:00,0.4307,0.07,HOLD,,1,-1
2026-05-25 04:00:00,2026-05-25 00:00:00,0.4296,0.07,SELL,True,0,0
2026-05-25 08:00:00,2026-05-25 04:00:00,0.4275,0.07,SELL,True,0,0
2026-05-25 12:00:00,2026-05-25 08:00:00,0.4286,0.07,SELL,True,0,0
2026-05-25 16:00:00,2026-05-25 12:00:00,0.4314,0.07,HOLD,,0,-1
2026-05-25 20:00:00,2026-05-25 16:00:00,0.4353,0.07,HOLD,,0,-1
2026-05-26 00:00:00,2026-05-25 20:00:00,0.4428,0.07,HOLD,,0,-1
2026-05-26 04:00:00,2026-05-26 00:00:00,0.4511,0.07,HOLD,,1,-1
2026-05-26 08:00:00,2026-05-26 04:00:00,0.4497,0.07,HOLD,,1,-1
2026-05-26 12:00:00,2026-05-26 08:00:00,0.4522,0.07,HOLD,,1,-1
2026-05-26 16:00:00,2026-05-26 12:00:00,0.4537,0.07,HOLD,,1,-1
2026-05-26 20:00:00,2026-05-26 16:00:00,0.456,0.07,HOLD,,0,-1
2026-05-27 00:00:00,2026-05-26 20:00:00,0.4616,0.07,HOLD,,0,-1
2026-05-27 04:00:00,2026-05-27 00:00:00,0.4631,0.07,HOLD,,0,-1
2026-05-27 08:00:00,2026-05-27 04:00:00,0.4655,0.07,HOLD,,0,-1
2026-05-27 12:00:00,2026-05-27 08:00:00,0.4708,0.07,HOLD,,0,-1
2026-05-27 16:00:00,2026-05-27 12:00:00,0.4749,0.07,HOLD,,1,-1
2026-05-27 20:00:00,2026-05-27 16:00:00,0.4768,0.07,HOLD,,1,-1
2026-05-28 00:00:00,2026-05-27 20:00:00,0.483,0.07,HOLD,,1,-1
2026-05-28 04:00:00,2026-05-28 00:00:00,0.485,0.07,HOLD,,1,-1
2026-05-28 08:00:00,2026-05-28 04:00:00,0.4851,0.07,HOLD,,1,-1
2026-05-28 12:00:00,2026-05-28 08:00:00,0.4888,0.07,HOLD,,1,-1
2026-05-28 16:00:00,2026-05-28 12:00:00,0.4957,0.07,HOLD,,1,-1
2026-05-28 20:00:00,2026-05-28 16:00:00,0.4953,0.07,HOLD,,1,-1
2026-05-29 00:00:00,2026-05-28 20:00:00,0.4943,0.07,HOLD,,0,-1
2026-05-29 04:00:00,2026-05-29 00:00:00,0.4954,0.07,HOLD,,1,-1
2026-05-29 08:00:00,2026-05-29 04:00:00,0.4943,0.07,HOLD,,1,-1
2026-05-29 12:00:00,2026-05-29 08:00:00,0.4947,0.07,HOLD,,0,-1
2026-05-29 16:00:00,2026-05-29 12:00:00,0.4959,0.07,HOLD,,0,-1
2026-05-29 20:00:00,2026-05-29 16:00:00,0.4948,0.07,HOLD,,0,-1
2026-06-01 00:00:00,2026-05-29 20:00:00,0.4957,0.07,HOLD,,0,-1
