Date,Signal_Date,Prob_Up,Best_Delta,Signal,Direction_Correct,Actual_Dir,Pred_Dir
2020-01-02 00:00:00,2019-12-31 12:00:00,0.4032,0.02,SELL,True,0,0
2020-01-02 12:00:00,2020-01-02 00:00:00,0.3901,0.02,SELL,True,0,0
2020-01-03 00:00:00,2020-01-02 12:00:00,0.392,0.02,SELL,True,0,0
2020-01-03 12:00:00,2020-01-03 00:00:00,0.3846,0.02,SELL,True,0,0
2020-01-06 00:00:00,2020-01-03 12:00:00,0.381,0.02,SELL,True,0,0
2020-01-06 12:00:00,2020-01-06 00:00:00,0.3788,0.02,SELL,True,0,0
2020-01-07 00:00:00,2020-01-06 12:00:00,0.3778,0.02,SELL,True,0,0
2020-01-07 12:00:00,2020-01-07 00:00:00,0.3792,0.02,SELL,True,0,0
2020-01-08 00:00:00,2020-01-07 12:00:00,0.3889,0.02,SELL,True,0,0
2020-01-08 12:00:00,2020-01-08 00:00:00,0.3983,0.02,SELL,False,1,0
2020-01-09 00:00:00,2020-01-08 12:00:00,0.4025,0.02,SELL,False,1,0
2020-01-09 12:00:00,2020-01-09 00:00:00,0.4028,0.02,SELL,False,1,0
2020-01-10 00:00:00,2020-01-09 12:00:00,0.4146,0.02,SELL,False,1,0
2020-01-10 12:00:00,2020-01-10 00:00:00,0.4154,0.02,SELL,False,1,0
2020-01-13 00:00:00,2020-01-10 12:00:00,0.4147,0.02,SELL,False,1,0
2020-01-13 12:00:00,2020-01-13 00:00:00,0.433,0.02,SELL,True,0,0
2020-01-14 00:00:00,2020-01-13 12:00:00,0.4418,0.02,SELL,True,0,0
2020-01-14 12:00:00,2020-01-14 00:00:00,0.4423,0.02,SELL,True,0,0
2020-01-15 00:00:00,2020-01-14 12:00:00,0.4495,0.02,SELL,True,0,0
2020-01-15 12:00:00,2020-01-15 00:00:00,0.4531,0.02,SELL,True,0,0
2020-01-16 00:00:00,2020-01-15 12:00:00,0.4455,0.02,SELL,True,0,0
2020-01-16 12:00:00,2020-01-16 00:00:00,0.4388,0.02,SELL,True,0,0
2020-01-17 00:00:00,2020-01-16 12:00:00,0.4355,0.02,SELL,True,0,0
2020-01-17 12:00:00,2020-01-17 00:00:00,0.4345,0.02,SELL,True,0,0
2020-01-20 00:00:00,2020-01-17 12:00:00,0.4326,0.02,SELL,True,0,0
2020-01-20 12:00:00,2020-01-20 00:00:00,0.4399,0.02,SELL,True,0,0
2020-01-21 00:00:00,2020-01-20 12:00:00,0.433,0.02,SELL,True,0,0
2020-01-21 12:00:00,2020-01-21 00:00:00,0.432,0.02,SELL,True,0,0
2020-01-22 00:00:00,2020-01-21 12:00:00,0.4238,0.02,SELL,True,0,0
2020-01-22 12:00:00,2020-01-22 00:00:00,0.4253,0.02,SELL,True,0,0
2020-01-23 00:00:00,2020-01-22 12:00:00,0.4256,0.02,SELL,True,0,0
2020-01-23 12:00:00,2020-01-23 00:00:00,0.4218,0.02,SELL,True,0,0
2020-01-24 00:00:00,2020-01-23 12:00:00,0.4105,0.02,SELL,True,0,0
2020-01-24 12:00:00,2020-01-24 00:00:00,0.4077,0.02,SELL,True,0,0
2020-01-27 00:00:00,2020-01-24 12:00:00,0.4079,0.02,SELL,False,1,0
2020-01-27 12:00:00,2020-01-27 00:00:00,0.4117,0.02,SELL,False,1,0
2020-01-28 00:00:00,2020-01-27 12:00:00,0.4071,0.02,SELL,False,1,0
2020-01-28 12:00:00,2020-01-28 00:00:00,0.4072,0.02,SELL,False,1,0
2020-01-29 00:00:00,2020-01-28 12:00:00,0.3991,0.02,SELL,False,1,0
2020-01-29 12:00:00,2020-01-29 00:00:00,0.395,0.02,SELL,False,1,0
2020-01-30 00:00:00,2020-01-29 12:00:00,0.388,0.02,SELL,False,1,0
2020-01-30 12:00:00,2020-01-30 00:00:00,0.3868,0.02,SELL,True,0,0
2020-01-31 00:00:00,2020-01-30 12:00:00,0.3824,0.02,SELL,True,0,0
2020-01-31 12:00:00,2020-01-31 00:00:00,0.3775,0.02,SELL,True,0,0
2020-02-03 00:00:00,2020-01-31 12:00:00,0.3742,0.02,SELL,True,0,0
2020-02-03 12:00:00,2020-02-03 00:00:00,0.3716,0.02,SELL,True,0,0
2020-02-04 00:00:00,2020-02-03 12:00:00,0.3631,0.02,SELL,True,0,0
2020-02-04 12:00:00,2020-02-04 00:00:00,0.3592,0.02,SELL,True,0,0
2020-02-05 00:00:00,2020-02-04 12:00:00,0.3573,0.02,SELL,True,0,0
2020-02-05 12:00:00,2020-02-05 00:00:00,0.3527,0.02,SELL,True,0,0
2020-02-06 00:00:00,2020-02-05 12:00:00,0.3513,0.02,SELL,True,0,0
2020-02-06 12:00:00,2020-02-06 00:00:00,0.3418,0.02,SELL,True,0,0
2020-02-07 00:00:00,2020-02-06 12:00:00,0.3389,0.02,SELL,True,0,0
2020-02-07 12:00:00,2020-02-07 00:00:00,0.3327,0.02,SELL,True,0,0
2020-02-10 00:00:00,2020-02-07 12:00:00,0.3296,0.02,SELL,True,0,0
2020-02-10 12:00:00,2020-02-10 00:00:00,0.3297,0.02,SELL,True,0,0
2020-02-11 00:00:00,2020-02-10 12:00:00,0.3231,0.02,SELL,True,0,0
2020-02-11 12:00:00,2020-02-11 00:00:00,0.3107,0.02,SELL,True,0,0
2020-02-12 00:00:00,2020-02-11 12:00:00,0.3049,0.02,SELL,True,0,0
2020-02-12 12:00:00,2020-02-12 00:00:00,0.3025,0.02,SELL,True,0,0
2020-02-13 00:00:00,2020-02-12 12:00:00,0.2929,0.02,SELL,True,0,0
2020-02-13 12:00:00,2020-02-13 00:00:00,0.2953,0.02,SELL,True,0,0
2020-02-14 00:00:00,2020-02-13 12:00:00,0.2916,0.02,SELL,True,0,0
2020-02-14 12:00:00,2020-02-14 00:00:00,0.2867,0.02,SELL,True,0,0
2020-02-17 00:00:00,2020-02-14 12:00:00,0.2806,0.02,SELL,True,0,0
2020-02-17 12:00:00,2020-02-17 00:00:00,0.2845,0.02,SELL,True,0,0
2020-02-18 00:00:00,2020-02-17 12:00:00,0.2954,0.02,SELL,False,1,0
2020-02-18 12:00:00,2020-02-18 00:00:00,0.3101,0.02,SELL,False,1,0
2020-02-19 00:00:00,2020-02-18 12:00:00,0.2988,0.02,SELL,False,1,0
2020-02-19 12:00:00,2020-02-19 00:00:00,0.3304,0.02,SELL,False,1,0
2020-02-20 00:00:00,2020-02-19 12:00:00,0.3509,0.02,SELL,False,1,0
2020-02-20 12:00:00,2020-02-20 00:00:00,0.364,0.02,SELL,False,1,0
2020-02-21 00:00:00,2020-02-20 12:00:00,0.3652,0.02,SELL,False,1,0
2020-02-21 12:00:00,2020-02-21 00:00:00,0.3971,0.02,SELL,False,1,0
2020-02-24 00:00:00,2020-02-21 12:00:00,0.3948,0.02,SELL,False,1,0
2020-02-24 12:00:00,2020-02-24 00:00:00,0.4073,0.02,SELL,False,1,0
2020-02-25 00:00:00,2020-02-24 12:00:00,0.3681,0.02,SELL,False,1,0
2020-02-25 12:00:00,2020-02-25 00:00:00,0.33,0.02,SELL,False,1,0
2020-02-26 00:00:00,2020-02-25 12:00:00,0.3115,0.02,SELL,False,1,0
2020-02-26 12:00:00,2020-02-26 00:00:00,0.3128,0.02,SELL,False,1,0
2020-02-27 00:00:00,2020-02-26 12:00:00,0.3267,0.02,SELL,False,1,0
2020-02-27 12:00:00,2020-02-27 00:00:00,0.351,0.02,SELL,False,1,0
2020-02-28 00:00:00,2020-02-27 12:00:00,0.3449,0.02,SELL,False,1,0
2020-02-28 12:00:00,2020-02-28 00:00:00,0.342,0.02,SELL,False,1,0
2020-03-02 00:00:00,2020-02-28 12:00:00,0.3437,0.02,SELL,False,1,0
2020-03-02 12:00:00,2020-03-02 00:00:00,0.3676,0.02,SELL,False,1,0
2020-03-03 00:00:00,2020-03-02 12:00:00,0.4026,0.02,SELL,False,1,0
2020-03-03 12:00:00,2020-03-03 00:00:00,0.4392,0.02,SELL,False,1,0
2020-03-04 00:00:00,2020-03-03 12:00:00,0.3646,0.02,SELL,False,1,0
2020-03-04 12:00:00,2020-03-04 00:00:00,0.3479,0.02,SELL,False,1,0
2020-03-05 00:00:00,2020-03-04 12:00:00,0.3808,0.02,SELL,False,1,0
2020-03-05 12:00:00,2020-03-05 00:00:00,0.3999,0.02,SELL,False,1,0
2020-03-06 00:00:00,2020-03-05 12:00:00,0.4231,0.02,SELL,True,0,0
2020-03-06 12:00:00,2020-03-06 00:00:00,0.4573,0.02,SELL,True,0,0
2020-03-09 00:00:00,2020-03-06 12:00:00,0.4869,0.02,HOLD,,0,-1
2020-03-09 12:00:00,2020-03-09 00:00:00,0.482,0.02,HOLD,,0,-1
2020-03-10 00:00:00,2020-03-09 12:00:00,0.4447,0.02,SELL,True,0,0
2020-03-10 12:00:00,2020-03-10 00:00:00,0.4474,0.02,SELL,True,0,0
2020-03-11 00:00:00,2020-03-10 12:00:00,0.4924,0.02,HOLD,,0,-1
2020-03-11 12:00:00,2020-03-11 00:00:00,0.488,0.02,HOLD,,0,-1
2020-03-12 00:00:00,2020-03-11 12:00:00,0.4462,0.02,SELL,True,0,0
2020-03-12 12:00:00,2020-03-12 00:00:00,0.4674,0.02,SELL,True,0,0
2020-03-13 00:00:00,2020-03-12 12:00:00,0.4751,0.02,SELL,True,0,0
2020-03-13 12:00:00,2020-03-13 00:00:00,0.5101,0.02,HOLD,,0,-1
2020-03-16 00:00:00,2020-03-13 12:00:00,0.516,0.02,HOLD,,0,-1
2020-03-16 12:00:00,2020-03-16 00:00:00,0.5218,0.02,BUY,False,0,1
2020-03-17 00:00:00,2020-03-16 12:00:00,0.5173,0.02,HOLD,,0,-1
2020-03-17 12:00:00,2020-03-17 00:00:00,0.5171,0.02,HOLD,,0,-1
2020-03-18 00:00:00,2020-03-17 12:00:00,0.4934,0.02,HOLD,,0,-1
2020-03-18 12:00:00,2020-03-18 00:00:00,0.5024,0.02,HOLD,,0,-1
2020-03-19 00:00:00,2020-03-18 12:00:00,0.5054,0.02,HOLD,,0,-1
2020-03-19 12:00:00,2020-03-19 00:00:00,0.5143,0.02,HOLD,,1,-1
2020-03-20 00:00:00,2020-03-19 12:00:00,0.5182,0.02,HOLD,,1,-1
2020-03-20 12:00:00,2020-03-20 00:00:00,0.509,0.02,HOLD,,1,-1
2020-03-23 00:00:00,2020-03-20 12:00:00,0.5211,0.02,BUY,True,1,1
2020-03-23 12:00:00,2020-03-23 00:00:00,0.5207,0.02,BUY,True,1,1
2020-03-24 00:00:00,2020-03-23 12:00:00,0.5057,0.02,HOLD,,1,-1
2020-03-24 12:00:00,2020-03-24 00:00:00,0.501,0.02,HOLD,,1,-1
2020-03-25 00:00:00,2020-03-24 12:00:00,0.4951,0.02,HOLD,,1,-1
2020-03-25 12:00:00,2020-03-25 00:00:00,0.4996,0.02,HOLD,,1,-1
2020-03-26 00:00:00,2020-03-25 12:00:00,0.5029,0.02,HOLD,,1,-1
2020-03-26 12:00:00,2020-03-26 00:00:00,0.5023,0.02,HOLD,,0,-1
2020-03-27 00:00:00,2020-03-26 12:00:00,0.4954,0.02,HOLD,,0,-1
2020-03-27 12:00:00,2020-03-27 00:00:00,0.5011,0.02,HOLD,,0,-1
2020-03-30 00:00:00,2020-03-27 12:00:00,0.505,0.02,HOLD,,0,-1
2020-03-30 12:00:00,2020-03-30 00:00:00,0.5078,0.02,HOLD,,0,-1
2020-03-31 00:00:00,2020-03-30 12:00:00,0.5087,0.02,HOLD,,0,-1
2020-03-31 12:00:00,2020-03-31 00:00:00,0.5023,0.02,HOLD,,0,-1
2020-04-01 00:00:00,2020-03-31 12:00:00,0.4936,0.02,HOLD,,0,-1
2020-04-01 12:00:00,2020-04-01 00:00:00,0.4875,0.02,HOLD,,0,-1
2020-04-02 00:00:00,2020-04-01 12:00:00,0.4868,0.02,HOLD,,0,-1
2020-04-02 12:00:00,2020-04-02 00:00:00,0.4837,0.02,HOLD,,0,-1
2020-04-03 00:00:00,2020-04-02 12:00:00,0.4832,0.02,HOLD,,1,-1
2020-04-03 12:00:00,2020-04-03 00:00:00,0.4763,0.02,SELL,False,1,0
2020-04-06 00:00:00,2020-04-03 12:00:00,0.4771,0.02,SELL,False,1,0
2020-04-06 12:00:00,2020-04-06 00:00:00,0.4735,0.02,SELL,False,1,0
2020-04-07 00:00:00,2020-04-06 12:00:00,0.4711,0.02,SELL,False,1,0
2020-04-07 12:00:00,2020-04-07 00:00:00,0.4681,0.02,SELL,False,1,0
2020-04-08 00:00:00,2020-04-07 12:00:00,0.4674,0.02,SELL,False,1,0
2020-04-08 12:00:00,2020-04-08 00:00:00,0.4662,0.02,SELL,False,1,0
2020-04-09 00:00:00,2020-04-08 12:00:00,0.4606,0.02,SELL,False,1,0
2020-04-09 12:00:00,2020-04-09 00:00:00,0.4555,0.02,SELL,False,1,0
2020-04-10 00:00:00,2020-04-09 12:00:00,0.4552,0.02,SELL,True,0,0
2020-04-10 12:00:00,2020-04-10 00:00:00,0.4542,0.02,SELL,True,0,0
2020-04-13 00:00:00,2020-04-10 12:00:00,0.4532,0.02,SELL,True,0,0
2020-04-13 12:00:00,2020-04-13 00:00:00,0.4507,0.02,SELL,True,0,0
2020-04-14 00:00:00,2020-04-13 12:00:00,0.4507,0.02,SELL,True,0,0
2020-04-14 12:00:00,2020-04-14 00:00:00,0.4487,0.02,SELL,True,0,0
2020-04-15 00:00:00,2020-04-14 12:00:00,0.447,0.02,SELL,True,0,0
2020-04-15 12:00:00,2020-04-15 00:00:00,0.4436,0.02,SELL,True,0,0
2020-04-16 00:00:00,2020-04-15 12:00:00,0.4409,0.02,SELL,True,0,0
2020-04-16 12:00:00,2020-04-16 00:00:00,0.441,0.02,SELL,False,1,0
2020-04-17 00:00:00,2020-04-16 12:00:00,0.4428,0.02,SELL,True,0,0
2020-04-17 12:00:00,2020-04-17 00:00:00,0.443,0.02,SELL,True,0,0
2020-04-20 00:00:00,2020-04-17 12:00:00,0.4389,0.02,SELL,True,0,0
2020-04-20 12:00:00,2020-04-20 00:00:00,0.4401,0.02,SELL,True,0,0
2020-04-21 00:00:00,2020-04-20 12:00:00,0.4435,0.02,SELL,True,0,0
2020-04-21 12:00:00,2020-04-21 00:00:00,0.4413,0.02,SELL,True,0,0
2020-04-22 00:00:00,2020-04-21 12:00:00,0.4429,0.02,SELL,True,0,0
2020-04-22 12:00:00,2020-04-22 00:00:00,0.4423,0.02,SELL,False,1,0
2020-04-23 00:00:00,2020-04-22 12:00:00,0.4406,0.02,SELL,False,1,0
2020-04-23 12:00:00,2020-04-23 00:00:00,0.441,0.02,SELL,False,1,0
2020-04-24 00:00:00,2020-04-23 12:00:00,0.4438,0.02,SELL,False,1,0
2020-04-24 12:00:00,2020-04-24 00:00:00,0.4454,0.02,SELL,False,1,0
2020-04-27 00:00:00,2020-04-24 12:00:00,0.4493,0.02,SELL,False,1,0
2020-04-27 12:00:00,2020-04-27 00:00:00,0.4564,0.02,SELL,False,1,0
2020-04-28 00:00:00,2020-04-27 12:00:00,0.4594,0.02,SELL,False,1,0
2020-04-28 12:00:00,2020-04-28 00:00:00,0.4598,0.02,SELL,False,1,0
2020-04-29 00:00:00,2020-04-28 12:00:00,0.4595,0.02,SELL,False,1,0
2020-04-29 12:00:00,2020-04-29 00:00:00,0.4611,0.02,SELL,True,0,0
2020-04-30 00:00:00,2020-04-29 12:00:00,0.4628,0.02,SELL,True,0,0
2020-04-30 12:00:00,2020-04-30 00:00:00,0.4642,0.02,SELL,True,0,0
2020-05-01 00:00:00,2020-04-30 12:00:00,0.4615,0.02,SELL,True,0,0
2020-05-01 12:00:00,2020-05-01 00:00:00,0.461,0.02,SELL,True,0,0
2020-05-04 00:00:00,2020-05-01 12:00:00,0.4595,0.02,SELL,True,0,0
2020-05-04 12:00:00,2020-05-04 00:00:00,0.4622,0.02,SELL,True,0,0
2020-05-05 00:00:00,2020-05-04 12:00:00,0.4586,0.02,SELL,True,0,0
2020-05-05 12:00:00,2020-05-05 00:00:00,0.4606,0.02,SELL,True,0,0
2020-05-06 00:00:00,2020-05-05 12:00:00,0.4571,0.02,SELL,False,1,0
2020-05-06 12:00:00,2020-05-06 00:00:00,0.4555,0.02,SELL,False,1,0
2020-05-07 00:00:00,2020-05-06 12:00:00,0.4535,0.02,SELL,False,1,0
2020-05-07 12:00:00,2020-05-07 00:00:00,0.4543,0.02,SELL,False,1,0
2020-05-08 00:00:00,2020-05-07 12:00:00,0.4541,0.02,SELL,True,0,0
2020-05-08 12:00:00,2020-05-08 00:00:00,0.4565,0.02,SELL,True,0,0
2020-05-11 00:00:00,2020-05-08 12:00:00,0.4571,0.02,SELL,True,0,0
2020-05-11 12:00:00,2020-05-11 00:00:00,0.4588,0.02,SELL,False,1,0
2020-05-12 00:00:00,2020-05-11 12:00:00,0.4616,0.02,SELL,True,0,0
2020-05-12 12:00:00,2020-05-12 00:00:00,0.4653,0.02,SELL,True,0,0
2020-05-13 00:00:00,2020-05-12 12:00:00,0.4673,0.02,SELL,False,1,0
2020-05-13 12:00:00,2020-05-13 00:00:00,0.4698,0.02,SELL,False,1,0
2020-05-14 00:00:00,2020-05-13 12:00:00,0.4721,0.02,SELL,False,1,0
2020-05-14 12:00:00,2020-05-14 00:00:00,0.4756,0.02,SELL,False,1,0
2020-05-15 00:00:00,2020-05-14 12:00:00,0.4811,0.02,HOLD,,1,-1
2020-05-15 12:00:00,2020-05-15 00:00:00,0.4853,0.02,HOLD,,1,-1
2020-05-18 00:00:00,2020-05-15 12:00:00,0.4933,0.02,HOLD,,1,-1
2020-05-18 12:00:00,2020-05-18 00:00:00,0.4967,0.02,HOLD,,0,-1
2020-05-19 00:00:00,2020-05-18 12:00:00,0.4992,0.02,HOLD,,0,-1
2020-05-19 12:00:00,2020-05-19 00:00:00,0.5025,0.02,HOLD,,0,-1
2020-05-20 00:00:00,2020-05-19 12:00:00,0.5065,0.02,HOLD,,0,-1
2020-05-20 12:00:00,2020-05-20 00:00:00,0.5092,0.02,HOLD,,0,-1
2020-05-21 00:00:00,2020-05-20 12:00:00,0.5087,0.02,HOLD,,1,-1
2020-05-21 12:00:00,2020-05-21 00:00:00,0.5113,0.02,HOLD,,1,-1
2020-05-22 00:00:00,2020-05-21 12:00:00,0.5125,0.02,HOLD,,1,-1
2020-05-22 12:00:00,2020-05-22 00:00:00,0.5129,0.02,HOLD,,1,-1
2020-05-25 00:00:00,2020-05-22 12:00:00,0.5145,0.02,HOLD,,1,-1
2020-05-25 12:00:00,2020-05-25 00:00:00,0.5172,0.02,HOLD,,1,-1
2020-05-26 00:00:00,2020-05-25 12:00:00,0.5192,0.02,HOLD,,1,-1
2020-05-26 12:00:00,2020-05-26 00:00:00,0.5239,0.02,BUY,True,1,1
2020-05-27 00:00:00,2020-05-26 12:00:00,0.528,0.02,BUY,True,1,1
2020-05-27 12:00:00,2020-05-27 00:00:00,0.5287,0.02,BUY,True,1,1
2020-05-28 00:00:00,2020-05-27 12:00:00,0.5313,0.02,BUY,True,1,1
2020-05-28 12:00:00,2020-05-28 00:00:00,0.5325,0.02,BUY,True,1,1
2020-05-29 00:00:00,2020-05-28 12:00:00,0.5377,0.02,BUY,True,1,1
2020-05-29 12:00:00,2020-05-29 00:00:00,0.5392,0.02,BUY,True,1,1
2020-06-01 00:00:00,2020-05-29 12:00:00,0.5404,0.02,BUY,True,1,1
2020-06-01 12:00:00,2020-06-01 00:00:00,0.5424,0.02,BUY,True,1,1
2020-06-02 00:00:00,2020-06-01 12:00:00,0.5391,0.02,BUY,True,1,1
2020-06-02 12:00:00,2020-06-02 00:00:00,0.5393,0.02,BUY,True,1,1
2020-06-03 00:00:00,2020-06-02 12:00:00,0.5457,0.02,BUY,True,1,1
2020-06-03 12:00:00,2020-06-03 00:00:00,0.5456,0.02,BUY,True,1,1
2020-06-04 00:00:00,2020-06-03 12:00:00,0.5362,0.02,BUY,True,1,1
2020-06-04 12:00:00,2020-06-04 00:00:00,0.5303,0.02,BUY,True,1,1
2020-06-05 00:00:00,2020-06-04 12:00:00,0.5282,0.02,BUY,True,1,1
2020-06-05 12:00:00,2020-06-05 00:00:00,0.5263,0.02,BUY,True,1,1
2020-06-08 00:00:00,2020-06-05 12:00:00,0.5275,0.02,BUY,False,0,1
2020-06-08 12:00:00,2020-06-08 00:00:00,0.5221,0.02,BUY,True,1,1
2020-06-09 00:00:00,2020-06-08 12:00:00,0.5221,0.02,BUY,False,0,1
2020-06-09 12:00:00,2020-06-09 00:00:00,0.5178,0.02,HOLD,,0,-1
2020-06-10 00:00:00,2020-06-09 12:00:00,0.5168,0.02,HOLD,,0,-1
2020-06-10 12:00:00,2020-06-10 00:00:00,0.5133,0.02,HOLD,,0,-1
2020-06-11 00:00:00,2020-06-10 12:00:00,0.5118,0.02,HOLD,,0,-1
2020-06-11 12:00:00,2020-06-11 00:00:00,0.5089,0.02,HOLD,,0,-1
2020-06-12 00:00:00,2020-06-11 12:00:00,0.5084,0.02,HOLD,,0,-1
2020-06-12 12:00:00,2020-06-12 00:00:00,0.5032,0.02,HOLD,,0,-1
2020-06-15 00:00:00,2020-06-12 12:00:00,0.5063,0.02,HOLD,,0,-1
2020-06-15 12:00:00,2020-06-15 00:00:00,0.5079,0.02,HOLD,,0,-1
2020-06-16 00:00:00,2020-06-15 12:00:00,0.5073,0.02,HOLD,,0,-1
2020-06-16 12:00:00,2020-06-16 00:00:00,0.5053,0.02,HOLD,,0,-1
2020-06-17 00:00:00,2020-06-16 12:00:00,0.5077,0.02,HOLD,,1,-1
2020-06-17 12:00:00,2020-06-17 00:00:00,0.5098,0.02,HOLD,,1,-1
2020-06-18 00:00:00,2020-06-17 12:00:00,0.5066,0.02,HOLD,,1,-1
2020-06-18 12:00:00,2020-06-18 00:00:00,0.5034,0.02,HOLD,,1,-1
2020-06-19 00:00:00,2020-06-18 12:00:00,0.5046,0.02,HOLD,,1,-1
2020-06-19 12:00:00,2020-06-19 00:00:00,0.5054,0.02,HOLD,,1,-1
2020-06-22 00:00:00,2020-06-19 12:00:00,0.5097,0.02,HOLD,,0,-1
2020-06-22 12:00:00,2020-06-22 00:00:00,0.502,0.02,HOLD,,0,-1
2020-06-23 00:00:00,2020-06-22 12:00:00,0.5003,0.02,HOLD,,0,-1
2020-06-23 12:00:00,2020-06-23 00:00:00,0.5002,0.02,HOLD,,0,-1
2020-06-24 00:00:00,2020-06-23 12:00:00,0.499,0.02,HOLD,,0,-1
2020-06-24 12:00:00,2020-06-24 00:00:00,0.4963,0.02,HOLD,,0,-1
2020-06-25 00:00:00,2020-06-24 12:00:00,0.4952,0.02,HOLD,,1,-1
2020-06-25 12:00:00,2020-06-25 00:00:00,0.4942,0.02,HOLD,,1,-1
2020-06-26 00:00:00,2020-06-25 12:00:00,0.4932,0.02,HOLD,,1,-1
2020-06-26 12:00:00,2020-06-26 00:00:00,0.4922,0.02,HOLD,,1,-1
2020-06-29 00:00:00,2020-06-26 12:00:00,0.4919,0.02,HOLD,,0,-1
2020-06-29 12:00:00,2020-06-29 00:00:00,0.4902,0.02,HOLD,,0,-1
2020-06-30 00:00:00,2020-06-29 12:00:00,0.4913,0.02,HOLD,,1,-1
2020-06-30 12:00:00,2020-06-30 00:00:00,0.4873,0.02,HOLD,,1,-1
2020-07-01 00:00:00,2020-06-30 12:00:00,0.4916,0.02,HOLD,,1,-1
2020-07-01 12:00:00,2020-07-01 00:00:00,0.4874,0.02,HOLD,,1,-1
2020-07-02 00:00:00,2020-07-01 12:00:00,0.4904,0.02,HOLD,,0,-1
2020-07-02 12:00:00,2020-07-02 00:00:00,0.4842,0.02,HOLD,,1,-1
2020-07-03 00:00:00,2020-07-02 12:00:00,0.479,0.02,SELL,False,1,0
2020-07-03 12:00:00,2020-07-03 00:00:00,0.4777,0.02,SELL,False,1,0
2020-07-06 00:00:00,2020-07-03 12:00:00,0.4776,0.02,SELL,True,0,0
2020-07-06 12:00:00,2020-07-06 00:00:00,0.4789,0.02,SELL,True,0,0
2020-07-07 00:00:00,2020-07-06 12:00:00,0.4828,0.02,HOLD,,1,-1
2020-07-07 12:00:00,2020-07-07 00:00:00,0.4844,0.02,HOLD,,1,-1
2020-07-08 00:00:00,2020-07-07 12:00:00,0.487,0.02,HOLD,,1,-1
2020-07-08 12:00:00,2020-07-08 00:00:00,0.4876,0.02,HOLD,,1,-1
2020-07-09 00:00:00,2020-07-08 12:00:00,0.4909,0.02,HOLD,,1,-1
2020-07-09 12:00:00,2020-07-09 00:00:00,0.4853,0.02,HOLD,,1,-1
2020-07-10 00:00:00,2020-07-09 12:00:00,0.4864,0.02,HOLD,,1,-1
2020-07-10 12:00:00,2020-07-10 00:00:00,0.4859,0.02,HOLD,,1,-1
2020-07-13 00:00:00,2020-07-10 12:00:00,0.483,0.02,HOLD,,1,-1
2020-07-13 12:00:00,2020-07-13 00:00:00,0.4809,0.02,HOLD,,1,-1
2020-07-14 00:00:00,2020-07-13 12:00:00,0.482,0.02,HOLD,,1,-1
2020-07-14 12:00:00,2020-07-14 00:00:00,0.4839,0.02,HOLD,,1,-1
2020-07-15 00:00:00,2020-07-14 12:00:00,0.4855,0.02,HOLD,,1,-1
2020-07-15 12:00:00,2020-07-15 00:00:00,0.4854,0.02,HOLD,,1,-1
2020-07-16 00:00:00,2020-07-15 12:00:00,0.4871,0.02,HOLD,,1,-1
2020-07-16 12:00:00,2020-07-16 00:00:00,0.4877,0.02,HOLD,,1,-1
2020-07-17 00:00:00,2020-07-16 12:00:00,0.4909,0.02,HOLD,,1,-1
2020-07-17 12:00:00,2020-07-17 00:00:00,0.4925,0.02,HOLD,,1,-1
2020-07-20 00:00:00,2020-07-17 12:00:00,0.4927,0.02,HOLD,,1,-1
2020-07-20 12:00:00,2020-07-20 00:00:00,0.493,0.02,HOLD,,1,-1
2020-07-21 00:00:00,2020-07-20 12:00:00,0.4892,0.02,HOLD,,1,-1
2020-07-21 12:00:00,2020-07-21 00:00:00,0.4892,0.02,HOLD,,1,-1
2020-07-22 00:00:00,2020-07-21 12:00:00,0.4895,0.02,HOLD,,1,-1
2020-07-22 12:00:00,2020-07-22 00:00:00,0.4912,0.02,HOLD,,1,-1
2020-07-23 00:00:00,2020-07-22 12:00:00,0.4914,0.02,HOLD,,1,-1
2020-07-23 12:00:00,2020-07-23 00:00:00,0.4905,0.02,HOLD,,1,-1
2020-07-24 00:00:00,2020-07-23 12:00:00,0.4946,0.02,HOLD,,1,-1
2020-07-24 12:00:00,2020-07-24 00:00:00,0.496,0.02,HOLD,,1,-1
2020-07-27 00:00:00,2020-07-24 12:00:00,0.4964,0.02,HOLD,,1,-1
2020-07-27 12:00:00,2020-07-27 00:00:00,0.4952,0.02,HOLD,,1,-1
2020-07-28 00:00:00,2020-07-27 12:00:00,0.4943,0.02,HOLD,,1,-1
2020-07-28 12:00:00,2020-07-28 00:00:00,0.4938,0.02,HOLD,,1,-1
2020-07-29 00:00:00,2020-07-28 12:00:00,0.4972,0.02,HOLD,,1,-1
2020-07-29 12:00:00,2020-07-29 00:00:00,0.4988,0.02,HOLD,,1,-1
2020-07-30 00:00:00,2020-07-29 12:00:00,0.4994,0.02,HOLD,,1,-1
2020-07-30 12:00:00,2020-07-30 00:00:00,0.4958,0.02,HOLD,,0,-1
2020-07-31 00:00:00,2020-07-30 12:00:00,0.4971,0.02,HOLD,,1,-1
2020-07-31 12:00:00,2020-07-31 00:00:00,0.4955,0.02,HOLD,,1,-1
2020-08-03 00:00:00,2020-07-31 12:00:00,0.4943,0.02,HOLD,,1,-1
2020-08-03 12:00:00,2020-08-03 00:00:00,0.4933,0.02,HOLD,,1,-1
2020-08-04 00:00:00,2020-08-03 12:00:00,0.4963,0.02,HOLD,,0,-1
2020-08-04 12:00:00,2020-08-04 00:00:00,0.4986,0.02,HOLD,,0,-1
2020-08-05 00:00:00,2020-08-04 12:00:00,0.4982,0.02,HOLD,,0,-1
2020-08-05 12:00:00,2020-08-05 00:00:00,0.4979,0.02,HOLD,,0,-1
2020-08-06 00:00:00,2020-08-05 12:00:00,0.4952,0.02,HOLD,,0,-1
2020-08-06 12:00:00,2020-08-06 00:00:00,0.4941,0.02,HOLD,,0,-1
2020-08-07 00:00:00,2020-08-06 12:00:00,0.494,0.02,HOLD,,0,-1
2020-08-07 12:00:00,2020-08-07 00:00:00,0.4929,0.02,HOLD,,1,-1
2020-08-10 00:00:00,2020-08-07 12:00:00,0.4948,0.02,HOLD,,1,-1
2020-08-10 12:00:00,2020-08-10 00:00:00,0.4951,0.02,HOLD,,1,-1
2020-08-11 00:00:00,2020-08-10 12:00:00,0.4973,0.02,HOLD,,1,-1
2020-08-11 12:00:00,2020-08-11 00:00:00,0.4985,0.02,HOLD,,1,-1
2020-08-12 00:00:00,2020-08-11 12:00:00,0.5019,0.02,HOLD,,1,-1
2020-08-12 12:00:00,2020-08-12 00:00:00,0.4994,0.02,HOLD,,1,-1
2020-08-13 00:00:00,2020-08-12 12:00:00,0.5012,0.02,HOLD,,1,-1
2020-08-13 12:00:00,2020-08-13 00:00:00,0.4994,0.02,HOLD,,1,-1
2020-08-14 00:00:00,2020-08-13 12:00:00,0.4938,0.02,HOLD,,1,-1
2020-08-14 12:00:00,2020-08-14 00:00:00,0.4922,0.02,HOLD,,0,-1
2020-08-17 00:00:00,2020-08-14 12:00:00,0.4887,0.02,HOLD,,1,-1
2020-08-17 12:00:00,2020-08-17 00:00:00,0.4924,0.02,HOLD,,0,-1
2020-08-18 00:00:00,2020-08-17 12:00:00,0.4918,0.02,HOLD,,0,-1
2020-08-18 12:00:00,2020-08-18 00:00:00,0.4889,0.02,HOLD,,0,-1
2020-08-19 00:00:00,2020-08-18 12:00:00,0.4871,0.02,HOLD,,0,-1
2020-08-19 12:00:00,2020-08-19 00:00:00,0.4829,0.02,HOLD,,0,-1
2020-08-20 00:00:00,2020-08-19 12:00:00,0.48,0.02,SELL,True,0,0
2020-08-20 12:00:00,2020-08-20 00:00:00,0.4825,0.02,HOLD,,0,-1
2020-08-21 00:00:00,2020-08-20 12:00:00,0.4827,0.02,HOLD,,1,-1
2020-08-21 12:00:00,2020-08-21 00:00:00,0.48,0.02,HOLD,,1,-1
2020-08-24 00:00:00,2020-08-21 12:00:00,0.4786,0.02,SELL,True,0,0
2020-08-24 12:00:00,2020-08-24 00:00:00,0.4813,0.02,HOLD,,1,-1
2020-08-25 00:00:00,2020-08-24 12:00:00,0.4838,0.02,HOLD,,1,-1
2020-08-25 12:00:00,2020-08-25 00:00:00,0.4861,0.02,HOLD,,1,-1
2020-08-26 00:00:00,2020-08-25 12:00:00,0.4871,0.02,HOLD,,1,-1
2020-08-26 12:00:00,2020-08-26 00:00:00,0.4877,0.02,HOLD,,1,-1
2020-08-27 00:00:00,2020-08-26 12:00:00,0.4903,0.02,HOLD,,1,-1
2020-08-27 12:00:00,2020-08-27 00:00:00,0.4931,0.02,HOLD,,1,-1
2020-08-28 00:00:00,2020-08-27 12:00:00,0.495,0.02,HOLD,,0,-1
2020-08-28 12:00:00,2020-08-28 00:00:00,0.4894,0.02,HOLD,,0,-1
2020-08-31 00:00:00,2020-08-28 12:00:00,0.4907,0.02,HOLD,,0,-1
2020-08-31 12:00:00,2020-08-31 00:00:00,0.4929,0.02,HOLD,,0,-1
2020-09-01 00:00:00,2020-08-31 12:00:00,0.4956,0.02,HOLD,,0,-1
2020-09-01 12:00:00,2020-09-01 00:00:00,0.4931,0.02,HOLD,,0,-1
2020-09-02 00:00:00,2020-09-01 12:00:00,0.4959,0.02,HOLD,,0,-1
2020-09-02 12:00:00,2020-09-02 00:00:00,0.4976,0.02,HOLD,,0,-1
2020-09-03 00:00:00,2020-09-02 12:00:00,0.4983,0.02,HOLD,,0,-1
2020-09-03 12:00:00,2020-09-03 00:00:00,0.4974,0.02,HOLD,,0,-1
2020-09-04 00:00:00,2020-09-03 12:00:00,0.4983,0.02,HOLD,,0,-1
2020-09-04 12:00:00,2020-09-04 00:00:00,0.4985,0.02,HOLD,,0,-1
2020-09-07 00:00:00,2020-09-04 12:00:00,0.5004,0.02,HOLD,,0,-1
2020-09-07 12:00:00,2020-09-07 00:00:00,0.5036,0.02,HOLD,,1,-1
2020-09-08 00:00:00,2020-09-07 12:00:00,0.5013,0.02,HOLD,,1,-1
2020-09-08 12:00:00,2020-09-08 00:00:00,0.5012,0.02,HOLD,,1,-1
2020-09-09 00:00:00,2020-09-08 12:00:00,0.5046,0.02,HOLD,,1,-1
2020-09-09 12:00:00,2020-09-09 00:00:00,0.5058,0.02,HOLD,,1,-1
2020-09-10 00:00:00,2020-09-09 12:00:00,0.5094,0.02,HOLD,,1,-1
2020-09-10 12:00:00,2020-09-10 00:00:00,0.5113,0.02,HOLD,,1,-1
2020-09-11 00:00:00,2020-09-10 12:00:00,0.5107,0.02,HOLD,,0,-1
2020-09-11 12:00:00,2020-09-11 00:00:00,0.5115,0.02,HOLD,,0,-1
2020-09-14 00:00:00,2020-09-11 12:00:00,0.5126,0.02,HOLD,,0,-1
2020-09-14 12:00:00,2020-09-14 00:00:00,0.5153,0.02,HOLD,,0,-1
2020-09-15 00:00:00,2020-09-14 12:00:00,0.5177,0.02,HOLD,,0,-1
2020-09-15 12:00:00,2020-09-15 00:00:00,0.5175,0.02,HOLD,,0,-1
2020-09-16 00:00:00,2020-09-15 12:00:00,0.5164,0.02,HOLD,,0,-1
2020-09-16 12:00:00,2020-09-16 00:00:00,0.5179,0.02,HOLD,,0,-1
2020-09-17 00:00:00,2020-09-16 12:00:00,0.5184,0.02,HOLD,,0,-1
2020-09-17 12:00:00,2020-09-17 00:00:00,0.5198,0.02,HOLD,,0,-1
2020-09-18 00:00:00,2020-09-17 12:00:00,0.5236,0.02,BUY,False,0,1
2020-09-18 12:00:00,2020-09-18 00:00:00,0.5272,0.02,BUY,False,0,1
2020-09-21 00:00:00,2020-09-18 12:00:00,0.5286,0.02,BUY,False,0,1
2020-09-21 12:00:00,2020-09-21 00:00:00,0.526,0.02,BUY,False,0,1
2020-09-22 00:00:00,2020-09-21 12:00:00,0.5241,0.02,BUY,False,0,1
2020-09-22 12:00:00,2020-09-22 00:00:00,0.527,0.02,BUY,False,0,1
2020-09-23 00:00:00,2020-09-22 12:00:00,0.5256,0.02,BUY,False,0,1
2020-09-23 12:00:00,2020-09-23 00:00:00,0.5291,0.02,BUY,True,1,1
2020-09-24 00:00:00,2020-09-23 12:00:00,0.5344,0.02,BUY,True,1,1
2020-09-24 12:00:00,2020-09-24 00:00:00,0.5383,0.02,BUY,True,1,1
2020-09-25 00:00:00,2020-09-24 12:00:00,0.5404,0.02,BUY,True,1,1
2020-09-25 12:00:00,2020-09-25 00:00:00,0.5432,0.02,BUY,True,1,1
2020-09-28 00:00:00,2020-09-25 12:00:00,0.5442,0.02,BUY,True,1,1
2020-09-28 12:00:00,2020-09-28 00:00:00,0.5443,0.02,BUY,True,1,1
2020-09-29 00:00:00,2020-09-28 12:00:00,0.5489,0.02,BUY,True,1,1
2020-09-29 12:00:00,2020-09-29 00:00:00,0.5513,0.02,BUY,True,1,1
2020-09-30 00:00:00,2020-09-29 12:00:00,0.5558,0.02,BUY,True,1,1
2020-09-30 12:00:00,2020-09-30 00:00:00,0.5547,0.02,BUY,True,1,1
2020-10-01 00:00:00,2020-09-30 12:00:00,0.56,0.02,BUY,True,1,1
2020-10-01 12:00:00,2020-10-01 00:00:00,0.5647,0.02,BUY,True,1,1
2020-10-02 00:00:00,2020-10-01 12:00:00,0.5663,0.02,BUY,True,1,1
2020-10-02 12:00:00,2020-10-02 00:00:00,0.5621,0.02,BUY,True,1,1
2020-10-05 00:00:00,2020-10-02 12:00:00,0.5609,0.02,BUY,True,1,1
2020-10-05 12:00:00,2020-10-05 00:00:00,0.5619,0.02,BUY,True,1,1
2020-10-06 00:00:00,2020-10-05 12:00:00,0.5646,0.02,BUY,True,1,1
2020-10-06 12:00:00,2020-10-06 00:00:00,0.5682,0.02,BUY,True,1,1
2020-10-07 00:00:00,2020-10-06 12:00:00,0.5711,0.02,BUY,True,1,1
2020-10-07 12:00:00,2020-10-07 00:00:00,0.5705,0.02,BUY,True,1,1
2020-10-08 00:00:00,2020-10-07 12:00:00,0.5713,0.02,BUY,False,0,1
2020-10-08 12:00:00,2020-10-08 00:00:00,0.5658,0.02,BUY,False,0,1
2020-10-09 00:00:00,2020-10-08 12:00:00,0.5634,0.02,BUY,False,0,1
2020-10-09 12:00:00,2020-10-09 00:00:00,0.5643,0.02,BUY,False,0,1
2020-10-12 00:00:00,2020-10-09 12:00:00,0.559,0.02,BUY,False,0,1
2020-10-12 12:00:00,2020-10-12 00:00:00,0.56,0.02,BUY,False,0,1
2020-10-13 00:00:00,2020-10-12 12:00:00,0.5629,0.02,BUY,False,0,1
2020-10-13 12:00:00,2020-10-13 00:00:00,0.5652,0.02,BUY,False,0,1
2020-10-14 00:00:00,2020-10-13 12:00:00,0.5649,0.02,BUY,True,1,1
2020-10-14 12:00:00,2020-10-14 00:00:00,0.5644,0.02,BUY,True,1,1
2020-10-15 00:00:00,2020-10-14 12:00:00,0.5628,0.02,BUY,True,1,1
2020-10-15 12:00:00,2020-10-15 00:00:00,0.5629,0.02,BUY,True,1,1
2020-10-16 00:00:00,2020-10-15 12:00:00,0.5639,0.02,BUY,True,1,1
2020-10-16 12:00:00,2020-10-16 00:00:00,0.5691,0.02,BUY,True,1,1
2020-10-19 00:00:00,2020-10-16 12:00:00,0.567,0.02,BUY,True,1,1
2020-10-19 12:00:00,2020-10-19 00:00:00,0.5666,0.02,BUY,True,1,1
2020-10-20 00:00:00,2020-10-19 12:00:00,0.5726,0.02,BUY,True,1,1
2020-10-20 12:00:00,2020-10-20 00:00:00,0.5786,0.02,BUY,False,0,1
2020-10-21 00:00:00,2020-10-20 12:00:00,0.5817,0.02,BUY,False,0,1
2020-10-21 12:00:00,2020-10-21 00:00:00,0.5804,0.02,BUY,False,0,1
2020-10-22 00:00:00,2020-10-21 12:00:00,0.5737,0.02,BUY,False,0,1
2020-10-22 12:00:00,2020-10-22 00:00:00,0.5673,0.02,BUY,False,0,1
2020-10-23 00:00:00,2020-10-22 12:00:00,0.565,0.02,BUY,False,0,1
2020-10-23 12:00:00,2020-10-23 00:00:00,0.5607,0.02,BUY,False,0,1
2020-10-26 00:00:00,2020-10-23 12:00:00,0.5514,0.02,BUY,False,0,1
2020-10-26 12:00:00,2020-10-26 00:00:00,0.551,0.02,BUY,False,0,1
2020-10-27 00:00:00,2020-10-26 12:00:00,0.5534,0.02,BUY,False,0,1
2020-10-27 12:00:00,2020-10-27 00:00:00,0.5499,0.02,BUY,False,0,1
2020-10-28 00:00:00,2020-10-27 12:00:00,0.5506,0.02,BUY,False,0,1
2020-10-28 12:00:00,2020-10-28 00:00:00,0.5501,0.02,BUY,False,0,1
2020-10-29 00:00:00,2020-10-28 12:00:00,0.5522,0.02,BUY,False,0,1
2020-10-29 12:00:00,2020-10-29 00:00:00,0.556,0.02,BUY,True,1,1
2020-10-30 00:00:00,2020-10-29 12:00:00,0.5605,0.02,BUY,True,1,1
2020-10-30 12:00:00,2020-10-30 00:00:00,0.5624,0.02,BUY,True,1,1
2020-11-02 00:00:00,2020-10-30 12:00:00,0.5592,0.02,BUY,True,1,1
2020-11-02 12:00:00,2020-11-02 00:00:00,0.5619,0.02,BUY,True,1,1
2020-11-03 00:00:00,2020-11-02 12:00:00,0.5644,0.02,BUY,True,1,1
2020-11-03 12:00:00,2020-11-03 00:00:00,0.5669,0.02,BUY,True,1,1
2020-11-04 00:00:00,2020-11-03 12:00:00,0.5696,0.02,BUY,True,1,1
2020-11-04 12:00:00,2020-11-04 00:00:00,0.566,0.02,BUY,True,1,1
2020-11-05 00:00:00,2020-11-04 12:00:00,0.5654,0.02,BUY,True,1,1
2020-11-05 12:00:00,2020-11-05 00:00:00,0.552,0.02,BUY,False,0,1
2020-11-06 00:00:00,2020-11-05 12:00:00,0.5551,0.02,BUY,False,0,1
2020-11-06 12:00:00,2020-11-06 00:00:00,0.5578,0.02,BUY,False,0,1
2020-11-09 00:00:00,2020-11-06 12:00:00,0.5553,0.02,BUY,False,0,1
2020-11-09 12:00:00,2020-11-09 00:00:00,0.5562,0.02,BUY,True,1,1
2020-11-10 00:00:00,2020-11-09 12:00:00,0.5434,0.02,BUY,True,1,1
2020-11-10 12:00:00,2020-11-10 00:00:00,0.5353,0.02,BUY,True,1,1
2020-11-11 00:00:00,2020-11-10 12:00:00,0.5342,0.02,BUY,True,1,1
2020-11-11 12:00:00,2020-11-11 00:00:00,0.5173,0.02,HOLD,,1,-1
2020-11-12 00:00:00,2020-11-11 12:00:00,0.5202,0.02,BUY,True,1,1
2020-11-12 12:00:00,2020-11-12 00:00:00,0.5168,0.02,HOLD,,1,-1
2020-11-13 00:00:00,2020-11-12 12:00:00,0.5119,0.02,HOLD,,1,-1
2020-11-13 12:00:00,2020-11-13 00:00:00,0.5166,0.02,HOLD,,0,-1
2020-11-16 00:00:00,2020-11-13 12:00:00,0.5139,0.02,HOLD,,1,-1
2020-11-16 12:00:00,2020-11-16 00:00:00,0.5164,0.02,HOLD,,1,-1
2020-11-17 00:00:00,2020-11-16 12:00:00,0.5218,0.02,BUY,False,0,1
2020-11-17 12:00:00,2020-11-17 00:00:00,0.5259,0.02,BUY,True,1,1
2020-11-18 00:00:00,2020-11-17 12:00:00,0.5337,0.02,BUY,False,0,1
2020-11-18 12:00:00,2020-11-18 00:00:00,0.5396,0.02,BUY,True,1,1
2020-11-19 00:00:00,2020-11-18 12:00:00,0.5378,0.02,BUY,True,1,1
2020-11-19 12:00:00,2020-11-19 00:00:00,0.5431,0.02,BUY,True,1,1
2020-11-20 00:00:00,2020-11-19 12:00:00,0.5493,0.02,BUY,True,1,1
2020-11-20 12:00:00,2020-11-20 00:00:00,0.5463,0.02,BUY,True,1,1
2020-11-23 00:00:00,2020-11-20 12:00:00,0.5435,0.02,BUY,True,1,1
2020-11-23 12:00:00,2020-11-23 00:00:00,0.5474,0.02,BUY,True,1,1
2020-11-24 00:00:00,2020-11-23 12:00:00,0.5558,0.02,BUY,True,1,1
2020-11-24 12:00:00,2020-11-24 00:00:00,0.5543,0.02,BUY,True,1,1
2020-11-25 00:00:00,2020-11-24 12:00:00,0.5597,0.02,BUY,True,1,1
2020-11-25 12:00:00,2020-11-25 00:00:00,0.5607,0.02,BUY,True,1,1
2020-11-26 00:00:00,2020-11-25 12:00:00,0.5628,0.02,BUY,True,1,1
2020-11-26 12:00:00,2020-11-26 00:00:00,0.564,0.02,BUY,True,1,1
2020-11-27 00:00:00,2020-11-26 12:00:00,0.5528,0.02,BUY,True,1,1
2020-11-27 12:00:00,2020-11-27 00:00:00,0.5618,0.02,BUY,True,1,1
2020-11-30 00:00:00,2020-11-27 12:00:00,0.5669,0.02,BUY,True,1,1
2020-11-30 12:00:00,2020-11-30 00:00:00,0.5671,0.02,BUY,True,1,1
2020-12-01 00:00:00,2020-11-30 12:00:00,0.5471,0.02,BUY,True,1,1
2020-12-01 12:00:00,2020-12-01 00:00:00,0.5404,0.02,BUY,True,1,1
2020-12-02 00:00:00,2020-12-01 12:00:00,0.5382,0.02,BUY,True,1,1
2020-12-02 12:00:00,2020-12-02 00:00:00,0.5291,0.02,BUY,True,1,1
2020-12-03 00:00:00,2020-12-02 12:00:00,0.5236,0.02,BUY,False,0,1
2020-12-03 12:00:00,2020-12-03 00:00:00,0.5296,0.02,BUY,False,0,1
2020-12-04 00:00:00,2020-12-03 12:00:00,0.5207,0.02,BUY,False,0,1
2020-12-04 12:00:00,2020-12-04 00:00:00,0.5162,0.02,HOLD,,0,-1
2020-12-07 00:00:00,2020-12-04 12:00:00,0.5224,0.02,BUY,True,1,1
2020-12-07 12:00:00,2020-12-07 00:00:00,0.5171,0.02,HOLD,,1,-1
2020-12-08 00:00:00,2020-12-07 12:00:00,0.5263,0.02,BUY,False,0,1
2020-12-08 12:00:00,2020-12-08 00:00:00,0.5253,0.02,BUY,True,1,1
2020-12-09 00:00:00,2020-12-08 12:00:00,0.535,0.02,BUY,True,1,1
2020-12-09 12:00:00,2020-12-09 00:00:00,0.5462,0.02,BUY,True,1,1
2020-12-10 00:00:00,2020-12-09 12:00:00,0.5469,0.02,BUY,True,1,1
2020-12-10 12:00:00,2020-12-10 00:00:00,0.5458,0.02,BUY,True,1,1
2020-12-11 00:00:00,2020-12-10 12:00:00,0.545,0.02,BUY,True,1,1
2020-12-11 12:00:00,2020-12-11 00:00:00,0.534,0.02,BUY,True,1,1
2020-12-14 00:00:00,2020-12-11 12:00:00,0.5341,0.02,BUY,True,1,1
2020-12-14 12:00:00,2020-12-14 00:00:00,0.5381,0.02,BUY,True,1,1
2020-12-15 00:00:00,2020-12-14 12:00:00,0.5384,0.02,BUY,True,1,1
2020-12-15 12:00:00,2020-12-15 00:00:00,0.5354,0.02,BUY,True,1,1
2020-12-16 00:00:00,2020-12-15 12:00:00,0.5392,0.02,BUY,True,1,1
2020-12-16 12:00:00,2020-12-16 00:00:00,0.5388,0.02,BUY,True,1,1
2020-12-17 00:00:00,2020-12-16 12:00:00,0.5291,0.02,BUY,False,0,1
2020-12-17 12:00:00,2020-12-17 00:00:00,0.5323,0.02,BUY,False,0,1
2020-12-18 00:00:00,2020-12-17 12:00:00,0.5281,0.02,BUY,False,0,1
2020-12-18 12:00:00,2020-12-18 00:00:00,0.5246,0.02,BUY,False,0,1
2020-12-21 00:00:00,2020-12-18 12:00:00,0.5257,0.02,BUY,True,1,1
2020-12-21 12:00:00,2020-12-21 00:00:00,0.519,0.02,HOLD,,1,-1
2020-12-22 00:00:00,2020-12-21 12:00:00,0.5161,0.02,HOLD,,1,-1
2020-12-22 12:00:00,2020-12-22 00:00:00,0.518,0.02,HOLD,,1,-1
2020-12-23 00:00:00,2020-12-22 12:00:00,0.5205,0.02,BUY,True,1,1
2020-12-23 12:00:00,2020-12-23 00:00:00,0.5179,0.02,HOLD,,1,-1
2020-12-24 00:00:00,2020-12-23 12:00:00,0.52,0.02,BUY,True,1,1
2020-12-24 12:00:00,2020-12-24 00:00:00,0.5232,0.02,BUY,True,1,1
2020-12-28 00:00:00,2020-12-24 12:00:00,0.528,0.02,BUY,False,0,1
2020-12-28 12:00:00,2020-12-28 00:00:00,0.5228,0.02,BUY,True,1,1
2020-12-29 00:00:00,2020-12-28 12:00:00,0.5262,0.02,BUY,False,0,1
2020-12-29 12:00:00,2020-12-29 00:00:00,0.525,0.02,BUY,True,1,1
2020-12-30 00:00:00,2020-12-29 12:00:00,0.525,0.02,BUY,True,1,1
2020-12-30 12:00:00,2020-12-30 00:00:00,0.5213,0.02,BUY,True,1,1
2020-12-31 00:00:00,2020-12-30 12:00:00,0.5159,0.02,HOLD,,1,-1
2021-01-04 00:00:00,2020-12-31 12:00:00,0.4643,0.01,SELL,True,0,0
2021-01-04 12:00:00,2021-01-04 00:00:00,0.4648,0.01,SELL,True,0,0
2021-01-05 00:00:00,2021-01-04 12:00:00,0.4622,0.01,SELL,True,0,0
2021-01-05 12:00:00,2021-01-05 00:00:00,0.463,0.01,SELL,True,0,0
2021-01-06 00:00:00,2021-01-05 12:00:00,0.4602,0.01,SELL,True,0,0
2021-01-06 12:00:00,2021-01-06 00:00:00,0.4578,0.01,SELL,True,0,0
2021-01-07 00:00:00,2021-01-06 12:00:00,0.4548,0.01,SELL,True,0,0
2021-01-07 12:00:00,2021-01-07 00:00:00,0.4541,0.01,SELL,True,0,0
2021-01-08 00:00:00,2021-01-07 12:00:00,0.4523,0.01,SELL,True,0,0
2021-01-08 12:00:00,2021-01-08 00:00:00,0.4524,0.01,SELL,True,0,0
2021-01-11 00:00:00,2021-01-08 12:00:00,0.453,0.01,SELL,True,0,0
2021-01-11 12:00:00,2021-01-11 00:00:00,0.4528,0.01,SELL,True,0,0
2021-01-12 00:00:00,2021-01-11 12:00:00,0.4551,0.01,SELL,True,0,0
2021-01-12 12:00:00,2021-01-12 00:00:00,0.4548,0.01,SELL,True,0,0
2021-01-13 00:00:00,2021-01-12 12:00:00,0.4533,0.01,SELL,True,0,0
2021-01-13 12:00:00,2021-01-13 00:00:00,0.4555,0.01,SELL,True,0,0
2021-01-14 00:00:00,2021-01-13 12:00:00,0.4539,0.01,SELL,True,0,0
2021-01-14 12:00:00,2021-01-14 00:00:00,0.4571,0.01,SELL,True,0,0
2021-01-15 00:00:00,2021-01-14 12:00:00,0.4553,0.01,SELL,True,0,0
2021-01-15 12:00:00,2021-01-15 00:00:00,0.4565,0.01,SELL,False,1,0
2021-01-18 00:00:00,2021-01-15 12:00:00,0.456,0.01,SELL,False,1,0
2021-01-18 12:00:00,2021-01-18 00:00:00,0.4558,0.01,SELL,False,1,0
2021-01-19 00:00:00,2021-01-18 12:00:00,0.4556,0.01,SELL,False,1,0
2021-01-19 12:00:00,2021-01-19 00:00:00,0.456,0.01,SELL,False,1,0
2021-01-20 00:00:00,2021-01-19 12:00:00,0.458,0.01,SELL,False,1,0
2021-01-20 12:00:00,2021-01-20 00:00:00,0.4601,0.01,SELL,False,1,0
2021-01-21 00:00:00,2021-01-20 12:00:00,0.4603,0.01,SELL,False,1,0
2021-01-21 12:00:00,2021-01-21 00:00:00,0.4636,0.01,SELL,True,0,0
2021-01-22 00:00:00,2021-01-21 12:00:00,0.466,0.01,SELL,True,0,0
2021-01-22 12:00:00,2021-01-22 00:00:00,0.4655,0.01,SELL,True,0,0
2021-01-25 00:00:00,2021-01-22 12:00:00,0.4685,0.01,SELL,True,0,0
2021-01-25 12:00:00,2021-01-25 00:00:00,0.4673,0.01,SELL,True,0,0
2021-01-26 00:00:00,2021-01-25 12:00:00,0.4694,0.01,SELL,False,1,0
2021-01-26 12:00:00,2021-01-26 00:00:00,0.4709,0.01,SELL,True,0,0
2021-01-27 00:00:00,2021-01-26 12:00:00,0.4717,0.01,SELL,True,0,0
2021-01-27 12:00:00,2021-01-27 00:00:00,0.472,0.01,SELL,True,0,0
2021-01-28 00:00:00,2021-01-27 12:00:00,0.4731,0.01,SELL,True,0,0
2021-01-28 12:00:00,2021-01-28 00:00:00,0.4739,0.01,SELL,True,0,0
2021-01-29 00:00:00,2021-01-28 12:00:00,0.4762,0.01,SELL,True,0,0
2021-01-29 12:00:00,2021-01-29 00:00:00,0.4779,0.01,SELL,True,0,0
2021-02-01 00:00:00,2021-01-29 12:00:00,0.4782,0.01,SELL,True,0,0
2021-02-01 12:00:00,2021-02-01 00:00:00,0.4817,0.01,SELL,True,0,0
2021-02-02 00:00:00,2021-02-01 12:00:00,0.4838,0.01,SELL,True,0,0
2021-02-02 12:00:00,2021-02-02 00:00:00,0.484,0.01,SELL,True,0,0
2021-02-03 00:00:00,2021-02-02 12:00:00,0.4842,0.01,SELL,False,1,0
2021-02-03 12:00:00,2021-02-03 00:00:00,0.4854,0.01,SELL,False,1,0
2021-02-04 00:00:00,2021-02-03 12:00:00,0.4853,0.01,SELL,False,1,0
2021-02-04 12:00:00,2021-02-04 00:00:00,0.4863,0.01,SELL,False,1,0
2021-02-05 00:00:00,2021-02-04 12:00:00,0.4851,0.01,SELL,False,1,0
2021-02-05 12:00:00,2021-02-05 00:00:00,0.4885,0.01,SELL,False,1,0
2021-02-08 00:00:00,2021-02-05 12:00:00,0.4858,0.01,SELL,False,1,0
2021-02-08 12:00:00,2021-02-08 00:00:00,0.4881,0.01,SELL,False,1,0
2021-02-09 00:00:00,2021-02-08 12:00:00,0.4905,0.01,HOLD,,1,-1
2021-02-09 12:00:00,2021-02-09 00:00:00,0.49,0.01,SELL,False,1,0
2021-02-10 00:00:00,2021-02-09 12:00:00,0.4885,0.01,SELL,False,1,0
2021-02-10 12:00:00,2021-02-10 00:00:00,0.4874,0.01,SELL,False,1,0
2021-02-11 00:00:00,2021-02-10 12:00:00,0.4891,0.01,SELL,True,0,0
2021-02-11 12:00:00,2021-02-11 00:00:00,0.4904,0.01,HOLD,,0,-1
2021-02-12 00:00:00,2021-02-11 12:00:00,0.4901,0.01,HOLD,,0,-1
2021-02-12 12:00:00,2021-02-12 00:00:00,0.4922,0.01,HOLD,,0,-1
2021-02-15 00:00:00,2021-02-12 12:00:00,0.4914,0.01,HOLD,,0,-1
2021-02-15 12:00:00,2021-02-15 00:00:00,0.4911,0.01,HOLD,,1,-1
2021-02-16 00:00:00,2021-02-15 12:00:00,0.4912,0.01,HOLD,,0,-1
2021-02-16 12:00:00,2021-02-16 00:00:00,0.4948,0.01,HOLD,,1,-1
2021-02-17 00:00:00,2021-02-16 12:00:00,0.495,0.01,HOLD,,1,-1
2021-02-17 12:00:00,2021-02-17 00:00:00,0.4969,0.01,HOLD,,1,-1
2021-02-18 00:00:00,2021-02-17 12:00:00,0.4967,0.01,HOLD,,1,-1
2021-02-18 12:00:00,2021-02-18 00:00:00,0.4978,0.01,HOLD,,1,-1
2021-02-19 00:00:00,2021-02-18 12:00:00,0.4998,0.01,HOLD,,1,-1
2021-02-19 12:00:00,2021-02-19 00:00:00,0.5001,0.01,HOLD,,1,-1
2021-02-22 00:00:00,2021-02-19 12:00:00,0.5003,0.01,HOLD,,1,-1
2021-02-22 12:00:00,2021-02-22 00:00:00,0.5033,0.01,HOLD,,0,-1
2021-02-23 00:00:00,2021-02-22 12:00:00,0.5041,0.01,HOLD,,0,-1
2021-02-23 12:00:00,2021-02-23 00:00:00,0.5058,0.01,HOLD,,0,-1
2021-02-24 00:00:00,2021-02-23 12:00:00,0.5066,0.01,HOLD,,0,-1
2021-02-24 12:00:00,2021-02-24 00:00:00,0.5082,0.01,HOLD,,0,-1
2021-02-25 00:00:00,2021-02-24 12:00:00,0.5055,0.01,HOLD,,0,-1
2021-02-25 12:00:00,2021-02-25 00:00:00,0.506,0.01,HOLD,,0,-1
2021-02-26 00:00:00,2021-02-25 12:00:00,0.5039,0.01,HOLD,,0,-1
2021-02-26 12:00:00,2021-02-26 00:00:00,0.5026,0.01,HOLD,,0,-1
2021-03-01 00:00:00,2021-02-26 12:00:00,0.5019,0.01,HOLD,,0,-1
2021-03-01 12:00:00,2021-03-01 00:00:00,0.5024,0.01,HOLD,,0,-1
2021-03-02 00:00:00,2021-03-01 12:00:00,0.5017,0.01,HOLD,,0,-1
2021-03-02 12:00:00,2021-03-02 00:00:00,0.5018,0.01,HOLD,,0,-1
2021-03-03 00:00:00,2021-03-02 12:00:00,0.5037,0.01,HOLD,,0,-1
2021-03-03 12:00:00,2021-03-03 00:00:00,0.5039,0.01,HOLD,,0,-1
2021-03-04 00:00:00,2021-03-03 12:00:00,0.5037,0.01,HOLD,,0,-1
2021-03-04 12:00:00,2021-03-04 00:00:00,0.5026,0.01,HOLD,,0,-1
2021-03-05 00:00:00,2021-03-04 12:00:00,0.5005,0.01,HOLD,,1,-1
2021-03-05 12:00:00,2021-03-05 00:00:00,0.4992,0.01,HOLD,,1,-1
2021-03-08 00:00:00,2021-03-05 12:00:00,0.5001,0.01,HOLD,,1,-1
2021-03-08 12:00:00,2021-03-08 00:00:00,0.5014,0.01,HOLD,,1,-1
2021-03-09 00:00:00,2021-03-08 12:00:00,0.5018,0.01,HOLD,,1,-1
2021-03-09 12:00:00,2021-03-09 00:00:00,0.5045,0.01,HOLD,,1,-1
2021-03-10 00:00:00,2021-03-09 12:00:00,0.5048,0.01,HOLD,,1,-1
2021-03-10 12:00:00,2021-03-10 00:00:00,0.5026,0.01,HOLD,,0,-1
2021-03-11 00:00:00,2021-03-10 12:00:00,0.5007,0.01,HOLD,,0,-1
2021-03-11 12:00:00,2021-03-11 00:00:00,0.5036,0.01,HOLD,,0,-1
2021-03-12 00:00:00,2021-03-11 12:00:00,0.5048,0.01,HOLD,,1,-1
2021-03-12 12:00:00,2021-03-12 00:00:00,0.5043,0.01,HOLD,,0,-1
2021-03-15 00:00:00,2021-03-12 12:00:00,0.5014,0.01,HOLD,,0,-1
2021-03-15 12:00:00,2021-03-15 00:00:00,0.5007,0.01,HOLD,,0,-1
2021-03-16 00:00:00,2021-03-15 12:00:00,0.4979,0.01,HOLD,,0,-1
2021-03-16 12:00:00,2021-03-16 00:00:00,0.4949,0.01,HOLD,,0,-1
2021-03-17 00:00:00,2021-03-16 12:00:00,0.4971,0.01,HOLD,,1,-1
2021-03-17 12:00:00,2021-03-17 00:00:00,0.4971,0.01,HOLD,,0,-1
2021-03-18 00:00:00,2021-03-17 12:00:00,0.4942,0.01,HOLD,,0,-1
2021-03-18 12:00:00,2021-03-18 00:00:00,0.4905,0.01,HOLD,,0,-1
2021-03-19 00:00:00,2021-03-18 12:00:00,0.4902,0.01,HOLD,,0,-1
2021-03-19 12:00:00,2021-03-19 00:00:00,0.487,0.01,SELL,True,0,0
2021-03-22 00:00:00,2021-03-19 12:00:00,0.4887,0.01,SELL,True,0,0
2021-03-22 12:00:00,2021-03-22 00:00:00,0.4878,0.01,SELL,True,0,0
2021-03-23 00:00:00,2021-03-22 12:00:00,0.4888,0.01,SELL,True,0,0
2021-03-23 12:00:00,2021-03-23 00:00:00,0.4886,0.01,SELL,True,0,0
2021-03-24 00:00:00,2021-03-23 12:00:00,0.4865,0.01,SELL,True,0,0
2021-03-24 12:00:00,2021-03-24 00:00:00,0.4857,0.01,SELL,True,0,0
2021-03-25 00:00:00,2021-03-24 12:00:00,0.485,0.01,SELL,True,0,0
2021-03-25 12:00:00,2021-03-25 00:00:00,0.4851,0.01,SELL,True,0,0
2021-03-26 00:00:00,2021-03-25 12:00:00,0.4857,0.01,SELL,True,0,0
2021-03-26 12:00:00,2021-03-26 00:00:00,0.4859,0.01,SELL,True,0,0
2021-03-29 00:00:00,2021-03-26 12:00:00,0.4887,0.01,SELL,False,1,0
2021-03-29 12:00:00,2021-03-29 00:00:00,0.4877,0.01,SELL,False,1,0
2021-03-30 00:00:00,2021-03-29 12:00:00,0.4885,0.01,SELL,False,1,0
2021-03-30 12:00:00,2021-03-30 00:00:00,0.4913,0.01,HOLD,,1,-1
2021-03-31 00:00:00,2021-03-30 12:00:00,0.4897,0.01,SELL,False,1,0
2021-03-31 12:00:00,2021-03-31 00:00:00,0.4877,0.01,SELL,False,1,0
2021-04-01 00:00:00,2021-03-31 12:00:00,0.4866,0.01,SELL,False,1,0
2021-04-01 12:00:00,2021-04-01 00:00:00,0.4869,0.01,SELL,False,1,0
2021-04-02 00:00:00,2021-04-01 12:00:00,0.4857,0.01,SELL,False,1,0
2021-04-02 12:00:00,2021-04-02 00:00:00,0.4852,0.01,SELL,False,1,0
2021-04-05 00:00:00,2021-04-02 12:00:00,0.4838,0.01,SELL,False,1,0
2021-04-05 12:00:00,2021-04-05 00:00:00,0.4838,0.01,SELL,False,1,0
2021-04-06 00:00:00,2021-04-05 12:00:00,0.4827,0.01,SELL,False,1,0
2021-04-06 12:00:00,2021-04-06 00:00:00,0.4849,0.01,SELL,False,1,0
2021-04-07 00:00:00,2021-04-06 12:00:00,0.4843,0.01,SELL,False,1,0
2021-04-07 12:00:00,2021-04-07 00:00:00,0.4845,0.01,SELL,False,1,0
2021-04-08 00:00:00,2021-04-07 12:00:00,0.4843,0.01,SELL,False,1,0
2021-04-08 12:00:00,2021-04-08 00:00:00,0.4872,0.01,SELL,False,1,0
2021-04-09 00:00:00,2021-04-08 12:00:00,0.4874,0.01,SELL,False,1,0
2021-04-09 12:00:00,2021-04-09 00:00:00,0.4889,0.01,SELL,False,1,0
2021-04-12 00:00:00,2021-04-09 12:00:00,0.4879,0.01,SELL,False,1,0
2021-04-12 12:00:00,2021-04-12 00:00:00,0.4852,0.01,SELL,False,1,0
2021-04-13 00:00:00,2021-04-12 12:00:00,0.4876,0.01,SELL,False,1,0
2021-04-13 12:00:00,2021-04-13 00:00:00,0.4861,0.01,SELL,False,1,0
2021-04-14 00:00:00,2021-04-13 12:00:00,0.4839,0.01,SELL,False,1,0
2021-04-14 12:00:00,2021-04-14 00:00:00,0.4837,0.01,SELL,False,1,0
2021-04-15 00:00:00,2021-04-14 12:00:00,0.4801,0.01,SELL,False,1,0
2021-04-15 12:00:00,2021-04-15 00:00:00,0.4821,0.01,SELL,False,1,0
2021-04-16 00:00:00,2021-04-15 12:00:00,0.4825,0.01,SELL,False,1,0
2021-04-16 12:00:00,2021-04-16 00:00:00,0.4825,0.01,SELL,False,1,0
2021-04-19 00:00:00,2021-04-16 12:00:00,0.4818,0.01,SELL,True,0,0
2021-04-19 12:00:00,2021-04-19 00:00:00,0.4803,0.01,SELL,False,1,0
2021-04-20 00:00:00,2021-04-19 12:00:00,0.4799,0.01,SELL,False,1,0
2021-04-20 12:00:00,2021-04-20 00:00:00,0.479,0.01,SELL,False,1,0
2021-04-21 00:00:00,2021-04-20 12:00:00,0.4825,0.01,SELL,False,1,0
2021-04-21 12:00:00,2021-04-21 00:00:00,0.4823,0.01,SELL,False,1,0
2021-04-22 00:00:00,2021-04-21 12:00:00,0.4816,0.01,SELL,False,1,0
2021-04-22 12:00:00,2021-04-22 00:00:00,0.4816,0.01,SELL,False,1,0
2021-04-23 00:00:00,2021-04-22 12:00:00,0.4809,0.01,SELL,False,1,0
2021-04-23 12:00:00,2021-04-23 00:00:00,0.4803,0.01,SELL,False,1,0
2021-04-26 00:00:00,2021-04-23 12:00:00,0.4792,0.01,SELL,False,1,0
2021-04-26 12:00:00,2021-04-26 00:00:00,0.4784,0.01,SELL,False,1,0
2021-04-27 00:00:00,2021-04-26 12:00:00,0.4789,0.01,SELL,True,0,0
2021-04-27 12:00:00,2021-04-27 00:00:00,0.4812,0.01,SELL,True,0,0
2021-04-28 00:00:00,2021-04-27 12:00:00,0.4793,0.01,SELL,True,0,0
2021-04-28 12:00:00,2021-04-28 00:00:00,0.4753,0.01,SELL,True,0,0
2021-04-29 00:00:00,2021-04-28 12:00:00,0.4763,0.01,SELL,True,0,0
2021-04-29 12:00:00,2021-04-29 00:00:00,0.477,0.01,SELL,True,0,0
2021-04-30 00:00:00,2021-04-29 12:00:00,0.4761,0.01,SELL,True,0,0
2021-04-30 12:00:00,2021-04-30 00:00:00,0.4758,0.01,SELL,False,1,0
2021-05-03 00:00:00,2021-04-30 12:00:00,0.4782,0.01,SELL,False,1,0
2021-05-03 12:00:00,2021-05-03 00:00:00,0.4772,0.01,SELL,False,1,0
2021-05-04 00:00:00,2021-05-03 12:00:00,0.4747,0.01,SELL,False,1,0
2021-05-04 12:00:00,2021-05-04 00:00:00,0.4719,0.01,SELL,False,1,0
2021-05-05 00:00:00,2021-05-04 12:00:00,0.4705,0.01,SELL,False,1,0
2021-05-05 12:00:00,2021-05-05 00:00:00,0.4693,0.01,SELL,False,1,0
2021-05-06 00:00:00,2021-05-05 12:00:00,0.472,0.01,SELL,False,1,0
2021-05-06 12:00:00,2021-05-06 00:00:00,0.4725,0.01,SELL,False,1,0
2021-05-07 00:00:00,2021-05-06 12:00:00,0.4728,0.01,SELL,True,0,0
2021-05-07 12:00:00,2021-05-07 00:00:00,0.4723,0.01,SELL,True,0,0
2021-05-10 00:00:00,2021-05-07 12:00:00,0.4709,0.01,SELL,True,0,0
2021-05-10 12:00:00,2021-05-10 00:00:00,0.4705,0.01,SELL,True,0,0
2021-05-11 00:00:00,2021-05-10 12:00:00,0.4726,0.01,SELL,True,0,0
2021-05-11 12:00:00,2021-05-11 00:00:00,0.4723,0.01,SELL,False,1,0
2021-05-12 00:00:00,2021-05-11 12:00:00,0.472,0.01,SELL,False,1,0
2021-05-12 12:00:00,2021-05-12 00:00:00,0.4692,0.01,SELL,False,1,0
2021-05-13 00:00:00,2021-05-12 12:00:00,0.4701,0.01,SELL,False,1,0
2021-05-13 12:00:00,2021-05-13 00:00:00,0.468,0.01,SELL,False,1,0
2021-05-14 00:00:00,2021-05-13 12:00:00,0.4681,0.01,SELL,False,1,0
2021-05-14 12:00:00,2021-05-14 00:00:00,0.4702,0.01,SELL,False,1,0
2021-05-17 00:00:00,2021-05-14 12:00:00,0.4676,0.01,SELL,False,1,0
2021-05-17 12:00:00,2021-05-17 00:00:00,0.4677,0.01,SELL,False,1,0
2021-05-18 00:00:00,2021-05-17 12:00:00,0.4668,0.01,SELL,True,0,0
2021-05-18 12:00:00,2021-05-18 00:00:00,0.4649,0.01,SELL,True,0,0
2021-05-19 00:00:00,2021-05-18 12:00:00,0.4656,0.01,SELL,True,0,0
2021-05-19 12:00:00,2021-05-19 00:00:00,0.467,0.01,SELL,False,1,0
2021-05-20 00:00:00,2021-05-19 12:00:00,0.4665,0.01,SELL,False,1,0
2021-05-20 12:00:00,2021-05-20 00:00:00,0.464,0.01,SELL,False,1,0
2021-05-21 00:00:00,2021-05-20 12:00:00,0.4669,0.01,SELL,True,0,0
2021-05-21 12:00:00,2021-05-21 00:00:00,0.4653,0.01,SELL,False,1,0
2021-05-24 00:00:00,2021-05-21 12:00:00,0.4653,0.01,SELL,True,0,0
2021-05-24 12:00:00,2021-05-24 00:00:00,0.4639,0.01,SELL,True,0,0
2021-05-25 00:00:00,2021-05-24 12:00:00,0.467,0.01,SELL,True,0,0
2021-05-25 12:00:00,2021-05-25 00:00:00,0.4645,0.01,SELL,True,0,0
2021-05-26 00:00:00,2021-05-25 12:00:00,0.4674,0.01,SELL,True,0,0
2021-05-26 12:00:00,2021-05-26 00:00:00,0.4677,0.01,SELL,False,1,0
2021-05-27 00:00:00,2021-05-26 12:00:00,0.4673,0.01,SELL,False,1,0
2021-05-27 12:00:00,2021-05-27 00:00:00,0.4676,0.01,SELL,True,0,0
2021-05-28 00:00:00,2021-05-27 12:00:00,0.4688,0.01,SELL,False,1,0
2021-05-28 12:00:00,2021-05-28 00:00:00,0.4697,0.01,SELL,True,0,0
2021-05-31 00:00:00,2021-05-28 12:00:00,0.47,0.01,SELL,True,0,0
2021-05-31 12:00:00,2021-05-31 00:00:00,0.4683,0.01,SELL,True,0,0
2021-06-01 00:00:00,2021-05-31 12:00:00,0.4714,0.01,SELL,True,0,0
2021-06-01 12:00:00,2021-06-01 00:00:00,0.4701,0.01,SELL,True,0,0
2021-06-02 00:00:00,2021-06-01 12:00:00,0.4731,0.01,SELL,False,1,0
2021-06-02 12:00:00,2021-06-02 00:00:00,0.4754,0.01,SELL,True,0,0
2021-06-03 00:00:00,2021-06-02 12:00:00,0.4757,0.01,SELL,True,0,0
2021-06-03 12:00:00,2021-06-03 00:00:00,0.4748,0.01,SELL,False,1,0
2021-06-04 00:00:00,2021-06-03 12:00:00,0.4753,0.01,SELL,False,1,0
2021-06-04 12:00:00,2021-06-04 00:00:00,0.4755,0.01,SELL,False,1,0
2021-06-07 00:00:00,2021-06-04 12:00:00,0.475,0.01,SELL,False,1,0
2021-06-07 12:00:00,2021-06-07 00:00:00,0.4771,0.01,SELL,True,0,0
2021-06-08 00:00:00,2021-06-07 12:00:00,0.4779,0.01,SELL,True,0,0
2021-06-08 12:00:00,2021-06-08 00:00:00,0.4804,0.01,SELL,True,0,0
2021-06-09 00:00:00,2021-06-08 12:00:00,0.4809,0.01,SELL,True,0,0
2021-06-09 12:00:00,2021-06-09 00:00:00,0.4817,0.01,SELL,True,0,0
2021-06-10 00:00:00,2021-06-09 12:00:00,0.4844,0.01,SELL,True,0,0
2021-06-10 12:00:00,2021-06-10 00:00:00,0.4839,0.01,SELL,True,0,0
2021-06-11 00:00:00,2021-06-10 12:00:00,0.4831,0.01,SELL,True,0,0
2021-06-11 12:00:00,2021-06-11 00:00:00,0.4863,0.01,SELL,True,0,0
2021-06-14 00:00:00,2021-06-11 12:00:00,0.4885,0.01,SELL,True,0,0
2021-06-14 12:00:00,2021-06-14 00:00:00,0.4885,0.01,SELL,True,0,0
2021-06-15 00:00:00,2021-06-14 12:00:00,0.487,0.01,SELL,True,0,0
2021-06-15 12:00:00,2021-06-15 00:00:00,0.4883,0.01,SELL,True,0,0
2021-06-16 00:00:00,2021-06-15 12:00:00,0.4917,0.01,HOLD,,0,-1
2021-06-16 12:00:00,2021-06-16 00:00:00,0.4904,0.01,HOLD,,0,-1
2021-06-17 00:00:00,2021-06-16 12:00:00,0.4935,0.01,HOLD,,0,-1
2021-06-17 12:00:00,2021-06-17 00:00:00,0.4934,0.01,HOLD,,1,-1
2021-06-18 00:00:00,2021-06-17 12:00:00,0.493,0.01,HOLD,,1,-1
2021-06-18 12:00:00,2021-06-18 00:00:00,0.4942,0.01,HOLD,,1,-1
2021-06-21 00:00:00,2021-06-18 12:00:00,0.495,0.01,HOLD,,1,-1
2021-06-21 12:00:00,2021-06-21 00:00:00,0.4961,0.01,HOLD,,1,-1
2021-06-22 00:00:00,2021-06-21 12:00:00,0.4978,0.01,HOLD,,1,-1
2021-06-22 12:00:00,2021-06-22 00:00:00,0.4988,0.01,HOLD,,1,-1
2021-06-23 00:00:00,2021-06-22 12:00:00,0.5,0.01,HOLD,,0,-1
2021-06-23 12:00:00,2021-06-23 00:00:00,0.4985,0.01,HOLD,,0,-1
2021-06-24 00:00:00,2021-06-23 12:00:00,0.4985,0.01,HOLD,,0,-1
2021-06-24 12:00:00,2021-06-24 00:00:00,0.4999,0.01,HOLD,,0,-1
2021-06-25 00:00:00,2021-06-24 12:00:00,0.5017,0.01,HOLD,,0,-1
2021-06-25 12:00:00,2021-06-25 00:00:00,0.5023,0.01,HOLD,,0,-1
2021-06-28 00:00:00,2021-06-25 12:00:00,0.505,0.01,HOLD,,0,-1
2021-06-28 12:00:00,2021-06-28 00:00:00,0.5042,0.01,HOLD,,0,-1
2021-06-29 00:00:00,2021-06-28 12:00:00,0.5055,0.01,HOLD,,0,-1
2021-06-29 12:00:00,2021-06-29 00:00:00,0.5082,0.01,HOLD,,0,-1
2021-06-30 00:00:00,2021-06-29 12:00:00,0.5091,0.01,HOLD,,0,-1
2021-06-30 12:00:00,2021-06-30 00:00:00,0.5077,0.01,HOLD,,0,-1
2021-07-01 00:00:00,2021-06-30 12:00:00,0.5083,0.01,HOLD,,0,-1
2021-07-01 12:00:00,2021-07-01 00:00:00,0.5076,0.01,HOLD,,0,-1
2021-07-02 00:00:00,2021-07-01 12:00:00,0.509,0.01,HOLD,,0,-1
2021-07-02 12:00:00,2021-07-02 00:00:00,0.5112,0.01,BUY,False,0,1
2021-07-05 00:00:00,2021-07-02 12:00:00,0.5115,0.01,BUY,False,0,1
2021-07-05 12:00:00,2021-07-05 00:00:00,0.5121,0.01,BUY,False,0,1
2021-07-06 00:00:00,2021-07-05 12:00:00,0.5106,0.01,BUY,True,1,1
2021-07-06 12:00:00,2021-07-06 00:00:00,0.5136,0.01,BUY,True,1,1
2021-07-07 00:00:00,2021-07-06 12:00:00,0.5122,0.01,BUY,True,1,1
2021-07-07 12:00:00,2021-07-07 00:00:00,0.5103,0.01,BUY,True,1,1
2021-07-08 00:00:00,2021-07-07 12:00:00,0.5098,0.01,HOLD,,0,-1
2021-07-08 12:00:00,2021-07-08 00:00:00,0.5098,0.01,HOLD,,0,-1
2021-07-09 00:00:00,2021-07-08 12:00:00,0.5123,0.01,BUY,True,1,1
2021-07-09 12:00:00,2021-07-09 00:00:00,0.51,0.01,BUY,False,0,1
2021-07-12 00:00:00,2021-07-09 12:00:00,0.5088,0.01,HOLD,,0,-1
2021-07-12 12:00:00,2021-07-12 00:00:00,0.5101,0.01,BUY,False,0,1
2021-07-13 00:00:00,2021-07-12 12:00:00,0.5108,0.01,BUY,False,0,1
2021-07-13 12:00:00,2021-07-13 00:00:00,0.5133,0.01,BUY,False,0,1
2021-07-14 00:00:00,2021-07-13 12:00:00,0.5111,0.01,BUY,True,1,1
2021-07-14 12:00:00,2021-07-14 00:00:00,0.5097,0.01,HOLD,,0,-1
2021-07-15 00:00:00,2021-07-14 12:00:00,0.5094,0.01,HOLD,,0,-1
2021-07-15 12:00:00,2021-07-15 00:00:00,0.5079,0.01,HOLD,,0,-1
2021-07-16 00:00:00,2021-07-15 12:00:00,0.5081,0.01,HOLD,,0,-1
2021-07-16 12:00:00,2021-07-16 00:00:00,0.5049,0.01,HOLD,,0,-1
2021-07-19 00:00:00,2021-07-16 12:00:00,0.5016,0.01,HOLD,,0,-1
2021-07-19 12:00:00,2021-07-19 00:00:00,0.4991,0.01,HOLD,,0,-1
2021-07-20 00:00:00,2021-07-19 12:00:00,0.5,0.01,HOLD,,0,-1
2021-07-20 12:00:00,2021-07-20 00:00:00,0.4988,0.01,HOLD,,1,-1
2021-07-21 00:00:00,2021-07-20 12:00:00,0.4991,0.01,HOLD,,1,-1
2021-07-21 12:00:00,2021-07-21 00:00:00,0.4991,0.01,HOLD,,0,-1
2021-07-22 00:00:00,2021-07-21 12:00:00,0.5006,0.01,HOLD,,1,-1
2021-07-22 12:00:00,2021-07-22 00:00:00,0.5007,0.01,HOLD,,1,-1
2021-07-23 00:00:00,2021-07-22 12:00:00,0.5009,0.01,HOLD,,1,-1
2021-07-23 12:00:00,2021-07-23 00:00:00,0.5016,0.01,HOLD,,1,-1
2021-07-26 00:00:00,2021-07-23 12:00:00,0.5053,0.01,HOLD,,1,-1
2021-07-26 12:00:00,2021-07-26 00:00:00,0.5033,0.01,HOLD,,1,-1
2021-07-27 00:00:00,2021-07-26 12:00:00,0.5055,0.01,HOLD,,1,-1
2021-07-27 12:00:00,2021-07-27 00:00:00,0.5054,0.01,HOLD,,1,-1
2021-07-28 00:00:00,2021-07-27 12:00:00,0.5054,0.01,HOLD,,1,-1
2021-07-28 12:00:00,2021-07-28 00:00:00,0.5074,0.01,HOLD,,1,-1
2021-07-29 00:00:00,2021-07-28 12:00:00,0.5078,0.01,HOLD,,0,-1
2021-07-29 12:00:00,2021-07-29 00:00:00,0.5065,0.01,HOLD,,0,-1
2021-07-30 00:00:00,2021-07-29 12:00:00,0.5062,0.01,HOLD,,0,-1
2021-07-30 12:00:00,2021-07-30 00:00:00,0.5056,0.01,HOLD,,0,-1
2021-08-02 00:00:00,2021-07-30 12:00:00,0.5049,0.01,HOLD,,0,-1
2021-08-02 12:00:00,2021-08-02 00:00:00,0.5039,0.01,HOLD,,0,-1
2021-08-03 00:00:00,2021-08-02 12:00:00,0.5049,0.01,HOLD,,0,-1
2021-08-03 12:00:00,2021-08-03 00:00:00,0.5045,0.01,HOLD,,0,-1
2021-08-04 00:00:00,2021-08-03 12:00:00,0.5008,0.01,HOLD,,0,-1
2021-08-04 12:00:00,2021-08-04 00:00:00,0.4985,0.01,HOLD,,0,-1
2021-08-05 00:00:00,2021-08-04 12:00:00,0.4969,0.01,HOLD,,0,-1
2021-08-05 12:00:00,2021-08-05 00:00:00,0.4974,0.01,HOLD,,0,-1
2021-08-06 00:00:00,2021-08-05 12:00:00,0.4968,0.01,HOLD,,0,-1
2021-08-06 12:00:00,2021-08-06 00:00:00,0.495,0.01,HOLD,,0,-1
2021-08-09 00:00:00,2021-08-06 12:00:00,0.4949,0.01,HOLD,,0,-1
2021-08-09 12:00:00,2021-08-09 00:00:00,0.4977,0.01,HOLD,,1,-1
2021-08-10 00:00:00,2021-08-09 12:00:00,0.4993,0.01,HOLD,,1,-1
2021-08-10 12:00:00,2021-08-10 00:00:00,0.4998,0.01,HOLD,,1,-1
2021-08-11 00:00:00,2021-08-10 12:00:00,0.5022,0.01,HOLD,,1,-1
2021-08-11 12:00:00,2021-08-11 00:00:00,0.5002,0.01,HOLD,,1,-1
2021-08-12 00:00:00,2021-08-11 12:00:00,0.4999,0.01,HOLD,,0,-1
2021-08-12 12:00:00,2021-08-12 00:00:00,0.4981,0.01,HOLD,,0,-1
2021-08-13 00:00:00,2021-08-12 12:00:00,0.4981,0.01,HOLD,,0,-1
2021-08-13 12:00:00,2021-08-13 00:00:00,0.4984,0.01,HOLD,,0,-1
2021-08-16 00:00:00,2021-08-13 12:00:00,0.4974,0.01,HOLD,,0,-1
2021-08-16 12:00:00,2021-08-16 00:00:00,0.496,0.01,HOLD,,0,-1
2021-08-17 00:00:00,2021-08-16 12:00:00,0.4942,0.01,HOLD,,0,-1
2021-08-17 12:00:00,2021-08-17 00:00:00,0.4944,0.01,HOLD,,1,-1
2021-08-18 00:00:00,2021-08-17 12:00:00,0.4922,0.01,HOLD,,1,-1
2021-08-18 12:00:00,2021-08-18 00:00:00,0.4913,0.01,HOLD,,1,-1
2021-08-19 00:00:00,2021-08-18 12:00:00,0.4908,0.01,HOLD,,1,-1
2021-08-19 12:00:00,2021-08-19 00:00:00,0.4904,0.01,HOLD,,1,-1
2021-08-20 00:00:00,2021-08-19 12:00:00,0.4908,0.01,HOLD,,1,-1
2021-08-20 12:00:00,2021-08-20 00:00:00,0.491,0.01,HOLD,,1,-1
2021-08-23 00:00:00,2021-08-20 12:00:00,0.4938,0.01,HOLD,,1,-1
2021-08-23 12:00:00,2021-08-23 00:00:00,0.4945,0.01,HOLD,,1,-1
2021-08-24 00:00:00,2021-08-23 12:00:00,0.494,0.01,HOLD,,1,-1
2021-08-24 12:00:00,2021-08-24 00:00:00,0.4938,0.01,HOLD,,1,-1
2021-08-25 00:00:00,2021-08-24 12:00:00,0.493,0.01,HOLD,,1,-1
2021-08-25 12:00:00,2021-08-25 00:00:00,0.4905,0.01,HOLD,,1,-1
2021-08-26 00:00:00,2021-08-25 12:00:00,0.4903,0.01,HOLD,,1,-1
2021-08-26 12:00:00,2021-08-26 00:00:00,0.4928,0.01,HOLD,,1,-1
2021-08-27 00:00:00,2021-08-26 12:00:00,0.4944,0.01,HOLD,,1,-1
2021-08-27 12:00:00,2021-08-27 00:00:00,0.4932,0.01,HOLD,,1,-1
2021-08-30 00:00:00,2021-08-27 12:00:00,0.4964,0.01,HOLD,,1,-1
2021-08-30 12:00:00,2021-08-30 00:00:00,0.4932,0.01,HOLD,,1,-1
2021-08-31 00:00:00,2021-08-30 12:00:00,0.4911,0.01,HOLD,,1,-1
2021-08-31 12:00:00,2021-08-31 00:00:00,0.4901,0.01,HOLD,,1,-1
2021-09-01 00:00:00,2021-08-31 12:00:00,0.4902,0.01,HOLD,,1,-1
2021-09-01 12:00:00,2021-09-01 00:00:00,0.4903,0.01,HOLD,,1,-1
2021-09-02 00:00:00,2021-09-01 12:00:00,0.4934,0.01,HOLD,,0,-1
2021-09-02 12:00:00,2021-09-02 00:00:00,0.4933,0.01,HOLD,,0,-1
2021-09-03 00:00:00,2021-09-02 12:00:00,0.4928,0.01,HOLD,,0,-1
2021-09-03 12:00:00,2021-09-03 00:00:00,0.4908,0.01,HOLD,,0,-1
2021-09-06 00:00:00,2021-09-03 12:00:00,0.4899,0.01,SELL,True,0,0
2021-09-06 12:00:00,2021-09-06 00:00:00,0.4893,0.01,SELL,True,0,0
2021-09-07 00:00:00,2021-09-06 12:00:00,0.491,0.01,HOLD,,0,-1
2021-09-07 12:00:00,2021-09-07 00:00:00,0.4887,0.01,SELL,True,0,0
2021-09-08 00:00:00,2021-09-07 12:00:00,0.4866,0.01,SELL,True,0,0
2021-09-08 12:00:00,2021-09-08 00:00:00,0.4821,0.01,SELL,False,1,0
2021-09-09 00:00:00,2021-09-08 12:00:00,0.4822,0.01,SELL,True,0,0
2021-09-09 12:00:00,2021-09-09 00:00:00,0.4803,0.01,SELL,False,1,0
2021-09-10 00:00:00,2021-09-09 12:00:00,0.4798,0.01,SELL,True,0,0
2021-09-10 12:00:00,2021-09-10 00:00:00,0.4777,0.01,SELL,True,0,0
2021-09-13 00:00:00,2021-09-10 12:00:00,0.4759,0.01,SELL,True,0,0
2021-09-13 12:00:00,2021-09-13 00:00:00,0.4762,0.01,SELL,True,0,0
2021-09-14 00:00:00,2021-09-13 12:00:00,0.477,0.01,SELL,True,0,0
2021-09-14 12:00:00,2021-09-14 00:00:00,0.4761,0.01,SELL,True,0,0
2021-09-15 00:00:00,2021-09-14 12:00:00,0.4785,0.01,SELL,True,0,0
2021-09-15 12:00:00,2021-09-15 00:00:00,0.4773,0.01,SELL,True,0,0
2021-09-16 00:00:00,2021-09-15 12:00:00,0.476,0.01,SELL,True,0,0
2021-09-16 12:00:00,2021-09-16 00:00:00,0.4783,0.01,SELL,True,0,0
2021-09-17 00:00:00,2021-09-16 12:00:00,0.4783,0.01,SELL,True,0,0
2021-09-17 12:00:00,2021-09-17 00:00:00,0.4788,0.01,SELL,True,0,0
2021-09-20 00:00:00,2021-09-17 12:00:00,0.4779,0.01,SELL,False,1,0
2021-09-20 12:00:00,2021-09-20 00:00:00,0.4792,0.01,SELL,False,1,0
2021-09-21 00:00:00,2021-09-20 12:00:00,0.4794,0.01,SELL,True,0,0
2021-09-21 12:00:00,2021-09-21 00:00:00,0.4816,0.01,SELL,True,0,0
2021-09-22 00:00:00,2021-09-21 12:00:00,0.481,0.01,SELL,True,0,0
2021-09-22 12:00:00,2021-09-22 00:00:00,0.4795,0.01,SELL,True,0,0
2021-09-23 00:00:00,2021-09-22 12:00:00,0.4794,0.01,SELL,True,0,0
2021-09-23 12:00:00,2021-09-23 00:00:00,0.4766,0.01,SELL,True,0,0
2021-09-24 00:00:00,2021-09-23 12:00:00,0.4762,0.01,SELL,True,0,0
2021-09-24 12:00:00,2021-09-24 00:00:00,0.4761,0.01,SELL,True,0,0
2021-09-27 00:00:00,2021-09-24 12:00:00,0.4765,0.01,SELL,True,0,0
2021-09-27 12:00:00,2021-09-27 00:00:00,0.4736,0.01,SELL,True,0,0
2021-09-28 00:00:00,2021-09-27 12:00:00,0.4737,0.01,SELL,True,0,0
2021-09-28 12:00:00,2021-09-28 00:00:00,0.4713,0.01,SELL,True,0,0
2021-09-29 00:00:00,2021-09-28 12:00:00,0.4709,0.01,SELL,True,0,0
2021-09-29 12:00:00,2021-09-29 00:00:00,0.4693,0.01,SELL,False,1,0
2021-09-30 00:00:00,2021-09-29 12:00:00,0.472,0.01,SELL,True,0,0
2021-09-30 12:00:00,2021-09-30 00:00:00,0.4721,0.01,SELL,True,0,0
2021-10-01 00:00:00,2021-09-30 12:00:00,0.4733,0.01,SELL,True,0,0
2021-10-01 12:00:00,2021-10-01 00:00:00,0.476,0.01,SELL,True,0,0
2021-10-04 00:00:00,2021-10-01 12:00:00,0.48,0.01,SELL,True,0,0
2021-10-04 12:00:00,2021-10-04 00:00:00,0.4783,0.01,SELL,True,0,0
2021-10-05 00:00:00,2021-10-04 12:00:00,0.4778,0.01,SELL,True,0,0
2021-10-05 12:00:00,2021-10-05 00:00:00,0.4745,0.01,SELL,True,0,0
2021-10-06 00:00:00,2021-10-05 12:00:00,0.4752,0.01,SELL,True,0,0
2021-10-06 12:00:00,2021-10-06 00:00:00,0.4756,0.01,SELL,False,1,0
2021-10-07 00:00:00,2021-10-06 12:00:00,0.4746,0.01,SELL,True,0,0
2021-10-07 12:00:00,2021-10-07 00:00:00,0.4732,0.01,SELL,False,1,0
2021-10-08 00:00:00,2021-10-07 12:00:00,0.4733,0.01,SELL,False,1,0
2021-10-08 12:00:00,2021-10-08 00:00:00,0.4712,0.01,SELL,False,1,0
2021-10-11 00:00:00,2021-10-08 12:00:00,0.4733,0.01,SELL,False,1,0
2021-10-11 12:00:00,2021-10-11 00:00:00,0.4766,0.01,SELL,False,1,0
2021-10-12 00:00:00,2021-10-11 12:00:00,0.477,0.01,SELL,False,1,0
2021-10-12 12:00:00,2021-10-12 00:00:00,0.4782,0.01,SELL,False,1,0
2021-10-13 00:00:00,2021-10-12 12:00:00,0.4816,0.01,SELL,False,1,0
2021-10-13 12:00:00,2021-10-13 00:00:00,0.4784,0.01,SELL,False,1,0
2021-10-14 00:00:00,2021-10-13 12:00:00,0.479,0.01,SELL,False,1,0
2021-10-14 12:00:00,2021-10-14 00:00:00,0.4794,0.01,SELL,False,1,0
2021-10-15 00:00:00,2021-10-14 12:00:00,0.4787,0.01,SELL,False,1,0
2021-10-15 12:00:00,2021-10-15 00:00:00,0.4755,0.01,SELL,False,1,0
2021-10-18 00:00:00,2021-10-15 12:00:00,0.4781,0.01,SELL,False,1,0
2021-10-18 12:00:00,2021-10-18 00:00:00,0.4766,0.01,SELL,False,1,0
2021-10-19 00:00:00,2021-10-18 12:00:00,0.4742,0.01,SELL,True,0,0
2021-10-19 12:00:00,2021-10-19 00:00:00,0.4757,0.01,SELL,False,1,0
2021-10-20 00:00:00,2021-10-19 12:00:00,0.4747,0.01,SELL,True,0,0
2021-10-20 12:00:00,2021-10-20 00:00:00,0.4726,0.01,SELL,True,0,0
2021-10-21 00:00:00,2021-10-20 12:00:00,0.4744,0.01,SELL,True,0,0
2021-10-21 12:00:00,2021-10-21 00:00:00,0.4738,0.01,SELL,True,0,0
2021-10-22 00:00:00,2021-10-21 12:00:00,0.4763,0.01,SELL,True,0,0
2021-10-22 12:00:00,2021-10-22 00:00:00,0.4739,0.01,SELL,True,0,0
2021-10-25 00:00:00,2021-10-22 12:00:00,0.4741,0.01,SELL,False,1,0
2021-10-25 12:00:00,2021-10-25 00:00:00,0.4731,0.01,SELL,False,1,0
2021-10-26 00:00:00,2021-10-25 12:00:00,0.4731,0.01,SELL,True,0,0
2021-10-26 12:00:00,2021-10-26 00:00:00,0.4735,0.01,SELL,True,0,0
2021-10-27 00:00:00,2021-10-26 12:00:00,0.4749,0.01,SELL,False,1,0
2021-10-27 12:00:00,2021-10-27 00:00:00,0.4743,0.01,SELL,True,0,0
2021-10-28 00:00:00,2021-10-27 12:00:00,0.4735,0.01,SELL,True,0,0
2021-10-28 12:00:00,2021-10-28 00:00:00,0.4766,0.01,SELL,True,0,0
2021-10-29 00:00:00,2021-10-28 12:00:00,0.4758,0.01,SELL,True,0,0
2021-10-29 12:00:00,2021-10-29 00:00:00,0.4783,0.01,SELL,True,0,0
2021-11-01 00:00:00,2021-10-29 12:00:00,0.4806,0.01,SELL,True,0,0
2021-11-01 12:00:00,2021-11-01 00:00:00,0.4806,0.01,SELL,True,0,0
2021-11-02 00:00:00,2021-11-01 12:00:00,0.482,0.01,SELL,True,0,0
2021-11-02 12:00:00,2021-11-02 00:00:00,0.4829,0.01,SELL,True,0,0
2021-11-03 00:00:00,2021-11-02 12:00:00,0.4836,0.01,SELL,True,0,0
2021-11-03 12:00:00,2021-11-03 00:00:00,0.4862,0.01,SELL,True,0,0
2021-11-04 00:00:00,2021-11-03 12:00:00,0.4856,0.01,SELL,False,1,0
2021-11-04 12:00:00,2021-11-04 00:00:00,0.4863,0.01,SELL,False,1,0
2021-11-05 00:00:00,2021-11-04 12:00:00,0.4853,0.01,SELL,True,0,0
2021-11-05 12:00:00,2021-11-05 00:00:00,0.4851,0.01,SELL,True,0,0
2021-11-08 00:00:00,2021-11-05 12:00:00,0.4859,0.01,SELL,True,0,0
2021-11-08 12:00:00,2021-11-08 00:00:00,0.4867,0.01,SELL,True,0,0
2021-11-09 00:00:00,2021-11-08 12:00:00,0.4881,0.01,SELL,True,0,0
2021-11-09 12:00:00,2021-11-09 00:00:00,0.4878,0.01,SELL,True,0,0
2021-11-10 00:00:00,2021-11-09 12:00:00,0.4872,0.01,SELL,True,0,0
2021-11-10 12:00:00,2021-11-10 00:00:00,0.4873,0.01,SELL,True,0,0
2021-11-11 00:00:00,2021-11-10 12:00:00,0.488,0.01,SELL,True,0,0
2021-11-11 12:00:00,2021-11-11 00:00:00,0.4909,0.01,HOLD,,0,-1
2021-11-12 00:00:00,2021-11-11 12:00:00,0.4925,0.01,HOLD,,0,-1
2021-11-12 12:00:00,2021-11-12 00:00:00,0.4911,0.01,HOLD,,0,-1
2021-11-15 00:00:00,2021-11-12 12:00:00,0.4903,0.01,HOLD,,0,-1
2021-11-15 12:00:00,2021-11-15 00:00:00,0.4921,0.01,HOLD,,0,-1
2021-11-16 00:00:00,2021-11-15 12:00:00,0.494,0.01,HOLD,,0,-1
2021-11-16 12:00:00,2021-11-16 00:00:00,0.4934,0.01,HOLD,,0,-1
2021-11-17 00:00:00,2021-11-16 12:00:00,0.4942,0.01,HOLD,,0,-1
2021-11-17 12:00:00,2021-11-17 00:00:00,0.4947,0.01,HOLD,,0,-1
2021-11-18 00:00:00,2021-11-17 12:00:00,0.4952,0.01,HOLD,,0,-1
2021-11-18 12:00:00,2021-11-18 00:00:00,0.4964,0.01,HOLD,,0,-1
2021-11-19 00:00:00,2021-11-18 12:00:00,0.4974,0.01,HOLD,,0,-1
2021-11-19 12:00:00,2021-11-19 00:00:00,0.4964,0.01,HOLD,,0,-1
2021-11-22 00:00:00,2021-11-19 12:00:00,0.4981,0.01,HOLD,,0,-1
2021-11-22 12:00:00,2021-11-22 00:00:00,0.5001,0.01,HOLD,,1,-1
2021-11-23 00:00:00,2021-11-22 12:00:00,0.501,0.01,HOLD,,1,-1
2021-11-23 12:00:00,2021-11-23 00:00:00,0.501,0.01,HOLD,,1,-1
2021-11-24 00:00:00,2021-11-23 12:00:00,0.4997,0.01,HOLD,,1,-1
2021-11-24 12:00:00,2021-11-24 00:00:00,0.5007,0.01,HOLD,,1,-1
2021-11-25 00:00:00,2021-11-24 12:00:00,0.499,0.01,HOLD,,1,-1
2021-11-25 12:00:00,2021-11-25 00:00:00,0.4986,0.01,HOLD,,1,-1
2021-11-26 00:00:00,2021-11-25 12:00:00,0.4983,0.01,HOLD,,1,-1
2021-11-26 12:00:00,2021-11-26 00:00:00,0.4956,0.01,HOLD,,1,-1
2021-11-29 00:00:00,2021-11-26 12:00:00,0.4977,0.01,HOLD,,1,-1
2021-11-29 12:00:00,2021-11-29 00:00:00,0.4956,0.01,HOLD,,1,-1
2021-11-30 00:00:00,2021-11-29 12:00:00,0.4951,0.01,HOLD,,0,-1
2021-11-30 12:00:00,2021-11-30 00:00:00,0.495,0.01,HOLD,,0,-1
2021-12-01 00:00:00,2021-11-30 12:00:00,0.4952,0.01,HOLD,,0,-1
2021-12-01 12:00:00,2021-12-01 00:00:00,0.4975,0.01,HOLD,,0,-1
2021-12-02 00:00:00,2021-12-01 12:00:00,0.4991,0.01,HOLD,,0,-1
2021-12-02 12:00:00,2021-12-02 00:00:00,0.5008,0.01,HOLD,,0,-1
2021-12-03 00:00:00,2021-12-02 12:00:00,0.5003,0.01,HOLD,,1,-1
2021-12-03 12:00:00,2021-12-03 00:00:00,0.4999,0.01,HOLD,,1,-1
2021-12-06 00:00:00,2021-12-03 12:00:00,0.4991,0.01,HOLD,,0,-1
2021-12-06 12:00:00,2021-12-06 00:00:00,0.4989,0.01,HOLD,,0,-1
2021-12-07 00:00:00,2021-12-06 12:00:00,0.5017,0.01,HOLD,,1,-1
2021-12-07 12:00:00,2021-12-07 00:00:00,0.5052,0.01,HOLD,,1,-1
2021-12-08 00:00:00,2021-12-07 12:00:00,0.5069,0.01,HOLD,,0,-1
2021-12-08 12:00:00,2021-12-08 00:00:00,0.5062,0.01,HOLD,,0,-1
2021-12-09 00:00:00,2021-12-08 12:00:00,0.5091,0.01,HOLD,,0,-1
2021-12-09 12:00:00,2021-12-09 00:00:00,0.5085,0.01,HOLD,,0,-1
2021-12-10 00:00:00,2021-12-09 12:00:00,0.5095,0.01,HOLD,,1,-1
2021-12-10 12:00:00,2021-12-10 00:00:00,0.5123,0.01,BUY,False,0,1
2021-12-13 00:00:00,2021-12-10 12:00:00,0.5109,0.01,BUY,True,1,1
2021-12-13 12:00:00,2021-12-13 00:00:00,0.5117,0.01,BUY,True,1,1
2021-12-14 00:00:00,2021-12-13 12:00:00,0.5113,0.01,BUY,False,0,1
2021-12-14 12:00:00,2021-12-14 00:00:00,0.5087,0.01,HOLD,,1,-1
2021-12-15 00:00:00,2021-12-14 12:00:00,0.508,0.01,HOLD,,1,-1
2021-12-15 12:00:00,2021-12-15 00:00:00,0.5056,0.01,HOLD,,1,-1
2021-12-16 00:00:00,2021-12-15 12:00:00,0.5052,0.01,HOLD,,0,-1
2021-12-16 12:00:00,2021-12-16 00:00:00,0.5039,0.01,HOLD,,0,-1
2021-12-17 00:00:00,2021-12-16 12:00:00,0.5069,0.01,HOLD,,0,-1
2021-12-17 12:00:00,2021-12-17 00:00:00,0.5079,0.01,HOLD,,1,-1
2021-12-20 00:00:00,2021-12-17 12:00:00,0.5062,0.01,HOLD,,1,-1
2021-12-20 12:00:00,2021-12-20 00:00:00,0.5046,0.01,HOLD,,1,-1
2021-12-21 00:00:00,2021-12-20 12:00:00,0.5075,0.01,HOLD,,1,-1
2021-12-21 12:00:00,2021-12-21 00:00:00,0.5053,0.01,HOLD,,1,-1
2021-12-22 00:00:00,2021-12-21 12:00:00,0.5059,0.01,HOLD,,1,-1
2021-12-22 12:00:00,2021-12-22 00:00:00,0.5069,0.01,HOLD,,1,-1
2021-12-23 00:00:00,2021-12-22 12:00:00,0.5065,0.01,HOLD,,0,-1
2021-12-23 12:00:00,2021-12-23 00:00:00,0.5066,0.01,HOLD,,0,-1
2021-12-24 00:00:00,2021-12-23 12:00:00,0.5049,0.01,HOLD,,1,-1
2021-12-24 12:00:00,2021-12-24 00:00:00,0.5048,0.01,HOLD,,0,-1
2021-12-27 00:00:00,2021-12-24 12:00:00,0.5047,0.01,HOLD,,1,-1
2021-12-27 12:00:00,2021-12-27 00:00:00,0.5032,0.01,HOLD,,1,-1
2021-12-28 00:00:00,2021-12-27 12:00:00,0.5049,0.01,HOLD,,1,-1
2021-12-28 12:00:00,2021-12-28 00:00:00,0.5053,0.01,HOLD,,1,-1
2021-12-29 00:00:00,2021-12-28 12:00:00,0.5033,0.01,HOLD,,1,-1
2021-12-29 12:00:00,2021-12-29 00:00:00,0.5016,0.01,HOLD,,0,-1
2021-12-30 00:00:00,2021-12-29 12:00:00,0.5019,0.01,HOLD,,0,-1
2021-12-30 12:00:00,2021-12-30 00:00:00,0.502,0.01,HOLD,,0,-1
2021-12-31 00:00:00,2021-12-30 12:00:00,0.5016,0.01,HOLD,,0,-1
2022-01-03 00:00:00,2021-12-31 12:00:00,0.5107,0.06,HOLD,,0,-1
2022-01-03 12:00:00,2022-01-03 00:00:00,0.5105,0.06,HOLD,,1,-1
2022-01-04 00:00:00,2022-01-03 12:00:00,0.5073,0.06,HOLD,,1,-1
2022-01-04 12:00:00,2022-01-04 00:00:00,0.5056,0.06,HOLD,,1,-1
2022-01-05 00:00:00,2022-01-04 12:00:00,0.5039,0.06,HOLD,,1,-1
2022-01-05 12:00:00,2022-01-05 00:00:00,0.4967,0.06,HOLD,,1,-1
2022-01-06 00:00:00,2022-01-05 12:00:00,0.4961,0.06,HOLD,,1,-1
2022-01-06 12:00:00,2022-01-06 00:00:00,0.4979,0.06,HOLD,,1,-1
2022-01-07 00:00:00,2022-01-06 12:00:00,0.5019,0.06,HOLD,,1,-1
2022-01-07 12:00:00,2022-01-07 00:00:00,0.4995,0.06,HOLD,,1,-1
2022-01-10 00:00:00,2022-01-07 12:00:00,0.4943,0.06,HOLD,,1,-1
2022-01-10 12:00:00,2022-01-10 00:00:00,0.4891,0.06,HOLD,,1,-1
2022-01-11 00:00:00,2022-01-10 12:00:00,0.4883,0.06,HOLD,,1,-1
2022-01-11 12:00:00,2022-01-11 00:00:00,0.4875,0.06,HOLD,,1,-1
2022-01-12 00:00:00,2022-01-11 12:00:00,0.4873,0.06,HOLD,,1,-1
2022-01-12 12:00:00,2022-01-12 00:00:00,0.4859,0.06,HOLD,,0,-1
2022-01-13 00:00:00,2022-01-12 12:00:00,0.4834,0.06,HOLD,,0,-1
2022-01-13 12:00:00,2022-01-13 00:00:00,0.4833,0.06,HOLD,,0,-1
2022-01-14 00:00:00,2022-01-13 12:00:00,0.4836,0.06,HOLD,,0,-1
2022-01-14 12:00:00,2022-01-14 00:00:00,0.4855,0.06,HOLD,,0,-1
2022-01-17 00:00:00,2022-01-14 12:00:00,0.4893,0.06,HOLD,,0,-1
2022-01-17 12:00:00,2022-01-17 00:00:00,0.486,0.06,HOLD,,0,-1
2022-01-18 00:00:00,2022-01-17 12:00:00,0.4821,0.06,HOLD,,0,-1
2022-01-18 12:00:00,2022-01-18 00:00:00,0.4863,0.06,HOLD,,0,-1
2022-01-19 00:00:00,2022-01-18 12:00:00,0.4836,0.06,HOLD,,0,-1
2022-01-19 12:00:00,2022-01-19 00:00:00,0.4832,0.06,HOLD,,0,-1
2022-01-20 00:00:00,2022-01-19 12:00:00,0.4845,0.06,HOLD,,0,-1
2022-01-20 12:00:00,2022-01-20 00:00:00,0.4836,0.06,HOLD,,0,-1
2022-01-21 00:00:00,2022-01-20 12:00:00,0.4854,0.06,HOLD,,0,-1
2022-01-21 12:00:00,2022-01-21 00:00:00,0.4808,0.06,HOLD,,0,-1
2022-01-24 00:00:00,2022-01-21 12:00:00,0.4812,0.06,HOLD,,0,-1
2022-01-24 12:00:00,2022-01-24 00:00:00,0.4775,0.06,HOLD,,0,-1
2022-01-25 00:00:00,2022-01-24 12:00:00,0.4764,0.06,HOLD,,0,-1
2022-01-25 12:00:00,2022-01-25 00:00:00,0.4742,0.06,HOLD,,0,-1
2022-01-26 00:00:00,2022-01-25 12:00:00,0.4705,0.06,HOLD,,0,-1
2022-01-26 12:00:00,2022-01-26 00:00:00,0.4737,0.06,HOLD,,1,-1
2022-01-27 00:00:00,2022-01-26 12:00:00,0.4783,0.06,HOLD,,1,-1
2022-01-27 12:00:00,2022-01-27 00:00:00,0.4809,0.06,HOLD,,1,-1
2022-01-28 00:00:00,2022-01-27 12:00:00,0.4794,0.06,HOLD,,1,-1
2022-01-28 12:00:00,2022-01-28 00:00:00,0.481,0.06,HOLD,,1,-1
2022-01-31 00:00:00,2022-01-28 12:00:00,0.4837,0.06,HOLD,,1,-1
2022-01-31 12:00:00,2022-01-31 00:00:00,0.4848,0.06,HOLD,,1,-1
2022-02-01 00:00:00,2022-01-31 12:00:00,0.4875,0.06,HOLD,,1,-1
2022-02-01 12:00:00,2022-02-01 00:00:00,0.4879,0.06,HOLD,,1,-1
2022-02-02 00:00:00,2022-02-01 12:00:00,0.49,0.06,HOLD,,1,-1
2022-02-02 12:00:00,2022-02-02 00:00:00,0.4893,0.06,HOLD,,1,-1
2022-02-03 00:00:00,2022-02-02 12:00:00,0.4887,0.06,HOLD,,1,-1
2022-02-03 12:00:00,2022-02-03 00:00:00,0.4904,0.06,HOLD,,0,-1
2022-02-04 00:00:00,2022-02-03 12:00:00,0.4924,0.06,HOLD,,0,-1
2022-02-04 12:00:00,2022-02-04 00:00:00,0.4916,0.06,HOLD,,0,-1
2022-02-07 00:00:00,2022-02-04 12:00:00,0.4894,0.06,HOLD,,1,-1
2022-02-07 12:00:00,2022-02-07 00:00:00,0.4879,0.06,HOLD,,0,-1
2022-02-08 00:00:00,2022-02-07 12:00:00,0.4905,0.06,HOLD,,0,-1
2022-02-08 12:00:00,2022-02-08 00:00:00,0.4917,0.06,HOLD,,0,-1
2022-02-09 00:00:00,2022-02-08 12:00:00,0.4902,0.06,HOLD,,0,-1
2022-02-09 12:00:00,2022-02-09 00:00:00,0.4882,0.06,HOLD,,0,-1
2022-02-10 00:00:00,2022-02-09 12:00:00,0.4922,0.06,HOLD,,0,-1
2022-02-10 12:00:00,2022-02-10 00:00:00,0.4929,0.06,HOLD,,0,-1
2022-02-11 00:00:00,2022-02-10 12:00:00,0.4906,0.06,HOLD,,0,-1
2022-02-11 12:00:00,2022-02-11 00:00:00,0.4889,0.06,HOLD,,1,-1
2022-02-14 00:00:00,2022-02-11 12:00:00,0.4884,0.06,HOLD,,1,-1
2022-02-14 12:00:00,2022-02-14 00:00:00,0.4897,0.06,HOLD,,1,-1
2022-02-15 00:00:00,2022-02-14 12:00:00,0.4918,0.06,HOLD,,0,-1
2022-02-15 12:00:00,2022-02-15 00:00:00,0.4906,0.06,HOLD,,1,-1
2022-02-16 00:00:00,2022-02-15 12:00:00,0.49,0.06,HOLD,,0,-1
2022-02-16 12:00:00,2022-02-16 00:00:00,0.4893,0.06,HOLD,,0,-1
2022-02-17 00:00:00,2022-02-16 12:00:00,0.4937,0.06,HOLD,,0,-1
2022-02-17 12:00:00,2022-02-17 00:00:00,0.4955,0.06,HOLD,,0,-1
2022-02-18 00:00:00,2022-02-17 12:00:00,0.4978,0.06,HOLD,,0,-1
2022-02-18 12:00:00,2022-02-18 00:00:00,0.4967,0.06,HOLD,,0,-1
2022-02-21 00:00:00,2022-02-18 12:00:00,0.5016,0.06,HOLD,,0,-1
2022-02-21 12:00:00,2022-02-21 00:00:00,0.5019,0.06,HOLD,,0,-1
2022-02-22 00:00:00,2022-02-21 12:00:00,0.5008,0.06,HOLD,,0,-1
2022-02-22 12:00:00,2022-02-22 00:00:00,0.4982,0.06,HOLD,,0,-1
2022-02-23 00:00:00,2022-02-22 12:00:00,0.4992,0.06,HOLD,,0,-1
2022-02-23 12:00:00,2022-02-23 00:00:00,0.4992,0.06,HOLD,,0,-1
2022-02-24 00:00:00,2022-02-23 12:00:00,0.5035,0.06,HOLD,,0,-1
2022-02-24 12:00:00,2022-02-24 00:00:00,0.5008,0.06,HOLD,,0,-1
2022-02-25 00:00:00,2022-02-24 12:00:00,0.5024,0.06,HOLD,,0,-1
2022-02-25 12:00:00,2022-02-25 00:00:00,0.5024,0.06,HOLD,,0,-1
2022-02-28 00:00:00,2022-02-25 12:00:00,0.5056,0.06,HOLD,,0,-1
2022-02-28 12:00:00,2022-02-28 00:00:00,0.5068,0.06,HOLD,,0,-1
2022-03-01 00:00:00,2022-02-28 12:00:00,0.5036,0.06,HOLD,,0,-1
2022-03-01 12:00:00,2022-03-01 00:00:00,0.5054,0.06,HOLD,,0,-1
2022-03-02 00:00:00,2022-03-01 12:00:00,0.5063,0.06,HOLD,,0,-1
2022-03-02 12:00:00,2022-03-02 00:00:00,0.5068,0.06,HOLD,,0,-1
2022-03-03 00:00:00,2022-03-02 12:00:00,0.5098,0.06,HOLD,,0,-1
2022-03-03 12:00:00,2022-03-03 00:00:00,0.515,0.06,HOLD,,0,-1
2022-03-04 00:00:00,2022-03-03 12:00:00,0.5169,0.06,HOLD,,1,-1
2022-03-04 12:00:00,2022-03-04 00:00:00,0.521,0.06,HOLD,,1,-1
2022-03-07 00:00:00,2022-03-04 12:00:00,0.5189,0.06,HOLD,,1,-1
2022-03-07 12:00:00,2022-03-07 00:00:00,0.5183,0.06,HOLD,,1,-1
2022-03-08 00:00:00,2022-03-07 12:00:00,0.5176,0.06,HOLD,,1,-1
2022-03-08 12:00:00,2022-03-08 00:00:00,0.519,0.06,HOLD,,1,-1
2022-03-09 00:00:00,2022-03-08 12:00:00,0.518,0.06,HOLD,,0,-1
2022-03-09 12:00:00,2022-03-09 00:00:00,0.5181,0.06,HOLD,,0,-1
2022-03-10 00:00:00,2022-03-09 12:00:00,0.5197,0.06,HOLD,,0,-1
2022-03-10 12:00:00,2022-03-10 00:00:00,0.5233,0.06,HOLD,,1,-1
2022-03-11 00:00:00,2022-03-10 12:00:00,0.522,0.06,HOLD,,1,-1
2022-03-11 12:00:00,2022-03-11 00:00:00,0.5218,0.06,HOLD,,1,-1
2022-03-14 00:00:00,2022-03-11 12:00:00,0.5226,0.06,HOLD,,1,-1
2022-03-14 12:00:00,2022-03-14 00:00:00,0.5182,0.06,HOLD,,1,-1
2022-03-15 00:00:00,2022-03-14 12:00:00,0.5122,0.06,HOLD,,1,-1
2022-03-15 12:00:00,2022-03-15 00:00:00,0.5112,0.06,HOLD,,1,-1
2022-03-16 00:00:00,2022-03-15 12:00:00,0.507,0.06,HOLD,,1,-1
2022-03-16 12:00:00,2022-03-16 00:00:00,0.5079,0.06,HOLD,,0,-1
2022-03-17 00:00:00,2022-03-16 12:00:00,0.507,0.06,HOLD,,0,-1
2022-03-17 12:00:00,2022-03-17 00:00:00,0.5036,0.06,HOLD,,0,-1
2022-03-18 00:00:00,2022-03-17 12:00:00,0.4999,0.06,HOLD,,0,-1
2022-03-18 12:00:00,2022-03-18 00:00:00,0.4968,0.06,HOLD,,0,-1
2022-03-21 00:00:00,2022-03-18 12:00:00,0.4977,0.06,HOLD,,0,-1
2022-03-21 12:00:00,2022-03-21 00:00:00,0.498,0.06,HOLD,,0,-1
2022-03-22 00:00:00,2022-03-21 12:00:00,0.4993,0.06,HOLD,,0,-1
2022-03-22 12:00:00,2022-03-22 00:00:00,0.5012,0.06,HOLD,,0,-1
2022-03-23 00:00:00,2022-03-22 12:00:00,0.5001,0.06,HOLD,,0,-1
2022-03-23 12:00:00,2022-03-23 00:00:00,0.5004,0.06,HOLD,,0,-1
2022-03-24 00:00:00,2022-03-23 12:00:00,0.5027,0.06,HOLD,,1,-1
2022-03-24 12:00:00,2022-03-24 00:00:00,0.5026,0.06,HOLD,,1,-1
2022-03-25 00:00:00,2022-03-24 12:00:00,0.5059,0.06,HOLD,,1,-1
2022-03-25 12:00:00,2022-03-25 00:00:00,0.5109,0.06,HOLD,,1,-1
2022-03-28 00:00:00,2022-03-25 12:00:00,0.5087,0.06,HOLD,,1,-1
2022-03-28 12:00:00,2022-03-28 00:00:00,0.5071,0.06,HOLD,,1,-1
2022-03-29 00:00:00,2022-03-28 12:00:00,0.5077,0.06,HOLD,,1,-1
2022-03-29 12:00:00,2022-03-29 00:00:00,0.5063,0.06,HOLD,,0,-1
2022-03-30 00:00:00,2022-03-29 12:00:00,0.5063,0.06,HOLD,,0,-1
2022-03-30 12:00:00,2022-03-30 00:00:00,0.5045,0.06,HOLD,,0,-1
2022-03-31 00:00:00,2022-03-30 12:00:00,0.5064,0.06,HOLD,,0,-1
2022-03-31 12:00:00,2022-03-31 00:00:00,0.5048,0.06,HOLD,,0,-1
2022-04-01 00:00:00,2022-03-31 12:00:00,0.5039,0.06,HOLD,,0,-1
2022-04-01 12:00:00,2022-04-01 00:00:00,0.4992,0.06,HOLD,,0,-1
2022-04-04 00:00:00,2022-04-01 12:00:00,0.497,0.06,HOLD,,0,-1
2022-04-04 12:00:00,2022-04-04 00:00:00,0.4951,0.06,HOLD,,0,-1
2022-04-05 00:00:00,2022-04-04 12:00:00,0.4935,0.06,HOLD,,0,-1
2022-04-05 12:00:00,2022-04-05 00:00:00,0.4961,0.06,HOLD,,1,-1
2022-04-06 00:00:00,2022-04-05 12:00:00,0.4967,0.06,HOLD,,0,-1
2022-04-06 12:00:00,2022-04-06 00:00:00,0.4994,0.06,HOLD,,0,-1
2022-04-07 00:00:00,2022-04-06 12:00:00,0.4994,0.06,HOLD,,0,-1
2022-04-07 12:00:00,2022-04-07 00:00:00,0.496,0.06,HOLD,,0,-1
2022-04-08 00:00:00,2022-04-07 12:00:00,0.499,0.06,HOLD,,1,-1
2022-04-08 12:00:00,2022-04-08 00:00:00,0.5039,0.06,HOLD,,1,-1
2022-04-11 00:00:00,2022-04-08 12:00:00,0.5054,0.06,HOLD,,0,-1
2022-04-11 12:00:00,2022-04-11 00:00:00,0.51,0.06,HOLD,,0,-1
2022-04-12 00:00:00,2022-04-11 12:00:00,0.5123,0.06,HOLD,,0,-1
2022-04-12 12:00:00,2022-04-12 00:00:00,0.5123,0.06,HOLD,,0,-1
2022-04-13 00:00:00,2022-04-12 12:00:00,0.5187,0.06,HOLD,,0,-1
2022-04-13 12:00:00,2022-04-13 00:00:00,0.5209,0.06,HOLD,,0,-1
2022-04-14 00:00:00,2022-04-13 12:00:00,0.5234,0.06,HOLD,,0,-1
2022-04-14 12:00:00,2022-04-14 00:00:00,0.5218,0.06,HOLD,,1,-1
2022-04-15 00:00:00,2022-04-14 12:00:00,0.5168,0.06,HOLD,,1,-1
2022-04-15 12:00:00,2022-04-15 00:00:00,0.5193,0.06,HOLD,,1,-1
2022-04-18 00:00:00,2022-04-15 12:00:00,0.5241,0.06,HOLD,,1,-1
2022-04-18 12:00:00,2022-04-18 00:00:00,0.5231,0.06,HOLD,,1,-1
2022-04-19 00:00:00,2022-04-18 12:00:00,0.5306,0.06,HOLD,,0,-1
2022-04-19 12:00:00,2022-04-19 00:00:00,0.5332,0.06,HOLD,,0,-1
2022-04-20 00:00:00,2022-04-19 12:00:00,0.531,0.06,HOLD,,0,-1
2022-04-20 12:00:00,2022-04-20 00:00:00,0.5281,0.06,HOLD,,0,-1
2022-04-21 00:00:00,2022-04-20 12:00:00,0.5302,0.06,HOLD,,0,-1
2022-04-21 12:00:00,2022-04-21 00:00:00,0.5305,0.06,HOLD,,0,-1
2022-04-22 00:00:00,2022-04-21 12:00:00,0.5276,0.06,HOLD,,0,-1
2022-04-22 12:00:00,2022-04-22 00:00:00,0.5261,0.06,HOLD,,0,-1
2022-04-25 00:00:00,2022-04-22 12:00:00,0.5222,0.06,HOLD,,0,-1
2022-04-25 12:00:00,2022-04-25 00:00:00,0.519,0.06,HOLD,,0,-1
2022-04-26 00:00:00,2022-04-25 12:00:00,0.5192,0.06,HOLD,,0,-1
2022-04-26 12:00:00,2022-04-26 00:00:00,0.5217,0.06,HOLD,,0,-1
2022-04-27 00:00:00,2022-04-26 12:00:00,0.5252,0.06,HOLD,,0,-1
2022-04-27 12:00:00,2022-04-27 00:00:00,0.5282,0.06,HOLD,,0,-1
2022-04-28 00:00:00,2022-04-27 12:00:00,0.5352,0.06,HOLD,,1,-1
2022-04-28 12:00:00,2022-04-28 00:00:00,0.5392,0.06,HOLD,,1,-1
2022-04-29 00:00:00,2022-04-28 12:00:00,0.5416,0.06,HOLD,,1,-1
2022-04-29 12:00:00,2022-04-29 00:00:00,0.5415,0.06,HOLD,,1,-1
2022-05-02 00:00:00,2022-04-29 12:00:00,0.5436,0.06,HOLD,,1,-1
2022-05-02 12:00:00,2022-05-02 00:00:00,0.5452,0.06,HOLD,,1,-1
2022-05-03 00:00:00,2022-05-02 12:00:00,0.5491,0.06,HOLD,,1,-1
2022-05-03 12:00:00,2022-05-03 00:00:00,0.5525,0.06,HOLD,,0,-1
2022-05-04 00:00:00,2022-05-03 12:00:00,0.5544,0.06,HOLD,,1,-1
2022-05-04 12:00:00,2022-05-04 00:00:00,0.5574,0.06,HOLD,,0,-1
2022-05-05 00:00:00,2022-05-04 12:00:00,0.5604,0.06,BUY,False,0,1
2022-05-05 12:00:00,2022-05-05 00:00:00,0.5625,0.06,BUY,True,1,1
2022-05-06 00:00:00,2022-05-05 12:00:00,0.5663,0.06,BUY,False,0,1
2022-05-06 12:00:00,2022-05-06 00:00:00,0.568,0.06,BUY,False,0,1
2022-05-09 00:00:00,2022-05-06 12:00:00,0.5636,0.06,BUY,False,0,1
2022-05-09 12:00:00,2022-05-09 00:00:00,0.5634,0.06,BUY,False,0,1
2022-05-10 00:00:00,2022-05-09 12:00:00,0.5636,0.06,BUY,False,0,1
2022-05-10 12:00:00,2022-05-10 00:00:00,0.5595,0.06,HOLD,,0,-1
2022-05-11 00:00:00,2022-05-10 12:00:00,0.5619,0.06,BUY,False,0,1
2022-05-11 12:00:00,2022-05-11 00:00:00,0.5624,0.06,BUY,False,0,1
2022-05-12 00:00:00,2022-05-11 12:00:00,0.5591,0.06,HOLD,,1,-1
2022-05-12 12:00:00,2022-05-12 00:00:00,0.5586,0.06,HOLD,,1,-1
2022-05-13 00:00:00,2022-05-12 12:00:00,0.5585,0.06,HOLD,,1,-1
2022-05-13 12:00:00,2022-05-13 00:00:00,0.5625,0.06,BUY,True,1,1
2022-05-16 00:00:00,2022-05-13 12:00:00,0.5641,0.06,BUY,True,1,1
2022-05-16 12:00:00,2022-05-16 00:00:00,0.5613,0.06,BUY,True,1,1
2022-05-17 00:00:00,2022-05-16 12:00:00,0.5601,0.06,BUY,True,1,1
2022-05-17 12:00:00,2022-05-17 00:00:00,0.5615,0.06,BUY,True,1,1
2022-05-18 00:00:00,2022-05-17 12:00:00,0.5651,0.06,BUY,True,1,1
2022-05-18 12:00:00,2022-05-18 00:00:00,0.5704,0.06,BUY,True,1,1
2022-05-19 00:00:00,2022-05-18 12:00:00,0.567,0.06,BUY,True,1,1
2022-05-19 12:00:00,2022-05-19 00:00:00,0.5655,0.06,BUY,True,1,1
2022-05-20 00:00:00,2022-05-19 12:00:00,0.5615,0.06,BUY,True,1,1
2022-05-20 12:00:00,2022-05-20 00:00:00,0.5542,0.06,HOLD,,1,-1
2022-05-23 00:00:00,2022-05-20 12:00:00,0.5495,0.06,HOLD,,1,-1
2022-05-23 12:00:00,2022-05-23 00:00:00,0.5481,0.06,HOLD,,1,-1
2022-05-24 00:00:00,2022-05-23 12:00:00,0.5438,0.06,HOLD,,1,-1
2022-05-24 12:00:00,2022-05-24 00:00:00,0.5408,0.06,HOLD,,1,-1
2022-05-25 00:00:00,2022-05-24 12:00:00,0.5375,0.06,HOLD,,1,-1
2022-05-25 12:00:00,2022-05-25 00:00:00,0.5306,0.06,HOLD,,1,-1
2022-05-26 00:00:00,2022-05-25 12:00:00,0.5287,0.06,HOLD,,1,-1
2022-05-26 12:00:00,2022-05-26 00:00:00,0.528,0.06,HOLD,,0,-1
2022-05-27 00:00:00,2022-05-26 12:00:00,0.5278,0.06,HOLD,,0,-1
2022-05-27 12:00:00,2022-05-27 00:00:00,0.5214,0.06,HOLD,,0,-1
2022-05-30 00:00:00,2022-05-27 12:00:00,0.5179,0.06,HOLD,,0,-1
2022-05-30 12:00:00,2022-05-30 00:00:00,0.516,0.06,HOLD,,0,-1
2022-05-31 00:00:00,2022-05-30 12:00:00,0.5148,0.06,HOLD,,0,-1
2022-05-31 12:00:00,2022-05-31 00:00:00,0.5107,0.06,HOLD,,1,-1
2022-06-01 00:00:00,2022-05-31 12:00:00,0.5105,0.06,HOLD,,0,-1
2022-06-01 12:00:00,2022-06-01 00:00:00,0.5069,0.06,HOLD,,1,-1
2022-06-02 00:00:00,2022-06-01 12:00:00,0.5092,0.06,HOLD,,1,-1
2022-06-02 12:00:00,2022-06-02 00:00:00,0.5128,0.06,HOLD,,0,-1
2022-06-03 00:00:00,2022-06-02 12:00:00,0.5074,0.06,HOLD,,0,-1
2022-06-03 12:00:00,2022-06-03 00:00:00,0.5015,0.06,HOLD,,0,-1
2022-06-06 00:00:00,2022-06-03 12:00:00,0.499,0.06,HOLD,,0,-1
2022-06-06 12:00:00,2022-06-06 00:00:00,0.4983,0.06,HOLD,,0,-1
2022-06-07 00:00:00,2022-06-06 12:00:00,0.4979,0.06,HOLD,,0,-1
2022-06-07 12:00:00,2022-06-07 00:00:00,0.4974,0.06,HOLD,,0,-1
2022-06-08 00:00:00,2022-06-07 12:00:00,0.4982,0.06,HOLD,,0,-1
2022-06-08 12:00:00,2022-06-08 00:00:00,0.5005,0.06,HOLD,,0,-1
2022-06-09 00:00:00,2022-06-08 12:00:00,0.5027,0.06,HOLD,,0,-1
2022-06-09 12:00:00,2022-06-09 00:00:00,0.507,0.06,HOLD,,0,-1
2022-06-10 00:00:00,2022-06-09 12:00:00,0.507,0.06,HOLD,,0,-1
2022-06-10 12:00:00,2022-06-10 00:00:00,0.5031,0.06,HOLD,,0,-1
2022-06-13 00:00:00,2022-06-10 12:00:00,0.5016,0.06,HOLD,,1,-1
2022-06-13 12:00:00,2022-06-13 00:00:00,0.4968,0.06,HOLD,,1,-1
2022-06-14 00:00:00,2022-06-13 12:00:00,0.4938,0.06,HOLD,,1,-1
2022-06-14 12:00:00,2022-06-14 00:00:00,0.4929,0.06,HOLD,,1,-1
2022-06-15 00:00:00,2022-06-14 12:00:00,0.4926,0.06,HOLD,,1,-1
2022-06-15 12:00:00,2022-06-15 00:00:00,0.4913,0.06,HOLD,,1,-1
2022-06-16 00:00:00,2022-06-15 12:00:00,0.4879,0.06,HOLD,,1,-1
2022-06-16 12:00:00,2022-06-16 00:00:00,0.4846,0.06,HOLD,,0,-1
2022-06-17 00:00:00,2022-06-16 12:00:00,0.4832,0.06,HOLD,,1,-1
2022-06-17 12:00:00,2022-06-17 00:00:00,0.4866,0.06,HOLD,,0,-1
2022-06-20 00:00:00,2022-06-17 12:00:00,0.4865,0.06,HOLD,,0,-1
2022-06-20 12:00:00,2022-06-20 00:00:00,0.4847,0.06,HOLD,,1,-1
2022-06-21 00:00:00,2022-06-20 12:00:00,0.4826,0.06,HOLD,,0,-1
2022-06-21 12:00:00,2022-06-21 00:00:00,0.4817,0.06,HOLD,,1,-1
2022-06-22 00:00:00,2022-06-21 12:00:00,0.4832,0.06,HOLD,,1,-1
2022-06-22 12:00:00,2022-06-22 00:00:00,0.4813,0.06,HOLD,,1,-1
2022-06-23 00:00:00,2022-06-22 12:00:00,0.4852,0.06,HOLD,,1,-1
2022-06-23 12:00:00,2022-06-23 00:00:00,0.4865,0.06,HOLD,,0,-1
2022-06-24 00:00:00,2022-06-23 12:00:00,0.4808,0.06,HOLD,,0,-1
2022-06-24 12:00:00,2022-06-24 00:00:00,0.4765,0.06,HOLD,,0,-1
2022-06-27 00:00:00,2022-06-24 12:00:00,0.4783,0.06,HOLD,,0,-1
2022-06-27 12:00:00,2022-06-27 00:00:00,0.4739,0.06,HOLD,,0,-1
2022-06-28 00:00:00,2022-06-27 12:00:00,0.4758,0.06,HOLD,,0,-1
2022-06-28 12:00:00,2022-06-28 00:00:00,0.4769,0.06,HOLD,,0,-1
2022-06-29 00:00:00,2022-06-28 12:00:00,0.4755,0.06,HOLD,,0,-1
2022-06-29 12:00:00,2022-06-29 00:00:00,0.4749,0.06,HOLD,,0,-1
2022-06-30 00:00:00,2022-06-29 12:00:00,0.4753,0.06,HOLD,,0,-1
2022-06-30 12:00:00,2022-06-30 00:00:00,0.472,0.06,HOLD,,0,-1
2022-07-01 00:00:00,2022-06-30 12:00:00,0.468,0.06,HOLD,,0,-1
2022-07-01 12:00:00,2022-07-01 00:00:00,0.4677,0.06,HOLD,,0,-1
2022-07-04 00:00:00,2022-07-01 12:00:00,0.4666,0.06,HOLD,,0,-1
2022-07-04 12:00:00,2022-07-04 00:00:00,0.4684,0.06,HOLD,,0,-1
2022-07-05 00:00:00,2022-07-04 12:00:00,0.4686,0.06,HOLD,,0,-1
2022-07-05 12:00:00,2022-07-05 00:00:00,0.4717,0.06,HOLD,,0,-1
2022-07-06 00:00:00,2022-07-05 12:00:00,0.4764,0.06,HOLD,,0,-1
2022-07-06 12:00:00,2022-07-06 00:00:00,0.4784,0.06,HOLD,,0,-1
2022-07-07 00:00:00,2022-07-06 12:00:00,0.4795,0.06,HOLD,,0,-1
2022-07-07 12:00:00,2022-07-07 00:00:00,0.4816,0.06,HOLD,,0,-1
2022-07-08 00:00:00,2022-07-07 12:00:00,0.4874,0.06,HOLD,,0,-1
2022-07-08 12:00:00,2022-07-08 00:00:00,0.4906,0.06,HOLD,,0,-1
2022-07-11 00:00:00,2022-07-08 12:00:00,0.4926,0.06,HOLD,,0,-1
2022-07-11 12:00:00,2022-07-11 00:00:00,0.4969,0.06,HOLD,,0,-1
2022-07-12 00:00:00,2022-07-11 12:00:00,0.5033,0.06,HOLD,,1,-1
2022-07-12 12:00:00,2022-07-12 00:00:00,0.5072,0.06,HOLD,,1,-1
2022-07-13 00:00:00,2022-07-12 12:00:00,0.5121,0.06,HOLD,,1,-1
2022-07-13 12:00:00,2022-07-13 00:00:00,0.5135,0.06,HOLD,,1,-1
2022-07-14 00:00:00,2022-07-13 12:00:00,0.5125,0.06,HOLD,,1,-1
2022-07-14 12:00:00,2022-07-14 00:00:00,0.5148,0.06,HOLD,,1,-1
2022-07-15 00:00:00,2022-07-14 12:00:00,0.5189,0.06,HOLD,,1,-1
2022-07-15 12:00:00,2022-07-15 00:00:00,0.5232,0.06,HOLD,,1,-1
2022-07-18 00:00:00,2022-07-15 12:00:00,0.5219,0.06,HOLD,,1,-1
2022-07-18 12:00:00,2022-07-18 00:00:00,0.5241,0.06,HOLD,,1,-1
2022-07-19 00:00:00,2022-07-18 12:00:00,0.5251,0.06,HOLD,,0,-1
2022-07-19 12:00:00,2022-07-19 00:00:00,0.5242,0.06,HOLD,,0,-1
2022-07-20 00:00:00,2022-07-19 12:00:00,0.5177,0.06,HOLD,,0,-1
2022-07-20 12:00:00,2022-07-20 00:00:00,0.5153,0.06,HOLD,,1,-1
2022-07-21 00:00:00,2022-07-20 12:00:00,0.5116,0.06,HOLD,,0,-1
2022-07-21 12:00:00,2022-07-21 00:00:00,0.5102,0.06,HOLD,,0,-1
2022-07-22 00:00:00,2022-07-21 12:00:00,0.5137,0.06,HOLD,,1,-1
2022-07-22 12:00:00,2022-07-22 00:00:00,0.5151,0.06,HOLD,,1,-1
2022-07-25 00:00:00,2022-07-22 12:00:00,0.5127,0.06,HOLD,,0,-1
2022-07-25 12:00:00,2022-07-25 00:00:00,0.5118,0.06,HOLD,,1,-1
2022-07-26 00:00:00,2022-07-25 12:00:00,0.5107,0.06,HOLD,,1,-1
2022-07-26 12:00:00,2022-07-26 00:00:00,0.5062,0.06,HOLD,,1,-1
2022-07-27 00:00:00,2022-07-26 12:00:00,0.5048,0.06,HOLD,,1,-1
2022-07-27 12:00:00,2022-07-27 00:00:00,0.505,0.06,HOLD,,1,-1
2022-07-28 00:00:00,2022-07-27 12:00:00,0.5075,0.06,HOLD,,0,-1
2022-07-28 12:00:00,2022-07-28 00:00:00,0.5058,0.06,HOLD,,0,-1
2022-07-29 00:00:00,2022-07-28 12:00:00,0.5048,0.06,HOLD,,0,-1
2022-07-29 12:00:00,2022-07-29 00:00:00,0.5001,0.06,HOLD,,0,-1
2022-08-01 00:00:00,2022-07-29 12:00:00,0.4971,0.06,HOLD,,0,-1
2022-08-01 12:00:00,2022-08-01 00:00:00,0.4914,0.06,HOLD,,0,-1
2022-08-02 00:00:00,2022-08-01 12:00:00,0.4886,0.06,HOLD,,0,-1
2022-08-02 12:00:00,2022-08-02 00:00:00,0.4879,0.06,HOLD,,1,-1
2022-08-03 00:00:00,2022-08-02 12:00:00,0.4881,0.06,HOLD,,1,-1
2022-08-03 12:00:00,2022-08-03 00:00:00,0.4895,0.06,HOLD,,1,-1
2022-08-04 00:00:00,2022-08-03 12:00:00,0.4893,0.06,HOLD,,1,-1
2022-08-04 12:00:00,2022-08-04 00:00:00,0.4886,0.06,HOLD,,0,-1
2022-08-05 00:00:00,2022-08-04 12:00:00,0.4926,0.06,HOLD,,1,-1
2022-08-05 12:00:00,2022-08-05 00:00:00,0.4948,0.06,HOLD,,1,-1
2022-08-08 00:00:00,2022-08-05 12:00:00,0.4927,0.06,HOLD,,1,-1
2022-08-08 12:00:00,2022-08-08 00:00:00,0.4939,0.06,HOLD,,1,-1
2022-08-09 00:00:00,2022-08-08 12:00:00,0.4956,0.06,HOLD,,1,-1
2022-08-09 12:00:00,2022-08-09 00:00:00,0.4981,0.06,HOLD,,0,-1
2022-08-10 00:00:00,2022-08-09 12:00:00,0.4998,0.06,HOLD,,0,-1
2022-08-10 12:00:00,2022-08-10 00:00:00,0.497,0.06,HOLD,,0,-1
2022-08-11 00:00:00,2022-08-10 12:00:00,0.5003,0.06,HOLD,,0,-1
2022-08-11 12:00:00,2022-08-11 00:00:00,0.5,0.06,HOLD,,0,-1
2022-08-12 00:00:00,2022-08-11 12:00:00,0.4998,0.06,HOLD,,0,-1
2022-08-12 12:00:00,2022-08-12 00:00:00,0.5001,0.06,HOLD,,0,-1
2022-08-15 00:00:00,2022-08-12 12:00:00,0.5012,0.06,HOLD,,0,-1
2022-08-15 12:00:00,2022-08-15 00:00:00,0.5042,0.06,HOLD,,0,-1
2022-08-16 00:00:00,2022-08-15 12:00:00,0.5066,0.06,HOLD,,0,-1
2022-08-16 12:00:00,2022-08-16 00:00:00,0.5078,0.06,HOLD,,0,-1
2022-08-17 00:00:00,2022-08-16 12:00:00,0.5071,0.06,HOLD,,0,-1
2022-08-17 12:00:00,2022-08-17 00:00:00,0.503,0.06,HOLD,,0,-1
2022-08-18 00:00:00,2022-08-17 12:00:00,0.5033,0.06,HOLD,,0,-1
2022-08-18 12:00:00,2022-08-18 00:00:00,0.5016,0.06,HOLD,,0,-1
2022-08-19 00:00:00,2022-08-18 12:00:00,0.5023,0.06,HOLD,,0,-1
2022-08-19 12:00:00,2022-08-19 00:00:00,0.5035,0.06,HOLD,,0,-1
2022-08-22 00:00:00,2022-08-19 12:00:00,0.4997,0.06,HOLD,,0,-1
2022-08-22 12:00:00,2022-08-22 00:00:00,0.5024,0.06,HOLD,,1,-1
2022-08-23 00:00:00,2022-08-22 12:00:00,0.5068,0.06,HOLD,,1,-1
2022-08-23 12:00:00,2022-08-23 00:00:00,0.5062,0.06,HOLD,,0,-1
2022-08-24 00:00:00,2022-08-23 12:00:00,0.5028,0.06,HOLD,,1,-1
2022-08-24 12:00:00,2022-08-24 00:00:00,0.5011,0.06,HOLD,,1,-1
2022-08-25 00:00:00,2022-08-24 12:00:00,0.5001,0.06,HOLD,,1,-1
2022-08-25 12:00:00,2022-08-25 00:00:00,0.5024,0.06,HOLD,,1,-1
2022-08-26 00:00:00,2022-08-25 12:00:00,0.5038,0.06,HOLD,,1,-1
2022-08-26 12:00:00,2022-08-26 00:00:00,0.5016,0.06,HOLD,,1,-1
2022-08-29 00:00:00,2022-08-26 12:00:00,0.506,0.06,HOLD,,1,-1
2022-08-29 12:00:00,2022-08-29 00:00:00,0.5075,0.06,HOLD,,0,-1
2022-08-30 00:00:00,2022-08-29 12:00:00,0.5057,0.06,HOLD,,0,-1
2022-08-30 12:00:00,2022-08-30 00:00:00,0.5039,0.06,HOLD,,0,-1
2022-08-31 00:00:00,2022-08-30 12:00:00,0.5059,0.06,HOLD,,0,-1
2022-08-31 12:00:00,2022-08-31 00:00:00,0.5053,0.06,HOLD,,0,-1
2022-09-01 00:00:00,2022-08-31 12:00:00,0.5078,0.06,HOLD,,0,-1
2022-09-01 12:00:00,2022-09-01 00:00:00,0.5061,0.06,HOLD,,0,-1
2022-09-02 00:00:00,2022-09-01 12:00:00,0.5041,0.06,HOLD,,1,-1
2022-09-02 12:00:00,2022-09-02 00:00:00,0.5049,0.06,HOLD,,1,-1
2022-09-05 00:00:00,2022-09-02 12:00:00,0.5074,0.06,HOLD,,1,-1
2022-09-05 12:00:00,2022-09-05 00:00:00,0.5099,0.06,HOLD,,1,-1
2022-09-06 00:00:00,2022-09-05 12:00:00,0.5131,0.06,HOLD,,1,-1
2022-09-06 12:00:00,2022-09-06 00:00:00,0.5155,0.06,HOLD,,1,-1
2022-09-07 00:00:00,2022-09-06 12:00:00,0.5195,0.06,HOLD,,1,-1
2022-09-07 12:00:00,2022-09-07 00:00:00,0.5204,0.06,HOLD,,1,-1
2022-09-08 00:00:00,2022-09-07 12:00:00,0.5187,0.06,HOLD,,0,-1
2022-09-08 12:00:00,2022-09-08 00:00:00,0.5183,0.06,HOLD,,0,-1
2022-09-09 00:00:00,2022-09-08 12:00:00,0.5202,0.06,HOLD,,0,-1
2022-09-09 12:00:00,2022-09-09 00:00:00,0.5176,0.06,HOLD,,0,-1
2022-09-12 00:00:00,2022-09-09 12:00:00,0.5185,0.06,HOLD,,0,-1
2022-09-12 12:00:00,2022-09-12 00:00:00,0.517,0.06,HOLD,,0,-1
2022-09-13 00:00:00,2022-09-12 12:00:00,0.5175,0.06,HOLD,,0,-1
2022-09-13 12:00:00,2022-09-13 00:00:00,0.5163,0.06,HOLD,,1,-1
2022-09-14 00:00:00,2022-09-13 12:00:00,0.5133,0.06,HOLD,,1,-1
2022-09-14 12:00:00,2022-09-14 00:00:00,0.5117,0.06,HOLD,,1,-1
2022-09-15 00:00:00,2022-09-14 12:00:00,0.5137,0.06,HOLD,,0,-1
2022-09-15 12:00:00,2022-09-15 00:00:00,0.5163,0.06,HOLD,,0,-1
2022-09-16 00:00:00,2022-09-15 12:00:00,0.5128,0.06,HOLD,,0,-1
2022-09-16 12:00:00,2022-09-16 00:00:00,0.5158,0.06,HOLD,,0,-1
2022-09-19 00:00:00,2022-09-16 12:00:00,0.5134,0.06,HOLD,,0,-1
2022-09-19 12:00:00,2022-09-19 00:00:00,0.516,0.06,HOLD,,0,-1
2022-09-20 00:00:00,2022-09-19 12:00:00,0.5162,0.06,HOLD,,0,-1
2022-09-20 12:00:00,2022-09-20 00:00:00,0.515,0.06,HOLD,,0,-1
2022-09-21 00:00:00,2022-09-20 12:00:00,0.512,0.06,HOLD,,0,-1
2022-09-21 12:00:00,2022-09-21 00:00:00,0.5085,0.06,HOLD,,0,-1
2022-09-22 00:00:00,2022-09-21 12:00:00,0.5077,0.06,HOLD,,0,-1
2022-09-22 12:00:00,2022-09-22 00:00:00,0.5076,0.06,HOLD,,0,-1
2022-09-23 00:00:00,2022-09-22 12:00:00,0.5107,0.06,HOLD,,0,-1
2022-09-23 12:00:00,2022-09-23 00:00:00,0.5126,0.06,HOLD,,0,-1
2022-09-26 00:00:00,2022-09-23 12:00:00,0.5099,0.06,HOLD,,1,-1
2022-09-26 12:00:00,2022-09-26 00:00:00,0.5105,0.06,HOLD,,1,-1
2022-09-27 00:00:00,2022-09-26 12:00:00,0.5125,0.06,HOLD,,1,-1
2022-09-27 12:00:00,2022-09-27 00:00:00,0.5156,0.06,HOLD,,1,-1
2022-09-28 00:00:00,2022-09-27 12:00:00,0.5178,0.06,HOLD,,1,-1
2022-09-28 12:00:00,2022-09-28 00:00:00,0.5178,0.06,HOLD,,1,-1
2022-09-29 00:00:00,2022-09-28 12:00:00,0.5246,0.06,HOLD,,1,-1
2022-09-29 12:00:00,2022-09-29 00:00:00,0.5269,0.06,HOLD,,1,-1
2022-09-30 00:00:00,2022-09-29 12:00:00,0.5294,0.06,HOLD,,1,-1
2022-09-30 12:00:00,2022-09-30 00:00:00,0.5235,0.06,HOLD,,1,-1
2022-10-03 00:00:00,2022-09-30 12:00:00,0.5184,0.06,HOLD,,0,-1
2022-10-03 12:00:00,2022-10-03 00:00:00,0.5135,0.06,HOLD,,0,-1
2022-10-04 00:00:00,2022-10-03 12:00:00,0.5094,0.06,HOLD,,0,-1
2022-10-04 12:00:00,2022-10-04 00:00:00,0.5057,0.06,HOLD,,0,-1
2022-10-05 00:00:00,2022-10-04 12:00:00,0.5051,0.06,HOLD,,0,-1
2022-10-05 12:00:00,2022-10-05 00:00:00,0.5017,0.06,HOLD,,0,-1
2022-10-06 00:00:00,2022-10-05 12:00:00,0.4989,0.06,HOLD,,0,-1
2022-10-06 12:00:00,2022-10-06 00:00:00,0.494,0.06,HOLD,,0,-1
2022-10-07 00:00:00,2022-10-06 12:00:00,0.4904,0.06,HOLD,,0,-1
2022-10-07 12:00:00,2022-10-07 00:00:00,0.4819,0.06,HOLD,,0,-1
2022-10-10 00:00:00,2022-10-07 12:00:00,0.4798,0.06,HOLD,,1,-1
2022-10-10 12:00:00,2022-10-10 00:00:00,0.4742,0.06,HOLD,,1,-1
2022-10-11 00:00:00,2022-10-10 12:00:00,0.4711,0.06,HOLD,,1,-1
2022-10-11 12:00:00,2022-10-11 00:00:00,0.4663,0.06,HOLD,,1,-1
2022-10-12 00:00:00,2022-10-11 12:00:00,0.4693,0.06,HOLD,,1,-1
2022-10-12 12:00:00,2022-10-12 00:00:00,0.4679,0.06,HOLD,,1,-1
2022-10-13 00:00:00,2022-10-12 12:00:00,0.4677,0.06,HOLD,,1,-1
2022-10-13 12:00:00,2022-10-13 00:00:00,0.4715,0.06,HOLD,,1,-1
2022-10-14 00:00:00,2022-10-13 12:00:00,0.4697,0.06,HOLD,,1,-1
2022-10-14 12:00:00,2022-10-14 00:00:00,0.4665,0.06,HOLD,,1,-1
2022-10-17 00:00:00,2022-10-14 12:00:00,0.4695,0.06,HOLD,,1,-1
2022-10-17 12:00:00,2022-10-17 00:00:00,0.4647,0.06,HOLD,,0,-1
2022-10-18 00:00:00,2022-10-17 12:00:00,0.4674,0.06,HOLD,,1,-1
2022-10-18 12:00:00,2022-10-18 00:00:00,0.4685,0.06,HOLD,,0,-1
2022-10-19 00:00:00,2022-10-18 12:00:00,0.4679,0.06,HOLD,,1,-1
2022-10-19 12:00:00,2022-10-19 00:00:00,0.4659,0.06,HOLD,,1,-1
2022-10-20 00:00:00,2022-10-19 12:00:00,0.4681,0.06,HOLD,,1,-1
2022-10-20 12:00:00,2022-10-20 00:00:00,0.4666,0.06,HOLD,,1,-1
2022-10-21 00:00:00,2022-10-20 12:00:00,0.4629,0.06,HOLD,,1,-1
2022-10-21 12:00:00,2022-10-21 00:00:00,0.4614,0.06,HOLD,,1,-1
2022-10-24 00:00:00,2022-10-21 12:00:00,0.4635,0.06,HOLD,,1,-1
2022-10-24 12:00:00,2022-10-24 00:00:00,0.458,0.06,HOLD,,1,-1
2022-10-25 00:00:00,2022-10-24 12:00:00,0.4585,0.06,HOLD,,1,-1
2022-10-25 12:00:00,2022-10-25 00:00:00,0.4603,0.06,HOLD,,0,-1
2022-10-26 00:00:00,2022-10-25 12:00:00,0.4579,0.06,HOLD,,0,-1
2022-10-26 12:00:00,2022-10-26 00:00:00,0.4553,0.06,HOLD,,0,-1
2022-10-27 00:00:00,2022-10-26 12:00:00,0.4564,0.06,HOLD,,0,-1
2022-10-27 12:00:00,2022-10-27 00:00:00,0.4568,0.06,HOLD,,0,-1
2022-10-28 00:00:00,2022-10-27 12:00:00,0.4551,0.06,HOLD,,0,-1
2022-10-28 12:00:00,2022-10-28 00:00:00,0.4571,0.06,HOLD,,0,-1
2022-10-31 00:00:00,2022-10-28 12:00:00,0.4579,0.06,HOLD,,0,-1
2022-10-31 12:00:00,2022-10-31 00:00:00,0.4616,0.06,HOLD,,0,-1
2022-11-01 00:00:00,2022-10-31 12:00:00,0.4634,0.06,HOLD,,1,-1
2022-11-01 12:00:00,2022-11-01 00:00:00,0.4621,0.06,HOLD,,1,-1
2022-11-02 00:00:00,2022-11-01 12:00:00,0.462,0.06,HOLD,,1,-1
2022-11-02 12:00:00,2022-11-02 00:00:00,0.4591,0.06,HOLD,,1,-1
2022-11-03 00:00:00,2022-11-02 12:00:00,0.4614,0.06,HOLD,,1,-1
2022-11-03 12:00:00,2022-11-03 00:00:00,0.4609,0.06,HOLD,,1,-1
2022-11-04 00:00:00,2022-11-03 12:00:00,0.4639,0.06,HOLD,,1,-1
2022-11-04 12:00:00,2022-11-04 00:00:00,0.4646,0.06,HOLD,,1,-1
2022-11-07 00:00:00,2022-11-04 12:00:00,0.4675,0.06,HOLD,,1,-1
2022-11-07 12:00:00,2022-11-07 00:00:00,0.4684,0.06,HOLD,,1,-1
2022-11-08 00:00:00,2022-11-07 12:00:00,0.4696,0.06,HOLD,,1,-1
2022-11-08 12:00:00,2022-11-08 00:00:00,0.4718,0.06,HOLD,,1,-1
2022-11-09 00:00:00,2022-11-08 12:00:00,0.4695,0.06,HOLD,,1,-1
2022-11-09 12:00:00,2022-11-09 00:00:00,0.4652,0.06,HOLD,,1,-1
2022-11-10 00:00:00,2022-11-09 12:00:00,0.4614,0.06,HOLD,,1,-1
2022-11-10 12:00:00,2022-11-10 00:00:00,0.4593,0.06,HOLD,,1,-1
2022-11-11 00:00:00,2022-11-10 12:00:00,0.4587,0.06,HOLD,,1,-1
2022-11-11 12:00:00,2022-11-11 00:00:00,0.4545,0.06,HOLD,,1,-1
2022-11-14 00:00:00,2022-11-11 12:00:00,0.4495,0.06,HOLD,,1,-1
2022-11-14 12:00:00,2022-11-14 00:00:00,0.4428,0.06,HOLD,,1,-1
2022-11-15 00:00:00,2022-11-14 12:00:00,0.4423,0.06,HOLD,,0,-1
2022-11-15 12:00:00,2022-11-15 00:00:00,0.439,0.06,SELL,True,0,0
2022-11-16 00:00:00,2022-11-15 12:00:00,0.4374,0.06,SELL,True,0,0
2022-11-16 12:00:00,2022-11-16 00:00:00,0.4343,0.06,SELL,True,0,0
2022-11-17 00:00:00,2022-11-16 12:00:00,0.4359,0.06,SELL,True,0,0
2022-11-17 12:00:00,2022-11-17 00:00:00,0.4362,0.06,SELL,True,0,0
2022-11-18 00:00:00,2022-11-17 12:00:00,0.4384,0.06,SELL,False,1,0
2022-11-18 12:00:00,2022-11-18 00:00:00,0.4414,0.06,HOLD,,1,-1
2022-11-21 00:00:00,2022-11-18 12:00:00,0.4399,0.06,SELL,False,1,0
2022-11-21 12:00:00,2022-11-21 00:00:00,0.4403,0.06,HOLD,,1,-1
2022-11-22 00:00:00,2022-11-21 12:00:00,0.4412,0.06,HOLD,,1,-1
2022-11-22 12:00:00,2022-11-22 00:00:00,0.4436,0.06,HOLD,,1,-1
2022-11-23 00:00:00,2022-11-22 12:00:00,0.4482,0.06,HOLD,,1,-1
2022-11-23 12:00:00,2022-11-23 00:00:00,0.4504,0.06,HOLD,,0,-1
2022-11-24 00:00:00,2022-11-23 12:00:00,0.4467,0.06,HOLD,,0,-1
2022-11-24 12:00:00,2022-11-24 00:00:00,0.4445,0.06,HOLD,,0,-1
2022-11-25 00:00:00,2022-11-24 12:00:00,0.4429,0.06,HOLD,,1,-1
2022-11-25 12:00:00,2022-11-25 00:00:00,0.438,0.06,SELL,False,1,0
2022-11-28 00:00:00,2022-11-25 12:00:00,0.4372,0.06,SELL,False,1,0
2022-11-28 12:00:00,2022-11-28 00:00:00,0.4343,0.06,SELL,False,1,0
2022-11-29 00:00:00,2022-11-28 12:00:00,0.4344,0.06,SELL,False,1,0
2022-11-29 12:00:00,2022-11-29 00:00:00,0.4335,0.06,SELL,False,1,0
2022-11-30 00:00:00,2022-11-29 12:00:00,0.4358,0.06,SELL,False,1,0
2022-11-30 12:00:00,2022-11-30 00:00:00,0.4345,0.06,SELL,False,1,0
2022-12-01 00:00:00,2022-11-30 12:00:00,0.4332,0.06,SELL,False,1,0
2022-12-01 12:00:00,2022-12-01 00:00:00,0.4324,0.06,SELL,True,0,0
2022-12-02 00:00:00,2022-12-01 12:00:00,0.4329,0.06,SELL,True,0,0
2022-12-02 12:00:00,2022-12-02 00:00:00,0.4341,0.06,SELL,True,0,0
2022-12-05 00:00:00,2022-12-02 12:00:00,0.4324,0.06,SELL,True,0,0
2022-12-05 12:00:00,2022-12-05 00:00:00,0.4311,0.06,SELL,False,1,0
2022-12-06 00:00:00,2022-12-05 12:00:00,0.4331,0.06,SELL,False,1,0
2022-12-06 12:00:00,2022-12-06 00:00:00,0.4362,0.06,SELL,False,1,0
2022-12-07 00:00:00,2022-12-06 12:00:00,0.436,0.06,SELL,False,1,0
2022-12-07 12:00:00,2022-12-07 00:00:00,0.4357,0.06,SELL,False,1,0
2022-12-08 00:00:00,2022-12-07 12:00:00,0.4325,0.06,SELL,False,1,0
2022-12-08 12:00:00,2022-12-08 00:00:00,0.4305,0.06,SELL,False,1,0
2022-12-09 00:00:00,2022-12-08 12:00:00,0.4321,0.06,SELL,False,1,0
2022-12-09 12:00:00,2022-12-09 00:00:00,0.4302,0.06,SELL,False,1,0
2022-12-12 00:00:00,2022-12-09 12:00:00,0.4311,0.06,SELL,False,1,0
2022-12-12 12:00:00,2022-12-12 00:00:00,0.4331,0.06,SELL,False,1,0
2022-12-13 00:00:00,2022-12-12 12:00:00,0.4327,0.06,SELL,False,1,0
2022-12-13 12:00:00,2022-12-13 00:00:00,0.4335,0.06,SELL,True,0,0
2022-12-14 00:00:00,2022-12-13 12:00:00,0.4353,0.06,SELL,True,0,0
2022-12-14 12:00:00,2022-12-14 00:00:00,0.4385,0.06,SELL,True,0,0
2022-12-15 00:00:00,2022-12-14 12:00:00,0.4413,0.06,HOLD,,0,-1
2022-12-15 12:00:00,2022-12-15 00:00:00,0.4422,0.06,HOLD,,0,-1
2022-12-16 00:00:00,2022-12-15 12:00:00,0.4388,0.06,SELL,True,0,0
2022-12-16 12:00:00,2022-12-16 00:00:00,0.4341,0.06,SELL,False,1,0
2022-12-19 00:00:00,2022-12-16 12:00:00,0.4342,0.06,SELL,True,0,0
2022-12-19 12:00:00,2022-12-19 00:00:00,0.4307,0.06,SELL,False,1,0
2022-12-20 00:00:00,2022-12-19 12:00:00,0.4285,0.06,SELL,True,0,0
2022-12-20 12:00:00,2022-12-20 00:00:00,0.4286,0.06,SELL,False,1,0
2022-12-21 00:00:00,2022-12-20 12:00:00,0.4285,0.06,SELL,False,1,0
2022-12-21 12:00:00,2022-12-21 00:00:00,0.427,0.06,SELL,False,1,0
2022-12-22 00:00:00,2022-12-21 12:00:00,0.4279,0.06,SELL,True,0,0
2022-12-22 12:00:00,2022-12-22 00:00:00,0.4254,0.06,SELL,False,1,0
2022-12-23 00:00:00,2022-12-22 12:00:00,0.4245,0.06,SELL,False,1,0
2022-12-23 12:00:00,2022-12-23 00:00:00,0.4252,0.06,SELL,False,1,0
2022-12-26 00:00:00,2022-12-23 12:00:00,0.4279,0.06,SELL,False,1,0
2022-12-26 12:00:00,2022-12-26 00:00:00,0.4309,0.06,SELL,False,1,0
2022-12-27 00:00:00,2022-12-26 12:00:00,0.434,0.06,SELL,False,1,0
2022-12-27 12:00:00,2022-12-27 00:00:00,0.4338,0.06,SELL,False,1,0
2022-12-28 00:00:00,2022-12-27 12:00:00,0.4363,0.06,SELL,False,1,0
2022-12-28 12:00:00,2022-12-28 00:00:00,0.4377,0.06,SELL,True,0,0
2022-12-29 00:00:00,2022-12-28 12:00:00,0.4371,0.06,SELL,True,0,0
2022-12-29 12:00:00,2022-12-29 00:00:00,0.4363,0.06,SELL,True,0,0
2022-12-30 00:00:00,2022-12-29 12:00:00,0.4381,0.06,SELL,True,0,0
2022-12-30 12:00:00,2022-12-30 00:00:00,0.4405,0.06,HOLD,,0,-1
2023-01-02 00:00:00,2022-12-30 12:00:00,0.4932,0.04,HOLD,,0,-1
2023-01-02 12:00:00,2023-01-02 00:00:00,0.4936,0.04,HOLD,,0,-1
2023-01-03 00:00:00,2023-01-02 12:00:00,0.4937,0.04,HOLD,,1,-1
2023-01-03 12:00:00,2023-01-03 00:00:00,0.4965,0.04,HOLD,,1,-1
2023-01-04 00:00:00,2023-01-03 12:00:00,0.4965,0.04,HOLD,,1,-1
2023-01-04 12:00:00,2023-01-04 00:00:00,0.4993,0.04,HOLD,,1,-1
2023-01-05 00:00:00,2023-01-04 12:00:00,0.4996,0.04,HOLD,,1,-1
2023-01-05 12:00:00,2023-01-05 00:00:00,0.5001,0.04,HOLD,,1,-1
2023-01-06 00:00:00,2023-01-05 12:00:00,0.4995,0.04,HOLD,,1,-1
2023-01-06 12:00:00,2023-01-06 00:00:00,0.5004,0.04,HOLD,,1,-1
2023-01-09 00:00:00,2023-01-06 12:00:00,0.5006,0.04,HOLD,,1,-1
2023-01-09 12:00:00,2023-01-09 00:00:00,0.4997,0.04,HOLD,,1,-1
2023-01-10 00:00:00,2023-01-09 12:00:00,0.4997,0.04,HOLD,,1,-1
2023-01-10 12:00:00,2023-01-10 00:00:00,0.5006,0.04,HOLD,,1,-1
2023-01-11 00:00:00,2023-01-10 12:00:00,0.5018,0.04,HOLD,,1,-1
2023-01-11 12:00:00,2023-01-11 00:00:00,0.5026,0.04,HOLD,,1,-1
2023-01-12 00:00:00,2023-01-11 12:00:00,0.5046,0.04,HOLD,,1,-1
2023-01-12 12:00:00,2023-01-12 00:00:00,0.505,0.04,HOLD,,1,-1
2023-01-13 00:00:00,2023-01-12 12:00:00,0.503,0.04,HOLD,,0,-1
2023-01-13 12:00:00,2023-01-13 00:00:00,0.5015,0.04,HOLD,,0,-1
2023-01-16 00:00:00,2023-01-13 12:00:00,0.4995,0.04,HOLD,,1,-1
2023-01-16 12:00:00,2023-01-16 00:00:00,0.5011,0.04,HOLD,,1,-1
2023-01-17 00:00:00,2023-01-16 12:00:00,0.5003,0.04,HOLD,,1,-1
2023-01-17 12:00:00,2023-01-17 00:00:00,0.5008,0.04,HOLD,,1,-1
2023-01-18 00:00:00,2023-01-17 12:00:00,0.5006,0.04,HOLD,,1,-1
2023-01-18 12:00:00,2023-01-18 00:00:00,0.5013,0.04,HOLD,,1,-1
2023-01-19 00:00:00,2023-01-18 12:00:00,0.5024,0.04,HOLD,,1,-1
2023-01-19 12:00:00,2023-01-19 00:00:00,0.5033,0.04,HOLD,,1,-1
2023-01-20 00:00:00,2023-01-19 12:00:00,0.5062,0.04,HOLD,,1,-1
2023-01-20 12:00:00,2023-01-20 00:00:00,0.5055,0.04,HOLD,,1,-1
2023-01-23 00:00:00,2023-01-20 12:00:00,0.5042,0.04,HOLD,,0,-1
2023-01-23 12:00:00,2023-01-23 00:00:00,0.5051,0.04,HOLD,,1,-1
2023-01-24 00:00:00,2023-01-23 12:00:00,0.5042,0.04,HOLD,,1,-1
2023-01-24 12:00:00,2023-01-24 00:00:00,0.5023,0.04,HOLD,,1,-1
2023-01-25 00:00:00,2023-01-24 12:00:00,0.5015,0.04,HOLD,,0,-1
2023-01-25 12:00:00,2023-01-25 00:00:00,0.5006,0.04,HOLD,,0,-1
2023-01-26 00:00:00,2023-01-25 12:00:00,0.5014,0.04,HOLD,,0,-1
2023-01-26 12:00:00,2023-01-26 00:00:00,0.4997,0.04,HOLD,,0,-1
2023-01-27 00:00:00,2023-01-26 12:00:00,0.5024,0.04,HOLD,,1,-1
2023-01-27 12:00:00,2023-01-27 00:00:00,0.5011,0.04,HOLD,,1,-1
2023-01-30 00:00:00,2023-01-27 12:00:00,0.5003,0.04,HOLD,,1,-1
2023-01-30 12:00:00,2023-01-30 00:00:00,0.5009,0.04,HOLD,,1,-1
2023-01-31 00:00:00,2023-01-30 12:00:00,0.5003,0.04,HOLD,,0,-1
2023-01-31 12:00:00,2023-01-31 00:00:00,0.4995,0.04,HOLD,,0,-1
2023-02-01 00:00:00,2023-01-31 12:00:00,0.5025,0.04,HOLD,,0,-1
2023-02-01 12:00:00,2023-02-01 00:00:00,0.5028,0.04,HOLD,,0,-1
2023-02-02 00:00:00,2023-02-01 12:00:00,0.5023,0.04,HOLD,,0,-1
2023-02-02 12:00:00,2023-02-02 00:00:00,0.501,0.04,HOLD,,0,-1
2023-02-03 00:00:00,2023-02-02 12:00:00,0.5001,0.04,HOLD,,0,-1
2023-02-03 12:00:00,2023-02-03 00:00:00,0.4973,0.04,HOLD,,0,-1
2023-02-06 00:00:00,2023-02-03 12:00:00,0.4961,0.04,HOLD,,0,-1
2023-02-06 12:00:00,2023-02-06 00:00:00,0.4965,0.04,HOLD,,0,-1
2023-02-07 00:00:00,2023-02-06 12:00:00,0.4952,0.04,HOLD,,0,-1
2023-02-07 12:00:00,2023-02-07 00:00:00,0.4965,0.04,HOLD,,0,-1
2023-02-08 00:00:00,2023-02-07 12:00:00,0.4958,0.04,HOLD,,0,-1
2023-02-08 12:00:00,2023-02-08 00:00:00,0.4949,0.04,HOLD,,1,-1
2023-02-09 00:00:00,2023-02-08 12:00:00,0.4943,0.04,HOLD,,0,-1
2023-02-09 12:00:00,2023-02-09 00:00:00,0.4964,0.04,HOLD,,0,-1
2023-02-10 00:00:00,2023-02-09 12:00:00,0.4959,0.04,HOLD,,0,-1
2023-02-10 12:00:00,2023-02-10 00:00:00,0.4955,0.04,HOLD,,1,-1
2023-02-13 00:00:00,2023-02-10 12:00:00,0.4947,0.04,HOLD,,0,-1
2023-02-13 12:00:00,2023-02-13 00:00:00,0.4932,0.04,HOLD,,0,-1
2023-02-14 00:00:00,2023-02-13 12:00:00,0.4946,0.04,HOLD,,0,-1
2023-02-14 12:00:00,2023-02-14 00:00:00,0.4966,0.04,HOLD,,0,-1
2023-02-15 00:00:00,2023-02-14 12:00:00,0.4959,0.04,HOLD,,0,-1
2023-02-15 12:00:00,2023-02-15 00:00:00,0.4945,0.04,HOLD,,0,-1
2023-02-16 00:00:00,2023-02-15 12:00:00,0.4945,0.04,HOLD,,0,-1
2023-02-16 12:00:00,2023-02-16 00:00:00,0.4974,0.04,HOLD,,0,-1
2023-02-17 00:00:00,2023-02-16 12:00:00,0.4972,0.04,HOLD,,0,-1
2023-02-17 12:00:00,2023-02-17 00:00:00,0.4962,0.04,HOLD,,0,-1
2023-02-20 00:00:00,2023-02-17 12:00:00,0.4989,0.04,HOLD,,0,-1
2023-02-20 12:00:00,2023-02-20 00:00:00,0.4983,0.04,HOLD,,0,-1
2023-02-21 00:00:00,2023-02-20 12:00:00,0.498,0.04,HOLD,,0,-1
2023-02-21 12:00:00,2023-02-21 00:00:00,0.4976,0.04,HOLD,,0,-1
2023-02-22 00:00:00,2023-02-21 12:00:00,0.4963,0.04,HOLD,,0,-1
2023-02-22 12:00:00,2023-02-22 00:00:00,0.4985,0.04,HOLD,,1,-1
2023-02-23 00:00:00,2023-02-22 12:00:00,0.4977,0.04,HOLD,,0,-1
2023-02-23 12:00:00,2023-02-23 00:00:00,0.4986,0.04,HOLD,,1,-1
2023-02-24 00:00:00,2023-02-23 12:00:00,0.4991,0.04,HOLD,,1,-1
2023-02-24 12:00:00,2023-02-24 00:00:00,0.499,0.04,HOLD,,1,-1
2023-02-27 00:00:00,2023-02-24 12:00:00,0.5031,0.04,HOLD,,1,-1
2023-02-27 12:00:00,2023-02-27 00:00:00,0.5044,0.04,HOLD,,1,-1
2023-02-28 00:00:00,2023-02-27 12:00:00,0.5069,0.04,HOLD,,1,-1
2023-02-28 12:00:00,2023-02-28 00:00:00,0.5077,0.04,HOLD,,1,-1
2023-03-01 00:00:00,2023-02-28 12:00:00,0.5074,0.04,HOLD,,1,-1
2023-03-01 12:00:00,2023-03-01 00:00:00,0.507,0.04,HOLD,,0,-1
2023-03-02 00:00:00,2023-03-01 12:00:00,0.5069,0.04,HOLD,,0,-1
2023-03-02 12:00:00,2023-03-02 00:00:00,0.5065,0.04,HOLD,,0,-1
2023-03-03 00:00:00,2023-03-02 12:00:00,0.509,0.04,HOLD,,0,-1
2023-03-03 12:00:00,2023-03-03 00:00:00,0.5079,0.04,HOLD,,0,-1
2023-03-06 00:00:00,2023-03-03 12:00:00,0.5063,0.04,HOLD,,0,-1
2023-03-06 12:00:00,2023-03-06 00:00:00,0.5049,0.04,HOLD,,0,-1
2023-03-07 00:00:00,2023-03-06 12:00:00,0.5026,0.04,HOLD,,0,-1
2023-03-07 12:00:00,2023-03-07 00:00:00,0.5008,0.04,HOLD,,1,-1
2023-03-08 00:00:00,2023-03-07 12:00:00,0.4998,0.04,HOLD,,1,-1
2023-03-08 12:00:00,2023-03-08 00:00:00,0.5021,0.04,HOLD,,1,-1
2023-03-09 00:00:00,2023-03-08 12:00:00,0.502,0.04,HOLD,,1,-1
2023-03-09 12:00:00,2023-03-09 00:00:00,0.5036,0.04,HOLD,,1,-1
2023-03-10 00:00:00,2023-03-09 12:00:00,0.5026,0.04,HOLD,,0,-1
2023-03-10 12:00:00,2023-03-10 00:00:00,0.5011,0.04,HOLD,,0,-1
2023-03-13 00:00:00,2023-03-10 12:00:00,0.5017,0.04,HOLD,,0,-1
2023-03-13 12:00:00,2023-03-13 00:00:00,0.5039,0.04,HOLD,,0,-1
2023-03-14 00:00:00,2023-03-13 12:00:00,0.5034,0.04,HOLD,,0,-1
2023-03-14 12:00:00,2023-03-14 00:00:00,0.5021,0.04,HOLD,,0,-1
2023-03-15 00:00:00,2023-03-14 12:00:00,0.503,0.04,HOLD,,1,-1
2023-03-15 12:00:00,2023-03-15 00:00:00,0.5018,0.04,HOLD,,1,-1
2023-03-16 00:00:00,2023-03-15 12:00:00,0.5031,0.04,HOLD,,1,-1
2023-03-16 12:00:00,2023-03-16 00:00:00,0.5033,0.04,HOLD,,1,-1
2023-03-17 00:00:00,2023-03-16 12:00:00,0.5023,0.04,HOLD,,1,-1
2023-03-17 12:00:00,2023-03-17 00:00:00,0.5013,0.04,HOLD,,1,-1
2023-03-20 00:00:00,2023-03-17 12:00:00,0.501,0.04,HOLD,,1,-1
2023-03-20 12:00:00,2023-03-20 00:00:00,0.5033,0.04,HOLD,,1,-1
2023-03-21 00:00:00,2023-03-20 12:00:00,0.5036,0.04,HOLD,,1,-1
2023-03-21 12:00:00,2023-03-21 00:00:00,0.5025,0.04,HOLD,,0,-1
2023-03-22 00:00:00,2023-03-21 12:00:00,0.504,0.04,HOLD,,1,-1
2023-03-22 12:00:00,2023-03-22 00:00:00,0.5044,0.04,HOLD,,0,-1
2023-03-23 00:00:00,2023-03-22 12:00:00,0.5079,0.04,HOLD,,0,-1
2023-03-23 12:00:00,2023-03-23 00:00:00,0.5064,0.04,HOLD,,1,-1
2023-03-24 00:00:00,2023-03-23 12:00:00,0.505,0.04,HOLD,,1,-1
2023-03-24 12:00:00,2023-03-24 00:00:00,0.5043,0.04,HOLD,,1,-1
2023-03-27 00:00:00,2023-03-24 12:00:00,0.5033,0.04,HOLD,,1,-1
2023-03-27 12:00:00,2023-03-27 00:00:00,0.5022,0.04,HOLD,,1,-1
2023-03-28 00:00:00,2023-03-27 12:00:00,0.5014,0.04,HOLD,,1,-1
2023-03-28 12:00:00,2023-03-28 00:00:00,0.5,0.04,HOLD,,0,-1
2023-03-29 00:00:00,2023-03-28 12:00:00,0.4993,0.04,HOLD,,1,-1
2023-03-29 12:00:00,2023-03-29 00:00:00,0.5,0.04,HOLD,,1,-1
2023-03-30 00:00:00,2023-03-29 12:00:00,0.5006,0.04,HOLD,,1,-1
2023-03-30 12:00:00,2023-03-30 00:00:00,0.5028,0.04,HOLD,,1,-1
2023-03-31 00:00:00,2023-03-30 12:00:00,0.5021,0.04,HOLD,,1,-1
2023-03-31 12:00:00,2023-03-31 00:00:00,0.5013,0.04,HOLD,,1,-1
2023-04-03 00:00:00,2023-03-31 12:00:00,0.501,0.04,HOLD,,1,-1
2023-04-03 12:00:00,2023-04-03 00:00:00,0.4994,0.04,HOLD,,1,-1
2023-04-04 00:00:00,2023-04-03 12:00:00,0.5019,0.04,HOLD,,0,-1
2023-04-04 12:00:00,2023-04-04 00:00:00,0.504,0.04,HOLD,,0,-1
2023-04-05 00:00:00,2023-04-04 12:00:00,0.5032,0.04,HOLD,,0,-1
2023-04-05 12:00:00,2023-04-05 00:00:00,0.5008,0.04,HOLD,,1,-1
2023-04-06 00:00:00,2023-04-05 12:00:00,0.5001,0.04,HOLD,,1,-1
2023-04-06 12:00:00,2023-04-06 00:00:00,0.4998,0.04,HOLD,,1,-1
2023-04-07 00:00:00,2023-04-06 12:00:00,0.4994,0.04,HOLD,,1,-1
2023-04-07 12:00:00,2023-04-07 00:00:00,0.4997,0.04,HOLD,,1,-1
2023-04-10 00:00:00,2023-04-07 12:00:00,0.5025,0.04,HOLD,,1,-1
2023-04-10 12:00:00,2023-04-10 00:00:00,0.5015,0.04,HOLD,,1,-1
2023-04-11 00:00:00,2023-04-10 12:00:00,0.501,0.04,HOLD,,1,-1
2023-04-11 12:00:00,2023-04-11 00:00:00,0.5007,0.04,HOLD,,1,-1
2023-04-12 00:00:00,2023-04-11 12:00:00,0.5004,0.04,HOLD,,1,-1
2023-04-12 12:00:00,2023-04-12 00:00:00,0.4991,0.04,HOLD,,0,-1
2023-04-13 00:00:00,2023-04-12 12:00:00,0.4989,0.04,HOLD,,0,-1
2023-04-13 12:00:00,2023-04-13 00:00:00,0.4974,0.04,HOLD,,0,-1
2023-04-14 00:00:00,2023-04-13 12:00:00,0.4963,0.04,HOLD,,0,-1
2023-04-14 12:00:00,2023-04-14 00:00:00,0.4943,0.04,HOLD,,0,-1
2023-04-17 00:00:00,2023-04-14 12:00:00,0.4943,0.04,HOLD,,1,-1
2023-04-17 12:00:00,2023-04-17 00:00:00,0.4928,0.04,HOLD,,1,-1
2023-04-18 00:00:00,2023-04-17 12:00:00,0.4959,0.04,HOLD,,1,-1
2023-04-18 12:00:00,2023-04-18 00:00:00,0.4939,0.04,HOLD,,1,-1
2023-04-19 00:00:00,2023-04-18 12:00:00,0.4938,0.04,HOLD,,1,-1
2023-04-19 12:00:00,2023-04-19 00:00:00,0.4962,0.04,HOLD,,1,-1
2023-04-20 00:00:00,2023-04-19 12:00:00,0.4972,0.04,HOLD,,1,-1
2023-04-20 12:00:00,2023-04-20 00:00:00,0.4974,0.04,HOLD,,1,-1
2023-04-21 00:00:00,2023-04-20 12:00:00,0.497,0.04,HOLD,,1,-1
2023-04-21 12:00:00,2023-04-21 00:00:00,0.4971,0.04,HOLD,,1,-1
2023-04-24 00:00:00,2023-04-21 12:00:00,0.498,0.04,HOLD,,1,-1
2023-04-24 12:00:00,2023-04-24 00:00:00,0.497,0.04,HOLD,,0,-1
2023-04-25 00:00:00,2023-04-24 12:00:00,0.4996,0.04,HOLD,,0,-1
2023-04-25 12:00:00,2023-04-25 00:00:00,0.4995,0.04,HOLD,,1,-1
2023-04-26 00:00:00,2023-04-25 12:00:00,0.4988,0.04,HOLD,,0,-1
2023-04-26 12:00:00,2023-04-26 00:00:00,0.4979,0.04,HOLD,,0,-1
2023-04-27 00:00:00,2023-04-26 12:00:00,0.4971,0.04,HOLD,,0,-1
2023-04-27 12:00:00,2023-04-27 00:00:00,0.4965,0.04,HOLD,,1,-1
2023-04-28 00:00:00,2023-04-27 12:00:00,0.4977,0.04,HOLD,,1,-1
2023-04-28 12:00:00,2023-04-28 00:00:00,0.4958,0.04,HOLD,,1,-1
2023-05-01 00:00:00,2023-04-28 12:00:00,0.4979,0.04,HOLD,,1,-1
2023-05-01 12:00:00,2023-05-01 00:00:00,0.4975,0.04,HOLD,,1,-1
2023-05-02 00:00:00,2023-05-01 12:00:00,0.4991,0.04,HOLD,,1,-1
2023-05-02 12:00:00,2023-05-02 00:00:00,0.4976,0.04,HOLD,,1,-1
2023-05-03 00:00:00,2023-05-02 12:00:00,0.4982,0.04,HOLD,,0,-1
2023-05-03 12:00:00,2023-05-03 00:00:00,0.4974,0.04,HOLD,,0,-1
2023-05-04 00:00:00,2023-05-03 12:00:00,0.4958,0.04,HOLD,,0,-1
2023-05-04 12:00:00,2023-05-04 00:00:00,0.497,0.04,HOLD,,0,-1
2023-05-05 00:00:00,2023-05-04 12:00:00,0.4952,0.04,HOLD,,0,-1
2023-05-05 12:00:00,2023-05-05 00:00:00,0.4962,0.04,HOLD,,0,-1
2023-05-08 00:00:00,2023-05-05 12:00:00,0.4958,0.04,HOLD,,0,-1
2023-05-08 12:00:00,2023-05-08 00:00:00,0.4946,0.04,HOLD,,0,-1
2023-05-09 00:00:00,2023-05-08 12:00:00,0.4964,0.04,HOLD,,0,-1
2023-05-09 12:00:00,2023-05-09 00:00:00,0.4971,0.04,HOLD,,0,-1
2023-05-10 00:00:00,2023-05-09 12:00:00,0.4977,0.04,HOLD,,0,-1
2023-05-10 12:00:00,2023-05-10 00:00:00,0.4984,0.04,HOLD,,0,-1
2023-05-11 00:00:00,2023-05-10 12:00:00,0.501,0.04,HOLD,,0,-1
2023-05-11 12:00:00,2023-05-11 00:00:00,0.5008,0.04,HOLD,,0,-1
2023-05-12 00:00:00,2023-05-11 12:00:00,0.5002,0.04,HOLD,,0,-1
2023-05-12 12:00:00,2023-05-12 00:00:00,0.4994,0.04,HOLD,,0,-1
2023-05-15 00:00:00,2023-05-12 12:00:00,0.5006,0.04,HOLD,,0,-1
2023-05-15 12:00:00,2023-05-15 00:00:00,0.4992,0.04,HOLD,,0,-1
2023-05-16 00:00:00,2023-05-15 12:00:00,0.5006,0.04,HOLD,,0,-1
2023-05-16 12:00:00,2023-05-16 00:00:00,0.5004,0.04,HOLD,,0,-1
2023-05-17 00:00:00,2023-05-16 12:00:00,0.5022,0.04,HOLD,,0,-1
2023-05-17 12:00:00,2023-05-17 00:00:00,0.501,0.04,HOLD,,0,-1
2023-05-18 00:00:00,2023-05-17 12:00:00,0.5005,0.04,HOLD,,0,-1
2023-05-18 12:00:00,2023-05-18 00:00:00,0.5009,0.04,HOLD,,1,-1
2023-05-19 00:00:00,2023-05-18 12:00:00,0.5018,0.04,HOLD,,0,-1
2023-05-19 12:00:00,2023-05-19 00:00:00,0.5002,0.04,HOLD,,0,-1
2023-05-22 00:00:00,2023-05-19 12:00:00,0.4998,0.04,HOLD,,0,-1
2023-05-22 12:00:00,2023-05-22 00:00:00,0.4971,0.04,HOLD,,0,-1
2023-05-23 00:00:00,2023-05-22 12:00:00,0.4997,0.04,HOLD,,0,-1
2023-05-23 12:00:00,2023-05-23 00:00:00,0.4987,0.04,HOLD,,0,-1
2023-05-24 00:00:00,2023-05-23 12:00:00,0.4995,0.04,HOLD,,0,-1
2023-05-24 12:00:00,2023-05-24 00:00:00,0.4972,0.04,HOLD,,0,-1
2023-05-25 00:00:00,2023-05-24 12:00:00,0.4967,0.04,HOLD,,1,-1
2023-05-25 12:00:00,2023-05-25 00:00:00,0.4946,0.04,HOLD,,0,-1
2023-05-26 00:00:00,2023-05-25 12:00:00,0.4949,0.04,HOLD,,0,-1
2023-05-26 12:00:00,2023-05-26 00:00:00,0.4939,0.04,HOLD,,0,-1
2023-05-29 00:00:00,2023-05-26 12:00:00,0.4938,0.04,HOLD,,1,-1
2023-05-29 12:00:00,2023-05-29 00:00:00,0.4954,0.04,HOLD,,1,-1
2023-05-30 00:00:00,2023-05-29 12:00:00,0.4953,0.04,HOLD,,1,-1
2023-05-30 12:00:00,2023-05-30 00:00:00,0.4977,0.04,HOLD,,0,-1
2023-05-31 00:00:00,2023-05-30 12:00:00,0.4968,0.04,HOLD,,1,-1
2023-05-31 12:00:00,2023-05-31 00:00:00,0.4964,0.04,HOLD,,1,-1
2023-06-01 00:00:00,2023-05-31 12:00:00,0.4993,0.04,HOLD,,1,-1
2023-06-01 12:00:00,2023-06-01 00:00:00,0.4992,0.04,HOLD,,0,-1
2023-06-02 00:00:00,2023-06-01 12:00:00,0.5005,0.04,HOLD,,0,-1
2023-06-02 12:00:00,2023-06-02 00:00:00,0.4996,0.04,HOLD,,1,-1
2023-06-05 00:00:00,2023-06-02 12:00:00,0.4986,0.04,HOLD,,1,-1
2023-06-05 12:00:00,2023-06-05 00:00:00,0.4976,0.04,HOLD,,1,-1
2023-06-06 00:00:00,2023-06-05 12:00:00,0.4965,0.04,HOLD,,1,-1
2023-06-06 12:00:00,2023-06-06 00:00:00,0.4988,0.04,HOLD,,1,-1
2023-06-07 00:00:00,2023-06-06 12:00:00,0.4974,0.04,HOLD,,1,-1
2023-06-07 12:00:00,2023-06-07 00:00:00,0.497,0.04,HOLD,,1,-1
2023-06-08 00:00:00,2023-06-07 12:00:00,0.4953,0.04,HOLD,,1,-1
2023-06-08 12:00:00,2023-06-08 00:00:00,0.4958,0.04,HOLD,,1,-1
2023-06-09 00:00:00,2023-06-08 12:00:00,0.4942,0.04,HOLD,,1,-1
2023-06-09 12:00:00,2023-06-09 00:00:00,0.4924,0.04,HOLD,,1,-1
2023-06-12 00:00:00,2023-06-09 12:00:00,0.4936,0.04,HOLD,,1,-1
2023-06-12 12:00:00,2023-06-12 00:00:00,0.4931,0.04,HOLD,,1,-1
2023-06-13 00:00:00,2023-06-12 12:00:00,0.4949,0.04,HOLD,,1,-1
2023-06-13 12:00:00,2023-06-13 00:00:00,0.493,0.04,HOLD,,1,-1
2023-06-14 00:00:00,2023-06-13 12:00:00,0.4925,0.04,HOLD,,1,-1
2023-06-14 12:00:00,2023-06-14 00:00:00,0.4949,0.04,HOLD,,1,-1
2023-06-15 00:00:00,2023-06-14 12:00:00,0.4935,0.04,HOLD,,1,-1
2023-06-15 12:00:00,2023-06-15 00:00:00,0.4927,0.04,HOLD,,0,-1
2023-06-16 00:00:00,2023-06-15 12:00:00,0.4912,0.04,HOLD,,1,-1
2023-06-16 12:00:00,2023-06-16 00:00:00,0.4903,0.04,HOLD,,1,-1
2023-06-19 00:00:00,2023-06-16 12:00:00,0.4901,0.04,HOLD,,1,-1
2023-06-19 12:00:00,2023-06-19 00:00:00,0.49,0.04,HOLD,,0,-1
2023-06-20 00:00:00,2023-06-19 12:00:00,0.4893,0.04,HOLD,,0,-1
2023-06-20 12:00:00,2023-06-20 00:00:00,0.4875,0.04,HOLD,,0,-1
2023-06-21 00:00:00,2023-06-20 12:00:00,0.4883,0.04,HOLD,,0,-1
2023-06-21 12:00:00,2023-06-21 00:00:00,0.4911,0.04,HOLD,,0,-1
2023-06-22 00:00:00,2023-06-21 12:00:00,0.492,0.04,HOLD,,0,-1
2023-06-22 12:00:00,2023-06-22 00:00:00,0.4913,0.04,HOLD,,0,-1
2023-06-23 00:00:00,2023-06-22 12:00:00,0.4902,0.04,HOLD,,1,-1
2023-06-23 12:00:00,2023-06-23 00:00:00,0.4901,0.04,HOLD,,1,-1
2023-06-26 00:00:00,2023-06-23 12:00:00,0.4884,0.04,HOLD,,0,-1
2023-06-26 12:00:00,2023-06-26 00:00:00,0.4886,0.04,HOLD,,0,-1
2023-06-27 00:00:00,2023-06-26 12:00:00,0.4889,0.04,HOLD,,0,-1
2023-06-27 12:00:00,2023-06-27 00:00:00,0.4891,0.04,HOLD,,0,-1
2023-06-28 00:00:00,2023-06-27 12:00:00,0.4884,0.04,HOLD,,0,-1
2023-06-28 12:00:00,2023-06-28 00:00:00,0.4877,0.04,HOLD,,0,-1
2023-06-29 00:00:00,2023-06-28 12:00:00,0.4897,0.04,HOLD,,0,-1
2023-06-29 12:00:00,2023-06-29 00:00:00,0.4896,0.04,HOLD,,1,-1
2023-06-30 00:00:00,2023-06-29 12:00:00,0.4888,0.04,HOLD,,1,-1
2023-06-30 12:00:00,2023-06-30 00:00:00,0.4874,0.04,HOLD,,0,-1
2023-07-03 00:00:00,2023-06-30 12:00:00,0.4885,0.04,HOLD,,1,-1
2023-07-03 12:00:00,2023-07-03 00:00:00,0.489,0.04,HOLD,,0,-1
2023-07-04 00:00:00,2023-07-03 12:00:00,0.4883,0.04,HOLD,,1,-1
2023-07-04 12:00:00,2023-07-04 00:00:00,0.489,0.04,HOLD,,1,-1
2023-07-05 00:00:00,2023-07-04 12:00:00,0.4896,0.04,HOLD,,1,-1
2023-07-05 12:00:00,2023-07-05 00:00:00,0.4901,0.04,HOLD,,1,-1
2023-07-06 00:00:00,2023-07-05 12:00:00,0.4898,0.04,HOLD,,1,-1
2023-07-06 12:00:00,2023-07-06 00:00:00,0.4901,0.04,HOLD,,1,-1
2023-07-07 00:00:00,2023-07-06 12:00:00,0.4909,0.04,HOLD,,1,-1
2023-07-07 12:00:00,2023-07-07 00:00:00,0.4923,0.04,HOLD,,1,-1
2023-07-10 00:00:00,2023-07-07 12:00:00,0.4932,0.04,HOLD,,1,-1
2023-07-10 12:00:00,2023-07-10 00:00:00,0.4921,0.04,HOLD,,1,-1
2023-07-11 00:00:00,2023-07-10 12:00:00,0.4908,0.04,HOLD,,1,-1
2023-07-11 12:00:00,2023-07-11 00:00:00,0.4893,0.04,HOLD,,1,-1
2023-07-12 00:00:00,2023-07-11 12:00:00,0.4901,0.04,HOLD,,1,-1
2023-07-12 12:00:00,2023-07-12 00:00:00,0.4898,0.04,HOLD,,1,-1
2023-07-13 00:00:00,2023-07-12 12:00:00,0.4901,0.04,HOLD,,1,-1
2023-07-13 12:00:00,2023-07-13 00:00:00,0.4896,0.04,HOLD,,1,-1
2023-07-14 00:00:00,2023-07-13 12:00:00,0.4879,0.04,HOLD,,0,-1
2023-07-14 12:00:00,2023-07-14 00:00:00,0.4869,0.04,HOLD,,0,-1
2023-07-17 00:00:00,2023-07-14 12:00:00,0.486,0.04,HOLD,,0,-1
2023-07-17 12:00:00,2023-07-17 00:00:00,0.4848,0.04,HOLD,,0,-1
2023-07-18 00:00:00,2023-07-17 12:00:00,0.4862,0.04,HOLD,,0,-1
2023-07-18 12:00:00,2023-07-18 00:00:00,0.4856,0.04,HOLD,,0,-1
2023-07-19 00:00:00,2023-07-18 12:00:00,0.4881,0.04,HOLD,,0,-1
2023-07-19 12:00:00,2023-07-19 00:00:00,0.489,0.04,HOLD,,0,-1
2023-07-20 00:00:00,2023-07-19 12:00:00,0.4905,0.04,HOLD,,0,-1
2023-07-20 12:00:00,2023-07-20 00:00:00,0.4894,0.04,HOLD,,0,-1
2023-07-21 00:00:00,2023-07-20 12:00:00,0.4938,0.04,HOLD,,0,-1
2023-07-21 12:00:00,2023-07-21 00:00:00,0.4947,0.04,HOLD,,1,-1
2023-07-24 00:00:00,2023-07-21 12:00:00,0.4963,0.04,HOLD,,0,-1
2023-07-24 12:00:00,2023-07-24 00:00:00,0.4966,0.04,HOLD,,0,-1
2023-07-25 00:00:00,2023-07-24 12:00:00,0.4976,0.04,HOLD,,0,-1
2023-07-25 12:00:00,2023-07-25 00:00:00,0.4979,0.04,HOLD,,0,-1
2023-07-26 00:00:00,2023-07-25 12:00:00,0.4977,0.04,HOLD,,0,-1
2023-07-26 12:00:00,2023-07-26 00:00:00,0.4972,0.04,HOLD,,0,-1
2023-07-27 00:00:00,2023-07-26 12:00:00,0.4974,0.04,HOLD,,0,-1
2023-07-27 12:00:00,2023-07-27 00:00:00,0.4996,0.04,HOLD,,1,-1
2023-07-28 00:00:00,2023-07-27 12:00:00,0.5031,0.04,HOLD,,0,-1
2023-07-28 12:00:00,2023-07-28 00:00:00,0.504,0.04,HOLD,,0,-1
2023-07-31 00:00:00,2023-07-28 12:00:00,0.5039,0.04,HOLD,,0,-1
2023-07-31 12:00:00,2023-07-31 00:00:00,0.5054,0.04,HOLD,,0,-1
2023-08-01 00:00:00,2023-07-31 12:00:00,0.5051,0.04,HOLD,,1,-1
2023-08-01 12:00:00,2023-08-01 00:00:00,0.5082,0.04,HOLD,,0,-1
2023-08-02 00:00:00,2023-08-01 12:00:00,0.5079,0.04,HOLD,,1,-1
2023-08-02 12:00:00,2023-08-02 00:00:00,0.5074,0.04,HOLD,,1,-1
2023-08-03 00:00:00,2023-08-02 12:00:00,0.5091,0.04,HOLD,,1,-1
2023-08-03 12:00:00,2023-08-03 00:00:00,0.5075,0.04,HOLD,,1,-1
2023-08-04 00:00:00,2023-08-03 12:00:00,0.5114,0.04,HOLD,,1,-1
2023-08-04 12:00:00,2023-08-04 00:00:00,0.5109,0.04,HOLD,,1,-1
2023-08-07 00:00:00,2023-08-04 12:00:00,0.5099,0.04,HOLD,,1,-1
2023-08-07 12:00:00,2023-08-07 00:00:00,0.5081,0.04,HOLD,,0,-1
2023-08-08 00:00:00,2023-08-07 12:00:00,0.5068,0.04,HOLD,,0,-1
2023-08-08 12:00:00,2023-08-08 00:00:00,0.5076,0.04,HOLD,,0,-1
2023-08-09 00:00:00,2023-08-08 12:00:00,0.5069,0.04,HOLD,,0,-1
2023-08-09 12:00:00,2023-08-09 00:00:00,0.5062,0.04,HOLD,,0,-1
2023-08-10 00:00:00,2023-08-09 12:00:00,0.5087,0.04,HOLD,,0,-1
2023-08-10 12:00:00,2023-08-10 00:00:00,0.5078,0.04,HOLD,,0,-1
2023-08-11 00:00:00,2023-08-10 12:00:00,0.5075,0.04,HOLD,,0,-1
2023-08-11 12:00:00,2023-08-11 00:00:00,0.5066,0.04,HOLD,,0,-1
2023-08-14 00:00:00,2023-08-11 12:00:00,0.508,0.04,HOLD,,0,-1
2023-08-14 12:00:00,2023-08-14 00:00:00,0.5077,0.04,HOLD,,0,-1
2023-08-15 00:00:00,2023-08-14 12:00:00,0.5079,0.04,HOLD,,0,-1
2023-08-15 12:00:00,2023-08-15 00:00:00,0.5098,0.04,HOLD,,0,-1
2023-08-16 00:00:00,2023-08-15 12:00:00,0.5101,0.04,HOLD,,0,-1
2023-08-16 12:00:00,2023-08-16 00:00:00,0.5083,0.04,HOLD,,1,-1
2023-08-17 00:00:00,2023-08-16 12:00:00,0.5079,0.04,HOLD,,0,-1
2023-08-17 12:00:00,2023-08-17 00:00:00,0.5054,0.04,HOLD,,0,-1
2023-08-18 00:00:00,2023-08-17 12:00:00,0.5054,0.04,HOLD,,0,-1
2023-08-18 12:00:00,2023-08-18 00:00:00,0.5051,0.04,HOLD,,0,-1
2023-08-21 00:00:00,2023-08-18 12:00:00,0.508,0.04,HOLD,,0,-1
2023-08-21 12:00:00,2023-08-21 00:00:00,0.507,0.04,HOLD,,0,-1
2023-08-22 00:00:00,2023-08-21 12:00:00,0.5075,0.04,HOLD,,0,-1
2023-08-22 12:00:00,2023-08-22 00:00:00,0.5071,0.04,HOLD,,0,-1
2023-08-23 00:00:00,2023-08-22 12:00:00,0.5069,0.04,HOLD,,0,-1
2023-08-23 12:00:00,2023-08-23 00:00:00,0.5061,0.04,HOLD,,0,-1
2023-08-24 00:00:00,2023-08-23 12:00:00,0.5062,0.04,HOLD,,1,-1
2023-08-24 12:00:00,2023-08-24 00:00:00,0.5053,0.04,HOLD,,1,-1
2023-08-25 00:00:00,2023-08-24 12:00:00,0.506,0.04,HOLD,,1,-1
2023-08-25 12:00:00,2023-08-25 00:00:00,0.5046,0.04,HOLD,,1,-1
2023-08-28 00:00:00,2023-08-25 12:00:00,0.5084,0.04,HOLD,,1,-1
2023-08-28 12:00:00,2023-08-28 00:00:00,0.5073,0.04,HOLD,,1,-1
2023-08-29 00:00:00,2023-08-28 12:00:00,0.509,0.04,HOLD,,0,-1
2023-08-29 12:00:00,2023-08-29 00:00:00,0.5075,0.04,HOLD,,0,-1
2023-08-30 00:00:00,2023-08-29 12:00:00,0.5064,0.04,HOLD,,0,-1
2023-08-30 12:00:00,2023-08-30 00:00:00,0.5062,0.04,HOLD,,0,-1
2023-08-31 00:00:00,2023-08-30 12:00:00,0.5092,0.04,HOLD,,0,-1
2023-08-31 12:00:00,2023-08-31 00:00:00,0.5099,0.04,HOLD,,0,-1
2023-09-01 00:00:00,2023-08-31 12:00:00,0.5127,0.04,HOLD,,0,-1
2023-09-01 12:00:00,2023-09-01 00:00:00,0.511,0.04,HOLD,,0,-1
2023-09-04 00:00:00,2023-09-01 12:00:00,0.5092,0.04,HOLD,,0,-1
2023-09-04 12:00:00,2023-09-04 00:00:00,0.508,0.04,HOLD,,0,-1
2023-09-05 00:00:00,2023-09-04 12:00:00,0.5065,0.04,HOLD,,0,-1
2023-09-05 12:00:00,2023-09-05 00:00:00,0.5057,0.04,HOLD,,1,-1
2023-09-06 00:00:00,2023-09-05 12:00:00,0.5045,0.04,HOLD,,1,-1
2023-09-06 12:00:00,2023-09-06 00:00:00,0.5025,0.04,HOLD,,0,-1
2023-09-07 00:00:00,2023-09-06 12:00:00,0.5022,0.04,HOLD,,1,-1
2023-09-07 12:00:00,2023-09-07 00:00:00,0.5018,0.04,HOLD,,1,-1
2023-09-08 00:00:00,2023-09-07 12:00:00,0.5018,0.04,HOLD,,1,-1
2023-09-08 12:00:00,2023-09-08 00:00:00,0.4997,0.04,HOLD,,1,-1
2023-09-11 00:00:00,2023-09-08 12:00:00,0.4983,0.04,HOLD,,0,-1
2023-09-11 12:00:00,2023-09-11 00:00:00,0.4981,0.04,HOLD,,0,-1
2023-09-12 00:00:00,2023-09-11 12:00:00,0.4966,0.04,HOLD,,0,-1
2023-09-12 12:00:00,2023-09-12 00:00:00,0.4943,0.04,HOLD,,0,-1
2023-09-13 00:00:00,2023-09-12 12:00:00,0.4931,0.04,HOLD,,0,-1
2023-09-13 12:00:00,2023-09-13 00:00:00,0.4939,0.04,HOLD,,0,-1
2023-09-14 00:00:00,2023-09-13 12:00:00,0.4938,0.04,HOLD,,0,-1
2023-09-14 12:00:00,2023-09-14 00:00:00,0.4959,0.04,HOLD,,1,-1
2023-09-15 00:00:00,2023-09-14 12:00:00,0.495,0.04,HOLD,,0,-1
2023-09-15 12:00:00,2023-09-15 00:00:00,0.4944,0.04,HOLD,,0,-1
2023-09-18 00:00:00,2023-09-15 12:00:00,0.4965,0.04,HOLD,,0,-1
2023-09-18 12:00:00,2023-09-18 00:00:00,0.496,0.04,HOLD,,0,-1
2023-09-19 00:00:00,2023-09-18 12:00:00,0.4964,0.04,HOLD,,0,-1
2023-09-19 12:00:00,2023-09-19 00:00:00,0.4966,0.04,HOLD,,0,-1
2023-09-20 00:00:00,2023-09-19 12:00:00,0.4962,0.04,HOLD,,0,-1
2023-09-20 12:00:00,2023-09-20 00:00:00,0.4949,0.04,HOLD,,0,-1
2023-09-21 00:00:00,2023-09-20 12:00:00,0.4945,0.04,HOLD,,0,-1
2023-09-21 12:00:00,2023-09-21 00:00:00,0.4937,0.04,HOLD,,0,-1
2023-09-22 00:00:00,2023-09-21 12:00:00,0.4948,0.04,HOLD,,0,-1
2023-09-22 12:00:00,2023-09-22 00:00:00,0.4939,0.04,HOLD,,0,-1
2023-09-25 00:00:00,2023-09-22 12:00:00,0.4969,0.04,HOLD,,0,-1
2023-09-25 12:00:00,2023-09-25 00:00:00,0.4973,0.04,HOLD,,1,-1
2023-09-26 00:00:00,2023-09-25 12:00:00,0.4989,0.04,HOLD,,0,-1
2023-09-26 12:00:00,2023-09-26 00:00:00,0.4988,0.04,HOLD,,0,-1
2023-09-27 00:00:00,2023-09-26 12:00:00,0.4987,0.04,HOLD,,0,-1
2023-09-27 12:00:00,2023-09-27 00:00:00,0.5002,0.04,HOLD,,0,-1
2023-09-28 00:00:00,2023-09-27 12:00:00,0.5,0.04,HOLD,,0,-1
2023-09-28 12:00:00,2023-09-28 00:00:00,0.5021,0.04,HOLD,,0,-1
2023-09-29 00:00:00,2023-09-28 12:00:00,0.5024,0.04,HOLD,,0,-1
2023-09-29 12:00:00,2023-09-29 00:00:00,0.503,0.04,HOLD,,0,-1
2023-10-02 00:00:00,2023-09-29 12:00:00,0.5035,0.04,HOLD,,0,-1
2023-10-02 12:00:00,2023-10-02 00:00:00,0.5014,0.04,HOLD,,1,-1
2023-10-03 00:00:00,2023-10-02 12:00:00,0.5005,0.04,HOLD,,1,-1
2023-10-03 12:00:00,2023-10-03 00:00:00,0.5023,0.04,HOLD,,1,-1
2023-10-04 00:00:00,2023-10-03 12:00:00,0.5022,0.04,HOLD,,1,-1
2023-10-04 12:00:00,2023-10-04 00:00:00,0.5031,0.04,HOLD,,1,-1
2023-10-05 00:00:00,2023-10-04 12:00:00,0.5036,0.04,HOLD,,1,-1
2023-10-05 12:00:00,2023-10-05 00:00:00,0.5025,0.04,HOLD,,1,-1
2023-10-06 00:00:00,2023-10-05 12:00:00,0.5017,0.04,HOLD,,1,-1
2023-10-06 12:00:00,2023-10-06 00:00:00,0.5,0.04,HOLD,,1,-1
2023-10-09 00:00:00,2023-10-06 12:00:00,0.4987,0.04,HOLD,,0,-1
2023-10-09 12:00:00,2023-10-09 00:00:00,0.5002,0.04,HOLD,,0,-1
2023-10-10 00:00:00,2023-10-09 12:00:00,0.5004,0.04,HOLD,,0,-1
2023-10-10 12:00:00,2023-10-10 00:00:00,0.5002,0.04,HOLD,,0,-1
2023-10-11 00:00:00,2023-10-10 12:00:00,0.5003,0.04,HOLD,,0,-1
2023-10-11 12:00:00,2023-10-11 00:00:00,0.4997,0.04,HOLD,,0,-1
2023-10-12 00:00:00,2023-10-11 12:00:00,0.5017,0.04,HOLD,,0,-1
2023-10-12 12:00:00,2023-10-12 00:00:00,0.5001,0.04,HOLD,,1,-1
2023-10-13 00:00:00,2023-10-12 12:00:00,0.5012,0.04,HOLD,,0,-1
2023-10-13 12:00:00,2023-10-13 00:00:00,0.5007,0.04,HOLD,,1,-1
2023-10-16 00:00:00,2023-10-13 12:00:00,0.5008,0.04,HOLD,,1,-1
2023-10-16 12:00:00,2023-10-16 00:00:00,0.4992,0.04,HOLD,,1,-1
2023-10-17 00:00:00,2023-10-16 12:00:00,0.5013,0.04,HOLD,,1,-1
2023-10-17 12:00:00,2023-10-17 00:00:00,0.5003,0.04,HOLD,,1,-1
2023-10-18 00:00:00,2023-10-17 12:00:00,0.5026,0.04,HOLD,,1,-1
2023-10-18 12:00:00,2023-10-18 00:00:00,0.5011,0.04,HOLD,,1,-1
2023-10-19 00:00:00,2023-10-18 12:00:00,0.504,0.04,HOLD,,1,-1
2023-10-19 12:00:00,2023-10-19 00:00:00,0.5034,0.04,HOLD,,1,-1
2023-10-20 00:00:00,2023-10-19 12:00:00,0.5032,0.04,HOLD,,0,-1
2023-10-20 12:00:00,2023-10-20 00:00:00,0.5013,0.04,HOLD,,0,-1
2023-10-23 00:00:00,2023-10-20 12:00:00,0.5008,0.04,HOLD,,0,-1
2023-10-23 12:00:00,2023-10-23 00:00:00,0.5013,0.04,HOLD,,0,-1
2023-10-24 00:00:00,2023-10-23 12:00:00,0.4997,0.04,HOLD,,0,-1
2023-10-24 12:00:00,2023-10-24 00:00:00,0.4996,0.04,HOLD,,0,-1
2023-10-25 00:00:00,2023-10-24 12:00:00,0.499,0.04,HOLD,,1,-1
2023-10-25 12:00:00,2023-10-25 00:00:00,0.4984,0.04,HOLD,,1,-1
2023-10-26 00:00:00,2023-10-25 12:00:00,0.4972,0.04,HOLD,,1,-1
2023-10-26 12:00:00,2023-10-26 00:00:00,0.4969,0.04,HOLD,,0,-1
2023-10-27 00:00:00,2023-10-26 12:00:00,0.4972,0.04,HOLD,,1,-1
2023-10-27 12:00:00,2023-10-27 00:00:00,0.4975,0.04,HOLD,,1,-1
2023-10-30 00:00:00,2023-10-27 12:00:00,0.4971,0.04,HOLD,,1,-1
2023-10-30 12:00:00,2023-10-30 00:00:00,0.4971,0.04,HOLD,,1,-1
2023-10-31 00:00:00,2023-10-30 12:00:00,0.4982,0.04,HOLD,,1,-1
2023-10-31 12:00:00,2023-10-31 00:00:00,0.4974,0.04,HOLD,,1,-1
2023-11-01 00:00:00,2023-10-31 12:00:00,0.4993,0.04,HOLD,,1,-1
2023-11-01 12:00:00,2023-11-01 00:00:00,0.4991,0.04,HOLD,,1,-1
2023-11-02 00:00:00,2023-11-01 12:00:00,0.4982,0.04,HOLD,,1,-1
2023-11-02 12:00:00,2023-11-02 00:00:00,0.497,0.04,HOLD,,1,-1
2023-11-03 00:00:00,2023-11-02 12:00:00,0.4963,0.04,HOLD,,1,-1
2023-11-03 12:00:00,2023-11-03 00:00:00,0.4968,0.04,HOLD,,0,-1
2023-11-06 00:00:00,2023-11-03 12:00:00,0.4955,0.04,HOLD,,0,-1
2023-11-06 12:00:00,2023-11-06 00:00:00,0.4938,0.04,HOLD,,0,-1
2023-11-07 00:00:00,2023-11-06 12:00:00,0.4948,0.04,HOLD,,1,-1
2023-11-07 12:00:00,2023-11-07 00:00:00,0.4927,0.04,HOLD,,0,-1
2023-11-08 00:00:00,2023-11-07 12:00:00,0.4917,0.04,HOLD,,1,-1
2023-11-08 12:00:00,2023-11-08 00:00:00,0.4926,0.04,HOLD,,1,-1
2023-11-09 00:00:00,2023-11-08 12:00:00,0.4921,0.04,HOLD,,1,-1
2023-11-09 12:00:00,2023-11-09 00:00:00,0.4889,0.04,HOLD,,1,-1
2023-11-10 00:00:00,2023-11-09 12:00:00,0.4878,0.04,HOLD,,1,-1
2023-11-10 12:00:00,2023-11-10 00:00:00,0.4859,0.04,HOLD,,1,-1
2023-11-13 00:00:00,2023-11-10 12:00:00,0.4846,0.04,HOLD,,1,-1
2023-11-13 12:00:00,2023-11-13 00:00:00,0.4851,0.04,HOLD,,1,-1
2023-11-14 00:00:00,2023-11-13 12:00:00,0.4847,0.04,HOLD,,1,-1
2023-11-14 12:00:00,2023-11-14 00:00:00,0.4827,0.04,HOLD,,1,-1
2023-11-15 00:00:00,2023-11-14 12:00:00,0.4826,0.04,HOLD,,1,-1
2023-11-15 12:00:00,2023-11-15 00:00:00,0.4815,0.04,HOLD,,1,-1
2023-11-16 00:00:00,2023-11-15 12:00:00,0.4815,0.04,HOLD,,1,-1
2023-11-16 12:00:00,2023-11-16 00:00:00,0.4815,0.04,HOLD,,1,-1
2023-11-17 00:00:00,2023-11-16 12:00:00,0.4844,0.04,HOLD,,1,-1
2023-11-17 12:00:00,2023-11-17 00:00:00,0.4864,0.04,HOLD,,1,-1
2023-11-20 00:00:00,2023-11-17 12:00:00,0.4872,0.04,HOLD,,0,-1
2023-11-20 12:00:00,2023-11-20 00:00:00,0.4851,0.04,HOLD,,0,-1
2023-11-21 00:00:00,2023-11-20 12:00:00,0.4855,0.04,HOLD,,0,-1
2023-11-21 12:00:00,2023-11-21 00:00:00,0.4842,0.04,HOLD,,1,-1
2023-11-22 00:00:00,2023-11-21 12:00:00,0.4841,0.04,HOLD,,1,-1
2023-11-22 12:00:00,2023-11-22 00:00:00,0.4845,0.04,HOLD,,1,-1
2023-11-23 00:00:00,2023-11-22 12:00:00,0.4856,0.04,HOLD,,1,-1
2023-11-23 12:00:00,2023-11-23 00:00:00,0.4837,0.04,HOLD,,1,-1
2023-11-24 00:00:00,2023-11-23 12:00:00,0.487,0.04,HOLD,,1,-1
2023-11-24 12:00:00,2023-11-24 00:00:00,0.4865,0.04,HOLD,,0,-1
2023-11-27 00:00:00,2023-11-24 12:00:00,0.4873,0.04,HOLD,,0,-1
2023-11-27 12:00:00,2023-11-27 00:00:00,0.485,0.04,HOLD,,0,-1
2023-11-28 00:00:00,2023-11-27 12:00:00,0.4858,0.04,HOLD,,0,-1
2023-11-28 12:00:00,2023-11-28 00:00:00,0.4882,0.04,HOLD,,0,-1
2023-11-29 00:00:00,2023-11-28 12:00:00,0.4868,0.04,HOLD,,0,-1
2023-11-29 12:00:00,2023-11-29 00:00:00,0.4866,0.04,HOLD,,0,-1
2023-11-30 00:00:00,2023-11-29 12:00:00,0.4861,0.04,HOLD,,0,-1
2023-11-30 12:00:00,2023-11-30 00:00:00,0.4852,0.04,HOLD,,0,-1
2023-12-01 00:00:00,2023-11-30 12:00:00,0.4854,0.04,HOLD,,0,-1
2023-12-01 12:00:00,2023-12-01 00:00:00,0.4872,0.04,HOLD,,0,-1
2023-12-04 00:00:00,2023-12-01 12:00:00,0.4879,0.04,HOLD,,0,-1
2023-12-04 12:00:00,2023-12-04 00:00:00,0.4904,0.04,HOLD,,0,-1
2023-12-05 00:00:00,2023-12-04 12:00:00,0.4918,0.04,HOLD,,0,-1
2023-12-05 12:00:00,2023-12-05 00:00:00,0.4934,0.04,HOLD,,0,-1
2023-12-06 00:00:00,2023-12-05 12:00:00,0.4965,0.04,HOLD,,0,-1
2023-12-06 12:00:00,2023-12-06 00:00:00,0.4961,0.04,HOLD,,1,-1
2023-12-07 00:00:00,2023-12-06 12:00:00,0.497,0.04,HOLD,,1,-1
2023-12-07 12:00:00,2023-12-07 00:00:00,0.4957,0.04,HOLD,,0,-1
2023-12-08 00:00:00,2023-12-07 12:00:00,0.4984,0.04,HOLD,,1,-1
2023-12-08 12:00:00,2023-12-08 00:00:00,0.4974,0.04,HOLD,,1,-1
2023-12-11 00:00:00,2023-12-08 12:00:00,0.4968,0.04,HOLD,,1,-1
2023-12-11 12:00:00,2023-12-11 00:00:00,0.4962,0.04,HOLD,,1,-1
2023-12-12 00:00:00,2023-12-11 12:00:00,0.4994,0.04,HOLD,,1,-1
2023-12-12 12:00:00,2023-12-12 00:00:00,0.4985,0.04,HOLD,,1,-1
2023-12-13 00:00:00,2023-12-12 12:00:00,0.4984,0.04,HOLD,,1,-1
2023-12-13 12:00:00,2023-12-13 00:00:00,0.4965,0.04,HOLD,,1,-1
2023-12-14 00:00:00,2023-12-13 12:00:00,0.4965,0.04,HOLD,,1,-1
2023-12-14 12:00:00,2023-12-14 00:00:00,0.4955,0.04,HOLD,,0,-1
2023-12-15 00:00:00,2023-12-14 12:00:00,0.4951,0.04,HOLD,,0,-1
2023-12-15 12:00:00,2023-12-15 00:00:00,0.4934,0.04,HOLD,,1,-1
2023-12-18 00:00:00,2023-12-15 12:00:00,0.4918,0.04,HOLD,,1,-1
2023-12-18 12:00:00,2023-12-18 00:00:00,0.491,0.04,HOLD,,1,-1
2023-12-19 00:00:00,2023-12-18 12:00:00,0.4922,0.04,HOLD,,1,-1
2023-12-19 12:00:00,2023-12-19 00:00:00,0.4936,0.04,HOLD,,1,-1
2023-12-20 00:00:00,2023-12-19 12:00:00,0.4928,0.04,HOLD,,1,-1
2023-12-20 12:00:00,2023-12-20 00:00:00,0.4928,0.04,HOLD,,1,-1
2023-12-21 00:00:00,2023-12-20 12:00:00,0.4927,0.04,HOLD,,1,-1
2023-12-21 12:00:00,2023-12-21 00:00:00,0.4949,0.04,HOLD,,1,-1
2023-12-22 00:00:00,2023-12-21 12:00:00,0.4934,0.04,HOLD,,1,-1
2023-12-22 12:00:00,2023-12-22 00:00:00,0.4943,0.04,HOLD,,1,-1
2023-12-25 00:00:00,2023-12-22 12:00:00,0.4971,0.04,HOLD,,1,-1
2023-12-26 00:00:00,2023-12-25 00:00:00,0.497,0.04,HOLD,,1,-1
2023-12-26 12:00:00,2023-12-26 00:00:00,0.4972,0.04,HOLD,,0,-1
2023-12-27 00:00:00,2023-12-26 12:00:00,0.4975,0.04,HOLD,,0,-1
2023-12-27 12:00:00,2023-12-27 00:00:00,0.4973,0.04,HOLD,,0,-1
2023-12-28 00:00:00,2023-12-27 12:00:00,0.4973,0.04,HOLD,,0,-1
2023-12-28 12:00:00,2023-12-28 00:00:00,0.4991,0.04,HOLD,,0,-1
2023-12-29 00:00:00,2023-12-28 12:00:00,0.4975,0.04,HOLD,,0,-1
2023-12-29 12:00:00,2023-12-29 00:00:00,0.4969,0.04,HOLD,,0,-1
2024-01-02 00:00:00,2023-12-29 12:00:00,0.4838,0.02,HOLD,,0,-1
2024-01-02 12:00:00,2024-01-02 00:00:00,0.4838,0.02,HOLD,,0,-1
2024-01-03 00:00:00,2024-01-02 12:00:00,0.4841,0.02,HOLD,,1,-1
2024-01-03 12:00:00,2024-01-03 00:00:00,0.4841,0.02,HOLD,,1,-1
2024-01-04 00:00:00,2024-01-03 12:00:00,0.4846,0.02,HOLD,,0,-1
2024-01-04 12:00:00,2024-01-04 00:00:00,0.4858,0.02,HOLD,,1,-1
2024-01-05 00:00:00,2024-01-04 12:00:00,0.4866,0.02,HOLD,,1,-1
2024-01-05 12:00:00,2024-01-05 00:00:00,0.4869,0.02,HOLD,,1,-1
2024-01-08 00:00:00,2024-01-05 12:00:00,0.4874,0.02,HOLD,,1,-1
2024-01-08 12:00:00,2024-01-08 00:00:00,0.4881,0.02,HOLD,,1,-1
2024-01-09 00:00:00,2024-01-08 12:00:00,0.4882,0.02,HOLD,,1,-1
2024-01-09 12:00:00,2024-01-09 00:00:00,0.4893,0.02,HOLD,,1,-1
2024-01-10 00:00:00,2024-01-09 12:00:00,0.4902,0.02,HOLD,,1,-1
2024-01-10 12:00:00,2024-01-10 00:00:00,0.4905,0.02,HOLD,,0,-1
2024-01-11 00:00:00,2024-01-10 12:00:00,0.4912,0.02,HOLD,,0,-1
2024-01-11 12:00:00,2024-01-11 00:00:00,0.4908,0.02,HOLD,,0,-1
2024-01-12 00:00:00,2024-01-11 12:00:00,0.4906,0.02,HOLD,,0,-1
2024-01-12 12:00:00,2024-01-12 00:00:00,0.49,0.02,HOLD,,0,-1
2024-01-15 00:00:00,2024-01-12 12:00:00,0.4907,0.02,HOLD,,0,-1
2024-01-15 12:00:00,2024-01-15 00:00:00,0.4904,0.02,HOLD,,0,-1
2024-01-16 00:00:00,2024-01-15 12:00:00,0.4907,0.02,HOLD,,1,-1
2024-01-16 12:00:00,2024-01-16 00:00:00,0.4911,0.02,HOLD,,1,-1
2024-01-17 00:00:00,2024-01-16 12:00:00,0.4915,0.02,HOLD,,1,-1
2024-01-17 12:00:00,2024-01-17 00:00:00,0.491,0.02,HOLD,,1,-1
2024-01-18 00:00:00,2024-01-17 12:00:00,0.4909,0.02,HOLD,,0,-1
2024-01-18 12:00:00,2024-01-18 00:00:00,0.4913,0.02,HOLD,,1,-1
2024-01-19 00:00:00,2024-01-18 12:00:00,0.4919,0.02,HOLD,,1,-1
2024-01-19 12:00:00,2024-01-19 00:00:00,0.492,0.02,HOLD,,0,-1
2024-01-22 00:00:00,2024-01-19 12:00:00,0.4916,0.02,HOLD,,0,-1
2024-01-22 12:00:00,2024-01-22 00:00:00,0.4909,0.02,HOLD,,0,-1
2024-01-23 00:00:00,2024-01-22 12:00:00,0.491,0.02,HOLD,,0,-1
2024-01-23 12:00:00,2024-01-23 00:00:00,0.4901,0.02,HOLD,,0,-1
2024-01-24 00:00:00,2024-01-23 12:00:00,0.4902,0.02,HOLD,,0,-1
2024-01-24 12:00:00,2024-01-24 00:00:00,0.4893,0.02,HOLD,,0,-1
2024-01-25 00:00:00,2024-01-24 12:00:00,0.4889,0.02,HOLD,,0,-1
2024-01-25 12:00:00,2024-01-25 00:00:00,0.4881,0.02,HOLD,,0,-1
2024-01-26 00:00:00,2024-01-25 12:00:00,0.4877,0.02,HOLD,,0,-1
2024-01-26 12:00:00,2024-01-26 00:00:00,0.4872,0.02,HOLD,,0,-1
2024-01-29 00:00:00,2024-01-26 12:00:00,0.4872,0.02,HOLD,,1,-1
2024-01-29 12:00:00,2024-01-29 00:00:00,0.4871,0.02,HOLD,,1,-1
2024-01-30 00:00:00,2024-01-29 12:00:00,0.4869,0.02,HOLD,,0,-1
2024-01-30 12:00:00,2024-01-30 00:00:00,0.486,0.02,HOLD,,0,-1
2024-01-31 00:00:00,2024-01-30 12:00:00,0.4861,0.02,HOLD,,0,-1
2024-01-31 12:00:00,2024-01-31 00:00:00,0.4857,0.02,HOLD,,0,-1
2024-02-01 00:00:00,2024-01-31 12:00:00,0.4858,0.02,HOLD,,0,-1
2024-02-01 12:00:00,2024-02-01 00:00:00,0.4856,0.02,HOLD,,0,-1
2024-02-02 00:00:00,2024-02-01 12:00:00,0.4852,0.02,HOLD,,0,-1
2024-02-02 12:00:00,2024-02-02 00:00:00,0.4855,0.02,HOLD,,0,-1
2024-02-05 00:00:00,2024-02-02 12:00:00,0.4859,0.02,HOLD,,1,-1
2024-02-05 12:00:00,2024-02-05 00:00:00,0.4864,0.02,HOLD,,1,-1
2024-02-06 00:00:00,2024-02-05 12:00:00,0.4862,0.02,HOLD,,1,-1
2024-02-06 12:00:00,2024-02-06 00:00:00,0.485,0.02,HOLD,,1,-1
2024-02-07 00:00:00,2024-02-06 12:00:00,0.4854,0.02,HOLD,,1,-1
2024-02-07 12:00:00,2024-02-07 00:00:00,0.4855,0.02,HOLD,,0,-1
2024-02-08 00:00:00,2024-02-07 12:00:00,0.4857,0.02,HOLD,,0,-1
2024-02-08 12:00:00,2024-02-08 00:00:00,0.4862,0.02,HOLD,,0,-1
2024-02-09 00:00:00,2024-02-08 12:00:00,0.4862,0.02,HOLD,,0,-1
2024-02-09 12:00:00,2024-02-09 00:00:00,0.4857,0.02,HOLD,,0,-1
2024-02-12 00:00:00,2024-02-09 12:00:00,0.486,0.02,HOLD,,1,-1
2024-02-12 12:00:00,2024-02-12 00:00:00,0.4866,0.02,HOLD,,0,-1
2024-02-13 00:00:00,2024-02-12 12:00:00,0.4868,0.02,HOLD,,1,-1
2024-02-13 12:00:00,2024-02-13 00:00:00,0.4872,0.02,HOLD,,1,-1
2024-02-14 00:00:00,2024-02-13 12:00:00,0.488,0.02,HOLD,,1,-1
2024-02-14 12:00:00,2024-02-14 00:00:00,0.488,0.02,HOLD,,1,-1
2024-02-15 00:00:00,2024-02-14 12:00:00,0.4885,0.02,HOLD,,1,-1
2024-02-15 12:00:00,2024-02-15 00:00:00,0.4888,0.02,HOLD,,1,-1
2024-02-16 00:00:00,2024-02-15 12:00:00,0.4894,0.02,HOLD,,1,-1
2024-02-16 12:00:00,2024-02-16 00:00:00,0.49,0.02,HOLD,,1,-1
2024-02-19 00:00:00,2024-02-16 12:00:00,0.4892,0.02,HOLD,,1,-1
2024-02-19 12:00:00,2024-02-19 00:00:00,0.4892,0.02,HOLD,,1,-1
2024-02-20 00:00:00,2024-02-19 12:00:00,0.4893,0.02,HOLD,,1,-1
2024-02-20 12:00:00,2024-02-20 00:00:00,0.4891,0.02,HOLD,,1,-1
2024-02-21 00:00:00,2024-02-20 12:00:00,0.4877,0.02,HOLD,,1,-1
2024-02-21 12:00:00,2024-02-21 00:00:00,0.4877,0.02,HOLD,,1,-1
2024-02-22 00:00:00,2024-02-21 12:00:00,0.4865,0.02,HOLD,,0,-1
2024-02-22 12:00:00,2024-02-22 00:00:00,0.4868,0.02,HOLD,,0,-1
2024-02-23 00:00:00,2024-02-22 12:00:00,0.4863,0.02,HOLD,,1,-1
2024-02-23 12:00:00,2024-02-23 00:00:00,0.4856,0.02,HOLD,,1,-1
2024-02-26 00:00:00,2024-02-23 12:00:00,0.4854,0.02,HOLD,,0,-1
2024-02-26 12:00:00,2024-02-26 00:00:00,0.4855,0.02,HOLD,,0,-1
2024-02-27 00:00:00,2024-02-26 12:00:00,0.4857,0.02,HOLD,,0,-1
2024-02-27 12:00:00,2024-02-27 00:00:00,0.4855,0.02,HOLD,,1,-1
2024-02-28 00:00:00,2024-02-27 12:00:00,0.4844,0.02,HOLD,,1,-1
2024-02-28 12:00:00,2024-02-28 00:00:00,0.4845,0.02,HOLD,,1,-1
2024-02-29 00:00:00,2024-02-28 12:00:00,0.4842,0.02,HOLD,,1,-1
2024-02-29 12:00:00,2024-02-29 00:00:00,0.4844,0.02,HOLD,,1,-1
2024-03-01 00:00:00,2024-02-29 12:00:00,0.4839,0.02,HOLD,,1,-1
2024-03-01 12:00:00,2024-03-01 00:00:00,0.4845,0.02,HOLD,,1,-1
2024-03-04 00:00:00,2024-03-01 12:00:00,0.4841,0.02,HOLD,,1,-1
2024-03-04 12:00:00,2024-03-04 00:00:00,0.4844,0.02,HOLD,,1,-1
2024-03-05 00:00:00,2024-03-04 12:00:00,0.4841,0.02,HOLD,,1,-1
2024-03-05 12:00:00,2024-03-05 00:00:00,0.4831,0.02,HOLD,,1,-1
2024-03-06 00:00:00,2024-03-05 12:00:00,0.4824,0.02,HOLD,,1,-1
2024-03-06 12:00:00,2024-03-06 00:00:00,0.4821,0.02,HOLD,,1,-1
2024-03-07 00:00:00,2024-03-06 12:00:00,0.4814,0.02,HOLD,,1,-1
2024-03-07 12:00:00,2024-03-07 00:00:00,0.482,0.02,HOLD,,0,-1
2024-03-08 00:00:00,2024-03-07 12:00:00,0.4812,0.02,HOLD,,1,-1
2024-03-08 12:00:00,2024-03-08 00:00:00,0.4811,0.02,HOLD,,1,-1
2024-03-11 00:00:00,2024-03-08 12:00:00,0.4806,0.02,HOLD,,0,-1
2024-03-11 12:00:00,2024-03-11 00:00:00,0.4807,0.02,HOLD,,0,-1
2024-03-12 00:00:00,2024-03-11 12:00:00,0.4802,0.02,HOLD,,0,-1
2024-03-12 12:00:00,2024-03-12 00:00:00,0.4804,0.02,HOLD,,0,-1
2024-03-13 00:00:00,2024-03-12 12:00:00,0.4791,0.02,SELL,True,0,0
2024-03-13 12:00:00,2024-03-13 00:00:00,0.4796,0.02,SELL,True,0,0
2024-03-14 00:00:00,2024-03-13 12:00:00,0.4798,0.02,SELL,True,0,0
2024-03-14 12:00:00,2024-03-14 00:00:00,0.4795,0.02,SELL,True,0,0
2024-03-15 00:00:00,2024-03-14 12:00:00,0.4782,0.02,SELL,False,1,0
2024-03-15 12:00:00,2024-03-15 00:00:00,0.4778,0.02,SELL,False,1,0
2024-03-18 00:00:00,2024-03-15 12:00:00,0.4787,0.02,SELL,True,0,0
2024-03-18 12:00:00,2024-03-18 00:00:00,0.4783,0.02,SELL,True,0,0
2024-03-19 00:00:00,2024-03-18 12:00:00,0.478,0.02,SELL,True,0,0
2024-03-19 12:00:00,2024-03-19 00:00:00,0.4782,0.02,SELL,True,0,0
2024-03-20 00:00:00,2024-03-19 12:00:00,0.4789,0.02,SELL,True,0,0
2024-03-20 12:00:00,2024-03-20 00:00:00,0.4786,0.02,SELL,True,0,0
2024-03-21 00:00:00,2024-03-20 12:00:00,0.4791,0.02,SELL,True,0,0
2024-03-21 12:00:00,2024-03-21 00:00:00,0.4788,0.02,SELL,True,0,0
2024-03-22 00:00:00,2024-03-21 12:00:00,0.4798,0.02,SELL,False,1,0
2024-03-22 12:00:00,2024-03-22 00:00:00,0.4803,0.02,HOLD,,0,-1
2024-03-25 00:00:00,2024-03-22 12:00:00,0.479,0.02,SELL,True,0,0
2024-03-25 12:00:00,2024-03-25 00:00:00,0.4784,0.02,SELL,True,0,0
2024-03-26 00:00:00,2024-03-25 12:00:00,0.4778,0.02,SELL,True,0,0
2024-03-26 12:00:00,2024-03-26 00:00:00,0.4781,0.02,SELL,True,0,0
2024-03-27 00:00:00,2024-03-26 12:00:00,0.4783,0.02,SELL,True,0,0
2024-03-27 12:00:00,2024-03-27 00:00:00,0.4786,0.02,SELL,True,0,0
2024-03-28 00:00:00,2024-03-27 12:00:00,0.4785,0.02,SELL,True,0,0
2024-03-28 12:00:00,2024-03-28 00:00:00,0.4786,0.02,SELL,True,0,0
2024-03-29 00:00:00,2024-03-28 12:00:00,0.4778,0.02,SELL,False,1,0
2024-03-29 12:00:00,2024-03-29 00:00:00,0.478,0.02,SELL,False,1,0
2024-04-01 00:00:00,2024-03-29 12:00:00,0.478,0.02,SELL,False,1,0
2024-04-01 12:00:00,2024-04-01 00:00:00,0.4781,0.02,SELL,False,1,0
2024-04-02 00:00:00,2024-04-01 12:00:00,0.4779,0.02,SELL,False,1,0
2024-04-02 12:00:00,2024-04-02 00:00:00,0.4777,0.02,SELL,False,1,0
2024-04-03 00:00:00,2024-04-02 12:00:00,0.4766,0.02,SELL,False,1,0
2024-04-03 12:00:00,2024-04-03 00:00:00,0.4763,0.02,SELL,False,1,0
2024-04-04 00:00:00,2024-04-03 12:00:00,0.4765,0.02,SELL,True,0,0
2024-04-04 12:00:00,2024-04-04 00:00:00,0.4768,0.02,SELL,False,1,0
2024-04-05 00:00:00,2024-04-04 12:00:00,0.4772,0.02,SELL,True,0,0
2024-04-05 12:00:00,2024-04-05 00:00:00,0.477,0.02,SELL,True,0,0
2024-04-08 00:00:00,2024-04-05 12:00:00,0.4766,0.02,SELL,True,0,0
2024-04-08 12:00:00,2024-04-08 00:00:00,0.4775,0.02,SELL,True,0,0
2024-04-09 00:00:00,2024-04-08 12:00:00,0.4773,0.02,SELL,True,0,0
2024-04-09 12:00:00,2024-04-09 00:00:00,0.4774,0.02,SELL,True,0,0
2024-04-10 00:00:00,2024-04-09 12:00:00,0.4781,0.02,SELL,True,0,0
2024-04-10 12:00:00,2024-04-10 00:00:00,0.4782,0.02,SELL,True,0,0
2024-04-11 00:00:00,2024-04-10 12:00:00,0.4785,0.02,SELL,True,0,0
2024-04-11 12:00:00,2024-04-11 00:00:00,0.4794,0.02,SELL,True,0,0
2024-04-12 00:00:00,2024-04-11 12:00:00,0.4792,0.02,SELL,False,1,0
2024-04-12 12:00:00,2024-04-12 00:00:00,0.4798,0.02,SELL,False,1,0
2024-04-15 00:00:00,2024-04-12 12:00:00,0.4806,0.02,HOLD,,0,-1
2024-04-15 12:00:00,2024-04-15 00:00:00,0.4811,0.02,HOLD,,1,-1
2024-04-16 00:00:00,2024-04-15 12:00:00,0.4821,0.02,HOLD,,1,-1
2024-04-16 12:00:00,2024-04-16 00:00:00,0.4831,0.02,HOLD,,1,-1
2024-04-17 00:00:00,2024-04-16 12:00:00,0.4836,0.02,HOLD,,1,-1
2024-04-17 12:00:00,2024-04-17 00:00:00,0.4834,0.02,HOLD,,0,-1
2024-04-18 00:00:00,2024-04-17 12:00:00,0.4844,0.02,HOLD,,1,-1
2024-04-18 12:00:00,2024-04-18 00:00:00,0.4849,0.02,HOLD,,1,-1
2024-04-19 00:00:00,2024-04-18 12:00:00,0.4845,0.02,HOLD,,1,-1
2024-04-19 12:00:00,2024-04-19 00:00:00,0.4849,0.02,HOLD,,1,-1
2024-04-22 00:00:00,2024-04-19 12:00:00,0.4853,0.02,HOLD,,1,-1
2024-04-22 12:00:00,2024-04-22 00:00:00,0.4859,0.02,HOLD,,1,-1
2024-04-23 00:00:00,2024-04-22 12:00:00,0.4864,0.02,HOLD,,1,-1
2024-04-23 12:00:00,2024-04-23 00:00:00,0.4865,0.02,HOLD,,1,-1
2024-04-24 00:00:00,2024-04-23 12:00:00,0.4869,0.02,HOLD,,1,-1
2024-04-24 12:00:00,2024-04-24 00:00:00,0.4873,0.02,HOLD,,1,-1
2024-04-25 00:00:00,2024-04-24 12:00:00,0.488,0.02,HOLD,,0,-1
2024-04-25 12:00:00,2024-04-25 00:00:00,0.4883,0.02,HOLD,,0,-1
2024-04-26 00:00:00,2024-04-25 12:00:00,0.4886,0.02,HOLD,,0,-1
2024-04-26 12:00:00,2024-04-26 00:00:00,0.4892,0.02,HOLD,,1,-1
2024-04-29 00:00:00,2024-04-26 12:00:00,0.4898,0.02,HOLD,,1,-1
2024-04-29 12:00:00,2024-04-29 00:00:00,0.4905,0.02,HOLD,,1,-1
2024-04-30 00:00:00,2024-04-29 12:00:00,0.4904,0.02,HOLD,,1,-1
2024-04-30 12:00:00,2024-04-30 00:00:00,0.4909,0.02,HOLD,,1,-1
2024-05-01 00:00:00,2024-04-30 12:00:00,0.491,0.02,HOLD,,1,-1
2024-05-01 12:00:00,2024-05-01 00:00:00,0.4916,0.02,HOLD,,1,-1
2024-05-02 00:00:00,2024-05-01 12:00:00,0.4924,0.02,HOLD,,1,-1
2024-05-02 12:00:00,2024-05-02 00:00:00,0.4926,0.02,HOLD,,1,-1
2024-05-03 00:00:00,2024-05-02 12:00:00,0.4916,0.02,HOLD,,1,-1
2024-05-03 12:00:00,2024-05-03 00:00:00,0.4915,0.02,HOLD,,0,-1
2024-05-06 00:00:00,2024-05-03 12:00:00,0.4913,0.02,HOLD,,1,-1
2024-05-06 12:00:00,2024-05-06 00:00:00,0.4912,0.02,HOLD,,1,-1
2024-05-07 00:00:00,2024-05-06 12:00:00,0.4908,0.02,HOLD,,1,-1
2024-05-07 12:00:00,2024-05-07 00:00:00,0.4899,0.02,HOLD,,1,-1
2024-05-08 00:00:00,2024-05-07 12:00:00,0.49,0.02,HOLD,,1,-1
2024-05-08 12:00:00,2024-05-08 00:00:00,0.4898,0.02,HOLD,,1,-1
2024-05-09 00:00:00,2024-05-08 12:00:00,0.4906,0.02,HOLD,,1,-1
2024-05-09 12:00:00,2024-05-09 00:00:00,0.4907,0.02,HOLD,,1,-1
2024-05-10 00:00:00,2024-05-09 12:00:00,0.4898,0.02,HOLD,,1,-1
2024-05-10 12:00:00,2024-05-10 00:00:00,0.4889,0.02,HOLD,,1,-1
2024-05-13 00:00:00,2024-05-10 12:00:00,0.4886,0.02,HOLD,,1,-1
2024-05-13 12:00:00,2024-05-13 00:00:00,0.4887,0.02,HOLD,,1,-1
2024-05-14 00:00:00,2024-05-13 12:00:00,0.489,0.02,HOLD,,1,-1
2024-05-14 12:00:00,2024-05-14 00:00:00,0.4891,0.02,HOLD,,1,-1
2024-05-15 00:00:00,2024-05-14 12:00:00,0.4886,0.02,HOLD,,1,-1
2024-05-15 12:00:00,2024-05-15 00:00:00,0.4883,0.02,HOLD,,0,-1
2024-05-16 00:00:00,2024-05-15 12:00:00,0.4877,0.02,HOLD,,0,-1
2024-05-16 12:00:00,2024-05-16 00:00:00,0.4868,0.02,HOLD,,0,-1
2024-05-17 00:00:00,2024-05-16 12:00:00,0.4869,0.02,HOLD,,0,-1
2024-05-17 12:00:00,2024-05-17 00:00:00,0.4865,0.02,HOLD,,0,-1
2024-05-20 00:00:00,2024-05-17 12:00:00,0.4867,0.02,HOLD,,0,-1
2024-05-20 12:00:00,2024-05-20 00:00:00,0.4865,0.02,HOLD,,0,-1
2024-05-21 00:00:00,2024-05-20 12:00:00,0.4854,0.02,HOLD,,0,-1
2024-05-21 12:00:00,2024-05-21 00:00:00,0.4847,0.02,HOLD,,0,-1
2024-05-22 00:00:00,2024-05-21 12:00:00,0.4849,0.02,HOLD,,1,-1
2024-05-22 12:00:00,2024-05-22 00:00:00,0.4848,0.02,HOLD,,1,-1
2024-05-23 00:00:00,2024-05-22 12:00:00,0.4849,0.02,HOLD,,1,-1
2024-05-23 12:00:00,2024-05-23 00:00:00,0.4849,0.02,HOLD,,1,-1
2024-05-24 00:00:00,2024-05-23 12:00:00,0.4844,0.02,HOLD,,0,-1
2024-05-24 12:00:00,2024-05-24 00:00:00,0.4839,0.02,HOLD,,0,-1
2024-05-27 00:00:00,2024-05-24 12:00:00,0.483,0.02,HOLD,,0,-1
2024-05-27 12:00:00,2024-05-27 00:00:00,0.4828,0.02,HOLD,,0,-1
2024-05-28 00:00:00,2024-05-27 12:00:00,0.4829,0.02,HOLD,,0,-1
2024-05-28 12:00:00,2024-05-28 00:00:00,0.4825,0.02,HOLD,,0,-1
2024-05-29 00:00:00,2024-05-28 12:00:00,0.4824,0.02,HOLD,,1,-1
2024-05-29 12:00:00,2024-05-29 00:00:00,0.4818,0.02,HOLD,,1,-1
2024-05-30 00:00:00,2024-05-29 12:00:00,0.4799,0.02,SELL,False,1,0
2024-05-30 12:00:00,2024-05-30 00:00:00,0.4793,0.02,SELL,False,1,0
2024-05-31 00:00:00,2024-05-30 12:00:00,0.4784,0.02,SELL,False,1,0
2024-05-31 12:00:00,2024-05-31 00:00:00,0.4776,0.02,SELL,False,1,0
2024-06-03 00:00:00,2024-05-31 12:00:00,0.4763,0.02,SELL,False,1,0
2024-06-03 12:00:00,2024-06-03 00:00:00,0.4761,0.02,SELL,True,0,0
2024-06-04 00:00:00,2024-06-03 12:00:00,0.4753,0.02,SELL,True,0,0
2024-06-04 12:00:00,2024-06-04 00:00:00,0.4746,0.02,SELL,True,0,0
2024-06-05 00:00:00,2024-06-04 12:00:00,0.4744,0.02,SELL,True,0,0
2024-06-05 12:00:00,2024-06-05 00:00:00,0.4743,0.02,SELL,True,0,0
2024-06-06 00:00:00,2024-06-05 12:00:00,0.4745,0.02,SELL,True,0,0
2024-06-06 12:00:00,2024-06-06 00:00:00,0.4745,0.02,SELL,True,0,0
2024-06-07 00:00:00,2024-06-06 12:00:00,0.4735,0.02,SELL,True,0,0
2024-06-07 12:00:00,2024-06-07 00:00:00,0.4726,0.02,SELL,False,1,0
2024-06-10 00:00:00,2024-06-07 12:00:00,0.4728,0.02,SELL,True,0,0
2024-06-10 12:00:00,2024-06-10 00:00:00,0.4729,0.02,SELL,True,0,0
2024-06-11 00:00:00,2024-06-10 12:00:00,0.4721,0.02,SELL,True,0,0
2024-06-11 12:00:00,2024-06-11 00:00:00,0.4725,0.02,SELL,True,0,0
2024-06-12 00:00:00,2024-06-11 12:00:00,0.4728,0.02,SELL,True,0,0
2024-06-12 12:00:00,2024-06-12 00:00:00,0.4729,0.02,SELL,True,0,0
2024-06-13 00:00:00,2024-06-12 12:00:00,0.4729,0.02,SELL,True,0,0
2024-06-13 12:00:00,2024-06-13 00:00:00,0.4732,0.02,SELL,False,1,0
2024-06-14 00:00:00,2024-06-13 12:00:00,0.4727,0.02,SELL,False,1,0
2024-06-14 12:00:00,2024-06-14 00:00:00,0.4735,0.02,SELL,False,1,0
2024-06-17 00:00:00,2024-06-14 12:00:00,0.4729,0.02,SELL,True,0,0
2024-06-17 12:00:00,2024-06-17 00:00:00,0.4738,0.02,SELL,True,0,0
2024-06-18 00:00:00,2024-06-17 12:00:00,0.4744,0.02,SELL,True,0,0
2024-06-18 12:00:00,2024-06-18 00:00:00,0.4745,0.02,SELL,True,0,0
2024-06-19 00:00:00,2024-06-18 12:00:00,0.4742,0.02,SELL,True,0,0
2024-06-19 12:00:00,2024-06-19 00:00:00,0.4743,0.02,SELL,True,0,0
2024-06-20 00:00:00,2024-06-19 12:00:00,0.4753,0.02,SELL,True,0,0
2024-06-20 12:00:00,2024-06-20 00:00:00,0.476,0.02,SELL,True,0,0
2024-06-21 00:00:00,2024-06-20 12:00:00,0.4763,0.02,SELL,True,0,0
2024-06-21 12:00:00,2024-06-21 00:00:00,0.4775,0.02,SELL,True,0,0
2024-06-24 00:00:00,2024-06-21 12:00:00,0.4786,0.02,SELL,True,0,0
2024-06-24 12:00:00,2024-06-24 00:00:00,0.4793,0.02,SELL,True,0,0
2024-06-25 00:00:00,2024-06-24 12:00:00,0.4804,0.02,HOLD,,0,-1
2024-06-25 12:00:00,2024-06-25 00:00:00,0.4807,0.02,HOLD,,1,-1
2024-06-26 00:00:00,2024-06-25 12:00:00,0.4812,0.02,HOLD,,1,-1
2024-06-26 12:00:00,2024-06-26 00:00:00,0.4812,0.02,HOLD,,1,-1
2024-06-27 00:00:00,2024-06-26 12:00:00,0.4819,0.02,HOLD,,1,-1
2024-06-27 12:00:00,2024-06-27 00:00:00,0.4821,0.02,HOLD,,1,-1
2024-06-28 00:00:00,2024-06-27 12:00:00,0.4831,0.02,HOLD,,1,-1
2024-06-28 12:00:00,2024-06-28 00:00:00,0.4837,0.02,HOLD,,1,-1
2024-07-01 00:00:00,2024-06-28 12:00:00,0.4838,0.02,HOLD,,1,-1
2024-07-01 12:00:00,2024-07-01 00:00:00,0.4844,0.02,HOLD,,1,-1
2024-07-02 00:00:00,2024-07-01 12:00:00,0.4851,0.02,HOLD,,1,-1
2024-07-02 12:00:00,2024-07-02 00:00:00,0.4854,0.02,HOLD,,1,-1
2024-07-03 00:00:00,2024-07-02 12:00:00,0.4861,0.02,HOLD,,1,-1
2024-07-03 12:00:00,2024-07-03 00:00:00,0.4871,0.02,HOLD,,1,-1
2024-07-04 00:00:00,2024-07-03 12:00:00,0.4879,0.02,HOLD,,1,-1
2024-07-04 12:00:00,2024-07-04 00:00:00,0.4886,0.02,HOLD,,1,-1
2024-07-05 00:00:00,2024-07-04 12:00:00,0.4884,0.02,HOLD,,1,-1
2024-07-05 12:00:00,2024-07-05 00:00:00,0.4884,0.02,HOLD,,1,-1
2024-07-08 00:00:00,2024-07-05 12:00:00,0.4889,0.02,HOLD,,1,-1
2024-07-08 12:00:00,2024-07-08 00:00:00,0.4897,0.02,HOLD,,1,-1
2024-07-09 00:00:00,2024-07-08 12:00:00,0.4896,0.02,HOLD,,1,-1
2024-07-09 12:00:00,2024-07-09 00:00:00,0.49,0.02,HOLD,,1,-1
2024-07-10 00:00:00,2024-07-09 12:00:00,0.4901,0.02,HOLD,,1,-1
2024-07-10 12:00:00,2024-07-10 00:00:00,0.4908,0.02,HOLD,,1,-1
2024-07-11 00:00:00,2024-07-10 12:00:00,0.4903,0.02,HOLD,,1,-1
2024-07-11 12:00:00,2024-07-11 00:00:00,0.4907,0.02,HOLD,,1,-1
2024-07-12 00:00:00,2024-07-11 12:00:00,0.4906,0.02,HOLD,,1,-1
2024-07-12 12:00:00,2024-07-12 00:00:00,0.4909,0.02,HOLD,,1,-1
2024-07-15 00:00:00,2024-07-12 12:00:00,0.4916,0.02,HOLD,,0,-1
2024-07-15 12:00:00,2024-07-15 00:00:00,0.4919,0.02,HOLD,,0,-1
2024-07-16 00:00:00,2024-07-15 12:00:00,0.4923,0.02,HOLD,,0,-1
2024-07-16 12:00:00,2024-07-16 00:00:00,0.4928,0.02,HOLD,,0,-1
2024-07-17 00:00:00,2024-07-16 12:00:00,0.4934,0.02,HOLD,,0,-1
2024-07-17 12:00:00,2024-07-17 00:00:00,0.4933,0.02,HOLD,,0,-1
2024-07-18 00:00:00,2024-07-17 12:00:00,0.4931,0.02,HOLD,,0,-1
2024-07-18 12:00:00,2024-07-18 00:00:00,0.4933,0.02,HOLD,,0,-1
2024-07-19 00:00:00,2024-07-18 12:00:00,0.494,0.02,HOLD,,0,-1
2024-07-19 12:00:00,2024-07-19 00:00:00,0.4942,0.02,HOLD,,0,-1
2024-07-22 00:00:00,2024-07-19 12:00:00,0.4952,0.02,HOLD,,0,-1
2024-07-22 12:00:00,2024-07-22 00:00:00,0.4955,0.02,HOLD,,0,-1
2024-07-23 00:00:00,2024-07-22 12:00:00,0.4962,0.02,HOLD,,0,-1
2024-07-23 12:00:00,2024-07-23 00:00:00,0.4967,0.02,HOLD,,0,-1
2024-07-24 00:00:00,2024-07-23 12:00:00,0.4964,0.02,HOLD,,0,-1
2024-07-24 12:00:00,2024-07-24 00:00:00,0.4971,0.02,HOLD,,0,-1
2024-07-25 00:00:00,2024-07-24 12:00:00,0.4972,0.02,HOLD,,0,-1
2024-07-25 12:00:00,2024-07-25 00:00:00,0.4982,0.02,HOLD,,0,-1
2024-07-26 00:00:00,2024-07-25 12:00:00,0.4985,0.02,HOLD,,0,-1
2024-07-26 12:00:00,2024-07-26 00:00:00,0.4992,0.02,HOLD,,0,-1
2024-07-29 00:00:00,2024-07-26 12:00:00,0.4982,0.02,HOLD,,0,-1
2024-07-29 12:00:00,2024-07-29 00:00:00,0.4972,0.02,HOLD,,0,-1
2024-07-30 00:00:00,2024-07-29 12:00:00,0.4967,0.02,HOLD,,1,-1
2024-07-30 12:00:00,2024-07-30 00:00:00,0.4967,0.02,HOLD,,1,-1
2024-07-31 00:00:00,2024-07-30 12:00:00,0.4961,0.02,HOLD,,1,-1
2024-07-31 12:00:00,2024-07-31 00:00:00,0.4963,0.02,HOLD,,1,-1
2024-08-01 00:00:00,2024-07-31 12:00:00,0.4967,0.02,HOLD,,1,-1
2024-08-01 12:00:00,2024-08-01 00:00:00,0.4968,0.02,HOLD,,1,-1
2024-08-02 00:00:00,2024-08-01 12:00:00,0.4956,0.02,HOLD,,1,-1
2024-08-02 12:00:00,2024-08-02 00:00:00,0.4947,0.02,HOLD,,1,-1
2024-08-05 00:00:00,2024-08-02 12:00:00,0.494,0.02,HOLD,,0,-1
2024-08-05 12:00:00,2024-08-05 00:00:00,0.4937,0.02,HOLD,,0,-1
2024-08-06 00:00:00,2024-08-05 12:00:00,0.4937,0.02,HOLD,,0,-1
2024-08-06 12:00:00,2024-08-06 00:00:00,0.4935,0.02,HOLD,,0,-1
2024-08-07 00:00:00,2024-08-06 12:00:00,0.4934,0.02,HOLD,,1,-1
2024-08-07 12:00:00,2024-08-07 00:00:00,0.4931,0.02,HOLD,,1,-1
2024-08-08 00:00:00,2024-08-07 12:00:00,0.493,0.02,HOLD,,1,-1
2024-08-08 12:00:00,2024-08-08 00:00:00,0.4926,0.02,HOLD,,1,-1
2024-08-09 00:00:00,2024-08-08 12:00:00,0.4925,0.02,HOLD,,1,-1
2024-08-09 12:00:00,2024-08-09 00:00:00,0.4921,0.02,HOLD,,1,-1
2024-08-12 00:00:00,2024-08-09 12:00:00,0.4918,0.02,HOLD,,1,-1
2024-08-12 12:00:00,2024-08-12 00:00:00,0.4923,0.02,HOLD,,1,-1
2024-08-13 00:00:00,2024-08-12 12:00:00,0.4929,0.02,HOLD,,1,-1
2024-08-13 12:00:00,2024-08-13 00:00:00,0.493,0.02,HOLD,,1,-1
2024-08-14 00:00:00,2024-08-13 12:00:00,0.4923,0.02,HOLD,,1,-1
2024-08-14 12:00:00,2024-08-14 00:00:00,0.4921,0.02,HOLD,,1,-1
2024-08-15 00:00:00,2024-08-14 12:00:00,0.4915,0.02,HOLD,,1,-1
2024-08-15 12:00:00,2024-08-15 00:00:00,0.4916,0.02,HOLD,,1,-1
2024-08-16 00:00:00,2024-08-15 12:00:00,0.4924,0.02,HOLD,,1,-1
2024-08-16 12:00:00,2024-08-16 00:00:00,0.4926,0.02,HOLD,,1,-1
2024-08-19 00:00:00,2024-08-16 12:00:00,0.4929,0.02,HOLD,,1,-1
2024-08-19 12:00:00,2024-08-19 00:00:00,0.4936,0.02,HOLD,,1,-1
2024-08-20 00:00:00,2024-08-19 12:00:00,0.4933,0.02,HOLD,,1,-1
2024-08-20 12:00:00,2024-08-20 00:00:00,0.493,0.02,HOLD,,1,-1
2024-08-21 00:00:00,2024-08-20 12:00:00,0.4933,0.02,HOLD,,1,-1
2024-08-21 12:00:00,2024-08-21 00:00:00,0.4934,0.02,HOLD,,1,-1
2024-08-22 00:00:00,2024-08-21 12:00:00,0.4937,0.02,HOLD,,1,-1
2024-08-22 12:00:00,2024-08-22 00:00:00,0.4939,0.02,HOLD,,1,-1
2024-08-23 00:00:00,2024-08-22 12:00:00,0.4937,0.02,HOLD,,0,-1
2024-08-23 12:00:00,2024-08-23 00:00:00,0.4939,0.02,HOLD,,0,-1
2024-08-26 00:00:00,2024-08-23 12:00:00,0.4933,0.02,HOLD,,0,-1
2024-08-26 12:00:00,2024-08-26 00:00:00,0.4932,0.02,HOLD,,0,-1
2024-08-27 00:00:00,2024-08-26 12:00:00,0.4931,0.02,HOLD,,0,-1
2024-08-27 12:00:00,2024-08-27 00:00:00,0.4929,0.02,HOLD,,0,-1
2024-08-28 00:00:00,2024-08-27 12:00:00,0.4923,0.02,HOLD,,0,-1
2024-08-28 12:00:00,2024-08-28 00:00:00,0.4926,0.02,HOLD,,0,-1
2024-08-29 00:00:00,2024-08-28 12:00:00,0.4928,0.02,HOLD,,0,-1
2024-08-29 12:00:00,2024-08-29 00:00:00,0.4932,0.02,HOLD,,0,-1
2024-08-30 00:00:00,2024-08-29 12:00:00,0.4939,0.02,HOLD,,1,-1
2024-08-30 12:00:00,2024-08-30 00:00:00,0.4942,0.02,HOLD,,1,-1
2024-09-02 00:00:00,2024-08-30 12:00:00,0.4945,0.02,HOLD,,1,-1
2024-09-02 12:00:00,2024-09-02 00:00:00,0.4943,0.02,HOLD,,1,-1
2024-09-03 00:00:00,2024-09-02 12:00:00,0.4943,0.02,HOLD,,1,-1
2024-09-03 12:00:00,2024-09-03 00:00:00,0.4942,0.02,HOLD,,1,-1
2024-09-04 00:00:00,2024-09-03 12:00:00,0.4933,0.02,HOLD,,0,-1
2024-09-04 12:00:00,2024-09-04 00:00:00,0.494,0.02,HOLD,,0,-1
2024-09-05 00:00:00,2024-09-04 12:00:00,0.4941,0.02,HOLD,,0,-1
2024-09-05 12:00:00,2024-09-05 00:00:00,0.4944,0.02,HOLD,,0,-1
2024-09-06 00:00:00,2024-09-05 12:00:00,0.494,0.02,HOLD,,0,-1
2024-09-06 12:00:00,2024-09-06 00:00:00,0.4939,0.02,HOLD,,0,-1
2024-09-09 00:00:00,2024-09-06 12:00:00,0.4939,0.02,HOLD,,1,-1
2024-09-09 12:00:00,2024-09-09 00:00:00,0.4942,0.02,HOLD,,1,-1
2024-09-10 00:00:00,2024-09-09 12:00:00,0.4938,0.02,HOLD,,1,-1
2024-09-10 12:00:00,2024-09-10 00:00:00,0.4938,0.02,HOLD,,1,-1
2024-09-11 00:00:00,2024-09-10 12:00:00,0.4932,0.02,HOLD,,1,-1
2024-09-11 12:00:00,2024-09-11 00:00:00,0.4928,0.02,HOLD,,1,-1
2024-09-12 00:00:00,2024-09-11 12:00:00,0.4932,0.02,HOLD,,1,-1
2024-09-12 12:00:00,2024-09-12 00:00:00,0.4933,0.02,HOLD,,1,-1
2024-09-13 00:00:00,2024-09-12 12:00:00,0.4934,0.02,HOLD,,1,-1
2024-09-13 12:00:00,2024-09-13 00:00:00,0.4941,0.02,HOLD,,1,-1
2024-09-16 00:00:00,2024-09-13 12:00:00,0.4945,0.02,HOLD,,1,-1
2024-09-16 12:00:00,2024-09-16 00:00:00,0.4946,0.02,HOLD,,1,-1
2024-09-17 00:00:00,2024-09-16 12:00:00,0.4941,0.02,HOLD,,1,-1
2024-09-17 12:00:00,2024-09-17 00:00:00,0.4943,0.02,HOLD,,0,-1
2024-09-18 00:00:00,2024-09-17 12:00:00,0.4938,0.02,HOLD,,0,-1
2024-09-18 12:00:00,2024-09-18 00:00:00,0.494,0.02,HOLD,,1,-1
2024-09-19 00:00:00,2024-09-18 12:00:00,0.494,0.02,HOLD,,1,-1
2024-09-19 12:00:00,2024-09-19 00:00:00,0.4936,0.02,HOLD,,1,-1
2024-09-20 00:00:00,2024-09-19 12:00:00,0.4938,0.02,HOLD,,0,-1
2024-09-20 12:00:00,2024-09-20 00:00:00,0.494,0.02,HOLD,,0,-1
2024-09-23 00:00:00,2024-09-20 12:00:00,0.4943,0.02,HOLD,,1,-1
2024-09-23 12:00:00,2024-09-23 00:00:00,0.4944,0.02,HOLD,,1,-1
2024-09-24 00:00:00,2024-09-23 12:00:00,0.4943,0.02,HOLD,,1,-1
2024-09-24 12:00:00,2024-09-24 00:00:00,0.4935,0.02,HOLD,,1,-1
2024-09-25 00:00:00,2024-09-24 12:00:00,0.4925,0.02,HOLD,,0,-1
2024-09-25 12:00:00,2024-09-25 00:00:00,0.4917,0.02,HOLD,,0,-1
2024-09-26 00:00:00,2024-09-25 12:00:00,0.4911,0.02,HOLD,,0,-1
2024-09-26 12:00:00,2024-09-26 00:00:00,0.4908,0.02,HOLD,,0,-1
2024-09-27 00:00:00,2024-09-26 12:00:00,0.4896,0.02,HOLD,,0,-1
2024-09-27 12:00:00,2024-09-27 00:00:00,0.4892,0.02,HOLD,,0,-1
2024-09-30 00:00:00,2024-09-27 12:00:00,0.4886,0.02,HOLD,,0,-1
2024-09-30 12:00:00,2024-09-30 00:00:00,0.4882,0.02,HOLD,,0,-1
2024-10-01 00:00:00,2024-09-30 12:00:00,0.4877,0.02,HOLD,,0,-1
2024-10-01 12:00:00,2024-10-01 00:00:00,0.4873,0.02,HOLD,,0,-1
2024-10-02 00:00:00,2024-10-01 12:00:00,0.4875,0.02,HOLD,,0,-1
2024-10-02 12:00:00,2024-10-02 00:00:00,0.4879,0.02,HOLD,,0,-1
2024-10-03 00:00:00,2024-10-02 12:00:00,0.4879,0.02,HOLD,,0,-1
2024-10-03 12:00:00,2024-10-03 00:00:00,0.4878,0.02,HOLD,,0,-1
2024-10-04 00:00:00,2024-10-03 12:00:00,0.4866,0.02,HOLD,,0,-1
2024-10-04 12:00:00,2024-10-04 00:00:00,0.4867,0.02,HOLD,,0,-1
2024-10-07 00:00:00,2024-10-04 12:00:00,0.4875,0.02,HOLD,,0,-1
2024-10-07 12:00:00,2024-10-07 00:00:00,0.4882,0.02,HOLD,,0,-1
2024-10-08 00:00:00,2024-10-07 12:00:00,0.4888,0.02,HOLD,,0,-1
2024-10-08 12:00:00,2024-10-08 00:00:00,0.4892,0.02,HOLD,,0,-1
2024-10-09 00:00:00,2024-10-08 12:00:00,0.4899,0.02,HOLD,,0,-1
2024-10-09 12:00:00,2024-10-09 00:00:00,0.4903,0.02,HOLD,,0,-1
2024-10-10 00:00:00,2024-10-09 12:00:00,0.4909,0.02,HOLD,,0,-1
2024-10-10 12:00:00,2024-10-10 00:00:00,0.4914,0.02,HOLD,,0,-1
2024-10-11 00:00:00,2024-10-10 12:00:00,0.4908,0.02,HOLD,,0,-1
2024-10-11 12:00:00,2024-10-11 00:00:00,0.4913,0.02,HOLD,,0,-1
2024-10-14 00:00:00,2024-10-11 12:00:00,0.4921,0.02,HOLD,,0,-1
2024-10-14 12:00:00,2024-10-14 00:00:00,0.4928,0.02,HOLD,,0,-1
2024-10-15 00:00:00,2024-10-14 12:00:00,0.4924,0.02,HOLD,,0,-1
2024-10-15 12:00:00,2024-10-15 00:00:00,0.4928,0.02,HOLD,,0,-1
2024-10-16 00:00:00,2024-10-15 12:00:00,0.493,0.02,HOLD,,0,-1
2024-10-16 12:00:00,2024-10-16 00:00:00,0.4928,0.02,HOLD,,0,-1
2024-10-17 00:00:00,2024-10-16 12:00:00,0.4921,0.02,HOLD,,0,-1
2024-10-17 12:00:00,2024-10-17 00:00:00,0.4917,0.02,HOLD,,0,-1
2024-10-18 00:00:00,2024-10-17 12:00:00,0.4912,0.02,HOLD,,0,-1
2024-10-18 12:00:00,2024-10-18 00:00:00,0.4916,0.02,HOLD,,0,-1
2024-10-21 00:00:00,2024-10-18 12:00:00,0.491,0.02,HOLD,,0,-1
2024-10-21 12:00:00,2024-10-21 00:00:00,0.4914,0.02,HOLD,,1,-1
2024-10-22 00:00:00,2024-10-21 12:00:00,0.4912,0.02,HOLD,,0,-1
2024-10-22 12:00:00,2024-10-22 00:00:00,0.4909,0.02,HOLD,,1,-1
2024-10-23 00:00:00,2024-10-22 12:00:00,0.4905,0.02,HOLD,,1,-1
2024-10-23 12:00:00,2024-10-23 00:00:00,0.4906,0.02,HOLD,,1,-1
2024-10-24 00:00:00,2024-10-23 12:00:00,0.4907,0.02,HOLD,,1,-1
2024-10-24 12:00:00,2024-10-24 00:00:00,0.4909,0.02,HOLD,,1,-1
2024-10-25 00:00:00,2024-10-24 12:00:00,0.4904,0.02,HOLD,,1,-1
2024-10-25 12:00:00,2024-10-25 00:00:00,0.4904,0.02,HOLD,,1,-1
2024-10-28 00:00:00,2024-10-25 12:00:00,0.4896,0.02,HOLD,,1,-1
2024-10-28 12:00:00,2024-10-28 00:00:00,0.489,0.02,HOLD,,1,-1
2024-10-29 00:00:00,2024-10-28 12:00:00,0.4884,0.02,HOLD,,1,-1
2024-10-29 12:00:00,2024-10-29 00:00:00,0.4881,0.02,HOLD,,1,-1
2024-10-30 00:00:00,2024-10-29 12:00:00,0.4872,0.02,HOLD,,1,-1
2024-10-30 12:00:00,2024-10-30 00:00:00,0.4871,0.02,HOLD,,1,-1
2024-10-31 00:00:00,2024-10-30 12:00:00,0.4863,0.02,HOLD,,1,-1
2024-10-31 12:00:00,2024-10-31 00:00:00,0.4862,0.02,HOLD,,0,-1
2024-11-01 00:00:00,2024-10-31 12:00:00,0.4864,0.02,HOLD,,0,-1
2024-11-01 12:00:00,2024-11-01 00:00:00,0.4866,0.02,HOLD,,0,-1
2024-11-04 00:00:00,2024-11-01 12:00:00,0.4861,0.02,HOLD,,0,-1
2024-11-04 12:00:00,2024-11-04 00:00:00,0.4863,0.02,HOLD,,0,-1
2024-11-05 00:00:00,2024-11-04 12:00:00,0.4862,0.02,HOLD,,0,-1
2024-11-05 12:00:00,2024-11-05 00:00:00,0.4858,0.02,HOLD,,0,-1
2024-11-06 00:00:00,2024-11-05 12:00:00,0.485,0.02,HOLD,,0,-1
2024-11-06 12:00:00,2024-11-06 00:00:00,0.485,0.02,HOLD,,0,-1
2024-11-07 00:00:00,2024-11-06 12:00:00,0.4851,0.02,HOLD,,0,-1
2024-11-07 12:00:00,2024-11-07 00:00:00,0.4853,0.02,HOLD,,0,-1
2024-11-08 00:00:00,2024-11-07 12:00:00,0.4853,0.02,HOLD,,0,-1
2024-11-08 12:00:00,2024-11-08 00:00:00,0.4859,0.02,HOLD,,0,-1
2024-11-11 00:00:00,2024-11-08 12:00:00,0.4859,0.02,HOLD,,0,-1
2024-11-11 12:00:00,2024-11-11 00:00:00,0.4852,0.02,HOLD,,0,-1
2024-11-12 00:00:00,2024-11-11 12:00:00,0.4862,0.02,HOLD,,0,-1
2024-11-12 12:00:00,2024-11-12 00:00:00,0.4871,0.02,HOLD,,0,-1
2024-11-13 00:00:00,2024-11-12 12:00:00,0.488,0.02,HOLD,,0,-1
2024-11-13 12:00:00,2024-11-13 00:00:00,0.4889,0.02,HOLD,,0,-1
2024-11-14 00:00:00,2024-11-13 12:00:00,0.4884,0.02,HOLD,,1,-1
2024-11-14 12:00:00,2024-11-14 00:00:00,0.4891,0.02,HOLD,,1,-1
2024-11-15 00:00:00,2024-11-14 12:00:00,0.4899,0.02,HOLD,,0,-1
2024-11-15 12:00:00,2024-11-15 00:00:00,0.4897,0.02,HOLD,,0,-1
2024-11-18 00:00:00,2024-11-15 12:00:00,0.4906,0.02,HOLD,,0,-1
2024-11-18 12:00:00,2024-11-18 00:00:00,0.4913,0.02,HOLD,,0,-1
2024-11-19 00:00:00,2024-11-18 12:00:00,0.4904,0.02,HOLD,,0,-1
2024-11-19 12:00:00,2024-11-19 00:00:00,0.49,0.02,HOLD,,0,-1
2024-11-20 00:00:00,2024-11-19 12:00:00,0.489,0.02,HOLD,,0,-1
2024-11-20 12:00:00,2024-11-20 00:00:00,0.4891,0.02,HOLD,,0,-1
2024-11-21 00:00:00,2024-11-20 12:00:00,0.4885,0.02,HOLD,,0,-1
2024-11-21 12:00:00,2024-11-21 00:00:00,0.4882,0.02,HOLD,,1,-1
2024-11-22 00:00:00,2024-11-21 12:00:00,0.4877,0.02,HOLD,,1,-1
2024-11-22 12:00:00,2024-11-22 00:00:00,0.4879,0.02,HOLD,,1,-1
2024-11-25 00:00:00,2024-11-22 12:00:00,0.4869,0.02,HOLD,,1,-1
2024-11-25 12:00:00,2024-11-25 00:00:00,0.4869,0.02,HOLD,,1,-1
2024-11-26 00:00:00,2024-11-25 12:00:00,0.4869,0.02,HOLD,,1,-1
2024-11-26 12:00:00,2024-11-26 00:00:00,0.4871,0.02,HOLD,,1,-1
2024-11-27 00:00:00,2024-11-26 12:00:00,0.4868,0.02,HOLD,,0,-1
2024-11-27 12:00:00,2024-11-27 00:00:00,0.4867,0.02,HOLD,,0,-1
2024-11-28 00:00:00,2024-11-27 12:00:00,0.4866,0.02,HOLD,,0,-1
2024-11-28 12:00:00,2024-11-28 00:00:00,0.4867,0.02,HOLD,,0,-1
2024-11-29 00:00:00,2024-11-28 12:00:00,0.4864,0.02,HOLD,,0,-1
2024-11-29 12:00:00,2024-11-29 00:00:00,0.4864,0.02,HOLD,,0,-1
2024-12-02 00:00:00,2024-11-29 12:00:00,0.4862,0.02,HOLD,,1,-1
2024-12-02 12:00:00,2024-12-02 00:00:00,0.4857,0.02,HOLD,,1,-1
2024-12-03 00:00:00,2024-12-02 12:00:00,0.4853,0.02,HOLD,,1,-1
2024-12-03 12:00:00,2024-12-03 00:00:00,0.4854,0.02,HOLD,,1,-1
2024-12-04 00:00:00,2024-12-03 12:00:00,0.4854,0.02,HOLD,,1,-1
2024-12-04 12:00:00,2024-12-04 00:00:00,0.4857,0.02,HOLD,,1,-1
2024-12-05 00:00:00,2024-12-04 12:00:00,0.4859,0.02,HOLD,,0,-1
2024-12-05 12:00:00,2024-12-05 00:00:00,0.4866,0.02,HOLD,,0,-1
2024-12-06 00:00:00,2024-12-05 12:00:00,0.4864,0.02,HOLD,,0,-1
2024-12-06 12:00:00,2024-12-06 00:00:00,0.487,0.02,HOLD,,0,-1
2024-12-09 00:00:00,2024-12-06 12:00:00,0.4874,0.02,HOLD,,0,-1
2024-12-09 12:00:00,2024-12-09 00:00:00,0.4876,0.02,HOLD,,0,-1
2024-12-10 00:00:00,2024-12-09 12:00:00,0.487,0.02,HOLD,,0,-1
2024-12-10 12:00:00,2024-12-10 00:00:00,0.4875,0.02,HOLD,,0,-1
2024-12-11 00:00:00,2024-12-10 12:00:00,0.4872,0.02,HOLD,,1,-1
2024-12-11 12:00:00,2024-12-11 00:00:00,0.4872,0.02,HOLD,,0,-1
2024-12-12 00:00:00,2024-12-11 12:00:00,0.4868,0.02,HOLD,,0,-1
2024-12-12 12:00:00,2024-12-12 00:00:00,0.4874,0.02,HOLD,,1,-1
2024-12-13 00:00:00,2024-12-12 12:00:00,0.4878,0.02,HOLD,,0,-1
2024-12-13 12:00:00,2024-12-13 00:00:00,0.4882,0.02,HOLD,,0,-1
2024-12-16 00:00:00,2024-12-13 12:00:00,0.488,0.02,HOLD,,0,-1
2024-12-16 12:00:00,2024-12-16 00:00:00,0.4882,0.02,HOLD,,0,-1
2024-12-17 00:00:00,2024-12-16 12:00:00,0.4889,0.02,HOLD,,0,-1
2024-12-17 12:00:00,2024-12-17 00:00:00,0.4891,0.02,HOLD,,0,-1
2024-12-18 00:00:00,2024-12-17 12:00:00,0.4884,0.02,HOLD,,0,-1
2024-12-18 12:00:00,2024-12-18 00:00:00,0.4891,0.02,HOLD,,1,-1
2024-12-19 00:00:00,2024-12-18 12:00:00,0.4891,0.02,HOLD,,0,-1
2024-12-19 12:00:00,2024-12-19 00:00:00,0.4892,0.02,HOLD,,1,-1
2024-12-20 00:00:00,2024-12-19 12:00:00,0.4892,0.02,HOLD,,1,-1
2024-12-20 12:00:00,2024-12-20 00:00:00,0.4892,0.02,HOLD,,0,-1
2024-12-23 00:00:00,2024-12-20 12:00:00,0.4888,0.02,HOLD,,1,-1
2024-12-23 12:00:00,2024-12-23 00:00:00,0.4897,0.02,HOLD,,1,-1
2024-12-24 00:00:00,2024-12-23 12:00:00,0.4896,0.02,HOLD,,1,-1
2024-12-24 12:00:00,2024-12-24 00:00:00,0.4897,0.02,HOLD,,1,-1
2024-12-25 00:00:00,2024-12-24 12:00:00,0.4899,0.02,HOLD,,1,-1
2024-12-26 00:00:00,2024-12-25 00:00:00,0.4877,0.02,HOLD,,0,-1
2024-12-26 12:00:00,2024-12-26 00:00:00,0.4866,0.02,HOLD,,0,-1
2024-12-27 00:00:00,2024-12-26 12:00:00,0.487,0.02,HOLD,,0,-1
2024-12-27 12:00:00,2024-12-27 00:00:00,0.4876,0.02,HOLD,,0,-1
2024-12-30 00:00:00,2024-12-27 12:00:00,0.4872,0.02,HOLD,,0,-1
2024-12-30 12:00:00,2024-12-30 00:00:00,0.4858,0.02,HOLD,,0,-1
2024-12-31 00:00:00,2024-12-30 12:00:00,0.4851,0.02,HOLD,,0,-1
2025-01-02 00:00:00,2024-12-31 12:00:00,0.521,0.04,HOLD,,0,-1
2025-01-02 12:00:00,2025-01-02 00:00:00,0.5165,0.04,HOLD,,1,-1
2025-01-03 00:00:00,2025-01-02 12:00:00,0.5145,0.04,HOLD,,1,-1
2025-01-03 12:00:00,2025-01-03 00:00:00,0.5148,0.04,HOLD,,0,-1
2025-01-06 00:00:00,2025-01-03 12:00:00,0.5118,0.04,HOLD,,0,-1
2025-01-06 12:00:00,2025-01-06 00:00:00,0.5097,0.04,HOLD,,0,-1
2025-01-07 00:00:00,2025-01-06 12:00:00,0.5112,0.04,HOLD,,0,-1
2025-01-07 12:00:00,2025-01-07 00:00:00,0.5105,0.04,HOLD,,0,-1
2025-01-08 00:00:00,2025-01-07 12:00:00,0.5104,0.04,HOLD,,0,-1
2025-01-08 12:00:00,2025-01-08 00:00:00,0.5106,0.04,HOLD,,0,-1
2025-01-09 00:00:00,2025-01-08 12:00:00,0.51,0.04,HOLD,,1,-1
2025-01-09 12:00:00,2025-01-09 00:00:00,0.5098,0.04,HOLD,,1,-1
2025-01-10 00:00:00,2025-01-09 12:00:00,0.5127,0.04,HOLD,,0,-1
2025-01-10 12:00:00,2025-01-10 00:00:00,0.5077,0.04,HOLD,,1,-1
2025-01-13 00:00:00,2025-01-10 12:00:00,0.5093,0.04,HOLD,,1,-1
2025-01-13 12:00:00,2025-01-13 00:00:00,0.5079,0.04,HOLD,,1,-1
2025-01-14 00:00:00,2025-01-13 12:00:00,0.5014,0.04,HOLD,,1,-1
2025-01-14 12:00:00,2025-01-14 00:00:00,0.5015,0.04,HOLD,,0,-1
2025-01-15 00:00:00,2025-01-14 12:00:00,0.5055,0.04,HOLD,,1,-1
2025-01-15 12:00:00,2025-01-15 00:00:00,0.5064,0.04,HOLD,,1,-1
2025-01-16 00:00:00,2025-01-15 12:00:00,0.5028,0.04,HOLD,,1,-1
2025-01-16 12:00:00,2025-01-16 00:00:00,0.5048,0.04,HOLD,,1,-1
2025-01-17 00:00:00,2025-01-16 12:00:00,0.5056,0.04,HOLD,,1,-1
2025-01-17 12:00:00,2025-01-17 00:00:00,0.5097,0.04,HOLD,,1,-1
2025-01-20 00:00:00,2025-01-17 12:00:00,0.5125,0.04,HOLD,,1,-1
2025-01-20 12:00:00,2025-01-20 00:00:00,0.5128,0.04,HOLD,,1,-1
2025-01-21 00:00:00,2025-01-20 12:00:00,0.5152,0.04,HOLD,,1,-1
2025-01-21 12:00:00,2025-01-21 00:00:00,0.5142,0.04,HOLD,,1,-1
2025-01-22 00:00:00,2025-01-21 12:00:00,0.5126,0.04,HOLD,,1,-1
2025-01-22 12:00:00,2025-01-22 00:00:00,0.507,0.04,HOLD,,1,-1
2025-01-23 00:00:00,2025-01-22 12:00:00,0.5063,0.04,HOLD,,1,-1
2025-01-23 12:00:00,2025-01-23 00:00:00,0.506,0.04,HOLD,,0,-1
2025-01-24 00:00:00,2025-01-23 12:00:00,0.5029,0.04,HOLD,,0,-1
2025-01-24 12:00:00,2025-01-24 00:00:00,0.5004,0.04,HOLD,,0,-1
2025-01-27 00:00:00,2025-01-24 12:00:00,0.502,0.04,HOLD,,0,-1
2025-01-27 12:00:00,2025-01-27 00:00:00,0.5051,0.04,HOLD,,0,-1
2025-01-28 00:00:00,2025-01-27 12:00:00,0.5068,0.04,HOLD,,0,-1
2025-01-28 12:00:00,2025-01-28 00:00:00,0.5059,0.04,HOLD,,0,-1
2025-01-29 00:00:00,2025-01-28 12:00:00,0.5024,0.04,HOLD,,0,-1
2025-01-29 12:00:00,2025-01-29 00:00:00,0.5051,0.04,HOLD,,0,-1
2025-01-30 00:00:00,2025-01-29 12:00:00,0.5038,0.04,HOLD,,0,-1
2025-01-30 12:00:00,2025-01-30 00:00:00,0.4999,0.04,HOLD,,1,-1
2025-01-31 00:00:00,2025-01-30 12:00:00,0.5007,0.04,HOLD,,1,-1
2025-01-31 12:00:00,2025-01-31 00:00:00,0.5003,0.04,HOLD,,0,-1
2025-02-03 00:00:00,2025-01-31 12:00:00,0.5023,0.04,HOLD,,1,-1
2025-02-03 12:00:00,2025-02-03 00:00:00,0.5042,0.04,HOLD,,1,-1
2025-02-04 00:00:00,2025-02-03 12:00:00,0.5039,0.04,HOLD,,0,-1
2025-02-04 12:00:00,2025-02-04 00:00:00,0.5077,0.04,HOLD,,0,-1
2025-02-05 00:00:00,2025-02-04 12:00:00,0.5103,0.04,HOLD,,0,-1
2025-02-05 12:00:00,2025-02-05 00:00:00,0.5095,0.04,HOLD,,0,-1
2025-02-06 00:00:00,2025-02-05 12:00:00,0.5113,0.04,HOLD,,1,-1
2025-02-06 12:00:00,2025-02-06 00:00:00,0.5104,0.04,HOLD,,0,-1
2025-02-07 00:00:00,2025-02-06 12:00:00,0.5117,0.04,HOLD,,0,-1
2025-02-07 12:00:00,2025-02-07 00:00:00,0.5081,0.04,HOLD,,1,-1
2025-02-10 00:00:00,2025-02-07 12:00:00,0.5053,0.04,HOLD,,1,-1
2025-02-10 12:00:00,2025-02-10 00:00:00,0.5076,0.04,HOLD,,1,-1
2025-02-11 00:00:00,2025-02-10 12:00:00,0.5067,0.04,HOLD,,1,-1
2025-02-11 12:00:00,2025-02-11 00:00:00,0.5107,0.04,HOLD,,1,-1
2025-02-12 00:00:00,2025-02-11 12:00:00,0.5133,0.04,HOLD,,1,-1
2025-02-12 12:00:00,2025-02-12 00:00:00,0.5105,0.04,HOLD,,1,-1
2025-02-13 00:00:00,2025-02-12 12:00:00,0.511,0.04,HOLD,,1,-1
2025-02-13 12:00:00,2025-02-13 00:00:00,0.51,0.04,HOLD,,0,-1
2025-02-14 00:00:00,2025-02-13 12:00:00,0.513,0.04,HOLD,,0,-1
2025-02-14 12:00:00,2025-02-14 00:00:00,0.5112,0.04,HOLD,,0,-1
2025-02-17 00:00:00,2025-02-14 12:00:00,0.5115,0.04,HOLD,,1,-1
2025-02-17 12:00:00,2025-02-17 00:00:00,0.5104,0.04,HOLD,,0,-1
2025-02-18 00:00:00,2025-02-17 12:00:00,0.5104,0.04,HOLD,,0,-1
2025-02-18 12:00:00,2025-02-18 00:00:00,0.509,0.04,HOLD,,1,-1
2025-02-19 00:00:00,2025-02-18 12:00:00,0.5074,0.04,HOLD,,1,-1
2025-02-19 12:00:00,2025-02-19 00:00:00,0.5068,0.04,HOLD,,1,-1
2025-02-20 00:00:00,2025-02-19 12:00:00,0.5061,0.04,HOLD,,1,-1
2025-02-20 12:00:00,2025-02-20 00:00:00,0.5036,0.04,HOLD,,0,-1
2025-02-21 00:00:00,2025-02-20 12:00:00,0.4992,0.04,HOLD,,1,-1
2025-02-21 12:00:00,2025-02-21 00:00:00,0.4987,0.04,HOLD,,1,-1
2025-02-24 00:00:00,2025-02-21 12:00:00,0.4999,0.04,HOLD,,0,-1
2025-02-24 12:00:00,2025-02-24 00:00:00,0.5033,0.04,HOLD,,0,-1
2025-02-25 00:00:00,2025-02-24 12:00:00,0.5067,0.04,HOLD,,0,-1
2025-02-25 12:00:00,2025-02-25 00:00:00,0.5097,0.04,HOLD,,0,-1
2025-02-26 00:00:00,2025-02-25 12:00:00,0.5103,0.04,HOLD,,0,-1
2025-02-26 12:00:00,2025-02-26 00:00:00,0.5061,0.04,HOLD,,1,-1
2025-02-27 00:00:00,2025-02-26 12:00:00,0.5008,0.04,HOLD,,1,-1
2025-02-27 12:00:00,2025-02-27 00:00:00,0.4997,0.04,HOLD,,1,-1
2025-02-28 00:00:00,2025-02-27 12:00:00,0.4991,0.04,HOLD,,1,-1
2025-02-28 12:00:00,2025-02-28 00:00:00,0.4971,0.04,HOLD,,1,-1
2025-03-03 00:00:00,2025-02-28 12:00:00,0.495,0.04,HOLD,,1,-1
2025-03-03 12:00:00,2025-03-03 00:00:00,0.4918,0.04,HOLD,,1,-1
2025-03-04 00:00:00,2025-03-03 12:00:00,0.4926,0.04,HOLD,,1,-1
2025-03-04 12:00:00,2025-03-04 00:00:00,0.4958,0.04,HOLD,,1,-1
2025-03-05 00:00:00,2025-03-04 12:00:00,0.4968,0.04,HOLD,,1,-1
2025-03-05 12:00:00,2025-03-05 00:00:00,0.4966,0.04,HOLD,,1,-1
2025-03-06 00:00:00,2025-03-05 12:00:00,0.4944,0.04,HOLD,,1,-1
2025-03-06 12:00:00,2025-03-06 00:00:00,0.4906,0.04,HOLD,,1,-1
2025-03-07 00:00:00,2025-03-06 12:00:00,0.487,0.04,HOLD,,1,-1
2025-03-07 12:00:00,2025-03-07 00:00:00,0.4841,0.04,HOLD,,1,-1
2025-03-10 00:00:00,2025-03-07 12:00:00,0.4825,0.04,HOLD,,0,-1
2025-03-10 12:00:00,2025-03-10 00:00:00,0.4812,0.04,HOLD,,1,-1
2025-03-11 00:00:00,2025-03-10 12:00:00,0.4842,0.04,HOLD,,0,-1
2025-03-11 12:00:00,2025-03-11 00:00:00,0.4857,0.04,HOLD,,0,-1
2025-03-12 00:00:00,2025-03-11 12:00:00,0.4848,0.04,HOLD,,1,-1
2025-03-12 12:00:00,2025-03-12 00:00:00,0.4858,0.04,HOLD,,1,-1
2025-03-13 00:00:00,2025-03-12 12:00:00,0.4873,0.04,HOLD,,1,-1
2025-03-13 12:00:00,2025-03-13 00:00:00,0.4835,0.04,HOLD,,1,-1
2025-03-14 00:00:00,2025-03-13 12:00:00,0.4819,0.04,HOLD,,1,-1
2025-03-14 12:00:00,2025-03-14 00:00:00,0.4865,0.04,HOLD,,0,-1
2025-03-17 00:00:00,2025-03-14 12:00:00,0.4889,0.04,HOLD,,0,-1
2025-03-17 12:00:00,2025-03-17 00:00:00,0.4872,0.04,HOLD,,0,-1
2025-03-18 00:00:00,2025-03-17 12:00:00,0.4895,0.04,HOLD,,0,-1
2025-03-18 12:00:00,2025-03-18 00:00:00,0.4873,0.04,HOLD,,0,-1
2025-03-19 00:00:00,2025-03-18 12:00:00,0.4842,0.04,HOLD,,0,-1
2025-03-19 12:00:00,2025-03-19 00:00:00,0.4849,0.04,HOLD,,0,-1
2025-03-20 00:00:00,2025-03-19 12:00:00,0.4835,0.04,HOLD,,0,-1
2025-03-20 12:00:00,2025-03-20 00:00:00,0.4854,0.04,HOLD,,0,-1
2025-03-21 00:00:00,2025-03-20 12:00:00,0.487,0.04,HOLD,,0,-1
2025-03-21 12:00:00,2025-03-21 00:00:00,0.4851,0.04,HOLD,,0,-1
2025-03-24 00:00:00,2025-03-21 12:00:00,0.4862,0.04,HOLD,,0,-1
2025-03-24 12:00:00,2025-03-24 00:00:00,0.4797,0.04,HOLD,,0,-1
2025-03-25 00:00:00,2025-03-24 12:00:00,0.4843,0.04,HOLD,,1,-1
2025-03-25 12:00:00,2025-03-25 00:00:00,0.4857,0.04,HOLD,,1,-1
2025-03-26 00:00:00,2025-03-25 12:00:00,0.4895,0.04,HOLD,,1,-1
2025-03-26 12:00:00,2025-03-26 00:00:00,0.494,0.04,HOLD,,1,-1
2025-03-27 00:00:00,2025-03-26 12:00:00,0.4967,0.04,HOLD,,1,-1
2025-03-27 12:00:00,2025-03-27 00:00:00,0.4962,0.04,HOLD,,0,-1
2025-03-28 00:00:00,2025-03-27 12:00:00,0.4961,0.04,HOLD,,1,-1
2025-03-28 12:00:00,2025-03-28 00:00:00,0.4977,0.04,HOLD,,1,-1
2025-03-31 00:00:00,2025-03-28 12:00:00,0.4963,0.04,HOLD,,1,-1
2025-03-31 12:00:00,2025-03-31 00:00:00,0.4924,0.04,HOLD,,1,-1
2025-04-01 00:00:00,2025-03-31 12:00:00,0.4944,0.04,HOLD,,1,-1
2025-04-01 12:00:00,2025-04-01 00:00:00,0.4932,0.04,HOLD,,1,-1
2025-04-02 00:00:00,2025-04-01 12:00:00,0.4961,0.04,HOLD,,1,-1
2025-04-02 12:00:00,2025-04-02 00:00:00,0.4979,0.04,HOLD,,1,-1
2025-04-03 00:00:00,2025-04-02 12:00:00,0.4961,0.04,HOLD,,0,-1
2025-04-03 12:00:00,2025-04-03 00:00:00,0.4989,0.04,HOLD,,0,-1
2025-04-04 00:00:00,2025-04-03 12:00:00,0.4978,0.04,HOLD,,0,-1
2025-04-04 12:00:00,2025-04-04 00:00:00,0.5003,0.04,HOLD,,1,-1
2025-04-07 00:00:00,2025-04-04 12:00:00,0.4992,0.04,HOLD,,1,-1
2025-04-07 12:00:00,2025-04-07 00:00:00,0.4986,0.04,HOLD,,1,-1
2025-04-08 00:00:00,2025-04-07 12:00:00,0.4967,0.04,HOLD,,1,-1
2025-04-08 12:00:00,2025-04-08 00:00:00,0.4949,0.04,HOLD,,1,-1
2025-04-09 00:00:00,2025-04-08 12:00:00,0.4935,0.04,HOLD,,1,-1
2025-04-09 12:00:00,2025-04-09 00:00:00,0.4927,0.04,HOLD,,1,-1
2025-04-10 00:00:00,2025-04-09 12:00:00,0.4887,0.04,HOLD,,1,-1
2025-04-10 12:00:00,2025-04-10 00:00:00,0.4899,0.04,HOLD,,1,-1
2025-04-11 00:00:00,2025-04-10 12:00:00,0.4927,0.04,HOLD,,0,-1
2025-04-11 12:00:00,2025-04-11 00:00:00,0.4956,0.04,HOLD,,1,-1
2025-04-14 00:00:00,2025-04-11 12:00:00,0.4924,0.04,HOLD,,0,-1
2025-04-14 12:00:00,2025-04-14 00:00:00,0.4919,0.04,HOLD,,1,-1
2025-04-15 00:00:00,2025-04-14 12:00:00,0.4883,0.04,HOLD,,1,-1
2025-04-15 12:00:00,2025-04-15 00:00:00,0.4864,0.04,HOLD,,1,-1
2025-04-16 00:00:00,2025-04-15 12:00:00,0.4882,0.04,HOLD,,1,-1
2025-04-16 12:00:00,2025-04-16 00:00:00,0.4893,0.04,HOLD,,1,-1
2025-04-17 00:00:00,2025-04-16 12:00:00,0.4882,0.04,HOLD,,1,-1
2025-04-17 12:00:00,2025-04-17 00:00:00,0.4851,0.04,HOLD,,1,-1
2025-04-18 00:00:00,2025-04-17 12:00:00,0.4842,0.04,HOLD,,0,-1
2025-04-18 12:00:00,2025-04-18 00:00:00,0.48,0.04,HOLD,,0,-1
2025-04-21 00:00:00,2025-04-18 12:00:00,0.4795,0.04,HOLD,,0,-1
2025-04-21 12:00:00,2025-04-21 00:00:00,0.4805,0.04,HOLD,,0,-1
2025-04-22 00:00:00,2025-04-21 12:00:00,0.483,0.04,HOLD,,0,-1
2025-04-22 12:00:00,2025-04-22 00:00:00,0.4843,0.04,HOLD,,0,-1
2025-04-23 00:00:00,2025-04-22 12:00:00,0.4863,0.04,HOLD,,1,-1
2025-04-23 12:00:00,2025-04-23 00:00:00,0.4909,0.04,HOLD,,1,-1
2025-04-24 00:00:00,2025-04-23 12:00:00,0.4948,0.04,HOLD,,1,-1
2025-04-24 12:00:00,2025-04-24 00:00:00,0.4986,0.04,HOLD,,0,-1
2025-04-25 00:00:00,2025-04-24 12:00:00,0.4979,0.04,HOLD,,0,-1
2025-04-25 12:00:00,2025-04-25 00:00:00,0.4996,0.04,HOLD,,0,-1
2025-04-28 00:00:00,2025-04-25 12:00:00,0.503,0.04,HOLD,,0,-1
2025-04-28 12:00:00,2025-04-28 00:00:00,0.5002,0.04,HOLD,,0,-1
2025-04-29 00:00:00,2025-04-28 12:00:00,0.4996,0.04,HOLD,,0,-1
2025-04-29 12:00:00,2025-04-29 00:00:00,0.5024,0.04,HOLD,,0,-1
2025-04-30 00:00:00,2025-04-29 12:00:00,0.5043,0.04,HOLD,,0,-1
2025-04-30 12:00:00,2025-04-30 00:00:00,0.5017,0.04,HOLD,,1,-1
2025-05-01 00:00:00,2025-04-30 12:00:00,0.5014,0.04,HOLD,,1,-1
2025-05-01 12:00:00,2025-05-01 00:00:00,0.4976,0.04,HOLD,,1,-1
2025-05-02 00:00:00,2025-05-01 12:00:00,0.4947,0.04,HOLD,,0,-1
2025-05-02 12:00:00,2025-05-02 00:00:00,0.4919,0.04,HOLD,,0,-1
2025-05-05 00:00:00,2025-05-02 12:00:00,0.4945,0.04,HOLD,,0,-1
2025-05-05 12:00:00,2025-05-05 00:00:00,0.4957,0.04,HOLD,,0,-1
2025-05-06 00:00:00,2025-05-05 12:00:00,0.4977,0.04,HOLD,,0,-1
2025-05-06 12:00:00,2025-05-06 00:00:00,0.4995,0.04,HOLD,,0,-1
2025-05-07 00:00:00,2025-05-06 12:00:00,0.4971,0.04,HOLD,,0,-1
2025-05-07 12:00:00,2025-05-07 00:00:00,0.4965,0.04,HOLD,,0,-1
2025-05-08 00:00:00,2025-05-07 12:00:00,0.4927,0.04,HOLD,,0,-1
2025-05-08 12:00:00,2025-05-08 00:00:00,0.4935,0.04,HOLD,,1,-1
2025-05-09 00:00:00,2025-05-08 12:00:00,0.4878,0.04,HOLD,,0,-1
2025-05-09 12:00:00,2025-05-09 00:00:00,0.4903,0.04,HOLD,,0,-1
2025-05-12 00:00:00,2025-05-09 12:00:00,0.489,0.04,HOLD,,1,-1
2025-05-12 12:00:00,2025-05-12 00:00:00,0.4914,0.04,HOLD,,1,-1
2025-05-13 00:00:00,2025-05-12 12:00:00,0.4917,0.04,HOLD,,1,-1
2025-05-13 12:00:00,2025-05-13 00:00:00,0.4893,0.04,HOLD,,1,-1
2025-05-14 00:00:00,2025-05-13 12:00:00,0.4921,0.04,HOLD,,0,-1
2025-05-14 12:00:00,2025-05-14 00:00:00,0.4907,0.04,HOLD,,1,-1
2025-05-15 00:00:00,2025-05-14 12:00:00,0.4915,0.04,HOLD,,1,-1
2025-05-15 12:00:00,2025-05-15 00:00:00,0.4919,0.04,HOLD,,1,-1
2025-05-16 00:00:00,2025-05-15 12:00:00,0.4955,0.04,HOLD,,1,-1
2025-05-16 12:00:00,2025-05-16 00:00:00,0.4969,0.04,HOLD,,1,-1
2025-05-19 00:00:00,2025-05-16 12:00:00,0.4989,0.04,HOLD,,1,-1
2025-05-19 12:00:00,2025-05-19 00:00:00,0.5008,0.04,HOLD,,1,-1
2025-05-20 00:00:00,2025-05-19 12:00:00,0.4989,0.04,HOLD,,1,-1
2025-05-20 12:00:00,2025-05-20 00:00:00,0.4989,0.04,HOLD,,1,-1
2025-05-21 00:00:00,2025-05-20 12:00:00,0.4987,0.04,HOLD,,1,-1
2025-05-21 12:00:00,2025-05-21 00:00:00,0.4986,0.04,HOLD,,1,-1
2025-05-22 00:00:00,2025-05-21 12:00:00,0.5011,0.04,HOLD,,1,-1
2025-05-22 12:00:00,2025-05-22 00:00:00,0.5035,0.04,HOLD,,1,-1
2025-05-23 00:00:00,2025-05-22 12:00:00,0.51,0.04,HOLD,,0,-1
2025-05-23 12:00:00,2025-05-23 00:00:00,0.5082,0.04,HOLD,,0,-1
2025-05-26 00:00:00,2025-05-23 12:00:00,0.504,0.04,HOLD,,0,-1
2025-05-26 12:00:00,2025-05-26 00:00:00,0.5001,0.04,HOLD,,0,-1
2025-05-27 00:00:00,2025-05-26 12:00:00,0.5003,0.04,HOLD,,0,-1
2025-05-27 12:00:00,2025-05-27 00:00:00,0.4989,0.04,HOLD,,1,-1
2025-05-28 00:00:00,2025-05-27 12:00:00,0.4971,0.04,HOLD,,1,-1
2025-05-28 12:00:00,2025-05-28 00:00:00,0.5004,0.04,HOLD,,1,-1
2025-05-29 00:00:00,2025-05-28 12:00:00,0.4999,0.04,HOLD,,1,-1
2025-05-29 12:00:00,2025-05-29 00:00:00,0.5011,0.04,HOLD,,1,-1
2025-05-30 00:00:00,2025-05-29 12:00:00,0.5062,0.04,HOLD,,1,-1
2025-05-30 12:00:00,2025-05-30 00:00:00,0.5136,0.04,HOLD,,1,-1
2025-06-02 00:00:00,2025-05-30 12:00:00,0.5158,0.04,HOLD,,1,-1
2025-06-02 12:00:00,2025-06-02 00:00:00,0.516,0.04,HOLD,,0,-1
2025-06-03 00:00:00,2025-06-02 12:00:00,0.5147,0.04,HOLD,,0,-1
2025-06-03 12:00:00,2025-06-03 00:00:00,0.512,0.04,HOLD,,1,-1
2025-06-04 00:00:00,2025-06-03 12:00:00,0.5092,0.04,HOLD,,1,-1
2025-06-04 12:00:00,2025-06-04 00:00:00,0.5104,0.04,HOLD,,0,-1
2025-06-05 00:00:00,2025-06-04 12:00:00,0.5123,0.04,HOLD,,1,-1
2025-06-05 12:00:00,2025-06-05 00:00:00,0.5109,0.04,HOLD,,0,-1
2025-06-06 00:00:00,2025-06-05 12:00:00,0.508,0.04,HOLD,,1,-1
2025-06-06 12:00:00,2025-06-06 00:00:00,0.5071,0.04,HOLD,,1,-1
2025-06-09 00:00:00,2025-06-06 12:00:00,0.5075,0.04,HOLD,,1,-1
2025-06-09 12:00:00,2025-06-09 00:00:00,0.5124,0.04,HOLD,,1,-1
2025-06-10 00:00:00,2025-06-09 12:00:00,0.5156,0.04,HOLD,,1,-1
2025-06-10 12:00:00,2025-06-10 00:00:00,0.5132,0.04,HOLD,,1,-1
2025-06-11 00:00:00,2025-06-10 12:00:00,0.5111,0.04,HOLD,,1,-1
2025-06-11 12:00:00,2025-06-11 00:00:00,0.5034,0.04,HOLD,,1,-1
2025-06-12 00:00:00,2025-06-11 12:00:00,0.5034,0.04,HOLD,,0,-1
2025-06-12 12:00:00,2025-06-12 00:00:00,0.5011,0.04,HOLD,,0,-1
2025-06-13 00:00:00,2025-06-12 12:00:00,0.5002,0.04,HOLD,,0,-1
2025-06-13 12:00:00,2025-06-13 00:00:00,0.4972,0.04,HOLD,,0,-1
2025-06-16 00:00:00,2025-06-13 12:00:00,0.4954,0.04,HOLD,,0,-1
2025-06-16 12:00:00,2025-06-16 00:00:00,0.4938,0.04,HOLD,,0,-1
2025-06-17 00:00:00,2025-06-16 12:00:00,0.4949,0.04,HOLD,,0,-1
2025-06-17 12:00:00,2025-06-17 00:00:00,0.4959,0.04,HOLD,,1,-1
2025-06-18 00:00:00,2025-06-17 12:00:00,0.4934,0.04,HOLD,,1,-1
2025-06-18 12:00:00,2025-06-18 00:00:00,0.4908,0.04,HOLD,,1,-1
2025-06-19 00:00:00,2025-06-18 12:00:00,0.4888,0.04,HOLD,,1,-1
2025-06-19 12:00:00,2025-06-19 00:00:00,0.4836,0.04,HOLD,,1,-1
2025-06-20 00:00:00,2025-06-19 12:00:00,0.4824,0.04,HOLD,,1,-1
2025-06-20 12:00:00,2025-06-20 00:00:00,0.4824,0.04,HOLD,,1,-1
2025-06-23 00:00:00,2025-06-20 12:00:00,0.4845,0.04,HOLD,,1,-1
2025-06-23 12:00:00,2025-06-23 00:00:00,0.4838,0.04,HOLD,,1,-1
2025-06-24 00:00:00,2025-06-23 12:00:00,0.4848,0.04,HOLD,,1,-1
2025-06-24 12:00:00,2025-06-24 00:00:00,0.4828,0.04,HOLD,,1,-1
2025-06-25 00:00:00,2025-06-24 12:00:00,0.4847,0.04,HOLD,,1,-1
2025-06-25 12:00:00,2025-06-25 00:00:00,0.4845,0.04,HOLD,,1,-1
2025-06-26 00:00:00,2025-06-25 12:00:00,0.484,0.04,HOLD,,1,-1
2025-06-26 12:00:00,2025-06-26 00:00:00,0.4807,0.04,HOLD,,1,-1
2025-06-27 00:00:00,2025-06-26 12:00:00,0.4783,0.04,HOLD,,1,-1
2025-06-27 12:00:00,2025-06-27 00:00:00,0.4749,0.04,HOLD,,1,-1
2025-06-30 00:00:00,2025-06-27 12:00:00,0.4769,0.04,HOLD,,1,-1
2025-06-30 12:00:00,2025-06-30 00:00:00,0.4691,0.04,HOLD,,0,-1
2025-07-01 00:00:00,2025-06-30 12:00:00,0.4651,0.04,HOLD,,0,-1
2025-07-01 12:00:00,2025-07-01 00:00:00,0.4647,0.04,HOLD,,0,-1
2025-07-02 00:00:00,2025-07-01 12:00:00,0.4662,0.04,HOLD,,0,-1
2025-07-02 12:00:00,2025-07-02 00:00:00,0.4703,0.04,HOLD,,0,-1
2025-07-03 00:00:00,2025-07-02 12:00:00,0.4705,0.04,HOLD,,0,-1
2025-07-03 12:00:00,2025-07-03 00:00:00,0.4684,0.04,HOLD,,0,-1
2025-07-04 00:00:00,2025-07-03 12:00:00,0.468,0.04,HOLD,,0,-1
2025-07-04 12:00:00,2025-07-04 00:00:00,0.4671,0.04,HOLD,,0,-1
2025-07-07 00:00:00,2025-07-04 12:00:00,0.4643,0.04,HOLD,,0,-1
2025-07-07 12:00:00,2025-07-07 00:00:00,0.4663,0.04,HOLD,,0,-1
2025-07-08 00:00:00,2025-07-07 12:00:00,0.4693,0.04,HOLD,,0,-1
2025-07-08 12:00:00,2025-07-08 00:00:00,0.468,0.04,HOLD,,0,-1
2025-07-09 00:00:00,2025-07-08 12:00:00,0.4673,0.04,HOLD,,0,-1
2025-07-09 12:00:00,2025-07-09 00:00:00,0.4712,0.04,HOLD,,0,-1
2025-07-10 00:00:00,2025-07-09 12:00:00,0.4723,0.04,HOLD,,0,-1
2025-07-10 12:00:00,2025-07-10 00:00:00,0.4713,0.04,HOLD,,0,-1
2025-07-11 00:00:00,2025-07-10 12:00:00,0.4682,0.04,HOLD,,0,-1
2025-07-11 12:00:00,2025-07-11 00:00:00,0.4708,0.04,HOLD,,0,-1
2025-07-14 00:00:00,2025-07-11 12:00:00,0.4718,0.04,HOLD,,0,-1
2025-07-14 12:00:00,2025-07-14 00:00:00,0.4763,0.04,HOLD,,0,-1
2025-07-15 00:00:00,2025-07-14 12:00:00,0.4753,0.04,HOLD,,0,-1
2025-07-15 12:00:00,2025-07-15 00:00:00,0.4752,0.04,HOLD,,1,-1
2025-07-16 00:00:00,2025-07-15 12:00:00,0.4744,0.04,HOLD,,1,-1
2025-07-16 12:00:00,2025-07-16 00:00:00,0.4713,0.04,HOLD,,1,-1
2025-07-17 00:00:00,2025-07-16 12:00:00,0.4722,0.04,HOLD,,1,-1
2025-07-17 12:00:00,2025-07-17 00:00:00,0.4672,0.04,HOLD,,1,-1
2025-07-18 00:00:00,2025-07-17 12:00:00,0.4713,0.04,HOLD,,1,-1
2025-07-18 12:00:00,2025-07-18 00:00:00,0.4751,0.04,HOLD,,1,-1
2025-07-21 00:00:00,2025-07-18 12:00:00,0.4734,0.04,HOLD,,1,-1
2025-07-21 12:00:00,2025-07-21 00:00:00,0.4768,0.04,HOLD,,1,-1
2025-07-22 00:00:00,2025-07-21 12:00:00,0.4793,0.04,HOLD,,1,-1
2025-07-22 12:00:00,2025-07-22 00:00:00,0.4794,0.04,HOLD,,0,-1
2025-07-23 00:00:00,2025-07-22 12:00:00,0.4759,0.04,HOLD,,0,-1
2025-07-23 12:00:00,2025-07-23 00:00:00,0.4735,0.04,HOLD,,0,-1
2025-07-24 00:00:00,2025-07-23 12:00:00,0.4728,0.04,HOLD,,0,-1
2025-07-24 12:00:00,2025-07-24 00:00:00,0.4715,0.04,HOLD,,0,-1
2025-07-25 00:00:00,2025-07-24 12:00:00,0.4719,0.04,HOLD,,0,-1
2025-07-25 12:00:00,2025-07-25 00:00:00,0.4711,0.04,HOLD,,0,-1
2025-07-28 00:00:00,2025-07-25 12:00:00,0.4664,0.04,HOLD,,0,-1
2025-07-28 12:00:00,2025-07-28 00:00:00,0.4667,0.04,HOLD,,0,-1
2025-07-29 00:00:00,2025-07-28 12:00:00,0.4648,0.04,HOLD,,1,-1
2025-07-29 12:00:00,2025-07-29 00:00:00,0.4628,0.04,HOLD,,1,-1
2025-07-30 00:00:00,2025-07-29 12:00:00,0.4645,0.04,HOLD,,1,-1
2025-07-30 12:00:00,2025-07-30 00:00:00,0.4645,0.04,HOLD,,1,-1
2025-07-31 00:00:00,2025-07-30 12:00:00,0.4684,0.04,HOLD,,1,-1
2025-07-31 12:00:00,2025-07-31 00:00:00,0.4741,0.04,HOLD,,1,-1
2025-08-01 00:00:00,2025-07-31 12:00:00,0.4804,0.04,HOLD,,1,-1
2025-08-01 12:00:00,2025-08-01 00:00:00,0.4809,0.04,HOLD,,1,-1
2025-08-04 00:00:00,2025-08-01 12:00:00,0.4776,0.04,HOLD,,1,-1
2025-08-04 12:00:00,2025-08-04 00:00:00,0.481,0.04,HOLD,,1,-1
2025-08-05 00:00:00,2025-08-04 12:00:00,0.4847,0.04,HOLD,,1,-1
2025-08-05 12:00:00,2025-08-05 00:00:00,0.4822,0.04,HOLD,,1,-1
2025-08-06 00:00:00,2025-08-05 12:00:00,0.4807,0.04,HOLD,,1,-1
2025-08-06 12:00:00,2025-08-06 00:00:00,0.4781,0.04,HOLD,,0,-1
2025-08-07 00:00:00,2025-08-06 12:00:00,0.4779,0.04,HOLD,,0,-1
2025-08-07 12:00:00,2025-08-07 00:00:00,0.4735,0.04,HOLD,,1,-1
2025-08-08 00:00:00,2025-08-07 12:00:00,0.4726,0.04,HOLD,,1,-1
2025-08-08 12:00:00,2025-08-08 00:00:00,0.4752,0.04,HOLD,,1,-1
2025-08-11 00:00:00,2025-08-08 12:00:00,0.4739,0.04,HOLD,,0,-1
2025-08-11 12:00:00,2025-08-11 00:00:00,0.4714,0.04,HOLD,,1,-1
2025-08-12 00:00:00,2025-08-11 12:00:00,0.4729,0.04,HOLD,,1,-1
2025-08-12 12:00:00,2025-08-12 00:00:00,0.4774,0.04,HOLD,,1,-1
2025-08-13 00:00:00,2025-08-12 12:00:00,0.4781,0.04,HOLD,,0,-1
2025-08-13 12:00:00,2025-08-13 00:00:00,0.477,0.04,HOLD,,0,-1
2025-08-14 00:00:00,2025-08-13 12:00:00,0.4778,0.04,HOLD,,0,-1
2025-08-14 12:00:00,2025-08-14 00:00:00,0.4826,0.04,HOLD,,0,-1
2025-08-15 00:00:00,2025-08-14 12:00:00,0.4849,0.04,HOLD,,0,-1
2025-08-15 12:00:00,2025-08-15 00:00:00,0.4832,0.04,HOLD,,0,-1
2025-08-18 00:00:00,2025-08-15 12:00:00,0.4832,0.04,HOLD,,0,-1
2025-08-18 12:00:00,2025-08-18 00:00:00,0.4826,0.04,HOLD,,0,-1
2025-08-19 00:00:00,2025-08-18 12:00:00,0.4837,0.04,HOLD,,1,-1
2025-08-19 12:00:00,2025-08-19 00:00:00,0.4872,0.04,HOLD,,1,-1
2025-08-20 00:00:00,2025-08-19 12:00:00,0.4859,0.04,HOLD,,0,-1
2025-08-20 12:00:00,2025-08-20 00:00:00,0.4872,0.04,HOLD,,0,-1
2025-08-21 00:00:00,2025-08-20 12:00:00,0.4852,0.04,HOLD,,0,-1
2025-08-21 12:00:00,2025-08-21 00:00:00,0.4866,0.04,HOLD,,0,-1
2025-08-22 00:00:00,2025-08-21 12:00:00,0.4832,0.04,HOLD,,1,-1
2025-08-22 12:00:00,2025-08-22 00:00:00,0.4853,0.04,HOLD,,0,-1
2025-08-25 00:00:00,2025-08-22 12:00:00,0.4875,0.04,HOLD,,0,-1
2025-08-25 12:00:00,2025-08-25 00:00:00,0.4881,0.04,HOLD,,1,-1
2025-08-26 00:00:00,2025-08-25 12:00:00,0.4836,0.04,HOLD,,1,-1
2025-08-26 12:00:00,2025-08-26 00:00:00,0.4867,0.04,HOLD,,1,-1
2025-08-27 00:00:00,2025-08-26 12:00:00,0.4852,0.04,HOLD,,1,-1
2025-08-27 12:00:00,2025-08-27 00:00:00,0.4848,0.04,HOLD,,1,-1
2025-08-28 00:00:00,2025-08-27 12:00:00,0.483,0.04,HOLD,,0,-1
2025-08-28 12:00:00,2025-08-28 00:00:00,0.4856,0.04,HOLD,,0,-1
2025-08-29 00:00:00,2025-08-28 12:00:00,0.483,0.04,HOLD,,0,-1
2025-08-29 12:00:00,2025-08-29 00:00:00,0.4821,0.04,HOLD,,0,-1
2025-09-01 00:00:00,2025-08-29 12:00:00,0.4827,0.04,HOLD,,0,-1
2025-09-01 12:00:00,2025-09-01 00:00:00,0.4825,0.04,HOLD,,0,-1
2025-09-02 00:00:00,2025-09-01 12:00:00,0.4846,0.04,HOLD,,1,-1
2025-09-02 12:00:00,2025-09-02 00:00:00,0.4864,0.04,HOLD,,1,-1
2025-09-03 00:00:00,2025-09-02 12:00:00,0.4864,0.04,HOLD,,1,-1
2025-09-03 12:00:00,2025-09-03 00:00:00,0.4866,0.04,HOLD,,1,-1
2025-09-04 00:00:00,2025-09-03 12:00:00,0.4886,0.04,HOLD,,1,-1
2025-09-04 12:00:00,2025-09-04 00:00:00,0.4882,0.04,HOLD,,1,-1
2025-09-05 00:00:00,2025-09-04 12:00:00,0.4865,0.04,HOLD,,1,-1
2025-09-05 12:00:00,2025-09-05 00:00:00,0.491,0.04,HOLD,,0,-1
2025-09-08 00:00:00,2025-09-05 12:00:00,0.494,0.04,HOLD,,1,-1
2025-09-08 12:00:00,2025-09-08 00:00:00,0.495,0.04,HOLD,,0,-1
2025-09-09 00:00:00,2025-09-08 12:00:00,0.4986,0.04,HOLD,,0,-1
2025-09-09 12:00:00,2025-09-09 00:00:00,0.501,0.04,HOLD,,1,-1
2025-09-10 00:00:00,2025-09-09 12:00:00,0.5031,0.04,HOLD,,1,-1
2025-09-10 12:00:00,2025-09-10 00:00:00,0.5064,0.04,HOLD,,1,-1
2025-09-11 00:00:00,2025-09-10 12:00:00,0.5064,0.04,HOLD,,1,-1
2025-09-11 12:00:00,2025-09-11 00:00:00,0.5093,0.04,HOLD,,1,-1
2025-09-12 00:00:00,2025-09-11 12:00:00,0.5087,0.04,HOLD,,1,-1
2025-09-12 12:00:00,2025-09-12 00:00:00,0.5082,0.04,HOLD,,1,-1
2025-09-15 00:00:00,2025-09-12 12:00:00,0.5052,0.04,HOLD,,1,-1
2025-09-15 12:00:00,2025-09-15 00:00:00,0.5067,0.04,HOLD,,1,-1
2025-09-16 00:00:00,2025-09-15 12:00:00,0.5029,0.04,HOLD,,0,-1
2025-09-16 12:00:00,2025-09-16 00:00:00,0.4965,0.04,HOLD,,0,-1
2025-09-17 00:00:00,2025-09-16 12:00:00,0.4944,0.04,HOLD,,0,-1
2025-09-17 12:00:00,2025-09-17 00:00:00,0.494,0.04,HOLD,,0,-1
2025-09-18 00:00:00,2025-09-17 12:00:00,0.4905,0.04,HOLD,,0,-1
2025-09-18 12:00:00,2025-09-18 00:00:00,0.4875,0.04,HOLD,,0,-1
2025-09-19 00:00:00,2025-09-18 12:00:00,0.4876,0.04,HOLD,,0,-1
2025-09-19 12:00:00,2025-09-19 00:00:00,0.4866,0.04,HOLD,,1,-1
2025-09-22 00:00:00,2025-09-19 12:00:00,0.4894,0.04,HOLD,,0,-1
2025-09-22 12:00:00,2025-09-22 00:00:00,0.494,0.04,HOLD,,0,-1
2025-09-23 00:00:00,2025-09-22 12:00:00,0.4935,0.04,HOLD,,0,-1
2025-09-23 12:00:00,2025-09-23 00:00:00,0.4929,0.04,HOLD,,0,-1
2025-09-24 00:00:00,2025-09-23 12:00:00,0.4924,0.04,HOLD,,0,-1
2025-09-24 12:00:00,2025-09-24 00:00:00,0.4928,0.04,HOLD,,1,-1
2025-09-25 00:00:00,2025-09-24 12:00:00,0.4956,0.04,HOLD,,0,-1
2025-09-25 12:00:00,2025-09-25 00:00:00,0.4997,0.04,HOLD,,1,-1
2025-09-26 00:00:00,2025-09-25 12:00:00,0.4964,0.04,HOLD,,1,-1
2025-09-26 12:00:00,2025-09-26 00:00:00,0.4972,0.04,HOLD,,1,-1
2025-09-29 00:00:00,2025-09-26 12:00:00,0.4956,0.04,HOLD,,0,-1
2025-09-29 12:00:00,2025-09-29 00:00:00,0.4963,0.04,HOLD,,1,-1
2025-09-30 00:00:00,2025-09-29 12:00:00,0.4939,0.04,HOLD,,0,-1
2025-09-30 12:00:00,2025-09-30 00:00:00,0.4933,0.04,HOLD,,0,-1
2025-10-01 00:00:00,2025-09-30 12:00:00,0.4943,0.04,HOLD,,0,-1
2025-10-01 12:00:00,2025-10-01 00:00:00,0.4986,0.04,HOLD,,0,-1
2025-10-02 00:00:00,2025-10-01 12:00:00,0.4994,0.04,HOLD,,0,-1
2025-10-02 12:00:00,2025-10-02 00:00:00,0.4984,0.04,HOLD,,0,-1
2025-10-03 00:00:00,2025-10-02 12:00:00,0.4946,0.04,HOLD,,0,-1
2025-10-03 12:00:00,2025-10-03 00:00:00,0.4952,0.04,HOLD,,0,-1
2025-10-06 00:00:00,2025-10-03 12:00:00,0.4978,0.04,HOLD,,0,-1
2025-10-06 12:00:00,2025-10-06 00:00:00,0.4987,0.04,HOLD,,0,-1
2025-10-07 00:00:00,2025-10-06 12:00:00,0.4973,0.04,HOLD,,0,-1
2025-10-07 12:00:00,2025-10-07 00:00:00,0.4948,0.04,HOLD,,0,-1
2025-10-08 00:00:00,2025-10-07 12:00:00,0.4961,0.04,HOLD,,0,-1
2025-10-08 12:00:00,2025-10-08 00:00:00,0.4915,0.04,HOLD,,0,-1
2025-10-09 00:00:00,2025-10-08 12:00:00,0.493,0.04,HOLD,,0,-1
2025-10-09 12:00:00,2025-10-09 00:00:00,0.491,0.04,HOLD,,1,-1
2025-10-10 00:00:00,2025-10-09 12:00:00,0.4918,0.04,HOLD,,1,-1
2025-10-10 12:00:00,2025-10-10 00:00:00,0.4886,0.04,HOLD,,1,-1
2025-10-13 00:00:00,2025-10-10 12:00:00,0.4922,0.04,HOLD,,1,-1
2025-10-13 12:00:00,2025-10-13 00:00:00,0.4964,0.04,HOLD,,1,-1
2025-10-14 00:00:00,2025-10-13 12:00:00,0.4929,0.04,HOLD,,1,-1
2025-10-14 12:00:00,2025-10-14 00:00:00,0.489,0.04,HOLD,,1,-1
2025-10-15 00:00:00,2025-10-14 12:00:00,0.49,0.04,HOLD,,1,-1
2025-10-15 12:00:00,2025-10-15 00:00:00,0.4888,0.04,HOLD,,0,-1
2025-10-16 00:00:00,2025-10-15 12:00:00,0.4877,0.04,HOLD,,0,-1
2025-10-16 12:00:00,2025-10-16 00:00:00,0.4895,0.04,HOLD,,0,-1
2025-10-17 00:00:00,2025-10-16 12:00:00,0.4913,0.04,HOLD,,0,-1
2025-10-17 12:00:00,2025-10-17 00:00:00,0.4895,0.04,HOLD,,0,-1
2025-10-20 00:00:00,2025-10-17 12:00:00,0.4872,0.04,HOLD,,0,-1
2025-10-20 12:00:00,2025-10-20 00:00:00,0.4893,0.04,HOLD,,0,-1
2025-10-21 00:00:00,2025-10-20 12:00:00,0.4891,0.04,HOLD,,1,-1
2025-10-21 12:00:00,2025-10-21 00:00:00,0.4853,0.04,HOLD,,1,-1
2025-10-22 00:00:00,2025-10-21 12:00:00,0.4799,0.04,HOLD,,1,-1
2025-10-22 12:00:00,2025-10-22 00:00:00,0.4771,0.04,HOLD,,1,-1
2025-10-23 00:00:00,2025-10-22 12:00:00,0.477,0.04,HOLD,,1,-1
2025-10-23 12:00:00,2025-10-23 00:00:00,0.4743,0.04,HOLD,,1,-1
2025-10-24 00:00:00,2025-10-23 12:00:00,0.4711,0.04,HOLD,,0,-1
2025-10-24 12:00:00,2025-10-24 00:00:00,0.4727,0.04,HOLD,,0,-1
2025-10-27 00:00:00,2025-10-24 12:00:00,0.4761,0.04,HOLD,,0,-1
2025-10-27 12:00:00,2025-10-27 00:00:00,0.4774,0.04,HOLD,,0,-1
2025-10-28 00:00:00,2025-10-27 12:00:00,0.4796,0.04,HOLD,,0,-1
2025-10-28 12:00:00,2025-10-28 00:00:00,0.4799,0.04,HOLD,,0,-1
2025-10-29 00:00:00,2025-10-28 12:00:00,0.4788,0.04,HOLD,,0,-1
2025-10-29 12:00:00,2025-10-29 00:00:00,0.4731,0.04,HOLD,,0,-1
2025-10-30 00:00:00,2025-10-29 12:00:00,0.4728,0.04,HOLD,,0,-1
2025-10-30 12:00:00,2025-10-30 00:00:00,0.4698,0.04,HOLD,,0,-1
2025-10-31 00:00:00,2025-10-30 12:00:00,0.4688,0.04,HOLD,,0,-1
2025-10-31 12:00:00,2025-10-31 00:00:00,0.472,0.04,HOLD,,0,-1
2025-11-03 00:00:00,2025-10-31 12:00:00,0.4703,0.04,HOLD,,1,-1
2025-11-03 12:00:00,2025-11-03 00:00:00,0.4705,0.04,HOLD,,1,-1
2025-11-04 00:00:00,2025-11-03 12:00:00,0.4734,0.04,HOLD,,1,-1
2025-11-04 12:00:00,2025-11-04 00:00:00,0.477,0.04,HOLD,,1,-1
2025-11-05 00:00:00,2025-11-04 12:00:00,0.4817,0.04,HOLD,,1,-1
2025-11-05 12:00:00,2025-11-05 00:00:00,0.4847,0.04,HOLD,,1,-1
2025-11-06 00:00:00,2025-11-05 12:00:00,0.485,0.04,HOLD,,1,-1
2025-11-06 12:00:00,2025-11-06 00:00:00,0.4796,0.04,HOLD,,1,-1
2025-11-07 00:00:00,2025-11-06 12:00:00,0.478,0.04,HOLD,,1,-1
2025-11-07 12:00:00,2025-11-07 00:00:00,0.4752,0.04,HOLD,,1,-1
2025-11-10 00:00:00,2025-11-07 12:00:00,0.4717,0.04,HOLD,,1,-1
2025-11-10 12:00:00,2025-11-10 00:00:00,0.4706,0.04,HOLD,,1,-1
2025-11-11 00:00:00,2025-11-10 12:00:00,0.4735,0.04,HOLD,,1,-1
2025-11-11 12:00:00,2025-11-11 00:00:00,0.4734,0.04,HOLD,,1,-1
2025-11-12 00:00:00,2025-11-11 12:00:00,0.4709,0.04,HOLD,,1,-1
2025-11-12 12:00:00,2025-11-12 00:00:00,0.4706,0.04,HOLD,,0,-1
2025-11-13 00:00:00,2025-11-12 12:00:00,0.4661,0.04,HOLD,,0,-1
2025-11-13 12:00:00,2025-11-13 00:00:00,0.4629,0.04,HOLD,,0,-1
2025-11-14 00:00:00,2025-11-13 12:00:00,0.4583,0.04,SELL,True,0,0
2025-11-14 12:00:00,2025-11-14 00:00:00,0.454,0.04,SELL,True,0,0
2025-11-17 00:00:00,2025-11-14 12:00:00,0.4523,0.04,SELL,True,0,0
2025-11-17 12:00:00,2025-11-17 00:00:00,0.4537,0.04,SELL,True,0,0
2025-11-18 00:00:00,2025-11-17 12:00:00,0.4521,0.04,SELL,True,0,0
2025-11-18 12:00:00,2025-11-18 00:00:00,0.4513,0.04,SELL,True,0,0
2025-11-19 00:00:00,2025-11-18 12:00:00,0.4506,0.04,SELL,True,0,0
2025-11-19 12:00:00,2025-11-19 00:00:00,0.4505,0.04,SELL,True,0,0
2025-11-20 00:00:00,2025-11-19 12:00:00,0.4489,0.04,SELL,False,1,0
2025-11-20 12:00:00,2025-11-20 00:00:00,0.4493,0.04,SELL,False,1,0
2025-11-21 00:00:00,2025-11-20 12:00:00,0.4474,0.04,SELL,False,1,0
2025-11-21 12:00:00,2025-11-21 00:00:00,0.4493,0.04,SELL,False,1,0
2025-11-24 00:00:00,2025-11-21 12:00:00,0.4496,0.04,SELL,False,1,0
2025-11-24 12:00:00,2025-11-24 00:00:00,0.4464,0.04,SELL,False,1,0
2025-11-25 00:00:00,2025-11-24 12:00:00,0.4462,0.04,SELL,False,1,0
2025-11-25 12:00:00,2025-11-25 00:00:00,0.4492,0.04,SELL,False,1,0
2025-11-26 00:00:00,2025-11-25 12:00:00,0.4467,0.04,SELL,False,1,0
2025-11-26 12:00:00,2025-11-26 00:00:00,0.4455,0.04,SELL,False,1,0
2025-11-27 00:00:00,2025-11-26 12:00:00,0.4436,0.04,SELL,False,1,0
2025-11-27 12:00:00,2025-11-27 00:00:00,0.4438,0.04,SELL,False,1,0
2025-11-28 00:00:00,2025-11-27 12:00:00,0.4406,0.04,SELL,False,1,0
2025-11-28 12:00:00,2025-11-28 00:00:00,0.4394,0.04,SELL,False,1,0
2025-12-01 00:00:00,2025-11-28 12:00:00,0.4409,0.04,SELL,False,1,0
2025-12-01 12:00:00,2025-12-01 00:00:00,0.4424,0.04,SELL,False,1,0
2025-12-02 00:00:00,2025-12-01 12:00:00,0.4395,0.04,SELL,False,1,0
2025-12-02 12:00:00,2025-12-02 00:00:00,0.4373,0.04,SELL,False,1,0
2025-12-03 00:00:00,2025-12-02 12:00:00,0.4374,0.04,SELL,True,0,0
2025-12-03 12:00:00,2025-12-03 00:00:00,0.4403,0.04,SELL,True,0,0
2025-12-04 00:00:00,2025-12-03 12:00:00,0.4383,0.04,SELL,True,0,0
2025-12-04 12:00:00,2025-12-04 00:00:00,0.4389,0.04,SELL,True,0,0
2025-12-05 00:00:00,2025-12-04 12:00:00,0.4384,0.04,SELL,False,1,0
2025-12-05 12:00:00,2025-12-05 00:00:00,0.4397,0.04,SELL,False,1,0
2025-12-08 00:00:00,2025-12-05 12:00:00,0.438,0.04,SELL,False,1,0
2025-12-08 12:00:00,2025-12-08 00:00:00,0.4328,0.04,SELL,False,1,0
2025-12-09 00:00:00,2025-12-08 12:00:00,0.4318,0.04,SELL,False,1,0
2025-12-09 12:00:00,2025-12-09 00:00:00,0.4281,0.04,SELL,False,1,0
2025-12-10 00:00:00,2025-12-09 12:00:00,0.4261,0.04,SELL,False,1,0
2025-12-10 12:00:00,2025-12-10 00:00:00,0.4218,0.04,SELL,False,1,0
2025-12-11 00:00:00,2025-12-10 12:00:00,0.4182,0.04,SELL,False,1,0
2025-12-11 12:00:00,2025-12-11 00:00:00,0.4173,0.04,SELL,True,0,0
2025-12-12 00:00:00,2025-12-11 12:00:00,0.4154,0.04,SELL,False,1,0
2025-12-12 12:00:00,2025-12-12 00:00:00,0.4142,0.04,SELL,True,0,0
2025-12-15 00:00:00,2025-12-12 12:00:00,0.4133,0.04,SELL,True,0,0
2025-12-15 12:00:00,2025-12-15 00:00:00,0.4118,0.04,SELL,True,0,0
2025-12-16 00:00:00,2025-12-15 12:00:00,0.4108,0.04,SELL,True,0,0
2025-12-16 12:00:00,2025-12-16 00:00:00,0.4113,0.04,SELL,True,0,0
2025-12-17 00:00:00,2025-12-16 12:00:00,0.4075,0.04,SELL,False,1,0
2025-12-17 12:00:00,2025-12-17 00:00:00,0.4046,0.04,SELL,False,1,0
2025-12-18 00:00:00,2025-12-17 12:00:00,0.4017,0.04,SELL,False,1,0
2025-12-18 12:00:00,2025-12-18 00:00:00,0.4006,0.04,SELL,False,1,0
2025-12-19 00:00:00,2025-12-18 12:00:00,0.398,0.04,SELL,False,1,0
2025-12-19 12:00:00,2025-12-19 00:00:00,0.3946,0.04,SELL,False,1,0
2025-12-22 00:00:00,2025-12-19 12:00:00,0.3939,0.04,SELL,False,1,0
2025-12-22 12:00:00,2025-12-22 00:00:00,0.392,0.04,SELL,False,1,0
2025-12-23 00:00:00,2025-12-22 12:00:00,0.3905,0.04,SELL,True,0,0
2025-12-23 12:00:00,2025-12-23 00:00:00,0.3906,0.04,SELL,True,0,0
2025-12-24 00:00:00,2025-12-23 12:00:00,0.3888,0.04,SELL,True,0,0
2025-12-24 12:00:00,2025-12-24 00:00:00,0.388,0.04,SELL,True,0,0
2025-12-26 00:00:00,2025-12-24 12:00:00,0.386,0.04,SELL,True,0,0
2025-12-26 12:00:00,2025-12-26 00:00:00,0.3887,0.04,SELL,True,0,0
2025-12-29 00:00:00,2025-12-26 12:00:00,0.3913,0.04,SELL,True,0,0
2025-12-29 12:00:00,2025-12-29 00:00:00,0.3909,0.04,SELL,True,0,0
2025-12-30 00:00:00,2025-12-29 12:00:00,0.3928,0.04,SELL,True,0,0
2025-12-30 12:00:00,2025-12-30 00:00:00,0.3922,0.04,SELL,True,0,0
2025-12-31 00:00:00,2025-12-30 12:00:00,0.3914,0.04,SELL,True,0,0
2026-01-02 00:00:00,2025-12-31 12:00:00,0.4374,0.03,SELL,True,0,0
2026-01-02 12:00:00,2026-01-02 00:00:00,0.4373,0.03,SELL,True,0,0
2026-01-05 00:00:00,2026-01-02 12:00:00,0.4382,0.03,SELL,True,0,0
2026-01-05 12:00:00,2026-01-05 00:00:00,0.4386,0.03,SELL,True,0,0
2026-01-06 00:00:00,2026-01-05 12:00:00,0.439,0.03,SELL,True,0,0
2026-01-06 12:00:00,2026-01-06 00:00:00,0.4386,0.03,SELL,True,0,0
2026-01-07 00:00:00,2026-01-06 12:00:00,0.4378,0.03,SELL,True,0,0
2026-01-07 12:00:00,2026-01-07 00:00:00,0.4374,0.03,SELL,True,0,0
2026-01-08 00:00:00,2026-01-07 12:00:00,0.4372,0.03,SELL,True,0,0
2026-01-08 12:00:00,2026-01-08 00:00:00,0.4365,0.03,SELL,True,0,0
2026-01-09 00:00:00,2026-01-08 12:00:00,0.4364,0.03,SELL,False,1,0
2026-01-09 12:00:00,2026-01-09 00:00:00,0.4354,0.03,SELL,True,0,0
2026-01-12 00:00:00,2026-01-09 12:00:00,0.4353,0.03,SELL,True,0,0
2026-01-12 12:00:00,2026-01-12 00:00:00,0.4344,0.03,SELL,True,0,0
2026-01-13 00:00:00,2026-01-12 12:00:00,0.4336,0.03,SELL,True,0,0
2026-01-13 12:00:00,2026-01-13 00:00:00,0.4328,0.03,SELL,True,0,0
2026-01-14 00:00:00,2026-01-13 12:00:00,0.4323,0.03,SELL,True,0,0
2026-01-14 12:00:00,2026-01-14 00:00:00,0.433,0.03,SELL,False,1,0
2026-01-15 00:00:00,2026-01-14 12:00:00,0.433,0.03,SELL,False,1,0
2026-01-15 12:00:00,2026-01-15 00:00:00,0.4335,0.03,SELL,False,1,0
2026-01-16 00:00:00,2026-01-15 12:00:00,0.4346,0.03,SELL,False,1,0
2026-01-16 12:00:00,2026-01-16 00:00:00,0.4343,0.03,SELL,False,1,0
2026-01-19 00:00:00,2026-01-16 12:00:00,0.4346,0.03,SELL,False,1,0
2026-01-19 12:00:00,2026-01-19 00:00:00,0.4347,0.03,SELL,False,1,0
2026-01-20 00:00:00,2026-01-19 12:00:00,0.4354,0.03,SELL,False,1,0
2026-01-20 12:00:00,2026-01-20 00:00:00,0.4362,0.03,SELL,False,1,0
2026-01-21 00:00:00,2026-01-20 12:00:00,0.4363,0.03,SELL,False,1,0
2026-01-21 12:00:00,2026-01-21 00:00:00,0.4372,0.03,SELL,False,1,0
2026-01-22 00:00:00,2026-01-21 12:00:00,0.4372,0.03,SELL,False,1,0
2026-01-22 12:00:00,2026-01-22 00:00:00,0.4365,0.03,SELL,False,1,0
2026-01-23 00:00:00,2026-01-22 12:00:00,0.4366,0.03,SELL,False,1,0
2026-01-23 12:00:00,2026-01-23 00:00:00,0.4373,0.03,SELL,False,1,0
2026-01-26 00:00:00,2026-01-23 12:00:00,0.4382,0.03,SELL,False,1,0
2026-01-26 12:00:00,2026-01-26 00:00:00,0.438,0.03,SELL,False,1,0
2026-01-27 00:00:00,2026-01-26 12:00:00,0.4386,0.03,SELL,True,0,0
2026-01-27 12:00:00,2026-01-27 00:00:00,0.439,0.03,SELL,True,0,0
2026-01-28 00:00:00,2026-01-27 12:00:00,0.4389,0.03,SELL,True,0,0
2026-01-28 12:00:00,2026-01-28 00:00:00,0.4394,0.03,SELL,True,0,0
2026-01-29 00:00:00,2026-01-28 12:00:00,0.4392,0.03,SELL,True,0,0
2026-01-29 12:00:00,2026-01-29 00:00:00,0.4404,0.03,SELL,True,0,0
2026-01-30 00:00:00,2026-01-29 12:00:00,0.4415,0.03,SELL,True,0,0
2026-01-30 12:00:00,2026-01-30 00:00:00,0.4421,0.03,SELL,True,0,0
2026-02-02 00:00:00,2026-01-30 12:00:00,0.4442,0.03,SELL,True,0,0
2026-02-02 12:00:00,2026-02-02 00:00:00,0.4448,0.03,SELL,False,1,0
2026-02-03 00:00:00,2026-02-02 12:00:00,0.4468,0.03,SELL,False,1,0
2026-02-03 12:00:00,2026-02-03 00:00:00,0.447,0.03,SELL,False,1,0
2026-02-04 00:00:00,2026-02-03 12:00:00,0.4479,0.03,SELL,False,1,0
2026-02-04 12:00:00,2026-02-04 00:00:00,0.4495,0.03,SELL,False,1,0
2026-02-05 00:00:00,2026-02-04 12:00:00,0.4509,0.03,SELL,False,1,0
2026-02-05 12:00:00,2026-02-05 00:00:00,0.4517,0.03,SELL,False,1,0
2026-02-06 00:00:00,2026-02-05 12:00:00,0.453,0.03,SELL,False,1,0
2026-02-06 12:00:00,2026-02-06 00:00:00,0.4538,0.03,SELL,False,1,0
2026-02-09 00:00:00,2026-02-06 12:00:00,0.4556,0.03,SELL,False,1,0
2026-02-09 12:00:00,2026-02-09 00:00:00,0.4566,0.03,SELL,True,0,0
2026-02-10 00:00:00,2026-02-09 12:00:00,0.4573,0.03,SELL,True,0,0
2026-02-10 12:00:00,2026-02-10 00:00:00,0.4575,0.03,SELL,True,0,0
2026-02-11 00:00:00,2026-02-10 12:00:00,0.4581,0.03,SELL,True,0,0
2026-02-11 12:00:00,2026-02-11 00:00:00,0.4592,0.03,SELL,True,0,0
2026-02-12 00:00:00,2026-02-11 12:00:00,0.4615,0.03,SELL,True,0,0
2026-02-12 12:00:00,2026-02-12 00:00:00,0.4637,0.03,SELL,True,0,0
2026-02-13 00:00:00,2026-02-12 12:00:00,0.464,0.03,SELL,True,0,0
2026-02-13 12:00:00,2026-02-13 00:00:00,0.4645,0.03,SELL,True,0,0
2026-02-16 00:00:00,2026-02-13 12:00:00,0.4669,0.03,SELL,True,0,0
2026-02-16 12:00:00,2026-02-16 00:00:00,0.4677,0.03,SELL,True,0,0
2026-02-17 00:00:00,2026-02-16 12:00:00,0.4681,0.03,SELL,True,0,0
2026-02-17 12:00:00,2026-02-17 00:00:00,0.4691,0.03,SELL,True,0,0
2026-02-18 00:00:00,2026-02-17 12:00:00,0.4697,0.03,SELL,True,0,0
2026-02-18 12:00:00,2026-02-18 00:00:00,0.4701,0.03,HOLD,,1,-1
2026-02-19 00:00:00,2026-02-18 12:00:00,0.4719,0.03,HOLD,,0,-1
2026-02-19 12:00:00,2026-02-19 00:00:00,0.4723,0.03,HOLD,,1,-1
2026-02-20 00:00:00,2026-02-19 12:00:00,0.4735,0.03,HOLD,,1,-1
2026-02-20 12:00:00,2026-02-20 00:00:00,0.4746,0.03,HOLD,,1,-1
2026-02-23 00:00:00,2026-02-20 12:00:00,0.475,0.03,HOLD,,0,-1
2026-02-23 12:00:00,2026-02-23 00:00:00,0.4758,0.03,HOLD,,1,-1
2026-02-24 00:00:00,2026-02-23 12:00:00,0.4771,0.03,HOLD,,1,-1
2026-02-24 12:00:00,2026-02-24 00:00:00,0.4775,0.03,HOLD,,0,-1
2026-02-25 00:00:00,2026-02-24 12:00:00,0.4787,0.03,HOLD,,0,-1
2026-02-25 12:00:00,2026-02-25 00:00:00,0.4784,0.03,HOLD,,0,-1
2026-02-26 00:00:00,2026-02-25 12:00:00,0.4793,0.03,HOLD,,0,-1
2026-02-26 12:00:00,2026-02-26 00:00:00,0.4791,0.03,HOLD,,0,-1
2026-02-27 00:00:00,2026-02-26 12:00:00,0.4796,0.03,HOLD,,0,-1
2026-02-27 12:00:00,2026-02-27 00:00:00,0.4802,0.03,HOLD,,0,-1
2026-03-02 00:00:00,2026-02-27 12:00:00,0.4804,0.03,HOLD,,0,-1
2026-03-02 12:00:00,2026-03-02 00:00:00,0.4813,0.03,HOLD,,0,-1
2026-03-03 00:00:00,2026-03-02 12:00:00,0.4816,0.03,HOLD,,1,-1
2026-03-03 12:00:00,2026-03-03 00:00:00,0.4809,0.03,HOLD,,0,-1
2026-03-04 00:00:00,2026-03-03 12:00:00,0.4817,0.03,HOLD,,1,-1
2026-03-04 12:00:00,2026-03-04 00:00:00,0.4817,0.03,HOLD,,1,-1
2026-03-05 00:00:00,2026-03-04 12:00:00,0.482,0.03,HOLD,,0,-1
2026-03-05 12:00:00,2026-03-05 00:00:00,0.4817,0.03,HOLD,,0,-1
2026-03-06 00:00:00,2026-03-05 12:00:00,0.4825,0.03,HOLD,,0,-1
2026-03-06 12:00:00,2026-03-06 00:00:00,0.4819,0.03,HOLD,,0,-1
2026-03-09 00:00:00,2026-03-06 12:00:00,0.4823,0.03,HOLD,,0,-1
2026-03-09 12:00:00,2026-03-09 00:00:00,0.4832,0.03,HOLD,,0,-1
2026-03-10 00:00:00,2026-03-09 12:00:00,0.4842,0.03,HOLD,,0,-1
2026-03-10 12:00:00,2026-03-10 00:00:00,0.4856,0.03,HOLD,,0,-1
2026-03-11 00:00:00,2026-03-10 12:00:00,0.4857,0.03,HOLD,,0,-1
2026-03-11 12:00:00,2026-03-11 00:00:00,0.4857,0.03,HOLD,,0,-1
2026-03-12 00:00:00,2026-03-11 12:00:00,0.486,0.03,HOLD,,0,-1
2026-03-12 12:00:00,2026-03-12 00:00:00,0.4857,0.03,HOLD,,1,-1
2026-03-13 00:00:00,2026-03-12 12:00:00,0.487,0.03,HOLD,,1,-1
2026-03-13 12:00:00,2026-03-13 00:00:00,0.4875,0.03,HOLD,,1,-1
2026-03-16 00:00:00,2026-03-13 12:00:00,0.4889,0.03,HOLD,,1,-1
2026-03-16 12:00:00,2026-03-16 00:00:00,0.4891,0.03,HOLD,,1,-1
2026-03-17 00:00:00,2026-03-16 12:00:00,0.4888,0.03,HOLD,,1,-1
2026-03-17 12:00:00,2026-03-17 00:00:00,0.4883,0.03,HOLD,,0,-1
2026-03-18 00:00:00,2026-03-17 12:00:00,0.4901,0.03,HOLD,,1,-1
2026-03-18 12:00:00,2026-03-18 00:00:00,0.4894,0.03,HOLD,,1,-1
2026-03-19 00:00:00,2026-03-18 12:00:00,0.4888,0.03,HOLD,,1,-1
2026-03-19 12:00:00,2026-03-19 00:00:00,0.4886,0.03,HOLD,,1,-1
2026-03-20 00:00:00,2026-03-19 12:00:00,0.4877,0.03,HOLD,,1,-1
2026-03-20 12:00:00,2026-03-20 00:00:00,0.4873,0.03,HOLD,,0,-1
2026-03-23 00:00:00,2026-03-20 12:00:00,0.4874,0.03,HOLD,,1,-1
2026-03-23 12:00:00,2026-03-23 00:00:00,0.4868,0.03,HOLD,,0,-1
2026-03-24 00:00:00,2026-03-23 12:00:00,0.4865,0.03,HOLD,,0,-1
2026-03-24 12:00:00,2026-03-24 00:00:00,0.4857,0.03,HOLD,,0,-1
2026-03-25 00:00:00,2026-03-24 12:00:00,0.4855,0.03,HOLD,,0,-1
2026-03-25 12:00:00,2026-03-25 00:00:00,0.4847,0.03,HOLD,,0,-1
2026-03-26 00:00:00,2026-03-25 12:00:00,0.4841,0.03,HOLD,,0,-1
2026-03-26 12:00:00,2026-03-26 00:00:00,0.4842,0.03,HOLD,,1,-1
2026-03-27 00:00:00,2026-03-26 12:00:00,0.4841,0.03,HOLD,,1,-1
2026-03-27 12:00:00,2026-03-27 00:00:00,0.4835,0.03,HOLD,,1,-1
2026-03-30 00:00:00,2026-03-27 12:00:00,0.4842,0.03,HOLD,,1,-1
2026-03-30 12:00:00,2026-03-30 00:00:00,0.4854,0.03,HOLD,,1,-1
2026-03-31 00:00:00,2026-03-30 12:00:00,0.4868,0.03,HOLD,,1,-1
2026-03-31 12:00:00,2026-03-31 00:00:00,0.4857,0.03,HOLD,,1,-1
2026-04-01 00:00:00,2026-03-31 12:00:00,0.4865,0.03,HOLD,,0,-1
2026-04-01 12:00:00,2026-04-01 00:00:00,0.487,0.03,HOLD,,0,-1
2026-04-02 00:00:00,2026-04-01 12:00:00,0.4872,0.03,HOLD,,1,-1
2026-04-02 12:00:00,2026-04-02 00:00:00,0.4872,0.03,HOLD,,1,-1
2026-04-03 00:00:00,2026-04-02 12:00:00,0.4878,0.03,HOLD,,1,-1
2026-04-03 12:00:00,2026-04-03 00:00:00,0.4875,0.03,HOLD,,1,-1
2026-04-06 00:00:00,2026-04-03 12:00:00,0.4882,0.03,HOLD,,1,-1
2026-04-06 12:00:00,2026-04-06 00:00:00,0.4875,0.03,HOLD,,1,-1
2026-04-07 00:00:00,2026-04-06 12:00:00,0.4884,0.03,HOLD,,1,-1
2026-04-07 12:00:00,2026-04-07 00:00:00,0.4881,0.03,HOLD,,1,-1
2026-04-08 00:00:00,2026-04-07 12:00:00,0.4882,0.03,HOLD,,1,-1
2026-04-08 12:00:00,2026-04-08 00:00:00,0.4889,0.03,HOLD,,1,-1
2026-04-09 00:00:00,2026-04-08 12:00:00,0.4901,0.03,HOLD,,1,-1
2026-04-09 12:00:00,2026-04-09 00:00:00,0.4907,0.03,HOLD,,1,-1
2026-04-10 00:00:00,2026-04-09 12:00:00,0.4909,0.03,HOLD,,1,-1
2026-04-10 12:00:00,2026-04-10 00:00:00,0.4904,0.03,HOLD,,1,-1
2026-04-13 00:00:00,2026-04-10 12:00:00,0.4914,0.03,HOLD,,1,-1
2026-04-13 12:00:00,2026-04-13 00:00:00,0.4917,0.03,HOLD,,1,-1
2026-04-14 00:00:00,2026-04-13 12:00:00,0.4923,0.03,HOLD,,0,-1
2026-04-14 12:00:00,2026-04-14 00:00:00,0.4919,0.03,HOLD,,0,-1
2026-04-15 00:00:00,2026-04-14 12:00:00,0.493,0.03,HOLD,,0,-1
2026-04-15 12:00:00,2026-04-15 00:00:00,0.4939,0.03,HOLD,,0,-1
2026-04-16 00:00:00,2026-04-15 12:00:00,0.495,0.03,HOLD,,0,-1
2026-04-16 12:00:00,2026-04-16 00:00:00,0.4959,0.03,HOLD,,0,-1
2026-04-17 00:00:00,2026-04-16 12:00:00,0.496,0.03,HOLD,,0,-1
2026-04-17 12:00:00,2026-04-17 00:00:00,0.4962,0.03,HOLD,,0,-1
2026-04-20 00:00:00,2026-04-17 12:00:00,0.4977,0.03,HOLD,,0,-1
2026-04-20 12:00:00,2026-04-20 00:00:00,0.4975,0.03,HOLD,,0,-1
2026-04-21 00:00:00,2026-04-20 12:00:00,0.4981,0.03,HOLD,,0,-1
2026-04-21 12:00:00,2026-04-21 00:00:00,0.4984,0.03,HOLD,,1,-1
2026-04-22 00:00:00,2026-04-21 12:00:00,0.4972,0.03,HOLD,,0,-1
2026-04-22 12:00:00,2026-04-22 00:00:00,0.4966,0.03,HOLD,,0,-1
2026-04-23 00:00:00,2026-04-22 12:00:00,0.4978,0.03,HOLD,,1,-1
2026-04-23 12:00:00,2026-04-23 00:00:00,0.4968,0.03,HOLD,,1,-1
2026-04-24 00:00:00,2026-04-23 12:00:00,0.4963,0.03,HOLD,,0,-1
2026-04-24 12:00:00,2026-04-24 00:00:00,0.4965,0.03,HOLD,,0,-1
2026-04-27 00:00:00,2026-04-24 12:00:00,0.4971,0.03,HOLD,,0,-1
2026-04-27 12:00:00,2026-04-27 00:00:00,0.496,0.03,HOLD,,1,-1
2026-04-28 00:00:00,2026-04-27 12:00:00,0.4969,0.03,HOLD,,1,-1
2026-04-28 12:00:00,2026-04-28 00:00:00,0.4958,0.03,HOLD,,1,-1
2026-04-29 00:00:00,2026-04-28 12:00:00,0.4956,0.03,HOLD,,0,-1
2026-04-29 12:00:00,2026-04-29 00:00:00,0.4948,0.03,HOLD,,1,-1
2026-04-30 00:00:00,2026-04-29 12:00:00,0.4941,0.03,HOLD,,1,-1
2026-04-30 12:00:00,2026-04-30 00:00:00,0.4926,0.03,HOLD,,1,-1
2026-05-01 00:00:00,2026-04-30 12:00:00,0.4927,0.03,HOLD,,1,-1
2026-05-01 12:00:00,2026-05-01 00:00:00,0.4918,0.03,HOLD,,1,-1
2026-05-04 00:00:00,2026-05-01 12:00:00,0.4912,0.03,HOLD,,1,-1
2026-05-04 12:00:00,2026-05-04 00:00:00,0.4904,0.03,HOLD,,1,-1
2026-05-05 00:00:00,2026-05-04 12:00:00,0.4908,0.03,HOLD,,1,-1
2026-05-05 12:00:00,2026-05-05 00:00:00,0.4894,0.03,HOLD,,1,-1
2026-05-06 00:00:00,2026-05-05 12:00:00,0.4892,0.03,HOLD,,1,-1
2026-05-06 12:00:00,2026-05-06 00:00:00,0.4877,0.03,HOLD,,0,-1
2026-05-07 00:00:00,2026-05-06 12:00:00,0.4873,0.03,HOLD,,0,-1
2026-05-07 12:00:00,2026-05-07 00:00:00,0.4861,0.03,HOLD,,0,-1
2026-05-08 00:00:00,2026-05-07 12:00:00,0.4865,0.03,HOLD,,0,-1
2026-05-08 12:00:00,2026-05-08 00:00:00,0.4853,0.03,HOLD,,0,-1
2026-05-11 00:00:00,2026-05-08 12:00:00,0.4844,0.03,HOLD,,0,-1
2026-05-11 12:00:00,2026-05-11 00:00:00,0.4834,0.03,HOLD,,0,-1
2026-05-12 00:00:00,2026-05-11 12:00:00,0.4835,0.03,HOLD,,0,-1
2026-05-12 12:00:00,2026-05-12 00:00:00,0.4821,0.03,HOLD,,0,-1
2026-05-13 00:00:00,2026-05-12 12:00:00,0.4809,0.03,HOLD,,0,-1
2026-05-13 12:00:00,2026-05-13 00:00:00,0.4795,0.03,HOLD,,0,-1
2026-05-14 00:00:00,2026-05-13 12:00:00,0.4789,0.03,HOLD,,0,-1
2026-05-14 12:00:00,2026-05-14 00:00:00,0.4772,0.03,HOLD,,0,-1
2026-05-15 00:00:00,2026-05-14 12:00:00,0.4765,0.03,HOLD,,0,-1
2026-05-15 12:00:00,2026-05-15 00:00:00,0.4755,0.03,HOLD,,0,-1
2026-05-18 00:00:00,2026-05-15 12:00:00,0.4748,0.03,HOLD,,0,-1
2026-05-18 12:00:00,2026-05-18 00:00:00,0.4734,0.03,HOLD,,0,-1
2026-05-19 00:00:00,2026-05-18 12:00:00,0.4728,0.03,HOLD,,0,-1
2026-05-19 12:00:00,2026-05-19 00:00:00,0.4715,0.03,HOLD,,1,-1
2026-05-20 00:00:00,2026-05-19 12:00:00,0.4719,0.03,HOLD,,1,-1
2026-05-20 12:00:00,2026-05-20 00:00:00,0.4715,0.03,HOLD,,1,-1
2026-05-21 00:00:00,2026-05-20 12:00:00,0.4704,0.03,HOLD,,1,-1
2026-05-21 12:00:00,2026-05-21 00:00:00,0.4695,0.03,SELL,False,1,0
2026-05-22 00:00:00,2026-05-21 12:00:00,0.4685,0.03,SELL,False,1,0
2026-05-22 12:00:00,2026-05-22 00:00:00,0.4665,0.03,SELL,False,1,0
2026-05-25 00:00:00,2026-05-22 12:00:00,0.4669,0.03,SELL,False,1,0
2026-05-25 12:00:00,2026-05-25 00:00:00,0.4667,0.03,SELL,True,0,0
2026-05-26 00:00:00,2026-05-25 12:00:00,0.4666,0.03,SELL,False,1,0
2026-05-26 12:00:00,2026-05-26 00:00:00,0.4664,0.03,SELL,False,1,0
2026-05-27 00:00:00,2026-05-26 12:00:00,0.4666,0.03,SELL,True,0,0
2026-05-27 12:00:00,2026-05-27 00:00:00,0.4677,0.03,SELL,False,1,0
