event_id	event_name	time	actual_value	forecast_value	previous_value	revised_previous	importance	country_code	currency_code
840140002	Continuing Jobless Claims	2020.01.02 16:30:00	1.728	1.717	1.719	1.723	2	US	USD
840040004	ISM Manufacturing Employment	2020.01.03 18:00:00	45.1	53.5	46.6	nan	2	US	USD
840020002	Construction Spending m/m	2020.01.03 18:00:00	0.6	0.2	-0.8	0.1	2	US	USD
840200002	EIA Cushing Crude Oil Stocks Change	2020.01.03 19:00:00	-1.449	0.015	-2.393	nan	2	US	USD
840100001	Baker Hughes US Oil Rig Count	2020.01.03 21:00:00	670.0	nan	677.0	nan	2	US	USD
840100002	Baker Hughes US Total Rig Count	2020.01.03 21:00:00	796.0	nan	805.0	nan	2	US	USD
840500003	S&P Global Composite PMI	2020.01.06 17:45:00	52.7	52.2	52.2	nan	2	US	USD
840520005	CFTC S&P 500 Non-Commercial Net Positions	2020.01.06 23:30:00	60.3	nan	27.1	nan	2	US	USD
840520003	CFTC Gold Non-Commercial Net Positions	2020.01.06 23:30:00	327.9	nan	305.7	nan	2	US	USD
840520004	CFTC Crude Oil Non-Commercial Net Positions	2020.01.06 23:30:00	554.9	nan	550.1	nan	2	US	USD
840520011	CFTC Nasdaq 100 Non-Commercial Net Positions	2020.01.06 23:30:00	25.6	nan	13.5	nan	2	US	USD
840020024	Imports	2020.01.07 16:30:00	251.716	nan	254.319	254.205	2	US	USD
840020001	Trade Balance	2020.01.07 16:30:00	-43.086	-45.283	-47.199	-46.939	2	US	USD
840020023	Exports	2020.01.07 16:30:00	208.63	nan	207.12	207.266	2	US	USD
840040005	ISM Non-Manufacturing Employment	2020.01.07 18:00:00	55.2	56.3	55.5	nan	2	US	USD
840020003	Factory Orders m/m	2020.01.07 18:00:00	-0.7	-0.8	0.3	0.2	2	US	USD
840220011	3-Year Note Auction	2020.01.07 21:00:00	1.567	nan	1.632	nan	2	US	USD
840200002	EIA Cushing Crude Oil Stocks Change	2020.01.08 18:30:00	-0.821	-0.483	-1.449	nan	2	US	USD
840050013	Fed Consumer Credit m/m	2020.01.08 23:00:00	12.51	17.2	18.91	18.98	2	US	USD
840140002	Continuing Jobless Claims	2020.01.09 16:30:00	1.803	1.72	1.728	nan	2	US	USD
840030024	U6 Unemployment Rate	2020.01.10 16:30:00	6.7	6.8	6.9	nan	2	US	USD
840030017	Participation Rate	2020.01.10 16:30:00	63.2	63.2	63.2	nan	2	US	USD
840030023	Private Nonfarm Payrolls	2020.01.10 16:30:00	139.0	146.0	254.0	243.0	2	US	USD
840030019	Average Hourly Earnings y/y	2020.01.10 16:30:00	2.9	3.0	3.1	nan	2	US	USD
840100001	Baker Hughes US Oil Rig Count	2020.01.10 21:00:00	659.0	nan	670.0	nan	2	US	USD
840100002	Baker Hughes US Total Rig Count	2020.01.10 21:00:00	781.0	nan	796.0	nan	2	US	USD
840520005	CFTC S&P 500 Non-Commercial Net Positions	2020.01.10 23:30:00	40.8	nan	60.3	nan	2	US	USD
840520003	CFTC Gold Non-Commercial Net Positions	2020.01.10 23:30:00	322.3	nan	327.9	nan	2	US	USD
840520004	CFTC Crude Oil Non-Commercial Net Positions	2020.01.10 23:30:00	567.3	nan	554.9	nan	2	US	USD
840520011	CFTC Nasdaq 100 Non-Commercial Net Positions	2020.01.10 23:30:00	16.7	nan	25.6	nan	2	US	USD
840150001	Federal Budget Balance	2020.01.13 22:00:00	-13.3	-15.9	-208.8	nan	2	US	USD
840030008	Core CPI y/y	2020.01.14 16:30:00	2.3	2.2	2.3	nan	2	US	USD
840030002	Core PPI m/m	2020.01.15 16:30:00	0.1	0.1	-0.2	nan	2	US	USD
840230001	NY Fed Empire State Manufacturing Index	2020.01.15 16:30:00	4.8	3.1	3.5	3.3	2	US	USD
840200002	EIA Cushing Crude Oil Stocks Change	2020.01.15 18:30:00	0.342	-0.977	-0.821	nan	2	US	USD
840030011	Import Price Index m/m	2020.01.16 16:30:00	0.3	0.0	0.2	0.1	2	US	USD
840030013	Export Price Index m/m	2020.01.16 16:30:00	-0.2	-0.2	0.2	nan	2	US	USD
840070002	Philadelphia Fed Employment	2020.01.16 16:30:00	19.3	17.2	17.8	16.8	2	US	USD
840020012	Retail Control m/m	2020.01.16 16:30:00	0.5	0.7	0.1	-0.1	2	US	USD
840140002	Continuing Jobless Claims	2020.01.16 16:30:00	1.767	1.762	1.803	1.804	2	US	USD
840020007	Business Inventories m/m	2020.01.16 18:00:00	-0.2	0.2	0.2	0.1	2	US	USD
840020027	Retail Inventories m/m	2020.01.16 18:00:00	-0.8	-0.7	-0.7	nan	2	US	USD
840020028	Retail Inventories excl. Autos m/m	2020.01.16 18:00:00	-0.2	nan	-0.2	nan	2	US	USD
840220001	TIC Net Long-Term Transactions	2020.01.17 00:00:00	22.9	34.5	32.5	31.5	2	US	USD
840020004	Housing Starts	2020.01.17 16:30:00	1.608	1.25	1.365	1.375	2	US	USD
840020015	Housing Starts m/m	2020.01.17 16:30:00	16.9	-3.8	3.2	2.6	2	US	USD
840020005	Building Permits	2020.01.17 16:30:00	1.416	1.47	1.482	1.474	2	US	USD
840050011	Fed Industrial Production m/m	2020.01.17 17:15:00	-0.3	-0.2	1.1	0.8	2	US	USD
840050026	Fed Industrial Production y/y	2020.01.17 17:15:00	-1.0	1.4	-0.8	nan	2	US	USD
840210001	Michigan Consumer Sentiment	2020.01.17 18:00:00	99.1	99.6	99.3	nan	2	US	USD
840210002	Michigan Consumer Expectations	2020.01.17 18:00:00	88.3	85.4	88.9	nan	2	US	USD
840210004	Michigan Inflation Expectations	2020.01.17 18:00:00	2.5	2.3	2.3	nan	2	US	USD
840210005	Michigan 5-Year Inflation Expectations	2020.01.17 18:00:00	2.5	2.4	2.2	nan	2	US	USD
840100001	Baker Hughes US Oil Rig Count	2020.01.17 21:00:00	673.0	nan	659.0	nan	2	US	USD
840100002	Baker Hughes US Total Rig Count	2020.01.17 21:00:00	796.0	nan	781.0	nan	2	US	USD
840520005	CFTC S&P 500 Non-Commercial Net Positions	2020.01.17 23:30:00	33.0	nan	40.8	nan	2	US	USD
840520003	CFTC Gold Non-Commercial Net Positions	2020.01.17 23:30:00	319.2	nan	322.3	nan	2	US	USD
840520004	CFTC Crude Oil Non-Commercial Net Positions	2020.01.17 23:30:00	530.3	nan	567.3	nan	2	US	USD
840520011	CFTC Nasdaq 100 Non-Commercial Net Positions	2020.01.17 23:30:00	16.7	nan	16.7	nan	2	US	USD
840120002	Existing Home Sales m/m	2020.01.22 18:00:00	3.6	-0.7	-1.7	nan	2	US	USD
840140002	Continuing Jobless Claims	2020.01.23 16:30:00	1.731	1.782	1.767	1.768	2	US	USD
840180001	CB Leading Economic Index m/m	2020.01.23 18:00:00	-0.3	0.0	0.0	0.1	2	US	USD
840200002	EIA Cushing Crude Oil Stocks Change	2020.01.23 19:00:00	-0.961	-0.81	0.342	nan	2	US	USD
840220017	10-Year TIPS Auction	2020.01.23 21:00:00	0.036	nan	0.149	nan	2	US	USD
840500003	S&P Global Composite PMI	2020.01.24 17:45:00	53.1	52.5	52.7	nan	2	US	USD
840100001	Baker Hughes US Oil Rig Count	2020.01.24 21:00:00	676.0	nan	673.0	nan	2	US	USD
840100002	Baker Hughes US Total Rig Count	2020.01.24 21:00:00	794.0	nan	796.0	nan	2	US	USD
840520005	CFTC S&P 500 Non-Commercial Net Positions	2020.01.24 23:30:00	4.6	nan	33.0	nan	2	US	USD
840520003	CFTC Gold Non-Commercial Net Positions	2020.01.24 23:30:00	317.7	nan	319.2	nan	2	US	USD
840520004	CFTC Crude Oil Non-Commercial Net Positions	2020.01.24 23:30:00	520.6	nan	530.3	nan	2	US	USD
840520011	CFTC Nasdaq 100 Non-Commercial Net Positions	2020.01.24 23:30:00	9.0	nan	16.7	nan	2	US	USD
840020009	New Home Sales m/m	2020.01.27 18:00:00	-0.4	-2.5	1.3	-1.1	2	US	USD
840220010	2-Year Note Auction	2020.01.27 19:30:00	1.44	nan	1.653	nan	2	US	USD
840220012	5-Year Note Auction	2020.01.27 21:00:00	1.448	nan	1.756	nan	2	US	USD
840020014	Core Durable Goods Orders m/m	2020.01.28 16:30:00	-0.1	0.1	0.0	-0.4	2	US	USD
840170001	S&P/CS HPI Composite-20 y/y	2020.01.28 17:00:00	2.6	2.4	2.2	nan	2	US	USD
840170002	S&P/CS HPI Composite-20 n.s.a. m/m	2020.01.28 17:00:00	0.1	0.0	0.1	nan	2	US	USD
840220013	7-Year Note Auction	2020.01.28 21:00:00	1.57	nan	1.835	nan	2	US	USD
840020019	Goods Trade Balance	2020.01.29 16:30:00	-68.332	-65.197	-63.193	-62.988	2	US	USD
840020027	Retail Inventories m/m	2020.01.29 16:30:00	0.0	0.2	-0.8	nan	2	US	USD
840020028	Retail Inventories excl. Autos m/m	2020.01.29 16:30:00	0.0	nan	-0.2	-0.3	2	US	USD
840120003	Pending Home Sales m/m	2020.01.29 18:00:00	-4.9	-0.6	1.2	nan	2	US	USD
840200002	EIA Cushing Crude Oil Stocks Change	2020.01.29 18:30:00	0.758	-0.775	-0.961	nan	2	US	USD
840010016	Real PCE q/q	2020.01.30 16:30:00	1.8	3.8	3.2	nan	2	US	USD
840140002	Continuing Jobless Claims	2020.01.30 16:30:00	1.703	1.746	1.731	1.747	2	US	USD
840030025	Employment Cost Index q/q	2020.01.31 16:30:00	0.7	0.7	0.7	nan	2	US	USD
840010003	PCE Price Index m/m	2020.01.31 16:30:00	0.3	0.1	0.2	0.1	2	US	USD
840010004	PCE Price Index y/y	2020.01.31 16:30:00	1.6	1.7	1.5	1.4	2	US	USD
840010005	Personal Spending m/m	2020.01.31 16:30:00	0.3	0.3	0.4	nan	2	US	USD
840210001	Michigan Consumer Sentiment	2020.01.31 18:00:00	99.8	99.1	99.1	nan	2	US	USD
840210002	Michigan Consumer Expectations	2020.01.31 18:00:00	90.5	88.3	88.3	nan	2	US	USD
840210004	Michigan Inflation Expectations	2020.01.31 18:00:00	2.5	2.5	2.5	nan	2	US	USD
840210005	Michigan 5-Year Inflation Expectations	2020.01.31 18:00:00	2.5	2.5	2.5	nan	2	US	USD
840100001	Baker Hughes US Oil Rig Count	2020.01.31 21:00:00	675.0	nan	676.0	nan	2	US	USD
840100002	Baker Hughes US Total Rig Count	2020.01.31 21:00:00	790.0	nan	794.0	nan	2	US	USD
840520005	CFTC S&P 500 Non-Commercial Net Positions	2020.01.31 23:30:00	16.8	nan	4.6	nan	2	US	USD
840520003	CFTC Gold Non-Commercial Net Positions	2020.01.31 23:30:00	330.1	nan	317.7	nan	2	US	USD
840520004	CFTC Crude Oil Non-Commercial Net Positions	2020.01.31 23:30:00	461.8	nan	520.6	nan	2	US	USD
840520011	CFTC Nasdaq 100 Non-Commercial Net Positions	2020.01.31 23:30:00	24.4	nan	9.0	nan	2	US	USD
840040004	ISM Manufacturing Employment	2020.02.03 18:00:00	46.6	43.3	45.1	45.2	2	US	USD
840020002	Construction Spending m/m	2020.02.03 18:00:00	-0.2	0.2	0.6	0.7	2	US	USD
840020003	Factory Orders m/m	2020.02.04 18:00:00	1.8	0.3	-0.7	-1.2	2	US	USD
840020024	Imports	2020.02.05 16:30:00	258.517	nan	251.716	251.754	2	US	USD
840020001	Trade Balance	2020.02.05 16:30:00	-48.88	-44.952	-43.086	-43.691	2	US	USD
840020023	Exports	2020.02.05 16:30:00	209.636	nan	208.63	208.064	2	US	USD
840500003	S&P Global Composite PMI	2020.02.05 17:45:00	53.3	53.1	53.1	nan	2	US	USD
840040005	ISM Non-Manufacturing Employment	2020.02.05 18:00:00	53.1	55.2	55.2	54.8	2	US	USD
840200002	EIA Cushing Crude Oil Stocks Change	2020.02.05 18:30:00	1.068	0.767	0.758	nan	2	US	USD
840030028	Nonfarm Productivity q/q	2020.02.06 16:30:00	1.4	1.8	-0.2	nan	2	US	USD
840030029	Unit Labor Costs q/q	2020.02.06 16:30:00	1.4	1.0	2.5	nan	2	US	USD
840140002	Continuing Jobless Claims	2020.02.06 16:30:00	1.751	1.714	1.703	nan	2	US	USD
840030024	U6 Unemployment Rate	2020.02.07 16:30:00	6.9	6.7	6.7	nan	2	US	USD
840030017	Participation Rate	2020.02.07 16:30:00	63.4	63.1	63.2	nan	2	US	USD
840030023	Private Nonfarm Payrolls	2020.02.07 16:30:00	206.0	143.0	139.0	142.0	2	US	USD
840030019	Average Hourly Earnings y/y	2020.02.07 16:30:00	3.1	2.9	2.9	nan	2	US	USD
840100001	Baker Hughes US Oil Rig Count	2020.02.07 21:00:00	676.0	nan	675.0	nan	2	US	USD
840100002	Baker Hughes US Total Rig Count	2020.02.07 21:00:00	790.0	nan	790.0	nan	2	US	USD
840050013	Fed Consumer Credit m/m	2020.02.07 23:00:00	22.06	17.1	12.51	11.81	2	US	USD
840520005	CFTC S&P 500 Non-Commercial Net Positions	2020.02.07 23:30:00	46.1	nan	16.8	nan	2	US	USD
840520003	CFTC Gold Non-Commercial Net Positions	2020.02.07 23:30:00	299.8	nan	330.1	nan	2	US	USD
840520004	CFTC Crude Oil Non-Commercial Net Positions	2020.02.07 23:30:00	397.4	nan	461.8	nan	2	US	USD
840520011	CFTC Nasdaq 100 Non-Commercial Net Positions	2020.02.07 23:30:00	21.3	nan	24.4	nan	2	US	USD
840220011	3-Year Note Auction	2020.02.11 21:00:00	1.394	nan	1.567	nan	2	US	USD
840200002	EIA Cushing Crude Oil Stocks Change	2020.02.12 18:30:00	1.668	1.096	1.068	nan	2	US	USD
840150001	Federal Budget Balance	2020.02.12 22:00:00	-32.6	14.7	-13.3	nan	2	US	USD
840030008	Core CPI y/y	2020.02.13 16:30:00	2.3	2.4	2.3	nan	2	US	USD
840140002	Continuing Jobless Claims	2020.02.13 16:30:00	1.698	1.724	1.751	1.759	2	US	USD
840030011	Import Price Index m/m	2020.02.14 16:30:00	0.0	0.0	0.3	0.2	2	US	USD
840030013	Export Price Index m/m	2020.02.14 16:30:00	0.7	-0.1	-0.2	nan	2	US	USD
840020012	Retail Control m/m	2020.02.14 16:30:00	0.0	0.2	0.5	0.2	2	US	USD
840050011	Fed Industrial Production m/m	2020.02.14 17:15:00	-0.3	-0.1	-0.3	-0.4	2	US	USD
840050026	Fed Industrial Production y/y	2020.02.14 17:15:00	-0.8	-1.8	-1.0	nan	2	US	USD
840210001	Michigan Consumer Sentiment	2020.02.14 18:00:00	100.9	99.8	99.8	nan	2	US	USD
840210002	Michigan Consumer Expectations	2020.02.14 18:00:00	92.6	92.4	90.5	nan	2	US	USD
840210004	Michigan Inflation Expectations	2020.02.14 18:00:00	2.5	2.4	2.5	nan	2	US	USD
840210005	Michigan 5-Year Inflation Expectations	2020.02.14 18:00:00	2.3	2.4	2.5	nan	2	US	USD
840020007	Business Inventories m/m	2020.02.14 18:00:00	0.1	0.2	-0.2	nan	2	US	USD
840020027	Retail Inventories m/m	2020.02.14 18:00:00	0.0	0.0	0.0	nan	2	US	USD
840020028	Retail Inventories excl. Autos m/m	2020.02.14 18:00:00	0.0	nan	0.0	nan	2	US	USD
840100001	Baker Hughes US Oil Rig Count	2020.02.14 21:00:00	678.0	nan	676.0	nan	2	US	USD
840100002	Baker Hughes US Total Rig Count	2020.02.14 21:00:00	790.0	nan	790.0	nan	2	US	USD
840520005	CFTC S&P 500 Non-Commercial Net Positions	2020.02.14 23:30:00	34.8	nan	46.1	nan	2	US	USD
840520003	CFTC Gold Non-Commercial Net Positions	2020.02.14 23:30:00	308.0	nan	299.8	nan	2	US	USD
840520004	CFTC Crude Oil Non-Commercial Net Positions	2020.02.14 23:30:00	396.8	nan	397.4	nan	2	US	USD
840520011	CFTC Nasdaq 100 Non-Commercial Net Positions	2020.02.14 23:30:00	8.7	nan	21.3	nan	2	US	USD
840230001	NY Fed Empire State Manufacturing Index	2020.02.18 16:30:00	12.9	4.1	4.8	nan	2	US	USD
840220001	TIC Net Long-Term Transactions	2020.02.19 00:00:00	85.6	25.5	22.9	27.1	2	US	USD
840030002	Core PPI m/m	2020.02.19 16:30:00	0.5	0.2	0.1	nan	2	US	USD
840020004	Housing Starts	2020.02.19 16:30:00	1.567	1.3	1.608	1.626	2	US	USD
840020015	Housing Starts m/m	2020.02.19 16:30:00	-3.6	-30.7	16.9	17.7	2	US	USD
840020005	Building Permits	2020.02.19 16:30:00	1.551	1.447	1.416	1.42	2	US	USD
840070002	Philadelphia Fed Employment	2020.02.20 16:30:00	9.8	10.2	19.3	nan	2	US	USD
840140002	Continuing Jobless Claims	2020.02.20 16:30:00	1.726	1.721	1.698	1.701	2	US	USD
840180001	CB Leading Economic Index m/m	2020.02.20 18:00:00	0.8	0.1	-0.3	nan	2	US	USD
840200002	EIA Cushing Crude Oil Stocks Change	2020.02.20 19:00:00	-0.133	1.536	1.668	nan	2	US	USD
840220018	30-Year TIPS Auction	2020.02.20 21:00:00	0.261	nan	0.501	nan	2	US	USD
840500003	S&P Global Composite PMI	2020.02.21 17:45:00	49.6	53.3	53.3	nan	2	US	USD
840120002	Existing Home Sales m/m	2020.02.21 18:00:00	-1.3	-0.1	3.6	3.9	2	US	USD
840100001	Baker Hughes US Oil Rig Count	2020.02.21 21:00:00	679.0	nan	678.0	nan	2	US	USD
840100002	Baker Hughes US Total Rig Count	2020.02.21 21:00:00	791.0	nan	790.0	nan	2	US	USD
840520005	CFTC S&P 500 Non-Commercial Net Positions	2020.02.21 23:30:00	29.8	nan	34.8	nan	2	US	USD
840520003	CFTC Gold Non-Commercial Net Positions	2020.02.21 23:30:00	353.6	nan	308.0	nan	2	US	USD
840520004	CFTC Crude Oil Non-Commercial Net Positions	2020.02.21 23:30:00	411.8	nan	396.8	nan	2	US	USD
840520011	CFTC Nasdaq 100 Non-Commercial Net Positions	2020.02.21 23:30:00	18.4	nan	8.7	nan	2	US	USD
840170001	S&P/CS HPI Composite-20 y/y	2020.02.25 17:00:00	2.9	2.8	2.6	nan	2	US	USD
840170002	S&P/CS HPI Composite-20 n.s.a. m/m	2020.02.25 17:00:00	0.0	0.0	0.1	nan	2	US	USD
840220010	2-Year Note Auction	2020.02.25 21:00:00	1.188	nan	1.44	nan	2	US	USD
840020009	New Home Sales m/m	2020.02.26 18:00:00	7.9	-1.5	-0.4	2.3	2	US	USD
840200002	EIA Cushing Crude Oil Stocks Change	2020.02.26 18:30:00	0.906	1.099	-0.133	nan	2	US	USD
840220012	5-Year Note Auction	2020.02.26 21:00:00	1.15	nan	1.448	nan	2	US	USD
840020014	Core Durable Goods Orders m/m	2020.02.27 16:30:00	0.9	0.0	-0.1	0.1	2	US	USD
840010016	Real PCE q/q	2020.02.27 16:30:00	1.7	1.8	1.8	nan	2	US	USD
840140002	Continuing Jobless Claims	2020.02.27 16:30:00	1.724	1.709	1.726	1.733	2	US	USD
840120003	Pending Home Sales m/m	2020.02.27 18:00:00	5.2	1.8	-4.9	-4.3	2	US	USD
840220013	7-Year Note Auction	2020.02.27 21:00:00	1.247	nan	1.57	nan	2	US	USD
840020019	Goods Trade Balance	2020.02.28 16:30:00	-65.498	-68.88	-68.332	-68.671	2	US	USD
840020027	Retail Inventories m/m	2020.02.28 16:30:00	0.0	0.4	0.0	-0.1	2	US	USD
840020028	Retail Inventories excl. Autos m/m	2020.02.28 16:30:00	0.3	nan	0.0	0.1	2	US	USD
840010003	PCE Price Index m/m	2020.02.28 16:30:00	0.1	0.1	0.3	nan	2	US	USD
840010004	PCE Price Index y/y	2020.02.28 16:30:00	1.7	1.7	1.6	1.5	2	US	USD
840010005	Personal Spending m/m	2020.02.28 16:30:00	0.2	0.3	0.3	0.4	2	US	USD
840210001	Michigan Consumer Sentiment	2020.02.28 18:00:00	101.0	100.9	100.9	nan	2	US	USD
840210002	Michigan Consumer Expectations	2020.02.28 18:00:00	92.1	92.6	92.6	nan	2	US	USD
840210004	Michigan Inflation Expectations	2020.02.28 18:00:00	2.4	2.5	2.5	nan	2	US	USD
840210005	Michigan 5-Year Inflation Expectations	2020.02.28 18:00:00	2.3	2.3	2.3	nan	2	US	USD
840100001	Baker Hughes US Oil Rig Count	2020.02.28 21:00:00	678.0	nan	679.0	nan	2	US	USD
840100002	Baker Hughes US Total Rig Count	2020.02.28 21:00:00	790.0	nan	791.0	nan	2	US	USD
840520005	CFTC S&P 500 Non-Commercial Net Positions	2020.02.28 23:30:00	55.6	nan	29.8	nan	2	US	USD
840520003	CFTC Gold Non-Commercial Net Positions	2020.02.28 23:30:00	335.9	nan	353.6	nan	2	US	USD
840520004	CFTC Crude Oil Non-Commercial Net Positions	2020.02.28 23:30:00	431.5	nan	411.8	nan	2	US	USD
840520011	CFTC Nasdaq 100 Non-Commercial Net Positions	2020.02.28 23:30:00	39.6	nan	18.4	nan	2	US	USD
840040004	ISM Manufacturing Employment	2020.03.02 18:00:00	46.9	43.9	46.6	nan	2	US	USD
840020002	Construction Spending m/m	2020.03.02 18:00:00	1.8	0.1	-0.2	0.2	2	US	USD
840500003	S&P Global Composite PMI	2020.03.04 17:45:00	49.6	49.6	49.6	nan	2	US	USD
840040005	ISM Non-Manufacturing Employment	2020.03.04 18:00:00	55.6	54.1	53.1	nan	2	US	USD
840200002	EIA Cushing Crude Oil Stocks Change	2020.03.04 18:30:00	-1.971	0.867	0.906	nan	2	US	USD
840030028	Nonfarm Productivity q/q	2020.03.05 16:30:00	1.2	1.4	1.4	nan	2	US	USD
840030029	Unit Labor Costs q/q	2020.03.05 16:30:00	0.9	1.4	1.4	nan	2	US	USD
840140002	Continuing Jobless Claims	2020.03.05 16:30:00	1.729	1.722	1.724	1.722	2	US	USD
840020003	Factory Orders m/m	2020.03.05 18:00:00	-0.5	0.3	1.8	1.9	2	US	USD
840030024	U6 Unemployment Rate	2020.03.06 16:30:00	7.0	6.9	6.9	nan	2	US	USD
840030017	Participation Rate	2020.03.06 16:30:00	63.4	63.3	63.4	nan	2	US	USD
840030023	Private Nonfarm Payrolls	2020.03.06 16:30:00	228.0	143.0	206.0	222.0	2	US	USD
840030019	Average Hourly Earnings y/y	2020.03.06 16:30:00	3.0	2.9	3.1	nan	2	US	USD
840020024	Imports	2020.03.06 16:30:00	253.906	nan	258.517	258.089	2	US	USD
840020001	Trade Balance	2020.03.06 16:30:00	-45.338	-45.839	-48.88	-48.613	2	US	USD
840020023	Exports	2020.03.06 16:30:00	208.569	nan	209.636	209.476	2	US	USD
840100001	Baker Hughes US Oil Rig Count	2020.03.06 21:00:00	682.0	nan	678.0	nan	2	US	USD
840100002	Baker Hughes US Total Rig Count	2020.03.06 21:00:00	793.0	nan	790.0	nan	2	US	USD
840050013	Fed Consumer Credit m/m	2020.03.06 23:00:00	12.02	17.2	22.06	20.25	2	US	USD
840520005	CFTC S&P 500 Non-Commercial Net Positions	2020.03.06 23:30:00	5.2	nan	55.6	nan	2	US	USD
840520003	CFTC Gold Non-Commercial Net Positions	2020.03.06 23:30:00	319.7	nan	335.9	nan	2	US	USD
840520004	CFTC Crude Oil Non-Commercial Net Positions	2020.03.06 23:30:00	388.4	nan	431.5	nan	2	US	USD
840520011	CFTC Nasdaq 100 Non-Commercial Net Positions	2020.03.06 23:30:00	32.2	nan	39.6	nan	2	US	USD
840220011	3-Year Note Auction	2020.03.10 20:00:00	0.563	nan	1.394	nan	2	US	USD
840030008	Core CPI y/y	2020.03.11 15:30:00	2.4	2.4	2.3	nan	2	US	USD
840200002	EIA Cushing Crude Oil Stocks Change	2020.03.11 17:30:00	0.704	-0.615	-1.971	nan	2	US	USD
840150001	Federal Budget Balance	2020.03.11 21:00:00	-235.3	-239.5	-32.6	nan	2	US	USD
840030002	Core PPI m/m	2020.03.12 15:30:00	-0.3	0.1	0.5	nan	2	US	USD
840140002	Continuing Jobless Claims	2020.03.12 15:30:00	1.722	1.723	1.729	1.733	2	US	USD
840030011	Import Price Index m/m	2020.03.13 15:30:00	-0.5	0.0	0.0	0.1	2	US	USD
840030013	Export Price Index m/m	2020.03.13 15:30:00	-1.1	0.0	0.7	0.6	2	US	USD
840210001	Michigan Consumer Sentiment	2020.03.13 17:00:00	95.9	101.2	101.0	nan	2	US	USD
840210002	Michigan Consumer Expectations	2020.03.13 17:00:00	85.3	89.0	92.1	nan	2	US	USD
840210004	Michigan Inflation Expectations	2020.03.13 17:00:00	2.3	2.5	2.4	nan	2	US	USD
840210005	Michigan 5-Year Inflation Expectations	2020.03.13 17:00:00	2.3	2.4	2.3	nan	2	US	USD
840100001	Baker Hughes US Oil Rig Count	2020.03.13 20:00:00	683.0	nan	682.0	nan	2	US	USD
840100002	Baker Hughes US Total Rig Count	2020.03.13 20:00:00	792.0	nan	793.0	nan	2	US	USD
840520005	CFTC S&P 500 Non-Commercial Net Positions	2020.03.13 22:30:00	-1.6	nan	5.2	nan	2	US	USD
840520003	CFTC Gold Non-Commercial Net Positions	2020.03.13 22:30:00	299.5	nan	319.7	nan	2	US	USD
840520004	CFTC Crude Oil Non-Commercial Net Positions	2020.03.13 22:30:00	387.4	nan	388.4	nan	2	US	USD
840520011	CFTC Nasdaq 100 Non-Commercial Net Positions	2020.03.13 22:30:00	17.7	nan	32.2	nan	2	US	USD
840230001	NY Fed Empire State Manufacturing Index	2020.03.16 15:30:00	-21.5	8.7	12.9	nan	2	US	USD
840220001	TIC Net Long-Term Transactions	2020.03.16 23:00:00	20.9	28.4	85.6	nan	2	US	USD
840020012	Retail Control m/m	2020.03.17 15:30:00	0.0	0.8	0.0	0.4	2	US	USD
840050011	Fed Industrial Production m/m	2020.03.17 16:15:00	0.6	0.2	-0.3	-0.5	2	US	USD
840050026	Fed Industrial Production y/y	2020.03.17 16:15:00	0.0	-0.6	-0.8	nan	2	US	USD
840020007	Business Inventories m/m	2020.03.17 17:00:00	-0.1	0.1	0.1	0.0	2	US	USD
840020027	Retail Inventories m/m	2020.03.17 17:00:00	0.0	0.0	0.0	nan	2	US	USD
840020028	Retail Inventories excl. Autos m/m	2020.03.17 17:00:00	0.3	nan	0.3	nan	2	US	USD
840020004	Housing Starts	2020.03.18 15:30:00	1.599	1.354	1.567	1.624	2	US	USD
840020015	Housing Starts m/m	2020.03.18 15:30:00	-1.5	-4.9	-3.6	1.4	2	US	USD
840020005	Building Permits	2020.03.18 15:30:00	1.464	1.484	1.551	1.55	2	US	USD
840200002	EIA Cushing Crude Oil Stocks Change	2020.03.18 17:30:00	0.563	-0.917	0.704	nan	2	US	USD
840070002	Philadelphia Fed Employment	2020.03.19 15:30:00	4.1	14.5	9.8	nan	2	US	USD
840010015	Current Account	2020.03.19 15:30:00	-109.822	-131.444	-124.094	-125.378	2	US	USD
840140002	Continuing Jobless Claims	2020.03.19 15:30:00	1.701	1.722	1.722	1.699	2	US	USD
840180001	CB Leading Economic Index m/m	2020.03.19 17:00:00	0.1	0.1	0.8	0.7	2	US	USD
840220017	10-Year TIPS Auction	2020.03.19 20:00:00	0.68	nan	0.036	nan	2	US	USD
840120002	Existing Home Sales m/m	2020.03.20 17:00:00	6.5	0.3	-1.3	-2.0	2	US	USD
840100001	Baker Hughes US Oil Rig Count	2020.03.20 20:00:00	664.0	nan	683.0	nan	2	US	USD
840100002	Baker Hughes US Total Rig Count	2020.03.20 20:00:00	772.0	nan	792.0	nan	2	US	USD
840520005	CFTC S&P 500 Non-Commercial Net Positions	2020.03.20 22:30:00	17.0	nan	-1.6	nan	2	US	USD
840520003	CFTC Gold Non-Commercial Net Positions	2020.03.20 22:30:00	281.9	nan	299.5	nan	2	US	USD
840520004	CFTC Crude Oil Non-Commercial Net Positions	2020.03.20 22:30:00	440.2	nan	387.4	nan	2	US	USD
840520011	CFTC Nasdaq 100 Non-Commercial Net Positions	2020.03.20 22:30:00	22.4	nan	17.7	nan	2	US	USD
840500003	S&P Global Composite PMI	2020.03.24 16:45:00	40.5	47.5	49.6	nan	2	US	USD
840020009	New Home Sales m/m	2020.03.24 17:00:00	-4.4	3.7	7.9	10.5	2	US	USD
840220010	2-Year Note Auction	2020.03.24 20:00:00	0.398	nan	1.188	nan	2	US	USD
840020014	Core Durable Goods Orders m/m	2020.03.25 15:30:00	-0.6	0.0	0.9	0.6	2	US	USD
840200002	EIA Cushing Crude Oil Stocks Change	2020.03.25 17:30:00	0.858	-0.522	0.563	nan	2	US	USD
840220012	5-Year Note Auction	2020.03.25 20:00:00	0.535	nan	1.15	nan	2	US	USD
840020019	Goods Trade Balance	2020.03.26 15:30:00	-59.885	-74.52	-65.498	-65.897	2	US	USD
840020027	Retail Inventories m/m	2020.03.26 15:30:00	-0.3	-0.4	0.0	-0.1	2	US	USD
840020028	Retail Inventories excl. Autos m/m	2020.03.26 15:30:00	0.0	nan	0.3	nan	2	US	USD
840010016	Real PCE q/q	2020.03.26 15:30:00	1.8	1.7	1.7	nan	2	US	USD
840140002	Continuing Jobless Claims	2020.03.26 15:30:00	1.803	1.708	1.701	1.702	2	US	USD
840220013	7-Year Note Auction	2020.03.26 20:00:00	0.68	nan	1.247	nan	2	US	USD
840010003	PCE Price Index m/m	2020.03.27 15:30:00	0.1	0.1	0.1	nan	2	US	USD
840010004	PCE Price Index y/y	2020.03.27 15:30:00	1.8	1.6	1.7	1.8	2	US	USD
840010005	Personal Spending m/m	2020.03.27 15:30:00	0.2	0.3	0.2	nan	2	US	USD
840210001	Michigan Consumer Sentiment	2020.03.27 17:00:00	89.1	95.9	95.9	nan	2	US	USD
840210002	Michigan Consumer Expectations	2020.03.27 17:00:00	79.7	85.3	85.3	nan	2	US	USD
840210004	Michigan Inflation Expectations	2020.03.27 17:00:00	2.2	2.3	2.3	nan	2	US	USD
840210005	Michigan 5-Year Inflation Expectations	2020.03.27 17:00:00	2.3	2.3	2.3	nan	2	US	USD
840100001	Baker Hughes US Oil Rig Count	2020.03.27 20:00:00	624.0	nan	664.0	nan	2	US	USD
840100002	Baker Hughes US Total Rig Count	2020.03.27 20:00:00	728.0	nan	772.0	nan	2	US	USD
840520005	CFTC S&P 500 Non-Commercial Net Positions	2020.03.27 22:30:00	12.7	nan	17.0	nan	2	US	USD
840520003	CFTC Gold Non-Commercial Net Positions	2020.03.27 22:30:00	288.4	nan	281.9	nan	2	US	USD
840520004	CFTC Crude Oil Non-Commercial Net Positions	2020.03.27 22:30:00	436.0	nan	440.2	nan	2	US	USD
840520011	CFTC Nasdaq 100 Non-Commercial Net Positions	2020.03.27 22:30:00	27.4	nan	22.4	nan	2	US	USD
840120003	Pending Home Sales m/m	2020.03.30 17:00:00	2.4	-0.3	5.2	5.3	2	US	USD
840170001	S&P/CS HPI Composite-20 y/y	2020.03.31 16:00:00	3.1	3.2	2.9	nan	2	US	USD
840170002	S&P/CS HPI Composite-20 n.s.a. m/m	2020.03.31 16:00:00	0.0	0.0	0.0	nan	2	US	USD
840040004	ISM Manufacturing Employment	2020.04.01 17:00:00	43.8	45.4	46.9	nan	2	US	USD
840020002	Construction Spending m/m	2020.04.01 17:00:00	-1.3	0.2	1.8	2.8	2	US	USD
840200002	EIA Cushing Crude Oil Stocks Change	2020.04.01 17:30:00	3.521	0.414	0.858	nan	2	US	USD
840020024	Imports	2020.04.02 15:30:00	247.476	nan	253.906	253.79	2	US	USD
840020001	Trade Balance	2020.04.02 15:30:00	-39.932	-46.933	-45.338	-45.482	2	US	USD
840020023	Exports	2020.04.02 15:30:00	207.543	nan	208.569	208.307	2	US	USD
840140002	Continuing Jobless Claims	2020.04.02 15:30:00	3.029	1.749	1.803	1.784	2	US	USD
840020003	Factory Orders m/m	2020.04.02 17:00:00	0.0	0.7	-0.5	nan	2	US	USD
840030024	U6 Unemployment Rate	2020.04.03 15:30:00	8.7	7.1	7.0	nan	2	US	USD
840030017	Participation Rate	2020.04.03 15:30:00	62.7	63.3	63.4	nan	2	US	USD
840030023	Private Nonfarm Payrolls	2020.04.03 15:30:00	-713.0	150.0	228.0	242.0	2	US	USD
840030019	Average Hourly Earnings y/y	2020.04.03 15:30:00	3.1	2.9	3.0	nan	2	US	USD
840500003	S&P Global Composite PMI	2020.04.03 16:45:00	40.9	40.5	40.5	nan	2	US	USD
840040005	ISM Non-Manufacturing Employment	2020.04.03 17:00:00	47.0	53.7	55.6	nan	2	US	USD
840100001	Baker Hughes US Oil Rig Count	2020.04.03 20:00:00	562.0	nan	624.0	nan	2	US	USD
840100002	Baker Hughes US Total Rig Count	2020.04.03 20:00:00	664.0	nan	728.0	nan	2	US	USD
840520005	CFTC S&P 500 Non-Commercial Net Positions	2020.04.03 22:30:00	-28.8	nan	12.7	nan	2	US	USD
840520003	CFTC Gold Non-Commercial Net Positions	2020.04.03 22:30:00	258.8	nan	288.4	nan	2	US	USD
840520004	CFTC Crude Oil Non-Commercial Net Positions	2020.04.03 22:30:00	435.1	nan	436.0	nan	2	US	USD
840520011	CFTC Nasdaq 100 Non-Commercial Net Positions	2020.04.03 22:30:00	21.4	nan	27.4	nan	2	US	USD
840220011	3-Year Note Auction	2020.04.06 20:00:00	0.348	nan	0.563	nan	2	US	USD
840050013	Fed Consumer Credit m/m	2020.04.07 22:00:00	22.33	16.9	12.02	12.06	2	US	USD
840200002	EIA Cushing Crude Oil Stocks Change	2020.04.08 17:30:00	6.417	1.937	3.521	nan	2	US	USD
840030002	Core PPI m/m	2020.04.09 15:30:00	0.2	0.2	-0.3	nan	2	US	USD
840140002	Continuing Jobless Claims	2020.04.09 15:30:00	7.455	2.43	3.029	3.059	2	US	USD
840210001	Michigan Consumer Sentiment	2020.04.09 17:00:00	71.0	92.6	89.1	nan	2	US	USD
840210002	Michigan Consumer Expectations	2020.04.09 17:00:00	70.0	82.3	79.7	nan	2	US	USD
840210004	Michigan Inflation Expectations	2020.04.09 17:00:00	2.1	2.2	2.2	nan	2	US	USD
840210005	Michigan 5-Year Inflation Expectations	2020.04.09 17:00:00	2.5	2.3	2.3	nan	2	US	USD
840100001	Baker Hughes US Oil Rig Count	2020.04.09 20:00:00	504.0	nan	562.0	nan	2	US	USD
840100002	Baker Hughes US Total Rig Count	2020.04.09 20:00:00	602.0	nan	664.0	nan	2	US	USD
840030008	Core CPI y/y	2020.04.10 15:30:00	2.1	2.5	2.4	nan	2	US	USD
840150001	Federal Budget Balance	2020.04.10 21:00:00	-119.1	-94.6	-235.3	nan	2	US	USD
840520005	CFTC S&P 500 Non-Commercial Net Positions	2020.04.10 22:30:00	-140.0	nan	-28.8	nan	2	US	USD
840520003	CFTC Gold Non-Commercial Net Positions	2020.04.10 22:30:00	248.9	nan	258.8	nan	2	US	USD
840520004	CFTC Crude Oil Non-Commercial Net Positions	2020.04.10 22:30:00	484.9	nan	435.1	nan	2	US	USD
840520011	CFTC Nasdaq 100 Non-Commercial Net Positions	2020.04.10 22:30:00	14.0	nan	21.4	nan	2	US	USD
840030011	Import Price Index m/m	2020.04.14 15:30:00	-2.3	0.0	-0.5	-0.7	2	US	USD
840030013	Export Price Index m/m	2020.04.14 15:30:00	-1.6	0.0	-1.1	nan	2	US	USD
840020012	Retail Control m/m	2020.04.15 15:30:00	1.7	0.2	0.0	-0.2	2	US	USD
840230001	NY Fed Empire State Manufacturing Index	2020.04.15 15:30:00	-78.2	-4.2	-21.5	nan	2	US	USD
840050011	Fed Industrial Production m/m	2020.04.15 16:15:00	-5.4	-0.1	0.6	0.5	2	US	USD
840050026	Fed Industrial Production y/y	2020.04.15 16:15:00	-5.5	0.1	0.0	nan	2	US	USD
840020007	Business Inventories m/m	2020.04.15 17:00:00	-0.4	0.1	-0.1	-0.3	2	US	USD
840020027	Retail Inventories m/m	2020.04.15 17:00:00	-0.3	-0.3	-0.3	nan	2	US	USD
840020028	Retail Inventories excl. Autos m/m	2020.04.15 17:00:00	0.0	nan	0.0	nan	2	US	USD
840200002	EIA Cushing Crude Oil Stocks Change	2020.04.15 17:30:00	5.724	6.532	6.417	nan	2	US	USD
840220001	TIC Net Long-Term Transactions	2020.04.15 23:00:00	49.4	46.3	20.9	21.8	2	US	USD
840070002	Philadelphia Fed Employment	2020.04.16 15:30:00	-46.7	7.3	4.1	nan	2	US	USD
840020004	Housing Starts	2020.04.16 15:30:00	1.216	1.414	1.599	1.564	2	US	USD
840020015	Housing Starts m/m	2020.04.16 15:30:00	-22.3	6.4	-1.5	-3.4	2	US	USD
840020005	Building Permits	2020.04.16 15:30:00	1.353	1.506	1.464	1.452	2	US	USD
840140002	Continuing Jobless Claims	2020.04.16 15:30:00	11.976	5.573	7.455	7.446	2	US	USD
840180001	CB Leading Economic Index m/m	2020.04.17 17:00:00	-6.7	0.1	0.1	-0.2	2	US	USD
840100001	Baker Hughes US Oil Rig Count	2020.04.17 20:00:00	438.0	nan	504.0	nan	2	US	USD
840100002	Baker Hughes US Total Rig Count	2020.04.17 20:00:00	529.0	nan	602.0	nan	2	US	USD
840520005	CFTC S&P 500 Non-Commercial Net Positions	2020.04.17 22:30:00	-217.8	nan	-140.0	nan	2	US	USD
840520003	CFTC Gold Non-Commercial Net Positions	2020.04.17 22:30:00	252.5	nan	248.9	nan	2	US	USD
840520004	CFTC Crude Oil Non-Commercial Net Positions	2020.04.17 22:30:00	510.7	nan	484.9	nan	2	US	USD
840520011	CFTC Nasdaq 100 Non-Commercial Net Positions	2020.04.17 22:30:00	0.2	nan	14.0	nan	2	US	USD
840120002	Existing Home Sales m/m	2020.04.21 17:00:00	-8.5	-0.3	6.5	6.3	2	US	USD
840200002	EIA Cushing Crude Oil Stocks Change	2020.04.22 17:30:00	4.776	6.846	5.724	nan	2	US	USD
840140002	Continuing Jobless Claims	2020.04.23 15:30:00	15.976	11.165	11.976	11.912	2	US	USD
840500003	S&P Global Composite PMI	2020.04.23 16:45:00	27.4	38.7	40.9	nan	2	US	USD
840020009	New Home Sales m/m	2020.04.23 17:00:00	-15.4	-1.9	-4.4	-4.6	2	US	USD
840220016	5-Year TIPS Auction	2020.04.23 20:00:00	-0.32	nan	0.02	nan	2	US	USD
840020014	Core Durable Goods Orders m/m	2020.04.24 15:30:00	-0.2	0.1	-0.6	-0.7	2	US	USD
840210001	Michigan Consumer Sentiment	2020.04.24 17:00:00	71.8	71.0	71.0	nan	2	US	USD
840210002	Michigan Consumer Expectations	2020.04.24 17:00:00	70.1	70.0	70.0	nan	2	US	USD
840210004	Michigan Inflation Expectations	2020.04.24 17:00:00	2.1	2.1	2.1	nan	2	US	USD
840210005	Michigan 5-Year Inflation Expectations	2020.04.24 17:00:00	2.5	2.5	2.5	nan	2	US	USD
840100001	Baker Hughes US Oil Rig Count	2020.04.24 20:00:00	378.0	nan	438.0	nan	2	US	USD
840100002	Baker Hughes US Total Rig Count	2020.04.24 20:00:00	465.0	nan	529.0	nan	2	US	USD
840520005	CFTC S&P 500 Non-Commercial Net Positions	2020.04.24 22:30:00	-192.7	nan	-217.8	nan	2	US	USD
840520003	CFTC Gold Non-Commercial Net Positions	2020.04.24 22:30:00	249.6	nan	252.5	nan	2	US	USD
840520004	CFTC Crude Oil Non-Commercial Net Positions	2020.04.24 22:30:00	587.2	nan	510.7	nan	2	US	USD
840520011	CFTC Nasdaq 100 Non-Commercial Net Positions	2020.04.24 22:30:00	8.7	nan	0.2	nan	2	US	USD
840220010	2-Year Note Auction	2020.04.27 18:30:00	0.229	nan	0.398	nan	2	US	USD
840220012	5-Year Note Auction	2020.04.27 20:00:00	0.394	nan	0.535	nan	2	US	USD
840020019	Goods Trade Balance	2020.04.28 15:30:00	-64.219	-62.67	-59.885	-59.887	2	US	USD
840020027	Retail Inventories m/m	2020.04.28 15:30:00	0.9	0.0	-0.3	-0.4	2	US	USD
840020028	Retail Inventories excl. Autos m/m	2020.04.28 15:30:00	-1.3	nan	0.0	-0.2	2	US	USD
840170001	S&P/CS HPI Composite-20 y/y	2020.04.28 16:00:00	3.5	3.2	3.1	nan	2	US	USD
840170002	S&P/CS HPI Composite-20 n.s.a. m/m	2020.04.28 16:00:00	0.5	0.3	0.0	nan	2	US	USD
840220013	7-Year Note Auction	2020.04.28 20:00:00	0.525	nan	0.68	nan	2	US	USD
840010016	Real PCE q/q	2020.04.29 15:30:00	-7.6	2.0	1.8	nan	2	US	USD
840120003	Pending Home Sales m/m	2020.04.29 17:00:00	-20.8	0.7	2.4	2.3	2	US	USD
840200002	EIA Cushing Crude Oil Stocks Change	2020.04.29 17:30:00	3.637	5.472	4.776	nan	2	US	USD
840030025	Employment Cost Index q/q	2020.04.30 15:30:00	0.8	0.7	0.7	nan	2	US	USD
840140002	Continuing Jobless Claims	2020.04.30 15:30:00	17.992	16.988	15.976	15.818	2	US	USD
840010003	PCE Price Index m/m	2020.04.30 15:30:00	-0.3	0.1	0.1	nan	2	US	USD
840010004	PCE Price Index y/y	2020.04.30 15:30:00	1.3	1.9	1.8	nan	2	US	USD
840010005	Personal Spending m/m	2020.04.30 15:30:00	-7.5	0.3	0.2	nan	2	US	USD
840040004	ISM Manufacturing Employment	2020.05.01 17:00:00	27.5	44.8	43.8	nan	2	US	USD
840020002	Construction Spending m/m	2020.05.01 17:00:00	0.9	0.1	-1.3	-2.5	2	US	USD
840100001	Baker Hughes US Oil Rig Count	2020.05.01 20:00:00	325.0	nan	378.0	nan	2	US	USD
840100002	Baker Hughes US Total Rig Count	2020.05.01 20:00:00	408.0	nan	465.0	nan	2	US	USD
840520005	CFTC S&P 500 Non-Commercial Net Positions	2020.05.01 22:30:00	-265.6	nan	-192.7	nan	2	US	USD
840520003	CFTC Gold Non-Commercial Net Positions	2020.05.01 22:30:00	262.7	nan	249.6	nan	2	US	USD
840520004	CFTC Crude Oil Non-Commercial Net Positions	2020.05.01 22:30:00	589.4	nan	587.2	nan	2	US	USD
840520011	CFTC Nasdaq 100 Non-Commercial Net Positions	2020.05.01 22:30:00	11.0	nan	8.7	nan	2	US	USD
840020003	Factory Orders m/m	2020.05.04 17:00:00	-10.3	-0.2	0.0	-0.1	2	US	USD
840020024	Imports	2020.05.05 15:30:00	232.16	nan	247.476	247.557	2	US	USD
840020001	Trade Balance	2020.05.05 15:30:00	-44.415	-42.436	-39.932	-39.81	2	US	USD
840020023	Exports	2020.05.05 15:30:00	187.745	nan	207.543	207.747	2	US	USD
840500003	S&P Global Composite PMI	2020.05.05 16:45:00	27.0	27.4	27.4	nan	2	US	USD
840040005	ISM Non-Manufacturing Employment	2020.05.05 17:00:00	30.0	51.6	47.0	nan	2	US	USD
840200002	EIA Cushing Crude Oil Stocks Change	2020.05.06 17:30:00	2.068	5.094	3.637	nan	2	US	USD
840030028	Nonfarm Productivity q/q	2020.05.07 15:30:00	-2.5	1.3	1.2	nan	2	US	USD
840030029	Unit Labor Costs q/q	2020.05.07 15:30:00	4.8	0.9	0.9	nan	2	US	USD
840140002	Continuing Jobless Claims	2020.05.07 15:30:00	22.647	20.485	17.992	18.011	2	US	USD
840050013	Fed Consumer Credit m/m	2020.05.07 22:00:00	-12.04	17.0	22.33	19.92	2	US	USD
840030024	U6 Unemployment Rate	2020.05.08 15:30:00	22.8	11.2	8.7	nan	2	US	USD
840030017	Participation Rate	2020.05.08 15:30:00	60.2	62.0	62.7	nan	2	US	USD
840030023	Private Nonfarm Payrolls	2020.05.08 15:30:00	-19520.0	49.0	-713.0	-842.0	2	US	USD
840030019	Average Hourly Earnings y/y	2020.05.08 15:30:00	7.9	3.0	3.1	nan	2	US	USD
840100001	Baker Hughes US Oil Rig Count	2020.05.08 20:00:00	292.0	nan	325.0	nan	2	US	USD
840100002	Baker Hughes US Total Rig Count	2020.05.08 20:00:00	374.0	nan	408.0	nan	2	US	USD
840520005	CFTC S&P 500 Non-Commercial Net Positions	2020.05.08 22:30:00	-222.4	nan	-265.6	nan	2	US	USD
840520003	CFTC Gold Non-Commercial Net Positions	2020.05.08 22:30:00	250.0	nan	262.7	nan	2	US	USD
840520004	CFTC Crude Oil Non-Commercial Net Positions	2020.05.08 22:30:00	530.6	nan	589.4	nan	2	US	USD
840520011	CFTC Nasdaq 100 Non-Commercial Net Positions	2020.05.08 22:30:00	12.8	nan	11.0	nan	2	US	USD
840220011	3-Year Note Auction	2020.05.11 20:00:00	0.23	nan	0.348	nan	2	US	USD
840030008	Core CPI y/y	2020.05.12 15:30:00	1.4	1.9	2.1	nan	2	US	USD
840150001	Federal Budget Balance	2020.05.12 21:00:00	-737.9	88.2	-119.1	-119.0	2	US	USD
840030002	Core PPI m/m	2020.05.13 15:30:00	-0.3	0.0	0.2	nan	2	US	USD
840200002	EIA Cushing Crude Oil Stocks Change	2020.05.13 17:30:00	-3.002	2.913	2.068	nan	2	US	USD
840030011	Import Price Index m/m	2020.05.14 15:30:00	-2.6	0.0	-2.3	-2.4	2	US	USD
840030013	Export Price Index m/m	2020.05.14 15:30:00	-3.3	-1.8	-1.6	-1.7	2	US	USD
840140002	Continuing Jobless Claims	2020.05.14 15:30:00	22.833	25.536	22.647	22.377	2	US	USD
840020012	Retail Control m/m	2020.05.15 15:30:00	-15.3	0.3	1.7	3.1	2	US	USD
840230001	NY Fed Empire State Manufacturing Index	2020.05.15 15:30:00	-48.5	-59.0	-78.2	nan	2	US	USD
840050011	Fed Industrial Production m/m	2020.05.15 16:15:00	-11.2	0.5	-5.4	-4.5	2	US	USD
840050026	Fed Industrial Production y/y	2020.05.15 16:15:00	-15.0	-0.3	-5.5	nan	2	US	USD
840210001	Michigan Consumer Sentiment	2020.05.15 17:00:00	73.7	71.4	71.8	nan	2	US	USD
840210002	Michigan Consumer Expectations	2020.05.15 17:00:00	67.7	67.0	70.1	nan	2	US	USD
840210004	Michigan Inflation Expectations	2020.05.15 17:00:00	3.0	2.2	2.1	nan	2	US	USD
840210005	Michigan 5-Year Inflation Expectations	2020.05.15 17:00:00	2.6	2.3	2.5	nan	2	US	USD
840020007	Business Inventories m/m	2020.05.15 17:00:00	-0.2	0.1	-0.4	-0.5	2	US	USD
840020027	Retail Inventories m/m	2020.05.15 17:00:00	1.0	0.9	0.9	nan	2	US	USD
840020028	Retail Inventories excl. Autos m/m	2020.05.15 17:00:00	-1.0	nan	-1.3	nan	2	US	USD
840100001	Baker Hughes US Oil Rig Count	2020.05.15 20:00:00	258.0	nan	292.0	nan	2	US	USD
840100002	Baker Hughes US Total Rig Count	2020.05.15 20:00:00	339.0	nan	374.0	nan	2	US	USD
840520005	CFTC S&P 500 Non-Commercial Net Positions	2020.05.15 22:30:00	-236.3	nan	-222.4	nan	2	US	USD
840520003	CFTC Gold Non-Commercial Net Positions	2020.05.15 22:30:00	242.8	nan	250.0	nan	2	US	USD
840520004	CFTC Crude Oil Non-Commercial Net Positions	2020.05.15 22:30:00	541.0	nan	530.6	nan	2	US	USD
840520011	CFTC Nasdaq 100 Non-Commercial Net Positions	2020.05.15 22:30:00	8.4	nan	12.8	nan	2	US	USD
840220001	TIC Net Long-Term Transactions	2020.05.15 23:00:00	-112.6	31.9	49.4	49.6	2	US	USD
840020004	Housing Starts	2020.05.19 15:30:00	0.891	1.439	1.216	1.276	2	US	USD
840020015	Housing Starts m/m	2020.05.19 15:30:00	-30.2	52.9	-22.3	-18.6	2	US	USD
840020005	Building Permits	2020.05.19 15:30:00	1.074	1.442	1.353	1.356	2	US	USD
840200002	EIA Cushing Crude Oil Stocks Change	2020.05.20 17:30:00	-5.587	-2.29	-3.002	nan	2	US	USD
840070002	Philadelphia Fed Employment	2020.05.21 15:30:00	-15.3	-73.9	-46.7	nan	2	US	USD
840140002	Continuing Jobless Claims	2020.05.21 15:30:00	25.073	27.03	22.833	22.548	2	US	USD
840500003	S&P Global Composite PMI	2020.05.21 16:45:00	36.4	21.1	27.0	nan	2	US	USD
840120002	Existing Home Sales m/m	2020.05.21 17:00:00	-17.8	0.0	-8.5	nan	2	US	USD
840180001	CB Leading Economic Index m/m	2020.05.21 17:00:00	-4.4	-0.5	-6.7	-7.4	2	US	USD
840220017	10-Year TIPS Auction	2020.05.21 20:00:00	-0.47	nan	0.68	nan	2	US	USD
840100001	Baker Hughes US Oil Rig Count	2020.05.22 20:00:00	237.0	nan	258.0	nan	2	US	USD
840100002	Baker Hughes US Total Rig Count	2020.05.22 20:00:00	318.0	nan	339.0	nan	2	US	USD
840520005	CFTC S&P 500 Non-Commercial Net Positions	2020.05.22 22:30:00	-252.9	nan	-236.3	nan	2	US	USD
840520003	CFTC Gold Non-Commercial Net Positions	2020.05.22 22:30:00	251.8	nan	242.8	nan	2	US	USD
840520004	CFTC Crude Oil Non-Commercial Net Positions	2020.05.22 22:30:00	543.6	nan	541.0	nan	2	US	USD
840520011	CFTC Nasdaq 100 Non-Commercial Net Positions	2020.05.22 22:30:00	-5.0	nan	8.4	nan	2	US	USD
840170001	S&P/CS HPI Composite-20 y/y	2020.05.26 16:00:00	3.9	4.1	3.5	nan	2	US	USD
840170002	S&P/CS HPI Composite-20 n.s.a. m/m	2020.05.26 16:00:00	1.1	1.0	0.5	nan	2	US	USD
840020009	New Home Sales m/m	2020.05.26 17:00:00	0.6	-0.7	-15.4	-13.7	2	US	USD
840220010	2-Year Note Auction	2020.05.26 20:00:00	0.178	nan	0.229	nan	2	US	USD
840220012	5-Year Note Auction	2020.05.27 20:00:00	0.334	nan	0.394	nan	2	US	USD
840020014	Core Durable Goods Orders m/m	2020.05.28 15:30:00	-7.4	0.2	-0.2	-1.7	2	US	USD
840010016	Real PCE q/q	2020.05.28 15:30:00	-6.8	-7.6	-7.6	nan	2	US	USD
840140002	Continuing Jobless Claims	2020.05.28 15:30:00	21.052	28.339	25.073	24.912	2	US	USD
840120003	Pending Home Sales m/m	2020.05.28 17:00:00	-21.8	-1.1	-20.8	nan	2	US	USD
840200002	EIA Cushing Crude Oil Stocks Change	2020.05.28 18:00:00	-3.395	-7.422	-5.587	nan	2	US	USD
840220013	7-Year Note Auction	2020.05.28 20:00:00	0.553	nan	0.525	nan	2	US	USD
840020019	Goods Trade Balance	2020.05.29 15:30:00	-69.675	-61.13	-64.219	-64.981	2	US	USD
840020027	Retail Inventories m/m	2020.05.29 15:30:00	-3.6	-0.1	1.0	1.2	2	US	USD
840020028	Retail Inventories excl. Autos m/m	2020.05.29 15:30:00	-1.1	nan	-1.0	-0.8	2	US	USD
840010003	PCE Price Index m/m	2020.05.29 15:30:00	-0.5	0.1	-0.3	-0.2	2	US	USD
840010004	PCE Price Index y/y	2020.05.29 15:30:00	0.5	1.1	1.3	nan	2	US	USD
840010005	Personal Spending m/m	2020.05.29 15:30:00	-13.6	0.3	-7.5	-6.9	2	US	USD
840210001	Michigan Consumer Sentiment	2020.05.29 17:00:00	72.3	73.7	73.7	nan	2	US	USD
840210002	Michigan Consumer Expectations	2020.05.29 17:00:00	65.9	67.7	67.7	nan	2	US	USD
840210004	Michigan Inflation Expectations	2020.05.29 17:00:00	3.2	3.0	3.0	nan	2	US	USD
840210005	Michigan 5-Year Inflation Expectations	2020.05.29 17:00:00	2.7	2.6	2.6	nan	2	US	USD
840100001	Baker Hughes US Oil Rig Count	2020.05.29 20:00:00	222.0	nan	237.0	nan	2	US	USD
840100002	Baker Hughes US Total Rig Count	2020.05.29 20:00:00	301.0	nan	318.0	nan	2	US	USD
840520005	CFTC S&P 500 Non-Commercial Net Positions	2020.05.29 22:30:00	-276.7	nan	-252.9	nan	2	US	USD
840520003	CFTC Gold Non-Commercial Net Positions	2020.05.29 22:30:00	237.9	nan	251.8	nan	2	US	USD
840520004	CFTC Crude Oil Non-Commercial Net Positions	2020.05.29 22:30:00	542.6	nan	543.6	nan	2	US	USD
840520011	CFTC Nasdaq 100 Non-Commercial Net Positions	2020.05.29 22:30:00	3.4	nan	-5.0	nan	2	US	USD
840040004	ISM Manufacturing Employment	2020.06.01 17:00:00	32.1	34.1	27.5	nan	2	US	USD
840020002	Construction Spending m/m	2020.06.01 17:00:00	-2.9	-0.5	0.9	0.0	2	US	USD
840500003	S&P Global Composite PMI	2020.06.03 16:45:00	37.0	36.4	36.4	nan	2	US	USD
840040005	ISM Non-Manufacturing Employment	2020.06.03 17:00:00	31.8	35.8	30.0	nan	2	US	USD
840020003	Factory Orders m/m	2020.06.03 17:00:00	-13.0	5.5	-10.3	-11.0	2	US	USD
840200002	EIA Cushing Crude Oil Stocks Change	2020.06.03 17:30:00	-1.739	-7.578	-3.395	nan	2	US	USD
840030028	Nonfarm Productivity q/q	2020.06.04 15:30:00	-0.9	-2.5	-2.5	nan	2	US	USD
840030029	Unit Labor Costs q/q	2020.06.04 15:30:00	5.1	4.8	4.8	nan	2	US	USD
840020024	Imports	2020.06.04 15:30:00	200.69	nan	232.16	232.524	2	US	USD
840020001	Trade Balance	2020.06.04 15:30:00	-49.408	-42.005	-44.415	-42.34	2	US	USD
840020023	Exports	2020.06.04 15:30:00	151.281	nan	187.745	190.184	2	US	USD
840140002	Continuing Jobless Claims	2020.06.04 15:30:00	21.487	25.387	21.052	20.838	2	US	USD
840030024	U6 Unemployment Rate	2020.06.05 15:30:00	21.2	100.3	22.8	nan	2	US	USD
840030017	Participation Rate	2020.06.05 15:30:00	60.8	54.2	60.2	nan	2	US	USD
840030023	Private Nonfarm Payrolls	2020.06.05 15:30:00	3094.0	-8000.0	-19520.0	-19724.0	2	US	USD
840030019	Average Hourly Earnings y/y	2020.06.05 15:30:00	6.7	14.8	7.9	nan	2	US	USD
840100001	Baker Hughes US Oil Rig Count	2020.06.05 20:00:00	206.0	nan	222.0	nan	2	US	USD
840100002	Baker Hughes US Total Rig Count	2020.06.05 20:00:00	284.0	nan	301.0	nan	2	US	USD
840050013	Fed Consumer Credit m/m	2020.06.05 22:00:00	-68.78	16.1	-12.04	-6.83	2	US	USD
840520005	CFTC S&P 500 Non-Commercial Net Positions	2020.06.05 22:30:00	-225.8	nan	-276.7	nan	2	US	USD
840520003	CFTC Gold Non-Commercial Net Positions	2020.06.05 22:30:00	219.0	nan	237.9	nan	2	US	USD
840520004	CFTC Crude Oil Non-Commercial Net Positions	2020.06.05 22:30:00	568.3	nan	542.6	nan	2	US	USD
840520011	CFTC Nasdaq 100 Non-Commercial Net Positions	2020.06.05 22:30:00	12.6	nan	3.4	nan	2	US	USD
840220011	3-Year Note Auction	2020.06.08 20:00:00	0.28	nan	0.23	nan	2	US	USD
840030008	Core CPI y/y	2020.06.10 15:30:00	1.2	0.7	1.4	nan	2	US	USD
840200002	EIA Cushing Crude Oil Stocks Change	2020.06.10 17:30:00	-2.279	-5.4	-1.739	nan	2	US	USD
840150001	Federal Budget Balance	2020.06.10 21:00:00	-398.8	-700.0	-737.9	-738.0	2	US	USD
840030002	Core PPI m/m	2020.06.11 15:30:00	-0.1	0.2	-0.3	nan	2	US	USD
840140002	Continuing Jobless Claims	2020.06.11 15:30:00	20.929	23.299	21.487	21.268	2	US	USD
840030011	Import Price Index m/m	2020.06.12 15:30:00	1.0	-0.1	-2.6	nan	2	US	USD
840030013	Export Price Index m/m	2020.06.12 15:30:00	0.5	-3.7	-3.3	nan	2	US	USD
840210001	Michigan Consumer Sentiment	2020.06.12 17:00:00	78.9	73.0	72.3	nan	2	US	USD
840210002	Michigan Consumer Expectations	2020.06.12 17:00:00	73.1	63.5	65.9	nan	2	US	USD
840210004	Michigan Inflation Expectations	2020.06.12 17:00:00	3.0	3.1	3.2	nan	2	US	USD
840210005	Michigan 5-Year Inflation Expectations	2020.06.12 17:00:00	2.6	2.4	2.7	nan	2	US	USD
840100001	Baker Hughes US Oil Rig Count	2020.06.12 20:00:00	199.0	nan	206.0	nan	2	US	USD
840100002	Baker Hughes US Total Rig Count	2020.06.12 20:00:00	279.0	nan	284.0	nan	2	US	USD
840520005	CFTC S&P 500 Non-Commercial Net Positions	2020.06.12 22:30:00	-228.1	nan	-225.8	nan	2	US	USD
840520003	CFTC Gold Non-Commercial Net Positions	2020.06.12 22:30:00	208.6	nan	219.0	nan	2	US	USD
840520004	CFTC Crude Oil Non-Commercial Net Positions	2020.06.12 22:30:00	567.9	nan	568.3	nan	2	US	USD
840520011	CFTC Nasdaq 100 Non-Commercial Net Positions	2020.06.12 22:30:00	10.2	nan	12.6	nan	2	US	USD
840230001	NY Fed Empire State Manufacturing Index	2020.06.15 15:30:00	-0.2	-65.7	-48.5	nan	2	US	USD
840220001	TIC Net Long-Term Transactions	2020.06.15 23:00:00	-128.4	17.2	-112.6	-111.6	2	US	USD
840020012	Retail Control m/m	2020.06.16 15:30:00	11.0	119.8	-15.3	-12.4	2	US	USD
840050011	Fed Industrial Production m/m	2020.06.16 16:15:00	1.4	-18.0	-11.2	-12.5	2	US	USD
840050026	Fed Industrial Production y/y	2020.06.16 16:15:00	-15.3	-16.2	-15.0	nan	2	US	USD
840020007	Business Inventories m/m	2020.06.16 17:00:00	-1.3	0.0	-0.2	-0.3	2	US	USD
840020027	Retail Inventories m/m	2020.06.16 17:00:00	-3.7	-3.6	-3.6	nan	2	US	USD
840020028	Retail Inventories excl. Autos m/m	2020.06.16 17:00:00	-1.1	nan	-1.1	nan	2	US	USD
840020004	Housing Starts	2020.06.17 15:30:00	0.974	1.281	0.891	0.934	2	US	USD
840020015	Housing Starts m/m	2020.06.17 15:30:00	4.3	245.5	-30.2	-26.4	2	US	USD
840020005	Building Permits	2020.06.17 15:30:00	1.22	1.178	1.074	1.066	2	US	USD
840200002	EIA Cushing Crude Oil Stocks Change	2020.06.17 17:30:00	-2.608	-2.324	-2.279	nan	2	US	USD
840070002	Philadelphia Fed Employment	2020.06.18 15:30:00	-4.3	-69.6	-15.3	nan	2	US	USD
840140002	Continuing Jobless Claims	2020.06.18 15:30:00	20.544	22.9	20.929	20.606	2	US	USD
840180001	CB Leading Economic Index m/m	2020.06.18 17:00:00	2.8	-7.9	-4.4	-6.1	2	US	USD
840220016	5-Year TIPS Auction	2020.06.18 20:00:00	-0.766	nan	-0.32	nan	2	US	USD
840010015	Current Account	2020.06.19 15:30:00	-104.204	-123.863	-109.822	-104.324	2	US	USD
840100001	Baker Hughes US Oil Rig Count	2020.06.19 20:00:00	189.0	nan	199.0	nan	2	US	USD
840100002	Baker Hughes US Total Rig Count	2020.06.19 20:00:00	266.0	nan	279.0	nan	2	US	USD
840520005	CFTC S&P 500 Non-Commercial Net Positions	2020.06.19 22:30:00	-303.3	nan	-228.1	nan	2	US	USD
840520003	CFTC Gold Non-Commercial Net Positions	2020.06.19 22:30:00	224.3	nan	208.6	nan	2	US	USD
840520004	CFTC Crude Oil Non-Commercial Net Positions	2020.06.19 22:30:00	546.3	nan	567.9	nan	2	US	USD
840520011	CFTC Nasdaq 100 Non-Commercial Net Positions	2020.06.19 22:30:00	25.2	nan	10.2	nan	2	US	USD
840120002	Existing Home Sales m/m	2020.06.22 17:00:00	-9.7	9.3	-17.8	nan	2	US	USD
840500003	S&P Global Composite PMI	2020.06.23 16:45:00	46.8	50.0	37.0	nan	2	US	USD
840020009	New Home Sales m/m	2020.06.23 17:00:00	16.6	2.7	0.6	-5.2	2	US	USD
840220010	2-Year Note Auction	2020.06.23 20:00:00	0.193	nan	0.178	nan	2	US	USD
840200002	EIA Cushing Crude Oil Stocks Change	2020.06.24 17:30:00	-0.991	0.132	-2.608	nan	2	US	USD
840220012	5-Year Note Auction	2020.06.24 20:00:00	0.33	nan	0.334	nan	2	US	USD
840020014	Core Durable Goods Orders m/m	2020.06.25 15:30:00	4.0	1.5	-7.4	-8.2	2	US	USD
840020019	Goods Trade Balance	2020.06.25 15:30:00	-74.338	-67.151	-69.675	-70.727	2	US	USD
840020027	Retail Inventories m/m	2020.06.25 15:30:00	-6.1	4.9	-3.7	-3.8	2	US	USD
840020028	Retail Inventories excl. Autos m/m	2020.06.25 15:30:00	-1.5	nan	-1.1	-1.2	2	US	USD
840010016	Real PCE q/q	2020.06.25 15:30:00	-6.8	-6.8	-6.8	nan	2	US	USD
840140002	Continuing Jobless Claims	2020.06.25 15:30:00	19.522	22.18	20.544	20.289	2	US	USD
840220013	7-Year Note Auction	2020.06.25 20:00:00	0.511	nan	0.553	nan	2	US	USD
840010003	PCE Price Index m/m	2020.06.26 15:30:00	0.1	0.1	-0.5	nan	2	US	USD
840010004	PCE Price Index y/y	2020.06.26 15:30:00	0.5	-0.2	0.5	0.6	2	US	USD
840010005	Personal Spending m/m	2020.06.26 15:30:00	8.2	-29.5	-13.6	-12.6	2	US	USD
840210001	Michigan Consumer Sentiment	2020.06.26 17:00:00	78.1	78.9	78.9	nan	2	US	USD
840210002	Michigan Consumer Expectations	2020.06.26 17:00:00	72.3	73.1	73.1	nan	2	US	USD
840210004	Michigan Inflation Expectations	2020.06.26 17:00:00	3.0	3.0	3.0	nan	2	US	USD
840210005	Michigan 5-Year Inflation Expectations	2020.06.26 17:00:00	2.5	2.6	2.6	nan	2	US	USD
840100001	Baker Hughes US Oil Rig Count	2020.06.26 20:00:00	188.0	nan	189.0	nan	2	US	USD
840100002	Baker Hughes US Total Rig Count	2020.06.26 20:00:00	265.0	nan	266.0	nan	2	US	USD
840520005	CFTC S&P 500 Non-Commercial Net Positions	2020.06.26 22:30:00	-97.1	nan	-303.3	nan	2	US	USD
840520003	CFTC Gold Non-Commercial Net Positions	2020.06.26 22:30:00	252.0	nan	224.3	nan	2	US	USD
840520004	CFTC Crude Oil Non-Commercial Net Positions	2020.06.26 22:30:00	560.9	nan	546.3	nan	2	US	USD
840520011	CFTC Nasdaq 100 Non-Commercial Net Positions	2020.06.26 22:30:00	39.0	nan	25.2	nan	2	US	USD
840120003	Pending Home Sales m/m	2020.06.29 17:00:00	44.3	1.3	-21.8	nan	2	US	USD
840170001	S&P/CS HPI Composite-20 y/y	2020.06.30 16:00:00	4.0	4.3	3.9	nan	2	US	USD
840170002	S&P/CS HPI Composite-20 n.s.a. m/m	2020.06.30 16:00:00	0.9	1.3	1.1	nan	2	US	USD
840040004	ISM Manufacturing Employment	2020.07.01 17:00:00	42.1	38.1	32.1	nan	2	US	USD
840020002	Construction Spending m/m	2020.07.01 17:00:00	-2.1	0.7	-2.9	-3.5	2	US	USD
840200002	EIA Cushing Crude Oil Stocks Change	2020.07.01 17:30:00	-0.263	1.883	-0.991	nan	2	US	USD
840030024	U6 Unemployment Rate	2020.07.02 15:30:00	18.0	19.7	21.2	nan	2	US	USD
840030017	Participation Rate	2020.07.02 15:30:00	61.5	80.9	60.8	nan	2	US	USD
840030023	Private Nonfarm Payrolls	2020.07.02 15:30:00	4767.0	176185.0	3094.0	3232.0	2	US	USD
840030019	Average Hourly Earnings y/y	2020.07.02 15:30:00	5.0	10.0	6.7	nan	2	US	USD
840020024	Imports	2020.07.02 15:30:00	199.115	nan	200.69	200.89	2	US	USD
840020001	Trade Balance	2020.07.02 15:30:00	-54.601	-46.773	-49.408	-49.756	2	US	USD
840020023	Exports	2020.07.02 15:30:00	144.514	nan	151.281	151.133	2	US	USD
840140002	Continuing Jobless Claims	2020.07.02 15:30:00	19.29	21.18	19.522	19.231	2	US	USD
840020003	Factory Orders m/m	2020.07.02 17:00:00	8.0	-16.2	-13.0	-13.5	2	US	USD
840100001	Baker Hughes US Oil Rig Count	2020.07.02 20:00:00	185.0	nan	188.0	nan	2	US	USD
840100002	Baker Hughes US Total Rig Count	2020.07.02 20:00:00	263.0	nan	265.0	nan	2	US	USD
840500003	S&P Global Composite PMI	2020.07.06 16:45:00	47.9	46.8	46.8	nan	2	US	USD
840040005	ISM Non-Manufacturing Employment	2020.07.06 17:00:00	43.1	30.7	31.8	nan	2	US	USD
840520005	CFTC S&P 500 Non-Commercial Net Positions	2020.07.06 22:30:00	-49.6	nan	-97.1	nan	2	US	USD
840520003	CFTC Gold Non-Commercial Net Positions	2020.07.06 22:30:00	266.7	nan	252.0	nan	2	US	USD
840520004	CFTC Crude Oil Non-Commercial Net Positions	2020.07.06 22:30:00	543.8	nan	560.9	nan	2	US	USD
840520011	CFTC Nasdaq 100 Non-Commercial Net Positions	2020.07.06 22:30:00	43.8	nan	39.0	nan	2	US	USD
840220011	3-Year Note Auction	2020.07.07 20:00:00	0.19	nan	0.28	nan	2	US	USD
840200002	EIA Cushing Crude Oil Stocks Change	2020.07.08 17:30:00	2.206	2.831	-0.263	nan	2	US	USD
840050013	Fed Consumer Credit m/m	2020.07.08 22:00:00	-18.28	13.9	-68.78	-70.19	2	US	USD
840140002	Continuing Jobless Claims	2020.07.09 15:30:00	18.062	20.42	19.29	18.76	2	US	USD
840030002	Core PPI m/m	2020.07.10 15:30:00	-0.3	0.1	-0.1	nan	2	US	USD
840220016	5-Year TIPS Auction	2020.07.10 18:00:00	-0.951	nan	-0.766	nan	2	US	USD
840100001	Baker Hughes US Oil Rig Count	2020.07.10 20:00:00	181.0	nan	185.0	nan	2	US	USD
840100002	Baker Hughes US Total Rig Count	2020.07.10 20:00:00	258.0	nan	263.0	nan	2	US	USD
840520005	CFTC S&P 500 Non-Commercial Net Positions	2020.07.10 22:30:00	-36.2	nan	-49.6	nan	2	US	USD
840520003	CFTC Gold Non-Commercial Net Positions	2020.07.10 22:30:00	267.4	nan	266.7	nan	2	US	USD
840520004	CFTC Crude Oil Non-Commercial Net Positions	2020.07.10 22:30:00	535.3	nan	543.8	nan	2	US	USD
840520011	CFTC Nasdaq 100 Non-Commercial Net Positions	2020.07.10 22:30:00	44.7	nan	43.8	nan	2	US	USD
840150001	Federal Budget Balance	2020.07.13 21:00:00	-864.1	-299.7	-398.8	nan	2	US	USD
840030008	Core CPI y/y	2020.07.14 15:30:00	1.2	1.0	1.2	nan	2	US	USD
840030011	Import Price Index m/m	2020.07.15 15:30:00	1.4	0.0	1.0	0.8	2	US	USD
840030013	Export Price Index m/m	2020.07.15 15:30:00	1.4	-0.5	0.5	0.4	2	US	USD
840230001	NY Fed Empire State Manufacturing Index	2020.07.15 15:30:00	17.2	-24.1	-0.2	nan	2	US	USD
840050011	Fed Industrial Production m/m	2020.07.15 16:15:00	5.4	2.3	1.4	nan	2	US	USD
840050026	Fed Industrial Production y/y	2020.07.15 16:15:00	-10.8	-14.5	-15.3	nan	2	US	USD
840200002	EIA Cushing Crude Oil Stocks Change	2020.07.15 17:30:00	0.949	1.555	2.206	nan	2	US	USD
840070002	Philadelphia Fed Employment	2020.07.16 15:30:00	20.1	-9.8	-4.3	nan	2	US	USD
840020012	Retail Control m/m	2020.07.16 15:30:00	5.6	9.7	11.0	10.1	2	US	USD
840140002	Continuing Jobless Claims	2020.07.16 15:30:00	17.338	19.469	18.062	17.76	2	US	USD
840020007	Business Inventories m/m	2020.07.16 17:00:00	-2.3	-0.8	-1.3	-1.4	2	US	USD
840020027	Retail Inventories m/m	2020.07.16 17:00:00	-6.2	-6.1	-6.1	nan	2	US	USD
840020028	Retail Inventories excl. Autos m/m	2020.07.16 17:00:00	-1.6	nan	-1.5	nan	2	US	USD
840220001	TIC Net Long-Term Transactions	2020.07.16 23:00:00	127.0	-43.0	-128.4	-130.8	2	US	USD
840020004	Housing Starts	2020.07.17 15:30:00	1.186	0.8	0.974	1.011	2	US	USD
840020015	Housing Starts m/m	2020.07.17 15:30:00	17.3	1.6	4.3	8.2	2	US	USD
840020005	Building Permits	2020.07.17 15:30:00	1.241	1.143	1.22	1.216	2	US	USD
840210001	Michigan Consumer Sentiment	2020.07.17 17:00:00	73.2	80.2	78.1	nan	2	US	USD
840210002	Michigan Consumer Expectations	2020.07.17 17:00:00	66.2	74.0	72.3	nan	2	US	USD
840210004	Michigan Inflation Expectations	2020.07.17 17:00:00	3.1	2.7	3.0	nan	2	US	USD
840210005	Michigan 5-Year Inflation Expectations	2020.07.17 17:00:00	2.7	2.4	2.5	nan	2	US	USD
840100001	Baker Hughes US Oil Rig Count	2020.07.17 20:00:00	180.0	nan	181.0	nan	2	US	USD
840100002	Baker Hughes US Total Rig Count	2020.07.17 20:00:00	253.0	nan	258.0	nan	2	US	USD
840520005	CFTC S&P 500 Non-Commercial Net Positions	2020.07.17 22:30:00	-28.6	nan	-36.2	nan	2	US	USD
840520003	CFTC Gold Non-Commercial Net Positions	2020.07.17 22:30:00	262.4	nan	267.4	nan	2	US	USD
840520004	CFTC Crude Oil Non-Commercial Net Positions	2020.07.17 22:30:00	539.8	nan	535.3	nan	2	US	USD
840520011	CFTC Nasdaq 100 Non-Commercial Net Positions	2020.07.17 22:30:00	35.6	nan	44.7	nan	2	US	USD
840120002	Existing Home Sales m/m	2020.07.22 17:00:00	20.7	-3.6	-9.7	nan	2	US	USD
840200002	EIA Cushing Crude Oil Stocks Change	2020.07.22 17:30:00	1.375	1.463	0.949	nan	2	US	USD
840140002	Continuing Jobless Claims	2020.07.23 15:30:00	16.197	18.358	17.338	17.304	2	US	USD
840180001	CB Leading Economic Index m/m	2020.07.23 17:00:00	2.0	2.7	2.8	3.2	2	US	USD
840220017	10-Year TIPS Auction	2020.07.23 20:00:00	-0.93	nan	-0.47	nan	2	US	USD
840500003	S&P Global Composite PMI	2020.07.24 16:45:00	50.0	47.3	47.9	nan	2	US	USD
840020009	New Home Sales m/m	2020.07.24 17:00:00	13.8	1.7	16.6	19.4	2	US	USD
840100001	Baker Hughes US Oil Rig Count	2020.07.24 20:00:00	181.0	nan	180.0	nan	2	US	USD
840100002	Baker Hughes US Total Rig Count	2020.07.24 20:00:00	251.0	nan	253.0	nan	2	US	USD
840520005	CFTC S&P 500 Non-Commercial Net Positions	2020.07.24 22:30:00	-43.0	nan	-28.6	nan	2	US	USD
840520003	CFTC Gold Non-Commercial Net Positions	2020.07.24 22:30:00	266.4	nan	262.4	nan	2	US	USD
840520004	CFTC Crude Oil Non-Commercial Net Positions	2020.07.24 22:30:00	548.9	nan	539.8	nan	2	US	USD
840520011	CFTC Nasdaq 100 Non-Commercial Net Positions	2020.07.24 22:30:00	15.7	nan	35.6	nan	2	US	USD
840020014	Core Durable Goods Orders m/m	2020.07.27 15:30:00	3.3	3.0	4.0	3.6	2	US	USD
840220010	2-Year Note Auction	2020.07.27 18:30:00	0.155	nan	0.193	nan	2	US	USD
840220012	5-Year Note Auction	2020.07.27 20:00:00	0.288	nan	0.33	nan	2	US	USD
840170001	S&P/CS HPI Composite-20 y/y	2020.07.28 16:00:00	3.7	3.8	4.0	nan	2	US	USD
840170002	S&P/CS HPI Composite-20 n.s.a. m/m	2020.07.28 16:00:00	0.4	0.7	0.9	0.8	2	US	USD
840220013	7-Year Note Auction	2020.07.28 20:00:00	0.446	nan	0.511	nan	2	US	USD
840020019	Goods Trade Balance	2020.07.29 15:30:00	-70.641	-77.502	-74.338	-75.258	2	US	USD
840020027	Retail Inventories m/m	2020.07.29 15:30:00	-2.6	-4.7	-6.2	nan	2	US	USD
840020028	Retail Inventories excl. Autos m/m	2020.07.29 15:30:00	-0.8	nan	-1.6	-1.7	2	US	USD
840120003	Pending Home Sales m/m	2020.07.29 17:00:00	16.6	39.8	44.3	nan	2	US	USD
840200002	EIA Cushing Crude Oil Stocks Change	2020.07.29 17:30:00	1.309	1.915	1.375	nan	2	US	USD
840010016	Real PCE q/q	2020.07.30 15:30:00	-34.6	-2.8	-6.8	-6.9	2	US	USD
840140002	Continuing Jobless Claims	2020.07.30 15:30:00	17.018	17.283	16.197	16.151	2	US	USD
840030025	Employment Cost Index q/q	2020.07.31 15:30:00	0.5	0.7	0.8	nan	2	US	USD
840010003	PCE Price Index m/m	2020.07.31 15:30:00	0.4	0.0	0.1	nan	2	US	USD
840010004	PCE Price Index y/y	2020.07.31 15:30:00	0.8	0.5	0.5	nan	2	US	USD
840010005	Personal Spending m/m	2020.07.31 15:30:00	5.6	7.7	8.2	8.5	2	US	USD
840210001	Michigan Consumer Sentiment	2020.07.31 17:00:00	72.5	73.2	73.2	nan	2	US	USD
840210002	Michigan Consumer Expectations	2020.07.31 17:00:00	65.9	66.2	66.2	nan	2	US	USD
840210004	Michigan Inflation Expectations	2020.07.31 17:00:00	3.0	3.1	3.1	nan	2	US	USD
840210005	Michigan 5-Year Inflation Expectations	2020.07.31 17:00:00	2.6	2.7	2.7	nan	2	US	USD
840100001	Baker Hughes US Oil Rig Count	2020.07.31 20:00:00	180.0	nan	181.0	nan	2	US	USD
840100002	Baker Hughes US Total Rig Count	2020.07.31 20:00:00	251.0	nan	251.0	nan	2	US	USD
840520005	CFTC S&P 500 Non-Commercial Net Positions	2020.07.31 22:30:00	-39.2	nan	-43.0	nan	2	US	USD
840520003	CFTC Gold Non-Commercial Net Positions	2020.07.31 22:30:00	236.8	nan	266.4	nan	2	US	USD
840520004	CFTC Crude Oil Non-Commercial Net Positions	2020.07.31 22:30:00	532.6	nan	548.9	nan	2	US	USD
840520011	CFTC Nasdaq 100 Non-Commercial Net Positions	2020.07.31 22:30:00	24.1	nan	15.7	nan	2	US	USD
840040004	ISM Manufacturing Employment	2020.08.03 17:00:00	44.3	34.4	42.1	nan	2	US	USD
840020002	Construction Spending m/m	2020.08.03 17:00:00	-0.7	-0.5	-2.1	-1.7	2	US	USD
840020003	Factory Orders m/m	2020.08.04 17:00:00	6.2	5.5	8.0	7.7	2	US	USD
840020024	Imports	2020.08.05 15:30:00	208.949	nan	199.115	199.488	2	US	USD
840020001	Trade Balance	2020.08.05 15:30:00	-50.695	-51.914	-54.601	-54.801	2	US	USD
840020023	Exports	2020.08.05 15:30:00	158.253	nan	144.514	144.687	2	US	USD
840500003	S&P Global Composite PMI	2020.08.05 16:45:00	50.3	50.0	50.0	nan	2	US	USD
840040005	ISM Non-Manufacturing Employment	2020.08.05 17:00:00	42.1	51.1	43.1	nan	2	US	USD
840200002	EIA Cushing Crude Oil Stocks Change	2020.08.05 17:30:00	0.532	3.196	1.309	nan	2	US	USD
840140002	Continuing Jobless Claims	2020.08.06 15:30:00	16.107	17.16	17.018	16.951	2	US	USD
840030024	U6 Unemployment Rate	2020.08.07 15:30:00	16.5	19.7	18.0	nan	2	US	USD
840030017	Participation Rate	2020.08.07 15:30:00	61.4	61.1	61.5	nan	2	US	USD
840030023	Private Nonfarm Payrolls	2020.08.07 15:30:00	1462.0	611.0	4767.0	4737.0	2	US	USD
840030019	Average Hourly Earnings y/y	2020.08.07 15:30:00	4.8	5.9	5.0	nan	2	US	USD
840100001	Baker Hughes US Oil Rig Count	2020.08.07 20:00:00	176.0	nan	180.0	nan	2	US	USD
840100002	Baker Hughes US Total Rig Count	2020.08.07 20:00:00	247.0	nan	251.0	nan	2	US	USD
840050013	Fed Consumer Credit m/m	2020.08.07 22:00:00	8.95	-8.0	-18.28	-14.38	2	US	USD
840520005	CFTC S&P 500 Non-Commercial Net Positions	2020.08.07 22:30:00	-44.8	nan	-39.2	nan	2	US	USD
840520003	CFTC Gold Non-Commercial Net Positions	2020.08.07 22:30:00	238.7	nan	236.8	nan	2	US	USD
840520004	CFTC Crude Oil Non-Commercial Net Positions	2020.08.07 22:30:00	536.3	nan	532.6	nan	2	US	USD
840520011	CFTC Nasdaq 100 Non-Commercial Net Positions	2020.08.07 22:30:00	18.3	nan	24.1	nan	2	US	USD
840030002	Core PPI m/m	2020.08.11 15:30:00	0.5	-0.2	-0.3	nan	2	US	USD
840220011	3-Year Note Auction	2020.08.11 20:00:00	0.179	nan	0.19	nan	2	US	USD
840030008	Core CPI y/y	2020.08.12 15:30:00	1.6	1.4	1.2	nan	2	US	USD
840200002	EIA Cushing Crude Oil Stocks Change	2020.08.12 17:30:00	1.336	-0.978	0.532	nan	2	US	USD
840150001	Federal Budget Balance	2020.08.12 21:00:00	-63.0	-617.6	-864.1	nan	2	US	USD
840030011	Import Price Index m/m	2020.08.13 15:30:00	0.7	0.0	1.4	nan	2	US	USD
840030013	Export Price Index m/m	2020.08.13 15:30:00	0.8	2.9	1.4	1.2	2	US	USD
840140002	Continuing Jobless Claims	2020.08.13 15:30:00	15.486	17.027	16.107	16.09	2	US	USD
840030028	Nonfarm Productivity q/q	2020.08.14 15:30:00	7.3	1.1	-0.9	-0.3	2	US	USD
840030029	Unit Labor Costs q/q	2020.08.14 15:30:00	12.2	2.0	5.1	9.8	2	US	USD
840020012	Retail Control m/m	2020.08.14 15:30:00	1.4	5.6	5.6	6.0	2	US	USD
840050011	Fed Industrial Production m/m	2020.08.14 16:15:00	3.0	1.3	5.4	5.7	2	US	USD
840050026	Fed Industrial Production y/y	2020.08.14 16:15:00	-8.2	-8.3	-10.8	nan	2	US	USD
840210001	Michigan Consumer Sentiment	2020.08.14 17:00:00	72.8	70.1	72.5	nan	2	US	USD
840210002	Michigan Consumer Expectations	2020.08.14 17:00:00	66.5	65.6	65.9	nan	2	US	USD
840210004	Michigan Inflation Expectations	2020.08.14 17:00:00	3.0	3.2	3.0	nan	2	US	USD
840210005	Michigan 5-Year Inflation Expectations	2020.08.14 17:00:00	2.7	2.7	2.6	nan	2	US	USD
840020007	Business Inventories m/m	2020.08.14 17:00:00	-1.1	-1.8	-2.3	nan	2	US	USD
840020027	Retail Inventories m/m	2020.08.14 17:00:00	-2.6	-2.6	-2.6	nan	2	US	USD
840020028	Retail Inventories excl. Autos m/m	2020.08.14 17:00:00	-0.8	nan	-0.8	nan	2	US	USD
840100001	Baker Hughes US Oil Rig Count	2020.08.14 20:00:00	172.0	nan	176.0	nan	2	US	USD
840100002	Baker Hughes US Total Rig Count	2020.08.14 20:00:00	244.0	nan	247.0	nan	2	US	USD
840520005	CFTC S&P 500 Non-Commercial Net Positions	2020.08.14 22:30:00	-65.9	nan	-44.8	nan	2	US	USD
840520003	CFTC Gold Non-Commercial Net Positions	2020.08.14 22:30:00	224.1	nan	238.7	nan	2	US	USD
840520004	CFTC Crude Oil Non-Commercial Net Positions	2020.08.14 22:30:00	520.9	nan	536.3	nan	2	US	USD
840520011	CFTC Nasdaq 100 Non-Commercial Net Positions	2020.08.14 22:30:00	12.5	nan	18.3	nan	2	US	USD
840230001	NY Fed Empire State Manufacturing Index	2020.08.17 15:30:00	3.7	-14.1	17.2	nan	2	US	USD
840220001	TIC Net Long-Term Transactions	2020.08.17 23:00:00	113.0	25.7	127.0	118.1	2	US	USD
840020004	Housing Starts	2020.08.18 15:30:00	1.496	1.077	1.186	1.22	2	US	USD
840020015	Housing Starts m/m	2020.08.18 15:30:00	22.6	-0.1	17.3	17.5	2	US	USD
840020005	Building Permits	2020.08.18 15:30:00	1.495	1.226	1.241	1.258	2	US	USD
840200002	EIA Cushing Crude Oil Stocks Change	2020.08.19 17:30:00	-0.607	0.388	1.336	nan	2	US	USD
840220019	20-Year Bond Auction	2020.08.19 20:00:00	1.185	nan	nan	nan	2	US	USD
840070002	Philadelphia Fed Employment	2020.08.20 15:30:00	9.0	8.1	20.1	nan	2	US	USD
840140002	Continuing Jobless Claims	2020.08.20 15:30:00	14.844	16.192	15.486	15.48	2	US	USD
840180001	CB Leading Economic Index m/m	2020.08.20 17:00:00	1.4	0.0	2.0	3.0	2	US	USD
840220018	30-Year TIPS Auction	2020.08.20 20:00:00	-0.272	nan	0.261	nan	2	US	USD
840500003	S&P Global Composite PMI	2020.08.21 16:45:00	54.7	50.1	50.3	nan	2	US	USD
840120002	Existing Home Sales m/m	2020.08.21 17:00:00	24.7	12.5	20.7	20.2	2	US	USD
840100001	Baker Hughes US Oil Rig Count	2020.08.21 20:00:00	183.0	nan	172.0	nan	2	US	USD
840100002	Baker Hughes US Total Rig Count	2020.08.21 20:00:00	254.0	nan	244.0	nan	2	US	USD
840520005	CFTC S&P 500 Non-Commercial Net Positions	2020.08.21 22:30:00	-64.8	nan	-65.9	nan	2	US	USD
840520003	CFTC Gold Non-Commercial Net Positions	2020.08.21 22:30:00	223.5	nan	224.1	nan	2	US	USD
840520004	CFTC Crude Oil Non-Commercial Net Positions	2020.08.21 22:30:00	510.7	nan	520.9	nan	2	US	USD
840520011	CFTC Nasdaq 100 Non-Commercial Net Positions	2020.08.21 22:30:00	21.2	nan	12.5	nan	2	US	USD
840170001	S&P/CS HPI Composite-20 y/y	2020.08.25 16:00:00	3.5	3.3	3.7	nan	2	US	USD
840170002	S&P/CS HPI Composite-20 n.s.a. m/m	2020.08.25 16:00:00	0.2	0.1	0.4	0.3	2	US	USD
840020009	New Home Sales m/m	2020.08.25 17:00:00	13.9	-0.9	13.8	15.1	2	US	USD
840220010	2-Year Note Auction	2020.08.25 20:00:00	0.155	nan	0.155	nan	2	US	USD
840020014	Core Durable Goods Orders m/m	2020.08.26 15:30:00	2.4	2.3	3.3	4.0	2	US	USD
840200002	EIA Cushing Crude Oil Stocks Change	2020.08.26 17:30:00	-0.279	-0.281	-0.607	nan	2	US	USD
840220012	5-Year Note Auction	2020.08.26 20:00:00	0.298	nan	0.288	nan	2	US	USD
840010016	Real PCE q/q	2020.08.27 15:30:00	-34.1	-34.6	-34.6	nan	2	US	USD
840140002	Continuing Jobless Claims	2020.08.27 15:30:00	14.535	15.502	14.844	14.758	2	US	USD
840120003	Pending Home Sales m/m	2020.08.27 17:00:00	5.9	5.8	16.6	15.8	2	US	USD
840220013	7-Year Note Auction	2020.08.27 20:00:00	0.519	nan	0.446	nan	2	US	USD
840020019	Goods Trade Balance	2020.08.28 15:30:00	-79.32	-72.725	-70.641	-70.985	2	US	USD
840020027	Retail Inventories m/m	2020.08.28 15:30:00	1.2	-0.5	-2.6	-2.7	2	US	USD
840020028	Retail Inventories excl. Autos m/m	2020.08.28 15:30:00	0.6	nan	-0.8	-0.9	2	US	USD
840010003	PCE Price Index m/m	2020.08.28 15:30:00	0.3	0.1	0.4	0.5	2	US	USD
840010004	PCE Price Index y/y	2020.08.28 15:30:00	1.0	1.2	0.8	0.9	2	US	USD
840010005	Personal Spending m/m	2020.08.28 15:30:00	1.9	2.8	5.6	6.2	2	US	USD
840210001	Michigan Consumer Sentiment	2020.08.28 17:00:00	74.1	72.8	72.8	nan	2	US	USD
840210002	Michigan Consumer Expectations	2020.08.28 17:00:00	68.5	66.5	66.5	nan	2	US	USD
840210004	Michigan Inflation Expectations	2020.08.28 17:00:00	3.1	3.0	3.0	nan	2	US	USD
840210005	Michigan 5-Year Inflation Expectations	2020.08.28 17:00:00	2.7	2.7	2.7	nan	2	US	USD
840100001	Baker Hughes US Oil Rig Count	2020.08.28 20:00:00	180.0	nan	183.0	nan	2	US	USD
840100002	Baker Hughes US Total Rig Count	2020.08.28 20:00:00	254.0	nan	254.0	nan	2	US	USD
840520005	CFTC S&P 500 Non-Commercial Net Positions	2020.08.28 22:30:00	-86.6	nan	-64.8	nan	2	US	USD
840520003	CFTC Gold Non-Commercial Net Positions	2020.08.28 22:30:00	221.0	nan	223.5	nan	2	US	USD
840520004	CFTC Crude Oil Non-Commercial Net Positions	2020.08.28 22:30:00	500.7	nan	510.7	nan	2	US	USD
840520011	CFTC Nasdaq 100 Non-Commercial Net Positions	2020.08.28 22:30:00	19.7	nan	21.2	nan	2	US	USD
840040004	ISM Manufacturing Employment	2020.09.01 17:00:00	46.4	36.5	44.3	nan	2	US	USD
840020002	Construction Spending m/m	2020.09.01 17:00:00	0.1	-0.8	-0.7	-0.5	2	US	USD
840020003	Factory Orders m/m	2020.09.02 17:00:00	6.4	1.8	6.2	6.4	2	US	USD
840200002	EIA Cushing Crude Oil Stocks Change	2020.09.02 17:30:00	0.11	-0.67	-0.279	nan	2	US	USD
840030028	Nonfarm Productivity q/q	2020.09.03 15:30:00	10.1	7.3	7.3	nan	2	US	USD
840030029	Unit Labor Costs q/q	2020.09.03 15:30:00	9.0	12.2	12.2	nan	2	US	USD
840020024	Imports	2020.09.03 15:30:00	231.665	nan	208.949	208.939	2	US	USD
840020001	Trade Balance	2020.09.03 15:30:00	-63.556	-52.514	-50.695	-53.461	2	US	USD
840020023	Exports	2020.09.03 15:30:00	168.109	nan	158.253	155.478	2	US	USD
840140002	Continuing Jobless Claims	2020.09.03 15:30:00	13.254	14.995	14.535	14.492	2	US	USD
840500003	S&P Global Composite PMI	2020.09.03 16:45:00	54.6	54.7	54.7	nan	2	US	USD
840040005	ISM Non-Manufacturing Employment	2020.09.03 17:00:00	47.9	31.9	42.1	nan	2	US	USD
840030024	U6 Unemployment Rate	2020.09.04 15:30:00	14.2	17.3	16.5	nan	2	US	USD
840030017	Participation Rate	2020.09.04 15:30:00	61.7	61.4	61.4	nan	2	US	USD
840030023	Private Nonfarm Payrolls	2020.09.04 15:30:00	1027.0	878.0	1462.0	1481.0	2	US	USD
840030019	Average Hourly Earnings y/y	2020.09.04 15:30:00	4.7	5.8	4.8	nan	2	US	USD
840100001	Baker Hughes US Oil Rig Count	2020.09.04 20:00:00	181.0	nan	180.0	nan	2	US	USD
840100002	Baker Hughes US Total Rig Count	2020.09.04 20:00:00	256.0	nan	254.0	nan	2	US	USD
840520005	CFTC S&P 500 Non-Commercial Net Positions	2020.09.04 22:30:00	-25.6	nan	-86.6	nan	2	US	USD
840520003	CFTC Gold Non-Commercial Net Positions	2020.09.04 22:30:00	230.8	nan	221.0	nan	2	US	USD
840520004	CFTC Crude Oil Non-Commercial Net Positions	2020.09.04 22:30:00	490.9	nan	500.7	nan	2	US	USD
840520011	CFTC Nasdaq 100 Non-Commercial Net Positions	2020.09.04 22:30:00	8.6	nan	19.7	nan	2	US	USD
840220011	3-Year Note Auction	2020.09.08 20:00:00	0.17	nan	0.179	nan	2	US	USD
840050013	Fed Consumer Credit m/m	2020.09.08 22:00:00	12.25	-17.5	8.95	11.39	2	US	USD
840030002	Core PPI m/m	2020.09.10 15:30:00	0.4	0.1	0.5	nan	2	US	USD
840140002	Continuing Jobless Claims	2020.09.10 15:30:00	13.385	14.124	13.254	13.292	2	US	USD
840200002	EIA Cushing Crude Oil Stocks Change	2020.09.10 18:00:00	1.838	-0.613	0.11	nan	2	US	USD
840030008	Core CPI y/y	2020.09.11 15:30:00	1.7	1.9	1.6	nan	2	US	USD
840100001	Baker Hughes US Oil Rig Count	2020.09.11 20:00:00	180.0	nan	181.0	nan	2	US	USD
840100002	Baker Hughes US Total Rig Count	2020.09.11 20:00:00	254.0	nan	256.0	nan	2	US	USD
840150001	Federal Budget Balance	2020.09.11 21:00:00	-200.1	-309.5	-63.0	nan	2	US	USD
840520005	CFTC S&P 500 Non-Commercial Net Positions	2020.09.11 22:30:00	18.3	nan	-25.6	nan	2	US	USD
840520003	CFTC Gold Non-Commercial Net Positions	2020.09.11 22:30:00	236.5	nan	230.8	nan	2	US	USD
840520004	CFTC Crude Oil Non-Commercial Net Positions	2020.09.11 22:30:00	449.4	nan	490.9	nan	2	US	USD
840520011	CFTC Nasdaq 100 Non-Commercial Net Positions	2020.09.11 22:30:00	-18.5	nan	8.6	nan	2	US	USD
840030011	Import Price Index m/m	2020.09.15 15:30:00	0.9	-0.1	0.7	1.2	2	US	USD
840030013	Export Price Index m/m	2020.09.15 15:30:00	0.5	-0.7	0.8	0.9	2	US	USD
840230001	NY Fed Empire State Manufacturing Index	2020.09.15 15:30:00	17.0	6.1	3.7	nan	2	US	USD
840050011	Fed Industrial Production m/m	2020.09.15 16:15:00	0.4	3.4	3.0	3.5	2	US	USD
840050026	Fed Industrial Production y/y	2020.09.15 16:15:00	-7.7	-2.9	-8.2	nan	2	US	USD
840220019	20-Year Bond Auction	2020.09.15 20:00:00	1.213	nan	1.185	nan	2	US	USD
840020012	Retail Control m/m	2020.09.16 15:30:00	-0.1	-6.1	1.4	0.9	2	US	USD
840020007	Business Inventories m/m	2020.09.16 17:00:00	0.1	-1.5	-1.1	nan	2	US	USD
840020027	Retail Inventories m/m	2020.09.16 17:00:00	1.2	1.2	1.2	nan	2	US	USD
840020028	Retail Inventories excl. Autos m/m	2020.09.16 17:00:00	0.6	nan	0.6	nan	2	US	USD
840200002	EIA Cushing Crude Oil Stocks Change	2020.09.16 17:30:00	-0.074	0.532	1.838	nan	2	US	USD
840220001	TIC Net Long-Term Transactions	2020.09.16 23:00:00	10.8	25.2	113.0	nan	2	US	USD
840070002	Philadelphia Fed Employment	2020.09.17 15:30:00	15.7	14.6	9.0	nan	2	US	USD
840020004	Housing Starts	2020.09.17 15:30:00	1.416	1.343	1.496	1.492	2	US	USD
840020015	Housing Starts m/m	2020.09.17 15:30:00	-5.1	-0.2	22.6	17.9	2	US	USD
840020005	Building Permits	2020.09.17 15:30:00	1.47	1.367	1.495	1.483	2	US	USD
840140002	Continuing Jobless Claims	2020.09.17 15:30:00	12.628	13.544	13.385	13.544	2	US	USD
840220017	10-Year TIPS Auction	2020.09.17 20:00:00	-0.966	nan	-0.93	nan	2	US	USD
840010015	Current Account	2020.09.18 15:30:00	-170.541	-110.682	-104.204	-111.516	2	US	USD
840210001	Michigan Consumer Sentiment	2020.09.18 17:00:00	78.9	77.3	74.1	nan	2	US	USD
840210002	Michigan Consumer Expectations	2020.09.18 17:00:00	73.3	72.6	68.5	nan	2	US	USD
840210004	Michigan Inflation Expectations	2020.09.18 17:00:00	2.7	3.1	3.1	nan	2	US	USD
840210005	Michigan 5-Year Inflation Expectations	2020.09.18 17:00:00	2.6	2.7	2.7	nan	2	US	USD
840180001	CB Leading Economic Index m/m	2020.09.18 17:00:00	1.2	3.1	1.4	2.0	2	US	USD
840100001	Baker Hughes US Oil Rig Count	2020.09.18 20:00:00	179.0	nan	180.0	nan	2	US	USD
840100002	Baker Hughes US Total Rig Count	2020.09.18 20:00:00	255.0	nan	254.0	nan	2	US	USD
840520005	CFTC S&P 500 Non-Commercial Net Positions	2020.09.18 22:30:00	21.5	nan	18.3	nan	2	US	USD
840520003	CFTC Gold Non-Commercial Net Positions	2020.09.18 22:30:00	241.0	nan	236.5	nan	2	US	USD
840520004	CFTC Crude Oil Non-Commercial Net Positions	2020.09.18 22:30:00	449.7	nan	449.4	nan	2	US	USD
840520011	CFTC Nasdaq 100 Non-Commercial Net Positions	2020.09.18 22:30:00	-80.9	nan	-18.5	nan	2	US	USD
840120002	Existing Home Sales m/m	2020.09.22 17:00:00	2.4	15.3	24.7	nan	2	US	USD
840220010	2-Year Note Auction	2020.09.22 20:00:00	0.136	nan	0.155	nan	2	US	USD
840500003	S&P Global Composite PMI	2020.09.23 16:45:00	54.4	54.6	54.6	nan	2	US	USD
840200002	EIA Cushing Crude Oil Stocks Change	2020.09.23 17:30:00	0.004	0.965	-0.074	nan	2	US	USD
840220012	5-Year Note Auction	2020.09.23 20:00:00	0.275	nan	0.298	nan	2	US	USD
840140002	Continuing Jobless Claims	2020.09.24 15:30:00	12.58	13.194	12.628	12.747	2	US	USD
840020009	New Home Sales m/m	2020.09.24 17:00:00	4.8	3.0	13.9	14.7	2	US	USD
840220013	7-Year Note Auction	2020.09.24 20:00:00	0.462	nan	0.519	nan	2	US	USD
840020014	Core Durable Goods Orders m/m	2020.09.25 15:30:00	0.4	0.2	2.4	3.2	2	US	USD
840100001	Baker Hughes US Oil Rig Count	2020.09.25 20:00:00	183.0	nan	179.0	nan	2	US	USD
840100002	Baker Hughes US Total Rig Count	2020.09.25 20:00:00	261.0	nan	255.0	nan	2	US	USD
840520005	CFTC S&P 500 Non-Commercial Net Positions	2020.09.25 22:30:00	59.7	nan	21.5	nan	2	US	USD
840520003	CFTC Gold Non-Commercial Net Positions	2020.09.25 22:30:00	219.1	nan	241.0	nan	2	US	USD
840520004	CFTC Crude Oil Non-Commercial Net Positions	2020.09.25 22:30:00	472.8	nan	449.7	nan	2	US	USD
840520011	CFTC Nasdaq 100 Non-Commercial Net Positions	2020.09.25 22:30:00	-134.3	nan	-80.9	nan	2	US	USD
840020019	Goods Trade Balance	2020.09.29 15:30:00	-82.939	-75.514	-79.32	-80.114	2	US	USD
840020027	Retail Inventories m/m	2020.09.29 15:30:00	0.8	4.5	1.2	nan	2	US	USD
840020028	Retail Inventories excl. Autos m/m	2020.09.29 15:30:00	0.9	nan	0.6	nan	2	US	USD
840170001	S&P/CS HPI Composite-20 y/y	2020.09.29 16:00:00	3.9	3.5	3.5	nan	2	US	USD
840170002	S&P/CS HPI Composite-20 n.s.a. m/m	2020.09.29 16:00:00	0.6	0.1	0.2	0.3	2	US	USD
840010016	Real PCE q/q	2020.09.30 15:30:00	-33.2	-34.1	-34.1	nan	2	US	USD
840120003	Pending Home Sales m/m	2020.09.30 17:00:00	8.8	-2.6	5.9	nan	2	US	USD
840200002	EIA Cushing Crude Oil Stocks Change	2020.09.30 17:30:00	1.785	0.433	0.004	nan	2	US	USD
840010003	PCE Price Index m/m	2020.10.01 15:30:00	0.3	0.2	0.3	0.4	2	US	USD
840010004	PCE Price Index y/y	2020.10.01 15:30:00	1.4	1.1	1.0	1.1	2	US	USD
840010005	Personal Spending m/m	2020.10.01 15:30:00	1.0	2.1	1.9	1.5	2	US	USD
840140002	Continuing Jobless Claims	2020.10.01 15:30:00	11.767	12.782	12.58	12.747	2	US	USD
840040004	ISM Manufacturing Employment	2020.10.01 17:00:00	49.6	38.5	46.4	nan	2	US	USD
840020002	Construction Spending m/m	2020.10.01 17:00:00	1.4	1.2	0.1	0.7	2	US	USD
840030024	U6 Unemployment Rate	2020.10.02 15:30:00	12.8	15.4	14.2	nan	2	US	USD
840030017	Participation Rate	2020.10.02 15:30:00	61.4	61.5	61.7	nan	2	US	USD
840030023	Private Nonfarm Payrolls	2020.10.02 15:30:00	877.0	-211.0	1027.0	1022.0	2	US	USD
840030019	Average Hourly Earnings y/y	2020.10.02 15:30:00	4.7	4.8	4.7	nan	2	US	USD
840210001	Michigan Consumer Sentiment	2020.10.02 17:00:00	80.4	78.9	78.9	nan	2	US	USD
840210002	Michigan Consumer Expectations	2020.10.02 17:00:00	75.6	73.3	73.3	nan	2	US	USD
840210004	Michigan Inflation Expectations	2020.10.02 17:00:00	2.6	2.7	2.7	nan	2	US	USD
840210005	Michigan 5-Year Inflation Expectations	2020.10.02 17:00:00	2.7	2.6	2.6	nan	2	US	USD
840020003	Factory Orders m/m	2020.10.02 17:00:00	0.7	6.3	6.4	6.5	2	US	USD
840100001	Baker Hughes US Oil Rig Count	2020.10.02 20:00:00	189.0	nan	183.0	nan	2	US	USD
840100002	Baker Hughes US Total Rig Count	2020.10.02 20:00:00	266.0	nan	261.0	nan	2	US	USD
840520005	CFTC S&P 500 Non-Commercial Net Positions	2020.10.02 22:30:00	72.2	nan	59.7	nan	2	US	USD
840520003	CFTC Gold Non-Commercial Net Positions	2020.10.02 22:30:00	243.7	nan	219.1	nan	2	US	USD
840520004	CFTC Crude Oil Non-Commercial Net Positions	2020.10.02 22:30:00	461.9	nan	472.8	nan	2	US	USD
840520011	CFTC Nasdaq 100 Non-Commercial Net Positions	2020.10.02 22:30:00	-79.7	nan	-134.3	nan	2	US	USD
840500003	S&P Global Composite PMI	2020.10.05 16:45:00	54.3	54.4	54.4	nan	2	US	USD
840040005	ISM Non-Manufacturing Employment	2020.10.05 17:00:00	51.8	58.1	47.9	nan	2	US	USD
840020024	Imports	2020.10.06 15:30:00	239.038	nan	231.665	231.686	2	US	USD
840020001	Trade Balance	2020.10.06 15:30:00	-67.102	-57.159	-63.556	-63.37	2	US	USD
840020023	Exports	2020.10.06 15:30:00	171.935	nan	168.109	168.316	2	US	USD
840220011	3-Year Note Auction	2020.10.06 20:00:00	0.193	nan	0.17	nan	2	US	USD
840200002	EIA Cushing Crude Oil Stocks Change	2020.10.07 17:30:00	0.47	0.567	1.785	nan	2	US	USD
840050013	Fed Consumer Credit m/m	2020.10.07 22:00:00	-7.22	-14.07	12.25	14.67	2	US	USD
840140002	Continuing Jobless Claims	2020.10.08 15:30:00	10.976	12.32	11.767	11.979	2	US	USD
840100001	Baker Hughes US Oil Rig Count	2020.10.09 20:00:00	193.0	nan	189.0	nan	2	US	USD
840100002	Baker Hughes US Total Rig Count	2020.10.09 20:00:00	269.0	nan	266.0	nan	2	US	USD
840520005	CFTC S&P 500 Non-Commercial Net Positions	2020.10.09 22:30:00	74.0	nan	72.2	nan	2	US	USD
840520003	CFTC Gold Non-Commercial Net Positions	2020.10.09 22:30:00	248.6	nan	243.7	nan	2	US	USD
840520004	CFTC Crude Oil Non-Commercial Net Positions	2020.10.09 22:30:00	471.5	nan	461.9	nan	2	US	USD
840520011	CFTC Nasdaq 100 Non-Commercial Net Positions	2020.10.09 22:30:00	-75.0	nan	-79.7	nan	2	US	USD
840030008	Core CPI y/y	2020.10.13 15:30:00	1.7	1.4	1.7	nan	2	US	USD
840030002	Core PPI m/m	2020.10.14 15:30:00	0.4	0.0	0.4	nan	2	US	USD
840030011	Import Price Index m/m	2020.10.15 15:30:00	0.3	-0.1	0.9	1.0	2	US	USD
840030013	Export Price Index m/m	2020.10.15 15:30:00	0.6	-1.0	0.5	nan	2	US	USD
840070002	Philadelphia Fed Employment	2020.10.15 15:30:00	12.7	12.5	15.7	nan	2	US	USD
840230001	NY Fed Empire State Manufacturing Index	2020.10.15 15:30:00	10.5	-13.3	17.0	nan	2	US	USD
840140002	Continuing Jobless Claims	2020.10.15 15:30:00	10.018	11.488	10.976	11.183	2	US	USD
840200002	EIA Cushing Crude Oil Stocks Change	2020.10.15 18:00:00	2.906	0.454	0.47	nan	2	US	USD
840020012	Retail Control m/m	2020.10.16 15:30:00	1.4	7.5	-0.1	-0.3	2	US	USD
840050011	Fed Industrial Production m/m	2020.10.16 16:15:00	-0.6	1.5	0.4	nan	2	US	USD
840050026	Fed Industrial Production y/y	2020.10.16 16:15:00	-7.3	-13.0	-7.7	nan	2	US	USD
840210001	Michigan Consumer Sentiment	2020.10.16 17:00:00	81.2	79.5	80.4	nan	2	US	USD
840210002	Michigan Consumer Expectations	2020.10.16 17:00:00	78.8	74.5	75.6	nan	2	US	USD
840210004	Michigan Inflation Expectations	2020.10.16 17:00:00	2.7	2.6	2.6	nan	2	US	USD
840210005	Michigan 5-Year Inflation Expectations	2020.10.16 17:00:00	2.4	2.8	2.7	nan	2	US	USD
840020007	Business Inventories m/m	2020.10.16 17:00:00	0.3	0.1	0.1	nan	2	US	USD
840020027	Retail Inventories m/m	2020.10.16 17:00:00	0.4	0.8	0.8	nan	2	US	USD
840020028	Retail Inventories excl. Autos m/m	2020.10.16 17:00:00	0.5	nan	0.9	nan	2	US	USD
840100001	Baker Hughes US Oil Rig Count	2020.10.16 20:00:00	205.0	nan	193.0	nan	2	US	USD
840100002	Baker Hughes US Total Rig Count	2020.10.16 20:00:00	282.0	nan	269.0	nan	2	US	USD
840150001	Federal Budget Balance	2020.10.16 21:00:00	-124.6	79.9	-200.1	-200.0	2	US	USD
840520005	CFTC S&P 500 Non-Commercial Net Positions	2020.10.16 22:30:00	40.2	nan	74.0	nan	2	US	USD
840520003	CFTC Gold Non-Commercial Net Positions	2020.10.16 22:30:00	240.7	nan	248.6	nan	2	US	USD
840520004	CFTC Crude Oil Non-Commercial Net Positions	2020.10.16 22:30:00	472.8	nan	471.5	nan	2	US	USD
840520011	CFTC Nasdaq 100 Non-Commercial Net Positions	2020.10.16 22:30:00	17.9	nan	-75.0	nan	2	US	USD
840220001	TIC Net Long-Term Transactions	2020.10.16 23:00:00	27.8	25.8	10.8	11.3	2	US	USD
840020004	Housing Starts	2020.10.20 15:30:00	1.415	1.456	1.416	1.388	2	US	USD
840020015	Housing Starts m/m	2020.10.20 15:30:00	1.9	0.5	-5.1	-6.7	2	US	USD
840020005	Building Permits	2020.10.20 15:30:00	1.553	1.481	1.47	1.476	2	US	USD
840200002	EIA Cushing Crude Oil Stocks Change	2020.10.21 17:30:00	0.975	1.826	2.906	nan	2	US	USD
840220019	20-Year Bond Auction	2020.10.21 20:00:00	1.37	nan	1.213	nan	2	US	USD
840140002	Continuing Jobless Claims	2020.10.22 15:30:00	8.373	10.584	10.018	9.397	2	US	USD
840120002	Existing Home Sales m/m	2020.10.22 17:00:00	9.4	-7.5	2.4	2.0	2	US	USD
840180001	CB Leading Economic Index m/m	2020.10.22 17:00:00	0.7	-0.1	1.2	1.4	2	US	USD
840220016	5-Year TIPS Auction	2020.10.22 20:00:00	-1.32	nan	-0.951	nan	2	US	USD
840500003	S&P Global Composite PMI	2020.10.23 16:45:00	55.5	54.3	54.3	nan	2	US	USD
840100001	Baker Hughes US Oil Rig Count	2020.10.23 20:00:00	211.0	nan	205.0	nan	2	US	USD
840100002	Baker Hughes US Total Rig Count	2020.10.23 20:00:00	287.0	nan	282.0	nan	2	US	USD
840520005	CFTC S&P 500 Non-Commercial Net Positions	2020.10.23 22:30:00	57.8	nan	40.2	nan	2	US	USD
840520003	CFTC Gold Non-Commercial Net Positions	2020.10.23 22:30:00	249.6	nan	240.7	nan	2	US	USD
840520004	CFTC Crude Oil Non-Commercial Net Positions	2020.10.23 22:30:00	490.3	nan	472.8	nan	2	US	USD
840520011	CFTC Nasdaq 100 Non-Commercial Net Positions	2020.10.23 22:30:00	6.1	nan	17.9	nan	2	US	USD
840020009	New Home Sales m/m	2020.10.26 17:00:00	-3.5	-1.3	4.8	3.0	2	US	USD
840020014	Core Durable Goods Orders m/m	2020.10.27 15:30:00	0.8	-0.1	0.4	1.0	2	US	USD
840170001	S&P/CS HPI Composite-20 y/y	2020.10.27 16:00:00	5.2	4.3	3.9	nan	2	US	USD
840170002	S&P/CS HPI Composite-20 n.s.a. m/m	2020.10.27 16:00:00	1.1	0.9	0.6	0.8	2	US	USD
840220010	2-Year Note Auction	2020.10.27 20:00:00	0.151	nan	0.136	nan	2	US	USD
840020019	Goods Trade Balance	2020.10.28 15:30:00	-79.374	-81.821	-82.939	-83.113	2	US	USD
840020027	Retail Inventories m/m	2020.10.28 15:30:00	1.6	-2.9	0.4	0.5	2	US	USD
840020028	Retail Inventories excl. Autos m/m	2020.10.28 15:30:00	0.9	nan	0.5	nan	2	US	USD
840200002	EIA Cushing Crude Oil Stocks Change	2020.10.28 17:30:00	-0.422	1.639	0.975	nan	2	US	USD
840220012	5-Year Note Auction	2020.10.28 20:00:00	0.33	nan	0.275	nan	2	US	USD
840010016	Real PCE q/q	2020.10.29 15:30:00	40.7	-45.2	-33.2	nan	2	US	USD
840140002	Continuing Jobless Claims	2020.10.29 15:30:00	7.756	9.246	8.373	8.465	2	US	USD
840120003	Pending Home Sales m/m	2020.10.29 17:00:00	-2.2	-2.1	8.8	nan	2	US	USD
840220013	7-Year Note Auction	2020.10.29 20:00:00	0.6	nan	0.462	nan	2	US	USD
840030025	Employment Cost Index q/q	2020.10.30 15:30:00	0.5	0.7	0.5	nan	2	US	USD
840010003	PCE Price Index m/m	2020.10.30 15:30:00	0.2	0.1	0.3	nan	2	US	USD
840010004	PCE Price Index y/y	2020.10.30 15:30:00	1.4	1.3	1.4	1.3	2	US	USD
840010005	Personal Spending m/m	2020.10.30 15:30:00	1.4	-3.3	1.0	nan	2	US	USD
840210001	Michigan Consumer Sentiment	2020.10.30 17:00:00	81.8	81.2	81.2	nan	2	US	USD
840210002	Michigan Consumer Expectations	2020.10.30 17:00:00	79.2	78.8	78.8	nan	2	US	USD
840210004	Michigan Inflation Expectations	2020.10.30 17:00:00	2.6	2.7	2.7	nan	2	US	USD
840210005	Michigan 5-Year Inflation Expectations	2020.10.30 17:00:00	2.4	2.4	2.4	nan	2	US	USD
840100001	Baker Hughes US Oil Rig Count	2020.10.30 20:00:00	221.0	nan	211.0	nan	2	US	USD
840100002	Baker Hughes US Total Rig Count	2020.10.30 20:00:00	296.0	nan	287.0	nan	2	US	USD
840520005	CFTC S&P 500 Non-Commercial Net Positions	2020.10.30 22:30:00	115.4	nan	57.8	nan	2	US	USD
840520003	CFTC Gold Non-Commercial Net Positions	2020.10.30 22:30:00	248.6	nan	249.6	nan	2	US	USD
840520004	CFTC Crude Oil Non-Commercial Net Positions	2020.10.30 22:30:00	472.1	nan	490.3	nan	2	US	USD
840520011	CFTC Nasdaq 100 Non-Commercial Net Positions	2020.10.30 22:30:00	-0.5	nan	6.1	nan	2	US	USD
840040004	ISM Manufacturing Employment	2020.11.02 18:00:00	53.2	40.9	49.6	nan	2	US	USD
840020002	Construction Spending m/m	2020.11.02 18:00:00	0.3	-0.2	1.4	0.8	2	US	USD
840020003	Factory Orders m/m	2020.11.03 18:00:00	1.1	-6.6	0.7	0.6	2	US	USD
840020024	Imports	2020.11.04 16:30:00	240.216	nan	239.038	239.002	2	US	USD
840020001	Trade Balance	2020.11.04 16:30:00	-63.862	-65.429	-67.102	-67.036	2	US	USD
840020023	Exports	2020.11.04 16:30:00	176.354	nan	171.935	171.966	2	US	USD
840500003	S&P Global Composite PMI	2020.11.04 17:45:00	56.3	55.5	55.5	nan	2	US	USD
840040005	ISM Non-Manufacturing Employment	2020.11.04 18:00:00	50.1	49.8	51.8	nan	2	US	USD
840200002	EIA Cushing Crude Oil Stocks Change	2020.11.04 18:30:00	0.936	0.075	-0.422	nan	2	US	USD
840030028	Nonfarm Productivity q/q	2020.11.05 16:30:00	4.9	7.0	10.1	10.6	2	US	USD
840030029	Unit Labor Costs q/q	2020.11.05 16:30:00	-8.9	7.5	9.0	8.5	2	US	USD
840140002	Continuing Jobless Claims	2020.11.05 16:30:00	7.285	8.103	7.756	7.823	2	US	USD
840030024	U6 Unemployment Rate	2020.11.06 16:30:00	12.1	13.5	12.8	nan	2	US	USD
840030017	Participation Rate	2020.11.06 16:30:00	61.7	61.5	61.4	nan	2	US	USD
840030023	Private Nonfarm Payrolls	2020.11.06 16:30:00	906.0	2914.0	877.0	892.0	2	US	USD
840030019	Average Hourly Earnings y/y	2020.11.06 16:30:00	4.5	4.7	4.7	nan	2	US	USD
840100001	Baker Hughes US Oil Rig Count	2020.11.06 21:00:00	226.0	nan	221.0	nan	2	US	USD
840100002	Baker Hughes US Total Rig Count	2020.11.06 21:00:00	300.0	nan	296.0	nan	2	US	USD
840050013	Fed Consumer Credit m/m	2020.11.06 23:00:00	16.21	-6.21	-7.22	-6.93	2	US	USD
840520005	CFTC S&P 500 Non-Commercial Net Positions	2020.11.06 23:30:00	78.8	nan	115.4	nan	2	US	USD
840520003	CFTC Gold Non-Commercial Net Positions	2020.11.06 23:30:00	242.9	nan	248.6	nan	2	US	USD
840520004	CFTC Crude Oil Non-Commercial Net Positions	2020.11.06 23:30:00	442.5	nan	472.1	nan	2	US	USD
840520011	CFTC Nasdaq 100 Non-Commercial Net Positions	2020.11.06 23:30:00	0.3	nan	-0.5	nan	2	US	USD
840220011	3-Year Note Auction	2020.11.09 21:00:00	0.25	nan	0.193	nan	2	US	USD
840030008	Core CPI y/y	2020.11.12 16:30:00	1.6	1.4	1.7	nan	2	US	USD
840140002	Continuing Jobless Claims	2020.11.12 16:30:00	6.786	7.552	7.285	7.222	2	US	USD
840200002	EIA Cushing Crude Oil Stocks Change	2020.11.12 19:00:00	-0.518	-0.365	0.936	nan	2	US	USD
840150001	Federal Budget Balance	2020.11.12 22:00:00	-284.1	-303.2	-124.6	nan	2	US	USD
840030002	Core PPI m/m	2020.11.13 16:30:00	0.1	0.1	0.4	nan	2	US	USD
840210001	Michigan Consumer Sentiment	2020.11.13 18:00:00	77.0	74.5	81.8	nan	2	US	USD
840210002	Michigan Consumer Expectations	2020.11.13 18:00:00	71.3	71.5	79.2	nan	2	US	USD
840210004	Michigan Inflation Expectations	2020.11.13 18:00:00	2.8	2.6	2.6	nan	2	US	USD
840210005	Michigan 5-Year Inflation Expectations	2020.11.13 18:00:00	2.6	2.6	2.4	nan	2	US	USD
840100001	Baker Hughes US Oil Rig Count	2020.11.13 21:00:00	236.0	nan	226.0	nan	2	US	USD
840100002	Baker Hughes US Total Rig Count	2020.11.13 21:00:00	312.0	nan	300.0	nan	2	US	USD
840230001	NY Fed Empire State Manufacturing Index	2020.11.16 16:30:00	6.3	-10.7	10.5	nan	2	US	USD
840520005	CFTC S&P 500 Non-Commercial Net Positions	2020.11.16 23:30:00	37.8	nan	78.8	nan	2	US	USD
840520003	CFTC Gold Non-Commercial Net Positions	2020.11.16 23:30:00	239.7	nan	242.9	nan	2	US	USD
840520004	CFTC Crude Oil Non-Commercial Net Positions	2020.11.16 23:30:00	463.5	nan	442.5	nan	2	US	USD
840520011	CFTC Nasdaq 100 Non-Commercial Net Positions	2020.11.16 23:30:00	-15.3	nan	0.3	nan	2	US	USD
840030011	Import Price Index m/m	2020.11.17 16:30:00	-0.1	0.0	0.3	0.2	2	US	USD
840030013	Export Price Index m/m	2020.11.17 16:30:00	0.2	-1.0	0.6	nan	2	US	USD
840020012	Retail Control m/m	2020.11.17 16:30:00	0.1	-8.2	1.4	0.9	2	US	USD
840050011	Fed Industrial Production m/m	2020.11.17 17:15:00	1.1	-1.5	-0.6	-0.4	2	US	USD
840050026	Fed Industrial Production y/y	2020.11.17 17:15:00	-5.3	-12.9	-7.3	nan	2	US	USD
840020007	Business Inventories m/m	2020.11.17 18:00:00	0.7	1.0	0.3	nan	2	US	USD
840020027	Retail Inventories m/m	2020.11.17 18:00:00	1.7	1.6	1.6	nan	2	US	USD
840020028	Retail Inventories excl. Autos m/m	2020.11.17 18:00:00	1.1	nan	0.9	nan	2	US	USD
840220001	TIC Net Long-Term Transactions	2020.11.18 00:00:00	108.9	25.1	27.8	nan	2	US	USD
840020004	Housing Starts	2020.11.18 16:30:00	1.53	1.146	1.415	1.459	2	US	USD
840020015	Housing Starts m/m	2020.11.18 16:30:00	4.9	-0.6	1.9	6.3	2	US	USD
840020005	Building Permits	2020.11.18 16:30:00	1.545	1.512	1.553	1.545	2	US	USD
840200002	EIA Cushing Crude Oil Stocks Change	2020.11.18 18:30:00	1.2	-0.99	-0.518	nan	2	US	USD
840220019	20-Year Bond Auction	2020.11.18 21:00:00	1.422	nan	1.37	nan	2	US	USD
840070002	Philadelphia Fed Employment	2020.11.19 16:30:00	27.2	14.3	12.7	nan	2	US	USD
840140002	Continuing Jobless Claims	2020.11.19 16:30:00	6.372	7.06	6.786	6.801	2	US	USD
840120002	Existing Home Sales m/m	2020.11.19 18:00:00	4.3	-0.6	9.4	9.9	2	US	USD
840180001	CB Leading Economic Index m/m	2020.11.19 18:00:00	0.7	-0.1	0.7	nan	2	US	USD
840220017	10-Year TIPS Auction	2020.11.19 21:00:00	-0.867	nan	-0.966	nan	2	US	USD
840100001	Baker Hughes US Oil Rig Count	2020.11.20 21:00:00	231.0	nan	236.0	nan	2	US	USD
840100002	Baker Hughes US Total Rig Count	2020.11.20 21:00:00	310.0	nan	312.0	nan	2	US	USD
840520005	CFTC S&P 500 Non-Commercial Net Positions	2020.11.20 23:30:00	38.8	nan	37.8	nan	2	US	USD
840520003	CFTC Gold Non-Commercial Net Positions	2020.11.20 23:30:00	251.3	nan	239.7	nan	2	US	USD
840520004	CFTC Crude Oil Non-Commercial Net Positions	2020.11.20 23:30:00	480.8	nan	463.5	nan	2	US	USD
840520011	CFTC Nasdaq 100 Non-Commercial Net Positions	2020.11.20 23:30:00	-16.5	nan	-15.3	nan	2	US	USD
840500003	S&P Global Composite PMI	2020.11.23 17:45:00	57.9	55.9	56.3	nan	2	US	USD
840220010	2-Year Note Auction	2020.11.23 19:30:00	0.165	nan	0.151	nan	2	US	USD
840220012	5-Year Note Auction	2020.11.23 21:00:00	0.397	nan	0.33	nan	2	US	USD
840170001	S&P/CS HPI Composite-20 y/y	2020.11.24 17:00:00	6.6	5.6	5.2	nan	2	US	USD
840170002	S&P/CS HPI Composite-20 n.s.a. m/m	2020.11.24 17:00:00	1.2	1.3	1.1	1.2	2	US	USD
840220013	7-Year Note Auction	2020.11.24 21:00:00	0.653	nan	0.6	nan	2	US	USD
840020019	Goods Trade Balance	2020.11.25 16:30:00	-80.288	-84.3	-79.374	-79.355	2	US	USD
840020027	Retail Inventories m/m	2020.11.25 16:30:00	0.8	1.7	1.7	nan	2	US	USD
840020028	Retail Inventories excl. Autos m/m	2020.11.25 16:30:00	0.7	nan	1.1	1.0	2	US	USD
840020014	Core Durable Goods Orders m/m	2020.11.25 16:30:00	1.3	-0.5	0.8	1.5	2	US	USD
840010016	Real PCE q/q	2020.11.25 16:30:00	40.6	40.7	40.7	nan	2	US	USD
840140002	Continuing Jobless Claims	2020.11.25 16:30:00	6.071	6.599	6.372	6.37	2	US	USD
840210001	Michigan Consumer Sentiment	2020.11.25 18:00:00	76.9	77.0	77.0	nan	2	US	USD
840210002	Michigan Consumer Expectations	2020.11.25 18:00:00	70.5	71.3	71.3	nan	2	US	USD
840210004	Michigan Inflation Expectations	2020.11.25 18:00:00	2.8	2.8	2.8	nan	2	US	USD
840210005	Michigan 5-Year Inflation Expectations	2020.11.25 18:00:00	2.5	2.6	2.6	nan	2	US	USD
840020009	New Home Sales m/m	2020.11.25 18:00:00	-0.3	0.2	-3.5	0.1	2	US	USD
840010003	PCE Price Index m/m	2020.11.25 18:00:00	0.0	-0.1	0.2	nan	2	US	USD
840010004	PCE Price Index y/y	2020.11.25 18:00:00	1.2	1.5	1.4	nan	2	US	USD
840010005	Personal Spending m/m	2020.11.25 18:00:00	0.5	-1.9	1.4	1.2	2	US	USD
840200002	EIA Cushing Crude Oil Stocks Change	2020.11.25 18:30:00	-1.721	0.06	1.2	nan	2	US	USD
840100001	Baker Hughes US Oil Rig Count	2020.11.25 21:00:00	241.0	nan	231.0	nan	2	US	USD
840100002	Baker Hughes US Total Rig Count	2020.11.25 21:00:00	320.0	nan	310.0	nan	2	US	USD
840120003	Pending Home Sales m/m	2020.11.30 18:00:00	-1.1	-2.6	-2.2	-2.0	2	US	USD
840520005	CFTC S&P 500 Non-Commercial Net Positions	2020.11.30 23:30:00	-13.4	nan	38.8	nan	2	US	USD
840520003	CFTC Gold Non-Commercial Net Positions	2020.11.30 23:30:00	243.9	nan	251.3	nan	2	US	USD
840520004	CFTC Crude Oil Non-Commercial Net Positions	2020.11.30 23:30:00	522.6	nan	480.8	nan	2	US	USD
840520011	CFTC Nasdaq 100 Non-Commercial Net Positions	2020.11.30 23:30:00	-22.8	nan	-16.5	nan	2	US	USD
840040004	ISM Manufacturing Employment	2020.12.01 18:00:00	48.4	51.4	53.2	nan	2	US	USD
840020002	Construction Spending m/m	2020.12.01 18:00:00	1.3	0.8	0.3	-0.5	2	US	USD
840200002	EIA Cushing Crude Oil Stocks Change	2020.12.02 18:30:00	-0.317	-0.416	-1.721	nan	2	US	USD
840140002	Continuing Jobless Claims	2020.12.03 16:30:00	5.52	6.239	6.071	6.089	2	US	USD
840500003	S&P Global Composite PMI	2020.12.03 17:45:00	58.6	57.9	57.9	nan	2	US	USD
840040005	ISM Non-Manufacturing Employment	2020.12.03 18:00:00	51.5	50.9	50.1	nan	2	US	USD
840020024	Imports	2020.12.04 16:30:00	245.138	nan	240.216	240.129	2	US	USD
840020001	Trade Balance	2020.12.04 16:30:00	-63.123	-65.523	-63.862	-62.083	2	US	USD
840020023	Exports	2020.12.04 16:30:00	182.015	nan	176.354	178.045	2	US	USD
840030017	Participation Rate	2020.12.04 16:30:00	61.5	61.5	61.7	nan	2	US	USD
840030019	Average Hourly Earnings y/y	2020.12.04 16:30:00	4.4	4.6	4.5	nan	2	US	USD
840030023	Private Nonfarm Payrolls	2020.12.04 16:30:00	344.0	-86.0	906.0	877.0	2	US	USD
840030024	U6 Unemployment Rate	2020.12.04 16:30:00	12.0	12.5	12.1	nan	2	US	USD
840020003	Factory Orders m/m	2020.12.04 18:00:00	1.0	-5.6	1.1	1.3	2	US	USD
840100001	Baker Hughes US Oil Rig Count	2020.12.04 21:00:00	246.0	nan	241.0	nan	2	US	USD
840100002	Baker Hughes US Total Rig Count	2020.12.04 21:00:00	323.0	nan	320.0	nan	2	US	USD
840520005	CFTC S&P 500 Non-Commercial Net Positions	2020.12.04 23:30:00	-24.4	nan	-13.4	nan	2	US	USD
840520003	CFTC Gold Non-Commercial Net Positions	2020.12.04 23:30:00	260.3	nan	243.9	nan	2	US	USD
840520004	CFTC Crude Oil Non-Commercial Net Positions	2020.12.04 23:30:00	517.2	nan	522.6	nan	2	US	USD
840520011	CFTC Nasdaq 100 Non-Commercial Net Positions	2020.12.04 23:30:00	-22.6	nan	-22.8	nan	2	US	USD
840050013	Fed Consumer Credit m/m	2020.12.07 23:00:00	7.23	-7.87	16.21	15.03	2	US	USD
840030028	Nonfarm Productivity q/q	2020.12.08 16:30:00	4.6	4.9	4.9	nan	2	US	USD
840030029	Unit Labor Costs q/q	2020.12.08 16:30:00	-6.6	-8.9	-8.9	nan	2	US	USD
840220011	3-Year Note Auction	2020.12.08 21:00:00	0.211	nan	0.25	nan	2	US	USD
840200002	EIA Cushing Crude Oil Stocks Change	2020.12.09 18:30:00	-1.364	-0.866	-0.317	nan	2	US	USD
840030008	Core CPI y/y	2020.12.10 16:30:00	1.6	1.5	1.6	nan	2	US	USD
840140002	Continuing Jobless Claims	2020.12.10 16:30:00	5.757	5.808	5.52	5.527	2	US	USD
840150001	Federal Budget Balance	2020.12.10 22:00:00	-145.3	-348.8	-284.1	nan	2	US	USD
840030002	Core PPI m/m	2020.12.11 16:30:00	0.1	0.0	0.1	nan	2	US	USD
840210001	Michigan Consumer Sentiment	2020.12.11 18:00:00	81.4	72.0	76.9	nan	2	US	USD
840210002	Michigan Consumer Expectations	2020.12.11 18:00:00	74.7	65.8	70.5	nan	2	US	USD
840210004	Michigan Inflation Expectations	2020.12.11 18:00:00	2.3	2.8	2.8	nan	2	US	USD
840210005	Michigan 5-Year Inflation Expectations	2020.12.11 18:00:00	2.5	2.6	2.5	nan	2	US	USD
840100001	Baker Hughes US Oil Rig Count	2020.12.11 21:00:00	258.0	nan	246.0	nan	2	US	USD
840100002	Baker Hughes US Total Rig Count	2020.12.11 21:00:00	338.0	nan	323.0	nan	2	US	USD
840520005	CFTC S&P 500 Non-Commercial Net Positions	2020.12.11 23:30:00	-42.7	nan	-24.4	nan	2	US	USD
840520003	CFTC Gold Non-Commercial Net Positions	2020.12.11 23:30:00	269.2	nan	260.3	nan	2	US	USD
840520004	CFTC Crude Oil Non-Commercial Net Positions	2020.12.11 23:30:00	514.6	nan	517.2	nan	2	US	USD
840520011	CFTC Nasdaq 100 Non-Commercial Net Positions	2020.12.11 23:30:00	9.1	nan	-22.6	nan	2	US	USD
840030011	Import Price Index m/m	2020.12.15 16:30:00	0.1	0.0	-0.1	nan	2	US	USD
840030013	Export Price Index m/m	2020.12.15 16:30:00	0.6	-0.3	0.2	nan	2	US	USD
840230001	NY Fed Empire State Manufacturing Index	2020.12.15 16:30:00	4.9	8.3	6.3	nan	2	US	USD
840050011	Fed Industrial Production m/m	2020.12.15 17:15:00	0.4	-0.8	1.1	0.9	2	US	USD
840050026	Fed Industrial Production y/y	2020.12.15 17:15:00	-5.5	-6.3	-5.3	nan	2	US	USD
840220001	TIC Net Long-Term Transactions	2020.12.16 00:00:00	51.9	25.5	108.9	nan	2	US	USD
840020012	Retail Control m/m	2020.12.16 16:30:00	-0.5	-15.9	0.1	-0.1	2	US	USD
840500003	S&P Global Composite PMI	2020.12.16 17:45:00	55.7	58.3	58.6	nan	2	US	USD
840020007	Business Inventories m/m	2020.12.16 18:00:00	0.7	0.1	0.7	0.8	2	US	USD
840020027	Retail Inventories m/m	2020.12.16 18:00:00	0.9	0.8	0.8	nan	2	US	USD
840020028	Retail Inventories excl. Autos m/m	2020.12.16 18:00:00	0.8	nan	0.7	nan	2	US	USD
840200002	EIA Cushing Crude Oil Stocks Change	2020.12.16 18:30:00	0.198	-1.192	-1.364	nan	2	US	USD
840070002	Philadelphia Fed Employment	2020.12.17 16:30:00	8.5	20.7	27.2	nan	2	US	USD
840020004	Housing Starts	2020.12.17 16:30:00	1.547	1.309	1.53	1.528	2	US	USD
840020015	Housing Starts m/m	2020.12.17 16:30:00	1.2	0.8	4.9	6.3	2	US	USD
840020005	Building Permits	2020.12.17 16:30:00	1.639	1.549	1.545	1.544	2	US	USD
840140002	Continuing Jobless Claims	2020.12.17 16:30:00	5.508	5.652	5.757	5.781	2	US	USD
840010015	Current Account	2020.12.18 16:30:00	-178.513	-150.835	-170.541	-161.362	2	US	USD
840180001	CB Leading Economic Index m/m	2020.12.18 18:00:00	0.6	-0.1	0.7	0.8	2	US	USD
840100001	Baker Hughes US Oil Rig Count	2020.12.18 21:00:00	263.0	nan	258.0	nan	2	US	USD
840100002	Baker Hughes US Total Rig Count	2020.12.18 21:00:00	346.0	nan	338.0	nan	2	US	USD
840520005	CFTC S&P 500 Non-Commercial Net Positions	2020.12.18 23:30:00	-34.7	nan	-42.7	nan	2	US	USD
840520003	CFTC Gold Non-Commercial Net Positions	2020.12.18 23:30:00	271.6	nan	269.2	nan	2	US	USD
840520004	CFTC Crude Oil Non-Commercial Net Positions	2020.12.18 23:30:00	513.8	nan	514.6	nan	2	US	USD
840520011	CFTC Nasdaq 100 Non-Commercial Net Positions	2020.12.18 23:30:00	12.0	nan	9.1	nan	2	US	USD
840220019	20-Year Bond Auction	2020.12.21 21:00:00	1.47	nan	1.422	nan	2	US	USD
840010016	Real PCE q/q	2020.12.22 16:30:00	41.0	40.6	40.6	nan	2	US	USD
840120002	Existing Home Sales m/m	2020.12.22 18:00:00	-2.5	-1.5	4.3	4.4	2	US	USD
840220016	5-Year TIPS Auction	2020.12.22 21:00:00	-1.575	nan	-1.32	nan	2	US	USD
840020014	Core Durable Goods Orders m/m	2020.12.23 16:30:00	0.4	0.1	1.3	1.9	2	US	USD
840010003	PCE Price Index m/m	2020.12.23 16:30:00	0.0	-0.1	0.0	nan	2	US	USD
840010004	PCE Price Index y/y	2020.12.23 16:30:00	1.1	1.2	1.2	nan	2	US	USD
840010005	Personal Spending m/m	2020.12.23 16:30:00	-0.4	-0.3	0.5	0.3	2	US	USD
840140002	Continuing Jobless Claims	2020.12.23 16:30:00	5.337	5.645	5.508	5.507	2	US	USD
840210001	Michigan Consumer Sentiment	2020.12.23 18:00:00	80.7	81.4	81.4	nan	2	US	USD
840210002	Michigan Consumer Expectations	2020.12.23 18:00:00	74.6	74.7	74.7	nan	2	US	USD
840210004	Michigan Inflation Expectations	2020.12.23 18:00:00	2.5	2.3	2.3	nan	2	US	USD
840210005	Michigan 5-Year Inflation Expectations	2020.12.23 18:00:00	2.5	2.5	2.5	nan	2	US	USD
840020009	New Home Sales m/m	2020.12.23 18:00:00	-11.0	1.0	-0.3	-2.1	2	US	USD
840200002	EIA Cushing Crude Oil Stocks Change	2020.12.23 18:30:00	-0.026	-0.653	0.198	nan	2	US	USD
840100001	Baker Hughes US Oil Rig Count	2020.12.23 21:00:00	264.0	nan	263.0	nan	2	US	USD
840100002	Baker Hughes US Total Rig Count	2020.12.23 21:00:00	348.0	nan	346.0	nan	2	US	USD
840220010	2-Year Note Auction	2020.12.28 19:30:00	0.137	nan	0.165	nan	2	US	USD
840220012	5-Year Note Auction	2020.12.28 21:00:00	0.394	nan	0.397	nan	2	US	USD
840520005	CFTC S&P 500 Non-Commercial Net Positions	2020.12.28 23:30:00	-24.6	nan	-34.7	nan	2	US	USD
840520003	CFTC Gold Non-Commercial Net Positions	2020.12.28 23:30:00	278.2	nan	271.6	nan	2	US	USD
840520004	CFTC Crude Oil Non-Commercial Net Positions	2020.12.28 23:30:00	525.7	nan	513.8	nan	2	US	USD
840520011	CFTC Nasdaq 100 Non-Commercial Net Positions	2020.12.28 23:30:00	31.2	nan	12.0	nan	2	US	USD
840170001	S&P/CS HPI Composite-20 y/y	2020.12.29 17:00:00	7.9	7.1	6.6	nan	2	US	USD
840170002	S&P/CS HPI Composite-20 n.s.a. m/m	2020.12.29 17:00:00	1.3	1.0	1.2	1.3	2	US	USD
840220013	7-Year Note Auction	2020.12.29 21:00:00	0.662	nan	0.653	nan	2	US	USD
840020019	Goods Trade Balance	2020.12.30 16:30:00	-84.82	-80.383	-80.288	-80.417	2	US	USD
840020027	Retail Inventories m/m	2020.12.30 16:30:00	0.7	0.8	0.9	nan	2	US	USD
840020028	Retail Inventories excl. Autos m/m	2020.12.30 16:30:00	0.3	nan	0.8	0.9	2	US	USD
840120003	Pending Home Sales m/m	2020.12.30 18:00:00	-2.6	2.6	-1.1	-0.9	2	US	USD
840200002	EIA Cushing Crude Oil Stocks Change	2020.12.30 18:30:00	0.027	0.374	-0.026	nan	2	US	USD
840100001	Baker Hughes US Oil Rig Count	2020.12.30 21:00:00	267.0	nan	264.0	nan	2	US	USD
840100002	Baker Hughes US Total Rig Count	2020.12.30 21:00:00	351.0	nan	348.0	nan	2	US	USD
840140002	Continuing Jobless Claims	2020.12.31 16:30:00	5.219	5.433	5.337	5.322	2	US	USD
840020002	Construction Spending m/m	2021.01.04 18:00:00	0.9	-0.6	1.3	1.6	2	US	USD
840520003	CFTC Gold Non-Commercial Net Positions	2021.01.04 23:30:00	268.9	nan	278.2	nan	2	US	USD
840520004	CFTC Crude Oil Non-Commercial Net Positions	2021.01.04 23:30:00	511.7	nan	525.7	nan	2	US	USD
840520005	CFTC S&P 500 Non-Commercial Net Positions	2021.01.04 23:30:00	-30.8	nan	-24.6	nan	2	US	USD
840520011	CFTC Nasdaq 100 Non-Commercial Net Positions	2021.01.04 23:30:00	19.8	nan	31.2	nan	2	US	USD
840040004	ISM Manufacturing Employment	2021.01.05 18:00:00	51.5	50.7	48.4	nan	2	US	USD
840500003	S&P Global Composite PMI	2021.01.06 17:45:00	55.3	55.7	55.7	nan	2	US	USD
840020003	Factory Orders m/m	2021.01.06 18:00:00	1.0	-3.6	1.0	1.3	2	US	USD
840200002	EIA Cushing Crude Oil Stocks Change	2021.01.06 18:30:00	0.792	0.501	0.027	nan	2	US	USD
840020001	Trade Balance	2021.01.07 16:30:00	-68.142	-63.519	-63.123	-63.111	2	US	USD
840020023	Exports	2021.01.07 16:30:00	184.174	nan	182.015	182.002	2	US	USD
840020024	Imports	2021.01.07 16:30:00	252.316	nan	245.138	245.113	2	US	USD
840140002	Continuing Jobless Claims	2021.01.07 16:30:00	5.072	5.288	5.219	5.198	2	US	USD
840040005	ISM Non-Manufacturing Employment	2021.01.07 18:00:00	48.2	50.7	51.5	nan	2	US	USD
840030017	Participation Rate	2021.01.08 16:30:00	61.5	61.6	61.5	nan	2	US	USD
840030019	Average Hourly Earnings y/y	2021.01.08 16:30:00	5.1	4.5	4.4	nan	2	US	USD
840030023	Private Nonfarm Payrolls	2021.01.08 16:30:00	-95.0	-855.0	344.0	417.0	2	US	USD
840030024	U6 Unemployment Rate	2021.01.08 16:30:00	11.7	12.1	12.0	nan	2	US	USD
840100001	Baker Hughes US Oil Rig Count	2021.01.08 21:00:00	275.0	nan	267.0	nan	2	US	USD
840100002	Baker Hughes US Total Rig Count	2021.01.08 21:00:00	360.0	nan	351.0	nan	2	US	USD
840050013	Fed Consumer Credit m/m	2021.01.08 23:00:00	15.27	-7.52	7.23	4.54	2	US	USD
840520003	CFTC Gold Non-Commercial Net Positions	2021.01.08 23:30:00	279.3	nan	268.9	nan	2	US	USD
840520004	CFTC Crude Oil Non-Commercial Net Positions	2021.01.08 23:30:00	518.6	nan	511.7	nan	2	US	USD
840520005	CFTC S&P 500 Non-Commercial Net Positions	2021.01.08 23:30:00	-34.8	nan	-30.8	nan	2	US	USD
840520011	CFTC Nasdaq 100 Non-Commercial Net Positions	2021.01.08 23:30:00	25.8	nan	19.8	nan	2	US	USD
840220011	3-Year Note Auction	2021.01.11 21:00:00	0.234	nan	0.211	nan	2	US	USD
840030008	Core CPI y/y	2021.01.13 16:30:00	1.6	1.8	1.6	nan	2	US	USD
840200002	EIA Cushing Crude Oil Stocks Change	2021.01.13 18:30:00	-1.975	0.831	0.792	nan	2	US	USD
840150001	Federal Budget Balance	2021.01.13 22:00:00	-143.6	-297.8	-145.3	nan	2	US	USD
840030011	Import Price Index m/m	2021.01.14 16:30:00	0.9	0.0	0.1	0.2	2	US	USD
840030013	Export Price Index m/m	2021.01.14 16:30:00	1.1	-0.1	0.6	0.7	2	US	USD
840140002	Continuing Jobless Claims	2021.01.14 16:30:00	5.271	5.155	5.072	nan	2	US	USD
840020012	Retail Control m/m	2021.01.15 16:30:00	-1.9	-16.3	-0.5	-1.1	2	US	USD
840030002	Core PPI m/m	2021.01.15 16:30:00	0.1	0.1	0.1	nan	2	US	USD
840230001	NY Fed Empire State Manufacturing Index	2021.01.15 16:30:00	3.5	5.5	4.9	nan	2	US	USD
840050011	Fed Industrial Production m/m	2021.01.15 17:15:00	1.6	-0.1	0.4	0.5	2	US	USD
840050026	Fed Industrial Production y/y	2021.01.15 17:15:00	-3.6	-5.4	-5.5	nan	2	US	USD
840210001	Michigan Consumer Sentiment	2021.01.15 18:00:00	79.2	84.2	80.7	nan	2	US	USD
840210002	Michigan Consumer Expectations	2021.01.15 18:00:00	73.8	78.8	74.6	nan	2	US	USD
840210004	Michigan Inflation Expectations	2021.01.15 18:00:00	3.0	2.4	2.5	nan	2	US	USD
840210005	Michigan 5-Year Inflation Expectations	2021.01.15 18:00:00	2.7	2.5	2.5	nan	2	US	USD
840020007	Business Inventories m/m	2021.01.15 18:00:00	0.5	-0.2	0.7	0.8	2	US	USD
840020027	Retail Inventories m/m	2021.01.15 18:00:00	0.7	0.7	0.7	nan	2	US	USD
840020028	Retail Inventories excl. Autos m/m	2021.01.15 18:00:00	0.2	nan	0.3	nan	2	US	USD
840100001	Baker Hughes US Oil Rig Count	2021.01.15 21:00:00	287.0	nan	275.0	nan	2	US	USD
840100002	Baker Hughes US Total Rig Count	2021.01.15 21:00:00	373.0	nan	360.0	nan	2	US	USD
840520003	CFTC Gold Non-Commercial Net Positions	2021.01.15 23:30:00	246.2	nan	279.3	nan	2	US	USD
840520004	CFTC Crude Oil Non-Commercial Net Positions	2021.01.15 23:30:00	527.7	nan	518.6	nan	2	US	USD
840520005	CFTC S&P 500 Non-Commercial Net Positions	2021.01.15 23:30:00	-17.6	nan	-34.8	nan	2	US	USD
840520011	CFTC Nasdaq 100 Non-Commercial Net Positions	2021.01.15 23:30:00	20.4	nan	25.8	nan	2	US	USD
840220001	TIC Net Long-Term Transactions	2021.01.20 00:00:00	149.2	27.4	51.9	nan	2	US	USD
840220019	20-Year Bond Auction	2021.01.20 21:00:00	1.657	nan	1.47	nan	2	US	USD
840020004	Housing Starts	2021.01.21 16:30:00	1.669	1.541	1.547	1.578	2	US	USD
840020005	Building Permits	2021.01.21 16:30:00	1.709	1.594	1.639	1.635	2	US	USD
840020015	Housing Starts m/m	2021.01.21 16:30:00	5.8	-0.8	1.2	3.1	2	US	USD
840070002	Philadelphia Fed Employment	2021.01.21 16:30:00	22.5	17.9	8.5	5.6	2	US	USD
840140002	Continuing Jobless Claims	2021.01.21 16:30:00	5.054	5.182	5.271	5.181	2	US	USD
840220017	10-Year TIPS Auction	2021.01.21 21:00:00	-0.987	nan	-0.867	nan	2	US	USD
840500003	S&P Global Composite PMI	2021.01.22 17:45:00	58.0	55.5	55.3	nan	2	US	USD
840120002	Existing Home Sales m/m	2021.01.22 18:00:00	0.7	-2.8	-2.5	-2.2	2	US	USD
840200002	EIA Cushing Crude Oil Stocks Change	2021.01.22 19:00:00	-4.727	-0.594	-1.975	nan	2	US	USD
840100001	Baker Hughes US Oil Rig Count	2021.01.22 21:00:00	289.0	nan	287.0	nan	2	US	USD
840100002	Baker Hughes US Total Rig Count	2021.01.22 21:00:00	378.0	nan	373.0	nan	2	US	USD
840520003	CFTC Gold Non-Commercial Net Positions	2021.01.22 23:30:00	246.6	nan	246.2	nan	2	US	USD
840520004	CFTC Crude Oil Non-Commercial Net Positions	2021.01.22 23:30:00	508.6	nan	527.7	nan	2	US	USD
840520005	CFTC S&P 500 Non-Commercial Net Positions	2021.01.22 23:30:00	-1.9	nan	-17.6	nan	2	US	USD
840520011	CFTC Nasdaq 100 Non-Commercial Net Positions	2021.01.22 23:30:00	31.6	nan	20.4	nan	2	US	USD
840220010	2-Year Note Auction	2021.01.25 21:00:00	0.125	nan	0.137	nan	2	US	USD
840170001	S&P/CS HPI Composite-20 y/y	2021.01.26 17:00:00	9.1	8.4	7.9	nan	2	US	USD
840170002	S&P/CS HPI Composite-20 n.s.a. m/m	2021.01.26 17:00:00	1.1	1.4	1.3	nan	2	US	USD
840220012	5-Year Note Auction	2021.01.26 21:00:00	0.424	nan	0.394	nan	2	US	USD
840020014	Core Durable Goods Orders m/m	2021.01.27 16:30:00	0.7	0.5	0.4	0.8	2	US	USD
840200002	EIA Cushing Crude Oil Stocks Change	2021.01.27 18:30:00	-2.281	-3.413	-4.727	nan	2	US	USD
840010016	Real PCE q/q	2021.01.28 16:30:00	2.5	51.5	41.0	nan	2	US	USD
840020019	Goods Trade Balance	2021.01.28 16:30:00	-82.466	-83.502	-84.82	-85.486	2	US	USD
840020027	Retail Inventories m/m	2021.01.28 16:30:00	1.0	0.7	0.7	0.8	2	US	USD
840020028	Retail Inventories excl. Autos m/m	2021.01.28 16:30:00	1.1	nan	0.2	0.4	2	US	USD
840140002	Continuing Jobless Claims	2021.01.28 16:30:00	4.771	5.172	5.054	4.974	2	US	USD
840020009	New Home Sales m/m	2021.01.28 18:00:00	1.6	-1.1	-11.0	-12.6	2	US	USD
840180001	CB Leading Economic Index m/m	2021.01.28 18:00:00	0.3	-0.1	0.6	0.7	2	US	USD
840220013	7-Year Note Auction	2021.01.28 21:00:00	0.754	nan	0.662	nan	2	US	USD
840010003	PCE Price Index m/m	2021.01.29 16:30:00	0.4	-0.1	0.0	nan	2	US	USD
840010004	PCE Price Index y/y	2021.01.29 16:30:00	1.3	0.9	1.1	nan	2	US	USD
840010005	Personal Spending m/m	2021.01.29 16:30:00	-0.2	0.3	-0.4	-0.7	2	US	USD
840030025	Employment Cost Index q/q	2021.01.29 16:30:00	0.7	0.7	0.5	nan	2	US	USD
840210001	Michigan Consumer Sentiment	2021.01.29 18:00:00	79.0	79.2	79.2	nan	2	US	USD
840210002	Michigan Consumer Expectations	2021.01.29 18:00:00	74.0	73.8	73.8	nan	2	US	USD
840210004	Michigan Inflation Expectations	2021.01.29 18:00:00	3.0	3.0	3.0	nan	2	US	USD
840210005	Michigan 5-Year Inflation Expectations	2021.01.29 18:00:00	2.7	2.7	2.7	nan	2	US	USD
840120003	Pending Home Sales m/m	2021.01.29 18:00:00	-0.3	-2.3	-2.6	-2.5	2	US	USD
840100001	Baker Hughes US Oil Rig Count	2021.01.29 21:00:00	295.0	nan	289.0	nan	2	US	USD
840100002	Baker Hughes US Total Rig Count	2021.01.29 21:00:00	384.0	nan	378.0	nan	2	US	USD
840520003	CFTC Gold Non-Commercial Net Positions	2021.01.29 23:30:00	257.5	nan	246.6	nan	2	US	USD
840520004	CFTC Crude Oil Non-Commercial Net Positions	2021.01.29 23:30:00	504.6	nan	508.6	nan	2	US	USD
840520005	CFTC S&P 500 Non-Commercial Net Positions	2021.01.29 23:30:00	-28.4	nan	-1.9	nan	2	US	USD
840520011	CFTC Nasdaq 100 Non-Commercial Net Positions	2021.01.29 23:30:00	39.7	nan	31.6	nan	2	US	USD
840020002	Construction Spending m/m	2021.02.01 18:00:00	1.0	-0.2	0.9	1.1	2	US	USD
840040004	ISM Manufacturing Employment	2021.02.01 18:00:00	52.6	49.9	51.5	51.7	2	US	USD
840500003	S&P Global Composite PMI	2021.02.03 17:45:00	58.7	58.0	58.0	nan	2	US	USD
840040005	ISM Non-Manufacturing Employment	2021.02.03 18:00:00	55.2	49.7	48.2	48.7	2	US	USD
840200002	EIA Cushing Crude Oil Stocks Change	2021.02.03 18:30:00	-1.517	-3.869	-2.281	nan	2	US	USD
840030028	Nonfarm Productivity q/q	2021.02.04 16:30:00	-4.8	8.6	4.6	5.1	2	US	USD
840030029	Unit Labor Costs q/q	2021.02.04 16:30:00	6.8	-2.9	-6.6	-7.0	2	US	USD
840140002	Continuing Jobless Claims	2021.02.04 16:30:00	4.592	4.92	4.771	4.785	2	US	USD
840020003	Factory Orders m/m	2021.02.04 18:00:00	1.1	1.2	1.0	1.3	2	US	USD
840020001	Trade Balance	2021.02.05 16:30:00	-66.613	-65.749	-68.142	-69.005	2	US	USD
840020023	Exports	2021.02.05 16:30:00	189.959	nan	184.174	183.751	2	US	USD
840020024	Imports	2021.02.05 16:30:00	256.572	nan	252.316	252.756	2	US	USD
840030017	Participation Rate	2021.02.05 16:30:00	61.4	61.5	61.5	nan	2	US	USD
840030019	Average Hourly Earnings y/y	2021.02.05 16:30:00	5.4	4.8	5.1	nan	2	US	USD
840030023	Private Nonfarm Payrolls	2021.02.05 16:30:00	6.0	-19.0	-95.0	-204.0	2	US	USD
840030024	U6 Unemployment Rate	2021.02.05 16:30:00	11.1	11.9	11.7	nan	2	US	USD
840100001	Baker Hughes US Oil Rig Count	2021.02.05 21:00:00	299.0	nan	295.0	nan	2	US	USD
840100002	Baker Hughes US Total Rig Count	2021.02.05 21:00:00	392.0	nan	384.0	nan	2	US	USD
840050013	Fed Consumer Credit m/m	2021.02.05 23:00:00	9.73	0.62	15.27	13.93	2	US	USD
840520003	CFTC Gold Non-Commercial Net Positions	2021.02.05 23:30:00	257.1	nan	257.5	nan	2	US	USD
840520004	CFTC Crude Oil Non-Commercial Net Positions	2021.02.05 23:30:00	499.2	nan	504.6	nan	2	US	USD
840520005	CFTC S&P 500 Non-Commercial Net Positions	2021.02.05 23:30:00	-34.9	nan	-28.4	nan	2	US	USD
840520011	CFTC Nasdaq 100 Non-Commercial Net Positions	2021.02.05 23:30:00	29.1	nan	39.7	nan	2	US	USD
840220011	3-Year Note Auction	2021.02.09 21:00:00	0.196	nan	0.234	nan	2	US	USD
840030008	Core CPI y/y	2021.02.10 16:30:00	1.4	1.5	1.6	nan	2	US	USD
840200002	EIA Cushing Crude Oil Stocks Change	2021.02.10 18:30:00	-0.658	-2.445	-1.517	nan	2	US	USD
840150001	Federal Budget Balance	2021.02.10 22:00:00	-162.8	-329.9	-143.6	nan	2	US	USD
840140002	Continuing Jobless Claims	2021.02.11 16:30:00	4.545	4.688	4.592	4.69	2	US	USD
840210001	Michigan Consumer Sentiment	2021.02.12 18:00:00	76.2	75.7	79.0	nan	2	US	USD
840210002	Michigan Consumer Expectations	2021.02.12 18:00:00	69.8	70.5	74.0	nan	2	US	USD
840210004	Michigan Inflation Expectations	2021.02.12 18:00:00	3.3	3.0	3.0	nan	2	US	USD
840210005	Michigan 5-Year Inflation Expectations	2021.02.12 18:00:00	2.7	2.6	2.7	nan	2	US	USD
840100001	Baker Hughes US Oil Rig Count	2021.02.12 21:00:00	306.0	nan	299.0	nan	2	US	USD
840100002	Baker Hughes US Total Rig Count	2021.02.12 21:00:00	397.0	nan	392.0	nan	2	US	USD
840520003	CFTC Gold Non-Commercial Net Positions	2021.02.12 23:30:00	251.4	nan	257.1	nan	2	US	USD
840520004	CFTC Crude Oil Non-Commercial Net Positions	2021.02.12 23:30:00	514.3	nan	499.2	nan	2	US	USD
840520005	CFTC S&P 500 Non-Commercial Net Positions	2021.02.12 23:30:00	-71.5	nan	-34.9	nan	2	US	USD
840520011	CFTC Nasdaq 100 Non-Commercial Net Positions	2021.02.12 23:30:00	25.7	nan	29.1	nan	2	US	USD
840230001	NY Fed Empire State Manufacturing Index	2021.02.16 16:30:00	12.1	4.1	3.5	nan	2	US	USD
840220001	TIC Net Long-Term Transactions	2021.02.17 00:00:00	121.0	40.0	149.2	nan	2	US	USD
840020012	Retail Control m/m	2021.02.17 16:30:00	6.0	2.0	-1.9	-2.4	2	US	USD
840030002	Core PPI m/m	2021.02.17 16:30:00	1.2	0.1	0.1	nan	2	US	USD
840050011	Fed Industrial Production m/m	2021.02.17 17:15:00	0.9	0.8	1.6	1.3	2	US	USD
840050026	Fed Industrial Production y/y	2021.02.17 17:15:00	-1.8	-4.5	-3.6	nan	2	US	USD
840020007	Business Inventories m/m	2021.02.17 18:00:00	0.6	0.2	0.5	nan	2	US	USD
840020027	Retail Inventories m/m	2021.02.17 18:00:00	1.2	1.0	1.0	nan	2	US	USD
840020028	Retail Inventories excl. Autos m/m	2021.02.17 18:00:00	1.2	nan	1.1	nan	2	US	USD
840220019	20-Year Bond Auction	2021.02.17 21:00:00	1.92	nan	1.657	nan	2	US	USD
840020004	Housing Starts	2021.02.18 16:30:00	1.58	1.613	1.669	1.68	2	US	USD
840020005	Building Permits	2021.02.18 16:30:00	1.881	1.678	1.709	1.704	2	US	USD
840020015	Housing Starts m/m	2021.02.18 16:30:00	-6.0	0.6	5.8	8.2	2	US	USD
840030011	Import Price Index m/m	2021.02.18 16:30:00	1.4	0.1	0.9	1.0	2	US	USD
840030013	Export Price Index m/m	2021.02.18 16:30:00	2.5	0.3	1.1	1.3	2	US	USD
840070002	Philadelphia Fed Employment	2021.02.18 16:30:00	25.3	15.9	22.5	nan	2	US	USD
840140002	Continuing Jobless Claims	2021.02.18 16:30:00	4.494	4.575	4.545	4.558	2	US	USD
840200002	EIA Cushing Crude Oil Stocks Change	2021.02.18 19:00:00	-3.028	0.064	-0.658	nan	2	US	USD
840220018	30-Year TIPS Auction	2021.02.18 21:00:00	-0.04	nan	-0.272	nan	2	US	USD
840500003	S&P Global Composite PMI	2021.02.19 17:45:00	58.8	58.4	58.7	nan	2	US	USD
840120002	Existing Home Sales m/m	2021.02.19 18:00:00	0.6	-0.6	0.7	0.9	2	US	USD
840100001	Baker Hughes US Oil Rig Count	2021.02.19 21:00:00	305.0	nan	306.0	nan	2	US	USD
840100002	Baker Hughes US Total Rig Count	2021.02.19 21:00:00	397.0	nan	397.0	nan	2	US	USD
840520003	CFTC Gold Non-Commercial Net Positions	2021.02.19 23:30:00	235.0	nan	251.4	nan	2	US	USD
840520004	CFTC Crude Oil Non-Commercial Net Positions	2021.02.19 23:30:00	514.7	nan	514.3	nan	2	US	USD
840520005	CFTC S&P 500 Non-Commercial Net Positions	2021.02.19 23:30:00	-79.9	nan	-71.5	nan	2	US	USD
840520011	CFTC Nasdaq 100 Non-Commercial Net Positions	2021.02.19 23:30:00	21.1	nan	25.7	nan	2	US	USD
840180001	CB Leading Economic Index m/m	2021.02.22 18:00:00	0.5	-0.1	0.3	0.4	2	US	USD
840170001	S&P/CS HPI Composite-20 y/y	2021.02.23 17:00:00	10.1	9.6	9.1	nan	2	US	USD
840170002	S&P/CS HPI Composite-20 n.s.a. m/m	2021.02.23 17:00:00	0.8	0.9	1.1	nan	2	US	USD
840220010	2-Year Note Auction	2021.02.23 21:00:00	0.119	nan	0.125	nan	2	US	USD
840020009	New Home Sales m/m	2021.02.24 18:00:00	4.3	0.3	1.6	5.5	2	US	USD
840200002	EIA Cushing Crude Oil Stocks Change	2021.02.24 18:30:00	2.807	-0.032	-3.028	nan	2	US	USD
840220012	5-Year Note Auction	2021.02.24 21:00:00	0.621	nan	0.424	nan	2	US	USD
840010016	Real PCE q/q	2021.02.25 16:30:00	2.4	2.5	2.5	nan	2	US	USD
840020014	Core Durable Goods Orders m/m	2021.02.25 16:30:00	1.4	-0.2	0.7	1.7	2	US	USD
840140002	Continuing Jobless Claims	2021.02.25 16:30:00	4.419	4.526	4.494	4.52	2	US	USD
840120003	Pending Home Sales m/m	2021.02.25 18:00:00	-2.8	2.2	-0.3	0.5	2	US	USD
840220013	7-Year Note Auction	2021.02.25 21:00:00	1.195	nan	0.754	nan	2	US	USD
840010003	PCE Price Index m/m	2021.02.26 16:30:00	0.3	0.3	0.4	nan	2	US	USD
840010004	PCE Price Index y/y	2021.02.26 16:30:00	1.5	1.1	1.3	nan	2	US	USD
840010005	Personal Spending m/m	2021.02.26 16:30:00	2.4	0.1	-0.2	-0.4	2	US	USD
840020019	Goods Trade Balance	2021.02.26 16:30:00	-83.74	-83.782	-82.466	-83.19	2	US	USD
840020027	Retail Inventories m/m	2021.02.26 16:30:00	-0.6	1.1	1.2	1.9	2	US	USD
840020028	Retail Inventories excl. Autos m/m	2021.02.26 16:30:00	-0.2	nan	1.2	2.2	2	US	USD
840210001	Michigan Consumer Sentiment	2021.02.26 18:00:00	76.8	76.2	76.2	nan	2	US	USD
840210002	Michigan Consumer Expectations	2021.02.26 18:00:00	70.7	69.8	69.8	nan	2	US	USD
840210004	Michigan Inflation Expectations	2021.02.26 18:00:00	3.3	3.3	3.3	nan	2	US	USD
840210005	Michigan 5-Year Inflation Expectations	2021.02.26 18:00:00	2.7	2.7	2.7	nan	2	US	USD
840100001	Baker Hughes US Oil Rig Count	2021.02.26 21:00:00	309.0	nan	305.0	nan	2	US	USD
840100002	Baker Hughes US Total Rig Count	2021.02.26 21:00:00	402.0	nan	397.0	nan	2	US	USD
840520003	CFTC Gold Non-Commercial Net Positions	2021.02.26 23:30:00	215.7	nan	235.0	nan	2	US	USD
840520004	CFTC Crude Oil Non-Commercial Net Positions	2021.02.26 23:30:00	511.8	nan	514.7	nan	2	US	USD
840520005	CFTC S&P 500 Non-Commercial Net Positions	2021.02.26 23:30:00	-31.3	nan	-79.9	nan	2	US	USD
840520011	CFTC Nasdaq 100 Non-Commercial Net Positions	2021.02.26 23:30:00	-5.4	nan	21.1	nan	2	US	USD
840020002	Construction Spending m/m	2021.03.01 18:00:00	1.7	1.0	1.0	1.1	2	US	USD
840040004	ISM Manufacturing Employment	2021.03.01 18:00:00	54.4	52.0	52.6	nan	2	US	USD
840500003	S&P Global Composite PMI	2021.03.03 17:45:00	59.5	58.8	58.8	nan	2	US	USD
840040005	ISM Non-Manufacturing Employment	2021.03.03 18:00:00	52.7	51.7	55.2	nan	2	US	USD
840200002	EIA Cushing Crude Oil Stocks Change	2021.03.03 18:30:00	0.485	1.323	2.807	nan	2	US	USD
840030028	Nonfarm Productivity q/q	2021.03.04 16:30:00	-4.2	-4.8	-4.8	nan	2	US	USD
840030029	Unit Labor Costs q/q	2021.03.04 16:30:00	6.0	6.8	6.8	nan	2	US	USD
840140002	Continuing Jobless Claims	2021.03.04 16:30:00	4.295	4.462	4.419	nan	2	US	USD
840020003	Factory Orders m/m	2021.03.04 18:00:00	2.6	0.6	1.1	1.6	2	US	USD
840020001	Trade Balance	2021.03.05 16:30:00	-68.213	-67.466	-66.613	-66.969	2	US	USD
840020023	Exports	2021.03.05 16:30:00	191.944	nan	189.959	190.127	2	US	USD
840020024	Imports	2021.03.05 16:30:00	260.158	nan	256.572	257.096	2	US	USD
840030017	Participation Rate	2021.03.05 16:30:00	61.4	61.4	61.4	nan	2	US	USD
840030019	Average Hourly Earnings y/y	2021.03.05 16:30:00	5.3	5.3	5.4	nan	2	US	USD
840030023	Private Nonfarm Payrolls	2021.03.05 16:30:00	465.0	118.0	6.0	90.0	2	US	USD
840030024	U6 Unemployment Rate	2021.03.05 16:30:00	11.1	11.4	11.1	nan	2	US	USD
840100001	Baker Hughes US Oil Rig Count	2021.03.05 21:00:00	310.0	nan	309.0	nan	2	US	USD
840100002	Baker Hughes US Total Rig Count	2021.03.05 21:00:00	403.0	nan	402.0	nan	2	US	USD
840050013	Fed Consumer Credit m/m	2021.03.05 23:00:00	-1.31	-0.13	9.73	8.79	2	US	USD
840520003	CFTC Gold Non-Commercial Net Positions	2021.03.05 23:30:00	189.6	nan	215.7	nan	2	US	USD
840520004	CFTC Crude Oil Non-Commercial Net Positions	2021.03.05 23:30:00	519.0	nan	511.8	nan	2	US	USD
840520005	CFTC S&P 500 Non-Commercial Net Positions	2021.03.05 23:30:00	23.2	nan	-31.3	nan	2	US	USD
840520011	CFTC Nasdaq 100 Non-Commercial Net Positions	2021.03.05 23:30:00	-23.5	nan	-5.4	nan	2	US	USD
840220011	3-Year Note Auction	2021.03.09 21:00:00	0.355	nan	0.196	nan	2	US	USD
840030008	Core CPI y/y	2021.03.10 16:30:00	1.3	1.1	1.4	nan	2	US	USD
840200002	EIA Cushing Crude Oil Stocks Change	2021.03.10 18:30:00	0.526	1.797	0.485	nan	2	US	USD
840150001	Federal Budget Balance	2021.03.10 22:00:00	-310.9	-308.6	-162.8	nan	2	US	USD
840140002	Continuing Jobless Claims	2021.03.11 16:30:00	4.144	4.362	4.295	4.337	2	US	USD
840030002	Core PPI m/m	2021.03.12 16:30:00	0.2	0.8	1.2	nan	2	US	USD
840210001	Michigan Consumer Sentiment	2021.03.12 18:00:00	83.0	75.1	76.8	nan	2	US	USD
840210002	Michigan Consumer Expectations	2021.03.12 18:00:00	77.5	65.1	70.7	nan	2	US	USD
840210004	Michigan Inflation Expectations	2021.03.12 18:00:00	3.1	3.3	3.3	nan	2	US	USD
840210005	Michigan 5-Year Inflation Expectations	2021.03.12 18:00:00	2.7	2.7	2.7	nan	2	US	USD
840100001	Baker Hughes US Oil Rig Count	2021.03.12 21:00:00	309.0	nan	310.0	nan	2	US	USD
840100002	Baker Hughes US Total Rig Count	2021.03.12 21:00:00	402.0	nan	403.0	nan	2	US	USD
840520003	CFTC Gold Non-Commercial Net Positions	2021.03.12 23:30:00	175.2	nan	189.6	nan	2	US	USD
840520004	CFTC Crude Oil Non-Commercial Net Positions	2021.03.12 23:30:00	537.4	nan	519.0	nan	2	US	USD
840520005	CFTC S&P 500 Non-Commercial Net Positions	2021.03.12 23:30:00	17.8	nan	23.2	nan	2	US	USD
840520011	CFTC Nasdaq 100 Non-Commercial Net Positions	2021.03.12 23:30:00	-12.5	nan	-23.5	nan	2	US	USD
840230001	NY Fed Empire State Manufacturing Index	2021.03.15 15:30:00	17.4	7.7	12.1	nan	2	US	USD
840220001	TIC Net Long-Term Transactions	2021.03.15 23:00:00	90.8	36.7	121.0	nan	2	US	USD
840020012	Retail Control m/m	2021.03.16 15:30:00	-3.5	-5.9	6.0	8.7	2	US	USD
840030011	Import Price Index m/m	2021.03.16 15:30:00	1.3	0.1	1.4	nan	2	US	USD
840030013	Export Price Index m/m	2021.03.16 15:30:00	1.6	0.8	2.5	nan	2	US	USD
840050011	Fed Industrial Production m/m	2021.03.16 16:15:00	-2.2	0.4	0.9	1.1	2	US	USD
840050026	Fed Industrial Production y/y	2021.03.16 16:15:00	-4.2	-2.7	-1.8	nan	2	US	USD
840020007	Business Inventories m/m	2021.03.16 17:00:00	0.3	1.5	0.6	0.8	2	US	USD
840020027	Retail Inventories m/m	2021.03.16 17:00:00	-0.5	-0.6	-0.6	nan	2	US	USD
840020028	Retail Inventories excl. Autos m/m	2021.03.16 17:00:00	-0.1	nan	-0.2	nan	2	US	USD
840220019	20-Year Bond Auction	2021.03.16 20:00:00	2.29	nan	1.92	nan	2	US	USD
840020004	Housing Starts	2021.03.17 15:30:00	1.421	1.628	1.58	1.584	2	US	USD
840020005	Building Permits	2021.03.17 15:30:00	1.682	1.804	1.881	1.886	2	US	USD
840020015	Housing Starts m/m	2021.03.17 15:30:00	-10.3	-0.6	-6.0	-5.1	2	US	USD
840200002	EIA Cushing Crude Oil Stocks Change	2021.03.17 17:30:00	-0.624	1.668	0.526	nan	2	US	USD
840070002	Philadelphia Fed Employment	2021.03.18 15:30:00	30.1	24.6	25.3	nan	2	US	USD
840140002	Continuing Jobless Claims	2021.03.18 15:30:00	4.124	4.224	4.144	4.142	2	US	USD
840180001	CB Leading Economic Index m/m	2021.03.18 17:00:00	0.2	-0.1	0.5	nan	2	US	USD
840220017	10-Year TIPS Auction	2021.03.18 20:00:00	-0.58	nan	-0.987	nan	2	US	USD
840100001	Baker Hughes US Oil Rig Count	2021.03.19 20:00:00	318.0	nan	309.0	nan	2	US	USD
840100002	Baker Hughes US Total Rig Count	2021.03.19 20:00:00	411.0	nan	402.0	nan	2	US	USD
840520003	CFTC Gold Non-Commercial Net Positions	2021.03.19 22:30:00	180.2	nan	175.2	nan	2	US	USD
840520004	CFTC Crude Oil Non-Commercial Net Positions	2021.03.19 22:30:00	525.4	nan	537.4	nan	2	US	USD
840520005	CFTC S&P 500 Non-Commercial Net Positions	2021.03.19 22:30:00	-4.2	nan	17.8	nan	2	US	USD
840520011	CFTC Nasdaq 100 Non-Commercial Net Positions	2021.03.19 22:30:00	-12.3	nan	-12.5	nan	2	US	USD
840120002	Existing Home Sales m/m	2021.03.22 17:00:00	-6.6	2.3	0.6	0.2	2	US	USD
840010015	Current Account	2021.03.23 15:30:00	-188.484	-157.807	-178.513	-180.917	2	US	USD
840020009	New Home Sales m/m	2021.03.23 17:00:00	-18.2	0.3	4.3	3.2	2	US	USD
840220010	2-Year Note Auction	2021.03.23 20:00:00	0.152	nan	0.119	nan	2	US	USD
840020014	Core Durable Goods Orders m/m	2021.03.24 15:30:00	-0.9	-0.1	1.4	1.6	2	US	USD
840500003	S&P Global Composite PMI	2021.03.24 16:45:00	59.1	59.2	59.5	nan	2	US	USD
840200002	EIA Cushing Crude Oil Stocks Change	2021.03.24 17:30:00	-1.935	0.499	-0.624	nan	2	US	USD
840220012	5-Year Note Auction	2021.03.24 20:00:00	0.85	nan	0.621	nan	2	US	USD
840010016	Real PCE q/q	2021.03.25 15:30:00	2.3	2.4	2.4	nan	2	US	USD
840140002	Continuing Jobless Claims	2021.03.25 15:30:00	3.87	4.138	4.124	4.134	2	US	USD
840220013	7-Year Note Auction	2021.03.25 20:00:00	1.3	nan	1.195	nan	2	US	USD
840010003	PCE Price Index m/m	2021.03.26 15:30:00	0.2	0.5	0.3	nan	2	US	USD
840010004	PCE Price Index y/y	2021.03.26 15:30:00	1.6	1.6	1.5	1.4	2	US	USD
840010005	Personal Spending m/m	2021.03.26 15:30:00	-1.0	0.2	2.4	3.4	2	US	USD
840020019	Goods Trade Balance	2021.03.26 15:30:00	-86.72	-84.418	-83.74	-84.576	2	US	USD
840020027	Retail Inventories m/m	2021.03.26 15:30:00	0.0	-0.5	-0.5	-0.3	2	US	USD
840020028	Retail Inventories excl. Autos m/m	2021.03.26 15:30:00	1.2	nan	-0.1	0.2	2	US	USD
840210001	Michigan Consumer Sentiment	2021.03.26 17:00:00	84.9	83.0	83.0	nan	2	US	USD
840210002	Michigan Consumer Expectations	2021.03.26 17:00:00	79.7	77.5	77.5	nan	2	US	USD
840210004	Michigan Inflation Expectations	2021.03.26 17:00:00	3.1	3.1	3.1	nan	2	US	USD
840210005	Michigan 5-Year Inflation Expectations	2021.03.26 17:00:00	2.8	2.7	2.7	nan	2	US	USD
840100001	Baker Hughes US Oil Rig Count	2021.03.26 20:00:00	324.0	nan	318.0	nan	2	US	USD
840100002	Baker Hughes US Total Rig Count	2021.03.26 20:00:00	417.0	nan	411.0	nan	2	US	USD
840520003	CFTC Gold Non-Commercial Net Positions	2021.03.26 22:30:00	174.1	nan	180.2	nan	2	US	USD
840520004	CFTC Crude Oil Non-Commercial Net Positions	2021.03.26 22:30:00	523.1	nan	525.4	nan	2	US	USD
840520005	CFTC S&P 500 Non-Commercial Net Positions	2021.03.26 22:30:00	-28.3	nan	-4.2	nan	2	US	USD
840520011	CFTC Nasdaq 100 Non-Commercial Net Positions	2021.03.26 22:30:00	-12.7	nan	-12.3	nan	2	US	USD
840170001	S&P/CS HPI Composite-20 y/y	2021.03.30 16:00:00	11.1	10.6	10.1	nan	2	US	USD
840170002	S&P/CS HPI Composite-20 n.s.a. m/m	2021.03.30 16:00:00	0.9	0.8	0.8	0.9	2	US	USD
840120003	Pending Home Sales m/m	2021.03.31 17:00:00	-10.6	-2.3	-2.8	-2.4	2	US	USD
840200002	EIA Cushing Crude Oil Stocks Change	2021.03.31 17:30:00	0.782	-1.957	-1.935	nan	2	US	USD
840140002	Continuing Jobless Claims	2021.04.01 15:30:00	3.794	4.001	3.87	3.84	2	US	USD
840020002	Construction Spending m/m	2021.04.01 17:00:00	-0.8	0.2	1.7	1.2	2	US	USD
840040004	ISM Manufacturing Employment	2021.04.01 17:00:00	59.6	53.5	54.4	nan	2	US	USD
840100001	Baker Hughes US Oil Rig Count	2021.04.01 20:00:00	337.0	nan	324.0	nan	2	US	USD
840100002	Baker Hughes US Total Rig Count	2021.04.01 20:00:00	430.0	nan	417.0	nan	2	US	USD
840030017	Participation Rate	2021.04.02 15:30:00	61.5	61.4	61.4	nan	2	US	USD
840030019	Average Hourly Earnings y/y	2021.04.02 15:30:00	4.2	5.4	5.3	nan	2	US	USD
840030023	Private Nonfarm Payrolls	2021.04.02 15:30:00	780.0	-20.0	465.0	558.0	2	US	USD
840030024	U6 Unemployment Rate	2021.04.02 15:30:00	10.7	11.1	11.1	nan	2	US	USD
840520003	CFTC Gold Non-Commercial Net Positions	2021.04.02 22:30:00	167.5	nan	174.1	nan	2	US	USD
840520004	CFTC Crude Oil Non-Commercial Net Positions	2021.04.02 22:30:00	531.3	nan	523.1	nan	2	US	USD
840520005	CFTC S&P 500 Non-Commercial Net Positions	2021.04.02 22:30:00	-50.3	nan	-28.3	nan	2	US	USD
840520011	CFTC Nasdaq 100 Non-Commercial Net Positions	2021.04.02 22:30:00	-17.9	nan	-12.7	nan	2	US	USD
840500003	S&P Global Composite PMI	2021.04.05 16:45:00	59.7	59.1	59.1	nan	2	US	USD
840020003	Factory Orders m/m	2021.04.05 17:00:00	-0.8	0.2	2.6	2.7	2	US	USD
840040005	ISM Non-Manufacturing Employment	2021.04.05 17:00:00	57.2	53.9	52.7	nan	2	US	USD
840020001	Trade Balance	2021.04.07 15:30:00	-71.078	-67.53	-68.213	-67.823	2	US	USD
840020023	Exports	2021.04.07 15:30:00	187.25	nan	191.944	192.232	2	US	USD
840020024	Imports	2021.04.07 15:30:00	258.329	nan	260.158	260.055	2	US	USD
840200002	EIA Cushing Crude Oil Stocks Change	2021.04.07 17:30:00	-0.735	-0.576	0.782	nan	2	US	USD
840050013	Fed Consumer Credit m/m	2021.04.07 22:00:00	27.58	1.96	-1.31	0.09	2	US	USD
840140002	Continuing Jobless Claims	2021.04.08 15:30:00	3.734	3.835	3.794	3.75	2	US	USD
840030002	Core PPI m/m	2021.04.09 15:30:00	0.7	0.4	0.2	nan	2	US	USD
840100001	Baker Hughes US Oil Rig Count	2021.04.09 20:00:00	337.0	nan	337.0	nan	2	US	USD
840100002	Baker Hughes US Total Rig Count	2021.04.09 20:00:00	432.0	nan	430.0	nan	2	US	USD
840520003	CFTC Gold Non-Commercial Net Positions	2021.04.09 22:30:00	189.5	nan	167.5	nan	2	US	USD
840520004	CFTC Crude Oil Non-Commercial Net Positions	2021.04.09 22:30:00	511.7	nan	531.3	nan	2	US	USD
840520005	CFTC S&P 500 Non-Commercial Net Positions	2021.04.09 22:30:00	-45.3	nan	-50.3	nan	2	US	USD
840520011	CFTC Nasdaq 100 Non-Commercial Net Positions	2021.04.09 22:30:00	-9.4	nan	-17.9	nan	2	US	USD
840220011	3-Year Note Auction	2021.04.12 18:30:00	0.376	nan	0.355	nan	2	US	USD
840150001	Federal Budget Balance	2021.04.12 21:00:00	-659.6	-249.0	-310.9	nan	2	US	USD
840030008	Core CPI y/y	2021.04.13 15:30:00	1.6	1.4	1.3	nan	2	US	USD
840030011	Import Price Index m/m	2021.04.14 15:30:00	1.2	0.1	1.3	nan	2	US	USD
840030013	Export Price Index m/m	2021.04.14 15:30:00	2.1	1.3	1.6	nan	2	US	USD
840200002	EIA Cushing Crude Oil Stocks Change	2021.04.14 17:30:00	0.346	0.024	-0.735	nan	2	US	USD
840020012	Retail Control m/m	2021.04.15 15:30:00	6.9	5.0	-3.5	-3.4	2	US	USD
840070002	Philadelphia Fed Employment	2021.04.15 15:30:00	30.8	28.8	30.1	27.4	2	US	USD
840230001	NY Fed Empire State Manufacturing Index	2021.04.15 15:30:00	26.3	14.6	17.4	nan	2	US	USD
840140002	Continuing Jobless Claims	2021.04.15 15:30:00	3.731	3.767	3.734	3.727	2	US	USD
840050011	Fed Industrial Production m/m	2021.04.15 16:15:00	1.4	-1.0	-2.2	-2.6	2	US	USD
840050026	Fed Industrial Production y/y	2021.04.15 16:15:00	1.0	-3.0	-4.2	nan	2	US	USD
840020007	Business Inventories m/m	2021.04.15 17:00:00	0.5	0.5	0.3	0.4	2	US	USD
840020027	Retail Inventories m/m	2021.04.15 17:00:00	0.0	0.0	0.0	nan	2	US	USD
840020028	Retail Inventories excl. Autos m/m	2021.04.15 17:00:00	1.2	nan	1.2	nan	2	US	USD
840220001	TIC Net Long-Term Transactions	2021.04.15 23:00:00	4.2	41.5	90.8	91.0	2	US	USD
840020004	Housing Starts	2021.04.16 15:30:00	1.739	1.501	1.421	1.457	2	US	USD
840020005	Building Permits	2021.04.16 15:30:00	1.766	1.785	1.682	1.72	2	US	USD
840020015	Housing Starts m/m	2021.04.16 15:30:00	19.4	0.6	-10.3	-11.3	2	US	USD
840210001	Michigan Consumer Sentiment	2021.04.16 17:00:00	86.5	86.3	84.9	nan	2	US	USD
840210002	Michigan Consumer Expectations	2021.04.16 17:00:00	79.7	86.1	79.7	nan	2	US	USD
840210004	Michigan Inflation Expectations	2021.04.16 17:00:00	3.7	3.1	3.1	nan	2	US	USD
840210005	Michigan 5-Year Inflation Expectations	2021.04.16 17:00:00	2.7	2.7	2.8	nan	2	US	USD
840100001	Baker Hughes US Oil Rig Count	2021.04.16 20:00:00	344.0	nan	337.0	nan	2	US	USD
840100002	Baker Hughes US Total Rig Count	2021.04.16 20:00:00	439.0	nan	432.0	nan	2	US	USD
840520003	CFTC Gold Non-Commercial Net Positions	2021.04.16 22:30:00	180.9	nan	189.5	nan	2	US	USD
840520004	CFTC Crude Oil Non-Commercial Net Positions	2021.04.16 22:30:00	492.7	nan	511.7	nan	2	US	USD
840520005	CFTC S&P 500 Non-Commercial Net Positions	2021.04.16 22:30:00	-40.1	nan	-45.3	nan	2	US	USD
840520011	CFTC Nasdaq 100 Non-Commercial Net Positions	2021.04.16 22:30:00	-6.1	nan	-9.4	nan	2	US	USD
840200002	EIA Cushing Crude Oil Stocks Change	2021.04.21 17:30:00	-1.318	-0.194	0.346	nan	2	US	USD
840220019	20-Year Bond Auction	2021.04.21 20:00:00	2.144	nan	2.29	nan	2	US	USD
840140002	Continuing Jobless Claims	2021.04.22 15:30:00	3.674	3.736	3.731	3.708	2	US	USD
840120002	Existing Home Sales m/m	2021.04.22 17:00:00	-3.7	1.2	-6.6	-6.3	2	US	USD
840180001	CB Leading Economic Index m/m	2021.04.22 17:00:00	1.3	-0.1	0.2	-0.1	2	US	USD
840220016	5-Year TIPS Auction	2021.04.22 20:00:00	-1.631	nan	-1.575	nan	2	US	USD
840500003	S&P Global Composite PMI	2021.04.23 16:45:00	62.2	59.4	59.7	nan	2	US	USD
840020009	New Home Sales m/m	2021.04.23 17:00:00	20.7	-1.8	-18.2	-16.2	2	US	USD
840100001	Baker Hughes US Oil Rig Count	2021.04.23 20:00:00	343.0	nan	344.0	nan	2	US	USD
840100002	Baker Hughes US Total Rig Count	2021.04.23 20:00:00	438.0	nan	439.0	nan	2	US	USD
840520003	CFTC Gold Non-Commercial Net Positions	2021.04.23 22:30:00	181.5	nan	180.9	nan	2	US	USD
840520004	CFTC Crude Oil Non-Commercial Net Positions	2021.04.23 22:30:00	500.0	nan	492.7	nan	2	US	USD
840520005	CFTC S&P 500 Non-Commercial Net Positions	2021.04.23 22:30:00	-52.2	nan	-40.1	nan	2	US	USD
840520011	CFTC Nasdaq 100 Non-Commercial Net Positions	2021.04.23 22:30:00	-5.1	nan	-6.1	nan	2	US	USD
840020014	Core Durable Goods Orders m/m	2021.04.26 15:30:00	1.6	0.1	-0.9	-0.3	2	US	USD
840220010	2-Year Note Auction	2021.04.26 18:30:00	0.175	nan	0.152	nan	2	US	USD
840220012	5-Year Note Auction	2021.04.26 20:00:00	0.849	nan	0.85	nan	2	US	USD
840170001	S&P/CS HPI Composite-20 y/y	2021.04.27 16:00:00	11.9	11.6	11.1	nan	2	US	USD
840170002	S&P/CS HPI Composite-20 n.s.a. m/m	2021.04.27 16:00:00	1.2	1.2	0.9	nan	2	US	USD
840220013	7-Year Note Auction	2021.04.27 20:00:00	1.306	nan	1.3	nan	2	US	USD
840020019	Goods Trade Balance	2021.04.28 15:30:00	-90.587	-86.399	-86.72	-87.071	2	US	USD
840020027	Retail Inventories m/m	2021.04.28 15:30:00	-1.4	0.0	0.0	0.1	2	US	USD
840020028	Retail Inventories excl. Autos m/m	2021.04.28 15:30:00	0.6	nan	1.2	1.4	2	US	USD
840200002	EIA Cushing Crude Oil Stocks Change	2021.04.28 17:30:00	0.722	-0.489	-1.318	nan	2	US	USD
840010016	Real PCE q/q	2021.04.29 15:30:00	10.7	2.4	2.3	nan	2	US	USD
840140002	Continuing Jobless Claims	2021.04.29 15:30:00	3.66	3.705	3.674	3.651	2	US	USD
840120003	Pending Home Sales m/m	2021.04.29 17:00:00	1.9	3.2	-10.6	-11.5	2	US	USD
840010003	PCE Price Index m/m	2021.04.30 15:30:00	0.5	0.3	0.2	nan	2	US	USD
840010004	PCE Price Index y/y	2021.04.30 15:30:00	2.3	1.6	1.6	1.5	2	US	USD
840010005	Personal Spending m/m	2021.04.30 15:30:00	4.2	0.2	-1.0	nan	2	US	USD
840030025	Employment Cost Index q/q	2021.04.30 15:30:00	0.9	0.8	0.7	nan	2	US	USD
840210001	Michigan Consumer Sentiment	2021.04.30 17:00:00	88.3	86.5	86.5	nan	2	US	USD
840210002	Michigan Consumer Expectations	2021.04.30 17:00:00	82.7	79.7	79.7	nan	2	US	USD
840210004	Michigan Inflation Expectations	2021.04.30 17:00:00	3.4	3.7	3.7	nan	2	US	USD
840210005	Michigan 5-Year Inflation Expectations	2021.04.30 17:00:00	2.7	2.7	2.7	nan	2	US	USD
840100001	Baker Hughes US Oil Rig Count	2021.04.30 20:00:00	342.0	nan	343.0	nan	2	US	USD
840100002	Baker Hughes US Total Rig Count	2021.04.30 20:00:00	440.0	nan	438.0	nan	2	US	USD
840520003	CFTC Gold Non-Commercial Net Positions	2021.04.30 22:30:00	170.6	nan	181.5	nan	2	US	USD
840520004	CFTC Crude Oil Non-Commercial Net Positions	2021.04.30 22:30:00	489.7	nan	500.0	nan	2	US	USD
840520005	CFTC S&P 500 Non-Commercial Net Positions	2021.04.30 22:30:00	2.3	nan	-52.2	nan	2	US	USD
840520011	CFTC Nasdaq 100 Non-Commercial Net Positions	2021.04.30 22:30:00	-7.8	nan	-5.1	nan	2	US	USD
840020002	Construction Spending m/m	2021.05.03 17:00:00	0.2	-0.5	-0.8	-0.6	2	US	USD
840040004	ISM Manufacturing Employment	2021.05.03 17:00:00	55.1	57.1	59.6	nan	2	US	USD
840020001	Trade Balance	2021.05.04 15:30:00	-74.448	-69.82	-71.078	-70.518	2	US	USD
840020023	Exports	2021.05.04 15:30:00	200.03	nan	187.25	187.589	2	US	USD
840020024	Imports	2021.05.04 15:30:00	274.478	nan	258.329	258.107	2	US	USD
840020003	Factory Orders m/m	2021.05.04 17:00:00	1.1	-1.5	-0.8	-0.5	2	US	USD
840500003	S&P Global Composite PMI	2021.05.05 16:45:00	63.5	62.2	62.2	nan	2	US	USD
840040005	ISM Non-Manufacturing Employment	2021.05.05 17:00:00	58.8	55.0	57.2	nan	2	US	USD
840200002	EIA Cushing Crude Oil Stocks Change	2021.05.05 17:30:00	0.254	-0.298	0.722	nan	2	US	USD
840030028	Nonfarm Productivity q/q	2021.05.06 15:30:00	5.4	-2.8	-4.2	-3.8	2	US	USD
840030029	Unit Labor Costs q/q	2021.05.06 15:30:00	-0.3	12.3	6.0	5.6	2	US	USD
840140002	Continuing Jobless Claims	2021.05.06 15:30:00	3.69	3.67	3.66	3.653	2	US	USD
840030017	Participation Rate	2021.05.07 15:30:00	61.7	61.4	61.5	nan	2	US	USD
840030019	Average Hourly Earnings y/y	2021.05.07 15:30:00	0.3	4.8	4.2	nan	2	US	USD
840030023	Private Nonfarm Payrolls	2021.05.07 15:30:00	218.0	-138.0	780.0	708.0	2	US	USD
840030024	U6 Unemployment Rate	2021.05.07 15:30:00	10.4	10.9	10.7	nan	2	US	USD
840100001	Baker Hughes US Oil Rig Count	2021.05.07 20:00:00	344.0	nan	342.0	nan	2	US	USD
840100002	Baker Hughes US Total Rig Count	2021.05.07 20:00:00	448.0	nan	440.0	nan	2	US	USD
840050013	Fed Consumer Credit m/m	2021.05.07 22:00:00	25.84	1.58	27.58	26.13	2	US	USD
840520003	CFTC Gold Non-Commercial Net Positions	2021.05.07 22:30:00	170.7	nan	170.6	nan	2	US	USD
840520004	CFTC Crude Oil Non-Commercial Net Positions	2021.05.07 22:30:00	500.0	nan	489.7	nan	2	US	USD
840520005	CFTC S&P 500 Non-Commercial Net Positions	2021.05.07 22:30:00	-33.8	nan	2.3	nan	2	US	USD
840520011	CFTC Nasdaq 100 Non-Commercial Net Positions	2021.05.07 22:30:00	-16.8	nan	-7.8	nan	2	US	USD
840220011	3-Year Note Auction	2021.05.11 20:00:00	0.329	nan	0.376	nan	2	US	USD
840030008	Core CPI y/y	2021.05.12 15:30:00	3.0	2.0	1.6	nan	2	US	USD
840200002	EIA Cushing Crude Oil Stocks Change	2021.05.12 17:30:00	-0.421	0.485	0.254	nan	2	US	USD
840150001	Federal Budget Balance	2021.05.12 21:00:00	-225.6	-300.9	-659.6	nan	2	US	USD
840030002	Core PPI m/m	2021.05.13 15:30:00	0.7	0.2	0.7	nan	2	US	USD
840140002	Continuing Jobless Claims	2021.05.13 15:30:00	3.655	3.678	3.69	3.7	2	US	USD
840020012	Retail Control m/m	2021.05.14 15:30:00	-1.5	-6.0	6.9	7.6	2	US	USD
840030011	Import Price Index m/m	2021.05.14 15:30:00	0.7	0.2	1.2	1.4	2	US	USD
840030013	Export Price Index m/m	2021.05.14 15:30:00	0.8	1.6	2.1	2.4	2	US	USD
840050011	Fed Industrial Production m/m	2021.05.14 16:15:00	0.7	-0.5	1.4	2.4	2	US	USD
840050026	Fed Industrial Production y/y	2021.05.14 16:15:00	16.5	-1.6	1.0	nan	2	US	USD
840210001	Michigan Consumer Sentiment	2021.05.14 17:00:00	82.8	87.3	88.3	nan	2	US	USD
840210002	Michigan Consumer Expectations	2021.05.14 17:00:00	77.6	84.6	82.7	nan	2	US	USD
840210004	Michigan Inflation Expectations	2021.05.14 17:00:00	4.6	3.6	3.4	nan	2	US	USD
840210005	Michigan 5-Year Inflation Expectations	2021.05.14 17:00:00	3.1	2.7	2.7	nan	2	US	USD
840020007	Business Inventories m/m	2021.05.14 17:00:00	0.3	0.4	0.5	nan	2	US	USD
840020027	Retail Inventories m/m	2021.05.14 17:00:00	-1.4	-1.4	-1.4	0.0	2	US	USD
840020028	Retail Inventories excl. Autos m/m	2021.05.14 17:00:00	0.6	nan	0.6	nan	2	US	USD
840100001	Baker Hughes US Oil Rig Count	2021.05.14 20:00:00	352.0	nan	344.0	nan	2	US	USD
840100002	Baker Hughes US Total Rig Count	2021.05.14 20:00:00	453.0	nan	448.0	nan	2	US	USD
840520003	CFTC Gold Non-Commercial Net Positions	2021.05.14 22:30:00	192.3	nan	170.7	nan	2	US	USD
840520004	CFTC Crude Oil Non-Commercial Net Positions	2021.05.14 22:30:00	496.6	nan	500.0	nan	2	US	USD
840520005	CFTC S&P 500 Non-Commercial Net Positions	2021.05.14 22:30:00	-36.8	nan	-33.8	nan	2	US	USD
840520011	CFTC Nasdaq 100 Non-Commercial Net Positions	2021.05.14 22:30:00	-6.0	nan	-16.8	nan	2	US	USD
840230001	NY Fed Empire State Manufacturing Index	2021.05.17 15:30:00	24.3	21.9	26.3	nan	2	US	USD
840220001	TIC Net Long-Term Transactions	2021.05.17 23:00:00	262.2	43.8	4.2	4.3	2	US	USD
840020004	Housing Starts	2021.05.18 15:30:00	1.569	1.587	1.739	1.733	2	US	USD
840020005	Building Permits	2021.05.18 15:30:00	1.76	1.729	1.766	1.755	2	US	USD
840020015	Housing Starts m/m	2021.05.18 15:30:00	-9.5	-0.7	19.4	19.8	2	US	USD
840200002	EIA Cushing Crude Oil Stocks Change	2021.05.19 17:30:00	-0.142	-0.084	-0.421	nan	2	US	USD
840220019	20-Year Bond Auction	2021.05.19 20:00:00	2.286	nan	2.144	nan	2	US	USD
840070002	Philadelphia Fed Employment	2021.05.20 15:30:00	19.3	31.6	30.8	nan	2	US	USD
840140002	Continuing Jobless Claims	2021.05.20 15:30:00	3.751	3.675	3.655	3.64	2	US	USD
840180001	CB Leading Economic Index m/m	2021.05.20 17:00:00	1.6	0.0	1.3	nan	2	US	USD
840220017	10-Year TIPS Auction	2021.05.20 20:00:00	-0.805	nan	-0.58	nan	2	US	USD
840500003	S&P Global Composite PMI	2021.05.21 16:45:00	68.1	62.9	63.5	nan	2	US	USD
840120002	Existing Home Sales m/m	2021.05.21 17:00:00	-2.7	-1.1	-3.7	nan	2	US	USD
840100001	Baker Hughes US Oil Rig Count	2021.05.21 20:00:00	356.0	nan	352.0	nan	2	US	USD
840100002	Baker Hughes US Total Rig Count	2021.05.21 20:00:00	455.0	nan	453.0	nan	2	US	USD
840520003	CFTC Gold Non-Commercial Net Positions	2021.05.21 22:30:00	198.9	nan	192.3	nan	2	US	USD
840520004	CFTC Crude Oil Non-Commercial Net Positions	2021.05.21 22:30:00	475.9	nan	496.6	nan	2	US	USD
840520005	CFTC S&P 500 Non-Commercial Net Positions	2021.05.21 22:30:00	-23.2	nan	-36.8	nan	2	US	USD
840520011	CFTC Nasdaq 100 Non-Commercial Net Positions	2021.05.21 22:30:00	-6.1	nan	-6.0	nan	2	US	USD
840170001	S&P/CS HPI Composite-20 y/y	2021.05.25 16:00:00	13.3	12.4	11.9	nan	2	US	USD
840170002	S&P/CS HPI Composite-20 n.s.a. m/m	2021.05.25 16:00:00	2.2	1.5	1.2	1.3	2	US	USD
840020009	New Home Sales m/m	2021.05.25 17:00:00	-5.9	4.4	20.7	7.4	2	US	USD
840220010	2-Year Note Auction	2021.05.25 20:00:00	0.152	nan	0.175	nan	2	US	USD
840200002	EIA Cushing Crude Oil Stocks Change	2021.05.26 17:30:00	-1.008	-0.28	-0.142	nan	2	US	USD
840220012	5-Year Note Auction	2021.05.26 20:00:00	0.788	nan	0.849	nan	2	US	USD
840010016	Real PCE q/q	2021.05.27 15:30:00	11.3	10.7	10.7	nan	2	US	USD
840020014	Core Durable Goods Orders m/m	2021.05.27 15:30:00	1.0	0.1	1.6	3.2	2	US	USD
840140002	Continuing Jobless Claims	2021.05.27 15:30:00	3.642	3.706	3.751	3.738	2	US	USD
840120003	Pending Home Sales m/m	2021.05.27 17:00:00	-4.4	-2.6	1.9	1.7	2	US	USD
840220013	7-Year Note Auction	2021.05.27 20:00:00	1.285	nan	1.306	nan	2	US	USD
840010003	PCE Price Index m/m	2021.05.28 15:30:00	0.6	0.2	0.5	0.6	2	US	USD
840010004	PCE Price Index y/y	2021.05.28 15:30:00	3.6	2.2	2.3	2.4	2	US	USD
840010005	Personal Spending m/m	2021.05.28 15:30:00	0.5	0.1	4.2	4.7	2	US	USD
840020019	Goods Trade Balance	2021.05.28 15:30:00	-85.23	-89.714	-90.587	-91.982	2	US	USD
840020027	Retail Inventories m/m	2021.05.28 15:30:00	-1.6	-1.4	-1.4	nan	2	US	USD
840020028	Retail Inventories excl. Autos m/m	2021.05.28 15:30:00	0.5	nan	0.6	0.7	2	US	USD
840210001	Michigan Consumer Sentiment	2021.05.28 17:00:00	82.9	82.8	82.8	nan	2	US	USD
840210002	Michigan Consumer Expectations	2021.05.28 17:00:00	78.8	77.6	77.6	nan	2	US	USD
840210004	Michigan Inflation Expectations	2021.05.28 17:00:00	4.6	4.6	4.6	nan	2	US	USD
840210005	Michigan 5-Year Inflation Expectations	2021.05.28 17:00:00	3.0	3.1	3.1	nan	2	US	USD
840100001	Baker Hughes US Oil Rig Count	2021.05.28 20:00:00	359.0	nan	356.0	nan	2	US	USD
840100002	Baker Hughes US Total Rig Count	2021.05.28 20:00:00	457.0	nan	455.0	nan	2	US	USD
840520003	CFTC Gold Non-Commercial Net Positions	2021.05.28 22:30:00	214.6	nan	198.9	nan	2	US	USD
840520004	CFTC Crude Oil Non-Commercial Net Positions	2021.05.28 22:30:00	475.5	nan	475.9	nan	2	US	USD
840520005	CFTC S&P 500 Non-Commercial Net Positions	2021.05.28 22:30:00	-18.5	nan	-23.2	nan	2	US	USD
840520011	CFTC Nasdaq 100 Non-Commercial Net Positions	2021.05.28 22:30:00	-13.3	nan	-6.1	nan	2	US	USD
840020002	Construction Spending m/m	2021.06.01 17:00:00	0.2	-1.7	0.2	1.0	2	US	USD
840040004	ISM Manufacturing Employment	2021.06.01 17:00:00	50.9	57.4	55.1	nan	2	US	USD
840030028	Nonfarm Productivity q/q	2021.06.03 15:30:00	5.4	5.4	5.4	nan	2	US	USD
840030029	Unit Labor Costs q/q	2021.06.03 15:30:00	1.7	-0.3	-0.3	nan	2	US	USD
840140002	Continuing Jobless Claims	2021.06.03 15:30:00	3.771	3.699	3.642	3.602	2	US	USD
840500003	S&P Global Composite PMI	2021.06.03 16:45:00	68.7	68.1	68.1	nan	2	US	USD
840040005	ISM Non-Manufacturing Employment	2021.06.03 17:00:00	55.3	58.0	58.8	nan	2	US	USD
840200002	EIA Cushing Crude Oil Stocks Change	2021.06.03 18:00:00	0.784	-0.576	-1.008	nan	2	US	USD
840030017	Participation Rate	2021.06.04 15:30:00	61.6	61.6	61.7	nan	2	US	USD
840030019	Average Hourly Earnings y/y	2021.06.04 15:30:00	2.0	1.9	0.3	nan	2	US	USD
840030023	Private Nonfarm Payrolls	2021.06.04 15:30:00	492.0	-91.0	218.0	219.0	2	US	USD
840030024	U6 Unemployment Rate	2021.06.04 15:30:00	10.2	10.5	10.4	nan	2	US	USD
840020003	Factory Orders m/m	2021.06.04 17:00:00	-0.6	-1.5	1.1	1.4	2	US	USD
840100001	Baker Hughes US Oil Rig Count	2021.06.04 20:00:00	359.0	nan	359.0	nan	2	US	USD
840100002	Baker Hughes US Total Rig Count	2021.06.04 20:00:00	456.0	nan	457.0	nan	2	US	USD
840520003	CFTC Gold Non-Commercial Net Positions	2021.06.04 22:30:00	213.7	nan	214.6	nan	2	US	USD
840520004	CFTC Crude Oil Non-Commercial Net Positions	2021.06.04 22:30:00	491.3	nan	475.5	nan	2	US	USD
840520005	CFTC S&P 500 Non-Commercial Net Positions	2021.06.04 22:30:00	-32.1	nan	-18.5	nan	2	US	USD
840520011	CFTC Nasdaq 100 Non-Commercial Net Positions	2021.06.04 22:30:00	-14.5	nan	-13.3	nan	2	US	USD
840050013	Fed Consumer Credit m/m	2021.06.07 22:00:00	18.61	1.4	25.84	18.58	2	US	USD
840020001	Trade Balance	2021.06.08 15:30:00	-68.899	-73.012	-74.448	-75.025	2	US	USD
840020023	Exports	2021.06.08 15:30:00	204.992	nan	200.03	202.669	2	US	USD
840020024	Imports	2021.06.08 15:30:00	273.891	nan	274.478	277.693	2	US	USD
840220011	3-Year Note Auction	2021.06.08 20:00:00	0.325	nan	0.329	nan	2	US	USD
840200002	EIA Cushing Crude Oil Stocks Change	2021.06.09 17:30:00	0.165	-0.112	0.784	nan	2	US	USD
840030008	Core CPI y/y	2021.06.10 15:30:00	3.8	3.4	3.0	nan	2	US	USD
840140002	Continuing Jobless Claims	2021.06.10 15:30:00	3.499	3.71	3.771	3.757	2	US	USD
840150001	Federal Budget Balance	2021.06.10 21:00:00	-132.0	-336.9	-225.6	nan	2	US	USD
840210001	Michigan Consumer Sentiment	2021.06.11 17:00:00	86.4	80.4	82.9	nan	2	US	USD
840210002	Michigan Consumer Expectations	2021.06.11 17:00:00	83.8	73.9	78.8	nan	2	US	USD
840210004	Michigan Inflation Expectations	2021.06.11 17:00:00	4.0	4.6	4.6	nan	2	US	USD
840210005	Michigan 5-Year Inflation Expectations	2021.06.11 17:00:00	2.8	2.9	3.0	nan	2	US	USD
840100001	Baker Hughes US Oil Rig Count	2021.06.11 20:00:00	365.0	nan	359.0	nan	2	US	USD
840100002	Baker Hughes US Total Rig Count	2021.06.11 20:00:00	461.0	nan	456.0	nan	2	US	USD
840520003	CFTC Gold Non-Commercial Net Positions	2021.06.11 22:30:00	209.4	nan	213.7	nan	2	US	USD
840520004	CFTC Crude Oil Non-Commercial Net Positions	2021.06.11 22:30:00	510.5	nan	491.3	nan	2	US	USD
840520005	CFTC S&P 500 Non-Commercial Net Positions	2021.06.11 22:30:00	-14.7	nan	-32.1	nan	2	US	USD
840520011	CFTC Nasdaq 100 Non-Commercial Net Positions	2021.06.11 22:30:00	-8.5	nan	-14.5	nan	2	US	USD
840020012	Retail Control m/m	2021.06.15 15:30:00	-0.7	5.0	-1.5	-0.4	2	US	USD
840030002	Core PPI m/m	2021.06.15 15:30:00	0.7	0.3	0.7	nan	2	US	USD
840230001	NY Fed Empire State Manufacturing Index	2021.06.15 15:30:00	17.4	25.3	24.3	nan	2	US	USD
840050011	Fed Industrial Production m/m	2021.06.15 16:15:00	0.8	0.1	0.7	0.1	2	US	USD
840050026	Fed Industrial Production y/y	2021.06.15 16:15:00	16.3	11.0	16.5	nan	2	US	USD
840020007	Business Inventories m/m	2021.06.15 17:00:00	-0.2	0.4	0.3	0.2	2	US	USD
840020027	Retail Inventories m/m	2021.06.15 17:00:00	-1.8	-1.6	-1.6	nan	2	US	USD
840020028	Retail Inventories excl. Autos m/m	2021.06.15 17:00:00	0.6	nan	0.5	nan	2	US	USD
840220019	20-Year Bond Auction	2021.06.15 20:00:00	2.12	nan	2.286	nan	2	US	USD
840220001	TIC Net Long-Term Transactions	2021.06.15 23:00:00	100.7	145.5	262.2	262.4	2	US	USD
840020004	Housing Starts	2021.06.16 15:30:00	1.572	1.657	1.569	1.517	2	US	USD
840020005	Building Permits	2021.06.16 15:30:00	1.681	1.768	1.76	1.733	2	US	USD
840020015	Housing Starts m/m	2021.06.16 15:30:00	3.6	0.6	-9.5	-12.1	2	US	USD
840030011	Import Price Index m/m	2021.06.16 15:30:00	1.1	0.1	0.7	0.8	2	US	USD
840030013	Export Price Index m/m	2021.06.16 15:30:00	2.2	1.4	0.8	1.1	2	US	USD
840200002	EIA Cushing Crude Oil Stocks Change	2021.06.16 17:30:00	-2.15	0.474	0.165	nan	2	US	USD
840070002	Philadelphia Fed Employment	2021.06.17 15:30:00	30.7	25.4	19.3	nan	2	US	USD
840140002	Continuing Jobless Claims	2021.06.17 15:30:00	3.518	3.637	3.499	3.517	2	US	USD
840180001	CB Leading Economic Index m/m	2021.06.17 17:00:00	1.3	0.0	1.6	1.3	2	US	USD
840220016	5-Year TIPS Auction	2021.06.17 20:00:00	-1.416	nan	-1.631	nan	2	US	USD
840100001	Baker Hughes US Oil Rig Count	2021.06.17 20:00:00	373.0	nan	365.0	365.0	2	US	USD
840100002	Baker Hughes US Total Rig Count	2021.06.17 20:00:00	470.0	nan	461.0	461.0	2	US	USD
840100001	Baker Hughes US Oil Rig Count	2021.06.18 20:00:00	373.0	nan	373.0	nan	2	US	USD
840100002	Baker Hughes US Total Rig Count	2021.06.18 20:00:00	470.0	nan	470.0	nan	2	US	USD
840520003	CFTC Gold Non-Commercial Net Positions	2021.06.21 22:30:00	192.0	nan	209.4	nan	2	US	USD
840520004	CFTC Crude Oil Non-Commercial Net Positions	2021.06.21 22:30:00	524.0	nan	510.5	nan	2	US	USD
840520005	CFTC S&P 500 Non-Commercial Net Positions	2021.06.21 22:30:00	-16.7	nan	-14.7	nan	2	US	USD
840520011	CFTC Nasdaq 100 Non-Commercial Net Positions	2021.06.21 22:30:00	-11.0	nan	-8.5	nan	2	US	USD
840120002	Existing Home Sales m/m	2021.06.22 17:00:00	-0.9	-1.2	-2.7	nan	2	US	USD
840220010	2-Year Note Auction	2021.06.22 20:00:00	0.249	nan	0.152	nan	2	US	USD
840010015	Current Account	2021.06.23 15:30:00	-195.739	-196.92	-188.484	-175.079	2	US	USD
840500003	S&P Global Composite PMI	2021.06.23 16:45:00	63.9	68.5	68.7	nan	2	US	USD
840020009	New Home Sales m/m	2021.06.23 17:00:00	-5.9	-1.5	-5.9	-7.8	2	US	USD
840200002	EIA Cushing Crude Oil Stocks Change	2021.06.23 17:30:00	-1.833	-1.005	-2.15	nan	2	US	USD
840220012	5-Year Note Auction	2021.06.23 20:00:00	0.904	nan	0.788	nan	2	US	USD
840020014	Core Durable Goods Orders m/m	2021.06.24 15:30:00	0.3	-0.2	1.0	1.7	2	US	USD
840020019	Goods Trade Balance	2021.06.24 15:30:00	-88.114	-89.632	-85.23	-85.727	2	US	USD
840020027	Retail Inventories m/m	2021.06.24 15:30:00	-0.8	-1.7	-1.8	-1.6	2	US	USD
840020028	Retail Inventories excl. Autos m/m	2021.06.24 15:30:00	0.9	nan	0.6	0.7	2	US	USD
840010016	Real PCE q/q	2021.06.24 15:30:00	11.4	11.3	11.3	nan	2	US	USD
840140002	Continuing Jobless Claims	2021.06.24 15:30:00	3.39	3.315	3.518	3.534	2	US	USD
840220013	7-Year Note Auction	2021.06.24 20:00:00	1.264	nan	1.285	nan	2	US	USD
840010003	PCE Price Index m/m	2021.06.25 15:30:00	0.4	0.3	0.6	nan	2	US	USD
840010004	PCE Price Index y/y	2021.06.25 15:30:00	3.9	4.0	3.6	nan	2	US	USD
840010005	Personal Spending m/m	2021.06.25 15:30:00	0.0	0.1	0.5	0.9	2	US	USD
840210001	Michigan Consumer Sentiment	2021.06.25 17:00:00	85.5	86.4	86.4	nan	2	US	USD
840210002	Michigan Consumer Expectations	2021.06.25 17:00:00	83.5	83.8	83.8	nan	2	US	USD
840210004	Michigan Inflation Expectations	2021.06.25 17:00:00	4.2	4.0	4.0	nan	2	US	USD
840210005	Michigan 5-Year Inflation Expectations	2021.06.25 17:00:00	2.8	2.8	2.8	nan	2	US	USD
840100001	Baker Hughes US Oil Rig Count	2021.06.25 20:00:00	372.0	nan	373.0	nan	2	US	USD
840100002	Baker Hughes US Total Rig Count	2021.06.25 20:00:00	470.0	nan	470.0	nan	2	US	USD
840520003	CFTC Gold Non-Commercial Net Positions	2021.06.25 22:30:00	166.2	nan	192.0	nan	2	US	USD
840520004	CFTC Crude Oil Non-Commercial Net Positions	2021.06.25 22:30:00	526.2	nan	524.0	nan	2	US	USD
840520005	CFTC S&P 500 Non-Commercial Net Positions	2021.06.25 22:30:00	59.3	nan	-16.7	nan	2	US	USD
840520011	CFTC Nasdaq 100 Non-Commercial Net Positions	2021.06.25 22:30:00	-10.4	nan	-11.0	nan	2	US	USD
840170001	S&P/CS HPI Composite-20 y/y	2021.06.29 16:00:00	14.9	13.8	13.3	nan	2	US	USD
840170002	S&P/CS HPI Composite-20 n.s.a. m/m	2021.06.29 16:00:00	2.1	2.3	2.2	nan	2	US	USD
840120003	Pending Home Sales m/m	2021.06.30 17:00:00	8.0	2.5	-4.4	nan	2	US	USD
840200002	EIA Cushing Crude Oil Stocks Change	2021.06.30 17:30:00	-1.46	-2.003	-1.833	nan	2	US	USD
840140002	Continuing Jobless Claims	2021.07.01 15:30:00	3.469	3.208	3.39	3.413	2	US	USD
840020002	Construction Spending m/m	2021.07.01 17:00:00	-0.3	-1.5	0.2	0.1	2	US	USD
840040004	ISM Manufacturing Employment	2021.07.01 17:00:00	49.9	53.0	50.9	nan	2	US	USD
840020001	Trade Balance	2021.07.02 15:30:00	-71.24	-71.804	-68.899	-69.071	2	US	USD
840020023	Exports	2021.07.02 15:30:00	206.018	nan	204.992	204.704	2	US	USD
840020024	Imports	2021.07.02 15:30:00	277.259	nan	273.891	273.775	2	US	USD
840030017	Participation Rate	2021.07.02 15:30:00	61.6	61.6	61.6	nan	2	US	USD
840030019	Average Hourly Earnings y/y	2021.07.02 15:30:00	3.6	1.1	2.0	nan	2	US	USD
840030023	Private Nonfarm Payrolls	2021.07.02 15:30:00	662.0	78.0	492.0	516.0	2	US	USD
840030024	U6 Unemployment Rate	2021.07.02 15:30:00	9.8	10.3	10.2	nan	2	US	USD
840020003	Factory Orders m/m	2021.07.02 17:00:00	1.7	-1.4	-0.6	-0.1	2	US	USD
840100001	Baker Hughes US Oil Rig Count	2021.07.02 20:00:00	376.0	nan	372.0	nan	2	US	USD
840100002	Baker Hughes US Total Rig Count	2021.07.02 20:00:00	475.0	nan	470.0	nan	2	US	USD
840520003	CFTC Gold Non-Commercial Net Positions	2021.07.02 22:30:00	162.2	nan	166.2	nan	2	US	USD
840520004	CFTC Crude Oil Non-Commercial Net Positions	2021.07.02 22:30:00	522.5	nan	526.2	nan	2	US	USD
840520005	CFTC S&P 500 Non-Commercial Net Positions	2021.07.02 22:30:00	55.2	nan	59.3	nan	2	US	USD
840520011	CFTC Nasdaq 100 Non-Commercial Net Positions	2021.07.02 22:30:00	-8.1	nan	-10.4	nan	2	US	USD
840500003	S&P Global Composite PMI	2021.07.06 16:45:00	63.7	63.9	63.9	nan	2	US	USD
840040005	ISM Non-Manufacturing Employment	2021.07.06 17:00:00	49.3	57.0	55.3	nan	2	US	USD
840140002	Continuing Jobless Claims	2021.07.08 15:30:00	3.339	3.321	3.469	3.484	2	US	USD
840200002	EIA Cushing Crude Oil Stocks Change	2021.07.08 18:00:00	-0.614	-1.651	-1.46	nan	2	US	USD
840050013	Fed Consumer Credit m/m	2021.07.08 22:00:00	35.28	6.6	18.61	20.04	2	US	USD
840100001	Baker Hughes US Oil Rig Count	2021.07.09 20:00:00	378.0	nan	376.0	nan	2	US	USD
840100002	Baker Hughes US Total Rig Count	2021.07.09 20:00:00	479.0	nan	475.0	nan	2	US	USD
840520003	CFTC Gold Non-Commercial Net Positions	2021.07.09 22:30:00	182.8	nan	162.2	nan	2	US	USD
840520004	CFTC Crude Oil Non-Commercial Net Positions	2021.07.09 22:30:00	497.4	nan	522.5	nan	2	US	USD
840520005	CFTC S&P 500 Non-Commercial Net Positions	2021.07.09 22:30:00	75.6	nan	55.2	nan	2	US	USD
840520011	CFTC Nasdaq 100 Non-Commercial Net Positions	2021.07.09 22:30:00	-1.6	nan	-8.1	nan	2	US	USD
840220011	3-Year Note Auction	2021.07.12 18:30:00	0.426	nan	0.325	nan	2	US	USD
840030008	Core CPI y/y	2021.07.13 15:30:00	4.5	3.7	3.8	nan	2	US	USD
840150001	Federal Budget Balance	2021.07.13 21:00:00	-174.2	-394.2	-132.0	nan	2	US	USD
840030002	Core PPI m/m	2021.07.14 15:30:00	1.0	0.6	0.7	nan	2	US	USD
840200002	EIA Cushing Crude Oil Stocks Change	2021.07.14 17:30:00	-1.589	-1.036	-0.614	nan	2	US	USD
840030011	Import Price Index m/m	2021.07.15 15:30:00	1.0	0.0	1.1	1.4	2	US	USD
840030013	Export Price Index m/m	2021.07.15 15:30:00	1.2	1.8	2.2	nan	2	US	USD
840070002	Philadelphia Fed Employment	2021.07.15 15:30:00	29.2	25.9	30.7	nan	2	US	USD
840230001	NY Fed Empire State Manufacturing Index	2021.07.15 15:30:00	43.0	20.7	17.4	nan	2	US	USD
840140002	Continuing Jobless Claims	2021.07.15 15:30:00	3.241	3.265	3.339	3.367	2	US	USD
840050011	Fed Industrial Production m/m	2021.07.15 16:15:00	0.4	0.5	0.8	0.7	2	US	USD
840050026	Fed Industrial Production y/y	2021.07.15 16:15:00	9.8	18.9	16.3	nan	2	US	USD
840020012	Retail Control m/m	2021.07.16 15:30:00	1.1	-3.5	-0.7	-1.4	2	US	USD
840210001	Michigan Consumer Sentiment	2021.07.16 17:00:00	80.8	89.3	85.5	nan	2	US	USD
840210002	Michigan Consumer Expectations	2021.07.16 17:00:00	78.4	81.3	83.5	nan	2	US	USD
840210004	Michigan Inflation Expectations	2021.07.16 17:00:00	4.8	3.9	4.2	nan	2	US	USD
840210005	Michigan 5-Year Inflation Expectations	2021.07.16 17:00:00	2.9	2.9	2.8	nan	2	US	USD
840020007	Business Inventories m/m	2021.07.16 17:00:00	0.5	-0.3	-0.2	0.1	2	US	USD
840020027	Retail Inventories m/m	2021.07.16 17:00:00	-0.8	-0.8	-0.8	nan	2	US	USD
840020028	Retail Inventories excl. Autos m/m	2021.07.16 17:00:00	0.9	nan	0.9	nan	2	US	USD
840100001	Baker Hughes US Oil Rig Count	2021.07.16 20:00:00	380.0	nan	378.0	nan	2	US	USD
840100002	Baker Hughes US Total Rig Count	2021.07.16 20:00:00	484.0	nan	479.0	nan	2	US	USD
840520003	CFTC Gold Non-Commercial Net Positions	2021.07.16 22:30:00	190.8	nan	182.8	nan	2	US	USD
840520004	CFTC Crude Oil Non-Commercial Net Positions	2021.07.16 22:30:00	499.1	nan	497.4	nan	2	US	USD
840520005	CFTC S&P 500 Non-Commercial Net Positions	2021.07.16 22:30:00	75.4	nan	75.6	nan	2	US	USD
840520011	CFTC Nasdaq 100 Non-Commercial Net Positions	2021.07.16 22:30:00	-4.3	nan	-1.6	nan	2	US	USD
840220001	TIC Net Long-Term Transactions	2021.07.16 23:00:00	-30.2	121.6	100.7	nan	2	US	USD
840020004	Housing Starts	2021.07.20 15:30:00	1.643	1.573	1.572	1.546	2	US	USD
840020005	Building Permits	2021.07.20 15:30:00	1.598	1.724	1.681	1.683	2	US	USD
840020015	Housing Starts m/m	2021.07.20 15:30:00	6.3	-0.5	3.6	2.1	2	US	USD
840200002	EIA Cushing Crude Oil Stocks Change	2021.07.21 17:30:00	-1.347	-1.107	-1.589	nan	2	US	USD
840220019	20-Year Bond Auction	2021.07.21 20:00:00	1.89	nan	2.12	nan	2	US	USD
840140002	Continuing Jobless Claims	2021.07.22 15:30:00	3.236	3.138	3.241	3.265	2	US	USD
840120002	Existing Home Sales m/m	2021.07.22 17:00:00	1.4	-0.3	-0.9	-1.2	2	US	USD
840180001	CB Leading Economic Index m/m	2021.07.22 17:00:00	0.7	0.1	1.3	1.2	2	US	USD
840220017	10-Year TIPS Auction	2021.07.22 20:00:00	-1.016	nan	-0.805	nan	2	US	USD
840500003	S&P Global Composite PMI	2021.07.23 16:45:00	59.7	63.9	63.7	nan	2	US	USD
840100001	Baker Hughes US Oil Rig Count	2021.07.23 20:00:00	387.0	nan	380.0	nan	2	US	USD
840100002	Baker Hughes US Total Rig Count	2021.07.23 20:00:00	491.0	nan	484.0	nan	2	US	USD
840520003	CFTC Gold Non-Commercial Net Positions	2021.07.23 22:30:00	196.0	nan	190.8	nan	2	US	USD
840520004	CFTC Crude Oil Non-Commercial Net Positions	2021.07.23 22:30:00	448.7	nan	499.1	nan	2	US	USD
840520005	CFTC S&P 500 Non-Commercial Net Positions	2021.07.23 22:30:00	34.2	nan	75.4	nan	2	US	USD
840520011	CFTC Nasdaq 100 Non-Commercial Net Positions	2021.07.23 22:30:00	-2.3	nan	-4.3	nan	2	US	USD
840020009	New Home Sales m/m	2021.07.26 17:00:00	-6.6	4.0	-5.9	-7.8	2	US	USD
840220010	2-Year Note Auction	2021.07.26 20:00:00	0.213	nan	0.249	nan	2	US	USD
840020014	Core Durable Goods Orders m/m	2021.07.27 15:30:00	0.3	-0.1	0.3	0.5	2	US	USD
840170001	S&P/CS HPI Composite-20 y/y	2021.07.27 16:00:00	17.0	15.4	14.9	nan	2	US	USD
840170002	S&P/CS HPI Composite-20 n.s.a. m/m	2021.07.27 16:00:00	2.1	1.7	2.1	2.2	2	US	USD
840220012	5-Year Note Auction	2021.07.27 20:00:00	0.71	nan	0.904	nan	2	US	USD
840020019	Goods Trade Balance	2021.07.28 15:30:00	-91.207	-88.739	-88.114	-88.16	2	US	USD
840020027	Retail Inventories m/m	2021.07.28 15:30:00	0.3	-0.8	-0.8	nan	2	US	USD
840020028	Retail Inventories excl. Autos m/m	2021.07.28 15:30:00	0.6	nan	0.9	nan	2	US	USD
840200002	EIA Cushing Crude Oil Stocks Change	2021.07.28 17:30:00	-1.268	-1.127	-1.347	nan	2	US	USD
840010016	Real PCE q/q	2021.07.29 15:30:00	11.8	11.5	11.4	nan	2	US	USD
840140002	Continuing Jobless Claims	2021.07.29 15:30:00	3.269	3.06	3.236	3.262	2	US	USD
840120003	Pending Home Sales m/m	2021.07.29 17:00:00	-1.9	-3.9	8.0	8.3	2	US	USD
840220013	7-Year Note Auction	2021.07.29 20:00:00	1.05	nan	1.264	nan	2	US	USD
840010003	PCE Price Index m/m	2021.07.30 15:30:00	0.5	0.1	0.4	0.5	2	US	USD
840010004	PCE Price Index y/y	2021.07.30 15:30:00	4.0	3.4	3.9	4.0	2	US	USD
840010005	Personal Spending m/m	2021.07.30 15:30:00	1.0	-0.2	0.0	-0.1	2	US	USD
840030025	Employment Cost Index q/q	2021.07.30 15:30:00	0.7	0.7	0.9	nan	2	US	USD
840210001	Michigan Consumer Sentiment	2021.07.30 17:00:00	81.2	80.8	80.8	nan	2	US	USD
840210002	Michigan Consumer Expectations	2021.07.30 17:00:00	79.0	78.4	78.4	nan	2	US	USD
840210004	Michigan Inflation Expectations	2021.07.30 17:00:00	4.7	4.8	4.8	nan	2	US	USD
840210005	Michigan 5-Year Inflation Expectations	2021.07.30 17:00:00	2.8	2.9	2.9	nan	2	US	USD
840100001	Baker Hughes US Oil Rig Count	2021.07.30 20:00:00	385.0	nan	387.0	nan	2	US	USD
840100002	Baker Hughes US Total Rig Count	2021.07.30 20:00:00	488.0	nan	491.0	nan	2	US	USD
840520003	CFTC Gold Non-Commercial Net Positions	2021.07.30 22:30:00	199.4	nan	196.0	nan	2	US	USD
840520004	CFTC Crude Oil Non-Commercial Net Positions	2021.07.30 22:30:00	449.8	nan	448.7	nan	2	US	USD
840520005	CFTC S&P 500 Non-Commercial Net Positions	2021.07.30 22:30:00	39.4	nan	34.2	nan	2	US	USD
840520011	CFTC Nasdaq 100 Non-Commercial Net Positions	2021.07.30 22:30:00	-9.8	nan	-2.3	nan	2	US	USD
840020002	Construction Spending m/m	2021.08.02 17:00:00	0.1	-1.0	-0.3	-0.2	2	US	USD
840040004	ISM Manufacturing Employment	2021.08.02 17:00:00	52.9	50.3	49.9	nan	2	US	USD
840020003	Factory Orders m/m	2021.08.03 17:00:00	1.5	-0.6	1.7	2.3	2	US	USD
840500003	S&P Global Composite PMI	2021.08.04 16:45:00	59.9	59.7	59.7	nan	2	US	USD
840040005	ISM Non-Manufacturing Employment	2021.08.04 17:00:00	53.8	52.2	49.3	nan	2	US	USD
840200002	EIA Cushing Crude Oil Stocks Change	2021.08.04 17:30:00	-0.543	-1.084	-1.268	nan	2	US	USD
840020001	Trade Balance	2021.08.05 15:30:00	-75.749	-70.241	-71.24	-70.994	2	US	USD
840020023	Exports	2021.08.05 15:30:00	207.672	nan	206.018	206.468	2	US	USD
840020024	Imports	2021.08.05 15:30:00	283.421	nan	277.259	277.462	2	US	USD
840140002	Continuing Jobless Claims	2021.08.05 15:30:00	2.93	3.143	3.269	3.296	2	US	USD
840030017	Participation Rate	2021.08.06 15:30:00	61.7	61.6	61.6	nan	2	US	USD
840030019	Average Hourly Earnings y/y	2021.08.06 15:30:00	4.0	2.8	3.6	nan	2	US	USD
840030023	Private Nonfarm Payrolls	2021.08.06 15:30:00	703.0	81.0	662.0	769.0	2	US	USD
840030024	U6 Unemployment Rate	2021.08.06 15:30:00	9.2	10.0	9.8	nan	2	US	USD
840100001	Baker Hughes US Oil Rig Count	2021.08.06 20:00:00	387.0	nan	385.0	nan	2	US	USD
840100002	Baker Hughes US Total Rig Count	2021.08.06 20:00:00	491.0	nan	488.0	nan	2	US	USD
840050013	Fed Consumer Credit m/m	2021.08.06 22:00:00	37.69	6.65	35.28	36.69	2	US	USD
840520003	CFTC Gold Non-Commercial Net Positions	2021.08.06 22:30:00	196.3	nan	199.4	nan	2	US	USD
840520004	CFTC Crude Oil Non-Commercial Net Positions	2021.08.06 22:30:00	430.5	nan	449.8	nan	2	US	USD
840520005	CFTC S&P 500 Non-Commercial Net Positions	2021.08.06 22:30:00	41.3	nan	39.4	nan	2	US	USD
840520011	CFTC Nasdaq 100 Non-Commercial Net Positions	2021.08.06 22:30:00	-1.5	nan	-9.8	nan	2	US	USD
840030028	Nonfarm Productivity q/q	2021.08.10 15:30:00	2.3	2.5	5.4	4.3	2	US	USD
840030029	Unit Labor Costs q/q	2021.08.10 15:30:00	1.0	2.3	1.7	-2.8	2	US	USD
840220011	3-Year Note Auction	2021.08.10 20:00:00	0.465	nan	0.426	nan	2	US	USD
840030008	Core CPI y/y	2021.08.11 15:30:00	4.3	4.1	4.5	nan	2	US	USD
840200002	EIA Cushing Crude Oil Stocks Change	2021.08.11 17:30:00	-0.325	-0.903	-0.543	nan	2	US	USD
840150001	Federal Budget Balance	2021.08.11 21:00:00	-302.1	-323.6	-174.2	nan	2	US	USD
840030002	Core PPI m/m	2021.08.12 15:30:00	1.0	0.8	1.0	nan	2	US	USD
840140002	Continuing Jobless Claims	2021.08.12 15:30:00	2.866	2.743	2.93	2.98	2	US	USD
840030011	Import Price Index m/m	2021.08.13 15:30:00	0.3	0.0	1.0	1.1	2	US	USD
840030013	Export Price Index m/m	2021.08.13 15:30:00	1.3	1.8	1.2	nan	2	US	USD
840210001	Michigan Consumer Sentiment	2021.08.13 17:00:00	70.2	76.8	81.2	nan	2	US	USD
840210002	Michigan Consumer Expectations	2021.08.13 17:00:00	65.2	78.1	79.0	nan	2	US	USD
840210004	Michigan Inflation Expectations	2021.08.13 17:00:00	4.6	4.8	4.7	nan	2	US	USD
840210005	Michigan 5-Year Inflation Expectations	2021.08.13 17:00:00	3.0	2.8	2.8	nan	2	US	USD
840100001	Baker Hughes US Oil Rig Count	2021.08.13 20:00:00	397.0	nan	387.0	nan	2	US	USD
840100002	Baker Hughes US Total Rig Count	2021.08.13 20:00:00	500.0	nan	491.0	nan	2	US	USD
840520003	CFTC Gold Non-Commercial Net Positions	2021.08.13 22:30:00	168.4	nan	196.3	nan	2	US	USD
840520004	CFTC Crude Oil Non-Commercial Net Positions	2021.08.13 22:30:00	400.4	nan	430.5	nan	2	US	USD
840520005	CFTC S&P 500 Non-Commercial Net Positions	2021.08.13 22:30:00	23.1	nan	41.3	nan	2	US	USD
840520011	CFTC Nasdaq 100 Non-Commercial Net Positions	2021.08.13 22:30:00	-13.3	nan	-1.5	nan	2	US	USD
840230001	NY Fed Empire State Manufacturing Index	2021.08.16 15:30:00	18.3	31.1	43.0	nan	2	US	USD
840220001	TIC Net Long-Term Transactions	2021.08.16 23:00:00	110.9	97.3	-30.2	-30.0	2	US	USD
840020012	Retail Control m/m	2021.08.17 15:30:00	-1.0	2.6	1.1	1.4	2	US	USD
840050011	Fed Industrial Production m/m	2021.08.17 16:15:00	0.9	0.0	0.4	0.2	2	US	USD
840050026	Fed Industrial Production y/y	2021.08.17 16:15:00	6.6	13.5	9.8	nan	2	US	USD
840020007	Business Inventories m/m	2021.08.17 17:00:00	0.8	0.2	0.5	0.6	2	US	USD
840020027	Retail Inventories m/m	2021.08.17 17:00:00	0.3	0.3	0.3	nan	2	US	USD
840020028	Retail Inventories excl. Autos m/m	2021.08.17 17:00:00	0.5	nan	0.6	nan	2	US	USD
840020004	Housing Starts	2021.08.18 15:30:00	1.534	1.612	1.643	1.65	2	US	USD
840020005	Building Permits	2021.08.18 15:30:00	1.635	1.641	1.598	1.594	2	US	USD
840020015	Housing Starts m/m	2021.08.18 15:30:00	-7.0	0.4	6.3	3.5	2	US	USD
840200002	EIA Cushing Crude Oil Stocks Change	2021.08.18 17:30:00	-0.98	-0.089	-0.325	nan	2	US	USD
840220019	20-Year Bond Auction	2021.08.18 20:00:00	1.85	nan	1.89	nan	2	US	USD
840070002	Philadelphia Fed Employment	2021.08.19 15:30:00	32.6	30.8	29.2	nan	2	US	USD
840140002	Continuing Jobless Claims	2021.08.19 15:30:00	2.82	2.599	2.866	2.899	2	US	USD
840180001	CB Leading Economic Index m/m	2021.08.19 17:00:00	0.9	0.2	0.7	0.5	2	US	USD
840220018	30-Year TIPS Auction	2021.08.19 20:00:00	-0.292	nan	-0.04	nan	2	US	USD
840100001	Baker Hughes US Oil Rig Count	2021.08.20 20:00:00	405.0	nan	397.0	nan	2	US	USD
840100002	Baker Hughes US Total Rig Count	2021.08.20 20:00:00	503.0	nan	500.0	nan	2	US	USD
840520003	CFTC Gold Non-Commercial Net Positions	2021.08.20 22:30:00	191.5	nan	168.4	nan	2	US	USD
840520004	CFTC Crude Oil Non-Commercial Net Positions	2021.08.20 22:30:00	404.3	nan	400.4	nan	2	US	USD
840520005	CFTC S&P 500 Non-Commercial Net Positions	2021.08.20 22:30:00	27.3	nan	23.1	nan	2	US	USD
840520011	CFTC Nasdaq 100 Non-Commercial Net Positions	2021.08.20 22:30:00	-21.9	nan	-13.3	nan	2	US	USD
840500003	S&P Global Composite PMI	2021.08.23 16:45:00	55.4	59.8	59.9	nan	2	US	USD
840120002	Existing Home Sales m/m	2021.08.23 17:00:00	2.0	1.3	1.4	1.6	2	US	USD
840020009	New Home Sales m/m	2021.08.24 17:00:00	1.0	-2.7	-6.6	-2.6	2	US	USD
840220010	2-Year Note Auction	2021.08.24 20:00:00	0.242	nan	0.213	nan	2	US	USD
840020014	Core Durable Goods Orders m/m	2021.08.25 15:30:00	0.7	0.4	0.3	0.6	2	US	USD
840200002	EIA Cushing Crude Oil Stocks Change	2021.08.25 17:30:00	0.07	-0.087	-0.98	nan	2	US	USD
840220012	5-Year Note Auction	2021.08.25 20:00:00	0.831	nan	0.71	nan	2	US	USD
840010016	Real PCE q/q	2021.08.26 15:30:00	11.9	11.8	11.8	nan	2	US	USD
840140002	Continuing Jobless Claims	2021.08.26 15:30:00	2.862	2.754	2.82	2.865	2	US	USD
840220013	7-Year Note Auction	2021.08.26 20:00:00	1.155	nan	1.05	nan	2	US	USD
840010003	PCE Price Index m/m	2021.08.27 15:30:00	0.4	0.2	0.5	nan	2	US	USD
840010004	PCE Price Index y/y	2021.08.27 15:30:00	4.2	3.5	4.0	nan	2	US	USD
840010005	Personal Spending m/m	2021.08.27 15:30:00	0.3	-0.4	1.0	1.1	2	US	USD
840020019	Goods Trade Balance	2021.08.27 15:30:00	-86.38	-89.925	-91.207	-92.05	2	US	USD
840020027	Retail Inventories m/m	2021.08.27 15:30:00	0.4	0.3	0.3	0.5	2	US	USD
840020028	Retail Inventories excl. Autos m/m	2021.08.27 15:30:00	0.5	nan	0.5	0.8	2	US	USD
840210001	Michigan Consumer Sentiment	2021.08.27 17:00:00	70.3	70.2	70.2	nan	2	US	USD
840210002	Michigan Consumer Expectations	2021.08.27 17:00:00	65.1	65.2	65.2	nan	2	US	USD
840210004	Michigan Inflation Expectations	2021.08.27 17:00:00	4.6	4.6	4.6	nan	2	US	USD
840210005	Michigan 5-Year Inflation Expectations	2021.08.27 17:00:00	2.9	3.0	3.0	nan	2	US	USD
840100001	Baker Hughes US Oil Rig Count	2021.08.27 20:00:00	410.0	nan	405.0	nan	2	US	USD
840100002	Baker Hughes US Total Rig Count	2021.08.27 20:00:00	508.0	nan	503.0	nan	2	US	USD
840520003	CFTC Gold Non-Commercial Net Positions	2021.08.27 22:30:00	210.7	nan	191.5	nan	2	US	USD
840520004	CFTC Crude Oil Non-Commercial Net Positions	2021.08.27 22:30:00	374.3	nan	404.3	nan	2	US	USD
840520005	CFTC S&P 500 Non-Commercial Net Positions	2021.08.27 22:30:00	14.9	nan	27.3	nan	2	US	USD
840520011	CFTC Nasdaq 100 Non-Commercial Net Positions	2021.08.27 22:30:00	-2.4	nan	-21.9	nan	2	US	USD
840120003	Pending Home Sales m/m	2021.08.30 17:00:00	-1.8	3.5	-1.9	-2.0	2	US	USD
840170001	S&P/CS HPI Composite-20 y/y	2021.08.31 16:00:00	19.1	17.5	17.0	nan	2	US	USD
840170002	S&P/CS HPI Composite-20 n.s.a. m/m	2021.08.31 16:00:00	2.0	2.2	2.1	nan	2	US	USD
840020002	Construction Spending m/m	2021.09.01 17:00:00	0.3	-0.7	0.1	0.0	2	US	USD
840040004	ISM Manufacturing Employment	2021.09.01 17:00:00	49.0	51.4	52.9	nan	2	US	USD
840200002	EIA Cushing Crude Oil Stocks Change	2021.09.01 17:30:00	0.836	-0.034	0.07	nan	2	US	USD
840020001	Trade Balance	2021.09.02 15:30:00	-70.051	-73.764	-75.749	-73.23	2	US	USD
840020023	Exports	2021.09.02 15:30:00	212.829	nan	207.672	210.078	2	US	USD
840020024	Imports	2021.09.02 15:30:00	282.879	nan	283.421	283.308	2	US	USD
840030028	Nonfarm Productivity q/q	2021.09.02 15:30:00	2.1	2.3	2.3	nan	2	US	USD
840030029	Unit Labor Costs q/q	2021.09.02 15:30:00	1.3	1.0	1.0	nan	2	US	USD
840140002	Continuing Jobless Claims	2021.09.02 15:30:00	2.748	2.827	2.862	2.908	2	US	USD
840020003	Factory Orders m/m	2021.09.02 17:00:00	0.4	1.4	1.5	nan	2	US	USD
840030017	Participation Rate	2021.09.03 15:30:00	61.7	61.6	61.7	nan	2	US	USD
840030019	Average Hourly Earnings y/y	2021.09.03 15:30:00	4.3	3.8	4.0	nan	2	US	USD
840030023	Private Nonfarm Payrolls	2021.09.03 15:30:00	243.0	-73.0	703.0	798.0	2	US	USD
840030024	U6 Unemployment Rate	2021.09.03 15:30:00	8.8	9.5	9.2	nan	2	US	USD
840500003	S&P Global Composite PMI	2021.09.03 16:45:00	55.4	55.4	55.4	nan	2	US	USD
840040005	ISM Non-Manufacturing Employment	2021.09.03 17:00:00	53.7	51.5	53.8	nan	2	US	USD
840100001	Baker Hughes US Oil Rig Count	2021.09.03 20:00:00	394.0	nan	410.0	nan	2	US	USD
840100002	Baker Hughes US Total Rig Count	2021.09.03 20:00:00	497.0	nan	508.0	nan	2	US	USD
840520003	CFTC Gold Non-Commercial Net Positions	2021.09.03 22:30:00	216.6	nan	210.7	nan	2	US	USD
840520004	CFTC Crude Oil Non-Commercial Net Positions	2021.09.03 22:30:00	356.5	nan	374.3	nan	2	US	USD
840520005	CFTC S&P 500 Non-Commercial Net Positions	2021.09.03 22:30:00	-28.7	nan	14.9	nan	2	US	USD
840520011	CFTC Nasdaq 100 Non-Commercial Net Positions	2021.09.03 22:30:00	-2.4	nan	-2.4	nan	2	US	USD
840220011	3-Year Note Auction	2021.09.07 20:00:00	0.447	nan	0.465	nan	2	US	USD
840050013	Fed Consumer Credit m/m	2021.09.08 22:00:00	17.0	7.87	37.69	37.86	2	US	USD
840140002	Continuing Jobless Claims	2021.09.09 15:30:00	2.783	2.85	2.748	2.805	2	US	USD
840200002	EIA Cushing Crude Oil Stocks Change	2021.09.09 18:00:00	1.918	0.599	0.836	nan	2	US	USD
840030002	Core PPI m/m	2021.09.10 15:30:00	0.6	0.9	1.0	nan	2	US	USD
840100001	Baker Hughes US Oil Rig Count	2021.09.10 20:00:00	401.0	nan	394.0	nan	2	US	USD
840100002	Baker Hughes US Total Rig Count	2021.09.10 20:00:00	503.0	nan	497.0	nan	2	US	USD
840520003	CFTC Gold Non-Commercial Net Positions	2021.09.10 22:30:00	206.0	nan	216.6	nan	2	US	USD
840520004	CFTC Crude Oil Non-Commercial Net Positions	2021.09.10 22:30:00	349.2	nan	356.5	nan	2	US	USD
840520005	CFTC S&P 500 Non-Commercial Net Positions	2021.09.10 22:30:00	-28.4	nan	-28.7	nan	2	US	USD
840520011	CFTC Nasdaq 100 Non-Commercial Net Positions	2021.09.10 22:30:00	5.0	nan	-2.4	nan	2	US	USD
840150001	Federal Budget Balance	2021.09.13 21:00:00	-170.6	-323.3	-302.1	nan	2	US	USD
840030008	Core CPI y/y	2021.09.14 15:30:00	4.0	4.6	4.3	nan	2	US	USD
840030011	Import Price Index m/m	2021.09.15 15:30:00	-0.3	0.0	0.3	0.4	2	US	USD
840030013	Export Price Index m/m	2021.09.15 15:30:00	0.4	1.8	1.3	1.1	2	US	USD
840230001	NY Fed Empire State Manufacturing Index	2021.09.15 15:30:00	34.3	30.5	18.3	nan	2	US	USD
840050011	Fed Industrial Production m/m	2021.09.15 16:15:00	0.4	0.0	0.9	0.8	2	US	USD
840050026	Fed Industrial Production y/y	2021.09.15 16:15:00	5.9	8.3	6.6	nan	2	US	USD
840200002	EIA Cushing Crude Oil Stocks Change	2021.09.15 17:30:00	-1.103	0.176	1.918	nan	2	US	USD
840020012	Retail Control m/m	2021.09.16 15:30:00	1.8	-2.0	-1.0	nan	2	US	USD
840070002	Philadelphia Fed Employment	2021.09.16 15:30:00	26.3	32.0	32.6	nan	2	US	USD
840140002	Continuing Jobless Claims	2021.09.16 15:30:00	2.665	2.758	2.783	2.852	2	US	USD
840020007	Business Inventories m/m	2021.09.16 17:00:00	0.5	0.7	0.8	0.9	2	US	USD
840020027	Retail Inventories m/m	2021.09.16 17:00:00	0.4	0.4	0.4	nan	2	US	USD
840020028	Retail Inventories excl. Autos m/m	2021.09.16 17:00:00	0.5	nan	0.5	nan	2	US	USD
840220001	TIC Net Long-Term Transactions	2021.09.16 23:00:00	2.0	99.6	110.9	nan	2	US	USD
840210001	Michigan Consumer Sentiment	2021.09.17 17:00:00	71.0	66.7	70.3	nan	2	US	USD
840210002	Michigan Consumer Expectations	2021.09.17 17:00:00	67.1	66.9	65.1	nan	2	US	USD
840210004	Michigan Inflation Expectations	2021.09.17 17:00:00	4.7	4.6	4.6	nan	2	US	USD
840210005	Michigan 5-Year Inflation Expectations	2021.09.17 17:00:00	2.9	2.9	2.9	nan	2	US	USD
840100001	Baker Hughes US Oil Rig Count	2021.09.17 20:00:00	411.0	nan	401.0	nan	2	US	USD
840100002	Baker Hughes US Total Rig Count	2021.09.17 20:00:00	512.0	nan	503.0	nan	2	US	USD
840520003	CFTC Gold Non-Commercial Net Positions	2021.09.17 22:30:00	207.8	nan	206.0	nan	2	US	USD
840520004	CFTC Crude Oil Non-Commercial Net Positions	2021.09.17 22:30:00	355.1	nan	349.2	nan	2	US	USD
840520005	CFTC S&P 500 Non-Commercial Net Positions	2021.09.17 22:30:00	-35.8	nan	-28.4	nan	2	US	USD
840520011	CFTC Nasdaq 100 Non-Commercial Net Positions	2021.09.17 22:30:00	9.6	nan	5.0	nan	2	US	USD
840010015	Current Account	2021.09.21 15:30:00	-190.282	-186.055	-195.739	-189.424	2	US	USD
840020004	Housing Starts	2021.09.21 15:30:00	1.615	1.591	1.534	1.554	2	US	USD
840020005	Building Permits	2021.09.21 15:30:00	1.728	1.618	1.635	1.63	2	US	USD
840020015	Housing Starts m/m	2021.09.21 15:30:00	3.9	0.0	-7.0	-6.2	2	US	USD
840220019	20-Year Bond Auction	2021.09.21 20:00:00	1.795	nan	1.85	nan	2	US	USD
840120002	Existing Home Sales m/m	2021.09.22 17:00:00	-2.0	0.8	2.0	2.2	2	US	USD
840200002	EIA Cushing Crude Oil Stocks Change	2021.09.22 17:30:00	-1.476	0.362	-1.103	nan	2	US	USD
840140002	Continuing Jobless Claims	2021.09.23 15:30:00	2.845	2.563	2.665	2.714	2	US	USD
840500003	S&P Global Composite PMI	2021.09.23 16:45:00	54.5	55.4	55.4	nan	2	US	USD
840180001	CB Leading Economic Index m/m	2021.09.23 17:00:00	0.9	0.3	0.9	0.8	2	US	USD
840220017	10-Year TIPS Auction	2021.09.23 20:00:00	-0.939	nan	-1.016	nan	2	US	USD
840020009	New Home Sales m/m	2021.09.24 17:00:00	4.5	-1.1	1.0	nan	2	US	USD
840100001	Baker Hughes US Oil Rig Count	2021.09.24 20:00:00	421.0	nan	411.0	nan	2	US	USD
840100002	Baker Hughes US Total Rig Count	2021.09.24 20:00:00	521.0	nan	512.0	nan	2	US	USD
840520003	CFTC Gold Non-Commercial Net Positions	2021.09.24 22:30:00	187.6	nan	207.8	nan	2	US	USD
840520004	CFTC Crude Oil Non-Commercial Net Positions	2021.09.24 22:30:00	356.0	nan	355.1	nan	2	US	USD
840520005	CFTC S&P 500 Non-Commercial Net Positions	2021.09.24 22:30:00	49.8	nan	-35.8	nan	2	US	USD
840520011	CFTC Nasdaq 100 Non-Commercial Net Positions	2021.09.24 22:30:00	9.4	nan	9.6	nan	2	US	USD
840020014	Core Durable Goods Orders m/m	2021.09.27 15:30:00	0.2	0.0	0.7	nan	2	US	USD
840220010	2-Year Note Auction	2021.09.27 18:30:00	0.31	nan	0.242	nan	2	US	USD
840220012	5-Year Note Auction	2021.09.27 20:00:00	0.99	nan	0.831	nan	2	US	USD
840020019	Goods Trade Balance	2021.09.28 15:30:00	-87.6	-88.69	-86.38	-86.819	2	US	USD
840020027	Retail Inventories m/m	2021.09.28 15:30:00	0.1	0.4	0.4	nan	2	US	USD
840020028	Retail Inventories excl. Autos m/m	2021.09.28 15:30:00	0.6	nan	0.5	nan	2	US	USD
840170001	S&P/CS HPI Composite-20 y/y	2021.09.28 16:00:00	19.9	19.6	19.1	nan	2	US	USD
840170002	S&P/CS HPI Composite-20 n.s.a. m/m	2021.09.28 16:00:00	1.5	2.5	2.0	nan	2	US	USD
840220013	7-Year Note Auction	2021.09.28 20:00:00	1.332	nan	1.155	nan	2	US	USD
840120003	Pending Home Sales m/m	2021.09.29 17:00:00	8.1	-2.8	-1.8	-2.0	2	US	USD
840200002	EIA Cushing Crude Oil Stocks Change	2021.09.29 17:30:00	0.131	0.198	-1.476	nan	2	US	USD
840010016	Real PCE q/q	2021.09.30 15:30:00	12.0	11.9	11.9	nan	2	US	USD
840140002	Continuing Jobless Claims	2021.09.30 15:30:00	2.802	2.757	2.845	2.82	2	US	USD
840010003	PCE Price Index m/m	2021.10.01 15:30:00	0.4	0.4	0.4	nan	2	US	USD
840010004	PCE Price Index y/y	2021.10.01 15:30:00	4.3	3.9	4.2	nan	2	US	USD
840010005	Personal Spending m/m	2021.10.01 15:30:00	0.8	-0.1	0.3	-0.1	2	US	USD
840210001	Michigan Consumer Sentiment	2021.10.01 17:00:00	72.8	71.0	71.0	nan	2	US	USD
840210002	Michigan Consumer Expectations	2021.10.01 17:00:00	68.1	67.1	67.1	nan	2	US	USD
840210004	Michigan Inflation Expectations	2021.10.01 17:00:00	4.6	4.7	4.7	nan	2	US	USD
840210005	Michigan 5-Year Inflation Expectations	2021.10.01 17:00:00	3.0	2.9	2.9	nan	2	US	USD
840020002	Construction Spending m/m	2021.10.01 17:00:00	0.0	-0.2	0.3	nan	2	US	USD
840040004	ISM Manufacturing Employment	2021.10.01 17:00:00	50.2	50.9	49.0	nan	2	US	USD
840100001	Baker Hughes US Oil Rig Count	2021.10.01 20:00:00	428.0	nan	421.0	nan	2	US	USD
840100002	Baker Hughes US Total Rig Count	2021.10.01 20:00:00	528.0	nan	521.0	nan	2	US	USD
840520003	CFTC Gold Non-Commercial Net Positions	2021.10.01 22:30:00	168.4	nan	187.6	nan	2	US	USD
840520004	CFTC Crude Oil Non-Commercial Net Positions	2021.10.01 22:30:00	373.8	nan	356.0	nan	2	US	USD
840520005	CFTC S&P 500 Non-Commercial Net Positions	2021.10.01 22:30:00	73.2	nan	49.8	nan	2	US	USD
840520011	CFTC Nasdaq 100 Non-Commercial Net Positions	2021.10.01 22:30:00	-2.3	nan	9.4	nan	2	US	USD
840020003	Factory Orders m/m	2021.10.04 17:00:00	1.2	1.3	0.4	nan	2	US	USD
840020001	Trade Balance	2021.10.05 15:30:00	-73.252	-73.048	-70.051	nan	2	US	USD
840020023	Exports	2021.10.05 15:30:00	213.74	nan	212.829	nan	2	US	USD
840020024	Imports	2021.10.05 15:30:00	286.991	nan	282.879	nan	2	US	USD
840500003	S&P Global Composite PMI	2021.10.05 16:45:00	55.0	54.5	54.5	nan	2	US	USD
840040005	ISM Non-Manufacturing Employment	2021.10.05 17:00:00	53.0	53.7	53.7	nan	2	US	USD
840200002	EIA Cushing Crude Oil Stocks Change	2021.10.06 17:30:00	1.548	-0.052	0.131	nan	2	US	USD
840140002	Continuing Jobless Claims	2021.10.07 15:30:00	2.714	2.862	2.802	2.811	2	US	USD
840050013	Fed Consumer Credit m/m	2021.10.07 22:00:00	14.38	28.12	17.0	17.27	2	US	USD
840030017	Participation Rate	2021.10.08 15:30:00	61.6	61.7	61.7	nan	2	US	USD
840030019	Average Hourly Earnings y/y	2021.10.08 15:30:00	4.6	4.2	4.3	nan	2	US	USD
840030023	Private Nonfarm Payrolls	2021.10.08 15:30:00	317.0	-77.0	243.0	332.0	2	US	USD
840030024	U6 Unemployment Rate	2021.10.08 15:30:00	8.5	9.0	8.8	nan	2	US	USD
840100001	Baker Hughes US Oil Rig Count	2021.10.08 20:00:00	433.0	nan	428.0	nan	2	US	USD
840100002	Baker Hughes US Total Rig Count	2021.10.08 20:00:00	533.0	nan	528.0	nan	2	US	USD
840520003	CFTC Gold Non-Commercial Net Positions	2021.10.08 22:30:00	182.6	nan	168.4	nan	2	US	USD
840520004	CFTC Crude Oil Non-Commercial Net Positions	2021.10.08 22:30:00	398.3	nan	373.8	nan	2	US	USD
840520005	CFTC S&P 500 Non-Commercial Net Positions	2021.10.08 22:30:00	72.8	nan	73.2	nan	2	US	USD
840520011	CFTC Nasdaq 100 Non-Commercial Net Positions	2021.10.08 22:30:00	-2.7	nan	-2.3	nan	2	US	USD
840220011	3-Year Note Auction	2021.10.12 18:30:00	0.635	nan	0.447	nan	2	US	USD
840030008	Core CPI y/y	2021.10.13 15:30:00	4.0	4.0	4.0	nan	2	US	USD
840030002	Core PPI m/m	2021.10.14 15:30:00	0.2	0.9	0.6	nan	2	US	USD
840140002	Continuing Jobless Claims	2021.10.14 15:30:00	2.593	2.597	2.714	2.727	2	US	USD
840200002	EIA Cushing Crude Oil Stocks Change	2021.10.14 18:00:00	-1.968	0.036	1.548	nan	2	US	USD
840020012	Retail Control m/m	2021.10.15 15:30:00	1.0	1.5	1.8	2.5	2	US	USD
840030011	Import Price Index m/m	2021.10.15 15:30:00	0.4	-0.1	-0.3	nan	2	US	USD
840030013	Export Price Index m/m	2021.10.15 15:30:00	0.1	1.5	0.4	nan	2	US	USD
840230001	NY Fed Empire State Manufacturing Index	2021.10.15 15:30:00	19.8	26.6	34.3	nan	2	US	USD
840210001	Michigan Consumer Sentiment	2021.10.15 17:00:00	71.4	74.3	72.8	nan	2	US	USD
840210002	Michigan Consumer Expectations	2021.10.15 17:00:00	67.2	66.8	68.1	nan	2	US	USD
840210004	Michigan Inflation Expectations	2021.10.15 17:00:00	4.8	4.7	4.6	nan	2	US	USD
840210005	Michigan 5-Year Inflation Expectations	2021.10.15 17:00:00	2.8	2.9	3.0	nan	2	US	USD
840020007	Business Inventories m/m	2021.10.15 17:00:00	0.6	0.7	0.5	nan	2	US	USD
840020027	Retail Inventories m/m	2021.10.15 17:00:00	0.1	0.1	0.1	nan	2	US	USD
840020028	Retail Inventories excl. Autos m/m	2021.10.15 17:00:00	0.6	nan	0.6	nan	2	US	USD
840100001	Baker Hughes US Oil Rig Count	2021.10.15 20:00:00	445.0	nan	433.0	nan	2	US	USD
840100002	Baker Hughes US Total Rig Count	2021.10.15 20:00:00	543.0	nan	533.0	nan	2	US	USD
840520003	CFTC Gold Non-Commercial Net Positions	2021.10.15 22:30:00	185.5	nan	182.6	nan	2	US	USD
840520004	CFTC Crude Oil Non-Commercial Net Positions	2021.10.15 22:30:00	404.8	nan	398.3	nan	2	US	USD
840520005	CFTC S&P 500 Non-Commercial Net Positions	2021.10.15 22:30:00	98.8	nan	72.8	nan	2	US	USD
840520011	CFTC Nasdaq 100 Non-Commercial Net Positions	2021.10.15 22:30:00	-0.8	nan	-2.7	nan	2	US	USD
840050011	Fed Industrial Production m/m	2021.10.18 16:15:00	-1.3	-0.2	0.4	-0.1	2	US	USD
840050026	Fed Industrial Production y/y	2021.10.18 16:15:00	4.6	6.3	5.9	nan	2	US	USD
840220001	TIC Net Long-Term Transactions	2021.10.18 23:00:00	79.3	75.0	2.0	nan	2	US	USD
840020004	Housing Starts	2021.10.19 15:30:00	1.555	1.578	1.615	1.58	2	US	USD
840020005	Building Permits	2021.10.19 15:30:00	1.589	1.685	1.728	1.721	2	US	USD
840020015	Housing Starts m/m	2021.10.19 15:30:00	-1.6	-0.3	3.9	1.2	2	US	USD
840200002	EIA Cushing Crude Oil Stocks Change	2021.10.20 17:30:00	-2.32	0.007	-1.968	nan	2	US	USD
840220019	20-Year Bond Auction	2021.10.20 20:00:00	2.1	nan	1.795	nan	2	US	USD
840070002	Philadelphia Fed Employment	2021.10.21 15:30:00	30.7	30.1	26.3	nan	2	US	USD
840140002	Continuing Jobless Claims	2021.10.21 15:30:00	2.481	2.44	2.593	2.603	2	US	USD
840120002	Existing Home Sales m/m	2021.10.21 17:00:00	7.0	-0.1	-2.0	nan	2	US	USD
840180001	CB Leading Economic Index m/m	2021.10.21 17:00:00	0.2	0.4	0.9	0.8	2	US	USD
840220016	5-Year TIPS Auction	2021.10.21 20:00:00	-1.685	nan	-1.416	nan	2	US	USD
840500003	S&P Global Composite PMI	2021.10.22 16:45:00	57.3	54.7	55.0	nan	2	US	USD
840100001	Baker Hughes US Oil Rig Count	2021.10.22 20:00:00	443.0	nan	445.0	nan	2	US	USD
840100002	Baker Hughes US Total Rig Count	2021.10.22 20:00:00	542.0	nan	543.0	nan	2	US	USD
840150001	Federal Budget Balance	2021.10.22 21:00:00	-61.5	-329.7	-170.6	nan	2	US	USD
840520003	CFTC Gold Non-Commercial Net Positions	2021.10.22 22:30:00	193.3	nan	185.5	nan	2	US	USD
840520004	CFTC Crude Oil Non-Commercial Net Positions	2021.10.22 22:30:00	429.6	nan	404.8	nan	2	US	USD
840520005	CFTC S&P 500 Non-Commercial Net Positions	2021.10.22 22:30:00	67.6	nan	98.8	nan	2	US	USD
840520011	CFTC Nasdaq 100 Non-Commercial Net Positions	2021.10.22 22:30:00	-3.1	nan	-0.8	nan	2	US	USD
840170001	S&P/CS HPI Composite-20 y/y	2021.10.26 16:00:00	19.7	19.6	19.9	nan	2	US	USD
840170002	S&P/CS HPI Composite-20 n.s.a. m/m	2021.10.26 16:00:00	0.9	1.5	1.5	nan	2	US	USD
840020009	New Home Sales m/m	2021.10.26 17:00:00	14.0	2.2	4.5	-1.4	2	US	USD
840220010	2-Year Note Auction	2021.10.26 20:00:00	0.481	nan	0.31	nan	2	US	USD
840020014	Core Durable Goods Orders m/m	2021.10.27 15:30:00	0.4	-0.5	0.2	0.3	2	US	USD
840020019	Goods Trade Balance	2021.10.27 15:30:00	-96.252	-88.18	-87.6	-88.164	2	US	USD
840020027	Retail Inventories m/m	2021.10.27 15:30:00	-0.2	0.1	0.1	0.2	2	US	USD
840020028	Retail Inventories excl. Autos m/m	2021.10.27 15:30:00	0.6	nan	0.6	nan	2	US	USD
840200002	EIA Cushing Crude Oil Stocks Change	2021.10.27 17:30:00	-3.899	-0.059	-2.32	nan	2	US	USD
840220012	5-Year Note Auction	2021.10.27 20:00:00	1.157	nan	0.99	nan	2	US	USD
840010016	Real PCE q/q	2021.10.28 15:30:00	1.6	12.2	12.0	nan	2	US	USD
840140002	Continuing Jobless Claims	2021.10.28 15:30:00	2.243	2.247	2.481	2.48	2	US	USD
840120003	Pending Home Sales m/m	2021.10.28 17:00:00	-2.3	2.1	8.1	nan	2	US	USD
840220013	7-Year Note Auction	2021.10.28 20:00:00	1.461	nan	1.332	nan	2	US	USD
840010003	PCE Price Index m/m	2021.10.29 15:30:00	0.3	0.3	0.4	0.3	2	US	USD
840010004	PCE Price Index y/y	2021.10.29 15:30:00	4.4	4.7	4.3	4.2	2	US	USD
840010005	Personal Spending m/m	2021.10.29 15:30:00	0.6	0.2	0.8	1.0	2	US	USD
840030025	Employment Cost Index q/q	2021.10.29 15:30:00	1.3	0.6	0.7	nan	2	US	USD
840210001	Michigan Consumer Sentiment	2021.10.29 17:00:00	71.7	71.4	71.4	nan	2	US	USD
840210002	Michigan Consumer Expectations	2021.10.29 17:00:00	67.9	67.2	67.2	nan	2	US	USD
840210004	Michigan Inflation Expectations	2021.10.29 17:00:00	4.8	4.8	4.8	nan	2	US	USD
840210005	Michigan 5-Year Inflation Expectations	2021.10.29 17:00:00	2.9	2.8	2.8	nan	2	US	USD
840100001	Baker Hughes US Oil Rig Count	2021.10.29 20:00:00	444.0	nan	443.0	nan	2	US	USD
840100002	Baker Hughes US Total Rig Count	2021.10.29 20:00:00	544.0	nan	542.0	nan	2	US	USD
840520003	CFTC Gold Non-Commercial Net Positions	2021.10.29 22:30:00	214.6	nan	193.3	nan	2	US	USD
840520004	CFTC Crude Oil Non-Commercial Net Positions	2021.10.29 22:30:00	423.7	nan	429.6	nan	2	US	USD
840520005	CFTC S&P 500 Non-Commercial Net Positions	2021.10.29 22:30:00	96.5	nan	67.6	nan	2	US	USD
840520011	CFTC Nasdaq 100 Non-Commercial Net Positions	2021.10.29 22:30:00	-3.3	nan	-3.1	nan	2	US	USD
840020002	Construction Spending m/m	2021.11.01 17:00:00	-0.5	0.4	0.0	0.1	2	US	USD
840040004	ISM Manufacturing Employment	2021.11.01 17:00:00	52.0	49.6	50.2	nan	2	US	USD
840500003	S&P Global Composite PMI	2021.11.03 16:45:00	57.6	57.3	57.3	nan	2	US	USD
840020003	Factory Orders m/m	2021.11.03 17:00:00	0.2	0.8	1.2	nan	2	US	USD
840040005	ISM Non-Manufacturing Employment	2021.11.03 17:00:00	51.6	53.3	53.0	nan	2	US	USD
840200002	EIA Cushing Crude Oil Stocks Change	2021.11.03 17:30:00	-0.916	-1.204	-3.899	nan	2	US	USD
840020001	Trade Balance	2021.11.04 15:30:00	-80.934	-71.858	-73.252	nan	2	US	USD
840020023	Exports	2021.11.04 15:30:00	207.558	nan	213.74	nan	2	US	USD
840020024	Imports	2021.11.04 15:30:00	288.492	nan	286.991	nan	2	US	USD
840030028	Nonfarm Productivity q/q	2021.11.04 15:30:00	-5.0	0.9	2.1	2.4	2	US	USD
840030029	Unit Labor Costs q/q	2021.11.04 15:30:00	8.3	2.2	1.3	1.1	2	US	USD
840140002	Continuing Jobless Claims	2021.11.04 15:30:00	2.105	2.07	2.243	2.239	2	US	USD
840030017	Participation Rate	2021.11.05 15:30:00	61.6	61.6	61.6	nan	2	US	USD
840030019	Average Hourly Earnings y/y	2021.11.05 15:30:00	4.9	4.5	4.6	nan	2	US	USD
840030023	Private Nonfarm Payrolls	2021.11.05 15:30:00	604.0	61.0	317.0	365.0	2	US	USD
840030024	U6 Unemployment Rate	2021.11.05 15:30:00	8.3	8.6	8.5	nan	2	US	USD
840100001	Baker Hughes US Oil Rig Count	2021.11.05 20:00:00	450.0	nan	444.0	nan	2	US	USD
840100002	Baker Hughes US Total Rig Count	2021.11.05 20:00:00	550.0	nan	544.0	nan	2	US	USD
840050013	Fed Consumer Credit m/m	2021.11.05 22:00:00	29.91	26.48	14.38	13.76	2	US	USD
840520003	CFTC Gold Non-Commercial Net Positions	2021.11.05 22:30:00	215.1	nan	214.6	nan	2	US	USD
840520004	CFTC Crude Oil Non-Commercial Net Positions	2021.11.05 22:30:00	419.3	nan	423.7	nan	2	US	USD
840520005	CFTC S&P 500 Non-Commercial Net Positions	2021.11.05 22:30:00	125.5	nan	96.5	nan	2	US	USD
840520011	CFTC Nasdaq 100 Non-Commercial Net Positions	2021.11.05 22:30:00	7.2	nan	-3.3	nan	2	US	USD
840220011	3-Year Note Auction	2021.11.08 21:00:00	0.75	nan	0.635	nan	2	US	USD
840030002	Core PPI m/m	2021.11.09 16:30:00	0.4	0.7	0.2	nan	2	US	USD
840030008	Core CPI y/y	2021.11.10 16:30:00	4.6	4.1	4.0	nan	2	US	USD
840140002	Continuing Jobless Claims	2021.11.10 16:30:00	2.16	1.881	2.105	2.101	2	US	USD
840200002	EIA Cushing Crude Oil Stocks Change	2021.11.10 18:30:00	-0.034	-1.021	-0.916	nan	2	US	USD
840150001	Federal Budget Balance	2021.11.10 22:00:00	-165.1	-303.2	-61.5	-61.6	2	US	USD
840210001	Michigan Consumer Sentiment	2021.11.12 18:00:00	66.8	70.2	71.7	nan	2	US	USD
840210002	Michigan Consumer Expectations	2021.11.12 18:00:00	62.8	60.1	67.9	nan	2	US	USD
840210004	Michigan Inflation Expectations	2021.11.12 18:00:00	4.9	4.8	4.8	nan	2	US	USD
840210005	Michigan 5-Year Inflation Expectations	2021.11.12 18:00:00	2.9	2.9	2.9	nan	2	US	USD
840100001	Baker Hughes US Oil Rig Count	2021.11.12 21:00:00	454.0	nan	450.0	nan	2	US	USD
840100002	Baker Hughes US Total Rig Count	2021.11.12 21:00:00	556.0	nan	550.0	nan	2	US	USD
840230001	NY Fed Empire State Manufacturing Index	2021.11.15 16:30:00	30.9	26.9	19.8	nan	2	US	USD
840520003	CFTC Gold Non-Commercial Net Positions	2021.11.15 23:30:00	250.2	nan	215.1	nan	2	US	USD
840520004	CFTC Crude Oil Non-Commercial Net Positions	2021.11.15 23:30:00	421.3	nan	419.3	nan	2	US	USD
840520005	CFTC S&P 500 Non-Commercial Net Positions	2021.11.15 23:30:00	97.6	nan	125.5	nan	2	US	USD
840520011	CFTC Nasdaq 100 Non-Commercial Net Positions	2021.11.15 23:30:00	16.2	nan	7.2	nan	2	US	USD
840020012	Retail Control m/m	2021.11.16 16:30:00	1.3	-1.4	1.0	0.8	2	US	USD
840030011	Import Price Index m/m	2021.11.16 16:30:00	1.2	-0.1	0.4	nan	2	US	USD
840030013	Export Price Index m/m	2021.11.16 16:30:00	1.5	1.2	0.1	0.4	2	US	USD
840050011	Fed Industrial Production m/m	2021.11.16 17:15:00	1.6	0.3	-1.3	nan	2	US	USD
840050026	Fed Industrial Production y/y	2021.11.16 17:15:00	5.1	5.3	4.6	nan	2	US	USD
840020007	Business Inventories m/m	2021.11.16 18:00:00	0.7	0.6	0.6	0.8	2	US	USD
840020027	Retail Inventories m/m	2021.11.16 18:00:00	-0.2	-0.2	-0.2	nan	2	US	USD
840020028	Retail Inventories excl. Autos m/m	2021.11.16 18:00:00	0.7	nan	0.6	nan	2	US	USD
840220001	TIC Net Long-Term Transactions	2021.11.17 00:00:00	26.3	78.3	79.3	nan	2	US	USD
840020004	Housing Starts	2021.11.17 16:30:00	1.52	1.588	1.555	1.53	2	US	USD
840020005	Building Permits	2021.11.17 16:30:00	1.65	1.66	1.589	1.586	2	US	USD
840020015	Housing Starts m/m	2021.11.17 16:30:00	-0.7	0.6	-1.6	-2.7	2	US	USD
840200002	EIA Cushing Crude Oil Stocks Change	2021.11.17 18:30:00	0.216	-1.599	-0.034	nan	2	US	USD
840220019	20-Year Bond Auction	2021.11.17 21:00:00	2.065	nan	2.1	nan	2	US	USD
840070002	Philadelphia Fed Employment	2021.11.18 16:30:00	27.2	29.4	30.7	nan	2	US	USD
840140002	Continuing Jobless Claims	2021.11.18 16:30:00	2.08	2.101	2.16	2.209	2	US	USD
840180001	CB Leading Economic Index m/m	2021.11.18 18:00:00	0.9	0.4	0.2	0.1	2	US	USD
840220017	10-Year TIPS Auction	2021.11.18 21:00:00	-1.145	nan	-0.939	nan	2	US	USD
840100001	Baker Hughes US Oil Rig Count	2021.11.19 21:00:00	461.0	nan	454.0	nan	2	US	USD
840100002	Baker Hughes US Total Rig Count	2021.11.19 21:00:00	563.0	nan	556.0	nan	2	US	USD
840520003	CFTC Gold Non-Commercial Net Positions	2021.11.19 23:30:00	259.8	nan	250.2	nan	2	US	USD
840520004	CFTC Crude Oil Non-Commercial Net Positions	2021.11.19 23:30:00	415.8	nan	421.3	nan	2	US	USD
840520005	CFTC S&P 500 Non-Commercial Net Positions	2021.11.19 23:30:00	111.2	nan	97.6	nan	2	US	USD
840520011	CFTC Nasdaq 100 Non-Commercial Net Positions	2021.11.19 23:30:00	13.5	nan	16.2	nan	2	US	USD
840120002	Existing Home Sales m/m	2021.11.22 18:00:00	0.8	-1.2	7.0	nan	2	US	USD
840220010	2-Year Note Auction	2021.11.22 19:30:00	0.623	nan	0.481	nan	2	US	USD
840220012	5-Year Note Auction	2021.11.22 21:00:00	1.319	nan	1.157	nan	2	US	USD
840500003	S&P Global Composite PMI	2021.11.23 17:45:00	56.5	57.4	57.6	nan	2	US	USD
840220013	7-Year Note Auction	2021.11.23 21:00:00	1.588	nan	1.461	nan	2	US	USD
840010016	Real PCE q/q	2021.11.24 16:30:00	1.7	1.6	1.6	nan	2	US	USD
840020014	Core Durable Goods Orders m/m	2021.11.24 16:30:00	0.5	0.3	0.4	0.7	2	US	USD
840020019	Goods Trade Balance	2021.11.24 16:30:00	-82.891	-92.293	-96.252	-97.031	2	US	USD
840020027	Retail Inventories m/m	2021.11.24 16:30:00	0.1	-0.2	-0.2	nan	2	US	USD
840020028	Retail Inventories excl. Autos m/m	2021.11.24 16:30:00	0.4	nan	0.7	0.8	2	US	USD
840140002	Continuing Jobless Claims	2021.11.24 16:30:00	2.049	2.058	2.08	2.109	2	US	USD
840210001	Michigan Consumer Sentiment	2021.11.24 18:00:00	67.4	66.8	66.8	nan	2	US	USD
840210002	Michigan Consumer Expectations	2021.11.24 18:00:00	63.5	62.8	62.8	nan	2	US	USD
840210004	Michigan Inflation Expectations	2021.11.24 18:00:00	4.9	4.9	4.9	nan	2	US	USD
840210005	Michigan 5-Year Inflation Expectations	2021.11.24 18:00:00	3.0	2.9	2.9	nan	2	US	USD
840010003	PCE Price Index m/m	2021.11.24 18:00:00	0.6	0.4	0.3	0.4	2	US	USD
840010004	PCE Price Index y/y	2021.11.24 18:00:00	5.0	4.6	4.4	nan	2	US	USD
840010005	Personal Spending m/m	2021.11.24 18:00:00	1.3	0.1	0.6	nan	2	US	USD
840020009	New Home Sales m/m	2021.11.24 18:00:00	0.4	-2.3	14.0	7.1	2	US	USD
840200002	EIA Cushing Crude Oil Stocks Change	2021.11.24 18:30:00	0.787	-1.16	0.216	nan	2	US	USD
840100001	Baker Hughes US Oil Rig Count	2021.11.24 21:00:00	467.0	nan	461.0	nan	2	US	USD
840100002	Baker Hughes US Total Rig Count	2021.11.24 21:00:00	569.0	nan	563.0	nan	2	US	USD
840120003	Pending Home Sales m/m	2021.11.29 18:00:00	7.5	-3.0	-2.3	-2.4	2	US	USD
840520003	CFTC Gold Non-Commercial Net Positions	2021.11.29 23:30:00	234.4	nan	259.8	nan	2	US	USD
840520004	CFTC Crude Oil Non-Commercial Net Positions	2021.11.29 23:30:00	407.7	nan	415.8	nan	2	US	USD
840520005	CFTC S&P 500 Non-Commercial Net Positions	2021.11.29 23:30:00	123.8	nan	111.2	nan	2	US	USD
840520011	CFTC Nasdaq 100 Non-Commercial Net Positions	2021.11.29 23:30:00	28.0	nan	13.5	nan	2	US	USD
840170001	S&P/CS HPI Composite-20 y/y	2021.11.30 17:00:00	19.1	19.1	19.7	nan	2	US	USD
840170002	S&P/CS HPI Composite-20 n.s.a. m/m	2021.11.30 17:00:00	0.8	0.5	0.9	nan	2	US	USD
840020002	Construction Spending m/m	2021.12.01 18:00:00	0.2	0.7	-0.5	-0.1	2	US	USD
840040004	ISM Manufacturing Employment	2021.12.01 18:00:00	53.3	51.1	52.0	nan	2	US	USD
840200002	EIA Cushing Crude Oil Stocks Change	2021.12.01 18:30:00	1.159	-0.79	0.787	nan	2	US	USD
840140002	Continuing Jobless Claims	2021.12.02 16:30:00	1.956	1.958	2.049	2.063	2	US	USD
840220019	20-Year Bond Auction	2021.12.02 21:00:00	1.872	nan	2.065	nan	2	US	USD
840030017	Participation Rate	2021.12.03 16:30:00	61.8	61.6	61.6	nan	2	US	USD
840030019	Average Hourly Earnings y/y	2021.12.03 16:30:00	4.8	4.8	4.9	nan	2	US	USD
840030023	Private Nonfarm Payrolls	2021.12.03 16:30:00	235.0	38.0	604.0	628.0	2	US	USD
840030024	U6 Unemployment Rate	2021.12.03 16:30:00	7.8	8.4	8.3	nan	2	US	USD
840500003	S&P Global Composite PMI	2021.12.03 17:45:00	57.2	56.5	56.5	nan	2	US	USD
840020003	Factory Orders m/m	2021.12.03 18:00:00	1.0	0.4	0.2	nan	2	US	USD
840040005	ISM Non-Manufacturing Employment	2021.12.03 18:00:00	56.5	52.2	51.6	nan	2	US	USD
840100001	Baker Hughes US Oil Rig Count	2021.12.03 21:00:00	467.0	nan	467.0	nan	2	US	USD
840100002	Baker Hughes US Total Rig Count	2021.12.03 21:00:00	569.0	nan	569.0	nan	2	US	USD
840520003	CFTC Gold Non-Commercial Net Positions	2021.12.03 23:30:00	225.9	nan	234.4	nan	2	US	USD
840520004	CFTC Crude Oil Non-Commercial Net Positions	2021.12.03 23:30:00	387.2	nan	407.7	nan	2	US	USD
840520005	CFTC S&P 500 Non-Commercial Net Positions	2021.12.03 23:30:00	179.7	nan	123.8	nan	2	US	USD
840520011	CFTC Nasdaq 100 Non-Commercial Net Positions	2021.12.03 23:30:00	33.9	nan	28.0	nan	2	US	USD
840020001	Trade Balance	2021.12.07 16:30:00	-67.116	-77.48	-80.934	-81.435	2	US	USD
840020023	Exports	2021.12.07 16:30:00	223.633	nan	207.558	206.796	2	US	USD
840020024	Imports	2021.12.07 16:30:00	290.749	nan	288.492	288.232	2	US	USD
840030028	Nonfarm Productivity q/q	2021.12.07 16:30:00	-5.2	-5.0	-5.0	nan	2	US	USD
840030029	Unit Labor Costs q/q	2021.12.07 16:30:00	9.6	8.3	8.3	nan	2	US	USD
840220011	3-Year Note Auction	2021.12.07 21:00:00	1.0	nan	0.75	nan	2	US	USD
840050013	Fed Consumer Credit m/m	2021.12.07 23:00:00	16.9	25.18	29.91	27.82	2	US	USD
840200002	EIA Cushing Crude Oil Stocks Change	2021.12.08 18:30:00	2.373	-0.248	1.159	nan	2	US	USD
840140002	Continuing Jobless Claims	2021.12.09 16:30:00	1.992	1.874	1.956	1.954	2	US	USD
840030008	Core CPI y/y	2021.12.10 16:30:00	4.9	5.0	4.6	nan	2	US	USD
840210001	Michigan Consumer Sentiment	2021.12.10 18:00:00	70.4	67.8	67.4	nan	2	US	USD
840210002	Michigan Consumer Expectations	2021.12.10 18:00:00	67.8	70.9	63.5	nan	2	US	USD
840210004	Michigan Inflation Expectations	2021.12.10 18:00:00	4.9	4.9	4.9	nan	2	US	USD
840210005	Michigan 5-Year Inflation Expectations	2021.12.10 18:00:00	3.0	2.9	3.0	nan	2	US	USD
840100001	Baker Hughes US Oil Rig Count	2021.12.10 21:00:00	471.0	nan	467.0	nan	2	US	USD
840100002	Baker Hughes US Total Rig Count	2021.12.10 21:00:00	576.0	nan	569.0	nan	2	US	USD
840150001	Federal Budget Balance	2021.12.10 22:00:00	-191.3	-287.4	-165.1	nan	2	US	USD
840520003	CFTC Gold Non-Commercial Net Positions	2021.12.10 23:30:00	217.2	nan	225.9	nan	2	US	USD
840520004	CFTC Crude Oil Non-Commercial Net Positions	2021.12.10 23:30:00	367.2	nan	387.2	nan	2	US	USD
840520005	CFTC S&P 500 Non-Commercial Net Positions	2021.12.10 23:30:00	165.4	nan	179.7	nan	2	US	USD
840520011	CFTC Nasdaq 100 Non-Commercial Net Positions	2021.12.10 23:30:00	25.8	nan	33.9	nan	2	US	USD
840030002	Core PPI m/m	2021.12.14 16:30:00	0.7	0.7	0.4	nan	2	US	USD
840020012	Retail Control m/m	2021.12.15 16:30:00	-0.1	1.3	1.3	1.8	2	US	USD
840030011	Import Price Index m/m	2021.12.15 16:30:00	0.7	-0.1	1.2	1.5	2	US	USD
840030013	Export Price Index m/m	2021.12.15 16:30:00	1.0	1.2	1.5	1.6	2	US	USD
840230001	NY Fed Empire State Manufacturing Index	2021.12.15 16:30:00	31.9	25.5	30.9	nan	2	US	USD
840020007	Business Inventories m/m	2021.12.15 18:00:00	1.2	0.7	0.7	0.8	2	US	USD
840020027	Retail Inventories m/m	2021.12.15 18:00:00	0.1	0.1	0.1	nan	2	US	USD
840020028	Retail Inventories excl. Autos m/m	2021.12.15 18:00:00	0.5	nan	0.4	nan	2	US	USD
840200002	EIA Cushing Crude Oil Stocks Change	2021.12.15 18:30:00	1.294	-0.277	2.373	nan	2	US	USD
840220001	TIC Net Long-Term Transactions	2021.12.16 00:00:00	7.1	77.9	26.3	26.7	2	US	USD
840020004	Housing Starts	2021.12.16 16:30:00	1.679	1.539	1.52	1.502	2	US	USD
840020005	Building Permits	2021.12.16 16:30:00	1.712	1.622	1.65	1.653	2	US	USD
840020015	Housing Starts m/m	2021.12.16 16:30:00	11.8	-0.9	-0.7	-3.1	2	US	USD
840070002	Philadelphia Fed Employment	2021.12.16 16:30:00	33.9	29.6	27.2	nan	2	US	USD
840140002	Continuing Jobless Claims	2021.12.16 16:30:00	1.845	1.935	1.992	1.999	2	US	USD
840050011	Fed Industrial Production m/m	2021.12.16 17:15:00	0.5	0.4	1.6	1.7	2	US	USD
840050026	Fed Industrial Production y/y	2021.12.16 17:15:00	5.3	4.9	5.1	nan	2	US	USD
840500003	S&P Global Composite PMI	2021.12.16 17:45:00	56.9	56.8	57.2	nan	2	US	USD
840100001	Baker Hughes US Oil Rig Count	2021.12.17 21:00:00	475.0	nan	471.0	nan	2	US	USD
840100002	Baker Hughes US Total Rig Count	2021.12.17 21:00:00	579.0	nan	576.0	nan	2	US	USD
840520003	CFTC Gold Non-Commercial Net Positions	2021.12.17 23:30:00	202.4	nan	217.2	nan	2	US	USD
840520004	CFTC Crude Oil Non-Commercial Net Positions	2021.12.17 23:30:00	347.1	nan	367.2	nan	2	US	USD
840520005	CFTC S&P 500 Non-Commercial Net Positions	2021.12.17 23:30:00	167.8	nan	165.4	nan	2	US	USD
840520011	CFTC Nasdaq 100 Non-Commercial Net Positions	2021.12.17 23:30:00	33.5	nan	25.8	nan	2	US	USD
840180001	CB Leading Economic Index m/m	2021.12.20 18:00:00	1.1	0.5	0.9	nan	2	US	USD
840010015	Current Account	2021.12.21 16:30:00	-214.774	-167.935	-190.282	-198.319	2	US	USD
840220019	20-Year Bond Auction	2021.12.21 21:00:00	1.942	nan	1.872	nan	2	US	USD
840010016	Real PCE q/q	2021.12.22 16:30:00	2.0	1.7	1.7	nan	2	US	USD
840120002	Existing Home Sales m/m	2021.12.22 18:00:00	1.9	-0.5	0.8	nan	2	US	USD
840200002	EIA Cushing Crude Oil Stocks Change	2021.12.22 18:30:00	1.463	-0.046	1.294	nan	2	US	USD
840220016	5-Year TIPS Auction	2021.12.22 21:00:00	-1.508	nan	-1.685	nan	2	US	USD
840010003	PCE Price Index m/m	2021.12.23 16:30:00	0.6	0.6	0.6	0.7	2	US	USD
840010004	PCE Price Index y/y	2021.12.23 16:30:00	5.7	5.6	5.0	5.1	2	US	USD
840010005	Personal Spending m/m	2021.12.23 16:30:00	0.6	0.0	1.3	1.4	2	US	USD
840020014	Core Durable Goods Orders m/m	2021.12.23 16:30:00	0.8	0.3	0.5	0.3	2	US	USD
840140002	Continuing Jobless Claims	2021.12.23 16:30:00	1.859	1.778	1.845	1.867	2	US	USD
840210001	Michigan Consumer Sentiment	2021.12.23 18:00:00	70.6	70.4	70.4	nan	2	US	USD
840210002	Michigan Consumer Expectations	2021.12.23 18:00:00	68.3	67.8	67.8	nan	2	US	USD
840210004	Michigan Inflation Expectations	2021.12.23 18:00:00	4.8	4.9	4.9	nan	2	US	USD
840210005	Michigan 5-Year Inflation Expectations	2021.12.23 18:00:00	2.9	3.0	3.0	nan	2	US	USD
840020009	New Home Sales m/m	2021.12.23 18:00:00	12.4	0.3	0.4	-8.4	2	US	USD
840100001	Baker Hughes US Oil Rig Count	2021.12.23 21:00:00	480.0	nan	475.0	nan	2	US	USD
840100002	Baker Hughes US Total Rig Count	2021.12.23 21:00:00	586.0	nan	579.0	nan	2	US	USD
840220010	2-Year Note Auction	2021.12.27 21:00:00	0.769	nan	0.623	nan	2	US	USD
840520003	CFTC Gold Non-Commercial Net Positions	2021.12.27 23:30:00	205.8	nan	202.4	nan	2	US	USD
840520004	CFTC Crude Oil Non-Commercial Net Positions	2021.12.27 23:30:00	340.3	nan	347.1	nan	2	US	USD
840520005	CFTC S&P 500 Non-Commercial Net Positions	2021.12.27 23:30:00	136.4	nan	167.8	nan	2	US	USD
840520011	CFTC Nasdaq 100 Non-Commercial Net Positions	2021.12.27 23:30:00	25.4	nan	33.5	nan	2	US	USD
840170001	S&P/CS HPI Composite-20 y/y	2021.12.28 17:00:00	18.4	18.8	19.1	nan	2	US	USD
840170002	S&P/CS HPI Composite-20 n.s.a. m/m	2021.12.28 17:00:00	0.8	1.3	0.8	nan	2	US	USD
840220012	5-Year Note Auction	2021.12.28 21:00:00	1.263	nan	1.319	nan	2	US	USD
840020019	Goods Trade Balance	2021.12.29 16:30:00	-97.778	-89.183	-82.891	-83.196	2	US	USD
840020027	Retail Inventories m/m	2021.12.29 16:30:00	2.0	0.1	0.1	0.3	2	US	USD
840020028	Retail Inventories excl. Autos m/m	2021.12.29 16:30:00	1.3	nan	0.5	0.7	2	US	USD
840120003	Pending Home Sales m/m	2021.12.29 18:00:00	-2.2	2.2	7.5	nan	2	US	USD
840200002	EIA Cushing Crude Oil Stocks Change	2021.12.29 18:30:00	1.055	-0.017	1.463	nan	2	US	USD
840220013	7-Year Note Auction	2021.12.29 21:00:00	1.48	nan	1.588	nan	2	US	USD
840140002	Continuing Jobless Claims	2021.12.30 16:30:00	1.716	1.755	1.859	1.856	2	US	USD
840100001	Baker Hughes US Oil Rig Count	2021.12.31 21:00:00	480.0	nan	480.0	nan	2	US	USD
840100002	Baker Hughes US Total Rig Count	2021.12.31 21:00:00	586.0	nan	586.0	nan	2	US	USD
840020002	Construction Spending m/m	2022.01.03 18:00:00	0.4	0.7	0.2	nan	2	US	USD
840520003	CFTC Gold Non-Commercial Net Positions	2022.01.03 23:30:00	213.2	nan	205.8	nan	2	US	USD
840520004	CFTC Crude Oil Non-Commercial Net Positions	2022.01.03 23:30:00	338.4	nan	340.3	nan	2	US	USD
840520005	CFTC S&P 500 Non-Commercial Net Positions	2022.01.03 23:30:00	103.3	nan	136.4	nan	2	US	USD
840520011	CFTC Nasdaq 100 Non-Commercial Net Positions	2022.01.03 23:30:00	14.1	nan	25.4	nan	2	US	USD
840040004	ISM Manufacturing Employment	2022.01.04 18:00:00	54.2	52.7	53.3	nan	2	US	USD
840500003	S&P Global Composite PMI	2022.01.05 17:45:00	57.0	56.9	56.9	nan	2	US	USD
840200002	EIA Cushing Crude Oil Stocks Change	2022.01.05 18:30:00	2.577	0.848	1.055	nan	2	US	USD
840020001	Trade Balance	2022.01.06 16:30:00	-80.172	-74.117	-67.116	nan	2	US	USD
840020023	Exports	2022.01.06 16:30:00	224.215	nan	223.633	nan	2	US	USD
840020024	Imports	2022.01.06 16:30:00	304.388	nan	290.749	nan	2	US	USD
840140002	Continuing Jobless Claims	2022.01.06 16:30:00	1.754	1.644	1.716	1.718	2	US	USD
840020003	Factory Orders m/m	2022.01.06 18:00:00	1.6	-0.9	1.0	1.2	2	US	USD
840040005	ISM Non-Manufacturing Employment	2022.01.06 18:00:00	54.9	54.1	56.5	nan	2	US	USD
840030017	Participation Rate	2022.01.07 16:30:00	61.9	61.7	61.8	61.9	2	US	USD
840030019	Average Hourly Earnings y/y	2022.01.07 16:30:00	4.7	4.9	4.8	nan	2	US	USD
840030023	Private Nonfarm Payrolls	2022.01.07 16:30:00	211.0	-84.0	235.0	270.0	2	US	USD
840030024	U6 Unemployment Rate	2022.01.07 16:30:00	7.3	8.0	7.8	7.7	2	US	USD
840100001	Baker Hughes US Oil Rig Count	2022.01.07 21:00:00	481.0	nan	480.0	nan	2	US	USD
840100002	Baker Hughes US Total Rig Count	2022.01.07 21:00:00	588.0	nan	586.0	nan	2	US	USD
840050013	Fed Consumer Credit m/m	2022.01.07 23:00:00	39.99	21.54	16.9	16.01	2	US	USD
840520003	CFTC Gold Non-Commercial Net Positions	2022.01.07 23:30:00	211.4	nan	213.2	nan	2	US	USD
840520004	CFTC Crude Oil Non-Commercial Net Positions	2022.01.07 23:30:00	332.8	nan	338.4	nan	2	US	USD
840520005	CFTC S&P 500 Non-Commercial Net Positions	2022.01.07 23:30:00	109.0	nan	103.3	nan	2	US	USD
840520011	CFTC Nasdaq 100 Non-Commercial Net Positions	2022.01.07 23:30:00	21.7	nan	14.1	nan	2	US	USD
840220011	3-Year Note Auction	2022.01.11 21:00:00	1.237	nan	1.0	nan	2	US	USD
840030008	Core CPI y/y	2022.01.12 16:30:00	5.5	5.4	4.9	nan	2	US	USD
840200002	EIA Cushing Crude Oil Stocks Change	2022.01.12 18:30:00	-2.468	0.25	2.577	nan	2	US	USD
840150001	Federal Budget Balance	2022.01.12 22:00:00	-21.3	-304.6	-191.3	nan	2	US	USD
840030002	Core PPI m/m	2022.01.13 16:30:00	0.5	0.6	0.7	0.9	2	US	USD
840140002	Continuing Jobless Claims	2022.01.13 16:30:00	1.559	1.667	1.754	1.753	2	US	USD
840020012	Retail Control m/m	2022.01.14 16:30:00	-3.5	-1.1	-0.1	nan	2	US	USD
840030011	Import Price Index m/m	2022.01.14 16:30:00	-0.2	0.3	0.7	nan	2	US	USD
840030013	Export Price Index m/m	2022.01.14 16:30:00	-1.8	1.1	1.0	0.8	2	US	USD
840050011	Fed Industrial Production m/m	2022.01.14 17:15:00	-0.1	-0.2	0.5	0.7	2	US	USD
840050026	Fed Industrial Production y/y	2022.01.14 17:15:00	3.7	5.2	5.3	nan	2	US	USD
840210001	Michigan Consumer Sentiment	2022.01.14 18:00:00	68.8	71.8	70.6	nan	2	US	USD
840210002	Michigan Consumer Expectations	2022.01.14 18:00:00	65.9	72.0	68.3	nan	2	US	USD
840210004	Michigan Inflation Expectations	2022.01.14 18:00:00	4.9	4.9	4.8	nan	2	US	USD
840210005	Michigan 5-Year Inflation Expectations	2022.01.14 18:00:00	3.1	2.9	2.9	nan	2	US	USD
840020007	Business Inventories m/m	2022.01.14 18:00:00	1.3	1.0	1.2	1.3	2	US	USD
840020027	Retail Inventories m/m	2022.01.14 18:00:00	2.0	2.0	2.0	0.3	2	US	USD
840020028	Retail Inventories excl. Autos m/m	2022.01.14 18:00:00	1.3	nan	1.3	nan	2	US	USD
840100001	Baker Hughes US Oil Rig Count	2022.01.14 21:00:00	492.0	nan	481.0	nan	2	US	USD
840100002	Baker Hughes US Total Rig Count	2022.01.14 21:00:00	601.0	nan	588.0	nan	2	US	USD
840520003	CFTC Gold Non-Commercial Net Positions	2022.01.14 23:30:00	199.7	nan	211.4	nan	2	US	USD
840520004	CFTC Crude Oil Non-Commercial Net Positions	2022.01.14 23:30:00	360.5	nan	332.8	nan	2	US	USD
840520005	CFTC S&P 500 Non-Commercial Net Positions	2022.01.14 23:30:00	77.4	nan	109.0	nan	2	US	USD
840520011	CFTC Nasdaq 100 Non-Commercial Net Positions	2022.01.14 23:30:00	21.3	nan	21.7	nan	2	US	USD
840230001	NY Fed Empire State Manufacturing Index	2022.01.18 16:30:00	-0.7	31.6	31.9	nan	2	US	USD
840220001	TIC Net Long-Term Transactions	2022.01.19 00:00:00	137.4	76.3	7.1	nan	2	US	USD
840020004	Housing Starts	2022.01.19 16:30:00	1.702	1.604	1.679	nan	2	US	USD
840020005	Building Permits	2022.01.19 16:30:00	1.873	1.684	1.712	1.717	2	US	USD
840020015	Housing Starts m/m	2022.01.19 16:30:00	1.4	0.5	11.8	nan	2	US	USD
840220019	20-Year Bond Auction	2022.01.19 21:00:00	2.21	nan	1.942	nan	2	US	USD
840070002	Philadelphia Fed Employment	2022.01.20 16:30:00	26.1	31.6	33.9	nan	2	US	USD
840140002	Continuing Jobless Claims	2022.01.20 16:30:00	1.635	1.476	1.559	1.551	2	US	USD
840120002	Existing Home Sales m/m	2022.01.20 18:00:00	-4.6	0.8	1.9	2.2	2	US	USD
840200002	EIA Cushing Crude Oil Stocks Change	2022.01.20 19:00:00	-1.314	0.245	-2.468	nan	2	US	USD
840220017	10-Year TIPS Auction	2022.01.20 21:00:00	-0.54	nan	-1.145	nan	2	US	USD
840180001	CB Leading Economic Index m/m	2022.01.21 18:00:00	0.8	0.6	1.1	0.7	2	US	USD
840100001	Baker Hughes US Oil Rig Count	2022.01.21 21:00:00	491.0	nan	492.0	nan	2	US	USD
840100002	Baker Hughes US Total Rig Count	2022.01.21 21:00:00	604.0	nan	601.0	nan	2	US	USD
840520003	CFTC Gold Non-Commercial Net Positions	2022.01.21 23:30:00	194.2	nan	199.7	nan	2	US	USD
840520004	CFTC Crude Oil Non-Commercial Net Positions	2022.01.21 23:30:00	385.8	nan	360.5	nan	2	US	USD
840520005	CFTC S&P 500 Non-Commercial Net Positions	2022.01.21 23:30:00	125.2	nan	77.4	nan	2	US	USD
840520011	CFTC Nasdaq 100 Non-Commercial Net Positions	2022.01.21 23:30:00	30.2	nan	21.3	nan	2	US	USD
840500003	S&P Global Composite PMI	2022.01.24 17:45:00	50.8	56.9	57.0	nan	2	US	USD
840220010	2-Year Note Auction	2022.01.24 21:00:00	0.99	nan	0.769	nan	2	US	USD
840170001	S&P/CS HPI Composite-20 y/y	2022.01.25 17:00:00	18.3	17.8	18.4	nan	2	US	USD
840170002	S&P/CS HPI Composite-20 n.s.a. m/m	2022.01.25 17:00:00	1.0	0.4	0.8	nan	2	US	USD
840220012	5-Year Note Auction	2022.01.25 21:00:00	1.533	nan	1.263	nan	2	US	USD
840020019	Goods Trade Balance	2022.01.26 16:30:00	-100.96	-92.807	-97.778	-98.04	2	US	USD
840020027	Retail Inventories m/m	2022.01.26 16:30:00	4.4	2.0	2.0	nan	2	US	USD
840020028	Retail Inventories excl. Autos m/m	2022.01.26 16:30:00	3.6	nan	1.3	1.2	2	US	USD
840020009	New Home Sales m/m	2022.01.26 18:00:00	11.9	1.4	12.4	11.7	2	US	USD
840200002	EIA Cushing Crude Oil Stocks Change	2022.01.26 18:30:00	-1.823	-1.583	-1.314	nan	2	US	USD
840020014	Core Durable Goods Orders m/m	2022.01.27 16:30:00	0.4	-0.2	0.8	1.1	2	US	USD
840140002	Continuing Jobless Claims	2022.01.27 16:30:00	1.675	1.537	1.635	1.624	2	US	USD
840010016	Real PCE q/q	2022.01.27 16:30:00	3.3	1.9	2.0	nan	2	US	USD
840120003	Pending Home Sales m/m	2022.01.27 18:00:00	-3.8	-1.4	-2.2	-2.3	2	US	USD
840220013	7-Year Note Auction	2022.01.27 21:00:00	1.769	nan	1.48	nan	2	US	USD
840030025	Employment Cost Index q/q	2022.01.28 16:30:00	1.0	1.1	1.3	nan	2	US	USD
840010003	PCE Price Index m/m	2022.01.28 16:30:00	0.4	0.5	0.6	nan	2	US	USD
840010004	PCE Price Index y/y	2022.01.28 16:30:00	5.8	6.1	5.7	nan	2	US	USD
840010005	Personal Spending m/m	2022.01.28 16:30:00	-0.6	0.0	0.6	0.4	2	US	USD
840210001	Michigan Consumer Sentiment	2022.01.28 18:00:00	67.2	68.8	68.8	nan	2	US	USD
840210002	Michigan Consumer Expectations	2022.01.28 18:00:00	64.1	65.9	65.9	nan	2	US	USD
840210004	Michigan Inflation Expectations	2022.01.28 18:00:00	4.9	4.9	4.9	nan	2	US	USD
840210005	Michigan 5-Year Inflation Expectations	2022.01.28 18:00:00	3.1	3.1	3.1	nan	2	US	USD
840100001	Baker Hughes US Oil Rig Count	2022.01.28 21:00:00	495.0	nan	491.0	nan	2	US	USD
840100002	Baker Hughes US Total Rig Count	2022.01.28 21:00:00	610.0	nan	604.0	nan	2	US	USD
840520003	CFTC Gold Non-Commercial Net Positions	2022.01.28 23:30:00	220.2	nan	194.2	nan	2	US	USD
840520004	CFTC Crude Oil Non-Commercial Net Positions	2022.01.28 23:30:00	373.4	nan	385.8	nan	2	US	USD
840520005	CFTC S&P 500 Non-Commercial Net Positions	2022.01.28 23:30:00	226.8	nan	125.2	nan	2	US	USD
840520011	CFTC Nasdaq 100 Non-Commercial Net Positions	2022.01.28 23:30:00	30.1	nan	30.2	nan	2	US	USD
840040004	ISM Manufacturing Employment	2022.02.01 18:00:00	54.5	53.8	54.2	53.9	2	US	USD
840020002	Construction Spending m/m	2022.02.01 18:00:00	0.2	0.5	0.4	0.6	2	US	USD
840200002	EIA Cushing Crude Oil Stocks Change	2022.02.02 18:30:00	-1.173	-1.847	-1.823	nan	2	US	USD
840030028	Nonfarm Productivity q/q	2022.02.03 16:30:00	6.6	0.7	-5.2	-5.0	2	US	USD
840030029	Unit Labor Costs q/q	2022.02.03 16:30:00	0.3	3.1	9.6	9.3	2	US	USD
840140002	Continuing Jobless Claims	2022.02.03 16:30:00	1.628	1.736	1.675	1.672	2	US	USD
840500003	S&P Global Composite PMI	2022.02.03 17:45:00	51.1	50.8	50.8	nan	2	US	USD
840040005	ISM Non-Manufacturing Employment	2022.02.03 18:00:00	52.3	55.7	54.9	54.7	2	US	USD
840020003	Factory Orders m/m	2022.02.03 18:00:00	-0.4	-0.6	1.6	1.8	2	US	USD
840030017	Participation Rate	2022.02.04 16:30:00	62.2	61.8	61.9	nan	2	US	USD
840030019	Average Hourly Earnings y/y	2022.02.04 16:30:00	5.7	4.8	4.7	nan	2	US	USD
840030023	Private Nonfarm Payrolls	2022.02.04 16:30:00	444.0	-44.0	211.0	503.0	2	US	USD
840030024	U6 Unemployment Rate	2022.02.04 16:30:00	7.1	7.5	7.3	nan	2	US	USD
840100001	Baker Hughes US Oil Rig Count	2022.02.04 21:00:00	497.0	nan	495.0	nan	2	US	USD
840100002	Baker Hughes US Total Rig Count	2022.02.04 21:00:00	613.0	nan	610.0	nan	2	US	USD
840520003	CFTC Gold Non-Commercial Net Positions	2022.02.04 23:30:00	172.1	nan	220.2	nan	2	US	USD
840520004	CFTC Crude Oil Non-Commercial Net Positions	2022.02.04 23:30:00	368.9	nan	373.4	nan	2	US	USD
840520005	CFTC S&P 500 Non-Commercial Net Positions	2022.02.04 23:30:00	158.8	nan	226.8	nan	2	US	USD
840520011	CFTC Nasdaq 100 Non-Commercial Net Positions	2022.02.04 23:30:00	-1.0	nan	30.1	nan	2	US	USD
840050013	Fed Consumer Credit m/m	2022.02.07 23:00:00	18.9	24.03	39.99	38.82	2	US	USD
840020001	Trade Balance	2022.02.08 16:30:00	-80.731	-73.992	-80.172	-79.331	2	US	USD
840020023	Exports	2022.02.08 16:30:00	228.143	nan	224.215	224.734	2	US	USD
840020024	Imports	2022.02.08 16:30:00	308.874	nan	304.388	304.065	2	US	USD
840220011	3-Year Note Auction	2022.02.08 21:00:00	1.592	nan	1.237	nan	2	US	USD
840200002	EIA Cushing Crude Oil Stocks Change	2022.02.09 18:30:00	-2.801	-1.68	-1.173	nan	2	US	USD
840030008	Core CPI y/y	2022.02.10 16:30:00	6.0	5.6	5.5	nan	2	US	USD
840140002	Continuing Jobless Claims	2022.02.10 16:30:00	1.621	1.685	1.628	1.621	2	US	USD
840150001	Federal Budget Balance	2022.02.10 22:00:00	118.7	-276.9	-21.3	nan	2	US	USD
840210001	Michigan Consumer Sentiment	2022.02.11 18:00:00	61.7	64.3	67.2	nan	2	US	USD
840210002	Michigan Consumer Expectations	2022.02.11 18:00:00	57.4	56.3	64.1	nan	2	US	USD
840210004	Michigan Inflation Expectations	2022.02.11 18:00:00	5.0	4.9	4.9	nan	2	US	USD
840210005	Michigan 5-Year Inflation Expectations	2022.02.11 18:00:00	3.1	3.1	3.1	nan	2	US	USD
840100001	Baker Hughes US Oil Rig Count	2022.02.11 21:00:00	516.0	nan	497.0	nan	2	US	USD
840100002	Baker Hughes US Total Rig Count	2022.02.11 21:00:00	635.0	nan	613.0	nan	2	US	USD
840520003	CFTC Gold Non-Commercial Net Positions	2022.02.11 23:30:00	186.7	nan	172.1	nan	2	US	USD
840520004	CFTC Crude Oil Non-Commercial Net Positions	2022.02.11 23:30:00	363.4	nan	368.9	nan	2	US	USD
840520005	CFTC S&P 500 Non-Commercial Net Positions	2022.02.11 23:30:00	177.6	nan	158.8	nan	2	US	USD
840520011	CFTC Nasdaq 100 Non-Commercial Net Positions	2022.02.11 23:30:00	8.0	nan	-1.0	nan	2	US	USD
840030002	Core PPI m/m	2022.02.15 16:30:00	0.8	0.6	0.5	0.6	2	US	USD
840230001	NY Fed Empire State Manufacturing Index	2022.02.15 16:30:00	3.1	15.5	-0.7	nan	2	US	USD
840220001	TIC Net Long-Term Transactions	2022.02.16 00:00:00	114.5	80.3	137.4	137.9	2	US	USD
840020012	Retail Control m/m	2022.02.16 16:30:00	4.8	1.5	-3.5	-4.0	2	US	USD
840030011	Import Price Index m/m	2022.02.16 16:30:00	2.0	0.3	-0.2	-0.4	2	US	USD
840030013	Export Price Index m/m	2022.02.16 16:30:00	2.9	0.1	-1.8	-1.6	2	US	USD
840050011	Fed Industrial Production m/m	2022.02.16 17:15:00	1.4	-0.6	-0.1	nan	2	US	USD
840050026	Fed Industrial Production y/y	2022.02.16 17:15:00	4.1	4.5	3.7	nan	2	US	USD
840020007	Business Inventories m/m	2022.02.16 18:00:00	2.1	1.3	1.3	1.5	2	US	USD
840020027	Retail Inventories m/m	2022.02.16 18:00:00	4.2	4.4	4.4	nan	2	US	USD
840020028	Retail Inventories excl. Autos m/m	2022.02.16 18:00:00	3.3	nan	3.6	nan	2	US	USD
840200002	EIA Cushing Crude Oil Stocks Change	2022.02.16 18:30:00	-1.9	-1.471	-2.801	nan	2	US	USD
840220019	20-Year Bond Auction	2022.02.16 21:00:00	2.396	nan	2.21	nan	2	US	USD
840020004	Housing Starts	2022.02.17 16:30:00	1.638	1.696	1.702	1.708	2	US	USD
840020005	Building Permits	2022.02.17 16:30:00	1.899	1.8	1.873	1.885	2	US	USD
840020015	Housing Starts m/m	2022.02.17 16:30:00	-4.1	-0.4	1.4	0.3	2	US	USD
840070002	Philadelphia Fed Employment	2022.02.17 16:30:00	32.3	30.5	26.1	nan	2	US	USD
840140002	Continuing Jobless Claims	2022.02.17 16:30:00	1.593	1.567	1.621	1.619	2	US	USD
840220018	30-Year TIPS Auction	2022.02.17 21:00:00	0.195	nan	-0.292	nan	2	US	USD
840120002	Existing Home Sales m/m	2022.02.18 18:00:00	6.7	1.2	-4.6	-3.8	2	US	USD
840180001	CB Leading Economic Index m/m	2022.02.18 18:00:00	-0.3	0.7	0.8	0.7	2	US	USD
840100001	Baker Hughes US Oil Rig Count	2022.02.18 21:00:00	520.0	nan	516.0	nan	2	US	USD
840100002	Baker Hughes US Total Rig Count	2022.02.18 21:00:00	645.0	nan	635.0	nan	2	US	USD
840520003	CFTC Gold Non-Commercial Net Positions	2022.02.18 23:30:00	213.6	nan	186.7	nan	2	US	USD
840520004	CFTC Crude Oil Non-Commercial Net Positions	2022.02.18 23:30:00	348.1	nan	363.4	nan	2	US	USD
840520005	CFTC S&P 500 Non-Commercial Net Positions	2022.02.18 23:30:00	195.1	nan	177.6	nan	2	US	USD
840520011	CFTC Nasdaq 100 Non-Commercial Net Positions	2022.02.18 23:30:00	9.3	nan	8.0	nan	2	US	USD
840170001	S&P/CS HPI Composite-20 y/y	2022.02.22 17:00:00	18.6	18.4	18.3	nan	2	US	USD
840170002	S&P/CS HPI Composite-20 n.s.a. m/m	2022.02.22 17:00:00	1.1	1.1	1.0	nan	2	US	USD
840500003	S&P Global Composite PMI	2022.02.22 17:45:00	56.0	50.9	51.1	nan	2	US	USD
840220010	2-Year Note Auction	2022.02.22 21:00:00	1.553	nan	0.99	nan	2	US	USD
840220012	5-Year Note Auction	2022.02.23 21:00:00	1.88	nan	1.533	nan	2	US	USD
840140002	Continuing Jobless Claims	2022.02.24 16:30:00	1.476	1.56	1.593	1.588	2	US	USD
840010016	Real PCE q/q	2022.02.24 16:30:00	3.1	3.3	3.3	nan	2	US	USD
840020009	New Home Sales m/m	2022.02.24 18:00:00	-4.5	-3.8	11.9	12.0	2	US	USD
840200002	EIA Cushing Crude Oil Stocks Change	2022.02.24 19:00:00	-2.049	-1.031	-1.9	nan	2	US	USD
840220013	7-Year Note Auction	2022.02.24 21:00:00	1.905	nan	1.769	nan	2	US	USD
840020014	Core Durable Goods Orders m/m	2022.02.25 16:30:00	0.7	0.0	0.4	0.9	2	US	USD
840010003	PCE Price Index m/m	2022.02.25 16:30:00	0.6	0.3	0.4	0.5	2	US	USD
840010004	PCE Price Index y/y	2022.02.25 16:30:00	6.1	5.5	5.8	nan	2	US	USD
840010005	Personal Spending m/m	2022.02.25 16:30:00	2.1	-0.1	-0.6	-0.8	2	US	USD
840210001	Michigan Consumer Sentiment	2022.02.25 18:00:00	62.8	61.7	61.7	nan	2	US	USD
840210002	Michigan Consumer Expectations	2022.02.25 18:00:00	59.4	57.4	57.4	nan	2	US	USD
840210004	Michigan Inflation Expectations	2022.02.25 18:00:00	4.9	5.0	5.0	nan	2	US	USD
840210005	Michigan 5-Year Inflation Expectations	2022.02.25 18:00:00	3.0	3.1	3.1	nan	2	US	USD
840120003	Pending Home Sales m/m	2022.02.25 18:00:00	-5.7	1.1	-3.8	-2.3	2	US	USD
840100001	Baker Hughes US Oil Rig Count	2022.02.25 21:00:00	522.0	nan	520.0	nan	2	US	USD
840100002	Baker Hughes US Total Rig Count	2022.02.25 21:00:00	650.0	nan	645.0	nan	2	US	USD
840520003	CFTC Gold Non-Commercial Net Positions	2022.02.25 23:30:00	243.1	nan	213.6	nan	2	US	USD
840520004	CFTC Crude Oil Non-Commercial Net Positions	2022.02.25 23:30:00	339.0	nan	348.1	nan	2	US	USD
840520005	CFTC S&P 500 Non-Commercial Net Positions	2022.02.25 23:30:00	236.4	nan	195.1	nan	2	US	USD
840520011	CFTC Nasdaq 100 Non-Commercial Net Positions	2022.02.25 23:30:00	13.9	nan	9.3	nan	2	US	USD
840020019	Goods Trade Balance	2022.02.28 16:30:00	-107.63	-95.257	-100.96	-100.474	2	US	USD
840020027	Retail Inventories m/m	2022.02.28 16:30:00	1.9	4.7	4.2	4.7	2	US	USD
840020028	Retail Inventories excl. Autos m/m	2022.02.28 16:30:00	1.7	nan	3.3	3.9	2	US	USD
840040004	ISM Manufacturing Employment	2022.03.01 18:00:00	52.9	54.4	54.5	nan	2	US	USD
840020002	Construction Spending m/m	2022.03.01 18:00:00	1.3	0.3	0.2	0.8	2	US	USD
840200002	EIA Cushing Crude Oil Stocks Change	2022.03.02 18:30:00	-0.972	-0.557	-2.049	nan	2	US	USD
840030028	Nonfarm Productivity q/q	2022.03.03 16:30:00	6.6	6.6	6.6	nan	2	US	USD
840030029	Unit Labor Costs q/q	2022.03.03 16:30:00	0.9	0.3	0.3	nan	2	US	USD
840140002	Continuing Jobless Claims	2022.03.03 16:30:00	1.476	1.413	1.476	1.474	2	US	USD
840500003	S&P Global Composite PMI	2022.03.03 17:45:00	55.9	56.0	56.0	nan	2	US	USD
840040005	ISM Non-Manufacturing Employment	2022.03.03 18:00:00	48.5	53.5	52.3	nan	2	US	USD
840020003	Factory Orders m/m	2022.03.03 18:00:00	1.4	-0.3	-0.4	0.7	2	US	USD
840030017	Participation Rate	2022.03.04 16:30:00	62.3	62.0	62.2	nan	2	US	USD
840030019	Average Hourly Earnings y/y	2022.03.04 16:30:00	5.1	5.2	5.7	nan	2	US	USD
840030023	Private Nonfarm Payrolls	2022.03.04 16:30:00	654.0	54.0	444.0	448.0	2	US	USD
840030024	U6 Unemployment Rate	2022.03.04 16:30:00	7.2	7.2	7.1	nan	2	US	USD
840100001	Baker Hughes US Oil Rig Count	2022.03.04 21:00:00	519.0	nan	522.0	nan	2	US	USD
840100002	Baker Hughes US Total Rig Count	2022.03.04 21:00:00	650.0	nan	650.0	nan	2	US	USD
840520003	CFTC Gold Non-Commercial Net Positions	2022.03.04 23:30:00	257.6	nan	243.1	nan	2	US	USD
840520004	CFTC Crude Oil Non-Commercial Net Positions	2022.03.04 23:30:00	368.7	nan	339.0	nan	2	US	USD
840520005	CFTC S&P 500 Non-Commercial Net Positions	2022.03.04 23:30:00	161.0	nan	236.4	nan	2	US	USD
840520011	CFTC Nasdaq 100 Non-Commercial Net Positions	2022.03.04 23:30:00	12.1	nan	13.9	nan	2	US	USD
840050013	Fed Consumer Credit m/m	2022.03.07 23:00:00	6.84	24.33	18.9	22.38	2	US	USD
840020001	Trade Balance	2022.03.08 16:30:00	-89.692	-80.829	-80.731	-81.957	2	US	USD
840020023	Exports	2022.03.08 16:30:00	224.4	nan	228.143	228.347	2	US	USD
840020024	Imports	2022.03.08 16:30:00	314.093	nan	308.874	310.304	2	US	USD
840220011	3-Year Note Auction	2022.03.08 21:00:00	1.775	nan	1.592	nan	2	US	USD
840200002	EIA Cushing Crude Oil Stocks Change	2022.03.09 18:30:00	-0.585	0.024	-0.972	nan	2	US	USD
840030008	Core CPI y/y	2022.03.10 16:30:00	6.4	6.5	6.0	nan	2	US	USD
840140002	Continuing Jobless Claims	2022.03.10 16:30:00	1.494	1.339	1.476	1.469	2	US	USD
840150001	Federal Budget Balance	2022.03.10 22:00:00	-216.6	-242.6	118.7	nan	2	US	USD
840210001	Michigan Consumer Sentiment	2022.03.11 18:00:00	59.7	63.4	62.8	nan	2	US	USD
840210002	Michigan Consumer Expectations	2022.03.11 18:00:00	54.4	64.3	59.4	nan	2	US	USD
840210004	Michigan Inflation Expectations	2022.03.11 18:00:00	5.4	5.0	4.9	nan	2	US	USD
840210005	Michigan 5-Year Inflation Expectations	2022.03.11 18:00:00	3.0	3.1	3.0	nan	2	US	USD
840100001	Baker Hughes US Oil Rig Count	2022.03.11 21:00:00	527.0	nan	519.0	nan	2	US	USD
840100002	Baker Hughes US Total Rig Count	2022.03.11 21:00:00	663.0	nan	650.0	nan	2	US	USD
840520003	CFTC Gold Non-Commercial Net Positions	2022.03.11 23:30:00	274.4	nan	257.6	nan	2	US	USD
840520004	CFTC Crude Oil Non-Commercial Net Positions	2022.03.11 23:30:00	361.7	nan	368.7	nan	2	US	USD
840520005	CFTC S&P 500 Non-Commercial Net Positions	2022.03.11 23:30:00	127.7	nan	161.0	nan	2	US	USD
840520011	CFTC Nasdaq 100 Non-Commercial Net Positions	2022.03.11 23:30:00	26.6	nan	12.1	nan	2	US	USD
840030002	Core PPI m/m	2022.03.15 15:30:00	0.2	0.6	0.8	1.0	2	US	USD
840230001	NY Fed Empire State Manufacturing Index	2022.03.15 15:30:00	-11.8	1.2	3.1	nan	2	US	USD
840220001	TIC Net Long-Term Transactions	2022.03.15 23:00:00	58.8	81.6	114.5	nan	2	US	USD
840020012	Retail Control m/m	2022.03.16 15:30:00	-1.2	-2.4	4.8	6.7	2	US	USD
840030011	Import Price Index m/m	2022.03.16 15:30:00	1.4	0.4	2.0	1.9	2	US	USD
840030013	Export Price Index m/m	2022.03.16 15:30:00	3.0	1.0	2.9	2.8	2	US	USD
840020007	Business Inventories m/m	2022.03.16 17:00:00	1.1	1.8	2.1	2.4	2	US	USD
840020027	Retail Inventories m/m	2022.03.16 17:00:00	2.0	1.9	1.9	nan	2	US	USD
840020028	Retail Inventories excl. Autos m/m	2022.03.16 17:00:00	1.8	nan	1.7	nan	2	US	USD
840200002	EIA Cushing Crude Oil Stocks Change	2022.03.16 17:30:00	1.786	0.5	-0.585	nan	2	US	USD
840020004	Housing Starts	2022.03.17 15:30:00	1.769	1.674	1.638	1.657	2	US	USD
840020005	Building Permits	2022.03.17 15:30:00	1.859	1.894	1.899	1.895	2	US	USD
840020015	Housing Starts m/m	2022.03.17 15:30:00	6.8	0.4	-4.1	-5.5	2	US	USD
840070002	Philadelphia Fed Employment	2022.03.17 15:30:00	38.9	30.1	32.3	nan	2	US	USD
840140002	Continuing Jobless Claims	2022.03.17 15:30:00	1.419	1.405	1.494	1.49	2	US	USD
840050011	Fed Industrial Production m/m	2022.03.17 16:15:00	0.5	-0.2	1.4	nan	2	US	USD
840050026	Fed Industrial Production y/y	2022.03.17 16:15:00	7.5	3.9	4.1	nan	2	US	USD
840120002	Existing Home Sales m/m	2022.03.18 17:00:00	-7.2	0.3	6.7	6.6	2	US	USD
840180001	CB Leading Economic Index m/m	2022.03.18 17:00:00	0.3	0.7	-0.3	-0.5	2	US	USD
840100001	Baker Hughes US Oil Rig Count	2022.03.18 20:00:00	524.0	nan	527.0	nan	2	US	USD
840100002	Baker Hughes US Total Rig Count	2022.03.18 20:00:00	663.0	nan	663.0	nan	2	US	USD
840520003	CFTC Gold Non-Commercial Net Positions	2022.03.18 22:30:00	261.8	nan	274.4	nan	2	US	USD
840520004	CFTC Crude Oil Non-Commercial Net Positions	2022.03.18 22:30:00	341.8	nan	361.7	nan	2	US	USD
840520005	CFTC S&P 500 Non-Commercial Net Positions	2022.03.18 22:30:00	102.2	nan	127.7	nan	2	US	USD
840520011	CFTC Nasdaq 100 Non-Commercial Net Positions	2022.03.18 22:30:00	19.0	nan	26.6	nan	2	US	USD
840020009	New Home Sales m/m	2022.03.23 17:00:00	-2.0	2.5	-4.5	-8.4	2	US	USD
840200002	EIA Cushing Crude Oil Stocks Change	2022.03.23 17:30:00	1.235	1.138	1.786	nan	2	US	USD
840220019	20-Year Bond Auction	2022.03.23 20:00:00	2.651	nan	2.396	nan	2	US	USD
840020014	Core Durable Goods Orders m/m	2022.03.24 15:30:00	-0.6	0.1	0.7	0.8	2	US	USD
840010015	Current Account	2022.03.24 15:30:00	-217.88	-228.472	-214.774	-219.872	2	US	USD
840140002	Continuing Jobless Claims	2022.03.24 15:30:00	1.35	1.375	1.419	1.417	2	US	USD
840500003	S&P Global Composite PMI	2022.03.24 16:45:00	58.5	55.9	55.9	nan	2	US	USD
840220017	10-Year TIPS Auction	2022.03.24 20:00:00	-0.589	nan	-0.54	nan	2	US	USD
840210001	Michigan Consumer Sentiment	2022.03.25 17:00:00	59.4	59.7	59.7	nan	2	US	USD
840210002	Michigan Consumer Expectations	2022.03.25 17:00:00	54.3	54.4	54.4	nan	2	US	USD
840210004	Michigan Inflation Expectations	2022.03.25 17:00:00	5.4	5.4	5.4	nan	2	US	USD
840210005	Michigan 5-Year Inflation Expectations	2022.03.25 17:00:00	3.0	3.0	3.0	nan	2	US	USD
840120003	Pending Home Sales m/m	2022.03.25 17:00:00	-4.1	-1.3	-5.7	-5.8	2	US	USD
840100001	Baker Hughes US Oil Rig Count	2022.03.25 20:00:00	531.0	nan	524.0	nan	2	US	USD
840100002	Baker Hughes US Total Rig Count	2022.03.25 20:00:00	670.0	nan	663.0	nan	2	US	USD
840520003	CFTC Gold Non-Commercial Net Positions	2022.03.25 22:30:00	248.0	nan	261.8	nan	2	US	USD
840520004	CFTC Crude Oil Non-Commercial Net Positions	2022.03.25 22:30:00	340.0	nan	341.8	nan	2	US	USD
840520005	CFTC S&P 500 Non-Commercial Net Positions	2022.03.25 22:30:00	-54.2	nan	102.2	nan	2	US	USD
840520011	CFTC Nasdaq 100 Non-Commercial Net Positions	2022.03.25 22:30:00	2.8	nan	19.0	nan	2	US	USD
840020019	Goods Trade Balance	2022.03.28 15:30:00	-106.586	-102.226	-107.63	-107.571	2	US	USD
840020027	Retail Inventories m/m	2022.03.28 15:30:00	1.1	0.2	2.0	1.9	2	US	USD
840020028	Retail Inventories excl. Autos m/m	2022.03.28 15:30:00	1.2	nan	1.8	1.7	2	US	USD
840220010	2-Year Note Auction	2022.03.28 18:30:00	2.365	nan	1.553	nan	2	US	USD
840220012	5-Year Note Auction	2022.03.28 20:00:00	2.543	nan	1.88	nan	2	US	USD
840170001	S&P/CS HPI Composite-20 y/y	2022.03.29 16:00:00	19.1	19.2	18.6	nan	2	US	USD
840170002	S&P/CS HPI Composite-20 n.s.a. m/m	2022.03.29 16:00:00	1.4	1.1	1.1	nan	2	US	USD
840220013	7-Year Note Auction	2022.03.29 20:00:00	2.499	nan	1.905	nan	2	US	USD
840010016	Real PCE q/q	2022.03.30 15:30:00	2.5	3.1	3.1	nan	2	US	USD
840200002	EIA Cushing Crude Oil Stocks Change	2022.03.30 17:30:00	-1.009	1.462	1.235	nan	2	US	USD
840010003	PCE Price Index m/m	2022.03.31 15:30:00	0.6	0.5	0.6	0.5	2	US	USD
840010004	PCE Price Index y/y	2022.03.31 15:30:00	6.4	6.7	6.1	6.0	2	US	USD
840010005	Personal Spending m/m	2022.03.31 15:30:00	0.2	-0.1	2.1	2.7	2	US	USD
840140002	Continuing Jobless Claims	2022.03.31 15:30:00	1.307	1.254	1.35	1.342	2	US	USD
840030017	Participation Rate	2022.04.01 15:30:00	62.4	62.2	62.3	nan	2	US	USD
840030019	Average Hourly Earnings y/y	2022.04.01 15:30:00	5.6	5.4	5.1	nan	2	US	USD
840030023	Private Nonfarm Payrolls	2022.04.01 15:30:00	426.0	-23.0	654.0	739.0	2	US	USD
840030024	U6 Unemployment Rate	2022.04.01 15:30:00	6.9	7.1	7.2	nan	2	US	USD
840040004	ISM Manufacturing Employment	2022.04.01 17:00:00	56.3	53.7	52.9	nan	2	US	USD
840020002	Construction Spending m/m	2022.04.01 17:00:00	0.5	0.3	1.3	1.6	2	US	USD
840100001	Baker Hughes US Oil Rig Count	2022.04.01 20:00:00	533.0	nan	531.0	nan	2	US	USD
840100002	Baker Hughes US Total Rig Count	2022.04.01 20:00:00	673.0	nan	670.0	nan	2	US	USD
840520003	CFTC Gold Non-Commercial Net Positions	2022.04.01 22:30:00	257.6	nan	248.0	nan	2	US	USD
840520004	CFTC Crude Oil Non-Commercial Net Positions	2022.04.01 22:30:00	318.7	nan	340.0	nan	2	US	USD
840520005	CFTC S&P 500 Non-Commercial Net Positions	2022.04.01 22:30:00	-50.9	nan	-54.2	nan	2	US	USD
840520011	CFTC Nasdaq 100 Non-Commercial Net Positions	2022.04.01 22:30:00	-11.2	nan	2.8	nan	2	US	USD
840020003	Factory Orders m/m	2022.04.04 17:00:00	-0.5	-0.2	1.4	1.5	2	US	USD
840020001	Trade Balance	2022.04.05 15:30:00	-89.185	-85.834	-89.692	-89.229	2	US	USD
840020023	Exports	2022.04.05 15:30:00	228.63	nan	224.4	224.49	2	US	USD
840020024	Imports	2022.04.05 15:30:00	317.814	nan	314.093	313.72	2	US	USD
840500003	S&P Global Composite PMI	2022.04.05 16:45:00	57.7	58.5	58.5	nan	2	US	USD
840040005	ISM Non-Manufacturing Employment	2022.04.05 17:00:00	54.0	50.3	48.5	nan	2	US	USD
840200002	EIA Cushing Crude Oil Stocks Change	2022.04.06 17:30:00	1.654	1.277	-1.009	nan	2	US	USD
840140002	Continuing Jobless Claims	2022.04.07 15:30:00	1.523	1.236	1.307	1.506	2	US	USD
840050013	Fed Consumer Credit m/m	2022.04.07 22:00:00	41.82	23.02	6.84	8.93	2	US	USD
840100001	Baker Hughes US Oil Rig Count	2022.04.08 20:00:00	546.0	nan	533.0	nan	2	US	USD
840100002	Baker Hughes US Total Rig Count	2022.04.08 20:00:00	689.0	nan	673.0	nan	2	US	USD
840520003	CFTC Gold Non-Commercial Net Positions	2022.04.08 22:30:00	245.5	nan	257.6	nan	2	US	USD
840520004	CFTC Crude Oil Non-Commercial Net Positions	2022.04.08 22:30:00	308.6	nan	318.7	nan	2	US	USD
840520005	CFTC S&P 500 Non-Commercial Net Positions	2022.04.08 22:30:00	-31.7	nan	-50.9	nan	2	US	USD
840520011	CFTC Nasdaq 100 Non-Commercial Net Positions	2022.04.08 22:30:00	-8.6	nan	-11.2	nan	2	US	USD
840220011	3-Year Note Auction	2022.04.11 20:00:00	2.738	nan	1.775	nan	2	US	USD
840030008	Core CPI y/y	2022.04.12 15:30:00	6.5	6.4	6.4	nan	2	US	USD
840150001	Federal Budget Balance	2022.04.12 21:00:00	-192.7	-222.5	-216.6	nan	2	US	USD
840030002	Core PPI m/m	2022.04.13 15:30:00	1.0	0.5	0.2	0.4	2	US	USD
840200002	EIA Cushing Crude Oil Stocks Change	2022.04.13 17:30:00	0.45	1.011	1.654	nan	2	US	USD
840020012	Retail Control m/m	2022.04.14 15:30:00	-0.1	2.6	-1.2	-0.9	2	US	USD
840030011	Import Price Index m/m	2022.04.14 15:30:00	2.6	0.3	1.4	1.6	2	US	USD
840030013	Export Price Index m/m	2022.04.14 15:30:00	4.5	1.1	3.0	nan	2	US	USD
840140002	Continuing Jobless Claims	2022.04.14 15:30:00	1.475	1.447	1.523	nan	2	US	USD
840210001	Michigan Consumer Sentiment	2022.04.14 17:00:00	65.7	60.6	59.4	nan	2	US	USD
840210002	Michigan Consumer Expectations	2022.04.14 17:00:00	64.1	54.0	54.3	nan	2	US	USD
840210004	Michigan Inflation Expectations	2022.04.14 17:00:00	5.4	5.4	5.4	nan	2	US	USD
840210005	Michigan 5-Year Inflation Expectations	2022.04.14 17:00:00	3.0	3.1	3.0	nan	2	US	USD
840020007	Business Inventories m/m	2022.04.14 17:00:00	1.5	1.6	1.1	1.3	2	US	USD
840020027	Retail Inventories m/m	2022.04.14 17:00:00	1.2	1.1	1.1	nan	2	US	USD
840020028	Retail Inventories excl. Autos m/m	2022.04.14 17:00:00	1.4	nan	1.2	nan	2	US	USD
840100001	Baker Hughes US Oil Rig Count	2022.04.14 20:00:00	548.0	nan	546.0	nan	2	US	USD
840100002	Baker Hughes US Total Rig Count	2022.04.14 20:00:00	693.0	nan	689.0	nan	2	US	USD
840230001	NY Fed Empire State Manufacturing Index	2022.04.15 15:30:00	24.6	-4.3	-11.8	nan	2	US	USD
840050011	Fed Industrial Production m/m	2022.04.15 16:15:00	0.9	0.3	0.5	0.9	2	US	USD
840050026	Fed Industrial Production y/y	2022.04.15 16:15:00	5.5	5.9	7.5	nan	2	US	USD
840520003	CFTC Gold Non-Commercial Net Positions	2022.04.15 22:30:00	254.3	nan	245.5	nan	2	US	USD
840520004	CFTC Crude Oil Non-Commercial Net Positions	2022.04.15 22:30:00	304.8	nan	308.6	nan	2	US	USD
840520005	CFTC S&P 500 Non-Commercial Net Positions	2022.04.15 22:30:00	63.0	nan	-31.7	nan	2	US	USD
840520011	CFTC Nasdaq 100 Non-Commercial Net Positions	2022.04.15 22:30:00	13.0	nan	-8.6	nan	2	US	USD
840220001	TIC Net Long-Term Transactions	2022.04.15 23:00:00	141.7	82.2	58.8	nan	2	US	USD
840020004	Housing Starts	2022.04.19 15:30:00	1.793	1.71	1.769	1.788	2	US	USD
840020005	Building Permits	2022.04.19 15:30:00	1.873	1.886	1.859	1.865	2	US	USD
840020015	Housing Starts m/m	2022.04.19 15:30:00	0.3	-0.3	6.8	6.5	2	US	USD
840120002	Existing Home Sales m/m	2022.04.20 17:00:00	-2.7	-0.6	-7.2	-8.6	2	US	USD
840200002	EIA Cushing Crude Oil Stocks Change	2022.04.20 17:30:00	-0.185	0.465	0.45	nan	2	US	USD
840220019	20-Year Bond Auction	2022.04.20 20:00:00	3.095	nan	2.651	nan	2	US	USD
840070002	Philadelphia Fed Employment	2022.04.21 15:30:00	41.4	37.1	38.9	nan	2	US	USD
840140002	Continuing Jobless Claims	2022.04.21 15:30:00	1.417	1.536	1.475	nan	2	US	USD
840180001	CB Leading Economic Index m/m	2022.04.21 17:00:00	0.3	0.7	0.3	0.6	2	US	USD
840220016	5-Year TIPS Auction	2022.04.21 20:00:00	-0.34	nan	-1.508	nan	2	US	USD
840500003	S&P Global Composite PMI	2022.04.22 16:45:00	55.1	58.1	57.7	nan	2	US	USD
840100001	Baker Hughes US Oil Rig Count	2022.04.22 20:00:00	549.0	nan	548.0	nan	2	US	USD
840100002	Baker Hughes US Total Rig Count	2022.04.22 20:00:00	695.0	nan	693.0	nan	2	US	USD
840520003	CFTC Gold Non-Commercial Net Positions	2022.04.22 22:30:00	239.8	nan	254.3	nan	2	US	USD
840520004	CFTC Crude Oil Non-Commercial Net Positions	2022.04.22 22:30:00	307.7	nan	304.8	nan	2	US	USD
840520005	CFTC S&P 500 Non-Commercial Net Positions	2022.04.22 22:30:00	68.4	nan	63.0	nan	2	US	USD
840520011	CFTC Nasdaq 100 Non-Commercial Net Positions	2022.04.22 22:30:00	8.1	nan	13.0	nan	2	US	USD
840020014	Core Durable Goods Orders m/m	2022.04.26 15:30:00	1.1	-0.1	-0.6	-0.5	2	US	USD
840170001	S&P/CS HPI Composite-20 y/y	2022.04.26 16:00:00	20.2	19.2	19.1	nan	2	US	USD
840170002	S&P/CS HPI Composite-20 n.s.a. m/m	2022.04.26 16:00:00	2.4	1.8	1.4	nan	2	US	USD
840020009	New Home Sales m/m	2022.04.26 17:00:00	-8.6	0.5	-2.0	-1.2	2	US	USD
840220010	2-Year Note Auction	2022.04.26 20:00:00	2.585	nan	2.365	nan	2	US	USD
840020019	Goods Trade Balance	2022.04.27 15:30:00	-125.324	-114.927	-106.586	-106.345	2	US	USD
840020027	Retail Inventories m/m	2022.04.27 15:30:00	2.0	1.2	1.2	1.5	2	US	USD
840020028	Retail Inventories excl. Autos m/m	2022.04.27 15:30:00	2.3	nan	1.4	1.5	2	US	USD
840120003	Pending Home Sales m/m	2022.04.27 17:00:00	-1.2	0.9	-4.1	-4.0	2	US	USD
840200002	EIA Cushing Crude Oil Stocks Change	2022.04.27 17:30:00	1.298	0.745	-0.185	nan	2	US	USD
840220012	5-Year Note Auction	2022.04.27 20:00:00	2.785	nan	2.543	nan	2	US	USD
840010016	Real PCE q/q	2022.04.28 15:30:00	2.7	2.8	2.5	nan	2	US	USD
840140002	Continuing Jobless Claims	2022.04.28 15:30:00	1.408	1.53	1.417	1.409	2	US	USD
840220013	7-Year Note Auction	2022.04.28 20:00:00	2.908	nan	2.499	nan	2	US	USD
840030025	Employment Cost Index q/q	2022.04.29 15:30:00	1.4	1.2	1.0	nan	2	US	USD
840010003	PCE Price Index m/m	2022.04.29 15:30:00	0.9	0.5	0.6	0.5	2	US	USD
840010004	PCE Price Index y/y	2022.04.29 15:30:00	6.6	6.5	6.4	6.3	2	US	USD
840010005	Personal Spending m/m	2022.04.29 15:30:00	1.1	0.1	0.2	0.6	2	US	USD
840210001	Michigan Consumer Sentiment	2022.04.29 17:00:00	65.2	65.7	65.7	nan	2	US	USD
840210002	Michigan Consumer Expectations	2022.04.29 17:00:00	62.5	64.1	64.1	nan	2	US	USD
840210004	Michigan Inflation Expectations	2022.04.29 17:00:00	5.4	5.4	5.4	nan	2	US	USD
840210005	Michigan 5-Year Inflation Expectations	2022.04.29 17:00:00	3.0	3.0	3.0	nan	2	US	USD
840100001	Baker Hughes US Oil Rig Count	2022.04.29 20:00:00	552.0	nan	549.0	nan	2	US	USD
840100002	Baker Hughes US Total Rig Count	2022.04.29 20:00:00	698.0	nan	695.0	nan	2	US	USD
840520003	CFTC Gold Non-Commercial Net Positions	2022.04.29 22:30:00	218.0	nan	239.8	nan	2	US	USD
840520004	CFTC Crude Oil Non-Commercial Net Positions	2022.04.29 22:30:00	316.1	nan	307.7	nan	2	US	USD
840520005	CFTC S&P 500 Non-Commercial Net Positions	2022.04.29 22:30:00	122.8	nan	68.4	nan	2	US	USD
840520011	CFTC Nasdaq 100 Non-Commercial Net Positions	2022.04.29 22:30:00	15.8	nan	8.1	nan	2	US	USD
840020002	Construction Spending m/m	2022.05.02 17:00:00	0.1	0.1	0.5	nan	2	US	USD
840040004	ISM Manufacturing Employment	2022.05.02 17:00:00	50.9	54.7	56.3	nan	2	US	USD
840020003	Factory Orders m/m	2022.05.03 17:00:00	2.2	-0.1	-0.5	0.1	2	US	USD
840020001	Trade Balance	2022.05.04 15:30:00	-109.802	-90.055	-89.185	-89.799	2	US	USD
840020023	Exports	2022.05.04 15:30:00	241.716	nan	228.63	228.824	2	US	USD
840020024	Imports	2022.05.04 15:30:00	351.518	nan	317.814	318.624	2	US	USD
840500003	S&P Global Composite PMI	2022.05.04 16:45:00	56.0	55.1	55.1	nan	2	US	USD
840040005	ISM Non-Manufacturing Employment	2022.05.04 17:00:00	49.5	51.2	54.0	nan	2	US	USD
840200002	EIA Cushing Crude Oil Stocks Change	2022.05.04 17:30:00	1.379	-0.628	1.298	nan	2	US	USD
840030028	Nonfarm Productivity q/q	2022.05.05 15:30:00	-7.5	3.3	6.6	6.3	2	US	USD
840030029	Unit Labor Costs q/q	2022.05.05 15:30:00	11.6	3.2	0.9	1.0	2	US	USD
840140002	Continuing Jobless Claims	2022.05.05 15:30:00	1.384	1.465	1.408	1.403	2	US	USD
840030017	Participation Rate	2022.05.06 15:30:00	62.2	62.3	62.4	nan	2	US	USD
840030019	Average Hourly Earnings y/y	2022.05.06 15:30:00	5.5	5.4	5.6	nan	2	US	USD
840030023	Private Nonfarm Payrolls	2022.05.06 15:30:00	406.0	-89.0	426.0	424.0	2	US	USD
840030024	U6 Unemployment Rate	2022.05.06 15:30:00	7.0	7.0	6.9	nan	2	US	USD
840100001	Baker Hughes US Oil Rig Count	2022.05.06 20:00:00	557.0	nan	552.0	nan	2	US	USD
840100002	Baker Hughes US Total Rig Count	2022.05.06 20:00:00	705.0	nan	698.0	nan	2	US	USD
840050013	Fed Consumer Credit m/m	2022.05.06 22:00:00	52.43	24.38	41.82	37.7	2	US	USD
840520003	CFTC Gold Non-Commercial Net Positions	2022.05.06 22:30:00	199.2	nan	218.0	nan	2	US	USD
840520004	CFTC Crude Oil Non-Commercial Net Positions	2022.05.06 22:30:00	321.7	nan	316.1	nan	2	US	USD
840520005	CFTC S&P 500 Non-Commercial Net Positions	2022.05.06 22:30:00	52.2	nan	122.8	nan	2	US	USD
840520011	CFTC Nasdaq 100 Non-Commercial Net Positions	2022.05.06 22:30:00	16.1	nan	15.8	nan	2	US	USD
840220011	3-Year Note Auction	2022.05.10 20:00:00	2.809	nan	2.738	nan	2	US	USD
840030008	Core CPI y/y	2022.05.11 15:30:00	6.2	6.0	6.5	nan	2	US	USD
840200002	EIA Cushing Crude Oil Stocks Change	2022.05.11 17:30:00	-0.587	-0.723	1.379	nan	2	US	USD
840150001	Federal Budget Balance	2022.05.11 21:00:00	308.2	-200.2	-192.7	-192.6	2	US	USD
840030002	Core PPI m/m	2022.05.12 15:30:00	0.4	0.6	1.0	1.2	2	US	USD
840140002	Continuing Jobless Claims	2022.05.12 15:30:00	1.343	1.32	1.384	1.387	2	US	USD
840030011	Import Price Index m/m	2022.05.13 15:30:00	0.0	1.0	2.6	2.9	2	US	USD
840030013	Export Price Index m/m	2022.05.13 15:30:00	0.6	2.3	4.5	4.1	2	US	USD
840210001	Michigan Consumer Sentiment	2022.05.13 17:00:00	59.1	66.5	65.2	nan	2	US	USD
840210002	Michigan Consumer Expectations	2022.05.13 17:00:00	56.3	56.5	62.5	nan	2	US	USD
840210004	Michigan Inflation Expectations	2022.05.13 17:00:00	5.4	5.4	5.4	nan	2	US	USD
840210005	Michigan 5-Year Inflation Expectations	2022.05.13 17:00:00	3.0	3.0	3.0	nan	2	US	USD
840100001	Baker Hughes US Oil Rig Count	2022.05.13 20:00:00	563.0	nan	557.0	nan	2	US	USD
840100002	Baker Hughes US Total Rig Count	2022.05.13 20:00:00	714.0	nan	705.0	nan	2	US	USD
840520003	CFTC Gold Non-Commercial Net Positions	2022.05.13 22:30:00	193.3	nan	199.2	nan	2	US	USD
840520004	CFTC Crude Oil Non-Commercial Net Positions	2022.05.13 22:30:00	310.8	nan	321.7	nan	2	US	USD
840520005	CFTC S&P 500 Non-Commercial Net Positions	2022.05.13 22:30:00	121.8	nan	52.2	nan	2	US	USD
840520011	CFTC Nasdaq 100 Non-Commercial Net Positions	2022.05.13 22:30:00	13.5	nan	16.1	nan	2	US	USD
840230001	NY Fed Empire State Manufacturing Index	2022.05.16 15:30:00	-11.6	6.4	24.6	nan	2	US	USD
840220001	TIC Net Long-Term Transactions	2022.05.16 23:00:00	23.1	86.6	141.7	nan	2	US	USD
840020012	Retail Control m/m	2022.05.17 15:30:00	1.0	-2.0	-0.1	1.1	2	US	USD
840050011	Fed Industrial Production m/m	2022.05.17 16:15:00	1.1	0.3	0.9	nan	2	US	USD
840050026	Fed Industrial Production y/y	2022.05.17 16:15:00	6.4	6.5	5.5	nan	2	US	USD
840020007	Business Inventories m/m	2022.05.17 17:00:00	2.0	1.3	1.5	1.8	2	US	USD
840020027	Retail Inventories m/m	2022.05.17 17:00:00	2.3	2.0	2.0	nan	2	US	USD
840020028	Retail Inventories excl. Autos m/m	2022.05.17 17:00:00	2.5	nan	2.3	nan	2	US	USD
840020004	Housing Starts	2022.05.18 15:30:00	1.724	1.788	1.793	1.728	2	US	USD
840020005	Building Permits	2022.05.18 15:30:00	1.819	1.873	1.873	1.879	2	US	USD
840020015	Housing Starts m/m	2022.05.18 15:30:00	-0.2	0.3	0.3	-2.8	2	US	USD
840200002	EIA Cushing Crude Oil Stocks Change	2022.05.18 17:30:00	-2.403	-0.901	-0.587	nan	2	US	USD
840220019	20-Year Bond Auction	2022.05.18 20:00:00	3.29	nan	3.095	nan	2	US	USD
840070002	Philadelphia Fed Employment	2022.05.19 15:30:00	25.5	41.9	41.4	nan	2	US	USD
840140002	Continuing Jobless Claims	2022.05.19 15:30:00	1.317	1.264	1.343	1.342	2	US	USD
840120002	Existing Home Sales m/m	2022.05.19 17:00:00	-2.4	-0.7	-2.7	-3.0	2	US	USD
840180001	CB Leading Economic Index m/m	2022.05.19 17:00:00	-0.3	0.7	0.3	0.1	2	US	USD
840220017	10-Year TIPS Auction	2022.05.19 20:00:00	0.232	nan	-0.589	nan	2	US	USD
840100001	Baker Hughes US Oil Rig Count	2022.05.20 20:00:00	576.0	nan	563.0	nan	2	US	USD
840100002	Baker Hughes US Total Rig Count	2022.05.20 20:00:00	728.0	nan	714.0	nan	2	US	USD
840520003	CFTC Gold Non-Commercial Net Positions	2022.05.20 22:30:00	175.4	nan	193.3	nan	2	US	USD
840520004	CFTC Crude Oil Non-Commercial Net Positions	2022.05.20 22:30:00	325.6	nan	310.8	nan	2	US	USD
840520005	CFTC S&P 500 Non-Commercial Net Positions	2022.05.20 22:30:00	66.6	nan	121.8	nan	2	US	USD
840520011	CFTC Nasdaq 100 Non-Commercial Net Positions	2022.05.20 22:30:00	15.2	nan	13.5	nan	2	US	USD
840500003	S&P Global Composite PMI	2022.05.24 16:45:00	53.8	55.5	56.0	nan	2	US	USD
840020009	New Home Sales m/m	2022.05.24 17:00:00	-16.6	-3.4	-8.6	-10.5	2	US	USD
840220010	2-Year Note Auction	2022.05.24 20:00:00	2.519	nan	2.585	nan	2	US	USD
840020014	Core Durable Goods Orders m/m	2022.05.25 15:30:00	0.3	0.0	1.1	nan	2	US	USD
840200002	EIA Cushing Crude Oil Stocks Change	2022.05.25 17:30:00	-1.061	-0.947	-2.403	nan	2	US	USD
840220012	5-Year Note Auction	2022.05.25 20:00:00	2.736	nan	2.785	nan	2	US	USD
840010016	Real PCE q/q	2022.05.26 15:30:00	3.1	2.7	2.7	nan	2	US	USD
840140002	Continuing Jobless Claims	2022.05.26 15:30:00	1.346	1.23	1.317	1.315	2	US	USD
840120003	Pending Home Sales m/m	2022.05.26 17:00:00	-3.9	-0.6	-1.2	-1.6	2	US	USD
840220013	7-Year Note Auction	2022.05.26 20:00:00	2.777	nan	2.908	nan	2	US	USD
840020019	Goods Trade Balance	2022.05.27 15:30:00	-105.942	-128.063	-125.324	-125.937	2	US	USD
840020027	Retail Inventories m/m	2022.05.27 15:30:00	0.7	2.2	2.3	3.0	2	US	USD
840020028	Retail Inventories excl. Autos m/m	2022.05.27 15:30:00	1.7	nan	2.5	3.5	2	US	USD
840010003	PCE Price Index m/m	2022.05.27 15:30:00	0.2	0.8	0.9	nan	2	US	USD
840010004	PCE Price Index y/y	2022.05.27 15:30:00	6.3	6.6	6.6	nan	2	US	USD
840010005	Personal Spending m/m	2022.05.27 15:30:00	0.9	0.1	1.1	1.4	2	US	USD
840210001	Michigan Consumer Sentiment	2022.05.27 17:00:00	58.4	59.1	59.1	nan	2	US	USD
840210002	Michigan Consumer Expectations	2022.05.27 17:00:00	55.2	56.3	56.3	nan	2	US	USD
840210004	Michigan Inflation Expectations	2022.05.27 17:00:00	5.3	5.4	5.4	nan	2	US	USD
840210005	Michigan 5-Year Inflation Expectations	2022.05.27 17:00:00	3.0	3.0	3.0	nan	2	US	USD
840100001	Baker Hughes US Oil Rig Count	2022.05.27 20:00:00	574.0	nan	576.0	nan	2	US	USD
840100002	Baker Hughes US Total Rig Count	2022.05.27 20:00:00	727.0	nan	728.0	nan	2	US	USD
840520003	CFTC Gold Non-Commercial Net Positions	2022.05.27 22:30:00	183.8	nan	175.4	nan	2	US	USD
840520004	CFTC Crude Oil Non-Commercial Net Positions	2022.05.27 22:30:00	334.8	nan	325.6	nan	2	US	USD
840520005	CFTC S&P 500 Non-Commercial Net Positions	2022.05.27 22:30:00	48.9	nan	66.6	nan	2	US	USD
840520011	CFTC Nasdaq 100 Non-Commercial Net Positions	2022.05.27 22:30:00	13.7	nan	15.2	nan	2	US	USD
840170001	S&P/CS HPI Composite-20 y/y	2022.05.31 16:00:00	21.2	20.8	20.2	nan	2	US	USD
840170002	S&P/CS HPI Composite-20 n.s.a. m/m	2022.05.31 16:00:00	3.1	3.1	2.4	nan	2	US	USD
840040004	ISM Manufacturing Employment	2022.06.01 17:00:00	49.6	53.6	50.9	nan	2	US	USD
840020002	Construction Spending m/m	2022.06.01 17:00:00	0.2	-0.1	0.1	0.3	2	US	USD
840030028	Nonfarm Productivity q/q	2022.06.02 15:30:00	-7.3	-7.5	-7.5	nan	2	US	USD
840030029	Unit Labor Costs q/q	2022.06.02 15:30:00	12.6	11.6	11.6	nan	2	US	USD
840140002	Continuing Jobless Claims	2022.06.02 15:30:00	1.309	1.308	1.346	1.343	2	US	USD
840020003	Factory Orders m/m	2022.06.02 17:00:00	0.3	0.0	2.2	1.8	2	US	USD
840200002	EIA Cushing Crude Oil Stocks Change	2022.06.02 18:00:00	0.256	-0.935	-1.061	nan	2	US	USD
840030017	Participation Rate	2022.06.03 15:30:00	62.3	62.3	62.2	nan	2	US	USD
840030019	Average Hourly Earnings y/y	2022.06.03 15:30:00	5.2	5.6	5.5	nan	2	US	USD
840030023	Private Nonfarm Payrolls	2022.06.03 15:30:00	333.0	8.0	406.0	405.0	2	US	USD
840030024	U6 Unemployment Rate	2022.06.03 15:30:00	7.1	6.9	7.0	nan	2	US	USD
840500003	S&P Global Composite PMI	2022.06.03 16:45:00	53.6	53.8	53.8	nan	2	US	USD
840040005	ISM Non-Manufacturing Employment	2022.06.03 17:00:00	50.2	51.7	49.5	nan	2	US	USD
840100001	Baker Hughes US Oil Rig Count	2022.06.03 20:00:00	574.0	nan	574.0	nan	2	US	USD
840100002	Baker Hughes US Total Rig Count	2022.06.03 20:00:00	727.0	nan	727.0	nan	2	US	USD
840520003	CFTC Gold Non-Commercial Net Positions	2022.06.03 22:30:00	172.6	nan	183.8	nan	2	US	USD
840520004	CFTC Crude Oil Non-Commercial Net Positions	2022.06.03 22:30:00	333.0	nan	334.8	nan	2	US	USD
840520005	CFTC S&P 500 Non-Commercial Net Positions	2022.06.03 22:30:00	21.9	nan	48.9	nan	2	US	USD
840520011	CFTC Nasdaq 100 Non-Commercial Net Positions	2022.06.03 22:30:00	5.6	nan	13.7	nan	2	US	USD
840020001	Trade Balance	2022.06.07 15:30:00	-87.077	-100.875	-109.802	-107.651	2	US	USD
840020023	Exports	2022.06.07 15:30:00	252.621	nan	241.716	244.112	2	US	USD
840020024	Imports	2022.06.07 15:30:00	339.697	nan	351.518	351.763	2	US	USD
840220011	3-Year Note Auction	2022.06.07 20:00:00	2.927	nan	2.809	nan	2	US	USD
840050013	Fed Consumer Credit m/m	2022.06.07 22:00:00	38.07	29.57	52.43	47.34	2	US	USD
840200002	EIA Cushing Crude Oil Stocks Change	2022.06.08 17:30:00	-1.593	-0.665	0.256	nan	2	US	USD
840140002	Continuing Jobless Claims	2022.06.09 15:30:00	1.306	1.327	1.309	1.306	2	US	USD
840030008	Core CPI y/y	2022.06.10 15:30:00	6.0	5.9	6.2	nan	2	US	USD
840210001	Michigan Consumer Sentiment	2022.06.10 17:00:00	50.2	56.9	58.4	nan	2	US	USD
840210002	Michigan Consumer Expectations	2022.06.10 17:00:00	46.8	52.7	55.2	nan	2	US	USD
840210004	Michigan Inflation Expectations	2022.06.10 17:00:00	5.4	5.4	5.3	nan	2	US	USD
840210005	Michigan 5-Year Inflation Expectations	2022.06.10 17:00:00	3.3	3.0	3.0	nan	2	US	USD
840100001	Baker Hughes US Oil Rig Count	2022.06.10 20:00:00	580.0	nan	574.0	nan	2	US	USD
840100002	Baker Hughes US Total Rig Count	2022.06.10 20:00:00	733.0	nan	727.0	nan	2	US	USD
840150001	Federal Budget Balance	2022.06.10 21:00:00	-66.2	-200.2	308.2	nan	2	US	USD
840520003	CFTC Gold Non-Commercial Net Positions	2022.06.10 22:30:00	175.3	nan	172.6	nan	2	US	USD
840520004	CFTC Crude Oil Non-Commercial Net Positions	2022.06.10 22:30:00	328.3	nan	333.0	nan	2	US	USD
840520005	CFTC S&P 500 Non-Commercial Net Positions	2022.06.10 22:30:00	-17.0	nan	21.9	nan	2	US	USD
840520011	CFTC Nasdaq 100 Non-Commercial Net Positions	2022.06.10 22:30:00	17.0	nan	5.6	nan	2	US	USD
840030002	Core PPI m/m	2022.06.14 15:30:00	0.5	0.6	0.4	0.2	2	US	USD
840020012	Retail Control m/m	2022.06.15 15:30:00	0.0	1.5	1.0	0.5	2	US	USD
840030011	Import Price Index m/m	2022.06.15 15:30:00	0.6	0.7	0.0	0.4	2	US	USD
840030013	Export Price Index m/m	2022.06.15 15:30:00	2.8	1.7	0.6	0.8	2	US	USD
840230001	NY Fed Empire State Manufacturing Index	2022.06.15 15:30:00	-1.2	6.5	-11.6	nan	2	US	USD
840020007	Business Inventories m/m	2022.06.15 17:00:00	1.2	1.8	2.0	2.4	2	US	USD
840020027	Retail Inventories m/m	2022.06.15 17:00:00	0.7	0.7	0.7	nan	2	US	USD
840020028	Retail Inventories excl. Autos m/m	2022.06.15 17:00:00	1.7	nan	1.7	nan	2	US	USD
840200002	EIA Cushing Crude Oil Stocks Change	2022.06.15 17:30:00	-0.826	-0.48	-1.593	nan	2	US	USD
840220001	TIC Net Long-Term Transactions	2022.06.15 23:00:00	87.7	84.3	23.1	nan	2	US	USD
840020004	Housing Starts	2022.06.16 15:30:00	1.549	1.764	1.724	1.81	2	US	USD
840020005	Building Permits	2022.06.16 15:30:00	1.695	1.852	1.819	1.823	2	US	USD
840020015	Housing Starts m/m	2022.06.16 15:30:00	-14.4	-0.4	-0.2	5.5	2	US	USD
840070002	Philadelphia Fed Employment	2022.06.16 15:30:00	28.1	33.9	25.5	nan	2	US	USD
840140002	Continuing Jobless Claims	2022.06.16 15:30:00	1.312	1.307	1.306	1.309	2	US	USD
840050011	Fed Industrial Production m/m	2022.06.17 16:15:00	0.2	0.0	1.1	1.4	2	US	USD
840050026	Fed Industrial Production y/y	2022.06.17 16:15:00	5.8	6.0	6.4	nan	2	US	USD
840180001	CB Leading Economic Index m/m	2022.06.17 17:00:00	-0.4	0.6	-0.3	-0.4	2	US	USD
840100001	Baker Hughes US Oil Rig Count	2022.06.17 20:00:00	584.0	nan	580.0	nan	2	US	USD
840100002	Baker Hughes US Total Rig Count	2022.06.17 20:00:00	740.0	nan	733.0	nan	2	US	USD
840520003	CFTC Gold Non-Commercial Net Positions	2022.06.17 22:30:00	154.6	nan	175.3	nan	2	US	USD
840520004	CFTC Crude Oil Non-Commercial Net Positions	2022.06.17 22:30:00	302.9	nan	328.3	nan	2	US	USD
840520005	CFTC S&P 500 Non-Commercial Net Positions	2022.06.17 22:30:00	34.3	nan	-17.0	nan	2	US	USD
840520011	CFTC Nasdaq 100 Non-Commercial Net Positions	2022.06.17 22:30:00	28.4	nan	17.0	nan	2	US	USD
840120002	Existing Home Sales m/m	2022.06.21 17:00:00	-3.4	-0.2	-2.4	-2.6	2	US	USD
840220019	20-Year Bond Auction	2022.06.22 20:00:00	3.488	nan	3.29	nan	2	US	USD
840010015	Current Account	2022.06.23 15:30:00	-291.418	-255.577	-217.88	-224.837	2	US	USD
840140002	Continuing Jobless Claims	2022.06.23 15:30:00	1.315	1.37	1.312	1.31	2	US	USD
840500003	S&P Global Composite PMI	2022.06.23 16:45:00	51.2	53.7	53.6	nan	2	US	USD
840220016	5-Year TIPS Auction	2022.06.23 20:00:00	0.362	nan	-0.34	nan	2	US	USD
840210001	Michigan Consumer Sentiment	2022.06.24 17:00:00	50.0	50.2	50.2	nan	2	US	USD
840210002	Michigan Consumer Expectations	2022.06.24 17:00:00	47.5	46.8	46.8	nan	2	US	USD
840210004	Michigan Inflation Expectations	2022.06.24 17:00:00	5.3	5.4	5.4	nan	2	US	USD
840210005	Michigan 5-Year Inflation Expectations	2022.06.24 17:00:00	3.1	3.3	3.3	nan	2	US	USD
840020009	New Home Sales m/m	2022.06.24 17:00:00	10.7	1.0	-16.6	-12.0	2	US	USD
840100001	Baker Hughes US Oil Rig Count	2022.06.24 20:00:00	594.0	nan	584.0	nan	2	US	USD
840100002	Baker Hughes US Total Rig Count	2022.06.24 20:00:00	753.0	nan	740.0	nan	2	US	USD
840520003	CFTC Gold Non-Commercial Net Positions	2022.06.24 22:30:00	163.3	nan	154.6	nan	2	US	USD
840520004	CFTC Crude Oil Non-Commercial Net Positions	2022.06.24 22:30:00	289.5	nan	302.9	nan	2	US	USD
840520005	CFTC S&P 500 Non-Commercial Net Positions	2022.06.24 22:30:00	-114.3	nan	34.3	nan	2	US	USD
840520011	CFTC Nasdaq 100 Non-Commercial Net Positions	2022.06.24 22:30:00	30.8	nan	28.4	nan	2	US	USD
840020014	Core Durable Goods Orders m/m	2022.06.27 15:30:00	0.7	0.1	0.3	0.2	2	US	USD
840120003	Pending Home Sales m/m	2022.06.27 17:00:00	0.7	0.4	-3.9	-4.0	2	US	USD
840220010	2-Year Note Auction	2022.06.27 18:30:00	3.084	nan	2.519	nan	2	US	USD
840220012	5-Year Note Auction	2022.06.27 20:00:00	3.271	nan	2.736	nan	2	US	USD
840020019	Goods Trade Balance	2022.06.28 15:30:00	-104.31	-112.75	-105.942	-106.701	2	US	USD
840020027	Retail Inventories m/m	2022.06.28 15:30:00	1.1	0.7	0.7	nan	2	US	USD
840020028	Retail Inventories excl. Autos m/m	2022.06.28 15:30:00	0.8	nan	1.7	nan	2	US	USD
840170001	S&P/CS HPI Composite-20 y/y	2022.06.28 16:00:00	21.2	21.9	21.2	nan	2	US	USD
840170002	S&P/CS HPI Composite-20 n.s.a. m/m	2022.06.28 16:00:00	2.3	3.2	3.1	nan	2	US	USD
840220013	7-Year Note Auction	2022.06.28 20:00:00	3.28	nan	2.777	nan	2	US	USD
840010016	Real PCE q/q	2022.06.29 15:30:00	1.8	3.1	3.1	nan	2	US	USD
840200002	EIA Cushing Crude Oil Stocks Change	2022.06.29 17:30:00	-0.782	-0.377	-0.826	nan	2	US	USD
840010003	PCE Price Index m/m	2022.06.30 15:30:00	0.6	0.3	0.2	nan	2	US	USD
840010004	PCE Price Index y/y	2022.06.30 15:30:00	6.3	6.4	6.3	nan	2	US	USD
840010005	Personal Spending m/m	2022.06.30 15:30:00	0.2	-0.1	0.9	0.6	2	US	USD
840140002	Continuing Jobless Claims	2022.06.30 15:30:00	1.328	1.358	1.315	1.331	2	US	USD
840040004	ISM Manufacturing Employment	2022.07.01 17:00:00	47.3	50.2	49.6	nan	2	US	USD
840020002	Construction Spending m/m	2022.07.01 17:00:00	-0.1	-0.3	0.2	0.8	2	US	USD
840100001	Baker Hughes US Oil Rig Count	2022.07.01 20:00:00	595.0	nan	594.0	nan	2	US	USD
840100002	Baker Hughes US Total Rig Count	2022.07.01 20:00:00	750.0	nan	753.0	nan	2	US	USD
840520003	CFTC Gold Non-Commercial Net Positions	2022.07.01 22:30:00	157.7	nan	163.3	nan	2	US	USD
840520004	CFTC Crude Oil Non-Commercial Net Positions	2022.07.01 22:30:00	299.7	nan	289.5	nan	2	US	USD
840520005	CFTC S&P 500 Non-Commercial Net Positions	2022.07.01 22:30:00	-139.2	nan	-114.3	nan	2	US	USD
840520011	CFTC Nasdaq 100 Non-Commercial Net Positions	2022.07.01 22:30:00	24.2	nan	30.8	nan	2	US	USD
840020003	Factory Orders m/m	2022.07.05 17:00:00	1.6	0.1	0.3	0.7	2	US	USD
840500003	S&P Global Composite PMI	2022.07.06 16:45:00	52.3	51.2	51.2	nan	2	US	USD
840040005	ISM Non-Manufacturing Employment	2022.07.06 17:00:00	47.4	49.8	50.2	nan	2	US	USD
840020001	Trade Balance	2022.07.07 15:30:00	-85.546	-97.217	-87.077	-86.686	2	US	USD
840020023	Exports	2022.07.07 15:30:00	255.894	nan	252.621	252.85	2	US	USD
840020024	Imports	2022.07.07 15:30:00	341.44	nan	339.697	339.536	2	US	USD
840140002	Continuing Jobless Claims	2022.07.07 15:30:00	1.375	1.286	1.328	1.324	2	US	USD
840200002	EIA Cushing Crude Oil Stocks Change	2022.07.07 18:00:00	0.069	-0.264	-0.782	nan	2	US	USD
840030017	Participation Rate	2022.07.08 15:30:00	62.2	62.2	62.3	nan	2	US	USD
840030019	Average Hourly Earnings y/y	2022.07.08 15:30:00	5.1	5.4	5.2	nan	2	US	USD
840030023	Private Nonfarm Payrolls	2022.07.08 15:30:00	381.0	51.0	333.0	336.0	2	US	USD
840030024	U6 Unemployment Rate	2022.07.08 15:30:00	6.7	7.0	7.1	nan	2	US	USD
840100001	Baker Hughes US Oil Rig Count	2022.07.08 20:00:00	597.0	nan	595.0	nan	2	US	USD
840100002	Baker Hughes US Total Rig Count	2022.07.08 20:00:00	752.0	nan	750.0	nan	2	US	USD
840050013	Fed Consumer Credit m/m	2022.07.08 22:00:00	22.35	32.24	38.07	36.76	2	US	USD
840520003	CFTC Gold Non-Commercial Net Positions	2022.07.08 22:30:00	145.7	nan	157.7	nan	2	US	USD
840520004	CFTC Crude Oil Non-Commercial Net Positions	2022.07.08 22:30:00	280.5	nan	299.7	nan	2	US	USD
840520005	CFTC S&P 500 Non-Commercial Net Positions	2022.07.08 22:30:00	-183.7	nan	-139.2	nan	2	US	USD
840520011	CFTC Nasdaq 100 Non-Commercial Net Positions	2022.07.08 22:30:00	30.9	nan	24.2	nan	2	US	USD
840220011	3-Year Note Auction	2022.07.11 20:00:00	3.093	nan	2.927	nan	2	US	USD
840030008	Core CPI y/y	2022.07.13 15:30:00	5.9	6.5	6.0	nan	2	US	USD
840200002	EIA Cushing Crude Oil Stocks Change	2022.07.13 17:30:00	0.316	0.126	0.069	nan	2	US	USD
840150001	Federal Budget Balance	2022.07.13 21:00:00	-88.8	-194.2	-66.2	nan	2	US	USD
840030002	Core PPI m/m	2022.07.14 15:30:00	0.4	0.6	0.5	0.6	2	US	USD
840140002	Continuing Jobless Claims	2022.07.14 15:30:00	1.331	1.32	1.375	1.372	2	US	USD
840020012	Retail Control m/m	2022.07.15 15:30:00	0.5	-1.1	0.0	nan	2	US	USD
840030011	Import Price Index m/m	2022.07.15 15:30:00	0.2	0.6	0.6	0.5	2	US	USD
840030013	Export Price Index m/m	2022.07.15 15:30:00	0.7	2.0	2.8	2.9	2	US	USD
840230001	NY Fed Empire State Manufacturing Index	2022.07.15 15:30:00	11.1	-6.3	-1.2	nan	2	US	USD
840050011	Fed Industrial Production m/m	2022.07.15 16:15:00	-0.2	-0.2	0.2	0.0	2	US	USD
840050026	Fed Industrial Production y/y	2022.07.15 16:15:00	4.2	6.1	5.8	nan	2	US	USD
840210001	Michigan Consumer Sentiment	2022.07.15 17:00:00	51.1	49.0	50.0	nan	2	US	USD
840210002	Michigan Consumer Expectations	2022.07.15 17:00:00	47.3	55.4	47.5	nan	2	US	USD
840210004	Michigan Inflation Expectations	2022.07.15 17:00:00	5.2	5.4	5.3	nan	2	US	USD
840210005	Michigan 5-Year Inflation Expectations	2022.07.15 17:00:00	2.8	3.1	3.1	nan	2	US	USD
840020007	Business Inventories m/m	2022.07.15 17:00:00	1.4	1.6	1.2	1.3	2	US	USD
840020027	Retail Inventories m/m	2022.07.15 17:00:00	1.1	1.1	1.1	nan	2	US	USD
840020028	Retail Inventories excl. Autos m/m	2022.07.15 17:00:00	0.8	nan	0.8	nan	2	US	USD
840100001	Baker Hughes US Oil Rig Count	2022.07.15 20:00:00	599.0	nan	597.0	nan	2	US	USD
840100002	Baker Hughes US Total Rig Count	2022.07.15 20:00:00	756.0	nan	752.0	nan	2	US	USD
840520003	CFTC Gold Non-Commercial Net Positions	2022.07.15 22:30:00	118.1	nan	145.7	nan	2	US	USD
840520004	CFTC Crude Oil Non-Commercial Net Positions	2022.07.15 22:30:00	268.3	nan	280.5	nan	2	US	USD
840520005	CFTC S&P 500 Non-Commercial Net Positions	2022.07.15 22:30:00	-215.5	nan	-183.7	nan	2	US	USD
840520011	CFTC Nasdaq 100 Non-Commercial Net Positions	2022.07.15 22:30:00	19.4	nan	30.9	nan	2	US	USD
840220001	TIC Net Long-Term Transactions	2022.07.18 23:00:00	155.3	84.0	87.7	87.2	2	US	USD
840020004	Housing Starts	2022.07.19 15:30:00	1.559	1.639	1.549	1.591	2	US	USD
840020005	Building Permits	2022.07.19 15:30:00	1.685	1.76	1.695	nan	2	US	USD
840020015	Housing Starts m/m	2022.07.19 15:30:00	-2.0	0.6	-14.4	-11.9	2	US	USD
840120002	Existing Home Sales m/m	2022.07.20 17:00:00	-5.4	0.4	-3.4	nan	2	US	USD
840200002	EIA Cushing Crude Oil Stocks Change	2022.07.20 17:30:00	1.143	0.447	0.316	nan	2	US	USD
840220019	20-Year Bond Auction	2022.07.20 20:00:00	3.42	nan	3.488	nan	2	US	USD
840070002	Philadelphia Fed Employment	2022.07.21 15:30:00	19.4	27.3	28.1	nan	2	US	USD
840140002	Continuing Jobless Claims	2022.07.21 15:30:00	1.384	1.342	1.331	1.333	2	US	USD
840180001	CB Leading Economic Index m/m	2022.07.21 17:00:00	-0.8	0.6	-0.4	nan	2	US	USD
840220017	10-Year TIPS Auction	2022.07.21 20:00:00	0.63	nan	0.232	nan	2	US	USD
840500003	S&P Global Composite PMI	2022.07.22 16:45:00	47.5	51.7	52.3	nan	2	US	USD
840100001	Baker Hughes US Oil Rig Count	2022.07.22 20:00:00	599.0	nan	599.0	nan	2	US	USD
840100002	Baker Hughes US Total Rig Count	2022.07.22 20:00:00	758.0	nan	756.0	nan	2	US	USD
840520003	CFTC Gold Non-Commercial Net Positions	2022.07.22 22:30:00	95.0	nan	118.1	nan	2	US	USD
840520004	CFTC Crude Oil Non-Commercial Net Positions	2022.07.22 22:30:00	271.1	nan	268.3	nan	2	US	USD
840520005	CFTC S&P 500 Non-Commercial Net Positions	2022.07.22 22:30:00	-208.1	nan	-215.5	nan	2	US	USD
840520011	CFTC Nasdaq 100 Non-Commercial Net Positions	2022.07.22 22:30:00	28.1	nan	19.4	nan	2	US	USD
840220010	2-Year Note Auction	2022.07.25 20:00:00	3.015	nan	3.084	nan	2	US	USD
840170001	S&P/CS HPI Composite-20 y/y	2022.07.26 16:00:00	20.5	20.5	21.2	nan	2	US	USD
840170002	S&P/CS HPI Composite-20 n.s.a. m/m	2022.07.26 16:00:00	1.5	1.6	2.3	2.2	2	US	USD
840020009	New Home Sales m/m	2022.07.26 17:00:00	-8.1	-1.6	10.7	6.3	2	US	USD
840220012	5-Year Note Auction	2022.07.26 20:00:00	2.86	nan	3.271	nan	2	US	USD
840020014	Core Durable Goods Orders m/m	2022.07.27 15:30:00	0.3	0.0	0.7	0.5	2	US	USD
840020019	Goods Trade Balance	2022.07.27 15:30:00	-98.183	-106.358	-104.31	-104.041	2	US	USD
840020027	Retail Inventories m/m	2022.07.27 15:30:00	2.0	1.1	1.1	1.6	2	US	USD
840020028	Retail Inventories excl. Autos m/m	2022.07.27 15:30:00	1.6	nan	0.8	1.4	2	US	USD
840120003	Pending Home Sales m/m	2022.07.27 17:00:00	-8.6	-0.5	0.7	0.4	2	US	USD
840200002	EIA Cushing Crude Oil Stocks Change	2022.07.27 17:30:00	0.751	0.813	1.143	nan	2	US	USD
840010016	Real PCE q/q	2022.07.28 15:30:00	1.0	2.5	1.8	nan	2	US	USD
840140002	Continuing Jobless Claims	2022.07.28 15:30:00	1.359	1.384	1.384	nan	2	US	USD
840220013	7-Year Note Auction	2022.07.28 20:00:00	2.73	nan	3.28	nan	2	US	USD
840030025	Employment Cost Index q/q	2022.07.29 15:30:00	1.3	1.1	1.4	nan	2	US	USD
840010003	PCE Price Index m/m	2022.07.29 15:30:00	1.0	0.5	0.6	nan	2	US	USD
840010004	PCE Price Index y/y	2022.07.29 15:30:00	6.8	6.7	6.3	nan	2	US	USD
840010005	Personal Spending m/m	2022.07.29 15:30:00	1.1	-0.1	0.2	0.3	2	US	USD
840210001	Michigan Consumer Sentiment	2022.07.29 17:00:00	51.5	51.1	51.1	nan	2	US	USD
840210002	Michigan Consumer Expectations	2022.07.29 17:00:00	47.3	47.3	47.3	nan	2	US	USD
840210004	Michigan Inflation Expectations	2022.07.29 17:00:00	5.2	5.2	5.2	nan	2	US	USD
840210005	Michigan 5-Year Inflation Expectations	2022.07.29 17:00:00	2.9	2.8	2.8	nan	2	US	USD
840100001	Baker Hughes US Oil Rig Count	2022.07.29 20:00:00	605.0	nan	599.0	nan	2	US	USD
840100002	Baker Hughes US Total Rig Count	2022.07.29 20:00:00	767.0	nan	758.0	nan	2	US	USD
840520003	CFTC Gold Non-Commercial Net Positions	2022.07.29 22:30:00	92.7	nan	95.0	nan	2	US	USD
840520004	CFTC Crude Oil Non-Commercial Net Positions	2022.07.29 22:30:00	259.3	nan	271.1	nan	2	US	USD
840520005	CFTC S&P 500 Non-Commercial Net Positions	2022.07.29 22:30:00	-237.6	nan	-208.1	nan	2	US	USD
840520011	CFTC Nasdaq 100 Non-Commercial Net Positions	2022.07.29 22:30:00	31.8	nan	28.1	nan	2	US	USD
840020002	Construction Spending m/m	2022.08.01 17:00:00	-1.1	-0.4	-0.1	0.1	2	US	USD
840040004	ISM Manufacturing Employment	2022.08.01 17:00:00	49.9	48.4	47.3	nan	2	US	USD
840500003	S&P Global Composite PMI	2022.08.03 16:45:00	47.7	47.5	47.5	nan	2	US	USD
840020003	Factory Orders m/m	2022.08.03 17:00:00	2.0	0.1	1.6	1.8	2	US	USD
840040005	ISM Non-Manufacturing Employment	2022.08.03 17:00:00	49.1	48.7	47.4	nan	2	US	USD
840200002	EIA Cushing Crude Oil Stocks Change	2022.08.03 17:30:00	0.926	1.019	0.751	nan	2	US	USD
840020001	Trade Balance	2022.08.04 15:30:00	-79.614	-86.787	-85.546	-84.906	2	US	USD
840020023	Exports	2022.08.04 15:30:00	260.799	nan	255.894	256.523	2	US	USD
840020024	Imports	2022.08.04 15:30:00	340.413	nan	341.44	341.429	2	US	USD
840140002	Continuing Jobless Claims	2022.08.04 15:30:00	1.416	1.378	1.359	1.368	2	US	USD
840030017	Participation Rate	2022.08.05 15:30:00	62.1	62.2	62.2	nan	2	US	USD
840030019	Average Hourly Earnings y/y	2022.08.05 15:30:00	5.2	5.2	5.1	nan	2	US	USD
840030023	Private Nonfarm Payrolls	2022.08.05 15:30:00	471.0	-8.0	381.0	404.0	2	US	USD
840030024	U6 Unemployment Rate	2022.08.05 15:30:00	6.7	6.9	6.7	nan	2	US	USD
840100001	Baker Hughes US Oil Rig Count	2022.08.05 20:00:00	598.0	nan	605.0	nan	2	US	USD
840100002	Baker Hughes US Total Rig Count	2022.08.05 20:00:00	764.0	nan	767.0	nan	2	US	USD
840050013	Fed Consumer Credit m/m	2022.08.05 22:00:00	40.15	33.37	22.35	23.79	2	US	USD
840520003	CFTC Gold Non-Commercial Net Positions	2022.08.05 22:30:00	124.3	nan	92.7	nan	2	US	USD
840520004	CFTC Crude Oil Non-Commercial Net Positions	2022.08.05 22:30:00	253.8	nan	259.3	nan	2	US	USD
840520005	CFTC S&P 500 Non-Commercial Net Positions	2022.08.05 22:30:00	-231.9	nan	-237.6	nan	2	US	USD
840520011	CFTC Nasdaq 100 Non-Commercial Net Positions	2022.08.05 22:30:00	24.7	nan	31.8	nan	2	US	USD
840030028	Nonfarm Productivity q/q	2022.08.09 15:30:00	-4.6	-4.8	-7.3	-7.4	2	US	USD
840030029	Unit Labor Costs q/q	2022.08.09 15:30:00	10.8	5.0	12.6	12.7	2	US	USD
840220011	3-Year Note Auction	2022.08.09 20:00:00	3.202	nan	3.093	nan	2	US	USD
840030008	Core CPI y/y	2022.08.10 15:30:00	5.9	6.4	5.9	nan	2	US	USD
840200002	EIA Cushing Crude Oil Stocks Change	2022.08.10 17:30:00	0.723	0.914	0.926	nan	2	US	USD
840150001	Federal Budget Balance	2022.08.10 21:00:00	-211.1	95.9	-88.8	nan	2	US	USD
840030002	Core PPI m/m	2022.08.11 15:30:00	0.2	0.6	0.4	nan	2	US	USD
840140002	Continuing Jobless Claims	2022.08.11 15:30:00	1.428	1.423	1.416	1.42	2	US	USD
840030011	Import Price Index m/m	2022.08.12 15:30:00	-1.4	0.6	0.2	0.3	2	US	USD
840030013	Export Price Index m/m	2022.08.12 15:30:00	-3.3	2.0	0.7	nan	2	US	USD
840210001	Michigan Consumer Sentiment	2022.08.12 17:00:00	55.1	52.3	51.5	nan	2	US	USD
840210002	Michigan Consumer Expectations	2022.08.12 17:00:00	54.9	42.4	47.3	nan	2	US	USD
840210004	Michigan Inflation Expectations	2022.08.12 17:00:00	5.0	5.2	5.2	nan	2	US	USD
840210005	Michigan 5-Year Inflation Expectations	2022.08.12 17:00:00	3.0	3.0	2.9	nan	2	US	USD
840100001	Baker Hughes US Oil Rig Count	2022.08.12 20:00:00	601.0	nan	598.0	nan	2	US	USD
840100002	Baker Hughes US Total Rig Count	2022.08.12 20:00:00	763.0	nan	764.0	nan	2	US	USD
840520003	CFTC Gold Non-Commercial Net Positions	2022.08.12 22:30:00	142.9	nan	124.3	nan	2	US	USD
840520004	CFTC Crude Oil Non-Commercial Net Positions	2022.08.12 22:30:00	210.7	nan	253.8	nan	2	US	USD
840520005	CFTC S&P 500 Non-Commercial Net Positions	2022.08.12 22:30:00	-244.3	nan	-231.9	nan	2	US	USD
840520011	CFTC Nasdaq 100 Non-Commercial Net Positions	2022.08.12 22:30:00	21.1	nan	24.7	nan	2	US	USD
840230001	NY Fed Empire State Manufacturing Index	2022.08.15 15:30:00	-31.3	4.9	11.1	nan	2	US	USD
840220001	TIC Net Long-Term Transactions	2022.08.15 23:00:00	121.8	88.8	155.3	nan	2	US	USD
840020004	Housing Starts	2022.08.16 15:30:00	1.446	1.556	1.559	1.599	2	US	USD
840020005	Building Permits	2022.08.16 15:30:00	1.674	1.693	1.685	1.696	2	US	USD
840020015	Housing Starts m/m	2022.08.16 15:30:00	-9.6	-0.7	-2.0	2.4	2	US	USD
840050011	Fed Industrial Production m/m	2022.08.16 16:15:00	0.6	-0.2	-0.2	0.0	2	US	USD
840050026	Fed Industrial Production y/y	2022.08.16 16:15:00	3.9	5.0	4.2	nan	2	US	USD
840020012	Retail Control m/m	2022.08.17 15:30:00	0.8	0.8	0.5	0.7	2	US	USD
840020007	Business Inventories m/m	2022.08.17 17:00:00	1.4	1.3	1.4	1.6	2	US	USD
840020027	Retail Inventories m/m	2022.08.17 17:00:00	2.0	2.0	2.0	nan	2	US	USD
840020028	Retail Inventories excl. Autos m/m	2022.08.17 17:00:00	1.5	nan	1.6	nan	2	US	USD
840200002	EIA Cushing Crude Oil Stocks Change	2022.08.17 17:30:00	0.192	0.531	0.723	nan	2	US	USD
840220019	20-Year Bond Auction	2022.08.17 20:00:00	3.38	nan	3.42	nan	2	US	USD
840070002	Philadelphia Fed Employment	2022.08.18 15:30:00	24.1	23.9	19.4	nan	2	US	USD
840140002	Continuing Jobless Claims	2022.08.18 15:30:00	1.437	1.445	1.428	1.43	2	US	USD
840120002	Existing Home Sales m/m	2022.08.18 17:00:00	-5.9	0.3	-5.4	-5.5	2	US	USD
840180001	CB Leading Economic Index m/m	2022.08.18 17:00:00	-0.4	0.5	-0.8	nan	2	US	USD
840220018	30-Year TIPS Auction	2022.08.18 20:00:00	0.92	nan	0.195	nan	2	US	USD
840100001	Baker Hughes US Oil Rig Count	2022.08.19 20:00:00	601.0	nan	601.0	nan	2	US	USD
840100002	Baker Hughes US Total Rig Count	2022.08.19 20:00:00	762.0	nan	763.0	nan	2	US	USD
840520003	CFTC Gold Non-Commercial Net Positions	2022.08.19 22:30:00	141.2	nan	142.9	nan	2	US	USD
840520004	CFTC Crude Oil Non-Commercial Net Positions	2022.08.19 22:30:00	214.9	nan	210.7	nan	2	US	USD
840520005	CFTC S&P 500 Non-Commercial Net Positions	2022.08.19 22:30:00	-288.0	nan	-244.3	nan	2	US	USD
840520011	CFTC Nasdaq 100 Non-Commercial Net Positions	2022.08.19 22:30:00	6.8	nan	21.1	nan	2	US	USD
840500003	S&P Global Composite PMI	2022.08.23 16:45:00	45.0	47.5	47.7	nan	2	US	USD
840020009	New Home Sales m/m	2022.08.23 17:00:00	-12.6	-2.2	-8.1	-7.1	2	US	USD
840220010	2-Year Note Auction	2022.08.23 20:00:00	3.307	nan	3.015	nan	2	US	USD
840020014	Core Durable Goods Orders m/m	2022.08.24 15:30:00	0.3	-0.1	0.3	nan	2	US	USD
840120003	Pending Home Sales m/m	2022.08.24 17:00:00	-1.0	0.8	-8.6	-8.9	2	US	USD
840200002	EIA Cushing Crude Oil Stocks Change	2022.08.24 17:30:00	0.426	0.075	0.192	nan	2	US	USD
840220012	5-Year Note Auction	2022.08.24 20:00:00	3.23	nan	2.86	nan	2	US	USD
840010016	Real PCE q/q	2022.08.25 15:30:00	1.5	1.0	1.0	nan	2	US	USD
840140002	Continuing Jobless Claims	2022.08.25 15:30:00	1.415	1.457	1.437	1.434	2	US	USD
840220013	7-Year Note Auction	2022.08.25 20:00:00	3.13	nan	2.73	nan	2	US	USD
840020019	Goods Trade Balance	2022.08.26 15:30:00	-89.06	-102.193	-98.183	-98.591	2	US	USD
840020027	Retail Inventories m/m	2022.08.26 15:30:00	1.1	2.0	2.0	1.9	2	US	USD
840020028	Retail Inventories excl. Autos m/m	2022.08.26 15:30:00	0.4	nan	1.5	nan	2	US	USD
840010003	PCE Price Index m/m	2022.08.26 15:30:00	-0.1	0.6	1.0	nan	2	US	USD
840010004	PCE Price Index y/y	2022.08.26 15:30:00	6.3	7.4	6.8	nan	2	US	USD
840010005	Personal Spending m/m	2022.08.26 15:30:00	0.1	0.0	1.1	1.0	2	US	USD
840210001	Michigan Consumer Sentiment	2022.08.26 17:00:00	58.2	55.1	55.1	nan	2	US	USD
840210002	Michigan Consumer Expectations	2022.08.26 17:00:00	58.0	54.9	54.9	nan	2	US	USD
840210004	Michigan Inflation Expectations	2022.08.26 17:00:00	4.8	5.0	5.0	nan	2	US	USD
840210005	Michigan 5-Year Inflation Expectations	2022.08.26 17:00:00	2.9	3.0	3.0	nan	2	US	USD
840100001	Baker Hughes US Oil Rig Count	2022.08.26 20:00:00	605.0	nan	601.0	nan	2	US	USD
840100002	Baker Hughes US Total Rig Count	2022.08.26 20:00:00	765.0	nan	762.0	nan	2	US	USD
840520003	CFTC Gold Non-Commercial Net Positions	2022.08.26 22:30:00	125.8	nan	141.2	nan	2	US	USD
840520004	CFTC Crude Oil Non-Commercial Net Positions	2022.08.26 22:30:00	246.2	nan	214.9	nan	2	US	USD
840520005	CFTC S&P 500 Non-Commercial Net Positions	2022.08.26 22:30:00	-262.3	nan	-288.0	nan	2	US	USD
840520011	CFTC Nasdaq 100 Non-Commercial Net Positions	2022.08.26 22:30:00	38.0	nan	6.8	nan	2	US	USD
840170001	S&P/CS HPI Composite-20 y/y	2022.08.30 16:00:00	18.6	19.8	20.5	nan	2	US	USD
840170002	S&P/CS HPI Composite-20 n.s.a. m/m	2022.08.30 16:00:00	0.4	1.4	1.5	nan	2	US	USD
840200002	EIA Cushing Crude Oil Stocks Change	2022.08.31 17:30:00	-0.523	-0.21	0.426	nan	2	US	USD
840030028	Nonfarm Productivity q/q	2022.09.01 15:30:00	-4.1	-4.6	-4.6	nan	2	US	USD
840030029	Unit Labor Costs q/q	2022.09.01 15:30:00	10.2	10.8	10.8	nan	2	US	USD
840140002	Continuing Jobless Claims	2022.09.01 15:30:00	1.438	1.429	1.415	1.412	2	US	USD
840040004	ISM Manufacturing Employment	2022.09.01 17:00:00	54.2	48.6	49.9	nan	2	US	USD
840020002	Construction Spending m/m	2022.09.01 17:00:00	-0.4	-0.4	-1.1	-0.5	2	US	USD
840030017	Participation Rate	2022.09.02 15:30:00	62.4	62.1	62.1	nan	2	US	USD
840030019	Average Hourly Earnings y/y	2022.09.02 15:30:00	5.2	5.2	5.2	nan	2	US	USD
840030023	Private Nonfarm Payrolls	2022.09.02 15:30:00	308.0	-43.0	471.0	477.0	2	US	USD
840030024	U6 Unemployment Rate	2022.09.02 15:30:00	7.0	6.7	6.7	nan	2	US	USD
840020003	Factory Orders m/m	2022.09.02 17:00:00	-1.0	0.1	2.0	1.8	2	US	USD
840100001	Baker Hughes US Oil Rig Count	2022.09.02 20:00:00	596.0	nan	605.0	nan	2	US	USD
840100002	Baker Hughes US Total Rig Count	2022.09.02 20:00:00	760.0	nan	765.0	nan	2	US	USD
840520003	CFTC Gold Non-Commercial Net Positions	2022.09.02 22:30:00	117.7	nan	125.8	nan	2	US	USD
840520004	CFTC Crude Oil Non-Commercial Net Positions	2022.09.02 22:30:00	229.2	nan	246.2	nan	2	US	USD
840520005	CFTC S&P 500 Non-Commercial Net Positions	2022.09.02 22:30:00	-239.6	nan	-262.3	nan	2	US	USD
840520011	CFTC Nasdaq 100 Non-Commercial Net Positions	2022.09.02 22:30:00	26.8	nan	38.0	nan	2	US	USD
840500003	S&P Global Composite PMI	2022.09.06 16:45:00	44.6	45.0	45.0	nan	2	US	USD
840040005	ISM Non-Manufacturing Employment	2022.09.06 17:00:00	50.2	48.2	49.1	nan	2	US	USD
840020001	Trade Balance	2022.09.07 15:30:00	-70.65	-82.901	-79.614	-80.879	2	US	USD
840020023	Exports	2022.09.07 15:30:00	259.29	nan	260.799	258.763	2	US	USD
840020024	Imports	2022.09.07 15:30:00	329.94	nan	340.413	339.642	2	US	USD
840140002	Continuing Jobless Claims	2022.09.08 15:30:00	1.473	1.389	1.438	1.437	2	US	USD
840200002	EIA Cushing Crude Oil Stocks Change	2022.09.08 18:00:00	-0.501	-0.534	-0.523	nan	2	US	USD
840050013	Fed Consumer Credit m/m	2022.09.08 22:00:00	23.81	37.24	40.15	39.06	2	US	USD
840100001	Baker Hughes US Oil Rig Count	2022.09.09 20:00:00	591.0	nan	596.0	nan	2	US	USD
840100002	Baker Hughes US Total Rig Count	2022.09.09 20:00:00	759.0	nan	760.0	nan	2	US	USD
840520003	CFTC Gold Non-Commercial Net Positions	2022.09.09 22:30:00	103.9	nan	117.7	nan	2	US	USD
840520004	CFTC Crude Oil Non-Commercial Net Positions	2022.09.09 22:30:00	214.5	nan	229.2	nan	2	US	USD
840520005	CFTC S&P 500 Non-Commercial Net Positions	2022.09.09 22:30:00	-238.7	nan	-239.6	nan	2	US	USD
840520011	CFTC Nasdaq 100 Non-Commercial Net Positions	2022.09.09 22:30:00	22.0	nan	26.8	nan	2	US	USD
840220011	3-Year Note Auction	2022.09.12 18:30:00	3.564	nan	3.202	nan	2	US	USD
840030008	Core CPI y/y	2022.09.13 15:30:00	6.3	5.7	5.9	nan	2	US	USD
840150001	Federal Budget Balance	2022.09.13 21:00:00	-219.6	158.0	-211.1	nan	2	US	USD
840030002	Core PPI m/m	2022.09.14 15:30:00	0.4	0.5	0.2	0.3	2	US	USD
840200002	EIA Cushing Crude Oil Stocks Change	2022.09.14 17:30:00	-0.135	-0.848	-0.501	nan	2	US	USD
840020012	Retail Control m/m	2022.09.15 15:30:00	0.0	-0.6	0.8	0.4	2	US	USD
840030011	Import Price Index m/m	2022.09.15 15:30:00	-1.0	0.4	-1.4	-1.5	2	US	USD
840030013	Export Price Index m/m	2022.09.15 15:30:00	-1.6	-0.8	-3.3	-3.7	2	US	USD
840070002	Philadelphia Fed Employment	2022.09.15 15:30:00	12.0	22.0	24.1	nan	2	US	USD
840230001	NY Fed Empire State Manufacturing Index	2022.09.15 15:30:00	-1.5	-10.2	-31.3	nan	2	US	USD
840140002	Continuing Jobless Claims	2022.09.15 15:30:00	1.403	1.421	1.473	1.401	2	US	USD
840050011	Fed Industrial Production m/m	2022.09.15 16:15:00	-0.2	0.1	0.6	0.5	2	US	USD
840050026	Fed Industrial Production y/y	2022.09.15 16:15:00	3.7	4.0	3.9	nan	2	US	USD
840020007	Business Inventories m/m	2022.09.15 17:00:00	0.6	1.4	1.4	nan	2	US	USD
840020027	Retail Inventories m/m	2022.09.15 17:00:00	1.2	1.1	1.1	nan	2	US	USD
840020028	Retail Inventories excl. Autos m/m	2022.09.15 17:00:00	0.4	nan	0.4	nan	2	US	USD
840210001	Michigan Consumer Sentiment	2022.09.16 17:00:00	59.5	57.7	58.2	nan	2	US	USD
840210002	Michigan Consumer Expectations	2022.09.16 17:00:00	59.9	57.3	58.0	nan	2	US	USD
840210004	Michigan Inflation Expectations	2022.09.16 17:00:00	4.6	4.9	4.8	nan	2	US	USD
840210005	Michigan 5-Year Inflation Expectations	2022.09.16 17:00:00	2.8	2.8	2.9	nan	2	US	USD
840100001	Baker Hughes US Oil Rig Count	2022.09.16 20:00:00	599.0	nan	591.0	nan	2	US	USD
840100002	Baker Hughes US Total Rig Count	2022.09.16 20:00:00	763.0	nan	759.0	nan	2	US	USD
840520003	CFTC Gold Non-Commercial Net Positions	2022.09.16 22:30:00	97.3	nan	103.9	nan	2	US	USD
840520004	CFTC Crude Oil Non-Commercial Net Positions	2022.09.16 22:30:00	227.1	nan	214.5	nan	2	US	USD
840520005	CFTC S&P 500 Non-Commercial Net Positions	2022.09.16 22:30:00	-281.0	nan	-238.7	nan	2	US	USD
840520011	CFTC Nasdaq 100 Non-Commercial Net Positions	2022.09.16 22:30:00	11.8	nan	22.0	nan	2	US	USD
840220001	TIC Net Long-Term Transactions	2022.09.16 23:00:00	121.8	89.6	121.8	155.3	2	US	USD
840020004	Housing Starts	2022.09.20 15:30:00	1.575	1.503	1.446	1.404	2	US	USD
840020005	Building Permits	2022.09.20 15:30:00	1.517	1.682	1.674	1.685	2	US	USD
840020015	Housing Starts m/m	2022.09.20 15:30:00	12.2	0.6	-9.6	-10.9	2	US	USD
840220019	20-Year Bond Auction	2022.09.20 20:00:00	3.82	nan	3.38	nan	2	US	USD
840120002	Existing Home Sales m/m	2022.09.21 17:00:00	-0.4	0.0	-5.9	-5.7	2	US	USD
840200002	EIA Cushing Crude Oil Stocks Change	2022.09.21 17:30:00	0.343	-0.846	-0.135	nan	2	US	USD
840010015	Current Account	2022.09.22 15:30:00	-251.09	-178.5	-291.418	-282.54	2	US	USD
840140002	Continuing Jobless Claims	2022.09.22 15:30:00	1.379	1.39	1.403	1.401	2	US	USD
840180001	CB Leading Economic Index m/m	2022.09.22 17:00:00	-0.3	0.5	-0.4	nan	2	US	USD
840220017	10-Year TIPS Auction	2022.09.22 20:00:00	1.248	nan	0.63	nan	2	US	USD
840500003	S&P Global Composite PMI	2022.09.23 16:45:00	49.3	44.7	44.6	nan	2	US	USD
840100001	Baker Hughes US Oil Rig Count	2022.09.23 20:00:00	602.0	nan	599.0	nan	2	US	USD
840100002	Baker Hughes US Total Rig Count	2022.09.23 20:00:00	764.0	nan	763.0	nan	2	US	USD
840520003	CFTC Gold Non-Commercial Net Positions	2022.09.23 22:30:00	65.7	nan	97.3	nan	2	US	USD
840520004	CFTC Crude Oil Non-Commercial Net Positions	2022.09.23 22:30:00	239.9	nan	227.1	nan	2	US	USD
840520005	CFTC S&P 500 Non-Commercial Net Positions	2022.09.23 22:30:00	-219.5	nan	-281.0	nan	2	US	USD
840520011	CFTC Nasdaq 100 Non-Commercial Net Positions	2022.09.23 22:30:00	3.5	nan	11.8	nan	2	US	USD
840220010	2-Year Note Auction	2022.09.26 20:00:00	4.29	nan	3.307	nan	2	US	USD
840020014	Core Durable Goods Orders m/m	2022.09.27 15:30:00	0.2	0.0	0.3	0.2	2	US	USD
840170001	S&P/CS HPI Composite-20 y/y	2022.09.27 16:00:00	16.1	17.9	18.6	nan	2	US	USD
840170002	S&P/CS HPI Composite-20 n.s.a. m/m	2022.09.27 16:00:00	-0.8	-0.3	0.4	nan	2	US	USD
840020009	New Home Sales m/m	2022.09.27 17:00:00	28.8	4.1	-12.6	-8.6	2	US	USD
840220012	5-Year Note Auction	2022.09.27 20:00:00	4.228	nan	3.23	nan	2	US	USD
840020019	Goods Trade Balance	2022.09.28 15:30:00	-87.3	-94.222	-89.06	-90.2	2	US	USD
840020027	Retail Inventories m/m	2022.09.28 15:30:00	1.4	1.2	1.2	1.1	2	US	USD
840020028	Retail Inventories excl. Autos m/m	2022.09.28 15:30:00	0.6	nan	0.4	0.3	2	US	USD
840120003	Pending Home Sales m/m	2022.09.28 17:00:00	-2.0	-0.7	-1.0	-0.6	2	US	USD
840200002	EIA Cushing Crude Oil Stocks Change	2022.09.28 17:30:00	0.692	-0.585	0.343	nan	2	US	USD
840220013	7-Year Note Auction	2022.09.28 20:00:00	3.898	nan	3.13	nan	2	US	USD
840010016	Real PCE q/q	2022.09.29 15:30:00	2.0	1.5	1.5	nan	2	US	USD
840140002	Continuing Jobless Claims	2022.09.29 15:30:00	1.347	1.34	1.379	1.376	2	US	USD
840010003	PCE Price Index m/m	2022.09.30 15:30:00	0.3	0.3	-0.1	nan	2	US	USD
840010004	PCE Price Index y/y	2022.09.30 15:30:00	6.2	6.6	6.3	6.4	2	US	USD
840010005	Personal Spending m/m	2022.09.30 15:30:00	0.4	0.0	0.1	-0.2	2	US	USD
840210001	Michigan Consumer Sentiment	2022.09.30 17:00:00	58.6	59.5	59.5	nan	2	US	USD
840210002	Michigan Consumer Expectations	2022.09.30 17:00:00	58.0	59.9	59.9	nan	2	US	USD
840210004	Michigan Inflation Expectations	2022.09.30 17:00:00	4.7	4.6	4.6	nan	2	US	USD
840210005	Michigan 5-Year Inflation Expectations	2022.09.30 17:00:00	2.7	2.8	2.8	nan	2	US	USD
840100001	Baker Hughes US Oil Rig Count	2022.09.30 20:00:00	604.0	nan	602.0	nan	2	US	USD
840100002	Baker Hughes US Total Rig Count	2022.09.30 20:00:00	765.0	nan	764.0	nan	2	US	USD
840520003	CFTC Gold Non-Commercial Net Positions	2022.09.30 22:30:00	52.1	nan	65.7	nan	2	US	USD
840520004	CFTC Crude Oil Non-Commercial Net Positions	2022.09.30 22:30:00	226.1	nan	239.9	nan	2	US	USD
840520005	CFTC S&P 500 Non-Commercial Net Positions	2022.09.30 22:30:00	-150.2	nan	-219.5	nan	2	US	USD
840520011	CFTC Nasdaq 100 Non-Commercial Net Positions	2022.09.30 22:30:00	0.0	nan	3.5	nan	2	US	USD
840020002	Construction Spending m/m	2022.10.03 17:00:00	-0.7	-0.2	-0.4	-0.6	2	US	USD
840040004	ISM Manufacturing Employment	2022.10.03 17:00:00	48.7	52.1	54.2	nan	2	US	USD
840020003	Factory Orders m/m	2022.10.04 17:00:00	0.0	0.1	-1.0	nan	2	US	USD
840020001	Trade Balance	2022.10.05 15:30:00	-67.398	-75.268	-70.65	-70.455	2	US	USD
840020023	Exports	2022.10.05 15:30:00	258.918	nan	259.29	259.585	2	US	USD
840020024	Imports	2022.10.05 15:30:00	326.316	nan	329.94	330.04	2	US	USD
840500003	S&P Global Composite PMI	2022.10.05 16:45:00	49.5	49.3	49.3	nan	2	US	USD
840040005	ISM Non-Manufacturing Employment	2022.10.05 17:00:00	53.0	49.6	50.2	nan	2	US	USD
840200002	EIA Cushing Crude Oil Stocks Change	2022.10.05 17:30:00	0.273	-0.096	0.692	nan	2	US	USD
840140002	Continuing Jobless Claims	2022.10.06 15:30:00	1.361	1.286	1.347	1.346	2	US	USD
840030017	Participation Rate	2022.10.07 15:30:00	62.3	62.2	62.4	nan	2	US	USD
840030019	Average Hourly Earnings y/y	2022.10.07 15:30:00	5.0	5.2	5.2	nan	2	US	USD
840030023	Private Nonfarm Payrolls	2022.10.07 15:30:00	288.0	-31.0	308.0	275.0	2	US	USD
840030024	U6 Unemployment Rate	2022.10.07 15:30:00	6.7	6.8	7.0	nan	2	US	USD
840100001	Baker Hughes US Oil Rig Count	2022.10.07 20:00:00	602.0	nan	604.0	nan	2	US	USD
840100002	Baker Hughes US Total Rig Count	2022.10.07 20:00:00	762.0	nan	765.0	nan	2	US	USD
840050013	Fed Consumer Credit m/m	2022.10.07 22:00:00	32.24	36.4	23.81	26.1	2	US	USD
840520003	CFTC Gold Non-Commercial Net Positions	2022.10.07 22:30:00	88.4	nan	52.1	nan	2	US	USD
840520004	CFTC Crude Oil Non-Commercial Net Positions	2022.10.07 22:30:00	242.0	nan	226.1	nan	2	US	USD
840520005	CFTC S&P 500 Non-Commercial Net Positions	2022.10.07 22:30:00	-209.3	nan	-150.2	nan	2	US	USD
840520011	CFTC Nasdaq 100 Non-Commercial Net Positions	2022.10.07 22:30:00	-3.8	nan	0.0	nan	2	US	USD
840220011	3-Year Note Auction	2022.10.11 20:00:00	4.318	nan	3.564	nan	2	US	USD
840030002	Core PPI m/m	2022.10.12 15:30:00	0.3	0.4	0.4	0.3	2	US	USD
840030008	Core CPI y/y	2022.10.13 15:30:00	6.6	6.5	6.3	nan	2	US	USD
840140002	Continuing Jobless Claims	2022.10.13 15:30:00	1.368	1.31	1.361	1.365	2	US	USD
840200002	EIA Cushing Crude Oil Stocks Change	2022.10.13 18:00:00	-0.309	0.317	0.273	nan	2	US	USD
840020012	Retail Control m/m	2022.10.14 15:30:00	0.4	0.5	0.0	0.2	2	US	USD
840030011	Import Price Index m/m	2022.10.14 15:30:00	-1.2	0.4	-1.0	-1.1	2	US	USD
840030013	Export Price Index m/m	2022.10.14 15:30:00	-0.8	0.9	-1.6	-1.7	2	US	USD
840210001	Michigan Consumer Sentiment	2022.10.14 17:00:00	59.8	59.6	58.6	nan	2	US	USD
840210002	Michigan Consumer Expectations	2022.10.14 17:00:00	56.2	59.5	58.0	nan	2	US	USD
840210004	Michigan Inflation Expectations	2022.10.14 17:00:00	5.1	4.7	4.7	nan	2	US	USD
840210005	Michigan 5-Year Inflation Expectations	2022.10.14 17:00:00	2.9	2.9	2.7	nan	2	US	USD
840020007	Business Inventories m/m	2022.10.14 17:00:00	0.8	1.0	0.6	0.5	2	US	USD
840020027	Retail Inventories m/m	2022.10.14 17:00:00	1.3	1.4	1.4	nan	2	US	USD
840020028	Retail Inventories excl. Autos m/m	2022.10.14 17:00:00	0.6	nan	0.6	nan	2	US	USD
840100001	Baker Hughes US Oil Rig Count	2022.10.14 20:00:00	610.0	nan	602.0	nan	2	US	USD
840100002	Baker Hughes US Total Rig Count	2022.10.14 20:00:00	769.0	nan	762.0	nan	2	US	USD
840520003	CFTC Gold Non-Commercial Net Positions	2022.10.14 22:30:00	94.4	nan	88.4	nan	2	US	USD
840520004	CFTC Crude Oil Non-Commercial Net Positions	2022.10.14 22:30:00	259.2	nan	242.0	nan	2	US	USD
840520005	CFTC S&P 500 Non-Commercial Net Positions	2022.10.14 22:30:00	-164.1	nan	-209.3	nan	2	US	USD
840520011	CFTC Nasdaq 100 Non-Commercial Net Positions	2022.10.14 22:30:00	8.5	nan	-3.8	nan	2	US	USD
840230001	NY Fed Empire State Manufacturing Index	2022.10.17 15:30:00	-9.1	-13.3	-1.5	nan	2	US	USD
840050011	Fed Industrial Production m/m	2022.10.18 16:15:00	0.4	0.2	-0.2	-0.1	2	US	USD
840050026	Fed Industrial Production y/y	2022.10.18 16:15:00	5.3	3.8	3.7	nan	2	US	USD
840220001	TIC Net Long-Term Transactions	2022.10.18 23:00:00	21.4	93.3	121.8	nan	2	US	USD
840020004	Housing Starts	2022.10.19 15:30:00	1.439	1.513	1.575	1.566	2	US	USD
840020005	Building Permits	2022.10.19 15:30:00	1.564	1.595	1.517	1.542	2	US	USD
840020015	Housing Starts m/m	2022.10.19 15:30:00	-8.1	-0.2	12.2	13.7	2	US	USD
840200002	EIA Cushing Crude Oil Stocks Change	2022.10.19 17:30:00	0.583	0.547	-0.309	nan	2	US	USD
840220019	20-Year Bond Auction	2022.10.19 20:00:00	4.395	nan	3.82	nan	2	US	USD
840070002	Philadelphia Fed Employment	2022.10.20 15:30:00	28.5	18.1	12.0	nan	2	US	USD
840140002	Continuing Jobless Claims	2022.10.20 15:30:00	1.385	1.364	1.368	1.364	2	US	USD
840120002	Existing Home Sales m/m	2022.10.20 17:00:00	-1.5	-0.2	-0.4	-0.8	2	US	USD
840180001	CB Leading Economic Index m/m	2022.10.20 17:00:00	-0.4	0.5	-0.3	nan	2	US	USD
840220016	5-Year TIPS Auction	2022.10.20 20:00:00	1.732	nan	0.362	nan	2	US	USD
840100001	Baker Hughes US Oil Rig Count	2022.10.21 20:00:00	612.0	nan	610.0	nan	2	US	USD
840100002	Baker Hughes US Total Rig Count	2022.10.21 20:00:00	771.0	nan	769.0	nan	2	US	USD
840150001	Federal Budget Balance	2022.10.21 21:00:00	-429.7	189.4	-219.6	nan	2	US	USD
840520003	CFTC Gold Non-Commercial Net Positions	2022.10.21 22:30:00	77.0	nan	94.4	nan	2	US	USD
840520004	CFTC Crude Oil Non-Commercial Net Positions	2022.10.21 22:30:00	251.5	nan	259.2	nan	2	US	USD
840520005	CFTC S&P 500 Non-Commercial Net Positions	2022.10.21 22:30:00	-223.2	nan	-164.1	nan	2	US	USD
840520011	CFTC Nasdaq 100 Non-Commercial Net Positions	2022.10.21 22:30:00	1.5	nan	8.5	nan	2	US	USD
840500003	S&P Global Composite PMI	2022.10.24 16:45:00	47.3	49.3	49.5	nan	2	US	USD
840170001	S&P/CS HPI Composite-20 y/y	2022.10.25 16:00:00	13.1	15.4	16.1	nan	2	US	USD
840170002	S&P/CS HPI Composite-20 n.s.a. m/m	2022.10.25 16:00:00	-1.6	-1.6	-0.8	nan	2	US	USD
840220010	2-Year Note Auction	2022.10.25 20:00:00	4.46	nan	4.29	nan	2	US	USD
840020019	Goods Trade Balance	2022.10.26 15:30:00	-92.221	-90.265	-87.3	-87.279	2	US	USD
840020027	Retail Inventories m/m	2022.10.26 15:30:00	0.4	1.4	1.3	1.4	2	US	USD
840020028	Retail Inventories excl. Autos m/m	2022.10.26 15:30:00	-0.1	nan	0.6	0.7	2	US	USD
840020009	New Home Sales m/m	2022.10.26 17:00:00	-10.9	12.1	28.8	24.7	2	US	USD
840200002	EIA Cushing Crude Oil Stocks Change	2022.10.26 17:30:00	0.667	0.649	0.583	nan	2	US	USD
840220012	5-Year Note Auction	2022.10.26 20:00:00	4.192	nan	4.228	nan	2	US	USD
840020014	Core Durable Goods Orders m/m	2022.10.27 15:30:00	-0.5	0.0	0.2	0.0	2	US	USD
840010016	Real PCE q/q	2022.10.27 15:30:00	1.4	1.8	2.0	nan	2	US	USD
840140002	Continuing Jobless Claims	2022.10.27 15:30:00	1.438	1.376	1.385	1.383	2	US	USD
840220013	7-Year Note Auction	2022.10.27 20:00:00	4.027	nan	3.898	nan	2	US	USD
840030025	Employment Cost Index q/q	2022.10.28 15:30:00	1.2	1.6	1.3	nan	2	US	USD
840010003	PCE Price Index m/m	2022.10.28 15:30:00	0.3	0.5	0.3	nan	2	US	USD
840010004	PCE Price Index y/y	2022.10.28 15:30:00	6.2	5.8	6.2	nan	2	US	USD
840010005	Personal Spending m/m	2022.10.28 15:30:00	0.6	0.0	0.4	0.6	2	US	USD
840210001	Michigan Consumer Sentiment	2022.10.28 17:00:00	59.9	59.8	59.8	nan	2	US	USD
840210002	Michigan Consumer Expectations	2022.10.28 17:00:00	56.2	56.2	56.2	nan	2	US	USD
840210004	Michigan Inflation Expectations	2022.10.28 17:00:00	5.0	5.1	5.1	nan	2	US	USD
840210005	Michigan 5-Year Inflation Expectations	2022.10.28 17:00:00	2.9	2.9	2.9	nan	2	US	USD
840120003	Pending Home Sales m/m	2022.10.28 17:00:00	-10.2	0.5	-2.0	-1.9	2	US	USD
840100001	Baker Hughes US Oil Rig Count	2022.10.28 20:00:00	610.0	nan	612.0	nan	2	US	USD
840100002	Baker Hughes US Total Rig Count	2022.10.28 20:00:00	768.0	nan	771.0	nan	2	US	USD
840520003	CFTC Gold Non-Commercial Net Positions	2022.10.28 22:30:00	68.0	nan	77.0	nan	2	US	USD
840520004	CFTC Crude Oil Non-Commercial Net Positions	2022.10.28 22:30:00	249.1	nan	251.5	nan	2	US	USD
840520005	CFTC S&P 500 Non-Commercial Net Positions	2022.10.28 22:30:00	-219.1	nan	-223.2	nan	2	US	USD
840520011	CFTC Nasdaq 100 Non-Commercial Net Positions	2022.10.28 22:30:00	5.7	nan	1.5	nan	2	US	USD
840040004	ISM Manufacturing Employment	2022.11.01 17:00:00	50.0	51.4	48.7	nan	2	US	USD
840020002	Construction Spending m/m	2022.11.01 17:00:00	0.2	-0.1	-0.7	-0.6	2	US	USD
840200002	EIA Cushing Crude Oil Stocks Change	2022.11.02 17:30:00	1.267	0.659	0.667	nan	2	US	USD
840020001	Trade Balance	2022.11.03 15:30:00	-73.282	-69.103	-67.398	-65.679	2	US	USD
840020023	Exports	2022.11.03 15:30:00	258.004	nan	258.918	260.793	2	US	USD
840020024	Imports	2022.11.03 15:30:00	331.287	nan	326.316	326.472	2	US	USD
840030028	Nonfarm Productivity q/q	2022.11.03 15:30:00	0.3	2.5	-4.1	nan	2	US	USD
840030029	Unit Labor Costs q/q	2022.11.03 15:30:00	3.5	3.9	10.2	8.9	2	US	USD
840140002	Continuing Jobless Claims	2022.11.03 15:30:00	1.485	1.451	1.438	nan	2	US	USD
840500003	S&P Global Composite PMI	2022.11.03 16:45:00	48.2	47.3	47.3	nan	2	US	USD
840040005	ISM Non-Manufacturing Employment	2022.11.03 17:00:00	49.1	51.6	53.0	nan	2	US	USD
840020003	Factory Orders m/m	2022.11.03 17:00:00	0.3	0.0	0.0	0.2	2	US	USD
840030017	Participation Rate	2022.11.04 15:30:00	62.2	62.3	62.3	nan	2	US	USD
840030019	Average Hourly Earnings y/y	2022.11.04 15:30:00	4.7	5.1	5.0	nan	2	US	USD
840030023	Private Nonfarm Payrolls	2022.11.04 15:30:00	233.0	-3.0	288.0	319.0	2	US	USD
840030024	U6 Unemployment Rate	2022.11.04 15:30:00	6.8	6.8	6.7	nan	2	US	USD
840100001	Baker Hughes US Oil Rig Count	2022.11.04 20:00:00	613.0	nan	610.0	nan	2	US	USD
840100002	Baker Hughes US Total Rig Count	2022.11.04 20:00:00	770.0	nan	768.0	nan	2	US	USD
840520003	CFTC Gold Non-Commercial Net Positions	2022.11.04 22:30:00	64.6	nan	68.0	nan	2	US	USD
840520004	CFTC Crude Oil Non-Commercial Net Positions	2022.11.04 22:30:00	254.8	nan	249.1	nan	2	US	USD
840520005	CFTC S&P 500 Non-Commercial Net Positions	2022.11.04 22:30:00	-175.1	nan	-219.1	nan	2	US	USD
840520011	CFTC Nasdaq 100 Non-Commercial Net Positions	2022.11.04 22:30:00	-15.2	nan	5.7	nan	2	US	USD
840050013	Fed Consumer Credit m/m	2022.11.07 23:00:00	24.98	35.49	32.24	30.18	2	US	USD
840220011	3-Year Note Auction	2022.11.08 21:00:00	4.605	nan	4.318	nan	2	US	USD
840200002	EIA Cushing Crude Oil Stocks Change	2022.11.09 18:30:00	-0.923	0.626	1.267	nan	2	US	USD
840030008	Core CPI y/y	2022.11.10 16:30:00	6.3	6.9	6.6	nan	2	US	USD
840140002	Continuing Jobless Claims	2022.11.10 16:30:00	1.493	1.513	1.485	1.487	2	US	USD
840150001	Federal Budget Balance	2022.11.10 22:00:00	-87.8	-84.0	-429.7	nan	2	US	USD
840210001	Michigan Consumer Sentiment	2022.11.11 18:00:00	54.7	59.8	59.9	nan	2	US	USD
840210002	Michigan Consumer Expectations	2022.11.11 18:00:00	52.7	56.1	56.2	nan	2	US	USD
840210004	Michigan Inflation Expectations	2022.11.11 18:00:00	5.1	5.1	5.0	nan	2	US	USD
840210005	Michigan 5-Year Inflation Expectations	2022.11.11 18:00:00	3.0	2.7	2.9	nan	2	US	USD
840100001	Baker Hughes US Oil Rig Count	2022.11.11 21:00:00	622.0	nan	613.0	nan	2	US	USD
840100002	Baker Hughes US Total Rig Count	2022.11.11 21:00:00	779.0	nan	770.0	nan	2	US	USD
840520003	CFTC Gold Non-Commercial Net Positions	2022.11.14 23:30:00	82.3	nan	64.6	nan	2	US	USD
840520004	CFTC Crude Oil Non-Commercial Net Positions	2022.11.14 23:30:00	274.8	nan	254.8	nan	2	US	USD
840520005	CFTC S&P 500 Non-Commercial Net Positions	2022.11.14 23:30:00	-177.1	nan	-175.1	nan	2	US	USD
840520011	CFTC Nasdaq 100 Non-Commercial Net Positions	2022.11.14 23:30:00	-2.4	nan	-15.2	nan	2	US	USD
840030002	Core PPI m/m	2022.11.15 16:30:00	0.0	0.4	0.3	0.2	2	US	USD
840230001	NY Fed Empire State Manufacturing Index	2022.11.15 16:30:00	4.5	-14.9	-9.1	nan	2	US	USD
840020012	Retail Control m/m	2022.11.16 16:30:00	0.7	-0.3	0.4	0.6	2	US	USD
840030011	Import Price Index m/m	2022.11.16 16:30:00	-0.2	0.2	-1.2	-1.1	2	US	USD
840030013	Export Price Index m/m	2022.11.16 16:30:00	-0.3	0.8	-0.8	-1.5	2	US	USD
840050011	Fed Industrial Production m/m	2022.11.16 17:15:00	-0.1	0.0	0.4	0.1	2	US	USD
840050026	Fed Industrial Production y/y	2022.11.16 17:15:00	3.3	4.5	5.3	nan	2	US	USD
840020007	Business Inventories m/m	2022.11.16 18:00:00	0.4	0.7	0.8	0.9	2	US	USD
840020027	Retail Inventories m/m	2022.11.16 18:00:00	0.4	0.4	0.4	nan	2	US	USD
840020028	Retail Inventories excl. Autos m/m	2022.11.16 18:00:00	-0.1	nan	-0.1	nan	2	US	USD
840200002	EIA Cushing Crude Oil Stocks Change	2022.11.16 18:30:00	-1.624	0.284	-0.923	nan	2	US	USD
840220019	20-Year Bond Auction	2022.11.16 21:00:00	4.072	nan	4.395	nan	2	US	USD
840220001	TIC Net Long-Term Transactions	2022.11.17 00:00:00	118.0	90.5	21.4	198.3	2	US	USD
840020004	Housing Starts	2022.11.17 16:30:00	1.425	1.507	1.439	1.488	2	US	USD
840020005	Building Permits	2022.11.17 16:30:00	1.526	1.541	1.564	nan	2	US	USD
840020015	Housing Starts m/m	2022.11.17 16:30:00	-4.2	1.1	-8.1	-1.3	2	US	USD
840070002	Philadelphia Fed Employment	2022.11.17 16:30:00	7.1	20.7	28.5	nan	2	US	USD
840140002	Continuing Jobless Claims	2022.11.17 16:30:00	1.507	1.52	1.493	1.494	2	US	USD
840220017	10-Year TIPS Auction	2022.11.17 21:00:00	1.485	nan	1.248	nan	2	US	USD
840120002	Existing Home Sales m/m	2022.11.18 18:00:00	-5.9	-0.1	-1.5	nan	2	US	USD
840180001	CB Leading Economic Index m/m	2022.11.18 18:00:00	-0.8	0.4	-0.4	nan	2	US	USD
840100001	Baker Hughes US Oil Rig Count	2022.11.18 21:00:00	623.0	nan	622.0	nan	2	US	USD
840100002	Baker Hughes US Total Rig Count	2022.11.18 21:00:00	782.0	nan	779.0	nan	2	US	USD
840520003	CFTC Gold Non-Commercial Net Positions	2022.11.18 23:30:00	126.3	nan	82.3	nan	2	US	USD
840520004	CFTC Crude Oil Non-Commercial Net Positions	2022.11.18 23:30:00	278.3	nan	274.8	nan	2	US	USD
840520005	CFTC S&P 500 Non-Commercial Net Positions	2022.11.18 23:30:00	-202.6	nan	-177.1	nan	2	US	USD
840520011	CFTC Nasdaq 100 Non-Commercial Net Positions	2022.11.18 23:30:00	-5.3	nan	-2.4	nan	2	US	USD
840220010	2-Year Note Auction	2022.11.21 19:30:00	4.505	nan	4.46	nan	2	US	USD
840220012	5-Year Note Auction	2022.11.21 21:00:00	3.974	nan	4.192	nan	2	US	USD
840220013	7-Year Note Auction	2022.11.22 21:00:00	3.89	nan	4.027	nan	2	US	USD
840020014	Core Durable Goods Orders m/m	2022.11.23 16:30:00	0.5	0.0	-0.5	-0.9	2	US	USD
840140002	Continuing Jobless Claims	2022.11.23 16:30:00	1.551	1.513	1.507	1.503	2	US	USD
840500003	S&P Global Composite PMI	2022.11.23 17:45:00	46.3	47.7	48.2	nan	2	US	USD
840210001	Michigan Consumer Sentiment	2022.11.23 18:00:00	56.8	54.7	54.7	nan	2	US	USD
840210002	Michigan Consumer Expectations	2022.11.23 18:00:00	55.6	52.7	52.7	nan	2	US	USD
840210004	Michigan Inflation Expectations	2022.11.23 18:00:00	4.9	5.1	5.1	nan	2	US	USD
840210005	Michigan 5-Year Inflation Expectations	2022.11.23 18:00:00	3.0	3.0	3.0	nan	2	US	USD
840020009	New Home Sales m/m	2022.11.23 18:00:00	7.5	-3.8	-10.9	-11.0	2	US	USD
840200002	EIA Cushing Crude Oil Stocks Change	2022.11.23 18:30:00	-0.887	-0.241	-1.624	nan	2	US	USD
840100001	Baker Hughes US Oil Rig Count	2022.11.23 21:00:00	627.0	nan	623.0	nan	2	US	USD
840100002	Baker Hughes US Total Rig Count	2022.11.23 21:00:00	784.0	nan	782.0	nan	2	US	USD
840520003	CFTC Gold Non-Commercial Net Positions	2022.11.28 23:30:00	116.1	nan	126.3	nan	2	US	USD
840520004	CFTC Crude Oil Non-Commercial Net Positions	2022.11.28 23:30:00	252.5	nan	278.3	nan	2	US	USD
840520005	CFTC S&P 500 Non-Commercial Net Positions	2022.11.28 23:30:00	-191.5	nan	-202.6	nan	2	US	USD
840520011	CFTC Nasdaq 100 Non-Commercial Net Positions	2022.11.28 23:30:00	3.0	nan	-5.3	nan	2	US	USD
840170001	S&P/CS HPI Composite-20 y/y	2022.11.29 17:00:00	10.4	12.4	13.1	nan	2	US	USD
840170002	S&P/CS HPI Composite-20 n.s.a. m/m	2022.11.29 17:00:00	-1.5	-1.8	-1.6	nan	2	US	USD
840020019	Goods Trade Balance	2022.11.30 16:30:00	-99.0	-99.491	-92.221	-91.9	2	US	USD
840020027	Retail Inventories m/m	2022.11.30 16:30:00	-0.2	-0.9	0.4	-0.1	2	US	USD
840020028	Retail Inventories excl. Autos m/m	2022.11.30 16:30:00	-0.4	nan	-0.1	-0.9	2	US	USD
840010016	Real PCE q/q	2022.11.30 16:30:00	1.7	1.4	1.4	nan	2	US	USD
840120003	Pending Home Sales m/m	2022.11.30 18:00:00	-4.6	-0.4	-10.2	-8.7	2	US	USD
840200002	EIA Cushing Crude Oil Stocks Change	2022.11.30 18:30:00	-0.415	-0.697	-0.887	nan	2	US	USD
840010003	PCE Price Index m/m	2022.12.01 16:30:00	0.3	0.5	0.3	nan	2	US	USD
840010004	PCE Price Index y/y	2022.12.01 16:30:00	6.0	6.2	6.2	6.3	2	US	USD
840010005	Personal Spending m/m	2022.12.01 16:30:00	0.8	0.0	0.6	nan	2	US	USD
840140002	Continuing Jobless Claims	2022.12.01 16:30:00	1.608	1.507	1.551	nan	2	US	USD
840040004	ISM Manufacturing Employment	2022.12.01 18:00:00	48.4	49.3	50.0	nan	2	US	USD
840020002	Construction Spending m/m	2022.12.01 18:00:00	-0.3	0.1	0.2	0.1	2	US	USD
840030017	Participation Rate	2022.12.02 16:30:00	62.1	62.2	62.2	nan	2	US	USD
840030019	Average Hourly Earnings y/y	2022.12.02 16:30:00	5.1	4.9	4.7	nan	2	US	USD
840030023	Private Nonfarm Payrolls	2022.12.02 16:30:00	221.0	15.0	233.0	248.0	2	US	USD
840030024	U6 Unemployment Rate	2022.12.02 16:30:00	6.7	6.7	6.8	nan	2	US	USD
840100001	Baker Hughes US Oil Rig Count	2022.12.02 21:00:00	627.0	nan	627.0	nan	2	US	USD
840100002	Baker Hughes US Total Rig Count	2022.12.02 21:00:00	784.0	nan	784.0	nan	2	US	USD
840520003	CFTC Gold Non-Commercial Net Positions	2022.12.02 23:30:00	110.0	nan	116.1	nan	2	US	USD
840520004	CFTC Crude Oil Non-Commercial Net Positions	2022.12.02 23:30:00	239.7	nan	252.5	nan	2	US	USD
840520005	CFTC S&P 500 Non-Commercial Net Positions	2022.12.02 23:30:00	-204.2	nan	-191.5	nan	2	US	USD
840520011	CFTC Nasdaq 100 Non-Commercial Net Positions	2022.12.02 23:30:00	9.8	nan	3.0	nan	2	US	USD
840500003	S&P Global Composite PMI	2022.12.05 17:45:00	46.4	46.3	46.3	nan	2	US	USD
840020003	Factory Orders m/m	2022.12.05 18:00:00	1.0	0.0	0.3	nan	2	US	USD
840040005	ISM Non-Manufacturing Employment	2022.12.05 18:00:00	51.5	51.0	49.1	nan	2	US	USD
840020001	Trade Balance	2022.12.06 16:30:00	-78.162	-70.509	-73.282	-74.128	2	US	USD
840020023	Exports	2022.12.06 16:30:00	256.631	nan	258.004	258.512	2	US	USD
840020024	Imports	2022.12.06 16:30:00	334.793	nan	331.287	332.64	2	US	USD
840030028	Nonfarm Productivity q/q	2022.12.07 16:30:00	0.8	0.3	0.3	nan	2	US	USD
840030029	Unit Labor Costs q/q	2022.12.07 16:30:00	2.4	3.5	3.5	nan	2	US	USD
840200002	EIA Cushing Crude Oil Stocks Change	2022.12.07 18:30:00	-0.373	-0.841	-0.415	nan	2	US	USD
840050013	Fed Consumer Credit m/m	2022.12.07 23:00:00	27.08	33.33	24.98	25.82	2	US	USD
840140002	Continuing Jobless Claims	2022.12.08 16:30:00	1.671	1.575	1.608	1.609	2	US	USD
840030002	Core PPI m/m	2022.12.09 16:30:00	0.4	0.3	0.0	0.1	2	US	USD
840210001	Michigan Consumer Sentiment	2022.12.09 18:00:00	59.1	53.3	56.8	nan	2	US	USD
840210002	Michigan Consumer Expectations	2022.12.09 18:00:00	58.4	55.6	55.6	nan	2	US	USD
840210004	Michigan Inflation Expectations	2022.12.09 18:00:00	4.6	5.0	4.9	nan	2	US	USD
840210005	Michigan 5-Year Inflation Expectations	2022.12.09 18:00:00	3.0	2.9	3.0	nan	2	US	USD
840100001	Baker Hughes US Oil Rig Count	2022.12.09 21:00:00	625.0	nan	627.0	nan	2	US	USD
840100002	Baker Hughes US Total Rig Count	2022.12.09 21:00:00	780.0	nan	784.0	nan	2	US	USD
840520003	CFTC Gold Non-Commercial Net Positions	2022.12.09 23:30:00	115.1	nan	110.0	nan	2	US	USD
840520004	CFTC Crude Oil Non-Commercial Net Positions	2022.12.09 23:30:00	231.7	nan	239.7	nan	2	US	USD
840520005	CFTC S&P 500 Non-Commercial Net Positions	2022.12.09 23:30:00	-203.7	nan	-204.2	nan	2	US	USD
840520011	CFTC Nasdaq 100 Non-Commercial Net Positions	2022.12.09 23:30:00	13.5	nan	9.8	nan	2	US	USD
840220011	3-Year Note Auction	2022.12.12 19:30:00	4.093	nan	4.605	nan	2	US	USD
840150001	Federal Budget Balance	2022.12.12 22:00:00	-248.5	-107.7	-87.8	-87.9	2	US	USD
840030008	Core CPI y/y	2022.12.13 16:30:00	6.0	6.4	6.3	nan	2	US	USD
840030011	Import Price Index m/m	2022.12.14 16:30:00	-0.6	0.2	-0.2	-0.4	2	US	USD
840030013	Export Price Index m/m	2022.12.14 16:30:00	-0.3	0.7	-0.3	-0.4	2	US	USD
840200002	EIA Cushing Crude Oil Stocks Change	2022.12.14 18:30:00	0.426	-0.715	-0.373	nan	2	US	USD
840020012	Retail Control m/m	2022.12.15 16:30:00	-0.2	0.3	0.7	0.5	2	US	USD
840070002	Philadelphia Fed Employment	2022.12.15 16:30:00	-1.8	17.8	7.1	nan	2	US	USD
840230001	NY Fed Empire State Manufacturing Index	2022.12.15 16:30:00	-11.2	-14.9	4.5	nan	2	US	USD
840140002	Continuing Jobless Claims	2022.12.15 16:30:00	1.671	1.683	1.671	1.67	2	US	USD
840050011	Fed Industrial Production m/m	2022.12.15 17:15:00	-0.2	-0.1	-0.1	nan	2	US	USD
840050026	Fed Industrial Production y/y	2022.12.15 17:15:00	2.5	4.3	3.3	nan	2	US	USD
840020007	Business Inventories m/m	2022.12.15 18:00:00	0.3	0.6	0.4	0.2	2	US	USD
840020027	Retail Inventories m/m	2022.12.15 18:00:00	-0.2	-0.2	-0.2	nan	2	US	USD
840020028	Retail Inventories excl. Autos m/m	2022.12.15 18:00:00	-0.5	nan	-0.4	nan	2	US	USD
840220001	TIC Net Long-Term Transactions	2022.12.16 00:00:00	67.8	92.9	118.0	117.7	2	US	USD
840500003	S&P Global Composite PMI	2022.12.16 17:45:00	44.6	46.3	46.4	nan	2	US	USD
840100001	Baker Hughes US Oil Rig Count	2022.12.16 21:00:00	620.0	nan	625.0	nan	2	US	USD
840100002	Baker Hughes US Total Rig Count	2022.12.16 21:00:00	776.0	nan	780.0	nan	2	US	USD
840520003	CFTC Gold Non-Commercial Net Positions	2022.12.16 23:30:00	125.6	nan	115.1	nan	2	US	USD
840520004	CFTC Crude Oil Non-Commercial Net Positions	2022.12.16 23:30:00	229.6	nan	231.7	nan	2	US	USD
840520005	CFTC S&P 500 Non-Commercial Net Positions	2022.12.16 23:30:00	-230.1	nan	-203.7	nan	2	US	USD
840520011	CFTC Nasdaq 100 Non-Commercial Net Positions	2022.12.16 23:30:00	19.2	nan	13.5	nan	2	US	USD
840020004	Housing Starts	2022.12.20 16:30:00	1.427	1.432	1.425	1.434	2	US	USD
840020005	Building Permits	2022.12.20 16:30:00	1.342	1.545	1.526	1.512	2	US	USD
840020015	Housing Starts m/m	2022.12.20 16:30:00	-0.5	-0.4	-4.2	-2.1	2	US	USD
840010015	Current Account	2022.12.21 16:30:00	-217.106	-292.249	-251.09	-238.727	2	US	USD
840120002	Existing Home Sales m/m	2022.12.21 18:00:00	-7.7	0.0	-5.9	nan	2	US	USD
840200002	EIA Cushing Crude Oil Stocks Change	2022.12.21 18:30:00	0.853	-0.328	0.426	nan	2	US	USD
840220019	20-Year Bond Auction	2022.12.21 21:00:00	3.935	nan	4.072	nan	2	US	USD
840010016	Real PCE q/q	2022.12.22 16:30:00	2.3	1.7	1.7	nan	2	US	USD
840140002	Continuing Jobless Claims	2022.12.22 16:30:00	1.672	1.738	1.671	1.678	2	US	USD
840180001	CB Leading Economic Index m/m	2022.12.22 18:00:00	-1.0	0.4	-0.8	nan	2	US	USD
840220016	5-Year TIPS Auction	2022.12.22 21:00:00	1.504	nan	1.732	nan	2	US	USD
840020014	Core Durable Goods Orders m/m	2022.12.23 16:30:00	0.2	0.0	0.5	0.1	2	US	USD
840010003	PCE Price Index m/m	2022.12.23 16:30:00	0.1	0.3	0.3	0.4	2	US	USD
840010004	PCE Price Index y/y	2022.12.23 16:30:00	5.5	5.3	6.0	6.1	2	US	USD
840010005	Personal Spending m/m	2022.12.23 16:30:00	0.1	0.1	0.8	0.9	2	US	USD
840210001	Michigan Consumer Sentiment	2022.12.23 18:00:00	59.7	59.1	59.1	nan	2	US	USD
840210002	Michigan Consumer Expectations	2022.12.23 18:00:00	59.9	58.4	58.4	nan	2	US	USD
840210004	Michigan Inflation Expectations	2022.12.23 18:00:00	4.4	4.6	4.6	nan	2	US	USD
840210005	Michigan 5-Year Inflation Expectations	2022.12.23 18:00:00	2.9	3.0	3.0	nan	2	US	USD
840020009	New Home Sales m/m	2022.12.23 18:00:00	5.8	11.7	7.5	8.2	2	US	USD
840100001	Baker Hughes US Oil Rig Count	2022.12.23 21:00:00	622.0	nan	620.0	nan	2	US	USD
840100002	Baker Hughes US Total Rig Count	2022.12.23 21:00:00	779.0	nan	776.0	nan	2	US	USD
840520003	CFTC Gold Non-Commercial Net Positions	2022.12.23 23:30:00	128.8	nan	125.6	nan	2	US	USD
840520004	CFTC Crude Oil Non-Commercial Net Positions	2022.12.23 23:30:00	238.2	nan	229.6	nan	2	US	USD
840520005	CFTC S&P 500 Non-Commercial Net Positions	2022.12.23 23:30:00	-159.8	nan	-230.1	nan	2	US	USD
840520011	CFTC Nasdaq 100 Non-Commercial Net Positions	2022.12.23 23:30:00	4.5	nan	19.2	nan	2	US	USD
840020019	Goods Trade Balance	2022.12.27 16:30:00	-83.3	-112.576	-99.0	-98.8	2	US	USD
840020027	Retail Inventories m/m	2022.12.27 16:30:00	0.1	-0.2	-0.2	-0.4	2	US	USD
840020028	Retail Inventories excl. Autos m/m	2022.12.27 16:30:00	-0.3	nan	-0.5	-0.7	2	US	USD
840170001	S&P/CS HPI Composite-20 y/y	2022.12.27 17:00:00	8.6	9.7	10.4	nan	2	US	USD
840170002	S&P/CS HPI Composite-20 n.s.a. m/m	2022.12.27 17:00:00	-0.8	-0.7	-1.5	nan	2	US	USD
840220010	2-Year Note Auction	2022.12.27 21:00:00	4.373	nan	4.505	nan	2	US	USD
840120003	Pending Home Sales m/m	2022.12.28 18:00:00	-4.0	0.6	-4.6	-4.7	2	US	USD
840220012	5-Year Note Auction	2022.12.28 21:00:00	3.973	nan	3.974	nan	2	US	USD
840140002	Continuing Jobless Claims	2022.12.29 16:30:00	1.71	1.738	1.672	1.669	2	US	USD
840200002	EIA Cushing Crude Oil Stocks Change	2022.12.29 19:00:00	-0.195	0.192	0.853	nan	2	US	USD
840220013	7-Year Note Auction	2022.12.29 21:00:00	3.921	nan	3.89	nan	2	US	USD
840100001	Baker Hughes US Oil Rig Count	2022.12.30 21:00:00	621.0	nan	622.0	nan	2	US	USD
840100002	Baker Hughes US Total Rig Count	2022.12.30 21:00:00	779.0	nan	779.0	nan	2	US	USD
840520003	CFTC Gold Non-Commercial Net Positions	2022.12.30 23:30:00	136.9	nan	128.8	nan	2	US	USD
840520004	CFTC Crude Oil Non-Commercial Net Positions	2022.12.30 23:30:00	247.6	nan	238.2	nan	2	US	USD
840520005	CFTC S&P 500 Non-Commercial Net Positions	2022.12.30 23:30:00	-174.3	nan	-159.8	nan	2	US	USD
840520011	CFTC Nasdaq 100 Non-Commercial Net Positions	2022.12.30 23:30:00	1.2	nan	4.5	nan	2	US	USD
840020002	Construction Spending m/m	2023.01.03 18:00:00	0.2	0.2	-0.3	-0.2	2	US	USD
840040004	ISM Manufacturing Employment	2023.01.04 18:00:00	51.4	49.1	48.4	nan	2	US	USD
840020001	Trade Balance	2023.01.05 16:30:00	-61.511	-75.985	-78.162	-77.847	2	US	USD
840020023	Exports	2023.01.05 16:30:00	251.864	nan	256.631	256.996	2	US	USD
840020024	Imports	2023.01.05 16:30:00	313.374	nan	334.793	334.843	2	US	USD
840140002	Continuing Jobless Claims	2023.01.05 16:30:00	1.694	1.691	1.71	1.718	2	US	USD
840500003	S&P Global Composite PMI	2023.01.05 17:45:00	45.0	44.6	44.6	nan	2	US	USD
840200002	EIA Cushing Crude Oil Stocks Change	2023.01.05 19:00:00	0.244	0.699	-0.195	nan	2	US	USD
840030017	Participation Rate	2023.01.06 16:30:00	62.3	62.1	62.1	62.2	2	US	USD
840030019	Average Hourly Earnings y/y	2023.01.06 16:30:00	4.6	4.9	5.1	nan	2	US	USD
840030023	Private Nonfarm Payrolls	2023.01.06 16:30:00	220.0	-8.0	221.0	202.0	2	US	USD
840030024	U6 Unemployment Rate	2023.01.06 16:30:00	6.5	6.7	6.7	nan	2	US	USD
840040005	ISM Non-Manufacturing Employment	2023.01.06 18:00:00	49.8	50.2	51.5	nan	2	US	USD
840020003	Factory Orders m/m	2023.01.06 18:00:00	-1.8	-0.1	1.0	0.4	2	US	USD
840100001	Baker Hughes US Oil Rig Count	2023.01.06 21:00:00	618.0	nan	621.0	nan	2	US	USD
840100002	Baker Hughes US Total Rig Count	2023.01.06 21:00:00	772.0	nan	779.0	nan	2	US	USD
840520003	CFTC Gold Non-Commercial Net Positions	2023.01.06 23:30:00	141.7	nan	136.9	nan	2	US	USD
840520004	CFTC Crude Oil Non-Commercial Net Positions	2023.01.06 23:30:00	227.6	nan	247.6	nan	2	US	USD
840520005	CFTC S&P 500 Non-Commercial Net Positions	2023.01.06 23:30:00	-167.3	nan	-174.3	nan	2	US	USD
840520011	CFTC Nasdaq 100 Non-Commercial Net Positions	2023.01.06 23:30:00	1.4	nan	1.2	nan	2	US	USD
840050013	Fed Consumer Credit m/m	2023.01.09 23:00:00	27.96	31.37	27.08	29.12	2	US	USD
840220011	3-Year Note Auction	2023.01.10 21:00:00	3.977	nan	4.093	nan	2	US	USD
840200002	EIA Cushing Crude Oil Stocks Change	2023.01.11 18:30:00	2.511	0.672	0.244	nan	2	US	USD
840030008	Core CPI y/y	2023.01.12 16:30:00	5.7	5.6	6.0	nan	2	US	USD
840140002	Continuing Jobless Claims	2023.01.12 16:30:00	1.634	1.702	1.694	1.697	2	US	USD
840150001	Federal Budget Balance	2023.01.12 22:00:00	-85.0	-107.0	-248.5	nan	2	US	USD
840030011	Import Price Index m/m	2023.01.13 16:30:00	0.4	0.0	-0.6	-0.7	2	US	USD
840030013	Export Price Index m/m	2023.01.13 16:30:00	-2.6	0.6	-0.3	-0.4	2	US	USD
840210001	Michigan Consumer Sentiment	2023.01.13 18:00:00	64.6	61.6	59.7	nan	2	US	USD
840210002	Michigan Consumer Expectations	2023.01.13 18:00:00	62.0	58.5	59.9	nan	2	US	USD
840210004	Michigan Inflation Expectations	2023.01.13 18:00:00	4.0	4.5	4.4	nan	2	US	USD
840210005	Michigan 5-Year Inflation Expectations	2023.01.13 18:00:00	3.0	3.0	2.9	nan	2	US	USD
840100001	Baker Hughes US Oil Rig Count	2023.01.13 21:00:00	623.0	nan	618.0	nan	2	US	USD
840100002	Baker Hughes US Total Rig Count	2023.01.13 21:00:00	775.0	nan	772.0	nan	2	US	USD
840520003	CFTC Gold Non-Commercial Net Positions	2023.01.13 23:30:00	150.5	nan	141.7	nan	2	US	USD
840520004	CFTC Crude Oil Non-Commercial Net Positions	2023.01.13 23:30:00	205.2	nan	227.6	nan	2	US	USD
840520005	CFTC S&P 500 Non-Commercial Net Positions	2023.01.13 23:30:00	-213.2	nan	-167.3	nan	2	US	USD
840520011	CFTC Nasdaq 100 Non-Commercial Net Positions	2023.01.13 23:30:00	-8.2	nan	1.4	nan	2	US	USD
840230001	NY Fed Empire State Manufacturing Index	2023.01.17 16:30:00	-32.9	-14.6	-11.2	nan	2	US	USD
840030002	Core PPI m/m	2023.01.18 16:30:00	0.1	0.3	0.4	0.2	2	US	USD
840020012	Retail Control m/m	2023.01.18 16:30:00	-0.7	0.4	-0.2	nan	2	US	USD
840050011	Fed Industrial Production m/m	2023.01.18 17:15:00	-0.7	-0.1	-0.2	-0.6	2	US	USD
840050026	Fed Industrial Production y/y	2023.01.18 17:15:00	1.6	2.9	2.5	nan	2	US	USD
840020007	Business Inventories m/m	2023.01.18 18:00:00	0.4	0.4	0.3	0.2	2	US	USD
840020027	Retail Inventories m/m	2023.01.18 18:00:00	0.1	0.1	0.1	nan	2	US	USD
840020028	Retail Inventories excl. Autos m/m	2023.01.18 18:00:00	-0.3	nan	-0.3	nan	2	US	USD
840220019	20-Year Bond Auction	2023.01.18 21:00:00	3.678	nan	3.935	nan	2	US	USD
840220001	TIC Net Long-Term Transactions	2023.01.19 00:00:00	171.5	92.7	67.8	nan	2	US	USD
840020004	Housing Starts	2023.01.19 16:30:00	1.382	1.426	1.427	1.401	2	US	USD
840020005	Building Permits	2023.01.19 16:30:00	1.33	1.432	1.342	1.351	2	US	USD
840020015	Housing Starts m/m	2023.01.19 16:30:00	-1.4	-0.2	-0.5	-1.8	2	US	USD
840070002	Philadelphia Fed Employment	2023.01.19 16:30:00	10.9	2.6	-1.8	-0.9	2	US	USD
840140002	Continuing Jobless Claims	2023.01.19 16:30:00	1.647	1.664	1.634	1.63	2	US	USD
840200002	EIA Cushing Crude Oil Stocks Change	2023.01.19 19:00:00	3.646	0.895	2.511	nan	2	US	USD
840220017	10-Year TIPS Auction	2023.01.19 21:00:00	1.22	nan	1.485	nan	2	US	USD
840120002	Existing Home Sales m/m	2023.01.20 18:00:00	-1.5	0.1	-7.7	-7.9	2	US	USD
840100001	Baker Hughes US Oil Rig Count	2023.01.20 21:00:00	613.0	nan	623.0	nan	2	US	USD
840100002	Baker Hughes US Total Rig Count	2023.01.20 21:00:00	771.0	nan	775.0	nan	2	US	USD
840520003	CFTC Gold Non-Commercial Net Positions	2023.01.20 23:30:00	153.2	nan	150.5	nan	2	US	USD
840520004	CFTC Crude Oil Non-Commercial Net Positions	2023.01.20 23:30:00	239.2	nan	205.2	nan	2	US	USD
840520005	CFTC S&P 500 Non-Commercial Net Positions	2023.01.20 23:30:00	-226.8	nan	-213.2	nan	2	US	USD
840520011	CFTC Nasdaq 100 Non-Commercial Net Positions	2023.01.20 23:30:00	-20.6	nan	-8.2	nan	2	US	USD
840180001	CB Leading Economic Index m/m	2023.01.23 18:00:00	-1.0	0.3	-1.0	nan	2	US	USD
840500003	S&P Global Composite PMI	2023.01.24 17:45:00	46.6	44.7	45.0	nan	2	US	USD
840220010	2-Year Note Auction	2023.01.24 21:00:00	4.139	nan	4.373	nan	2	US	USD
840200002	EIA Cushing Crude Oil Stocks Change	2023.01.25 18:30:00	4.267	1.762	3.646	nan	2	US	USD
840220012	5-Year Note Auction	2023.01.25 21:00:00	3.53	nan	3.973	nan	2	US	USD
840020014	Core Durable Goods Orders m/m	2023.01.26 16:30:00	-0.1	0.0	0.2	nan	2	US	USD
840020019	Goods Trade Balance	2023.01.26 16:30:00	-90.3	-96.175	-83.3	-82.9	2	US	USD
840020027	Retail Inventories m/m	2023.01.26 16:30:00	0.5	-0.5	0.1	0.0	2	US	USD
840020028	Retail Inventories excl. Autos m/m	2023.01.26 16:30:00	0.3	nan	-0.3	-0.4	2	US	USD
840140002	Continuing Jobless Claims	2023.01.26 16:30:00	1.675	1.64	1.647	1.655	2	US	USD
840010016	Real PCE q/q	2023.01.26 16:30:00	2.1	2.0	2.3	nan	2	US	USD
840020009	New Home Sales m/m	2023.01.26 18:00:00	2.3	-11.7	5.8	0.7	2	US	USD
840220013	7-Year Note Auction	2023.01.26 21:00:00	3.517	nan	3.921	nan	2	US	USD
840010003	PCE Price Index m/m	2023.01.27 16:30:00	0.1	0.2	0.1	nan	2	US	USD
840010004	PCE Price Index y/y	2023.01.27 16:30:00	5.0	5.5	5.5	nan	2	US	USD
840010005	Personal Spending m/m	2023.01.27 16:30:00	-0.2	0.0	0.1	-0.1	2	US	USD
840210001	Michigan Consumer Sentiment	2023.01.27 18:00:00	64.9	64.6	64.6	nan	2	US	USD
840210002	Michigan Consumer Expectations	2023.01.27 18:00:00	62.7	62.0	62.0	nan	2	US	USD
840210004	Michigan Inflation Expectations	2023.01.27 18:00:00	3.9	4.0	4.0	nan	2	US	USD
840210005	Michigan 5-Year Inflation Expectations	2023.01.27 18:00:00	2.9	3.0	3.0	nan	2	US	USD
840120003	Pending Home Sales m/m	2023.01.27 18:00:00	2.5	-0.4	-4.0	-2.6	2	US	USD
840100001	Baker Hughes US Oil Rig Count	2023.01.27 21:00:00	609.0	nan	613.0	nan	2	US	USD
840100002	Baker Hughes US Total Rig Count	2023.01.27 21:00:00	771.0	nan	771.0	nan	2	US	USD
840520003	CFTC Gold Non-Commercial Net Positions	2023.01.27 23:30:00	157.7	nan	153.2	nan	2	US	USD
840520004	CFTC Crude Oil Non-Commercial Net Positions	2023.01.27 23:30:00	249.8	nan	239.2	nan	2	US	USD
840520005	CFTC S&P 500 Non-Commercial Net Positions	2023.01.27 23:30:00	-209.0	nan	-226.8	nan	2	US	USD
840520011	CFTC Nasdaq 100 Non-Commercial Net Positions	2023.01.27 23:30:00	-25.3	nan	-20.6	nan	2	US	USD
840030025	Employment Cost Index q/q	2023.01.31 16:30:00	1.0	1.2	1.2	nan	2	US	USD
840170001	S&P/CS HPI Composite-20 y/y	2023.01.31 17:00:00	6.8	7.9	8.6	nan	2	US	USD
840170002	S&P/CS HPI Composite-20 n.s.a. m/m	2023.01.31 17:00:00	-0.8	0.0	-0.8	nan	2	US	USD
840040004	ISM Manufacturing Employment	2023.02.01 18:00:00	50.6	49.9	51.4	50.8	2	US	USD
840020002	Construction Spending m/m	2023.02.01 18:00:00	-0.4	0.3	0.2	0.5	2	US	USD
840200002	EIA Cushing Crude Oil Stocks Change	2023.02.01 18:30:00	2.315	2.398	4.267	nan	2	US	USD
840030028	Nonfarm Productivity q/q	2023.02.02 16:30:00	3.0	-6.0	0.8	1.4	2	US	USD
840030029	Unit Labor Costs q/q	2023.02.02 16:30:00	1.1	11.1	2.4	2.0	2	US	USD
840140002	Continuing Jobless Claims	2023.02.02 16:30:00	1.655	1.661	1.675	1.666	2	US	USD
840020003	Factory Orders m/m	2023.02.02 18:00:00	1.8	-0.1	-1.8	-1.9	2	US	USD
840030017	Participation Rate	2023.02.03 16:30:00	62.4	62.2	62.3	nan	2	US	USD
840030019	Average Hourly Earnings y/y	2023.02.03 16:30:00	4.4	4.9	4.6	nan	2	US	USD
840030023	Private Nonfarm Payrolls	2023.02.03 16:30:00	443.0	-24.0	220.0	269.0	2	US	USD
840030024	U6 Unemployment Rate	2023.02.03 16:30:00	6.6	6.6	6.5	nan	2	US	USD
840500003	S&P Global Composite PMI	2023.02.03 17:45:00	46.8	46.6	46.6	nan	2	US	USD
840040005	ISM Non-Manufacturing Employment	2023.02.03 18:00:00	50.0	50.6	49.8	49.4	2	US	USD
840100001	Baker Hughes US Oil Rig Count	2023.02.03 21:00:00	599.0	nan	609.0	nan	2	US	USD
840100002	Baker Hughes US Total Rig Count	2023.02.03 21:00:00	759.0	nan	771.0	nan	2	US	USD
840020001	Trade Balance	2023.02.07 16:30:00	-67.419	-69.837	-61.511	-61.015	2	US	USD
840020023	Exports	2023.02.07 16:30:00	250.152	nan	251.864	252.349	2	US	USD
840020024	Imports	2023.02.07 16:30:00	317.571	nan	313.374	313.365	2	US	USD
840220011	3-Year Note Auction	2023.02.07 21:00:00	4.073	nan	3.977	nan	2	US	USD
840050013	Fed Consumer Credit m/m	2023.02.07 23:00:00	11.56	28.71	27.96	33.11	2	US	USD
840200002	EIA Cushing Crude Oil Stocks Change	2023.02.08 18:30:00	1.043	2.039	2.315	nan	2	US	USD
840140002	Continuing Jobless Claims	2023.02.09 16:30:00	1.688	1.665	1.655	1.65	2	US	USD
840210001	Michigan Consumer Sentiment	2023.02.10 18:00:00	66.4	65.8	64.9	nan	2	US	USD
840210002	Michigan Consumer Expectations	2023.02.10 18:00:00	62.3	61.9	62.7	nan	2	US	USD
840210004	Michigan Inflation Expectations	2023.02.10 18:00:00	4.2	4.0	3.9	nan	2	US	USD
840210005	Michigan 5-Year Inflation Expectations	2023.02.10 18:00:00	2.9	2.9	2.9	nan	2	US	USD
840100001	Baker Hughes US Oil Rig Count	2023.02.10 21:00:00	609.0	nan	599.0	nan	2	US	USD
840100002	Baker Hughes US Total Rig Count	2023.02.10 21:00:00	761.0	nan	759.0	nan	2	US	USD
840150001	Federal Budget Balance	2023.02.10 22:00:00	-38.8	-117.9	-85.0	nan	2	US	USD
840030008	Core CPI y/y	2023.02.14 16:30:00	5.6	5.3	5.7	nan	2	US	USD
840020012	Retail Control m/m	2023.02.15 16:30:00	1.7	0.3	-0.7	nan	2	US	USD
840230001	NY Fed Empire State Manufacturing Index	2023.02.15 16:30:00	-5.8	-15.6	-32.9	nan	2	US	USD
840050011	Fed Industrial Production m/m	2023.02.15 17:15:00	0.0	-0.1	-0.7	-1.0	2	US	USD
840050026	Fed Industrial Production y/y	2023.02.15 17:15:00	0.8	3.1	1.6	nan	2	US	USD
840020007	Business Inventories m/m	2023.02.15 18:00:00	0.3	0.4	0.4	0.3	2	US	USD
840020027	Retail Inventories m/m	2023.02.15 18:00:00	0.7	0.5	0.5	nan	2	US	USD
840020028	Retail Inventories excl. Autos m/m	2023.02.15 18:00:00	0.4	nan	0.3	nan	2	US	USD
840200002	EIA Cushing Crude Oil Stocks Change	2023.02.15 18:30:00	0.659	1.455	1.043	nan	2	US	USD
840220019	20-Year Bond Auction	2023.02.15 21:00:00	3.977	nan	3.678	nan	2	US	USD
840220001	TIC Net Long-Term Transactions	2023.02.16 00:00:00	152.8	97.8	171.5	nan	2	US	USD
840030002	Core PPI m/m	2023.02.16 16:30:00	0.5	0.3	0.1	0.3	2	US	USD
840020004	Housing Starts	2023.02.16 16:30:00	1.309	1.404	1.382	1.371	2	US	USD
840020005	Building Permits	2023.02.16 16:30:00	1.339	1.334	1.33	1.337	2	US	USD
840020015	Housing Starts m/m	2023.02.16 16:30:00	-4.5	0.6	-1.4	-3.4	2	US	USD
840070002	Philadelphia Fed Employment	2023.02.16 16:30:00	5.1	4.6	10.9	nan	2	US	USD
840140002	Continuing Jobless Claims	2023.02.16 16:30:00	1.696	1.672	1.688	1.68	2	US	USD
840220018	30-Year TIPS Auction	2023.02.16 21:00:00	1.55	nan	0.92	nan	2	US	USD
840030011	Import Price Index m/m	2023.02.17 16:30:00	-0.2	-0.1	0.4	-0.1	2	US	USD
840030013	Export Price Index m/m	2023.02.17 16:30:00	0.8	0.4	-2.6	-3.2	2	US	USD
840180001	CB Leading Economic Index m/m	2023.02.17 18:00:00	-0.3	0.3	-1.0	nan	2	US	USD
840100001	Baker Hughes US Oil Rig Count	2023.02.17 21:00:00	607.0	nan	609.0	nan	2	US	USD
840100002	Baker Hughes US Total Rig Count	2023.02.17 21:00:00	760.0	nan	761.0	nan	2	US	USD
840500003	S&P Global Composite PMI	2023.02.21 17:45:00	50.2	46.6	46.8	nan	2	US	USD
840120002	Existing Home Sales m/m	2023.02.21 18:00:00	-0.7	0.1	-1.5	-2.2	2	US	USD
840220010	2-Year Note Auction	2023.02.21 21:00:00	4.673	nan	4.139	nan	2	US	USD
840220012	5-Year Note Auction	2023.02.22 21:00:00	4.109	nan	3.53	nan	2	US	USD
840140002	Continuing Jobless Claims	2023.02.23 16:30:00	1.654	1.692	1.696	1.691	2	US	USD
840010016	Real PCE q/q	2023.02.23 16:30:00	1.4	2.1	2.1	nan	2	US	USD
840200002	EIA Cushing Crude Oil Stocks Change	2023.02.23 19:00:00	0.7	0.588	0.659	nan	2	US	USD
840220013	7-Year Note Auction	2023.02.23 21:00:00	4.062	nan	3.517	nan	2	US	USD
840010003	PCE Price Index m/m	2023.02.24 16:30:00	0.6	0.5	0.1	0.2	2	US	USD
840010004	PCE Price Index y/y	2023.02.24 16:30:00	5.4	4.9	5.0	5.3	2	US	USD
840010005	Personal Spending m/m	2023.02.24 16:30:00	1.8	-0.1	-0.2	-0.1	2	US	USD
840210001	Michigan Consumer Sentiment	2023.02.24 18:00:00	67.0	66.4	66.4	nan	2	US	USD
840210002	Michigan Consumer Expectations	2023.02.24 18:00:00	64.7	62.3	62.3	nan	2	US	USD
840210004	Michigan Inflation Expectations	2023.02.24 18:00:00	4.1	4.2	4.2	nan	2	US	USD
840210005	Michigan 5-Year Inflation Expectations	2023.02.24 18:00:00	2.9	2.9	2.9	nan	2	US	USD
840020009	New Home Sales m/m	2023.02.24 18:00:00	7.2	2.5	2.3	7.2	2	US	USD
840100001	Baker Hughes US Oil Rig Count	2023.02.24 21:00:00	600.0	nan	607.0	nan	2	US	USD
840100002	Baker Hughes US Total Rig Count	2023.02.24 21:00:00	753.0	nan	760.0	nan	2	US	USD
840520003	CFTC Gold Non-Commercial Net Positions	2023.02.24 23:30:00	160.3	nan	157.7	nan	2	US	USD
840520004	CFTC Crude Oil Non-Commercial Net Positions	2023.02.24 23:30:00	243.8	nan	249.8	nan	2	US	USD
840520005	CFTC S&P 500 Non-Commercial Net Positions	2023.02.24 23:30:00	-222.3	nan	-209.0	nan	2	US	USD
840520011	CFTC Nasdaq 100 Non-Commercial Net Positions	2023.02.24 23:30:00	-15.9	nan	-25.3	nan	2	US	USD
840020014	Core Durable Goods Orders m/m	2023.02.27 16:30:00	0.7	0.0	-0.1	-0.4	2	US	USD
840120003	Pending Home Sales m/m	2023.02.27 18:00:00	8.1	0.0	2.5	1.1	2	US	USD
840020019	Goods Trade Balance	2023.02.28 16:30:00	-91.5	-87.356	-90.3	-89.7	2	US	USD
840020027	Retail Inventories m/m	2023.02.28 16:30:00	0.3	0.5	0.7	0.4	2	US	USD
840020028	Retail Inventories excl. Autos m/m	2023.02.28 16:30:00	0.2	nan	0.4	0.1	2	US	USD
840170001	S&P/CS HPI Composite-20 y/y	2023.02.28 17:00:00	4.6	6.1	6.8	nan	2	US	USD
840170002	S&P/CS HPI Composite-20 n.s.a. m/m	2023.02.28 17:00:00	-0.9	-1.0	-0.8	nan	2	US	USD
840040004	ISM Manufacturing Employment	2023.03.01 18:00:00	49.1	51.0	50.6	nan	2	US	USD
840020002	Construction Spending m/m	2023.03.01 18:00:00	-0.1	0.3	-0.4	-0.7	2	US	USD
840200002	EIA Cushing Crude Oil Stocks Change	2023.03.01 18:30:00	0.307	-0.157	0.7	nan	2	US	USD
840030028	Nonfarm Productivity q/q	2023.03.02 16:30:00	1.7	3.0	3.0	nan	2	US	USD
840030029	Unit Labor Costs q/q	2023.03.02 16:30:00	3.2	1.1	1.1	nan	2	US	USD
840140002	Continuing Jobless Claims	2023.03.02 16:30:00	1.655	1.675	1.654	1.66	2	US	USD
840500003	S&P Global Composite PMI	2023.03.03 17:45:00	50.1	50.2	50.2	nan	2	US	USD
840040005	ISM Non-Manufacturing Employment	2023.03.03 18:00:00	54.0	49.8	50.0	nan	2	US	USD
840100001	Baker Hughes US Oil Rig Count	2023.03.03 21:00:00	592.0	nan	600.0	nan	2	US	USD
840100002	Baker Hughes US Total Rig Count	2023.03.03 21:00:00	749.0	nan	753.0	nan	2	US	USD
840520003	CFTC Gold Non-Commercial Net Positions	2023.03.03 23:30:00	105.5	nan	160.3	nan	2	US	USD
840520004	CFTC Crude Oil Non-Commercial Net Positions	2023.03.03 23:30:00	227.5	nan	243.8	nan	2	US	USD
840520005	CFTC S&P 500 Non-Commercial Net Positions	2023.03.03 23:30:00	-246.5	nan	-222.3	nan	2	US	USD
840520011	CFTC Nasdaq 100 Non-Commercial Net Positions	2023.03.03 23:30:00	-22.8	nan	-15.9	nan	2	US	USD
840020003	Factory Orders m/m	2023.03.06 18:00:00	-1.6	0.0	1.8	1.7	2	US	USD
840220011	3-Year Note Auction	2023.03.07 21:00:00	4.635	nan	4.073	nan	2	US	USD
840050013	Fed Consumer Credit m/m	2023.03.07 23:00:00	14.8	26.38	11.56	10.69	2	US	USD
840020001	Trade Balance	2023.03.08 16:30:00	-68.289	-64.538	-67.419	-67.21	2	US	USD
840020023	Exports	2023.03.08 16:30:00	257.496	nan	250.152	249.004	2	US	USD
840020024	Imports	2023.03.08 16:30:00	325.785	nan	317.571	316.214	2	US	USD
840200002	EIA Cushing Crude Oil Stocks Change	2023.03.08 18:30:00	-0.89	-0.832	0.307	nan	2	US	USD
840140002	Continuing Jobless Claims	2023.03.09 16:30:00	1.718	1.654	1.655	1.649	2	US	USD
840030017	Participation Rate	2023.03.10 16:30:00	62.5	62.3	62.4	nan	2	US	USD
840030019	Average Hourly Earnings y/y	2023.03.10 16:30:00	4.6	4.5	4.4	nan	2	US	USD
840030023	Private Nonfarm Payrolls	2023.03.10 16:30:00	265.0	-13.0	443.0	386.0	2	US	USD
840030024	U6 Unemployment Rate	2023.03.10 16:30:00	6.8	6.5	6.6	nan	2	US	USD
840100001	Baker Hughes US Oil Rig Count	2023.03.10 21:00:00	590.0	nan	592.0	nan	2	US	USD
840100002	Baker Hughes US Total Rig Count	2023.03.10 21:00:00	746.0	nan	749.0	nan	2	US	USD
840150001	Federal Budget Balance	2023.03.10 22:00:00	-262.4	-120.1	-38.8	nan	2	US	USD
840520003	CFTC Gold Non-Commercial Net Positions	2023.03.10 23:30:00	107.1	nan	105.5	nan	2	US	USD
840520004	CFTC Crude Oil Non-Commercial Net Positions	2023.03.10 23:30:00	219.7	nan	227.5	nan	2	US	USD
840520005	CFTC S&P 500 Non-Commercial Net Positions	2023.03.10 23:30:00	-234.3	nan	-246.5	nan	2	US	USD
840520011	CFTC Nasdaq 100 Non-Commercial Net Positions	2023.03.10 23:30:00	-14.1	nan	-22.8	nan	2	US	USD
840520003	CFTC Gold Non-Commercial Net Positions	2023.03.10 23:30:00	107.1	nan	107.1	107.1	2	US	USD
840520004	CFTC Crude Oil Non-Commercial Net Positions	2023.03.10 23:30:00	219.7	nan	219.7	219.7	2	US	USD
840520005	CFTC S&P 500 Non-Commercial Net Positions	2023.03.10 23:30:00	-234.3	nan	-234.3	-234.3	2	US	USD
840520011	CFTC Nasdaq 100 Non-Commercial Net Positions	2023.03.10 23:30:00	-14.1	nan	-14.1	-14.1	2	US	USD
840030008	Core CPI y/y	2023.03.14 15:30:00	5.5	5.5	5.6	nan	2	US	USD
840030002	Core PPI m/m	2023.03.15 15:30:00	0.0	0.3	0.5	0.1	2	US	USD
840020012	Retail Control m/m	2023.03.15 15:30:00	0.5	-1.2	1.7	2.3	2	US	USD
840230001	NY Fed Empire State Manufacturing Index	2023.03.15 15:30:00	-24.6	-14.8	-5.8	nan	2	US	USD
840020007	Business Inventories m/m	2023.03.15 17:00:00	-0.1	0.4	0.3	nan	2	US	USD
840020027	Retail Inventories m/m	2023.03.15 17:00:00	0.2	0.3	0.3	nan	2	US	USD
840020028	Retail Inventories excl. Autos m/m	2023.03.15 17:00:00	0.1	nan	0.2	nan	2	US	USD
840200002	EIA Cushing Crude Oil Stocks Change	2023.03.15 17:30:00	-1.916	-1.139	-0.89	nan	2	US	USD
840220001	TIC Net Long-Term Transactions	2023.03.15 23:00:00	31.9	97.8	152.8	nan	2	US	USD
840030011	Import Price Index m/m	2023.03.16 15:30:00	-0.1	-0.2	-0.2	-0.4	2	US	USD
840030013	Export Price Index m/m	2023.03.16 15:30:00	0.2	0.1	0.8	0.5	2	US	USD
840020004	Housing Starts	2023.03.16 15:30:00	1.45	1.344	1.309	1.321	2	US	USD
840020005	Building Permits	2023.03.16 15:30:00	1.524	1.332	1.339	nan	2	US	USD
840020015	Housing Starts m/m	2023.03.16 15:30:00	9.8	-0.6	-4.5	-2.0	2	US	USD
840070002	Philadelphia Fed Employment	2023.03.16 15:30:00	-10.3	8.0	5.1	nan	2	US	USD
840140002	Continuing Jobless Claims	2023.03.16 15:30:00	1.684	1.687	1.718	1.713	2	US	USD
840050011	Fed Industrial Production m/m	2023.03.17 16:15:00	0.0	0.1	0.0	0.3	2	US	USD
840050026	Fed Industrial Production y/y	2023.03.17 16:15:00	-0.2	3.0	0.8	nan	2	US	USD
840210001	Michigan Consumer Sentiment	2023.03.17 17:00:00	63.4	66.8	67.0	nan	2	US	USD
840210002	Michigan Consumer Expectations	2023.03.17 17:00:00	61.5	64.4	64.7	nan	2	US	USD
840210004	Michigan Inflation Expectations	2023.03.17 17:00:00	3.8	4.2	4.1	nan	2	US	USD
840210005	Michigan 5-Year Inflation Expectations	2023.03.17 17:00:00	2.8	2.9	2.9	nan	2	US	USD
840180001	CB Leading Economic Index m/m	2023.03.17 17:00:00	-0.3	0.2	-0.3	nan	2	US	USD
840100001	Baker Hughes US Oil Rig Count	2023.03.17 20:00:00	589.0	nan	590.0	nan	2	US	USD
840100002	Baker Hughes US Total Rig Count	2023.03.17 20:00:00	754.0	nan	746.0	nan	2	US	USD
840520003	CFTC Gold Non-Commercial Net Positions	2023.03.17 22:30:00	140.3	nan	107.1	nan	2	US	USD
840520004	CFTC Crude Oil Non-Commercial Net Positions	2023.03.17 22:30:00	176.2	nan	219.7	nan	2	US	USD
840520005	CFTC S&P 500 Non-Commercial Net Positions	2023.03.17 22:30:00	-119.8	nan	-234.3	nan	2	US	USD
840520011	CFTC Nasdaq 100 Non-Commercial Net Positions	2023.03.17 22:30:00	-6.5	nan	-14.1	nan	2	US	USD
840120002	Existing Home Sales m/m	2023.03.21 17:00:00	14.5	0.0	-0.7	nan	2	US	USD
840220019	20-Year Bond Auction	2023.03.21 20:00:00	3.909	nan	3.977	nan	2	US	USD
840200002	EIA Cushing Crude Oil Stocks Change	2023.03.22 17:30:00	-1.063	-1.558	-1.916	nan	2	US	USD
840010015	Current Account	2023.03.23 15:30:00	-206.805	-197.681	-217.106	-219.002	2	US	USD
840140002	Continuing Jobless Claims	2023.03.23 15:30:00	1.694	1.701	1.684	1.68	2	US	USD
840020009	New Home Sales m/m	2023.03.23 17:00:00	1.1	1.6	7.2	1.8	2	US	USD
840220017	10-Year TIPS Auction	2023.03.23 20:00:00	1.182	nan	1.22	nan	2	US	USD
840020014	Core Durable Goods Orders m/m	2023.03.24 15:30:00	0.0	0.0	0.7	0.4	2	US	USD
840500003	S&P Global Composite PMI	2023.03.24 16:45:00	53.3	50.1	50.1	nan	2	US	USD
840100001	Baker Hughes US Oil Rig Count	2023.03.24 20:00:00	593.0	nan	589.0	nan	2	US	USD
840100002	Baker Hughes US Total Rig Count	2023.03.24 20:00:00	758.0	nan	754.0	nan	2	US	USD
840520003	CFTC Gold Non-Commercial Net Positions	2023.03.24 22:30:00	158.6	nan	140.3	nan	2	US	USD
840520004	CFTC Crude Oil Non-Commercial Net Positions	2023.03.24 22:30:00	154.3	nan	176.2	nan	2	US	USD
840520005	CFTC S&P 500 Non-Commercial Net Positions	2023.03.24 22:30:00	-202.5	nan	-119.8	nan	2	US	USD
840520011	CFTC Nasdaq 100 Non-Commercial Net Positions	2023.03.24 22:30:00	-5.1	nan	-6.5	nan	2	US	USD
840220010	2-Year Note Auction	2023.03.27 20:00:00	3.954	nan	4.673	nan	2	US	USD
840020019	Goods Trade Balance	2023.03.28 15:30:00	-91.626	-91.496	-91.5	-91.086	2	US	USD
840020027	Retail Inventories m/m	2023.03.28 15:30:00	0.8	0.3	0.2	0.1	2	US	USD
840020028	Retail Inventories excl. Autos m/m	2023.03.28 15:30:00	0.4	nan	0.1	0.0	2	US	USD
840170001	S&P/CS HPI Composite-20 y/y	2023.03.28 16:00:00	2.5	3.9	4.6	nan	2	US	USD
840170002	S&P/CS HPI Composite-20 n.s.a. m/m	2023.03.28 16:00:00	-0.6	-0.7	-0.9	nan	2	US	USD
840220012	5-Year Note Auction	2023.03.28 20:00:00	3.665	nan	4.109	nan	2	US	USD
840120003	Pending Home Sales m/m	2023.03.29 17:00:00	0.8	0.0	8.1	nan	2	US	USD
840200002	EIA Cushing Crude Oil Stocks Change	2023.03.29 17:30:00	-1.632	-1.152	-1.063	nan	2	US	USD
840220013	7-Year Note Auction	2023.03.29 20:00:00	3.626	nan	4.062	nan	2	US	USD
840010016	Real PCE q/q	2023.03.30 15:30:00	1.0	1.4	1.4	nan	2	US	USD
840140002	Continuing Jobless Claims	2023.03.30 15:30:00	1.689	1.689	1.694	1.685	2	US	USD
840010003	PCE Price Index m/m	2023.03.31 15:30:00	0.3	0.2	0.6	nan	2	US	USD
840010004	PCE Price Index y/y	2023.03.31 15:30:00	5.0	5.3	5.4	5.3	2	US	USD
840010005	Personal Spending m/m	2023.03.31 15:30:00	0.2	0.0	1.8	2.0	2	US	USD
840210001	Michigan Consumer Sentiment	2023.03.31 17:00:00	62.0	63.4	63.4	nan	2	US	USD
840210002	Michigan Consumer Expectations	2023.03.31 17:00:00	59.2	61.5	61.5	nan	2	US	USD
840210004	Michigan Inflation Expectations	2023.03.31 17:00:00	3.6	3.8	3.8	nan	2	US	USD
840210005	Michigan 5-Year Inflation Expectations	2023.03.31 17:00:00	2.9	2.8	2.8	nan	2	US	USD
840100001	Baker Hughes US Oil Rig Count	2023.03.31 20:00:00	592.0	nan	593.0	nan	2	US	USD
840100002	Baker Hughes US Total Rig Count	2023.03.31 20:00:00	755.0	nan	758.0	nan	2	US	USD
840520003	CFTC Gold Non-Commercial Net Positions	2023.03.31 22:30:00	181.6	nan	158.6	nan	2	US	USD
840520004	CFTC Crude Oil Non-Commercial Net Positions	2023.03.31 22:30:00	181.1	nan	154.3	nan	2	US	USD
840520005	CFTC S&P 500 Non-Commercial Net Positions	2023.03.31 22:30:00	-224.7	nan	-202.5	nan	2	US	USD
840520011	CFTC Nasdaq 100 Non-Commercial Net Positions	2023.03.31 22:30:00	-7.3	nan	-5.1	nan	2	US	USD
840020002	Construction Spending m/m	2023.04.03 17:00:00	-0.1	0.3	-0.1	0.4	2	US	USD
840040004	ISM Manufacturing Employment	2023.04.03 17:00:00	46.9	49.8	49.1	nan	2	US	USD
840020003	Factory Orders m/m	2023.04.04 17:00:00	-0.7	0.0	-1.6	-2.1	2	US	USD
840020001	Trade Balance	2023.04.05 15:30:00	-70.535	-67.941	-68.289	-68.661	2	US	USD
840020023	Exports	2023.04.05 15:30:00	251.15	nan	257.496	258.009	2	US	USD
840020024	Imports	2023.04.05 15:30:00	321.686	nan	325.785	326.67	2	US	USD
840500003	S&P Global Composite PMI	2023.04.05 16:45:00	52.3	53.3	53.3	nan	2	US	USD
840040005	ISM Non-Manufacturing Employment	2023.04.05 17:00:00	51.3	52.0	54.0	nan	2	US	USD
840200002	EIA Cushing Crude Oil Stocks Change	2023.04.05 17:30:00	-0.97	-0.518	-1.632	nan	2	US	USD
840140002	Continuing Jobless Claims	2023.04.06 15:30:00	1.823	1.692	1.689	1.817	2	US	USD
840100001	Baker Hughes US Oil Rig Count	2023.04.06 20:00:00	590.0	nan	592.0	nan	2	US	USD
840100002	Baker Hughes US Total Rig Count	2023.04.06 20:00:00	751.0	nan	755.0	nan	2	US	USD
840030017	Participation Rate	2023.04.07 15:30:00	62.6	62.4	62.5	nan	2	US	USD
840030019	Average Hourly Earnings y/y	2023.04.07 15:30:00	4.2	4.5	4.6	nan	2	US	USD
840030023	Private Nonfarm Payrolls	2023.04.07 15:30:00	189.0	-29.0	265.0	266.0	2	US	USD
840030024	U6 Unemployment Rate	2023.04.07 15:30:00	6.7	6.7	6.8	nan	2	US	USD
840050013	Fed Consumer Credit m/m	2023.04.07 22:00:00	15.29	26.38	14.8	19.47	2	US	USD
840520003	CFTC Gold Non-Commercial Net Positions	2023.04.07 22:30:00	195.2	nan	181.6	nan	2	US	USD
840520004	CFTC Crude Oil Non-Commercial Net Positions	2023.04.07 22:30:00	226.1	nan	181.1	nan	2	US	USD
840520005	CFTC S&P 500 Non-Commercial Net Positions	2023.04.07 22:30:00	-321.5	nan	-224.7	nan	2	US	USD
840520011	CFTC Nasdaq 100 Non-Commercial Net Positions	2023.04.07 22:30:00	-18.4	nan	-7.3	nan	2	US	USD
840220011	3-Year Note Auction	2023.04.11 20:00:00	3.81	nan	4.635	nan	2	US	USD
840030008	Core CPI y/y	2023.04.12 15:30:00	5.6	5.5	5.5	nan	2	US	USD
840200002	EIA Cushing Crude Oil Stocks Change	2023.04.12 17:30:00	-0.409	0.13	-0.97	nan	2	US	USD
840150001	Federal Budget Balance	2023.04.12 21:00:00	-378.1	-126.9	-262.4	nan	2	US	USD
840030002	Core PPI m/m	2023.04.13 15:30:00	-0.1	0.2	0.0	0.2	2	US	USD
840140002	Continuing Jobless Claims	2023.04.13 15:30:00	1.81	1.756	1.823	nan	2	US	USD
840030011	Import Price Index m/m	2023.04.14 15:30:00	-0.6	-0.2	-0.1	-0.2	2	US	USD
840030013	Export Price Index m/m	2023.04.14 15:30:00	-0.3	-0.1	0.2	0.4	2	US	USD
840020012	Retail Control m/m	2023.04.14 15:30:00	-0.3	0.6	0.5	nan	2	US	USD
840050011	Fed Industrial Production m/m	2023.04.14 16:15:00	0.4	0.1	0.0	0.2	2	US	USD
840050026	Fed Industrial Production y/y	2023.04.14 16:15:00	0.5	2.6	-0.2	nan	2	US	USD
840210001	Michigan Consumer Sentiment	2023.04.14 17:00:00	63.5	60.8	62.0	nan	2	US	USD
840210002	Michigan Consumer Expectations	2023.04.14 17:00:00	60.3	58.7	59.2	nan	2	US	USD
840210004	Michigan Inflation Expectations	2023.04.14 17:00:00	4.6	3.7	3.6	nan	2	US	USD
840210005	Michigan 5-Year Inflation Expectations	2023.04.14 17:00:00	2.9	2.9	2.9	nan	2	US	USD
840020007	Business Inventories m/m	2023.04.14 17:00:00	0.2	0.1	-0.1	-0.2	2	US	USD
840020027	Retail Inventories m/m	2023.04.14 17:00:00	0.7	0.8	0.8	nan	2	US	USD
840020028	Retail Inventories excl. Autos m/m	2023.04.14 17:00:00	0.3	nan	0.4	nan	2	US	USD
840100001	Baker Hughes US Oil Rig Count	2023.04.14 20:00:00	588.0	nan	590.0	nan	2	US	USD
840100002	Baker Hughes US Total Rig Count	2023.04.14 20:00:00	748.0	nan	751.0	nan	2	US	USD
840520003	CFTC Gold Non-Commercial Net Positions	2023.04.14 22:30:00	192.7	nan	195.2	nan	2	US	USD
840520004	CFTC Crude Oil Non-Commercial Net Positions	2023.04.14 22:30:00	235.6	nan	226.1	nan	2	US	USD
840520005	CFTC S&P 500 Non-Commercial Net Positions	2023.04.14 22:30:00	-307.6	nan	-321.5	nan	2	US	USD
840520011	CFTC Nasdaq 100 Non-Commercial Net Positions	2023.04.14 22:30:00	-2.1	nan	-18.4	nan	2	US	USD
840230001	NY Fed Empire State Manufacturing Index	2023.04.17 15:30:00	10.8	-14.1	-24.6	nan	2	US	USD
840220001	TIC Net Long-Term Transactions	2023.04.17 23:00:00	71.0	101.9	31.9	nan	2	US	USD
840020004	Housing Starts	2023.04.18 15:30:00	1.42	1.38	1.45	1.432	2	US	USD
840020005	Building Permits	2023.04.18 15:30:00	1.413	1.431	1.524	1.55	2	US	USD
840020015	Housing Starts m/m	2023.04.18 15:30:00	-0.8	0.4	9.8	7.3	2	US	USD
840200002	EIA Cushing Crude Oil Stocks Change	2023.04.19 17:30:00	-1.088	0.622	-0.409	nan	2	US	USD
840220019	20-Year Bond Auction	2023.04.19 20:00:00	3.92	nan	3.909	nan	2	US	USD
840070002	Philadelphia Fed Employment	2023.04.20 15:30:00	-0.2	-2.6	-10.3	nan	2	US	USD
840140002	Continuing Jobless Claims	2023.04.20 15:30:00	1.865	1.817	1.81	1.804	2	US	USD
840120002	Existing Home Sales m/m	2023.04.20 17:00:00	-2.4	1.5	14.5	13.8	2	US	USD
840180001	CB Leading Economic Index m/m	2023.04.20 17:00:00	-1.2	0.2	-0.3	nan	2	US	USD
840220016	5-Year TIPS Auction	2023.04.20 20:00:00	1.32	nan	1.504	nan	2	US	USD
840500003	S&P Global Composite PMI	2023.04.21 16:45:00	46.6	52.8	52.3	nan	2	US	USD
840100001	Baker Hughes US Oil Rig Count	2023.04.21 20:00:00	591.0	nan	588.0	nan	2	US	USD
840100002	Baker Hughes US Total Rig Count	2023.04.21 20:00:00	753.0	nan	748.0	nan	2	US	USD
840520003	CFTC Gold Non-Commercial Net Positions	2023.04.21 22:30:00	189.9	nan	192.7	nan	2	US	USD
840520004	CFTC Crude Oil Non-Commercial Net Positions	2023.04.21 22:30:00	244.6	nan	235.6	nan	2	US	USD
840520005	CFTC S&P 500 Non-Commercial Net Positions	2023.04.21 22:30:00	-344.3	nan	-307.6	nan	2	US	USD
840520011	CFTC Nasdaq 100 Non-Commercial Net Positions	2023.04.21 22:30:00	2.7	nan	-2.1	nan	2	US	USD
840170001	S&P/CS HPI Composite-20 y/y	2023.04.25 16:00:00	0.4	1.8	2.5	nan	2	US	USD
840170002	S&P/CS HPI Composite-20 n.s.a. m/m	2023.04.25 16:00:00	0.2	0.2	-0.6	nan	2	US	USD
840020009	New Home Sales m/m	2023.04.25 17:00:00	9.6	-7.7	1.1	-3.9	2	US	USD
840220010	2-Year Note Auction	2023.04.25 20:00:00	3.969	nan	3.954	nan	2	US	USD
840020014	Core Durable Goods Orders m/m	2023.04.26 15:30:00	0.3	0.0	0.0	-0.3	2	US	USD
840020019	Goods Trade Balance	2023.04.26 15:30:00	-84.576	-91.496	-91.626	-91.987	2	US	USD
840020027	Retail Inventories m/m	2023.04.26 15:30:00	0.7	0.7	0.7	0.3	2	US	USD
840020028	Retail Inventories excl. Autos m/m	2023.04.26 15:30:00	0.4	nan	0.3	-0.1	2	US	USD
840200002	EIA Cushing Crude Oil Stocks Change	2023.04.26 17:30:00	0.319	0.667	-1.088	nan	2	US	USD
840220012	5-Year Note Auction	2023.04.26 20:00:00	3.5	nan	3.665	nan	2	US	USD
840010016	Real PCE q/q	2023.04.27 15:30:00	3.7	1.2	1.0	nan	2	US	USD
840140002	Continuing Jobless Claims	2023.04.27 15:30:00	1.858	1.838	1.865	1.861	2	US	USD
840120003	Pending Home Sales m/m	2023.04.27 17:00:00	-5.2	0.0	0.8	0.0	2	US	USD
840220013	7-Year Note Auction	2023.04.27 20:00:00	3.563	nan	3.626	nan	2	US	USD
840030025	Employment Cost Index q/q	2023.04.28 15:30:00	1.2	1.1	1.0	1.1	2	US	USD
840010003	PCE Price Index m/m	2023.04.28 15:30:00	0.1	0.3	0.3	nan	2	US	USD
840010004	PCE Price Index y/y	2023.04.28 15:30:00	4.2	4.6	5.0	5.1	2	US	USD
840010005	Personal Spending m/m	2023.04.28 15:30:00	0.0	0.1	0.2	0.1	2	US	USD
840210001	Michigan Consumer Sentiment	2023.04.28 17:00:00	63.5	63.5	63.5	nan	2	US	USD
840210002	Michigan Consumer Expectations	2023.04.28 17:00:00	60.5	60.3	60.3	nan	2	US	USD
840210004	Michigan Inflation Expectations	2023.04.28 17:00:00	4.6	4.6	4.6	nan	2	US	USD
840210005	Michigan 5-Year Inflation Expectations	2023.04.28 17:00:00	3.0	2.9	2.9	nan	2	US	USD
840100001	Baker Hughes US Oil Rig Count	2023.04.28 20:00:00	591.0	nan	591.0	nan	2	US	USD
840100002	Baker Hughes US Total Rig Count	2023.04.28 20:00:00	755.0	nan	753.0	nan	2	US	USD
840520003	CFTC Gold Non-Commercial Net Positions	2023.04.28 22:30:00	185.3	nan	189.9	nan	2	US	USD
840520004	CFTC Crude Oil Non-Commercial Net Positions	2023.04.28 22:30:00	236.4	nan	244.6	nan	2	US	USD
840520005	CFTC S&P 500 Non-Commercial Net Positions	2023.04.28 22:30:00	-363.3	nan	-344.3	nan	2	US	USD
840520011	CFTC Nasdaq 100 Non-Commercial Net Positions	2023.04.28 22:30:00	5.1	nan	2.7	nan	2	US	USD
840020002	Construction Spending m/m	2023.05.01 17:00:00	0.3	0.3	-0.1	-0.3	2	US	USD
840040004	ISM Manufacturing Employment	2023.05.01 17:00:00	50.2	47.9	46.9	nan	2	US	USD
840020003	Factory Orders m/m	2023.05.02 17:00:00	0.9	0.0	-0.7	-1.1	2	US	USD
840500003	S&P Global Composite PMI	2023.05.03 16:45:00	53.4	46.6	46.6	nan	2	US	USD
840040005	ISM Non-Manufacturing Employment	2023.05.03 17:00:00	50.8	52.6	51.3	nan	2	US	USD
840200002	EIA Cushing Crude Oil Stocks Change	2023.05.03 17:30:00	0.541	0.745	0.319	nan	2	US	USD
840030028	Nonfarm Productivity q/q	2023.05.04 15:30:00	-2.7	-0.7	1.7	1.6	2	US	USD
840030029	Unit Labor Costs q/q	2023.05.04 15:30:00	6.3	8.4	3.2	3.3	2	US	USD
840020001	Trade Balance	2023.05.04 15:30:00	-64.228	-69.531	-70.535	-70.643	2	US	USD
840020023	Exports	2023.05.04 15:30:00	256.15	nan	251.15	250.838	2	US	USD
840020024	Imports	2023.05.04 15:30:00	320.378	nan	321.686	321.481	2	US	USD
840140002	Continuing Jobless Claims	2023.05.04 15:30:00	1.805	1.862	1.858	1.843	2	US	USD
840030017	Participation Rate	2023.05.05 15:30:00	62.6	62.5	62.6	nan	2	US	USD
840030019	Average Hourly Earnings y/y	2023.05.05 15:30:00	4.4	4.4	4.2	nan	2	US	USD
840030023	Private Nonfarm Payrolls	2023.05.05 15:30:00	230.0	-10.0	189.0	123.0	2	US	USD
840030024	U6 Unemployment Rate	2023.05.05 15:30:00	6.6	6.7	6.7	nan	2	US	USD
840100001	Baker Hughes US Oil Rig Count	2023.05.05 20:00:00	588.0	nan	591.0	nan	2	US	USD
840100002	Baker Hughes US Total Rig Count	2023.05.05 20:00:00	748.0	nan	755.0	nan	2	US	USD
840050013	Fed Consumer Credit m/m	2023.05.05 22:00:00	26.51	18.53	15.29	15.03	2	US	USD
840520003	CFTC Gold Non-Commercial Net Positions	2023.05.05 22:30:00	195.6	nan	185.3	nan	2	US	USD
840520004	CFTC Crude Oil Non-Commercial Net Positions	2023.05.05 22:30:00	214.8	nan	236.4	nan	2	US	USD
840520005	CFTC S&P 500 Non-Commercial Net Positions	2023.05.05 22:30:00	-355.4	nan	-363.3	nan	2	US	USD
840520011	CFTC Nasdaq 100 Non-Commercial Net Positions	2023.05.05 22:30:00	13.3	nan	5.1	nan	2	US	USD
840220011	3-Year Note Auction	2023.05.09 20:00:00	3.695	nan	3.81	nan	2	US	USD
840030008	Core CPI y/y	2023.05.10 15:30:00	5.5	5.8	5.6	nan	2	US	USD
840200002	EIA Cushing Crude Oil Stocks Change	2023.05.10 17:30:00	0.397	0.862	0.541	nan	2	US	USD
840150001	Federal Budget Balance	2023.05.10 21:00:00	176.2	-153.1	-378.1	nan	2	US	USD
840030002	Core PPI m/m	2023.05.11 15:30:00	0.2	0.2	-0.1	0.0	2	US	USD
840140002	Continuing Jobless Claims	2023.05.11 15:30:00	1.813	1.832	1.805	1.801	2	US	USD
840030011	Import Price Index m/m	2023.05.12 15:30:00	0.4	-0.2	-0.6	-0.8	2	US	USD
840030013	Export Price Index m/m	2023.05.12 15:30:00	0.2	-0.2	-0.3	-0.6	2	US	USD
840210001	Michigan Consumer Sentiment	2023.05.12 17:00:00	57.7	62.8	63.5	nan	2	US	USD
840210002	Michigan Consumer Expectations	2023.05.12 17:00:00	53.4	59.7	60.5	nan	2	US	USD
840210004	Michigan Inflation Expectations	2023.05.12 17:00:00	4.5	4.6	4.6	nan	2	US	USD
840210005	Michigan 5-Year Inflation Expectations	2023.05.12 17:00:00	3.2	2.9	3.0	nan	2	US	USD
840100001	Baker Hughes US Oil Rig Count	2023.05.12 20:00:00	586.0	nan	588.0	nan	2	US	USD
840100002	Baker Hughes US Total Rig Count	2023.05.12 20:00:00	731.0	nan	748.0	nan	2	US	USD
840520003	CFTC Gold Non-Commercial Net Positions	2023.05.12 22:30:00	195.8	nan	195.6	nan	2	US	USD
840520004	CFTC Crude Oil Non-Commercial Net Positions	2023.05.12 22:30:00	216.6	nan	214.8	nan	2	US	USD
840520005	CFTC S&P 500 Non-Commercial Net Positions	2023.05.12 22:30:00	-376.0	nan	-355.4	nan	2	US	USD
840520011	CFTC Nasdaq 100 Non-Commercial Net Positions	2023.05.12 22:30:00	21.4	nan	13.3	nan	2	US	USD
840230001	NY Fed Empire State Manufacturing Index	2023.05.15 15:30:00	-31.8	-14.1	10.8	nan	2	US	USD
840220001	TIC Net Long-Term Transactions	2023.05.15 23:00:00	133.3	104.5	71.0	56.6	2	US	USD
840020012	Retail Control m/m	2023.05.16 15:30:00	0.7	0.0	-0.3	-0.4	2	US	USD
840050011	Fed Industrial Production m/m	2023.05.16 16:15:00	0.5	0.0	0.4	0.0	2	US	USD
840050026	Fed Industrial Production y/y	2023.05.16 16:15:00	0.2	0.1	0.5	nan	2	US	USD
840020007	Business Inventories m/m	2023.05.16 17:00:00	-0.1	0.1	0.2	0.0	2	US	USD
840020027	Retail Inventories m/m	2023.05.16 17:00:00	0.7	0.7	0.7	nan	2	US	USD
840020028	Retail Inventories excl. Autos m/m	2023.05.16 17:00:00	0.3	nan	0.4	nan	2	US	USD
840020004	Housing Starts	2023.05.17 15:30:00	1.401	1.435	1.42	1.371	2	US	USD
840020005	Building Permits	2023.05.17 15:30:00	1.416	1.467	1.413	1.437	2	US	USD
840020015	Housing Starts m/m	2023.05.17 15:30:00	2.2	1.9	-0.8	-4.5	2	US	USD
840200002	EIA Cushing Crude Oil Stocks Change	2023.05.17 17:30:00	1.461	0.864	0.397	nan	2	US	USD
840220019	20-Year Bond Auction	2023.05.17 20:00:00	3.954	nan	3.92	nan	2	US	USD
840070002	Philadelphia Fed Employment	2023.05.18 15:30:00	-8.6	-5.2	-0.2	nan	2	US	USD
840140002	Continuing Jobless Claims	2023.05.18 15:30:00	1.799	1.809	1.813	1.807	2	US	USD
840120002	Existing Home Sales m/m	2023.05.18 17:00:00	-3.4	0.1	-2.4	-2.6	2	US	USD
840180001	CB Leading Economic Index m/m	2023.05.18 17:00:00	-0.6	0.1	-1.2	nan	2	US	USD
840220017	10-Year TIPS Auction	2023.05.18 20:00:00	1.395	nan	1.182	nan	2	US	USD
840100001	Baker Hughes US Oil Rig Count	2023.05.19 20:00:00	575.0	nan	586.0	nan	2	US	USD
840100002	Baker Hughes US Total Rig Count	2023.05.19 20:00:00	720.0	nan	731.0	nan	2	US	USD
840520003	CFTC Gold Non-Commercial Net Positions	2023.05.19 22:30:00	179.8	nan	195.8	nan	2	US	USD
840520004	CFTC Crude Oil Non-Commercial Net Positions	2023.05.19 22:30:00	191.5	nan	216.6	nan	2	US	USD
840520005	CFTC S&P 500 Non-Commercial Net Positions	2023.05.19 22:30:00	-388.7	nan	-376.0	nan	2	US	USD
840520011	CFTC Nasdaq 100 Non-Commercial Net Positions	2023.05.19 22:30:00	20.0	nan	21.4	nan	2	US	USD
840500003	S&P Global Composite PMI	2023.05.23 16:45:00	54.5	50.0	53.4	nan	2	US	USD
840020009	New Home Sales m/m	2023.05.23 17:00:00	4.1	3.3	9.6	4.0	2	US	USD
840220010	2-Year Note Auction	2023.05.23 20:00:00	4.3	nan	3.969	nan	2	US	USD
840200002	EIA Cushing Crude Oil Stocks Change	2023.05.24 17:30:00	1.762	0.804	1.461	nan	2	US	USD
840220012	5-Year Note Auction	2023.05.24 20:00:00	3.749	nan	3.5	nan	2	US	USD
840010016	Real PCE q/q	2023.05.25 15:30:00	3.8	3.7	3.7	nan	2	US	USD
840140002	Continuing Jobless Claims	2023.05.25 15:30:00	1.794	1.806	1.799	nan	2	US	USD
840120003	Pending Home Sales m/m	2023.05.25 17:00:00	0.0	0.2	-5.2	nan	2	US	USD
840220013	7-Year Note Auction	2023.05.25 20:00:00	3.827	nan	3.563	nan	2	US	USD
840020014	Core Durable Goods Orders m/m	2023.05.26 15:30:00	-0.2	0.0	0.3	nan	2	US	USD
840020019	Goods Trade Balance	2023.05.26 15:30:00	-96.768	-88.502	-84.576	-82.696	2	US	USD
840020027	Retail Inventories m/m	2023.05.26 15:30:00	0.2	0.3	0.7	0.5	2	US	USD
840020028	Retail Inventories excl. Autos m/m	2023.05.26 15:30:00	-0.1	nan	0.3	0.1	2	US	USD
840010003	PCE Price Index m/m	2023.05.26 15:30:00	0.4	0.4	0.1	nan	2	US	USD
840010004	PCE Price Index y/y	2023.05.26 15:30:00	4.4	3.9	4.2	nan	2	US	USD
840010005	Personal Spending m/m	2023.05.26 15:30:00	0.8	0.0	0.0	0.1	2	US	USD
840210001	Michigan Consumer Sentiment	2023.05.26 17:00:00	59.2	57.7	57.7	nan	2	US	USD
840210002	Michigan Consumer Expectations	2023.05.26 17:00:00	55.4	53.4	53.4	nan	2	US	USD
840210004	Michigan Inflation Expectations	2023.05.26 17:00:00	4.2	4.5	4.5	nan	2	US	USD
840210005	Michigan 5-Year Inflation Expectations	2023.05.26 17:00:00	3.1	3.2	3.2	nan	2	US	USD
840100001	Baker Hughes US Oil Rig Count	2023.05.26 20:00:00	570.0	nan	575.0	nan	2	US	USD
840100002	Baker Hughes US Total Rig Count	2023.05.26 20:00:00	711.0	nan	720.0	nan	2	US	USD
840520003	CFTC Gold Non-Commercial Net Positions	2023.05.26 22:30:00	160.7	nan	179.8	nan	2	US	USD
840520004	CFTC Crude Oil Non-Commercial Net Positions	2023.05.26 22:30:00	193.1	nan	191.5	nan	2	US	USD
840520005	CFTC S&P 500 Non-Commercial Net Positions	2023.05.26 22:30:00	-404.3	nan	-388.7	nan	2	US	USD
840520011	CFTC Nasdaq 100 Non-Commercial Net Positions	2023.05.26 22:30:00	14.5	nan	20.0	nan	2	US	USD
840170001	S&P/CS HPI Composite-20 y/y	2023.05.30 16:00:00	-1.1	-0.4	0.4	nan	2	US	USD
840170002	S&P/CS HPI Composite-20 n.s.a. m/m	2023.05.30 16:00:00	1.5	0.4	0.2	0.3	2	US	USD
840030028	Nonfarm Productivity q/q	2023.06.01 15:30:00	-2.1	-2.7	-2.7	nan	2	US	USD
840030029	Unit Labor Costs q/q	2023.06.01 15:30:00	4.2	6.3	6.3	nan	2	US	USD
840140002	Continuing Jobless Claims	2023.06.01 15:30:00	1.795	1.797	1.794	1.789	2	US	USD
840040004	ISM Manufacturing Employment	2023.06.01 17:00:00	51.4	48.5	50.2	nan	2	US	USD
840020002	Construction Spending m/m	2023.06.01 17:00:00	1.2	0.2	0.3	nan	2	US	USD
840200002	EIA Cushing Crude Oil Stocks Change	2023.06.01 18:00:00	1.628	0.772	1.762	nan	2	US	USD
840030017	Participation Rate	2023.06.02 15:30:00	62.6	62.5	62.6	nan	2	US	USD
840030019	Average Hourly Earnings y/y	2023.06.02 15:30:00	4.3	4.3	4.4	nan	2	US	USD
840030023	Private Nonfarm Payrolls	2023.06.02 15:30:00	283.0	29.0	230.0	253.0	2	US	USD
840030024	U6 Unemployment Rate	2023.06.02 15:30:00	6.7	6.6	6.6	nan	2	US	USD
840100001	Baker Hughes US Oil Rig Count	2023.06.02 20:00:00	555.0	nan	570.0	nan	2	US	USD
840100002	Baker Hughes US Total Rig Count	2023.06.02 20:00:00	696.0	nan	711.0	nan	2	US	USD
840520003	CFTC Gold Non-Commercial Net Positions	2023.06.02 22:30:00	169.3	nan	160.7	nan	2	US	USD
840520004	CFTC Crude Oil Non-Commercial Net Positions	2023.06.02 22:30:00	162.6	nan	193.1	nan	2	US	USD
840520005	CFTC S&P 500 Non-Commercial Net Positions	2023.06.02 22:30:00	-434.2	nan	-404.3	nan	2	US	USD
840520011	CFTC Nasdaq 100 Non-Commercial Net Positions	2023.06.02 22:30:00	8.5	nan	14.5	nan	2	US	USD
840500003	S&P Global Composite PMI	2023.06.05 16:45:00	54.3	54.5	54.5	nan	2	US	USD
840020003	Factory Orders m/m	2023.06.05 17:00:00	0.4	0.0	0.9	0.6	2	US	USD
840040005	ISM Non-Manufacturing Employment	2023.06.05 17:00:00	49.2	51.0	50.8	nan	2	US	USD
840020001	Trade Balance	2023.06.07 15:30:00	-74.552	-67.414	-64.228	-60.594	2	US	USD
840020023	Exports	2023.06.07 15:30:00	249.015	nan	256.15	258.189	2	US	USD
840020024	Imports	2023.06.07 15:30:00	323.567	nan	320.378	318.783	2	US	USD
840200002	EIA Cushing Crude Oil Stocks Change	2023.06.07 17:30:00	1.721	0.719	1.628	nan	2	US	USD
840050013	Fed Consumer Credit m/m	2023.06.07 22:00:00	23.01	17.36	26.51	22.84	2	US	USD
840140002	Continuing Jobless Claims	2023.06.08 15:30:00	1.757	1.795	1.795	1.794	2	US	USD
840100001	Baker Hughes US Oil Rig Count	2023.06.09 20:00:00	556.0	nan	555.0	nan	2	US	USD
840100002	Baker Hughes US Total Rig Count	2023.06.09 20:00:00	695.0	nan	696.0	nan	2	US	USD
840520003	CFTC Gold Non-Commercial Net Positions	2023.06.09 22:30:00	175.6	nan	169.3	nan	2	US	USD
840520004	CFTC Crude Oil Non-Commercial Net Positions	2023.06.09 22:30:00	172.4	nan	162.6	nan	2	US	USD
840520005	CFTC S&P 500 Non-Commercial Net Positions	2023.06.09 22:30:00	-344.5	nan	-434.2	nan	2	US	USD
840520011	CFTC Nasdaq 100 Non-Commercial Net Positions	2023.06.09 22:30:00	8.8	nan	8.5	nan	2	US	USD
840220011	3-Year Note Auction	2023.06.12 18:30:00	4.202	nan	3.695	nan	2	US	USD
840150001	Federal Budget Balance	2023.06.12 21:00:00	-240.3	-155.6	176.2	nan	2	US	USD
840030008	Core CPI y/y	2023.06.13 15:30:00	5.3	5.6	5.5	nan	2	US	USD
840030002	Core PPI m/m	2023.06.14 15:30:00	0.2	0.2	0.2	nan	2	US	USD
840200002	EIA Cushing Crude Oil Stocks Change	2023.06.14 17:30:00	1.554	0.922	1.721	nan	2	US	USD
840030011	Import Price Index m/m	2023.06.15 15:30:00	-0.6	-0.1	0.4	0.3	2	US	USD
840030013	Export Price Index m/m	2023.06.15 15:30:00	-1.9	-0.3	0.2	-0.1	2	US	USD
840020012	Retail Control m/m	2023.06.15 15:30:00	0.2	0.0	0.7	0.6	2	US	USD
840070002	Philadelphia Fed Employment	2023.06.15 15:30:00	-0.4	-4.4	-8.6	nan	2	US	USD
840230001	NY Fed Empire State Manufacturing Index	2023.06.15 15:30:00	6.6	-13.1	-31.8	nan	2	US	USD
840140002	Continuing Jobless Claims	2023.06.15 15:30:00	1.775	1.776	1.757	1.755	2	US	USD
840050011	Fed Industrial Production m/m	2023.06.15 16:15:00	-0.2	-0.1	0.5	nan	2	US	USD
840050026	Fed Industrial Production y/y	2023.06.15 16:15:00	0.2	1.3	0.2	nan	2	US	USD
840020007	Business Inventories m/m	2023.06.15 17:00:00	0.2	0.0	-0.1	-0.2	2	US	USD
840020027	Retail Inventories m/m	2023.06.15 17:00:00	0.1	0.2	0.2	nan	2	US	USD
840020028	Retail Inventories excl. Autos m/m	2023.06.15 17:00:00	-0.2	nan	-0.1	nan	2	US	USD
840220001	TIC Net Long-Term Transactions	2023.06.15 23:00:00	127.8	107.4	133.3	205.6	2	US	USD
840210001	Michigan Consumer Sentiment	2023.06.16 17:00:00	63.9	56.6	59.2	nan	2	US	USD
840210002	Michigan Consumer Expectations	2023.06.16 17:00:00	61.3	53.1	55.4	nan	2	US	USD
840210004	Michigan Inflation Expectations	2023.06.16 17:00:00	3.3	4.4	4.2	nan	2	US	USD
840210005	Michigan 5-Year Inflation Expectations	2023.06.16 17:00:00	3.0	3.1	3.1	nan	2	US	USD
840100001	Baker Hughes US Oil Rig Count	2023.06.16 20:00:00	552.0	nan	556.0	nan	2	US	USD
840100002	Baker Hughes US Total Rig Count	2023.06.16 20:00:00	687.0	nan	695.0	nan	2	US	USD
840520003	CFTC Gold Non-Commercial Net Positions	2023.06.16 22:30:00	160.2	nan	175.6	nan	2	US	USD
840520004	CFTC Crude Oil Non-Commercial Net Positions	2023.06.16 22:30:00	155.1	nan	172.4	nan	2	US	USD
840520005	CFTC S&P 500 Non-Commercial Net Positions	2023.06.16 22:30:00	-331.4	nan	-344.5	nan	2	US	USD
840520011	CFTC Nasdaq 100 Non-Commercial Net Positions	2023.06.16 22:30:00	15.7	nan	8.8	nan	2	US	USD
840020004	Housing Starts	2023.06.20 15:30:00	1.631	1.41	1.401	1.34	2	US	USD
840020005	Building Permits	2023.06.20 15:30:00	1.491	1.413	1.416	1.417	2	US	USD
840020015	Housing Starts m/m	2023.06.20 15:30:00	21.7	-0.8	2.2	-2.9	2	US	USD
840220019	20-Year Bond Auction	2023.06.21 20:00:00	4.01	nan	3.954	nan	2	US	USD
840010015	Current Account	2023.06.22 15:30:00	-219.3	-252.79	-206.805	-216.154	2	US	USD
840140002	Continuing Jobless Claims	2023.06.22 15:30:00	1.759	1.766	1.775	1.772	2	US	USD
840120002	Existing Home Sales m/m	2023.06.22 17:00:00	0.2	-0.6	-3.4	-3.2	2	US	USD
840180001	CB Leading Economic Index m/m	2023.06.22 17:00:00	-0.7	0.0	-0.6	nan	2	US	USD
840200002	EIA Cushing Crude Oil Stocks Change	2023.06.22 18:00:00	-0.098	0.618	1.554	nan	2	US	USD
840220016	5-Year TIPS Auction	2023.06.22 20:00:00	1.832	nan	1.32	nan	2	US	USD
840500003	S&P Global Composite PMI	2023.06.23 16:45:00	53.0	54.4	54.3	nan	2	US	USD
840100001	Baker Hughes US Oil Rig Count	2023.06.23 20:00:00	546.0	nan	552.0	nan	2	US	USD
840100002	Baker Hughes US Total Rig Count	2023.06.23 20:00:00	682.0	nan	687.0	nan	2	US	USD
840520003	CFTC Gold Non-Commercial Net Positions	2023.06.23 22:30:00	163.0	nan	160.2	nan	2	US	USD
840520004	CFTC Crude Oil Non-Commercial Net Positions	2023.06.23 22:30:00	166.5	nan	155.1	nan	2	US	USD
840520005	CFTC S&P 500 Non-Commercial Net Positions	2023.06.23 22:30:00	-239.3	nan	-331.4	nan	2	US	USD
840520011	CFTC Nasdaq 100 Non-Commercial Net Positions	2023.06.23 22:30:00	16.0	nan	15.7	nan	2	US	USD
840220010	2-Year Note Auction	2023.06.26 20:00:00	4.67	nan	4.3	nan	2	US	USD
840020014	Core Durable Goods Orders m/m	2023.06.27 15:30:00	0.6	0.0	-0.2	-0.6	2	US	USD
840170001	S&P/CS HPI Composite-20 y/y	2023.06.27 16:00:00	-1.7	-1.9	-1.1	nan	2	US	USD
840170002	S&P/CS HPI Composite-20 n.s.a. m/m	2023.06.27 16:00:00	1.7	1.5	1.5	1.6	2	US	USD
840020009	New Home Sales m/m	2023.06.27 17:00:00	12.2	0.5	4.1	3.5	2	US	USD
840220012	5-Year Note Auction	2023.06.27 20:00:00	4.019	nan	3.749	nan	2	US	USD
840020019	Goods Trade Balance	2023.06.28 15:30:00	-91.133	-91.379	-96.768	-97.095	2	US	USD
840020027	Retail Inventories m/m	2023.06.28 15:30:00	0.8	0.2	0.1	0.3	2	US	USD
840020028	Retail Inventories excl. Autos m/m	2023.06.28 15:30:00	0.0	nan	-0.2	-0.3	2	US	USD
840200002	EIA Cushing Crude Oil Stocks Change	2023.06.28 17:30:00	1.209	0.089	-0.098	nan	2	US	USD
840220013	7-Year Note Auction	2023.06.28 20:00:00	3.839	nan	3.827	nan	2	US	USD
840010016	Real PCE q/q	2023.06.29 15:30:00	4.2	3.8	3.8	nan	2	US	USD
840140002	Continuing Jobless Claims	2023.06.29 15:30:00	1.742	1.767	1.759	1.761	2	US	USD
840120003	Pending Home Sales m/m	2023.06.29 17:00:00	-2.7	-0.3	0.0	-0.4	2	US	USD
840010003	PCE Price Index m/m	2023.06.30 15:30:00	0.1	0.5	0.4	nan	2	US	USD
840010004	PCE Price Index y/y	2023.06.30 15:30:00	3.8	4.6	4.4	4.3	2	US	USD
840010005	Personal Spending m/m	2023.06.30 15:30:00	0.1	-0.1	0.8	0.6	2	US	USD
840210001	Michigan Consumer Sentiment	2023.06.30 17:00:00	64.4	63.9	63.9	nan	2	US	USD
840210002	Michigan Consumer Expectations	2023.06.30 17:00:00	61.5	61.3	61.3	nan	2	US	USD
840210004	Michigan Inflation Expectations	2023.06.30 17:00:00	3.3	3.3	3.3	nan	2	US	USD
840210005	Michigan 5-Year Inflation Expectations	2023.06.30 17:00:00	3.0	3.0	3.0	nan	2	US	USD
840100001	Baker Hughes US Oil Rig Count	2023.06.30 20:00:00	545.0	nan	546.0	nan	2	US	USD
840100002	Baker Hughes US Total Rig Count	2023.06.30 20:00:00	674.0	nan	682.0	nan	2	US	USD
840520003	CFTC Gold Non-Commercial Net Positions	2023.06.30 22:30:00	151.9	nan	163.0	nan	2	US	USD
840520004	CFTC Crude Oil Non-Commercial Net Positions	2023.06.30 22:30:00	138.4	nan	166.5	nan	2	US	USD
840520005	CFTC S&P 500 Non-Commercial Net Positions	2023.06.30 22:30:00	-208.3	nan	-239.3	nan	2	US	USD
840520011	CFTC Nasdaq 100 Non-Commercial Net Positions	2023.06.30 22:30:00	17.2	nan	16.0	nan	2	US	USD
840020002	Construction Spending m/m	2023.07.03 17:00:00	0.9	0.1	1.2	0.4	2	US	USD
840040004	ISM Manufacturing Employment	2023.07.03 17:00:00	48.1	50.8	51.4	nan	2	US	USD
840020003	Factory Orders m/m	2023.07.05 17:00:00	0.3	0.0	0.4	0.3	2	US	USD
840020001	Trade Balance	2023.07.06 15:30:00	-68.982	-69.567	-74.552	-74.438	2	US	USD
840020023	Exports	2023.07.06 15:30:00	247.099	nan	249.015	249.152	2	US	USD
840020024	Imports	2023.07.06 15:30:00	316.082	nan	323.567	323.59	2	US	USD
840140002	Continuing Jobless Claims	2023.07.06 15:30:00	1.72	1.751	1.742	1.733	2	US	USD
840500003	S&P Global Composite PMI	2023.07.06 16:45:00	53.2	53.0	53.0	nan	2	US	USD
840040005	ISM Non-Manufacturing Employment	2023.07.06 17:00:00	53.1	49.9	49.2	nan	2	US	USD
840200002	EIA Cushing Crude Oil Stocks Change	2023.07.06 18:00:00	-0.4	-0.307	1.209	nan	2	US	USD
840030017	Participation Rate	2023.07.07 15:30:00	62.6	62.6	62.6	nan	2	US	USD
840030019	Average Hourly Earnings y/y	2023.07.07 15:30:00	4.4	4.4	4.3	nan	2	US	USD
840030023	Private Nonfarm Payrolls	2023.07.07 15:30:00	149.0	0.0	283.0	259.0	2	US	USD
840030024	U6 Unemployment Rate	2023.07.07 15:30:00	6.9	6.6	6.7	nan	2	US	USD
840100001	Baker Hughes US Oil Rig Count	2023.07.07 20:00:00	540.0	nan	545.0	nan	2	US	USD
840100002	Baker Hughes US Total Rig Count	2023.07.07 20:00:00	680.0	nan	674.0	nan	2	US	USD
840520003	CFTC Gold Non-Commercial Net Positions	2023.07.07 22:30:00	163.1	nan	151.9	nan	2	US	USD
840520004	CFTC Crude Oil Non-Commercial Net Positions	2023.07.07 22:30:00	141.4	nan	138.4	nan	2	US	USD
840520005	CFTC S&P 500 Non-Commercial Net Positions	2023.07.07 22:30:00	-207.2	nan	-208.3	nan	2	US	USD
840520011	CFTC Nasdaq 100 Non-Commercial Net Positions	2023.07.07 22:30:00	5.5	nan	17.2	nan	2	US	USD
840050013	Fed Consumer Credit m/m	2023.07.10 22:00:00	7.24	18.79	23.01	20.32	2	US	USD
840220011	3-Year Note Auction	2023.07.11 20:00:00	4.534	nan	4.202	nan	2	US	USD
840030008	Core CPI y/y	2023.07.12 15:30:00	4.8	4.9	5.3	nan	2	US	USD
840200002	EIA Cushing Crude Oil Stocks Change	2023.07.12 17:30:00	-1.605	-0.805	-0.4	nan	2	US	USD
840030002	Core PPI m/m	2023.07.13 15:30:00	0.1	0.2	0.2	0.1	2	US	USD
840140002	Continuing Jobless Claims	2023.07.13 15:30:00	1.729	1.731	1.72	1.718	2	US	USD
840150001	Federal Budget Balance	2023.07.13 21:00:00	-227.8	-192.5	-240.3	nan	2	US	USD
840030011	Import Price Index m/m	2023.07.14 15:30:00	-0.2	-0.1	-0.6	-0.4	2	US	USD
840030013	Export Price Index m/m	2023.07.14 15:30:00	-0.9	-0.3	-1.9	nan	2	US	USD
840210001	Michigan Consumer Sentiment	2023.07.14 17:00:00	72.6	69.3	64.4	nan	2	US	USD
840210002	Michigan Consumer Expectations	2023.07.14 17:00:00	69.4	65.8	61.5	nan	2	US	USD
840210004	Michigan Inflation Expectations	2023.07.14 17:00:00	3.4	3.3	3.3	nan	2	US	USD
840210005	Michigan 5-Year Inflation Expectations	2023.07.14 17:00:00	3.1	3.1	3.0	nan	2	US	USD
840100001	Baker Hughes US Oil Rig Count	2023.07.14 20:00:00	537.0	nan	540.0	nan	2	US	USD
840100002	Baker Hughes US Total Rig Count	2023.07.14 20:00:00	675.0	nan	680.0	nan	2	US	USD
840520003	CFTC Gold Non-Commercial Net Positions	2023.07.14 22:30:00	165.8	nan	163.1	nan	2	US	USD
840520004	CFTC Crude Oil Non-Commercial Net Positions	2023.07.14 22:30:00	173.4	nan	141.4	nan	2	US	USD
840520005	CFTC S&P 500 Non-Commercial Net Positions	2023.07.14 22:30:00	-209.0	nan	-207.2	nan	2	US	USD
840520011	CFTC Nasdaq 100 Non-Commercial Net Positions	2023.07.14 22:30:00	10.9	nan	5.5	nan	2	US	USD
840230001	NY Fed Empire State Manufacturing Index	2023.07.17 15:30:00	1.1	-10.6	6.6	nan	2	US	USD
840020012	Retail Control m/m	2023.07.18 15:30:00	0.6	-0.3	0.2	0.3	2	US	USD
840050011	Fed Industrial Production m/m	2023.07.18 16:15:00	-0.5	0.0	-0.2	-0.5	2	US	USD
840050026	Fed Industrial Production y/y	2023.07.18 16:15:00	-0.4	1.1	0.2	nan	2	US	USD
840020007	Business Inventories m/m	2023.07.18 17:00:00	0.2	0.1	0.2	0.1	2	US	USD
840020027	Retail Inventories m/m	2023.07.18 17:00:00	0.7	0.8	0.8	nan	2	US	USD
840020028	Retail Inventories excl. Autos m/m	2023.07.18 17:00:00	-0.1	nan	0.0	nan	2	US	USD
840220001	TIC Net Long-Term Transactions	2023.07.18 23:00:00	25.8	110.2	127.8	nan	2	US	USD
840020004	Housing Starts	2023.07.19 15:30:00	1.434	1.519	1.631	1.559	2	US	USD
840020005	Building Permits	2023.07.19 15:30:00	1.44	1.453	1.491	1.496	2	US	USD
840020015	Housing Starts m/m	2023.07.19 15:30:00	-8.0	7.2	21.7	15.7	2	US	USD
840200002	EIA Cushing Crude Oil Stocks Change	2023.07.19 17:30:00	-2.891	-0.835	-1.605	nan	2	US	USD
840220019	20-Year Bond Auction	2023.07.19 20:00:00	4.036	nan	4.01	nan	2	US	USD
840070002	Philadelphia Fed Employment	2023.07.20 15:30:00	-1.0	-4.5	-0.4	nan	2	US	USD
840140002	Continuing Jobless Claims	2023.07.20 15:30:00	1.754	1.725	1.729	1.721	2	US	USD
840120002	Existing Home Sales m/m	2023.07.20 17:00:00	-3.3	-0.4	0.2	nan	2	US	USD
840180001	CB Leading Economic Index m/m	2023.07.20 17:00:00	-0.7	-0.3	-0.7	nan	2	US	USD
840220017	10-Year TIPS Auction	2023.07.20 20:00:00	1.495	nan	1.395	nan	2	US	USD
840100001	Baker Hughes US Oil Rig Count	2023.07.21 20:00:00	530.0	nan	537.0	nan	2	US	USD
840100002	Baker Hughes US Total Rig Count	2023.07.21 20:00:00	669.0	nan	675.0	nan	2	US	USD
840520003	CFTC Gold Non-Commercial Net Positions	2023.07.21 22:30:00	193.3	nan	165.8	nan	2	US	USD
840520004	CFTC Crude Oil Non-Commercial Net Positions	2023.07.21 22:30:00	206.1	nan	173.4	nan	2	US	USD
840520005	CFTC S&P 500 Non-Commercial Net Positions	2023.07.21 22:30:00	-263.7	nan	-209.0	nan	2	US	USD
840520011	CFTC Nasdaq 100 Non-Commercial Net Positions	2023.07.21 22:30:00	1.2	nan	10.9	nan	2	US	USD
840500003	S&P Global Composite PMI	2023.07.24 16:45:00	52.0	53.1	53.2	nan	2	US	USD
840220010	2-Year Note Auction	2023.07.24 20:00:00	4.823	nan	4.67	nan	2	US	USD
840170001	S&P/CS HPI Composite-20 y/y	2023.07.25 16:00:00	-1.7	-1.8	-1.7	nan	2	US	USD
840170002	S&P/CS HPI Composite-20 n.s.a. m/m	2023.07.25 16:00:00	1.5	1.2	1.7	nan	2	US	USD
840220012	5-Year Note Auction	2023.07.25 20:00:00	4.17	nan	4.019	nan	2	US	USD
840020009	New Home Sales m/m	2023.07.26 17:00:00	-2.5	-0.7	12.2	6.6	2	US	USD
840200002	EIA Cushing Crude Oil Stocks Change	2023.07.26 17:30:00	-2.609	-1.442	-2.891	nan	2	US	USD
840020014	Core Durable Goods Orders m/m	2023.07.27 15:30:00	0.6	0.0	0.6	0.7	2	US	USD
840020019	Goods Trade Balance	2023.07.27 15:30:00	-87.835	-94.513	-91.133	-91.861	2	US	USD
840020027	Retail Inventories m/m	2023.07.27 15:30:00	0.7	0.9	0.7	nan	2	US	USD
840020028	Retail Inventories excl. Autos m/m	2023.07.27 15:30:00	0.4	nan	-0.1	0.0	2	US	USD
840010016	Real PCE q/q	2023.07.27 15:30:00	1.6	4.0	4.2	nan	2	US	USD
840140002	Continuing Jobless Claims	2023.07.27 15:30:00	1.69	1.742	1.754	1.749	2	US	USD
840120003	Pending Home Sales m/m	2023.07.27 17:00:00	0.3	0.1	-2.7	-2.5	2	US	USD
840220013	7-Year Note Auction	2023.07.27 20:00:00	4.087	nan	3.839	nan	2	US	USD
840030025	Employment Cost Index q/q	2023.07.28 15:30:00	1.0	1.1	1.2	nan	2	US	USD
840010003	PCE Price Index m/m	2023.07.28 15:30:00	0.2	-0.1	0.1	nan	2	US	USD
840010004	PCE Price Index y/y	2023.07.28 15:30:00	3.0	3.1	3.8	nan	2	US	USD
840010005	Personal Spending m/m	2023.07.28 15:30:00	0.5	0.0	0.1	0.2	2	US	USD
840210001	Michigan Consumer Sentiment	2023.07.28 17:00:00	71.6	72.6	72.6	nan	2	US	USD
840210002	Michigan Consumer Expectations	2023.07.28 17:00:00	68.3	69.4	69.4	nan	2	US	USD
840210004	Michigan Inflation Expectations	2023.07.28 17:00:00	3.4	3.4	3.4	nan	2	US	USD
840210005	Michigan 5-Year Inflation Expectations	2023.07.28 17:00:00	3.0	3.1	3.1	nan	2	US	USD
840100001	Baker Hughes US Oil Rig Count	2023.07.28 20:00:00	529.0	nan	530.0	nan	2	US	USD
840100002	Baker Hughes US Total Rig Count	2023.07.28 20:00:00	664.0	nan	669.0	nan	2	US	USD
840520003	CFTC Gold Non-Commercial Net Positions	2023.07.28 22:30:00	173.6	nan	193.3	nan	2	US	USD
840520004	CFTC Crude Oil Non-Commercial Net Positions	2023.07.28 22:30:00	225.2	nan	206.1	nan	2	US	USD
840520005	CFTC S&P 500 Non-Commercial Net Positions	2023.07.28 22:30:00	-232.6	nan	-263.7	nan	2	US	USD
840520011	CFTC Nasdaq 100 Non-Commercial Net Positions	2023.07.28 22:30:00	-10.7	nan	1.2	nan	2	US	USD
840040004	ISM Manufacturing Employment	2023.08.01 17:00:00	44.4	49.7	48.1	nan	2	US	USD
840020002	Construction Spending m/m	2023.08.01 17:00:00	0.5	0.0	0.9	1.1	2	US	USD
840200002	EIA Cushing Crude Oil Stocks Change	2023.08.02 17:30:00	-1.259	-2.494	-2.609	nan	2	US	USD
840030028	Nonfarm Productivity q/q	2023.08.03 15:30:00	3.7	-0.8	-2.1	-1.2	2	US	USD
840030029	Unit Labor Costs q/q	2023.08.03 15:30:00	1.6	-0.5	4.2	3.3	2	US	USD
840140002	Continuing Jobless Claims	2023.08.03 15:30:00	1.7	1.722	1.69	1.679	2	US	USD
840500003	S&P Global Composite PMI	2023.08.03 16:45:00	52.0	52.0	52.0	nan	2	US	USD
840040005	ISM Non-Manufacturing Employment	2023.08.03 17:00:00	50.7	51.1	53.1	nan	2	US	USD
840020003	Factory Orders m/m	2023.08.03 17:00:00	2.3	0.0	0.3	0.4	2	US	USD
840030017	Participation Rate	2023.08.04 15:30:00	62.6	62.6	62.6	nan	2	US	USD
840030019	Average Hourly Earnings y/y	2023.08.04 15:30:00	4.4	4.4	4.4	nan	2	US	USD
840030023	Private Nonfarm Payrolls	2023.08.04 15:30:00	172.0	-42.0	149.0	128.0	2	US	USD
840030024	U6 Unemployment Rate	2023.08.04 15:30:00	6.7	6.8	6.9	nan	2	US	USD
840100001	Baker Hughes US Oil Rig Count	2023.08.04 20:00:00	525.0	nan	529.0	nan	2	US	USD
840100002	Baker Hughes US Total Rig Count	2023.08.04 20:00:00	659.0	nan	664.0	nan	2	US	USD
840520003	CFTC Gold Non-Commercial Net Positions	2023.08.04 22:30:00	164.9	nan	173.6	nan	2	US	USD
840520004	CFTC Crude Oil Non-Commercial Net Positions	2023.08.04 22:30:00	241.9	nan	225.2	nan	2	US	USD
840520005	CFTC S&P 500 Non-Commercial Net Positions	2023.08.04 22:30:00	-200.0	nan	-232.6	nan	2	US	USD
840520011	CFTC Nasdaq 100 Non-Commercial Net Positions	2023.08.04 22:30:00	-11.4	nan	-10.7	nan	2	US	USD
840050013	Fed Consumer Credit m/m	2023.08.07 22:00:00	17.85	18.28	7.24	9.46	2	US	USD
840020001	Trade Balance	2023.08.08 15:30:00	-65.497	-71.863	-68.982	-68.285	2	US	USD
840020023	Exports	2023.08.08 15:30:00	247.483	nan	247.099	247.833	2	US	USD
840020024	Imports	2023.08.08 15:30:00	312.98	nan	316.082	316.118	2	US	USD
840220011	3-Year Note Auction	2023.08.08 20:00:00	4.398	nan	4.534	nan	2	US	USD
840200002	EIA Cushing Crude Oil Stocks Change	2023.08.09 17:30:00	0.159	-1.783	-1.259	nan	2	US	USD
840030008	Core CPI y/y	2023.08.10 15:30:00	4.7	4.2	4.8	nan	2	US	USD
840140002	Continuing Jobless Claims	2023.08.10 15:30:00	1.684	1.695	1.7	1.692	2	US	USD
840150001	Federal Budget Balance	2023.08.10 21:00:00	-220.8	-58.0	-227.8	nan	2	US	USD
840030002	Core PPI m/m	2023.08.11 15:30:00	0.3	0.1	0.1	-0.1	2	US	USD
840210001	Michigan Consumer Sentiment	2023.08.11 17:00:00	71.2	69.3	71.6	nan	2	US	USD
840210002	Michigan Consumer Expectations	2023.08.11 17:00:00	67.3	67.5	68.3	nan	2	US	USD
840210004	Michigan Inflation Expectations	2023.08.11 17:00:00	3.3	3.8	3.4	nan	2	US	USD
840210005	Michigan 5-Year Inflation Expectations	2023.08.11 17:00:00	2.9	3.0	3.0	nan	2	US	USD
840100001	Baker Hughes US Oil Rig Count	2023.08.11 20:00:00	525.0	nan	525.0	nan	2	US	USD
840100002	Baker Hughes US Total Rig Count	2023.08.11 20:00:00	654.0	nan	659.0	nan	2	US	USD
840520003	CFTC Gold Non-Commercial Net Positions	2023.08.11 22:30:00	143.0	nan	164.9	nan	2	US	USD
840520004	CFTC Crude Oil Non-Commercial Net Positions	2023.08.11 22:30:00	255.9	nan	241.9	nan	2	US	USD
840520005	CFTC S&P 500 Non-Commercial Net Positions	2023.08.11 22:30:00	-159.6	nan	-200.0	nan	2	US	USD
840520011	CFTC Nasdaq 100 Non-Commercial Net Positions	2023.08.11 22:30:00	-10.9	nan	-11.4	nan	2	US	USD
840030011	Import Price Index m/m	2023.08.15 15:30:00	0.4	-0.1	-0.2	-0.1	2	US	USD
840030013	Export Price Index m/m	2023.08.15 15:30:00	0.7	-0.4	-0.9	-0.7	2	US	USD
840020012	Retail Control m/m	2023.08.15 15:30:00	1.0	0.2	0.6	0.5	2	US	USD
840230001	NY Fed Empire State Manufacturing Index	2023.08.15 15:30:00	-19.0	-8.0	1.1	nan	2	US	USD
840020007	Business Inventories m/m	2023.08.15 17:00:00	0.0	0.2	0.2	0.0	2	US	USD
840020027	Retail Inventories m/m	2023.08.15 17:00:00	0.7	0.7	0.7	nan	2	US	USD
840020028	Retail Inventories excl. Autos m/m	2023.08.15 17:00:00	0.3	nan	0.4	nan	2	US	USD
840220001	TIC Net Long-Term Transactions	2023.08.15 23:00:00	195.9	107.2	25.8	23.6	2	US	USD
840020004	Housing Starts	2023.08.16 15:30:00	1.452	1.533	1.434	1.398	2	US	USD
840020005	Building Permits	2023.08.16 15:30:00	1.442	1.464	1.44	1.441	2	US	USD
840020015	Housing Starts m/m	2023.08.16 15:30:00	3.9	2.7	-8.0	-11.7	2	US	USD
840050011	Fed Industrial Production m/m	2023.08.16 16:15:00	1.0	0.0	-0.5	-0.8	2	US	USD
840050026	Fed Industrial Production y/y	2023.08.16 16:15:00	-0.2	-0.1	-0.4	nan	2	US	USD
840200002	EIA Cushing Crude Oil Stocks Change	2023.08.16 17:30:00	-0.837	0.131	0.159	nan	2	US	USD
840070002	Philadelphia Fed Employment	2023.08.17 15:30:00	-6.0	-0.7	-1.0	nan	2	US	USD
840140002	Continuing Jobless Claims	2023.08.17 15:30:00	1.716	1.692	1.684	nan	2	US	USD
840180001	CB Leading Economic Index m/m	2023.08.17 17:00:00	-0.4	-0.4	-0.7	nan	2	US	USD
840100001	Baker Hughes US Oil Rig Count	2023.08.18 20:00:00	520.0	nan	525.0	nan	2	US	USD
840100002	Baker Hughes US Total Rig Count	2023.08.18 20:00:00	642.0	nan	654.0	nan	2	US	USD
840520003	CFTC Gold Non-Commercial Net Positions	2023.08.18 22:30:00	121.1	nan	143.0	nan	2	US	USD
840520004	CFTC Crude Oil Non-Commercial Net Positions	2023.08.18 22:30:00	242.1	nan	255.9	nan	2	US	USD
840520005	CFTC S&P 500 Non-Commercial Net Positions	2023.08.18 22:30:00	-118.4	nan	-159.6	nan	2	US	USD
840520011	CFTC Nasdaq 100 Non-Commercial Net Positions	2023.08.18 22:30:00	5.2	nan	-10.9	nan	2	US	USD
840120002	Existing Home Sales m/m	2023.08.22 17:00:00	-2.2	-0.1	-3.3	nan	2	US	USD
840500003	S&P Global Composite PMI	2023.08.23 16:45:00	50.4	52.0	52.0	nan	2	US	USD
840020009	New Home Sales m/m	2023.08.23 17:00:00	4.4	0.2	-2.5	-2.8	2	US	USD
840200002	EIA Cushing Crude Oil Stocks Change	2023.08.23 17:30:00	-3.133	-0.906	-0.837	nan	2	US	USD
840220019	20-Year Bond Auction	2023.08.23 20:00:00	4.499	nan	4.036	nan	2	US	USD
840020014	Core Durable Goods Orders m/m	2023.08.24 15:30:00	0.5	0.0	0.6	0.2	2	US	USD
840140002	Continuing Jobless Claims	2023.08.24 15:30:00	1.702	1.7	1.716	1.711	2	US	USD
840220018	30-Year TIPS Auction	2023.08.24 20:00:00	1.97	nan	1.55	nan	2	US	USD
840210001	Michigan Consumer Sentiment	2023.08.25 17:00:00	69.5	71.2	71.2	nan	2	US	USD
840210002	Michigan Consumer Expectations	2023.08.25 17:00:00	65.5	67.3	67.3	nan	2	US	USD
840210004	Michigan Inflation Expectations	2023.08.25 17:00:00	3.5	3.3	3.3	nan	2	US	USD
840210005	Michigan 5-Year Inflation Expectations	2023.08.25 17:00:00	3.0	2.9	2.9	nan	2	US	USD
840100001	Baker Hughes US Oil Rig Count	2023.08.25 20:00:00	512.0	nan	520.0	nan	2	US	USD
840100002	Baker Hughes US Total Rig Count	2023.08.25 20:00:00	632.0	nan	642.0	nan	2	US	USD
840520003	CFTC Gold Non-Commercial Net Positions	2023.08.25 22:30:00	101.9	nan	121.1	nan	2	US	USD
840520004	CFTC Crude Oil Non-Commercial Net Positions	2023.08.25 22:30:00	234.4	nan	242.1	nan	2	US	USD
840520005	CFTC S&P 500 Non-Commercial Net Positions	2023.08.25 22:30:00	-133.5	nan	-118.4	nan	2	US	USD
840520011	CFTC Nasdaq 100 Non-Commercial Net Positions	2023.08.25 22:30:00	13.8	nan	5.2	nan	2	US	USD
840220010	2-Year Note Auction	2023.08.28 18:30:00	5.024	nan	4.823	nan	2	US	USD
840220012	5-Year Note Auction	2023.08.28 20:00:00	4.4	nan	4.17	nan	2	US	USD
840170001	S&P/CS HPI Composite-20 y/y	2023.08.29 16:00:00	-1.2	-1.0	-1.7	nan	2	US	USD
840170002	S&P/CS HPI Composite-20 n.s.a. m/m	2023.08.29 16:00:00	0.9	0.6	1.5	nan	2	US	USD
840220013	7-Year Note Auction	2023.08.29 20:00:00	4.212	nan	4.087	nan	2	US	USD
840020019	Goods Trade Balance	2023.08.30 15:30:00	-91.175	-89.944	-87.835	-88.829	2	US	USD
840020027	Retail Inventories m/m	2023.08.30 15:30:00	0.3	0.2	0.7	0.5	2	US	USD
840020028	Retail Inventories excl. Autos m/m	2023.08.30 15:30:00	0.1	nan	0.3	0.2	2	US	USD
840010016	Real PCE q/q	2023.08.30 15:30:00	1.7	1.6	1.6	nan	2	US	USD
840120003	Pending Home Sales m/m	2023.08.30 17:00:00	0.9	-0.1	0.3	0.4	2	US	USD
840200002	EIA Cushing Crude Oil Stocks Change	2023.08.30 17:30:00	-1.504	-2.44	-3.133	nan	2	US	USD
840010003	PCE Price Index m/m	2023.08.31 15:30:00	0.2	0.0	0.2	nan	2	US	USD
840010004	PCE Price Index y/y	2023.08.31 15:30:00	3.3	2.4	3.0	nan	2	US	USD
840010005	Personal Spending m/m	2023.08.31 15:30:00	0.8	0.1	0.5	0.6	2	US	USD
840140002	Continuing Jobless Claims	2023.08.31 15:30:00	1.725	1.709	1.702	1.697	2	US	USD
840030017	Participation Rate	2023.09.01 15:30:00	62.8	62.6	62.6	nan	2	US	USD
840030019	Average Hourly Earnings y/y	2023.09.01 15:30:00	4.3	4.4	4.4	nan	2	US	USD
840030023	Private Nonfarm Payrolls	2023.09.01 15:30:00	179.0	-5.0	172.0	155.0	2	US	USD
840030024	U6 Unemployment Rate	2023.09.01 15:30:00	7.1	6.8	6.7	nan	2	US	USD
840040004	ISM Manufacturing Employment	2023.09.01 17:00:00	48.5	46.2	44.4	nan	2	US	USD
840020002	Construction Spending m/m	2023.09.01 17:00:00	0.7	-0.1	0.5	0.6	2	US	USD
840100001	Baker Hughes US Oil Rig Count	2023.09.01 20:00:00	512.0	nan	512.0	nan	2	US	USD
840100002	Baker Hughes US Total Rig Count	2023.09.01 20:00:00	631.0	nan	632.0	nan	2	US	USD
840520003	CFTC Gold Non-Commercial Net Positions	2023.09.01 22:30:00	123.3	nan	101.9	nan	2	US	USD
840520004	CFTC Crude Oil Non-Commercial Net Positions	2023.09.01 22:30:00	240.9	nan	234.4	nan	2	US	USD
840520005	CFTC S&P 500 Non-Commercial Net Positions	2023.09.01 22:30:00	-142.1	nan	-133.5	nan	2	US	USD
840520011	CFTC Nasdaq 100 Non-Commercial Net Positions	2023.09.01 22:30:00	16.2	nan	13.8	nan	2	US	USD
840020003	Factory Orders m/m	2023.09.05 17:00:00	-2.1	0.1	2.3	nan	2	US	USD
840020001	Trade Balance	2023.09.06 15:30:00	-65.022	-67.286	-65.497	-63.718	2	US	USD
840020023	Exports	2023.09.06 15:30:00	251.66	nan	247.483	247.74	2	US	USD
840020024	Imports	2023.09.06 15:30:00	316.683	nan	312.98	311.458	2	US	USD
840500003	S&P Global Composite PMI	2023.09.06 16:45:00	50.2	50.4	50.4	nan	2	US	USD
840040005	ISM Non-Manufacturing Employment	2023.09.06 17:00:00	54.7	51.8	50.7	nan	2	US	USD
840030028	Nonfarm Productivity q/q	2023.09.07 15:30:00	3.5	3.7	3.7	nan	2	US	USD
840030029	Unit Labor Costs q/q	2023.09.07 15:30:00	2.2	1.6	1.6	nan	2	US	USD
840140002	Continuing Jobless Claims	2023.09.07 15:30:00	1.679	1.714	1.725	1.719	2	US	USD
840200002	EIA Cushing Crude Oil Stocks Change	2023.09.07 18:00:00	-1.75	0.164	-1.504	nan	2	US	USD
840100001	Baker Hughes US Oil Rig Count	2023.09.08 20:00:00	513.0	nan	512.0	nan	2	US	USD
840100002	Baker Hughes US Total Rig Count	2023.09.08 20:00:00	632.0	nan	631.0	nan	2	US	USD
840050013	Fed Consumer Credit m/m	2023.09.08 22:00:00	10.4	18.37	17.85	14.02	2	US	USD
840520003	CFTC Gold Non-Commercial Net Positions	2023.09.08 22:30:00	138.0	nan	123.3	nan	2	US	USD
840520004	CFTC Crude Oil Non-Commercial Net Positions	2023.09.08 22:30:00	299.3	nan	240.9	nan	2	US	USD
840520005	CFTC S&P 500 Non-Commercial Net Positions	2023.09.08 22:30:00	-144.2	nan	-142.1	nan	2	US	USD
840520011	CFTC Nasdaq 100 Non-Commercial Net Positions	2023.09.08 22:30:00	13.6	nan	16.2	nan	2	US	USD
840220011	3-Year Note Auction	2023.09.11 20:00:00	4.66	nan	4.398	nan	2	US	USD
840030008	Core CPI y/y	2023.09.13 15:30:00	4.3	4.7	4.7	nan	2	US	USD
840200002	EIA Cushing Crude Oil Stocks Change	2023.09.13 17:30:00	-2.45	-0.035	-1.75	nan	2	US	USD
840150001	Federal Budget Balance	2023.09.13 21:00:00	89.3	-195.2	-220.8	nan	2	US	USD
840030002	Core PPI m/m	2023.09.14 15:30:00	0.2	0.1	0.3	0.4	2	US	USD
840020012	Retail Control m/m	2023.09.14 15:30:00	0.1	-0.2	1.0	0.7	2	US	USD
840140002	Continuing Jobless Claims	2023.09.14 15:30:00	1.688	1.702	1.679	1.684	2	US	USD
840020007	Business Inventories m/m	2023.09.14 17:00:00	0.0	0.1	0.0	-0.1	2	US	USD
840020027	Retail Inventories m/m	2023.09.14 17:00:00	0.2	0.3	0.3	nan	2	US	USD
840020028	Retail Inventories excl. Autos m/m	2023.09.14 17:00:00	0.0	nan	0.1	nan	2	US	USD
840030011	Import Price Index m/m	2023.09.15 15:30:00	0.5	-0.1	0.4	0.1	2	US	USD
840030013	Export Price Index m/m	2023.09.15 15:30:00	1.3	-0.3	0.7	0.5	2	US	USD
840230001	NY Fed Empire State Manufacturing Index	2023.09.15 15:30:00	1.9	-7.3	-19.0	nan	2	US	USD
840050011	Fed Industrial Production m/m	2023.09.15 16:15:00	0.4	0.1	1.0	0.7	2	US	USD
840050026	Fed Industrial Production y/y	2023.09.15 16:15:00	0.2	-0.3	-0.2	nan	2	US	USD
840210001	Michigan Consumer Sentiment	2023.09.15 17:00:00	67.7	66.9	69.5	nan	2	US	USD
840210002	Michigan Consumer Expectations	2023.09.15 17:00:00	66.3	61.8	65.5	nan	2	US	USD
840210004	Michigan Inflation Expectations	2023.09.15 17:00:00	3.1	3.4	3.5	3.5	2	US	USD
840210005	Michigan 5-Year Inflation Expectations	2023.09.15 17:00:00	2.7	3.0	3.0	3.0	2	US	USD
840100001	Baker Hughes US Oil Rig Count	2023.09.15 20:00:00	515.0	nan	513.0	nan	2	US	USD
840100002	Baker Hughes US Total Rig Count	2023.09.15 20:00:00	641.0	nan	632.0	nan	2	US	USD
840520003	CFTC Gold Non-Commercial Net Positions	2023.09.15 22:30:00	123.9	nan	138.0	nan	2	US	USD
840520004	CFTC Crude Oil Non-Commercial Net Positions	2023.09.15 22:30:00	326.9	nan	299.3	nan	2	US	USD
840520005	CFTC S&P 500 Non-Commercial Net Positions	2023.09.15 22:30:00	-116.3	nan	-144.2	nan	2	US	USD
840520011	CFTC Nasdaq 100 Non-Commercial Net Positions	2023.09.15 22:30:00	9.1	nan	13.6	nan	2	US	USD
840220001	TIC Net Long-Term Transactions	2023.09.18 23:00:00	8.8	112.2	195.9	186.0	2	US	USD
840020004	Housing Starts	2023.09.19 15:30:00	1.283	1.444	1.452	1.447	2	US	USD
840020005	Building Permits	2023.09.19 15:30:00	1.543	1.44	1.442	1.443	2	US	USD
840020015	Housing Starts m/m	2023.09.19 15:30:00	-11.3	-3.0	3.9	2.0	2	US	USD
840220019	20-Year Bond Auction	2023.09.19 20:00:00	4.592	nan	4.499	nan	2	US	USD
840200002	EIA Cushing Crude Oil Stocks Change	2023.09.20 17:30:00	-2.064	-1.455	-2.45	nan	2	US	USD
840070002	Philadelphia Fed Employment	2023.09.21 15:30:00	-5.7	-3.5	-6.0	nan	2	US	USD
840010015	Current Account	2023.09.21 15:30:00	-212.104	-233.752	-219.3	-214.472	2	US	USD
840140002	Continuing Jobless Claims	2023.09.21 15:30:00	1.662	1.683	1.688	1.683	2	US	USD
840120002	Existing Home Sales m/m	2023.09.21 17:00:00	-0.7	0.6	-2.2	nan	2	US	USD
840180001	CB Leading Economic Index m/m	2023.09.21 17:00:00	-0.4	-0.4	-0.4	nan	2	US	USD
840220017	10-Year TIPS Auction	2023.09.21 20:00:00	2.094	nan	1.495	nan	2	US	USD
840500003	S&P Global Composite PMI	2023.09.22 16:45:00	50.1	50.3	50.2	nan	2	US	USD
840100001	Baker Hughes US Oil Rig Count	2023.09.22 20:00:00	507.0	nan	515.0	nan	2	US	USD
840100002	Baker Hughes US Total Rig Count	2023.09.22 20:00:00	630.0	nan	641.0	nan	2	US	USD
840520003	CFTC Gold Non-Commercial Net Positions	2023.09.22 22:30:00	135.2	nan	123.9	nan	2	US	USD
840520004	CFTC Crude Oil Non-Commercial Net Positions	2023.09.22 22:30:00	328.4	nan	326.9	nan	2	US	USD
840520005	CFTC S&P 500 Non-Commercial Net Positions	2023.09.22 22:30:00	-139.0	nan	-116.3	nan	2	US	USD
840520011	CFTC Nasdaq 100 Non-Commercial Net Positions	2023.09.22 22:30:00	3.2	nan	9.1	nan	2	US	USD
840170001	S&P/CS HPI Composite-20 y/y	2023.09.26 16:00:00	0.1	-0.4	-1.2	nan	2	US	USD
840170002	S&P/CS HPI Composite-20 n.s.a. m/m	2023.09.26 16:00:00	0.6	0.0	0.9	nan	2	US	USD
840020009	New Home Sales m/m	2023.09.26 17:00:00	-8.7	0.3	4.4	8.0	2	US	USD
840220010	2-Year Note Auction	2023.09.26 20:00:00	5.085	nan	5.024	nan	2	US	USD
840020014	Core Durable Goods Orders m/m	2023.09.27 15:30:00	0.4	0.0	0.5	0.1	2	US	USD
840200002	EIA Cushing Crude Oil Stocks Change	2023.09.27 17:30:00	-0.943	-2.612	-2.064	nan	2	US	USD
840220012	5-Year Note Auction	2023.09.27 20:00:00	4.659	nan	4.4	nan	2	US	USD
840010016	Real PCE q/q	2023.09.28 15:30:00	0.8	1.7	1.7	nan	2	US	USD
840140002	Continuing Jobless Claims	2023.09.28 15:30:00	1.67	1.675	1.662	1.658	2	US	USD
840120003	Pending Home Sales m/m	2023.09.28 17:00:00	-7.1	0.1	0.9	0.5	2	US	USD
840220013	7-Year Note Auction	2023.09.28 20:00:00	4.673	nan	4.212	nan	2	US	USD
840020019	Goods Trade Balance	2023.09.29 15:30:00	-84.271	-90.036	-91.175	-90.921	2	US	USD
840020027	Retail Inventories m/m	2023.09.29 15:30:00	1.1	0.5	0.2	0.5	2	US	USD
840020028	Retail Inventories excl. Autos m/m	2023.09.29 15:30:00	0.6	nan	0.0	nan	2	US	USD
840010003	PCE Price Index m/m	2023.09.29 15:30:00	0.4	0.6	0.2	nan	2	US	USD
840010004	PCE Price Index y/y	2023.09.29 15:30:00	3.5	3.6	3.3	3.4	2	US	USD
840010005	Personal Spending m/m	2023.09.29 15:30:00	0.4	0.0	0.8	0.9	2	US	USD
840210001	Michigan Consumer Sentiment	2023.09.29 17:00:00	68.1	67.7	67.7	nan	2	US	USD
840210002	Michigan Consumer Expectations	2023.09.29 17:00:00	66.0	66.3	66.3	nan	2	US	USD
840210004	Michigan Inflation Expectations	2023.09.29 17:00:00	3.2	nan	3.1	nan	2	US	USD
840210005	Michigan 5-Year Inflation Expectations	2023.09.29 17:00:00	2.8	nan	2.7	nan	2	US	USD
840100001	Baker Hughes US Oil Rig Count	2023.09.29 20:00:00	502.0	nan	507.0	nan	2	US	USD
840100002	Baker Hughes US Total Rig Count	2023.09.29 20:00:00	623.0	nan	630.0	nan	2	US	USD
840520003	CFTC Gold Non-Commercial Net Positions	2023.09.29 22:30:00	115.8	nan	135.2	nan	2	US	USD
840520004	CFTC Crude Oil Non-Commercial Net Positions	2023.09.29 22:30:00	350.1	nan	328.4	nan	2	US	USD
840520005	CFTC S&P 500 Non-Commercial Net Positions	2023.09.29 22:30:00	-89.3	nan	-139.0	nan	2	US	USD
840520011	CFTC Nasdaq 100 Non-Commercial Net Positions	2023.09.29 22:30:00	0.8	nan	3.2	nan	2	US	USD
840020002	Construction Spending m/m	2023.10.02 17:00:00	0.5	-0.2	0.7	0.9	2	US	USD
840040004	ISM Manufacturing Employment	2023.10.02 17:00:00	51.2	46.4	48.5	nan	2	US	USD
840500003	S&P Global Composite PMI	2023.10.04 16:45:00	50.2	50.1	50.1	nan	2	US	USD
840020003	Factory Orders m/m	2023.10.04 17:00:00	1.2	0.0	-2.1	nan	2	US	USD
840040005	ISM Non-Manufacturing Employment	2023.10.04 17:00:00	53.4	52.7	54.7	nan	2	US	USD
840200002	EIA Cushing Crude Oil Stocks Change	2023.10.04 17:30:00	0.132	0.085	-0.943	nan	2	US	USD
840020001	Trade Balance	2023.10.05 15:30:00	-58.303	-65.3	-65.022	-64.718	2	US	USD
840020023	Exports	2023.10.05 15:30:00	256.031	nan	251.66	251.885	2	US	USD
840020024	Imports	2023.10.05 15:30:00	314.333	nan	316.683	316.602	2	US	USD
840140002	Continuing Jobless Claims	2023.10.05 15:30:00	1.664	1.666	1.67	1.665	2	US	USD
840030017	Participation Rate	2023.10.06 15:30:00	62.8	62.7	62.8	nan	2	US	USD
840030019	Average Hourly Earnings y/y	2023.10.06 15:30:00	4.2	4.4	4.3	nan	2	US	USD
840030023	Private Nonfarm Payrolls	2023.10.06 15:30:00	263.0	14.0	179.0	177.0	2	US	USD
840030024	U6 Unemployment Rate	2023.10.06 15:30:00	7.0	6.9	7.1	nan	2	US	USD
840100001	Baker Hughes US Oil Rig Count	2023.10.06 20:00:00	497.0	nan	502.0	nan	2	US	USD
840100002	Baker Hughes US Total Rig Count	2023.10.06 20:00:00	619.0	nan	623.0	nan	2	US	USD
840050013	Fed Consumer Credit m/m	2023.10.06 22:00:00	-15.63	15.85	10.4	10.99	2	US	USD
840520003	CFTC Gold Non-Commercial Net Positions	2023.10.06 22:30:00	91.2	nan	115.8	nan	2	US	USD
840520004	CFTC Crude Oil Non-Commercial Net Positions	2023.10.06 22:30:00	349.6	nan	350.1	nan	2	US	USD
840520005	CFTC S&P 500 Non-Commercial Net Positions	2023.10.06 22:30:00	-73.2	nan	-89.3	nan	2	US	USD
840520011	CFTC Nasdaq 100 Non-Commercial Net Positions	2023.10.06 22:30:00	1.4	nan	0.8	nan	2	US	USD
840220011	3-Year Note Auction	2023.10.10 20:00:00	4.74	nan	4.66	nan	2	US	USD
840030002	Core PPI m/m	2023.10.11 15:30:00	0.3	0.2	0.2	nan	2	US	USD
840030008	Core CPI y/y	2023.10.12 15:30:00	4.1	4.3	4.3	nan	2	US	USD
840140002	Continuing Jobless Claims	2023.10.12 15:30:00	1.702	1.667	1.664	1.672	2	US	USD
840200002	EIA Cushing Crude Oil Stocks Change	2023.10.12 18:00:00	-0.319	2.038	0.132	nan	2	US	USD
840030011	Import Price Index m/m	2023.10.13 15:30:00	0.1	0.0	0.5	0.6	2	US	USD
840030013	Export Price Index m/m	2023.10.13 15:30:00	0.7	-0.3	1.3	1.1	2	US	USD
840210001	Michigan Consumer Sentiment	2023.10.13 17:00:00	63.0	71.2	68.1	nan	2	US	USD
840210002	Michigan Consumer Expectations	2023.10.13 17:00:00	60.7	68.4	66.0	nan	2	US	USD
840210004	Michigan Inflation Expectations	2023.10.13 17:00:00	3.8	3.4	3.2	3.2	2	US	USD
840210005	Michigan 5-Year Inflation Expectations	2023.10.13 17:00:00	3.0	3.0	2.8	2.8	2	US	USD
840100001	Baker Hughes US Oil Rig Count	2023.10.13 20:00:00	501.0	nan	497.0	nan	2	US	USD
840100002	Baker Hughes US Total Rig Count	2023.10.13 20:00:00	622.0	nan	619.0	nan	2	US	USD
840520003	CFTC Gold Non-Commercial Net Positions	2023.10.13 22:30:00	71.4	nan	91.2	nan	2	US	USD
840520004	CFTC Crude Oil Non-Commercial Net Positions	2023.10.13 22:30:00	322.0	nan	349.6	nan	2	US	USD
840520005	CFTC S&P 500 Non-Commercial Net Positions	2023.10.13 22:30:00	-94.4	nan	-73.2	nan	2	US	USD
840520011	CFTC Nasdaq 100 Non-Commercial Net Positions	2023.10.13 22:30:00	7.8	nan	1.4	nan	2	US	USD
840230001	NY Fed Empire State Manufacturing Index	2023.10.16 15:30:00	-4.6	-5.4	1.9	nan	2	US	USD
840020012	Retail Control m/m	2023.10.17 15:30:00	0.6	0.2	0.1	0.2	2	US	USD
840050011	Fed Industrial Production m/m	2023.10.17 16:15:00	0.3	0.0	0.4	0.0	2	US	USD
840050026	Fed Industrial Production y/y	2023.10.17 16:15:00	0.1	0.0	0.2	nan	2	US	USD
840020007	Business Inventories m/m	2023.10.17 17:00:00	0.4	0.0	0.0	0.1	2	US	USD
840020027	Retail Inventories m/m	2023.10.17 17:00:00	1.0	1.1	1.1	nan	2	US	USD
840020028	Retail Inventories excl. Autos m/m	2023.10.17 17:00:00	0.5	nan	0.6	nan	2	US	USD
840020004	Housing Starts	2023.10.18 15:30:00	1.358	1.366	1.283	1.269	2	US	USD
840020005	Building Permits	2023.10.18 15:30:00	1.473	1.493	1.543	1.541	2	US	USD
840020015	Housing Starts m/m	2023.10.18 15:30:00	7.0	2.2	-11.3	-12.5	2	US	USD
840200002	EIA Cushing Crude Oil Stocks Change	2023.10.18 17:30:00	-0.758	-0.273	-0.319	nan	2	US	USD
840220019	20-Year Bond Auction	2023.10.18 20:00:00	5.245	nan	4.592	nan	2	US	USD
840220001	TIC Net Long-Term Transactions	2023.10.18 23:00:00	63.5	109.6	8.8	9.5	2	US	USD
840070002	Philadelphia Fed Employment	2023.10.19 15:30:00	4.0	-5.9	-5.7	nan	2	US	USD
840140002	Continuing Jobless Claims	2023.10.19 15:30:00	1.734	1.683	1.702	1.705	2	US	USD
840120002	Existing Home Sales m/m	2023.10.19 17:00:00	-2.0	0.4	-0.7	nan	2	US	USD
840180001	CB Leading Economic Index m/m	2023.10.19 17:00:00	-0.7	-0.4	-0.4	nan	2	US	USD
840220016	5-Year TIPS Auction	2023.10.19 20:00:00	2.44	nan	1.832	nan	2	US	USD
840100001	Baker Hughes US Oil Rig Count	2023.10.20 20:00:00	502.0	nan	501.0	nan	2	US	USD
840100002	Baker Hughes US Total Rig Count	2023.10.20 20:00:00	624.0	nan	622.0	nan	2	US	USD
840150001	Federal Budget Balance	2023.10.20 21:00:00	-171.0	-168.5	89.3	nan	2	US	USD
840520003	CFTC Gold Non-Commercial Net Positions	2023.10.20 22:30:00	112.7	nan	71.4	nan	2	US	USD
840520004	CFTC Crude Oil Non-Commercial Net Positions	2023.10.20 22:30:00	306.4	nan	322.0	nan	2	US	USD
840520005	CFTC S&P 500 Non-Commercial Net Positions	2023.10.20 22:30:00	-63.2	nan	-94.4	nan	2	US	USD
840520011	CFTC Nasdaq 100 Non-Commercial Net Positions	2023.10.20 22:30:00	14.3	nan	7.8	nan	2	US	USD
840500003	S&P Global Composite PMI	2023.10.24 16:45:00	51.0	50.1	50.2	nan	2	US	USD
840220010	2-Year Note Auction	2023.10.24 20:00:00	5.055	nan	5.085	nan	2	US	USD
840020009	New Home Sales m/m	2023.10.25 17:00:00	12.3	-1.7	-8.7	-8.2	2	US	USD
840200002	EIA Cushing Crude Oil Stocks Change	2023.10.25 17:30:00	0.213	-0.086	-0.758	nan	2	US	USD
840220012	5-Year Note Auction	2023.10.25 20:00:00	4.899	nan	4.659	nan	2	US	USD
840020014	Core Durable Goods Orders m/m	2023.10.26 15:30:00	0.5	0.0	0.4	0.5	2	US	USD
840020019	Goods Trade Balance	2023.10.26 15:30:00	-85.783	-88.089	-84.271	-84.642	2	US	USD
840020027	Retail Inventories m/m	2023.10.26 15:30:00	0.9	1.0	1.0	1.1	2	US	USD
840020028	Retail Inventories excl. Autos m/m	2023.10.26 15:30:00	0.3	nan	0.5	0.6	2	US	USD
840010016	Real PCE q/q	2023.10.26 15:30:00	4.0	0.3	0.8	nan	2	US	USD
840140002	Continuing Jobless Claims	2023.10.26 15:30:00	1.79	1.718	1.734	1.727	2	US	USD
840120003	Pending Home Sales m/m	2023.10.26 17:00:00	1.1	0.1	-7.1	nan	2	US	USD
840220013	7-Year Note Auction	2023.10.26 20:00:00	4.908	nan	4.673	nan	2	US	USD
840010003	PCE Price Index m/m	2023.10.27 15:30:00	0.4	-0.1	0.4	nan	2	US	USD
840010004	PCE Price Index y/y	2023.10.27 15:30:00	3.4	3.8	3.5	3.4	2	US	USD
840010005	Personal Spending m/m	2023.10.27 15:30:00	0.7	0.0	0.4	nan	2	US	USD
840210001	Michigan Consumer Sentiment	2023.10.27 17:00:00	63.8	63.0	63.0	nan	2	US	USD
840210002	Michigan Consumer Expectations	2023.10.27 17:00:00	59.3	60.7	60.7	nan	2	US	USD
840210004	Michigan Inflation Expectations	2023.10.27 17:00:00	4.2	nan	3.8	nan	2	US	USD
840210005	Michigan 5-Year Inflation Expectations	2023.10.27 17:00:00	3.0	nan	3.0	nan	2	US	USD
840100001	Baker Hughes US Oil Rig Count	2023.10.27 20:00:00	504.0	nan	502.0	nan	2	US	USD
840100002	Baker Hughes US Total Rig Count	2023.10.27 20:00:00	625.0	nan	624.0	nan	2	US	USD
840520003	CFTC Gold Non-Commercial Net Positions	2023.10.27 22:30:00	149.4	nan	112.7	nan	2	US	USD
840520004	CFTC Crude Oil Non-Commercial Net Positions	2023.10.27 22:30:00	300.8	nan	306.4	nan	2	US	USD
840520005	CFTC S&P 500 Non-Commercial Net Positions	2023.10.27 22:30:00	10.2	nan	-63.2	nan	2	US	USD
840520011	CFTC Nasdaq 100 Non-Commercial Net Positions	2023.10.27 22:30:00	2.7	nan	14.3	nan	2	US	USD
840030025	Employment Cost Index q/q	2023.10.31 15:30:00	1.1	1.1	1.0	nan	2	US	USD
840170001	S&P/CS HPI Composite-20 y/y	2023.10.31 16:00:00	2.2	0.9	0.1	nan	2	US	USD
840170002	S&P/CS HPI Composite-20 n.s.a. m/m	2023.10.31 16:00:00	0.4	0.1	0.6	nan	2	US	USD
840040004	ISM Manufacturing Employment	2023.11.01 17:00:00	46.8	49.8	51.2	nan	2	US	USD
840020002	Construction Spending m/m	2023.11.01 17:00:00	0.4	-0.2	0.5	1.0	2	US	USD
840200002	EIA Cushing Crude Oil Stocks Change	2023.11.01 17:30:00	0.272	1.953	0.213	nan	2	US	USD
840030028	Nonfarm Productivity q/q	2023.11.02 15:30:00	4.7	-0.9	3.5	3.6	2	US	USD
840030029	Unit Labor Costs q/q	2023.11.02 15:30:00	-0.8	1.8	2.2	3.2	2	US	USD
840140002	Continuing Jobless Claims	2023.11.02 15:30:00	1.818	1.762	1.79	1.783	2	US	USD
840020003	Factory Orders m/m	2023.11.02 17:00:00	2.8	0.0	1.2	1.0	2	US	USD
840030017	Participation Rate	2023.11.03 15:30:00	62.7	62.8	62.8	nan	2	US	USD
840030019	Average Hourly Earnings y/y	2023.11.03 15:30:00	4.1	4.3	4.2	nan	2	US	USD
840030023	Private Nonfarm Payrolls	2023.11.03 15:30:00	99.0	-13.0	263.0	246.0	2	US	USD
840030024	U6 Unemployment Rate	2023.11.03 15:30:00	7.2	7.0	7.0	nan	2	US	USD
840500003	S&P Global Composite PMI	2023.11.03 16:45:00	50.7	51.0	51.0	nan	2	US	USD
840040005	ISM Non-Manufacturing Employment	2023.11.03 17:00:00	50.2	54.0	53.4	nan	2	US	USD
840100001	Baker Hughes US Oil Rig Count	2023.11.03 20:00:00	496.0	nan	504.0	nan	2	US	USD
840100002	Baker Hughes US Total Rig Count	2023.11.03 20:00:00	618.0	nan	625.0	nan	2	US	USD
840520003	CFTC Gold Non-Commercial Net Positions	2023.11.03 22:30:00	163.4	nan	149.4	nan	2	US	USD
840520004	CFTC Crude Oil Non-Commercial Net Positions	2023.11.03 22:30:00	262.3	nan	300.8	nan	2	US	USD
840520005	CFTC S&P 500 Non-Commercial Net Positions	2023.11.03 22:30:00	4.3	nan	10.2	nan	2	US	USD
840520011	CFTC Nasdaq 100 Non-Commercial Net Positions	2023.11.03 22:30:00	6.7	nan	2.7	nan	2	US	USD
840020001	Trade Balance	2023.11.07 16:30:00	-61.542	-61.657	-58.303	-58.657	2	US	USD
840020023	Exports	2023.11.07 16:30:00	261.113	nan	256.031	255.436	2	US	USD
840020024	Imports	2023.11.07 16:30:00	322.656	nan	314.333	314.092	2	US	USD
840220011	3-Year Note Auction	2023.11.07 21:00:00	4.701	nan	4.74	nan	2	US	USD
840050013	Fed Consumer Credit m/m	2023.11.07 23:00:00	9.06	9.01	-15.63	-15.79	2	US	USD
840200002	EIA Cushing Crude Oil Stocks Change	2023.11.08 18:30:00	1.587	0.572	0.272	nan	2	US	USD
840140002	Continuing Jobless Claims	2023.11.09 16:30:00	1.834	1.804	1.818	1.812	2	US	USD
840100001	Baker Hughes US Oil Rig Count	2023.11.09 21:00:00	494.0	nan	496.0	nan	2	US	USD
840100002	Baker Hughes US Total Rig Count	2023.11.09 21:00:00	616.0	nan	618.0	nan	2	US	USD
840210001	Michigan Consumer Sentiment	2023.11.10 18:00:00	60.4	59.7	63.8	nan	2	US	USD
840210002	Michigan Consumer Expectations	2023.11.10 18:00:00	56.9	55.4	59.3	nan	2	US	USD
840210004	Michigan Inflation Expectations	2023.11.10 18:00:00	4.4	3.7	4.2	4.2	2	US	USD
840210005	Michigan 5-Year Inflation Expectations	2023.11.10 18:00:00	3.2	2.9	3.0	3.0	2	US	USD
840150001	Federal Budget Balance	2023.11.13 22:00:00	-66.6	-162.7	-171.0	-170.7	2	US	USD
840520003	CFTC Gold Non-Commercial Net Positions	2023.11.13 23:30:00	166.2	nan	163.4	nan	2	US	USD
840520004	CFTC Crude Oil Non-Commercial Net Positions	2023.11.13 23:30:00	236.0	nan	262.3	nan	2	US	USD
840520005	CFTC S&P 500 Non-Commercial Net Positions	2023.11.13 23:30:00	-53.4	nan	4.3	nan	2	US	USD
840520011	CFTC Nasdaq 100 Non-Commercial Net Positions	2023.11.13 23:30:00	16.3	nan	6.7	nan	2	US	USD
840030008	Core CPI y/y	2023.11.14 16:30:00	4.0	4.0	4.1	nan	2	US	USD
840030002	Core PPI m/m	2023.11.15 16:30:00	0.0	0.2	0.3	0.2	2	US	USD
840020012	Retail Control m/m	2023.11.15 16:30:00	0.2	-0.3	0.6	0.7	2	US	USD
840230001	NY Fed Empire State Manufacturing Index	2023.11.15 16:30:00	9.1	-3.6	-4.6	nan	2	US	USD
840020007	Business Inventories m/m	2023.11.15 18:00:00	0.4	0.2	0.4	nan	2	US	USD
840020027	Retail Inventories m/m	2023.11.15 18:00:00	0.9	0.9	0.9	nan	2	US	USD
840020028	Retail Inventories excl. Autos m/m	2023.11.15 18:00:00	0.4	nan	0.3	nan	2	US	USD
840200002	EIA Cushing Crude Oil Stocks Change	2023.11.15 18:30:00	1.925	nan	1.587	nan	2	US	USD
840030011	Import Price Index m/m	2023.11.16 16:30:00	-0.8	0.0	0.1	0.4	2	US	USD
840030013	Export Price Index m/m	2023.11.16 16:30:00	-1.1	-0.2	0.7	0.5	2	US	USD
840070002	Philadelphia Fed Employment	2023.11.16 16:30:00	0.8	-0.9	4.0	nan	2	US	USD
840140002	Continuing Jobless Claims	2023.11.16 16:30:00	1.865	1.826	1.834	1.833	2	US	USD
840050011	Fed Industrial Production m/m	2023.11.16 17:15:00	-0.6	-0.1	0.3	0.1	2	US	USD
840050026	Fed Industrial Production y/y	2023.11.16 17:15:00	-0.7	0.0	0.1	nan	2	US	USD
840220001	TIC Net Long-Term Transactions	2023.11.17 00:00:00	-1.7	107.9	63.5	62.2	2	US	USD
840020004	Housing Starts	2023.11.17 16:30:00	1.372	1.319	1.358	1.358	2	US	USD
840020005	Building Permits	2023.11.17 16:30:00	1.487	1.507	1.473	1.473	2	US	USD
840020015	Housing Starts m/m	2023.11.17 16:30:00	1.9	-6.3	7.0	7.0	2	US	USD
840100001	Baker Hughes US Oil Rig Count	2023.11.17 21:00:00	500.0	nan	494.0	nan	2	US	USD
840100002	Baker Hughes US Total Rig Count	2023.11.17 21:00:00	618.0	nan	616.0	nan	2	US	USD
840520003	CFTC Gold Non-Commercial Net Positions	2023.11.17 23:30:00	155.4	nan	166.2	nan	2	US	USD
840520004	CFTC Crude Oil Non-Commercial Net Positions	2023.11.17 23:30:00	215.7	nan	236.0	nan	2	US	USD
840520005	CFTC S&P 500 Non-Commercial Net Positions	2023.11.17 23:30:00	-52.8	nan	-53.4	nan	2	US	USD
840520011	CFTC Nasdaq 100 Non-Commercial Net Positions	2023.11.17 23:30:00	0.3	nan	16.3	nan	2	US	USD
840180001	CB Leading Economic Index m/m	2023.11.20 18:00:00	-0.8	-0.5	-0.7	nan	2	US	USD
840220019	20-Year Bond Auction	2023.11.20 21:00:00	4.78	nan	5.245	nan	2	US	USD
840120002	Existing Home Sales m/m	2023.11.21 18:00:00	-4.1	0.0	-2.0	-2.2	2	US	USD
840220017	10-Year TIPS Auction	2023.11.21 21:00:00	2.18	nan	2.094	nan	2	US	USD
840020014	Core Durable Goods Orders m/m	2023.11.22 16:30:00	0.0	0.0	0.5	0.2	2	US	USD
840140002	Continuing Jobless Claims	2023.11.22 16:30:00	1.84	1.85	1.865	1.862	2	US	USD
840210001	Michigan Consumer Sentiment	2023.11.22 18:00:00	61.3	60.4	60.4	nan	2	US	USD
840210002	Michigan Consumer Expectations	2023.11.22 18:00:00	56.8	56.9	56.9	nan	2	US	USD
840210004	Michigan Inflation Expectations	2023.11.22 18:00:00	4.5	nan	4.4	nan	2	US	USD
840210005	Michigan 5-Year Inflation Expectations	2023.11.22 18:00:00	3.2	nan	3.2	nan	2	US	USD
840200002	EIA Cushing Crude Oil Stocks Change	2023.11.22 18:30:00	0.858	0.392	1.925	nan	2	US	USD
840100001	Baker Hughes US Oil Rig Count	2023.11.22 21:00:00	500.0	nan	500.0	nan	2	US	USD
840100002	Baker Hughes US Total Rig Count	2023.11.22 21:00:00	622.0	nan	618.0	nan	2	US	USD
840500003	S&P Global Composite PMI	2023.11.24 17:45:00	50.7	50.8	50.7	nan	2	US	USD
840020009	New Home Sales m/m	2023.11.27 18:00:00	-5.6	4.0	12.3	8.6	2	US	USD
840220010	2-Year Note Auction	2023.11.27 19:30:00	4.887	nan	5.055	nan	2	US	USD
840220012	5-Year Note Auction	2023.11.27 21:00:00	4.42	nan	4.899	nan	2	US	USD
840520003	CFTC Gold Non-Commercial Net Positions	2023.11.27 23:30:00	171.7	nan	155.4	nan	2	US	USD
840520004	CFTC Crude Oil Non-Commercial Net Positions	2023.11.27 23:30:00	207.3	nan	215.7	nan	2	US	USD
840520005	CFTC S&P 500 Non-Commercial Net Positions	2023.11.27 23:30:00	-80.1	nan	-52.8	nan	2	US	USD
840520011	CFTC Nasdaq 100 Non-Commercial Net Positions	2023.11.27 23:30:00	5.0	nan	0.3	nan	2	US	USD
840170001	S&P/CS HPI Composite-20 y/y	2023.11.28 17:00:00	3.9	3.0	2.2	nan	2	US	USD
840170002	S&P/CS HPI Composite-20 n.s.a. m/m	2023.11.28 17:00:00	0.2	1.2	0.4	0.3	2	US	USD
840220013	7-Year Note Auction	2023.11.28 21:00:00	4.399	nan	4.908	nan	2	US	USD
840020019	Goods Trade Balance	2023.11.29 16:30:00	-89.836	-85.411	-85.783	-86.844	2	US	USD
840020027	Retail Inventories m/m	2023.11.29 16:30:00	0.0	0.4	0.9	0.4	2	US	USD
840020028	Retail Inventories excl. Autos m/m	2023.11.29 16:30:00	-0.9	nan	0.4	-0.4	2	US	USD
840010016	Real PCE q/q	2023.11.29 16:30:00	3.6	4.0	4.0	nan	2	US	USD
840200002	EIA Cushing Crude Oil Stocks Change	2023.11.29 18:30:00	1.854	0.667	0.858	nan	2	US	USD
840010003	PCE Price Index m/m	2023.11.30 16:30:00	0.0	0.2	0.4	nan	2	US	USD
840010004	PCE Price Index y/y	2023.11.30 16:30:00	3.0	2.8	3.4	nan	2	US	USD
840010005	Personal Spending m/m	2023.11.30 16:30:00	0.2	0.0	0.7	nan	2	US	USD
840140002	Continuing Jobless Claims	2023.11.30 16:30:00	1.927	1.87	1.84	1.841	2	US	USD
840120003	Pending Home Sales m/m	2023.11.30 18:00:00	-1.5	-0.1	1.1	1.0	2	US	USD
840040004	ISM Manufacturing Employment	2023.12.01 18:00:00	45.8	48.9	46.8	nan	2	US	USD
840020002	Construction Spending m/m	2023.12.01 18:00:00	0.6	-0.2	0.4	0.2	2	US	USD
840100001	Baker Hughes US Oil Rig Count	2023.12.01 21:00:00	5.0	nan	500.0	nan	2	US	USD
840100002	Baker Hughes US Total Rig Count	2023.12.01 21:00:00	625.0	nan	622.0	nan	2	US	USD
840520003	CFTC Gold Non-Commercial Net Positions	2023.12.01 23:30:00	200.1	nan	171.7	nan	2	US	USD
840520004	CFTC Crude Oil Non-Commercial Net Positions	2023.12.01 23:30:00	183.2	nan	207.3	nan	2	US	USD
840520005	CFTC S&P 500 Non-Commercial Net Positions	2023.12.01 23:30:00	-65.0	nan	-80.1	nan	2	US	USD
840520011	CFTC Nasdaq 100 Non-Commercial Net Positions	2023.12.01 23:30:00	7.3	nan	5.0	nan	2	US	USD
840020003	Factory Orders m/m	2023.12.04 18:00:00	-3.6	0.0	2.8	nan	2	US	USD
840500003	S&P Global Composite PMI	2023.12.05 17:45:00	50.7	50.7	50.7	nan	2	US	USD
840040005	ISM Non-Manufacturing Employment	2023.12.05 18:00:00	50.7	51.7	50.2	nan	2	US	USD
840030028	Nonfarm Productivity q/q	2023.12.06 16:30:00	5.2	4.7	4.7	nan	2	US	USD
840030029	Unit Labor Costs q/q	2023.12.06 16:30:00	-1.2	-0.8	-0.8	nan	2	US	USD
840020001	Trade Balance	2023.12.06 16:30:00	-64.3	-59.958	-61.542	-61.542	2	US	USD
840020023	Exports	2023.12.06 16:30:00	258.8	nan	261.113	261.113	2	US	USD
840020024	Imports	2023.12.06 16:30:00	323.0	nan	322.656	322.656	2	US	USD
840200002	EIA Cushing Crude Oil Stocks Change	2023.12.06 18:30:00	1.829	2.491	1.854	nan	2	US	USD
840140002	Continuing Jobless Claims	2023.12.07 16:30:00	1.861	1.884	1.927	1.925	2	US	USD
840050013	Fed Consumer Credit m/m	2023.12.07 23:00:00	5.13	6.16	9.06	12.22	2	US	USD
840030017	Participation Rate	2023.12.08 16:30:00	62.8	62.7	62.7	nan	2	US	USD
840030019	Average Hourly Earnings y/y	2023.12.08 16:30:00	4.0	4.2	4.1	nan	2	US	USD
840030023	Private Nonfarm Payrolls	2023.12.08 16:30:00	150.0	-26.0	99.0	85.0	2	US	USD
840030024	U6 Unemployment Rate	2023.12.08 16:30:00	7.0	7.1	7.2	nan	2	US	USD
840210001	Michigan Consumer Sentiment	2023.12.08 18:00:00	69.4	61.0	61.3	nan	2	US	USD
840210002	Michigan Consumer Expectations	2023.12.08 18:00:00	66.4	58.0	56.8	nan	2	US	USD
840210004	Michigan Inflation Expectations	2023.12.08 18:00:00	3.1	4.4	4.5	4.5	2	US	USD
840210005	Michigan 5-Year Inflation Expectations	2023.12.08 18:00:00	2.8	3.0	3.2	3.2	2	US	USD
840100001	Baker Hughes US Oil Rig Count	2023.12.08 21:00:00	503.0	nan	5.0	nan	2	US	USD
840100002	Baker Hughes US Total Rig Count	2023.12.08 21:00:00	626.0	nan	625.0	nan	2	US	USD
840520003	CFTC Gold Non-Commercial Net Positions	2023.12.08 23:30:00	203.5	nan	200.1	nan	2	US	USD
840520004	CFTC Crude Oil Non-Commercial Net Positions	2023.12.08 23:30:00	169.0	nan	183.2	nan	2	US	USD
840520005	CFTC S&P 500 Non-Commercial Net Positions	2023.12.08 23:30:00	-47.3	nan	-65.0	nan	2	US	USD
840520011	CFTC Nasdaq 100 Non-Commercial Net Positions	2023.12.08 23:30:00	8.4	nan	7.3	nan	2	US	USD
840220011	3-Year Note Auction	2023.12.11 19:30:00	4.49	nan	4.701	nan	2	US	USD
840030008	Core CPI y/y	2023.12.12 16:30:00	4.0	4.0	4.0	nan	2	US	USD
840150001	Federal Budget Balance	2023.12.12 22:00:00	-314.0	-157.0	-66.6	nan	2	US	USD
840030002	Core PPI m/m	2023.12.13 16:30:00	0.0	0.2	0.0	nan	2	US	USD
840200002	EIA Cushing Crude Oil Stocks Change	2023.12.13 18:30:00	1.228	1.924	1.829	nan	2	US	USD
840030011	Import Price Index m/m	2023.12.14 16:30:00	-0.4	0.0	-0.8	-0.6	2	US	USD
840030013	Export Price Index m/m	2023.12.14 16:30:00	-0.9	-0.2	-1.1	-0.9	2	US	USD
840020012	Retail Control m/m	2023.12.14 16:30:00	0.4	0.4	0.2	0.0	2	US	USD
840140002	Continuing Jobless Claims	2023.12.14 16:30:00	1.876	1.894	1.861	1.856	2	US	USD
840020007	Business Inventories m/m	2023.12.14 18:00:00	-0.1	0.4	0.4	0.2	2	US	USD
840020027	Retail Inventories m/m	2023.12.14 18:00:00	-0.1	0.0	0.0	nan	2	US	USD
840020028	Retail Inventories excl. Autos m/m	2023.12.14 18:00:00	-0.9	nan	-0.9	nan	2	US	USD
840230001	NY Fed Empire State Manufacturing Index	2023.12.15 16:30:00	-14.5	-0.6	9.1	nan	2	US	USD
840050011	Fed Industrial Production m/m	2023.12.15 17:15:00	0.2	-0.1	-0.6	-0.9	2	US	USD
840050026	Fed Industrial Production y/y	2023.12.15 17:15:00	-0.4	-0.3	-0.7	nan	2	US	USD
840500003	S&P Global Composite PMI	2023.12.15 17:45:00	51.0	50.7	50.7	nan	2	US	USD
840100001	Baker Hughes US Oil Rig Count	2023.12.15 21:00:00	501.0	nan	503.0	nan	2	US	USD
840100002	Baker Hughes US Total Rig Count	2023.12.15 21:00:00	623.0	nan	626.0	nan	2	US	USD
840520003	CFTC Gold Non-Commercial Net Positions	2023.12.15 23:30:00	188.2	nan	203.5	nan	2	US	USD
840520004	CFTC Crude Oil Non-Commercial Net Positions	2023.12.15 23:30:00	151.6	nan	169.0	nan	2	US	USD
840520005	CFTC S&P 500 Non-Commercial Net Positions	2023.12.15 23:30:00	-65.1	nan	-47.3	nan	2	US	USD
840520011	CFTC Nasdaq 100 Non-Commercial Net Positions	2023.12.15 23:30:00	8.1	nan	8.4	nan	2	US	USD
840020004	Housing Starts	2023.12.19 16:30:00	1.56	nan	1.372	1.359	2	US	USD
840020005	Building Permits	2023.12.19 16:30:00	1.46	nan	1.487	1.498	2	US	USD
840020015	Housing Starts m/m	2023.12.19 16:30:00	14.8	nan	1.9	0.2	2	US	USD
840220001	TIC Net Long-Term Transactions	2023.12.20 00:00:00	3.3	104.0	-1.7	0.9	2	US	USD
840010015	Current Account	2023.12.20 16:30:00	-200.304	-217.313	-212.104	-216.805	2	US	USD
840120002	Existing Home Sales m/m	2023.12.20 18:00:00	0.8	-0.8	-4.1	nan	2	US	USD
840200002	EIA Cushing Crude Oil Stocks Change	2023.12.20 18:30:00	1.686	1.363	1.228	nan	2	US	USD
840220019	20-Year Bond Auction	2023.12.20 21:00:00	4.213	nan	4.78	nan	2	US	USD
840070002	Philadelphia Fed Employment	2023.12.21 16:30:00	-1.7	0.8	0.8	nan	2	US	USD
840010016	Real PCE q/q	2023.12.21 16:30:00	3.6	3.6	3.6	nan	2	US	USD
840140002	Continuing Jobless Claims	2023.12.21 16:30:00	1.865	1.776	1.876	1.866	2	US	USD
840180001	CB Leading Economic Index m/m	2023.12.21 18:00:00	-0.5	-0.5	-0.8	nan	2	US	USD
840220016	5-Year TIPS Auction	2023.12.21 21:00:00	1.71	nan	2.44	nan	2	US	USD
840020014	Core Durable Goods Orders m/m	2023.12.22 16:30:00	0.5	0.0	0.0	-0.3	2	US	USD
840010003	PCE Price Index m/m	2023.12.22 16:30:00	-0.1	0.2	0.0	nan	2	US	USD
840010004	PCE Price Index y/y	2023.12.22 16:30:00	2.6	2.5	3.0	2.9	2	US	USD
840010005	Personal Spending m/m	2023.12.22 16:30:00	0.2	0.0	0.2	0.1	2	US	USD
840210001	Michigan Consumer Sentiment	2023.12.22 18:00:00	69.7	69.4	69.4	nan	2	US	USD
840210002	Michigan Consumer Expectations	2023.12.22 18:00:00	67.4	66.4	66.4	nan	2	US	USD
840210004	Michigan Inflation Expectations	2023.12.22 18:00:00	3.1	nan	3.1	nan	2	US	USD
840210005	Michigan 5-Year Inflation Expectations	2023.12.22 18:00:00	2.9	nan	2.8	nan	2	US	USD
840020009	New Home Sales m/m	2023.12.22 18:00:00	-12.2	-2.7	-5.6	-4.0	2	US	USD
840100001	Baker Hughes US Oil Rig Count	2023.12.22 21:00:00	498.0	nan	501.0	nan	2	US	USD
840100002	Baker Hughes US Total Rig Count	2023.12.22 21:00:00	620.0	nan	623.0	nan	2	US	USD
840520003	CFTC Gold Non-Commercial Net Positions	2023.12.22 23:30:00	201.3	nan	188.2	nan	2	US	USD
840520004	CFTC Crude Oil Non-Commercial Net Positions	2023.12.22 23:30:00	182.7	nan	151.6	nan	2	US	USD
840520005	CFTC S&P 500 Non-Commercial Net Positions	2023.12.22 23:30:00	-195.4	nan	-65.1	nan	2	US	USD
840520011	CFTC Nasdaq 100 Non-Commercial Net Positions	2023.12.22 23:30:00	22.2	nan	8.1	nan	2	US	USD
840170001	S&P/CS HPI Composite-20 y/y	2023.12.26 17:00:00	4.9	4.7	3.9	nan	2	US	USD
840170002	S&P/CS HPI Composite-20 n.s.a. m/m	2023.12.26 17:00:00	0.1	0.6	0.2	nan	2	US	USD
840220010	2-Year Note Auction	2023.12.26 21:00:00	4.314	nan	4.887	nan	2	US	USD
840220012	5-Year Note Auction	2023.12.27 21:00:00	3.801	nan	4.42	nan	2	US	USD
840020019	Goods Trade Balance	2023.12.28 16:30:00	-90.273	-88.283	-89.836	-89.563	2	US	USD
840020027	Retail Inventories m/m	2023.12.28 16:30:00	-0.1	0.1	-0.1	nan	2	US	USD
840020028	Retail Inventories excl. Autos m/m	2023.12.28 16:30:00	-0.8	nan	-0.9	-1.1	2	US	USD
840140002	Continuing Jobless Claims	2023.12.28 16:30:00	1.875	1.921	1.865	1.861	2	US	USD
840120003	Pending Home Sales m/m	2023.12.28 18:00:00	0.0	0.1	-1.5	-1.2	2	US	USD
840200002	EIA Cushing Crude Oil Stocks Change	2023.12.28 19:00:00	1.508	0.426	1.686	nan	2	US	USD
840220013	7-Year Note Auction	2023.12.28 21:00:00	3.859	nan	4.399	nan	2	US	USD
840100001	Baker Hughes US Oil Rig Count	2023.12.29 21:00:00	500.0	nan	498.0	nan	2	US	USD
840100002	Baker Hughes US Total Rig Count	2023.12.29 21:00:00	622.0	nan	620.0	nan	2	US	USD
840520003	CFTC Gold Non-Commercial Net Positions	2023.12.29 23:30:00	207.7	nan	201.3	nan	2	US	USD
840520004	CFTC Crude Oil Non-Commercial Net Positions	2023.12.29 23:30:00	199.3	nan	182.7	nan	2	US	USD
840520005	CFTC S&P 500 Non-Commercial Net Positions	2023.12.29 23:30:00	-192.5	nan	-195.4	nan	2	US	USD
840520011	CFTC Nasdaq 100 Non-Commercial Net Positions	2023.12.29 23:30:00	28.0	nan	22.2	nan	2	US	USD
840020002	Construction Spending m/m	2024.01.02 18:00:00	0.4	nan	0.6	1.2	2	US	USD
840040004	ISM Manufacturing Employment	2024.01.03 18:00:00	48.1	46.2	45.8	nan	2	US	USD
840140002	Continuing Jobless Claims	2024.01.04 16:30:00	1.855	1.831	1.875	1.886	2	US	USD
840500003	S&P Global Composite PMI	2024.01.04 17:45:00	50.9	51.0	51.0	nan	2	US	USD
840200002	EIA Cushing Crude Oil Stocks Change	2024.01.04 19:00:00	0.706	0.807	1.508	nan	2	US	USD
840030017	Participation Rate	2024.01.05 16:30:00	62.5	62.7	62.8	nan	2	US	USD
840030019	Average Hourly Earnings y/y	2024.01.05 16:30:00	4.1	4.1	4.0	nan	2	US	USD
840030023	Private Nonfarm Payrolls	2024.01.05 16:30:00	164.0	6.0	150.0	136.0	2	US	USD
840030024	U6 Unemployment Rate	2024.01.05 16:30:00	7.1	7.1	7.0	nan	2	US	USD
840040005	ISM Non-Manufacturing Employment	2024.01.05 18:00:00	43.3	50.4	50.7	nan	2	US	USD
840020003	Factory Orders m/m	2024.01.05 18:00:00	2.6	nan	-3.6	-3.4	2	US	USD
840100001	Baker Hughes US Oil Rig Count	2024.01.05 21:00:00	501.0	nan	500.0	nan	2	US	USD
840100002	Baker Hughes US Total Rig Count	2024.01.05 21:00:00	621.0	nan	622.0	nan	2	US	USD
840520003	CFTC Gold Non-Commercial Net Positions	2024.01.05 23:30:00	207.6	nan	207.7	nan	2	US	USD
840520004	CFTC Crude Oil Non-Commercial Net Positions	2024.01.05 23:30:00	163.7	nan	199.3	nan	2	US	USD
840520005	CFTC S&P 500 Non-Commercial Net Positions	2024.01.05 23:30:00	-214.1	nan	-192.5	nan	2	US	USD
840520011	CFTC Nasdaq 100 Non-Commercial Net Positions	2024.01.05 23:30:00	39.1	nan	28.0	nan	2	US	USD
840050013	Fed Consumer Credit m/m	2024.01.08 10:00:00	23.75	nan	5.13	5.13	2	US	USD
840020001	Trade Balance	2024.01.09 16:30:00	-63.207	nan	-64.3	-64.483	2	US	USD
840020023	Exports	2024.01.09 16:30:00	253.737	nan	258.8	258.58	2	US	USD
840020024	Imports	2024.01.09 16:30:00	316.944	nan	323.0	323.062	2	US	USD
840220011	3-Year Note Auction	2024.01.09 21:00:00	4.105	nan	4.49	nan	2	US	USD
840200002	EIA Cushing Crude Oil Stocks Change	2024.01.10 18:30:00	-0.506	0.777	0.706	nan	2	US	USD
840030008	Core CPI y/y	2024.01.11 16:30:00	3.9	3.8	4.0	nan	2	US	USD
840140002	Continuing Jobless Claims	2024.01.11 16:30:00	1.834	1.875	1.855	1.868	2	US	USD
840150001	Federal Budget Balance	2024.01.11 22:00:00	-129.4	-86.7	-314.0	nan	2	US	USD
840030002	Core PPI m/m	2024.01.12 16:30:00	0.0	0.1	0.0	nan	2	US	USD
840100001	Baker Hughes US Oil Rig Count	2024.01.12 21:00:00	499.0	nan	501.0	nan	2	US	USD
840100002	Baker Hughes US Total Rig Count	2024.01.12 21:00:00	619.0	nan	621.0	nan	2	US	USD
840520003	CFTC Gold Non-Commercial Net Positions	2024.01.12 23:30:00	188.6	nan	207.6	nan	2	US	USD
840520004	CFTC Crude Oil Non-Commercial Net Positions	2024.01.12 23:30:00	169.7	nan	163.7	nan	2	US	USD
840520005	CFTC S&P 500 Non-Commercial Net Positions	2024.01.12 23:30:00	-117.0	nan	-214.1	nan	2	US	USD
840520011	CFTC Nasdaq 100 Non-Commercial Net Positions	2024.01.12 23:30:00	36.8	nan	39.1	nan	2	US	USD
840230001	NY Fed Empire State Manufacturing Index	2024.01.16 16:30:00	-43.7	-24.4	-14.5	nan	2	US	USD
840050011	Fed Industrial Production m/m	2024.01.17 04:15:00	0.1	nan	0.2	0.2	2	US	USD
840050026	Fed Industrial Production y/y	2024.01.17 04:15:00	1.0	nan	-0.4	-0.4	2	US	USD
840030011	Import Price Index m/m	2024.01.17 16:30:00	0.0	0.1	-0.4	-0.5	2	US	USD
840030013	Export Price Index m/m	2024.01.17 16:30:00	-0.9	0.1	-0.9	nan	2	US	USD
840020012	Retail Control m/m	2024.01.17 16:30:00	0.8	-0.2	0.4	0.5	2	US	USD
840020007	Business Inventories m/m	2024.01.17 18:00:00	-0.1	0.2	-0.1	nan	2	US	USD
840020027	Retail Inventories m/m	2024.01.17 18:00:00	-0.1	-0.1	-0.1	nan	2	US	USD
840020028	Retail Inventories excl. Autos m/m	2024.01.17 18:00:00	-0.9	nan	-0.8	nan	2	US	USD
840220019	20-Year Bond Auction	2024.01.17 21:00:00	4.423	nan	4.213	nan	2	US	USD
840070002	Philadelphia Fed Employment	2024.01.18 16:30:00	-1.8	0.9	-1.7	-2.5	2	US	USD
840140002	Continuing Jobless Claims	2024.01.18 16:30:00	1.806	1.816	1.834	1.832	2	US	USD
840020004	Housing Starts	2024.01.18 16:30:00	1.46	1.39	1.56	1.525	2	US	USD
840020005	Building Permits	2024.01.18 16:30:00	1.495	1.535	1.46	1.467	2	US	USD
840020015	Housing Starts m/m	2024.01.18 16:30:00	-4.3	6.7	14.8	10.8	2	US	USD
840200002	EIA Cushing Crude Oil Stocks Change	2024.01.18 19:00:00	-2.099	0.164	-0.506	nan	2	US	USD
840220017	10-Year TIPS Auction	2024.01.18 21:00:00	1.81	nan	2.18	nan	2	US	USD
840210001	Michigan Consumer Sentiment	2024.01.19 18:00:00	78.8	73.6	69.7	nan	2	US	USD
840210002	Michigan Consumer Expectations	2024.01.19 18:00:00	75.9	71.4	67.4	nan	2	US	USD
840210004	Michigan Inflation Expectations	2024.01.19 18:00:00	2.9	1.9	3.1	3.1	2	US	USD
840210005	Michigan 5-Year Inflation Expectations	2024.01.19 18:00:00	2.8	3.0	2.9	2.9	2	US	USD
840120002	Existing Home Sales m/m	2024.01.19 18:00:00	-1.0	6.4	0.8	nan	2	US	USD
840100001	Baker Hughes US Oil Rig Count	2024.01.19 21:00:00	497.0	nan	499.0	nan	2	US	USD
840100002	Baker Hughes US Total Rig Count	2024.01.19 21:00:00	620.0	nan	619.0	nan	2	US	USD
840520003	CFTC Gold Non-Commercial Net Positions	2024.01.19 23:30:00	179.9	nan	188.6	nan	2	US	USD
840520004	CFTC Crude Oil Non-Commercial Net Positions	2024.01.19 23:30:00	162.0	nan	169.7	nan	2	US	USD
840520005	CFTC S&P 500 Non-Commercial Net Positions	2024.01.19 23:30:00	-169.2	nan	-117.0	nan	2	US	USD
840520011	CFTC Nasdaq 100 Non-Commercial Net Positions	2024.01.19 23:30:00	36.6	nan	36.8	nan	2	US	USD
840220001	TIC Net Long-Term Transactions	2024.01.20 00:00:00	126.1	2.5	3.3	3.3	2	US	USD
840180001	CB Leading Economic Index m/m	2024.01.22 18:00:00	-0.1	-0.1	-0.5	nan	2	US	USD
840220010	2-Year Note Auction	2024.01.23 21:00:00	4.365	nan	4.314	nan	2	US	USD
840200002	EIA Cushing Crude Oil Stocks Change	2024.01.24 18:30:00	-2.008	-1.397	-2.099	nan	2	US	USD
840220012	5-Year Note Auction	2024.01.24 21:00:00	4.055	nan	3.801	nan	2	US	USD
840140002	Continuing Jobless Claims	2024.01.25 16:30:00	1.833	1.796	1.806	nan	2	US	USD
840020014	Core Durable Goods Orders m/m	2024.01.25 16:30:00	0.6	0.3	0.5	nan	2	US	USD
840020019	Goods Trade Balance	2024.01.25 16:30:00	-88.463	-88.877	-90.273	-89.332	2	US	USD
840020027	Retail Inventories m/m	2024.01.25 16:30:00	0.8	-0.3	-0.1	0.1	2	US	USD
840020028	Retail Inventories excl. Autos m/m	2024.01.25 16:30:00	0.6	nan	-0.9	-0.6	2	US	USD
840020009	New Home Sales m/m	2024.01.25 18:00:00	8.0	1.0	-12.2	-9.0	2	US	USD
840220013	7-Year Note Auction	2024.01.25 21:00:00	4.109	nan	3.859	nan	2	US	USD
840010004	PCE Price Index y/y	2024.01.26 15:30:00	2.6	nan	2.6	2.6	2	US	USD
840010003	PCE Price Index m/m	2024.01.26 15:30:00	0.2	nan	-0.1	-0.1	2	US	USD
840010005	Personal Spending m/m	2024.01.26 15:30:00	0.7	nan	0.2	0.2	2	US	USD
840120003	Pending Home Sales m/m	2024.01.26 18:00:00	8.3	0.1	0.0	-0.3	2	US	USD
840100001	Baker Hughes US Oil Rig Count	2024.01.26 21:00:00	499.0	nan	497.0	nan	2	US	USD
840100002	Baker Hughes US Total Rig Count	2024.01.26 21:00:00	621.0	nan	620.0	nan	2	US	USD
840520003	CFTC Gold Non-Commercial Net Positions	2024.01.26 23:30:00	169.5	nan	179.9	nan	2	US	USD
840520004	CFTC Crude Oil Non-Commercial Net Positions	2024.01.26 23:30:00	184.0	nan	162.0	nan	2	US	USD
840520005	CFTC S&P 500 Non-Commercial Net Positions	2024.01.26 23:30:00	-189.5	nan	-169.2	nan	2	US	USD
840520011	CFTC Nasdaq 100 Non-Commercial Net Positions	2024.01.26 23:30:00	33.0	nan	36.6	nan	2	US	USD
840170001	S&P/CS HPI Composite-20 y/y	2024.01.30 17:00:00	5.4	5.2	4.9	nan	2	US	USD
840170002	S&P/CS HPI Composite-20 n.s.a. m/m	2024.01.30 17:00:00	-0.2	-0.9	0.1	nan	2	US	USD
840030025	Employment Cost Index q/q	2024.01.31 16:30:00	0.9	1.1	1.1	nan	2	US	USD
840200002	EIA Cushing Crude Oil Stocks Change	2024.01.31 18:30:00	-1.972	-1.007	-2.008	nan	2	US	USD
840030028	Nonfarm Productivity q/q	2024.02.01 16:30:00	3.2	0.1	5.2	4.9	2	US	USD
840030029	Unit Labor Costs q/q	2024.02.01 16:30:00	0.5	4.6	-1.2	-1.1	2	US	USD
840140002	Continuing Jobless Claims	2024.02.01 16:30:00	1.898	1.811	1.833	1.828	2	US	USD
840040004	ISM Manufacturing Employment	2024.02.01 18:00:00	47.1	49.8	48.1	47.5	2	US	USD
840020002	Construction Spending m/m	2024.02.01 18:00:00	0.9	0.0	0.4	0.9	2	US	USD
840030017	Participation Rate	2024.02.02 16:30:00	62.5	62.7	62.5	nan	2	US	USD
840030019	Average Hourly Earnings y/y	2024.02.02 16:30:00	4.5	4.1	4.1	nan	2	US	USD
840030023	Private Nonfarm Payrolls	2024.02.02 16:30:00	317.0	167.0	164.0	278.0	2	US	USD
840030024	U6 Unemployment Rate	2024.02.02 16:30:00	7.2	7.0	7.1	nan	2	US	USD
840210001	Michigan Consumer Sentiment	2024.02.02 18:00:00	79.0	78.8	78.8	nan	2	US	USD
840210002	Michigan Consumer Expectations	2024.02.02 18:00:00	77.1	75.9	75.9	nan	2	US	USD
840210004	Michigan Inflation Expectations	2024.02.02 18:00:00	2.9	nan	2.9	nan	2	US	USD
840210005	Michigan 5-Year Inflation Expectations	2024.02.02 18:00:00	2.9	nan	2.8	nan	2	US	USD
840020003	Factory Orders m/m	2024.02.02 18:00:00	0.2	-0.4	2.6	nan	2	US	USD
840100001	Baker Hughes US Oil Rig Count	2024.02.02 21:00:00	499.0	nan	499.0	nan	2	US	USD
840100002	Baker Hughes US Total Rig Count	2024.02.02 21:00:00	619.0	nan	621.0	nan	2	US	USD
840520003	CFTC Gold Non-Commercial Net Positions	2024.02.02 23:30:00	147.8	nan	169.5	nan	2	US	USD
840520004	CFTC Crude Oil Non-Commercial Net Positions	2024.02.02 23:30:00	196.7	nan	184.0	nan	2	US	USD
840520005	CFTC S&P 500 Non-Commercial Net Positions	2024.02.02 23:30:00	-226.0	nan	-189.5	nan	2	US	USD
840520011	CFTC Nasdaq 100 Non-Commercial Net Positions	2024.02.02 23:30:00	39.3	nan	33.0	nan	2	US	USD
840500003	S&P Global Composite PMI	2024.02.05 17:45:00	52.0	51.0	50.9	nan	2	US	USD
840040005	ISM Non-Manufacturing Employment	2024.02.05 18:00:00	50.5	47.7	43.3	43.8	2	US	USD
840220011	3-Year Note Auction	2024.02.06 21:00:00	4.169	nan	4.105	nan	2	US	USD
840020001	Trade Balance	2024.02.07 16:30:00	-62.201	-57.849	-63.207	-61.883	2	US	USD
840020023	Exports	2024.02.07 16:30:00	258.248	nan	253.737	254.325	2	US	USD
840020024	Imports	2024.02.07 16:30:00	320.449	nan	316.944	316.208	2	US	USD
840200002	EIA Cushing Crude Oil Stocks Change	2024.02.07 18:30:00	-0.033	-1.693	-1.972	nan	2	US	USD
840050013	Fed Consumer Credit m/m	2024.02.07 23:00:00	1.56	nan	23.75	23.48	2	US	USD
840140002	Continuing Jobless Claims	2024.02.08 16:30:00	1.871	1.876	1.898	1.894	2	US	USD
840100001	Baker Hughes US Oil Rig Count	2024.02.09 21:00:00	499.0	nan	499.0	nan	2	US	USD
840100002	Baker Hughes US Total Rig Count	2024.02.09 21:00:00	623.0	nan	619.0	nan	2	US	USD
840520003	CFTC Gold Non-Commercial Net Positions	2024.02.09 23:30:00	161.7	nan	147.8	nan	2	US	USD
840520004	CFTC Crude Oil Non-Commercial Net Positions	2024.02.09 23:30:00	161.8	nan	196.7	nan	2	US	USD
840520005	CFTC S&P 500 Non-Commercial Net Positions	2024.02.09 23:30:00	-233.0	nan	-226.0	nan	2	US	USD
840520011	CFTC Nasdaq 100 Non-Commercial Net Positions	2024.02.09 23:30:00	32.9	nan	39.3	nan	2	US	USD
840150001	Federal Budget Balance	2024.02.12 22:00:00	-21.9	15.3	-129.4	nan	2	US	USD
840030008	Core CPI y/y	2024.02.13 16:30:00	3.9	3.8	3.9	nan	2	US	USD
840200002	EIA Cushing Crude Oil Stocks Change	2024.02.14 18:30:00	0.71	-0.372	-0.033	nan	2	US	USD
840030011	Import Price Index m/m	2024.02.15 16:30:00	0.8	0.1	0.0	-0.7	2	US	USD
840030013	Export Price Index m/m	2024.02.15 16:30:00	0.8	-0.1	-0.9	-0.7	2	US	USD
840070002	Philadelphia Fed Employment	2024.02.15 16:30:00	-10.3	0.7	-1.8	nan	2	US	USD
840230001	NY Fed Empire State Manufacturing Index	2024.02.15 16:30:00	-2.4	-27.4	-43.7	nan	2	US	USD
840140002	Continuing Jobless Claims	2024.02.15 16:30:00	1.895	1.873	1.871	1.865	2	US	USD
840020012	Retail Control m/m	2024.02.15 16:30:00	-0.4	0.1	0.8	0.6	2	US	USD
840050011	Fed Industrial Production m/m	2024.02.15 17:15:00	-0.1	nan	0.1	0.0	2	US	USD
840050026	Fed Industrial Production y/y	2024.02.15 17:15:00	0.0	nan	1.0	nan	2	US	USD
840020007	Business Inventories m/m	2024.02.15 18:00:00	0.4	0.0	-0.1	nan	2	US	USD
840020027	Retail Inventories m/m	2024.02.15 18:00:00	0.6	0.8	0.8	nan	2	US	USD
840020028	Retail Inventories excl. Autos m/m	2024.02.15 18:00:00	0.4	nan	0.6	nan	2	US	USD
840220001	TIC Net Long-Term Transactions	2024.02.16 00:00:00	160.2	nan	126.1	99.7	2	US	USD
840030002	Core PPI m/m	2024.02.16 16:30:00	0.5	0.1	0.0	-0.1	2	US	USD
840020004	Housing Starts	2024.02.16 16:30:00	1.331	1.414	1.46	1.562	2	US	USD
840020005	Building Permits	2024.02.16 16:30:00	1.47	1.51	1.495	1.493	2	US	USD
840020015	Housing Starts m/m	2024.02.16 16:30:00	-14.8	-1.7	-4.3	3.3	2	US	USD
840210001	Michigan Consumer Sentiment	2024.02.16 18:00:00	79.6	78.9	79.0	nan	2	US	USD
840210002	Michigan Consumer Expectations	2024.02.16 18:00:00	78.4	77.5	77.1	nan	2	US	USD
840210004	Michigan Inflation Expectations	2024.02.16 18:00:00	3.0	3.0	2.9	2.9	2	US	USD
840210005	Michigan 5-Year Inflation Expectations	2024.02.16 18:00:00	2.9	3.0	2.9	2.9	2	US	USD
840100001	Baker Hughes US Oil Rig Count	2024.02.16 21:00:00	497.0	nan	499.0	nan	2	US	USD
840100002	Baker Hughes US Total Rig Count	2024.02.16 21:00:00	621.0	nan	623.0	nan	2	US	USD
840520003	CFTC Gold Non-Commercial Net Positions	2024.02.16 23:30:00	131.2	nan	161.7	nan	2	US	USD
840520004	CFTC Crude Oil Non-Commercial Net Positions	2024.02.16 23:30:00	171.1	nan	161.8	nan	2	US	USD
840520005	CFTC S&P 500 Non-Commercial Net Positions	2024.02.16 23:30:00	-215.8	nan	-233.0	nan	2	US	USD
840520011	CFTC Nasdaq 100 Non-Commercial Net Positions	2024.02.16 23:30:00	32.1	nan	32.9	nan	2	US	USD
840180001	CB Leading Economic Index m/m	2024.02.20 18:00:00	-0.4	-0.2	-0.1	-0.2	2	US	USD
840220019	20-Year Bond Auction	2024.02.21 21:00:00	4.595	nan	4.423	nan	2	US	USD
840140002	Continuing Jobless Claims	2024.02.22 16:30:00	1.862	1.859	1.895	1.889	2	US	USD
840120002	Existing Home Sales m/m	2024.02.22 18:00:00	3.1	1.2	-1.0	-0.8	2	US	USD
840200002	EIA Cushing Crude Oil Stocks Change	2024.02.22 19:00:00	0.741	1.534	0.71	nan	2	US	USD
840220018	30-Year TIPS Auction	2024.02.22 21:00:00	2.2	nan	1.97	nan	2	US	USD
840100001	Baker Hughes US Oil Rig Count	2024.02.23 21:00:00	503.0	nan	497.0	nan	2	US	USD
840100002	Baker Hughes US Total Rig Count	2024.02.23 21:00:00	626.0	nan	621.0	nan	2	US	USD
840520003	CFTC Gold Non-Commercial Net Positions	2024.02.23 23:30:00	140.3	nan	131.2	nan	2	US	USD
840520004	CFTC Crude Oil Non-Commercial Net Positions	2024.02.23 23:30:00	191.9	nan	171.1	nan	2	US	USD
840520005	CFTC S&P 500 Non-Commercial Net Positions	2024.02.23 23:30:00	-218.5	nan	-215.8	nan	2	US	USD
840520011	CFTC Nasdaq 100 Non-Commercial Net Positions	2024.02.23 23:30:00	25.6	nan	32.1	nan	2	US	USD
840020009	New Home Sales m/m	2024.02.26 18:00:00	1.5	1.5	8.0	7.2	2	US	USD
840220010	2-Year Note Auction	2024.02.26 19:30:00	4.691	nan	4.365	nan	2	US	USD
840220012	5-Year Note Auction	2024.02.26 21:00:00	4.32	nan	4.055	nan	2	US	USD
840020014	Core Durable Goods Orders m/m	2024.02.27 16:30:00	-0.3	0.2	0.6	-0.1	2	US	USD
840170001	S&P/CS HPI Composite-20 y/y	2024.02.27 17:00:00	6.1	6.0	5.4	nan	2	US	USD
840170002	S&P/CS HPI Composite-20 n.s.a. m/m	2024.02.27 17:00:00	-0.3	-0.1	-0.2	nan	2	US	USD
840220013	7-Year Note Auction	2024.02.27 21:00:00	4.327	nan	4.109	nan	2	US	USD
840020019	Goods Trade Balance	2024.02.28 16:30:00	-90.202	-90.012	-88.463	-87.892	2	US	USD
840020027	Retail Inventories m/m	2024.02.28 16:30:00	0.5	0.4	0.6	nan	2	US	USD
840020028	Retail Inventories excl. Autos m/m	2024.02.28 16:30:00	0.3	nan	0.4	nan	2	US	USD
840200002	EIA Cushing Crude Oil Stocks Change	2024.02.28 18:30:00	1.458	0.842	0.741	nan	2	US	USD
840010004	PCE Price Index y/y	2024.02.29 15:30:00	2.4	nan	2.6	2.6	2	US	USD
840010003	PCE Price Index m/m	2024.02.29 15:30:00	0.3	nan	0.2	0.1	2	US	USD
840010005	Personal Spending m/m	2024.02.29 15:30:00	0.2	nan	0.7	0.7	2	US	USD
840140002	Continuing Jobless Claims	2024.02.29 16:30:00	1.905	1.888	1.862	1.86	2	US	USD
840120003	Pending Home Sales m/m	2024.02.29 18:00:00	-4.9	1.2	8.3	5.7	2	US	USD
840040004	ISM Manufacturing Employment	2024.03.01 18:00:00	45.9	48.1	47.1	nan	2	US	USD
840210001	Michigan Consumer Sentiment	2024.03.01 18:00:00	76.9	79.6	79.6	nan	2	US	USD
840210002	Michigan Consumer Expectations	2024.03.01 18:00:00	75.2	78.4	78.4	nan	2	US	USD
840210004	Michigan Inflation Expectations	2024.03.01 18:00:00	3.0	nan	3.0	nan	2	US	USD
840210005	Michigan 5-Year Inflation Expectations	2024.03.01 18:00:00	2.9	nan	2.9	nan	2	US	USD
840020002	Construction Spending m/m	2024.03.01 18:00:00	-0.2	0.6	0.9	1.1	2	US	USD
840100001	Baker Hughes US Oil Rig Count	2024.03.01 21:00:00	506.0	nan	503.0	nan	2	US	USD
840100002	Baker Hughes US Total Rig Count	2024.03.01 21:00:00	629.0	nan	626.0	nan	2	US	USD
840520003	CFTC Gold Non-Commercial Net Positions	2024.03.01 23:30:00	141.6	nan	140.3	nan	2	US	USD
840520004	CFTC Crude Oil Non-Commercial Net Positions	2024.03.01 23:30:00	224.8	nan	191.9	nan	2	US	USD
840520005	CFTC S&P 500 Non-Commercial Net Positions	2024.03.01 23:30:00	-224.2	nan	-218.5	nan	2	US	USD
840520011	CFTC Nasdaq 100 Non-Commercial Net Positions	2024.03.01 23:30:00	10.2	nan	25.6	nan	2	US	USD
840500003	S&P Global Composite PMI	2024.03.05 17:45:00	52.5	52.4	52.0	nan	2	US	USD
840040005	ISM Non-Manufacturing Employment	2024.03.05 18:00:00	48.0	49.8	50.5	nan	2	US	USD
840020003	Factory Orders m/m	2024.03.05 18:00:00	-3.6	0.9	0.2	-0.3	2	US	USD
840200002	EIA Cushing Crude Oil Stocks Change	2024.03.06 18:30:00	0.701	1.297	1.458	nan	2	US	USD
840030028	Nonfarm Productivity q/q	2024.03.07 16:30:00	3.2	3.2	3.2	nan	2	US	USD
840030029	Unit Labor Costs q/q	2024.03.07 16:30:00	0.4	0.5	0.5	nan	2	US	USD
840020001	Trade Balance	2024.03.07 16:30:00	-67.434	-61.844	-62.201	-64.168	2	US	USD
840020023	Exports	2024.03.07 16:30:00	257.193	nan	258.248	256.863	2	US	USD
840020024	Imports	2024.03.07 16:30:00	324.627	nan	320.449	321.031	2	US	USD
840140002	Continuing Jobless Claims	2024.03.07 16:30:00	1.906	1.895	1.905	1.898	2	US	USD
840050013	Fed Consumer Credit m/m	2024.03.07 23:00:00	19.49	-2.26	1.56	0.92	2	US	USD
840030017	Participation Rate	2024.03.08 16:30:00	62.5	62.7	62.5	nan	2	US	USD
840030019	Average Hourly Earnings y/y	2024.03.08 16:30:00	4.3	4.4	4.5	nan	2	US	USD
840030023	Private Nonfarm Payrolls	2024.03.08 16:30:00	223.0	222.0	317.0	177.0	2	US	USD
840030024	U6 Unemployment Rate	2024.03.08 16:30:00	7.3	7.1	7.2	nan	2	US	USD
840100001	Baker Hughes US Oil Rig Count	2024.03.08 21:00:00	504.0	nan	506.0	nan	2	US	USD
840100002	Baker Hughes US Total Rig Count	2024.03.08 21:00:00	622.0	nan	629.0	nan	2	US	USD
840520003	CFTC Gold Non-Commercial Net Positions	2024.03.08 23:30:00	191.3	nan	141.6	nan	2	US	USD
840520004	CFTC Crude Oil Non-Commercial Net Positions	2024.03.08 23:30:00	238.5	nan	224.8	nan	2	US	USD
840520005	CFTC S&P 500 Non-Commercial Net Positions	2024.03.08 23:30:00	-204.4	nan	-224.2	nan	2	US	USD
840520011	CFTC Nasdaq 100 Non-Commercial Net Positions	2024.03.08 23:30:00	0.6	nan	10.2	nan	2	US	USD
840220011	3-Year Note Auction	2024.03.11 20:00:00	4.256	nan	4.169	nan	2	US	USD
840030008	Core CPI y/y	2024.03.12 15:30:00	3.8	3.8	3.9	nan	2	US	USD
840150001	Federal Budget Balance	2024.03.12 21:00:00	-296.3	-298.4	-21.9	nan	2	US	USD
840200002	EIA Cushing Crude Oil Stocks Change	2024.03.13 17:30:00	-0.22	0.438	0.701	nan	2	US	USD
840030002	Core PPI m/m	2024.03.14 15:30:00	0.3	0.3	0.5	nan	2	US	USD
840020012	Retail Control m/m	2024.03.14 15:30:00	0.0	0.6	-0.4	-0.3	2	US	USD
840140002	Continuing Jobless Claims	2024.03.14 15:30:00	1.811	1.892	1.906	1.794	2	US	USD
840020007	Business Inventories m/m	2024.03.14 17:00:00	0.0	0.1	0.4	0.3	2	US	USD
840020027	Retail Inventories m/m	2024.03.14 17:00:00	0.4	0.5	0.5	nan	2	US	USD
840020028	Retail Inventories excl. Autos m/m	2024.03.14 17:00:00	0.3	nan	0.3	nan	2	US	USD
840030011	Import Price Index m/m	2024.03.15 15:30:00	0.3	0.0	0.8	nan	2	US	USD
840030013	Export Price Index m/m	2024.03.15 15:30:00	0.8	-0.1	0.8	0.9	2	US	USD
840230001	NY Fed Empire State Manufacturing Index	2024.03.15 15:30:00	-20.9	-3.1	-2.4	nan	2	US	USD
840050011	Fed Industrial Production m/m	2024.03.15 16:15:00	0.1	0.2	-0.1	-0.5	2	US	USD
840050026	Fed Industrial Production y/y	2024.03.15 16:15:00	-0.2	-0.3	0.0	nan	2	US	USD
840210001	Michigan Consumer Sentiment	2024.03.15 17:00:00	76.5	72.2	76.9	nan	2	US	USD
840210002	Michigan Consumer Expectations	2024.03.15 17:00:00	74.6	74.5	75.2	nan	2	US	USD
840210004	Michigan Inflation Expectations	2024.03.15 17:00:00	3.0	2.4	3.0	3.0	2	US	USD
840210005	Michigan 5-Year Inflation Expectations	2024.03.15 17:00:00	2.9	3.0	2.9	2.9	2	US	USD
840100001	Baker Hughes US Oil Rig Count	2024.03.15 20:00:00	510.0	nan	504.0	nan	2	US	USD
840100002	Baker Hughes US Total Rig Count	2024.03.15 20:00:00	629.0	nan	622.0	nan	2	US	USD
840520003	CFTC Gold Non-Commercial Net Positions	2024.03.15 22:30:00	201.6	nan	191.3	nan	2	US	USD
840520004	CFTC Crude Oil Non-Commercial Net Positions	2024.03.15 22:30:00	233.8	nan	238.5	nan	2	US	USD
840520005	CFTC S&P 500 Non-Commercial Net Positions	2024.03.15 22:30:00	-239.8	nan	-204.4	nan	2	US	USD
840520011	CFTC Nasdaq 100 Non-Commercial Net Positions	2024.03.15 22:30:00	1.4	nan	0.6	nan	2	US	USD
840020004	Housing Starts	2024.03.19 15:30:00	1.521	1.416	1.331	1.374	2	US	USD
840020005	Building Permits	2024.03.19 15:30:00	1.518	1.482	1.47	1.489	2	US	USD
840020015	Housing Starts m/m	2024.03.19 15:30:00	10.7	1.6	-14.8	-12.3	2	US	USD
840220019	20-Year Bond Auction	2024.03.19 20:00:00	4.542	nan	4.595	nan	2	US	USD
840220001	TIC Net Long-Term Transactions	2024.03.19 23:00:00	36.1	nan	160.2	158.6	2	US	USD
840200002	EIA Cushing Crude Oil Stocks Change	2024.03.20 17:30:00	-0.018	-0.975	-0.22	nan	2	US	USD
840070002	Philadelphia Fed Employment	2024.03.21 15:30:00	-9.6	-10.8	-10.3	nan	2	US	USD
840140002	Continuing Jobless Claims	2024.03.21 15:30:00	1.807	1.825	1.811	1.803	2	US	USD
840010015	Current Account	2024.03.21 15:30:00	-194.81	-207.138	-200.304	-196.378	2	US	USD
840120002	Existing Home Sales m/m	2024.03.21 17:00:00	9.5	-0.1	3.1	nan	2	US	USD
840180001	CB Leading Economic Index m/m	2024.03.21 17:00:00	0.1	-0.4	-0.4	-0.4	2	US	USD
840220017	10-Year TIPS Auction	2024.03.21 20:00:00	1.932	nan	1.81	nan	2	US	USD
840100001	Baker Hughes US Oil Rig Count	2024.03.22 20:00:00	509.0	nan	510.0	nan	2	US	USD
840100002	Baker Hughes US Total Rig Count	2024.03.22 20:00:00	624.0	nan	629.0	nan	2	US	USD
840520003	CFTC Gold Non-Commercial Net Positions	2024.03.22 22:30:00	201.6	nan	201.6	nan	2	US	USD
840520004	CFTC Crude Oil Non-Commercial Net Positions	2024.03.22 22:30:00	277.8	nan	233.8	nan	2	US	USD
840520005	CFTC S&P 500 Non-Commercial Net Positions	2024.03.22 22:30:00	-194.2	nan	-239.8	nan	2	US	USD
840520011	CFTC Nasdaq 100 Non-Commercial Net Positions	2024.03.22 22:30:00	11.2	nan	1.4	nan	2	US	USD
840020009	New Home Sales m/m	2024.03.25 17:00:00	-0.3	3.2	1.5	1.7	2	US	USD
840220010	2-Year Note Auction	2024.03.25 20:00:00	4.595	nan	4.691	nan	2	US	USD
840020014	Core Durable Goods Orders m/m	2024.03.26 15:30:00	0.5	0.2	-0.3	nan	2	US	USD
840170001	S&P/CS HPI Composite-20 y/y	2024.03.26 16:00:00	6.6	7.1	6.1	nan	2	US	USD
840170002	S&P/CS HPI Composite-20 n.s.a. m/m	2024.03.26 16:00:00	-0.1	-0.1	-0.3	nan	2	US	USD
840220012	5-Year Note Auction	2024.03.26 20:00:00	4.235	nan	4.32	nan	2	US	USD
840200002	EIA Cushing Crude Oil Stocks Change	2024.03.27 17:30:00	2.107	-0.357	-0.018	nan	2	US	USD
840220013	7-Year Note Auction	2024.03.27 20:00:00	4.185	nan	4.327	nan	2	US	USD
840140002	Continuing Jobless Claims	2024.03.28 15:30:00	1.819	1.794	1.807	1.795	2	US	USD
840010016	Real PCE q/q	2024.03.28 15:30:00	3.3	2.2	3.6	nan	2	US	USD
840210001	Michigan Consumer Sentiment	2024.03.28 17:00:00	79.4	76.5	76.5	nan	2	US	USD
840210002	Michigan Consumer Expectations	2024.03.28 17:00:00	77.4	74.6	74.6	nan	2	US	USD
840210004	Michigan Inflation Expectations	2024.03.28 17:00:00	2.9	nan	3.0	nan	2	US	USD
840210005	Michigan 5-Year Inflation Expectations	2024.03.28 17:00:00	2.8	nan	2.9	nan	2	US	USD
840120003	Pending Home Sales m/m	2024.03.28 17:00:00	1.6	-1.9	-4.9	-4.7	2	US	USD
840100001	Baker Hughes US Oil Rig Count	2024.03.28 20:00:00	506.0	nan	509.0	nan	2	US	USD
840100002	Baker Hughes US Total Rig Count	2024.03.28 20:00:00	621.0	nan	624.0	nan	2	US	USD
840020019	Goods Trade Balance	2024.03.29 15:30:00	-91.836	-88.495	-90.202	-90.509	2	US	USD
840020027	Retail Inventories m/m	2024.03.29 15:30:00	0.5	0.4	0.4	0.5	2	US	USD
840020028	Retail Inventories excl. Autos m/m	2024.03.29 15:30:00	0.4	nan	0.3	nan	2	US	USD
840010003	PCE Price Index m/m	2024.03.29 15:30:00	0.3	0.1	0.3	0.4	2	US	USD
840010004	PCE Price Index y/y	2024.03.29 15:30:00	2.5	3.1	2.4	2.4	2	US	USD
840010005	Personal Spending m/m	2024.03.29 15:30:00	0.8	0.3	0.2	nan	2	US	USD
840520003	CFTC Gold Non-Commercial Net Positions	2024.03.29 22:30:00	199.3	nan	201.6	nan	2	US	USD
840520004	CFTC Crude Oil Non-Commercial Net Positions	2024.03.29 22:30:00	278.0	nan	277.8	nan	2	US	USD
840520005	CFTC S&P 500 Non-Commercial Net Positions	2024.03.29 22:30:00	-169.4	nan	-194.2	nan	2	US	USD
840520011	CFTC Nasdaq 100 Non-Commercial Net Positions	2024.03.29 22:30:00	-7.1	nan	11.2	nan	2	US	USD
840040004	ISM Manufacturing Employment	2024.04.01 17:00:00	47.4	50.3	45.9	nan	2	US	USD
840020002	Construction Spending m/m	2024.04.01 17:00:00	-0.3	-0.4	-0.2	nan	2	US	USD
840020003	Factory Orders m/m	2024.04.02 17:00:00	1.4	0.5	-3.6	-3.8	2	US	USD
840500003	S&P Global Composite PMI	2024.04.03 16:45:00	52.1	53.0	52.5	nan	2	US	USD
840040005	ISM Non-Manufacturing Employment	2024.04.03 17:00:00	48.5	49.1	48.0	nan	2	US	USD
840200002	EIA Cushing Crude Oil Stocks Change	2024.04.03 17:30:00	-0.377	3.315	2.107	nan	2	US	USD
840020001	Trade Balance	2024.04.04 15:30:00	-68.901	-64.911	-67.434	-67.601	2	US	USD
840020023	Exports	2024.04.04 15:30:00	263.014	nan	257.193	257.184	2	US	USD
840020024	Imports	2024.04.04 15:30:00	331.914	nan	324.627	324.785	2	US	USD
840140002	Continuing Jobless Claims	2024.04.04 15:30:00	1.791	1.911	1.819	1.81	2	US	USD
840030017	Participation Rate	2024.04.05 15:30:00	62.7	62.5	62.5	nan	2	US	USD
840030019	Average Hourly Earnings y/y	2024.04.05 15:30:00	4.1	4.4	4.3	nan	2	US	USD
840030023	Private Nonfarm Payrolls	2024.04.05 15:30:00	232.0	156.0	223.0	207.0	2	US	USD
840030024	U6 Unemployment Rate	2024.04.05 15:30:00	7.3	7.2	7.3	nan	2	US	USD
840100001	Baker Hughes US Oil Rig Count	2024.04.05 20:00:00	508.0	nan	506.0	506.0	2	US	USD
840100002	Baker Hughes US Total Rig Count	2024.04.05 20:00:00	620.0	nan	621.0	621.0	2	US	USD
840050013	Fed Consumer Credit m/m	2024.04.05 22:00:00	14.12	-0.74	19.49	17.68	2	US	USD
840520003	CFTC Gold Non-Commercial Net Positions	2024.04.05 22:30:00	207.3	nan	199.3	nan	2	US	USD
840520004	CFTC Crude Oil Non-Commercial Net Positions	2024.04.05 22:30:00	300.9	nan	278.0	nan	2	US	USD
840520005	CFTC S&P 500 Non-Commercial Net Positions	2024.04.05 22:30:00	-78.1	nan	-169.4	nan	2	US	USD
840520011	CFTC Nasdaq 100 Non-Commercial Net Positions	2024.04.05 22:30:00	-5.2	nan	-7.1	nan	2	US	USD
840220011	3-Year Note Auction	2024.04.09 20:00:00	4.548	nan	4.256	nan	2	US	USD
840030008	Core CPI y/y	2024.04.10 15:30:00	3.8	3.6	3.8	nan	2	US	USD
840200002	EIA Cushing Crude Oil Stocks Change	2024.04.10 17:30:00	-0.17	-0.484	-0.377	nan	2	US	USD
840150001	Federal Budget Balance	2024.04.10 21:00:00	-236.5	-436.3	-296.3	nan	2	US	USD
840030002	Core PPI m/m	2024.04.11 15:30:00	0.2	0.2	0.3	nan	2	US	USD
840140002	Continuing Jobless Claims	2024.04.11 15:30:00	1.817	1.764	1.791	1.789	2	US	USD
840030011	Import Price Index m/m	2024.04.12 15:30:00	0.4	0.0	0.3	nan	2	US	USD
840030013	Export Price Index m/m	2024.04.12 15:30:00	0.3	-0.1	0.8	0.7	2	US	USD
840210001	Michigan Consumer Sentiment	2024.04.12 17:00:00	77.9	78.6	79.4	nan	2	US	USD
840210002	Michigan Consumer Expectations	2024.04.12 17:00:00	77.0	76.4	77.4	nan	2	US	USD
840210004	Michigan Inflation Expectations	2024.04.12 17:00:00	3.1	3.1	2.9	2.9	2	US	USD
840210005	Michigan 5-Year Inflation Expectations	2024.04.12 17:00:00	3.0	3.0	2.8	2.8	2	US	USD
840100001	Baker Hughes US Oil Rig Count	2024.04.12 20:00:00	506.0	nan	508.0	508.0	2	US	USD
840100002	Baker Hughes US Total Rig Count	2024.04.12 20:00:00	617.0	nan	620.0	620.0	2	US	USD
840520003	CFTC Gold Non-Commercial Net Positions	2024.04.12 22:30:00	202.4	nan	207.3	nan	2	US	USD
840520004	CFTC Crude Oil Non-Commercial Net Positions	2024.04.12 22:30:00	297.1	nan	300.9	nan	2	US	USD
840520005	CFTC S&P 500 Non-Commercial Net Positions	2024.04.12 22:30:00	-62.9	nan	-78.1	nan	2	US	USD
840520011	CFTC Nasdaq 100 Non-Commercial Net Positions	2024.04.12 22:30:00	7.5	nan	-5.2	nan	2	US	USD
840020012	Retail Control m/m	2024.04.15 15:30:00	1.1	1.0	0.0	0.3	2	US	USD
840230001	NY Fed Empire State Manufacturing Index	2024.04.15 15:30:00	-14.3	-6.5	-20.9	nan	2	US	USD
840020007	Business Inventories m/m	2024.04.15 17:00:00	0.4	0.1	0.0	nan	2	US	USD
840020027	Retail Inventories m/m	2024.04.15 17:00:00	0.6	0.5	0.5	nan	2	US	USD
840020028	Retail Inventories excl. Autos m/m	2024.04.15 17:00:00	0.4	nan	0.4	nan	2	US	USD
840020004	Housing Starts	2024.04.16 15:30:00	1.321	1.442	1.521	1.549	2	US	USD
840020005	Building Permits	2024.04.16 15:30:00	1.458	1.494	1.518	1.523	2	US	USD
840020015	Housing Starts m/m	2024.04.16 15:30:00	-14.7	-2.8	10.7	12.7	2	US	USD
840050011	Fed Industrial Production m/m	2024.04.16 16:15:00	0.4	0.3	0.1	0.4	2	US	USD
840050026	Fed Industrial Production y/y	2024.04.16 16:15:00	0.0	0.2	-0.2	nan	2	US	USD
840200002	EIA Cushing Crude Oil Stocks Change	2024.04.17 17:30:00	0.033	-1.663	-0.17	nan	2	US	USD
840220019	20-Year Bond Auction	2024.04.17 20:00:00	4.818	nan	4.542	nan	2	US	USD
840220001	TIC Net Long-Term Transactions	2024.04.17 23:00:00	71.5	nan	36.1	14.0	2	US	USD
840070002	Philadelphia Fed Employment	2024.04.18 15:30:00	-10.7	-7.2	-9.6	nan	2	US	USD
840140002	Continuing Jobless Claims	2024.04.18 15:30:00	1.812	1.78	1.817	1.81	2	US	USD
840120002	Existing Home Sales m/m	2024.04.18 17:00:00	-4.3	5.3	9.5	nan	2	US	USD
840180001	CB Leading Economic Index m/m	2024.04.18 17:00:00	-0.3	nan	0.1	nan	2	US	USD
840220016	5-Year TIPS Auction	2024.04.18 20:00:00	2.242	nan	1.71	nan	2	US	USD
840100001	Baker Hughes US Oil Rig Count	2024.04.19 20:00:00	511.0	nan	506.0	506.0	2	US	USD
840100002	Baker Hughes US Total Rig Count	2024.04.19 20:00:00	619.0	nan	617.0	617.0	2	US	USD
840520003	CFTC Gold Non-Commercial Net Positions	2024.04.19 22:30:00	201.9	nan	202.4	nan	2	US	USD
840520004	CFTC Crude Oil Non-Commercial Net Positions	2024.04.19 22:30:00	290.5	nan	297.1	nan	2	US	USD
840520005	CFTC S&P 500 Non-Commercial Net Positions	2024.04.19 22:30:00	74.1	nan	-62.9	nan	2	US	USD
840520011	CFTC Nasdaq 100 Non-Commercial Net Positions	2024.04.19 22:30:00	8.5	nan	7.5	nan	2	US	USD
840020009	New Home Sales m/m	2024.04.23 17:00:00	8.8	1.5	-0.3	-5.1	2	US	USD
840220010	2-Year Note Auction	2024.04.23 20:00:00	4.898	nan	4.595	nan	2	US	USD
840020014	Core Durable Goods Orders m/m	2024.04.24 15:30:00	0.2	0.4	0.5	0.1	2	US	USD
840200002	EIA Cushing Crude Oil Stocks Change	2024.04.24 17:30:00	-0.659	-0.819	0.033	nan	2	US	USD
840220012	5-Year Note Auction	2024.04.24 20:00:00	4.659	nan	4.235	nan	2	US	USD
840020019	Goods Trade Balance	2024.04.25 15:30:00	-91.831	-89.343	-91.836	-90.304	2	US	USD
840020027	Retail Inventories m/m	2024.04.25 15:30:00	0.3	0.6	0.6	0.5	2	US	USD
840020028	Retail Inventories excl. Autos m/m	2024.04.25 15:30:00	-0.1	nan	0.4	0.3	2	US	USD
840140002	Continuing Jobless Claims	2024.04.25 15:30:00	1.781	1.8	1.812	1.796	2	US	USD
840010016	Real PCE q/q	2024.04.25 15:30:00	2.5	2.7	3.3	nan	2	US	USD
840120003	Pending Home Sales m/m	2024.04.25 17:00:00	3.4	-1.4	1.6	nan	2	US	USD
840220013	7-Year Note Auction	2024.04.25 20:00:00	4.716	nan	4.185	nan	2	US	USD
840010003	PCE Price Index m/m	2024.04.26 15:30:00	0.3	0.1	0.3	nan	2	US	USD
840010004	PCE Price Index y/y	2024.04.26 15:30:00	2.7	1.9	2.5	nan	2	US	USD
840010005	Personal Spending m/m	2024.04.26 15:30:00	0.8	0.5	0.8	nan	2	US	USD
840210001	Michigan Consumer Sentiment	2024.04.26 17:00:00	77.2	77.9	77.9	nan	2	US	USD
840210002	Michigan Consumer Expectations	2024.04.26 17:00:00	76.0	77.0	77.0	nan	2	US	USD
840210004	Michigan Inflation Expectations	2024.04.26 17:00:00	3.2	nan	3.1	nan	2	US	USD
840210005	Michigan 5-Year Inflation Expectations	2024.04.26 17:00:00	3.0	nan	3.0	nan	2	US	USD
840100001	Baker Hughes US Oil Rig Count	2024.04.26 20:00:00	506.0	nan	511.0	511.0	2	US	USD
840100002	Baker Hughes US Total Rig Count	2024.04.26 20:00:00	613.0	nan	619.0	619.0	2	US	USD
840520003	CFTC Gold Non-Commercial Net Positions	2024.04.26 22:30:00	202.9	nan	201.9	nan	2	US	USD
840520004	CFTC Crude Oil Non-Commercial Net Positions	2024.04.26 22:30:00	264.8	nan	290.5	nan	2	US	USD
840520005	CFTC S&P 500 Non-Commercial Net Positions	2024.04.26 22:30:00	67.7	nan	74.1	nan	2	US	USD
840520011	CFTC Nasdaq 100 Non-Commercial Net Positions	2024.04.26 22:30:00	6.1	nan	8.5	nan	2	US	USD
840030025	Employment Cost Index q/q	2024.04.30 15:30:00	1.2	1.0	0.9	nan	2	US	USD
840170001	S&P/CS HPI Composite-20 y/y	2024.04.30 16:00:00	7.3	7.1	6.6	nan	2	US	USD
840170002	S&P/CS HPI Composite-20 n.s.a. m/m	2024.04.30 16:00:00	0.9	0.2	-0.1	nan	2	US	USD
840040004	ISM Manufacturing Employment	2024.05.01 17:00:00	48.6	48.1	47.4	nan	2	US	USD
840020002	Construction Spending m/m	2024.05.01 17:00:00	-0.2	-0.7	-0.3	0.0	2	US	USD
840200002	EIA Cushing Crude Oil Stocks Change	2024.05.01 17:30:00	1.089	0.175	-0.659	-0.659	2	US	USD
840030028	Nonfarm Productivity q/q	2024.05.02 15:30:00	0.3	0.3	3.2	3.5	2	US	USD
840030029	Unit Labor Costs q/q	2024.05.02 15:30:00	4.7	0.8	0.4	0.0	2	US	USD
840020001	Trade Balance	2024.05.02 15:30:00	-69.372	-68.28	-68.901	-69.458	2	US	USD
840020023	Exports	2024.05.02 15:30:00	257.62	nan	263.014	262.927	2	US	USD
840020024	Imports	2024.05.02 15:30:00	326.992	nan	331.914	332.385	2	US	USD
840140002	Continuing Jobless Claims	2024.05.02 15:30:00	1.774	1.811	1.781	1.774	2	US	USD
840020003	Factory Orders m/m	2024.05.02 17:00:00	1.6	0.7	1.4	1.2	2	US	USD
840030017	Participation Rate	2024.05.03 15:30:00	62.7	62.7	62.7	nan	2	US	USD
840030019	Average Hourly Earnings y/y	2024.05.03 15:30:00	3.9	4.3	4.1	nan	2	US	USD
840030023	Private Nonfarm Payrolls	2024.05.03 15:30:00	167.0	133.0	232.0	243.0	2	US	USD
840030024	U6 Unemployment Rate	2024.05.03 15:30:00	7.4	7.3	7.3	nan	2	US	USD
840500003	S&P Global Composite PMI	2024.05.03 16:45:00	51.3	51.2	52.1	nan	2	US	USD
840040005	ISM Non-Manufacturing Employment	2024.05.03 17:00:00	45.9	48.6	48.5	nan	2	US	USD
840100001	Baker Hughes US Oil Rig Count	2024.05.03 20:00:00	499.0	nan	506.0	506.0	2	US	USD
840100002	Baker Hughes US Total Rig Count	2024.05.03 20:00:00	605.0	nan	613.0	613.0	2	US	USD
840520003	CFTC Gold Non-Commercial Net Positions	2024.05.03 22:30:00	204.2	nan	202.9	nan	2	US	USD
840520004	CFTC Crude Oil Non-Commercial Net Positions	2024.05.03 22:30:00	265.5	nan	264.8	nan	2	US	USD
840520005	CFTC S&P 500 Non-Commercial Net Positions	2024.05.03 22:30:00	43.1	nan	67.7	nan	2	US	USD
840520011	CFTC Nasdaq 100 Non-Commercial Net Positions	2024.05.03 22:30:00	2.8	nan	6.1	nan	2	US	USD
840220011	3-Year Note Auction	2024.05.07 20:00:00	4.605	nan	4.548	nan	2	US	USD
840050013	Fed Consumer Credit m/m	2024.05.07 22:00:00	6.27	6.82	14.12	15.02	2	US	USD
840200002	EIA Cushing Crude Oil Stocks Change	2024.05.08 17:30:00	1.88	0.547	1.089	1.089	2	US	USD
840140002	Continuing Jobless Claims	2024.05.09 15:30:00	1.785	1.782	1.774	1.768	2	US	USD
840210001	Michigan Consumer Sentiment	2024.05.10 17:00:00	67.4	73.5	77.2	nan	2	US	USD
840210002	Michigan Consumer Expectations	2024.05.10 17:00:00	66.5	74.5	76.0	nan	2	US	USD
840210004	Michigan Inflation Expectations	2024.05.10 17:00:00	3.5	3.0	3.2	nan	2	US	USD
840210005	Michigan 5-Year Inflation Expectations	2024.05.10 17:00:00	3.1	3.0	3.0	nan	2	US	USD
840100001	Baker Hughes US Oil Rig Count	2024.05.10 20:00:00	496.0	nan	499.0	499.0	2	US	USD
840100002	Baker Hughes US Total Rig Count	2024.05.10 20:00:00	603.0	nan	605.0	605.0	2	US	USD
840150001	Federal Budget Balance	2024.05.10 21:00:00	209.5	-62.9	-236.5	-236.6	2	US	USD
840520003	CFTC Gold Non-Commercial Net Positions	2024.05.10 22:30:00	199.6	nan	204.2	nan	2	US	USD
840520004	CFTC Crude Oil Non-Commercial Net Positions	2024.05.10 22:30:00	215.4	nan	265.5	nan	2	US	USD
840520005	CFTC S&P 500 Non-Commercial Net Positions	2024.05.10 22:30:00	-9.7	nan	43.1	nan	2	US	USD
840520011	CFTC Nasdaq 100 Non-Commercial Net Positions	2024.05.10 22:30:00	4.4	nan	2.8	nan	2	US	USD
840030002	Core PPI m/m	2024.05.14 15:30:00	0.5	0.2	0.2	-0.1	2	US	USD
840030008	Core CPI y/y	2024.05.15 15:30:00	3.6	3.6	3.8	nan	2	US	USD
840020012	Retail Control m/m	2024.05.15 15:30:00	-0.3	0.4	1.1	1.0	2	US	USD
840230001	NY Fed Empire State Manufacturing Index	2024.05.15 15:30:00	-15.6	-6.9	-14.3	nan	2	US	USD
840020007	Business Inventories m/m	2024.05.15 17:00:00	-0.1	0.1	0.4	0.3	2	US	USD
840020027	Retail Inventories m/m	2024.05.15 17:00:00	0.2	0.3	0.3	nan	2	US	USD
840020028	Retail Inventories excl. Autos m/m	2024.05.15 17:00:00	-0.2	nan	-0.1	nan	2	US	USD
840200002	EIA Cushing Crude Oil Stocks Change	2024.05.15 17:30:00	-0.341	0.941	1.88	nan	2	US	USD
840220001	TIC Net Long-Term Transactions	2024.05.15 23:00:00	100.5	65.1	71.5	62.9	2	US	USD
840030011	Import Price Index m/m	2024.05.16 15:30:00	0.9	0.0	0.4	0.6	2	US	USD
840030013	Export Price Index m/m	2024.05.16 15:30:00	0.5	-0.8	0.3	0.1	2	US	USD
840070002	Philadelphia Fed Employment	2024.05.16 15:30:00	-7.9	-14.3	-10.7	nan	2	US	USD
840020004	Housing Starts	2024.05.16 15:30:00	1.36	1.426	1.321	1.287	2	US	USD
840020005	Building Permits	2024.05.16 15:30:00	1.44	1.489	1.458	1.485	2	US	USD
840020015	Housing Starts m/m	2024.05.16 15:30:00	5.7	3.5	-14.7	-16.8	2	US	USD
840140002	Continuing Jobless Claims	2024.05.16 15:30:00	1.794	1.768	1.785	1.781	2	US	USD
840050011	Fed Industrial Production m/m	2024.05.16 16:15:00	0.0	0.0	0.4	0.1	2	US	USD
840050026	Fed Industrial Production y/y	2024.05.16 16:15:00	-0.4	0.4	0.0	nan	2	US	USD
840180001	CB Leading Economic Index m/m	2024.05.17 17:00:00	-0.6	-0.4	-0.3	nan	2	US	USD
840100001	Baker Hughes US Oil Rig Count	2024.05.17 20:00:00	497.0	nan	496.0	496.0	2	US	USD
840100002	Baker Hughes US Total Rig Count	2024.05.17 20:00:00	604.0	nan	603.0	603.0	2	US	USD
840520003	CFTC Gold Non-Commercial Net Positions	2024.05.17 22:30:00	204.5	nan	199.6	nan	2	US	USD
840520004	CFTC Crude Oil Non-Commercial Net Positions	2024.05.17 22:30:00	203.0	nan	215.4	nan	2	US	USD
840520005	CFTC S&P 500 Non-Commercial Net Positions	2024.05.17 22:30:00	-25.3	nan	-9.7	nan	2	US	USD
840520011	CFTC Nasdaq 100 Non-Commercial Net Positions	2024.05.17 22:30:00	3.2	nan	4.4	nan	2	US	USD
840120002	Existing Home Sales m/m	2024.05.22 17:00:00	-1.9	-1.7	-4.3	-3.7	2	US	USD
840200002	EIA Cushing Crude Oil Stocks Change	2024.05.22 17:30:00	1.325	0.136	-0.341	nan	2	US	USD
840220019	20-Year Bond Auction	2024.05.22 20:00:00	4.635	nan	4.818	nan	2	US	USD
840140002	Continuing Jobless Claims	2024.05.23 15:30:00	1.794	1.772	1.794	1.786	2	US	USD
840020009	New Home Sales m/m	2024.05.23 17:00:00	-4.7	-1.8	8.8	5.4	2	US	USD
840220017	10-Year TIPS Auction	2024.05.23 20:00:00	2.184	nan	1.932	nan	2	US	USD
840020014	Core Durable Goods Orders m/m	2024.05.24 15:30:00	0.4	0.3	0.2	0.0	2	US	USD
840210001	Michigan Consumer Sentiment	2024.05.24 17:00:00	69.1	67.4	67.4	nan	2	US	USD
840210002	Michigan Consumer Expectations	2024.05.24 17:00:00	68.8	66.5	66.5	nan	2	US	USD
840210004	Michigan Inflation Expectations	2024.05.24 17:00:00	3.3	3.5	3.5	nan	2	US	USD
840210005	Michigan 5-Year Inflation Expectations	2024.05.24 17:00:00	3.0	3.1	3.1	nan	2	US	USD
840100001	Baker Hughes US Oil Rig Count	2024.05.24 20:00:00	497.0	nan	497.0	nan	2	US	USD
840100002	Baker Hughes US Total Rig Count	2024.05.24 20:00:00	600.0	nan	604.0	nan	2	US	USD
840520003	CFTC Gold Non-Commercial Net Positions	2024.05.24 22:30:00	229.8	nan	204.5	nan	2	US	USD
840520004	CFTC Crude Oil Non-Commercial Net Positions	2024.05.24 22:30:00	219.3	nan	203.0	nan	2	US	USD
840520005	CFTC S&P 500 Non-Commercial Net Positions	2024.05.24 22:30:00	-22.8	nan	-25.3	nan	2	US	USD
840520011	CFTC Nasdaq 100 Non-Commercial Net Positions	2024.05.24 22:30:00	4.7	nan	3.2	nan	2	US	USD
840170001	S&P/CS HPI Composite-20 y/y	2024.05.28 16:00:00	7.4	7.8	7.3	nan	2	US	USD
840170002	S&P/CS HPI Composite-20 n.s.a. m/m	2024.05.28 16:00:00	1.6	1.5	0.9	nan	2	US	USD
840220010	2-Year Note Auction	2024.05.28 18:30:00	4.917	nan	4.898	nan	2	US	USD
840220012	5-Year Note Auction	2024.05.28 20:00:00	4.553	nan	4.659	nan	2	US	USD
840220013	7-Year Note Auction	2024.05.29 20:00:00	4.65	nan	4.716	nan	2	US	USD
840020019	Goods Trade Balance	2024.05.30 15:30:00	-99.407	-91.788	-91.831	-92.291	2	US	USD
840020027	Retail Inventories m/m	2024.05.30 15:30:00	0.7	0.0	0.2	0.1	2	US	USD
840020028	Retail Inventories excl. Autos m/m	2024.05.30 15:30:00	0.3	nan	-0.2	-0.4	2	US	USD
840010016	Real PCE q/q	2024.05.30 15:30:00	2.0	2.5	2.5	nan	2	US	USD
840140002	Continuing Jobless Claims	2024.05.30 15:30:00	1.791	1.775	1.794	1.787	2	US	USD
840120003	Pending Home Sales m/m	2024.05.30 17:00:00	-7.7	0.8	3.4	3.6	2	US	USD
840200002	EIA Cushing Crude Oil Stocks Change	2024.05.30 18:00:00	-1.766	0.112	1.325	nan	2	US	USD
840010003	PCE Price Index m/m	2024.05.31 15:30:00	0.3	0.2	0.3	nan	2	US	USD
840010004	PCE Price Index y/y	2024.05.31 15:30:00	2.7	3.3	2.7	nan	2	US	USD
840010005	Personal Spending m/m	2024.05.31 15:30:00	0.2	0.5	0.8	0.7	2	US	USD
840100001	Baker Hughes US Oil Rig Count	2024.05.31 20:00:00	496.0	nan	497.0	nan	2	US	USD
840100002	Baker Hughes US Total Rig Count	2024.05.31 20:00:00	600.0	nan	600.0	nan	2	US	USD
840520003	CFTC Gold Non-Commercial Net Positions	2024.05.31 22:30:00	236.6	nan	229.8	nan	2	US	USD
840520004	CFTC Crude Oil Non-Commercial Net Positions	2024.05.31 22:30:00	243.9	nan	219.3	nan	2	US	USD
840520005	CFTC S&P 500 Non-Commercial Net Positions	2024.05.31 22:30:00	-2.2	nan	-22.8	nan	2	US	USD
840520011	CFTC Nasdaq 100 Non-Commercial Net Positions	2024.05.31 22:30:00	-3.7	nan	4.7	nan	2	US	USD
840040004	ISM Manufacturing Employment	2024.06.03 17:00:00	51.1	46.5	48.6	nan	2	US	USD
840020002	Construction Spending m/m	2024.06.03 17:00:00	-0.1	-0.4	-0.2	nan	2	US	USD
840020003	Factory Orders m/m	2024.06.04 17:00:00	0.7	-1.2	1.6	0.7	2	US	USD
840500003	S&P Global Composite PMI	2024.06.05 16:45:00	54.5	51.3	51.3	nan	2	US	USD
840040005	ISM Non-Manufacturing Employment	2024.06.05 17:00:00	47.1	50.0	45.9	nan	2	US	USD
840200002	EIA Cushing Crude Oil Stocks Change	2024.06.05 17:30:00	0.854	0.299	-1.766	nan	2	US	USD
840030028	Nonfarm Productivity q/q	2024.06.06 15:30:00	0.2	0.3	0.3	nan	2	US	USD
840030029	Unit Labor Costs q/q	2024.06.06 15:30:00	4.0	4.7	4.7	nan	2	US	USD
840020001	Trade Balance	2024.06.06 15:30:00	-74.558	-69.261	-69.372	-68.582	2	US	USD
840020023	Exports	2024.06.06 15:30:00	263.666	nan	257.62	261.607	2	US	USD
840020024	Imports	2024.06.06 15:30:00	338.225	nan	326.992	330.188	2	US	USD
840140002	Continuing Jobless Claims	2024.06.06 15:30:00	1.792	1.803	1.791	1.79	2	US	USD
840030017	Participation Rate	2024.06.07 15:30:00	62.5	62.8	62.7	62.7	2	US	USD
840030019	Average Hourly Earnings y/y	2024.06.07 15:30:00	4.1	3.8	3.9	nan	2	US	USD
840030023	Private Nonfarm Payrolls	2024.06.07 15:30:00	229.0	175.0	167.0	158.0	2	US	USD
840030024	U6 Unemployment Rate	2024.06.07 15:30:00	7.4	7.3	7.4	7.4	2	US	USD
840100001	Baker Hughes US Oil Rig Count	2024.06.07 20:00:00	492.0	nan	496.0	nan	2	US	USD
840100002	Baker Hughes US Total Rig Count	2024.06.07 20:00:00	594.0	nan	600.0	nan	2	US	USD
840050013	Fed Consumer Credit m/m	2024.06.07 22:00:00	6.4	1.95	6.27	-1.1	2	US	USD
840520003	CFTC Gold Non-Commercial Net Positions	2024.06.07 22:30:00	237.3	nan	236.6	nan	2	US	USD
840520004	CFTC Crude Oil Non-Commercial Net Positions	2024.06.07 22:30:00	210.7	nan	243.9	nan	2	US	USD
840520005	CFTC S&P 500 Non-Commercial Net Positions	2024.06.07 22:30:00	-65.0	nan	-2.2	nan	2	US	USD
840520011	CFTC Nasdaq 100 Non-Commercial Net Positions	2024.06.07 22:30:00	2.0	nan	-3.7	nan	2	US	USD
840220011	3-Year Note Auction	2024.06.10 20:00:00	4.659	nan	4.605	nan	2	US	USD
840030008	Core CPI y/y	2024.06.12 15:30:00	3.4	3.6	3.6	nan	2	US	USD
840200002	EIA Cushing Crude Oil Stocks Change	2024.06.12 17:30:00	-1.593	0.321	0.854	nan	2	US	USD
840150001	Federal Budget Balance	2024.06.12 21:00:00	-347.1	160.0	209.5	nan	2	US	USD
840030002	Core PPI m/m	2024.06.13 15:30:00	0.0	0.2	0.5	nan	2	US	USD
840140002	Continuing Jobless Claims	2024.06.13 15:30:00	1.82	1.73	1.792	1.79	2	US	USD
840030011	Import Price Index m/m	2024.06.14 15:30:00	-0.4	0.0	0.9	nan	2	US	USD
840030013	Export Price Index m/m	2024.06.14 15:30:00	-0.6	0.6	0.5	0.6	2	US	USD
840210001	Michigan Consumer Sentiment	2024.06.14 17:00:00	65.6	68.8	69.1	nan	2	US	USD
840210002	Michigan Consumer Expectations	2024.06.14 17:00:00	67.6	68.7	68.8	nan	2	US	USD
840210004	Michigan Inflation Expectations	2024.06.14 17:00:00	3.3	2.8	3.3	nan	2	US	USD
840210005	Michigan 5-Year Inflation Expectations	2024.06.14 17:00:00	3.1	2.8	3.0	nan	2	US	USD
840100001	Baker Hughes US Oil Rig Count	2024.06.14 20:00:00	488.0	nan	492.0	nan	2	US	USD
840100002	Baker Hughes US Total Rig Count	2024.06.14 20:00:00	590.0	nan	594.0	nan	2	US	USD
840520003	CFTC Gold Non-Commercial Net Positions	2024.06.14 22:30:00	233.9	nan	237.3	nan	2	US	USD
840520004	CFTC Crude Oil Non-Commercial Net Positions	2024.06.14 22:30:00	233.5	nan	210.7	nan	2	US	USD
840520005	CFTC S&P 500 Non-Commercial Net Positions	2024.06.14 22:30:00	-111.4	nan	-65.0	nan	2	US	USD
840520011	CFTC Nasdaq 100 Non-Commercial Net Positions	2024.06.14 22:30:00	-8.0	nan	2.0	nan	2	US	USD
840230001	NY Fed Empire State Manufacturing Index	2024.06.17 15:30:00	-6.0	-7.6	-15.6	nan	2	US	USD
840020012	Retail Control m/m	2024.06.18 15:30:00	0.4	0.3	-0.3	-0.5	2	US	USD
840050011	Fed Industrial Production m/m	2024.06.18 16:15:00	0.9	-0.2	0.0	nan	2	US	USD
840050026	Fed Industrial Production y/y	2024.06.18 16:15:00	0.4	0.0	-0.4	nan	2	US	USD
840020007	Business Inventories m/m	2024.06.18 17:00:00	0.3	0.1	-0.1	nan	2	US	USD
840020027	Retail Inventories m/m	2024.06.18 17:00:00	0.7	0.7	0.7	nan	2	US	USD
840020028	Retail Inventories excl. Autos m/m	2024.06.18 17:00:00	0.3	nan	0.3	nan	2	US	USD
840220019	20-Year Bond Auction	2024.06.18 20:00:00	4.452	nan	4.635	nan	2	US	USD
840220001	TIC Net Long-Term Transactions	2024.06.18 23:00:00	123.1	77.2	100.5	102.6	2	US	USD
840200002	EIA Cushing Crude Oil Stocks Change	2024.06.20 05:30:00	0.307	nan	-1.593	-1.593	2	US	USD
840070002	Philadelphia Fed Employment	2024.06.20 15:30:00	-2.5	-6.7	-7.9	nan	2	US	USD
840020004	Housing Starts	2024.06.20 15:30:00	1.277	1.425	1.36	1.352	2	US	USD
840020005	Building Permits	2024.06.20 15:30:00	1.386	1.479	1.44	nan	2	US	USD
840020015	Housing Starts m/m	2024.06.20 15:30:00	-5.5	4.9	5.7	4.1	2	US	USD
840010015	Current Account	2024.06.20 15:30:00	-237.645	-198.201	-194.81	-221.784	2	US	USD
840140002	Continuing Jobless Claims	2024.06.20 15:30:00	1.828	1.8	1.82	1.813	2	US	USD
840220016	5-Year TIPS Auction	2024.06.20 20:00:00	2.05	nan	2.242	nan	2	US	USD
840120002	Existing Home Sales m/m	2024.06.21 17:00:00	-0.7	0.5	-1.9	nan	2	US	USD
840180001	CB Leading Economic Index m/m	2024.06.21 17:00:00	-0.5	-0.2	-0.6	nan	2	US	USD
840100001	Baker Hughes US Oil Rig Count	2024.06.21 20:00:00	485.0	nan	488.0	nan	2	US	USD
840100002	Baker Hughes US Total Rig Count	2024.06.21 20:00:00	588.0	nan	590.0	nan	2	US	USD
840520003	CFTC Gold Non-Commercial Net Positions	2024.06.24 22:30:00	243.1	nan	233.9	nan	2	US	USD
840520004	CFTC Crude Oil Non-Commercial Net Positions	2024.06.24 22:30:00	246.8	nan	233.5	nan	2	US	USD
840520005	CFTC S&P 500 Non-Commercial Net Positions	2024.06.24 22:30:00	-114.1	nan	-111.4	nan	2	US	USD
840520011	CFTC Nasdaq 100 Non-Commercial Net Positions	2024.06.24 22:30:00	-3.8	nan	-8.0	nan	2	US	USD
840170001	S&P/CS HPI Composite-20 y/y	2024.06.25 16:00:00	7.2	6.8	7.4	nan	2	US	USD
840170002	S&P/CS HPI Composite-20 n.s.a. m/m	2024.06.25 16:00:00	1.4	2.0	1.6	1.6	2	US	USD
840220010	2-Year Note Auction	2024.06.25 20:00:00	4.706	nan	4.917	nan	2	US	USD
840200002	EIA Cushing Crude Oil Stocks Change	2024.06.26 05:30:00	-0.226	nan	0.307	0.307	2	US	USD
840020009	New Home Sales m/m	2024.06.26 17:00:00	-11.3	1.3	-4.7	2.0	2	US	USD
840220012	5-Year Note Auction	2024.06.26 20:00:00	4.331	nan	4.553	nan	2	US	USD
840020014	Core Durable Goods Orders m/m	2024.06.27 15:30:00	-0.1	0.2	0.4	nan	2	US	USD
840020019	Goods Trade Balance	2024.06.27 15:30:00	-100.617	-97.628	-99.407	-97.954	2	US	USD
840020027	Retail Inventories m/m	2024.06.27 15:30:00	0.7	0.6	0.7	nan	2	US	USD
840020028	Retail Inventories excl. Autos m/m	2024.06.27 15:30:00	0.0	nan	0.3	0.2	2	US	USD
840010016	Real PCE q/q	2024.06.27 15:30:00	1.5	2.0	2.0	nan	2	US	USD
840140002	Continuing Jobless Claims	2024.06.27 15:30:00	1.839	1.831	1.828	1.821	2	US	USD
840120003	Pending Home Sales m/m	2024.06.27 17:00:00	-2.1	1.6	-7.7	nan	2	US	USD
840220013	7-Year Note Auction	2024.06.27 20:00:00	4.276	nan	4.65	nan	2	US	USD
840010003	PCE Price Index m/m	2024.06.28 15:30:00	0.0	0.4	0.3	nan	2	US	USD
840010004	PCE Price Index y/y	2024.06.28 15:30:00	2.6	3.4	2.7	nan	2	US	USD
840010005	Personal Spending m/m	2024.06.28 15:30:00	0.2	0.4	0.2	0.1	2	US	USD
840210001	Michigan Consumer Sentiment	2024.06.28 17:00:00	68.2	65.6	65.6	nan	2	US	USD
840210002	Michigan Consumer Expectations	2024.06.28 17:00:00	69.6	67.6	67.6	nan	2	US	USD
840210004	Michigan Inflation Expectations	2024.06.28 17:00:00	3.0	3.3	3.3	nan	2	US	USD
840210005	Michigan 5-Year Inflation Expectations	2024.06.28 17:00:00	3.0	3.1	3.1	nan	2	US	USD
840100001	Baker Hughes US Oil Rig Count	2024.06.28 20:00:00	479.0	nan	485.0	nan	2	US	USD
840100002	Baker Hughes US Total Rig Count	2024.06.28 20:00:00	581.0	nan	588.0	nan	2	US	USD
840520003	CFTC Gold Non-Commercial Net Positions	2024.06.28 22:30:00	246.2	nan	243.1	nan	2	US	USD
840520004	CFTC Crude Oil Non-Commercial Net Positions	2024.06.28 22:30:00	271.2	nan	246.8	nan	2	US	USD
840520005	CFTC S&P 500 Non-Commercial Net Positions	2024.06.28 22:30:00	-65.2	nan	-114.1	nan	2	US	USD
840520011	CFTC Nasdaq 100 Non-Commercial Net Positions	2024.06.28 22:30:00	7.4	nan	-3.8	nan	2	US	USD
840040004	ISM Manufacturing Employment	2024.07.01 17:00:00	49.3	51.4	51.1	nan	2	US	USD
840020002	Construction Spending m/m	2024.07.01 17:00:00	-0.1	-0.3	-0.1	0.3	2	US	USD
840200002	EIA Cushing Crude Oil Stocks Change	2024.07.03 05:30:00	0.345	nan	-0.226	-0.226	2	US	USD
840020001	Trade Balance	2024.07.03 15:30:00	-75.071	-64.331	-74.558	-74.462	2	US	USD
840020023	Exports	2024.07.03 15:30:00	261.661	nan	263.666	263.443	2	US	USD
840020024	Imports	2024.07.03 15:30:00	336.732	nan	338.225	337.905	2	US	USD
840140002	Continuing Jobless Claims	2024.07.03 15:30:00	1.858	1.817	1.839	1.832	2	US	USD
840500003	S&P Global Composite PMI	2024.07.03 16:45:00	54.8	52.7	54.5	nan	2	US	USD
840040005	ISM Non-Manufacturing Employment	2024.07.03 17:00:00	46.1	47.3	47.1	nan	2	US	USD
840020003	Factory Orders m/m	2024.07.03 17:00:00	-0.5	0.8	0.7	0.4	2	US	USD
840030017	Participation Rate	2024.07.05 15:30:00	62.6	62.6	62.5	nan	2	US	USD
840030019	Average Hourly Earnings y/y	2024.07.05 15:30:00	3.9	4.3	4.1	nan	2	US	USD
840030023	Private Nonfarm Payrolls	2024.07.05 15:30:00	136.0	218.0	229.0	193.0	2	US	USD
840030024	U6 Unemployment Rate	2024.07.05 15:30:00	7.4	7.4	7.4	nan	2	US	USD
840100001	Baker Hughes US Oil Rig Count	2024.07.05 20:00:00	479.0	nan	479.0	nan	2	US	USD
840100002	Baker Hughes US Total Rig Count	2024.07.05 20:00:00	585.0	nan	581.0	nan	2	US	USD
840050013	Fed Consumer Credit m/m	2024.07.08 22:00:00	11.35	3.22	6.4	6.49	2	US	USD
840520003	CFTC Gold Non-Commercial Net Positions	2024.07.08 22:30:00	241.5	nan	246.2	nan	2	US	USD
840520004	CFTC Crude Oil Non-Commercial Net Positions	2024.07.08 22:30:00	279.9	nan	271.2	nan	2	US	USD
840520005	CFTC S&P 500 Non-Commercial Net Positions	2024.07.08 22:30:00	-11.8	nan	-65.2	nan	2	US	USD
840520011	CFTC Nasdaq 100 Non-Commercial Net Positions	2024.07.08 22:30:00	10.8	nan	7.4	nan	2	US	USD
840220011	3-Year Note Auction	2024.07.09 20:00:00	4.399	nan	4.659	nan	2	US	USD
840200002	EIA Cushing Crude Oil Stocks Change	2024.07.10 05:30:00	-0.702	nan	0.345	0.345	2	US	USD
840030008	Core CPI y/y	2024.07.11 15:30:00	3.3	3.4	3.4	nan	2	US	USD
840140002	Continuing Jobless Claims	2024.07.11 15:30:00	1.852	1.873	1.858	1.856	2	US	USD
840150001	Federal Budget Balance	2024.07.11 21:00:00	-66.0	-327.9	-347.1	nan	2	US	USD
840030002	Core PPI m/m	2024.07.12 15:30:00	0.4	0.2	0.0	0.3	2	US	USD
840210001	Michigan Consumer Sentiment	2024.07.12 17:00:00	66.0	72.9	68.2	nan	2	US	USD
840210002	Michigan Consumer Expectations	2024.07.12 17:00:00	67.2	75.9	69.6	nan	2	US	USD
840210004	Michigan Inflation Expectations	2024.07.12 17:00:00	2.9	2.5	3.0	nan	2	US	USD
840210005	Michigan 5-Year Inflation Expectations	2024.07.12 17:00:00	2.9	3.1	3.0	nan	2	US	USD
840100001	Baker Hughes US Oil Rig Count	2024.07.12 20:00:00	478.0	nan	479.0	nan	2	US	USD
840100002	Baker Hughes US Total Rig Count	2024.07.12 20:00:00	584.0	nan	585.0	nan	2	US	USD
840520003	CFTC Gold Non-Commercial Net Positions	2024.07.12 22:30:00	254.8	nan	241.5	nan	2	US	USD
840520004	CFTC Crude Oil Non-Commercial Net Positions	2024.07.12 22:30:00	283.9	nan	279.9	nan	2	US	USD
840520005	CFTC S&P 500 Non-Commercial Net Positions	2024.07.12 22:30:00	-55.0	nan	-11.8	nan	2	US	USD
840520011	CFTC Nasdaq 100 Non-Commercial Net Positions	2024.07.12 22:30:00	5.2	nan	10.8	nan	2	US	USD
840230001	NY Fed Empire State Manufacturing Index	2024.07.15 15:30:00	-6.6	-7.5	-6.0	nan	2	US	USD
840030011	Import Price Index m/m	2024.07.16 15:30:00	0.0	0.0	-0.4	-0.2	2	US	USD
840030013	Export Price Index m/m	2024.07.16 15:30:00	-0.5	0.1	-0.6	-0.7	2	US	USD
840020012	Retail Control m/m	2024.07.16 15:30:00	0.9	-0.2	0.4	nan	2	US	USD
840020007	Business Inventories m/m	2024.07.16 17:00:00	0.5	0.1	0.3	nan	2	US	USD
840020027	Retail Inventories m/m	2024.07.16 17:00:00	0.6	0.7	0.7	nan	2	US	USD
840020028	Retail Inventories excl. Autos m/m	2024.07.16 17:00:00	0.0	nan	0.0	nan	2	US	USD
840200002	EIA Cushing Crude Oil Stocks Change	2024.07.17 05:30:00	-0.875	nan	-0.702	-0.702	2	US	USD
840020004	Housing Starts	2024.07.17 15:30:00	1.353	1.421	1.277	1.314	2	US	USD
840020005	Building Permits	2024.07.17 15:30:00	1.446	1.443	1.386	1.399	2	US	USD
840020015	Housing Starts m/m	2024.07.17 15:30:00	3.0	-8.0	-5.5	-4.6	2	US	USD
840050011	Fed Industrial Production m/m	2024.07.17 16:15:00	0.6	0.6	0.9	nan	2	US	USD
840050026	Fed Industrial Production y/y	2024.07.17 16:15:00	1.6	0.9	0.4	nan	2	US	USD
840220019	20-Year Bond Auction	2024.07.17 20:00:00	4.466	nan	4.452	nan	2	US	USD
840070002	Philadelphia Fed Employment	2024.07.18 15:30:00	15.2	-7.6	-2.5	nan	2	US	USD
840140002	Continuing Jobless Claims	2024.07.18 15:30:00	1.867	1.866	1.852	1.847	2	US	USD
840180001	CB Leading Economic Index m/m	2024.07.18 17:00:00	-0.2	-0.2	-0.5	nan	2	US	USD
840220017	10-Year TIPS Auction	2024.07.18 20:00:00	1.883	nan	2.184	nan	2	US	USD
840220001	TIC Net Long-Term Transactions	2024.07.18 23:00:00	-54.6	63.7	123.1	123.3	2	US	USD
840100001	Baker Hughes US Oil Rig Count	2024.07.19 20:00:00	477.0	nan	478.0	nan	2	US	USD
840100002	Baker Hughes US Total Rig Count	2024.07.19 20:00:00	586.0	nan	584.0	nan	2	US	USD
840520003	CFTC Gold Non-Commercial Net Positions	2024.07.19 22:30:00	285.0	nan	254.8	nan	2	US	USD
840520004	CFTC Crude Oil Non-Commercial Net Positions	2024.07.19 22:30:00	287.6	nan	283.9	nan	2	US	USD
840520005	CFTC S&P 500 Non-Commercial Net Positions	2024.07.19 22:30:00	-65.4	nan	-55.0	nan	2	US	USD
840520011	CFTC Nasdaq 100 Non-Commercial Net Positions	2024.07.19 22:30:00	5.7	nan	5.2	nan	2	US	USD
840120002	Existing Home Sales m/m	2024.07.23 17:00:00	-5.4	-2.8	-0.7	nan	2	US	USD
840220010	2-Year Note Auction	2024.07.23 20:00:00	4.434	nan	4.706	nan	2	US	USD
840200002	EIA Cushing Crude Oil Stocks Change	2024.07.24 05:30:00	-1.708	nan	-0.875	-0.875	2	US	USD
840020019	Goods Trade Balance	2024.07.24 15:30:00	-96.84	-98.542	-100.617	-99.369	2	US	USD
840020027	Retail Inventories m/m	2024.07.24 15:30:00	0.7	0.2	0.6	nan	2	US	USD
840020028	Retail Inventories excl. Autos m/m	2024.07.24 15:30:00	0.2	nan	0.0	-0.1	2	US	USD
840020009	New Home Sales m/m	2024.07.24 17:00:00	-0.6	10.7	-11.3	-14.9	2	US	USD
840220012	5-Year Note Auction	2024.07.24 20:00:00	4.121	nan	4.331	nan	2	US	USD
840020014	Core Durable Goods Orders m/m	2024.07.25 15:30:00	0.5	0.3	-0.1	nan	2	US	USD
840010016	Real PCE q/q	2024.07.25 15:30:00	2.3	1.7	1.5	nan	2	US	USD
840140002	Continuing Jobless Claims	2024.07.25 15:30:00	1.851	1.878	1.867	1.86	2	US	USD
840220013	7-Year Note Auction	2024.07.25 20:00:00	4.162	nan	4.276	nan	2	US	USD
840010003	PCE Price Index m/m	2024.07.26 15:30:00	0.1	0.2	0.0	nan	2	US	USD
840010004	PCE Price Index y/y	2024.07.26 15:30:00	2.5	1.5	2.6	nan	2	US	USD
840010005	Personal Spending m/m	2024.07.26 15:30:00	0.3	0.4	0.2	0.4	2	US	USD
840210001	Michigan Consumer Sentiment	2024.07.26 17:00:00	66.4	66.0	66.0	nan	2	US	USD
840210002	Michigan Consumer Expectations	2024.07.26 17:00:00	68.8	67.2	67.2	nan	2	US	USD
840210004	Michigan Inflation Expectations	2024.07.26 17:00:00	2.9	2.9	2.9	nan	2	US	USD
840210005	Michigan 5-Year Inflation Expectations	2024.07.26 17:00:00	3.0	2.9	2.9	nan	2	US	USD
840100001	Baker Hughes US Oil Rig Count	2024.07.26 20:00:00	482.0	nan	477.0	nan	2	US	USD
840100002	Baker Hughes US Total Rig Count	2024.07.26 20:00:00	589.0	nan	586.0	nan	2	US	USD
840520003	CFTC Gold Non-Commercial Net Positions	2024.07.26 22:30:00	273.1	nan	285.0	nan	2	US	USD
840520004	CFTC Crude Oil Non-Commercial Net Positions	2024.07.26 22:30:00	276.0	nan	287.6	nan	2	US	USD
840520005	CFTC S&P 500 Non-Commercial Net Positions	2024.07.26 22:30:00	-13.2	nan	-65.4	nan	2	US	USD
840520011	CFTC Nasdaq 100 Non-Commercial Net Positions	2024.07.26 22:30:00	-0.6	nan	5.7	nan	2	US	USD
840170001	S&P/CS HPI Composite-20 y/y	2024.07.30 16:00:00	6.8	6.8	7.2	nan	2	US	USD
840170002	S&P/CS HPI Composite-20 n.s.a. m/m	2024.07.30 16:00:00	1.0	0.7	1.4	nan	2	US	USD
840200002	EIA Cushing Crude Oil Stocks Change	2024.07.31 05:30:00	-1.106	nan	-1.708	-1.708	2	US	USD
840030025	Employment Cost Index q/q	2024.07.31 15:30:00	0.9	1.1	1.2	nan	2	US	USD
840120003	Pending Home Sales m/m	2024.07.31 17:00:00	4.8	2.2	-2.1	-1.9	2	US	USD
840030028	Nonfarm Productivity q/q	2024.08.01 15:30:00	2.3	3.9	0.2	0.4	2	US	USD
840030029	Unit Labor Costs q/q	2024.08.01 15:30:00	0.9	2.8	4.0	3.8	2	US	USD
840140002	Continuing Jobless Claims	2024.08.01 15:30:00	1.877	1.848	1.851	1.844	2	US	USD
840040004	ISM Manufacturing Employment	2024.08.01 17:00:00	43.4	46.6	49.3	nan	2	US	USD
840020002	Construction Spending m/m	2024.08.01 17:00:00	-0.3	-0.2	-0.1	-0.4	2	US	USD
840030017	Participation Rate	2024.08.02 15:30:00	62.7	62.5	62.6	nan	2	US	USD
840030019	Average Hourly Earnings y/y	2024.08.02 15:30:00	3.6	4.1	3.9	nan	2	US	USD
840030023	Private Nonfarm Payrolls	2024.08.02 15:30:00	97.0	175.0	136.0	nan	2	US	USD
840030024	U6 Unemployment Rate	2024.08.02 15:30:00	7.8	7.4	7.4	nan	2	US	USD
840020003	Factory Orders m/m	2024.08.02 17:00:00	-3.3	0.8	-0.5	nan	2	US	USD
840100001	Baker Hughes US Oil Rig Count	2024.08.02 20:00:00	482.0	nan	482.0	nan	2	US	USD
840100002	Baker Hughes US Total Rig Count	2024.08.02 20:00:00	586.0	nan	589.0	nan	2	US	USD
840520003	CFTC Gold Non-Commercial Net Positions	2024.08.02 22:30:00	246.6	nan	273.1	nan	2	US	USD
840520004	CFTC Crude Oil Non-Commercial Net Positions	2024.08.02 22:30:00	245.5	nan	276.0	nan	2	US	USD
840520005	CFTC S&P 500 Non-Commercial Net Positions	2024.08.02 22:30:00	12.0	nan	-13.2	nan	2	US	USD
840520011	CFTC Nasdaq 100 Non-Commercial Net Positions	2024.08.02 22:30:00	2.4	nan	-0.6	nan	2	US	USD
840500003	S&P Global Composite PMI	2024.08.05 16:45:00	54.3	53.2	54.8	nan	2	US	USD
840040005	ISM Non-Manufacturing Employment	2024.08.05 17:00:00	51.1	47.0	46.1	nan	2	US	USD
840020001	Trade Balance	2024.08.06 15:30:00	-73.109	-74.25	-75.071	-75.006	2	US	USD
840020023	Exports	2024.08.06 15:30:00	265.938	nan	261.661	262.006	2	US	USD
840020024	Imports	2024.08.06 15:30:00	339.047	nan	336.732	337.012	2	US	USD
840220011	3-Year Note Auction	2024.08.06 20:00:00	3.81	nan	4.399	nan	2	US	USD
840200002	EIA Cushing Crude Oil Stocks Change	2024.08.07 17:30:00	0.579	-0.151	-1.106	nan	2	US	USD
840050013	Fed Consumer Credit m/m	2024.08.07 22:00:00	8.93	11.24	11.35	13.95	2	US	USD
840140002	Continuing Jobless Claims	2024.08.08 15:30:00	1.875	1.878	1.877	1.869	2	US	USD
840100001	Baker Hughes US Oil Rig Count	2024.08.09 20:00:00	485.0	nan	482.0	nan	2	US	USD
840100002	Baker Hughes US Total Rig Count	2024.08.09 20:00:00	588.0	nan	586.0	nan	2	US	USD
840520003	CFTC Gold Non-Commercial Net Positions	2024.08.09 22:30:00	238.7	nan	246.6	nan	2	US	USD
840520004	CFTC Crude Oil Non-Commercial Net Positions	2024.08.09 22:30:00	222.3	nan	245.5	nan	2	US	USD
840520005	CFTC S&P 500 Non-Commercial Net Positions	2024.08.09 22:30:00	34.0	nan	12.0	nan	2	US	USD
840520011	CFTC Nasdaq 100 Non-Commercial Net Positions	2024.08.09 22:30:00	12.6	nan	2.4	nan	2	US	USD
840150001	Federal Budget Balance	2024.08.12 21:00:00	-243.7	29.0	-66.0	-71.0	2	US	USD
840030002	Core PPI m/m	2024.08.13 15:30:00	0.0	0.2	0.4	0.3	2	US	USD
840030008	Core CPI y/y	2024.08.14 15:30:00	3.2	3.2	3.3	nan	2	US	USD
840200002	EIA Cushing Crude Oil Stocks Change	2024.08.14 17:30:00	-1.665	-0.124	0.579	nan	2	US	USD
840030011	Import Price Index m/m	2024.08.15 15:30:00	0.1	0.0	0.0	nan	2	US	USD
840030013	Export Price Index m/m	2024.08.15 15:30:00	0.7	0.0	-0.5	-0.3	2	US	USD
840070002	Philadelphia Fed Employment	2024.08.15 15:30:00	-5.7	8.6	15.2	nan	2	US	USD
840020012	Retail Control m/m	2024.08.15 15:30:00	0.3	0.0	0.9	nan	2	US	USD
840230001	NY Fed Empire State Manufacturing Index	2024.08.15 15:30:00	-4.7	-7.8	-6.6	nan	2	US	USD
840140002	Continuing Jobless Claims	2024.08.15 15:30:00	1.864	1.89	1.875	1.871	2	US	USD
840050011	Fed Industrial Production m/m	2024.08.15 16:15:00	-0.6	0.2	0.6	0.3	2	US	USD
840050026	Fed Industrial Production y/y	2024.08.15 16:15:00	-0.2	1.0	1.6	nan	2	US	USD
840020007	Business Inventories m/m	2024.08.15 17:00:00	0.3	0.2	0.5	nan	2	US	USD
840020027	Retail Inventories m/m	2024.08.15 17:00:00	0.9	0.7	0.7	nan	2	US	USD
840020028	Retail Inventories excl. Autos m/m	2024.08.15 17:00:00	0.2	nan	0.2	nan	2	US	USD
840220001	TIC Net Long-Term Transactions	2024.08.15 23:00:00	96.1	-3.7	-54.6	-54.1	2	US	USD
840020004	Housing Starts	2024.08.16 15:30:00	1.238	1.423	1.353	1.329	2	US	USD
840020005	Building Permits	2024.08.16 15:30:00	1.396	1.43	1.446	1.454	2	US	USD
840020015	Housing Starts m/m	2024.08.16 15:30:00	-6.8	2.2	3.0	1.1	2	US	USD
840210001	Michigan Consumer Sentiment	2024.08.16 17:00:00	67.8	66.3	66.4	nan	2	US	USD
840210002	Michigan Consumer Expectations	2024.08.16 17:00:00	72.1	68.7	68.8	nan	2	US	USD
840210004	Michigan Inflation Expectations	2024.08.16 17:00:00	2.9	2.7	2.9	nan	2	US	USD
840210005	Michigan 5-Year Inflation Expectations	2024.08.16 17:00:00	3.0	3.0	3.0	nan	2	US	USD
840100001	Baker Hughes US Oil Rig Count	2024.08.16 20:00:00	483.0	nan	485.0	nan	2	US	USD
840100002	Baker Hughes US Total Rig Count	2024.08.16 20:00:00	586.0	nan	588.0	nan	2	US	USD
840520003	CFTC Gold Non-Commercial Net Positions	2024.08.16 22:30:00	267.3	nan	238.7	nan	2	US	USD
840520004	CFTC Crude Oil Non-Commercial Net Positions	2024.08.16 22:30:00	231.5	nan	222.3	nan	2	US	USD
840520005	CFTC S&P 500 Non-Commercial Net Positions	2024.08.16 22:30:00	-23.5	nan	34.0	nan	2	US	USD
840520011	CFTC Nasdaq 100 Non-Commercial Net Positions	2024.08.16 22:30:00	8.5	nan	12.6	nan	2	US	USD
840180001	CB Leading Economic Index m/m	2024.08.19 17:00:00	-0.6	-0.2	-0.2	nan	2	US	USD
840200002	EIA Cushing Crude Oil Stocks Change	2024.08.21 17:30:00	-0.56	0.043	-1.665	nan	2	US	USD
840220019	20-Year Bond Auction	2024.08.21 20:00:00	4.16	nan	4.466	nan	2	US	USD
840140002	Continuing Jobless Claims	2024.08.22 15:30:00	1.863	1.849	1.864	1.859	2	US	USD
840120002	Existing Home Sales m/m	2024.08.22 17:00:00	1.3	-0.3	-5.4	-5.1	2	US	USD
840220018	30-Year TIPS Auction	2024.08.22 20:00:00	2.055	nan	2.2	nan	2	US	USD
840020009	New Home Sales m/m	2024.08.23 17:00:00	10.6	-7.3	-0.6	0.3	2	US	USD
840100001	Baker Hughes US Oil Rig Count	2024.08.23 20:00:00	483.0	nan	483.0	nan	2	US	USD
840100002	Baker Hughes US Total Rig Count	2024.08.23 20:00:00	585.0	nan	586.0	nan	2	US	USD
840520003	CFTC Gold Non-Commercial Net Positions	2024.08.23 22:30:00	291.3	nan	267.3	nan	2	US	USD
840520004	CFTC Crude Oil Non-Commercial Net Positions	2024.08.23 22:30:00	222.3	nan	231.5	nan	2	US	USD
840520005	CFTC S&P 500 Non-Commercial Net Positions	2024.08.23 22:30:00	-84.8	nan	-23.5	nan	2	US	USD
840520011	CFTC Nasdaq 100 Non-Commercial Net Positions	2024.08.23 22:30:00	11.4	nan	8.5	nan	2	US	USD
840020014	Core Durable Goods Orders m/m	2024.08.26 15:30:00	-0.2	0.2	0.5	0.1	2	US	USD
840170001	S&P/CS HPI Composite-20 y/y	2024.08.27 16:00:00	6.5	6.5	6.8	nan	2	US	USD
840170002	S&P/CS HPI Composite-20 n.s.a. m/m	2024.08.27 16:00:00	0.6	1.1	1.0	nan	2	US	USD
840220010	2-Year Note Auction	2024.08.27 20:00:00	3.874	nan	4.434	nan	2	US	USD
840200002	EIA Cushing Crude Oil Stocks Change	2024.08.28 17:30:00	-0.668	0.075	-0.56	nan	2	US	USD
840220012	5-Year Note Auction	2024.08.28 20:00:00	3.645	nan	4.121	nan	2	US	USD
840020019	Goods Trade Balance	2024.08.29 15:30:00	-102.662	-94.099	-96.84	-96.558	2	US	USD
840020027	Retail Inventories m/m	2024.08.29 15:30:00	0.8	0.8	0.9	nan	2	US	USD
840020028	Retail Inventories excl. Autos m/m	2024.08.29 15:30:00	0.5	nan	0.2	0.3	2	US	USD
840010016	Real PCE q/q	2024.08.29 15:30:00	2.9	2.3	2.3	nan	2	US	USD
840140002	Continuing Jobless Claims	2024.08.29 15:30:00	1.868	1.868	1.863	1.855	2	US	USD
840120003	Pending Home Sales m/m	2024.08.29 17:00:00	-5.5	0.7	4.8	nan	2	US	USD
840220013	7-Year Note Auction	2024.08.29 20:00:00	3.77	nan	4.162	nan	2	US	USD
840010003	PCE Price Index m/m	2024.08.30 15:30:00	0.2	0.1	0.1	nan	2	US	USD
840010004	PCE Price Index y/y	2024.08.30 15:30:00	2.5	2.7	2.5	nan	2	US	USD
840010005	Personal Spending m/m	2024.08.30 15:30:00	0.5	0.2	0.3	nan	2	US	USD
840210001	Michigan Consumer Sentiment	2024.08.30 17:00:00	67.9	67.8	67.8	nan	2	US	USD
840210002	Michigan Consumer Expectations	2024.08.30 17:00:00	72.1	72.1	72.1	nan	2	US	USD
840210004	Michigan Inflation Expectations	2024.08.30 17:00:00	2.8	2.9	2.9	nan	2	US	USD
840210005	Michigan 5-Year Inflation Expectations	2024.08.30 17:00:00	3.0	3.0	3.0	nan	2	US	USD
840100001	Baker Hughes US Oil Rig Count	2024.08.30 20:00:00	483.0	nan	483.0	nan	2	US	USD
840100002	Baker Hughes US Total Rig Count	2024.08.30 20:00:00	583.0	nan	585.0	nan	2	US	USD
840520003	CFTC Gold Non-Commercial Net Positions	2024.08.30 22:30:00	294.4	nan	291.3	nan	2	US	USD
840520004	CFTC Crude Oil Non-Commercial Net Positions	2024.08.30 22:30:00	226.7	nan	222.3	nan	2	US	USD
840520005	CFTC S&P 500 Non-Commercial Net Positions	2024.08.30 22:30:00	-81.9	nan	-84.8	nan	2	US	USD
840520011	CFTC Nasdaq 100 Non-Commercial Net Positions	2024.08.30 22:30:00	21.4	nan	11.4	nan	2	US	USD
840040004	ISM Manufacturing Employment	2024.09.03 17:00:00	46.0	41.8	43.4	nan	2	US	USD
840020002	Construction Spending m/m	2024.09.03 17:00:00	-0.3	-0.3	-0.3	0.0	2	US	USD
840020001	Trade Balance	2024.09.04 15:30:00	-78.791	-73.063	-73.109	-73.016	2	US	USD
840020023	Exports	2024.09.04 15:30:00	266.603	nan	265.938	265.266	2	US	USD
840020024	Imports	2024.09.04 15:30:00	345.394	nan	339.047	338.282	2	US	USD
840020003	Factory Orders m/m	2024.09.04 17:00:00	5.0	-0.3	-3.3	nan	2	US	USD
840030028	Nonfarm Productivity q/q	2024.09.05 15:30:00	2.5	2.3	2.3	nan	2	US	USD
840030029	Unit Labor Costs q/q	2024.09.05 15:30:00	0.4	0.9	0.9	nan	2	US	USD
840140002	Continuing Jobless Claims	2024.09.05 15:30:00	1.838	1.864	1.868	1.86	2	US	USD
840500003	S&P Global Composite PMI	2024.09.05 16:45:00	54.6	53.4	54.3	nan	2	US	USD
840040005	ISM Non-Manufacturing Employment	2024.09.05 17:00:00	50.2	48.2	51.1	nan	2	US	USD
840200002	EIA Cushing Crude Oil Stocks Change	2024.09.05 18:00:00	-1.142	0.152	-0.668	nan	2	US	USD
840030017	Participation Rate	2024.09.06 15:30:00	62.7	62.7	62.7	nan	2	US	USD
840030019	Average Hourly Earnings y/y	2024.09.06 15:30:00	3.8	3.5	3.6	nan	2	US	USD
840030023	Private Nonfarm Payrolls	2024.09.06 15:30:00	118.0	139.0	97.0	74.0	2	US	USD
840030024	U6 Unemployment Rate	2024.09.06 15:30:00	7.9	7.6	7.8	nan	2	US	USD
840100001	Baker Hughes US Oil Rig Count	2024.09.06 20:00:00	483.0	nan	483.0	nan	2	US	USD
840100002	Baker Hughes US Total Rig Count	2024.09.06 20:00:00	582.0	nan	583.0	nan	2	US	USD
840520003	CFTC Gold Non-Commercial Net Positions	2024.09.06 22:30:00	287.6	nan	294.4	nan	2	US	USD
840520004	CFTC Crude Oil Non-Commercial Net Positions	2024.09.06 22:30:00	177.0	nan	226.7	nan	2	US	USD
840520005	CFTC S&P 500 Non-Commercial Net Positions	2024.09.06 22:30:00	-48.8	nan	-81.9	nan	2	US	USD
840520011	CFTC Nasdaq 100 Non-Commercial Net Positions	2024.09.06 22:30:00	26.0	nan	21.4	nan	2	US	USD
840050013	Fed Consumer Credit m/m	2024.09.09 22:00:00	25.45	11.73	8.93	5.23	2	US	USD
840220011	3-Year Note Auction	2024.09.10 20:00:00	3.44	nan	3.81	nan	2	US	USD
840030008	Core CPI y/y	2024.09.11 15:30:00	3.2	3.1	3.2	nan	2	US	USD
840200002	EIA Cushing Crude Oil Stocks Change	2024.09.11 17:30:00	-1.704	-0.729	-1.142	nan	2	US	USD
840030002	Core PPI m/m	2024.09.12 15:30:00	0.3	0.3	0.0	-0.2	2	US	USD
840140002	Continuing Jobless Claims	2024.09.12 15:30:00	1.85	1.843	1.838	1.845	2	US	USD
840150001	Federal Budget Balance	2024.09.12 21:00:00	-380.1	-128.8	-243.7	nan	2	US	USD
840030011	Import Price Index m/m	2024.09.13 15:30:00	-0.3	0.1	0.1	nan	2	US	USD
840030013	Export Price Index m/m	2024.09.13 15:30:00	-0.7	0.2	0.7	0.5	2	US	USD
840210001	Michigan Consumer Sentiment	2024.09.13 17:00:00	69.0	69.3	67.9	nan	2	US	USD
840210002	Michigan Consumer Expectations	2024.09.13 17:00:00	73.0	72.7	72.1	nan	2	US	USD
840210004	Michigan Inflation Expectations	2024.09.13 17:00:00	2.7	2.8	2.8	nan	2	US	USD
840210005	Michigan 5-Year Inflation Expectations	2024.09.13 17:00:00	3.1	3.0	3.0	nan	2	US	USD
840100001	Baker Hughes US Oil Rig Count	2024.09.13 20:00:00	488.0	nan	483.0	nan	2	US	USD
840100002	Baker Hughes US Total Rig Count	2024.09.13 20:00:00	590.0	nan	582.0	nan	2	US	USD
840520003	CFTC Gold Non-Commercial Net Positions	2024.09.13 22:30:00	282.5	nan	287.6	nan	2	US	USD
840520004	CFTC Crude Oil Non-Commercial Net Positions	2024.09.13 22:30:00	140.0	nan	177.0	nan	2	US	USD
840520005	CFTC S&P 500 Non-Commercial Net Positions	2024.09.13 22:30:00	-59.4	nan	-48.8	nan	2	US	USD
840520011	CFTC Nasdaq 100 Non-Commercial Net Positions	2024.09.13 22:30:00	25.6	nan	26.0	nan	2	US	USD
840230001	NY Fed Empire State Manufacturing Index	2024.09.16 15:30:00	11.5	-7.8	-4.7	nan	2	US	USD
840020012	Retail Control m/m	2024.09.17 15:30:00	0.3	0.0	0.3	0.4	2	US	USD
840050011	Fed Industrial Production m/m	2024.09.17 16:15:00	0.8	0.1	-0.6	-0.9	2	US	USD
840050026	Fed Industrial Production y/y	2024.09.17 16:15:00	0.0	0.3	-0.2	nan	2	US	USD
840020007	Business Inventories m/m	2024.09.17 17:00:00	0.4	0.1	0.3	nan	2	US	USD
840020027	Retail Inventories m/m	2024.09.17 17:00:00	0.8	0.8	0.8	nan	2	US	USD
840020028	Retail Inventories excl. Autos m/m	2024.09.17 17:00:00	0.5	nan	0.5	nan	2	US	USD
840220019	20-Year Bond Auction	2024.09.17 20:00:00	4.039	nan	4.16	nan	2	US	USD
840020004	Housing Starts	2024.09.18 15:30:00	1.356	1.384	1.238	1.237	2	US	USD
840020005	Building Permits	2024.09.18 15:30:00	1.475	1.395	1.396	1.406	2	US	USD
840020015	Housing Starts m/m	2024.09.18 15:30:00	9.6	10.1	-6.8	-6.9	2	US	USD
840200002	EIA Cushing Crude Oil Stocks Change	2024.09.18 17:30:00	-1.979	-1.014	-1.704	nan	2	US	USD
840220001	TIC Net Long-Term Transactions	2024.09.18 23:00:00	135.4	69.0	96.1	80.5	2	US	USD
840070002	Philadelphia Fed Employment	2024.09.19 15:30:00	10.7	7.3	-5.7	nan	2	US	USD
840010015	Current Account	2024.09.19 15:30:00	-266.787	-219.1	-237.645	-240.984	2	US	USD
840140002	Continuing Jobless Claims	2024.09.19 15:30:00	1.829	1.841	1.85	1.843	2	US	USD
840120002	Existing Home Sales m/m	2024.09.19 17:00:00	-2.5	2.6	1.3	1.5	2	US	USD
840180001	CB Leading Economic Index m/m	2024.09.19 17:00:00	-0.2	-0.2	-0.6	nan	2	US	USD
840220017	10-Year TIPS Auction	2024.09.19 20:00:00	1.592	nan	1.883	nan	2	US	USD
840100001	Baker Hughes US Oil Rig Count	2024.09.20 20:00:00	488.0	nan	488.0	nan	2	US	USD
840100002	Baker Hughes US Total Rig Count	2024.09.20 20:00:00	588.0	nan	590.0	nan	2	US	USD
840520003	CFTC Gold Non-Commercial Net Positions	2024.09.20 22:30:00	310.1	nan	282.5	nan	2	US	USD
840520004	CFTC Crude Oil Non-Commercial Net Positions	2024.09.20 22:30:00	145.3	nan	140.0	nan	2	US	USD
840520005	CFTC S&P 500 Non-Commercial Net Positions	2024.09.20 22:30:00	-122.9	nan	-59.4	nan	2	US	USD
840520011	CFTC Nasdaq 100 Non-Commercial Net Positions	2024.09.20 22:30:00	19.2	nan	25.6	nan	2	US	USD
840170001	S&P/CS HPI Composite-20 y/y	2024.09.24 16:00:00	5.92	5.9	6.5	nan	2	US	USD
840170002	S&P/CS HPI Composite-20 n.s.a. m/m	2024.09.24 16:00:00	0.04	0.1	0.6	0.61	2	US	USD
840220010	2-Year Note Auction	2024.09.24 20:00:00	3.52	nan	3.874	nan	2	US	USD
840020009	New Home Sales m/m	2024.09.25 17:00:00	-4.7	1.4	10.6	10.3	2	US	USD
840200002	EIA Cushing Crude Oil Stocks Change	2024.09.25 17:30:00	0.116	-1.369	-1.979	nan	2	US	USD
840220012	5-Year Note Auction	2024.09.25 20:00:00	3.519	nan	3.645	nan	2	US	USD
840020014	Core Durable Goods Orders m/m	2024.09.26 15:30:00	0.5	0.2	-0.2	-0.1	2	US	USD
840010016	Real PCE q/q	2024.09.26 15:30:00	2.8	2.9	2.9	nan	2	US	USD
840140002	Continuing Jobless Claims	2024.09.26 15:30:00	1.834	1.817	1.829	1.821	2	US	USD
840120003	Pending Home Sales m/m	2024.09.26 17:00:00	0.6	1.1	-5.5	-5.5	2	US	USD
840220013	7-Year Note Auction	2024.09.26 20:00:00	3.668	nan	3.77	nan	2	US	USD
840020019	Goods Trade Balance	2024.09.27 15:30:00	-94.258	-100.512	-102.662	-102.838	2	US	USD
840020027	Retail Inventories m/m	2024.09.27 15:30:00	0.5	0.8	0.8	nan	2	US	USD
840020028	Retail Inventories excl. Autos m/m	2024.09.27 15:30:00	0.4	nan	0.5	nan	2	US	USD
840010003	PCE Price Index m/m	2024.09.27 15:30:00	0.1	0.3	0.2	nan	2	US	USD
840010004	PCE Price Index y/y	2024.09.27 15:30:00	2.2	2.7	2.5	nan	2	US	USD
840010005	Personal Spending m/m	2024.09.27 15:30:00	0.2	0.3	0.5	nan	2	US	USD
840210001	Michigan Consumer Sentiment	2024.09.27 17:00:00	70.1	69.0	69.0	nan	2	US	USD
840210002	Michigan Consumer Expectations	2024.09.27 17:00:00	74.4	73.0	73.0	nan	2	US	USD
840210004	Michigan Inflation Expectations	2024.09.27 17:00:00	2.7	2.7	2.7	nan	2	US	USD
840210005	Michigan 5-Year Inflation Expectations	2024.09.27 17:00:00	3.1	3.1	3.1	nan	2	US	USD
840100001	Baker Hughes US Oil Rig Count	2024.09.27 20:00:00	484.0	nan	488.0	nan	2	US	USD
840100002	Baker Hughes US Total Rig Count	2024.09.27 20:00:00	587.0	nan	588.0	nan	2	US	USD
840520003	CFTC Gold Non-Commercial Net Positions	2024.09.27 22:30:00	315.4	nan	310.1	nan	2	US	USD
840520004	CFTC Crude Oil Non-Commercial Net Positions	2024.09.27 22:30:00	158.6	nan	145.3	nan	2	US	USD
840520005	CFTC S&P 500 Non-Commercial Net Positions	2024.09.27 22:30:00	-35.8	nan	-122.9	nan	2	US	USD
840520011	CFTC Nasdaq 100 Non-Commercial Net Positions	2024.09.27 22:30:00	16.0	nan	19.2	nan	2	US	USD
840020002	Construction Spending m/m	2024.10.01 17:00:00	-0.1	-0.3	-0.3	-0.5	2	US	USD
840040004	ISM Manufacturing Employment	2024.10.01 17:00:00	43.9	49.3	46.0	nan	2	US	USD
840200002	EIA Cushing Crude Oil Stocks Change	2024.10.02 17:30:00	0.84	-0.285	0.116	nan	2	US	USD
840140002	Continuing Jobless Claims	2024.10.03 15:30:00	1.826	1.811	1.834	1.827	2	US	USD
840500003	S&P Global Composite PMI	2024.10.03 16:45:00	54.0	53.9	54.6	nan	2	US	USD
840020003	Factory Orders m/m	2024.10.03 17:00:00	-0.2	1.9	5.0	4.9	2	US	USD
840040005	ISM Non-Manufacturing Employment	2024.10.03 17:00:00	48.1	47.9	50.2	nan	2	US	USD
840030017	Participation Rate	2024.10.04 15:30:00	62.7	62.8	62.7	nan	2	US	USD
840030019	Average Hourly Earnings y/y	2024.10.04 15:30:00	4.0	4.1	3.8	nan	2	US	USD
840030023	Private Nonfarm Payrolls	2024.10.04 15:30:00	223.0	211.0	118.0	114.0	2	US	USD
840030024	U6 Unemployment Rate	2024.10.04 15:30:00	7.7	7.9	7.9	nan	2	US	USD
840100001	Baker Hughes US Oil Rig Count	2024.10.04 20:00:00	479.0	nan	484.0	nan	2	US	USD
840100002	Baker Hughes US Total Rig Count	2024.10.04 20:00:00	585.0	nan	587.0	nan	2	US	USD
840520003	CFTC Gold Non-Commercial Net Positions	2024.10.04 22:30:00	299.9	nan	315.4	nan	2	US	USD
840520004	CFTC Crude Oil Non-Commercial Net Positions	2024.10.04 22:30:00	159.6	nan	158.6	nan	2	US	USD
840520005	CFTC S&P 500 Non-Commercial Net Positions	2024.10.04 22:30:00	7.5	nan	-35.8	nan	2	US	USD
840520011	CFTC Nasdaq 100 Non-Commercial Net Positions	2024.10.04 22:30:00	16.1	nan	16.0	nan	2	US	USD
840050013	Fed Consumer Credit m/m	2024.10.07 22:00:00	8.93	15.67	25.45	26.63	2	US	USD
840020001	Trade Balance	2024.10.08 15:30:00	-70.431	-74.47	-78.791	-78.918	2	US	USD
840020023	Exports	2024.10.08 15:30:00	271.755	nan	266.603	266.479	2	US	USD
840020024	Imports	2024.10.08 15:30:00	342.186	nan	345.394	345.397	2	US	USD
840220011	3-Year Note Auction	2024.10.08 20:00:00	3.878	nan	3.44	nan	2	US	USD
840200002	EIA Cushing Crude Oil Stocks Change	2024.10.09 17:30:00	1.247	0.248	0.84	nan	2	US	USD
840030008	Core CPI y/y	2024.10.10 15:30:00	3.3	3.1	3.2	nan	2	US	USD
840140002	Continuing Jobless Claims	2024.10.10 15:30:00	1.861	1.807	1.826	1.819	2	US	USD
840030002	Core PPI m/m	2024.10.11 15:30:00	0.2	0.4	0.3	nan	2	US	USD
840210001	Michigan Consumer Sentiment	2024.10.11 17:00:00	68.9	71.9	70.1	nan	2	US	USD
840210002	Michigan Consumer Expectations	2024.10.11 17:00:00	72.9	74.9	74.4	nan	2	US	USD
840210004	Michigan Inflation Expectations	2024.10.11 17:00:00	2.9	2.7	2.7	nan	2	US	USD
840210005	Michigan 5-Year Inflation Expectations	2024.10.11 17:00:00	3.0	3.1	3.1	nan	2	US	USD
840100001	Baker Hughes US Oil Rig Count	2024.10.11 20:00:00	481.0	nan	479.0	nan	2	US	USD
840100002	Baker Hughes US Total Rig Count	2024.10.11 20:00:00	586.0	nan	585.0	nan	2	US	USD
840520003	CFTC Gold Non-Commercial Net Positions	2024.10.11 22:30:00	278.2	nan	299.9	nan	2	US	USD
840520004	CFTC Crude Oil Non-Commercial Net Positions	2024.10.11 22:30:00	190.6	nan	159.6	nan	2	US	USD
840520005	CFTC S&P 500 Non-Commercial Net Positions	2024.10.11 22:30:00	-5.6	nan	7.5	nan	2	US	USD
840520011	CFTC Nasdaq 100 Non-Commercial Net Positions	2024.10.11 22:30:00	13.3	nan	16.1	nan	2	US	USD
840230001	NY Fed Empire State Manufacturing Index	2024.10.15 15:30:00	-11.9	1.3	11.5	nan	2	US	USD
840030011	Import Price Index m/m	2024.10.16 15:30:00	-0.4	-0.5	-0.3	-0.2	2	US	USD
840030013	Export Price Index m/m	2024.10.16 15:30:00	-0.7	0.1	-0.7	-0.9	2	US	USD
840070002	Philadelphia Fed Employment	2024.10.17 15:30:00	-2.2	-1.7	10.7	nan	2	US	USD
840020012	Retail Control m/m	2024.10.17 15:30:00	0.7	-0.1	0.3	nan	2	US	USD
840140002	Continuing Jobless Claims	2024.10.17 15:30:00	1.867	1.843	1.861	1.858	2	US	USD
840050011	Fed Industrial Production m/m	2024.10.17 16:15:00	-0.3	0.0	0.8	0.3	2	US	USD
840050026	Fed Industrial Production y/y	2024.10.17 16:15:00	-0.6	0.2	0.0	nan	2	US	USD
840020007	Business Inventories m/m	2024.10.17 17:00:00	0.3	0.2	0.4	0.3	2	US	USD
840020027	Retail Inventories m/m	2024.10.17 17:00:00	0.6	0.5	0.5	nan	2	US	USD
840020028	Retail Inventories excl. Autos m/m	2024.10.17 17:00:00	0.5	nan	0.4	nan	2	US	USD
840200002	EIA Cushing Crude Oil Stocks Change	2024.10.17 18:00:00	0.108	0.476	1.247	nan	2	US	USD
840220001	TIC Net Long-Term Transactions	2024.10.17 23:00:00	111.4	63.8	135.4	137.9	2	US	USD
840020004	Housing Starts	2024.10.18 15:30:00	1.354	1.324	1.356	1.361	2	US	USD
840020005	Building Permits	2024.10.18 15:30:00	1.428	1.404	1.475	1.47	2	US	USD
840020015	Housing Starts m/m	2024.10.18 15:30:00	-0.5	-4.2	9.6	7.8	2	US	USD
840100001	Baker Hughes US Oil Rig Count	2024.10.18 20:00:00	482.0	nan	481.0	nan	2	US	USD
840100002	Baker Hughes US Total Rig Count	2024.10.18 20:00:00	585.0	nan	586.0	nan	2	US	USD
840150001	Federal Budget Balance	2024.10.18 21:00:00	64.3	-138.3	-380.1	nan	2	US	USD
840520003	CFTC Gold Non-Commercial Net Positions	2024.10.18 22:30:00	286.4	nan	278.2	nan	2	US	USD
840520004	CFTC Crude Oil Non-Commercial Net Positions	2024.10.18 22:30:00	184.4	nan	190.6	nan	2	US	USD
840520005	CFTC S&P 500 Non-Commercial Net Positions	2024.10.18 22:30:00	28.1	nan	-5.6	nan	2	US	USD
840520011	CFTC Nasdaq 100 Non-Commercial Net Positions	2024.10.18 22:30:00	1.4	nan	13.3	nan	2	US	USD
840180001	CB Leading Economic Index m/m	2024.10.21 17:00:00	-0.5	-0.3	-0.2	nan	2	US	USD
840120002	Existing Home Sales m/m	2024.10.23 17:00:00	-1.0	-1.0	-2.5	-2.0	2	US	USD
840200002	EIA Cushing Crude Oil Stocks Change	2024.10.23 17:30:00	-0.346	0.764	0.108	nan	2	US	USD
840220019	20-Year Bond Auction	2024.10.23 20:00:00	4.59	nan	4.039	nan	2	US	USD
840140002	Continuing Jobless Claims	2024.10.24 15:30:00	1.897	1.845	1.867	1.869	2	US	USD
840020009	New Home Sales m/m	2024.10.24 17:00:00	4.1	2.0	-4.7	-2.3	2	US	USD
840220016	5-Year TIPS Auction	2024.10.24 20:00:00	1.67	nan	2.05	nan	2	US	USD
840020014	Core Durable Goods Orders m/m	2024.10.25 15:30:00	0.4	0.5	0.5	0.6	2	US	USD
840210001	Michigan Consumer Sentiment	2024.10.25 17:00:00	70.5	68.9	68.9	nan	2	US	USD
840210002	Michigan Consumer Expectations	2024.10.25 17:00:00	74.1	72.9	72.9	nan	2	US	USD
840210004	Michigan Inflation Expectations	2024.10.25 17:00:00	2.7	2.9	2.9	nan	2	US	USD
840210005	Michigan 5-Year Inflation Expectations	2024.10.25 17:00:00	3.0	3.0	3.0	nan	2	US	USD
840100001	Baker Hughes US Oil Rig Count	2024.10.25 20:00:00	480.0	nan	482.0	nan	2	US	USD
840100002	Baker Hughes US Total Rig Count	2024.10.25 20:00:00	585.0	nan	585.0	nan	2	US	USD
840520003	CFTC Gold Non-Commercial Net Positions	2024.10.25 22:30:00	296.2	nan	286.4	nan	2	US	USD
840520004	CFTC Crude Oil Non-Commercial Net Positions	2024.10.25 22:30:00	173.7	nan	184.4	nan	2	US	USD
840520005	CFTC S&P 500 Non-Commercial Net Positions	2024.10.25 22:30:00	23.0	nan	28.1	nan	2	US	USD
840520011	CFTC Nasdaq 100 Non-Commercial Net Positions	2024.10.25 22:30:00	2.7	nan	1.4	nan	2	US	USD
840220010	2-Year Note Auction	2024.10.28 18:30:00	4.13	nan	3.52	nan	2	US	USD
840220012	5-Year Note Auction	2024.10.28 20:00:00	4.138	nan	3.519	nan	2	US	USD
840020019	Goods Trade Balance	2024.10.29 15:30:00	-108.226	-98.745	-94.258	-94.218	2	US	USD
840020027	Retail Inventories m/m	2024.10.29 15:30:00	0.8	0.4	0.6	0.7	2	US	USD
840020028	Retail Inventories excl. Autos m/m	2024.10.29 15:30:00	0.1	nan	0.5	nan	2	US	USD
840170001	S&P/CS HPI Composite-20 y/y	2024.10.29 16:00:00	5.2	5.2	5.92	nan	2	US	USD
840170002	S&P/CS HPI Composite-20 n.s.a. m/m	2024.10.29 16:00:00	-0.32	-0.6	0.04	nan	2	US	USD
840220013	7-Year Note Auction	2024.10.29 20:00:00	4.215	nan	3.668	nan	2	US	USD
840010016	Real PCE q/q	2024.10.30 15:30:00	3.7	1.5	2.8	nan	2	US	USD
840120003	Pending Home Sales m/m	2024.10.30 17:00:00	7.4	-0.1	0.6	nan	2	US	USD
840200002	EIA Cushing Crude Oil Stocks Change	2024.10.30 17:30:00	0.681	0.985	-0.346	nan	2	US	USD
840030025	Employment Cost Index q/q	2024.10.31 15:30:00	0.8	1.1	0.9	nan	2	US	USD
840010003	PCE Price Index m/m	2024.10.31 15:30:00	0.2	0.1	0.1	nan	2	US	USD
840010004	PCE Price Index y/y	2024.10.31 15:30:00	2.1	2.4	2.2	2.3	2	US	USD
840010005	Personal Spending m/m	2024.10.31 15:30:00	0.5	0.2	0.2	0.3	2	US	USD
840140002	Continuing Jobless Claims	2024.10.31 15:30:00	1.862	1.848	1.897	1.888	2	US	USD
840030017	Participation Rate	2024.11.01 15:30:00	62.6	62.7	62.7	nan	2	US	USD
840030019	Average Hourly Earnings y/y	2024.11.01 15:30:00	4.0	4.0	4.0	nan	2	US	USD
840030023	Private Nonfarm Payrolls	2024.11.01 15:30:00	-28.0	162.0	223.0	192.0	2	US	USD
840030024	U6 Unemployment Rate	2024.11.01 15:30:00	7.7	7.6	7.7	nan	2	US	USD
840040004	ISM Manufacturing Employment	2024.11.01 17:00:00	44.4	40.2	43.9	nan	2	US	USD
840020002	Construction Spending m/m	2024.11.01 17:00:00	0.1	-0.2	-0.1	0.1	2	US	USD
840100001	Baker Hughes US Oil Rig Count	2024.11.01 20:00:00	479.0	nan	480.0	nan	2	US	USD
840100002	Baker Hughes US Total Rig Count	2024.11.01 20:00:00	585.0	nan	585.0	nan	2	US	USD
840520003	CFTC Gold Non-Commercial Net Positions	2024.11.01 22:30:00	278.7	nan	296.2	nan	2	US	USD
840520004	CFTC Crude Oil Non-Commercial Net Positions	2024.11.01 22:30:00	151.9	nan	173.7	nan	2	US	USD
840520005	CFTC S&P 500 Non-Commercial Net Positions	2024.11.01 22:30:00	62.7	nan	23.0	nan	2	US	USD
840520011	CFTC Nasdaq 100 Non-Commercial Net Positions	2024.11.01 22:30:00	5.1	nan	2.7	nan	2	US	USD
840020003	Factory Orders m/m	2024.11.04 18:00:00	-0.5	-0.1	-0.2	-0.8	2	US	USD
840220011	3-Year Note Auction	2024.11.04 21:00:00	4.152	nan	3.878	nan	2	US	USD
840020001	Trade Balance	2024.11.05 16:30:00	-84.359	-73.13	-70.431	-70.787	2	US	USD
840020023	Exports	2024.11.05 16:30:00	267.948	nan	271.755	271.189	2	US	USD
840020024	Imports	2024.11.05 16:30:00	352.306	nan	342.186	341.976	2	US	USD
840500003	S&P Global Composite PMI	2024.11.05 17:45:00	54.1	55.2	54.0	nan	2	US	USD
840040005	ISM Non-Manufacturing Employment	2024.11.05 18:00:00	53.0	48.4	48.1	nan	2	US	USD
840200002	EIA Cushing Crude Oil Stocks Change	2024.11.06 18:30:00	0.522	1.109	0.681	nan	2	US	USD
840030028	Nonfarm Productivity q/q	2024.11.07 16:30:00	2.2	1.7	2.5	2.1	2	US	USD
840030029	Unit Labor Costs q/q	2024.11.07 16:30:00	1.9	-0.3	0.4	2.4	2	US	USD
840140002	Continuing Jobless Claims	2024.11.07 16:30:00	1.892	1.89	1.862	1.853	2	US	USD
840050013	Fed Consumer Credit m/m	2024.11.07 23:00:00	6.0	16.27	8.93	7.64	2	US	USD
840210001	Michigan Consumer Sentiment	2024.11.08 18:00:00	73.0	70.7	70.5	nan	2	US	USD
840210002	Michigan Consumer Expectations	2024.11.08 18:00:00	78.5	73.0	74.1	nan	2	US	USD
840210004	Michigan Inflation Expectations	2024.11.08 18:00:00	2.6	2.7	2.7	nan	2	US	USD
840210005	Michigan 5-Year Inflation Expectations	2024.11.08 18:00:00	3.1	3.0	3.0	nan	2	US	USD
840100001	Baker Hughes US Oil Rig Count	2024.11.08 21:00:00	479.0	nan	479.0	nan	2	US	USD
840100002	Baker Hughes US Total Rig Count	2024.11.08 21:00:00	585.0	nan	585.0	nan	2	US	USD
840520003	CFTC Gold Non-Commercial Net Positions	2024.11.08 23:30:00	255.3	nan	278.7	nan	2	US	USD
840520004	CFTC Crude Oil Non-Commercial Net Positions	2024.11.08 23:30:00	196.1	nan	151.9	nan	2	US	USD
840520005	CFTC S&P 500 Non-Commercial Net Positions	2024.11.08 23:30:00	113.4	nan	62.7	nan	2	US	USD
840520011	CFTC Nasdaq 100 Non-Commercial Net Positions	2024.11.08 23:30:00	16.1	nan	5.1	nan	2	US	USD
840030008	Core CPI y/y	2024.11.13 16:30:00	3.3	3.3	3.3	nan	2	US	USD
840150001	Federal Budget Balance	2024.11.13 22:00:00	-257.5	-60.7	64.3	64.7	2	US	USD
840030002	Core PPI m/m	2024.11.14 16:30:00	0.3	0.1	0.2	nan	2	US	USD
840140002	Continuing Jobless Claims	2024.11.14 16:30:00	1.873	1.855	1.892	1.884	2	US	USD
840200002	EIA Cushing Crude Oil Stocks Change	2024.11.14 19:00:00	-0.688	0.853	0.522	nan	2	US	USD
840030011	Import Price Index m/m	2024.11.15 16:30:00	0.3	-1.2	-0.4	nan	2	US	USD
840030013	Export Price Index m/m	2024.11.15 16:30:00	0.8	-0.9	-0.7	-0.6	2	US	USD
840020012	Retail Control m/m	2024.11.15 16:30:00	-0.1	0.5	0.7	1.2	2	US	USD
840230001	NY Fed Empire State Manufacturing Index	2024.11.15 16:30:00	31.2	-4.5	-11.9	nan	2	US	USD
840050011	Fed Industrial Production m/m	2024.11.15 17:15:00	-0.3	-0.2	-0.3	-0.5	2	US	USD
840050026	Fed Industrial Production y/y	2024.11.15 17:15:00	-0.3	0.2	-0.6	nan	2	US	USD
840020007	Business Inventories m/m	2024.11.15 18:00:00	0.1	0.2	0.3	nan	2	US	USD
840020027	Retail Inventories m/m	2024.11.15 18:00:00	0.9	0.8	0.8	nan	2	US	USD
840020028	Retail Inventories excl. Autos m/m	2024.11.15 18:00:00	0.2	nan	0.1	nan	2	US	USD
840100001	Baker Hughes US Oil Rig Count	2024.11.15 21:00:00	478.0	nan	479.0	nan	2	US	USD
840100002	Baker Hughes US Total Rig Count	2024.11.15 21:00:00	584.0	nan	585.0	nan	2	US	USD
840520003	CFTC Gold Non-Commercial Net Positions	2024.11.15 23:30:00	236.5	nan	255.3	nan	2	US	USD
840520004	CFTC Crude Oil Non-Commercial Net Positions	2024.11.15 23:30:00	186.9	nan	196.1	nan	2	US	USD
840520005	CFTC S&P 500 Non-Commercial Net Positions	2024.11.15 23:30:00	25.0	nan	113.4	nan	2	US	USD
840520011	CFTC Nasdaq 100 Non-Commercial Net Positions	2024.11.15 23:30:00	16.4	nan	16.1	nan	2	US	USD
840220001	TIC Net Long-Term Transactions	2024.11.19 00:00:00	216.1	50.7	111.4	108.8	2	US	USD
840020004	Housing Starts	2024.11.19 16:30:00	1.311	1.317	1.354	1.353	2	US	USD
840020005	Building Permits	2024.11.19 16:30:00	1.416	1.453	1.428	1.425	2	US	USD
840020015	Housing Starts m/m	2024.11.19 16:30:00	-3.1	-5.4	-0.5	-1.9	2	US	USD
840200002	EIA Cushing Crude Oil Stocks Change	2024.11.20 18:30:00	-0.14	-1.048	-0.688	nan	2	US	USD
840220019	20-Year Bond Auction	2024.11.20 21:00:00	4.68	nan	4.59	nan	2	US	USD
840070002	Philadelphia Fed Employment	2024.11.21 16:30:00	8.6	17.9	-2.2	nan	2	US	USD
840140002	Continuing Jobless Claims	2024.11.21 16:30:00	1.908	1.876	1.873	1.872	2	US	USD
840120002	Existing Home Sales m/m	2024.11.21 18:00:00	3.4	-2.7	-1.0	-1.3	2	US	USD
840180001	CB Leading Economic Index m/m	2024.11.21 18:00:00	-0.4	-0.4	-0.5	nan	2	US	USD
840220017	10-Year TIPS Auction	2024.11.21 21:00:00	2.071	nan	1.592	nan	2	US	USD
840210001	Michigan Consumer Sentiment	2024.11.22 18:00:00	71.8	73.0	73.0	nan	2	US	USD
840210002	Michigan Consumer Expectations	2024.11.22 18:00:00	76.9	78.5	78.5	nan	2	US	USD
840210004	Michigan Inflation Expectations	2024.11.22 18:00:00	2.6	2.6	2.6	nan	2	US	USD
840210005	Michigan 5-Year Inflation Expectations	2024.11.22 18:00:00	3.2	3.1	3.1	nan	2	US	USD
840100001	Baker Hughes US Oil Rig Count	2024.11.22 21:00:00	479.0	nan	478.0	nan	2	US	USD
840100002	Baker Hughes US Total Rig Count	2024.11.22 21:00:00	583.0	nan	584.0	nan	2	US	USD
840520003	CFTC Gold Non-Commercial Net Positions	2024.11.22 23:30:00	234.4	nan	236.5	nan	2	US	USD
840520004	CFTC Crude Oil Non-Commercial Net Positions	2024.11.22 23:30:00	193.9	nan	186.9	nan	2	US	USD
840520005	CFTC S&P 500 Non-Commercial Net Positions	2024.11.22 23:30:00	34.9	nan	25.0	nan	2	US	USD
840520011	CFTC Nasdaq 100 Non-Commercial Net Positions	2024.11.22 23:30:00	19.8	nan	16.4	nan	2	US	USD
840220010	2-Year Note Auction	2024.11.25 21:00:00	4.274	nan	4.13	nan	2	US	USD
840170001	S&P/CS HPI Composite-20 y/y	2024.11.26 17:00:00	4.6	4.7	5.2	5.2	2	US	USD
840170002	S&P/CS HPI Composite-20 n.s.a. m/m	2024.11.26 17:00:00	-0.4	0.1	-0.32	-0.32	2	US	USD
840020009	New Home Sales m/m	2024.11.26 18:00:00	-17.3	3.1	4.1	7.0	2	US	USD
840220012	5-Year Note Auction	2024.11.26 21:00:00	4.197	nan	4.138	nan	2	US	USD
840020014	Core Durable Goods Orders m/m	2024.11.27 16:30:00	0.1	0.2	0.4	nan	2	US	USD
840020019	Goods Trade Balance	2024.11.27 16:30:00	-99.078	-101.418	-108.226	-108.694	2	US	USD
840020027	Retail Inventories m/m	2024.11.27 16:30:00	0.1	0.8	0.9	0.6	2	US	USD
840020028	Retail Inventories excl. Autos m/m	2024.11.27 16:30:00	0.1	nan	0.2	0.1	2	US	USD
840010016	Real PCE q/q	2024.11.27 16:30:00	3.5	3.7	3.7	nan	2	US	USD
840140002	Continuing Jobless Claims	2024.11.27 16:30:00	1.907	1.888	1.908	1.898	2	US	USD
840120003	Pending Home Sales m/m	2024.11.27 18:00:00	2.0	0.6	7.4	7.5	2	US	USD
840010003	PCE Price Index m/m	2024.11.27 18:00:00	0.2	0.1	0.2	nan	2	US	USD
840010004	PCE Price Index y/y	2024.11.27 18:00:00	2.3	2.3	2.1	nan	2	US	USD
840010005	Personal Spending m/m	2024.11.27 18:00:00	0.4	0.3	0.5	0.6	2	US	USD
840200002	EIA Cushing Crude Oil Stocks Change	2024.11.27 18:30:00	-0.909	-0.25	-0.14	nan	2	US	USD
840220013	7-Year Note Auction	2024.11.27 19:30:00	4.183	nan	4.215	nan	2	US	USD
840100001	Baker Hughes US Oil Rig Count	2024.11.27 21:00:00	477.0	nan	479.0	nan	2	US	USD
840100002	Baker Hughes US Total Rig Count	2024.11.27 21:00:00	582.0	nan	583.0	nan	2	US	USD
840020002	Construction Spending m/m	2024.12.02 18:00:00	0.4	-0.2	0.1	nan	2	US	USD
840040004	ISM Manufacturing Employment	2024.12.02 18:00:00	48.1	51.0	44.4	nan	2	US	USD
840520003	CFTC Gold Non-Commercial Net Positions	2024.12.02 23:30:00	250.3	nan	234.4	nan	2	US	USD
840520004	CFTC Crude Oil Non-Commercial Net Positions	2024.12.02 23:30:00	200.4	nan	193.9	nan	2	US	USD
840520005	CFTC S&P 500 Non-Commercial Net Positions	2024.12.02 23:30:00	-78.9	nan	34.9	nan	2	US	USD
840520011	CFTC Nasdaq 100 Non-Commercial Net Positions	2024.12.02 23:30:00	19.5	nan	19.8	nan	2	US	USD
840500003	S&P Global Composite PMI	2024.12.04 17:45:00	54.9	54.8	54.1	nan	2	US	USD
840020003	Factory Orders m/m	2024.12.04 18:00:00	0.2	-0.7	-0.5	-0.2	2	US	USD
840040005	ISM Non-Manufacturing Employment	2024.12.04 18:00:00	51.5	50.3	53.0	nan	2	US	USD
840200002	EIA Cushing Crude Oil Stocks Change	2024.12.04 18:30:00	0.05	-0.694	-0.909	nan	2	US	USD
840020001	Trade Balance	2024.12.05 16:30:00	-73.836	-77.201	-84.359	-83.795	2	US	USD
840020023	Exports	2024.12.05 16:30:00	265.72	nan	267.948	270.015	2	US	USD
840020024	Imports	2024.12.05 16:30:00	339.556	nan	352.306	353.81	2	US	USD
840140002	Continuing Jobless Claims	2024.12.05 16:30:00	1.871	1.939	1.907	1.896	2	US	USD
840030017	Participation Rate	2024.12.06 16:30:00	62.5	62.6	62.6	nan	2	US	USD
840030019	Average Hourly Earnings y/y	2024.12.06 16:30:00	4.0	3.8	4.0	nan	2	US	USD
840030023	Private Nonfarm Payrolls	2024.12.06 16:30:00	194.0	-14.0	-28.0	-2.0	2	US	USD
840030024	U6 Unemployment Rate	2024.12.06 16:30:00	7.8	7.5	7.7	nan	2	US	USD
840210001	Michigan Consumer Sentiment	2024.12.06 18:00:00	74.0	70.4	71.8	nan	2	US	USD
840210002	Michigan Consumer Expectations	2024.12.06 18:00:00	71.6	71.5	76.9	nan	2	US	USD
840210004	Michigan Inflation Expectations	2024.12.06 18:00:00	2.9	2.4	2.6	nan	2	US	USD
840210005	Michigan 5-Year Inflation Expectations	2024.12.06 18:00:00	3.1	3.1	3.2	nan	2	US	USD
840100001	Baker Hughes US Oil Rig Count	2024.12.06 21:00:00	482.0	nan	477.0	nan	2	US	USD
840100002	Baker Hughes US Total Rig Count	2024.12.06 21:00:00	589.0	nan	582.0	nan	2	US	USD
840050013	Fed Consumer Credit m/m	2024.12.06 23:00:00	19.24	14.68	6.0	3.21	2	US	USD
840520003	CFTC Gold Non-Commercial Net Positions	2024.12.06 23:30:00	259.7	nan	250.3	nan	2	US	USD
840520004	CFTC Crude Oil Non-Commercial Net Positions	2024.12.06 23:30:00	201.5	nan	200.4	nan	2	US	USD
840520005	CFTC S&P 500 Non-Commercial Net Positions	2024.12.06 23:30:00	-108.6	nan	-78.9	nan	2	US	USD
840520011	CFTC Nasdaq 100 Non-Commercial Net Positions	2024.12.06 23:30:00	29.7	nan	19.5	nan	2	US	USD
840030028	Nonfarm Productivity q/q	2024.12.10 16:30:00	2.2	2.2	2.2	nan	2	US	USD
840030029	Unit Labor Costs q/q	2024.12.10 16:30:00	0.8	1.9	1.9	nan	2	US	USD
840220011	3-Year Note Auction	2024.12.10 21:00:00	4.117	nan	4.152	nan	2	US	USD
840030008	Core CPI y/y	2024.12.11 16:30:00	3.3	3.3	3.3	nan	2	US	USD
840200002	EIA Cushing Crude Oil Stocks Change	2024.12.11 18:30:00	-1.298	-0.338	0.05	nan	2	US	USD
840150001	Federal Budget Balance	2024.12.11 22:00:00	-366.8	-507.9	-257.5	nan	2	US	USD
840030002	Core PPI m/m	2024.12.12 16:30:00	0.2	0.4	0.3	nan	2	US	USD
840140002	Continuing Jobless Claims	2024.12.12 16:30:00	1.886	1.845	1.871	nan	2	US	USD
840030011	Import Price Index m/m	2024.12.13 16:30:00	0.1	0.4	0.3	0.1	2	US	USD
840030013	Export Price Index m/m	2024.12.13 16:30:00	0.0	0.6	0.8	1.0	2	US	USD
840100001	Baker Hughes US Oil Rig Count	2024.12.13 21:00:00	482.0	nan	482.0	nan	2	US	USD
840100002	Baker Hughes US Total Rig Count	2024.12.13 21:00:00	589.0	nan	589.0	nan	2	US	USD
840520003	CFTC Gold Non-Commercial Net Positions	2024.12.13 23:30:00	275.6	nan	259.7	nan	2	US	USD
840520004	CFTC Crude Oil Non-Commercial Net Positions	2024.12.13 23:30:00	190.1	nan	201.5	nan	2	US	USD
840520005	CFTC S&P 500 Non-Commercial Net Positions	2024.12.13 23:30:00	-83.3	nan	-108.6	nan	2	US	USD
840520011	CFTC Nasdaq 100 Non-Commercial Net Positions	2024.12.13 23:30:00	35.6	nan	29.7	nan	2	US	USD
840230001	NY Fed Empire State Manufacturing Index	2024.12.16 16:30:00	0.2	8.6	31.2	nan	2	US	USD
840020012	Retail Control m/m	2024.12.17 16:30:00	0.4	0.9	-0.1	nan	2	US	USD
840050011	Fed Industrial Production m/m	2024.12.17 17:15:00	-0.1	-0.7	-0.3	-0.4	2	US	USD
840050026	Fed Industrial Production y/y	2024.12.17 17:15:00	-0.9	0.0	-0.3	nan	2	US	USD
840020007	Business Inventories m/m	2024.12.17 18:00:00	0.1	0.2	0.1	0.0	2	US	USD
840020027	Retail Inventories m/m	2024.12.17 18:00:00	0.2	0.1	0.1	nan	2	US	USD
840020028	Retail Inventories excl. Autos m/m	2024.12.17 18:00:00	0.1	nan	0.1	nan	2	US	USD
840220019	20-Year Bond Auction	2024.12.17 21:00:00	4.686	nan	4.68	nan	2	US	USD
840020004	Housing Starts	2024.12.18 16:30:00	1.289	1.326	1.311	1.312	2	US	USD
840020005	Building Permits	2024.12.18 16:30:00	1.505	1.426	1.416	1.419	2	US	USD
840020015	Housing Starts m/m	2024.12.18 16:30:00	-1.8	1.2	-3.1	-3.2	2	US	USD
840010015	Current Account	2024.12.18 16:30:00	-310.948	-257.286	-266.787	-275.031	2	US	USD
840200002	EIA Cushing Crude Oil Stocks Change	2024.12.18 18:30:00	0.108	-1.812	-1.298	nan	2	US	USD
840070002	Philadelphia Fed Employment	2024.12.19 16:30:00	6.6	-3.2	8.6	nan	2	US	USD
840010016	Real PCE q/q	2024.12.19 16:30:00	3.7	3.5	3.5	nan	2	US	USD
840140002	Continuing Jobless Claims	2024.12.19 16:30:00	1.874	1.889	1.886	1.879	2	US	USD
840120002	Existing Home Sales m/m	2024.12.19 18:00:00	4.8	-0.1	3.4	nan	2	US	USD
840180001	CB Leading Economic Index m/m	2024.12.19 18:00:00	0.3	-0.4	-0.4	nan	2	US	USD
840220016	5-Year TIPS Auction	2024.12.19 21:00:00	2.121	nan	1.67	nan	2	US	USD
840220001	TIC Net Long-Term Transactions	2024.12.20 00:00:00	152.3	98.4	216.1	nan	2	US	USD
840010003	PCE Price Index m/m	2024.12.20 16:30:00	0.1	0.2	0.2	nan	2	US	USD
840010004	PCE Price Index y/y	2024.12.20 16:30:00	2.4	2.5	2.3	nan	2	US	USD
840010005	Personal Spending m/m	2024.12.20 16:30:00	0.4	0.3	0.4	0.3	2	US	USD
840210001	Michigan Consumer Sentiment	2024.12.20 18:00:00	74.0	74.0	74.0	nan	2	US	USD
840210002	Michigan Consumer Expectations	2024.12.20 18:00:00	73.3	71.6	71.6	nan	2	US	USD
840210004	Michigan Inflation Expectations	2024.12.20 18:00:00	2.8	2.9	2.9	nan	2	US	USD
840210005	Michigan 5-Year Inflation Expectations	2024.12.20 18:00:00	3.0	3.1	3.1	nan	2	US	USD
840100001	Baker Hughes US Oil Rig Count	2024.12.20 21:00:00	483.0	nan	482.0	nan	2	US	USD
840100002	Baker Hughes US Total Rig Count	2024.12.20 21:00:00	589.0	nan	589.0	nan	2	US	USD
840520003	CFTC Gold Non-Commercial Net Positions	2024.12.20 23:30:00	262.0	nan	275.6	nan	2	US	USD
840520004	CFTC Crude Oil Non-Commercial Net Positions	2024.12.20 23:30:00	230.0	nan	190.1	nan	2	US	USD
840520005	CFTC S&P 500 Non-Commercial Net Positions	2024.12.20 23:30:00	-39.9	nan	-83.3	nan	2	US	USD
840520011	CFTC Nasdaq 100 Non-Commercial Net Positions	2024.12.20 23:30:00	36.1	nan	35.6	nan	2	US	USD
840020014	Core Durable Goods Orders m/m	2024.12.23 16:30:00	-0.1	0.1	0.1	0.2	2	US	USD
840020009	New Home Sales m/m	2024.12.23 18:00:00	5.9	-4.5	-17.3	-14.8	2	US	USD
840220010	2-Year Note Auction	2024.12.23 21:00:00	4.335	nan	4.274	nan	2	US	USD
840220012	5-Year Note Auction	2024.12.24 19:30:00	4.478	nan	4.197	nan	2	US	USD
840140002	Continuing Jobless Claims	2024.12.26 16:30:00	1.91	1.871	1.874	1.864	2	US	USD
840220013	7-Year Note Auction	2024.12.26 21:00:00	4.532	nan	4.183	nan	2	US	USD
840020019	Goods Trade Balance	2024.12.27 16:30:00	-102.857	-100.836	-99.078	-98.257	2	US	USD
840020027	Retail Inventories m/m	2024.12.27 16:30:00	0.3	0.1	0.2	nan	2	US	USD
840020028	Retail Inventories excl. Autos m/m	2024.12.27 16:30:00	0.6	nan	0.1	0.3	2	US	USD
840100001	Baker Hughes US Oil Rig Count	2024.12.27 21:00:00	483.0	nan	483.0	nan	2	US	USD
840100002	Baker Hughes US Total Rig Count	2024.12.27 21:00:00	589.0	nan	589.0	nan	2	US	USD
840200002	EIA Cushing Crude Oil Stocks Change	2024.12.27 21:00:00	-0.32	-0.559	0.108	nan	2	US	USD
840120003	Pending Home Sales m/m	2024.12.30 18:00:00	2.2	0.2	2.0	1.8	2	US	USD
840520003	CFTC Gold Non-Commercial Net Positions	2024.12.30 23:30:00	247.6	nan	262.0	nan	2	US	USD
840520004	CFTC Crude Oil Non-Commercial Net Positions	2024.12.30 23:30:00	247.0	nan	230.0	nan	2	US	USD
840520005	CFTC S&P 500 Non-Commercial Net Positions	2024.12.30 23:30:00	-63.8	nan	-39.9	nan	2	US	USD
840520011	CFTC Nasdaq 100 Non-Commercial Net Positions	2024.12.30 23:30:00	27.2	nan	36.1	nan	2	US	USD
840170001	S&P/CS HPI Composite-20 y/y	2024.12.31 17:00:00	4.2	4.5	4.6	nan	2	US	USD
840170002	S&P/CS HPI Composite-20 n.s.a. m/m	2024.12.31 17:00:00	-0.2	-0.1	-0.4	nan	2	US	USD
840140002	Continuing Jobless Claims	2025.01.02 16:30:00	1.844	1.903	1.91	1.896	2	US	USD
840020002	Construction Spending m/m	2025.01.02 18:00:00	0.0	0.3	0.4	0.5	2	US	USD
840200002	EIA Cushing Crude Oil Stocks Change	2025.01.02 19:00:00	-0.142	-0.551	-0.32	nan	2	US	USD
840040004	ISM Manufacturing Employment	2025.01.03 18:00:00	45.3	46.7	48.1	nan	2	US	USD
840100001	Baker Hughes US Oil Rig Count	2025.01.03 21:00:00	482.0	nan	483.0	nan	2	US	USD
840100002	Baker Hughes US Total Rig Count	2025.01.03 21:00:00	589.0	nan	589.0	nan	2	US	USD
840500003	S&P Global Composite PMI	2025.01.06 17:45:00	55.4	54.5	54.9	nan	2	US	USD
840020003	Factory Orders m/m	2025.01.06 18:00:00	-0.4	0.4	0.2	0.5	2	US	USD
840220011	3-Year Note Auction	2025.01.06 21:00:00	4.332	nan	4.117	nan	2	US	USD
840020001	Trade Balance	2025.01.07 16:30:00	-78.193	-79.529	-73.836	-73.615	2	US	USD
840020023	Exports	2025.01.07 16:30:00	273.366	nan	265.72	266.309	2	US	USD
840020024	Imports	2025.01.07 16:30:00	351.559	nan	339.556	339.923	2	US	USD
840040005	ISM Non-Manufacturing Employment	2025.01.07 18:00:00	51.4	51.2	51.5	nan	2	US	USD
840140002	Continuing Jobless Claims	2025.01.08 16:30:00	1.867	1.864	1.844	1.834	2	US	USD
840200002	EIA Cushing Crude Oil Stocks Change	2025.01.08 18:30:00	-2.502	-0.478	-0.142	nan	2	US	USD
840050013	Fed Consumer Credit m/m	2025.01.08 23:00:00	-7.49	11.31	19.24	17.32	2	US	USD
840030017	Participation Rate	2025.01.10 16:30:00	62.5	62.6	62.5	nan	2	US	USD
840030019	Average Hourly Earnings y/y	2025.01.10 16:30:00	3.9	4.1	4.0	nan	2	US	USD
840030023	Private Nonfarm Payrolls	2025.01.10 16:30:00	223.0	246.0	194.0	182.0	2	US	USD
840030024	U6 Unemployment Rate	2025.01.10 16:30:00	7.5	8.0	7.8	7.7	2	US	USD
840210001	Michigan Consumer Sentiment	2025.01.10 18:00:00	73.2	74.5	74.0	nan	2	US	USD
840210002	Michigan Consumer Expectations	2025.01.10 18:00:00	70.2	71.4	73.3	nan	2	US	USD
840210004	Michigan Inflation Expectations	2025.01.10 18:00:00	3.3	2.6	2.8	nan	2	US	USD
840210005	Michigan 5-Year Inflation Expectations	2025.01.10 18:00:00	3.3	3.1	3.0	nan	2	US	USD
840100001	Baker Hughes US Oil Rig Count	2025.01.10 21:00:00	480.0	nan	482.0	nan	2	US	USD
840100002	Baker Hughes US Total Rig Count	2025.01.10 21:00:00	584.0	nan	589.0	nan	2	US	USD
840520003	CFTC Gold Non-Commercial Net Positions	2025.01.10 23:30:00	254.9	nan	247.6	nan	2	US	USD
840520004	CFTC Crude Oil Non-Commercial Net Positions	2025.01.10 23:30:00	279.6	nan	247.0	nan	2	US	USD
840520005	CFTC S&P 500 Non-Commercial Net Positions	2025.01.10 23:30:00	-62.2	nan	-63.8	nan	2	US	USD
840520011	CFTC Nasdaq 100 Non-Commercial Net Positions	2025.01.10 23:30:00	18.8	nan	27.2	nan	2	US	USD
840030002	Core PPI m/m	2025.01.14 16:30:00	0.0	0.1	0.2	nan	2	US	USD
840150001	Federal Budget Balance	2025.01.14 22:00:00	-86.7	-4.6	-366.8	nan	2	US	USD
840030008	Core CPI y/y	2025.01.15 16:30:00	3.2	3.2	3.3	nan	2	US	USD
840230001	NY Fed Empire State Manufacturing Index	2025.01.15 16:30:00	-12.6	-5.9	0.2	2.1	2	US	USD
840200002	EIA Cushing Crude Oil Stocks Change	2025.01.15 18:30:00	0.765	-1.219	-2.502	nan	2	US	USD
840020012	Retail Control m/m	2025.01.16 16:30:00	0.7	1.1	0.4	nan	2	US	USD
840070002	Philadelphia Fed Employment	2025.01.16 16:30:00	11.9	15.7	6.6	4.8	2	US	USD
840030011	Import Price Index m/m	2025.01.16 16:30:00	0.1	-0.2	0.1	nan	2	US	USD
840030013	Export Price Index m/m	2025.01.16 16:30:00	0.3	0.8	0.0	nan	2	US	USD
840140002	Continuing Jobless Claims	2025.01.16 16:30:00	1.859	1.876	1.867	1.877	2	US	USD
840020007	Business Inventories m/m	2025.01.16 18:00:00	0.1	0.2	0.1	0.0	2	US	USD
840020027	Retail Inventories m/m	2025.01.16 18:00:00	0.2	0.3	0.3	nan	2	US	USD
840020028	Retail Inventories excl. Autos m/m	2025.01.16 18:00:00	0.5	nan	0.6	nan	2	US	USD
840020004	Housing Starts	2025.01.17 16:30:00	1.499	1.313	1.289	1.294	2	US	USD
840020005	Building Permits	2025.01.17 16:30:00	1.483	1.466	1.505	1.493	2	US	USD
840020015	Housing Starts m/m	2025.01.17 16:30:00	15.8	-9.8	-1.8	-3.7	2	US	USD
840050011	Fed Industrial Production m/m	2025.01.17 17:15:00	0.9	0.2	-0.1	0.2	2	US	USD
840050026	Fed Industrial Production y/y	2025.01.17 17:15:00	0.5	-0.1	-0.9	nan	2	US	USD
840100001	Baker Hughes US Oil Rig Count	2025.01.17 21:00:00	478.0	nan	480.0	nan	2	US	USD
840100002	Baker Hughes US Total Rig Count	2025.01.17 21:00:00	580.0	nan	584.0	nan	2	US	USD
840520003	CFTC Gold Non-Commercial Net Positions	2025.01.17 23:30:00	279.4	nan	254.9	nan	2	US	USD
840520004	CFTC Crude Oil Non-Commercial Net Positions	2025.01.17 23:30:00	306.3	nan	279.6	nan	2	US	USD
840520005	CFTC S&P 500 Non-Commercial Net Positions	2025.01.17 23:30:00	-30.5	nan	-62.2	nan	2	US	USD
840520011	CFTC Nasdaq 100 Non-Commercial Net Positions	2025.01.17 23:30:00	10.5	nan	18.8	nan	2	US	USD
840220001	TIC Net Long-Term Transactions	2025.01.18 00:00:00	79.0	106.2	152.3	159.1	2	US	USD
840180001	CB Leading Economic Index m/m	2025.01.22 18:00:00	-0.1	0.0	0.3	nan	2	US	USD
840220019	20-Year Bond Auction	2025.01.22 21:00:00	4.9	nan	4.686	nan	2	US	USD
840140002	Continuing Jobless Claims	2025.01.23 16:30:00	1.899	1.85	1.859	1.853	2	US	USD
840200002	EIA Cushing Crude Oil Stocks Change	2025.01.23 20:00:00	-0.148	1.411	0.765	nan	2	US	USD
840220017	10-Year TIPS Auction	2025.01.23 21:00:00	2.243	nan	2.071	nan	2	US	USD
840210001	Michigan Consumer Sentiment	2025.01.24 18:00:00	71.1	73.2	73.2	nan	2	US	USD
840210002	Michigan Consumer Expectations	2025.01.24 18:00:00	69.3	70.2	70.2	nan	2	US	USD
840210004	Michigan Inflation Expectations	2025.01.24 18:00:00	3.3	3.3	3.3	nan	2	US	USD
840210005	Michigan 5-Year Inflation Expectations	2025.01.24 18:00:00	3.2	3.3	3.3	nan	2	US	USD
840120002	Existing Home Sales m/m	2025.01.24 18:00:00	2.2	-7.8	4.8	nan	2	US	USD
840100001	Baker Hughes US Oil Rig Count	2025.01.24 21:00:00	472.0	nan	478.0	nan	2	US	USD
840100002	Baker Hughes US Total Rig Count	2025.01.24 21:00:00	576.0	nan	580.0	nan	2	US	USD
840520003	CFTC Gold Non-Commercial Net Positions	2025.01.24 23:30:00	300.8	nan	279.4	nan	2	US	USD
840520004	CFTC Crude Oil Non-Commercial Net Positions	2025.01.24 23:30:00	298.8	nan	306.3	nan	2	US	USD
840520005	CFTC S&P 500 Non-Commercial Net Positions	2025.01.24 23:30:00	-75.7	nan	-30.5	nan	2	US	USD
840520011	CFTC Nasdaq 100 Non-Commercial Net Positions	2025.01.24 23:30:00	18.5	nan	10.5	nan	2	US	USD
840020009	New Home Sales m/m	2025.01.27 18:00:00	3.6	4.2	5.9	9.6	2	US	USD
840220010	2-Year Note Auction	2025.01.27 19:30:00	4.211	nan	4.335	nan	2	US	USD
840220012	5-Year Note Auction	2025.01.27 21:00:00	4.33	nan	4.478	nan	2	US	USD
840020014	Core Durable Goods Orders m/m	2025.01.28 16:30:00	0.3	0.3	-0.1	-0.2	2	US	USD
840170001	S&P/CS HPI Composite-20 y/y	2025.01.28 17:00:00	4.33	3.9	4.2	nan	2	US	USD
840170002	S&P/CS HPI Composite-20 n.s.a. m/m	2025.01.28 17:00:00	-0.12	-0.3	-0.2	-0.22	2	US	USD
840220013	7-Year Note Auction	2025.01.28 21:00:00	4.457	nan	4.532	nan	2	US	USD
840020019	Goods Trade Balance	2025.01.29 16:30:00	-122.111	-100.91	-102.857	-103.504	2	US	USD
840020027	Retail Inventories m/m	2025.01.29 16:30:00	-0.3	0.2	0.2	0.0	2	US	USD
840020028	Retail Inventories excl. Autos m/m	2025.01.29 16:30:00	0.2	nan	0.5	0.4	2	US	USD
840200002	EIA Cushing Crude Oil Stocks Change	2025.01.29 18:30:00	0.326	-0.072	-0.148	nan	2	US	USD
840140002	Continuing Jobless Claims	2025.01.30 16:30:00	1.858	1.859	1.899	1.9	2	US	USD
840010016	Real PCE q/q	2025.01.30 16:30:00	4.2	2.4	3.7	nan	2	US	USD
840120003	Pending Home Sales m/m	2025.01.30 18:00:00	-5.5	-5.5	2.2	1.6	2	US	USD
840030025	Employment Cost Index q/q	2025.01.31 16:30:00	0.9	0.9	0.8	nan	2	US	USD
840010003	PCE Price Index m/m	2025.01.31 16:30:00	0.3	0.1	0.1	nan	2	US	USD
840010004	PCE Price Index y/y	2025.01.31 16:30:00	2.6	2.4	2.4	nan	2	US	USD
840010005	Personal Spending m/m	2025.01.31 16:30:00	0.7	0.2	0.4	0.6	2	US	USD
840100001	Baker Hughes US Oil Rig Count	2025.01.31 21:00:00	479.0	nan	472.0	nan	2	US	USD
840100002	Baker Hughes US Total Rig Count	2025.01.31 21:00:00	582.0	nan	576.0	nan	2	US	USD
840520003	CFTC Gold Non-Commercial Net Positions	2025.01.31 23:30:00	299.4	nan	300.8	nan	2	US	USD
840520004	CFTC Crude Oil Non-Commercial Net Positions	2025.01.31 23:30:00	264.1	nan	298.8	nan	2	US	USD
840520005	CFTC S&P 500 Non-Commercial Net Positions	2025.01.31 23:30:00	-56.2	nan	-75.7	nan	2	US	USD
840520011	CFTC Nasdaq 100 Non-Commercial Net Positions	2025.01.31 23:30:00	30.7	nan	18.5	nan	2	US	USD
840020002	Construction Spending m/m	2025.02.03 18:00:00	0.5	0.0	0.0	0.2	2	US	USD
840040004	ISM Manufacturing Employment	2025.02.03 18:00:00	50.3	46.5	45.3	45.4	2	US	USD
840020003	Factory Orders m/m	2025.02.04 18:00:00	-0.9	0.6	-0.4	-0.8	2	US	USD
840020001	Trade Balance	2025.02.05 16:30:00	-98.431	-79.599	-78.193	-78.94	2	US	USD
840020023	Exports	2025.02.05 16:30:00	266.507	nan	273.366	273.574	2	US	USD
840020024	Imports	2025.02.05 16:30:00	364.939	nan	351.559	352.514	2	US	USD
840500003	S&P Global Composite PMI	2025.02.05 17:45:00	52.7	54.7	55.4	nan	2	US	USD
840040005	ISM Non-Manufacturing Employment	2025.02.05 18:00:00	52.3	51.3	51.4	51.3	2	US	USD
840200002	EIA Cushing Crude Oil Stocks Change	2025.02.05 18:30:00	-0.034	0.296	0.326	nan	2	US	USD
840030028	Nonfarm Productivity q/q	2025.02.06 16:30:00	1.2	0.2	2.2	2.3	2	US	USD
840030029	Unit Labor Costs q/q	2025.02.06 16:30:00	3.0	3.2	0.8	0.5	2	US	USD
840140002	Continuing Jobless Claims	2025.02.06 16:30:00	1.886	1.866	1.858	1.85	2	US	USD
840030017	Participation Rate	2025.02.07 16:30:00	62.6	62.6	62.5	nan	2	US	USD
840030019	Average Hourly Earnings y/y	2025.02.07 16:30:00	4.1	3.6	3.9	nan	2	US	USD
840030023	Private Nonfarm Payrolls	2025.02.07 16:30:00	111.0	215.0	223.0	273.0	2	US	USD
840030024	U6 Unemployment Rate	2025.02.07 16:30:00	7.5	7.3	7.5	nan	2	US	USD
840210001	Michigan Consumer Sentiment	2025.02.07 18:00:00	67.8	70.8	71.1	nan	2	US	USD
840210002	Michigan Consumer Expectations	2025.02.07 18:00:00	67.3	67.5	69.3	nan	2	US	USD
840210004	Michigan Inflation Expectations	2025.02.07 18:00:00	4.3	3.0	3.3	nan	2	US	USD
840210005	Michigan 5-Year Inflation Expectations	2025.02.07 18:00:00	3.3	3.1	3.2	nan	2	US	USD
840100001	Baker Hughes US Oil Rig Count	2025.02.07 21:00:00	480.0	nan	479.0	nan	2	US	USD
840100002	Baker Hughes US Total Rig Count	2025.02.07 21:00:00	586.0	nan	582.0	nan	2	US	USD
840050013	Fed Consumer Credit m/m	2025.02.07 23:00:00	40.85	10.84	-7.49	-5.37	2	US	USD
840520003	CFTC Gold Non-Commercial Net Positions	2025.02.07 23:30:00	302.5	nan	299.4	nan	2	US	USD
840520004	CFTC Crude Oil Non-Commercial Net Positions	2025.02.07 23:30:00	230.3	nan	264.1	nan	2	US	USD
840520005	CFTC S&P 500 Non-Commercial Net Positions	2025.02.07 23:30:00	-4.8	nan	-56.2	nan	2	US	USD
840520011	CFTC Nasdaq 100 Non-Commercial Net Positions	2025.02.07 23:30:00	19.0	nan	30.7	nan	2	US	USD
840220011	3-Year Note Auction	2025.02.11 21:00:00	4.3	nan	4.332	nan	2	US	USD
840030008	Core CPI y/y	2025.02.12 16:30:00	3.3	3.1	3.2	nan	2	US	USD
840200002	EIA Cushing Crude Oil Stocks Change	2025.02.12 18:30:00	0.872	0.353	-0.034	nan	2	US	USD
840150001	Federal Budget Balance	2025.02.12 22:00:00	-128.6	-26.5	-86.7	nan	2	US	USD
840030002	Core PPI m/m	2025.02.13 16:30:00	0.3	0.2	0.0	0.4	2	US	USD
840140002	Continuing Jobless Claims	2025.02.13 16:30:00	1.85	1.874	1.886	nan	2	US	USD
840020012	Retail Control m/m	2025.02.14 16:30:00	-0.8	0.5	0.7	0.8	2	US	USD
840030011	Import Price Index m/m	2025.02.14 16:30:00	0.3	0.0	0.1	0.2	2	US	USD
840030013	Export Price Index m/m	2025.02.14 16:30:00	1.3	-0.4	0.3	0.5	2	US	USD
840050011	Fed Industrial Production m/m	2025.02.14 17:15:00	0.5	0.1	0.9	1.0	2	US	USD
840050026	Fed Industrial Production y/y	2025.02.14 17:15:00	2.0	0.0	0.5	nan	2	US	USD
840020007	Business Inventories m/m	2025.02.14 18:00:00	-0.2	0.0	0.1	nan	2	US	USD
840020027	Retail Inventories m/m	2025.02.14 18:00:00	-0.4	-0.3	-0.3	nan	2	US	USD
840020028	Retail Inventories excl. Autos m/m	2025.02.14 18:00:00	-0.1	nan	0.2	nan	2	US	USD
840100001	Baker Hughes US Oil Rig Count	2025.02.14 21:00:00	481.0	nan	480.0	nan	2	US	USD
840100002	Baker Hughes US Total Rig Count	2025.02.14 21:00:00	588.0	nan	586.0	nan	2	US	USD
840520003	CFTC Gold Non-Commercial Net Positions	2025.02.14 23:30:00	284.5	nan	302.5	nan	2	US	USD
840520004	CFTC Crude Oil Non-Commercial Net Positions	2025.02.14 23:30:00	220.0	nan	230.3	nan	2	US	USD
840520005	CFTC S&P 500 Non-Commercial Net Positions	2025.02.14 23:30:00	-17.1	nan	-4.8	nan	2	US	USD
840520011	CFTC Nasdaq 100 Non-Commercial Net Positions	2025.02.14 23:30:00	13.4	nan	19.0	nan	2	US	USD
840230001	NY Fed Empire State Manufacturing Index	2025.02.18 16:30:00	5.7	0.7	-12.6	nan	2	US	USD
840220001	TIC Net Long-Term Transactions	2025.02.19 00:00:00	72.0	110.5	79.0	53.2	2	US	USD
840020004	Housing Starts	2025.02.19 16:30:00	1.366	1.422	1.499	1.515	2	US	USD
840020005	Building Permits	2025.02.19 16:30:00	1.483	1.514	1.483	1.482	2	US	USD
840020015	Housing Starts m/m	2025.02.19 16:30:00	-9.8	2.0	15.8	16.1	2	US	USD
840220019	20-Year Bond Auction	2025.02.19 21:00:00	4.83	nan	4.9	nan	2	US	USD
840070002	Philadelphia Fed Employment	2025.02.20 16:30:00	5.3	5.9	11.9	nan	2	US	USD
840140002	Continuing Jobless Claims	2025.02.20 16:30:00	1.869	1.873	1.85	1.845	2	US	USD
840180001	CB Leading Economic Index m/m	2025.02.20 18:00:00	-0.3	-0.3	-0.1	nan	2	US	USD
840200002	EIA Cushing Crude Oil Stocks Change	2025.02.20 20:00:00	1.472	0.442	0.872	nan	2	US	USD
840220018	30-Year TIPS Auction	2025.02.20 21:00:00	2.403	nan	2.055	nan	2	US	USD
840210001	Michigan Consumer Sentiment	2025.02.21 18:00:00	64.7	67.8	67.8	nan	2	US	USD
840210002	Michigan Consumer Expectations	2025.02.21 18:00:00	64.0	67.3	67.3	nan	2	US	USD
840210004	Michigan Inflation Expectations	2025.02.21 18:00:00	4.3	4.3	4.3	nan	2	US	USD
840210005	Michigan 5-Year Inflation Expectations	2025.02.21 18:00:00	3.5	3.3	3.3	nan	2	US	USD
840120002	Existing Home Sales m/m	2025.02.21 18:00:00	-4.9	-3.6	2.2	2.9	2	US	USD
840100001	Baker Hughes US Oil Rig Count	2025.02.21 21:00:00	488.0	nan	481.0	nan	2	US	USD
840100002	Baker Hughes US Total Rig Count	2025.02.21 21:00:00	592.0	nan	588.0	nan	2	US	USD
840520003	CFTC Gold Non-Commercial Net Positions	2025.02.21 23:30:00	268.7	nan	284.5	nan	2	US	USD
840520004	CFTC Crude Oil Non-Commercial Net Positions	2025.02.21 23:30:00	197.6	nan	220.0	nan	2	US	USD
840520005	CFTC S&P 500 Non-Commercial Net Positions	2025.02.21 23:30:00	-40.0	nan	-17.1	nan	2	US	USD
840520011	CFTC Nasdaq 100 Non-Commercial Net Positions	2025.02.21 23:30:00	9.8	nan	13.4	nan	2	US	USD
840220010	2-Year Note Auction	2025.02.24 21:00:00	4.169	nan	4.211	nan	2	US	USD
840170001	S&P/CS HPI Composite-20 y/y	2025.02.25 17:00:00	4.48	4.7	4.33	nan	2	US	USD
840170002	S&P/CS HPI Composite-20 n.s.a. m/m	2025.02.25 17:00:00	-0.13	-0.1	-0.12	-0.11	2	US	USD
840220012	5-Year Note Auction	2025.02.25 21:00:00	4.123	nan	4.33	nan	2	US	USD
840020009	New Home Sales m/m	2025.02.26 18:00:00	-10.5	-6.6	3.6	8.1	2	US	USD
840200002	EIA Cushing Crude Oil Stocks Change	2025.02.26 18:30:00	1.282	0.958	1.472	nan	2	US	USD
840220013	7-Year Note Auction	2025.02.26 21:00:00	4.194	nan	4.457	nan	2	US	USD
840020014	Core Durable Goods Orders m/m	2025.02.27 16:30:00	0.0	0.3	0.3	0.1	2	US	USD
840140002	Continuing Jobless Claims	2025.02.27 16:30:00	1.862	1.872	1.869	1.867	2	US	USD
840010016	Real PCE q/q	2025.02.27 16:30:00	4.2	4.2	4.2	nan	2	US	USD
840120003	Pending Home Sales m/m	2025.02.27 18:00:00	-4.6	-0.9	-5.5	-4.1	2	US	USD
840020019	Goods Trade Balance	2025.02.28 16:30:00	-153.263	-109.391	-122.111	-122.014	2	US	USD
840020027	Retail Inventories m/m	2025.02.28 16:30:00	-0.1	0.0	-0.4	-0.5	2	US	USD
840020028	Retail Inventories excl. Autos m/m	2025.02.28 16:30:00	0.4	nan	-0.1	nan	2	US	USD
840010003	PCE Price Index m/m	2025.02.28 16:30:00	0.3	0.1	0.3	nan	2	US	USD
840010004	PCE Price Index y/y	2025.02.28 16:30:00	2.5	2.8	2.6	nan	2	US	USD
840010005	Personal Spending m/m	2025.02.28 16:30:00	-0.2	0.4	0.7	0.8	2	US	USD
840100001	Baker Hughes US Oil Rig Count	2025.02.28 21:00:00	486.0	nan	488.0	nan	2	US	USD
840100002	Baker Hughes US Total Rig Count	2025.02.28 21:00:00	593.0	nan	592.0	nan	2	US	USD
840520003	CFTC Gold Non-Commercial Net Positions	2025.02.28 23:30:00	261.6	nan	268.7	nan	2	US	USD
840520004	CFTC Crude Oil Non-Commercial Net Positions	2025.02.28 23:30:00	171.2	nan	197.6	nan	2	US	USD
840520005	CFTC S&P 500 Non-Commercial Net Positions	2025.02.28 23:30:00	-32.8	nan	-40.0	nan	2	US	USD
840520011	CFTC Nasdaq 100 Non-Commercial Net Positions	2025.02.28 23:30:00	25.8	nan	9.8	nan	2	US	USD
840020002	Construction Spending m/m	2025.03.03 18:00:00	-0.2	0.2	0.5	nan	2	US	USD
840040004	ISM Manufacturing Employment	2025.03.03 18:00:00	47.6	46.5	50.3	nan	2	US	USD
840500003	S&P Global Composite PMI	2025.03.05 17:45:00	51.6	54.2	52.7	nan	2	US	USD
840040005	ISM Non-Manufacturing Employment	2025.03.05 18:00:00	53.9	51.1	52.3	nan	2	US	USD
840020003	Factory Orders m/m	2025.03.05 18:00:00	1.7	0.0	-0.9	-0.6	2	US	USD
840200002	EIA Cushing Crude Oil Stocks Change	2025.03.05 18:30:00	1.124	0.554	1.282	nan	2	US	USD
840020001	Trade Balance	2025.03.06 16:30:00	-131.382	-91.55	-98.431	-98.062	2	US	USD
840020023	Exports	2025.03.06 16:30:00	269.819	nan	266.507	266.52	2	US	USD
840020024	Imports	2025.03.06 16:30:00	401.201	nan	364.939	364.581	2	US	USD
840030028	Nonfarm Productivity q/q	2025.03.06 16:30:00	1.5	1.2	1.2	nan	2	US	USD
840030029	Unit Labor Costs q/q	2025.03.06 16:30:00	2.2	3.0	3.0	nan	2	US	USD
840140002	Continuing Jobless Claims	2025.03.06 16:30:00	1.897	1.869	1.862	1.855	2	US	USD
840030017	Participation Rate	2025.03.07 16:30:00	62.4	62.6	62.6	nan	2	US	USD
840030019	Average Hourly Earnings y/y	2025.03.07 16:30:00	4.0	4.2	4.1	nan	2	US	USD
840030023	Private Nonfarm Payrolls	2025.03.07 16:30:00	140.0	113.0	111.0	81.0	2	US	USD
840030024	U6 Unemployment Rate	2025.03.07 16:30:00	8.0	7.6	7.5	nan	2	US	USD
840100001	Baker Hughes US Oil Rig Count	2025.03.07 21:00:00	486.0	nan	486.0	nan	2	US	USD
840100002	Baker Hughes US Total Rig Count	2025.03.07 21:00:00	592.0	nan	593.0	nan	2	US	USD
840050013	Fed Consumer Credit m/m	2025.03.07 23:00:00	18.08	29.71	40.85	-100.0	2	US	USD
840520003	CFTC Gold Non-Commercial Net Positions	2025.03.07 23:30:00	243.3	nan	261.6	nan	2	US	USD
840520004	CFTC Crude Oil Non-Commercial Net Positions	2025.03.07 23:30:00	154.8	nan	171.2	nan	2	US	USD
840520005	CFTC S&P 500 Non-Commercial Net Positions	2025.03.07 23:30:00	32.1	nan	-32.8	nan	2	US	USD
840520011	CFTC Nasdaq 100 Non-Commercial Net Positions	2025.03.07 23:30:00	21.8	nan	25.8	nan	2	US	USD
840220011	3-Year Note Auction	2025.03.11 20:00:00	3.908	nan	4.3	nan	2	US	USD
840030008	Core CPI y/y	2025.03.12 15:30:00	3.1	3.3	3.3	nan	2	US	USD
840200002	EIA Cushing Crude Oil Stocks Change	2025.03.12 17:30:00	-1.228	0.364	1.124	nan	2	US	USD
840150001	Federal Budget Balance	2025.03.12 21:00:00	-307.0	-393.8	-128.6	nan	2	US	USD
840030002	Core PPI m/m	2025.03.13 15:30:00	-0.1	0.2	0.3	0.5	2	US	USD
840140002	Continuing Jobless Claims	2025.03.13 15:30:00	1.87	1.873	1.897	nan	2	US	USD
840210001	Michigan Consumer Sentiment	2025.03.14 17:00:00	57.9	64.6	64.7	nan	2	US	USD
840210002	Michigan Consumer Expectations	2025.03.14 17:00:00	54.2	65.5	64.0	nan	2	US	USD
840210004	Michigan Inflation Expectations	2025.03.14 17:00:00	4.9	4.3	4.3	nan	2	US	USD
840210005	Michigan 5-Year Inflation Expectations	2025.03.14 17:00:00	3.9	3.6	3.5	nan	2	US	USD
840100001	Baker Hughes US Oil Rig Count	2025.03.14 20:00:00	487.0	nan	486.0	nan	2	US	USD
840100002	Baker Hughes US Total Rig Count	2025.03.14 20:00:00	592.0	nan	592.0	nan	2	US	USD
840520003	CFTC Gold Non-Commercial Net Positions	2025.03.14 22:30:00	236.1	nan	243.3	nan	2	US	USD
840520004	CFTC Crude Oil Non-Commercial Net Positions	2025.03.14 22:30:00	164.1	nan	154.8	nan	2	US	USD
840520005	CFTC S&P 500 Non-Commercial Net Positions	2025.03.14 22:30:00	80.6	nan	32.1	nan	2	US	USD
840520011	CFTC Nasdaq 100 Non-Commercial Net Positions	2025.03.14 22:30:00	22.7	nan	21.8	nan	2	US	USD
840020012	Retail Control m/m	2025.03.17 15:30:00	1.0	0.0	-0.8	-1.0	2	US	USD
840230001	NY Fed Empire State Manufacturing Index	2025.03.17 15:30:00	-20.0	-16.7	5.7	nan	2	US	USD
840020007	Business Inventories m/m	2025.03.17 17:00:00	0.3	0.0	-0.2	nan	2	US	USD
840020027	Retail Inventories m/m	2025.03.17 17:00:00	0.0	-0.1	-0.1	nan	2	US	USD
840020028	Retail Inventories excl. Autos m/m	2025.03.17 17:00:00	0.5	nan	0.4	nan	2	US	USD
840020004	Housing Starts	2025.03.18 15:30:00	1.501	1.386	1.366	1.35	2	US	USD
840020005	Building Permits	2025.03.18 15:30:00	1.456	1.525	1.483	1.473	2	US	USD
840020015	Housing Starts m/m	2025.03.18 15:30:00	11.2	3.8	-9.8	-11.5	2	US	USD
840030011	Import Price Index m/m	2025.03.18 15:30:00	0.4	0.1	0.3	0.4	2	US	USD
840030013	Export Price Index m/m	2025.03.18 15:30:00	0.1	0.1	1.3	nan	2	US	USD
840050011	Fed Industrial Production m/m	2025.03.18 16:15:00	0.7	0.1	0.5	0.3	2	US	USD
840050026	Fed Industrial Production y/y	2025.03.18 16:15:00	1.4	0.7	2.0	nan	2	US	USD
840220019	20-Year Bond Auction	2025.03.18 20:00:00	4.632	nan	4.83	nan	2	US	USD
840200002	EIA Cushing Crude Oil Stocks Change	2025.03.19 17:30:00	-1.009	0.191	-1.228	nan	2	US	USD
840220001	TIC Net Long-Term Transactions	2025.03.19 23:00:00	72.0	128.1	72.0	53.2	2	US	USD
840070002	Philadelphia Fed Employment	2025.03.20 15:30:00	19.7	16.0	5.3	nan	2	US	USD
840010015	Current Account	2025.03.20 15:30:00	-303.942	-298.032	-310.948	-310.279	2	US	USD
840140002	Continuing Jobless Claims	2025.03.20 15:30:00	1.892	1.873	1.87	1.859	2	US	USD
840120002	Existing Home Sales m/m	2025.03.20 17:00:00	4.2	0.4	-4.9	-4.7	2	US	USD
840180001	CB Leading Economic Index m/m	2025.03.20 17:00:00	-0.3	-0.3	-0.3	nan	2	US	USD
840220017	10-Year TIPS Auction	2025.03.20 20:00:00	1.935	nan	2.243	nan	2	US	USD
840100001	Baker Hughes US Oil Rig Count	2025.03.21 20:00:00	486.0	nan	487.0	nan	2	US	USD
840100002	Baker Hughes US Total Rig Count	2025.03.21 20:00:00	593.0	nan	592.0	nan	2	US	USD
840520003	CFTC Gold Non-Commercial Net Positions	2025.03.21 22:30:00	257.9	nan	236.1	nan	2	US	USD
840520004	CFTC Crude Oil Non-Commercial Net Positions	2025.03.21 22:30:00	166.8	nan	164.1	nan	2	US	USD
840520005	CFTC S&P 500 Non-Commercial Net Positions	2025.03.21 22:30:00	68.3	nan	80.6	nan	2	US	USD
840520011	CFTC Nasdaq 100 Non-Commercial Net Positions	2025.03.21 22:30:00	23.0	nan	22.7	nan	2	US	USD
840170001	S&P/CS HPI Composite-20 y/y	2025.03.25 16:00:00	4.67	4.6	4.48	nan	2	US	USD
840170002	S&P/CS HPI Composite-20 n.s.a. m/m	2025.03.25 16:00:00	0.1	0.1	-0.13	-0.1	2	US	USD
840020009	New Home Sales m/m	2025.03.25 17:00:00	1.8	0.0	-10.5	-6.9	2	US	USD
840220010	2-Year Note Auction	2025.03.25 20:00:00	3.984	nan	4.169	nan	2	US	USD
840020014	Core Durable Goods Orders m/m	2025.03.26 15:30:00	0.7	0.1	0.0	0.1	2	US	USD
840200002	EIA Cushing Crude Oil Stocks Change	2025.03.26 17:30:00	-0.755	0.136	-1.009	nan	2	US	USD
840220012	5-Year Note Auction	2025.03.26 20:00:00	4.1	nan	4.123	nan	2	US	USD
840020019	Goods Trade Balance	2025.03.27 15:30:00	-147.914	-142.841	-153.263	-155.572	2	US	USD
840020027	Retail Inventories m/m	2025.03.27 15:30:00	0.1	-0.2	0.0	0.1	2	US	USD
840020028	Retail Inventories excl. Autos m/m	2025.03.27 15:30:00	0.1	nan	0.5	nan	2	US	USD
840010016	Real PCE q/q	2025.03.27 15:30:00	4.0	4.2	4.2	nan	2	US	USD
840140002	Continuing Jobless Claims	2025.03.27 15:30:00	1.856	1.875	1.892	1.881	2	US	USD
840120003	Pending Home Sales m/m	2025.03.27 17:00:00	2.0	6.3	-4.6	nan	2	US	USD
840220013	7-Year Note Auction	2025.03.27 20:00:00	4.233	nan	4.194	nan	2	US	USD
840010003	PCE Price Index m/m	2025.03.28 15:30:00	0.3	0.2	0.3	nan	2	US	USD
840010004	PCE Price Index y/y	2025.03.28 15:30:00	2.5	2.5	2.5	nan	2	US	USD
840010005	Personal Spending m/m	2025.03.28 15:30:00	0.4	0.0	-0.2	-0.3	2	US	USD
840210001	Michigan Consumer Sentiment	2025.03.28 17:00:00	57.0	57.9	57.9	nan	2	US	USD
840210002	Michigan Consumer Expectations	2025.03.28 17:00:00	52.6	54.2	54.2	nan	2	US	USD
840210004	Michigan Inflation Expectations	2025.03.28 17:00:00	5.0	4.9	4.9	nan	2	US	USD
840210005	Michigan 5-Year Inflation Expectations	2025.03.28 17:00:00	4.1	3.9	3.9	nan	2	US	USD
840100001	Baker Hughes US Oil Rig Count	2025.03.28 20:00:00	484.0	nan	486.0	nan	2	US	USD
840100002	Baker Hughes US Total Rig Count	2025.03.28 20:00:00	592.0	nan	593.0	nan	2	US	USD
840520003	CFTC Gold Non-Commercial Net Positions	2025.03.28 22:30:00	249.8	nan	257.9	nan	2	US	USD
840520004	CFTC Crude Oil Non-Commercial Net Positions	2025.03.28 22:30:00	180.6	nan	166.8	nan	2	US	USD
840520005	CFTC S&P 500 Non-Commercial Net Positions	2025.03.28 22:30:00	-53.4	nan	68.3	nan	2	US	USD
840520011	CFTC Nasdaq 100 Non-Commercial Net Positions	2025.03.28 22:30:00	8.7	nan	23.0	nan	2	US	USD
840040004	ISM Manufacturing Employment	2025.04.01 17:00:00	44.7	46.5	47.6	nan	2	US	USD
840020002	Construction Spending m/m	2025.04.01 17:00:00	0.7	0.0	-0.2	-0.5	2	US	USD
840020003	Factory Orders m/m	2025.04.02 17:00:00	0.6	-0.3	1.7	1.8	2	US	USD
840200002	EIA Cushing Crude Oil Stocks Change	2025.04.02 17:30:00	2.373	-0.26	-0.755	nan	2	US	USD
840020001	Trade Balance	2025.04.03 15:30:00	-122.662	-140.54	-131.382	-130.652	2	US	USD
840020023	Exports	2025.04.03 15:30:00	278.458	nan	269.819	270.506	2	US	USD
840020024	Imports	2025.04.03 15:30:00	401.12	nan	401.201	401.158	2	US	USD
840140002	Continuing Jobless Claims	2025.04.03 15:30:00	1.903	1.87	1.856	1.847	2	US	USD
840500003	S&P Global Composite PMI	2025.04.03 16:45:00	53.5	53.0	51.6	nan	2	US	USD
840040005	ISM Non-Manufacturing Employment	2025.04.03 17:00:00	46.2	51.2	53.9	nan	2	US	USD
840030017	Participation Rate	2025.04.04 15:30:00	62.5	62.1	62.4	nan	2	US	USD
840030019	Average Hourly Earnings y/y	2025.04.04 15:30:00	3.8	3.7	4.0	nan	2	US	USD
840030023	Private Nonfarm Payrolls	2025.04.04 15:30:00	209.0	145.0	140.0	116.0	2	US	USD
840030024	U6 Unemployment Rate	2025.04.04 15:30:00	7.9	8.3	8.0	nan	2	US	USD
840100001	Baker Hughes US Oil Rig Count	2025.04.04 20:00:00	489.0	nan	484.0	nan	2	US	USD
840100002	Baker Hughes US Total Rig Count	2025.04.04 20:00:00	590.0	nan	592.0	nan	2	US	USD
840520003	CFTC Gold Non-Commercial Net Positions	2025.04.04 22:30:00	238.4	nan	249.8	nan	2	US	USD
840520004	CFTC Crude Oil Non-Commercial Net Positions	2025.04.04 22:30:00	167.7	nan	180.6	nan	2	US	USD
840520005	CFTC S&P 500 Non-Commercial Net Positions	2025.04.04 22:30:00	-19.0	nan	-53.4	nan	2	US	USD
840520011	CFTC Nasdaq 100 Non-Commercial Net Positions	2025.04.04 22:30:00	15.2	nan	8.7	nan	2	US	USD
840050013	Fed Consumer Credit m/m	2025.04.07 22:00:00	-0.81	13.12	18.08	8.9	2	US	USD
840220011	3-Year Note Auction	2025.04.08 20:00:00	3.784	nan	3.908	nan	2	US	USD
840200002	EIA Cushing Crude Oil Stocks Change	2025.04.09 17:30:00	0.681	-0.047	2.373	nan	2	US	USD
840030008	Core CPI y/y	2025.04.10 15:30:00	2.8	3.1	3.1	nan	2	US	USD
840140002	Continuing Jobless Claims	2025.04.10 15:30:00	1.85	1.876	1.903	1.893	2	US	USD
840150001	Federal Budget Balance	2025.04.10 21:00:00	-160.5	-9.9	-307.0	nan	2	US	USD
840030002	Core PPI m/m	2025.04.11 15:30:00	-0.1	0.1	-0.1	0.1	2	US	USD
840210001	Michigan Consumer Sentiment	2025.04.11 17:00:00	50.8	56.1	57.0	nan	2	US	USD
840210002	Michigan Consumer Expectations	2025.04.11 17:00:00	47.2	57.8	52.6	nan	2	US	USD
840210004	Michigan Inflation Expectations	2025.04.11 17:00:00	6.7	5.4	5.0	nan	2	US	USD
840210005	Michigan 5-Year Inflation Expectations	2025.04.11 17:00:00	4.4	4.1	4.1	nan	2	US	USD
840100001	Baker Hughes US Oil Rig Count	2025.04.11 20:00:00	480.0	nan	489.0	nan	2	US	USD
840100002	Baker Hughes US Total Rig Count	2025.04.11 20:00:00	583.0	nan	590.0	nan	2	US	USD
840520003	CFTC Gold Non-Commercial Net Positions	2025.04.11 22:30:00	200.7	nan	238.4	nan	2	US	USD
840520004	CFTC Crude Oil Non-Commercial Net Positions	2025.04.11 22:30:00	139.6	nan	167.7	nan	2	US	USD
840520005	CFTC S&P 500 Non-Commercial Net Positions	2025.04.11 22:30:00	-28.7	nan	-19.0	nan	2	US	USD
840520011	CFTC Nasdaq 100 Non-Commercial Net Positions	2025.04.11 22:30:00	24.3	nan	15.2	nan	2	US	USD
840030011	Import Price Index m/m	2025.04.15 15:30:00	-0.1	0.1	0.4	0.2	2	US	USD
840030013	Export Price Index m/m	2025.04.15 15:30:00	0.0	0.1	0.1	0.5	2	US	USD
840230001	NY Fed Empire State Manufacturing Index	2025.04.15 15:30:00	-8.1	15.4	-20.0	nan	2	US	USD
840020012	Retail Control m/m	2025.04.16 15:30:00	0.4	0.3	1.0	1.3	2	US	USD
840050011	Fed Industrial Production m/m	2025.04.16 16:15:00	-0.3	0.1	0.7	0.8	2	US	USD
840050026	Fed Industrial Production y/y	2025.04.16 16:15:00	1.3	0.2	1.4	nan	2	US	USD
840020007	Business Inventories m/m	2025.04.16 17:00:00	0.2	0.2	0.3	nan	2	US	USD
840020027	Retail Inventories m/m	2025.04.16 17:00:00	0.1	0.1	0.1	nan	2	US	USD
840020028	Retail Inventories excl. Autos m/m	2025.04.16 17:00:00	0.1	nan	0.1	nan	2	US	USD
840200002	EIA Cushing Crude Oil Stocks Change	2025.04.16 17:30:00	-0.654	-0.451	0.681	nan	2	US	USD
840220019	20-Year Bond Auction	2025.04.16 20:00:00	4.81	nan	4.632	nan	2	US	USD
840220001	TIC Net Long-Term Transactions	2025.04.16 23:00:00	112.0	106.6	72.0	-42.2	2	US	USD
840020004	Housing Starts	2025.04.17 15:30:00	1.324	1.445	1.501	1.494	2	US	USD
840020005	Building Permits	2025.04.17 15:30:00	1.467	1.514	1.456	1.459	2	US	USD
840020015	Housing Starts m/m	2025.04.17 15:30:00	-11.4	-4.0	11.2	9.8	2	US	USD
840070002	Philadelphia Fed Employment	2025.04.17 15:30:00	0.2	9.7	19.7	nan	2	US	USD
840140002	Continuing Jobless Claims	2025.04.17 15:30:00	1.885	1.821	1.85	1.844	2	US	USD
840220016	5-Year TIPS Auction	2025.04.17 18:30:00	1.702	nan	2.121	nan	2	US	USD
840100001	Baker Hughes US Oil Rig Count	2025.04.17 20:00:00	481.0	nan	480.0	nan	2	US	USD
840100002	Baker Hughes US Total Rig Count	2025.04.17 20:00:00	585.0	nan	583.0	nan	2	US	USD
840520003	CFTC Gold Non-Commercial Net Positions	2025.04.18 22:30:00	202.2	nan	200.7	nan	2	US	USD
840520004	CFTC Crude Oil Non-Commercial Net Positions	2025.04.18 22:30:00	146.4	nan	139.6	nan	2	US	USD
840520005	CFTC S&P 500 Non-Commercial Net Positions	2025.04.18 22:30:00	-63.1	nan	-28.7	nan	2	US	USD
840520011	CFTC Nasdaq 100 Non-Commercial Net Positions	2025.04.18 22:30:00	31.8	nan	24.3	nan	2	US	USD
840180001	CB Leading Economic Index m/m	2025.04.21 17:00:00	-0.7	-0.5	-0.3	nan	2	US	USD
840220010	2-Year Note Auction	2025.04.22 20:00:00	3.795	nan	3.984	nan	2	US	USD
840020009	New Home Sales m/m	2025.04.23 17:00:00	7.4	5.1	1.8	3.1	2	US	USD
840200002	EIA Cushing Crude Oil Stocks Change	2025.04.23 17:30:00	-0.086	-0.508	-0.654	nan	2	US	USD
840220012	5-Year Note Auction	2025.04.23 20:00:00	3.995	nan	4.1	nan	2	US	USD
840020014	Core Durable Goods Orders m/m	2025.04.24 15:30:00	0.0	0.4	0.7	nan	2	US	USD
840140002	Continuing Jobless Claims	2025.04.24 15:30:00	1.841	1.877	1.885	1.878	2	US	USD
840120002	Existing Home Sales m/m	2025.04.24 17:00:00	-5.9	0.3	4.2	4.4	2	US	USD
840220013	7-Year Note Auction	2025.04.24 20:00:00	4.123	nan	4.233	nan	2	US	USD
840210001	Michigan Consumer Sentiment	2025.04.25 17:00:00	52.2	50.8	50.8	nan	2	US	USD
840210002	Michigan Consumer Expectations	2025.04.25 17:00:00	47.3	47.2	47.2	nan	2	US	USD
840210004	Michigan Inflation Expectations	2025.04.25 17:00:00	6.5	6.7	6.7	nan	2	US	USD
840210005	Michigan 5-Year Inflation Expectations	2025.04.25 17:00:00	4.4	4.4	4.4	nan	2	US	USD
840100001	Baker Hughes US Oil Rig Count	2025.04.25 20:00:00	483.0	nan	481.0	nan	2	US	USD
840100002	Baker Hughes US Total Rig Count	2025.04.25 20:00:00	587.0	nan	585.0	nan	2	US	USD
840520003	CFTC Gold Non-Commercial Net Positions	2025.04.25 22:30:00	175.4	nan	202.2	nan	2	US	USD
840520004	CFTC Crude Oil Non-Commercial Net Positions	2025.04.25 22:30:00	171.0	nan	146.4	nan	2	US	USD
840520005	CFTC S&P 500 Non-Commercial Net Positions	2025.04.25 22:30:00	-75.9	nan	-63.1	nan	2	US	USD
840520011	CFTC Nasdaq 100 Non-Commercial Net Positions	2025.04.25 22:30:00	37.7	nan	31.8	nan	2	US	USD
840020019	Goods Trade Balance	2025.04.29 15:30:00	-161.985	-163.347	-147.914	-147.849	2	US	USD
840020027	Retail Inventories m/m	2025.04.29 15:30:00	-0.1	-0.1	0.1	-0.1	2	US	USD
840020028	Retail Inventories excl. Autos m/m	2025.04.29 15:30:00	0.4	nan	0.1	nan	2	US	USD
840170001	S&P/CS HPI Composite-20 y/y	2025.04.29 16:00:00	4.5	4.7	4.67	nan	2	US	USD
840170002	S&P/CS HPI Composite-20 n.s.a. m/m	2025.04.29 16:00:00	0.7	0.5	0.1	0.1	2	US	USD
840030025	Employment Cost Index q/q	2025.04.30 15:30:00	0.9	0.9	0.9	nan	2	US	USD
840010016	Real PCE q/q	2025.04.30 15:30:00	1.8	4.1	4.0	nan	2	US	USD
840120003	Pending Home Sales m/m	2025.04.30 17:00:00	6.1	-2.4	2.0	2.1	2	US	USD
840010003	PCE Price Index m/m	2025.04.30 17:00:00	0.0	0.2	0.3	0.4	2	US	USD
840010004	PCE Price Index y/y	2025.04.30 17:00:00	2.3	2.3	2.5	2.7	2	US	USD
840010005	Personal Spending m/m	2025.04.30 17:00:00	0.7	0.2	0.4	0.5	2	US	USD
840200002	EIA Cushing Crude Oil Stocks Change	2025.04.30 17:30:00	0.682	-0.501	-0.086	nan	2	US	USD
840140002	Continuing Jobless Claims	2025.05.01 15:30:00	1.916	1.858	1.841	1.833	2	US	USD
840040004	ISM Manufacturing Employment	2025.05.01 17:00:00	46.5	46.4	44.7	nan	2	US	USD
840020002	Construction Spending m/m	2025.05.01 17:00:00	-0.5	0.0	0.7	0.6	2	US	USD
840030017	Participation Rate	2025.05.02 15:30:00	62.6	62.8	62.5	nan	2	US	USD
840030019	Average Hourly Earnings y/y	2025.05.02 15:30:00	3.8	4.0	3.8	nan	2	US	USD
840030023	Private Nonfarm Payrolls	2025.05.02 15:30:00	167.0	147.0	209.0	170.0	2	US	USD
840030024	U6 Unemployment Rate	2025.05.02 15:30:00	7.8	7.5	7.9	nan	2	US	USD
840020003	Factory Orders m/m	2025.05.02 17:00:00	4.3	0.8	0.6	0.5	2	US	USD
840100001	Baker Hughes US Oil Rig Count	2025.05.02 20:00:00	479.0	nan	483.0	nan	2	US	USD
840100002	Baker Hughes US Total Rig Count	2025.05.02 20:00:00	584.0	nan	587.0	nan	2	US	USD
840520003	CFTC Gold Non-Commercial Net Positions	2025.05.02 22:30:00	163.3	nan	175.4	nan	2	US	USD
840520004	CFTC Crude Oil Non-Commercial Net Positions	2025.05.02 22:30:00	177.2	nan	171.0	nan	2	US	USD
840520005	CFTC S&P 500 Non-Commercial Net Positions	2025.05.02 22:30:00	-78.7	nan	-75.9	nan	2	US	USD
840520011	CFTC Nasdaq 100 Non-Commercial Net Positions	2025.05.02 22:30:00	30.9	nan	37.7	nan	2	US	USD
840500003	S&P Global Composite PMI	2025.05.05 16:45:00	51.2	52.2	53.5	nan	2	US	USD
840040005	ISM Non-Manufacturing Employment	2025.05.05 17:00:00	49.0	47.7	46.2	nan	2	US	USD
840220011	3-Year Note Auction	2025.05.05 20:00:00	3.824	nan	3.784	nan	2	US	USD
840020001	Trade Balance	2025.05.06 15:30:00	-140.498	-145.146	-122.662	-123.195	2	US	USD
840020023	Exports	2025.05.06 15:30:00	278.456	nan	278.458	278.0	2	US	USD
840020024	Imports	2025.05.06 15:30:00	418.955	nan	401.12	401.195	2	US	USD
840200002	EIA Cushing Crude Oil Stocks Change	2025.05.07 17:30:00	-0.74	-1.509	0.682	nan	2	US	USD
840050013	Fed Consumer Credit m/m	2025.05.07 22:00:00	10.17	13.26	-0.81	-0.61	2	US	USD
840030028	Nonfarm Productivity q/q	2025.05.08 15:30:00	-0.8	0.2	1.5	1.7	2	US	USD
840030029	Unit Labor Costs q/q	2025.05.08 15:30:00	5.7	3.3	2.2	2.0	2	US	USD
840140002	Continuing Jobless Claims	2025.05.08 15:30:00	1.879	1.875	1.916	1.908	2	US	USD
840100001	Baker Hughes US Oil Rig Count	2025.05.09 20:00:00	474.0	nan	479.0	nan	2	US	USD
840100002	Baker Hughes US Total Rig Count	2025.05.09 20:00:00	578.0	nan	584.0	nan	2	US	USD
840520003	CFTC Gold Non-Commercial Net Positions	2025.05.09 22:30:00	162.5	nan	163.3	nan	2	US	USD
840520004	CFTC Crude Oil Non-Commercial Net Positions	2025.05.09 22:30:00	175.4	nan	177.2	nan	2	US	USD
840520005	CFTC S&P 500 Non-Commercial Net Positions	2025.05.09 22:30:00	-76.4	nan	-78.7	nan	2	US	USD
840520011	CFTC Nasdaq 100 Non-Commercial Net Positions	2025.05.09 22:30:00	32.8	nan	30.9	nan	2	US	USD
840150001	Federal Budget Balance	2025.05.12 21:00:00	258.4	-215.9	-160.5	nan	2	US	USD
840030008	Core CPI y/y	2025.05.13 15:30:00	2.8	2.7	2.8	nan	2	US	USD
840200002	EIA Cushing Crude Oil Stocks Change	2025.05.14 17:30:00	-1.069	0.067	-0.74	nan	2	US	USD
840020012	Retail Control m/m	2025.05.15 15:30:00	-0.2	0.0	0.4	0.5	2	US	USD
840070002	Philadelphia Fed Employment	2025.05.15 15:30:00	16.5	7.7	0.2	nan	2	US	USD
840030002	Core PPI m/m	2025.05.15 15:30:00	-0.4	0.1	-0.1	0.4	2	US	USD
840230001	NY Fed Empire State Manufacturing Index	2025.05.15 15:30:00	-9.2	-21.4	-8.1	nan	2	US	USD
840140002	Continuing Jobless Claims	2025.05.15 15:30:00	1.881	1.917	1.879	1.872	2	US	USD
840050011	Fed Industrial Production m/m	2025.05.15 16:15:00	0.0	0.0	-0.3	nan	2	US	USD
840050026	Fed Industrial Production y/y	2025.05.15 16:15:00	1.5	0.0	1.3	nan	2	US	USD
840020007	Business Inventories m/m	2025.05.15 17:00:00	0.1	0.0	0.2	nan	2	US	USD
840020027	Retail Inventories m/m	2025.05.15 17:00:00	-0.2	-0.1	-0.1	nan	2	US	USD
840020028	Retail Inventories excl. Autos m/m	2025.05.15 17:00:00	0.4	nan	0.4	nan	2	US	USD
840020004	Housing Starts	2025.05.16 15:30:00	1.361	1.413	1.324	1.339	2	US	USD
840020005	Building Permits	2025.05.16 15:30:00	1.412	1.517	1.467	1.481	2	US	USD
840020015	Housing Starts m/m	2025.05.16 15:30:00	1.6	-3.6	-11.4	-10.1	2	US	USD
840030011	Import Price Index m/m	2025.05.16 15:30:00	0.1	0.1	-0.1	-0.4	2	US	USD
840030013	Export Price Index m/m	2025.05.16 15:30:00	0.1	0.1	0.0	0.1	2	US	USD
840210001	Michigan Consumer Sentiment	2025.05.16 17:00:00	50.8	49.3	52.2	nan	2	US	USD
840210002	Michigan Consumer Expectations	2025.05.16 17:00:00	46.5	52.2	47.3	nan	2	US	USD
840210004	Michigan Inflation Expectations	2025.05.16 17:00:00	7.3	7.7	6.5	nan	2	US	USD
840210005	Michigan 5-Year Inflation Expectations	2025.05.16 17:00:00	4.6	4.5	4.4	nan	2	US	USD
840100001	Baker Hughes US Oil Rig Count	2025.05.16 20:00:00	473.0	nan	474.0	nan	2	US	USD
840100002	Baker Hughes US Total Rig Count	2025.05.16 20:00:00	576.0	nan	578.0	nan	2	US	USD
840520003	CFTC Gold Non-Commercial Net Positions	2025.05.16 22:30:00	161.2	nan	162.5	nan	2	US	USD
840520004	CFTC Crude Oil Non-Commercial Net Positions	2025.05.16 22:30:00	185.3	nan	175.4	nan	2	US	USD
840520005	CFTC S&P 500 Non-Commercial Net Positions	2025.05.16 22:30:00	-122.2	nan	-76.4	nan	2	US	USD
840520011	CFTC Nasdaq 100 Non-Commercial Net Positions	2025.05.16 22:30:00	19.5	nan	32.8	nan	2	US	USD
840220001	TIC Net Long-Term Transactions	2025.05.16 23:00:00	161.8	103.5	112.0	112.9	2	US	USD
840180001	CB Leading Economic Index m/m	2025.05.19 17:00:00	-1.0	-0.3	-0.7	nan	2	US	USD
840200002	EIA Cushing Crude Oil Stocks Change	2025.05.21 17:30:00	-0.457	-0.14	-1.069	nan	2	US	USD
840220019	20-Year Bond Auction	2025.05.21 20:00:00	5.047	nan	4.81	nan	2	US	USD
840140002	Continuing Jobless Claims	2025.05.22 15:30:00	1.903	1.833	1.881	1.867	2	US	USD
840120002	Existing Home Sales m/m	2025.05.22 17:00:00	-0.5	-8.5	-5.9	nan	2	US	USD
840220017	10-Year TIPS Auction	2025.05.22 20:00:00	2.22	nan	1.935	nan	2	US	USD
840020009	New Home Sales m/m	2025.05.23 17:00:00	10.9	-12.3	7.4	2.6	2	US	USD
840100001	Baker Hughes US Oil Rig Count	2025.05.23 20:00:00	465.0	nan	473.0	nan	2	US	USD
840100002	Baker Hughes US Total Rig Count	2025.05.23 20:00:00	566.0	nan	576.0	nan	2	US	USD
840520003	CFTC Gold Non-Commercial Net Positions	2025.05.23 22:30:00	164.0	nan	161.2	nan	2	US	USD
840520004	CFTC Crude Oil Non-Commercial Net Positions	2025.05.23 22:30:00	186.4	nan	185.3	nan	2	US	USD
840520005	CFTC S&P 500 Non-Commercial Net Positions	2025.05.23 22:30:00	-96.6	nan	-122.2	nan	2	US	USD
840520011	CFTC Nasdaq 100 Non-Commercial Net Positions	2025.05.23 22:30:00	14.5	nan	19.5	nan	2	US	USD
840020014	Core Durable Goods Orders m/m	2025.05.27 15:30:00	0.2	0.2	0.0	-0.2	2	US	USD
840170001	S&P/CS HPI Composite-20 y/y	2025.05.27 16:00:00	4.1	4.4	4.5	nan	2	US	USD
840170002	S&P/CS HPI Composite-20 n.s.a. m/m	2025.05.27 16:00:00	1.1	1.1	0.7	0.7	2	US	USD
840220010	2-Year Note Auction	2025.05.27 20:00:00	3.955	nan	3.795	nan	2	US	USD
840220012	5-Year Note Auction	2025.05.28 20:00:00	4.071	nan	3.995	nan	2	US	USD
840010016	Real PCE q/q	2025.05.29 15:30:00	1.2	1.8	1.8	nan	2	US	USD
840140002	Continuing Jobless Claims	2025.05.29 15:30:00	1.919	1.931	1.903	1.893	2	US	USD
840120003	Pending Home Sales m/m	2025.05.29 17:00:00	-6.3	-0.9	6.1	5.5	2	US	USD
840200002	EIA Cushing Crude Oil Stocks Change	2025.05.29 19:00:00	0.075	-0.106	-0.457	nan	2	US	USD
840220013	7-Year Note Auction	2025.05.29 20:00:00	4.194	nan	4.123	nan	2	US	USD
840020019	Goods Trade Balance	2025.05.30 15:30:00	-87.624	-177.209	-161.985	-162.253	2	US	USD
840020027	Retail Inventories m/m	2025.05.30 15:30:00	-0.1	0.1	-0.2	-0.3	2	US	USD
840020028	Retail Inventories excl. Autos m/m	2025.05.30 15:30:00	0.3	nan	0.4	0.3	2	US	USD
840010003	PCE Price Index m/m	2025.05.30 15:30:00	0.1	0.1	0.0	nan	2	US	USD
840010004	PCE Price Index y/y	2025.05.30 15:30:00	2.1	2.2	2.3	nan	2	US	USD
840010005	Personal Spending m/m	2025.05.30 15:30:00	0.2	0.4	0.7	nan	2	US	USD
840210001	Michigan Consumer Sentiment	2025.05.30 17:00:00	52.2	50.8	50.8	nan	2	US	USD
840210002	Michigan Consumer Expectations	2025.05.30 17:00:00	47.9	46.5	46.5	nan	2	US	USD
840210004	Michigan Inflation Expectations	2025.05.30 17:00:00	6.6	7.3	7.3	nan	2	US	USD
840210005	Michigan 5-Year Inflation Expectations	2025.05.30 17:00:00	4.2	4.6	4.6	nan	2	US	USD
840100001	Baker Hughes US Oil Rig Count	2025.05.30 20:00:00	461.0	nan	465.0	nan	2	US	USD
840100002	Baker Hughes US Total Rig Count	2025.05.30 20:00:00	563.0	nan	566.0	nan	2	US	USD
840520003	CFTC Gold Non-Commercial Net Positions	2025.05.30 22:30:00	174.2	nan	164.0	nan	2	US	USD
840520004	CFTC Crude Oil Non-Commercial Net Positions	2025.05.30 22:30:00	165.7	nan	186.4	nan	2	US	USD
840520005	CFTC S&P 500 Non-Commercial Net Positions	2025.05.30 22:30:00	-53.0	nan	-96.6	nan	2	US	USD
840520011	CFTC Nasdaq 100 Non-Commercial Net Positions	2025.05.30 22:30:00	17.0	nan	14.5	nan	2	US	USD
840020002	Construction Spending m/m	2025.06.02 17:00:00	-0.4	0.0	-0.5	-0.8	2	US	USD
840040004	ISM Manufacturing Employment	2025.06.02 17:00:00	46.8	46.4	46.5	nan	2	US	USD
840020003	Factory Orders m/m	2025.06.03 17:00:00	-3.7	1.7	4.3	3.4	2	US	USD
840500003	S&P Global Composite PMI	2025.06.04 16:45:00	52.1	51.4	51.2	nan	2	US	USD
840040005	ISM Non-Manufacturing Employment	2025.06.04 17:00:00	50.7	48.6	49.0	nan	2	US	USD
840200002	EIA Cushing Crude Oil Stocks Change	2025.06.04 17:30:00	0.576	-0.104	0.075	nan	2	US	USD
840020001	Trade Balance	2025.06.05 15:30:00	-61.617	-154.693	-140.498	-138.316	2	US	USD
840020023	Exports	2025.06.05 15:30:00	289.37	nan	278.456	281.074	2	US	USD
840020024	Imports	2025.06.05 15:30:00	350.987	nan	418.955	419.391	2	US	USD
840030028	Nonfarm Productivity q/q	2025.06.05 15:30:00	-1.5	-0.8	-0.8	nan	2	US	USD
840030029	Unit Labor Costs q/q	2025.06.05 15:30:00	6.6	5.7	5.7	nan	2	US	USD
840140002	Continuing Jobless Claims	2025.06.05 15:30:00	1.904	1.902	1.919	1.907	2	US	USD
840030017	Participation Rate	2025.06.06 15:30:00	62.4	62.6	62.6	nan	2	US	USD
840030019	Average Hourly Earnings y/y	2025.06.06 15:30:00	3.9	3.8	3.8	nan	2	US	USD
840030023	Private Nonfarm Payrolls	2025.06.06 15:30:00	140.0	66.0	167.0	146.0	2	US	USD
840030024	U6 Unemployment Rate	2025.06.06 15:30:00	7.8	8.0	7.8	nan	2	US	USD
840100001	Baker Hughes US Oil Rig Count	2025.06.06 20:00:00	442.0	nan	461.0	nan	2	US	USD
840100002	Baker Hughes US Total Rig Count	2025.06.06 20:00:00	559.0	nan	563.0	nan	2	US	USD
840050013	Fed Consumer Credit m/m	2025.06.06 22:00:00	17.87	13.3	10.17	-3.4	2	US	USD
840520003	CFTC Gold Non-Commercial Net Positions	2025.06.06 22:30:00	187.9	nan	174.2	nan	2	US	USD
840520004	CFTC Crude Oil Non-Commercial Net Positions	2025.06.06 22:30:00	168.0	nan	165.7	nan	2	US	USD
840520005	CFTC S&P 500 Non-Commercial Net Positions	2025.06.06 22:30:00	-69.4	nan	-53.0	nan	2	US	USD
840520011	CFTC Nasdaq 100 Non-Commercial Net Positions	2025.06.06 22:30:00	14.7	nan	17.0	nan	2	US	USD
840220011	3-Year Note Auction	2025.06.10 20:00:00	3.972	nan	3.824	nan	2	US	USD
840030008	Core CPI y/y	2025.06.11 15:30:00	2.8	2.6	2.8	nan	2	US	USD
840200002	EIA Cushing Crude Oil Stocks Change	2025.06.11 17:30:00	-0.403	-0.116	0.576	nan	2	US	USD
840150001	Federal Budget Balance	2025.06.11 21:00:00	-316.0	122.4	258.4	nan	2	US	USD
840030002	Core PPI m/m	2025.06.12 15:30:00	0.1	-0.1	-0.4	-0.2	2	US	USD
840140002	Continuing Jobless Claims	2025.06.12 15:30:00	1.956	1.898	1.904	1.902	2	US	USD
840210001	Michigan Consumer Sentiment	2025.06.13 17:00:00	60.5	51.9	52.2	nan	2	US	USD
840210002	Michigan Consumer Expectations	2025.06.13 17:00:00	58.4	47.1	47.9	nan	2	US	USD
840210004	Michigan Inflation Expectations	2025.06.13 17:00:00	5.1	7.6	6.6	nan	2	US	USD
840210005	Michigan 5-Year Inflation Expectations	2025.06.13 17:00:00	4.1	4.0	4.2	nan	2	US	USD
840100001	Baker Hughes US Oil Rig Count	2025.06.13 20:00:00	439.0	nan	442.0	nan	2	US	USD
840100002	Baker Hughes US Total Rig Count	2025.06.13 20:00:00	555.0	nan	559.0	nan	2	US	USD
840520003	CFTC Gold Non-Commercial Net Positions	2025.06.13 22:30:00	187.5	nan	187.9	nan	2	US	USD
840520004	CFTC Crude Oil Non-Commercial Net Positions	2025.06.13 22:30:00	191.9	nan	168.0	nan	2	US	USD
840520005	CFTC S&P 500 Non-Commercial Net Positions	2025.06.13 22:30:00	-127.7	nan	-69.4	nan	2	US	USD
840520011	CFTC Nasdaq 100 Non-Commercial Net Positions	2025.06.13 22:30:00	17.7	nan	14.7	nan	2	US	USD
840230001	NY Fed Empire State Manufacturing Index	2025.06.16 15:30:00	-16.0	-6.0	-9.2	nan	2	US	USD
840220019	20-Year Bond Auction	2025.06.16 20:00:00	4.942	nan	5.047	nan	2	US	USD
840020012	Retail Control m/m	2025.06.17 15:30:00	0.4	0.4	-0.2	-0.1	2	US	USD
840030011	Import Price Index m/m	2025.06.17 15:30:00	0.0	0.0	0.1	nan	2	US	USD
840030013	Export Price Index m/m	2025.06.17 15:30:00	-0.9	0.1	0.1	nan	2	US	USD
840050011	Fed Industrial Production m/m	2025.06.17 16:15:00	-0.2	-0.2	0.0	0.1	2	US	USD
840050026	Fed Industrial Production y/y	2025.06.17 16:15:00	0.6	0.0	1.5	nan	2	US	USD
840020007	Business Inventories m/m	2025.06.17 17:00:00	0.0	0.3	0.1	nan	2	US	USD
840020027	Retail Inventories m/m	2025.06.17 17:00:00	0.0	-0.1	-0.1	nan	2	US	USD
840020028	Retail Inventories excl. Autos m/m	2025.06.17 17:00:00	0.3	nan	0.3	nan	2	US	USD
840220016	5-Year TIPS Auction	2025.06.17 20:00:00	1.65	nan	1.702	nan	2	US	USD
840020004	Housing Starts	2025.06.18 15:30:00	1.256	1.381	1.361	1.392	2	US	USD
840020005	Building Permits	2025.06.18 15:30:00	1.393	1.475	1.412	1.422	2	US	USD
840020015	Housing Starts m/m	2025.06.18 15:30:00	-9.8	-0.1	1.6	2.7	2	US	USD
840140002	Continuing Jobless Claims	2025.06.18 15:30:00	1.945	1.918	1.956	1.951	2	US	USD
840200002	EIA Cushing Crude Oil Stocks Change	2025.06.18 17:30:00	-0.995	-0.088	-0.403	nan	2	US	USD
840220001	TIC Net Long-Term Transactions	2025.06.18 23:00:00	-7.8	130.0	161.8	162.4	2	US	USD
840070002	Philadelphia Fed Employment	2025.06.20 15:30:00	-9.8	10.5	16.5	nan	2	US	USD
840180001	CB Leading Economic Index m/m	2025.06.20 17:00:00	-0.1	-0.8	-1.0	nan	2	US	USD
840100001	Baker Hughes US Oil Rig Count	2025.06.20 20:00:00	438.0	nan	439.0	nan	2	US	USD
840100002	Baker Hughes US Total Rig Count	2025.06.20 20:00:00	554.0	nan	555.0	nan	2	US	USD
840120002	Existing Home Sales m/m	2025.06.23 17:00:00	0.8	-0.1	-0.5	nan	2	US	USD
840520003	CFTC Gold Non-Commercial Net Positions	2025.06.23 22:30:00	200.6	nan	187.5	nan	2	US	USD
840520004	CFTC Crude Oil Non-Commercial Net Positions	2025.06.23 22:30:00	231.0	nan	191.9	nan	2	US	USD
840520005	CFTC S&P 500 Non-Commercial Net Positions	2025.06.23 22:30:00	-174.1	nan	-127.7	nan	2	US	USD
840520011	CFTC Nasdaq 100 Non-Commercial Net Positions	2025.06.23 22:30:00	15.7	nan	17.7	nan	2	US	USD
840010015	Current Account	2025.06.24 15:30:00	-450.17	-315.78	-303.942	-311.967	2	US	USD
840170001	S&P/CS HPI Composite-20 y/y	2025.06.24 16:00:00	3.4	3.8	4.1	nan	2	US	USD
840170002	S&P/CS HPI Composite-20 n.s.a. m/m	2025.06.24 16:00:00	0.7	0.9	1.1	1.1	2	US	USD
840220010	2-Year Note Auction	2025.06.24 20:00:00	3.786	nan	3.955	nan	2	US	USD
840020009	New Home Sales m/m	2025.06.25 17:00:00	-13.7	-9.0	10.9	9.6	2	US	USD
840200002	EIA Cushing Crude Oil Stocks Change	2025.06.25 17:30:00	-0.464	-0.068	-0.995	nan	2	US	USD
840220012	5-Year Note Auction	2025.06.25 20:00:00	3.879	nan	4.071	nan	2	US	USD
840020014	Core Durable Goods Orders m/m	2025.06.26 15:30:00	0.5	0.1	0.2	0.0	2	US	USD
840020019	Goods Trade Balance	2025.06.26 15:30:00	-96.587	-144.702	-87.624	-86.965	2	US	USD
840020027	Retail Inventories m/m	2025.06.26 15:30:00	-0.1	0.0	0.0	-0.3	2	US	USD
840020028	Retail Inventories excl. Autos m/m	2025.06.26 15:30:00	0.2	nan	0.3	nan	2	US	USD
840010016	Real PCE q/q	2025.06.26 15:30:00	0.5	1.2	1.2	nan	2	US	USD
840140002	Continuing Jobless Claims	2025.06.26 15:30:00	1.974	1.971	1.945	1.937	2	US	USD
840120003	Pending Home Sales m/m	2025.06.26 17:00:00	1.8	-0.9	-6.3	nan	2	US	USD
840220013	7-Year Note Auction	2025.06.26 20:00:00	4.022	nan	4.194	nan	2	US	USD
840010003	PCE Price Index m/m	2025.06.27 15:30:00	0.1	0.2	0.1	nan	2	US	USD
840010004	PCE Price Index y/y	2025.06.27 15:30:00	2.3	2.1	2.1	2.2	2	US	USD
840010005	Personal Spending m/m	2025.06.27 15:30:00	-0.1	0.5	0.2	nan	2	US	USD
840210001	Michigan Consumer Sentiment	2025.06.27 17:00:00	60.7	60.5	60.5	nan	2	US	USD
840210002	Michigan Consumer Expectations	2025.06.27 17:00:00	58.1	58.4	58.4	nan	2	US	USD
840210004	Michigan Inflation Expectations	2025.06.27 17:00:00	5.0	5.1	5.1	nan	2	US	USD
840210005	Michigan 5-Year Inflation Expectations	2025.06.27 17:00:00	4.0	4.1	4.1	nan	2	US	USD
840100001	Baker Hughes US Oil Rig Count	2025.06.27 20:00:00	432.0	nan	438.0	nan	2	US	USD
840100002	Baker Hughes US Total Rig Count	2025.06.27 20:00:00	547.0	nan	554.0	nan	2	US	USD
840520003	CFTC Gold Non-Commercial Net Positions	2025.06.27 22:30:00	195.0	nan	200.6	nan	2	US	USD
840520004	CFTC Crude Oil Non-Commercial Net Positions	2025.06.27 22:30:00	233.0	nan	231.0	nan	2	US	USD
840520005	CFTC S&P 500 Non-Commercial Net Positions	2025.06.27 22:30:00	-144.8	nan	-174.1	nan	2	US	USD
840520011	CFTC Nasdaq 100 Non-Commercial Net Positions	2025.06.27 22:30:00	16.5	nan	15.7	nan	2	US	USD
840040004	ISM Manufacturing Employment	2025.07.01 17:00:00	45.0	46.1	46.8	nan	2	US	USD
840020002	Construction Spending m/m	2025.07.01 17:00:00	-0.3	-0.2	-0.4	-0.2	2	US	USD
840200002	EIA Cushing Crude Oil Stocks Change	2025.07.02 17:30:00	-1.493	-0.045	-0.464	nan	2	US	USD
840020001	Trade Balance	2025.07.03 15:30:00	-71.517	-101.325	-61.617	-60.257	2	US	USD
840020023	Exports	2025.07.03 15:30:00	279.0	nan	289.37	290.572	2	US	USD
840020024	Imports	2025.07.03 15:30:00	350.517	nan	350.987	350.829	2	US	USD
840030017	Participation Rate	2025.07.03 15:30:00	62.3	62.5	62.4	nan	2	US	USD
840030019	Average Hourly Earnings y/y	2025.07.03 15:30:00	3.7	3.8	3.9	nan	2	US	USD
840030023	Private Nonfarm Payrolls	2025.07.03 15:30:00	74.0	88.0	140.0	137.0	2	US	USD
840030024	U6 Unemployment Rate	2025.07.03 15:30:00	7.7	7.6	7.8	nan	2	US	USD
840140002	Continuing Jobless Claims	2025.07.03 15:30:00	1.964	1.962	1.974	1.964	2	US	USD
840500003	S&P Global Composite PMI	2025.07.03 16:45:00	52.8	51.4	52.1	nan	2	US	USD
840040005	ISM Non-Manufacturing Employment	2025.07.03 17:00:00	47.2	48.3	50.7	nan	2	US	USD
840020003	Factory Orders m/m	2025.07.03 17:00:00	8.2	-0.9	-3.7	-3.9	2	US	USD
840100001	Baker Hughes US Oil Rig Count	2025.07.03 20:00:00	425.0	nan	432.0	nan	2	US	USD
840100002	Baker Hughes US Total Rig Count	2025.07.03 20:00:00	539.0	nan	547.0	nan	2	US	USD
840520003	CFTC Gold Non-Commercial Net Positions	2025.07.07 22:30:00	202.0	nan	195.0	nan	2	US	USD
840520004	CFTC Crude Oil Non-Commercial Net Positions	2025.07.07 22:30:00	234.7	nan	233.0	nan	2	US	USD
840520005	CFTC S&P 500 Non-Commercial Net Positions	2025.07.07 22:30:00	-86.8	nan	-144.8	nan	2	US	USD
840520011	CFTC Nasdaq 100 Non-Commercial Net Positions	2025.07.07 22:30:00	27.1	nan	16.5	nan	2	US	USD
840220011	3-Year Note Auction	2025.07.08 20:00:00	3.891	nan	3.972	nan	2	US	USD
840050013	Fed Consumer Credit m/m	2025.07.08 22:00:00	5.1	13.27	17.87	16.87	2	US	USD
840200002	EIA Cushing Crude Oil Stocks Change	2025.07.09 17:30:00	0.464	-0.095	-1.493	nan	2	US	USD
840140002	Continuing Jobless Claims	2025.07.10 15:30:00	1.965	1.998	1.964	1.955	2	US	USD
840100001	Baker Hughes US Oil Rig Count	2025.07.11 20:00:00	424.0	nan	425.0	nan	2	US	USD
840100002	Baker Hughes US Total Rig Count	2025.07.11 20:00:00	537.0	nan	539.0	nan	2	US	USD
840150001	Federal Budget Balance	2025.07.11 21:00:00	27.0	-137.2	-316.0	-315.7	2	US	USD
840520003	CFTC Gold Non-Commercial Net Positions	2025.07.11 22:30:00	203.0	nan	202.0	nan	2	US	USD
840520004	CFTC Crude Oil Non-Commercial Net Positions	2025.07.11 22:30:00	209.4	nan	234.7	nan	2	US	USD
840520005	CFTC S&P 500 Non-Commercial Net Positions	2025.07.11 22:30:00	-140.0	nan	-86.8	nan	2	US	USD
840520011	CFTC Nasdaq 100 Non-Commercial Net Positions	2025.07.11 22:30:00	31.2	nan	27.1	nan	2	US	USD
840030008	Core CPI y/y	2025.07.15 15:30:00	2.9	2.7	2.8	nan	2	US	USD
840230001	NY Fed Empire State Manufacturing Index	2025.07.15 15:30:00	5.5	2.2	-16.0	nan	2	US	USD
840030002	Core PPI m/m	2025.07.16 15:30:00	0.0	0.1	0.1	0.4	2	US	USD
840050011	Fed Industrial Production m/m	2025.07.16 16:15:00	0.3	0.1	-0.2	0.0	2	US	USD
840050026	Fed Industrial Production y/y	2025.07.16 16:15:00	0.7	0.6	0.6	nan	2	US	USD
840200002	EIA Cushing Crude Oil Stocks Change	2025.07.16 17:30:00	0.213	-0.032	0.464	nan	2	US	USD
840020012	Retail Control m/m	2025.07.17 15:30:00	0.5	0.1	0.4	0.2	2	US	USD
840070002	Philadelphia Fed Employment	2025.07.17 15:30:00	10.3	-4.1	-9.8	nan	2	US	USD
840030011	Import Price Index m/m	2025.07.17 15:30:00	0.1	-0.1	0.0	-0.4	2	US	USD
840030013	Export Price Index m/m	2025.07.17 15:30:00	0.5	0.1	-0.9	-0.6	2	US	USD
840140002	Continuing Jobless Claims	2025.07.17 15:30:00	1.956	1.958	1.965	1.954	2	US	USD
840020007	Business Inventories m/m	2025.07.17 17:00:00	0.0	0.3	0.0	nan	2	US	USD
840020027	Retail Inventories m/m	2025.07.17 17:00:00	0.3	-0.1	-0.1	nan	2	US	USD
840020028	Retail Inventories excl. Autos m/m	2025.07.17 17:00:00	0.2	nan	0.2	nan	2	US	USD
840220001	TIC Net Long-Term Transactions	2025.07.17 23:00:00	259.4	63.1	-7.8	-8.2	2	US	USD
840020004	Housing Starts	2025.07.18 15:30:00	1.321	1.333	1.256	1.263	2	US	USD
840020005	Building Permits	2025.07.18 15:30:00	1.397	1.456	1.393	1.394	2	US	USD
840020015	Housing Starts m/m	2025.07.18 15:30:00	4.6	7.0	-9.8	-9.7	2	US	USD
840210001	Michigan Consumer Sentiment	2025.07.18 17:00:00	61.8	65.5	60.7	nan	2	US	USD
840210002	Michigan Consumer Expectations	2025.07.18 17:00:00	58.6	60.3	58.1	nan	2	US	USD
840210004	Michigan Inflation Expectations	2025.07.18 17:00:00	4.4	5.7	5.0	nan	2	US	USD
840210005	Michigan 5-Year Inflation Expectations	2025.07.18 17:00:00	3.6	3.8	4.0	nan	2	US	USD
840100001	Baker Hughes US Oil Rig Count	2025.07.18 20:00:00	422.0	nan	424.0	nan	2	US	USD
840100002	Baker Hughes US Total Rig Count	2025.07.18 20:00:00	544.0	nan	537.0	nan	2	US	USD
840520003	CFTC Gold Non-Commercial Net Positions	2025.07.18 22:30:00	213.1	nan	203.0	nan	2	US	USD
840520004	CFTC Crude Oil Non-Commercial Net Positions	2025.07.18 22:30:00	162.4	nan	209.4	nan	2	US	USD
840520005	CFTC S&P 500 Non-Commercial Net Positions	2025.07.18 22:30:00	-167.8	nan	-140.0	nan	2	US	USD
840520011	CFTC Nasdaq 100 Non-Commercial Net Positions	2025.07.18 22:30:00	34.9	nan	31.2	nan	2	US	USD
840180001	CB Leading Economic Index m/m	2025.07.21 17:00:00	-0.3	-0.3	-0.1	nan	2	US	USD
840120002	Existing Home Sales m/m	2025.07.23 17:00:00	-2.7	-1.1	0.8	1.0	2	US	USD
840200002	EIA Cushing Crude Oil Stocks Change	2025.07.23 17:30:00	0.455	-0.193	0.213	nan	2	US	USD
840220019	20-Year Bond Auction	2025.07.23 20:00:00	4.935	nan	4.942	nan	2	US	USD
840140002	Continuing Jobless Claims	2025.07.24 15:30:00	1.955	1.972	1.956	1.951	2	US	USD
840020009	New Home Sales m/m	2025.07.24 17:00:00	0.6	-3.2	-13.7	-11.6	2	US	USD
840220017	10-Year TIPS Auction	2025.07.24 20:00:00	1.985	nan	2.22	nan	2	US	USD
840020014	Core Durable Goods Orders m/m	2025.07.25 15:30:00	0.2	0.2	0.5	0.6	2	US	USD
840100001	Baker Hughes US Oil Rig Count	2025.07.25 20:00:00	415.0	nan	422.0	nan	2	US	USD
840100002	Baker Hughes US Total Rig Count	2025.07.25 20:00:00	542.0	nan	544.0	nan	2	US	USD
840520003	CFTC Gold Non-Commercial Net Positions	2025.07.25 22:30:00	253.0	nan	213.1	nan	2	US	USD
840520004	CFTC Crude Oil Non-Commercial Net Positions	2025.07.25 22:30:00	153.3	nan	162.4	nan	2	US	USD
840520005	CFTC S&P 500 Non-Commercial Net Positions	2025.07.25 22:30:00	-168.5	nan	-167.8	nan	2	US	USD
840520011	CFTC Nasdaq 100 Non-Commercial Net Positions	2025.07.25 22:30:00	30.7	nan	34.9	nan	2	US	USD
840220010	2-Year Note Auction	2025.07.28 18:30:00	3.92	nan	3.786	nan	2	US	USD
840220012	5-Year Note Auction	2025.07.28 20:00:00	3.983	nan	3.879	nan	2	US	USD
840020019	Goods Trade Balance	2025.07.29 15:30:00	-85.988	-128.313	-96.587	-96.423	2	US	USD
840020027	Retail Inventories m/m	2025.07.29 15:30:00	0.3	0.2	0.3	nan	2	US	USD
840020028	Retail Inventories excl. Autos m/m	2025.07.29 15:30:00	0.0	nan	0.2	0.1	2	US	USD
840170001	S&P/CS HPI Composite-20 y/y	2025.07.29 16:00:00	2.79	3.1	3.4	nan	2	US	USD
840170002	S&P/CS HPI Composite-20 n.s.a. m/m	2025.07.29 16:00:00	0.42	0.5	0.7	0.76	2	US	USD
840220013	7-Year Note Auction	2025.07.29 20:00:00	4.092	nan	4.022	nan	2	US	USD
840010016	Real PCE q/q	2025.07.30 15:30:00	1.4	0.8	0.5	nan	2	US	USD
840120003	Pending Home Sales m/m	2025.07.30 17:00:00	-0.8	1.6	1.8	nan	2	US	USD
840200002	EIA Cushing Crude Oil Stocks Change	2025.07.30 17:30:00	0.69	0.114	0.455	nan	2	US	USD
840030025	Employment Cost Index q/q	2025.07.31 15:30:00	0.9	0.9	0.9	nan	2	US	USD
840010003	PCE Price Index m/m	2025.07.31 15:30:00	0.3	0.2	0.1	0.2	2	US	USD
840010004	PCE Price Index y/y	2025.07.31 15:30:00	2.6	2.3	2.3	2.4	2	US	USD
840010005	Personal Spending m/m	2025.07.31 15:30:00	0.3	0.2	-0.1	0.0	2	US	USD
840140002	Continuing Jobless Claims	2025.07.31 15:30:00	1.946	1.966	1.955	1.946	2	US	USD
840030017	Participation Rate	2025.08.01 15:30:00	62.2	62.4	62.3	nan	2	US	USD
840030019	Average Hourly Earnings y/y	2025.08.01 15:30:00	3.9	3.8	3.7	nan	2	US	USD
840030023	Private Nonfarm Payrolls	2025.08.01 15:30:00	83.0	139.0	74.0	3.0	2	US	USD
840030024	U6 Unemployment Rate	2025.08.01 15:30:00	7.9	7.5	7.7	nan	2	US	USD
840040004	ISM Manufacturing Employment	2025.08.01 17:00:00	43.4	45.9	45.0	nan	2	US	USD
840210001	Michigan Consumer Sentiment	2025.08.01 17:00:00	61.7	61.8	61.8	nan	2	US	USD
840210002	Michigan Consumer Expectations	2025.08.01 17:00:00	57.7	58.6	58.6	nan	2	US	USD
840210004	Michigan Inflation Expectations	2025.08.01 17:00:00	4.5	4.4	4.4	nan	2	US	USD
840210005	Michigan 5-Year Inflation Expectations	2025.08.01 17:00:00	3.4	3.6	3.6	nan	2	US	USD
840020002	Construction Spending m/m	2025.08.01 17:00:00	-0.4	-0.2	-0.3	-0.4	2	US	USD
840100001	Baker Hughes US Oil Rig Count	2025.08.01 20:00:00	410.0	nan	415.0	nan	2	US	USD
840100002	Baker Hughes US Total Rig Count	2025.08.01 20:00:00	540.0	nan	542.0	nan	2	US	USD
840520003	CFTC Gold Non-Commercial Net Positions	2025.08.01 22:30:00	223.6	nan	253.0	nan	2	US	USD
840520004	CFTC Crude Oil Non-Commercial Net Positions	2025.08.01 22:30:00	156.0	nan	153.3	nan	2	US	USD
840520005	CFTC S&P 500 Non-Commercial Net Positions	2025.08.01 22:30:00	-163.2	nan	-168.5	nan	2	US	USD
840520011	CFTC Nasdaq 100 Non-Commercial Net Positions	2025.08.01 22:30:00	35.0	nan	30.7	nan	2	US	USD
840020003	Factory Orders m/m	2025.08.04 17:00:00	-4.8	3.6	8.2	8.3	2	US	USD
840020001	Trade Balance	2025.08.05 15:30:00	-60.177	-39.193	-71.517	-71.664	2	US	USD
840020023	Exports	2025.08.05 15:30:00	277.298	nan	279.0	278.646	2	US	USD
840020024	Imports	2025.08.05 15:30:00	337.475	nan	350.517	350.31	2	US	USD
840500003	S&P Global Composite PMI	2025.08.05 16:45:00	54.6	52.0	52.8	nan	2	US	USD
840040005	ISM Non-Manufacturing Employment	2025.08.05 17:00:00	46.4	47.8	47.2	nan	2	US	USD
840220011	3-Year Note Auction	2025.08.05 20:00:00	3.669	nan	3.891	nan	2	US	USD
840200002	EIA Cushing Crude Oil Stocks Change	2025.08.06 17:30:00	0.453	0.554	0.69	nan	2	US	USD
840030028	Nonfarm Productivity q/q	2025.08.07 15:30:00	2.4	-0.6	-1.5	-1.8	2	US	USD
840030029	Unit Labor Costs q/q	2025.08.07 15:30:00	1.6	3.7	6.6	6.9	2	US	USD
840140002	Continuing Jobless Claims	2025.08.07 15:30:00	1.974	1.956	1.946	1.936	2	US	USD
840050013	Fed Consumer Credit m/m	2025.08.07 22:00:00	7.37	11.26	5.1	5.13	2	US	USD
840100001	Baker Hughes US Oil Rig Count	2025.08.08 20:00:00	411.0	nan	410.0	nan	2	US	USD
840100002	Baker Hughes US Total Rig Count	2025.08.08 20:00:00	539.0	nan	540.0	nan	2	US	USD
840520003	CFTC Gold Non-Commercial Net Positions	2025.08.08 22:30:00	237.1	nan	223.6	nan	2	US	USD
840520004	CFTC Crude Oil Non-Commercial Net Positions	2025.08.08 22:30:00	141.8	nan	156.0	nan	2	US	USD
840520005	CFTC S&P 500 Non-Commercial Net Positions	2025.08.08 22:30:00	-139.6	nan	-163.2	nan	2	US	USD
840520011	CFTC Nasdaq 100 Non-Commercial Net Positions	2025.08.08 22:30:00	33.8	nan	35.0	nan	2	US	USD
840030008	Core CPI y/y	2025.08.12 15:30:00	3.1	3.1	2.9	nan	2	US	USD
840150001	Federal Budget Balance	2025.08.12 21:00:00	-291.1	-211.4	27.0	nan	2	US	USD
840200002	EIA Cushing Crude Oil Stocks Change	2025.08.13 17:30:00	0.045	0.66	0.453	nan	2	US	USD
840030002	Core PPI m/m	2025.08.14 15:30:00	0.9	-0.1	0.0	nan	2	US	USD
840140002	Continuing Jobless Claims	2025.08.14 15:30:00	1.953	1.952	1.974	1.968	2	US	USD
840020012	Retail Control m/m	2025.08.15 15:30:00	0.5	-0.6	0.5	0.8	2	US	USD
840030011	Import Price Index m/m	2025.08.15 15:30:00	0.4	0.0	0.1	-0.1	2	US	USD
840030013	Export Price Index m/m	2025.08.15 15:30:00	0.1	0.4	0.5	nan	2	US	USD
840230001	NY Fed Empire State Manufacturing Index	2025.08.15 15:30:00	11.9	-14.9	5.5	nan	2	US	USD
840050011	Fed Industrial Production m/m	2025.08.15 16:15:00	-0.1	0.1	0.3	0.4	2	US	USD
840050026	Fed Industrial Production y/y	2025.08.15 16:15:00	1.4	0.9	0.7	nan	2	US	USD
840210001	Michigan Consumer Sentiment	2025.08.15 17:00:00	58.6	58.0	61.7	nan	2	US	USD
840210002	Michigan Consumer Expectations	2025.08.15 17:00:00	57.2	56.5	57.7	nan	2	US	USD
840210004	Michigan Inflation Expectations	2025.08.15 17:00:00	4.9	4.5	4.5	nan	2	US	USD
840210005	Michigan 5-Year Inflation Expectations	2025.08.15 17:00:00	3.9	3.1	3.4	nan	2	US	USD
840020007	Business Inventories m/m	2025.08.15 17:00:00	0.2	-0.2	0.0	nan	2	US	USD
840020027	Retail Inventories m/m	2025.08.15 17:00:00	0.2	0.3	0.3	nan	2	US	USD
840020028	Retail Inventories excl. Autos m/m	2025.08.15 17:00:00	-0.1	nan	0.0	nan	2	US	USD
840100001	Baker Hughes US Oil Rig Count	2025.08.15 20:00:00	412.0	nan	411.0	nan	2	US	USD
840100002	Baker Hughes US Total Rig Count	2025.08.15 20:00:00	539.0	nan	539.0	nan	2	US	USD
840520003	CFTC Gold Non-Commercial Net Positions	2025.08.15 22:30:00	229.5	nan	237.1	nan	2	US	USD
840520004	CFTC Crude Oil Non-Commercial Net Positions	2025.08.15 22:30:00	116.7	nan	141.8	nan	2	US	USD
840520005	CFTC S&P 500 Non-Commercial Net Positions	2025.08.15 22:30:00	-192.1	nan	-139.6	nan	2	US	USD
840520011	CFTC Nasdaq 100 Non-Commercial Net Positions	2025.08.15 22:30:00	42.3	nan	33.8	nan	2	US	USD
840220001	TIC Net Long-Term Transactions	2025.08.15 23:00:00	150.8	1.5	259.4	266.8	2	US	USD
840020004	Housing Starts	2025.08.19 15:30:00	1.428	1.287	1.321	1.358	2	US	USD
840020005	Building Permits	2025.08.19 15:30:00	1.354	1.415	1.397	1.393	2	US	USD
840020015	Housing Starts m/m	2025.08.19 15:30:00	5.2	3.2	4.6	5.9	2	US	USD
840200002	EIA Cushing Crude Oil Stocks Change	2025.08.20 17:30:00	0.419	0.037	0.045	nan	2	US	USD
840220019	20-Year Bond Auction	2025.08.20 20:00:00	4.876	nan	4.935	nan	2	US	USD
840070002	Philadelphia Fed Employment	2025.08.21 15:30:00	5.9	0.8	10.3	nan	2	US	USD
840140002	Continuing Jobless Claims	2025.08.21 15:30:00	1.972	1.967	1.953	1.942	2	US	USD
840120002	Existing Home Sales m/m	2025.08.21 17:00:00	2.0	1.3	-2.7	nan	2	US	USD
840180001	CB Leading Economic Index m/m	2025.08.21 17:00:00	-0.1	-0.1	-0.3	nan	2	US	USD
840220018	30-Year TIPS Auction	2025.08.21 20:00:00	2.65	nan	2.403	nan	2	US	USD
840100001	Baker Hughes US Oil Rig Count	2025.08.22 20:00:00	411.0	nan	412.0	nan	2	US	USD
840100002	Baker Hughes US Total Rig Count	2025.08.22 20:00:00	538.0	nan	539.0	nan	2	US	USD
840520003	CFTC Gold Non-Commercial Net Positions	2025.08.22 22:30:00	212.6	nan	229.5	nan	2	US	USD
840520004	CFTC Crude Oil Non-Commercial Net Positions	2025.08.22 22:30:00	120.2	nan	116.7	nan	2	US	USD
840520005	CFTC S&P 500 Non-Commercial Net Positions	2025.08.22 22:30:00	-171.5	nan	-192.1	nan	2	US	USD
840520011	CFTC Nasdaq 100 Non-Commercial Net Positions	2025.08.22 22:30:00	33.8	nan	42.3	nan	2	US	USD
840020009	New Home Sales m/m	2025.08.25 17:00:00	-0.6	-2.8	0.6	4.1	2	US	USD
840020014	Core Durable Goods Orders m/m	2025.08.26 15:30:00	1.1	0.2	0.2	0.3	2	US	USD
840170001	S&P/CS HPI Composite-20 y/y	2025.08.26 16:00:00	2.14	2.4	2.79	nan	2	US	USD
840170002	S&P/CS HPI Composite-20 n.s.a. m/m	2025.08.26 16:00:00	-0.04	0.4	0.42	0.44	2	US	USD
840220010	2-Year Note Auction	2025.08.26 20:00:00	3.641	nan	3.92	nan	2	US	USD
840200002	EIA Cushing Crude Oil Stocks Change	2025.08.27 17:30:00	-0.838	0.264	0.419	nan	2	US	USD
840220012	5-Year Note Auction	2025.08.27 20:00:00	3.724	nan	3.983	nan	2	US	USD
840010016	Real PCE q/q	2025.08.28 15:30:00	1.6	1.4	1.4	nan	2	US	USD
840140002	Continuing Jobless Claims	2025.08.28 15:30:00	1.954	1.972	1.972	1.961	2	US	USD
840120003	Pending Home Sales m/m	2025.08.28 17:00:00	-0.4	-5.4	-0.8	nan	2	US	USD
840220013	7-Year Note Auction	2025.08.28 20:00:00	3.925	nan	4.092	nan	2	US	USD
840020019	Goods Trade Balance	2025.08.29 15:30:00	-103.566	-129.438	-85.988	-84.854	2	US	USD
840020027	Retail Inventories m/m	2025.08.29 15:30:00	0.2	0.2	0.2	nan	2	US	USD
840020028	Retail Inventories excl. Autos m/m	2025.08.29 15:30:00	0.1	nan	-0.1	nan	2	US	USD
840010003	PCE Price Index m/m	2025.08.29 15:30:00	0.2	0.2	0.3	nan	2	US	USD
840010004	PCE Price Index y/y	2025.08.29 15:30:00	2.6	2.7	2.6	nan	2	US	USD
840010005	Personal Spending m/m	2025.08.29 15:30:00	0.5	0.2	0.3	0.4	2	US	USD
840210001	Michigan Consumer Sentiment	2025.08.29 17:00:00	58.2	58.6	58.6	nan	2	US	USD
840210002	Michigan Consumer Expectations	2025.08.29 17:00:00	55.9	57.2	57.2	nan	2	US	USD
840210004	Michigan Inflation Expectations	2025.08.29 17:00:00	4.8	4.9	4.9	nan	2	US	USD
840210005	Michigan 5-Year Inflation Expectations	2025.08.29 17:00:00	3.5	3.9	3.9	nan	2	US	USD
840100001	Baker Hughes US Oil Rig Count	2025.08.29 20:00:00	412.0	nan	411.0	nan	2	US	USD
840100002	Baker Hughes US Total Rig Count	2025.08.29 20:00:00	536.0	nan	538.0	nan	2	US	USD
840520003	CFTC Gold Non-Commercial Net Positions	2025.08.29 22:30:00	214.3	nan	212.6	nan	2	US	USD
840520004	CFTC Crude Oil Non-Commercial Net Positions	2025.08.29 22:30:00	109.5	nan	120.2	nan	2	US	USD
840520005	CFTC S&P 500 Non-Commercial Net Positions	2025.08.29 22:30:00	-187.8	nan	-171.5	nan	2	US	USD
840520011	CFTC Nasdaq 100 Non-Commercial Net Positions	2025.08.29 22:30:00	36.1	nan	33.8	nan	2	US	USD
840020002	Construction Spending m/m	2025.09.02 17:00:00	-0.1	-0.2	-0.4	nan	2	US	USD
840040004	ISM Manufacturing Employment	2025.09.02 17:00:00	43.8	45.3	43.4	43.4	2	US	USD
840020003	Factory Orders m/m	2025.09.03 17:00:00	-1.3	0.1	-4.8	nan	2	US	USD
840020001	Trade Balance	2025.09.04 15:30:00	-78.311	-173.298	-60.177	-59.086	2	US	USD
840020023	Exports	2025.09.04 15:30:00	280.464	nan	277.298	279.65	2	US	USD
840020024	Imports	2025.09.04 15:30:00	358.775	nan	337.475	338.736	2	US	USD
840030028	Nonfarm Productivity q/q	2025.09.04 15:30:00	3.3	2.4	2.4	nan	2	US	USD
840030029	Unit Labor Costs q/q	2025.09.04 15:30:00	1.0	1.6	1.6	nan	2	US	USD
840140002	Continuing Jobless Claims	2025.09.04 15:30:00	1.94	1.959	1.954	1.944	2	US	USD
840500003	S&P Global Composite PMI	2025.09.04 16:45:00	55.4	53.4	54.6	nan	2	US	USD
840040005	ISM Non-Manufacturing Employment	2025.09.04 17:00:00	46.5	47.1	46.4	46.4	2	US	USD
840200002	EIA Cushing Crude Oil Stocks Change	2025.09.04 19:00:00	1.59	-0.496	-0.838	nan	2	US	USD
840030017	Participation Rate	2025.09.05 15:30:00	62.3	62.3	62.2	nan	2	US	USD
840030019	Average Hourly Earnings y/y	2025.09.05 15:30:00	3.7	3.9	3.9	nan	2	US	USD
840030023	Private Nonfarm Payrolls	2025.09.05 15:30:00	38.0	102.0	83.0	77.0	2	US	USD
840030024	U6 Unemployment Rate	2025.09.05 15:30:00	8.1	8.4	7.9	nan	2	US	USD
840100001	Baker Hughes US Oil Rig Count	2025.09.05 20:00:00	414.0	nan	412.0	nan	2	US	USD
840100002	Baker Hughes US Total Rig Count	2025.09.05 20:00:00	537.0	nan	536.0	nan	2	US	USD
840520003	CFTC Gold Non-Commercial Net Positions	2025.09.05 22:30:00	249.5	nan	214.3	nan	2	US	USD
840520004	CFTC Crude Oil Non-Commercial Net Positions	2025.09.05 22:30:00	102.4	nan	109.5	nan	2	US	USD
840520005	CFTC S&P 500 Non-Commercial Net Positions	2025.09.05 22:30:00	-161.1	nan	-187.8	nan	2	US	USD
840520011	CFTC Nasdaq 100 Non-Commercial Net Positions	2025.09.05 22:30:00	15.4	nan	36.1	nan	2	US	USD
840050013	Fed Consumer Credit m/m	2025.09.08 22:00:00	16.01	11.14	7.37	-4.28	2	US	USD
840220011	3-Year Note Auction	2025.09.09 20:00:00	3.485	nan	3.669	nan	2	US	USD
840030002	Core PPI m/m	2025.09.10 15:30:00	-0.1	0.7	0.9	0.9	2	US	USD
840200002	EIA Cushing Crude Oil Stocks Change	2025.09.10 17:30:00	-0.365	1.137	1.59	nan	2	US	USD
840030008	Core CPI y/y	2025.09.11 15:30:00	3.1	3.3	3.1	3.1	2	US	USD
840140002	Continuing Jobless Claims	2025.09.11 15:30:00	1.939	1.923	1.94	1.939	2	US	USD
840150001	Federal Budget Balance	2025.09.11 21:00:00	-344.8	-283.5	-291.1	nan	2	US	USD
840210001	Michigan Consumer Sentiment	2025.09.12 17:00:00	55.4	59.0	58.2	nan	2	US	USD
840210002	Michigan Consumer Expectations	2025.09.12 17:00:00	51.8	55.1	55.9	nan	2	US	USD
840210004	Michigan Inflation Expectations	2025.09.12 17:00:00	4.8	4.1	4.8	nan	2	US	USD
840210005	Michigan 5-Year Inflation Expectations	2025.09.12 17:00:00	3.9	3.6	3.5	nan	2	US	USD
840100001	Baker Hughes US Oil Rig Count	2025.09.12 20:00:00	416.0	nan	414.0	nan	2	US	USD
840100002	Baker Hughes US Total Rig Count	2025.09.12 20:00:00	539.0	nan	537.0	nan	2	US	USD
840520003	CFTC Gold Non-Commercial Net Positions	2025.09.12 22:30:00	261.7	nan	249.5	nan	2	US	USD
840520004	CFTC Crude Oil Non-Commercial Net Positions	2025.09.12 22:30:00	81.8	nan	102.4	nan	2	US	USD
840520005	CFTC S&P 500 Non-Commercial Net Positions	2025.09.12 22:30:00	-173.7	nan	-161.1	nan	2	US	USD
840520011	CFTC Nasdaq 100 Non-Commercial Net Positions	2025.09.12 22:30:00	25.5	nan	15.4	nan	2	US	USD
840230001	NY Fed Empire State Manufacturing Index	2025.09.15 15:30:00	-8.7	26.1	11.9	nan	2	US	USD
840020012	Retail Control m/m	2025.09.16 15:30:00	0.7	-0.2	0.5	nan	2	US	USD
840030011	Import Price Index m/m	2025.09.16 15:30:00	0.3	0.3	0.4	0.4	2	US	USD
840030013	Export Price Index m/m	2025.09.16 15:30:00	0.3	0.1	0.1	0.1	2	US	USD
840050011	Fed Industrial Production m/m	2025.09.16 16:15:00	0.1	0.0	-0.1	-0.4	2	US	USD
840050026	Fed Industrial Production y/y	2025.09.16 16:15:00	0.9	1.6	1.4	nan	2	US	USD
840020007	Business Inventories m/m	2025.09.16 17:00:00	0.2	0.1	0.2	nan	2	US	USD
840020027	Retail Inventories m/m	2025.09.16 17:00:00	0.2	0.2	0.2	nan	2	US	USD
840020028	Retail Inventories excl. Autos m/m	2025.09.16 17:00:00	0.1	nan	0.1	nan	2	US	USD
840220019	20-Year Bond Auction	2025.09.16 20:00:00	4.613	nan	4.876	nan	2	US	USD
840020004	Housing Starts	2025.09.17 15:30:00	1.307	1.322	1.428	1.429	2	US	USD
840020005	Building Permits	2025.09.17 15:30:00	1.312	1.394	1.354	1.362	2	US	USD
840020015	Housing Starts m/m	2025.09.17 15:30:00	-8.5	-6.4	5.2	3.4	2	US	USD
840200002	EIA Cushing Crude Oil Stocks Change	2025.09.17 17:30:00	-0.296	0.154	-0.365	nan	2	US	USD
840070002	Philadelphia Fed Employment	2025.09.18 15:30:00	5.6	7.6	5.9	nan	2	US	USD
840140002	Continuing Jobless Claims	2025.09.18 15:30:00	1.92	1.935	1.939	1.927	2	US	USD
840180001	CB Leading Economic Index m/m	2025.09.18 17:00:00	-0.5	-0.2	-0.1	nan	2	US	USD
840220017	10-Year TIPS Auction	2025.09.18 20:00:00	1.734	nan	1.985	nan	2	US	USD
840220001	TIC Net Long-Term Transactions	2025.09.18 23:00:00	49.2	123.1	150.8	151.0	2	US	USD
840100001	Baker Hughes US Oil Rig Count	2025.09.19 20:00:00	418.0	nan	416.0	nan	2	US	USD
840100002	Baker Hughes US Total Rig Count	2025.09.19 20:00:00	542.0	nan	539.0	nan	2	US	USD
840520003	CFTC Gold Non-Commercial Net Positions	2025.09.19 22:30:00	266.4	nan	261.7	nan	2	US	USD
840520004	CFTC Crude Oil Non-Commercial Net Positions	2025.09.19 22:30:00	98.7	nan	81.8	nan	2	US	USD
840520005	CFTC S&P 500 Non-Commercial Net Positions	2025.09.19 22:30:00	-225.1	nan	-173.7	nan	2	US	USD
840520011	CFTC Nasdaq 100 Non-Commercial Net Positions	2025.09.19 22:30:00	17.8	nan	25.5	nan	2	US	USD
840010015	Current Account	2025.09.23 15:30:00	-251.312	-406.051	-450.17	-439.822	2	US	USD
840120002	Existing Home Sales m/m	2025.09.23 17:00:00	-0.2	-2.0	2.0	2.0	2	US	USD
840220010	2-Year Note Auction	2025.09.23 20:00:00	3.571	nan	3.641	nan	2	US	USD
840020009	New Home Sales m/m	2025.09.24 17:00:00	20.5	7.9	-0.6	-1.8	2	US	USD
840200002	EIA Cushing Crude Oil Stocks Change	2025.09.24 17:30:00	0.177	-0.329	-0.296	nan	2	US	USD
840220012	5-Year Note Auction	2025.09.24 20:00:00	3.71	nan	3.724	nan	2	US	USD
840020014	Core Durable Goods Orders m/m	2025.09.25 15:30:00	0.4	0.6	1.1	1.0	2	US	USD
840020019	Goods Trade Balance	2025.09.25 15:30:00	-85.541	42.847	-103.566	-102.84	2	US	USD
840020027	Retail Inventories m/m	2025.09.25 15:30:00	0.0	0.1	0.2	0.1	2	US	USD
840020028	Retail Inventories excl. Autos m/m	2025.09.25 15:30:00	0.3	nan	0.1	0.2	2	US	USD
840010016	Real PCE q/q	2025.09.25 15:30:00	2.5	1.6	1.6	nan	2	US	USD
840140002	Continuing Jobless Claims	2025.09.25 15:30:00	1.926	1.913	1.92	1.928	2	US	USD
840220013	7-Year Note Auction	2025.09.25 20:00:00	3.953	nan	3.925	nan	2	US	USD
840010003	PCE Price Index m/m	2025.09.26 15:30:00	0.3	0.2	0.2	nan	2	US	USD
840010004	PCE Price Index y/y	2025.09.26 15:30:00	2.7	2.8	2.6	nan	2	US	USD
840010005	Personal Spending m/m	2025.09.26 15:30:00	0.6	0.4	0.5	nan	2	US	USD
840210001	Michigan Consumer Sentiment	2025.09.26 17:00:00	55.1	55.4	55.4	nan	2	US	USD
840210002	Michigan Consumer Expectations	2025.09.26 17:00:00	51.7	51.8	51.8	nan	2	US	USD
840210004	Michigan Inflation Expectations	2025.09.26 17:00:00	4.7	4.8	4.8	nan	2	US	USD
840210005	Michigan 5-Year Inflation Expectations	2025.09.26 17:00:00	3.7	3.9	3.9	nan	2	US	USD
840100001	Baker Hughes US Oil Rig Count	2025.09.26 20:00:00	424.0	nan	418.0	nan	2	US	USD
840100002	Baker Hughes US Total Rig Count	2025.09.26 20:00:00	549.0	nan	542.0	nan	2	US	USD
840520003	CFTC Gold Non-Commercial Net Positions	2025.09.26 22:30:00	266.7	nan	266.4	nan	2	US	USD
840520004	CFTC Crude Oil Non-Commercial Net Positions	2025.09.26 22:30:00	103.0	nan	98.7	nan	2	US	USD
840520005	CFTC S&P 500 Non-Commercial Net Positions	2025.09.26 22:30:00	-172.5	nan	-225.1	nan	2	US	USD
840520011	CFTC Nasdaq 100 Non-Commercial Net Positions	2025.09.26 22:30:00	23.4	nan	17.8	nan	2	US	USD
840120003	Pending Home Sales m/m	2025.09.29 17:00:00	4.0	2.0	-0.4	-0.3	2	US	USD
840170001	S&P/CS HPI Composite-20 y/y	2025.09.30 16:00:00	1.82	1.7	2.14	nan	2	US	USD
840170002	S&P/CS HPI Composite-20 n.s.a. m/m	2025.09.30 16:00:00	-0.29	-0.4	-0.04	-0.03	2	US	USD
840040004	ISM Manufacturing Employment	2025.10.01 17:00:00	45.3	nan	43.8	43.8	2	US	USD
840200002	EIA Cushing Crude Oil Stocks Change	2025.10.01 17:30:00	-0.271	-0.116	0.177	nan	2	US	USD
840500003	S&P Global Composite PMI	2025.10.03 16:45:00	53.6	55.0	55.4	nan	2	US	USD
840100001	Baker Hughes US Oil Rig Count	2025.10.03 20:00:00	422.0	nan	424.0	nan	2	US	USD
840100002	Baker Hughes US Total Rig Count	2025.10.03 20:00:00	549.0	nan	549.0	nan	2	US	USD
840040005	ISM Non-Manufacturing Employment	2025.10.05 17:00:00	47.2	nan	46.5	46.5	2	US	USD
840220011	3-Year Note Auction	2025.10.07 20:00:00	3.576	nan	3.485	nan	2	US	USD
840050013	Fed Consumer Credit m/m	2025.10.07 22:00:00	0.36	11.24	16.01	18.05	2	US	USD
840200002	EIA Cushing Crude Oil Stocks Change	2025.10.08 17:30:00	-0.763	-0.205	-0.271	nan	2	US	USD
840210001	Michigan Consumer Sentiment	2025.10.10 17:00:00	55.0	55.2	55.1	nan	2	US	USD
840210002	Michigan Consumer Expectations	2025.10.10 17:00:00	51.2	49.8	51.7	nan	2	US	USD
840210004	Michigan Inflation Expectations	2025.10.10 17:00:00	4.6	4.8	4.7	nan	2	US	USD
840210005	Michigan 5-Year Inflation Expectations	2025.10.10 17:00:00	3.7	4.0	3.7	nan	2	US	USD
840100001	Baker Hughes US Oil Rig Count	2025.10.10 20:00:00	418.0	nan	422.0	nan	2	US	USD
840100002	Baker Hughes US Total Rig Count	2025.10.10 20:00:00	547.0	nan	549.0	nan	2	US	USD
840150001	Federal Budget Balance	2025.10.10 21:00:00	198.0	57.6	-344.8	-344.8	2	US	USD
840230001	NY Fed Empire State Manufacturing Index	2025.10.15 15:30:00	10.7	-13.1	-8.7	nan	2	US	USD
840070002	Philadelphia Fed Employment	2025.10.16 15:30:00	4.6	8.3	5.6	nan	2	US	USD
840200002	EIA Cushing Crude Oil Stocks Change	2025.10.16 19:00:00	-0.703	-0.276	-0.763	nan	2	US	USD
840100001	Baker Hughes US Oil Rig Count	2025.10.17 20:00:00	418.0	nan	418.0	nan	2	US	USD
840100002	Baker Hughes US Total Rig Count	2025.10.17 20:00:00	548.0	nan	547.0	nan	2	US	USD
840200002	EIA Cushing Crude Oil Stocks Change	2025.10.22 17:30:00	-0.77	-0.31	-0.703	nan	2	US	USD
840220019	20-Year Bond Auction	2025.10.22 20:00:00	4.506	nan	4.613	nan	2	US	USD
840120002	Existing Home Sales m/m	2025.10.23 17:00:00	1.5	nan	-0.2	-0.2	2	US	USD
840220016	5-Year TIPS Auction	2025.10.23 20:00:00	1.182	nan	1.65	nan	2	US	USD
840030008	Core CPI y/y	2025.10.24 15:30:00	3.0	nan	3.1	nan	2	US	USD
840210001	Michigan Consumer Sentiment	2025.10.24 17:00:00	53.6	55.0	55.0	nan	2	US	USD
840210002	Michigan Consumer Expectations	2025.10.24 17:00:00	50.3	51.2	51.2	nan	2	US	USD
840210004	Michigan Inflation Expectations	2025.10.24 17:00:00	4.6	4.6	4.6	nan	2	US	USD
840210005	Michigan 5-Year Inflation Expectations	2025.10.24 17:00:00	3.9	3.7	3.7	nan	2	US	USD
840100001	Baker Hughes US Oil Rig Count	2025.10.24 20:00:00	420.0	nan	418.0	nan	2	US	USD
840100002	Baker Hughes US Total Rig Count	2025.10.24 20:00:00	550.0	nan	548.0	nan	2	US	USD
840220010	2-Year Note Auction	2025.10.27 18:30:00	3.504	nan	3.571	nan	2	US	USD
840220012	5-Year Note Auction	2025.10.27 20:00:00	3.625	nan	3.71	nan	2	US	USD
840170001	S&P/CS HPI Composite-20 y/y	2025.10.28 16:00:00	1.58	1.7	1.82	nan	2	US	USD
840170002	S&P/CS HPI Composite-20 n.s.a. m/m	2025.10.28 16:00:00	-0.57	-0.5	-0.29	-0.31	2	US	USD
840220013	7-Year Note Auction	2025.10.28 20:00:00	3.79	nan	3.953	nan	2	US	USD
840120003	Pending Home Sales m/m	2025.10.29 17:00:00	0.0	1.7	4.0	4.2	2	US	USD
840200002	EIA Cushing Crude Oil Stocks Change	2025.10.29 17:30:00	1.334	-0.345	-0.77	nan	2	US	USD
840100001	Baker Hughes US Oil Rig Count	2025.10.31 20:00:00	414.0	nan	420.0	nan	2	US	USD
840100002	Baker Hughes US Total Rig Count	2025.10.31 20:00:00	546.0	nan	550.0	nan	2	US	USD
840040004	ISM Manufacturing Employment	2025.11.03 18:00:00	46.0	45.7	45.3	45.3	2	US	USD
840500003	S&P Global Composite PMI	2025.11.05 17:45:00	54.8	54.8	53.6	nan	2	US	USD
840040005	ISM Non-Manufacturing Employment	2025.11.05 18:00:00	48.2	nan	47.2	47.2	2	US	USD
840200002	EIA Cushing Crude Oil Stocks Change	2025.11.05 18:30:00	0.3	0.528	1.334	nan	2	US	USD
840210001	Michigan Consumer Sentiment	2025.11.07 18:00:00	50.3	55.3	53.6	nan	2	US	USD
840210002	Michigan Consumer Expectations	2025.11.07 18:00:00	49.0	47.1	50.3	nan	2	US	USD
840210004	Michigan Inflation Expectations	2025.11.07 18:00:00	4.7	5.3	4.6	nan	2	US	USD
840210005	Michigan 5-Year Inflation Expectations	2025.11.07 18:00:00	3.6	3.8	3.9	nan	2	US	USD
840100001	Baker Hughes US Oil Rig Count	2025.11.07 21:00:00	414.0	nan	414.0	nan	2	US	USD
840100002	Baker Hughes US Total Rig Count	2025.11.07 21:00:00	548.0	nan	546.0	nan	2	US	USD
840050013	Fed Consumer Credit m/m	2025.11.07 23:00:00	13.09	11.78	0.36	3.13	2	US	USD
840220011	3-Year Note Auction	2025.11.10 21:00:00	3.579	nan	3.576	nan	2	US	USD
840200002	EIA Cushing Crude Oil Stocks Change	2025.11.13 20:00:00	-0.346	-0.173	0.3	nan	2	US	USD
840100001	Baker Hughes US Oil Rig Count	2025.11.14 21:00:00	417.0	nan	414.0	nan	2	US	USD
840100002	Baker Hughes US Total Rig Count	2025.11.14 21:00:00	549.0	nan	548.0	nan	2	US	USD
840020002	Construction Spending m/m	2025.11.17 17:00:00	0.2	-0.4	-0.1	0.2	2	US	USD
840020003	Factory Orders m/m	2025.11.18 17:00:00	1.3	2.5	-1.3	-1.3	2	US	USD
840220001	TIC Net Long-Term Transactions	2025.11.19 00:00:00	179.8	108.6	49.2	134.2	2	US	USD
840020001	Trade Balance	2025.11.19 15:30:00	-59.55	33.988	-78.311	-78.154	2	US	USD
840020023	Exports	2025.11.19 15:30:00	280.832	nan	280.464	280.602	2	US	USD
840020024	Imports	2025.11.19 15:30:00	340.382	nan	358.775	358.756	2	US	USD
840200002	EIA Cushing Crude Oil Stocks Change	2025.11.19 18:30:00	-0.698	0.034	-0.346	nan	2	US	USD
840220019	20-Year Bond Auction	2025.11.19 21:00:00	4.706	nan	4.506	nan	2	US	USD
840030017	Participation Rate	2025.11.20 15:30:00	62.4	62.2	62.3	62.3	2	US	USD
840030019	Average Hourly Earnings y/y	2025.11.20 15:30:00	3.8	3.9	3.7	nan	2	US	USD
840030023	Private Nonfarm Payrolls	2025.11.20 15:30:00	97.0	98.0	38.0	18.0	2	US	USD
840030024	U6 Unemployment Rate	2025.11.20 15:30:00	8.0	7.8	8.1	8.1	2	US	USD
840070002	Philadelphia Fed Employment	2025.11.20 16:30:00	6.0	6.1	4.6	nan	2	US	USD
840140002	Continuing Jobless Claims	2025.11.20 16:30:00	1.974	nan	1.926	1.946	2	US	USD
840120002	Existing Home Sales m/m	2025.11.20 18:00:00	1.2	4.3	1.5	1.3	2	US	USD
840220017	10-Year TIPS Auction	2025.11.20 21:00:00	1.843	nan	1.734	nan	2	US	USD
840210001	Michigan Consumer Sentiment	2025.11.21 18:00:00	51.0	50.3	50.3	nan	2	US	USD
840210002	Michigan Consumer Expectations	2025.11.21 18:00:00	51.0	49.0	49.0	nan	2	US	USD
840210004	Michigan Inflation Expectations	2025.11.21 18:00:00	4.5	4.7	4.7	nan	2	US	USD
840210005	Michigan 5-Year Inflation Expectations	2025.11.21 18:00:00	3.4	3.6	3.6	nan	2	US	USD
840100001	Baker Hughes US Oil Rig Count	2025.11.21 21:00:00	419.0	nan	417.0	nan	2	US	USD
840100002	Baker Hughes US Total Rig Count	2025.11.21 21:00:00	554.0	nan	549.0	nan	2	US	USD
840220010	2-Year Note Auction	2025.11.24 21:00:00	3.489	nan	3.504	nan	2	US	USD
840020012	Retail Control m/m	2025.11.25 15:30:00	-0.1	-0.3	0.7	0.6	2	US	USD
840030002	Core PPI m/m	2025.11.25 15:30:00	0.1	nan	-0.1	-0.1	2	US	USD
840020007	Business Inventories m/m	2025.11.25 17:00:00	0.0	0.1	0.2	0.1	2	US	USD
840020027	Retail Inventories m/m	2025.11.25 17:00:00	-0.1	0.0	0.0	nan	2	US	USD
840020028	Retail Inventories excl. Autos m/m	2025.11.25 17:00:00	0.0	nan	0.3	nan	2	US	USD
840170001	S&P/CS HPI Composite-20 y/y	2025.11.25 17:00:00	1.36	1.4	1.58	nan	2	US	USD
840170002	S&P/CS HPI Composite-20 n.s.a. m/m	2025.11.25 17:00:00	-0.5	-0.6	-0.57	-0.58	2	US	USD
840120003	Pending Home Sales m/m	2025.11.25 18:00:00	1.9	-1.1	0.0	0.1	2	US	USD
840220012	5-Year Note Auction	2025.11.25 21:00:00	3.562	nan	3.625	nan	2	US	USD
840020014	Core Durable Goods Orders m/m	2025.11.26 15:30:00	0.6	-0.2	0.4	0.5	2	US	USD
840140002	Continuing Jobless Claims	2025.11.26 16:30:00	1.96	1.981	1.974	1.953	2	US	USD
840200002	EIA Cushing Crude Oil Stocks Change	2025.11.26 18:30:00	-0.068	0.127	-0.698	nan	2	US	USD
840220013	7-Year Note Auction	2025.11.26 19:30:00	3.781	nan	3.79	nan	2	US	USD
840100001	Baker Hughes US Oil Rig Count	2025.11.26 21:00:00	407.0	nan	419.0	nan	2	US	USD
840100002	Baker Hughes US Total Rig Count	2025.11.26 21:00:00	544.0	nan	554.0	nan	2	US	USD
840150001	Federal Budget Balance	2025.11.28 22:00:00	-284.3	nan	198.0	nan	2	US	USD
840040004	ISM Manufacturing Employment	2025.12.01 18:00:00	44.0	45.6	46.0	46.0	2	US	USD
840030011	Import Price Index m/m	2025.12.03 15:30:00	0.0	nan	0.3	0.1	2	US	USD
840030013	Export Price Index m/m	2025.12.03 15:30:00	0.0	nan	0.3	0.1	2	US	USD
840050011	Fed Industrial Production m/m	2025.12.03 16:15:00	0.1	-0.1	0.1	-0.3	2	US	USD
840050026	Fed Industrial Production y/y	2025.12.03 16:15:00	1.6	1.2	0.9	nan	2	US	USD
840200002	EIA Cushing Crude Oil Stocks Change	2025.12.03 18:30:00	-0.457	0.107	-0.068	nan	2	US	USD
840140002	Continuing Jobless Claims	2025.12.04 16:30:00	1.939	1.977	1.96	1.943	2	US	USD
840210001	Michigan Consumer Sentiment	2025.12.05 18:00:00	53.3	50.5	51.0	nan	2	US	USD
840210002	Michigan Consumer Expectations	2025.12.05 18:00:00	55.0	52.9	51.0	nan	2	US	USD
840210004	Michigan Inflation Expectations	2025.12.05 18:00:00	4.1	3.9	4.5	nan	2	US	USD
840210005	Michigan 5-Year Inflation Expectations	2025.12.05 18:00:00	3.2	3.5	3.4	nan	2	US	USD
840010003	PCE Price Index m/m	2025.12.05 18:00:00	0.3	nan	0.3	0.3	2	US	USD
840010004	PCE Price Index y/y	2025.12.05 18:00:00	2.8	nan	2.7	2.7	2	US	USD
840010005	Personal Spending m/m	2025.12.05 18:00:00	0.3	nan	0.6	0.5	2	US	USD
840100001	Baker Hughes US Oil Rig Count	2025.12.05 21:00:00	413.0	nan	407.0	nan	2	US	USD
840100002	Baker Hughes US Total Rig Count	2025.12.05 21:00:00	549.0	nan	544.0	nan	2	US	USD
840050013	Fed Consumer Credit m/m	2025.12.05 23:00:00	9.18	11.43	13.09	11.01	2	US	USD
840220011	3-Year Note Auction	2025.12.08 21:00:00	3.614	nan	3.579	nan	2	US	USD
840180001	CB Leading Economic Index m/m	2025.12.09 18:00:00	-0.3	nan	nan	nan	2	US	USD
840030025	Employment Cost Index q/q	2025.12.10 16:30:00	0.8	0.9	0.9	nan	2	US	USD
840200002	EIA Cushing Crude Oil Stocks Change	2025.12.10 18:30:00	0.308	0.101	-0.457	nan	2	US	USD
840150001	Federal Budget Balance	2025.12.10 22:00:00	-173.3	nan	-284.3	nan	2	US	USD
840140002	Continuing Jobless Claims	2025.12.11 16:30:00	1.838	1.925	1.939	1.937	2	US	USD
840020001	Trade Balance	2025.12.11 16:30:00	-52.828	-103.544	-59.55	-59.265	2	US	USD
840020023	Exports	2025.12.11 16:30:00	289.305	nan	280.832	280.921	2	US	USD
840020024	Imports	2025.12.11 16:30:00	342.133	nan	340.382	340.185	2	US	USD
840100001	Baker Hughes US Oil Rig Count	2025.12.12 21:00:00	414.0	nan	413.0	nan	2	US	USD
840100002	Baker Hughes US Total Rig Count	2025.12.12 21:00:00	548.0	nan	549.0	nan	2	US	USD
840230001	NY Fed Empire State Manufacturing Index	2025.12.15 16:30:00	-3.9	nan	nan	18.7	2	US	USD
840030017	Participation Rate	2025.12.16 16:30:00	62.5	62.2	62.4	nan	2	US	USD
840030019	Average Hourly Earnings y/y	2025.12.16 16:30:00	3.5	3.8	3.8	nan	2	US	USD
840030023	Private Nonfarm Payrolls	2025.12.16 16:30:00	69.0	67.0	97.0	52.0	2	US	USD
840030024	U6 Unemployment Rate	2025.12.16 16:30:00	8.7	8.1	8.0	nan	2	US	USD
840020012	Retail Control m/m	2025.12.16 16:30:00	0.8	0.4	-0.1	nan	2	US	USD
840020007	Business Inventories m/m	2025.12.16 18:00:00	0.2	0.1	0.0	nan	2	US	USD
840020027	Retail Inventories m/m	2025.12.16 18:00:00	0.4	nan	nan	nan	2	US	USD
840020028	Retail Inventories excl. Autos m/m	2025.12.16 18:00:00	0.0	nan	nan	nan	2	US	USD
840200002	EIA Cushing Crude Oil Stocks Change	2025.12.17 18:30:00	-0.742	0.115	0.308	nan	2	US	USD
840220019	20-Year Bond Auction	2025.12.17 21:00:00	4.798	nan	4.706	nan	2	US	USD
840070002	Philadelphia Fed Employment	2025.12.18 16:30:00	12.9	-0.3	6.0	nan	2	US	USD
840140002	Continuing Jobless Claims	2025.12.18 16:30:00	1.897	1.788	1.838	1.83	2	US	USD
840030008	Core CPI y/y	2025.12.18 16:30:00	2.6	3.1	3.0	nan	2	US	USD
840220016	5-Year TIPS Auction	2025.12.18 21:00:00	1.433	nan	1.182	nan	2	US	USD
840220001	TIC Net Long-Term Transactions	2025.12.19 00:00:00	17.5	162.2	179.8	173.2	2	US	USD
840210001	Michigan Consumer Sentiment	2025.12.19 18:00:00	52.9	53.3	53.3	nan	2	US	USD
840210002	Michigan Consumer Expectations	2025.12.19 18:00:00	54.6	55.0	55.0	nan	2	US	USD
840210004	Michigan Inflation Expectations	2025.12.19 18:00:00	4.2	4.1	4.1	nan	2	US	USD
840210005	Michigan 5-Year Inflation Expectations	2025.12.19 18:00:00	3.2	3.2	3.2	nan	2	US	USD
840120002	Existing Home Sales m/m	2025.12.19 18:00:00	0.5	2.0	1.2	1.5	2	US	USD
840100001	Baker Hughes US Oil Rig Count	2025.12.19 21:00:00	406.0	nan	414.0	nan	2	US	USD
840100002	Baker Hughes US Total Rig Count	2025.12.19 21:00:00	542.0	nan	548.0	nan	2	US	USD
840220010	2-Year Note Auction	2025.12.22 21:00:00	3.499	nan	3.489	nan	2	US	USD
840010016	Real PCE q/q	2025.12.23 16:30:00	3.5	2.3	2.5	nan	2	US	USD
840010016	Real PCE q/q	2025.12.23 16:30:00	3.5	nan	3.5	2.5	2	US	USD
840020014	Core Durable Goods Orders m/m	2025.12.23 16:30:00	0.2	0.2	0.6	0.7	2	US	USD
840050011	Fed Industrial Production m/m	2025.12.23 17:15:00	0.1	0.0	0.1	-0.3	2	US	USD
840050026	Fed Industrial Production y/y	2025.12.23 17:15:00	-0.1	1.0	1.6	nan	2	US	USD
840220012	5-Year Note Auction	2025.12.23 21:00:00	3.747	nan	3.562	nan	2	US	USD
840140002	Continuing Jobless Claims	2025.12.24 16:30:00	1.923	1.844	1.897	1.885	2	US	USD
840200002	EIA Cushing Crude Oil Stocks Change	2025.12.24 18:30:00	-0.707	0.067	-0.742	nan	2	US	USD
840220013	7-Year Note Auction	2025.12.24 19:30:00	3.93	nan	3.781	nan	2	US	USD
840100001	Baker Hughes US Oil Rig Count	2025.12.26 21:00:00	409.0	nan	406.0	nan	2	US	USD
840100002	Baker Hughes US Total Rig Count	2025.12.26 21:00:00	545.0	nan	542.0	nan	2	US	USD
840120003	Pending Home Sales m/m	2025.12.29 18:00:00	3.3	-0.7	1.9	2.4	2	US	USD
840200002	EIA Cushing Crude Oil Stocks Change	2025.12.30 01:00:00	0.543	nan	-0.707	nan	2	US	USD
840170001	S&P/CS HPI Composite-20 y/y	2025.12.30 17:00:00	1.3	1.1	1.36	nan	2	US	USD
840170002	S&P/CS HPI Composite-20 n.s.a. m/m	2025.12.30 17:00:00	-0.3	-0.4	-0.5	nan	2	US	USD
840140002	Continuing Jobless Claims	2025.12.31 16:30:00	1.866	1.91	1.923	1.913	2	US	USD
840100001	Baker Hughes US Oil Rig Count	2026.01.02 21:00:00	412.0	nan	409.0	nan	2	US	USD
840100002	Baker Hughes US Total Rig Count	2026.01.02 21:00:00	546.0	nan	545.0	nan	2	US	USD
840040004	ISM Manufacturing Employment	2026.01.05 18:00:00	44.9	nan	44.0	44.0	2	US	USD
840040005	ISM Non-Manufacturing Employment	2026.01.07 18:00:00	52.0	nan	nan	48.9	2	US	USD
840200002	EIA Cushing Crude Oil Stocks Change	2026.01.07 18:30:00	0.728	0.074	0.543	nan	2	US	USD
840140002	Continuing Jobless Claims	2026.01.08 16:30:00	1.914	1.897	1.866	1.858	2	US	USD
840030028	Nonfarm Productivity q/q	2026.01.08 16:30:00	4.9	4.2	3.3	4.1	2	US	USD
840030029	Unit Labor Costs q/q	2026.01.08 16:30:00	-1.9	1.6	1.0	-2.9	2	US	USD
840020001	Trade Balance	2026.01.08 16:30:00	-29.35	-56.327	-52.828	-48.137	2	US	USD
840020023	Exports	2026.01.08 16:30:00	302.015	nan	289.305	294.225	2	US	USD
840020024	Imports	2026.01.08 16:30:00	331.366	nan	342.133	342.363	2	US	USD
840050013	Fed Consumer Credit m/m	2026.01.08 23:00:00	4.23	11.03	9.18	9.24	2	US	USD
840020004	Housing Starts	2026.01.09 16:30:00	1.306	1.333	1.307	nan	2	US	USD
840020005	Building Permits	2026.01.09 16:30:00	1.415	1.333	1.312	nan	2	US	USD
840020015	Housing Starts m/m	2026.01.09 16:30:00	1.2	7.9	-8.5	nan	2	US	USD
840030017	Participation Rate	2026.01.09 16:30:00	62.4	62.4	62.5	nan	2	US	USD
840030019	Average Hourly Earnings y/y	2026.01.09 16:30:00	3.8	3.7	3.5	nan	2	US	USD
840030023	Private Nonfarm Payrolls	2026.01.09 16:30:00	37.0	69.0	69.0	50.0	2	US	USD
840030024	U6 Unemployment Rate	2026.01.09 16:30:00	8.4	8.4	8.7	nan	2	US	USD
840020004	Housing Starts	2026.01.09 16:30:00	1.246	nan	1.306	1.306	2	US	USD
840020005	Building Permits	2026.01.09 16:30:00	1.412	nan	1.415	1.415	2	US	USD
840020015	Housing Starts m/m	2026.01.09 16:30:00	-4.6	nan	1.2	1.2	2	US	USD
840210001	Michigan Consumer Sentiment	2026.01.09 18:00:00	54.0	54.3	52.9	nan	2	US	USD
840210002	Michigan Consumer Expectations	2026.01.09 18:00:00	55.0	52.6	54.6	nan	2	US	USD
840210004	Michigan Inflation Expectations	2026.01.09 18:00:00	4.2	4.3	4.2	nan	2	US	USD
840210005	Michigan 5-Year Inflation Expectations	2026.01.09 18:00:00	3.4	3.0	3.2	nan	2	US	USD
840100001	Baker Hughes US Oil Rig Count	2026.01.09 21:00:00	409.0	nan	412.0	nan	2	US	USD
840100002	Baker Hughes US Total Rig Count	2026.01.09 21:00:00	544.0	nan	546.0	nan	2	US	USD
840220011	3-Year Note Auction	2026.01.12 19:30:00	3.609	nan	3.614	nan	2	US	USD
840030008	Core CPI y/y	2026.01.13 16:30:00	2.6	2.6	2.6	nan	2	US	USD
840020009	New Home Sales m/m	2026.01.13 18:00:00	3.8	-1.0	20.5	nan	2	US	USD
840020009	New Home Sales m/m	2026.01.13 18:00:00	-0.1	nan	3.8	3.8	2	US	USD
840150001	Federal Budget Balance	2026.01.13 22:00:00	-144.8	nan	-173.3	nan	2	US	USD
840030002	Core PPI m/m	2026.01.14 16:30:00	0.0	-0.2	0.1	0.3	2	US	USD
840020012	Retail Control m/m	2026.01.14 16:30:00	0.4	-0.1	0.8	0.6	2	US	USD
840010015	Current Account	2026.01.14 16:30:00	-226.402	-332.824	-251.312	-249.217	2	US	USD
840020007	Business Inventories m/m	2026.01.14 18:00:00	0.3	0.1	0.2	0.3	2	US	USD
840020027	Retail Inventories m/m	2026.01.14 18:00:00	0.6	0.2	0.4	nan	2	US	USD
840020028	Retail Inventories excl. Autos m/m	2026.01.14 18:00:00	0.3	nan	0.0	nan	2	US	USD
840200002	EIA Cushing Crude Oil Stocks Change	2026.01.14 18:30:00	0.745	0.981	0.728	nan	2	US	USD
840140002	Continuing Jobless Claims	2026.01.15 16:30:00	1.884	1.896	1.914	1.903	2	US	USD
840230001	NY Fed Empire State Manufacturing Index	2026.01.15 16:30:00	7.7	-1.7	-3.9	-3.7	2	US	USD
840070002	Philadelphia Fed Employment	2026.01.15 16:30:00	9.7	nan	12.9	13.0	2	US	USD
840220001	TIC Net Long-Term Transactions	2026.01.16 00:00:00	220.2	73.8	17.5	30.9	2	US	USD
840050011	Fed Industrial Production m/m	2026.01.16 17:15:00	0.4	0.2	0.1	0.4	2	US	USD
840050026	Fed Industrial Production y/y	2026.01.16 17:15:00	2.0	0.0	-0.1	nan	2	US	USD
840100001	Baker Hughes US Oil Rig Count	2026.01.16 21:00:00	410.0	nan	409.0	nan	2	US	USD
840100002	Baker Hughes US Total Rig Count	2026.01.16 21:00:00	543.0	nan	544.0	nan	2	US	USD
840020002	Construction Spending m/m	2026.01.21 18:00:00	0.5	0.0	0.2	-0.6	2	US	USD
840020002	Construction Spending m/m	2026.01.21 18:00:00	0.5	0.3	0.5	-0.6	2	US	USD
840220019	20-Year Bond Auction	2026.01.21 21:00:00	4.846	nan	4.798	nan	2	US	USD
840140002	Continuing Jobless Claims	2026.01.22 16:30:00	1.849	1.928	1.884	1.875	2	US	USD
840010003	PCE Price Index m/m	2026.01.22 18:00:00	0.2	0.2	0.3	0.2	2	US	USD
840010004	PCE Price Index y/y	2026.01.22 18:00:00	2.8	2.9	2.8	2.7	2	US	USD
840010005	Personal Spending m/m	2026.01.22 18:00:00	0.5	0.3	0.3	0.5	2	US	USD
840200002	EIA Cushing Crude Oil Stocks Change	2026.01.22 20:00:00	1.478	-0.09	0.745	nan	2	US	USD
840220017	10-Year TIPS Auction	2026.01.22 21:00:00	1.94	nan	1.843	nan	2	US	USD
840210001	Michigan Consumer Sentiment	2026.01.23 18:00:00	56.4	54.0	54.0	nan	2	US	USD
840210002	Michigan Consumer Expectations	2026.01.23 18:00:00	57.0	55.0	55.0	nan	2	US	USD
840210004	Michigan Inflation Expectations	2026.01.23 18:00:00	4.0	4.2	4.2	nan	2	US	USD
840210005	Michigan 5-Year Inflation Expectations	2026.01.23 18:00:00	3.3	3.4	3.4	nan	2	US	USD
840180001	CB Leading Economic Index m/m	2026.01.23 18:00:00	-0.3	-0.5	-0.3	nan	2	US	USD
840100001	Baker Hughes US Oil Rig Count	2026.01.23 21:00:00	411.0	nan	410.0	nan	2	US	USD
840100002	Baker Hughes US Total Rig Count	2026.01.23 21:00:00	544.0	nan	543.0	nan	2	US	USD
840020014	Core Durable Goods Orders m/m	2026.01.26 16:30:00	0.5	0.3	0.2	0.1	2	US	USD
840220010	2-Year Note Auction	2026.01.26 21:00:00	3.58	nan	3.499	nan	2	US	USD
840170001	S&P/CS HPI Composite-20 y/y	2026.01.27 17:00:00	1.4	nan	1.3	nan	2	US	USD
840170002	S&P/CS HPI Composite-20 n.s.a. m/m	2026.01.27 17:00:00	0.0	nan	-0.3	nan	2	US	USD
840220012	5-Year Note Auction	2026.01.27 21:00:00	3.823	nan	3.747	nan	2	US	USD
840200002	EIA Cushing Crude Oil Stocks Change	2026.01.28 18:30:00	-0.278	2.062	1.478	nan	2	US	USD
840140002	Continuing Jobless Claims	2026.01.29 16:30:00	1.827	1.871	1.849	1.865	2	US	USD
840030028	Nonfarm Productivity q/q	2026.01.29 16:30:00	4.9	4.9	4.9	nan	2	US	USD
840030029	Unit Labor Costs q/q	2026.01.29 16:30:00	-1.9	-1.9	-1.9	nan	2	US	USD
840020001	Trade Balance	2026.01.29 16:30:00	-56.825	-41.091	-29.35	-29.206	2	US	USD
840020023	Exports	2026.01.29 16:30:00	292.052	nan	302.015	302.919	2	US	USD
840020024	Imports	2026.01.29 16:30:00	348.877	nan	331.366	332.124	2	US	USD
840020003	Factory Orders m/m	2026.01.29 18:00:00	2.7	-1.2	1.3	-1.2	2	US	USD
840220013	7-Year Note Auction	2026.01.29 21:00:00	4.018	nan	3.93	nan	2	US	USD
840030002	Core PPI m/m	2026.01.30 16:30:00	0.7	-0.6	0.0	nan	2	US	USD
840100001	Baker Hughes US Oil Rig Count	2026.01.30 21:00:00	411.0	nan	411.0	nan	2	US	USD
840100002	Baker Hughes US Total Rig Count	2026.01.30 21:00:00	546.0	nan	544.0	nan	2	US	USD
840040004	ISM Manufacturing Employment	2026.02.02 18:00:00	48.1	45.5	44.9	44.8	2	US	USD
840040005	ISM Non-Manufacturing Employment	2026.02.04 18:00:00	50.3	50.2	52.0	51.7	2	US	USD
840200002	EIA Cushing Crude Oil Stocks Change	2026.02.04 18:30:00	-0.743	0.083	-0.278	nan	2	US	USD
840140002	Continuing Jobless Claims	2026.02.05 16:30:00	1.844	1.852	1.827	1.819	2	US	USD
840210001	Michigan Consumer Sentiment	2026.02.06 18:00:00	57.3	55.1	56.4	nan	2	US	USD
840210002	Michigan Consumer Expectations	2026.02.06 18:00:00	56.6	55.1	57.0	nan	2	US	USD
840210004	Michigan Inflation Expectations	2026.02.06 18:00:00	3.5	4.4	4.0	nan	2	US	USD
840210005	Michigan 5-Year Inflation Expectations	2026.02.06 18:00:00	3.4	3.3	3.3	nan	2	US	USD
840100001	Baker Hughes US Oil Rig Count	2026.02.06 21:00:00	412.0	nan	411.0	nan	2	US	USD
840100002	Baker Hughes US Total Rig Count	2026.02.06 21:00:00	551.0	nan	546.0	nan	2	US	USD
840050013	Fed Consumer Credit m/m	2026.02.06 23:00:00	24.05	10.99	4.23	4.7	2	US	USD
840520003	CFTC Gold Non-Commercial Net Positions	2026.02.06 23:30:00	165.6	nan	nan	nan	2	US	USD
840520004	CFTC Crude Oil Non-Commercial Net Positions	2026.02.06 23:30:00	124.6	nan	nan	nan	2	US	USD
840520005	CFTC S&P 500 Non-Commercial Net Positions	2026.02.06 23:30:00	-132.9	nan	nan	nan	2	US	USD
840520011	CFTC Nasdaq 100 Non-Commercial Net Positions	2026.02.06 23:30:00	14.2	nan	nan	nan	2	US	USD
840030025	Employment Cost Index q/q	2026.02.10 16:30:00	0.7	0.9	0.8	nan	2	US	USD
840020012	Retail Control m/m	2026.02.10 16:30:00	-0.1	0.1	0.4	0.2	2	US	USD
840020007	Business Inventories m/m	2026.02.10 18:00:00	0.1	0.1	0.3	0.2	2	US	USD
840020027	Retail Inventories m/m	2026.02.10 18:00:00	-0.1	0.3	0.6	nan	2	US	USD
840020028	Retail Inventories excl. Autos m/m	2026.02.10 18:00:00	0.2	nan	0.3	nan	2	US	USD
840220011	3-Year Note Auction	2026.02.10 21:00:00	3.518	nan	3.609	nan	2	US	USD
840030017	Participation Rate	2026.02.11 16:30:00	62.5	62.4	62.4	nan	2	US	USD
840030019	Average Hourly Earnings y/y	2026.02.11 16:30:00	3.7	3.7	3.8	nan	2	US	USD
840030023	Private Nonfarm Payrolls	2026.02.11 16:30:00	172.0	61.0	37.0	64.0	2	US	USD
840030024	U6 Unemployment Rate	2026.02.11 16:30:00	8.0	8.5	8.4	nan	2	US	USD
840200002	EIA Cushing Crude Oil Stocks Change	2026.02.11 18:30:00	1.071	0.124	-0.743	nan	2	US	USD
840150001	Federal Budget Balance	2026.02.11 22:00:00	-94.6	nan	-144.8	-144.8	2	US	USD
840140002	Continuing Jobless Claims	2026.02.12 16:30:00	1.862	1.843	1.844	1.841	2	US	USD
840120002	Existing Home Sales m/m	2026.02.12 18:00:00	-8.4	0.8	0.5	4.4	2	US	USD
840030008	Core CPI y/y	2026.02.13 16:30:00	2.5	2.6	2.6	nan	2	US	USD
840100001	Baker Hughes US Oil Rig Count	2026.02.13 21:00:00	409.0	nan	412.0	nan	2	US	USD
840100002	Baker Hughes US Total Rig Count	2026.02.13 21:00:00	551.0	nan	551.0	nan	2	US	USD
840520003	CFTC Gold Non-Commercial Net Positions	2026.02.13 23:30:00	160.0	nan	165.6	nan	2	US	USD
840520004	CFTC Crude Oil Non-Commercial Net Positions	2026.02.13 23:30:00	117.8	nan	124.6	nan	2	US	USD
840520005	CFTC S&P 500 Non-Commercial Net Positions	2026.02.13 23:30:00	-105.1	nan	-132.9	nan	2	US	USD
840520011	CFTC Nasdaq 100 Non-Commercial Net Positions	2026.02.13 23:30:00	13.4	nan	14.2	nan	2	US	USD
840230001	NY Fed Empire State Manufacturing Index	2026.02.17 16:30:00	7.1	-1.4	7.7	nan	2	US	USD
840020004	Housing Starts	2026.02.18 16:30:00	1.322	1.333	1.246	1.272	2	US	USD
840020004	Housing Starts	2026.02.18 16:30:00	1.404	1.34	1.322	nan	2	US	USD
840020005	Building Permits	2026.02.18 16:30:00	1.388	1.372	1.412	1.411	2	US	USD
840020005	Building Permits	2026.02.18 16:30:00	1.448	1.441	1.388	nan	2	US	USD
840020014	Core Durable Goods Orders m/m	2026.02.18 16:30:00	0.9	0.3	0.5	0.4	2	US	USD
840020015	Housing Starts m/m	2026.02.18 16:30:00	3.9	-6.6	-4.6	-4.2	2	US	USD
840020015	Housing Starts m/m	2026.02.18 16:30:00	6.2	-0.4	3.9	nan	2	US	USD
840050011	Fed Industrial Production m/m	2026.02.18 17:15:00	0.7	0.1	0.4	0.2	2	US	USD
840050026	Fed Industrial Production y/y	2026.02.18 17:15:00	2.3	2.9	2.0	nan	2	US	USD
840220019	20-Year Bond Auction	2026.02.18 21:00:00	4.664	nan	4.846	nan	2	US	USD
840220001	TIC Net Long-Term Transactions	2026.02.19 00:00:00	28.0	185.3	220.2	206.6	2	US	USD
840140002	Continuing Jobless Claims	2026.02.19 16:30:00	1.869	1.841	1.862	1.852	2	US	USD
840020001	Trade Balance	2026.02.19 16:30:00	-70.311	-43.223	-56.825	-53.044	2	US	USD
840020019	Goods Trade Balance	2026.02.19 16:30:00	-98.54	nan	nan	-82.783	2	US	USD
840020023	Exports	2026.02.19 16:30:00	287.287	nan	292.052	292.29	2	US	USD
840020024	Imports	2026.02.19 16:30:00	357.598	nan	348.877	345.334	2	US	USD
840020027	Retail Inventories m/m	2026.02.19 16:30:00	0.0	0.1	-0.1	-0.5	2	US	USD
840020028	Retail Inventories excl. Autos m/m	2026.02.19 16:30:00	0.2	nan	0.2	-0.2	2	US	USD
840070002	Philadelphia Fed Employment	2026.02.19 16:30:00	-1.3	5.0	9.7	nan	2	US	USD
840120003	Pending Home Sales m/m	2026.02.19 18:00:00	-0.8	-2.5	3.3	-7.4	2	US	USD
840180001	CB Leading Economic Index m/m	2026.02.19 18:00:00	-0.2	-0.2	-0.3	nan	2	US	USD
840200002	EIA Cushing Crude Oil Stocks Change	2026.02.19 20:00:00	-1.095	0.12	1.071	nan	2	US	USD
840220018	30-Year TIPS Auction	2026.02.19 21:00:00	2.473	nan	2.65	nan	2	US	USD
840010003	PCE Price Index m/m	2026.02.20 16:30:00	0.4	0.2	0.2	nan	2	US	USD
840010004	PCE Price Index y/y	2026.02.20 16:30:00	2.9	2.7	2.8	nan	2	US	USD
840010005	Personal Spending m/m	2026.02.20 16:30:00	0.4	0.3	0.5	0.4	2	US	USD
840010016	Real PCE q/q	2026.02.20 16:30:00	2.4	3.6	3.5	nan	2	US	USD
840210001	Michigan Consumer Sentiment	2026.02.20 18:00:00	56.6	57.3	57.3	nan	2	US	USD
840210002	Michigan Consumer Expectations	2026.02.20 18:00:00	56.6	56.6	56.6	nan	2	US	USD
840210004	Michigan Inflation Expectations	2026.02.20 18:00:00	3.4	3.5	3.5	nan	2	US	USD
840210005	Michigan 5-Year Inflation Expectations	2026.02.20 18:00:00	3.3	3.4	3.4	nan	2	US	USD
840020009	New Home Sales m/m	2026.02.20 18:00:00	15.5	-4.5	-0.1	-8.8	2	US	USD
840020009	New Home Sales m/m	2026.02.20 18:00:00	-1.7	-5.5	15.5	nan	2	US	USD
840100001	Baker Hughes US Oil Rig Count	2026.02.20 21:00:00	409.0	nan	409.0	nan	2	US	USD
840100002	Baker Hughes US Total Rig Count	2026.02.20 21:00:00	551.0	nan	551.0	nan	2	US	USD
840520003	CFTC Gold Non-Commercial Net Positions	2026.02.20 23:30:00	159.9	nan	160.0	nan	2	US	USD
840520004	CFTC Crude Oil Non-Commercial Net Positions	2026.02.20 23:30:00	141.3	nan	117.8	nan	2	US	USD
840520005	CFTC S&P 500 Non-Commercial Net Positions	2026.02.20 23:30:00	-177.8	nan	-105.1	nan	2	US	USD
840520011	CFTC Nasdaq 100 Non-Commercial Net Positions	2026.02.20 23:30:00	24.4	nan	13.4	nan	2	US	USD
840020003	Factory Orders m/m	2026.02.23 18:00:00	-0.7	-0.7	2.7	nan	2	US	USD
840170001	S&P/CS HPI Composite-20 y/y	2026.02.24 17:00:00	1.4	nan	1.4	nan	2	US	USD
840170002	S&P/CS HPI Composite-20 n.s.a. m/m	2026.02.24 17:00:00	-0.1	nan	0.0	nan	2	US	USD
840220010	2-Year Note Auction	2026.02.24 21:00:00	3.455	nan	3.58	nan	2	US	USD
840200002	EIA Cushing Crude Oil Stocks Change	2026.02.25 18:30:00	0.881	0.256	-1.095	nan	2	US	USD
840220012	5-Year Note Auction	2026.02.25 21:00:00	3.615	nan	3.823	nan	2	US	USD
840140002	Continuing Jobless Claims	2026.02.26 16:30:00	1.833	1.839	1.869	1.864	2	US	USD
840220013	7-Year Note Auction	2026.02.26 21:00:00	3.79	nan	4.018	nan	2	US	USD
840030002	Core PPI m/m	2026.02.27 16:30:00	0.8	1.0	0.7	0.6	2	US	USD
840020002	Construction Spending m/m	2026.02.27 18:00:00	0.3	0.3	0.5	-0.2	2	US	USD
840020002	Construction Spending m/m	2026.02.27 18:00:00	0.3	0.2	0.3	-0.2	2	US	USD
840100001	Baker Hughes US Oil Rig Count	2026.02.27 21:00:00	407.0	nan	409.0	nan	2	US	USD
840100002	Baker Hughes US Total Rig Count	2026.02.27 21:00:00	550.0	nan	551.0	nan	2	US	USD
840520003	CFTC Gold Non-Commercial Net Positions	2026.02.27 23:30:00	159.2	nan	159.9	nan	2	US	USD
840520004	CFTC Crude Oil Non-Commercial Net Positions	2026.02.27 23:30:00	172.7	nan	141.3	nan	2	US	USD
840520005	CFTC S&P 500 Non-Commercial Net Positions	2026.02.27 23:30:00	-193.5	nan	-177.8	nan	2	US	USD
840520011	CFTC Nasdaq 100 Non-Commercial Net Positions	2026.02.27 23:30:00	10.8	nan	24.4	nan	2	US	USD
840040004	ISM Manufacturing Employment	2026.03.02 18:00:00	48.8	45.4	48.1	nan	2	US	USD
840500003	S&P Global Composite PMI	2026.03.04 17:45:00	52.3	nan	nan	nan	2	US	USD
840040005	ISM Non-Manufacturing Employment	2026.03.04 18:00:00	51.8	50.7	50.3	nan	2	US	USD
840200002	EIA Cushing Crude Oil Stocks Change	2026.03.04 18:30:00	1.564	-0.422	0.881	nan	2	US	USD
840030011	Import Price Index m/m	2026.03.05 16:30:00	0.2	nan	nan	0.2	2	US	USD
840030013	Export Price Index m/m	2026.03.05 16:30:00	0.6	nan	nan	0.6	2	US	USD
840030028	Nonfarm Productivity q/q	2026.03.05 16:30:00	2.8	1.7	4.9	5.2	2	US	USD
840030029	Unit Labor Costs q/q	2026.03.05 16:30:00	2.8	-0.1	-1.9	-1.8	2	US	USD
840140002	Continuing Jobless Claims	2026.03.05 16:30:00	1.868	1.836	1.833	1.822	2	US	USD
840030017	Participation Rate	2026.03.06 16:30:00	62.0	62.6	62.5	62.1	2	US	USD
840030019	Average Hourly Earnings y/y	2026.03.06 16:30:00	3.8	3.7	3.7	nan	2	US	USD
840030023	Private Nonfarm Payrolls	2026.03.06 16:30:00	-86.0	87.0	172.0	146.0	2	US	USD
840030024	U6 Unemployment Rate	2026.03.06 16:30:00	7.9	8.1	8.0	8.1	2	US	USD
840020012	Retail Control m/m	2026.03.06 16:30:00	0.3	0.7	-0.1	0.0	2	US	USD
840020007	Business Inventories m/m	2026.03.06 18:00:00	0.1	0.1	0.1	0.0	2	US	USD
840020027	Retail Inventories m/m	2026.03.06 18:00:00	0.1	0.0	0.0	nan	2	US	USD
840020028	Retail Inventories excl. Autos m/m	2026.03.06 18:00:00	0.4	nan	0.2	nan	2	US	USD
840100001	Baker Hughes US Oil Rig Count	2026.03.06 21:00:00	411.0	nan	407.0	nan	2	US	USD
840100002	Baker Hughes US Total Rig Count	2026.03.06 21:00:00	551.0	nan	550.0	nan	2	US	USD
840050013	Fed Consumer Credit m/m	2026.03.06 23:00:00	8.05	11.25	24.05	25.2	2	US	USD
840520003	CFTC Gold Non-Commercial Net Positions	2026.03.06 23:30:00	160.1	nan	159.2	nan	2	US	USD
840520004	CFTC Crude Oil Non-Commercial Net Positions	2026.03.06 23:30:00	172.2	nan	172.7	nan	2	US	USD
840520005	CFTC S&P 500 Non-Commercial Net Positions	2026.03.06 23:30:00	-168.2	nan	-193.5	nan	2	US	USD
840520011	CFTC Nasdaq 100 Non-Commercial Net Positions	2026.03.06 23:30:00	2.4	nan	10.8	nan	2	US	USD
840120002	Existing Home Sales m/m	2026.03.10 17:00:00	1.7	-5.6	-8.4	-5.9	2	US	USD
840220011	3-Year Note Auction	2026.03.10 20:00:00	3.579	nan	3.518	nan	2	US	USD
840030008	Core CPI y/y	2026.03.11 15:30:00	2.5	2.6	2.5	nan	2	US	USD
840200002	EIA Cushing Crude Oil Stocks Change	2026.03.11 17:30:00	0.117	0.102	1.564	nan	2	US	USD
840150001	Federal Budget Balance	2026.03.11 21:00:00	-307.5	nan	-94.6	nan	2	US	USD
840140002	Continuing Jobless Claims	2026.03.12 15:30:00	1.85	1.841	1.868	1.871	2	US	USD
840020001	Trade Balance	2026.03.12 15:30:00	-54.455	-63.9	-70.311	-72.9	2	US	USD
840020004	Housing Starts	2026.03.12 15:30:00	1.487	1.529	1.404	1.387	2	US	USD
840020005	Building Permits	2026.03.12 15:30:00	1.376	1.467	1.448	1.455	2	US	USD
840020015	Housing Starts m/m	2026.03.12 15:30:00	7.2	-3.7	6.2	4.8	2	US	USD
840020023	Exports	2026.03.12 15:30:00	302.149	nan	287.287	286.301	2	US	USD
840020024	Imports	2026.03.12 15:30:00	356.604	nan	357.598	359.201	2	US	USD
840010003	PCE Price Index m/m	2026.03.13 15:30:00	0.3	0.2	0.4	nan	2	US	USD
840010004	PCE Price Index y/y	2026.03.13 15:30:00	2.8	2.9	2.9	nan	2	US	USD
840010005	Personal Spending m/m	2026.03.13 15:30:00	0.4	0.3	0.4	nan	2	US	USD
840010016	Real PCE q/q	2026.03.13 15:30:00	2.0	2.4	2.4	nan	2	US	USD
840020014	Core Durable Goods Orders m/m	2026.03.13 15:30:00	0.4	0.6	0.9	1.3	2	US	USD
840210001	Michigan Consumer Sentiment	2026.03.13 17:00:00	55.5	56.8	56.6	nan	2	US	USD
840210002	Michigan Consumer Expectations	2026.03.13 17:00:00	54.1	55.1	56.6	nan	2	US	USD
840210004	Michigan Inflation Expectations	2026.03.13 17:00:00	3.4	3.9	3.4	nan	2	US	USD
840210005	Michigan 5-Year Inflation Expectations	2026.03.13 17:00:00	3.2	3.4	3.3	nan	2	US	USD
840100001	Baker Hughes US Oil Rig Count	2026.03.13 20:00:00	412.0	nan	411.0	nan	2	US	USD
840100002	Baker Hughes US Total Rig Count	2026.03.13 20:00:00	553.0	nan	551.0	nan	2	US	USD
840520003	CFTC Gold Non-Commercial Net Positions	2026.03.13 22:30:00	163.1	nan	160.1	nan	2	US	USD
840520004	CFTC Crude Oil Non-Commercial Net Positions	2026.03.13 22:30:00	228.0	nan	172.2	nan	2	US	USD
840520005	CFTC S&P 500 Non-Commercial Net Positions	2026.03.13 22:30:00	-134.5	nan	-168.2	nan	2	US	USD
840520011	CFTC Nasdaq 100 Non-Commercial Net Positions	2026.03.13 22:30:00	24.9	nan	2.4	nan	2	US	USD
840230001	NY Fed Empire State Manufacturing Index	2026.03.16 15:30:00	-0.2	-1.4	7.1	nan	2	US	USD
840050011	Fed Industrial Production m/m	2026.03.16 16:15:00	0.2	0.4	0.7	nan	2	US	USD
840050026	Fed Industrial Production y/y	2026.03.16 16:15:00	1.4	1.9	2.3	nan	2	US	USD
840120003	Pending Home Sales m/m	2026.03.17 17:00:00	1.8	1.9	-0.8	-1.0	2	US	USD
840220019	20-Year Bond Auction	2026.03.17 20:00:00	4.817	nan	4.664	nan	2	US	USD
840030002	Core PPI m/m	2026.03.18 15:30:00	0.5	1.1	0.8	nan	2	US	USD
840020003	Factory Orders m/m	2026.03.18 17:00:00	0.1	-0.9	-0.7	-0.4	2	US	USD
840200002	EIA Cushing Crude Oil Stocks Change	2026.03.18 17:30:00	0.944	-0.067	0.117	nan	2	US	USD
840220001	TIC Net Long-Term Transactions	2026.03.18 23:00:00	15.5	110.8	28.0	96.5	2	US	USD
840140002	Continuing Jobless Claims	2026.03.19 15:30:00	1.857	1.844	1.85	1.847	2	US	USD
840070002	Philadelphia Fed Employment	2026.03.19 15:30:00	0.8	15.7	-1.3	nan	2	US	USD
840020009	New Home Sales m/m	2026.03.19 17:00:00	-17.6	-7.0	-1.7	-6.8	2	US	USD
840180001	CB Leading Economic Index m/m	2026.03.19 17:00:00	-0.1	-0.3	-0.2	nan	2	US	USD
840220017	10-Year TIPS Auction	2026.03.19 20:00:00	1.896	nan	1.94	nan	2	US	USD
840100001	Baker Hughes US Oil Rig Count	2026.03.20 20:00:00	414.0	nan	412.0	nan	2	US	USD
840100002	Baker Hughes US Total Rig Count	2026.03.20 20:00:00	552.0	nan	553.0	nan	2	US	USD
840520003	CFTC Gold Non-Commercial Net Positions	2026.03.20 22:30:00	159.9	nan	163.1	nan	2	US	USD
840520004	CFTC Crude Oil Non-Commercial Net Positions	2026.03.20 22:30:00	218.7	nan	228.0	nan	2	US	USD
840520005	CFTC S&P 500 Non-Commercial Net Positions	2026.03.20 22:30:00	-113.1	nan	-134.5	nan	2	US	USD
840520011	CFTC Nasdaq 100 Non-Commercial Net Positions	2026.03.20 22:30:00	24.1	nan	24.9	nan	2	US	USD
840020002	Construction Spending m/m	2026.03.23 17:00:00	-0.3	0.2	0.3	0.8	2	US	USD
840030028	Nonfarm Productivity q/q	2026.03.24 15:30:00	1.8	2.8	2.8	nan	2	US	USD
840030029	Unit Labor Costs q/q	2026.03.24 15:30:00	4.4	2.8	2.8	nan	2	US	USD
840220010	2-Year Note Auction	2026.03.24 20:00:00	3.936	nan	3.455	nan	2	US	USD
840010015	Current Account	2026.03.25 15:30:00	-190.745	-294.062	-226.402	-239.142	2	US	USD
840030011	Import Price Index m/m	2026.03.25 15:30:00	1.3	0.0	0.2	0.6	2	US	USD
840030013	Export Price Index m/m	2026.03.25 15:30:00	1.5	0.3	0.6	nan	2	US	USD
840200002	EIA Cushing Crude Oil Stocks Change	2026.03.25 17:30:00	3.421	-0.108	0.944	nan	2	US	USD
840220012	5-Year Note Auction	2026.03.25 20:00:00	3.98	nan	3.615	nan	2	US	USD
840140002	Continuing Jobless Claims	2026.03.26 15:30:00	1.819	1.857	1.857	1.851	2	US	USD
840220013	7-Year Note Auction	2026.03.26 20:00:00	4.255	nan	3.79	nan	2	US	USD
840210001	Michigan Consumer Sentiment	2026.03.27 17:00:00	53.3	55.5	55.5	nan	2	US	USD
840210002	Michigan Consumer Expectations	2026.03.27 17:00:00	51.7	54.1	54.1	nan	2	US	USD
840210004	Michigan Inflation Expectations	2026.03.27 17:00:00	3.8	3.4	3.4	nan	2	US	USD
840210005	Michigan 5-Year Inflation Expectations	2026.03.27 17:00:00	3.2	3.2	3.2	nan	2	US	USD
840100001	Baker Hughes US Oil Rig Count	2026.03.27 20:00:00	409.0	nan	414.0	nan	2	US	USD
840100002	Baker Hughes US Total Rig Count	2026.03.27 20:00:00	543.0	nan	552.0	nan	2	US	USD
840520003	CFTC Gold Non-Commercial Net Positions	2026.03.27 22:30:00	168.3	nan	159.9	nan	2	US	USD
840520004	CFTC Crude Oil Non-Commercial Net Positions	2026.03.27 22:30:00	233.6	nan	218.7	nan	2	US	USD
840520005	CFTC S&P 500 Non-Commercial Net Positions	2026.03.27 22:30:00	-80.9	nan	-113.1	nan	2	US	USD
840520011	CFTC Nasdaq 100 Non-Commercial Net Positions	2026.03.27 22:30:00	6.6	nan	24.1	nan	2	US	USD
840170001	S&P/CS HPI Composite-20 y/y	2026.03.31 16:00:00	1.2	nan	1.4	nan	2	US	USD
840170002	S&P/CS HPI Composite-20 n.s.a. m/m	2026.03.31 16:00:00	-0.1	nan	-0.1	nan	2	US	USD
840020012	Retail Control m/m	2026.04.01 15:30:00	0.5	0.5	0.3	0.2	2	US	USD
840040004	ISM Manufacturing Employment	2026.04.01 17:00:00	48.7	47.5	48.8	48.8	2	US	USD
840020007	Business Inventories m/m	2026.04.01 17:00:00	-0.1	0.1	0.1	0.0	2	US	USD
840020027	Retail Inventories m/m	2026.04.01 17:00:00	0.3	-0.2	0.1	nan	2	US	USD
840020028	Retail Inventories excl. Autos m/m	2026.04.01 17:00:00	0.3	nan	0.4	nan	2	US	USD
840200002	EIA Cushing Crude Oil Stocks Change	2026.04.01 17:30:00	0.52	1.367	3.421	nan	2	US	USD
840020001	Trade Balance	2026.04.02 15:30:00	-57.347	-62.538	-54.455	-54.677	2	US	USD
840020023	Exports	2026.04.02 15:30:00	314.787	nan	302.149	302.224	2	US	USD
840020024	Imports	2026.04.02 15:30:00	372.135	nan	356.604	356.901	2	US	USD
840140002	Continuing Jobless Claims	2026.04.02 15:30:00	1.841	1.852	1.819	1.816	2	US	USD
840100001	Baker Hughes US Oil Rig Count	2026.04.02 20:00:00	411.0	nan	409.0	nan	2	US	USD
840100002	Baker Hughes US Total Rig Count	2026.04.02 20:00:00	548.0	nan	543.0	nan	2	US	USD
840030017	Participation Rate	2026.04.03 15:30:00	61.9	62.1	62.0	nan	2	US	USD
840030019	Average Hourly Earnings y/y	2026.04.03 15:30:00	3.5	3.8	3.8	nan	2	US	USD
840030023	Private Nonfarm Payrolls	2026.04.03 15:30:00	186.0	-45.0	-86.0	-129.0	2	US	USD
840030024	U6 Unemployment Rate	2026.04.03 15:30:00	8.0	7.7	7.9	nan	2	US	USD
840500003	S&P Global Composite PMI	2026.04.03 16:45:00	51.4	54.7	52.3	nan	2	US	USD
840040005	ISM Non-Manufacturing Employment	2026.04.03 17:00:00	45.2	52.1	51.8	51.8	2	US	USD
840520003	CFTC Gold Non-Commercial Net Positions	2026.04.03 22:30:00	163.2	nan	168.3	nan	2	US	USD
840520004	CFTC Crude Oil Non-Commercial Net Positions	2026.04.03 22:30:00	213.5	nan	233.6	nan	2	US	USD
840520005	CFTC S&P 500 Non-Commercial Net Positions	2026.04.03 22:30:00	-42.5	nan	-80.9	nan	2	US	USD
840520011	CFTC Nasdaq 100 Non-Commercial Net Positions	2026.04.03 22:30:00	20.6	nan	6.6	nan	2	US	USD
840020014	Core Durable Goods Orders m/m	2026.04.07 15:30:00	0.8	0.4	0.4	0.3	2	US	USD
840220011	3-Year Note Auction	2026.04.07 20:00:00	3.897	nan	3.579	nan	2	US	USD
840050013	Fed Consumer Credit m/m	2026.04.07 22:00:00	9.48	11.2	8.05	7.66	2	US	USD
840200002	EIA Cushing Crude Oil Stocks Change	2026.04.08 17:30:00	0.024	-0.078	0.52	nan	2	US	USD
840010003	PCE Price Index m/m	2026.04.09 15:30:00	0.4	0.2	0.3	nan	2	US	USD
840010004	PCE Price Index y/y	2026.04.09 15:30:00	2.8	2.8	2.8	nan	2	US	USD
840010005	Personal Spending m/m	2026.04.09 15:30:00	0.5	0.3	0.4	0.3	2	US	USD
840010016	Real PCE q/q	2026.04.09 15:30:00	1.9	2.0	2.0	nan	2	US	USD
840140002	Continuing Jobless Claims	2026.04.09 15:30:00	1.794	1.847	1.841	1.832	2	US	USD
840030008	Core CPI y/y	2026.04.10 15:30:00	2.6	2.5	2.5	nan	2	US	USD
840210001	Michigan Consumer Sentiment	2026.04.10 17:00:00	47.6	51.3	53.3	nan	2	US	USD
840210002	Michigan Consumer Expectations	2026.04.10 17:00:00	46.1	51.4	51.7	nan	2	US	USD
840210004	Michigan Inflation Expectations	2026.04.10 17:00:00	4.8	3.5	3.8	nan	2	US	USD
840210005	Michigan 5-Year Inflation Expectations	2026.04.10 17:00:00	3.4	3.2	3.2	nan	2	US	USD
840020003	Factory Orders m/m	2026.04.10 17:00:00	0.0	-3.3	0.1	0.0	2	US	USD
840100001	Baker Hughes US Oil Rig Count	2026.04.10 20:00:00	411.0	nan	411.0	nan	2	US	USD
840100002	Baker Hughes US Total Rig Count	2026.04.10 20:00:00	545.0	nan	548.0	nan	2	US	USD
840150001	Federal Budget Balance	2026.04.10 21:00:00	-164.1	-285.3	-307.5	-307.5	2	US	USD
840520003	CFTC Gold Non-Commercial Net Positions	2026.04.10 22:30:00	156.3	nan	163.2	nan	2	US	USD
840520004	CFTC Crude Oil Non-Commercial Net Positions	2026.04.10 22:30:00	202.2	nan	213.5	nan	2	US	USD
840520005	CFTC S&P 500 Non-Commercial Net Positions	2026.04.10 22:30:00	-45.7	nan	-42.5	nan	2	US	USD
840520011	CFTC Nasdaq 100 Non-Commercial Net Positions	2026.04.10 22:30:00	12.5	nan	20.6	nan	2	US	USD
840120002	Existing Home Sales m/m	2026.04.13 17:00:00	-3.6	4.3	1.7	2.7	2	US	USD
840030002	Core PPI m/m	2026.04.14 15:30:00	0.1	0.6	0.5	0.3	2	US	USD
840030011	Import Price Index m/m	2026.04.15 15:30:00	0.8	0.8	1.3	0.9	2	US	USD
840030013	Export Price Index m/m	2026.04.15 15:30:00	1.6	1.0	1.5	1.9	2	US	USD
840230001	NY Fed Empire State Manufacturing Index	2026.04.15 15:30:00	11.0	-1.4	-0.2	nan	2	US	USD
840200002	EIA Cushing Crude Oil Stocks Change	2026.04.15 17:30:00	-1.727	0.119	0.024	nan	2	US	USD
840220001	TIC Net Long-Term Transactions	2026.04.15 23:00:00	58.6	138.6	15.5	2.4	2	US	USD
840070002	Philadelphia Fed Employment	2026.04.16 15:30:00	-5.1	11.5	0.8	nan	2	US	USD
840140002	Continuing Jobless Claims	2026.04.16 15:30:00	1.818	1.832	1.794	1.787	2	US	USD
840050011	Fed Industrial Production m/m	2026.04.16 16:15:00	-0.5	-0.1	0.2	0.7	2	US	USD
840050026	Fed Industrial Production y/y	2026.04.16 16:15:00	0.7	2.1	1.4	nan	2	US	USD
840100001	Baker Hughes US Oil Rig Count	2026.04.17 20:00:00	410.0	nan	411.0	nan	2	US	USD
840100002	Baker Hughes US Total Rig Count	2026.04.17 20:00:00	543.0	nan	545.0	nan	2	US	USD
840520003	CFTC Gold Non-Commercial Net Positions	2026.04.17 22:30:00	162.5	nan	156.3	nan	2	US	USD
840520004	CFTC Crude Oil Non-Commercial Net Positions	2026.04.17 22:30:00	206.5	nan	202.2	nan	2	US	USD
840520005	CFTC S&P 500 Non-Commercial Net Positions	2026.04.17 22:30:00	-115.8	nan	-45.7	nan	2	US	USD
840520011	CFTC Nasdaq 100 Non-Commercial Net Positions	2026.04.17 22:30:00	10.8	nan	12.5	nan	2	US	USD
840020012	Retail Control m/m	2026.04.21 15:30:00	0.7	0.5	0.5	0.6	2	US	USD
840120003	Pending Home Sales m/m	2026.04.21 17:00:00	1.5	3.1	1.8	2.5	2	US	USD
840020007	Business Inventories m/m	2026.04.21 17:00:00	0.4	0.1	-0.1	0.0	2	US	USD
840020027	Retail Inventories m/m	2026.04.21 17:00:00	0.2	0.1	0.3	nan	2	US	USD
840020028	Retail Inventories excl. Autos m/m	2026.04.21 17:00:00	0.3	nan	0.3	nan	2	US	USD
840200002	EIA Cushing Crude Oil Stocks Change	2026.04.22 17:30:00	0.806	0.076	-1.727	nan	2	US	USD
840220019	20-Year Bond Auction	2026.04.22 20:00:00	4.883	nan	4.817	nan	2	US	USD
840140002	Continuing Jobless Claims	2026.04.23 15:30:00	1.821	1.814	1.818	1.809	2	US	USD
840220016	5-Year TIPS Auction	2026.04.23 20:00:00	1.367	nan	1.433	nan	2	US	USD
840210001	Michigan Consumer Sentiment	2026.04.24 17:00:00	49.8	47.6	47.6	nan	2	US	USD
840210002	Michigan Consumer Expectations	2026.04.24 17:00:00	48.1	46.1	46.1	nan	2	US	USD
840210004	Michigan Inflation Expectations	2026.04.24 17:00:00	4.7	4.8	4.8	nan	2	US	USD
840210005	Michigan 5-Year Inflation Expectations	2026.04.24 17:00:00	3.5	3.4	3.4	nan	2	US	USD
840100001	Baker Hughes US Oil Rig Count	2026.04.24 20:00:00	407.0	nan	410.0	nan	2	US	USD
840100002	Baker Hughes US Total Rig Count	2026.04.24 20:00:00	544.0	nan	543.0	nan	2	US	USD
840520003	CFTC Gold Non-Commercial Net Positions	2026.04.24 22:30:00	164.0	nan	162.5	nan	2	US	USD
840520004	CFTC Crude Oil Non-Commercial Net Positions	2026.04.24 22:30:00	192.3	nan	206.5	nan	2	US	USD
840520005	CFTC S&P 500 Non-Commercial Net Positions	2026.04.24 22:30:00	-110.1	nan	-115.8	nan	2	US	USD
840520011	CFTC Nasdaq 100 Non-Commercial Net Positions	2026.04.24 22:30:00	9.4	nan	10.8	nan	2	US	USD
840220010	2-Year Note Auction	2026.04.27 18:30:00	3.812	nan	3.936	nan	2	US	USD
840220012	5-Year Note Auction	2026.04.27 20:00:00	3.955	nan	3.98	nan	2	US	USD
840170001	S&P/CS HPI Composite-20 y/y	2026.04.28 16:00:00	0.9	0.9	1.2	nan	2	US	USD
840170002	S&P/CS HPI Composite-20 n.s.a. m/m	2026.04.28 16:00:00	0.4	0.2	-0.1	-0.1	2	US	USD
840220013	7-Year Note Auction	2026.04.28 20:00:00	4.175	nan	4.255	nan	2	US	USD
840020019	Goods Trade Balance	2026.04.29 15:30:00	-87.871	-92.53	-98.54	-83.487	2	US	USD
840020027	Retail Inventories m/m	2026.04.29 15:30:00	0.7	0.1	0.2	0.3	2	US	USD
840020028	Retail Inventories excl. Autos m/m	2026.04.29 15:30:00	0.5	nan	0.3	nan	2	US	USD
840020004	Housing Starts	2026.04.29 15:30:00	1.356	1.436	1.487	1.398	2	US	USD
840020004	Housing Starts	2026.04.29 15:30:00	1.502	1.419	1.356	1.356	2	US	USD
840020005	Building Permits	2026.04.29 15:30:00	1.538	1.446	1.376	1.386	2	US	USD
840020005	Building Permits	2026.04.29 15:30:00	1.372	1.481	1.538	1.538	2	US	USD
840020014	Core Durable Goods Orders m/m	2026.04.29 15:30:00	0.9	0.6	0.8	1.2	2	US	USD
840020015	Housing Starts m/m	2026.04.29 15:30:00	-3.0	2.9	7.2	1.8	2	US	USD
840020015	Housing Starts m/m	2026.04.29 15:30:00	10.8	-0.5	-3.0	-3.0	2	US	USD
840200002	EIA Cushing Crude Oil Stocks Change	2026.04.29 17:30:00	-0.796	0.045	0.806	nan	2	US	USD
840030025	Employment Cost Index q/q	2026.04.30 15:30:00	0.9	0.7	0.7	nan	2	US	USD
840010003	PCE Price Index m/m	2026.04.30 15:30:00	0.7	0.2	0.4	nan	2	US	USD
840010004	PCE Price Index y/y	2026.04.30 15:30:00	3.5	3.0	2.8	nan	2	US	USD
840010005	Personal Spending m/m	2026.04.30 15:30:00	0.9	0.5	0.5	0.6	2	US	USD
840010016	Real PCE q/q	2026.04.30 15:30:00	1.6	2.0	1.9	nan	2	US	USD
840140002	Continuing Jobless Claims	2026.04.30 15:30:00	1.785	1.825	1.821	1.808	2	US	USD
840180001	CB Leading Economic Index m/m	2026.04.30 17:00:00	-0.6	-0.4	-0.1	nan	2	US	USD
840040004	ISM Manufacturing Employment	2026.05.01 17:00:00	46.4	47.8	48.7	nan	2	US	USD
840100001	Baker Hughes US Oil Rig Count	2026.05.01 20:00:00	408.0	nan	407.0	nan	2	US	USD
840100002	Baker Hughes US Total Rig Count	2026.05.01 20:00:00	547.0	nan	544.0	nan	2	US	USD
840520003	CFTC Gold Non-Commercial Net Positions	2026.05.01 22:30:00	159.6	nan	164.0	nan	2	US	USD
840520004	CFTC Crude Oil Non-Commercial Net Positions	2026.05.01 22:30:00	191.9	nan	192.3	nan	2	US	USD
840520005	CFTC S&P 500 Non-Commercial Net Positions	2026.05.01 22:30:00	-101.4	nan	-110.1	nan	2	US	USD
840520011	CFTC Nasdaq 100 Non-Commercial Net Positions	2026.05.01 22:30:00	-2.3	nan	9.4	nan	2	US	USD
840020003	Factory Orders m/m	2026.05.04 17:00:00	1.5	1.7	0.0	0.3	2	US	USD
840020001	Trade Balance	2026.05.05 15:30:00	-60.307	-56.051	-57.347	-57.777	2	US	USD
840020023	Exports	2026.05.05 15:30:00	320.859	nan	314.787	314.673	2	US	USD
840020024	Imports	2026.05.05 15:30:00	381.165	nan	372.135	372.449	2	US	USD
840500003	S&P Global Composite PMI	2026.05.05 16:45:00	52.0	53.1	51.4	nan	2	US	USD
840040005	ISM Non-Manufacturing Employment	2026.05.05 17:00:00	48.0	50.0	45.2	nan	2	US	USD
840020009	New Home Sales m/m	2026.05.05 17:00:00	8.9	1.5	-17.6	-19.9	2	US	USD
840020009	New Home Sales m/m	2026.05.05 17:00:00	7.4	9.2	8.9	8.9	2	US	USD
840200002	EIA Cushing Crude Oil Stocks Change	2026.05.06 17:30:00	-0.648	-0.452	-0.796	nan	2	US	USD
840030028	Nonfarm Productivity q/q	2026.05.07 15:30:00	0.8	0.7	1.8	1.6	2	US	USD
840030029	Unit Labor Costs q/q	2026.05.07 15:30:00	2.3	4.5	4.4	4.6	2	US	USD
840140002	Continuing Jobless Claims	2026.05.07 15:30:00	1.766	1.82	1.785	1.776	2	US	USD
840020002	Construction Spending m/m	2026.05.07 17:00:00	0.6	-0.4	-0.3	-0.2	2	US	USD
840020002	Construction Spending m/m	2026.05.07 17:00:00	0.6	0.3	0.6	-0.2	2	US	USD
840050013	Fed Consumer Credit m/m	2026.05.07 22:00:00	24.86	11.12	9.48	8.84	2	US	USD
840030017	Participation Rate	2026.05.08 15:30:00	61.8	61.7	61.9	nan	2	US	USD
840030019	Average Hourly Earnings y/y	2026.05.08 15:30:00	3.6	3.6	3.5	nan	2	US	USD
840030023	Private Nonfarm Payrolls	2026.05.08 15:30:00	123.0	68.0	186.0	190.0	2	US	USD
840030024	U6 Unemployment Rate	2026.05.08 15:30:00	8.2	7.9	8.0	nan	2	US	USD
840210001	Michigan Consumer Sentiment	2026.05.08 17:00:00	48.2	48.6	49.8	nan	2	US	USD
840210002	Michigan Consumer Expectations	2026.05.08 17:00:00	48.5	45.6	48.1	nan	2	US	USD
840210004	Michigan Inflation Expectations	2026.05.08 17:00:00	4.5	4.9	4.7	nan	2	US	USD
840210005	Michigan 5-Year Inflation Expectations	2026.05.08 17:00:00	3.4	3.6	3.5	nan	2	US	USD
840100001	Baker Hughes US Oil Rig Count	2026.05.08 20:00:00	410.0	nan	408.0	nan	2	US	USD
840100002	Baker Hughes US Total Rig Count	2026.05.08 20:00:00	548.0	nan	547.0	nan	2	US	USD
840520003	CFTC Gold Non-Commercial Net Positions	2026.05.08 22:30:00	163.3	nan	159.6	nan	2	US	USD
840520004	CFTC Crude Oil Non-Commercial Net Positions	2026.05.08 22:30:00	178.8	nan	191.9	nan	2	US	USD
840520005	CFTC S&P 500 Non-Commercial Net Positions	2026.05.08 22:30:00	-103.9	nan	-101.4	nan	2	US	USD
840520011	CFTC Nasdaq 100 Non-Commercial Net Positions	2026.05.08 22:30:00	1.2	nan	-2.3	nan	2	US	USD
840120002	Existing Home Sales m/m	2026.05.11 17:00:00	0.2	-5.0	-3.6	-2.9	2	US	USD
840220011	3-Year Note Auction	2026.05.11 20:00:00	3.965	nan	3.897	nan	2	US	USD
840030008	Core CPI y/y	2026.05.12 15:30:00	2.8	2.7	2.6	nan	2	US	USD
840030002	Core PPI m/m	2026.05.13 15:30:00	1.0	0.5	0.1	0.2	2	US	USD
840200002	EIA Cushing Crude Oil Stocks Change	2026.05.13 17:30:00	-1.702	-0.338	-0.648	nan	2	US	USD
840020012	Retail Control m/m	2026.05.14 15:30:00	0.5	0.0	0.7	0.8	2	US	USD
840030011	Import Price Index m/m	2026.05.14 15:30:00	1.9	0.9	0.8	0.9	2	US	USD
840030013	Export Price Index m/m	2026.05.14 15:30:00	3.3	1.0	1.6	1.5	2	US	USD
840140002	Continuing Jobless Claims	2026.05.14 15:30:00	1.782	1.812	1.766	1.758	2	US	USD
840020007	Business Inventories m/m	2026.05.14 17:00:00	0.9	0.2	0.4	nan	2	US	USD
840020027	Retail Inventories m/m	2026.05.14 17:00:00	0.6	0.7	0.7	nan	2	US	USD
840020028	Retail Inventories excl. Autos m/m	2026.05.14 17:00:00	0.4	nan	0.5	nan	2	US	USD
840230001	NY Fed Empire State Manufacturing Index	2026.05.15 15:30:00	19.6	-3.4	11.0	nan	2	US	USD
840050011	Fed Industrial Production m/m	2026.05.15 16:15:00	0.7	-0.3	-0.5	-0.3	2	US	USD
840050026	Fed Industrial Production y/y	2026.05.15 16:15:00	1.4	1.5	0.7	nan	2	US	USD
840100001	Baker Hughes US Oil Rig Count	2026.05.15 20:00:00	415.0	nan	410.0	nan	2	US	USD
840100002	Baker Hughes US Total Rig Count	2026.05.15 20:00:00	551.0	nan	548.0	nan	2	US	USD
840520003	CFTC Gold Non-Commercial Net Positions	2026.05.15 22:30:00	171.6	nan	163.3	nan	2	US	USD
840520004	CFTC Crude Oil Non-Commercial Net Positions	2026.05.15 22:30:00	169.9	nan	178.8	nan	2	US	USD
840520005	CFTC S&P 500 Non-Commercial Net Positions	2026.05.15 22:30:00	-143.8	nan	-103.9	nan	2	US	USD
840520011	CFTC Nasdaq 100 Non-Commercial Net Positions	2026.05.15 22:30:00	-16.0	nan	1.2	nan	2	US	USD
840220001	TIC Net Long-Term Transactions	2026.05.18 23:00:00	81.3	83.8	58.6	57.0	2	US	USD
840120003	Pending Home Sales m/m	2026.05.19 17:00:00	1.4	-2.3	1.5	1.7	2	US	USD
840200002	EIA Cushing Crude Oil Stocks Change	2026.05.20 17:30:00	-1.604	-0.628	-1.702	nan	2	US	USD
840220019	20-Year Bond Auction	2026.05.20 20:00:00	5.122	nan	4.883	nan	2	US	USD
840070002	Philadelphia Fed Employment	2026.05.21 15:30:00	-2.8	-7.5	-5.1	nan	2	US	USD
840020004	Housing Starts	2026.05.21 15:30:00	1.465	1.553	1.502	1.507	2	US	USD
840020005	Building Permits	2026.05.21 15:30:00	1.442	1.371	1.372	1.363	2	US	USD
840020015	Housing Starts m/m	2026.05.21 15:30:00	-2.8	-1.0	10.8	12.0	2	US	USD
840140002	Continuing Jobless Claims	2026.05.21 15:30:00	1.782	1.805	1.782	1.776	2	US	USD
840220017	10-Year TIPS Auction	2026.05.21 20:00:00	2.169	nan	1.896	nan	2	US	USD
840210001	Michigan Consumer Sentiment	2026.05.22 17:00:00	44.8	48.2	48.2	nan	2	US	USD
840210002	Michigan Consumer Expectations	2026.05.22 17:00:00	44.1	48.5	48.5	nan	2	US	USD
840210004	Michigan Inflation Expectations	2026.05.22 17:00:00	4.8	4.5	4.5	nan	2	US	USD
840210005	Michigan 5-Year Inflation Expectations	2026.05.22 17:00:00	3.9	3.4	3.4	nan	2	US	USD
840180001	CB Leading Economic Index m/m	2026.05.22 17:00:00	-0.1	-0.5	-0.6	nan	2	US	USD
840100001	Baker Hughes US Oil Rig Count	2026.05.22 20:00:00	425.0	nan	415.0	nan	2	US	USD
840100002	Baker Hughes US Total Rig Count	2026.05.22 20:00:00	558.0	nan	551.0	nan	2	US	USD
840520003	CFTC Gold Non-Commercial Net Positions	2026.05.22 22:30:00	159.8	nan	171.6	nan	2	US	USD
840520004	CFTC Crude Oil Non-Commercial Net Positions	2026.05.22 22:30:00	172.6	nan	169.9	nan	2	US	USD
840520005	CFTC S&P 500 Non-Commercial Net Positions	2026.05.22 22:30:00	-140.6	nan	-143.8	nan	2	US	USD
840520011	CFTC Nasdaq 100 Non-Commercial Net Positions	2026.05.22 22:30:00	-1.4	nan	-16.0	nan	2	US	USD
840220010	2-Year Note Auction	2026.05.26 20:00:00	4.071	nan	3.812	nan	2	US	USD
840220012	5-Year Note Auction	2026.05.27 20:00:00	4.182	nan	3.955	nan	2	US	USD
840020014	Core Durable Goods Orders m/m	2026.05.28 15:30:00	1.1	0.5	0.9	1.1	2	US	USD
840010003	PCE Price Index m/m	2026.05.28 15:30:00	0.4	0.6	0.7	nan	2	US	USD
840010004	PCE Price Index y/y	2026.05.28 15:30:00	3.8	3.8	3.5	nan	2	US	USD
840010005	Personal Spending m/m	2026.05.28 15:30:00	0.5	0.7	0.9	1.0	2	US	USD
840010016	Real PCE q/q	2026.05.28 15:30:00	1.4	1.6	1.6	nan	2	US	USD
840140002	Continuing Jobless Claims	2026.05.28 15:30:00	1.786	1.764	1.782	1.771	2	US	USD
840020009	New Home Sales m/m	2026.05.28 17:00:00	-6.2	10.2	7.4	3.4	2	US	USD
840200002	EIA Cushing Crude Oil Stocks Change	2026.05.28 19:00:00	-2.794	-1.069	-1.604	nan	2	US	USD
840220013	7-Year Note Auction	2026.05.28 20:00:00	4.29	nan	4.175	nan	2	US	USD
840020019	Goods Trade Balance	2026.05.29 15:30:00	-82.4	-93.515	-87.871	-85.269	2	US	USD
840020027	Retail Inventories m/m	2026.05.29 15:30:00	0.7	0.3	0.6	0.7	2	US	USD
840020028	Retail Inventories excl. Autos m/m	2026.05.29 15:30:00	0.6	nan	0.4	0.6	2	US	USD
840100001	Baker Hughes US Oil Rig Count	2026.05.29 20:00:00	429.0	nan	425.0	nan	2	US	USD
840100002	Baker Hughes US Total Rig Count	2026.05.29 20:00:00	562.0	nan	558.0	nan	2	US	USD
840520003	CFTC Gold Non-Commercial Net Positions	2026.05.29 22:30:00	154.3	nan	159.8	nan	2	US	USD
840520004	CFTC Crude Oil Non-Commercial Net Positions	2026.05.29 22:30:00	161.0	nan	172.6	nan	2	US	USD
840520005	CFTC S&P 500 Non-Commercial Net Positions	2026.05.29 22:30:00	-165.8	nan	-140.6	nan	2	US	USD
840520011	CFTC Nasdaq 100 Non-Commercial Net Positions	2026.05.29 22:30:00	-6.1	nan	-1.4	nan	2	US	USD
840020002	Construction Spending m/m	2026.06.01 17:00:00	0.4	0.3	0.6	0.2	2	US	USD
