event_id	event_name	time	actual_value	forecast_value	previous_value	revised_previous	importance	country_code	currency_code
840140001	Initial Jobless Claims	2020.01.02 16:30:00	222.0	221.0	222.0	224.0	3	US	USD
840500001	S&P Global Manufacturing PMI	2020.01.02 17:45:00	52.4	52.5	52.5	nan	3	US	USD
840040001	ISM Manufacturing PMI	2020.01.03 18:00:00	47.2	48.3	48.1	nan	3	US	USD
840040002	ISM Manufacturing Prices Paid	2020.01.03 18:00:00	51.7	46.3	46.7	nan	3	US	USD
840200001	EIA Crude Oil Stocks Change	2020.01.03 19:00:00	-11.463	-2.937	-5.474	nan	3	US	USD
840500002	S&P Global Services PMI	2020.01.06 17:45:00	52.8	52.2	52.2	nan	3	US	USD
840040008	ISM Non-Manufacturing Prices Paid	2020.01.07 18:00:00	58.5	58.2	58.5	nan	3	US	USD
840040003	ISM Non-Manufacturing PMI	2020.01.07 18:00:00	55.0	54.4	53.9	nan	3	US	USD
840190001	ADP Nonfarm Employment Change	2020.01.08 16:15:00	202.0	125.0	67.0	124.0	3	US	USD
840200001	EIA Crude Oil Stocks Change	2020.01.08 18:30:00	1.164	-4.135	-11.463	nan	3	US	USD
840220014	10-Year Note Auction	2020.01.08 21:00:00	1.869	nan	1.842	nan	3	US	USD
840140001	Initial Jobless Claims	2020.01.09 16:30:00	214.0	222.0	222.0	223.0	3	US	USD
840220015	30-Year Bond Auction	2020.01.09 21:00:00	2.341	nan	2.307	nan	3	US	USD
840030018	Average Hourly Earnings m/m	2020.01.10 16:30:00	0.1	0.2	0.2	0.3	3	US	USD
840030015	Unemployment Rate	2020.01.10 16:30:00	3.5	3.5	3.5	nan	3	US	USD
840030016	Nonfarm Payrolls	2020.01.10 16:30:00	145.0	168.0	266.0	256.0	3	US	USD
840030034	Core CPI n.s.a. m/m	2020.01.14 16:30:00	-0.1	nan	0.0	nan	3	US	USD
840030035	CPI	2020.01.14 16:30:00	258.501	257.915	257.936	nan	3	US	USD
840030005	CPI m/m	2020.01.14 16:30:00	0.2	0.2	0.3	nan	3	US	USD
840030007	CPI y/y	2020.01.14 16:30:00	2.3	2.1	2.1	nan	3	US	USD
840030006	Core CPI m/m	2020.01.14 16:30:00	0.1	0.2	0.2	nan	3	US	USD
840030001	PPI m/m	2020.01.15 16:30:00	0.1	0.0	0.0	nan	3	US	USD
840200001	EIA Crude Oil Stocks Change	2020.01.15 18:30:00	-2.549	-2.885	1.164	nan	3	US	USD
840070001	Philadelphia Fed Manufacturing Index	2020.01.16 16:30:00	17.0	6.3	0.3	2.4	3	US	USD
840020011	Core Retail Sales m/m	2020.01.16 16:30:00	0.7	0.3	0.1	0.0	3	US	USD
840020010	Retail Sales m/m	2020.01.16 16:30:00	0.3	0.3	0.2	0.3	3	US	USD
840140001	Initial Jobless Claims	2020.01.16 16:30:00	204.0	224.0	214.0	nan	3	US	USD
840030021	JOLTS Job Openings	2020.01.17 18:00:00	6.8	7.313	7.267	7.361	3	US	USD
840120001	Existing Home Sales	2020.01.22 18:00:00	5.54	5.36	5.35	nan	3	US	USD
840140001	Initial Jobless Claims	2020.01.23 16:30:00	211.0	224.0	204.0	205.0	3	US	USD
840200001	EIA Crude Oil Stocks Change	2020.01.23 19:00:00	-0.405	-1.117	-2.549	nan	3	US	USD
840500002	S&P Global Services PMI	2020.01.24 17:45:00	53.2	53.1	52.8	nan	3	US	USD
840500001	S&P Global Manufacturing PMI	2020.01.24 17:45:00	51.7	52.3	52.4	nan	3	US	USD
840020008	New Home Sales	2020.01.27 18:00:00	0.694	0.684	0.719	0.697	3	US	USD
840020013	Durable Goods Orders m/m	2020.01.28 16:30:00	2.4	0.9	-2.0	-3.1	3	US	USD
840180002	CB Consumer Confidence Index	2020.01.28 18:00:00	131.6	123.9	126.5	128.2	3	US	USD
840200001	EIA Crude Oil Stocks Change	2020.01.29 18:30:00	3.548	-2.254	-0.405	nan	3	US	USD
840050014	Fed Interest Rate Decision	2020.01.29 22:00:00	1.75	nan	1.75	nan	3	US	USD
840010018	GDP Sales q/q	2020.01.30 16:30:00	3.2	2.4	2.1	nan	3	US	USD
840010007	GDP q/q	2020.01.30 16:30:00	2.1	1.9	2.1	nan	3	US	USD
840140001	Initial Jobless Claims	2020.01.30 16:30:00	216.0	218.0	211.0	223.0	3	US	USD
840010002	Core PCE Price Index y/y	2020.01.31 16:30:00	1.6	1.6	1.6	1.5	3	US	USD
840010001	Core PCE Price Index m/m	2020.01.31 16:30:00	0.2	0.1	0.1	nan	3	US	USD
840510001	MNI Chicago Business Barometer	2020.01.31 17:45:00	42.9	45.9	48.9	nan	3	US	USD
840500001	S&P Global Manufacturing PMI	2020.02.03 17:45:00	51.9	51.7	51.7	nan	3	US	USD
840040001	ISM Manufacturing PMI	2020.02.03 18:00:00	50.9	47.9	47.2	47.8	3	US	USD
840040002	ISM Manufacturing Prices Paid	2020.02.03 18:00:00	53.3	49.3	51.7	nan	3	US	USD
840190001	ADP Nonfarm Employment Change	2020.02.05 16:15:00	291.0	125.0	202.0	199.0	3	US	USD
840500002	S&P Global Services PMI	2020.02.05 17:45:00	53.4	53.2	53.2	nan	3	US	USD
840040008	ISM Non-Manufacturing Prices Paid	2020.02.05 18:00:00	55.5	58.5	58.5	59.3	3	US	USD
840040003	ISM Non-Manufacturing PMI	2020.02.05 18:00:00	55.5	54.2	55.0	54.9	3	US	USD
840200001	EIA Crude Oil Stocks Change	2020.02.05 18:30:00	3.355	-1.058	3.548	nan	3	US	USD
840140001	Initial Jobless Claims	2020.02.06 16:30:00	202.0	217.0	216.0	217.0	3	US	USD
840030018	Average Hourly Earnings m/m	2020.02.07 16:30:00	0.2	0.5	0.1	nan	3	US	USD
840030015	Unemployment Rate	2020.02.07 16:30:00	3.6	3.5	3.5	nan	3	US	USD
840030016	Nonfarm Payrolls	2020.02.07 16:30:00	225.0	161.0	145.0	147.0	3	US	USD
840030021	JOLTS Job Openings	2020.02.11 18:00:00	6.423	7.222	6.8	6.787	3	US	USD
840200001	EIA Crude Oil Stocks Change	2020.02.12 18:30:00	7.459	-2.417	3.355	nan	3	US	USD
840220014	10-Year Note Auction	2020.02.12 21:00:00	1.622	nan	1.869	nan	3	US	USD
840030034	Core CPI n.s.a. m/m	2020.02.13 16:30:00	0.4	nan	-0.1	nan	3	US	USD
840030035	CPI	2020.02.13 16:30:00	258.82	258.989	258.501	258.444	3	US	USD
840030005	CPI m/m	2020.02.13 16:30:00	0.1	0.2	0.2	nan	3	US	USD
840030007	CPI y/y	2020.02.13 16:30:00	2.5	2.2	2.3	nan	3	US	USD
840030006	Core CPI m/m	2020.02.13 16:30:00	0.2	0.1	0.1	nan	3	US	USD
840140001	Initial Jobless Claims	2020.02.13 16:30:00	205.0	217.0	202.0	203.0	3	US	USD
840220015	30-Year Bond Auction	2020.02.13 21:00:00	2.061	nan	2.341	nan	3	US	USD
840020011	Core Retail Sales m/m	2020.02.14 16:30:00	0.3	0.3	0.7	0.6	3	US	USD
840020010	Retail Sales m/m	2020.02.14 16:30:00	0.3	0.3	0.3	0.2	3	US	USD
840030001	PPI m/m	2020.02.19 16:30:00	0.5	0.0	0.1	0.2	3	US	USD
840070001	Philadelphia Fed Manufacturing Index	2020.02.20 16:30:00	36.7	8.1	17.0	nan	3	US	USD
840140001	Initial Jobless Claims	2020.02.20 16:30:00	210.0	216.0	205.0	206.0	3	US	USD
840200001	EIA Crude Oil Stocks Change	2020.02.20 19:00:00	0.415	-1.648	7.459	nan	3	US	USD
840500002	S&P Global Services PMI	2020.02.21 17:45:00	49.4	52.9	53.4	nan	3	US	USD
840500001	S&P Global Manufacturing PMI	2020.02.21 17:45:00	50.8	50.9	51.9	nan	3	US	USD
840120001	Existing Home Sales	2020.02.21 18:00:00	5.46	5.42	5.54	5.53	3	US	USD
840180002	CB Consumer Confidence Index	2020.02.25 18:00:00	130.7	129.5	131.6	130.4	3	US	USD
840020008	New Home Sales	2020.02.26 18:00:00	0.764	0.697	0.694	0.708	3	US	USD
840200001	EIA Crude Oil Stocks Change	2020.02.26 18:30:00	0.452	-0.953	0.415	nan	3	US	USD
840020013	Durable Goods Orders m/m	2020.02.27 16:30:00	-0.2	-0.2	2.4	2.9	3	US	USD
840010018	GDP Sales q/q	2020.02.27 16:30:00	3.1	3.2	3.2	nan	3	US	USD
840010007	GDP q/q	2020.02.27 16:30:00	2.1	2.1	2.1	nan	3	US	USD
840140001	Initial Jobless Claims	2020.02.27 16:30:00	219.0	216.0	210.0	211.0	3	US	USD
840010002	Core PCE Price Index y/y	2020.02.28 16:30:00	1.6	1.6	1.6	1.5	3	US	USD
840010001	Core PCE Price Index m/m	2020.02.28 16:30:00	0.1	0.1	0.2	nan	3	US	USD
840510001	MNI Chicago Business Barometer	2020.02.28 17:45:00	49.0	45.9	42.9	nan	3	US	USD
840500001	S&P Global Manufacturing PMI	2020.03.02 17:45:00	50.7	50.8	50.8	nan	3	US	USD
840040001	ISM Manufacturing PMI	2020.03.02 18:00:00	50.1	48.2	50.9	nan	3	US	USD
840040002	ISM Manufacturing Prices Paid	2020.03.02 18:00:00	45.9	55.0	53.3	nan	3	US	USD
840050014	Fed Interest Rate Decision	2020.03.03 18:00:00	1.25	nan	1.75	nan	3	US	USD
840190001	ADP Nonfarm Employment Change	2020.03.04 16:15:00	183.0	174.0	291.0	209.0	3	US	USD
840500002	S&P Global Services PMI	2020.03.04 17:45:00	49.4	49.4	49.4	nan	3	US	USD
840040008	ISM Non-Manufacturing Prices Paid	2020.03.04 18:00:00	50.8	57.0	55.5	nan	3	US	USD
840040003	ISM Non-Manufacturing PMI	2020.03.04 18:00:00	57.3	54.5	55.5	nan	3	US	USD
840200001	EIA Crude Oil Stocks Change	2020.03.04 18:30:00	0.784	-0.124	0.452	nan	3	US	USD
840140001	Initial Jobless Claims	2020.03.05 16:30:00	216.0	216.0	219.0	nan	3	US	USD
840030018	Average Hourly Earnings m/m	2020.03.06 16:30:00	0.3	0.5	0.2	nan	3	US	USD
840030015	Unemployment Rate	2020.03.06 16:30:00	3.5	3.5	3.6	nan	3	US	USD
840030016	Nonfarm Payrolls	2020.03.06 16:30:00	273.0	161.0	225.0	273.0	3	US	USD
840030034	Core CPI n.s.a. m/m	2020.03.11 15:30:00	0.5	nan	0.4	nan	3	US	USD
840030035	CPI	2020.03.11 15:30:00	259.05	259.637	258.82	nan	3	US	USD
840030005	CPI m/m	2020.03.11 15:30:00	0.1	0.2	0.1	nan	3	US	USD
840030007	CPI y/y	2020.03.11 15:30:00	2.3	2.4	2.5	nan	3	US	USD
840030006	Core CPI m/m	2020.03.11 15:30:00	0.2	0.2	0.2	nan	3	US	USD
840200001	EIA Crude Oil Stocks Change	2020.03.11 17:30:00	7.664	2.947	0.784	nan	3	US	USD
840220014	10-Year Note Auction	2020.03.11 20:00:00	0.849	nan	1.622	nan	3	US	USD
840030001	PPI m/m	2020.03.12 15:30:00	-0.6	0.1	0.5	nan	3	US	USD
840140001	Initial Jobless Claims	2020.03.12 15:30:00	211.0	215.0	216.0	215.0	3	US	USD
840220015	30-Year Bond Auction	2020.03.12 20:00:00	1.32	nan	2.061	nan	3	US	USD
840050014	Fed Interest Rate Decision	2020.03.16 00:00:00	0.25	nan	1.25	nan	3	US	USD
840020011	Core Retail Sales m/m	2020.03.17 15:30:00	-0.4	0.3	0.3	0.6	3	US	USD
840020010	Retail Sales m/m	2020.03.17 15:30:00	-0.5	0.3	0.3	0.6	3	US	USD
840030021	JOLTS Job Openings	2020.03.17 17:00:00	6.963	6.961	6.423	6.552	3	US	USD
840200001	EIA Crude Oil Stocks Change	2020.03.18 17:30:00	1.954	2.792	7.664	nan	3	US	USD
840070001	Philadelphia Fed Manufacturing Index	2020.03.19 15:30:00	-12.7	16.0	36.7	nan	3	US	USD
840140001	Initial Jobless Claims	2020.03.19 15:30:00	281.0	214.0	211.0	nan	3	US	USD
840120001	Existing Home Sales	2020.03.20 17:00:00	5.77	5.42	5.46	5.42	3	US	USD
840500002	S&P Global Services PMI	2020.03.24 16:45:00	39.1	47.4	49.4	nan	3	US	USD
840500001	S&P Global Manufacturing PMI	2020.03.24 16:45:00	49.2	50.5	50.7	nan	3	US	USD
840020008	New Home Sales	2020.03.24 17:00:00	0.765	0.714	0.764	0.8	3	US	USD
840020013	Durable Goods Orders m/m	2020.03.25 15:30:00	1.2	0.2	-0.2	0.1	3	US	USD
840200001	EIA Crude Oil Stocks Change	2020.03.25 17:30:00	1.623	3.086	1.954	nan	3	US	USD
840010018	GDP Sales q/q	2020.03.26 15:30:00	3.1	3.1	3.1	nan	3	US	USD
840010007	GDP q/q	2020.03.26 15:30:00	2.1	2.1	2.1	nan	3	US	USD
840140001	Initial Jobless Claims	2020.03.26 15:30:00	3283.0	214.0	281.0	282.0	3	US	USD
840010002	Core PCE Price Index y/y	2020.03.27 15:30:00	1.8	1.6	1.6	1.7	3	US	USD
840010001	Core PCE Price Index m/m	2020.03.27 15:30:00	0.2	0.1	0.1	0.2	3	US	USD
840510001	MNI Chicago Business Barometer	2020.03.31 16:45:00	47.8	46.6	49.0	nan	3	US	USD
840180002	CB Consumer Confidence Index	2020.03.31 17:00:00	120.0	134.8	130.7	132.6	3	US	USD
840190001	ADP Nonfarm Employment Change	2020.04.01 15:15:00	-27.0	216.0	183.0	179.0	3	US	USD
840500001	S&P Global Manufacturing PMI	2020.04.01 16:45:00	48.5	49.2	49.2	nan	3	US	USD
840040001	ISM Manufacturing PMI	2020.04.01 17:00:00	49.1	48.8	50.1	nan	3	US	USD
840040002	ISM Manufacturing Prices Paid	2020.04.01 17:00:00	37.4	47.8	45.9	nan	3	US	USD
840200001	EIA Crude Oil Stocks Change	2020.04.01 17:30:00	13.833	2.531	1.623	nan	3	US	USD
840140001	Initial Jobless Claims	2020.04.02 15:30:00	6648.0	334.0	3283.0	3307.0	3	US	USD
840030018	Average Hourly Earnings m/m	2020.04.03 15:30:00	0.4	0.1	0.3	nan	3	US	USD
840030015	Unemployment Rate	2020.04.03 15:30:00	4.4	3.5	3.5	nan	3	US	USD
840030016	Nonfarm Payrolls	2020.04.03 15:30:00	-701.0	163.0	273.0	275.0	3	US	USD
840500002	S&P Global Services PMI	2020.04.03 16:45:00	39.8	39.1	39.1	nan	3	US	USD
840040008	ISM Non-Manufacturing Prices Paid	2020.04.03 17:00:00	50.0	53.0	50.8	nan	3	US	USD
840040003	ISM Non-Manufacturing PMI	2020.04.03 17:00:00	52.5	55.1	57.3	nan	3	US	USD
840030021	JOLTS Job Openings	2020.04.07 17:00:00	6.882	6.841	6.963	7.012	3	US	USD
840220014	10-Year Note Auction	2020.04.07 20:00:00	0.782	nan	0.849	nan	3	US	USD
840200001	EIA Crude Oil Stocks Change	2020.04.08 17:30:00	15.177	2.244	13.833	nan	3	US	USD
840220015	30-Year Bond Auction	2020.04.08 20:00:00	1.325	nan	1.32	nan	3	US	USD
840030001	PPI m/m	2020.04.09 15:30:00	-0.2	0.1	-0.6	nan	3	US	USD
840140001	Initial Jobless Claims	2020.04.09 15:30:00	6606.0	1066.0	6648.0	6867.0	3	US	USD
840030034	Core CPI n.s.a. m/m	2020.04.10 15:30:00	0.0	nan	0.5	nan	3	US	USD
840030035	CPI	2020.04.10 15:30:00	257.953	259.042	259.05	nan	3	US	USD
840030005	CPI m/m	2020.04.10 15:30:00	-0.4	0.1	0.1	nan	3	US	USD
840030007	CPI y/y	2020.04.10 15:30:00	1.5	2.2	2.3	nan	3	US	USD
840030006	Core CPI m/m	2020.04.10 15:30:00	-0.1	0.2	0.2	nan	3	US	USD
840020011	Core Retail Sales m/m	2020.04.15 15:30:00	-4.5	0.2	-0.4	nan	3	US	USD
840020010	Retail Sales m/m	2020.04.15 15:30:00	-8.7	0.2	-0.5	-0.4	3	US	USD
840200001	EIA Crude Oil Stocks Change	2020.04.15 17:30:00	19.248	2.692	15.177	nan	3	US	USD
840070001	Philadelphia Fed Manufacturing Index	2020.04.16 15:30:00	-56.6	14.7	-12.7	nan	3	US	USD
840140001	Initial Jobless Claims	2020.04.16 15:30:00	5245.0	4149.0	6606.0	6615.0	3	US	USD
840120001	Existing Home Sales	2020.04.21 17:00:00	5.27	5.54	5.77	5.76	3	US	USD
840200001	EIA Crude Oil Stocks Change	2020.04.22 17:30:00	15.022	4.568	19.248	nan	3	US	USD
840140001	Initial Jobless Claims	2020.04.23 15:30:00	4427.0	6351.0	5245.0	5237.0	3	US	USD
840500002	S&P Global Services PMI	2020.04.23 16:45:00	27.0	36.9	39.8	nan	3	US	USD
840500001	S&P Global Manufacturing PMI	2020.04.23 16:45:00	36.9	47.5	48.5	nan	3	US	USD
840020008	New Home Sales	2020.04.23 17:00:00	0.627	0.772	0.765	0.741	3	US	USD
840020013	Durable Goods Orders m/m	2020.04.24 15:30:00	-14.4	-0.1	1.2	1.1	3	US	USD
840180002	CB Consumer Confidence Index	2020.04.28 17:00:00	86.9	133.8	120.0	118.8	3	US	USD
840010018	GDP Sales q/q	2020.04.29 15:30:00	-4.3	5.6	3.1	nan	3	US	USD
840010007	GDP q/q	2020.04.29 15:30:00	-4.8	2.4	2.1	nan	3	US	USD
840200001	EIA Crude Oil Stocks Change	2020.04.29 17:30:00	8.991	8.457	15.022	nan	3	US	USD
840050014	Fed Interest Rate Decision	2020.04.29 21:00:00	0.25	nan	0.25	nan	3	US	USD
840140001	Initial Jobless Claims	2020.04.30 15:30:00	3839.0	6715.0	4427.0	4442.0	3	US	USD
840010002	Core PCE Price Index y/y	2020.04.30 15:30:00	1.7	1.7	1.8	nan	3	US	USD
840010001	Core PCE Price Index m/m	2020.04.30 15:30:00	-0.1	0.1	0.2	nan	3	US	USD
840510001	MNI Chicago Business Barometer	2020.04.30 16:45:00	35.4	46.5	47.8	nan	3	US	USD
840500001	S&P Global Manufacturing PMI	2020.05.01 16:45:00	36.1	36.9	36.9	nan	3	US	USD
840040001	ISM Manufacturing PMI	2020.05.01 17:00:00	41.5	49.3	49.1	nan	3	US	USD
840040002	ISM Manufacturing Prices Paid	2020.05.01 17:00:00	35.3	32.2	37.4	nan	3	US	USD
840500002	S&P Global Services PMI	2020.05.05 16:45:00	26.7	27.0	27.0	nan	3	US	USD
840040008	ISM Non-Manufacturing Prices Paid	2020.05.05 17:00:00	55.1	50.3	50.0	nan	3	US	USD
840040003	ISM Non-Manufacturing PMI	2020.05.05 17:00:00	41.8	54.8	52.5	nan	3	US	USD
840190001	ADP Nonfarm Employment Change	2020.05.06 15:15:00	-20236.0	167.0	-27.0	-149.0	3	US	USD
840200001	EIA Crude Oil Stocks Change	2020.05.06 17:30:00	4.59	8.656	8.991	nan	3	US	USD
840140001	Initial Jobless Claims	2020.05.07 15:30:00	3169.0	6399.0	3839.0	3846.0	3	US	USD
840030018	Average Hourly Earnings m/m	2020.05.08 15:30:00	4.7	0.2	0.4	0.5	3	US	USD
840030015	Unemployment Rate	2020.05.08 15:30:00	14.7	3.8	4.4	nan	3	US	USD
840030016	Nonfarm Payrolls	2020.05.08 15:30:00	-20500.0	139.0	-701.0	-870.0	3	US	USD
840030034	Core CPI n.s.a. m/m	2020.05.12 15:30:00	-0.5	nan	0.0	nan	3	US	USD
840030035	CPI	2020.05.12 15:30:00	255.902	257.241	257.953	nan	3	US	USD
840030005	CPI m/m	2020.05.12 15:30:00	-0.8	0.0	-0.4	nan	3	US	USD
840030007	CPI y/y	2020.05.12 15:30:00	0.3	0.7	1.5	nan	3	US	USD
840030006	Core CPI m/m	2020.05.12 15:30:00	-0.4	0.2	-0.1	nan	3	US	USD
840220014	10-Year Note Auction	2020.05.12 20:00:00	0.7	nan	0.782	nan	3	US	USD
840030001	PPI m/m	2020.05.13 15:30:00	-1.3	0.0	-0.2	nan	3	US	USD
840200001	EIA Crude Oil Stocks Change	2020.05.13 17:30:00	-0.745	8.427	4.59	nan	3	US	USD
840220015	30-Year Bond Auction	2020.05.13 20:00:00	1.342	nan	1.325	nan	3	US	USD
840140001	Initial Jobless Claims	2020.05.14 15:30:00	2981.0	-2482.0	3169.0	3176.0	3	US	USD
840020011	Core Retail Sales m/m	2020.05.15 15:30:00	-17.2	0.1	-4.5	-4.0	3	US	USD
840020010	Retail Sales m/m	2020.05.15 15:30:00	-16.4	-1.2	-8.7	-8.3	3	US	USD
840030021	JOLTS Job Openings	2020.05.15 17:00:00	6.191	6.842	6.882	7.004	3	US	USD
840200001	EIA Crude Oil Stocks Change	2020.05.20 17:30:00	-4.982	5.457	-0.745	nan	3	US	USD
840070001	Philadelphia Fed Manufacturing Index	2020.05.21 15:30:00	-43.1	-5.5	-56.6	nan	3	US	USD
840140001	Initial Jobless Claims	2020.05.21 15:30:00	2438.0	-165.0	2981.0	2687.0	3	US	USD
840500002	S&P Global Services PMI	2020.05.21 16:45:00	36.9	24.0	26.7	nan	3	US	USD
840500001	S&P Global Manufacturing PMI	2020.05.21 16:45:00	39.8	37.9	36.1	nan	3	US	USD
840120001	Existing Home Sales	2020.05.21 17:00:00	4.33	5.52	5.27	nan	3	US	USD
840020008	New Home Sales	2020.05.26 17:00:00	0.623	0.692	0.627	0.619	3	US	USD
840180002	CB Consumer Confidence Index	2020.05.26 17:00:00	86.6	115.2	86.9	85.7	3	US	USD
840020013	Durable Goods Orders m/m	2020.05.28 15:30:00	-17.2	6.8	-14.4	-16.6	3	US	USD
840010018	GDP Sales q/q	2020.05.28 15:30:00	-3.7	-4.3	-4.3	nan	3	US	USD
840010007	GDP q/q	2020.05.28 15:30:00	-5.0	-4.8	-4.8	nan	3	US	USD
840140001	Initial Jobless Claims	2020.05.28 15:30:00	2123.0	41.0	2438.0	2446.0	3	US	USD
840200001	EIA Crude Oil Stocks Change	2020.05.28 18:00:00	7.928	0.874	-4.982	nan	3	US	USD
840010002	Core PCE Price Index y/y	2020.05.29 15:30:00	1.0	1.7	1.7	nan	3	US	USD
840010001	Core PCE Price Index m/m	2020.05.29 15:30:00	-0.4	0.1	-0.1	0.0	3	US	USD
840510001	MNI Chicago Business Barometer	2020.05.29 16:45:00	32.3	44.5	35.4	nan	3	US	USD
840500001	S&P Global Manufacturing PMI	2020.06.01 16:45:00	39.8	39.8	39.8	nan	3	US	USD
840040001	ISM Manufacturing PMI	2020.06.01 17:00:00	43.1	48.5	41.5	nan	3	US	USD
840040002	ISM Manufacturing Prices Paid	2020.06.01 17:00:00	40.8	33.3	35.3	nan	3	US	USD
840190001	ADP Nonfarm Employment Change	2020.06.03 15:15:00	-2760.0	-9000.0	-20236.0	-19557.0	3	US	USD
840500002	S&P Global Services PMI	2020.06.03 16:45:00	37.5	36.9	36.9	nan	3	US	USD
840040008	ISM Non-Manufacturing Prices Paid	2020.06.03 17:00:00	55.6	52.5	55.1	nan	3	US	USD
840040003	ISM Non-Manufacturing PMI	2020.06.03 17:00:00	45.4	53.0	41.8	nan	3	US	USD
840200001	EIA Crude Oil Stocks Change	2020.06.03 17:30:00	-2.077	-2.817	7.928	nan	3	US	USD
840140001	Initial Jobless Claims	2020.06.04 15:30:00	1877.0	4048.0	2123.0	2126.0	3	US	USD
840030018	Average Hourly Earnings m/m	2020.06.05 15:30:00	-1.0	-8.8	4.7	nan	3	US	USD
840030015	Unemployment Rate	2020.06.05 15:30:00	13.3	16.5	14.7	nan	3	US	USD
840030016	Nonfarm Payrolls	2020.06.05 15:30:00	2509.0	-10000.0	-20500.0	-20687.0	3	US	USD
840030021	JOLTS Job Openings	2020.06.09 17:00:00	5.046	6.769	6.191	6.011	3	US	USD
840220014	10-Year Note Auction	2020.06.09 20:00:00	0.832	nan	0.7	nan	3	US	USD
840030034	Core CPI n.s.a. m/m	2020.06.10 15:30:00	-0.1	nan	-0.5	nan	3	US	USD
840030035	CPI	2020.06.10 15:30:00	255.768	253.955	255.902	nan	3	US	USD
840030005	CPI m/m	2020.06.10 15:30:00	-0.1	-0.2	-0.8	nan	3	US	USD
840030007	CPI y/y	2020.06.10 15:30:00	0.1	-0.8	0.3	nan	3	US	USD
840030006	Core CPI m/m	2020.06.10 15:30:00	-0.1	-0.2	-0.4	nan	3	US	USD
840200001	EIA Crude Oil Stocks Change	2020.06.10 17:30:00	5.72	-5.419	-2.077	nan	3	US	USD
840050014	Fed Interest Rate Decision	2020.06.10 21:00:00	0.25	nan	0.25	nan	3	US	USD
840030001	PPI m/m	2020.06.11 15:30:00	0.4	-0.1	-1.3	nan	3	US	USD
840140001	Initial Jobless Claims	2020.06.11 15:30:00	1542.0	4272.0	1877.0	1897.0	3	US	USD
840220015	30-Year Bond Auction	2020.06.11 20:00:00	1.45	nan	1.342	nan	3	US	USD
840020011	Core Retail Sales m/m	2020.06.16 15:30:00	12.4	-49.4	-17.2	-15.2	3	US	USD
840020010	Retail Sales m/m	2020.06.16 15:30:00	17.7	-33.8	-16.4	-14.7	3	US	USD
840200001	EIA Crude Oil Stocks Change	2020.06.17 17:30:00	1.215	-5.411	5.72	nan	3	US	USD
840070001	Philadelphia Fed Manufacturing Index	2020.06.18 15:30:00	27.5	-33.0	-43.1	nan	3	US	USD
840140001	Initial Jobless Claims	2020.06.18 15:30:00	1508.0	3867.0	1542.0	1566.0	3	US	USD
840120001	Existing Home Sales	2020.06.22 17:00:00	3.91	5.14	4.33	nan	3	US	USD
840500002	S&P Global Services PMI	2020.06.23 16:45:00	46.7	49.7	37.5	nan	3	US	USD
840500001	S&P Global Manufacturing PMI	2020.06.23 16:45:00	49.6	42.3	39.8	nan	3	US	USD
840020008	New Home Sales	2020.06.23 17:00:00	0.676	0.621	0.623	0.58	3	US	USD
840200001	EIA Crude Oil Stocks Change	2020.06.24 17:30:00	1.442	-5.145	1.215	nan	3	US	USD
840020013	Durable Goods Orders m/m	2020.06.25 15:30:00	15.8	6.2	-17.2	-18.1	3	US	USD
840010018	GDP Sales q/q	2020.06.25 15:30:00	-3.5	-3.7	-3.7	nan	3	US	USD
840010007	GDP q/q	2020.06.25 15:30:00	-5.0	-5.0	-5.0	nan	3	US	USD
840140001	Initial Jobless Claims	2020.06.25 15:30:00	1480.0	3613.0	1508.0	1540.0	3	US	USD
840010002	Core PCE Price Index y/y	2020.06.26 15:30:00	1.0	1.4	1.0	nan	3	US	USD
840010001	Core PCE Price Index m/m	2020.06.26 15:30:00	0.1	-0.4	-0.4	nan	3	US	USD
840510001	MNI Chicago Business Barometer	2020.06.30 16:45:00	36.6	42.9	32.3	nan	3	US	USD
840180002	CB Consumer Confidence Index	2020.06.30 17:00:00	98.1	66.3	86.6	85.9	3	US	USD
840190001	ADP Nonfarm Employment Change	2020.07.01 15:15:00	2369.0	-12515.0	-2760.0	3065.0	3	US	USD
840500001	S&P Global Manufacturing PMI	2020.07.01 16:45:00	49.8	49.6	49.6	nan	3	US	USD
840040001	ISM Manufacturing PMI	2020.07.01 17:00:00	52.6	47.5	43.1	nan	3	US	USD
840040002	ISM Manufacturing Prices Paid	2020.07.01 17:00:00	51.3	49.2	40.8	nan	3	US	USD
840200001	EIA Crude Oil Stocks Change	2020.07.01 17:30:00	-7.195	-3.976	1.442	nan	3	US	USD
840030018	Average Hourly Earnings m/m	2020.07.02 15:30:00	-1.2	17.9	-1.0	nan	3	US	USD
840030015	Unemployment Rate	2020.07.02 15:30:00	11.1	21.1	13.3	nan	3	US	USD
840030016	Nonfarm Payrolls	2020.07.02 15:30:00	4800.0	-12034.0	2509.0	2699.0	3	US	USD
840140001	Initial Jobless Claims	2020.07.02 15:30:00	1427.0	3413.0	1480.0	1482.0	3	US	USD
840500002	S&P Global Services PMI	2020.07.06 16:45:00	47.9	46.7	46.7	nan	3	US	USD
840040008	ISM Non-Manufacturing Prices Paid	2020.07.06 17:00:00	62.4	53.9	55.6	nan	3	US	USD
840040003	ISM Non-Manufacturing PMI	2020.07.06 17:00:00	57.1	51.7	45.4	nan	3	US	USD
840030021	JOLTS Job Openings	2020.07.07 17:00:00	5.397	5.087	5.046	4.996	3	US	USD
840200001	EIA Crude Oil Stocks Change	2020.07.08 17:30:00	5.654	-2.481	-7.195	nan	3	US	USD
840220014	10-Year Note Auction	2020.07.08 20:00:00	0.653	nan	0.832	nan	3	US	USD
840140001	Initial Jobless Claims	2020.07.09 15:30:00	1314.0	1200.0	1427.0	1413.0	3	US	USD
840220015	30-Year Bond Auction	2020.07.09 20:00:00	1.33	nan	1.45	nan	3	US	USD
840030001	PPI m/m	2020.07.10 15:30:00	-0.2	-0.2	0.4	nan	3	US	USD
840030034	Core CPI n.s.a. m/m	2020.07.14 15:30:00	0.2	nan	-0.1	nan	3	US	USD
840030035	CPI	2020.07.14 15:30:00	257.214	256.787	255.768	nan	3	US	USD
840030005	CPI m/m	2020.07.14 15:30:00	0.6	-0.2	-0.1	nan	3	US	USD
840030007	CPI y/y	2020.07.14 15:30:00	0.6	0.4	0.1	nan	3	US	USD
840030006	Core CPI m/m	2020.07.14 15:30:00	0.2	0.1	-0.1	nan	3	US	USD
840200001	EIA Crude Oil Stocks Change	2020.07.15 17:30:00	-7.493	-0.756	5.654	nan	3	US	USD
840070001	Philadelphia Fed Manufacturing Index	2020.07.16 15:30:00	24.1	23.5	27.5	nan	3	US	USD
840020011	Core Retail Sales m/m	2020.07.16 15:30:00	7.3	11.4	12.4	12.1	3	US	USD
840020010	Retail Sales m/m	2020.07.16 15:30:00	7.5	20.3	17.7	18.2	3	US	USD
840140001	Initial Jobless Claims	2020.07.16 15:30:00	1300.0	1379.0	1314.0	1310.0	3	US	USD
840120001	Existing Home Sales	2020.07.22 17:00:00	4.72	4.21	3.91	nan	3	US	USD
840200001	EIA Crude Oil Stocks Change	2020.07.22 17:30:00	4.892	-0.938	-7.493	nan	3	US	USD
840140001	Initial Jobless Claims	2020.07.23 15:30:00	1416.0	1315.0	1300.0	1307.0	3	US	USD
840500002	S&P Global Services PMI	2020.07.24 16:45:00	49.6	54.4	47.9	nan	3	US	USD
840500001	S&P Global Manufacturing PMI	2020.07.24 16:45:00	51.3	49.7	49.8	nan	3	US	USD
840020008	New Home Sales	2020.07.24 17:00:00	0.776	0.646	0.676	0.682	3	US	USD
840020013	Durable Goods Orders m/m	2020.07.27 15:30:00	7.3	10.9	15.8	15.1	3	US	USD
840180002	CB Consumer Confidence Index	2020.07.28 17:00:00	92.6	92.2	98.1	98.3	3	US	USD
840200001	EIA Crude Oil Stocks Change	2020.07.29 17:30:00	-10.611	-1.295	4.892	nan	3	US	USD
840050014	Fed Interest Rate Decision	2020.07.29 21:00:00	0.25	nan	0.25	nan	3	US	USD
840010018	GDP Sales q/q	2020.07.30 15:30:00	-29.3	-3.6	-3.5	-3.6	3	US	USD
840010007	GDP q/q	2020.07.30 15:30:00	-32.9	-6.2	-5.0	nan	3	US	USD
840140001	Initial Jobless Claims	2020.07.30 15:30:00	1434.0	1368.0	1416.0	1422.0	3	US	USD
840010002	Core PCE Price Index y/y	2020.07.31 15:30:00	0.9	1.0	1.0	nan	3	US	USD
840010001	Core PCE Price Index m/m	2020.07.31 15:30:00	0.2	0.1	0.1	0.2	3	US	USD
840510001	MNI Chicago Business Barometer	2020.07.31 16:45:00	51.9	31.0	36.6	nan	3	US	USD
840500001	S&P Global Manufacturing PMI	2020.08.03 16:45:00	50.9	51.3	51.3	nan	3	US	USD
840040001	ISM Manufacturing PMI	2020.08.03 17:00:00	54.2	48.4	52.6	nan	3	US	USD
840040002	ISM Manufacturing Prices Paid	2020.08.03 17:00:00	53.2	60.0	51.3	nan	3	US	USD
840190001	ADP Nonfarm Employment Change	2020.08.05 15:15:00	167.0	2246.0	2369.0	4314.0	3	US	USD
840500002	S&P Global Services PMI	2020.08.05 16:45:00	50.0	49.6	49.6	nan	3	US	USD
840040003	ISM Non-Manufacturing PMI	2020.08.05 17:00:00	58.1	51.8	57.1	nan	3	US	USD
840040008	ISM Non-Manufacturing Prices Paid	2020.08.05 17:00:00	57.6	64.0	62.4	nan	3	US	USD
840200001	EIA Crude Oil Stocks Change	2020.08.05 17:30:00	-7.373	-3.059	-10.611	nan	3	US	USD
840140001	Initial Jobless Claims	2020.08.06 15:30:00	1186.0	1435.0	1434.0	1435.0	3	US	USD
840030018	Average Hourly Earnings m/m	2020.08.07 15:30:00	0.2	0.1	-1.2	-1.3	3	US	USD
840030015	Unemployment Rate	2020.08.07 15:30:00	10.2	14.2	11.1	nan	3	US	USD
840030016	Nonfarm Payrolls	2020.08.07 15:30:00	1763.0	4511.0	4800.0	4791.0	3	US	USD
840030021	JOLTS Job Openings	2020.08.10 17:00:00	5.889	4.91	5.397	5.371	3	US	USD
840030001	PPI m/m	2020.08.11 15:30:00	0.6	-0.1	-0.2	nan	3	US	USD
840030034	Core CPI n.s.a. m/m	2020.08.12 15:30:00	0.5	nan	0.2	nan	3	US	USD
840030035	CPI	2020.08.12 15:30:00	258.723	257.984	257.214	nan	3	US	USD
840030005	CPI m/m	2020.08.12 15:30:00	0.6	0.3	0.6	nan	3	US	USD
840030007	CPI y/y	2020.08.12 15:30:00	1.0	1.1	0.6	nan	3	US	USD
840030006	Core CPI m/m	2020.08.12 15:30:00	0.6	0.0	0.2	nan	3	US	USD
840200001	EIA Crude Oil Stocks Change	2020.08.12 17:30:00	-4.512	-9.077	-7.373	nan	3	US	USD
840220014	10-Year Note Auction	2020.08.12 20:00:00	0.677	nan	0.653	nan	3	US	USD
840140001	Initial Jobless Claims	2020.08.13 15:30:00	963.0	1316.0	1186.0	1191.0	3	US	USD
840220015	30-Year Bond Auction	2020.08.13 20:00:00	1.406	nan	1.33	nan	3	US	USD
840020011	Core Retail Sales m/m	2020.08.14 15:30:00	1.9	5.7	7.3	8.3	3	US	USD
840020010	Retail Sales m/m	2020.08.14 15:30:00	1.2	4.9	7.5	8.4	3	US	USD
840200001	EIA Crude Oil Stocks Change	2020.08.19 17:30:00	-1.632	-5.93	-4.512	nan	3	US	USD
840070001	Philadelphia Fed Manufacturing Index	2020.08.20 15:30:00	17.2	-3.9	24.1	nan	3	US	USD
840140001	Initial Jobless Claims	2020.08.20 15:30:00	1106.0	1078.0	963.0	971.0	3	US	USD
840500001	S&P Global Manufacturing PMI	2020.08.21 16:45:00	53.6	51.1	50.9	nan	3	US	USD
840500002	S&P Global Services PMI	2020.08.21 16:45:00	54.8	42.8	50.0	nan	3	US	USD
840120001	Existing Home Sales	2020.08.21 17:00:00	5.86	5.19	4.72	4.7	3	US	USD
840020008	New Home Sales	2020.08.25 17:00:00	0.901	0.724	0.776	0.791	3	US	USD
840180002	CB Consumer Confidence Index	2020.08.25 17:00:00	84.8	95.2	92.6	91.7	3	US	USD
840020013	Durable Goods Orders m/m	2020.08.26 15:30:00	11.2	3.9	7.3	7.7	3	US	USD
840200001	EIA Crude Oil Stocks Change	2020.08.26 17:30:00	-4.689	-3.074	-1.632	nan	3	US	USD
840010018	GDP Sales q/q	2020.08.27 15:30:00	-28.5	-29.3	-29.3	nan	3	US	USD
840010007	GDP q/q	2020.08.27 15:30:00	-31.7	-32.9	-32.9	nan	3	US	USD
840140001	Initial Jobless Claims	2020.08.27 15:30:00	1006.0	1039.0	1106.0	1104.0	3	US	USD
840010002	Core PCE Price Index y/y	2020.08.28 15:30:00	1.3	0.9	0.9	1.1	3	US	USD
840010001	Core PCE Price Index m/m	2020.08.28 15:30:00	0.3	0.0	0.2	0.3	3	US	USD
840510001	MNI Chicago Business Barometer	2020.08.28 16:45:00	51.2	42.7	51.9	nan	3	US	USD
840500001	S&P Global Manufacturing PMI	2020.09.01 16:45:00	53.1	53.6	53.6	nan	3	US	USD
840040001	ISM Manufacturing PMI	2020.09.01 17:00:00	56.0	53.4	54.2	nan	3	US	USD
840040002	ISM Manufacturing Prices Paid	2020.09.01 17:00:00	59.5	51.1	53.2	nan	3	US	USD
840190001	ADP Nonfarm Employment Change	2020.09.02 15:15:00	428.0	58274.0	167.0	212.0	3	US	USD
840200001	EIA Crude Oil Stocks Change	2020.09.02 17:30:00	-9.362	-2.947	-4.689	nan	3	US	USD
840140001	Initial Jobless Claims	2020.09.03 15:30:00	881.0	1059.0	1006.0	1011.0	3	US	USD
840500002	S&P Global Services PMI	2020.09.03 16:45:00	55.0	54.8	54.8	nan	3	US	USD
840040003	ISM Non-Manufacturing PMI	2020.09.03 17:00:00	56.9	52.7	58.1	nan	3	US	USD
840040008	ISM Non-Manufacturing Prices Paid	2020.09.03 17:00:00	64.2	61.7	57.6	nan	3	US	USD
840030018	Average Hourly Earnings m/m	2020.09.04 15:30:00	0.4	0.2	0.2	0.1	3	US	USD
840030015	Unemployment Rate	2020.09.04 15:30:00	8.4	10.7	10.2	nan	3	US	USD
840030016	Nonfarm Payrolls	2020.09.04 15:30:00	1371.0	-74433.0	1763.0	1734.0	3	US	USD
840030021	JOLTS Job Openings	2020.09.09 17:00:00	6.618	5.177	5.889	6.001	3	US	USD
840220014	10-Year Note Auction	2020.09.09 20:00:00	0.704	nan	0.677	nan	3	US	USD
840030001	PPI m/m	2020.09.10 15:30:00	0.3	-0.1	0.6	nan	3	US	USD
840140001	Initial Jobless Claims	2020.09.10 15:30:00	884.0	946.0	881.0	884.0	3	US	USD
840200001	EIA Crude Oil Stocks Change	2020.09.10 18:00:00	2.033	-7.231	-9.362	nan	3	US	USD
840220015	30-Year Bond Auction	2020.09.10 20:00:00	1.473	nan	1.406	nan	3	US	USD
840030034	Core CPI n.s.a. m/m	2020.09.11 15:30:00	0.4	nan	0.5	nan	3	US	USD
840030035	CPI	2020.09.11 15:30:00	259.681	259.387	258.723	nan	3	US	USD
840030005	CPI m/m	2020.09.11 15:30:00	0.4	0.6	0.6	nan	3	US	USD
840030007	CPI y/y	2020.09.11 15:30:00	1.3	1.0	1.0	nan	3	US	USD
840030006	Core CPI m/m	2020.09.11 15:30:00	0.4	0.4	0.6	nan	3	US	USD
840020011	Core Retail Sales m/m	2020.09.16 15:30:00	0.7	10.6	1.9	1.3	3	US	USD
840020010	Retail Sales m/m	2020.09.16 15:30:00	0.6	0.1	1.2	0.9	3	US	USD
840200001	EIA Crude Oil Stocks Change	2020.09.16 17:30:00	-4.389	-3.651	2.033	nan	3	US	USD
840050014	Fed Interest Rate Decision	2020.09.16 21:00:00	0.25	nan	0.25	nan	3	US	USD
840070001	Philadelphia Fed Manufacturing Index	2020.09.17 15:30:00	15.0	-10.4	17.2	nan	3	US	USD
840140001	Initial Jobless Claims	2020.09.17 15:30:00	860.0	885.0	884.0	893.0	3	US	USD
840120001	Existing Home Sales	2020.09.22 17:00:00	6.0	6.4	5.86	nan	3	US	USD
840500001	S&P Global Manufacturing PMI	2020.09.23 16:45:00	53.5	53.3	53.1	nan	3	US	USD
840500002	S&P Global Services PMI	2020.09.23 16:45:00	54.6	54.9	55.0	nan	3	US	USD
840200001	EIA Crude Oil Stocks Change	2020.09.23 17:30:00	-1.639	-1.191	-4.389	nan	3	US	USD
840140001	Initial Jobless Claims	2020.09.24 15:30:00	870.0	874.0	860.0	866.0	3	US	USD
840020008	New Home Sales	2020.09.24 17:00:00	1.011	0.839	0.901	0.965	3	US	USD
840020013	Durable Goods Orders m/m	2020.09.25 15:30:00	0.4	1.5	11.2	11.7	3	US	USD
840180002	CB Consumer Confidence Index	2020.09.29 17:00:00	101.8	88.5	84.8	86.3	3	US	USD
840190001	ADP Nonfarm Employment Change	2020.09.30 15:15:00	749.0	59138.0	428.0	481.0	3	US	USD
840010018	GDP Sales q/q	2020.09.30 15:30:00	-28.1	-28.5	-28.5	nan	3	US	USD
840010007	GDP q/q	2020.09.30 15:30:00	-31.4	-31.7	-31.7	nan	3	US	USD
840510001	MNI Chicago Business Barometer	2020.09.30 16:45:00	62.4	42.1	51.2	nan	3	US	USD
840200001	EIA Crude Oil Stocks Change	2020.09.30 17:30:00	-1.98	-3.016	-1.639	nan	3	US	USD
840010002	Core PCE Price Index y/y	2020.10.01 15:30:00	1.6	1.1	1.3	1.4	3	US	USD
840010001	Core PCE Price Index m/m	2020.10.01 15:30:00	0.3	0.1	0.3	0.4	3	US	USD
840140001	Initial Jobless Claims	2020.10.01 15:30:00	837.0	867.0	870.0	873.0	3	US	USD
840500001	S&P Global Manufacturing PMI	2020.10.01 16:45:00	53.2	53.5	53.5	nan	3	US	USD
840040001	ISM Manufacturing PMI	2020.10.01 17:00:00	55.4	50.9	56.0	nan	3	US	USD
840040002	ISM Manufacturing Prices Paid	2020.10.01 17:00:00	62.8	55.0	59.5	nan	3	US	USD
840030018	Average Hourly Earnings m/m	2020.10.02 15:30:00	0.1	0.4	0.4	0.3	3	US	USD
840030015	Unemployment Rate	2020.10.02 15:30:00	7.9	9.3	8.4	nan	3	US	USD
840030016	Nonfarm Payrolls	2020.10.02 15:30:00	661.0	78356.0	1371.0	1489.0	3	US	USD
840500002	S&P Global Services PMI	2020.10.05 16:45:00	54.6	54.6	54.6	nan	3	US	USD
840040003	ISM Non-Manufacturing PMI	2020.10.05 17:00:00	57.8	51.8	56.9	nan	3	US	USD
840040008	ISM Non-Manufacturing Prices Paid	2020.10.05 17:00:00	59.0	61.1	64.2	nan	3	US	USD
840030021	JOLTS Job Openings	2020.10.06 17:00:00	6.493	5.892	6.618	6.697	3	US	USD
840200001	EIA Crude Oil Stocks Change	2020.10.07 17:30:00	0.501	-1.808	-1.98	nan	3	US	USD
840220014	10-Year Note Auction	2020.10.07 20:00:00	0.765	nan	0.704	nan	3	US	USD
840140001	Initial Jobless Claims	2020.10.08 15:30:00	840.0	855.0	837.0	849.0	3	US	USD
840220015	30-Year Bond Auction	2020.10.08 20:00:00	1.578	nan	1.473	nan	3	US	USD
840030034	Core CPI n.s.a. m/m	2020.10.13 15:30:00	0.1	nan	0.4	nan	3	US	USD
840030035	CPI	2020.10.13 15:30:00	260.209	260.772	259.681	nan	3	US	USD
840030005	CPI m/m	2020.10.13 15:30:00	0.2	0.5	0.4	nan	3	US	USD
840030007	CPI y/y	2020.10.13 15:30:00	1.4	1.4	1.3	nan	3	US	USD
840030006	Core CPI m/m	2020.10.13 15:30:00	0.2	0.2	0.4	nan	3	US	USD
840030001	PPI m/m	2020.10.14 15:30:00	0.4	-0.1	0.3	nan	3	US	USD
840070001	Philadelphia Fed Manufacturing Index	2020.10.15 15:30:00	32.3	-4.0	15.0	nan	3	US	USD
840140001	Initial Jobless Claims	2020.10.15 15:30:00	898.0	840.0	840.0	845.0	3	US	USD
840200001	EIA Crude Oil Stocks Change	2020.10.15 18:00:00	-3.818	-0.739	0.501	nan	3	US	USD
840020011	Core Retail Sales m/m	2020.10.16 15:30:00	1.5	-15.8	0.7	0.5	3	US	USD
840020010	Retail Sales m/m	2020.10.16 15:30:00	1.9	-1.3	0.6	nan	3	US	USD
840200001	EIA Crude Oil Stocks Change	2020.10.21 17:30:00	-1.002	-1.666	-3.818	nan	3	US	USD
840140001	Initial Jobless Claims	2020.10.22 15:30:00	787.0	871.0	898.0	842.0	3	US	USD
840120001	Existing Home Sales	2020.10.22 17:00:00	6.54	5.77	6.0	5.98	3	US	USD
840500001	S&P Global Manufacturing PMI	2020.10.23 16:45:00	53.3	53.4	53.2	nan	3	US	USD
840500002	S&P Global Services PMI	2020.10.23 16:45:00	56.0	54.6	54.6	nan	3	US	USD
840020008	New Home Sales	2020.10.26 17:00:00	0.959	0.96	1.011	0.994	3	US	USD
840020013	Durable Goods Orders m/m	2020.10.27 15:30:00	1.9	1.3	0.4	nan	3	US	USD
840180002	CB Consumer Confidence Index	2020.10.27 17:00:00	100.9	93.2	101.8	101.3	3	US	USD
840200001	EIA Crude Oil Stocks Change	2020.10.28 17:30:00	4.32	-2.41	-1.002	nan	3	US	USD
840010018	GDP Sales q/q	2020.10.29 15:30:00	25.5	-33.4	-28.1	nan	3	US	USD
840010007	GDP q/q	2020.10.29 15:30:00	33.1	-37.9	-31.4	nan	3	US	USD
840140001	Initial Jobless Claims	2020.10.29 15:30:00	751.0	844.0	787.0	791.0	3	US	USD
840010002	Core PCE Price Index y/y	2020.10.30 15:30:00	1.5	1.4	1.6	1.4	3	US	USD
840010001	Core PCE Price Index m/m	2020.10.30 15:30:00	0.2	0.1	0.3	nan	3	US	USD
840510001	MNI Chicago Business Barometer	2020.10.30 16:45:00	61.1	56.9	62.4	nan	3	US	USD
840500001	S&P Global Manufacturing PMI	2020.11.02 17:45:00	53.4	53.3	53.3	nan	3	US	USD
840040001	ISM Manufacturing PMI	2020.11.02 18:00:00	59.3	55.7	55.4	nan	3	US	USD
840040002	ISM Manufacturing Prices Paid	2020.11.02 18:00:00	65.5	66.8	62.8	nan	3	US	USD
840190001	ADP Nonfarm Employment Change	2020.11.04 16:15:00	365.0	576.0	749.0	753.0	3	US	USD
840500002	S&P Global Services PMI	2020.11.04 17:45:00	56.9	56.0	56.0	nan	3	US	USD
840040003	ISM Non-Manufacturing PMI	2020.11.04 18:00:00	56.6	52.3	57.8	nan	3	US	USD
840040008	ISM Non-Manufacturing Prices Paid	2020.11.04 18:00:00	63.9	61.6	59.0	nan	3	US	USD
840200001	EIA Crude Oil Stocks Change	2020.11.04 18:30:00	-7.998	1.634	4.32	nan	3	US	USD
840140001	Initial Jobless Claims	2020.11.05 16:30:00	751.0	770.0	751.0	758.0	3	US	USD
840050014	Fed Interest Rate Decision	2020.11.05 22:00:00	0.25	nan	0.25	nan	3	US	USD
840030018	Average Hourly Earnings m/m	2020.11.06 16:30:00	0.1	0.4	0.1	0.0	3	US	USD
840030015	Unemployment Rate	2020.11.06 16:30:00	6.9	8.2	7.9	nan	3	US	USD
840030016	Nonfarm Payrolls	2020.11.06 16:30:00	638.0	-76324.0	661.0	672.0	3	US	USD
840030021	JOLTS Job Openings	2020.11.10 18:00:00	6.436	5.59	6.493	6.352	3	US	USD
840220014	10-Year Note Auction	2020.11.10 21:00:00	0.96	nan	0.765	nan	3	US	USD
840030034	Core CPI n.s.a. m/m	2020.11.12 16:30:00	0.1	nan	0.1	nan	3	US	USD
840030035	CPI	2020.11.12 16:30:00	260.325	260.384	260.209	nan	3	US	USD
840030005	CPI m/m	2020.11.12 16:30:00	0.0	0.2	0.2	nan	3	US	USD
840030007	CPI y/y	2020.11.12 16:30:00	1.2	1.8	1.4	nan	3	US	USD
840030006	Core CPI m/m	2020.11.12 16:30:00	0.0	0.2	0.2	nan	3	US	USD
840140001	Initial Jobless Claims	2020.11.12 16:30:00	709.0	752.0	751.0	757.0	3	US	USD
840200001	EIA Crude Oil Stocks Change	2020.11.12 19:00:00	4.277	-1.899	-7.998	nan	3	US	USD
840220015	30-Year Bond Auction	2020.11.12 21:00:00	1.68	nan	1.578	nan	3	US	USD
840030001	PPI m/m	2020.11.13 16:30:00	0.3	0.0	0.4	nan	3	US	USD
840020011	Core Retail Sales m/m	2020.11.17 16:30:00	0.2	-15.2	1.5	1.2	3	US	USD
840020010	Retail Sales m/m	2020.11.17 16:30:00	0.3	0.7	1.9	1.6	3	US	USD
840200001	EIA Crude Oil Stocks Change	2020.11.18 18:30:00	0.769	-1.86	4.277	nan	3	US	USD
840070001	Philadelphia Fed Manufacturing Index	2020.11.19 16:30:00	26.3	3.6	32.3	nan	3	US	USD
840140001	Initial Jobless Claims	2020.11.19 16:30:00	742.0	731.0	709.0	711.0	3	US	USD
840120001	Existing Home Sales	2020.11.19 18:00:00	6.85	5.97	6.54	6.57	3	US	USD
840500001	S&P Global Manufacturing PMI	2020.11.23 17:45:00	56.7	53.4	53.4	nan	3	US	USD
840500002	S&P Global Services PMI	2020.11.23 17:45:00	57.7	56.5	56.9	nan	3	US	USD
840180002	CB Consumer Confidence Index	2020.11.24 18:00:00	96.1	101.2	100.9	101.4	3	US	USD
840020013	Durable Goods Orders m/m	2020.11.25 16:30:00	1.3	-0.7	1.9	2.1	3	US	USD
840010018	GDP Sales q/q	2020.11.25 16:30:00	25.6	25.5	25.5	nan	3	US	USD
840010007	GDP q/q	2020.11.25 16:30:00	33.1	33.1	33.1	nan	3	US	USD
840140001	Initial Jobless Claims	2020.11.25 16:30:00	778.0	727.0	742.0	748.0	3	US	USD
840020008	New Home Sales	2020.11.25 18:00:00	0.999	0.921	0.959	1.002	3	US	USD
840010002	Core PCE Price Index y/y	2020.11.25 18:00:00	1.4	1.5	1.5	1.6	3	US	USD
840010001	Core PCE Price Index m/m	2020.11.25 18:00:00	0.0	0.1	0.2	nan	3	US	USD
840200001	EIA Crude Oil Stocks Change	2020.11.25 18:30:00	-0.754	2.518	0.769	nan	3	US	USD
840510001	MNI Chicago Business Barometer	2020.11.30 17:45:00	58.2	61.9	61.1	nan	3	US	USD
840500001	S&P Global Manufacturing PMI	2020.12.01 17:45:00	56.7	56.7	56.7	nan	3	US	USD
840040001	ISM Manufacturing PMI	2020.12.01 18:00:00	57.5	57.4	59.3	nan	3	US	USD
840040002	ISM Manufacturing Prices Paid	2020.12.01 18:00:00	65.4	64.2	65.5	nan	3	US	USD
840190001	ADP Nonfarm Employment Change	2020.12.02 16:15:00	307.0	129.0	365.0	404.0	3	US	USD
840200001	EIA Crude Oil Stocks Change	2020.12.02 18:30:00	-0.679	0.011	-0.754	nan	3	US	USD
840140001	Initial Jobless Claims	2020.12.03 16:30:00	712.0	761.0	778.0	787.0	3	US	USD
840500002	S&P Global Services PMI	2020.12.03 17:45:00	58.4	57.7	57.7	nan	3	US	USD
840040003	ISM Non-Manufacturing PMI	2020.12.03 18:00:00	55.9	52.9	56.6	nan	3	US	USD
840040008	ISM Non-Manufacturing Prices Paid	2020.12.03 18:00:00	66.1	61.6	63.9	nan	3	US	USD
840030015	Unemployment Rate	2020.12.04 16:30:00	6.7	7.4	6.9	nan	3	US	USD
840030016	Nonfarm Payrolls	2020.12.04 16:30:00	245.0	528.0	638.0	610.0	3	US	USD
840030018	Average Hourly Earnings m/m	2020.12.04 16:30:00	0.3	0.4	0.1	nan	3	US	USD
840030021	JOLTS Job Openings	2020.12.09 18:00:00	6.652	5.533	6.436	6.494	3	US	USD
840200001	EIA Crude Oil Stocks Change	2020.12.09 18:30:00	15.189	-0.671	-0.679	nan	3	US	USD
840220014	10-Year Note Auction	2020.12.09 21:00:00	0.951	nan	0.96	nan	3	US	USD
840030034	Core CPI n.s.a. m/m	2020.12.10 16:30:00	0.1	nan	0.1	nan	3	US	USD
840030035	CPI	2020.12.10 16:30:00	260.817	259.339	260.325	nan	3	US	USD
840030005	CPI m/m	2020.12.10 16:30:00	0.2	0.0	0.0	nan	3	US	USD
840030007	CPI y/y	2020.12.10 16:30:00	1.2	0.7	1.2	nan	3	US	USD
840030006	Core CPI m/m	2020.12.10 16:30:00	0.2	0.0	0.0	nan	3	US	USD
840140001	Initial Jobless Claims	2020.12.10 16:30:00	853.0	746.0	712.0	716.0	3	US	USD
840220015	30-Year Bond Auction	2020.12.10 21:00:00	1.665	nan	1.68	nan	3	US	USD
840030001	PPI m/m	2020.12.11 16:30:00	0.1	0.0	0.3	nan	3	US	USD
840020011	Core Retail Sales m/m	2020.12.16 16:30:00	-0.9	0.6	0.2	-0.1	3	US	USD
840020010	Retail Sales m/m	2020.12.16 16:30:00	-1.1	0.6	0.3	-0.1	3	US	USD
840500001	S&P Global Manufacturing PMI	2020.12.16 17:45:00	56.5	56.7	56.7	nan	3	US	USD
840500002	S&P Global Services PMI	2020.12.16 17:45:00	55.3	58.1	58.4	nan	3	US	USD
840200001	EIA Crude Oil Stocks Change	2020.12.16 18:30:00	-3.135	7.783	15.189	nan	3	US	USD
840050014	Fed Interest Rate Decision	2020.12.16 22:00:00	0.25	nan	0.25	nan	3	US	USD
840070001	Philadelphia Fed Manufacturing Index	2020.12.17 16:30:00	11.1	-7.0	26.3	nan	3	US	USD
840140001	Initial Jobless Claims	2020.12.17 16:30:00	885.0	784.0	853.0	862.0	3	US	USD
840010018	GDP Sales q/q	2020.12.22 16:30:00	25.9	25.6	25.6	nan	3	US	USD
840010007	GDP q/q	2020.12.22 16:30:00	33.4	33.1	33.1	nan	3	US	USD
840120001	Existing Home Sales	2020.12.22 18:00:00	6.69	6.62	6.85	6.86	3	US	USD
840180002	CB Consumer Confidence Index	2020.12.22 18:00:00	88.6	98.3	96.1	92.9	3	US	USD
840020013	Durable Goods Orders m/m	2020.12.23 16:30:00	0.9	0.1	1.3	1.8	3	US	USD
840010002	Core PCE Price Index y/y	2020.12.23 16:30:00	1.4	1.4	1.4	nan	3	US	USD
840010001	Core PCE Price Index m/m	2020.12.23 16:30:00	0.0	0.1	0.0	nan	3	US	USD
840140001	Initial Jobless Claims	2020.12.23 16:30:00	803.0	871.0	885.0	892.0	3	US	USD
840020008	New Home Sales	2020.12.23 18:00:00	0.841	0.922	0.999	0.945	3	US	USD
840200001	EIA Crude Oil Stocks Change	2020.12.23 18:30:00	-0.562	6.038	-3.135	nan	3	US	USD
840510001	MNI Chicago Business Barometer	2020.12.30 17:45:00	59.5	59.7	58.2	nan	3	US	USD
840200001	EIA Crude Oil Stocks Change	2020.12.30 18:30:00	-6.065	4.003	-0.562	nan	3	US	USD
840140001	Initial Jobless Claims	2020.12.31 16:30:00	787.0	846.0	803.0	806.0	3	US	USD
840500001	S&P Global Manufacturing PMI	2021.01.04 17:45:00	57.1	56.5	56.5	nan	3	US	USD
840040001	ISM Manufacturing PMI	2021.01.05 18:00:00	60.7	58.5	57.5	nan	3	US	USD
840040002	ISM Manufacturing Prices Paid	2021.01.05 18:00:00	77.6	62.1	65.4	nan	3	US	USD
840190001	ADP Nonfarm Employment Change	2021.01.06 16:15:00	-123.0	-417.0	307.0	304.0	3	US	USD
840500002	S&P Global Services PMI	2021.01.06 17:45:00	54.8	55.3	55.3	nan	3	US	USD
840200001	EIA Crude Oil Stocks Change	2021.01.06 18:30:00	-8.01	-1.414	-6.065	nan	3	US	USD
840140001	Initial Jobless Claims	2021.01.07 16:30:00	787.0	797.0	787.0	790.0	3	US	USD
840040003	ISM Non-Manufacturing PMI	2021.01.07 18:00:00	57.2	53.3	55.9	nan	3	US	USD
840040008	ISM Non-Manufacturing Prices Paid	2021.01.07 18:00:00	64.8	65.2	66.1	nan	3	US	USD
840030015	Unemployment Rate	2021.01.08 16:30:00	6.7	6.8	6.7	nan	3	US	USD
840030016	Nonfarm Payrolls	2021.01.08 16:30:00	-140.0	207.0	245.0	336.0	3	US	USD
840030018	Average Hourly Earnings m/m	2021.01.08 16:30:00	0.8	0.4	0.3	nan	3	US	USD
840030021	JOLTS Job Openings	2021.01.12 18:00:00	6.527	6.916	6.652	6.632	3	US	USD
840220014	10-Year Note Auction	2021.01.12 21:00:00	1.164	nan	0.951	nan	3	US	USD
840030005	CPI m/m	2021.01.13 16:30:00	0.4	0.0	0.2	nan	3	US	USD
840030006	Core CPI m/m	2021.01.13 16:30:00	0.1	0.5	0.2	nan	3	US	USD
840030007	CPI y/y	2021.01.13 16:30:00	1.4	0.9	1.2	nan	3	US	USD
840030034	Core CPI n.s.a. m/m	2021.01.13 16:30:00	-0.1	nan	0.1	nan	3	US	USD
840030035	CPI	2021.01.13 16:30:00	261.775	261.297	260.817	nan	3	US	USD
840200001	EIA Crude Oil Stocks Change	2021.01.13 18:30:00	-3.248	-7.215	-8.01	nan	3	US	USD
840220015	30-Year Bond Auction	2021.01.13 21:00:00	1.825	nan	1.665	nan	3	US	USD
840140001	Initial Jobless Claims	2021.01.14 16:30:00	965.0	788.0	787.0	784.0	3	US	USD
840020010	Retail Sales m/m	2021.01.15 16:30:00	-0.7	-0.6	-1.1	-1.4	3	US	USD
840020011	Core Retail Sales m/m	2021.01.15 16:30:00	-1.4	0.0	-0.9	-1.3	3	US	USD
840030001	PPI m/m	2021.01.15 16:30:00	0.3	0.0	0.1	nan	3	US	USD
840070001	Philadelphia Fed Manufacturing Index	2021.01.21 16:30:00	26.5	-1.1	11.1	9.1	3	US	USD
840140001	Initial Jobless Claims	2021.01.21 16:30:00	900.0	879.0	965.0	926.0	3	US	USD
840500001	S&P Global Manufacturing PMI	2021.01.22 17:45:00	59.1	56.8	57.1	nan	3	US	USD
840500002	S&P Global Services PMI	2021.01.22 17:45:00	57.5	55.0	54.8	nan	3	US	USD
840120001	Existing Home Sales	2021.01.22 18:00:00	6.76	7.02	6.69	6.71	3	US	USD
840200001	EIA Crude Oil Stocks Change	2021.01.22 19:00:00	4.352	-5.604	-3.248	nan	3	US	USD
840180002	CB Consumer Confidence Index	2021.01.26 18:00:00	89.3	92.1	88.6	87.1	3	US	USD
840020013	Durable Goods Orders m/m	2021.01.27 16:30:00	0.2	0.5	0.9	1.2	3	US	USD
840200001	EIA Crude Oil Stocks Change	2021.01.27 18:30:00	-9.91	0.564	4.352	nan	3	US	USD
840050014	Fed Interest Rate Decision	2021.01.27 22:00:00	0.25	nan	0.25	nan	3	US	USD
840010007	GDP q/q	2021.01.28 16:30:00	4.0	25.8	33.4	nan	3	US	USD
840010018	GDP Sales q/q	2021.01.28 16:30:00	3.0	33.9	25.9	nan	3	US	USD
840140001	Initial Jobless Claims	2021.01.28 16:30:00	847.0	935.0	900.0	914.0	3	US	USD
840020008	New Home Sales	2021.01.28 18:00:00	0.842	0.793	0.841	0.829	3	US	USD
840010001	Core PCE Price Index m/m	2021.01.29 16:30:00	0.3	0.1	0.0	nan	3	US	USD
840010002	Core PCE Price Index y/y	2021.01.29 16:30:00	1.5	1.4	1.4	nan	3	US	USD
840510001	MNI Chicago Business Barometer	2021.01.29 17:45:00	63.8	59.0	59.5	nan	3	US	USD
840500001	S&P Global Manufacturing PMI	2021.02.01 17:45:00	59.2	59.1	59.1	nan	3	US	USD
840040001	ISM Manufacturing PMI	2021.02.01 18:00:00	58.7	59.2	60.7	60.5	3	US	USD
840040002	ISM Manufacturing Prices Paid	2021.02.01 18:00:00	82.1	84.9	77.6	nan	3	US	USD
840190001	ADP Nonfarm Employment Change	2021.02.03 16:15:00	174.0	-464.0	-123.0	-78.0	3	US	USD
840500002	S&P Global Services PMI	2021.02.03 17:45:00	58.3	57.5	57.5	nan	3	US	USD
840040003	ISM Non-Manufacturing PMI	2021.02.03 18:00:00	58.7	54.2	57.2	57.7	3	US	USD
840040008	ISM Non-Manufacturing Prices Paid	2021.02.03 18:00:00	64.2	65.6	64.8	64.4	3	US	USD
840200001	EIA Crude Oil Stocks Change	2021.02.03 18:30:00	-0.994	-2.971	-9.91	nan	3	US	USD
840140001	Initial Jobless Claims	2021.02.04 16:30:00	779.0	875.0	847.0	812.0	3	US	USD
840030015	Unemployment Rate	2021.02.05 16:30:00	6.3	6.7	6.7	nan	3	US	USD
840030016	Nonfarm Payrolls	2021.02.05 16:30:00	49.0	-497.0	-140.0	-227.0	3	US	USD
840030018	Average Hourly Earnings m/m	2021.02.05 16:30:00	0.2	0.4	0.8	1.0	3	US	USD
840030021	JOLTS Job Openings	2021.02.09 18:00:00	6.646	6.513	6.527	6.572	3	US	USD
840030005	CPI m/m	2021.02.10 16:30:00	0.3	0.2	0.4	0.2	3	US	USD
840030006	Core CPI m/m	2021.02.10 16:30:00	0.0	0.4	0.1	0.0	3	US	USD
840030007	CPI y/y	2021.02.10 16:30:00	1.4	2.0	1.4	nan	3	US	USD
840030034	Core CPI n.s.a. m/m	2021.02.10 16:30:00	0.2	nan	-0.1	nan	3	US	USD
840030035	CPI	2021.02.10 16:30:00	262.231	262.865	261.775	261.56	3	US	USD
840200001	EIA Crude Oil Stocks Change	2021.02.10 18:30:00	-6.645	-2.808	-0.994	nan	3	US	USD
840220014	10-Year Note Auction	2021.02.10 21:00:00	1.155	nan	1.164	nan	3	US	USD
840140001	Initial Jobless Claims	2021.02.11 16:30:00	793.0	814.0	779.0	812.0	3	US	USD
840220015	30-Year Bond Auction	2021.02.11 21:00:00	1.933	nan	1.825	nan	3	US	USD
840020010	Retail Sales m/m	2021.02.17 16:30:00	5.3	-0.2	-0.7	-1.0	3	US	USD
840020011	Core Retail Sales m/m	2021.02.17 16:30:00	5.9	-0.3	-1.4	-1.8	3	US	USD
840030001	PPI m/m	2021.02.17 16:30:00	1.3	0.0	0.3	nan	3	US	USD
840070001	Philadelphia Fed Manufacturing Index	2021.02.18 16:30:00	23.1	51.1	26.5	nan	3	US	USD
840140001	Initial Jobless Claims	2021.02.18 16:30:00	861.0	787.0	793.0	848.0	3	US	USD
840200001	EIA Crude Oil Stocks Change	2021.02.18 19:00:00	-7.257	-5.171	-6.645	nan	3	US	USD
840500001	S&P Global Manufacturing PMI	2021.02.19 17:45:00	58.5	59.2	59.2	nan	3	US	USD
840500002	S&P Global Services PMI	2021.02.19 17:45:00	58.9	57.9	58.3	nan	3	US	USD
840120001	Existing Home Sales	2021.02.19 18:00:00	6.69	7.1	6.76	6.65	3	US	USD
840180002	CB Consumer Confidence Index	2021.02.23 18:00:00	91.3	88.7	89.3	88.9	3	US	USD
840020008	New Home Sales	2021.02.24 18:00:00	0.923	0.828	0.842	0.885	3	US	USD
840200001	EIA Crude Oil Stocks Change	2021.02.24 18:30:00	1.285	-4.755	-7.257	nan	3	US	USD
840010007	GDP q/q	2021.02.25 16:30:00	4.1	4.0	4.0	nan	3	US	USD
840010018	GDP Sales q/q	2021.02.25 16:30:00	3.0	3.0	3.0	nan	3	US	USD
840020013	Durable Goods Orders m/m	2021.02.25 16:30:00	3.4	-0.7	0.2	1.2	3	US	USD
840140001	Initial Jobless Claims	2021.02.25 16:30:00	730.0	829.0	861.0	841.0	3	US	USD
840010001	Core PCE Price Index m/m	2021.02.26 16:30:00	0.3	0.1	0.3	nan	3	US	USD
840010002	Core PCE Price Index y/y	2021.02.26 16:30:00	1.5	1.4	1.5	1.4	3	US	USD
840510001	MNI Chicago Business Barometer	2021.02.26 17:45:00	59.5	61.8	63.8	nan	3	US	USD
840500001	S&P Global Manufacturing PMI	2021.03.01 17:45:00	58.6	58.5	58.5	nan	3	US	USD
840040001	ISM Manufacturing PMI	2021.03.01 18:00:00	60.8	59.8	58.7	nan	3	US	USD
840040002	ISM Manufacturing Prices Paid	2021.03.01 18:00:00	86.0	88.3	82.1	nan	3	US	USD
840190001	ADP Nonfarm Employment Change	2021.03.03 16:15:00	117.0	-465.0	174.0	195.0	3	US	USD
840500002	S&P Global Services PMI	2021.03.03 17:45:00	59.8	58.9	58.9	nan	3	US	USD
840040003	ISM Non-Manufacturing PMI	2021.03.03 18:00:00	55.3	55.3	58.7	nan	3	US	USD
840040008	ISM Non-Manufacturing Prices Paid	2021.03.03 18:00:00	71.8	64.7	64.2	nan	3	US	USD
840200001	EIA Crude Oil Stocks Change	2021.03.03 18:30:00	21.563	-2.986	1.285	nan	3	US	USD
840140001	Initial Jobless Claims	2021.03.04 16:30:00	745.0	797.0	730.0	736.0	3	US	USD
840030015	Unemployment Rate	2021.03.05 16:30:00	6.2	6.5	6.3	nan	3	US	USD
840030016	Nonfarm Payrolls	2021.03.05 16:30:00	379.0	-137.0	49.0	166.0	3	US	USD
840030018	Average Hourly Earnings m/m	2021.03.05 16:30:00	0.2	0.4	0.2	0.1	3	US	USD
840030005	CPI m/m	2021.03.10 16:30:00	0.4	0.4	0.3	nan	3	US	USD
840030006	Core CPI m/m	2021.03.10 16:30:00	0.1	-0.1	0.0	nan	3	US	USD
840030007	CPI y/y	2021.03.10 16:30:00	1.7	1.4	1.4	nan	3	US	USD
840030034	Core CPI n.s.a. m/m	2021.03.10 16:30:00	0.3	nan	0.2	nan	3	US	USD
840030035	CPI	2021.03.10 16:30:00	263.161	261.624	262.231	nan	3	US	USD
840200001	EIA Crude Oil Stocks Change	2021.03.10 18:30:00	13.798	9.319	21.563	nan	3	US	USD
840220014	10-Year Note Auction	2021.03.10 21:00:00	1.523	nan	1.155	nan	3	US	USD
840140001	Initial Jobless Claims	2021.03.11 16:30:00	712.0	739.0	745.0	754.0	3	US	USD
840030021	JOLTS Job Openings	2021.03.11 18:00:00	6.917	6.633	6.646	6.752	3	US	USD
840220015	30-Year Bond Auction	2021.03.11 21:00:00	2.295	nan	1.933	nan	3	US	USD
840030001	PPI m/m	2021.03.12 16:30:00	0.5	0.6	1.3	nan	3	US	USD
840020010	Retail Sales m/m	2021.03.16 15:30:00	-3.0	0.5	5.3	7.6	3	US	USD
840020011	Core Retail Sales m/m	2021.03.16 15:30:00	-2.7	-0.4	5.9	8.3	3	US	USD
840200001	EIA Crude Oil Stocks Change	2021.03.17 17:30:00	2.396	18.683	13.798	nan	3	US	USD
840050014	Fed Interest Rate Decision	2021.03.17 21:00:00	0.25	nan	0.25	nan	3	US	USD
840070001	Philadelphia Fed Manufacturing Index	2021.03.18 15:30:00	51.8	21.5	23.1	nan	3	US	USD
840140001	Initial Jobless Claims	2021.03.18 15:30:00	770.0	730.0	712.0	725.0	3	US	USD
840120001	Existing Home Sales	2021.03.22 17:00:00	6.22	7.24	6.69	6.66	3	US	USD
840020008	New Home Sales	2021.03.23 17:00:00	0.775	1.042	0.923	0.948	3	US	USD
840020013	Durable Goods Orders m/m	2021.03.24 15:30:00	-1.1	0.6	3.4	3.5	3	US	USD
840500001	S&P Global Manufacturing PMI	2021.03.24 16:45:00	59.0	58.6	58.6	nan	3	US	USD
840500002	S&P Global Services PMI	2021.03.24 16:45:00	60.0	59.4	59.8	nan	3	US	USD
840200001	EIA Crude Oil Stocks Change	2021.03.24 17:30:00	1.912	8.07	2.396	nan	3	US	USD
840010007	GDP q/q	2021.03.25 15:30:00	4.3	4.1	4.1	nan	3	US	USD
840010018	GDP Sales q/q	2021.03.25 15:30:00	2.9	3.0	3.0	nan	3	US	USD
840140001	Initial Jobless Claims	2021.03.25 15:30:00	684.0	742.0	770.0	781.0	3	US	USD
840010001	Core PCE Price Index m/m	2021.03.26 15:30:00	0.1	0.1	0.3	0.2	3	US	USD
840010002	Core PCE Price Index y/y	2021.03.26 15:30:00	1.4	1.5	1.5	nan	3	US	USD
840180002	CB Consumer Confidence Index	2021.03.30 17:00:00	109.7	90.1	91.3	90.4	3	US	USD
840190001	ADP Nonfarm Employment Change	2021.03.31 15:15:00	517.0	-238.0	117.0	176.0	3	US	USD
840510001	MNI Chicago Business Barometer	2021.03.31 16:45:00	66.3	61.8	59.5	nan	3	US	USD
840200001	EIA Crude Oil Stocks Change	2021.03.31 17:30:00	-0.876	2.129	1.912	nan	3	US	USD
840140001	Initial Jobless Claims	2021.04.01 15:30:00	719.0	728.0	684.0	658.0	3	US	USD
840500001	S&P Global Manufacturing PMI	2021.04.01 16:45:00	59.1	59.0	59.0	nan	3	US	USD
840040001	ISM Manufacturing PMI	2021.04.01 17:00:00	64.7	59.8	60.8	nan	3	US	USD
840040002	ISM Manufacturing Prices Paid	2021.04.01 17:00:00	85.6	80.7	86.0	nan	3	US	USD
840030015	Unemployment Rate	2021.04.02 15:30:00	6.0	6.3	6.2	nan	3	US	USD
840030016	Nonfarm Payrolls	2021.04.02 15:30:00	916.0	409.0	379.0	468.0	3	US	USD
840030018	Average Hourly Earnings m/m	2021.04.02 15:30:00	-0.1	0.4	0.2	0.3	3	US	USD
840500002	S&P Global Services PMI	2021.04.05 16:45:00	60.4	60.0	60.0	nan	3	US	USD
840040003	ISM Non-Manufacturing PMI	2021.04.05 17:00:00	63.7	56.9	55.3	nan	3	US	USD
840040008	ISM Non-Manufacturing Prices Paid	2021.04.05 17:00:00	74.0	68.3	71.8	nan	3	US	USD
840030021	JOLTS Job Openings	2021.04.06 17:00:00	7.367	6.835	6.917	7.099	3	US	USD
840200001	EIA Crude Oil Stocks Change	2021.04.07 17:30:00	-3.522	0.518	-0.876	nan	3	US	USD
840140001	Initial Jobless Claims	2021.04.08 15:30:00	744.0	703.0	719.0	728.0	3	US	USD
840030001	PPI m/m	2021.04.09 15:30:00	1.0	0.3	0.5	nan	3	US	USD
840220014	10-Year Note Auction	2021.04.12 20:00:00	1.68	nan	1.523	nan	3	US	USD
840030005	CPI m/m	2021.04.13 15:30:00	0.6	0.4	0.4	nan	3	US	USD
840030006	Core CPI m/m	2021.04.13 15:30:00	0.3	0.3	0.1	nan	3	US	USD
840030007	CPI y/y	2021.04.13 15:30:00	2.6	1.8	1.7	nan	3	US	USD
840030034	Core CPI n.s.a. m/m	2021.04.13 15:30:00	0.4	nan	0.3	nan	3	US	USD
840030035	CPI	2021.04.13 15:30:00	264.793	264.022	263.161	nan	3	US	USD
840220015	30-Year Bond Auction	2021.04.13 20:00:00	2.32	nan	2.295	nan	3	US	USD
840200001	EIA Crude Oil Stocks Change	2021.04.14 17:30:00	-5.89	-2.207	-3.522	nan	3	US	USD
840020010	Retail Sales m/m	2021.04.15 15:30:00	9.8	-1.5	-3.0	-2.7	3	US	USD
840020011	Core Retail Sales m/m	2021.04.15 15:30:00	8.4	0.0	-2.7	-2.5	3	US	USD
840070001	Philadelphia Fed Manufacturing Index	2021.04.15 15:30:00	50.2	24.7	51.8	44.5	3	US	USD
840140001	Initial Jobless Claims	2021.04.15 15:30:00	576.0	733.0	744.0	769.0	3	US	USD
840200001	EIA Crude Oil Stocks Change	2021.04.21 17:30:00	0.594	0.858	-5.89	nan	3	US	USD
840140001	Initial Jobless Claims	2021.04.22 15:30:00	547.0	661.0	576.0	586.0	3	US	USD
840120001	Existing Home Sales	2021.04.22 17:00:00	6.01	5.69	6.22	6.24	3	US	USD
840500001	S&P Global Manufacturing PMI	2021.04.23 16:45:00	60.6	59.1	59.1	nan	3	US	USD
840500002	S&P Global Services PMI	2021.04.23 16:45:00	63.1	60.2	60.4	nan	3	US	USD
840020008	New Home Sales	2021.04.23 17:00:00	1.021	0.85	0.775	0.846	3	US	USD
840020013	Durable Goods Orders m/m	2021.04.26 15:30:00	0.5	-0.4	-1.1	-0.9	3	US	USD
840180002	CB Consumer Confidence Index	2021.04.27 17:00:00	121.7	100.5	109.7	109.0	3	US	USD
840200001	EIA Crude Oil Stocks Change	2021.04.28 17:30:00	0.09	1.18	0.594	nan	3	US	USD
840050014	Fed Interest Rate Decision	2021.04.28 21:00:00	0.25	nan	0.25	nan	3	US	USD
840010007	GDP q/q	2021.04.29 15:30:00	6.4	8.0	4.3	nan	3	US	USD
840010018	GDP Sales q/q	2021.04.29 15:30:00	9.2	-12.0	2.9	nan	3	US	USD
840140001	Initial Jobless Claims	2021.04.29 15:30:00	553.0	562.0	547.0	566.0	3	US	USD
840010001	Core PCE Price Index m/m	2021.04.30 15:30:00	0.4	0.1	0.1	nan	3	US	USD
840010002	Core PCE Price Index y/y	2021.04.30 15:30:00	1.8	1.4	1.4	nan	3	US	USD
840510001	MNI Chicago Business Barometer	2021.04.30 16:45:00	72.1	63.1	66.3	nan	3	US	USD
840500001	S&P Global Manufacturing PMI	2021.05.03 16:45:00	60.5	60.6	60.6	nan	3	US	USD
840040001	ISM Manufacturing PMI	2021.05.03 17:00:00	60.7	62.9	64.7	nan	3	US	USD
840040002	ISM Manufacturing Prices Paid	2021.05.03 17:00:00	89.6	79.0	85.6	nan	3	US	USD
840190001	ADP Nonfarm Employment Change	2021.05.05 15:15:00	742.0	742.0	517.0	565.0	3	US	USD
840500002	S&P Global Services PMI	2021.05.05 16:45:00	64.7	63.1	63.1	nan	3	US	USD
840040003	ISM Non-Manufacturing PMI	2021.05.05 17:00:00	62.7	57.4	63.7	nan	3	US	USD
840040008	ISM Non-Manufacturing Prices Paid	2021.05.05 17:00:00	76.8	73.3	74.0	nan	3	US	USD
840200001	EIA Crude Oil Stocks Change	2021.05.05 17:30:00	-7.99	0.051	0.09	nan	3	US	USD
840140001	Initial Jobless Claims	2021.05.06 15:30:00	498.0	550.0	553.0	590.0	3	US	USD
840030015	Unemployment Rate	2021.05.07 15:30:00	6.1	6.1	6.0	nan	3	US	USD
840030016	Nonfarm Payrolls	2021.05.07 15:30:00	266.0	-1.0	916.0	770.0	3	US	USD
840030018	Average Hourly Earnings m/m	2021.05.07 15:30:00	0.7	0.4	-0.1	nan	3	US	USD
840030021	JOLTS Job Openings	2021.05.11 17:00:00	8.123	7.209	7.367	7.526	3	US	USD
840030005	CPI m/m	2021.05.12 15:30:00	0.8	0.2	0.6	nan	3	US	USD
840030006	Core CPI m/m	2021.05.12 15:30:00	0.9	0.0	0.3	nan	3	US	USD
840030007	CPI y/y	2021.05.12 15:30:00	4.2	3.2	2.6	nan	3	US	USD
840030034	Core CPI n.s.a. m/m	2021.05.12 15:30:00	0.8	nan	0.4	nan	3	US	USD
840030035	CPI	2021.05.12 15:30:00	266.832	266.11	264.793	nan	3	US	USD
840200001	EIA Crude Oil Stocks Change	2021.05.12 17:30:00	-0.426	0.004	-7.99	nan	3	US	USD
840220014	10-Year Note Auction	2021.05.12 20:00:00	1.684	nan	1.68	nan	3	US	USD
840030001	PPI m/m	2021.05.13 15:30:00	0.6	0.3	1.0	nan	3	US	USD
840140001	Initial Jobless Claims	2021.05.13 15:30:00	473.0	526.0	498.0	507.0	3	US	USD
840220015	30-Year Bond Auction	2021.05.13 20:00:00	2.395	nan	2.32	nan	3	US	USD
840020010	Retail Sales m/m	2021.05.14 15:30:00	0.0	-0.1	9.8	10.7	3	US	USD
840020011	Core Retail Sales m/m	2021.05.14 15:30:00	-0.8	-2.8	8.4	9.0	3	US	USD
840200001	EIA Crude Oil Stocks Change	2021.05.19 17:30:00	1.32	0.04	-0.426	nan	3	US	USD
840070001	Philadelphia Fed Manufacturing Index	2021.05.20 15:30:00	31.5	29.8	50.2	nan	3	US	USD
840140001	Initial Jobless Claims	2021.05.20 15:30:00	444.0	486.0	473.0	478.0	3	US	USD
840500001	S&P Global Manufacturing PMI	2021.05.21 16:45:00	61.5	60.6	60.5	nan	3	US	USD
840500002	S&P Global Services PMI	2021.05.21 16:45:00	70.1	64.0	64.7	nan	3	US	USD
840120001	Existing Home Sales	2021.05.21 17:00:00	5.85	5.63	6.01	nan	3	US	USD
840020008	New Home Sales	2021.05.25 17:00:00	0.863	1.024	1.021	0.917	3	US	USD
840180002	CB Consumer Confidence Index	2021.05.25 17:00:00	117.2	115.9	121.7	117.5	3	US	USD
840200001	EIA Crude Oil Stocks Change	2021.05.26 17:30:00	-1.662	0.053	1.32	nan	3	US	USD
840010007	GDP q/q	2021.05.27 15:30:00	6.4	6.4	6.4	nan	3	US	USD
840010018	GDP Sales q/q	2021.05.27 15:30:00	9.4	9.2	9.2	nan	3	US	USD
840020013	Durable Goods Orders m/m	2021.05.27 15:30:00	-1.3	0.4	0.5	1.3	3	US	USD
840140001	Initial Jobless Claims	2021.05.27 15:30:00	406.0	459.0	444.0	nan	3	US	USD
840010001	Core PCE Price Index m/m	2021.05.28 15:30:00	0.7	0.2	0.4	nan	3	US	USD
840010002	Core PCE Price Index y/y	2021.05.28 15:30:00	3.1	1.6	1.8	1.9	3	US	USD
840510001	MNI Chicago Business Barometer	2021.05.28 16:45:00	75.2	69.5	72.1	nan	3	US	USD
840500001	S&P Global Manufacturing PMI	2021.06.01 16:45:00	62.1	61.5	61.5	nan	3	US	USD
840040001	ISM Manufacturing PMI	2021.06.01 17:00:00	61.2	62.8	60.7	nan	3	US	USD
840040002	ISM Manufacturing Prices Paid	2021.06.01 17:00:00	88.0	94.8	89.6	nan	3	US	USD
840190001	ADP Nonfarm Employment Change	2021.06.03 15:15:00	978.0	923.0	742.0	654.0	3	US	USD
840140001	Initial Jobless Claims	2021.06.03 15:30:00	385.0	425.0	406.0	405.0	3	US	USD
840500002	S&P Global Services PMI	2021.06.03 16:45:00	70.4	70.1	70.1	nan	3	US	USD
840040003	ISM Non-Manufacturing PMI	2021.06.03 17:00:00	64.0	58.2	62.7	nan	3	US	USD
840040008	ISM Non-Manufacturing Prices Paid	2021.06.03 17:00:00	80.6	75.9	76.8	nan	3	US	USD
840200001	EIA Crude Oil Stocks Change	2021.06.03 18:00:00	-5.079	-0.019	-1.662	nan	3	US	USD
840030015	Unemployment Rate	2021.06.04 15:30:00	5.8	6.1	6.1	nan	3	US	USD
840030016	Nonfarm Payrolls	2021.06.04 15:30:00	559.0	-396.0	266.0	278.0	3	US	USD
840030018	Average Hourly Earnings m/m	2021.06.04 15:30:00	0.5	0.4	0.7	nan	3	US	USD
840030021	JOLTS Job Openings	2021.06.08 17:00:00	9.286	7.838	8.123	8.288	3	US	USD
840200001	EIA Crude Oil Stocks Change	2021.06.09 17:30:00	-5.241	-0.288	-5.079	nan	3	US	USD
840220014	10-Year Note Auction	2021.06.09 20:00:00	1.497	nan	1.684	nan	3	US	USD
840030005	CPI m/m	2021.06.10 15:30:00	0.6	0.3	0.8	nan	3	US	USD
840030006	Core CPI m/m	2021.06.10 15:30:00	0.7	1.0	0.9	nan	3	US	USD
840030007	CPI y/y	2021.06.10 15:30:00	5.0	4.8	4.2	nan	3	US	USD
840030034	Core CPI n.s.a. m/m	2021.06.10 15:30:00	0.7	nan	0.8	nan	3	US	USD
840030035	CPI	2021.06.10 15:30:00	268.551	268.103	266.832	nan	3	US	USD
840140001	Initial Jobless Claims	2021.06.10 15:30:00	376.0	396.0	385.0	nan	3	US	USD
840220015	30-Year Bond Auction	2021.06.10 20:00:00	2.172	nan	2.395	nan	3	US	USD
840020010	Retail Sales m/m	2021.06.15 15:30:00	-1.3	0.5	0.0	0.9	3	US	USD
840020011	Core Retail Sales m/m	2021.06.15 15:30:00	-0.7	4.9	-0.8	0.0	3	US	USD
840030001	PPI m/m	2021.06.15 15:30:00	0.8	0.3	0.6	nan	3	US	USD
840200001	EIA Crude Oil Stocks Change	2021.06.16 17:30:00	-7.355	-2.399	-5.241	nan	3	US	USD
840050014	Fed Interest Rate Decision	2021.06.16 21:00:00	0.25	nan	0.25	nan	3	US	USD
840070001	Philadelphia Fed Manufacturing Index	2021.06.17 15:30:00	30.7	34.0	31.5	nan	3	US	USD
840140001	Initial Jobless Claims	2021.06.17 15:30:00	412.0	381.0	376.0	375.0	3	US	USD
840120001	Existing Home Sales	2021.06.22 17:00:00	5.8	6.05	5.85	nan	3	US	USD
840500001	S&P Global Manufacturing PMI	2021.06.23 16:45:00	62.6	61.9	62.1	nan	3	US	USD
840500002	S&P Global Services PMI	2021.06.23 16:45:00	64.8	70.4	70.4	nan	3	US	USD
840020008	New Home Sales	2021.06.23 17:00:00	0.769	0.942	0.863	0.817	3	US	USD
840200001	EIA Crude Oil Stocks Change	2021.06.23 17:30:00	-7.614	-3.085	-7.355	nan	3	US	USD
840020013	Durable Goods Orders m/m	2021.06.24 15:30:00	2.3	-1.0	-1.3	-0.8	3	US	USD
840010007	GDP q/q	2021.06.24 15:30:00	6.4	6.4	6.4	nan	3	US	USD
840010018	GDP Sales q/q	2021.06.24 15:30:00	9.2	9.4	9.4	nan	3	US	USD
840140001	Initial Jobless Claims	2021.06.24 15:30:00	411.0	394.0	412.0	418.0	3	US	USD
840010001	Core PCE Price Index m/m	2021.06.25 15:30:00	0.5	0.5	0.7	nan	3	US	USD
840010002	Core PCE Price Index y/y	2021.06.25 15:30:00	3.4	2.7	3.1	nan	3	US	USD
840180002	CB Consumer Confidence Index	2021.06.29 17:00:00	127.3	119.5	117.2	120.0	3	US	USD
840190001	ADP Nonfarm Employment Change	2021.06.30 15:15:00	692.0	1055.0	978.0	886.0	3	US	USD
840510001	MNI Chicago Business Barometer	2021.06.30 16:45:00	66.1	74.0	75.2	nan	3	US	USD
840200001	EIA Crude Oil Stocks Change	2021.06.30 17:30:00	-6.718	-3.499	-7.614	nan	3	US	USD
840140001	Initial Jobless Claims	2021.07.01 15:30:00	364.0	412.0	411.0	415.0	3	US	USD
840500001	S&P Global Manufacturing PMI	2021.07.01 16:45:00	62.1	62.6	62.6	nan	3	US	USD
840040001	ISM Manufacturing PMI	2021.07.01 17:00:00	60.6	61.0	61.2	nan	3	US	USD
840040002	ISM Manufacturing Prices Paid	2021.07.01 17:00:00	92.1	88.8	88.0	nan	3	US	USD
840030015	Unemployment Rate	2021.07.02 15:30:00	5.9	6.0	5.8	nan	3	US	USD
840030016	Nonfarm Payrolls	2021.07.02 15:30:00	850.0	3.0	559.0	583.0	3	US	USD
840030018	Average Hourly Earnings m/m	2021.07.02 15:30:00	0.3	0.4	0.5	0.4	3	US	USD
840500002	S&P Global Services PMI	2021.07.06 16:45:00	64.6	64.8	64.8	nan	3	US	USD
840040003	ISM Non-Manufacturing PMI	2021.07.06 17:00:00	60.1	62.0	64.0	nan	3	US	USD
840040008	ISM Non-Manufacturing Prices Paid	2021.07.06 17:00:00	79.5	79.3	80.6	nan	3	US	USD
840030021	JOLTS Job Openings	2021.07.07 17:00:00	9.209	8.849	9.286	9.193	3	US	USD
840140001	Initial Jobless Claims	2021.07.08 15:30:00	373.0	299.0	364.0	371.0	3	US	USD
840200001	EIA Crude Oil Stocks Change	2021.07.08 18:00:00	-6.866	-3.41	-6.718	nan	3	US	USD
840220014	10-Year Note Auction	2021.07.12 20:00:00	1.371	nan	1.497	nan	3	US	USD
840030005	CPI m/m	2021.07.13 15:30:00	0.9	0.1	0.6	nan	3	US	USD
840030006	Core CPI m/m	2021.07.13 15:30:00	0.9	0.4	0.7	nan	3	US	USD
840030007	CPI y/y	2021.07.13 15:30:00	5.4	4.5	5.0	nan	3	US	USD
840030034	Core CPI n.s.a. m/m	2021.07.13 15:30:00	0.8	nan	0.7	nan	3	US	USD
840030035	CPI	2021.07.13 15:30:00	270.981	269.051	268.551	nan	3	US	USD
840220015	30-Year Bond Auction	2021.07.13 20:00:00	2.0	nan	2.172	nan	3	US	USD
840030001	PPI m/m	2021.07.14 15:30:00	1.0	0.2	0.8	nan	3	US	USD
840200001	EIA Crude Oil Stocks Change	2021.07.14 17:30:00	-7.896	-3.12	-6.866	nan	3	US	USD
840070001	Philadelphia Fed Manufacturing Index	2021.07.15 15:30:00	21.9	36.0	30.7	nan	3	US	USD
840140001	Initial Jobless Claims	2021.07.15 15:30:00	360.0	369.0	373.0	386.0	3	US	USD
840020010	Retail Sales m/m	2021.07.16 15:30:00	0.6	1.1	-1.3	-1.7	3	US	USD
840020011	Core Retail Sales m/m	2021.07.16 15:30:00	1.3	-2.0	-0.7	-0.9	3	US	USD
840200001	EIA Crude Oil Stocks Change	2021.07.21 17:30:00	2.107	-2.986	-7.896	nan	3	US	USD
840140001	Initial Jobless Claims	2021.07.22 15:30:00	419.0	367.0	360.0	368.0	3	US	USD
840120001	Existing Home Sales	2021.07.22 17:00:00	5.86	6.01	5.8	5.78	3	US	USD
840500001	S&P Global Manufacturing PMI	2021.07.23 16:45:00	63.1	62.4	62.1	nan	3	US	USD
840500002	S&P Global Services PMI	2021.07.23 16:45:00	59.8	64.8	64.6	nan	3	US	USD
840020008	New Home Sales	2021.07.26 17:00:00	0.676	0.814	0.769	0.724	3	US	USD
840020013	Durable Goods Orders m/m	2021.07.27 15:30:00	0.8	0.9	2.3	3.2	3	US	USD
840180002	CB Consumer Confidence Index	2021.07.27 17:00:00	129.1	117.3	127.3	128.9	3	US	USD
840200001	EIA Crude Oil Stocks Change	2021.07.28 17:30:00	-4.089	-2.637	2.107	nan	3	US	USD
840050014	Fed Interest Rate Decision	2021.07.28 21:00:00	0.25	nan	0.25	nan	3	US	USD
840010007	GDP q/q	2021.07.29 15:30:00	6.5	-5.8	6.4	6.3	3	US	USD
840010018	GDP Sales q/q	2021.07.29 15:30:00	7.7	7.6	9.2	9.1	3	US	USD
840140001	Initial Jobless Claims	2021.07.29 15:30:00	400.0	390.0	419.0	424.0	3	US	USD
840010001	Core PCE Price Index m/m	2021.07.30 15:30:00	0.4	0.3	0.5	nan	3	US	USD
840010002	Core PCE Price Index y/y	2021.07.30 15:30:00	3.5	3.0	3.4	nan	3	US	USD
840510001	MNI Chicago Business Barometer	2021.07.30 16:45:00	73.4	70.9	66.1	nan	3	US	USD
840500001	S&P Global Manufacturing PMI	2021.08.02 16:45:00	63.4	63.1	63.1	nan	3	US	USD
840040001	ISM Manufacturing PMI	2021.08.02 17:00:00	59.5	61.0	60.6	nan	3	US	USD
840040002	ISM Manufacturing Prices Paid	2021.08.02 17:00:00	85.7	92.2	92.1	nan	3	US	USD
840190001	ADP Nonfarm Employment Change	2021.08.04 15:15:00	330.0	845.0	692.0	680.0	3	US	USD
840500002	S&P Global Services PMI	2021.08.04 16:45:00	59.9	59.8	59.8	nan	3	US	USD
840040003	ISM Non-Manufacturing PMI	2021.08.04 17:00:00	64.1	62.3	60.1	nan	3	US	USD
840040008	ISM Non-Manufacturing Prices Paid	2021.08.04 17:00:00	82.3	80.6	79.5	nan	3	US	USD
840200001	EIA Crude Oil Stocks Change	2021.08.04 17:30:00	3.627	-2.443	-4.089	nan	3	US	USD
840140001	Initial Jobless Claims	2021.08.05 15:30:00	385.0	410.0	400.0	399.0	3	US	USD
840030015	Unemployment Rate	2021.08.06 15:30:00	5.4	5.9	5.9	nan	3	US	USD
840030016	Nonfarm Payrolls	2021.08.06 15:30:00	943.0	381.0	850.0	938.0	3	US	USD
840030018	Average Hourly Earnings m/m	2021.08.06 15:30:00	0.4	0.4	0.3	0.4	3	US	USD
840030021	JOLTS Job Openings	2021.08.09 17:00:00	10.073	9.391	9.209	9.483	3	US	USD
840030005	CPI m/m	2021.08.11 15:30:00	0.5	0.4	0.9	nan	3	US	USD
840030006	Core CPI m/m	2021.08.11 15:30:00	0.3	1.2	0.9	nan	3	US	USD
840030007	CPI y/y	2021.08.11 15:30:00	5.4	5.4	5.4	nan	3	US	USD
840030034	Core CPI n.s.a. m/m	2021.08.11 15:30:00	0.3	nan	0.8	nan	3	US	USD
840030035	CPI	2021.08.11 15:30:00	272.265	272.364	270.981	nan	3	US	USD
840200001	EIA Crude Oil Stocks Change	2021.08.11 17:30:00	-0.448	-2.19	3.627	nan	3	US	USD
840220014	10-Year Note Auction	2021.08.11 20:00:00	1.34	nan	1.371	nan	3	US	USD
840030001	PPI m/m	2021.08.12 15:30:00	1.0	0.3	1.0	nan	3	US	USD
840140001	Initial Jobless Claims	2021.08.12 15:30:00	375.0	393.0	385.0	387.0	3	US	USD
840220015	30-Year Bond Auction	2021.08.12 20:00:00	2.04	nan	2.0	nan	3	US	USD
840020010	Retail Sales m/m	2021.08.17 15:30:00	-1.1	0.1	0.6	0.7	3	US	USD
840020011	Core Retail Sales m/m	2021.08.17 15:30:00	-0.4	1.4	1.3	1.6	3	US	USD
840200001	EIA Crude Oil Stocks Change	2021.08.18 17:30:00	-3.233	-2.125	-0.448	nan	3	US	USD
840070001	Philadelphia Fed Manufacturing Index	2021.08.19 15:30:00	19.4	35.6	21.9	nan	3	US	USD
840140001	Initial Jobless Claims	2021.08.19 15:30:00	348.0	380.0	375.0	377.0	3	US	USD
840500001	S&P Global Manufacturing PMI	2021.08.23 16:45:00	61.2	63.4	63.4	nan	3	US	USD
840500002	S&P Global Services PMI	2021.08.23 16:45:00	55.2	59.9	59.9	nan	3	US	USD
840120001	Existing Home Sales	2021.08.23 17:00:00	5.99	5.56	5.86	5.87	3	US	USD
840020008	New Home Sales	2021.08.24 17:00:00	0.708	0.719	0.676	0.701	3	US	USD
840020013	Durable Goods Orders m/m	2021.08.25 15:30:00	-0.1	-0.5	0.8	nan	3	US	USD
840200001	EIA Crude Oil Stocks Change	2021.08.25 17:30:00	-2.98	-2.028	-3.233	nan	3	US	USD
840010007	GDP q/q	2021.08.26 15:30:00	6.6	6.5	6.5	nan	3	US	USD
840010018	GDP Sales q/q	2021.08.26 15:30:00	7.9	7.7	7.7	nan	3	US	USD
840140001	Initial Jobless Claims	2021.08.26 15:30:00	353.0	362.0	348.0	349.0	3	US	USD
840010001	Core PCE Price Index m/m	2021.08.27 15:30:00	0.3	0.4	0.4	0.5	3	US	USD
840010002	Core PCE Price Index y/y	2021.08.27 15:30:00	3.6	3.0	3.5	3.6	3	US	USD
840510001	MNI Chicago Business Barometer	2021.08.31 16:45:00	66.8	70.1	73.4	nan	3	US	USD
840180002	CB Consumer Confidence Index	2021.08.31 17:00:00	113.8	128.5	129.1	125.1	3	US	USD
840190001	ADP Nonfarm Employment Change	2021.09.01 15:15:00	374.0	406.0	330.0	326.0	3	US	USD
840500001	S&P Global Manufacturing PMI	2021.09.01 16:45:00	61.1	61.2	61.2	nan	3	US	USD
840040001	ISM Manufacturing PMI	2021.09.01 17:00:00	59.9	60.1	59.5	nan	3	US	USD
840040002	ISM Manufacturing Prices Paid	2021.09.01 17:00:00	79.4	84.2	85.7	nan	3	US	USD
840200001	EIA Crude Oil Stocks Change	2021.09.01 17:30:00	-7.169	-1.939	-2.98	nan	3	US	USD
840140001	Initial Jobless Claims	2021.09.02 15:30:00	340.0	351.0	353.0	354.0	3	US	USD
840030015	Unemployment Rate	2021.09.03 15:30:00	5.2	5.7	5.4	nan	3	US	USD
840030016	Nonfarm Payrolls	2021.09.03 15:30:00	235.0	23.0	943.0	1053.0	3	US	USD
840030018	Average Hourly Earnings m/m	2021.09.03 15:30:00	0.6	0.4	0.4	nan	3	US	USD
840500002	S&P Global Services PMI	2021.09.03 16:45:00	55.1	55.2	55.2	nan	3	US	USD
840040003	ISM Non-Manufacturing PMI	2021.09.03 17:00:00	61.7	63.1	64.1	nan	3	US	USD
840040008	ISM Non-Manufacturing Prices Paid	2021.09.03 17:00:00	75.4	81.6	82.3	nan	3	US	USD
840030021	JOLTS Job Openings	2021.09.08 17:00:00	10.934	10.41	10.073	10.185	3	US	USD
840220014	10-Year Note Auction	2021.09.08 20:00:00	1.338	nan	1.34	nan	3	US	USD
840140001	Initial Jobless Claims	2021.09.09 15:30:00	310.0	342.0	340.0	345.0	3	US	USD
840200001	EIA Crude Oil Stocks Change	2021.09.09 18:00:00	-1.528	-1.915	-7.169	nan	3	US	USD
840220015	30-Year Bond Auction	2021.09.09 20:00:00	1.91	nan	2.04	nan	3	US	USD
840030001	PPI m/m	2021.09.10 15:30:00	0.7	0.7	1.0	nan	3	US	USD
840030005	CPI m/m	2021.09.14 15:30:00	0.3	0.4	0.5	nan	3	US	USD
840030006	Core CPI m/m	2021.09.14 15:30:00	0.1	0.3	0.3	nan	3	US	USD
840030007	CPI y/y	2021.09.14 15:30:00	5.3	5.4	5.4	nan	3	US	USD
840030034	Core CPI n.s.a. m/m	2021.09.14 15:30:00	0.1	nan	0.3	nan	3	US	USD
840030035	CPI	2021.09.14 15:30:00	273.012	272.431	272.265	nan	3	US	USD
840200001	EIA Crude Oil Stocks Change	2021.09.15 17:30:00	-6.422	-1.817	-1.528	nan	3	US	USD
840020010	Retail Sales m/m	2021.09.16 15:30:00	0.7	-0.2	-1.1	nan	3	US	USD
840020011	Core Retail Sales m/m	2021.09.16 15:30:00	1.8	-1.6	-0.4	nan	3	US	USD
840070001	Philadelphia Fed Manufacturing Index	2021.09.16 15:30:00	30.7	31.9	19.4	nan	3	US	USD
840140001	Initial Jobless Claims	2021.09.16 15:30:00	332.0	330.0	310.0	312.0	3	US	USD
840120001	Existing Home Sales	2021.09.22 17:00:00	5.88	5.46	5.99	6.0	3	US	USD
840200001	EIA Crude Oil Stocks Change	2021.09.22 17:30:00	-3.481	-1.027	-6.422	nan	3	US	USD
840050014	Fed Interest Rate Decision	2021.09.22 21:00:00	0.25	nan	0.25	nan	3	US	USD
840140001	Initial Jobless Claims	2021.09.23 15:30:00	351.0	311.0	332.0	335.0	3	US	USD
840500001	S&P Global Manufacturing PMI	2021.09.23 16:45:00	60.5	61.2	61.1	nan	3	US	USD
840500002	S&P Global Services PMI	2021.09.23 16:45:00	54.4	55.1	55.1	nan	3	US	USD
840020008	New Home Sales	2021.09.24 17:00:00	0.74	0.689	0.708	nan	3	US	USD
840020013	Durable Goods Orders m/m	2021.09.27 15:30:00	1.8	0.1	-0.1	0.5	3	US	USD
840180002	CB Consumer Confidence Index	2021.09.28 17:00:00	109.3	121.5	113.8	115.2	3	US	USD
840200001	EIA Crude Oil Stocks Change	2021.09.29 17:30:00	4.578	-1.196	-3.481	nan	3	US	USD
840010007	GDP q/q	2021.09.30 15:30:00	6.7	6.6	6.6	nan	3	US	USD
840010018	GDP Sales q/q	2021.09.30 15:30:00	8.1	7.9	7.9	nan	3	US	USD
840140001	Initial Jobless Claims	2021.09.30 15:30:00	362.0	329.0	351.0	nan	3	US	USD
840510001	MNI Chicago Business Barometer	2021.09.30 16:45:00	64.7	70.3	66.8	nan	3	US	USD
840010001	Core PCE Price Index m/m	2021.10.01 15:30:00	0.3	0.4	0.3	nan	3	US	USD
840010002	Core PCE Price Index y/y	2021.10.01 15:30:00	3.6	3.8	3.6	nan	3	US	USD
840500001	S&P Global Manufacturing PMI	2021.10.01 16:45:00	60.7	60.5	60.5	nan	3	US	USD
840040001	ISM Manufacturing PMI	2021.10.01 17:00:00	61.1	59.8	59.9	nan	3	US	USD
840040002	ISM Manufacturing Prices Paid	2021.10.01 17:00:00	81.2	71.5	79.4	nan	3	US	USD
840500002	S&P Global Services PMI	2021.10.05 16:45:00	54.9	54.4	54.4	nan	3	US	USD
840040003	ISM Non-Manufacturing PMI	2021.10.05 17:00:00	61.9	63.5	61.7	nan	3	US	USD
840040008	ISM Non-Manufacturing Prices Paid	2021.10.05 17:00:00	77.5	79.3	75.4	nan	3	US	USD
840190001	ADP Nonfarm Employment Change	2021.10.06 15:15:00	568.0	74.0	374.0	340.0	3	US	USD
840200001	EIA Crude Oil Stocks Change	2021.10.06 17:30:00	2.345	-1.182	4.578	nan	3	US	USD
840140001	Initial Jobless Claims	2021.10.07 15:30:00	326.0	349.0	362.0	364.0	3	US	USD
840030015	Unemployment Rate	2021.10.08 15:30:00	4.8	5.3	5.2	nan	3	US	USD
840030016	Nonfarm Payrolls	2021.10.08 15:30:00	194.0	-302.0	235.0	366.0	3	US	USD
840030018	Average Hourly Earnings m/m	2021.10.08 15:30:00	0.6	0.4	0.6	0.4	3	US	USD
840030021	JOLTS Job Openings	2021.10.12 17:00:00	10.439	11.259	10.934	11.098	3	US	USD
840220014	10-Year Note Auction	2021.10.12 20:00:00	1.584	nan	1.338	nan	3	US	USD
840030005	CPI m/m	2021.10.13 15:30:00	0.4	0.4	0.3	nan	3	US	USD
840030006	Core CPI m/m	2021.10.13 15:30:00	0.2	0.2	0.1	nan	3	US	USD
840030007	CPI y/y	2021.10.13 15:30:00	5.4	5.3	5.3	nan	3	US	USD
840030034	Core CPI n.s.a. m/m	2021.10.13 15:30:00	0.1	nan	0.1	nan	3	US	USD
840030035	CPI	2021.10.13 15:30:00	274.138	272.431	273.012	nan	3	US	USD
840220015	30-Year Bond Auction	2021.10.13 20:00:00	2.049	nan	1.91	nan	3	US	USD
840030001	PPI m/m	2021.10.14 15:30:00	0.5	0.7	0.7	nan	3	US	USD
840140001	Initial Jobless Claims	2021.10.14 15:30:00	293.0	344.0	326.0	329.0	3	US	USD
840200001	EIA Crude Oil Stocks Change	2021.10.14 18:00:00	6.088	-1.071	2.345	nan	3	US	USD
840020010	Retail Sales m/m	2021.10.15 15:30:00	0.7	-0.1	0.7	nan	3	US	USD
840020011	Core Retail Sales m/m	2021.10.15 15:30:00	0.8	-1.3	1.8	nan	3	US	USD
840200001	EIA Crude Oil Stocks Change	2021.10.20 17:30:00	-0.431	-0.894	6.088	nan	3	US	USD
840070001	Philadelphia Fed Manufacturing Index	2021.10.21 15:30:00	23.8	23.1	30.7	nan	3	US	USD
840140001	Initial Jobless Claims	2021.10.21 15:30:00	290.0	321.0	293.0	296.0	3	US	USD
840120001	Existing Home Sales	2021.10.21 17:00:00	6.29	5.64	5.88	nan	3	US	USD
840500001	S&P Global Manufacturing PMI	2021.10.22 16:45:00	59.2	60.7	60.7	nan	3	US	USD
840500002	S&P Global Services PMI	2021.10.22 16:45:00	58.2	54.6	54.9	nan	3	US	USD
840020008	New Home Sales	2021.10.26 17:00:00	0.8	0.722	0.74	0.702	3	US	USD
840180002	CB Consumer Confidence Index	2021.10.26 17:00:00	113.8	111.5	109.3	109.8	3	US	USD
840020013	Durable Goods Orders m/m	2021.10.27 15:30:00	-0.4	0.8	1.8	1.3	3	US	USD
840200001	EIA Crude Oil Stocks Change	2021.10.27 17:30:00	4.268	-0.678	-0.431	nan	3	US	USD
840010007	GDP q/q	2021.10.28 15:30:00	2.0	6.7	6.7	nan	3	US	USD
840010018	GDP Sales q/q	2021.10.28 15:30:00	-0.1	6.8	8.1	nan	3	US	USD
840140001	Initial Jobless Claims	2021.10.28 15:30:00	281.0	289.0	290.0	291.0	3	US	USD
840010001	Core PCE Price Index m/m	2021.10.29 15:30:00	0.2	0.4	0.3	nan	3	US	USD
840010002	Core PCE Price Index y/y	2021.10.29 15:30:00	3.6	3.3	3.6	nan	3	US	USD
840510001	MNI Chicago Business Barometer	2021.10.29 16:45:00	68.4	65.9	64.7	nan	3	US	USD
840500001	S&P Global Manufacturing PMI	2021.11.01 16:45:00	58.4	59.2	59.2	nan	3	US	USD
840040001	ISM Manufacturing PMI	2021.11.01 17:00:00	60.8	60.6	61.1	nan	3	US	USD
840040002	ISM Manufacturing Prices Paid	2021.11.01 17:00:00	63.6	78.4	81.2	64.8	3	US	USD
840190001	ADP Nonfarm Employment Change	2021.11.03 15:15:00	571.0	-663.0	568.0	523.0	3	US	USD
840500002	S&P Global Services PMI	2021.11.03 16:45:00	58.7	58.2	58.2	nan	3	US	USD
840040003	ISM Non-Manufacturing PMI	2021.11.03 17:00:00	66.7	63.8	61.9	nan	3	US	USD
840040008	ISM Non-Manufacturing Prices Paid	2021.11.03 17:00:00	82.9	76.9	77.5	nan	3	US	USD
840200001	EIA Crude Oil Stocks Change	2021.11.03 17:30:00	3.29	-0.502	4.268	nan	3	US	USD
840050014	Fed Interest Rate Decision	2021.11.03 21:00:00	0.25	nan	0.25	nan	3	US	USD
840140001	Initial Jobless Claims	2021.11.04 15:30:00	269.0	263.0	281.0	283.0	3	US	USD
840030015	Unemployment Rate	2021.11.05 15:30:00	4.6	5.0	4.8	nan	3	US	USD
840030016	Nonfarm Payrolls	2021.11.05 15:30:00	531.0	-54.0	194.0	312.0	3	US	USD
840030018	Average Hourly Earnings m/m	2021.11.05 15:30:00	0.4	0.5	0.6	nan	3	US	USD
840030001	PPI m/m	2021.11.09 16:30:00	0.6	0.7	0.5	nan	3	US	USD
840220014	10-Year Note Auction	2021.11.09 21:00:00	1.444	nan	1.584	nan	3	US	USD
840030005	CPI m/m	2021.11.10 16:30:00	0.9	0.5	0.4	nan	3	US	USD
840030006	Core CPI m/m	2021.11.10 16:30:00	0.6	0.5	0.2	nan	3	US	USD
840030007	CPI y/y	2021.11.10 16:30:00	6.2	5.6	5.4	nan	3	US	USD
840030034	Core CPI n.s.a. m/m	2021.11.10 16:30:00	0.6	nan	0.1	nan	3	US	USD
840030035	CPI	2021.11.10 16:30:00	276.724	275.027	274.138	nan	3	US	USD
840140001	Initial Jobless Claims	2021.11.10 16:30:00	267.0	275.0	269.0	271.0	3	US	USD
840200001	EIA Crude Oil Stocks Change	2021.11.10 18:30:00	1.002	-0.362	3.29	nan	3	US	USD
840220015	30-Year Bond Auction	2021.11.10 21:00:00	1.94	nan	2.049	nan	3	US	USD
840030021	JOLTS Job Openings	2021.11.12 18:00:00	10.438	10.765	10.439	10.629	3	US	USD
840020010	Retail Sales m/m	2021.11.16 16:30:00	1.7	-0.1	0.7	nan	3	US	USD
840020011	Core Retail Sales m/m	2021.11.16 16:30:00	1.7	1.7	0.8	nan	3	US	USD
840200001	EIA Crude Oil Stocks Change	2021.11.17 18:30:00	-2.101	-0.255	1.002	nan	3	US	USD
840070001	Philadelphia Fed Manufacturing Index	2021.11.18 16:30:00	39.0	27.8	23.8	nan	3	US	USD
840140001	Initial Jobless Claims	2021.11.18 16:30:00	268.0	268.0	267.0	269.0	3	US	USD
840120001	Existing Home Sales	2021.11.22 18:00:00	6.34	6.69	6.29	nan	3	US	USD
840500001	S&P Global Manufacturing PMI	2021.11.23 17:45:00	59.1	58.8	58.4	nan	3	US	USD
840500002	S&P Global Services PMI	2021.11.23 17:45:00	57.0	58.5	58.7	nan	3	US	USD
840010007	GDP q/q	2021.11.24 16:30:00	2.1	2.0	2.0	nan	3	US	USD
840010018	GDP Sales q/q	2021.11.24 16:30:00	0.0	-0.1	-0.1	nan	3	US	USD
840020013	Durable Goods Orders m/m	2021.11.24 16:30:00	-0.5	-0.8	-0.4	nan	3	US	USD
840140001	Initial Jobless Claims	2021.11.24 16:30:00	199.0	268.0	268.0	270.0	3	US	USD
840010001	Core PCE Price Index m/m	2021.11.24 18:00:00	0.4	0.4	0.2	nan	3	US	USD
840010002	Core PCE Price Index y/y	2021.11.24 18:00:00	4.1	3.6	3.6	3.7	3	US	USD
840020008	New Home Sales	2021.11.24 18:00:00	0.745	0.769	0.8	0.742	3	US	USD
840200001	EIA Crude Oil Stocks Change	2021.11.24 18:30:00	1.017	-0.197	-2.101	nan	3	US	USD
840510001	MNI Chicago Business Barometer	2021.11.30 17:45:00	61.8	66.8	68.4	nan	3	US	USD
840180002	CB Consumer Confidence Index	2021.11.30 18:00:00	109.5	111.6	113.8	111.6	3	US	USD
840190001	ADP Nonfarm Employment Change	2021.12.01 16:15:00	534.0	-366.0	571.0	570.0	3	US	USD
840500001	S&P Global Manufacturing PMI	2021.12.01 17:45:00	58.3	59.1	59.1	nan	3	US	USD
840040001	ISM Manufacturing PMI	2021.12.01 18:00:00	61.1	61.0	60.8	nan	3	US	USD
840040002	ISM Manufacturing Prices Paid	2021.12.01 18:00:00	82.4	54.6	63.6	85.7	3	US	USD
840200001	EIA Crude Oil Stocks Change	2021.12.01 18:30:00	-0.909	-0.16	1.017	nan	3	US	USD
840140001	Initial Jobless Claims	2021.12.02 16:30:00	222.0	246.0	199.0	194.0	3	US	USD
840030015	Unemployment Rate	2021.12.03 16:30:00	4.2	4.7	4.6	nan	3	US	USD
840030016	Nonfarm Payrolls	2021.12.03 16:30:00	210.0	330.0	531.0	546.0	3	US	USD
840030018	Average Hourly Earnings m/m	2021.12.03 16:30:00	0.3	0.5	0.4	nan	3	US	USD
840500002	S&P Global Services PMI	2021.12.03 17:45:00	58.0	57.0	57.0	nan	3	US	USD
840040003	ISM Non-Manufacturing PMI	2021.12.03 18:00:00	69.1	64.6	66.7	nan	3	US	USD
840040008	ISM Non-Manufacturing Prices Paid	2021.12.03 18:00:00	82.3	80.9	82.9	nan	3	US	USD
840030021	JOLTS Job Openings	2021.12.08 18:00:00	11.033	10.155	10.438	10.602	3	US	USD
840200001	EIA Crude Oil Stocks Change	2021.12.08 18:30:00	-0.241	-0.116	-0.909	nan	3	US	USD
840220014	10-Year Note Auction	2021.12.08 21:00:00	1.518	nan	1.444	nan	3	US	USD
840140001	Initial Jobless Claims	2021.12.09 16:30:00	184.0	229.0	222.0	227.0	3	US	USD
840220015	30-Year Bond Auction	2021.12.09 21:00:00	1.895	nan	1.94	nan	3	US	USD
840030005	CPI m/m	2021.12.10 16:30:00	0.8	0.5	0.9	nan	3	US	USD
840030006	Core CPI m/m	2021.12.10 16:30:00	0.5	1.0	0.6	nan	3	US	USD
840030007	CPI y/y	2021.12.10 16:30:00	6.8	6.5	6.2	nan	3	US	USD
840030034	Core CPI n.s.a. m/m	2021.12.10 16:30:00	0.4	nan	0.6	nan	3	US	USD
840030035	CPI	2021.12.10 16:30:00	278.88	278.258	276.724	nan	3	US	USD
840030001	PPI m/m	2021.12.14 16:30:00	0.8	0.6	0.6	nan	3	US	USD
840020010	Retail Sales m/m	2021.12.15 16:30:00	0.3	0.1	1.7	1.8	3	US	USD
840020011	Core Retail Sales m/m	2021.12.15 16:30:00	0.3	0.1	1.7	1.8	3	US	USD
840200001	EIA Crude Oil Stocks Change	2021.12.15 18:30:00	-4.584	-0.077	-0.241	nan	3	US	USD
840050014	Fed Interest Rate Decision	2021.12.15 22:00:00	0.25	nan	0.25	nan	3	US	USD
840070001	Philadelphia Fed Manufacturing Index	2021.12.16 16:30:00	15.4	27.0	39.0	nan	3	US	USD
840140001	Initial Jobless Claims	2021.12.16 16:30:00	206.0	198.0	184.0	188.0	3	US	USD
840500001	S&P Global Manufacturing PMI	2021.12.16 17:45:00	57.8	58.7	58.3	nan	3	US	USD
840500002	S&P Global Services PMI	2021.12.16 17:45:00	57.5	57.5	58.0	nan	3	US	USD
840010007	GDP q/q	2021.12.22 16:30:00	2.3	2.1	2.1	nan	3	US	USD
840010018	GDP Sales q/q	2021.12.22 16:30:00	0.1	0.0	0.0	nan	3	US	USD
840120001	Existing Home Sales	2021.12.22 18:00:00	6.46	6.55	6.34	nan	3	US	USD
840180002	CB Consumer Confidence Index	2021.12.22 18:00:00	115.8	111.6	109.5	111.9	3	US	USD
840200001	EIA Crude Oil Stocks Change	2021.12.22 18:30:00	-4.715	-0.031	-4.584	nan	3	US	USD
840010001	Core PCE Price Index m/m	2021.12.23 16:30:00	0.5	0.4	0.4	0.5	3	US	USD
840010002	Core PCE Price Index y/y	2021.12.23 16:30:00	4.7	4.5	4.1	4.2	3	US	USD
840020013	Durable Goods Orders m/m	2021.12.23 16:30:00	2.5	0.5	-0.5	0.1	3	US	USD
840140001	Initial Jobless Claims	2021.12.23 16:30:00	205.0	182.0	206.0	205.0	3	US	USD
840020008	New Home Sales	2021.12.23 18:00:00	0.744	0.77	0.745	0.662	3	US	USD
840200001	EIA Crude Oil Stocks Change	2021.12.29 18:30:00	-3.576	0.008	-4.715	nan	3	US	USD
840140001	Initial Jobless Claims	2021.12.30 16:30:00	198.0	181.0	205.0	206.0	3	US	USD
840510001	MNI Chicago Business Barometer	2021.12.30 17:45:00	63.1	65.2	61.8	nan	3	US	USD
840500001	S&P Global Manufacturing PMI	2022.01.03 17:45:00	57.7	57.8	57.8	nan	3	US	USD
840040001	ISM Manufacturing PMI	2022.01.04 18:00:00	58.7	61.0	61.1	nan	3	US	USD
840040002	ISM Manufacturing Prices Paid	2022.01.04 18:00:00	68.2	82.1	82.4	nan	3	US	USD
840030021	JOLTS Job Openings	2022.01.04 18:00:00	10.562	10.553	11.033	11.091	3	US	USD
840190001	ADP Nonfarm Employment Change	2022.01.05 16:15:00	807.0	161.0	534.0	505.0	3	US	USD
840500002	S&P Global Services PMI	2022.01.05 17:45:00	57.6	57.5	57.5	nan	3	US	USD
840200001	EIA Crude Oil Stocks Change	2022.01.05 18:30:00	-2.144	0.035	-3.576	nan	3	US	USD
840140001	Initial Jobless Claims	2022.01.06 16:30:00	207.0	201.0	198.0	200.0	3	US	USD
840040003	ISM Non-Manufacturing PMI	2022.01.06 18:00:00	62.0	65.8	69.1	nan	3	US	USD
840040008	ISM Non-Manufacturing Prices Paid	2022.01.06 18:00:00	82.5	83.6	82.3	nan	3	US	USD
840030015	Unemployment Rate	2022.01.07 16:30:00	3.9	4.4	4.2	nan	3	US	USD
840030016	Nonfarm Payrolls	2022.01.07 16:30:00	199.0	379.0	210.0	249.0	3	US	USD
840030018	Average Hourly Earnings m/m	2022.01.07 16:30:00	0.6	0.4	0.3	0.4	3	US	USD
840030005	CPI m/m	2022.01.12 16:30:00	0.5	0.7	0.8	nan	3	US	USD
840030006	Core CPI m/m	2022.01.12 16:30:00	0.6	0.9	0.5	nan	3	US	USD
840030007	CPI y/y	2022.01.12 16:30:00	7.0	7.1	6.8	nan	3	US	USD
840030034	Core CPI n.s.a. m/m	2022.01.12 16:30:00	0.4	nan	0.4	nan	3	US	USD
840030035	CPI	2022.01.12 16:30:00	280.192	280.513	278.88	nan	3	US	USD
840200001	EIA Crude Oil Stocks Change	2022.01.12 18:30:00	-4.553	0.048	-2.144	nan	3	US	USD
840220014	10-Year Note Auction	2022.01.12 21:00:00	1.723	nan	1.518	nan	3	US	USD
840030001	PPI m/m	2022.01.13 16:30:00	0.2	0.5	0.8	1.0	3	US	USD
840140001	Initial Jobless Claims	2022.01.13 16:30:00	230.0	202.0	207.0	nan	3	US	USD
840220015	30-Year Bond Auction	2022.01.13 21:00:00	2.075	nan	1.895	nan	3	US	USD
840020010	Retail Sales m/m	2022.01.14 16:30:00	-1.9	0.5	0.3	nan	3	US	USD
840020011	Core Retail Sales m/m	2022.01.14 16:30:00	-2.3	-1.4	0.3	nan	3	US	USD
840070001	Philadelphia Fed Manufacturing Index	2022.01.20 16:30:00	23.2	25.2	15.4	nan	3	US	USD
840140001	Initial Jobless Claims	2022.01.20 16:30:00	286.0	219.0	230.0	231.0	3	US	USD
840120001	Existing Home Sales	2022.01.20 18:00:00	6.18	6.44	6.46	6.48	3	US	USD
840200001	EIA Crude Oil Stocks Change	2022.01.20 19:00:00	0.515	0.046	-4.553	nan	3	US	USD
840500001	S&P Global Manufacturing PMI	2022.01.24 17:45:00	55.0	57.8	57.7	nan	3	US	USD
840500002	S&P Global Services PMI	2022.01.24 17:45:00	50.9	57.6	57.6	nan	3	US	USD
840180002	CB Consumer Confidence Index	2022.01.25 18:00:00	113.8	112.7	115.8	115.2	3	US	USD
840020008	New Home Sales	2022.01.26 18:00:00	0.811	0.742	0.744	0.725	3	US	USD
840200001	EIA Crude Oil Stocks Change	2022.01.26 18:30:00	2.377	0.031	0.515	nan	3	US	USD
840050014	Fed Interest Rate Decision	2022.01.26 22:00:00	0.25	nan	0.25	nan	3	US	USD
840020013	Durable Goods Orders m/m	2022.01.27 16:30:00	-0.9	-0.4	2.5	3.2	3	US	USD
840140001	Initial Jobless Claims	2022.01.27 16:30:00	260.0	258.0	286.0	290.0	3	US	USD
840010007	GDP q/q	2022.01.27 16:30:00	6.9	2.2	2.3	nan	3	US	USD
840010018	GDP Sales q/q	2022.01.27 16:30:00	1.9	0.0	0.1	nan	3	US	USD
840010001	Core PCE Price Index m/m	2022.01.28 16:30:00	0.5	0.4	0.5	nan	3	US	USD
840010002	Core PCE Price Index y/y	2022.01.28 16:30:00	4.9	5.2	4.7	nan	3	US	USD
840510001	MNI Chicago Business Barometer	2022.01.31 17:45:00	65.2	62.6	63.1	64.3	3	US	USD
840500001	S&P Global Manufacturing PMI	2022.02.01 17:45:00	55.5	55.0	55.0	nan	3	US	USD
840040001	ISM Manufacturing PMI	2022.02.01 18:00:00	57.6	60.0	58.7	58.8	3	US	USD
840040002	ISM Manufacturing Prices Paid	2022.02.01 18:00:00	76.1	75.3	68.2	nan	3	US	USD
840030021	JOLTS Job Openings	2022.02.01 18:00:00	10.925	10.47	10.562	10.775	3	US	USD
840190001	ADP Nonfarm Employment Change	2022.02.02 16:15:00	-301.0	503.0	807.0	776.0	3	US	USD
840200001	EIA Crude Oil Stocks Change	2022.02.02 18:30:00	-1.047	0.009	2.377	nan	3	US	USD
840140001	Initial Jobless Claims	2022.02.03 16:30:00	238.0	264.0	260.0	261.0	3	US	USD
840500002	S&P Global Services PMI	2022.02.03 17:45:00	51.2	50.9	50.9	nan	3	US	USD
840040003	ISM Non-Manufacturing PMI	2022.02.03 18:00:00	59.9	66.1	62.0	62.3	3	US	USD
840040008	ISM Non-Manufacturing Prices Paid	2022.02.03 18:00:00	82.3	83.0	82.5	83.9	3	US	USD
840030015	Unemployment Rate	2022.02.04 16:30:00	4.0	4.0	3.9	nan	3	US	USD
840030016	Nonfarm Payrolls	2022.02.04 16:30:00	467.0	-192.0	199.0	510.0	3	US	USD
840030018	Average Hourly Earnings m/m	2022.02.04 16:30:00	0.7	0.4	0.6	0.5	3	US	USD
840200001	EIA Crude Oil Stocks Change	2022.02.09 18:30:00	-4.756	-0.016	-1.047	nan	3	US	USD
840220014	10-Year Note Auction	2022.02.09 21:00:00	1.904	nan	1.723	nan	3	US	USD
840030005	CPI m/m	2022.02.10 16:30:00	0.6	0.3	0.5	0.6	3	US	USD
840030006	Core CPI m/m	2022.02.10 16:30:00	0.6	0.4	0.6	nan	3	US	USD
840030007	CPI y/y	2022.02.10 16:30:00	7.5	7.2	7.0	nan	3	US	USD
840030034	Core CPI n.s.a. m/m	2022.02.10 16:30:00	0.7	nan	0.4	nan	3	US	USD
840030035	CPI	2022.02.10 16:30:00	281.933	281.771	280.192	280.126	3	US	USD
840140001	Initial Jobless Claims	2022.02.10 16:30:00	223.0	263.0	238.0	239.0	3	US	USD
840220015	30-Year Bond Auction	2022.02.10 21:00:00	2.34	nan	2.075	nan	3	US	USD
840030001	PPI m/m	2022.02.15 16:30:00	1.0	0.5	0.2	0.4	3	US	USD
840020010	Retail Sales m/m	2022.02.16 16:30:00	3.8	-0.6	-1.9	-2.5	3	US	USD
840020011	Core Retail Sales m/m	2022.02.16 16:30:00	3.3	1.1	-2.3	-2.8	3	US	USD
840200001	EIA Crude Oil Stocks Change	2022.02.16 18:30:00	1.121	-0.039	-4.756	nan	3	US	USD
840070001	Philadelphia Fed Manufacturing Index	2022.02.17 16:30:00	16.0	24.4	23.2	nan	3	US	USD
840140001	Initial Jobless Claims	2022.02.17 16:30:00	248.0	240.0	223.0	225.0	3	US	USD
840120001	Existing Home Sales	2022.02.18 18:00:00	6.5	6.0	6.18	6.09	3	US	USD
840500001	S&P Global Manufacturing PMI	2022.02.22 17:45:00	57.5	55.3	55.5	nan	3	US	USD
840500002	S&P Global Services PMI	2022.02.22 17:45:00	56.7	51.0	51.2	nan	3	US	USD
840180002	CB Consumer Confidence Index	2022.02.22 18:00:00	110.5	114.8	113.8	111.1	3	US	USD
840140001	Initial Jobless Claims	2022.02.24 16:30:00	232.0	229.0	248.0	249.0	3	US	USD
840010007	GDP q/q	2022.02.24 16:30:00	7.0	6.9	6.9	nan	3	US	USD
840010018	GDP Sales q/q	2022.02.24 16:30:00	2.0	1.9	1.9	nan	3	US	USD
840020008	New Home Sales	2022.02.24 18:00:00	0.801	0.776	0.811	0.839	3	US	USD
840200001	EIA Crude Oil Stocks Change	2022.02.24 19:00:00	4.514	-0.05	1.121	nan	3	US	USD
840020013	Durable Goods Orders m/m	2022.02.25 16:30:00	1.6	0.2	-0.9	1.2	3	US	USD
840010001	Core PCE Price Index m/m	2022.02.25 16:30:00	0.5	0.4	0.5	nan	3	US	USD
840010002	Core PCE Price Index y/y	2022.02.25 16:30:00	5.2	5.4	4.9	nan	3	US	USD
840510001	MNI Chicago Business Barometer	2022.02.28 17:45:00	56.3	64.3	65.2	nan	3	US	USD
840500001	S&P Global Manufacturing PMI	2022.03.01 17:45:00	57.3	57.5	57.5	nan	3	US	USD
840040001	ISM Manufacturing PMI	2022.03.01 18:00:00	58.6	58.2	57.6	nan	3	US	USD
840040002	ISM Manufacturing Prices Paid	2022.03.01 18:00:00	75.6	72.3	76.1	nan	3	US	USD
840190001	ADP Nonfarm Employment Change	2022.03.02 16:15:00	475.0	471.0	-301.0	509.0	3	US	USD
840200001	EIA Crude Oil Stocks Change	2022.03.02 18:30:00	-2.597	-0.059	4.514	nan	3	US	USD
840140001	Initial Jobless Claims	2022.03.03 16:30:00	215.0	212.0	232.0	233.0	3	US	USD
840500002	S&P Global Services PMI	2022.03.03 17:45:00	56.5	56.7	56.7	nan	3	US	USD
840040003	ISM Non-Manufacturing PMI	2022.03.03 18:00:00	56.5	65.6	59.9	nan	3	US	USD
840040008	ISM Non-Manufacturing Prices Paid	2022.03.03 18:00:00	83.1	83.0	82.3	nan	3	US	USD
840030015	Unemployment Rate	2022.03.04 16:30:00	3.8	3.9	4.0	nan	3	US	USD
840030016	Nonfarm Payrolls	2022.03.04 16:30:00	678.0	-413.0	467.0	481.0	3	US	USD
840030018	Average Hourly Earnings m/m	2022.03.04 16:30:00	0.0	0.4	0.7	0.6	3	US	USD
840030021	JOLTS Job Openings	2022.03.09 18:00:00	11.263	10.673	10.925	11.448	3	US	USD
840200001	EIA Crude Oil Stocks Change	2022.03.09 18:30:00	-1.863	-0.657	-2.597	nan	3	US	USD
840220014	10-Year Note Auction	2022.03.09 21:00:00	1.92	nan	1.904	nan	3	US	USD
840030005	CPI m/m	2022.03.10 16:30:00	0.8	0.2	0.6	nan	3	US	USD
840030006	Core CPI m/m	2022.03.10 16:30:00	0.5	0.5	0.6	nan	3	US	USD
840030007	CPI y/y	2022.03.10 16:30:00	7.9	7.6	7.5	nan	3	US	USD
840030034	Core CPI n.s.a. m/m	2022.03.10 16:30:00	0.7	nan	0.7	nan	3	US	USD
840030035	CPI	2022.03.10 16:30:00	284.182	283.558	281.933	nan	3	US	USD
840140001	Initial Jobless Claims	2022.03.10 16:30:00	227.0	196.0	215.0	216.0	3	US	USD
840220015	30-Year Bond Auction	2022.03.10 21:00:00	2.375	nan	2.34	nan	3	US	USD
840030001	PPI m/m	2022.03.15 15:30:00	0.8	0.5	1.0	1.2	3	US	USD
840020010	Retail Sales m/m	2022.03.16 15:30:00	0.3	0.3	3.8	4.9	3	US	USD
840020011	Core Retail Sales m/m	2022.03.16 15:30:00	0.2	-2.6	3.3	4.4	3	US	USD
840200001	EIA Crude Oil Stocks Change	2022.03.16 17:30:00	4.345	0.129	-1.863	nan	3	US	USD
840050014	Fed Interest Rate Decision	2022.03.16 21:00:00	0.5	nan	0.25	nan	3	US	USD
840070001	Philadelphia Fed Manufacturing Index	2022.03.17 15:30:00	27.4	23.6	16.0	nan	3	US	USD
840140001	Initial Jobless Claims	2022.03.17 15:30:00	214.0	189.0	227.0	229.0	3	US	USD
840120001	Existing Home Sales	2022.03.18 17:00:00	6.02	6.52	6.5	6.49	3	US	USD
840020008	New Home Sales	2022.03.23 17:00:00	0.772	0.805	0.801	0.788	3	US	USD
840200001	EIA Crude Oil Stocks Change	2022.03.23 17:30:00	-2.508	1.818	4.345	nan	3	US	USD
840020013	Durable Goods Orders m/m	2022.03.24 15:30:00	-2.2	-0.2	1.6	nan	3	US	USD
840140001	Initial Jobless Claims	2022.03.24 15:30:00	187.0	215.0	214.0	215.0	3	US	USD
840500001	S&P Global Manufacturing PMI	2022.03.24 16:45:00	58.5	57.4	57.3	nan	3	US	USD
840500002	S&P Global Services PMI	2022.03.24 16:45:00	58.9	56.6	56.5	nan	3	US	USD
840030021	JOLTS Job Openings	2022.03.29 17:00:00	11.266	11.258	11.263	11.283	3	US	USD
840180002	CB Consumer Confidence Index	2022.03.29 17:00:00	107.2	112.1	110.5	105.7	3	US	USD
840190001	ADP Nonfarm Employment Change	2022.03.30 15:15:00	455.0	238.0	475.0	486.0	3	US	USD
840010007	GDP q/q	2022.03.30 15:30:00	6.9	7.0	7.0	nan	3	US	USD
840010018	GDP Sales q/q	2022.03.30 15:30:00	1.5	2.0	2.0	nan	3	US	USD
840200001	EIA Crude Oil Stocks Change	2022.03.30 17:30:00	-3.449	0.864	-2.508	nan	3	US	USD
840010001	Core PCE Price Index m/m	2022.03.31 15:30:00	0.4	0.4	0.5	nan	3	US	USD
840010002	Core PCE Price Index y/y	2022.03.31 15:30:00	5.4	5.1	5.2	nan	3	US	USD
840140001	Initial Jobless Claims	2022.03.31 15:30:00	202.0	201.0	187.0	188.0	3	US	USD
840510001	MNI Chicago Business Barometer	2022.03.31 16:45:00	62.9	60.8	56.3	nan	3	US	USD
840030015	Unemployment Rate	2022.04.01 15:30:00	3.6	3.9	3.8	nan	3	US	USD
840030016	Nonfarm Payrolls	2022.04.01 15:30:00	431.0	80.0	678.0	750.0	3	US	USD
840030018	Average Hourly Earnings m/m	2022.04.01 15:30:00	0.4	0.4	0.0	0.1	3	US	USD
840500001	S&P Global Manufacturing PMI	2022.04.01 16:45:00	58.8	58.5	58.5	nan	3	US	USD
840040001	ISM Manufacturing PMI	2022.04.01 17:00:00	57.1	58.2	58.6	nan	3	US	USD
840040002	ISM Manufacturing Prices Paid	2022.04.01 17:00:00	87.1	76.0	75.6	nan	3	US	USD
840500002	S&P Global Services PMI	2022.04.05 16:45:00	58.0	58.9	58.9	nan	3	US	USD
840040003	ISM Non-Manufacturing PMI	2022.04.05 17:00:00	58.3	63.4	56.5	nan	3	US	USD
840040008	ISM Non-Manufacturing Prices Paid	2022.04.05 17:00:00	83.8	83.3	83.1	nan	3	US	USD
840200001	EIA Crude Oil Stocks Change	2022.04.06 17:30:00	2.421	0.042	-3.449	nan	3	US	USD
840140001	Initial Jobless Claims	2022.04.07 15:30:00	166.0	193.0	202.0	171.0	3	US	USD
840030005	CPI m/m	2022.04.12 15:30:00	1.2	0.7	0.8	nan	3	US	USD
840030006	Core CPI m/m	2022.04.12 15:30:00	0.3	0.5	0.5	nan	3	US	USD
840030007	CPI y/y	2022.04.12 15:30:00	8.5	7.9	7.9	nan	3	US	USD
840030034	Core CPI n.s.a. m/m	2022.04.12 15:30:00	0.4	nan	0.7	nan	3	US	USD
840030035	CPI	2022.04.12 15:30:00	287.708	285.778	284.182	nan	3	US	USD
840220014	10-Year Note Auction	2022.04.12 20:00:00	2.72	nan	1.92	nan	3	US	USD
840030001	PPI m/m	2022.04.13 15:30:00	1.4	0.5	0.8	0.9	3	US	USD
840200001	EIA Crude Oil Stocks Change	2022.04.13 17:30:00	9.382	0.043	2.421	nan	3	US	USD
840220015	30-Year Bond Auction	2022.04.13 20:00:00	2.815	nan	2.375	nan	3	US	USD
840020010	Retail Sales m/m	2022.04.14 15:30:00	0.5	0.0	0.3	0.8	3	US	USD
840020011	Core Retail Sales m/m	2022.04.14 15:30:00	1.1	2.1	0.2	0.6	3	US	USD
840140001	Initial Jobless Claims	2022.04.14 15:30:00	185.0	161.0	166.0	167.0	3	US	USD
840120001	Existing Home Sales	2022.04.20 17:00:00	5.77	6.14	6.02	5.93	3	US	USD
840200001	EIA Crude Oil Stocks Change	2022.04.20 17:30:00	-8.02	-0.12	9.382	nan	3	US	USD
840070001	Philadelphia Fed Manufacturing Index	2022.04.21 15:30:00	17.6	23.1	27.4	nan	3	US	USD
840140001	Initial Jobless Claims	2022.04.21 15:30:00	184.0	154.0	185.0	186.0	3	US	USD
840500001	S&P Global Manufacturing PMI	2022.04.22 16:45:00	59.7	58.7	58.8	nan	3	US	USD
840500002	S&P Global Services PMI	2022.04.22 16:45:00	54.7	58.5	58.0	nan	3	US	USD
840020013	Durable Goods Orders m/m	2022.04.26 15:30:00	0.8	0.1	-2.2	-1.7	3	US	USD
840020008	New Home Sales	2022.04.26 17:00:00	0.763	0.785	0.772	0.835	3	US	USD
840180002	CB Consumer Confidence Index	2022.04.26 17:00:00	107.3	108.8	107.2	107.6	3	US	USD
840200001	EIA Crude Oil Stocks Change	2022.04.27 17:30:00	0.691	-0.117	-8.02	nan	3	US	USD
840010007	GDP q/q	2022.04.28 15:30:00	-1.4	7.0	6.9	nan	3	US	USD
840010018	GDP Sales q/q	2022.04.28 15:30:00	-0.6	1.7	1.5	nan	3	US	USD
840140001	Initial Jobless Claims	2022.04.28 15:30:00	180.0	162.0	184.0	185.0	3	US	USD
840010001	Core PCE Price Index m/m	2022.04.29 15:30:00	0.3	0.4	0.4	0.3	3	US	USD
840010002	Core PCE Price Index y/y	2022.04.29 15:30:00	5.2	4.8	5.4	5.3	3	US	USD
840510001	MNI Chicago Business Barometer	2022.04.29 16:45:00	56.4	59.7	62.9	nan	3	US	USD
840500001	S&P Global Manufacturing PMI	2022.05.02 16:45:00	59.2	59.7	59.7	nan	3	US	USD
840040001	ISM Manufacturing PMI	2022.05.02 17:00:00	55.4	57.9	57.1	nan	3	US	USD
840040002	ISM Manufacturing Prices Paid	2022.05.02 17:00:00	84.6	81.7	87.1	nan	3	US	USD
840030021	JOLTS Job Openings	2022.05.03 17:00:00	11.549	11.587	11.266	11.344	3	US	USD
840190001	ADP Nonfarm Employment Change	2022.05.04 15:15:00	247.0	-31.0	455.0	479.0	3	US	USD
840500002	S&P Global Services PMI	2022.05.04 16:45:00	55.6	54.7	54.7	nan	3	US	USD
840040003	ISM Non-Manufacturing PMI	2022.05.04 17:00:00	57.1	62.7	58.3	nan	3	US	USD
840040008	ISM Non-Manufacturing Prices Paid	2022.05.04 17:00:00	84.6	84.1	83.8	nan	3	US	USD
840200001	EIA Crude Oil Stocks Change	2022.05.04 17:30:00	1.303	-0.101	0.691	nan	3	US	USD
840050014	Fed Interest Rate Decision	2022.05.04 21:00:00	1.0	nan	0.5	nan	3	US	USD
840140001	Initial Jobless Claims	2022.05.05 15:30:00	200.0	176.0	180.0	181.0	3	US	USD
840030015	Unemployment Rate	2022.05.06 15:30:00	3.6	3.7	3.6	nan	3	US	USD
840030016	Nonfarm Payrolls	2022.05.06 15:30:00	428.0	317.0	431.0	428.0	3	US	USD
840030018	Average Hourly Earnings m/m	2022.05.06 15:30:00	0.3	0.4	0.4	0.5	3	US	USD
840030005	CPI m/m	2022.05.11 15:30:00	0.3	1.3	1.2	nan	3	US	USD
840030006	Core CPI m/m	2022.05.11 15:30:00	0.6	0.5	0.3	nan	3	US	USD
840030007	CPI y/y	2022.05.11 15:30:00	8.3	8.4	8.5	nan	3	US	USD
840030034	Core CPI n.s.a. m/m	2022.05.11 15:30:00	0.5	nan	0.4	nan	3	US	USD
840030035	CPI	2022.05.11 15:30:00	288.663	289.282	287.708	nan	3	US	USD
840200001	EIA Crude Oil Stocks Change	2022.05.11 17:30:00	8.487	-0.062	1.303	nan	3	US	USD
840220014	10-Year Note Auction	2022.05.11 20:00:00	2.943	nan	2.72	nan	3	US	USD
840030001	PPI m/m	2022.05.12 15:30:00	0.5	0.6	1.4	1.6	3	US	USD
840140001	Initial Jobless Claims	2022.05.12 15:30:00	203.0	194.0	200.0	202.0	3	US	USD
840220015	30-Year Bond Auction	2022.05.12 20:00:00	2.997	nan	2.815	nan	3	US	USD
840020010	Retail Sales m/m	2022.05.17 15:30:00	0.9	-0.5	0.5	1.4	3	US	USD
840020011	Core Retail Sales m/m	2022.05.17 15:30:00	0.6	-1.4	1.1	2.1	3	US	USD
840200001	EIA Crude Oil Stocks Change	2022.05.18 17:30:00	-3.394	0.75	8.487	nan	3	US	USD
840070001	Philadelphia Fed Manufacturing Index	2022.05.19 15:30:00	2.6	22.2	17.6	nan	3	US	USD
840140001	Initial Jobless Claims	2022.05.19 15:30:00	218.0	202.0	203.0	197.0	3	US	USD
840120001	Existing Home Sales	2022.05.19 17:00:00	5.61	5.49	5.77	5.75	3	US	USD
840500001	S&P Global Manufacturing PMI	2022.05.24 16:45:00	57.5	59.5	59.2	nan	3	US	USD
840500002	S&P Global Services PMI	2022.05.24 16:45:00	53.5	55.1	55.6	nan	3	US	USD
840020008	New Home Sales	2022.05.24 17:00:00	0.591	0.766	0.763	0.709	3	US	USD
840020013	Durable Goods Orders m/m	2022.05.25 15:30:00	0.4	-0.1	0.8	0.6	3	US	USD
840200001	EIA Crude Oil Stocks Change	2022.05.25 17:30:00	-1.019	-0.02	-3.394	nan	3	US	USD
840010007	GDP q/q	2022.05.26 15:30:00	-1.5	-1.4	-1.4	nan	3	US	USD
840010018	GDP Sales q/q	2022.05.26 15:30:00	-0.4	-0.6	-0.6	nan	3	US	USD
840140001	Initial Jobless Claims	2022.05.26 15:30:00	210.0	207.0	218.0	nan	3	US	USD
840010001	Core PCE Price Index m/m	2022.05.27 15:30:00	0.3	0.4	0.3	nan	3	US	USD
840010002	Core PCE Price Index y/y	2022.05.27 15:30:00	4.9	4.6	5.2	nan	3	US	USD
840510001	MNI Chicago Business Barometer	2022.05.31 16:45:00	60.3	59.7	56.4	nan	3	US	USD
840180002	CB Consumer Confidence Index	2022.05.31 17:00:00	106.4	107.2	107.3	108.6	3	US	USD
840500001	S&P Global Manufacturing PMI	2022.06.01 16:45:00	57.0	57.5	57.5	nan	3	US	USD
840040001	ISM Manufacturing PMI	2022.06.01 17:00:00	56.1	56.3	55.4	nan	3	US	USD
840040002	ISM Manufacturing Prices Paid	2022.06.01 17:00:00	82.2	86.2	84.6	nan	3	US	USD
840030021	JOLTS Job Openings	2022.06.01 17:00:00	11.4	11.768	11.549	11.855	3	US	USD
840190001	ADP Nonfarm Employment Change	2022.06.02 15:15:00	128.0	-225.0	247.0	202.0	3	US	USD
840140001	Initial Jobless Claims	2022.06.02 15:30:00	200.0	205.0	210.0	211.0	3	US	USD
840200001	EIA Crude Oil Stocks Change	2022.06.02 18:00:00	-5.068	-0.005	-1.019	nan	3	US	USD
840030015	Unemployment Rate	2022.06.03 15:30:00	3.6	3.6	3.6	nan	3	US	USD
840030016	Nonfarm Payrolls	2022.06.03 15:30:00	390.0	-19.0	428.0	436.0	3	US	USD
840030018	Average Hourly Earnings m/m	2022.06.03 15:30:00	0.3	0.4	0.3	nan	3	US	USD
840500002	S&P Global Services PMI	2022.06.03 16:45:00	53.4	53.5	53.5	nan	3	US	USD
840040003	ISM Non-Manufacturing PMI	2022.06.03 17:00:00	55.9	57.7	57.1	nan	3	US	USD
840040008	ISM Non-Manufacturing Prices Paid	2022.06.03 17:00:00	82.1	84.9	84.6	nan	3	US	USD
840200001	EIA Crude Oil Stocks Change	2022.06.08 17:30:00	2.025	0.018	-5.068	nan	3	US	USD
840220014	10-Year Note Auction	2022.06.08 20:00:00	3.03	nan	2.943	nan	3	US	USD
840140001	Initial Jobless Claims	2022.06.09 15:30:00	229.0	190.0	200.0	202.0	3	US	USD
840220015	30-Year Bond Auction	2022.06.09 20:00:00	3.185	nan	2.997	nan	3	US	USD
840030005	CPI m/m	2022.06.10 15:30:00	1.0	0.7	0.3	nan	3	US	USD
840030006	Core CPI m/m	2022.06.10 15:30:00	0.6	0.5	0.6	nan	3	US	USD
840030007	CPI y/y	2022.06.10 15:30:00	8.6	8.2	8.3	nan	3	US	USD
840030034	Core CPI n.s.a. m/m	2022.06.10 15:30:00	0.6	nan	0.5	nan	3	US	USD
840030035	CPI	2022.06.10 15:30:00	291.474	287.115	288.663	nan	3	US	USD
840030001	PPI m/m	2022.06.14 15:30:00	0.8	0.6	0.5	0.4	3	US	USD
840020010	Retail Sales m/m	2022.06.15 15:30:00	-0.3	0.8	0.9	0.7	3	US	USD
840020011	Core Retail Sales m/m	2022.06.15 15:30:00	0.5	0.7	0.6	0.4	3	US	USD
840200001	EIA Crude Oil Stocks Change	2022.06.15 17:30:00	1.956	-0.005	2.025	nan	3	US	USD
840050014	Fed Interest Rate Decision	2022.06.15 21:00:00	1.75	nan	1.0	nan	3	US	USD
840070001	Philadelphia Fed Manufacturing Index	2022.06.16 15:30:00	-3.3	19.2	2.6	nan	3	US	USD
840140001	Initial Jobless Claims	2022.06.16 15:30:00	229.0	212.0	229.0	232.0	3	US	USD
840120001	Existing Home Sales	2022.06.21 17:00:00	5.41	5.47	5.61	5.6	3	US	USD
840140001	Initial Jobless Claims	2022.06.23 15:30:00	229.0	208.0	229.0	231.0	3	US	USD
840500001	S&P Global Manufacturing PMI	2022.06.23 16:45:00	52.4	57.3	57.0	nan	3	US	USD
840500002	S&P Global Services PMI	2022.06.23 16:45:00	51.6	53.5	53.4	nan	3	US	USD
840020008	New Home Sales	2022.06.24 17:00:00	0.696	0.674	0.591	0.629	3	US	USD
840020013	Durable Goods Orders m/m	2022.06.27 15:30:00	0.7	0.0	0.4	nan	3	US	USD
840180002	CB Consumer Confidence Index	2022.06.28 17:00:00	98.7	106.8	106.4	nan	3	US	USD
840010007	GDP q/q	2022.06.29 15:30:00	-1.6	-1.5	-1.5	nan	3	US	USD
840010018	GDP Sales q/q	2022.06.29 15:30:00	-1.2	-0.4	-0.4	nan	3	US	USD
840200001	EIA Crude Oil Stocks Change	2022.06.29 17:30:00	-2.762	-5.836	1.956	nan	3	US	USD
840010001	Core PCE Price Index m/m	2022.06.30 15:30:00	0.3	0.4	0.3	nan	3	US	USD
840010002	Core PCE Price Index y/y	2022.06.30 15:30:00	4.7	4.5	4.9	nan	3	US	USD
840140001	Initial Jobless Claims	2022.06.30 15:30:00	231.0	208.0	229.0	233.0	3	US	USD
840510001	MNI Chicago Business Barometer	2022.06.30 16:45:00	56.0	58.5	60.3	nan	3	US	USD
840500001	S&P Global Manufacturing PMI	2022.07.01 16:45:00	52.7	52.4	52.4	nan	3	US	USD
840040001	ISM Manufacturing PMI	2022.07.01 17:00:00	53.0	55.8	56.1	nan	3	US	USD
840040002	ISM Manufacturing Prices Paid	2022.07.01 17:00:00	78.5	83.7	82.2	nan	3	US	USD
840500002	S&P Global Services PMI	2022.07.06 16:45:00	52.7	51.6	51.6	nan	3	US	USD
840040003	ISM Non-Manufacturing PMI	2022.07.06 17:00:00	55.3	57.7	55.9	nan	3	US	USD
840040008	ISM Non-Manufacturing Prices Paid	2022.07.06 17:00:00	80.1	83.9	82.1	nan	3	US	USD
840030021	JOLTS Job Openings	2022.07.06 17:00:00	11.254	11.768	11.4	11.681	3	US	USD
840140001	Initial Jobless Claims	2022.07.07 15:30:00	235.0	209.0	231.0	nan	3	US	USD
840200001	EIA Crude Oil Stocks Change	2022.07.07 18:00:00	8.234	-0.078	-2.762	nan	3	US	USD
840030015	Unemployment Rate	2022.07.08 15:30:00	3.6	3.6	3.6	nan	3	US	USD
840030016	Nonfarm Payrolls	2022.07.08 15:30:00	372.0	-229.0	390.0	384.0	3	US	USD
840030018	Average Hourly Earnings m/m	2022.07.08 15:30:00	0.3	0.4	0.3	0.4	3	US	USD
840220014	10-Year Note Auction	2022.07.12 20:00:00	2.96	nan	3.03	nan	3	US	USD
840030005	CPI m/m	2022.07.13 15:30:00	1.3	0.8	1.0	nan	3	US	USD
840030006	Core CPI m/m	2022.07.13 15:30:00	0.7	0.5	0.6	nan	3	US	USD
840030007	CPI y/y	2022.07.13 15:30:00	9.1	9.0	8.6	nan	3	US	USD
840030034	Core CPI n.s.a. m/m	2022.07.13 15:30:00	0.7	nan	0.6	nan	3	US	USD
840030035	CPI	2022.07.13 15:30:00	295.328	293.024	291.474	nan	3	US	USD
840200001	EIA Crude Oil Stocks Change	2022.07.13 17:30:00	3.254	0.262	8.234	nan	3	US	USD
840220015	30-Year Bond Auction	2022.07.13 20:00:00	3.115	nan	3.185	nan	3	US	USD
840030001	PPI m/m	2022.07.14 15:30:00	1.1	0.6	0.8	0.9	3	US	USD
840140001	Initial Jobless Claims	2022.07.14 15:30:00	244.0	212.0	235.0	nan	3	US	USD
840020010	Retail Sales m/m	2022.07.15 15:30:00	1.0	0.3	-0.3	nan	3	US	USD
840020011	Core Retail Sales m/m	2022.07.15 15:30:00	1.0	-0.4	0.5	nan	3	US	USD
840120001	Existing Home Sales	2022.07.20 17:00:00	5.12	5.53	5.41	nan	3	US	USD
840200001	EIA Crude Oil Stocks Change	2022.07.20 17:30:00	-0.445	-0.097	3.254	nan	3	US	USD
840070001	Philadelphia Fed Manufacturing Index	2022.07.21 15:30:00	-12.3	16.1	-3.3	nan	3	US	USD
840140001	Initial Jobless Claims	2022.07.21 15:30:00	251.0	240.0	244.0	nan	3	US	USD
840500001	S&P Global Manufacturing PMI	2022.07.22 16:45:00	52.3	52.5	52.7	nan	3	US	USD
840500002	S&P Global Services PMI	2022.07.22 16:45:00	47.0	52.1	52.7	nan	3	US	USD
840020008	New Home Sales	2022.07.26 17:00:00	0.59	0.641	0.696	0.642	3	US	USD
840180002	CB Consumer Confidence Index	2022.07.26 17:00:00	95.7	102.4	98.7	98.4	3	US	USD
840020013	Durable Goods Orders m/m	2022.07.27 15:30:00	1.9	-8.7	0.7	0.8	3	US	USD
840200001	EIA Crude Oil Stocks Change	2022.07.27 17:30:00	-4.523	-0.109	-0.445	nan	3	US	USD
840050014	Fed Interest Rate Decision	2022.07.27 21:00:00	2.5	nan	1.75	nan	3	US	USD
840010007	GDP q/q	2022.07.28 15:30:00	-0.9	-1.5	-1.6	nan	3	US	USD
840010018	GDP Sales q/q	2022.07.28 15:30:00	1.1	-0.6	-1.2	nan	3	US	USD
840140001	Initial Jobless Claims	2022.07.28 15:30:00	256.0	248.0	251.0	261.0	3	US	USD
840010001	Core PCE Price Index m/m	2022.07.29 15:30:00	0.6	0.4	0.3	nan	3	US	USD
840010002	Core PCE Price Index y/y	2022.07.29 15:30:00	4.8	5.0	4.7	nan	3	US	USD
840510001	MNI Chicago Business Barometer	2022.07.29 16:45:00	52.1	58.2	56.0	nan	3	US	USD
840500001	S&P Global Manufacturing PMI	2022.08.01 16:45:00	52.2	52.3	52.3	nan	3	US	USD
840040001	ISM Manufacturing PMI	2022.08.01 17:00:00	52.8	54.6	53.0	nan	3	US	USD
840040002	ISM Manufacturing Prices Paid	2022.08.01 17:00:00	60.0	80.5	78.5	nan	3	US	USD
840030021	JOLTS Job Openings	2022.08.02 17:00:00	10.698	11.401	11.254	11.303	3	US	USD
840500002	S&P Global Services PMI	2022.08.03 16:45:00	47.3	47.0	47.0	nan	3	US	USD
840040003	ISM Non-Manufacturing PMI	2022.08.03 17:00:00	56.7	55.6	55.3	nan	3	US	USD
840040008	ISM Non-Manufacturing Prices Paid	2022.08.03 17:00:00	72.3	81.6	80.1	nan	3	US	USD
840200001	EIA Crude Oil Stocks Change	2022.08.03 17:30:00	4.467	-0.042	-4.523	nan	3	US	USD
840140001	Initial Jobless Claims	2022.08.04 15:30:00	260.0	254.0	256.0	254.0	3	US	USD
840030015	Unemployment Rate	2022.08.05 15:30:00	3.5	3.6	3.6	nan	3	US	USD
840030016	Nonfarm Payrolls	2022.08.05 15:30:00	528.0	-19.0	372.0	398.0	3	US	USD
840030018	Average Hourly Earnings m/m	2022.08.05 15:30:00	0.5	0.4	0.3	0.4	3	US	USD
840030005	CPI m/m	2022.08.10 15:30:00	0.0	0.9	1.3	nan	3	US	USD
840030006	Core CPI m/m	2022.08.10 15:30:00	0.3	0.6	0.7	nan	3	US	USD
840030007	CPI y/y	2022.08.10 15:30:00	8.5	9.7	9.1	nan	3	US	USD
840030034	Core CPI n.s.a. m/m	2022.08.10 15:30:00	0.3	nan	0.7	nan	3	US	USD
840030035	CPI	2022.08.10 15:30:00	295.271	297.281	295.328	nan	3	US	USD
840200001	EIA Crude Oil Stocks Change	2022.08.10 17:30:00	5.457	-0.02	4.467	nan	3	US	USD
840220014	10-Year Note Auction	2022.08.10 20:00:00	2.755	nan	2.96	nan	3	US	USD
840030001	PPI m/m	2022.08.11 15:30:00	-0.5	0.8	1.1	1.0	3	US	USD
840140001	Initial Jobless Claims	2022.08.11 15:30:00	262.0	258.0	260.0	248.0	3	US	USD
840220015	30-Year Bond Auction	2022.08.11 20:00:00	3.106	nan	3.115	nan	3	US	USD
840020010	Retail Sales m/m	2022.08.17 15:30:00	0.0	-0.7	1.0	0.8	3	US	USD
840020011	Core Retail Sales m/m	2022.08.17 15:30:00	0.4	0.1	1.0	0.9	3	US	USD
840200001	EIA Crude Oil Stocks Change	2022.08.17 17:30:00	-7.056	0.013	5.457	nan	3	US	USD
840070001	Philadelphia Fed Manufacturing Index	2022.08.18 15:30:00	6.2	11.8	-12.3	nan	3	US	USD
840140001	Initial Jobless Claims	2022.08.18 15:30:00	250.0	261.0	262.0	252.0	3	US	USD
840120001	Existing Home Sales	2022.08.18 17:00:00	4.81	5.16	5.12	5.11	3	US	USD
840500001	S&P Global Manufacturing PMI	2022.08.23 16:45:00	51.3	52.2	52.2	nan	3	US	USD
840500002	S&P Global Services PMI	2022.08.23 16:45:00	44.1	47.1	47.3	nan	3	US	USD
840020008	New Home Sales	2022.08.23 17:00:00	0.511	0.64	0.59	0.585	3	US	USD
840020013	Durable Goods Orders m/m	2022.08.24 15:30:00	0.0	-0.1	1.9	2.2	3	US	USD
840200001	EIA Crude Oil Stocks Change	2022.08.24 17:30:00	-3.282	0.051	-7.056	nan	3	US	USD
840010007	GDP q/q	2022.08.25 15:30:00	-0.6	-0.9	-0.9	nan	3	US	USD
840010018	GDP Sales q/q	2022.08.25 15:30:00	1.3	1.1	1.1	nan	3	US	USD
840140001	Initial Jobless Claims	2022.08.25 15:30:00	243.0	256.0	250.0	245.0	3	US	USD
840010001	Core PCE Price Index m/m	2022.08.26 15:30:00	0.1	0.4	0.6	nan	3	US	USD
840010002	Core PCE Price Index y/y	2022.08.26 15:30:00	4.6	5.3	4.8	nan	3	US	USD
840030021	JOLTS Job Openings	2022.08.30 17:00:00	11.239	10.646	10.698	11.04	3	US	USD
840180002	CB Consumer Confidence Index	2022.08.30 17:00:00	103.2	97.1	95.7	95.3	3	US	USD
840190001	ADP Nonfarm Employment Change	2022.08.31 15:15:00	132.0	-263.0	128.0	nan	3	US	USD
840510001	MNI Chicago Business Barometer	2022.08.31 16:45:00	52.2	54.1	52.1	nan	3	US	USD
840200001	EIA Crude Oil Stocks Change	2022.08.31 17:30:00	-3.326	0.076	-3.282	nan	3	US	USD
840140001	Initial Jobless Claims	2022.09.01 15:30:00	232.0	247.0	243.0	237.0	3	US	USD
840500001	S&P Global Manufacturing PMI	2022.09.01 16:45:00	51.5	51.3	51.3	nan	3	US	USD
840040001	ISM Manufacturing PMI	2022.09.01 17:00:00	52.8	52.9	52.8	nan	3	US	USD
840040002	ISM Manufacturing Prices Paid	2022.09.01 17:00:00	52.5	69.2	60.0	nan	3	US	USD
840030015	Unemployment Rate	2022.09.02 15:30:00	3.7	3.5	3.5	nan	3	US	USD
840030016	Nonfarm Payrolls	2022.09.02 15:30:00	315.0	156.0	528.0	526.0	3	US	USD
840030018	Average Hourly Earnings m/m	2022.09.02 15:30:00	0.3	0.4	0.5	nan	3	US	USD
840500002	S&P Global Services PMI	2022.09.06 16:45:00	43.7	44.1	44.1	nan	3	US	USD
840040003	ISM Non-Manufacturing PMI	2022.09.06 17:00:00	56.9	56.0	56.7	nan	3	US	USD
840040008	ISM Non-Manufacturing Prices Paid	2022.09.06 17:00:00	71.5	76.5	72.3	nan	3	US	USD
840140001	Initial Jobless Claims	2022.09.08 15:30:00	222.0	238.0	232.0	228.0	3	US	USD
840200001	EIA Crude Oil Stocks Change	2022.09.08 18:00:00	8.845	0.08	-3.326	nan	3	US	USD
840220014	10-Year Note Auction	2022.09.12 20:00:00	3.33	nan	2.755	nan	3	US	USD
840030005	CPI m/m	2022.09.13 15:30:00	0.1	0.6	0.0	nan	3	US	USD
840030006	Core CPI m/m	2022.09.13 15:30:00	0.6	0.6	0.3	nan	3	US	USD
840030007	CPI y/y	2022.09.13 15:30:00	8.3	9.0	8.5	nan	3	US	USD
840030034	Core CPI n.s.a. m/m	2022.09.13 15:30:00	0.5	nan	0.3	nan	3	US	USD
840030035	CPI	2022.09.13 15:30:00	295.62	297.231	295.271	nan	3	US	USD
840220015	30-Year Bond Auction	2022.09.13 20:00:00	3.511	nan	3.106	nan	3	US	USD
840030001	PPI m/m	2022.09.14 15:30:00	-0.1	0.3	-0.5	-0.4	3	US	USD
840200001	EIA Crude Oil Stocks Change	2022.09.14 17:30:00	2.442	0.778	8.845	nan	3	US	USD
840020010	Retail Sales m/m	2022.09.15 15:30:00	0.3	-0.1	0.0	-0.4	3	US	USD
840020011	Core Retail Sales m/m	2022.09.15 15:30:00	-0.3	0.9	0.4	0.0	3	US	USD
840070001	Philadelphia Fed Manufacturing Index	2022.09.15 15:30:00	-9.9	1.0	6.2	nan	3	US	USD
840140001	Initial Jobless Claims	2022.09.15 15:30:00	213.0	227.0	222.0	218.0	3	US	USD
840120001	Existing Home Sales	2022.09.21 17:00:00	4.8	5.16	4.81	4.82	3	US	USD
840200001	EIA Crude Oil Stocks Change	2022.09.21 17:30:00	1.141	0.092	2.442	nan	3	US	USD
840050014	Fed Interest Rate Decision	2022.09.21 21:00:00	3.25	nan	2.5	nan	3	US	USD
840140001	Initial Jobless Claims	2022.09.22 15:30:00	213.0	217.0	213.0	208.0	3	US	USD
840500001	S&P Global Manufacturing PMI	2022.09.23 16:45:00	51.8	51.4	51.5	nan	3	US	USD
840500002	S&P Global Services PMI	2022.09.23 16:45:00	49.2	43.8	43.7	nan	3	US	USD
840020013	Durable Goods Orders m/m	2022.09.27 15:30:00	-0.2	-0.1	0.0	-0.1	3	US	USD
840020008	New Home Sales	2022.09.27 17:00:00	0.685	0.64	0.511	0.532	3	US	USD
840180002	CB Consumer Confidence Index	2022.09.27 17:00:00	108.0	99.4	103.2	103.6	3	US	USD
840200001	EIA Crude Oil Stocks Change	2022.09.28 17:30:00	-0.215	0.196	1.141	nan	3	US	USD
840010007	GDP q/q	2022.09.29 15:30:00	-0.6	-0.6	-0.6	nan	3	US	USD
840010018	GDP Sales q/q	2022.09.29 15:30:00	1.3	1.3	1.3	nan	3	US	USD
840140001	Initial Jobless Claims	2022.09.29 15:30:00	193.0	213.0	213.0	209.0	3	US	USD
840010001	Core PCE Price Index m/m	2022.09.30 15:30:00	0.6	0.4	0.1	0.0	3	US	USD
840010002	Core PCE Price Index y/y	2022.09.30 15:30:00	4.9	5.2	4.6	4.7	3	US	USD
840510001	MNI Chicago Business Barometer	2022.09.30 16:45:00	45.7	52.2	52.2	nan	3	US	USD
840500001	S&P Global Manufacturing PMI	2022.10.03 16:45:00	52.0	51.8	51.8	nan	3	US	USD
840040001	ISM Manufacturing PMI	2022.10.03 17:00:00	50.9	52.8	52.8	nan	3	US	USD
840040002	ISM Manufacturing Prices Paid	2022.10.03 17:00:00	51.7	46.0	52.5	nan	3	US	USD
840030021	JOLTS Job Openings	2022.10.04 17:00:00	10.053	10.78	11.239	11.17	3	US	USD
840190001	ADP Nonfarm Employment Change	2022.10.05 15:15:00	208.0	-163.0	132.0	nan	3	US	USD
840500002	S&P Global Services PMI	2022.10.05 16:45:00	49.3	49.2	49.2	nan	3	US	USD
840040003	ISM Non-Manufacturing PMI	2022.10.05 17:00:00	56.7	56.8	56.9	nan	3	US	USD
840040008	ISM Non-Manufacturing Prices Paid	2022.10.05 17:00:00	68.7	69.8	71.5	nan	3	US	USD
840200001	EIA Crude Oil Stocks Change	2022.10.05 17:30:00	-1.356	0.097	-0.215	nan	3	US	USD
840140001	Initial Jobless Claims	2022.10.06 15:30:00	219.0	203.0	193.0	190.0	3	US	USD
840030015	Unemployment Rate	2022.10.07 15:30:00	3.5	3.6	3.7	nan	3	US	USD
840030016	Nonfarm Payrolls	2022.10.07 15:30:00	263.0	33.0	315.0	nan	3	US	USD
840030018	Average Hourly Earnings m/m	2022.10.07 15:30:00	0.3	0.4	0.3	nan	3	US	USD
840030001	PPI m/m	2022.10.12 15:30:00	0.4	0.3	-0.1	-0.2	3	US	USD
840220014	10-Year Note Auction	2022.10.12 20:00:00	3.93	nan	3.33	nan	3	US	USD
840030005	CPI m/m	2022.10.13 15:30:00	0.4	0.7	0.1	nan	3	US	USD
840030006	Core CPI m/m	2022.10.13 15:30:00	0.6	0.6	0.6	nan	3	US	USD
840030007	CPI y/y	2022.10.13 15:30:00	8.2	7.7	8.3	nan	3	US	USD
840030034	Core CPI n.s.a. m/m	2022.10.13 15:30:00	0.4	nan	0.5	nan	3	US	USD
840030035	CPI	2022.10.13 15:30:00	296.761	295.43	295.62	nan	3	US	USD
840140001	Initial Jobless Claims	2022.10.13 15:30:00	228.0	206.0	219.0	nan	3	US	USD
840200001	EIA Crude Oil Stocks Change	2022.10.13 18:00:00	9.879	0.098	-1.356	nan	3	US	USD
840220015	30-Year Bond Auction	2022.10.13 20:00:00	3.93	nan	3.511	nan	3	US	USD
840020010	Retail Sales m/m	2022.10.14 15:30:00	0.0	0.5	0.3	0.4	3	US	USD
840020011	Core Retail Sales m/m	2022.10.14 15:30:00	0.1	-0.4	-0.3	-0.1	3	US	USD
840200001	EIA Crude Oil Stocks Change	2022.10.19 17:30:00	-1.725	1.82	9.879	nan	3	US	USD
840070001	Philadelphia Fed Manufacturing Index	2022.10.20 15:30:00	-8.7	-4.0	-9.9	nan	3	US	USD
840140001	Initial Jobless Claims	2022.10.20 15:30:00	214.0	224.0	228.0	226.0	3	US	USD
840120001	Existing Home Sales	2022.10.20 17:00:00	4.71	4.85	4.8	4.78	3	US	USD
840500001	S&P Global Manufacturing PMI	2022.10.24 16:45:00	49.9	51.9	52.0	nan	3	US	USD
840500002	S&P Global Services PMI	2022.10.24 16:45:00	46.6	49.2	49.3	nan	3	US	USD
840180002	CB Consumer Confidence Index	2022.10.25 17:00:00	102.5	105.6	108.0	107.8	3	US	USD
840020008	New Home Sales	2022.10.26 17:00:00	0.603	0.596	0.685	0.677	3	US	USD
840200001	EIA Crude Oil Stocks Change	2022.10.26 17:30:00	2.588	0.11	-1.725	nan	3	US	USD
840020013	Durable Goods Orders m/m	2022.10.27 15:30:00	0.4	0.1	-0.2	0.2	3	US	USD
840010007	GDP q/q	2022.10.27 15:30:00	2.6	-0.6	-0.6	nan	3	US	USD
840010018	GDP Sales q/q	2022.10.27 15:30:00	3.3	1.3	1.3	nan	3	US	USD
840140001	Initial Jobless Claims	2022.10.27 15:30:00	217.0	221.0	214.0	nan	3	US	USD
840010001	Core PCE Price Index m/m	2022.10.28 15:30:00	0.5	0.4	0.6	0.5	3	US	USD
840010002	Core PCE Price Index y/y	2022.10.28 15:30:00	5.1	4.8	4.9	nan	3	US	USD
840510001	MNI Chicago Business Barometer	2022.10.31 16:45:00	45.2	48.9	45.7	nan	3	US	USD
840500001	S&P Global Manufacturing PMI	2022.11.01 16:45:00	50.4	49.9	49.9	nan	3	US	USD
840040001	ISM Manufacturing PMI	2022.11.01 17:00:00	50.2	51.8	50.9	nan	3	US	USD
840040002	ISM Manufacturing Prices Paid	2022.11.01 17:00:00	46.6	51.6	51.7	nan	3	US	USD
840030021	JOLTS Job Openings	2022.11.01 17:00:00	10.717	10.127	10.053	10.28	3	US	USD
840190001	ADP Nonfarm Employment Change	2022.11.02 15:15:00	239.0	-163.0	208.0	nan	3	US	USD
840200001	EIA Crude Oil Stocks Change	2022.11.02 17:30:00	-3.115	0.114	2.588	nan	3	US	USD
840050014	Fed Interest Rate Decision	2022.11.02 21:00:00	4.0	nan	3.25	nan	3	US	USD
840140001	Initial Jobless Claims	2022.11.03 15:30:00	217.0	215.0	217.0	218.0	3	US	USD
840500002	S&P Global Services PMI	2022.11.03 16:45:00	47.8	46.6	46.6	nan	3	US	USD
840040003	ISM Non-Manufacturing PMI	2022.11.03 17:00:00	54.4	56.8	56.7	nan	3	US	USD
840040008	ISM Non-Manufacturing Prices Paid	2022.11.03 17:00:00	70.7	71.3	68.7	nan	3	US	USD
840030015	Unemployment Rate	2022.11.04 15:30:00	3.7	3.6	3.5	nan	3	US	USD
840030016	Nonfarm Payrolls	2022.11.04 15:30:00	261.0	-97.0	263.0	315.0	3	US	USD
840030018	Average Hourly Earnings m/m	2022.11.04 15:30:00	0.4	0.4	0.3	nan	3	US	USD
840200001	EIA Crude Oil Stocks Change	2022.11.09 18:30:00	3.925	0.12	-3.115	nan	3	US	USD
840220014	10-Year Note Auction	2022.11.09 21:00:00	4.14	nan	3.93	nan	3	US	USD
840030005	CPI m/m	2022.11.10 16:30:00	0.4	0.6	0.4	nan	3	US	USD
840030006	Core CPI m/m	2022.11.10 16:30:00	0.3	0.6	0.6	nan	3	US	USD
840030007	CPI y/y	2022.11.10 16:30:00	7.7	7.7	8.2	nan	3	US	USD
840030034	Core CPI n.s.a. m/m	2022.11.10 16:30:00	0.3	nan	0.4	nan	3	US	USD
840030035	CPI	2022.11.10 16:30:00	298.062	297.348	296.761	nan	3	US	USD
840140001	Initial Jobless Claims	2022.11.10 16:30:00	225.0	217.0	217.0	218.0	3	US	USD
840220015	30-Year Bond Auction	2022.11.10 21:00:00	4.08	nan	3.93	nan	3	US	USD
840030001	PPI m/m	2022.11.15 16:30:00	0.2	0.2	0.4	0.2	3	US	USD
840020010	Retail Sales m/m	2022.11.16 16:30:00	1.3	0.0	0.0	nan	3	US	USD
840020011	Core Retail Sales m/m	2022.11.16 16:30:00	1.3	0.0	0.1	nan	3	US	USD
840200001	EIA Crude Oil Stocks Change	2022.11.16 18:30:00	-5.4	0.132	3.925	nan	3	US	USD
840070001	Philadelphia Fed Manufacturing Index	2022.11.17 16:30:00	-19.4	-7.6	-8.7	nan	3	US	USD
840140001	Initial Jobless Claims	2022.11.17 16:30:00	222.0	221.0	225.0	226.0	3	US	USD
840120001	Existing Home Sales	2022.11.18 18:00:00	4.43	4.97	4.71	nan	3	US	USD
840020013	Durable Goods Orders m/m	2022.11.23 16:30:00	1.0	0.1	0.4	0.3	3	US	USD
840140001	Initial Jobless Claims	2022.11.23 16:30:00	240.0	224.0	222.0	223.0	3	US	USD
840500001	S&P Global Manufacturing PMI	2022.11.23 17:45:00	47.6	50.1	50.4	nan	3	US	USD
840500002	S&P Global Services PMI	2022.11.23 17:45:00	46.1	47.1	47.8	nan	3	US	USD
840020008	New Home Sales	2022.11.23 18:00:00	0.632	0.641	0.603	0.588	3	US	USD
840200001	EIA Crude Oil Stocks Change	2022.11.23 18:30:00	-3.69	0.115	-5.4	nan	3	US	USD
840180002	CB Consumer Confidence Index	2022.11.29 18:00:00	100.2	105.2	102.5	102.2	3	US	USD
840190001	ADP Nonfarm Employment Change	2022.11.30 16:15:00	127.0	101.0	239.0	nan	3	US	USD
840010007	GDP q/q	2022.11.30 16:30:00	2.9	2.6	2.6	nan	3	US	USD
840010018	GDP Sales q/q	2022.11.30 16:30:00	4.0	3.3	3.3	nan	3	US	USD
840510001	MNI Chicago Business Barometer	2022.11.30 17:45:00	37.2	45.4	45.2	nan	3	US	USD
840030021	JOLTS Job Openings	2022.11.30 18:00:00	10.334	10.349	10.717	10.687	3	US	USD
840200001	EIA Crude Oil Stocks Change	2022.11.30 18:30:00	-12.581	0.032	-3.69	nan	3	US	USD
840010001	Core PCE Price Index m/m	2022.12.01 16:30:00	0.2	0.4	0.5	nan	3	US	USD
840010002	Core PCE Price Index y/y	2022.12.01 16:30:00	5.0	4.8	5.1	5.2	3	US	USD
840140001	Initial Jobless Claims	2022.12.01 16:30:00	225.0	231.0	240.0	241.0	3	US	USD
840500001	S&P Global Manufacturing PMI	2022.12.01 17:45:00	47.7	47.6	47.6	nan	3	US	USD
840040001	ISM Manufacturing PMI	2022.12.01 18:00:00	49.0	50.5	50.2	nan	3	US	USD
840040002	ISM Manufacturing Prices Paid	2022.12.01 18:00:00	43.0	50.4	46.6	nan	3	US	USD
840030015	Unemployment Rate	2022.12.02 16:30:00	3.7	3.6	3.7	nan	3	US	USD
840030016	Nonfarm Payrolls	2022.12.02 16:30:00	263.0	-30.0	261.0	284.0	3	US	USD
840030018	Average Hourly Earnings m/m	2022.12.02 16:30:00	0.6	0.4	0.4	0.5	3	US	USD
840500002	S&P Global Services PMI	2022.12.05 17:45:00	46.2	46.1	46.1	nan	3	US	USD
840040003	ISM Non-Manufacturing PMI	2022.12.05 18:00:00	56.5	55.6	54.4	nan	3	US	USD
840040008	ISM Non-Manufacturing Prices Paid	2022.12.05 18:00:00	70.0	73.6	70.7	nan	3	US	USD
840200001	EIA Crude Oil Stocks Change	2022.12.07 18:30:00	-5.186	-4.244	-12.581	nan	3	US	USD
840140001	Initial Jobless Claims	2022.12.08 16:30:00	230.0	232.0	225.0	226.0	3	US	USD
840030001	PPI m/m	2022.12.09 16:30:00	0.3	0.1	0.2	0.3	3	US	USD
840220014	10-Year Note Auction	2022.12.12 21:00:00	3.625	nan	4.14	nan	3	US	USD
840030005	CPI m/m	2022.12.13 16:30:00	0.1	0.5	0.4	nan	3	US	USD
840030006	Core CPI m/m	2022.12.13 16:30:00	0.2	0.6	0.3	nan	3	US	USD
840030007	CPI y/y	2022.12.13 16:30:00	7.1	7.7	7.7	nan	3	US	USD
840030034	Core CPI n.s.a. m/m	2022.12.13 16:30:00	0.1	nan	0.3	nan	3	US	USD
840030035	CPI	2022.12.13 16:30:00	298.349	299.563	298.062	nan	3	US	USD
840220015	30-Year Bond Auction	2022.12.13 21:00:00	3.513	nan	4.08	nan	3	US	USD
840200001	EIA Crude Oil Stocks Change	2022.12.14 18:30:00	10.231	-0.68	-5.186	nan	3	US	USD
840050014	Fed Interest Rate Decision	2022.12.14 22:00:00	4.5	nan	4.0	nan	3	US	USD
840020010	Retail Sales m/m	2022.12.15 16:30:00	-0.6	-0.3	1.3	nan	3	US	USD
840020011	Core Retail Sales m/m	2022.12.15 16:30:00	-0.2	0.4	1.3	1.2	3	US	USD
840070001	Philadelphia Fed Manufacturing Index	2022.12.15 16:30:00	-13.8	-11.3	-19.4	nan	3	US	USD
840140001	Initial Jobless Claims	2022.12.15 16:30:00	211.0	227.0	230.0	231.0	3	US	USD
840500001	S&P Global Manufacturing PMI	2022.12.16 17:45:00	46.2	47.6	47.7	nan	3	US	USD
840500002	S&P Global Services PMI	2022.12.16 17:45:00	44.4	46.1	46.2	nan	3	US	USD
840120001	Existing Home Sales	2022.12.21 18:00:00	4.09	4.42	4.43	nan	3	US	USD
840180002	CB Consumer Confidence Index	2022.12.21 18:00:00	108.3	101.2	100.2	101.4	3	US	USD
840200001	EIA Crude Oil Stocks Change	2022.12.21 18:30:00	-5.895	1.434	10.231	nan	3	US	USD
840010007	GDP q/q	2022.12.22 16:30:00	3.2	2.9	2.9	nan	3	US	USD
840010018	GDP Sales q/q	2022.12.22 16:30:00	4.5	4.0	4.0	nan	3	US	USD
840140001	Initial Jobless Claims	2022.12.22 16:30:00	216.0	220.0	211.0	214.0	3	US	USD
840020013	Durable Goods Orders m/m	2022.12.23 16:30:00	-2.1	0.0	1.0	0.7	3	US	USD
840010001	Core PCE Price Index m/m	2022.12.23 16:30:00	0.2	0.4	0.2	0.3	3	US	USD
840010002	Core PCE Price Index y/y	2022.12.23 16:30:00	4.7	4.6	5.0	nan	3	US	USD
840020008	New Home Sales	2022.12.23 18:00:00	0.64	0.615	0.632	0.605	3	US	USD
840140001	Initial Jobless Claims	2022.12.29 16:30:00	225.0	213.0	216.0	nan	3	US	USD
840200001	EIA Crude Oil Stocks Change	2022.12.29 19:00:00	0.718	-0.048	-5.895	nan	3	US	USD
840510001	MNI Chicago Business Barometer	2022.12.30 17:45:00	44.9	41.2	37.2	nan	3	US	USD
840500001	S&P Global Manufacturing PMI	2023.01.03 17:45:00	46.2	46.2	46.2	nan	3	US	USD
840040001	ISM Manufacturing PMI	2023.01.04 18:00:00	48.4	49.6	49.0	nan	3	US	USD
840040002	ISM Manufacturing Prices Paid	2023.01.04 18:00:00	39.4	42.3	43.0	nan	3	US	USD
840030021	JOLTS Job Openings	2023.01.04 18:00:00	10.458	10.442	10.334	10.512	3	US	USD
840190001	ADP Nonfarm Employment Change	2023.01.05 16:15:00	235.0	134.0	127.0	nan	3	US	USD
840140001	Initial Jobless Claims	2023.01.05 16:30:00	204.0	221.0	225.0	223.0	3	US	USD
840500002	S&P Global Services PMI	2023.01.05 17:45:00	44.7	44.4	44.4	nan	3	US	USD
840200001	EIA Crude Oil Stocks Change	2023.01.05 19:00:00	1.694	-0.076	0.718	nan	3	US	USD
840030015	Unemployment Rate	2023.01.06 16:30:00	3.5	3.7	3.7	3.6	3	US	USD
840030016	Nonfarm Payrolls	2023.01.06 16:30:00	223.0	57.0	263.0	256.0	3	US	USD
840030018	Average Hourly Earnings m/m	2023.01.06 16:30:00	0.3	0.4	0.6	0.4	3	US	USD
840040003	ISM Non-Manufacturing PMI	2023.01.06 18:00:00	49.6	55.5	56.5	nan	3	US	USD
840040008	ISM Non-Manufacturing Prices Paid	2023.01.06 18:00:00	67.6	71.5	70.0	nan	3	US	USD
840200001	EIA Crude Oil Stocks Change	2023.01.11 18:30:00	18.961	-0.075	1.694	nan	3	US	USD
840220014	10-Year Note Auction	2023.01.11 21:00:00	3.575	nan	3.625	nan	3	US	USD
840030005	CPI m/m	2023.01.12 16:30:00	-0.1	0.4	0.1	nan	3	US	USD
840030006	Core CPI m/m	2023.01.12 16:30:00	0.3	0.5	0.2	nan	3	US	USD
840030007	CPI y/y	2023.01.12 16:30:00	6.5	6.8	7.1	nan	3	US	USD
840030034	Core CPI n.s.a. m/m	2023.01.12 16:30:00	0.2	nan	0.1	nan	3	US	USD
840030035	CPI	2023.01.12 16:30:00	298.112	300.607	298.349	nan	3	US	USD
840140001	Initial Jobless Claims	2023.01.12 16:30:00	205.0	214.0	204.0	206.0	3	US	USD
840220015	30-Year Bond Auction	2023.01.12 21:00:00	3.585	nan	3.513	nan	3	US	USD
840030001	PPI m/m	2023.01.18 16:30:00	-0.5	0.1	0.3	0.2	3	US	USD
840020010	Retail Sales m/m	2023.01.18 16:30:00	-1.1	0.1	-0.6	-1.0	3	US	USD
840020011	Core Retail Sales m/m	2023.01.18 16:30:00	-1.1	-0.7	-0.2	-0.6	3	US	USD
840070001	Philadelphia Fed Manufacturing Index	2023.01.19 16:30:00	-8.9	-13.1	-13.8	-13.7	3	US	USD
840140001	Initial Jobless Claims	2023.01.19 16:30:00	190.0	204.0	205.0	nan	3	US	USD
840200001	EIA Crude Oil Stocks Change	2023.01.19 19:00:00	8.408	9.749	18.961	nan	3	US	USD
840120001	Existing Home Sales	2023.01.20 18:00:00	4.02	3.87	4.09	4.08	3	US	USD
840500001	S&P Global Manufacturing PMI	2023.01.24 17:45:00	46.8	46.1	46.2	nan	3	US	USD
840500002	S&P Global Services PMI	2023.01.24 17:45:00	46.6	44.5	44.7	nan	3	US	USD
840200001	EIA Crude Oil Stocks Change	2023.01.25 18:30:00	0.533	0.023	8.408	nan	3	US	USD
840020013	Durable Goods Orders m/m	2023.01.26 16:30:00	5.6	0.1	-2.1	-1.7	3	US	USD
840140001	Initial Jobless Claims	2023.01.26 16:30:00	186.0	197.0	190.0	192.0	3	US	USD
840010007	GDP q/q	2023.01.26 16:30:00	2.9	3.1	3.2	nan	3	US	USD
840010018	GDP Sales q/q	2023.01.26 16:30:00	1.4	4.3	4.5	nan	3	US	USD
840020008	New Home Sales	2023.01.26 18:00:00	0.616	0.633	0.64	0.602	3	US	USD
840010001	Core PCE Price Index m/m	2023.01.27 16:30:00	0.3	0.4	0.2	nan	3	US	USD
840010002	Core PCE Price Index y/y	2023.01.27 16:30:00	4.4	4.3	4.7	nan	3	US	USD
840510001	MNI Chicago Business Barometer	2023.01.31 17:45:00	44.3	41.0	44.9	nan	3	US	USD
840180002	CB Consumer Confidence Index	2023.01.31 18:00:00	107.1	104.2	108.3	109.0	3	US	USD
840190001	ADP Nonfarm Employment Change	2023.02.01 16:15:00	106.0	86.0	235.0	nan	3	US	USD
840500001	S&P Global Manufacturing PMI	2023.02.01 17:45:00	46.9	46.8	46.8	nan	3	US	USD
840040001	ISM Manufacturing PMI	2023.02.01 18:00:00	47.4	48.7	48.4	nan	3	US	USD
840040002	ISM Manufacturing Prices Paid	2023.02.01 18:00:00	44.5	32.3	39.4	nan	3	US	USD
840030021	JOLTS Job Openings	2023.02.01 18:00:00	11.012	10.59	10.458	10.44	3	US	USD
840200001	EIA Crude Oil Stocks Change	2023.02.01 18:30:00	4.14	0.045	0.533	nan	3	US	USD
840050014	Fed Interest Rate Decision	2023.02.01 22:00:00	4.75	nan	4.5	nan	3	US	USD
840140001	Initial Jobless Claims	2023.02.02 16:30:00	183.0	188.0	186.0	nan	3	US	USD
840030015	Unemployment Rate	2023.02.03 16:30:00	3.4	3.6	3.5	nan	3	US	USD
840030016	Nonfarm Payrolls	2023.02.03 16:30:00	517.0	16.0	223.0	260.0	3	US	USD
840030018	Average Hourly Earnings m/m	2023.02.03 16:30:00	0.3	0.4	0.3	0.4	3	US	USD
840500002	S&P Global Services PMI	2023.02.03 17:45:00	46.8	46.6	46.6	nan	3	US	USD
840040003	ISM Non-Manufacturing PMI	2023.02.03 18:00:00	55.2	53.0	49.6	49.2	3	US	USD
840040008	ISM Non-Manufacturing Prices Paid	2023.02.03 18:00:00	67.8	65.5	67.6	68.1	3	US	USD
840200001	EIA Crude Oil Stocks Change	2023.02.08 18:30:00	2.423	-0.012	4.14	nan	3	US	USD
840220014	10-Year Note Auction	2023.02.08 21:00:00	3.613	nan	3.575	nan	3	US	USD
840140001	Initial Jobless Claims	2023.02.09 16:30:00	196.0	184.0	183.0	nan	3	US	USD
840220015	30-Year Bond Auction	2023.02.09 21:00:00	3.686	nan	3.585	nan	3	US	USD
840030005	CPI m/m	2023.02.14 16:30:00	0.5	0.3	-0.1	0.1	3	US	USD
840030006	Core CPI m/m	2023.02.14 16:30:00	0.4	0.5	0.3	0.4	3	US	USD
840030007	CPI y/y	2023.02.14 16:30:00	6.4	5.8	6.5	nan	3	US	USD
840030034	Core CPI n.s.a. m/m	2023.02.14 16:30:00	0.6	nan	0.2	nan	3	US	USD
840030035	CPI	2023.02.14 16:30:00	300.536	299.959	298.112	nan	3	US	USD
840020010	Retail Sales m/m	2023.02.15 16:30:00	3.0	0.1	-1.1	nan	3	US	USD
840020011	Core Retail Sales m/m	2023.02.15 16:30:00	2.3	0.6	-1.1	-0.9	3	US	USD
840200001	EIA Crude Oil Stocks Change	2023.02.15 18:30:00	16.283	-0.026	2.423	nan	3	US	USD
840030001	PPI m/m	2023.02.16 16:30:00	0.7	0.1	-0.5	-0.2	3	US	USD
840070001	Philadelphia Fed Manufacturing Index	2023.02.16 16:30:00	-24.3	-12.9	-8.9	nan	3	US	USD
840140001	Initial Jobless Claims	2023.02.16 16:30:00	194.0	190.0	196.0	195.0	3	US	USD
840500001	S&P Global Manufacturing PMI	2023.02.21 17:45:00	47.8	46.8	46.9	nan	3	US	USD
840500002	S&P Global Services PMI	2023.02.21 17:45:00	50.5	46.6	46.8	nan	3	US	USD
840120001	Existing Home Sales	2023.02.21 18:00:00	4.0	4.06	4.02	4.03	3	US	USD
840140001	Initial Jobless Claims	2023.02.23 16:30:00	192.0	195.0	194.0	195.0	3	US	USD
840010007	GDP q/q	2023.02.23 16:30:00	2.7	2.9	2.9	nan	3	US	USD
840010018	GDP Sales q/q	2023.02.23 16:30:00	1.2	1.4	1.4	nan	3	US	USD
840200001	EIA Crude Oil Stocks Change	2023.02.23 19:00:00	7.647	5.681	16.283	nan	3	US	USD
840010001	Core PCE Price Index m/m	2023.02.24 16:30:00	0.6	0.4	0.3	0.4	3	US	USD
840010002	Core PCE Price Index y/y	2023.02.24 16:30:00	4.7	4.1	4.4	4.6	3	US	USD
840020008	New Home Sales	2023.02.24 18:00:00	0.67	0.625	0.616	0.625	3	US	USD
840020013	Durable Goods Orders m/m	2023.02.27 16:30:00	-4.5	-0.2	5.6	5.1	3	US	USD
840510001	MNI Chicago Business Barometer	2023.02.28 17:45:00	43.6	44.6	44.3	nan	3	US	USD
840180002	CB Consumer Confidence Index	2023.02.28 18:00:00	102.9	107.7	107.1	106.0	3	US	USD
840500001	S&P Global Manufacturing PMI	2023.03.01 17:45:00	47.3	47.8	47.8	nan	3	US	USD
840040001	ISM Manufacturing PMI	2023.03.01 18:00:00	47.7	47.9	47.4	nan	3	US	USD
840040002	ISM Manufacturing Prices Paid	2023.03.01 18:00:00	51.3	37.8	44.5	nan	3	US	USD
840200001	EIA Crude Oil Stocks Change	2023.03.01 18:30:00	1.166	2.011	7.647	nan	3	US	USD
840140001	Initial Jobless Claims	2023.03.02 16:30:00	190.0	193.0	192.0	nan	3	US	USD
840500002	S&P Global Services PMI	2023.03.03 17:45:00	50.6	50.5	50.5	nan	3	US	USD
840040003	ISM Non-Manufacturing PMI	2023.03.03 18:00:00	55.1	52.4	55.2	nan	3	US	USD
840040008	ISM Non-Manufacturing Prices Paid	2023.03.03 18:00:00	65.6	64.5	67.8	nan	3	US	USD
840190001	ADP Nonfarm Employment Change	2023.03.08 16:15:00	242.0	10.0	106.0	nan	3	US	USD
840030021	JOLTS Job Openings	2023.03.08 18:00:00	10.824	11.174	11.012	11.234	3	US	USD
840200001	EIA Crude Oil Stocks Change	2023.03.08 18:30:00	-1.694	2.304	1.166	nan	3	US	USD
840220014	10-Year Note Auction	2023.03.08 21:00:00	3.985	nan	3.613	nan	3	US	USD
840140001	Initial Jobless Claims	2023.03.09 16:30:00	211.0	191.0	190.0	nan	3	US	USD
840220015	30-Year Bond Auction	2023.03.09 21:00:00	3.877	nan	3.686	nan	3	US	USD
840030015	Unemployment Rate	2023.03.10 16:30:00	3.6	3.4	3.4	nan	3	US	USD
840030016	Nonfarm Payrolls	2023.03.10 16:30:00	311.0	-35.0	517.0	504.0	3	US	USD
840030018	Average Hourly Earnings m/m	2023.03.10 16:30:00	0.2	0.4	0.3	nan	3	US	USD
840030005	CPI m/m	2023.03.14 15:30:00	0.4	0.2	0.5	nan	3	US	USD
840030006	Core CPI m/m	2023.03.14 15:30:00	0.5	0.5	0.4	nan	3	US	USD
840030007	CPI y/y	2023.03.14 15:30:00	6.0	6.2	6.4	nan	3	US	USD
840030034	Core CPI n.s.a. m/m	2023.03.14 15:30:00	0.7	nan	0.6	nan	3	US	USD
840030035	CPI	2023.03.14 15:30:00	301.648	301.214	300.536	nan	3	US	USD
840030001	PPI m/m	2023.03.15 15:30:00	-0.1	0.1	0.7	0.3	3	US	USD
840020010	Retail Sales m/m	2023.03.15 15:30:00	-0.4	-0.1	3.0	3.2	3	US	USD
840020011	Core Retail Sales m/m	2023.03.15 15:30:00	-0.1	-0.4	2.3	2.4	3	US	USD
840200001	EIA Crude Oil Stocks Change	2023.03.15 17:30:00	1.55	0.064	-1.694	nan	3	US	USD
840070001	Philadelphia Fed Manufacturing Index	2023.03.16 15:30:00	-23.2	-14.0	-24.3	nan	3	US	USD
840140001	Initial Jobless Claims	2023.03.16 15:30:00	192.0	200.0	211.0	212.0	3	US	USD
840120001	Existing Home Sales	2023.03.21 17:00:00	4.58	4.31	4.0	nan	3	US	USD
840200001	EIA Crude Oil Stocks Change	2023.03.22 17:30:00	1.117	0.811	1.55	nan	3	US	USD
840050014	Fed Interest Rate Decision	2023.03.22 21:00:00	5.0	nan	4.75	nan	3	US	USD
840140001	Initial Jobless Claims	2023.03.23 15:30:00	191.0	201.0	192.0	nan	3	US	USD
840020008	New Home Sales	2023.03.23 17:00:00	0.64	0.64	0.67	0.633	3	US	USD
840020013	Durable Goods Orders m/m	2023.03.24 15:30:00	-1.0	0.3	-4.5	-5.0	3	US	USD
840500001	S&P Global Manufacturing PMI	2023.03.24 16:45:00	49.3	47.8	47.3	nan	3	US	USD
840500002	S&P Global Services PMI	2023.03.24 16:45:00	53.8	50.5	50.6	nan	3	US	USD
840180002	CB Consumer Confidence Index	2023.03.28 17:00:00	104.2	104.9	102.9	103.4	3	US	USD
840200001	EIA Crude Oil Stocks Change	2023.03.29 17:30:00	-7.489	1.272	1.117	nan	3	US	USD
840010007	GDP q/q	2023.03.30 15:30:00	2.6	2.7	2.7	nan	3	US	USD
840010018	GDP Sales q/q	2023.03.30 15:30:00	1.1	1.2	1.2	nan	3	US	USD
840140001	Initial Jobless Claims	2023.03.30 15:30:00	198.0	191.0	191.0	nan	3	US	USD
840010001	Core PCE Price Index m/m	2023.03.31 15:30:00	0.3	0.4	0.6	0.5	3	US	USD
840010002	Core PCE Price Index y/y	2023.03.31 15:30:00	4.6	4.4	4.7	nan	3	US	USD
840510001	MNI Chicago Business Barometer	2023.03.31 16:45:00	43.8	43.9	43.6	nan	3	US	USD
840500001	S&P Global Manufacturing PMI	2023.04.03 16:45:00	49.2	49.3	49.3	nan	3	US	USD
840040001	ISM Manufacturing PMI	2023.04.03 17:00:00	46.3	47.5	47.7	nan	3	US	USD
840040002	ISM Manufacturing Prices Paid	2023.04.03 17:00:00	49.2	53.8	51.3	nan	3	US	USD
840030021	JOLTS Job Openings	2023.04.04 17:00:00	9.931	0.783	10.824	10.563	3	US	USD
840190001	ADP Nonfarm Employment Change	2023.04.05 15:15:00	145.0	10.0	242.0	nan	3	US	USD
840500002	S&P Global Services PMI	2023.04.05 16:45:00	52.6	53.8	53.8	nan	3	US	USD
840040003	ISM Non-Manufacturing PMI	2023.04.05 17:00:00	51.2	55.2	55.1	nan	3	US	USD
840040008	ISM Non-Manufacturing Prices Paid	2023.04.05 17:00:00	59.5	65.2	65.6	nan	3	US	USD
840200001	EIA Crude Oil Stocks Change	2023.04.05 17:30:00	-3.739	0.146	-7.489	nan	3	US	USD
840140001	Initial Jobless Claims	2023.04.06 15:30:00	228.0	194.0	198.0	246.0	3	US	USD
840030015	Unemployment Rate	2023.04.07 15:30:00	3.5	3.5	3.6	nan	3	US	USD
840030016	Nonfarm Payrolls	2023.04.07 15:30:00	236.0	-8.0	311.0	326.0	3	US	USD
840030018	Average Hourly Earnings m/m	2023.04.07 15:30:00	0.3	0.4	0.2	nan	3	US	USD
840030005	CPI m/m	2023.04.12 15:30:00	0.1	0.2	0.4	nan	3	US	USD
840030006	Core CPI m/m	2023.04.12 15:30:00	0.4	0.5	0.5	nan	3	US	USD
840030007	CPI y/y	2023.04.12 15:30:00	5.0	6.1	6.0	nan	3	US	USD
840030034	Core CPI n.s.a. m/m	2023.04.12 15:30:00	0.5	nan	0.7	nan	3	US	USD
840030035	CPI	2023.04.12 15:30:00	301.81	302.678	301.648	nan	3	US	USD
840200001	EIA Crude Oil Stocks Change	2023.04.12 17:30:00	0.597	-3.82	-3.739	nan	3	US	USD
840220014	10-Year Note Auction	2023.04.12 20:00:00	3.455	nan	3.985	nan	3	US	USD
840030001	PPI m/m	2023.04.13 15:30:00	-0.5	0.1	-0.1	0.0	3	US	USD
840140001	Initial Jobless Claims	2023.04.13 15:30:00	239.0	213.0	228.0	nan	3	US	USD
840220015	30-Year Bond Auction	2023.04.13 20:00:00	3.661	nan	3.877	nan	3	US	USD
840020010	Retail Sales m/m	2023.04.14 15:30:00	-1.0	0.1	-0.4	-0.2	3	US	USD
840020011	Core Retail Sales m/m	2023.04.14 15:30:00	-0.8	0.2	-0.1	0.0	3	US	USD
840200001	EIA Crude Oil Stocks Change	2023.04.19 17:30:00	-4.581	-3.526	0.597	nan	3	US	USD
840070001	Philadelphia Fed Manufacturing Index	2023.04.20 15:30:00	-31.3	-15.4	-23.2	nan	3	US	USD
840140001	Initial Jobless Claims	2023.04.20 15:30:00	245.0	234.0	239.0	240.0	3	US	USD
840120001	Existing Home Sales	2023.04.20 17:00:00	4.44	4.94	4.58	4.55	3	US	USD
840500001	S&P Global Manufacturing PMI	2023.04.21 16:45:00	50.4	48.7	49.2	nan	3	US	USD
840500002	S&P Global Services PMI	2023.04.21 16:45:00	53.7	53.2	52.6	nan	3	US	USD
840020008	New Home Sales	2023.04.25 17:00:00	0.683	0.652	0.64	0.623	3	US	USD
840180002	CB Consumer Confidence Index	2023.04.25 17:00:00	101.3	103.5	104.2	104.0	3	US	USD
840020013	Durable Goods Orders m/m	2023.04.26 15:30:00	3.2	-0.3	-1.0	-1.2	3	US	USD
840200001	EIA Crude Oil Stocks Change	2023.04.26 17:30:00	-5.054	-3.064	-4.581	nan	3	US	USD
840010007	GDP q/q	2023.04.27 15:30:00	1.1	2.7	2.6	nan	3	US	USD
840010018	GDP Sales q/q	2023.04.27 15:30:00	3.4	0.9	1.1	nan	3	US	USD
840140001	Initial Jobless Claims	2023.04.27 15:30:00	230.0	242.0	245.0	246.0	3	US	USD
840010001	Core PCE Price Index m/m	2023.04.28 15:30:00	0.3	0.4	0.3	nan	3	US	USD
840010002	Core PCE Price Index y/y	2023.04.28 15:30:00	4.6	4.8	4.6	4.7	3	US	USD
840510001	MNI Chicago Business Barometer	2023.04.28 16:45:00	48.6	43.7	43.8	nan	3	US	USD
840500001	S&P Global Manufacturing PMI	2023.05.01 16:45:00	50.2	50.4	50.4	nan	3	US	USD
840040001	ISM Manufacturing PMI	2023.05.01 17:00:00	47.1	47.0	46.3	nan	3	US	USD
840040002	ISM Manufacturing Prices Paid	2023.05.01 17:00:00	53.2	52.3	49.2	nan	3	US	USD
840030021	JOLTS Job Openings	2023.05.02 17:00:00	9.59	-1.811	9.931	9.974	3	US	USD
840190001	ADP Nonfarm Employment Change	2023.05.03 15:15:00	296.0	-46.0	145.0	nan	3	US	USD
840500002	S&P Global Services PMI	2023.05.03 16:45:00	53.6	53.7	53.7	nan	3	US	USD
840040003	ISM Non-Manufacturing PMI	2023.05.03 17:00:00	51.9	53.1	51.2	nan	3	US	USD
840040008	ISM Non-Manufacturing Prices Paid	2023.05.03 17:00:00	59.6	59.9	59.5	nan	3	US	USD
840200001	EIA Crude Oil Stocks Change	2023.05.03 17:30:00	-1.281	-2.846	-5.054	nan	3	US	USD
840050014	Fed Interest Rate Decision	2023.05.03 21:00:00	5.25	nan	5.0	nan	3	US	USD
840140001	Initial Jobless Claims	2023.05.04 15:30:00	242.0	238.0	230.0	229.0	3	US	USD
840030015	Unemployment Rate	2023.05.05 15:30:00	3.4	3.5	3.5	nan	3	US	USD
840030016	Nonfarm Payrolls	2023.05.05 15:30:00	253.0	23.0	236.0	165.0	3	US	USD
840030018	Average Hourly Earnings m/m	2023.05.05 15:30:00	0.5	0.4	0.3	nan	3	US	USD
840030005	CPI m/m	2023.05.10 15:30:00	0.4	0.2	0.1	nan	3	US	USD
840030006	Core CPI m/m	2023.05.10 15:30:00	0.4	0.5	0.4	nan	3	US	USD
840030007	CPI y/y	2023.05.10 15:30:00	4.9	4.4	5.0	nan	3	US	USD
840030034	Core CPI n.s.a. m/m	2023.05.10 15:30:00	0.5	nan	0.5	nan	3	US	USD
840030035	CPI	2023.05.10 15:30:00	302.918	303.279	301.81	nan	3	US	USD
840200001	EIA Crude Oil Stocks Change	2023.05.10 17:30:00	2.951	-1.923	-1.281	nan	3	US	USD
840220014	10-Year Note Auction	2023.05.10 20:00:00	3.448	nan	3.455	nan	3	US	USD
840030001	PPI m/m	2023.05.11 15:30:00	0.2	0.0	-0.5	-0.4	3	US	USD
840140001	Initial Jobless Claims	2023.05.11 15:30:00	264.0	236.0	242.0	nan	3	US	USD
840220015	30-Year Bond Auction	2023.05.11 20:00:00	3.741	nan	3.661	nan	3	US	USD
840020010	Retail Sales m/m	2023.05.16 15:30:00	0.4	0.1	-1.0	-0.7	3	US	USD
840020011	Core Retail Sales m/m	2023.05.16 15:30:00	0.4	0.1	-0.8	-0.5	3	US	USD
840200001	EIA Crude Oil Stocks Change	2023.05.17 17:30:00	5.04	0.169	2.951	nan	3	US	USD
840070001	Philadelphia Fed Manufacturing Index	2023.05.18 15:30:00	-10.4	-18.0	-31.3	nan	3	US	USD
840140001	Initial Jobless Claims	2023.05.18 15:30:00	242.0	253.0	264.0	nan	3	US	USD
840120001	Existing Home Sales	2023.05.18 17:00:00	4.28	4.47	4.44	4.43	3	US	USD
840500001	S&P Global Manufacturing PMI	2023.05.23 16:45:00	48.5	50.0	50.2	nan	3	US	USD
840500002	S&P Global Services PMI	2023.05.23 16:45:00	55.1	53.6	53.6	nan	3	US	USD
840020008	New Home Sales	2023.05.23 17:00:00	0.683	0.659	0.683	0.656	3	US	USD
840200001	EIA Crude Oil Stocks Change	2023.05.24 17:30:00	-12.456	2.696	5.04	nan	3	US	USD
840010007	GDP q/q	2023.05.25 15:30:00	1.3	1.1	1.1	nan	3	US	USD
840010018	GDP Sales q/q	2023.05.25 15:30:00	3.4	3.4	3.4	nan	3	US	USD
840140001	Initial Jobless Claims	2023.05.25 15:30:00	229.0	253.0	242.0	225.0	3	US	USD
840020013	Durable Goods Orders m/m	2023.05.26 15:30:00	1.1	0.1	3.2	3.3	3	US	USD
840010001	Core PCE Price Index m/m	2023.05.26 15:30:00	0.4	0.4	0.3	nan	3	US	USD
840010002	Core PCE Price Index y/y	2023.05.26 15:30:00	4.7	5.0	4.6	nan	3	US	USD
840180002	CB Consumer Confidence Index	2023.05.30 17:00:00	102.3	102.7	101.3	103.7	3	US	USD
840510001	MNI Chicago Business Barometer	2023.05.31 16:45:00	40.4	46.2	48.6	nan	3	US	USD
840030021	JOLTS Job Openings	2023.05.31 17:00:00	10.103	9.283	9.59	9.745	3	US	USD
840190001	ADP Nonfarm Employment Change	2023.06.01 15:15:00	278.0	-22.0	296.0	nan	3	US	USD
840140001	Initial Jobless Claims	2023.06.01 15:30:00	232.0	236.0	229.0	230.0	3	US	USD
840500001	S&P Global Manufacturing PMI	2023.06.01 16:45:00	48.4	48.5	48.5	nan	3	US	USD
840040001	ISM Manufacturing PMI	2023.06.01 17:00:00	46.9	46.7	47.1	nan	3	US	USD
840040002	ISM Manufacturing Prices Paid	2023.06.01 17:00:00	44.2	53.5	53.2	nan	3	US	USD
840200001	EIA Crude Oil Stocks Change	2023.06.01 18:00:00	4.489	-1.101	-12.456	nan	3	US	USD
840030015	Unemployment Rate	2023.06.02 15:30:00	3.7	3.4	3.4	nan	3	US	USD
840030016	Nonfarm Payrolls	2023.06.02 15:30:00	339.0	1.0	253.0	294.0	3	US	USD
840030018	Average Hourly Earnings m/m	2023.06.02 15:30:00	0.3	0.4	0.5	0.4	3	US	USD
840500002	S&P Global Services PMI	2023.06.05 16:45:00	54.9	55.1	55.1	nan	3	US	USD
840040003	ISM Non-Manufacturing PMI	2023.06.05 17:00:00	50.3	51.5	51.9	nan	3	US	USD
840040008	ISM Non-Manufacturing Prices Paid	2023.06.05 17:00:00	56.2	57.8	59.6	nan	3	US	USD
840200001	EIA Crude Oil Stocks Change	2023.06.07 17:30:00	-0.452	1.152	4.489	nan	3	US	USD
840140001	Initial Jobless Claims	2023.06.08 15:30:00	261.0	231.0	232.0	233.0	3	US	USD
840220014	10-Year Note Auction	2023.06.12 20:00:00	3.791	nan	3.448	nan	3	US	USD
840030005	CPI m/m	2023.06.13 15:30:00	0.1	0.2	0.4	nan	3	US	USD
840030006	Core CPI m/m	2023.06.13 15:30:00	0.4	0.4	0.4	nan	3	US	USD
840030007	CPI y/y	2023.06.13 15:30:00	4.0	4.2	4.9	nan	3	US	USD
840030034	Core CPI n.s.a. m/m	2023.06.13 15:30:00	0.4	nan	0.5	nan	3	US	USD
840030035	CPI	2023.06.13 15:30:00	303.294	303.7	302.918	nan	3	US	USD
840220015	30-Year Bond Auction	2023.06.13 20:00:00	3.908	nan	3.741	nan	3	US	USD
840030001	PPI m/m	2023.06.14 15:30:00	-0.3	0.0	0.2	nan	3	US	USD
840200001	EIA Crude Oil Stocks Change	2023.06.14 17:30:00	7.919	1.482	-0.452	nan	3	US	USD
840050014	Fed Interest Rate Decision	2023.06.14 21:00:00	5.25	nan	5.25	nan	3	US	USD
840020010	Retail Sales m/m	2023.06.15 15:30:00	0.3	-0.1	0.4	nan	3	US	USD
840020011	Core Retail Sales m/m	2023.06.15 15:30:00	0.1	-0.3	0.4	nan	3	US	USD
840070001	Philadelphia Fed Manufacturing Index	2023.06.15 15:30:00	-13.7	-19.4	-10.4	nan	3	US	USD
840140001	Initial Jobless Claims	2023.06.15 15:30:00	262.0	247.0	261.0	262.0	3	US	USD
840140001	Initial Jobless Claims	2023.06.22 15:30:00	264.0	262.0	262.0	264.0	3	US	USD
840120001	Existing Home Sales	2023.06.22 17:00:00	4.3	3.93	4.28	4.29	3	US	USD
840200001	EIA Crude Oil Stocks Change	2023.06.22 18:00:00	-3.831	1.873	7.919	nan	3	US	USD
840500001	S&P Global Manufacturing PMI	2023.06.23 16:45:00	46.3	47.9	48.4	nan	3	US	USD
840500002	S&P Global Services PMI	2023.06.23 16:45:00	54.1	55.0	54.9	nan	3	US	USD
840020013	Durable Goods Orders m/m	2023.06.27 15:30:00	1.7	0.2	1.1	1.2	3	US	USD
840020008	New Home Sales	2023.06.27 17:00:00	0.763	0.681	0.683	0.68	3	US	USD
840180002	CB Consumer Confidence Index	2023.06.27 17:00:00	109.7	101.7	102.3	102.5	3	US	USD
840200001	EIA Crude Oil Stocks Change	2023.06.28 17:30:00	-9.603	1.415	-3.831	nan	3	US	USD
840010007	GDP q/q	2023.06.29 15:30:00	2.0	1.3	1.3	nan	3	US	USD
840010018	GDP Sales q/q	2023.06.29 15:30:00	4.2	3.4	3.4	nan	3	US	USD
840140001	Initial Jobless Claims	2023.06.29 15:30:00	239.0	263.0	264.0	265.0	3	US	USD
840010001	Core PCE Price Index m/m	2023.06.30 15:30:00	0.3	0.4	0.4	nan	3	US	USD
840010002	Core PCE Price Index y/y	2023.06.30 15:30:00	4.6	5.0	4.7	nan	3	US	USD
840510001	MNI Chicago Business Barometer	2023.06.30 16:45:00	41.5	44.5	40.4	nan	3	US	USD
840500001	S&P Global Manufacturing PMI	2023.07.03 16:45:00	46.3	46.3	46.3	nan	3	US	USD
840040001	ISM Manufacturing PMI	2023.07.03 17:00:00	46.0	47.0	46.9	nan	3	US	USD
840040002	ISM Manufacturing Prices Paid	2023.07.03 17:00:00	41.8	41.1	44.2	nan	3	US	USD
840190001	ADP Nonfarm Employment Change	2023.07.06 15:15:00	497.0	4.0	278.0	nan	3	US	USD
840140001	Initial Jobless Claims	2023.07.06 15:30:00	248.0	252.0	239.0	236.0	3	US	USD
840500002	S&P Global Services PMI	2023.07.06 16:45:00	54.4	54.1	54.1	nan	3	US	USD
840040003	ISM Non-Manufacturing PMI	2023.07.06 17:00:00	53.9	51.1	50.3	nan	3	US	USD
840040008	ISM Non-Manufacturing Prices Paid	2023.07.06 17:00:00	54.1	53.3	56.2	nan	3	US	USD
840030021	JOLTS Job Openings	2023.07.06 17:00:00	9.824	9.954	10.103	10.32	3	US	USD
840200001	EIA Crude Oil Stocks Change	2023.07.06 18:00:00	-1.508	-0.729	-9.603	nan	3	US	USD
840030015	Unemployment Rate	2023.07.07 15:30:00	3.6	3.5	3.7	nan	3	US	USD
840030016	Nonfarm Payrolls	2023.07.07 15:30:00	209.0	-19.0	339.0	306.0	3	US	USD
840030018	Average Hourly Earnings m/m	2023.07.07 15:30:00	0.4	0.4	0.3	0.4	3	US	USD
840030005	CPI m/m	2023.07.12 15:30:00	0.2	0.2	0.1	nan	3	US	USD
840030006	Core CPI m/m	2023.07.12 15:30:00	0.2	0.4	0.4	nan	3	US	USD
840030007	CPI y/y	2023.07.12 15:30:00	3.0	3.2	4.0	nan	3	US	USD
840030034	Core CPI n.s.a. m/m	2023.07.12 15:30:00	0.3	nan	0.4	nan	3	US	USD
840030035	CPI	2023.07.12 15:30:00	303.841	303.673	303.294	nan	3	US	USD
840200001	EIA Crude Oil Stocks Change	2023.07.12 17:30:00	5.946	-2.156	-1.508	nan	3	US	USD
840220014	10-Year Note Auction	2023.07.12 20:00:00	3.857	nan	3.791	nan	3	US	USD
840030001	PPI m/m	2023.07.13 15:30:00	0.1	-0.1	-0.3	-0.4	3	US	USD
840140001	Initial Jobless Claims	2023.07.13 15:30:00	237.0	244.0	248.0	249.0	3	US	USD
840220015	30-Year Bond Auction	2023.07.13 20:00:00	3.91	nan	3.908	nan	3	US	USD
840020010	Retail Sales m/m	2023.07.18 15:30:00	0.2	0.0	0.3	0.5	3	US	USD
840020011	Core Retail Sales m/m	2023.07.18 15:30:00	0.2	0.4	0.1	0.3	3	US	USD
840200001	EIA Crude Oil Stocks Change	2023.07.19 17:30:00	-0.708	-0.905	5.946	nan	3	US	USD
840070001	Philadelphia Fed Manufacturing Index	2023.07.20 15:30:00	-13.5	-18.3	-13.7	nan	3	US	USD
840140001	Initial Jobless Claims	2023.07.20 15:30:00	228.0	243.0	237.0	nan	3	US	USD
840120001	Existing Home Sales	2023.07.20 17:00:00	4.16	4.29	4.3	nan	3	US	USD
840500001	S&P Global Manufacturing PMI	2023.07.24 16:45:00	49.0	45.4	46.3	nan	3	US	USD
840500002	S&P Global Services PMI	2023.07.24 16:45:00	52.4	54.2	54.4	nan	3	US	USD
840180002	CB Consumer Confidence Index	2023.07.25 17:00:00	117.0	106.0	109.7	110.1	3	US	USD
840020008	New Home Sales	2023.07.26 17:00:00	0.697	0.721	0.763	0.715	3	US	USD
840200001	EIA Crude Oil Stocks Change	2023.07.26 17:30:00	-0.6	0.229	-0.708	nan	3	US	USD
840050014	Fed Interest Rate Decision	2023.07.26 21:00:00	5.5	nan	5.25	nan	3	US	USD
840020013	Durable Goods Orders m/m	2023.07.27 15:30:00	4.7	-0.4	1.7	2.0	3	US	USD
840010007	GDP q/q	2023.07.27 15:30:00	2.4	1.6	2.0	nan	3	US	USD
840010018	GDP Sales q/q	2023.07.27 15:30:00	2.3	2.5	4.2	nan	3	US	USD
840140001	Initial Jobless Claims	2023.07.27 15:30:00	221.0	233.0	228.0	nan	3	US	USD
840010001	Core PCE Price Index m/m	2023.07.28 15:30:00	0.2	0.4	0.3	nan	3	US	USD
840010002	Core PCE Price Index y/y	2023.07.28 15:30:00	4.1	4.8	4.6	nan	3	US	USD
840510001	MNI Chicago Business Barometer	2023.07.31 16:45:00	42.8	40.9	41.5	nan	3	US	USD
840500001	S&P Global Manufacturing PMI	2023.08.01 16:45:00	49.0	49.0	49.0	nan	3	US	USD
840040001	ISM Manufacturing PMI	2023.08.01 17:00:00	46.4	46.4	46.0	nan	3	US	USD
840040002	ISM Manufacturing Prices Paid	2023.08.01 17:00:00	42.6	36.5	41.8	nan	3	US	USD
840030021	JOLTS Job Openings	2023.08.01 17:00:00	9.582	10.063	9.824	9.616	3	US	USD
840190001	ADP Nonfarm Employment Change	2023.08.02 15:15:00	324.0	16.0	497.0	nan	3	US	USD
840200001	EIA Crude Oil Stocks Change	2023.08.02 17:30:00	-17.049	-0.071	-0.6	nan	3	US	USD
840140001	Initial Jobless Claims	2023.08.03 15:30:00	227.0	225.0	221.0	nan	3	US	USD
840500002	S&P Global Services PMI	2023.08.03 16:45:00	52.3	52.4	52.4	nan	3	US	USD
840040003	ISM Non-Manufacturing PMI	2023.08.03 17:00:00	52.7	52.1	53.9	nan	3	US	USD
840040008	ISM Non-Manufacturing Prices Paid	2023.08.03 17:00:00	56.8	52.1	54.1	nan	3	US	USD
840030015	Unemployment Rate	2023.08.04 15:30:00	3.5	3.6	3.6	nan	3	US	USD
840030016	Nonfarm Payrolls	2023.08.04 15:30:00	187.0	-1.0	209.0	185.0	3	US	USD
840030018	Average Hourly Earnings m/m	2023.08.04 15:30:00	0.4	0.4	0.4	nan	3	US	USD
840200001	EIA Crude Oil Stocks Change	2023.08.09 17:30:00	5.851	-4.635	-17.049	nan	3	US	USD
840220014	10-Year Note Auction	2023.08.09 20:00:00	3.999	nan	3.857	nan	3	US	USD
840030005	CPI m/m	2023.08.10 15:30:00	0.2	0.2	0.2	nan	3	US	USD
840030006	Core CPI m/m	2023.08.10 15:30:00	0.2	0.4	0.2	nan	3	US	USD
840030007	CPI y/y	2023.08.10 15:30:00	3.2	2.2	3.0	nan	3	US	USD
840030034	Core CPI n.s.a. m/m	2023.08.10 15:30:00	0.2	nan	0.3	nan	3	US	USD
840030035	CPI	2023.08.10 15:30:00	304.348	304.108	303.841	nan	3	US	USD
840140001	Initial Jobless Claims	2023.08.10 15:30:00	248.0	224.0	227.0	nan	3	US	USD
840220015	30-Year Bond Auction	2023.08.10 20:00:00	4.189	nan	3.91	nan	3	US	USD
840030001	PPI m/m	2023.08.11 15:30:00	0.3	-0.1	0.1	0.0	3	US	USD
840020010	Retail Sales m/m	2023.08.15 15:30:00	0.7	0.0	0.2	0.3	3	US	USD
840020011	Core Retail Sales m/m	2023.08.15 15:30:00	1.0	-0.3	0.2	nan	3	US	USD
840200001	EIA Crude Oil Stocks Change	2023.08.16 17:30:00	-5.96	-2.456	5.851	nan	3	US	USD
840070001	Philadelphia Fed Manufacturing Index	2023.08.17 15:30:00	12.0	-16.7	-13.5	nan	3	US	USD
840140001	Initial Jobless Claims	2023.08.17 15:30:00	239.0	238.0	248.0	250.0	3	US	USD
840120001	Existing Home Sales	2023.08.22 17:00:00	4.07	4.41	4.16	nan	3	US	USD
840500001	S&P Global Manufacturing PMI	2023.08.23 16:45:00	47.0	50.3	49.0	nan	3	US	USD
840500002	S&P Global Services PMI	2023.08.23 16:45:00	51.0	52.3	52.3	nan	3	US	USD
840020008	New Home Sales	2023.08.23 17:00:00	0.714	0.728	0.697	0.684	3	US	USD
840200001	EIA Crude Oil Stocks Change	2023.08.23 17:30:00	-6.134	-2.299	-5.96	nan	3	US	USD
840020013	Durable Goods Orders m/m	2023.08.24 15:30:00	-5.2	0.3	4.7	4.4	3	US	USD
840140001	Initial Jobless Claims	2023.08.24 15:30:00	230.0	244.0	239.0	240.0	3	US	USD
840030021	JOLTS Job Openings	2023.08.29 17:00:00	8.827	9.793	9.582	9.165	3	US	USD
840180002	CB Consumer Confidence Index	2023.08.29 17:00:00	106.1	113.4	117.0	114.0	3	US	USD
840190001	ADP Nonfarm Employment Change	2023.08.30 15:15:00	177.0	13.0	324.0	nan	3	US	USD
840010007	GDP q/q	2023.08.30 15:30:00	2.1	2.4	2.4	nan	3	US	USD
840010018	GDP Sales q/q	2023.08.30 15:30:00	2.2	2.3	2.3	nan	3	US	USD
840200001	EIA Crude Oil Stocks Change	2023.08.30 17:30:00	-10.584	-2.921	-6.134	nan	3	US	USD
840010001	Core PCE Price Index m/m	2023.08.31 15:30:00	0.2	0.4	0.2	nan	3	US	USD
840010002	Core PCE Price Index y/y	2023.08.31 15:30:00	4.2	4.1	4.1	nan	3	US	USD
840140001	Initial Jobless Claims	2023.08.31 15:30:00	228.0	235.0	230.0	232.0	3	US	USD
840510001	MNI Chicago Business Barometer	2023.08.31 16:45:00	48.7	42.1	42.8	nan	3	US	USD
840030015	Unemployment Rate	2023.09.01 15:30:00	3.8	3.5	3.5	nan	3	US	USD
840030016	Nonfarm Payrolls	2023.09.01 15:30:00	187.0	12.0	187.0	157.0	3	US	USD
840030018	Average Hourly Earnings m/m	2023.09.01 15:30:00	0.2	0.4	0.4	nan	3	US	USD
840500001	S&P Global Manufacturing PMI	2023.09.01 16:45:00	47.9	47.0	47.0	nan	3	US	USD
840040001	ISM Manufacturing PMI	2023.09.01 17:00:00	47.6	46.2	46.4	nan	3	US	USD
840040002	ISM Manufacturing Prices Paid	2023.09.01 17:00:00	48.4	40.5	42.6	nan	3	US	USD
840500002	S&P Global Services PMI	2023.09.06 16:45:00	50.5	51.0	51.0	nan	3	US	USD
840040003	ISM Non-Manufacturing PMI	2023.09.06 17:00:00	54.5	53.3	52.7	nan	3	US	USD
840040008	ISM Non-Manufacturing Prices Paid	2023.09.06 17:00:00	58.9	55.1	56.8	nan	3	US	USD
840140001	Initial Jobless Claims	2023.09.07 15:30:00	216.0	229.0	228.0	229.0	3	US	USD
840200001	EIA Crude Oil Stocks Change	2023.09.07 18:00:00	-6.307	-3.088	-10.584	nan	3	US	USD
840220014	10-Year Note Auction	2023.09.12 20:00:00	4.289	nan	3.999	nan	3	US	USD
840030005	CPI m/m	2023.09.13 15:30:00	0.6	0.2	0.2	nan	3	US	USD
840030006	Core CPI m/m	2023.09.13 15:30:00	0.3	0.4	0.2	nan	3	US	USD
840030007	CPI y/y	2023.09.13 15:30:00	3.7	3.9	3.2	nan	3	US	USD
840030034	Core CPI n.s.a. m/m	2023.09.13 15:30:00	0.2	nan	0.2	nan	3	US	USD
840030035	CPI	2023.09.13 15:30:00	306.269	305.058	304.348	nan	3	US	USD
840200001	EIA Crude Oil Stocks Change	2023.09.13 17:30:00	3.955	-5.761	-6.307	nan	3	US	USD
840220015	30-Year Bond Auction	2023.09.13 20:00:00	4.345	nan	4.189	nan	3	US	USD
840030001	PPI m/m	2023.09.14 15:30:00	0.7	0.0	0.3	0.4	3	US	USD
840020010	Retail Sales m/m	2023.09.14 15:30:00	0.6	0.0	0.7	0.5	3	US	USD
840020011	Core Retail Sales m/m	2023.09.14 15:30:00	0.6	0.2	1.0	0.7	3	US	USD
840140001	Initial Jobless Claims	2023.09.14 15:30:00	220.0	222.0	216.0	217.0	3	US	USD
840200001	EIA Crude Oil Stocks Change	2023.09.20 17:30:00	-2.136	-3.452	3.955	nan	3	US	USD
840050014	Fed Interest Rate Decision	2023.09.20 21:00:00	5.5	nan	5.5	nan	3	US	USD
840070001	Philadelphia Fed Manufacturing Index	2023.09.21 15:30:00	-13.5	-11.8	12.0	nan	3	US	USD
840140001	Initial Jobless Claims	2023.09.21 15:30:00	201.0	218.0	220.0	221.0	3	US	USD
840120001	Existing Home Sales	2023.09.21 17:00:00	4.04	4.03	4.07	nan	3	US	USD
840500001	S&P Global Manufacturing PMI	2023.09.22 16:45:00	48.9	48.1	47.9	nan	3	US	USD
840500002	S&P Global Services PMI	2023.09.22 16:45:00	50.2	50.7	50.5	nan	3	US	USD
840020008	New Home Sales	2023.09.26 17:00:00	0.675	0.703	0.714	0.739	3	US	USD
840180002	CB Consumer Confidence Index	2023.09.26 17:00:00	103.0	111.5	106.1	108.7	3	US	USD
840020013	Durable Goods Orders m/m	2023.09.27 15:30:00	0.2	-0.1	-5.2	-5.6	3	US	USD
840200001	EIA Crude Oil Stocks Change	2023.09.27 17:30:00	-2.169	-2.013	-2.136	nan	3	US	USD
840010007	GDP q/q	2023.09.28 15:30:00	2.1	2.1	2.1	nan	3	US	USD
840010018	GDP Sales q/q	2023.09.28 15:30:00	2.1	2.2	2.2	nan	3	US	USD
840140001	Initial Jobless Claims	2023.09.28 15:30:00	204.0	210.0	201.0	202.0	3	US	USD
840010001	Core PCE Price Index m/m	2023.09.29 15:30:00	0.1	0.3	0.2	0.2	3	US	USD
840010002	Core PCE Price Index y/y	2023.09.29 15:30:00	3.9	3.8	4.2	4.3	3	US	USD
840510001	MNI Chicago Business Barometer	2023.09.29 16:45:00	44.1	45.8	48.7	nan	3	US	USD
840500001	S&P Global Manufacturing PMI	2023.10.02 16:45:00	49.8	48.9	48.9	nan	3	US	USD
840040001	ISM Manufacturing PMI	2023.10.02 17:00:00	49.0	47.0	47.6	nan	3	US	USD
840040002	ISM Manufacturing Prices Paid	2023.10.02 17:00:00	43.8	50.6	48.4	nan	3	US	USD
840030021	JOLTS Job Openings	2023.10.03 17:00:00	9.61	9.272	8.827	8.92	3	US	USD
840190001	ADP Nonfarm Employment Change	2023.10.04 15:15:00	89.0	2.0	177.0	nan	3	US	USD
840500002	S&P Global Services PMI	2023.10.04 16:45:00	50.1	50.2	50.2	nan	3	US	USD
840040003	ISM Non-Manufacturing PMI	2023.10.04 17:00:00	53.6	53.6	54.5	nan	3	US	USD
840040008	ISM Non-Manufacturing Prices Paid	2023.10.04 17:00:00	58.9	60.1	58.9	nan	3	US	USD
840200001	EIA Crude Oil Stocks Change	2023.10.04 17:30:00	-2.224	-1.508	-2.169	nan	3	US	USD
840140001	Initial Jobless Claims	2023.10.05 15:30:00	207.0	203.0	204.0	205.0	3	US	USD
840030015	Unemployment Rate	2023.10.06 15:30:00	3.8	3.6	3.8	nan	3	US	USD
840030016	Nonfarm Payrolls	2023.10.06 15:30:00	336.0	1.0	187.0	227.0	3	US	USD
840030018	Average Hourly Earnings m/m	2023.10.06 15:30:00	0.2	0.4	0.2	nan	3	US	USD
840030001	PPI m/m	2023.10.11 15:30:00	0.5	0.1	0.7	nan	3	US	USD
840220014	10-Year Note Auction	2023.10.11 20:00:00	4.61	nan	4.289	nan	3	US	USD
840030005	CPI m/m	2023.10.12 15:30:00	0.4	0.2	0.6	nan	3	US	USD
840030006	Core CPI m/m	2023.10.12 15:30:00	0.3	0.4	0.3	nan	3	US	USD
840030007	CPI y/y	2023.10.12 15:30:00	3.7	4.2	3.7	nan	3	US	USD
840030034	Core CPI n.s.a. m/m	2023.10.12 15:30:00	0.2	nan	0.2	nan	3	US	USD
840030035	CPI	2023.10.12 15:30:00	307.481	307.389	306.269	nan	3	US	USD
840140001	Initial Jobless Claims	2023.10.12 15:30:00	209.0	205.0	207.0	209.0	3	US	USD
840200001	EIA Crude Oil Stocks Change	2023.10.12 18:00:00	10.176	-1.59	-2.224	nan	3	US	USD
840220015	30-Year Bond Auction	2023.10.12 20:00:00	4.837	nan	4.345	nan	3	US	USD
840020010	Retail Sales m/m	2023.10.17 15:30:00	0.7	0.0	0.6	0.8	3	US	USD
840020011	Core Retail Sales m/m	2023.10.17 15:30:00	0.6	0.0	0.6	0.9	3	US	USD
840200001	EIA Crude Oil Stocks Change	2023.10.18 17:30:00	-4.491	0.57	10.176	nan	3	US	USD
840070001	Philadelphia Fed Manufacturing Index	2023.10.19 15:30:00	-9.0	-6.7	-13.5	nan	3	US	USD
840140001	Initial Jobless Claims	2023.10.19 15:30:00	198.0	208.0	209.0	211.0	3	US	USD
840120001	Existing Home Sales	2023.10.19 17:00:00	3.96	3.83	4.04	nan	3	US	USD
840500001	S&P Global Manufacturing PMI	2023.10.24 16:45:00	50.0	48.4	49.8	nan	3	US	USD
840500002	S&P Global Services PMI	2023.10.24 16:45:00	50.9	50.1	50.1	nan	3	US	USD
840020008	New Home Sales	2023.10.25 17:00:00	0.759	0.692	0.675	0.676	3	US	USD
840200001	EIA Crude Oil Stocks Change	2023.10.25 17:30:00	1.372	1.388	-4.491	nan	3	US	USD
840020013	Durable Goods Orders m/m	2023.10.26 15:30:00	4.7	-0.2	0.2	-0.1	3	US	USD
840010007	GDP q/q	2023.10.26 15:30:00	4.9	2.1	2.1	nan	3	US	USD
840010018	GDP Sales q/q	2023.10.26 15:30:00	3.5	2.8	2.1	nan	3	US	USD
840140001	Initial Jobless Claims	2023.10.26 15:30:00	210.0	203.0	198.0	200.0	3	US	USD
840010001	Core PCE Price Index m/m	2023.10.27 15:30:00	0.3	-0.4	0.1	0.1	3	US	USD
840010002	Core PCE Price Index y/y	2023.10.27 15:30:00	3.7	-7.3	3.9	3.8	3	US	USD
840510001	MNI Chicago Business Barometer	2023.10.31 16:45:00	44.0	46.4	44.1	nan	3	US	USD
840180002	CB Consumer Confidence Index	2023.10.31 17:00:00	102.6	104.5	103.0	104.3	3	US	USD
840190001	ADP Nonfarm Employment Change	2023.11.01 15:15:00	113.0	-9.0	89.0	nan	3	US	USD
840500001	S&P Global Manufacturing PMI	2023.11.01 16:45:00	50.0	50.0	50.0	50.0	3	US	USD
840040001	ISM Manufacturing PMI	2023.11.01 17:00:00	46.7	48.3	49.0	nan	3	US	USD
840040002	ISM Manufacturing Prices Paid	2023.11.01 17:00:00	45.1	50.3	43.8	nan	3	US	USD
840030021	JOLTS Job Openings	2023.11.01 17:00:00	9.553	8.977	9.61	9.497	3	US	USD
840200001	EIA Crude Oil Stocks Change	2023.11.01 17:30:00	0.773	2.18	1.372	nan	3	US	USD
840050014	Fed Interest Rate Decision	2023.11.01 21:00:00	5.5	nan	5.5	nan	3	US	USD
840140001	Initial Jobless Claims	2023.11.02 15:30:00	217.0	214.0	210.0	212.0	3	US	USD
840030015	Unemployment Rate	2023.11.03 15:30:00	3.9	3.8	3.8	nan	3	US	USD
840030016	Nonfarm Payrolls	2023.11.03 15:30:00	150.0	-8.0	336.0	297.0	3	US	USD
840030018	Average Hourly Earnings m/m	2023.11.03 15:30:00	0.2	0.4	0.2	0.3	3	US	USD
840500002	S&P Global Services PMI	2023.11.03 16:45:00	50.6	50.9	50.9	nan	3	US	USD
840040003	ISM Non-Manufacturing PMI	2023.11.03 17:00:00	51.8	54.0	53.6	nan	3	US	USD
840040008	ISM Non-Manufacturing Prices Paid	2023.11.03 17:00:00	58.6	63.2	58.9	nan	3	US	USD
840200001	EIA Crude Oil Stocks Change	2023.11.08 18:30:00	13.869	2.262	0.773	nan	3	US	USD
840220014	10-Year Note Auction	2023.11.08 21:00:00	4.519	nan	4.61	nan	3	US	USD
840140001	Initial Jobless Claims	2023.11.09 16:30:00	217.0	210.0	217.0	220.0	3	US	USD
840220015	30-Year Bond Auction	2023.11.09 21:00:00	4.769	nan	4.837	nan	3	US	USD
840030005	CPI m/m	2023.11.14 16:30:00	0.0	0.2	0.4	nan	3	US	USD
840030006	Core CPI m/m	2023.11.14 16:30:00	0.2	0.3	0.3	nan	3	US	USD
840030007	CPI y/y	2023.11.14 16:30:00	3.2	3.1	3.7	nan	3	US	USD
840030034	Core CPI n.s.a. m/m	2023.11.14 16:30:00	0.2	nan	0.2	nan	3	US	USD
840030035	CPI	2023.11.14 16:30:00	307.619	309.017	307.481	nan	3	US	USD
840030001	PPI m/m	2023.11.15 16:30:00	-0.5	0.3	0.5	0.4	3	US	USD
840020010	Retail Sales m/m	2023.11.15 16:30:00	-0.1	0.0	0.7	0.9	3	US	USD
840020011	Core Retail Sales m/m	2023.11.15 16:30:00	0.1	-0.2	0.6	0.8	3	US	USD
840200001	EIA Crude Oil Stocks Change	2023.11.15 18:30:00	3.592	nan	13.869	nan	3	US	USD
840070001	Philadelphia Fed Manufacturing Index	2023.11.16 16:30:00	-5.9	-4.8	-9.0	nan	3	US	USD
840140001	Initial Jobless Claims	2023.11.16 16:30:00	231.0	215.0	217.0	218.0	3	US	USD
840120001	Existing Home Sales	2023.11.21 18:00:00	3.79	3.88	3.96	3.95	3	US	USD
840020013	Durable Goods Orders m/m	2023.11.22 16:30:00	-5.4	0.2	4.7	4.0	3	US	USD
840140001	Initial Jobless Claims	2023.11.22 16:30:00	209.0	228.0	231.0	233.0	3	US	USD
840200001	EIA Crude Oil Stocks Change	2023.11.22 18:30:00	8.7	1.915	3.592	nan	3	US	USD
840500001	S&P Global Manufacturing PMI	2023.11.24 17:45:00	49.4	nan	50.0	nan	3	US	USD
840500002	S&P Global Services PMI	2023.11.24 17:45:00	50.8	50.7	50.6	nan	3	US	USD
840020008	New Home Sales	2023.11.27 18:00:00	0.679	0.716	0.759	0.719	3	US	USD
840180002	CB Consumer Confidence Index	2023.11.28 18:00:00	102.0	102.7	102.6	99.1	3	US	USD
840010007	GDP q/q	2023.11.29 16:30:00	5.2	4.9	4.9	nan	3	US	USD
840010018	GDP Sales q/q	2023.11.29 16:30:00	3.7	3.5	3.5	nan	3	US	USD
840200001	EIA Crude Oil Stocks Change	2023.11.29 18:30:00	1.61	1.726	8.7	nan	3	US	USD
840010001	Core PCE Price Index m/m	2023.11.30 16:30:00	0.2	0.7	0.3	0.4	3	US	USD
840010002	Core PCE Price Index y/y	2023.11.30 16:30:00	3.5	-12.5	3.7	3.7	3	US	USD
840140001	Initial Jobless Claims	2023.11.30 16:30:00	218.0	221.0	209.0	211.0	3	US	USD
840510001	MNI Chicago Business Barometer	2023.11.30 17:45:00	55.8	43.9	44.0	nan	3	US	USD
840500001	S&P Global Manufacturing PMI	2023.12.01 17:45:00	49.4	49.4	49.4	nan	3	US	USD
840040001	ISM Manufacturing PMI	2023.12.01 18:00:00	46.7	47.8	46.7	nan	3	US	USD
840040002	ISM Manufacturing Prices Paid	2023.12.01 18:00:00	49.9	44.7	45.1	nan	3	US	USD
840500002	S&P Global Services PMI	2023.12.05 17:45:00	50.8	50.8	50.8	nan	3	US	USD
840040003	ISM Non-Manufacturing PMI	2023.12.05 18:00:00	52.7	52.7	51.8	nan	3	US	USD
840040008	ISM Non-Manufacturing Prices Paid	2023.12.05 18:00:00	58.3	63.5	58.6	nan	3	US	USD
840030021	JOLTS Job Openings	2023.12.05 18:00:00	8.733	9.286	9.553	9.35	3	US	USD
840190001	ADP Nonfarm Employment Change	2023.12.06 16:15:00	103.0	-13.0	113.0	nan	3	US	USD
840200001	EIA Crude Oil Stocks Change	2023.12.06 18:30:00	-4.633	-0.45	1.61	nan	3	US	USD
840140001	Initial Jobless Claims	2023.12.07 16:30:00	220.0	217.0	218.0	219.0	3	US	USD
840030015	Unemployment Rate	2023.12.08 16:30:00	3.7	3.8	3.9	nan	3	US	USD
840030016	Nonfarm Payrolls	2023.12.08 16:30:00	199.0	-3.0	150.0	nan	3	US	USD
840030018	Average Hourly Earnings m/m	2023.12.08 16:30:00	0.4	0.4	0.2	nan	3	US	USD
840220014	10-Year Note Auction	2023.12.11 21:00:00	4.296	nan	4.519	nan	3	US	USD
840030005	CPI m/m	2023.12.12 16:30:00	0.1	0.2	0.0	nan	3	US	USD
840030006	Core CPI m/m	2023.12.12 16:30:00	0.3	0.3	0.2	nan	3	US	USD
840030007	CPI y/y	2023.12.12 16:30:00	3.1	2.7	3.2	nan	3	US	USD
840030034	Core CPI n.s.a. m/m	2023.12.12 16:30:00	0.1	nan	0.2	nan	3	US	USD
840030035	CPI	2023.12.12 16:30:00	307.917	308.915	307.619	nan	3	US	USD
840220015	30-Year Bond Auction	2023.12.12 21:00:00	4.344	nan	4.769	nan	3	US	USD
840030001	PPI m/m	2023.12.13 16:30:00	0.0	0.3	-0.5	-0.4	3	US	USD
840200001	EIA Crude Oil Stocks Change	2023.12.13 18:30:00	-4.258	-0.069	-4.633	nan	3	US	USD
840050014	Fed Interest Rate Decision	2023.12.13 22:00:00	5.5	nan	5.5	nan	3	US	USD
840020010	Retail Sales m/m	2023.12.14 16:30:00	0.3	0.0	-0.1	-0.2	3	US	USD
840020011	Core Retail Sales m/m	2023.12.14 16:30:00	0.2	0.2	0.1	0.0	3	US	USD
840140001	Initial Jobless Claims	2023.12.14 16:30:00	202.0	213.0	220.0	221.0	3	US	USD
840500001	S&P Global Manufacturing PMI	2023.12.15 17:45:00	48.2	49.7	49.4	nan	3	US	USD
840500002	S&P Global Services PMI	2023.12.15 17:45:00	51.3	50.8	50.8	nan	3	US	USD
840120001	Existing Home Sales	2023.12.20 18:00:00	3.82	3.79	3.79	nan	3	US	USD
840180002	CB Consumer Confidence Index	2023.12.20 18:00:00	110.7	102.3	102.0	101.0	3	US	USD
840200001	EIA Crude Oil Stocks Change	2023.12.20 18:30:00	2.909	1.263	-4.258	nan	3	US	USD
840070001	Philadelphia Fed Manufacturing Index	2023.12.21 16:30:00	-10.5	-2.1	-5.9	nan	3	US	USD
840010007	GDP q/q	2023.12.21 16:30:00	5.2	5.2	5.2	nan	3	US	USD
840010018	GDP Sales q/q	2023.12.21 16:30:00	3.7	3.7	3.7	nan	3	US	USD
840140001	Initial Jobless Claims	2023.12.21 16:30:00	205.0	202.0	202.0	203.0	3	US	USD
840020013	Durable Goods Orders m/m	2023.12.22 16:30:00	5.4	0.3	-5.4	-5.1	3	US	USD
840010001	Core PCE Price Index m/m	2023.12.22 16:30:00	0.1	0.1	0.2	0.1	3	US	USD
840010002	Core PCE Price Index y/y	2023.12.22 16:30:00	3.2	4.5	3.5	3.4	3	US	USD
840020008	New Home Sales	2023.12.22 18:00:00	0.59	0.717	0.679	0.672	3	US	USD
840140001	Initial Jobless Claims	2023.12.28 16:30:00	218.0	198.0	205.0	206.0	3	US	USD
840200001	EIA Crude Oil Stocks Change	2023.12.28 19:00:00	-7.114	0.809	2.909	nan	3	US	USD
840510001	MNI Chicago Business Barometer	2023.12.29 17:45:00	46.9	49.9	55.8	nan	3	US	USD
840500001	S&P Global Manufacturing PMI	2024.01.02 17:45:00	47.9	48.2	48.2	nan	3	US	USD
840040001	ISM Manufacturing PMI	2024.01.03 18:00:00	47.4	46.6	46.7	nan	3	US	USD
840040002	ISM Manufacturing Prices Paid	2024.01.03 18:00:00	45.2	47.4	49.9	nan	3	US	USD
840030021	JOLTS Job Openings	2024.01.03 18:00:00	8.79	9.048	8.733	8.852	3	US	USD
840190001	ADP Nonfarm Employment Change	2024.01.04 16:15:00	164.0	-12.0	103.0	nan	3	US	USD
840140001	Initial Jobless Claims	2024.01.04 16:30:00	202.0	207.0	218.0	220.0	3	US	USD
840500002	S&P Global Services PMI	2024.01.04 17:45:00	51.4	51.3	51.3	nan	3	US	USD
840200001	EIA Crude Oil Stocks Change	2024.01.04 19:00:00	-5.503	-2.499	-7.114	nan	3	US	USD
840030015	Unemployment Rate	2024.01.05 16:30:00	3.7	3.8	3.7	nan	3	US	USD
840030016	Nonfarm Payrolls	2024.01.05 16:30:00	216.0	1.0	199.0	173.0	3	US	USD
840030018	Average Hourly Earnings m/m	2024.01.05 16:30:00	0.4	0.4	0.4	nan	3	US	USD
840040003	ISM Non-Manufacturing PMI	2024.01.05 18:00:00	50.6	52.2	52.7	nan	3	US	USD
840040008	ISM Non-Manufacturing Prices Paid	2024.01.05 18:00:00	57.4	61.7	58.3	nan	3	US	USD
840200001	EIA Crude Oil Stocks Change	2024.01.10 18:30:00	1.338	-2.28	-5.503	nan	3	US	USD
840220014	10-Year Note Auction	2024.01.10 21:00:00	4.024	nan	4.296	nan	3	US	USD
840030005	CPI m/m	2024.01.11 16:30:00	0.3	0.2	0.1	nan	3	US	USD
840030006	Core CPI m/m	2024.01.11 16:30:00	0.3	0.3	0.3	nan	3	US	USD
840030007	CPI y/y	2024.01.11 16:30:00	3.4	3.6	3.1	nan	3	US	USD
840030034	Core CPI n.s.a. m/m	2024.01.11 16:30:00	0.1	nan	0.1	nan	3	US	USD
840030035	CPI	2024.01.11 16:30:00	308.85	308.233	307.917	nan	3	US	USD
840140001	Initial Jobless Claims	2024.01.11 16:30:00	202.0	204.0	202.0	203.0	3	US	USD
840220015	30-Year Bond Auction	2024.01.11 21:00:00	4.229	nan	4.344	nan	3	US	USD
840030001	PPI m/m	2024.01.12 16:30:00	-0.1	0.2	0.0	-0.1	3	US	USD
840020010	Retail Sales m/m	2024.01.17 16:30:00	0.6	-0.3	0.3	nan	3	US	USD
840020011	Core Retail Sales m/m	2024.01.17 16:30:00	0.4	0.2	0.2	nan	3	US	USD
840070001	Philadelphia Fed Manufacturing Index	2024.01.18 16:30:00	-10.6	-14.5	-10.5	-12.8	3	US	USD
840140001	Initial Jobless Claims	2024.01.18 16:30:00	187.0	200.0	202.0	203.0	3	US	USD
840200001	EIA Crude Oil Stocks Change	2024.01.18 19:00:00	-2.492	4.112	1.338	nan	3	US	USD
840120001	Existing Home Sales	2024.01.19 18:00:00	3.78	3.8	3.82	nan	3	US	USD
840200001	EIA Crude Oil Stocks Change	2024.01.24 18:30:00	-9.233	-0.744	-2.492	nan	3	US	USD
840140001	Initial Jobless Claims	2024.01.25 16:30:00	214.0	201.0	187.0	189.0	3	US	USD
840020013	Durable Goods Orders m/m	2024.01.25 16:30:00	0.0	0.4	5.4	5.5	3	US	USD
840020008	New Home Sales	2024.01.25 18:00:00	0.664	0.649	0.59	0.615	3	US	USD
840010002	Core PCE Price Index y/y	2024.01.26 15:30:00	2.9	nan	3.2	3.2	3	US	USD
840010001	Core PCE Price Index m/m	2024.01.26 15:30:00	0.2	nan	0.1	0.1	3	US	USD
840030021	JOLTS Job Openings	2024.01.30 18:00:00	9.026	8.658	8.79	8.925	3	US	USD
840180002	CB Consumer Confidence Index	2024.01.30 18:00:00	114.8	102.4	110.7	108.0	3	US	USD
840190001	ADP Nonfarm Employment Change	2024.01.31 16:15:00	107.0	137.0	164.0	nan	3	US	USD
840510001	MNI Chicago Business Barometer	2024.01.31 17:45:00	46.0	47.4	46.9	nan	3	US	USD
840200001	EIA Crude Oil Stocks Change	2024.01.31 18:30:00	1.234	-6.86	-9.233	nan	3	US	USD
840050014	Fed Interest Rate Decision	2024.01.31 22:00:00	5.5	nan	5.5	nan	3	US	USD
840140001	Initial Jobless Claims	2024.02.01 16:30:00	224.0	205.0	214.0	215.0	3	US	USD
840500001	S&P Global Manufacturing PMI	2024.02.01 17:45:00	50.7	48.7	47.9	nan	3	US	USD
840040001	ISM Manufacturing PMI	2024.02.01 18:00:00	49.1	47.4	47.4	47.1	3	US	USD
840040002	ISM Manufacturing Prices Paid	2024.02.01 18:00:00	52.9	52.6	45.2	nan	3	US	USD
840030015	Unemployment Rate	2024.02.02 16:30:00	3.7	3.8	3.7	nan	3	US	USD
840030016	Nonfarm Payrolls	2024.02.02 16:30:00	353.0	186.0	216.0	333.0	3	US	USD
840030018	Average Hourly Earnings m/m	2024.02.02 16:30:00	0.6	0.3	0.4	nan	3	US	USD
840500002	S&P Global Services PMI	2024.02.05 17:45:00	52.5	52.2	51.4	nan	3	US	USD
840040003	ISM Non-Manufacturing PMI	2024.02.05 18:00:00	53.4	52.1	50.6	50.5	3	US	USD
840040008	ISM Non-Manufacturing Prices Paid	2024.02.05 18:00:00	64.0	54.5	57.4	56.7	3	US	USD
840200001	EIA Crude Oil Stocks Change	2024.02.07 18:30:00	5.52	-3.716	1.234	nan	3	US	USD
840220014	10-Year Note Auction	2024.02.07 21:00:00	4.093	nan	4.024	nan	3	US	USD
840140001	Initial Jobless Claims	2024.02.08 16:30:00	218.0	214.0	224.0	227.0	3	US	USD
840220015	30-Year Bond Auction	2024.02.08 21:00:00	4.36	nan	4.229	nan	3	US	USD
840030005	CPI m/m	2024.02.13 16:30:00	0.3	0.3	0.3	0.2	3	US	USD
840030006	Core CPI m/m	2024.02.13 16:30:00	0.4	0.2	0.3	nan	3	US	USD
840030007	CPI y/y	2024.02.13 16:30:00	3.1	3.3	3.4	nan	3	US	USD
840030034	Core CPI n.s.a. m/m	2024.02.13 16:30:00	0.6	nan	0.1	nan	3	US	USD
840030035	CPI	2024.02.13 16:30:00	309.685	309.96	308.85	308.742	3	US	USD
840200001	EIA Crude Oil Stocks Change	2024.02.14 18:30:00	12.018	3.392	5.52	nan	3	US	USD
840070001	Philadelphia Fed Manufacturing Index	2024.02.15 16:30:00	5.2	-10.3	-10.6	nan	3	US	USD
840140001	Initial Jobless Claims	2024.02.15 16:30:00	212.0	210.0	218.0	220.0	3	US	USD
840020010	Retail Sales m/m	2024.02.15 16:30:00	-0.8	1.1	0.6	0.4	3	US	USD
840020011	Core Retail Sales m/m	2024.02.15 16:30:00	-0.6	0.4	0.4	nan	3	US	USD
840030001	PPI m/m	2024.02.16 16:30:00	0.3	0.1	-0.1	nan	3	US	USD
840140001	Initial Jobless Claims	2024.02.22 16:30:00	201.0	215.0	212.0	213.0	3	US	USD
840120001	Existing Home Sales	2024.02.22 18:00:00	4.0	3.79	3.78	3.88	3	US	USD
840200001	EIA Crude Oil Stocks Change	2024.02.22 19:00:00	3.514	6.807	12.018	nan	3	US	USD
840020008	New Home Sales	2024.02.26 18:00:00	0.661	0.662	0.664	0.651	3	US	USD
840020013	Durable Goods Orders m/m	2024.02.27 16:30:00	-6.1	-4.4	0.0	-0.3	3	US	USD
840180002	CB Consumer Confidence Index	2024.02.27 18:00:00	106.7	108.0	114.8	110.9	3	US	USD
840200001	EIA Crude Oil Stocks Change	2024.02.28 18:30:00	4.199	3.93	3.514	nan	3	US	USD
840010002	Core PCE Price Index y/y	2024.02.29 15:30:00	2.8	nan	2.9	2.9	3	US	USD
840010001	Core PCE Price Index m/m	2024.02.29 15:30:00	0.4	nan	0.2	0.1	3	US	USD
840140001	Initial Jobless Claims	2024.02.29 16:30:00	215.0	216.0	201.0	202.0	3	US	USD
840510001	MNI Chicago Business Barometer	2024.02.29 17:45:00	44.0	51.2	46.0	nan	3	US	USD
840500001	S&P Global Manufacturing PMI	2024.03.01 17:45:00	52.2	49.3	50.7	nan	3	US	USD
840040001	ISM Manufacturing PMI	2024.03.01 18:00:00	47.8	48.0	49.1	nan	3	US	USD
840040002	ISM Manufacturing Prices Paid	2024.03.01 18:00:00	52.5	52.3	52.9	nan	3	US	USD
840500002	S&P Global Services PMI	2024.03.05 17:45:00	52.3	52.4	52.5	nan	3	US	USD
840040003	ISM Non-Manufacturing PMI	2024.03.05 18:00:00	52.6	52.3	53.4	nan	3	US	USD
840040008	ISM Non-Manufacturing Prices Paid	2024.03.05 18:00:00	58.6	62.6	64.0	nan	3	US	USD
840190001	ADP Nonfarm Employment Change	2024.03.06 16:15:00	140.0	84.0	107.0	nan	3	US	USD
840030021	JOLTS Job Openings	2024.03.06 18:00:00	8.863	8.511	9.026	8.889	3	US	USD
840200001	EIA Crude Oil Stocks Change	2024.03.06 18:30:00	1.367	4.491	4.199	nan	3	US	USD
840140001	Initial Jobless Claims	2024.03.07 16:30:00	217.0	208.0	215.0	217.0	3	US	USD
840030015	Unemployment Rate	2024.03.08 16:30:00	3.9	3.7	3.7	nan	3	US	USD
840030016	Nonfarm Payrolls	2024.03.08 16:30:00	275.0	220.0	353.0	229.0	3	US	USD
840030018	Average Hourly Earnings m/m	2024.03.08 16:30:00	0.1	0.3	0.6	0.5	3	US	USD
840030005	CPI m/m	2024.03.12 15:30:00	0.4	0.2	0.3	nan	3	US	USD
840030006	Core CPI m/m	2024.03.12 15:30:00	0.4	0.3	0.4	nan	3	US	USD
840030007	CPI y/y	2024.03.12 15:30:00	3.2	2.8	3.1	nan	3	US	USD
840030034	Core CPI n.s.a. m/m	2024.03.12 15:30:00	0.6	nan	0.6	nan	3	US	USD
840030035	CPI	2024.03.12 15:30:00	311.054	310.715	309.685	nan	3	US	USD
840220014	10-Year Note Auction	2024.03.12 20:00:00	4.166	nan	4.093	nan	3	US	USD
840200001	EIA Crude Oil Stocks Change	2024.03.13 17:30:00	-1.536	9.757	1.367	nan	3	US	USD
840220015	30-Year Bond Auction	2024.03.13 20:00:00	4.331	nan	4.36	nan	3	US	USD
840030001	PPI m/m	2024.03.14 15:30:00	0.6	0.1	0.3	nan	3	US	USD
840020010	Retail Sales m/m	2024.03.14 15:30:00	0.6	-0.2	-0.8	-1.1	3	US	USD
840020011	Core Retail Sales m/m	2024.03.14 15:30:00	0.3	0.5	-0.6	-0.8	3	US	USD
840140001	Initial Jobless Claims	2024.03.14 15:30:00	209.0	207.0	217.0	210.0	3	US	USD
840200001	EIA Crude Oil Stocks Change	2024.03.20 17:30:00	-1.952	-2.267	-1.536	nan	3	US	USD
840050014	Fed Interest Rate Decision	2024.03.20 21:00:00	5.5	nan	5.5	nan	3	US	USD
840070001	Philadelphia Fed Manufacturing Index	2024.03.21 15:30:00	3.2	2.0	5.2	nan	3	US	USD
840140001	Initial Jobless Claims	2024.03.21 15:30:00	210.0	205.0	209.0	212.0	3	US	USD
840120001	Existing Home Sales	2024.03.21 17:00:00	4.38	3.88	4.0	nan	3	US	USD
840020008	New Home Sales	2024.03.25 17:00:00	0.662	0.638	0.661	0.664	3	US	USD
840020013	Durable Goods Orders m/m	2024.03.26 15:30:00	1.4	-1.0	-6.1	-6.9	3	US	USD
840180002	CB Consumer Confidence Index	2024.03.26 17:00:00	104.7	107.2	106.7	104.8	3	US	USD
840200001	EIA Crude Oil Stocks Change	2024.03.27 17:30:00	3.165	-7.972	-1.952	nan	3	US	USD
840140001	Initial Jobless Claims	2024.03.28 15:30:00	210.0	197.0	210.0	212.0	3	US	USD
840010007	GDP q/q	2024.03.28 15:30:00	3.4	1.6	5.2	nan	3	US	USD
840010018	GDP Sales q/q	2024.03.28 15:30:00	3.9	2.4	3.7	nan	3	US	USD
840010001	Core PCE Price Index m/m	2024.03.29 15:30:00	0.3	0.9	0.4	0.5	3	US	USD
840010002	Core PCE Price Index y/y	2024.03.29 15:30:00	2.8	-9.0	2.8	2.9	3	US	USD
840510001	MNI Chicago Business Barometer	2024.03.29 16:45:00	41.4	50.2	44.0	nan	3	US	USD
840500001	S&P Global Manufacturing PMI	2024.04.01 16:45:00	51.9	50.8	52.2	nan	3	US	USD
840040001	ISM Manufacturing PMI	2024.04.01 17:00:00	50.3	47.7	47.8	nan	3	US	USD
840040002	ISM Manufacturing Prices Paid	2024.04.01 17:00:00	55.8	47.3	52.5	nan	3	US	USD
840030021	JOLTS Job Openings	2024.04.02 17:00:00	8.756	8.41	8.863	8.748	3	US	USD
840190001	ADP Nonfarm Employment Change	2024.04.03 15:15:00	184.0	213.0	140.0	nan	3	US	USD
840500002	S&P Global Services PMI	2024.04.03 16:45:00	51.7	52.9	52.3	nan	3	US	USD
840040003	ISM Non-Manufacturing PMI	2024.04.03 17:00:00	51.4	51.7	52.6	nan	3	US	USD
840040008	ISM Non-Manufacturing Prices Paid	2024.04.03 17:00:00	53.4	61.5	58.6	nan	3	US	USD
840200001	EIA Crude Oil Stocks Change	2024.04.03 17:30:00	3.21	-9.809	3.165	nan	3	US	USD
840140001	Initial Jobless Claims	2024.04.04 15:30:00	221.0	219.0	210.0	212.0	3	US	USD
840030015	Unemployment Rate	2024.04.05 15:30:00	3.8	3.7	3.9	nan	3	US	USD
840030016	Nonfarm Payrolls	2024.04.05 15:30:00	303.0	176.0	275.0	270.0	3	US	USD
840030018	Average Hourly Earnings m/m	2024.04.05 15:30:00	0.3	0.3	0.1	0.2	3	US	USD
840030005	CPI m/m	2024.04.10 15:30:00	0.4	0.2	0.4	nan	3	US	USD
840030006	Core CPI m/m	2024.04.10 15:30:00	0.4	0.3	0.4	nan	3	US	USD
840030007	CPI y/y	2024.04.10 15:30:00	3.5	3.6	3.2	nan	3	US	USD
840030034	Core CPI n.s.a. m/m	2024.04.10 15:30:00	0.5	nan	0.6	nan	3	US	USD
840030035	CPI	2024.04.10 15:30:00	312.23	311.596	311.054	nan	3	US	USD
840200001	EIA Crude Oil Stocks Change	2024.04.10 17:30:00	5.841	1.211	3.21	nan	3	US	USD
840220014	10-Year Note Auction	2024.04.10 20:00:00	4.56	nan	4.166	nan	3	US	USD
840030001	PPI m/m	2024.04.11 15:30:00	0.2	0.0	0.6	nan	3	US	USD
840140001	Initial Jobless Claims	2024.04.11 15:30:00	211.0	223.0	221.0	222.0	3	US	USD
840220015	30-Year Bond Auction	2024.04.11 20:00:00	4.671	nan	4.331	nan	3	US	USD
840020010	Retail Sales m/m	2024.04.15 15:30:00	0.7	0.2	0.6	0.9	3	US	USD
840020011	Core Retail Sales m/m	2024.04.15 15:30:00	1.1	0.2	0.3	0.6	3	US	USD
840200001	EIA Crude Oil Stocks Change	2024.04.17 17:30:00	2.735	1.175	5.841	nan	3	US	USD
840070001	Philadelphia Fed Manufacturing Index	2024.04.18 15:30:00	15.5	-0.7	3.2	nan	3	US	USD
840140001	Initial Jobless Claims	2024.04.18 15:30:00	212.0	197.0	211.0	212.0	3	US	USD
840120001	Existing Home Sales	2024.04.18 17:00:00	4.19	4.18	4.38	nan	3	US	USD
840020008	New Home Sales	2024.04.23 17:00:00	0.693	0.677	0.662	0.637	3	US	USD
840020013	Durable Goods Orders m/m	2024.04.24 15:30:00	2.6	1.1	1.4	0.7	3	US	USD
840200001	EIA Crude Oil Stocks Change	2024.04.24 17:30:00	-6.368	1.04	2.735	nan	3	US	USD
840140001	Initial Jobless Claims	2024.04.25 15:30:00	207.0	208.0	212.0	nan	3	US	USD
840010007	GDP q/q	2024.04.25 15:30:00	1.6	3.1	3.4	nan	3	US	USD
840010018	GDP Sales q/q	2024.04.25 15:30:00	2.0	3.3	3.9	nan	3	US	USD
840010001	Core PCE Price Index m/m	2024.04.26 15:30:00	0.3	0.2	0.3	0.3	3	US	USD
840010002	Core PCE Price Index y/y	2024.04.26 15:30:00	2.8	-7.9	2.8	2.8	3	US	USD
840510001	MNI Chicago Business Barometer	2024.04.30 16:45:00	37.9	48.3	41.4	nan	3	US	USD
840180002	CB Consumer Confidence Index	2024.04.30 17:00:00	97.0	139.7	104.7	103.1	3	US	USD
840190001	ADP Nonfarm Employment Change	2024.05.01 15:15:00	192.0	193.0	184.0	nan	3	US	USD
840500001	S&P Global Manufacturing PMI	2024.05.01 16:45:00	50.0	49.8	51.9	nan	3	US	USD
840040001	ISM Manufacturing PMI	2024.05.01 17:00:00	49.2	48.5	50.3	nan	3	US	USD
840040002	ISM Manufacturing Prices Paid	2024.05.01 17:00:00	60.9	47.2	55.8	nan	3	US	USD
840030021	JOLTS Job Openings	2024.05.01 17:00:00	8.488	8.351	8.756	8.813	3	US	USD
840200001	EIA Crude Oil Stocks Change	2024.05.01 17:30:00	7.265	-0.507	-6.368	-6.368	3	US	USD
840050014	Fed Interest Rate Decision	2024.05.01 21:00:00	5.5	nan	5.5	nan	3	US	USD
840140001	Initial Jobless Claims	2024.05.02 15:30:00	208.0	211.0	207.0	208.0	3	US	USD
840030015	Unemployment Rate	2024.05.03 15:30:00	3.9	3.7	3.8	nan	3	US	USD
840030016	Nonfarm Payrolls	2024.05.03 15:30:00	175.0	197.0	303.0	315.0	3	US	USD
840030018	Average Hourly Earnings m/m	2024.05.03 15:30:00	0.2	0.4	0.3	nan	3	US	USD
840500002	S&P Global Services PMI	2024.05.03 16:45:00	51.3	51.7	51.7	nan	3	US	USD
840040003	ISM Non-Manufacturing PMI	2024.05.03 17:00:00	49.4	51.5	51.4	nan	3	US	USD
840040008	ISM Non-Manufacturing Prices Paid	2024.05.03 17:00:00	59.2	56.3	53.4	nan	3	US	USD
840200001	EIA Crude Oil Stocks Change	2024.05.08 17:30:00	-1.362	-0.608	7.265	7.265	3	US	USD
840220014	10-Year Note Auction	2024.05.08 20:00:00	4.483	nan	4.56	nan	3	US	USD
840140001	Initial Jobless Claims	2024.05.09 15:30:00	231.0	206.0	208.0	209.0	3	US	USD
840220015	30-Year Bond Auction	2024.05.09 20:00:00	4.635	nan	4.671	nan	3	US	USD
840030001	PPI m/m	2024.05.14 15:30:00	0.5	0.0	0.2	-0.1	3	US	USD
840030005	CPI m/m	2024.05.15 15:30:00	0.3	0.2	0.4	nan	3	US	USD
840030006	Core CPI m/m	2024.05.15 15:30:00	0.3	0.3	0.4	nan	3	US	USD
840030007	CPI y/y	2024.05.15 15:30:00	3.4	3.1	3.5	nan	3	US	USD
840030034	Core CPI n.s.a. m/m	2024.05.15 15:30:00	0.3	nan	0.5	nan	3	US	USD
840030035	CPI	2024.05.15 15:30:00	313.207	312.582	312.23	nan	3	US	USD
840020010	Retail Sales m/m	2024.05.15 15:30:00	0.0	0.1	0.7	0.6	3	US	USD
840020011	Core Retail Sales m/m	2024.05.15 15:30:00	0.2	0.2	1.1	0.9	3	US	USD
840200001	EIA Crude Oil Stocks Change	2024.05.15 17:30:00	-2.508	3.425	-1.362	nan	3	US	USD
840070001	Philadelphia Fed Manufacturing Index	2024.05.16 15:30:00	4.5	1.3	15.5	nan	3	US	USD
840140001	Initial Jobless Claims	2024.05.16 15:30:00	222.0	221.0	231.0	232.0	3	US	USD
840120001	Existing Home Sales	2024.05.22 17:00:00	4.14	4.02	4.19	4.22	3	US	USD
840200001	EIA Crude Oil Stocks Change	2024.05.22 17:30:00	1.825	0.462	-2.508	nan	3	US	USD
840140001	Initial Jobless Claims	2024.05.23 15:30:00	215.0	225.0	222.0	223.0	3	US	USD
840020008	New Home Sales	2024.05.23 17:00:00	0.634	0.681	0.693	0.665	3	US	USD
840020013	Durable Goods Orders m/m	2024.05.24 15:30:00	0.7	-0.4	2.6	0.8	3	US	USD
840180002	CB Consumer Confidence Index	2024.05.28 17:00:00	102.0	76.3	97.0	97.5	3	US	USD
840010007	GDP q/q	2024.05.30 15:30:00	1.3	1.6	1.6	nan	3	US	USD
840010018	GDP Sales q/q	2024.05.30 15:30:00	1.7	2.0	2.0	nan	3	US	USD
840140001	Initial Jobless Claims	2024.05.30 15:30:00	219.0	214.0	215.0	216.0	3	US	USD
840200001	EIA Crude Oil Stocks Change	2024.05.30 18:00:00	-4.156	-0.65	1.825	nan	3	US	USD
840010001	Core PCE Price Index m/m	2024.05.31 15:30:00	0.2	0.2	0.3	0.3	3	US	USD
840010002	Core PCE Price Index y/y	2024.05.31 15:30:00	2.8	-3.1	2.8	2.8	3	US	USD
840510001	MNI Chicago Business Barometer	2024.05.31 16:45:00	35.4	45.6	37.9	nan	3	US	USD
840500001	S&P Global Manufacturing PMI	2024.06.03 16:45:00	51.3	51.7	50.0	nan	3	US	USD
840040001	ISM Manufacturing PMI	2024.06.03 17:00:00	48.7	49.2	49.2	nan	3	US	USD
840040002	ISM Manufacturing Prices Paid	2024.06.03 17:00:00	57.0	48.9	60.9	nan	3	US	USD
840030021	JOLTS Job Openings	2024.06.04 17:00:00	8.059	8.231	8.488	8.355	3	US	USD
840190001	ADP Nonfarm Employment Change	2024.06.05 15:15:00	152.0	99.0	192.0	nan	3	US	USD
840500002	S&P Global Services PMI	2024.06.05 16:45:00	54.8	51.8	51.3	nan	3	US	USD
840040003	ISM Non-Manufacturing PMI	2024.06.05 17:00:00	53.8	51.2	49.4	nan	3	US	USD
840040008	ISM Non-Manufacturing Prices Paid	2024.06.05 17:00:00	58.1	54.4	59.2	nan	3	US	USD
840200001	EIA Crude Oil Stocks Change	2024.06.05 17:30:00	1.233	-0.387	-4.156	nan	3	US	USD
840140001	Initial Jobless Claims	2024.06.06 15:30:00	229.0	216.0	219.0	221.0	3	US	USD
840030015	Unemployment Rate	2024.06.07 15:30:00	4.0	3.8	3.9	3.9	3	US	USD
840030016	Nonfarm Payrolls	2024.06.07 15:30:00	272.0	218.0	175.0	165.0	3	US	USD
840030018	Average Hourly Earnings m/m	2024.06.07 15:30:00	0.4	0.3	0.2	0.2	3	US	USD
840220014	10-Year Note Auction	2024.06.11 20:00:00	4.438	nan	4.483	nan	3	US	USD
840030005	CPI m/m	2024.06.12 15:30:00	0.0	0.2	0.3	nan	3	US	USD
840030006	Core CPI m/m	2024.06.12 15:30:00	0.2	0.2	0.3	nan	3	US	USD
840030007	CPI y/y	2024.06.12 15:30:00	3.3	3.5	3.4	nan	3	US	USD
840030034	Core CPI n.s.a. m/m	2024.06.12 15:30:00	0.2	nan	0.3	nan	3	US	USD
840030035	CPI	2024.06.12 15:30:00	313.225	313.587	313.207	nan	3	US	USD
840200001	EIA Crude Oil Stocks Change	2024.06.12 17:30:00	3.73	-0.709	1.233	nan	3	US	USD
840050014	Fed Interest Rate Decision	2024.06.12 21:00:00	5.5	nan	5.5	nan	3	US	USD
840030001	PPI m/m	2024.06.13 15:30:00	-0.2	0.0	0.5	nan	3	US	USD
840140001	Initial Jobless Claims	2024.06.13 15:30:00	242.0	236.0	229.0	nan	3	US	USD
840220015	30-Year Bond Auction	2024.06.13 20:00:00	4.403	nan	4.635	nan	3	US	USD
840020010	Retail Sales m/m	2024.06.18 15:30:00	0.1	-0.4	0.0	-0.2	3	US	USD
840020011	Core Retail Sales m/m	2024.06.18 15:30:00	-0.1	0.1	0.2	-0.1	3	US	USD
840200001	EIA Crude Oil Stocks Change	2024.06.20 05:30:00	-2.547	nan	3.73	3.73	3	US	USD
840070001	Philadelphia Fed Manufacturing Index	2024.06.20 15:30:00	1.3	9.8	4.5	nan	3	US	USD
840140001	Initial Jobless Claims	2024.06.20 15:30:00	238.0	234.0	242.0	243.0	3	US	USD
840120001	Existing Home Sales	2024.06.21 17:00:00	4.11	4.2	4.14	nan	3	US	USD
840180002	CB Consumer Confidence Index	2024.06.25 17:00:00	100.4	107.5	102.0	101.3	3	US	USD
840200001	EIA Crude Oil Stocks Change	2024.06.26 05:30:00	3.591	nan	-2.547	-2.547	3	US	USD
840020008	New Home Sales	2024.06.26 17:00:00	0.619	0.669	0.634	0.698	3	US	USD
840020013	Durable Goods Orders m/m	2024.06.27 15:30:00	0.1	0.9	0.7	0.2	3	US	USD
840010007	GDP q/q	2024.06.27 15:30:00	1.4	1.3	1.3	nan	3	US	USD
840010018	GDP Sales q/q	2024.06.27 15:30:00	1.8	1.7	1.7	nan	3	US	USD
840140001	Initial Jobless Claims	2024.06.27 15:30:00	233.0	234.0	238.0	239.0	3	US	USD
840010001	Core PCE Price Index m/m	2024.06.28 15:30:00	0.1	0.1	0.2	0.3	3	US	USD
840010002	Core PCE Price Index y/y	2024.06.28 15:30:00	2.6	-2.2	2.8	2.8	3	US	USD
840510001	MNI Chicago Business Barometer	2024.06.28 16:45:00	47.4	42.3	35.4	nan	3	US	USD
840500001	S&P Global Manufacturing PMI	2024.07.01 16:45:00	51.6	50.1	51.3	nan	3	US	USD
840040001	ISM Manufacturing PMI	2024.07.01 17:00:00	48.5	49.2	48.7	nan	3	US	USD
840040002	ISM Manufacturing Prices Paid	2024.07.01 17:00:00	52.1	54.3	57.0	nan	3	US	USD
840030021	JOLTS Job Openings	2024.07.02 17:00:00	8.14	8.091	8.059	7.919	3	US	USD
840200001	EIA Crude Oil Stocks Change	2024.07.03 05:30:00	-12.157	nan	3.591	3.591	3	US	USD
840190001	ADP Nonfarm Employment Change	2024.07.03 15:15:00	150.0	148.0	152.0	nan	3	US	USD
840140001	Initial Jobless Claims	2024.07.03 15:30:00	238.0	233.0	233.0	234.0	3	US	USD
840500002	S&P Global Services PMI	2024.07.03 16:45:00	55.3	53.3	54.8	nan	3	US	USD
840040003	ISM Non-Manufacturing PMI	2024.07.03 17:00:00	48.8	54.6	53.8	nan	3	US	USD
840040008	ISM Non-Manufacturing Prices Paid	2024.07.03 17:00:00	56.3	58.7	58.1	nan	3	US	USD
840030015	Unemployment Rate	2024.07.05 15:30:00	4.1	3.9	4.0	nan	3	US	USD
840030016	Nonfarm Payrolls	2024.07.05 15:30:00	206.0	287.0	272.0	218.0	3	US	USD
840030018	Average Hourly Earnings m/m	2024.07.05 15:30:00	0.3	0.3	0.4	nan	3	US	USD
840200001	EIA Crude Oil Stocks Change	2024.07.10 05:30:00	-3.443	nan	-12.157	-12.157	3	US	USD
840220014	10-Year Note Auction	2024.07.10 20:00:00	4.276	nan	4.438	nan	3	US	USD
840030005	CPI m/m	2024.07.11 15:30:00	-0.1	0.1	0.0	nan	3	US	USD
840030006	Core CPI m/m	2024.07.11 15:30:00	0.1	0.2	0.2	nan	3	US	USD
840030007	CPI y/y	2024.07.11 15:30:00	3.0	3.6	3.3	nan	3	US	USD
840030034	Core CPI n.s.a. m/m	2024.07.11 15:30:00	0.1	nan	0.2	nan	3	US	USD
840030035	CPI	2024.07.11 15:30:00	313.049	314.124	313.225	nan	3	US	USD
840140001	Initial Jobless Claims	2024.07.11 15:30:00	222.0	244.0	238.0	239.0	3	US	USD
840220015	30-Year Bond Auction	2024.07.11 20:00:00	4.405	nan	4.403	nan	3	US	USD
840030001	PPI m/m	2024.07.12 15:30:00	0.2	0.1	-0.2	0.0	3	US	USD
840020010	Retail Sales m/m	2024.07.16 15:30:00	0.0	0.4	0.1	0.3	3	US	USD
840020011	Core Retail Sales m/m	2024.07.16 15:30:00	0.4	0.3	-0.1	0.1	3	US	USD
840200001	EIA Crude Oil Stocks Change	2024.07.17 05:30:00	-4.87	nan	-3.443	-3.443	3	US	USD
840070001	Philadelphia Fed Manufacturing Index	2024.07.18 15:30:00	13.9	-6.7	1.3	nan	3	US	USD
840140001	Initial Jobless Claims	2024.07.18 15:30:00	243.0	214.0	222.0	223.0	3	US	USD
840120001	Existing Home Sales	2024.07.23 17:00:00	3.89	4.07	4.11	nan	3	US	USD
840200001	EIA Crude Oil Stocks Change	2024.07.24 05:30:00	-3.741	nan	-4.87	-4.87	3	US	USD
840020008	New Home Sales	2024.07.24 17:00:00	0.617	0.654	0.619	0.621	3	US	USD
840020013	Durable Goods Orders m/m	2024.07.25 15:30:00	-6.6	-0.6	0.1	nan	3	US	USD
840010007	GDP q/q	2024.07.25 15:30:00	2.8	3.2	1.4	nan	3	US	USD
840010018	GDP Sales q/q	2024.07.25 15:30:00	2.0	3.1	1.8	nan	3	US	USD
840140001	Initial Jobless Claims	2024.07.25 15:30:00	235.0	247.0	243.0	245.0	3	US	USD
840010001	Core PCE Price Index m/m	2024.07.26 15:30:00	0.2	0.0	0.1	nan	3	US	USD
840010002	Core PCE Price Index y/y	2024.07.26 15:30:00	2.6	2.6	2.6	nan	3	US	USD
840030021	JOLTS Job Openings	2024.07.30 17:00:00	8.184	7.979	8.14	8.23	3	US	USD
840180002	CB Consumer Confidence Index	2024.07.30 17:00:00	100.3	108.0	100.4	97.8	3	US	USD
840200001	EIA Crude Oil Stocks Change	2024.07.31 05:30:00	-3.436	nan	-3.741	-3.741	3	US	USD
840190001	ADP Nonfarm Employment Change	2024.07.31 15:15:00	122.0	77.0	150.0	nan	3	US	USD
840510001	MNI Chicago Business Barometer	2024.07.31 16:45:00	45.3	44.2	47.4	nan	3	US	USD
840050014	Fed Interest Rate Decision	2024.07.31 21:00:00	5.5	nan	5.5	nan	3	US	USD
840140001	Initial Jobless Claims	2024.08.01 15:30:00	249.0	233.0	235.0	nan	3	US	USD
840500001	S&P Global Manufacturing PMI	2024.08.01 16:45:00	49.6	51.8	51.6	nan	3	US	USD
840040001	ISM Manufacturing PMI	2024.08.01 17:00:00	46.8	49.4	48.5	nan	3	US	USD
840040002	ISM Manufacturing Prices Paid	2024.08.01 17:00:00	52.9	54.4	52.1	nan	3	US	USD
840030015	Unemployment Rate	2024.08.02 15:30:00	4.3	4.0	4.1	nan	3	US	USD
840030016	Nonfarm Payrolls	2024.08.02 15:30:00	114.0	241.0	206.0	179.0	3	US	USD
840030018	Average Hourly Earnings m/m	2024.08.02 15:30:00	0.2	0.5	0.3	nan	3	US	USD
840500002	S&P Global Services PMI	2024.08.05 16:45:00	55.0	56.0	55.3	nan	3	US	USD
840040003	ISM Non-Manufacturing PMI	2024.08.05 17:00:00	51.4	51.3	48.8	nan	3	US	USD
840040008	ISM Non-Manufacturing Prices Paid	2024.08.05 17:00:00	57.0	57.2	56.3	nan	3	US	USD
840200001	EIA Crude Oil Stocks Change	2024.08.07 17:30:00	-3.728	-0.978	-3.436	nan	3	US	USD
840220014	10-Year Note Auction	2024.08.07 20:00:00	3.96	nan	4.276	nan	3	US	USD
840140001	Initial Jobless Claims	2024.08.08 15:30:00	233.0	239.0	249.0	250.0	3	US	USD
840220015	30-Year Bond Auction	2024.08.08 20:00:00	4.314	nan	4.405	nan	3	US	USD
840030001	PPI m/m	2024.08.13 15:30:00	0.1	0.1	0.2	nan	3	US	USD
840030005	CPI m/m	2024.08.14 15:30:00	0.2	0.1	-0.1	nan	3	US	USD
840030006	Core CPI m/m	2024.08.14 15:30:00	0.2	0.2	0.1	nan	3	US	USD
840030007	CPI y/y	2024.08.14 15:30:00	2.9	3.1	3.0	nan	3	US	USD
840030034	Core CPI n.s.a. m/m	2024.08.14 15:30:00	0.1	nan	0.1	nan	3	US	USD
840030035	CPI	2024.08.14 15:30:00	313.534	314.154	313.049	nan	3	US	USD
840200001	EIA Crude Oil Stocks Change	2024.08.14 17:30:00	1.357	-5.514	-3.728	nan	3	US	USD
840070001	Philadelphia Fed Manufacturing Index	2024.08.15 15:30:00	-7.0	4.6	13.9	nan	3	US	USD
840020010	Retail Sales m/m	2024.08.15 15:30:00	1.0	0.1	0.0	-0.2	3	US	USD
840020011	Core Retail Sales m/m	2024.08.15 15:30:00	0.4	0.3	0.4	0.5	3	US	USD
840140001	Initial Jobless Claims	2024.08.15 15:30:00	227.0	229.0	233.0	234.0	3	US	USD
840200001	EIA Crude Oil Stocks Change	2024.08.21 17:30:00	-4.649	-1.743	1.357	nan	3	US	USD
840140001	Initial Jobless Claims	2024.08.22 15:30:00	232.0	229.0	227.0	228.0	3	US	USD
840120001	Existing Home Sales	2024.08.22 17:00:00	3.95	3.91	3.89	3.9	3	US	USD
840020008	New Home Sales	2024.08.23 17:00:00	0.739	0.681	0.617	0.668	3	US	USD
840020013	Durable Goods Orders m/m	2024.08.26 15:30:00	9.9	-2.0	-6.6	-6.9	3	US	USD
840180002	CB Consumer Confidence Index	2024.08.27 17:00:00	103.3	104.2	100.3	101.9	3	US	USD
840200001	EIA Crude Oil Stocks Change	2024.08.28 17:30:00	-0.846	-2.239	-4.649	nan	3	US	USD
840010007	GDP q/q	2024.08.29 15:30:00	3.0	2.8	2.8	nan	3	US	USD
840010018	GDP Sales q/q	2024.08.29 15:30:00	2.2	2.0	2.0	nan	3	US	USD
840140001	Initial Jobless Claims	2024.08.29 15:30:00	231.0	233.0	232.0	233.0	3	US	USD
840010001	Core PCE Price Index m/m	2024.08.30 15:30:00	0.2	0.1	0.2	nan	3	US	USD
840010002	Core PCE Price Index y/y	2024.08.30 15:30:00	2.6	2.5	2.6	nan	3	US	USD
840510001	MNI Chicago Business Barometer	2024.08.30 16:45:00	46.1	44.2	45.3	nan	3	US	USD
840500001	S&P Global Manufacturing PMI	2024.09.03 16:45:00	47.9	50.5	49.6	nan	3	US	USD
840040001	ISM Manufacturing PMI	2024.09.03 17:00:00	47.2	48.6	46.8	nan	3	US	USD
840040002	ISM Manufacturing Prices Paid	2024.09.03 17:00:00	54.0	52.4	52.9	nan	3	US	USD
840030021	JOLTS Job Openings	2024.09.04 17:00:00	7.673	7.876	8.184	7.91	3	US	USD
840190001	ADP Nonfarm Employment Change	2024.09.05 15:15:00	99.0	121.0	122.0	nan	3	US	USD
840140001	Initial Jobless Claims	2024.09.05 15:30:00	227.0	228.0	231.0	232.0	3	US	USD
840500002	S&P Global Services PMI	2024.09.05 16:45:00	55.7	51.8	55.0	nan	3	US	USD
840040003	ISM Non-Manufacturing PMI	2024.09.05 17:00:00	51.5	51.7	51.4	nan	3	US	USD
840040008	ISM Non-Manufacturing Prices Paid	2024.09.05 17:00:00	57.3	57.4	57.0	nan	3	US	USD
840200001	EIA Crude Oil Stocks Change	2024.09.05 18:00:00	-6.873	-2.904	-0.846	nan	3	US	USD
840030015	Unemployment Rate	2024.09.06 15:30:00	4.2	4.2	4.3	nan	3	US	USD
840030016	Nonfarm Payrolls	2024.09.06 15:30:00	142.0	104.0	114.0	89.0	3	US	USD
840030018	Average Hourly Earnings m/m	2024.09.06 15:30:00	0.4	0.4	0.2	nan	3	US	USD
840030005	CPI m/m	2024.09.11 15:30:00	0.2	0.3	0.2	nan	3	US	USD
840030006	Core CPI m/m	2024.09.11 15:30:00	0.3	0.3	0.2	nan	3	US	USD
840030007	CPI y/y	2024.09.11 15:30:00	2.5	2.9	2.9	nan	3	US	USD
840030034	Core CPI n.s.a. m/m	2024.09.11 15:30:00	0.3	nan	0.1	nan	3	US	USD
840030035	CPI	2024.09.11 15:30:00	314.121	314.652	313.534	nan	3	US	USD
840200001	EIA Crude Oil Stocks Change	2024.09.11 17:30:00	0.833	-4.206	-6.873	nan	3	US	USD
840220014	10-Year Note Auction	2024.09.11 20:00:00	3.648	nan	3.96	nan	3	US	USD
840030001	PPI m/m	2024.09.12 15:30:00	0.2	-0.2	0.1	0.0	3	US	USD
840140001	Initial Jobless Claims	2024.09.12 15:30:00	230.0	226.0	227.0	228.0	3	US	USD
840220015	30-Year Bond Auction	2024.09.12 20:00:00	4.015	nan	4.314	nan	3	US	USD
840020010	Retail Sales m/m	2024.09.17 15:30:00	0.1	0.9	1.0	1.1	3	US	USD
840020011	Core Retail Sales m/m	2024.09.17 15:30:00	0.1	0.0	0.4	nan	3	US	USD
840200001	EIA Crude Oil Stocks Change	2024.09.18 17:30:00	-1.63	-2.447	0.833	nan	3	US	USD
840050014	Fed Interest Rate Decision	2024.09.18 21:00:00	5.0	nan	5.5	nan	3	US	USD
840070001	Philadelphia Fed Manufacturing Index	2024.09.19 15:30:00	1.7	6.9	-7.0	nan	3	US	USD
840140001	Initial Jobless Claims	2024.09.19 15:30:00	219.0	224.0	230.0	231.0	3	US	USD
840120001	Existing Home Sales	2024.09.19 17:00:00	3.86	3.97	3.95	3.96	3	US	USD
840180002	CB Consumer Confidence Index	2024.09.24 17:00:00	98.7	101.8	103.3	105.6	3	US	USD
840020008	New Home Sales	2024.09.25 17:00:00	0.716	0.689	0.739	0.751	3	US	USD
840200001	EIA Crude Oil Stocks Change	2024.09.25 17:30:00	-4.471	-1.499	-1.63	nan	3	US	USD
840020013	Durable Goods Orders m/m	2024.09.26 15:30:00	0.0	6.5	9.9	nan	3	US	USD
840010007	GDP q/q	2024.09.26 15:30:00	3.0	3.0	3.0	nan	3	US	USD
840010018	GDP Sales q/q	2024.09.26 15:30:00	1.9	2.2	2.2	nan	3	US	USD
840140001	Initial Jobless Claims	2024.09.26 15:30:00	218.0	218.0	219.0	222.0	3	US	USD
840010001	Core PCE Price Index m/m	2024.09.27 15:30:00	0.1	0.2	0.2	nan	3	US	USD
840010002	Core PCE Price Index y/y	2024.09.27 15:30:00	2.7	2.6	2.6	nan	3	US	USD
840510001	MNI Chicago Business Barometer	2024.09.30 16:45:00	46.6	44.4	46.1	nan	3	US	USD
840500001	S&P Global Manufacturing PMI	2024.10.01 16:45:00	47.3	47.5	47.9	nan	3	US	USD
840030021	JOLTS Job Openings	2024.10.01 17:00:00	8.04	7.721	7.673	7.711	3	US	USD
840040001	ISM Manufacturing PMI	2024.10.01 17:00:00	47.2	48.6	47.2	nan	3	US	USD
840040002	ISM Manufacturing Prices Paid	2024.10.01 17:00:00	48.3	53.3	54.0	nan	3	US	USD
840190001	ADP Nonfarm Employment Change	2024.10.02 15:15:00	143.0	116.0	99.0	nan	3	US	USD
840200001	EIA Crude Oil Stocks Change	2024.10.02 17:30:00	3.889	-1.851	-4.471	nan	3	US	USD
840140001	Initial Jobless Claims	2024.10.03 15:30:00	225.0	216.0	218.0	219.0	3	US	USD
840500002	S&P Global Services PMI	2024.10.03 16:45:00	55.2	54.2	55.7	nan	3	US	USD
840040003	ISM Non-Manufacturing PMI	2024.10.03 17:00:00	54.9	51.5	51.5	nan	3	US	USD
840040008	ISM Non-Manufacturing Prices Paid	2024.10.03 17:00:00	59.4	57.3	57.3	nan	3	US	USD
840030015	Unemployment Rate	2024.10.04 15:30:00	4.1	4.2	4.2	nan	3	US	USD
840030016	Nonfarm Payrolls	2024.10.04 15:30:00	254.0	267.0	142.0	159.0	3	US	USD
840030018	Average Hourly Earnings m/m	2024.10.04 15:30:00	0.4	0.6	0.4	0.5	3	US	USD
840200001	EIA Crude Oil Stocks Change	2024.10.09 17:30:00	5.81	-1.448	3.889	nan	3	US	USD
840220014	10-Year Note Auction	2024.10.09 20:00:00	4.066	nan	3.648	nan	3	US	USD
840030005	CPI m/m	2024.10.10 15:30:00	0.2	0.1	0.2	nan	3	US	USD
840030006	Core CPI m/m	2024.10.10 15:30:00	0.3	0.4	0.3	nan	3	US	USD
840030007	CPI y/y	2024.10.10 15:30:00	2.4	2.7	2.5	nan	3	US	USD
840030034	Core CPI n.s.a. m/m	2024.10.10 15:30:00	0.3	nan	0.3	nan	3	US	USD
840030035	CPI	2024.10.10 15:30:00	314.686	315.55	314.121	314.121	3	US	USD
840140001	Initial Jobless Claims	2024.10.10 15:30:00	258.0	218.0	225.0	nan	3	US	USD
840220015	30-Year Bond Auction	2024.10.10 20:00:00	4.389	nan	4.015	nan	3	US	USD
840030001	PPI m/m	2024.10.11 15:30:00	0.0	0.3	0.2	nan	3	US	USD
840070001	Philadelphia Fed Manufacturing Index	2024.10.17 15:30:00	10.3	6.7	1.7	nan	3	US	USD
840020010	Retail Sales m/m	2024.10.17 15:30:00	0.4	0.4	0.1	nan	3	US	USD
840020011	Core Retail Sales m/m	2024.10.17 15:30:00	0.5	-0.1	0.1	0.2	3	US	USD
840140001	Initial Jobless Claims	2024.10.17 15:30:00	241.0	252.0	258.0	260.0	3	US	USD
840200001	EIA Crude Oil Stocks Change	2024.10.17 18:00:00	-2.191	4.224	5.81	nan	3	US	USD
840120001	Existing Home Sales	2024.10.23 17:00:00	3.84	3.87	3.86	3.88	3	US	USD
840200001	EIA Crude Oil Stocks Change	2024.10.23 17:30:00	5.474	-2.207	-2.191	nan	3	US	USD
840140001	Initial Jobless Claims	2024.10.24 15:30:00	227.0	230.0	241.0	242.0	3	US	USD
840020008	New Home Sales	2024.10.24 17:00:00	0.738	0.692	0.716	0.709	3	US	USD
840020013	Durable Goods Orders m/m	2024.10.25 15:30:00	-0.8	-6.2	0.0	-0.8	3	US	USD
840030021	JOLTS Job Openings	2024.10.29 17:00:00	7.443	7.688	8.04	7.861	3	US	USD
840180002	CB Consumer Confidence Index	2024.10.29 17:00:00	108.7	98.9	98.7	99.2	3	US	USD
840190001	ADP Nonfarm Employment Change	2024.10.30 15:15:00	233.0	121.0	143.0	nan	3	US	USD
840010007	GDP q/q	2024.10.30 15:30:00	2.8	3.2	3.0	nan	3	US	USD
840010018	GDP Sales q/q	2024.10.30 15:30:00	3.0	1.6	1.9	nan	3	US	USD
840200001	EIA Crude Oil Stocks Change	2024.10.30 17:30:00	-0.515	1.96	5.474	nan	3	US	USD
840010001	Core PCE Price Index m/m	2024.10.31 15:30:00	0.3	0.2	0.1	0.2	3	US	USD
840010002	Core PCE Price Index y/y	2024.10.31 15:30:00	2.7	2.7	2.7	nan	3	US	USD
840140001	Initial Jobless Claims	2024.10.31 15:30:00	216.0	230.0	227.0	228.0	3	US	USD
840510001	MNI Chicago Business Barometer	2024.10.31 16:45:00	41.6	42.6	46.6	nan	3	US	USD
840030015	Unemployment Rate	2024.11.01 15:30:00	4.1	4.1	4.1	nan	3	US	USD
840030016	Nonfarm Payrolls	2024.11.01 15:30:00	12.0	229.0	254.0	223.0	3	US	USD
840030018	Average Hourly Earnings m/m	2024.11.01 15:30:00	0.4	0.2	0.4	0.3	3	US	USD
840500001	S&P Global Manufacturing PMI	2024.11.01 16:45:00	48.5	45.4	47.3	nan	3	US	USD
840040001	ISM Manufacturing PMI	2024.11.01 17:00:00	46.5	48.0	47.2	nan	3	US	USD
840040002	ISM Manufacturing Prices Paid	2024.11.01 17:00:00	54.8	51.0	48.3	nan	3	US	USD
840500002	S&P Global Services PMI	2024.11.05 17:45:00	55.0	55.7	55.2	nan	3	US	USD
840040003	ISM Non-Manufacturing PMI	2024.11.05 18:00:00	56.0	51.6	54.9	nan	3	US	USD
840040008	ISM Non-Manufacturing Prices Paid	2024.11.05 18:00:00	58.1	57.8	59.4	nan	3	US	USD
840220014	10-Year Note Auction	2024.11.05 21:00:00	4.347	nan	4.066	nan	3	US	USD
840200001	EIA Crude Oil Stocks Change	2024.11.06 18:30:00	2.149	0.795	-0.515	nan	3	US	USD
840220015	30-Year Bond Auction	2024.11.06 21:00:00	4.608	nan	4.389	nan	3	US	USD
840140001	Initial Jobless Claims	2024.11.07 16:30:00	221.0	212.0	216.0	218.0	3	US	USD
840050014	Fed Interest Rate Decision	2024.11.07 22:00:00	4.75	nan	5.0	nan	3	US	USD
840030005	CPI m/m	2024.11.13 16:30:00	0.2	0.2	0.2	nan	3	US	USD
840030006	Core CPI m/m	2024.11.13 16:30:00	0.3	0.4	0.3	nan	3	US	USD
840030007	CPI y/y	2024.11.13 16:30:00	2.6	2.1	2.4	nan	3	US	USD
840030034	Core CPI n.s.a. m/m	2024.11.13 16:30:00	0.2	nan	0.3	nan	3	US	USD
840030035	CPI	2024.11.13 16:30:00	315.454	315.419	314.686	nan	3	US	USD
840030001	PPI m/m	2024.11.14 16:30:00	0.2	-0.1	0.0	0.1	3	US	USD
840140001	Initial Jobless Claims	2024.11.14 16:30:00	217.0	205.0	221.0	nan	3	US	USD
840200001	EIA Crude Oil Stocks Change	2024.11.14 19:00:00	2.089	1.183	2.149	nan	3	US	USD
840020010	Retail Sales m/m	2024.11.15 16:30:00	0.4	0.0	0.4	0.8	3	US	USD
840020011	Core Retail Sales m/m	2024.11.15 16:30:00	0.1	0.3	0.5	1.0	3	US	USD
840200001	EIA Crude Oil Stocks Change	2024.11.20 18:30:00	0.545	0.766	2.089	nan	3	US	USD
840070001	Philadelphia Fed Manufacturing Index	2024.11.21 16:30:00	-5.5	7.1	10.3	nan	3	US	USD
840140001	Initial Jobless Claims	2024.11.21 16:30:00	213.0	217.0	217.0	219.0	3	US	USD
840120001	Existing Home Sales	2024.11.21 18:00:00	3.96	3.78	3.84	3.83	3	US	USD
840180002	CB Consumer Confidence Index	2024.11.26 18:00:00	111.7	109.3	108.7	109.6	3	US	USD
840020008	New Home Sales	2024.11.26 18:00:00	0.61	0.694	0.738	nan	3	US	USD
840020013	Durable Goods Orders m/m	2024.11.27 16:30:00	0.2	-0.4	-0.8	-0.4	3	US	USD
840010007	GDP q/q	2024.11.27 16:30:00	2.8	2.8	2.8	nan	3	US	USD
840010018	GDP Sales q/q	2024.11.27 16:30:00	3.0	3.0	3.0	nan	3	US	USD
840140001	Initial Jobless Claims	2024.11.27 16:30:00	213.0	203.0	213.0	215.0	3	US	USD
840510001	MNI Chicago Business Barometer	2024.11.27 17:45:00	40.2	37.4	41.6	nan	3	US	USD
840010001	Core PCE Price Index m/m	2024.11.27 18:00:00	0.3	0.2	0.3	nan	3	US	USD
840010002	Core PCE Price Index y/y	2024.11.27 18:00:00	2.8	2.7	2.7	nan	3	US	USD
840200001	EIA Crude Oil Stocks Change	2024.11.27 18:30:00	-1.844	0.923	0.545	nan	3	US	USD
840500001	S&P Global Manufacturing PMI	2024.12.02 17:45:00	49.7	46.9	48.5	nan	3	US	USD
840040001	ISM Manufacturing PMI	2024.12.02 18:00:00	48.4	46.9	46.5	nan	3	US	USD
840040002	ISM Manufacturing Prices Paid	2024.12.02 18:00:00	50.3	54.2	54.8	nan	3	US	USD
840030021	JOLTS Job Openings	2024.12.03 18:00:00	7.744	7.492	7.443	7.372	3	US	USD
840190001	ADP Nonfarm Employment Change	2024.12.04 16:15:00	146.0	205.0	233.0	nan	3	US	USD
840500002	S&P Global Services PMI	2024.12.04 17:45:00	56.1	54.9	55.0	nan	3	US	USD
840040003	ISM Non-Manufacturing PMI	2024.12.04 18:00:00	52.1	52.1	56.0	nan	3	US	USD
840040008	ISM Non-Manufacturing Prices Paid	2024.12.04 18:00:00	58.2	57.8	58.1	nan	3	US	USD
840200001	EIA Crude Oil Stocks Change	2024.12.04 18:30:00	-5.073	0.707	-1.844	nan	3	US	USD
840140001	Initial Jobless Claims	2024.12.05 16:30:00	224.0	205.0	213.0	215.0	3	US	USD
840030015	Unemployment Rate	2024.12.06 16:30:00	4.2	4.1	4.1	nan	3	US	USD
840030016	Nonfarm Payrolls	2024.12.06 16:30:00	227.0	176.0	12.0	36.0	3	US	USD
840030018	Average Hourly Earnings m/m	2024.12.06 16:30:00	0.4	0.1	0.4	nan	3	US	USD
840030005	CPI m/m	2024.12.11 16:30:00	0.3	0.2	0.2	nan	3	US	USD
840030006	Core CPI m/m	2024.12.11 16:30:00	0.3	0.3	0.3	nan	3	US	USD
840030007	CPI y/y	2024.12.11 16:30:00	2.7	2.3	2.6	nan	3	US	USD
840030034	Core CPI n.s.a. m/m	2024.12.11 16:30:00	0.1	nan	0.2	nan	3	US	USD
840030035	CPI	2024.12.11 16:30:00	316.441	315.917	315.454	nan	3	US	USD
840200001	EIA Crude Oil Stocks Change	2024.12.11 18:30:00	-1.425	-1.887	-5.073	nan	3	US	USD
840220014	10-Year Note Auction	2024.12.11 21:00:00	4.235	nan	4.347	nan	3	US	USD
840030001	PPI m/m	2024.12.12 16:30:00	0.4	0.8	0.2	0.3	3	US	USD
840140001	Initial Jobless Claims	2024.12.12 16:30:00	242.0	219.0	224.0	225.0	3	US	USD
840220015	30-Year Bond Auction	2024.12.12 21:00:00	4.535	nan	4.608	nan	3	US	USD
840020010	Retail Sales m/m	2024.12.17 16:30:00	0.7	-0.2	0.4	0.5	3	US	USD
840020011	Core Retail Sales m/m	2024.12.17 16:30:00	0.2	0.4	0.1	0.2	3	US	USD
840200001	EIA Crude Oil Stocks Change	2024.12.18 18:30:00	-0.934	-0.153	-1.425	nan	3	US	USD
840050014	Fed Interest Rate Decision	2024.12.18 22:00:00	4.5	nan	4.75	nan	3	US	USD
840070001	Philadelphia Fed Manufacturing Index	2024.12.19 16:30:00	-16.4	6.4	-5.5	nan	3	US	USD
840010007	GDP q/q	2024.12.19 16:30:00	3.1	2.8	2.8	nan	3	US	USD
840010018	GDP Sales q/q	2024.12.19 16:30:00	3.3	3.0	3.0	nan	3	US	USD
840140001	Initial Jobless Claims	2024.12.19 16:30:00	220.0	224.0	242.0	nan	3	US	USD
840120001	Existing Home Sales	2024.12.19 18:00:00	4.15	3.93	3.96	nan	3	US	USD
840010001	Core PCE Price Index m/m	2024.12.20 16:30:00	0.1	0.2	0.3	nan	3	US	USD
840010002	Core PCE Price Index y/y	2024.12.20 16:30:00	2.8	2.8	2.8	nan	3	US	USD
840020013	Durable Goods Orders m/m	2024.12.23 16:30:00	-1.1	0.2	0.2	0.8	3	US	USD
840180002	CB Consumer Confidence Index	2024.12.23 18:00:00	104.7	115.9	111.7	140.2	3	US	USD
840020008	New Home Sales	2024.12.23 18:00:00	0.664	0.692	0.61	0.627	3	US	USD
840140001	Initial Jobless Claims	2024.12.26 16:30:00	219.0	219.0	220.0	nan	3	US	USD
840200001	EIA Crude Oil Stocks Change	2024.12.27 21:00:00	-4.237	-1.286	-0.934	nan	3	US	USD
840510001	MNI Chicago Business Barometer	2024.12.30 17:45:00	36.9	39.2	40.2	nan	3	US	USD
840140001	Initial Jobless Claims	2025.01.02 16:30:00	211.0	219.0	219.0	220.0	3	US	USD
840500001	S&P Global Manufacturing PMI	2025.01.02 17:45:00	49.4	50.5	49.7	nan	3	US	USD
840200001	EIA Crude Oil Stocks Change	2025.01.02 19:00:00	-1.178	-1.682	-4.237	nan	3	US	USD
840040001	ISM Manufacturing PMI	2025.01.03 18:00:00	49.3	48.1	48.4	nan	3	US	USD
840040002	ISM Manufacturing Prices Paid	2025.01.03 18:00:00	52.5	51.9	50.3	nan	3	US	USD
840500002	S&P Global Services PMI	2025.01.06 17:45:00	56.8	55.1	56.1	nan	3	US	USD
840040003	ISM Non-Manufacturing PMI	2025.01.07 18:00:00	54.1	52.0	52.1	nan	3	US	USD
840040008	ISM Non-Manufacturing Prices Paid	2025.01.07 18:00:00	64.4	57.7	58.2	nan	3	US	USD
840030021	JOLTS Job Openings	2025.01.07 18:00:00	8.098	7.38	7.744	7.839	3	US	USD
840220014	10-Year Note Auction	2025.01.07 21:00:00	4.68	nan	4.235	nan	3	US	USD
840190001	ADP Nonfarm Employment Change	2025.01.08 16:15:00	122.0	120.0	146.0	nan	3	US	USD
840140001	Initial Jobless Claims	2025.01.08 16:30:00	201.0	218.0	211.0	nan	3	US	USD
840200001	EIA Crude Oil Stocks Change	2025.01.08 18:30:00	-0.959	-1.664	-1.178	nan	3	US	USD
840220015	30-Year Bond Auction	2025.01.08 21:00:00	4.913	nan	4.535	nan	3	US	USD
840030015	Unemployment Rate	2025.01.10 16:30:00	4.1	4.3	4.2	nan	3	US	USD
840030016	Nonfarm Payrolls	2025.01.10 16:30:00	256.0	213.0	227.0	212.0	3	US	USD
840030018	Average Hourly Earnings m/m	2025.01.10 16:30:00	0.3	0.0	0.4	nan	3	US	USD
840030001	PPI m/m	2025.01.14 16:30:00	0.2	0.2	0.4	nan	3	US	USD
840030005	CPI m/m	2025.01.15 16:30:00	0.4	0.3	0.3	nan	3	US	USD
840030006	Core CPI m/m	2025.01.15 16:30:00	0.2	0.3	0.3	nan	3	US	USD
840030007	CPI y/y	2025.01.15 16:30:00	2.9	2.5	2.7	nan	3	US	USD
840030034	Core CPI n.s.a. m/m	2025.01.15 16:30:00	0.0	nan	0.1	nan	3	US	USD
840030035	CPI	2025.01.15 16:30:00	317.685	316.943	316.441	nan	3	US	USD
840200001	EIA Crude Oil Stocks Change	2025.01.15 18:30:00	-1.962	-1.211	-0.959	nan	3	US	USD
840020010	Retail Sales m/m	2025.01.16 16:30:00	0.4	0.5	0.7	0.8	3	US	USD
840020011	Core Retail Sales m/m	2025.01.16 16:30:00	0.4	0.2	0.2	nan	3	US	USD
840070001	Philadelphia Fed Manufacturing Index	2025.01.16 16:30:00	44.3	1.0	-16.4	-10.9	3	US	USD
840140001	Initial Jobless Claims	2025.01.16 16:30:00	217.0	216.0	201.0	203.0	3	US	USD
840140001	Initial Jobless Claims	2025.01.23 16:30:00	223.0	215.0	217.0	nan	3	US	USD
840200001	EIA Crude Oil Stocks Change	2025.01.23 20:00:00	-1.017	-2.446	-1.962	nan	3	US	USD
840120001	Existing Home Sales	2025.01.24 18:00:00	4.24	4.28	4.15	nan	3	US	USD
840020008	New Home Sales	2025.01.27 18:00:00	0.698	0.689	0.664	0.674	3	US	USD
840020013	Durable Goods Orders m/m	2025.01.28 16:30:00	-2.2	-5.0	-1.1	-2.0	3	US	USD
840180002	CB Consumer Confidence Index	2025.01.28 18:00:00	104.1	105.2	104.7	9.7	3	US	USD
840200001	EIA Crude Oil Stocks Change	2025.01.29 18:30:00	3.463	-1.836	-1.017	nan	3	US	USD
840050014	Fed Interest Rate Decision	2025.01.29 22:00:00	4.5	nan	4.5	nan	3	US	USD
840140001	Initial Jobless Claims	2025.01.30 16:30:00	207.0	213.0	223.0	nan	3	US	USD
840010007	GDP q/q	2025.01.30 16:30:00	2.3	2.8	3.1	nan	3	US	USD
840010018	GDP Sales q/q	2025.01.30 16:30:00	3.2	2.7	3.3	nan	3	US	USD
840010001	Core PCE Price Index m/m	2025.01.31 16:30:00	0.2	0.2	0.1	nan	3	US	USD
840010002	Core PCE Price Index y/y	2025.01.31 16:30:00	2.8	2.8	2.8	nan	3	US	USD
840510001	MNI Chicago Business Barometer	2025.01.31 17:45:00	39.5	41.8	36.9	nan	3	US	USD
840500001	S&P Global Manufacturing PMI	2025.02.03 17:45:00	51.2	51.9	49.4	nan	3	US	USD
840040001	ISM Manufacturing PMI	2025.02.03 18:00:00	50.9	48.2	49.3	49.2	3	US	USD
840040002	ISM Manufacturing Prices Paid	2025.02.03 18:00:00	54.9	50.6	52.5	nan	3	US	USD
840030021	JOLTS Job Openings	2025.02.04 18:00:00	7.6	7.603	8.098	8.156	3	US	USD
840190001	ADP Nonfarm Employment Change	2025.02.05 16:15:00	183.0	121.0	122.0	nan	3	US	USD
840500002	S&P Global Services PMI	2025.02.05 17:45:00	52.9	55.6	56.8	nan	3	US	USD
840040003	ISM Non-Manufacturing PMI	2025.02.05 18:00:00	52.8	54.1	54.1	54.0	3	US	USD
840040008	ISM Non-Manufacturing Prices Paid	2025.02.05 18:00:00	60.4	62.6	64.4	nan	3	US	USD
840200001	EIA Crude Oil Stocks Change	2025.02.05 18:30:00	8.664	0.926	3.463	nan	3	US	USD
840140001	Initial Jobless Claims	2025.02.06 16:30:00	219.0	212.0	207.0	208.0	3	US	USD
840030015	Unemployment Rate	2025.02.07 16:30:00	4.0	4.0	4.1	nan	3	US	USD
840030016	Nonfarm Payrolls	2025.02.07 16:30:00	143.0	208.0	256.0	307.0	3	US	USD
840030018	Average Hourly Earnings m/m	2025.02.07 16:30:00	0.5	-0.1	0.3	nan	3	US	USD
840030005	CPI m/m	2025.02.12 16:30:00	0.5	0.4	0.4	nan	3	US	USD
840030006	Core CPI m/m	2025.02.12 16:30:00	0.4	0.2	0.2	nan	3	US	USD
840030007	CPI y/y	2025.02.12 16:30:00	3.0	3.0	2.9	nan	3	US	USD
840030034	Core CPI n.s.a. m/m	2025.02.12 16:30:00	0.6	nan	0.0	nan	3	US	USD
840030035	CPI	2025.02.12 16:30:00	319.086	318.205	317.685	317.603	3	US	USD
840200001	EIA Crude Oil Stocks Change	2025.02.12 18:30:00	4.07	7.269	8.664	nan	3	US	USD
840220014	10-Year Note Auction	2025.02.12 21:00:00	4.632	nan	4.68	nan	3	US	USD
840030001	PPI m/m	2025.02.13 16:30:00	0.4	0.2	0.2	0.5	3	US	USD
840140001	Initial Jobless Claims	2025.02.13 16:30:00	213.0	218.0	219.0	220.0	3	US	USD
840220015	30-Year Bond Auction	2025.02.13 21:00:00	4.748	nan	4.913	nan	3	US	USD
840020010	Retail Sales m/m	2025.02.14 16:30:00	-0.9	0.5	0.4	0.7	3	US	USD
840020011	Core Retail Sales m/m	2025.02.14 16:30:00	-0.4	0.6	0.4	0.7	3	US	USD
840070001	Philadelphia Fed Manufacturing Index	2025.02.20 16:30:00	18.1	28.1	44.3	nan	3	US	USD
840140001	Initial Jobless Claims	2025.02.20 16:30:00	219.0	212.0	213.0	214.0	3	US	USD
840200001	EIA Crude Oil Stocks Change	2025.02.20 20:00:00	4.633	1.046	4.07	nan	3	US	USD
840120001	Existing Home Sales	2025.02.21 18:00:00	4.08	4.41	4.24	4.29	3	US	USD
840180002	CB Consumer Confidence Index	2025.02.25 18:00:00	98.3	98.3	104.1	136.5	3	US	USD
840020008	New Home Sales	2025.02.26 18:00:00	0.657	0.68	0.698	0.734	3	US	USD
840200001	EIA Crude Oil Stocks Change	2025.02.26 18:30:00	-2.332	1.458	4.633	nan	3	US	USD
840020013	Durable Goods Orders m/m	2025.02.27 16:30:00	3.1	5.1	-2.2	-1.8	3	US	USD
840140001	Initial Jobless Claims	2025.02.27 16:30:00	242.0	211.0	219.0	220.0	3	US	USD
840010007	GDP q/q	2025.02.27 16:30:00	2.3	2.3	2.3	nan	3	US	USD
840010018	GDP Sales q/q	2025.02.27 16:30:00	3.2	3.2	3.2	nan	3	US	USD
840010001	Core PCE Price Index m/m	2025.02.28 16:30:00	0.3	0.2	0.2	nan	3	US	USD
840010002	Core PCE Price Index y/y	2025.02.28 16:30:00	2.6	2.8	2.8	2.9	3	US	USD
840510001	MNI Chicago Business Barometer	2025.02.28 17:45:00	45.5	43.4	39.5	nan	3	US	USD
840500001	S&P Global Manufacturing PMI	2025.03.03 17:45:00	52.7	51.9	51.2	nan	3	US	USD
840040001	ISM Manufacturing PMI	2025.03.03 18:00:00	50.3	48.9	50.9	nan	3	US	USD
840040002	ISM Manufacturing Prices Paid	2025.03.03 18:00:00	62.4	53.2	54.9	nan	3	US	USD
840190001	ADP Nonfarm Employment Change	2025.03.05 16:15:00	77.0	124.0	183.0	nan	3	US	USD
840500002	S&P Global Services PMI	2025.03.05 17:45:00	51.0	54.1	52.9	nan	3	US	USD
840040003	ISM Non-Manufacturing PMI	2025.03.05 18:00:00	53.5	52.2	52.8	nan	3	US	USD
840040008	ISM Non-Manufacturing Prices Paid	2025.03.05 18:00:00	62.6	58.8	60.4	nan	3	US	USD
840200001	EIA Crude Oil Stocks Change	2025.03.05 18:30:00	3.614	4.059	-2.332	nan	3	US	USD
840140001	Initial Jobless Claims	2025.03.06 16:30:00	221.0	231.0	242.0	nan	3	US	USD
840030015	Unemployment Rate	2025.03.07 16:30:00	4.1	3.9	4.0	nan	3	US	USD
840030016	Nonfarm Payrolls	2025.03.07 16:30:00	151.0	193.0	143.0	125.0	3	US	USD
840030018	Average Hourly Earnings m/m	2025.03.07 16:30:00	0.3	0.4	0.5	0.4	3	US	USD
840030021	JOLTS Job Openings	2025.03.11 17:00:00	7.74	7.279	7.6	7.508	3	US	USD
840030005	CPI m/m	2025.03.12 15:30:00	0.2	0.6	0.5	nan	3	US	USD
840030006	Core CPI m/m	2025.03.12 15:30:00	0.2	0.4	0.4	nan	3	US	USD
840030007	CPI y/y	2025.03.12 15:30:00	2.8	2.9	3.0	nan	3	US	USD
840030034	Core CPI n.s.a. m/m	2025.03.12 15:30:00	0.4	nan	0.6	nan	3	US	USD
840030035	CPI	2025.03.12 15:30:00	319.775	320.062	319.086	nan	3	US	USD
840200001	EIA Crude Oil Stocks Change	2025.03.12 17:30:00	1.448	4.499	3.614	nan	3	US	USD
840220014	10-Year Note Auction	2025.03.12 20:00:00	4.31	nan	4.632	nan	3	US	USD
840030001	PPI m/m	2025.03.13 15:30:00	0.0	0.1	0.4	0.6	3	US	USD
840140001	Initial Jobless Claims	2025.03.13 15:30:00	220.0	209.0	221.0	222.0	3	US	USD
840220015	30-Year Bond Auction	2025.03.13 20:00:00	4.623	nan	4.748	nan	3	US	USD
840020010	Retail Sales m/m	2025.03.17 15:30:00	0.2	-0.2	-0.9	-1.2	3	US	USD
840020011	Core Retail Sales m/m	2025.03.17 15:30:00	0.3	-0.1	-0.4	-0.6	3	US	USD
840200001	EIA Crude Oil Stocks Change	2025.03.19 17:30:00	1.745	1.891	1.448	nan	3	US	USD
840050014	Fed Interest Rate Decision	2025.03.19 21:00:00	4.5	nan	4.5	nan	3	US	USD
840070001	Philadelphia Fed Manufacturing Index	2025.03.20 15:30:00	12.5	34.6	18.1	nan	3	US	USD
840140001	Initial Jobless Claims	2025.03.20 15:30:00	223.0	211.0	220.0	221.0	3	US	USD
840120001	Existing Home Sales	2025.03.20 17:00:00	4.26	4.0	4.08	4.09	3	US	USD
840020008	New Home Sales	2025.03.25 17:00:00	0.676	0.688	0.657	0.664	3	US	USD
840180002	CB Consumer Confidence Index	2025.03.25 17:00:00	54.6	101.5	98.3	52.6	3	US	USD
840020013	Durable Goods Orders m/m	2025.03.26 15:30:00	0.9	0.5	3.1	3.3	3	US	USD
840200001	EIA Crude Oil Stocks Change	2025.03.26 17:30:00	-3.341	-3.047	1.745	nan	3	US	USD
840010007	GDP q/q	2025.03.27 15:30:00	2.4	2.3	2.3	nan	3	US	USD
840010018	GDP Sales q/q	2025.03.27 15:30:00	3.3	3.2	3.2	nan	3	US	USD
840140001	Initial Jobless Claims	2025.03.27 15:30:00	224.0	225.0	223.0	225.0	3	US	USD
840010001	Core PCE Price Index m/m	2025.03.28 15:30:00	0.4	0.2	0.3	nan	3	US	USD
840010002	Core PCE Price Index y/y	2025.03.28 15:30:00	2.8	2.4	2.6	2.7	3	US	USD
840510001	MNI Chicago Business Barometer	2025.03.31 16:45:00	47.6	40.3	45.5	nan	3	US	USD
840500001	S&P Global Manufacturing PMI	2025.04.01 16:45:00	49.8	52.6	52.7	nan	3	US	USD
840040001	ISM Manufacturing PMI	2025.04.01 17:00:00	49.0	51.1	50.3	nan	3	US	USD
840040002	ISM Manufacturing Prices Paid	2025.04.01 17:00:00	69.4	59.4	62.4	nan	3	US	USD
840030021	JOLTS Job Openings	2025.04.01 17:00:00	7.568	7.241	7.74	7.762	3	US	USD
840190001	ADP Nonfarm Employment Change	2025.04.02 15:15:00	155.0	4.0	77.0	nan	3	US	USD
840200001	EIA Crude Oil Stocks Change	2025.04.02 17:30:00	6.165	-3.053	-3.341	nan	3	US	USD
840140001	Initial Jobless Claims	2025.04.03 15:30:00	219.0	231.0	224.0	225.0	3	US	USD
840500002	S&P Global Services PMI	2025.04.03 16:45:00	54.4	52.1	51.0	nan	3	US	USD
840040003	ISM Non-Manufacturing PMI	2025.04.03 17:00:00	50.8	52.6	53.5	nan	3	US	USD
840040008	ISM Non-Manufacturing Prices Paid	2025.04.03 17:00:00	60.9	58.4	62.6	nan	3	US	USD
840030015	Unemployment Rate	2025.04.04 15:30:00	4.2	4.2	4.1	nan	3	US	USD
840030016	Nonfarm Payrolls	2025.04.04 15:30:00	228.0	139.0	151.0	117.0	3	US	USD
840030018	Average Hourly Earnings m/m	2025.04.04 15:30:00	0.3	0.4	0.3	0.2	3	US	USD
840200001	EIA Crude Oil Stocks Change	2025.04.09 17:30:00	2.553	2.262	6.165	nan	3	US	USD
840220014	10-Year Note Auction	2025.04.09 20:00:00	4.435	nan	4.31	nan	3	US	USD
840030005	CPI m/m	2025.04.10 15:30:00	-0.1	0.4	0.2	nan	3	US	USD
840030006	Core CPI m/m	2025.04.10 15:30:00	0.1	0.3	0.2	nan	3	US	USD
840030007	CPI y/y	2025.04.10 15:30:00	2.4	2.6	2.8	nan	3	US	USD
840030034	Core CPI n.s.a. m/m	2025.04.10 15:30:00	0.2	nan	0.4	nan	3	US	USD
840030035	CPI	2025.04.10 15:30:00	319.615	320.416	319.775	nan	3	US	USD
840140001	Initial Jobless Claims	2025.04.10 15:30:00	223.0	218.0	219.0	nan	3	US	USD
840220015	30-Year Bond Auction	2025.04.10 20:00:00	4.813	nan	4.623	nan	3	US	USD
840030001	PPI m/m	2025.04.11 15:30:00	-0.4	0.0	0.0	0.1	3	US	USD
840020010	Retail Sales m/m	2025.04.16 15:30:00	1.4	0.3	0.2	nan	3	US	USD
840020011	Core Retail Sales m/m	2025.04.16 15:30:00	0.5	0.1	0.3	0.7	3	US	USD
840200001	EIA Crude Oil Stocks Change	2025.04.16 17:30:00	0.515	0.313	2.553	nan	3	US	USD
840070001	Philadelphia Fed Manufacturing Index	2025.04.17 15:30:00	-26.4	7.2	12.5	nan	3	US	USD
840140001	Initial Jobless Claims	2025.04.17 15:30:00	215.0	219.0	223.0	224.0	3	US	USD
840020008	New Home Sales	2025.04.23 17:00:00	0.724	0.685	0.676	0.674	3	US	USD
840200001	EIA Crude Oil Stocks Change	2025.04.23 17:30:00	0.244	-2.818	0.515	nan	3	US	USD
840020013	Durable Goods Orders m/m	2025.04.24 15:30:00	9.2	-2.4	0.9	nan	3	US	USD
840140001	Initial Jobless Claims	2025.04.24 15:30:00	222.0	221.0	215.0	216.0	3	US	USD
840120001	Existing Home Sales	2025.04.24 17:00:00	4.02	4.01	4.26	4.27	3	US	USD
840180002	CB Consumer Confidence Index	2025.04.29 17:00:00	86.0	66.6	54.6	133.5	3	US	USD
840030021	JOLTS Job Openings	2025.04.29 17:00:00	7.192	7.476	7.568	7.48	3	US	USD
840190001	ADP Nonfarm Employment Change	2025.04.30 15:15:00	62.0	246.0	155.0	nan	3	US	USD
840010007	GDP q/q	2025.04.30 15:30:00	-0.3	2.4	2.4	nan	3	US	USD
840010018	GDP Sales q/q	2025.04.30 15:30:00	-2.5	2.8	3.3	nan	3	US	USD
840510001	MNI Chicago Business Barometer	2025.04.30 16:45:00	44.6	53.1	47.6	nan	3	US	USD
840010001	Core PCE Price Index m/m	2025.04.30 17:00:00	0.0	0.2	0.4	0.5	3	US	USD
840010002	Core PCE Price Index y/y	2025.04.30 17:00:00	2.6	2.9	2.8	3.0	3	US	USD
840200001	EIA Crude Oil Stocks Change	2025.04.30 17:30:00	-2.696	-0.533	0.244	nan	3	US	USD
840140001	Initial Jobless Claims	2025.05.01 15:30:00	241.0	218.0	222.0	223.0	3	US	USD
840500001	S&P Global Manufacturing PMI	2025.05.01 16:45:00	50.2	51.0	49.8	nan	3	US	USD
840040001	ISM Manufacturing PMI	2025.05.01 17:00:00	48.7	48.4	49.0	nan	3	US	USD
840040002	ISM Manufacturing Prices Paid	2025.05.01 17:00:00	69.8	68.2	69.4	nan	3	US	USD
840030015	Unemployment Rate	2025.05.02 15:30:00	4.2	4.4	4.2	nan	3	US	USD
840030016	Nonfarm Payrolls	2025.05.02 15:30:00	177.0	126.0	228.0	185.0	3	US	USD
840030018	Average Hourly Earnings m/m	2025.05.02 15:30:00	0.2	0.4	0.3	nan	3	US	USD
840500002	S&P Global Services PMI	2025.05.05 16:45:00	50.8	52.1	54.4	nan	3	US	USD
840040003	ISM Non-Manufacturing PMI	2025.05.05 17:00:00	51.6	52.6	50.8	nan	3	US	USD
840040008	ISM Non-Manufacturing Prices Paid	2025.05.05 17:00:00	65.1	62.9	60.9	nan	3	US	USD
840220014	10-Year Note Auction	2025.05.06 20:00:00	4.342	nan	4.435	nan	3	US	USD
840200001	EIA Crude Oil Stocks Change	2025.05.07 17:30:00	-2.032	2.0	-2.696	nan	3	US	USD
840050014	Fed Interest Rate Decision	2025.05.07 21:00:00	4.5	nan	4.5	nan	3	US	USD
840140001	Initial Jobless Claims	2025.05.08 15:30:00	228.0	234.0	241.0	nan	3	US	USD
840220015	30-Year Bond Auction	2025.05.08 20:00:00	4.819	nan	4.813	nan	3	US	USD
840030005	CPI m/m	2025.05.13 15:30:00	0.2	-0.3	-0.1	nan	3	US	USD
840030006	Core CPI m/m	2025.05.13 15:30:00	0.2	0.1	0.1	nan	3	US	USD
840030007	CPI y/y	2025.05.13 15:30:00	2.3	2.2	2.4	nan	3	US	USD
840030034	Core CPI n.s.a. m/m	2025.05.13 15:30:00	0.3	nan	0.2	nan	3	US	USD
840030035	CPI	2025.05.13 15:30:00	320.321	319.064	319.615	nan	3	US	USD
840200001	EIA Crude Oil Stocks Change	2025.05.14 17:30:00	3.454	-3.654	-2.032	nan	3	US	USD
840020010	Retail Sales m/m	2025.05.15 15:30:00	0.1	0.6	1.4	1.7	3	US	USD
840020011	Core Retail Sales m/m	2025.05.15 15:30:00	0.1	0.1	0.5	0.8	3	US	USD
840070001	Philadelphia Fed Manufacturing Index	2025.05.15 15:30:00	-4.0	6.9	-26.4	nan	3	US	USD
840030001	PPI m/m	2025.05.15 15:30:00	-0.5	-0.3	-0.4	0.0	3	US	USD
840140001	Initial Jobless Claims	2025.05.15 15:30:00	229.0	233.0	228.0	229.0	3	US	USD
840200001	EIA Crude Oil Stocks Change	2025.05.21 17:30:00	1.328	-3.358	3.454	nan	3	US	USD
840140001	Initial Jobless Claims	2025.05.22 15:30:00	227.0	231.0	229.0	nan	3	US	USD
840120001	Existing Home Sales	2025.05.22 17:00:00	4.0	4.01	4.02	nan	3	US	USD
840020008	New Home Sales	2025.05.23 17:00:00	0.743	0.683	0.724	0.67	3	US	USD
840020013	Durable Goods Orders m/m	2025.05.27 15:30:00	-6.3	-2.0	9.2	7.6	3	US	USD
840180002	CB Consumer Confidence Index	2025.05.27 17:00:00	98.0	98.8	86.0	85.7	3	US	USD
840010007	GDP q/q	2025.05.29 15:30:00	-0.2	-0.3	-0.3	nan	3	US	USD
840010018	GDP Sales q/q	2025.05.29 15:30:00	-2.9	-2.5	-2.5	nan	3	US	USD
840140001	Initial Jobless Claims	2025.05.29 15:30:00	240.0	226.0	227.0	226.0	3	US	USD
840200001	EIA Crude Oil Stocks Change	2025.05.29 19:00:00	-2.795	0.109	1.328	nan	3	US	USD
840010001	Core PCE Price Index m/m	2025.05.30 15:30:00	0.1	0.1	0.0	0.1	3	US	USD
840010002	Core PCE Price Index y/y	2025.05.30 15:30:00	2.5	2.7	2.6	2.7	3	US	USD
840510001	MNI Chicago Business Barometer	2025.05.30 16:45:00	40.5	46.2	44.6	nan	3	US	USD
840500001	S&P Global Manufacturing PMI	2025.06.02 16:45:00	52.0	49.3	50.2	nan	3	US	USD
840040001	ISM Manufacturing PMI	2025.06.02 17:00:00	48.5	47.0	48.7	nan	3	US	USD
840040002	ISM Manufacturing Prices Paid	2025.06.02 17:00:00	69.4	71.8	69.8	nan	3	US	USD
840030021	JOLTS Job Openings	2025.06.03 17:00:00	7.391	7.167	7.192	7.2	3	US	USD
840190001	ADP Nonfarm Employment Change	2025.06.04 15:15:00	37.0	80.0	62.0	nan	3	US	USD
840500002	S&P Global Services PMI	2025.06.04 16:45:00	53.7	51.4	50.8	nan	3	US	USD
840040003	ISM Non-Manufacturing PMI	2025.06.04 17:00:00	49.9	52.6	51.6	nan	3	US	USD
840040008	ISM Non-Manufacturing Prices Paid	2025.06.04 17:00:00	68.7	63.8	65.1	nan	3	US	USD
840200001	EIA Crude Oil Stocks Change	2025.06.04 17:30:00	-4.304	-1.17	-2.795	nan	3	US	USD
840140001	Initial Jobless Claims	2025.06.05 15:30:00	247.0	233.0	240.0	239.0	3	US	USD
840030015	Unemployment Rate	2025.06.06 15:30:00	4.2	4.0	4.2	nan	3	US	USD
840030016	Nonfarm Payrolls	2025.06.06 15:30:00	139.0	131.0	177.0	147.0	3	US	USD
840030018	Average Hourly Earnings m/m	2025.06.06 15:30:00	0.4	0.4	0.2	nan	3	US	USD
840030005	CPI m/m	2025.06.11 15:30:00	0.1	0.6	0.2	nan	3	US	USD
840030006	Core CPI m/m	2025.06.11 15:30:00	0.1	0.1	0.2	nan	3	US	USD
840030007	CPI y/y	2025.06.11 15:30:00	2.4	2.1	2.3	nan	3	US	USD
840030034	Core CPI n.s.a. m/m	2025.06.11 15:30:00	0.2	nan	0.3	nan	3	US	USD
840030035	CPI	2025.06.11 15:30:00	320.58	321.597	320.321	nan	3	US	USD
840200001	EIA Crude Oil Stocks Change	2025.06.11 17:30:00	-3.644	0.011	-4.304	nan	3	US	USD
840220014	10-Year Note Auction	2025.06.11 20:00:00	4.421	nan	4.342	nan	3	US	USD
840030001	PPI m/m	2025.06.12 15:30:00	0.1	-0.2	-0.5	-0.2	3	US	USD
840140001	Initial Jobless Claims	2025.06.12 15:30:00	248.0	243.0	247.0	248.0	3	US	USD
840220015	30-Year Bond Auction	2025.06.12 20:00:00	4.844	nan	4.819	nan	3	US	USD
840020010	Retail Sales m/m	2025.06.17 15:30:00	-0.9	-0.3	0.1	-0.1	3	US	USD
840020011	Core Retail Sales m/m	2025.06.17 15:30:00	-0.3	0.3	0.1	0.0	3	US	USD
840140001	Initial Jobless Claims	2025.06.18 15:30:00	245.0	236.0	248.0	250.0	3	US	USD
840200001	EIA Crude Oil Stocks Change	2025.06.18 17:30:00	-11.473	0.078	-3.644	nan	3	US	USD
840050014	Fed Interest Rate Decision	2025.06.18 21:00:00	4.5	nan	4.5	nan	3	US	USD
840070001	Philadelphia Fed Manufacturing Index	2025.06.20 15:30:00	-4.0	5.1	-4.0	nan	3	US	USD
840120001	Existing Home Sales	2025.06.23 17:00:00	4.03	3.92	4.0	nan	3	US	USD
840180002	CB Consumer Confidence Index	2025.06.24 17:00:00	93.0	88.4	98.0	98.4	3	US	USD
840020008	New Home Sales	2025.06.25 17:00:00	0.623	0.697	0.743	0.722	3	US	USD
840200001	EIA Crude Oil Stocks Change	2025.06.25 17:30:00	-5.836	-7.165	-11.473	nan	3	US	USD
840020013	Durable Goods Orders m/m	2025.06.26 15:30:00	16.4	-2.9	-6.3	-6.6	3	US	USD
840010007	GDP q/q	2025.06.26 15:30:00	-0.5	-0.2	-0.2	nan	3	US	USD
840010018	GDP Sales q/q	2025.06.26 15:30:00	-3.1	-2.9	-2.9	nan	3	US	USD
840140001	Initial Jobless Claims	2025.06.26 15:30:00	236.0	247.0	245.0	246.0	3	US	USD
840010001	Core PCE Price Index m/m	2025.06.27 15:30:00	0.2	0.3	0.1	nan	3	US	USD
840010002	Core PCE Price Index y/y	2025.06.27 15:30:00	2.7	2.4	2.5	2.6	3	US	USD
840510001	MNI Chicago Business Barometer	2025.06.30 16:45:00	40.4	42.6	40.5	nan	3	US	USD
840500001	S&P Global Manufacturing PMI	2025.07.01 16:45:00	52.9	49.8	52.0	nan	3	US	USD
840040001	ISM Manufacturing PMI	2025.07.01 17:00:00	49.0	47.3	48.5	nan	3	US	USD
840040002	ISM Manufacturing Prices Paid	2025.07.01 17:00:00	69.7	69.9	69.4	nan	3	US	USD
840030021	JOLTS Job Openings	2025.07.01 17:00:00	7.769	7.102	7.391	7.395	3	US	USD
840190001	ADP Nonfarm Employment Change	2025.07.02 15:15:00	-33.0	121.0	37.0	nan	3	US	USD
840200001	EIA Crude Oil Stocks Change	2025.07.02 17:30:00	3.845	-1.857	-5.836	nan	3	US	USD
840030015	Unemployment Rate	2025.07.03 15:30:00	4.1	4.3	4.2	nan	3	US	USD
840030016	Nonfarm Payrolls	2025.07.03 15:30:00	147.0	130.0	139.0	144.0	3	US	USD
840030018	Average Hourly Earnings m/m	2025.07.03 15:30:00	0.2	0.4	0.4	nan	3	US	USD
840140001	Initial Jobless Claims	2025.07.03 15:30:00	233.0	242.0	236.0	237.0	3	US	USD
840500002	S&P Global Services PMI	2025.07.03 16:45:00	52.9	52.0	53.7	nan	3	US	USD
840040003	ISM Non-Manufacturing PMI	2025.07.03 17:00:00	50.8	52.2	49.9	nan	3	US	USD
840040008	ISM Non-Manufacturing Prices Paid	2025.07.03 17:00:00	67.5	66.5	68.7	nan	3	US	USD
840200001	EIA Crude Oil Stocks Change	2025.07.09 17:30:00	7.07	-0.418	3.845	nan	3	US	USD
840220014	10-Year Note Auction	2025.07.09 20:00:00	4.362	nan	4.421	nan	3	US	USD
840140001	Initial Jobless Claims	2025.07.10 15:30:00	227.0	228.0	233.0	232.0	3	US	USD
840220015	30-Year Bond Auction	2025.07.10 20:00:00	4.889	nan	4.844	nan	3	US	USD
840030005	CPI m/m	2025.07.15 15:30:00	0.3	-0.3	0.1	nan	3	US	USD
840030006	Core CPI m/m	2025.07.15 15:30:00	0.2	0.2	0.1	nan	3	US	USD
840030007	CPI y/y	2025.07.15 15:30:00	2.7	2.4	2.4	nan	3	US	USD
840030034	Core CPI n.s.a. m/m	2025.07.15 15:30:00	0.3	nan	0.2	nan	3	US	USD
840030035	CPI	2025.07.15 15:30:00	321.5	320.395	320.58	nan	3	US	USD
840030001	PPI m/m	2025.07.16 15:30:00	0.0	0.2	0.1	0.3	3	US	USD
840200001	EIA Crude Oil Stocks Change	2025.07.16 17:30:00	-3.859	0.681	7.07	nan	3	US	USD
840020010	Retail Sales m/m	2025.07.17 15:30:00	0.6	0.1	-0.9	nan	3	US	USD
840020011	Core Retail Sales m/m	2025.07.17 15:30:00	0.5	0.0	-0.3	-0.2	3	US	USD
840070001	Philadelphia Fed Manufacturing Index	2025.07.17 15:30:00	15.9	3.4	-4.0	nan	3	US	USD
840140001	Initial Jobless Claims	2025.07.17 15:30:00	221.0	218.0	227.0	228.0	3	US	USD
840120001	Existing Home Sales	2025.07.23 17:00:00	3.93	3.94	4.03	4.04	3	US	USD
840200001	EIA Crude Oil Stocks Change	2025.07.23 17:30:00	-3.169	-1.287	-3.859	nan	3	US	USD
840140001	Initial Jobless Claims	2025.07.24 15:30:00	217.0	215.0	221.0	nan	3	US	USD
840020008	New Home Sales	2025.07.24 17:00:00	0.627	0.684	0.623	nan	3	US	USD
840020013	Durable Goods Orders m/m	2025.07.25 15:30:00	-9.3	1.6	16.4	16.5	3	US	USD
840180002	CB Consumer Confidence Index	2025.07.29 17:00:00	97.2	98.8	93.0	95.2	3	US	USD
840030021	JOLTS Job Openings	2025.07.29 17:00:00	7.437	7.441	7.769	7.712	3	US	USD
840190001	ADP Nonfarm Employment Change	2025.07.30 15:15:00	104.0	57.0	-33.0	nan	3	US	USD
840010007	GDP q/q	2025.07.30 15:30:00	3.0	0.4	-0.5	nan	3	US	USD
840010018	GDP Sales q/q	2025.07.30 15:30:00	6.3	-1.5	-3.1	nan	3	US	USD
840200001	EIA Crude Oil Stocks Change	2025.07.30 17:30:00	7.698	0.914	-3.169	nan	3	US	USD
840050014	Fed Interest Rate Decision	2025.07.30 21:00:00	4.5	nan	4.5	nan	3	US	USD
840010001	Core PCE Price Index m/m	2025.07.31 15:30:00	0.3	0.4	0.2	nan	3	US	USD
840010002	Core PCE Price Index y/y	2025.07.31 15:30:00	2.8	2.6	2.7	2.8	3	US	USD
840140001	Initial Jobless Claims	2025.07.31 15:30:00	218.0	224.0	217.0	nan	3	US	USD
840510001	MNI Chicago Business Barometer	2025.07.31 16:45:00	47.1	42.4	40.4	nan	3	US	USD
840030015	Unemployment Rate	2025.08.01 15:30:00	4.2	4.0	4.1	nan	3	US	USD
840030016	Nonfarm Payrolls	2025.08.01 15:30:00	73.0	132.0	147.0	14.0	3	US	USD
840030018	Average Hourly Earnings m/m	2025.08.01 15:30:00	0.3	0.4	0.2	nan	3	US	USD
840500001	S&P Global Manufacturing PMI	2025.08.01 16:45:00	49.5	51.9	52.9	nan	3	US	USD
840040001	ISM Manufacturing PMI	2025.08.01 17:00:00	48.0	48.9	49.0	nan	3	US	USD
840040002	ISM Manufacturing Prices Paid	2025.08.01 17:00:00	64.8	65.5	69.7	nan	3	US	USD
840500002	S&P Global Services PMI	2025.08.05 16:45:00	55.7	53.1	52.9	nan	3	US	USD
840040003	ISM Non-Manufacturing PMI	2025.08.05 17:00:00	50.1	52.5	50.8	nan	3	US	USD
840040008	ISM Non-Manufacturing Prices Paid	2025.08.05 17:00:00	69.9	67.5	67.5	nan	3	US	USD
840200001	EIA Crude Oil Stocks Change	2025.08.06 17:30:00	-3.029	-0.353	7.698	nan	3	US	USD
840220014	10-Year Note Auction	2025.08.06 20:00:00	4.255	nan	4.362	nan	3	US	USD
840140001	Initial Jobless Claims	2025.08.07 15:30:00	226.0	225.0	218.0	219.0	3	US	USD
840220015	30-Year Bond Auction	2025.08.07 20:00:00	4.813	nan	4.889	nan	3	US	USD
840030005	CPI m/m	2025.08.12 15:30:00	0.2	0.6	0.3	nan	3	US	USD
840030006	Core CPI m/m	2025.08.12 15:30:00	0.3	0.3	0.2	nan	3	US	USD
840030007	CPI y/y	2025.08.12 15:30:00	2.7	2.9	2.7	nan	3	US	USD
840030034	Core CPI n.s.a. m/m	2025.08.12 15:30:00	0.2	nan	0.3	nan	3	US	USD
840030035	CPI	2025.08.12 15:30:00	322.132	322.666	321.5	nan	3	US	USD
840200001	EIA Crude Oil Stocks Change	2025.08.13 17:30:00	3.036	0.083	-3.029	nan	3	US	USD
840030001	PPI m/m	2025.08.14 15:30:00	0.9	0.2	0.0	nan	3	US	USD
840140001	Initial Jobless Claims	2025.08.14 15:30:00	224.0	223.0	226.0	227.0	3	US	USD
840020010	Retail Sales m/m	2025.08.15 15:30:00	0.5	0.8	0.6	0.9	3	US	USD
840020011	Core Retail Sales m/m	2025.08.15 15:30:00	0.3	0.1	0.5	0.8	3	US	USD
840200001	EIA Crude Oil Stocks Change	2025.08.20 17:30:00	-6.014	0.397	3.036	nan	3	US	USD
840070001	Philadelphia Fed Manufacturing Index	2025.08.21 15:30:00	-0.3	3.7	15.9	nan	3	US	USD
840140001	Initial Jobless Claims	2025.08.21 15:30:00	235.0	226.0	224.0	nan	3	US	USD
840120001	Existing Home Sales	2025.08.21 17:00:00	4.01	3.95	3.93	nan	3	US	USD
840020008	New Home Sales	2025.08.25 17:00:00	0.652	0.688	0.627	0.656	3	US	USD
840020013	Durable Goods Orders m/m	2025.08.26 15:30:00	-2.8	4.0	-9.3	-9.4	3	US	USD
840180002	CB Consumer Confidence Index	2025.08.26 17:00:00	97.4	105.8	97.2	98.7	3	US	USD
840200001	EIA Crude Oil Stocks Change	2025.08.27 17:30:00	-2.392	1.859	-6.014	nan	3	US	USD
840010007	GDP q/q	2025.08.28 15:30:00	3.3	3.0	3.0	nan	3	US	USD
840010018	GDP Sales q/q	2025.08.28 15:30:00	6.8	6.3	6.3	nan	3	US	USD
840140001	Initial Jobless Claims	2025.08.28 15:30:00	229.0	236.0	235.0	234.0	3	US	USD
840010001	Core PCE Price Index m/m	2025.08.29 15:30:00	0.3	0.2	0.3	nan	3	US	USD
840010002	Core PCE Price Index y/y	2025.08.29 15:30:00	2.9	2.8	2.8	nan	3	US	USD
840510001	MNI Chicago Business Barometer	2025.08.29 16:45:00	41.5	42.5	47.1	nan	3	US	USD
840500001	S&P Global Manufacturing PMI	2025.09.02 16:45:00	53.0	51.6	49.5	nan	3	US	USD
840040001	ISM Manufacturing PMI	2025.09.02 17:00:00	48.7	46.8	48.0	48.0	3	US	USD
840040002	ISM Manufacturing Prices Paid	2025.09.02 17:00:00	63.7	63.9	64.8	64.8	3	US	USD
840030021	JOLTS Job Openings	2025.09.03 17:00:00	7.181	7.412	7.437	7.357	3	US	USD
840190001	ADP Nonfarm Employment Change	2025.09.04 15:15:00	54.0	136.0	104.0	nan	3	US	USD
840140001	Initial Jobless Claims	2025.09.04 15:30:00	237.0	231.0	229.0	nan	3	US	USD
840500002	S&P Global Services PMI	2025.09.04 16:45:00	54.5	55.1	55.7	nan	3	US	USD
840040003	ISM Non-Manufacturing PMI	2025.09.04 17:00:00	52.0	52.4	50.1	50.1	3	US	USD
840040008	ISM Non-Manufacturing Prices Paid	2025.09.04 17:00:00	69.2	69.6	69.9	69.9	3	US	USD
840200001	EIA Crude Oil Stocks Change	2025.09.04 19:00:00	2.415	2.212	-2.392	nan	3	US	USD
840030015	Unemployment Rate	2025.09.05 15:30:00	4.3	4.1	4.2	nan	3	US	USD
840030016	Nonfarm Payrolls	2025.09.05 15:30:00	22.0	129.0	73.0	79.0	3	US	USD
840030018	Average Hourly Earnings m/m	2025.09.05 15:30:00	0.3	0.3	0.3	nan	3	US	USD
840030001	PPI m/m	2025.09.10 15:30:00	-0.1	0.7	0.9	0.9	3	US	USD
840200001	EIA Crude Oil Stocks Change	2025.09.10 17:30:00	3.939	2.062	2.415	nan	3	US	USD
840220014	10-Year Note Auction	2025.09.10 20:00:00	4.033	nan	4.255	nan	3	US	USD
840030005	CPI m/m	2025.09.11 15:30:00	0.4	0.2	0.2	0.2	3	US	USD
840030006	Core CPI m/m	2025.09.11 15:30:00	0.3	0.3	0.3	0.3	3	US	USD
840030007	CPI y/y	2025.09.11 15:30:00	2.9	2.9	2.7	2.7	3	US	USD
840030034	Core CPI n.s.a. m/m	2025.09.11 15:30:00	0.3	nan	0.2	nan	3	US	USD
840030035	CPI	2025.09.11 15:30:00	323.98	322.956	322.132	322.132	3	US	USD
840140001	Initial Jobless Claims	2025.09.11 15:30:00	263.0	235.0	237.0	236.0	3	US	USD
840220015	30-Year Bond Auction	2025.09.11 20:00:00	4.651	nan	4.813	nan	3	US	USD
840020010	Retail Sales m/m	2025.09.16 15:30:00	0.6	-0.3	0.5	0.6	3	US	USD
840020011	Core Retail Sales m/m	2025.09.16 15:30:00	0.7	0.0	0.3	0.4	3	US	USD
840200001	EIA Crude Oil Stocks Change	2025.09.17 17:30:00	-9.285	-1.708	3.939	nan	3	US	USD
840050014	Fed Interest Rate Decision	2025.09.17 21:00:00	4.25	nan	4.5	nan	3	US	USD
840070001	Philadelphia Fed Manufacturing Index	2025.09.18 15:30:00	23.2	3.7	-0.3	nan	3	US	USD
840140001	Initial Jobless Claims	2025.09.18 15:30:00	231.0	282.0	263.0	264.0	3	US	USD
840120001	Existing Home Sales	2025.09.23 17:00:00	4.0	4.04	4.01	4.01	3	US	USD
840020008	New Home Sales	2025.09.24 17:00:00	0.8	0.692	0.652	0.664	3	US	USD
840200001	EIA Crude Oil Stocks Change	2025.09.24 17:30:00	-0.607	-2.631	-9.285	nan	3	US	USD
840020013	Durable Goods Orders m/m	2025.09.25 15:30:00	2.9	-0.5	-2.8	-2.7	3	US	USD
840010007	GDP q/q	2025.09.25 15:30:00	3.8	3.3	3.3	nan	3	US	USD
840010018	GDP Sales q/q	2025.09.25 15:30:00	7.5	6.8	6.8	nan	3	US	USD
840140001	Initial Jobless Claims	2025.09.25 15:30:00	218.0	208.0	231.0	232.0	3	US	USD
840010001	Core PCE Price Index m/m	2025.09.26 15:30:00	0.2	0.2	0.3	0.2	3	US	USD
840010002	Core PCE Price Index y/y	2025.09.26 15:30:00	2.9	2.9	2.9	nan	3	US	USD
840510001	MNI Chicago Business Barometer	2025.09.30 16:45:00	40.6	45.8	41.5	41.5	3	US	USD
840180002	CB Consumer Confidence Index	2025.09.30 17:00:00	94.2	100.7	97.4	97.8	3	US	USD
840030021	JOLTS Job Openings	2025.09.30 17:00:00	7.227	7.326	7.181	7.181	3	US	USD
840190001	ADP Nonfarm Employment Change	2025.10.01 15:15:00	-32.0	-19.0	54.0	nan	3	US	USD
840500001	S&P Global Manufacturing PMI	2025.10.01 16:45:00	52.0	52.8	53.0	nan	3	US	USD
840040001	ISM Manufacturing PMI	2025.10.01 17:00:00	49.1	nan	48.7	48.7	3	US	USD
840040002	ISM Manufacturing Prices Paid	2025.10.01 17:00:00	61.9	nan	63.7	63.7	3	US	USD
840200001	EIA Crude Oil Stocks Change	2025.10.01 17:30:00	1.792	2.655	-0.607	nan	3	US	USD
840500002	S&P Global Services PMI	2025.10.03 16:45:00	54.2	56.4	54.5	nan	3	US	USD
840040003	ISM Non-Manufacturing PMI	2025.10.05 17:00:00	50.0	nan	52.0	52.0	3	US	USD
840040008	ISM Non-Manufacturing Prices Paid	2025.10.05 17:00:00	69.4	nan	69.2	69.2	3	US	USD
840200001	EIA Crude Oil Stocks Change	2025.10.08 17:30:00	3.715	3.334	1.792	nan	3	US	USD
840220014	10-Year Note Auction	2025.10.08 20:00:00	4.117	nan	4.033	nan	3	US	USD
840220015	30-Year Bond Auction	2025.10.09 20:00:00	4.734	nan	4.651	nan	3	US	USD
840070001	Philadelphia Fed Manufacturing Index	2025.10.16 15:30:00	-12.8	4.8	23.2	nan	3	US	USD
840200001	EIA Crude Oil Stocks Change	2025.10.16 19:00:00	3.524	-2.689	3.715	nan	3	US	USD
840200001	EIA Crude Oil Stocks Change	2025.10.22 17:30:00	-0.961	-4.625	3.524	nan	3	US	USD
840120001	Existing Home Sales	2025.10.23 17:00:00	4.06	nan	4.0	4.0	3	US	USD
840030005	CPI m/m	2025.10.24 15:30:00	0.3	nan	0.4	0.4	3	US	USD
840030006	Core CPI m/m	2025.10.24 15:30:00	0.2	nan	0.3	0.3	3	US	USD
840030007	CPI y/y	2025.10.24 15:30:00	3.0	nan	2.9	nan	3	US	USD
840030034	Core CPI n.s.a. m/m	2025.10.24 15:30:00	0.3	nan	0.3	nan	3	US	USD
840030035	CPI	2025.10.24 15:30:00	324.368	nan	323.98	323.364	3	US	USD
840180002	CB Consumer Confidence Index	2025.10.28 17:00:00	94.6	93.5	94.2	95.6	3	US	USD
840200001	EIA Crude Oil Stocks Change	2025.10.29 17:30:00	-6.858	0.315	-0.961	nan	3	US	USD
840050014	Fed Interest Rate Decision	2025.10.29 21:00:00	4.0	nan	4.25	nan	3	US	USD
840510001	MNI Chicago Business Barometer	2025.10.31 16:45:00	43.8	40.7	40.6	nan	3	US	USD
840500001	S&P Global Manufacturing PMI	2025.11.03 17:45:00	52.5	nan	52.0	nan	3	US	USD
840040001	ISM Manufacturing PMI	2025.11.03 18:00:00	48.7	50.0	49.1	49.1	3	US	USD
840040002	ISM Manufacturing Prices Paid	2025.11.03 18:00:00	58.0	59.9	61.9	61.9	3	US	USD
840190001	ADP Nonfarm Employment Change	2025.11.05 16:15:00	42.0	-137.0	-32.0	nan	3	US	USD
840500002	S&P Global Services PMI	2025.11.05 17:45:00	54.8	56.3	54.2	nan	3	US	USD
840040003	ISM Non-Manufacturing PMI	2025.11.05 18:00:00	52.4	nan	50.0	50.0	3	US	USD
840040008	ISM Non-Manufacturing Prices Paid	2025.11.05 18:00:00	70.0	nan	69.4	69.4	3	US	USD
840200001	EIA Crude Oil Stocks Change	2025.11.05 18:30:00	5.202	-3.0	-6.858	nan	3	US	USD
840220014	10-Year Note Auction	2025.11.12 21:00:00	4.074	nan	4.117	nan	3	US	USD
840200001	EIA Crude Oil Stocks Change	2025.11.13 20:00:00	6.413	0.87	5.202	nan	3	US	USD
840220015	30-Year Bond Auction	2025.11.13 21:00:00	4.694	nan	4.734	nan	3	US	USD
840200001	EIA Crude Oil Stocks Change	2025.11.19 18:30:00	-3.426	-1.46	6.413	nan	3	US	USD
840030015	Unemployment Rate	2025.11.20 15:30:00	4.4	4.2	4.3	4.3	3	US	USD
840030016	Nonfarm Payrolls	2025.11.20 15:30:00	119.0	84.0	22.0	-4.0	3	US	USD
840030018	Average Hourly Earnings m/m	2025.11.20 15:30:00	0.2	0.4	0.3	0.4	3	US	USD
840070001	Philadelphia Fed Manufacturing Index	2025.11.20 16:30:00	-1.7	3.9	-12.8	nan	3	US	USD
840140001	Initial Jobless Claims	2025.11.20 16:30:00	220.0	nan	218.0	228.0	3	US	USD
840120001	Existing Home Sales	2025.11.20 18:00:00	4.1	4.08	4.06	4.05	3	US	USD
840020010	Retail Sales m/m	2025.11.25 15:30:00	0.2	-0.2	0.6	0.6	3	US	USD
840020011	Core Retail Sales m/m	2025.11.25 15:30:00	0.3	0.1	0.7	0.6	3	US	USD
840030001	PPI m/m	2025.11.25 15:30:00	0.3	nan	-0.1	-0.1	3	US	USD
840180002	CB Consumer Confidence Index	2025.11.25 18:00:00	88.7	88.1	94.6	95.5	3	US	USD
840020013	Durable Goods Orders m/m	2025.11.26 15:30:00	0.5	-2.9	2.9	3.0	3	US	USD
840140001	Initial Jobless Claims	2025.11.26 16:30:00	216.0	215.0	220.0	222.0	3	US	USD
840510001	MNI Chicago Business Barometer	2025.11.26 17:45:00	36.3	44.8	43.8	nan	3	US	USD
840200001	EIA Crude Oil Stocks Change	2025.11.26 18:30:00	2.774	-5.136	-3.426	nan	3	US	USD
840500001	S&P Global Manufacturing PMI	2025.12.01 17:45:00	52.2	51.7	52.5	nan	3	US	USD
840040001	ISM Manufacturing PMI	2025.12.01 18:00:00	48.2	49.3	48.7	48.7	3	US	USD
840040002	ISM Manufacturing Prices Paid	2025.12.01 18:00:00	58.5	56.0	58.0	58.0	3	US	USD
840190001	ADP Nonfarm Employment Change	2025.12.03 16:15:00	-31.0	9.0	42.0	nan	3	US	USD
840500002	S&P Global Services PMI	2025.12.03 17:45:00	54.1	55.3	54.8	nan	3	US	USD
840200001	EIA Crude Oil Stocks Change	2025.12.03 18:30:00	0.574	1.21	2.774	nan	3	US	USD
840140001	Initial Jobless Claims	2025.12.04 16:30:00	191.0	222.0	216.0	218.0	3	US	USD
840010001	Core PCE Price Index m/m	2025.12.05 18:00:00	0.2	nan	0.2	0.2	3	US	USD
840010002	Core PCE Price Index y/y	2025.12.05 18:00:00	2.8	nan	2.9	2.9	3	US	USD
840030021	JOLTS Job Openings	2025.12.09 18:00:00	7.67	7.378	7.658	7.658	3	US	USD
840030021	JOLTS Job Openings	2025.12.09 18:00:00	7.658	nan	7.227	7.615	3	US	USD
840220014	10-Year Note Auction	2025.12.09 21:00:00	4.175	nan	4.074	nan	3	US	USD
840200001	EIA Crude Oil Stocks Change	2025.12.10 18:30:00	-1.812	4.78	0.574	nan	3	US	USD
840050014	Fed Interest Rate Decision	2025.12.10 22:00:00	3.75	nan	4.0	nan	3	US	USD
840140001	Initial Jobless Claims	2025.12.11 16:30:00	236.0	196.0	191.0	192.0	3	US	USD
840220015	30-Year Bond Auction	2025.12.11 21:00:00	4.773	nan	4.694	nan	3	US	USD
840030015	Unemployment Rate	2025.12.16 16:30:00	4.6	4.3	4.4	nan	3	US	USD
840030016	Nonfarm Payrolls	2025.12.16 16:30:00	64.0	120.0	119.0	-105.0	3	US	USD
840030018	Average Hourly Earnings m/m	2025.12.16 16:30:00	0.1	0.4	0.2	0.4	3	US	USD
840020010	Retail Sales m/m	2025.12.16 16:30:00	0.0	-0.1	0.2	0.1	3	US	USD
840020011	Core Retail Sales m/m	2025.12.16 16:30:00	0.4	0.1	0.3	0.1	3	US	USD
840200001	EIA Crude Oil Stocks Change	2025.12.17 18:30:00	-1.274	2.123	-1.812	nan	3	US	USD
840070001	Philadelphia Fed Manufacturing Index	2025.12.18 16:30:00	-10.2	3.6	-1.7	nan	3	US	USD
840140001	Initial Jobless Claims	2025.12.18 16:30:00	224.0	208.0	236.0	237.0	3	US	USD
840030007	CPI y/y	2025.12.18 16:30:00	2.7	2.8	3.0	nan	3	US	USD
840030035	CPI	2025.12.18 16:30:00	325.031	324.706	324.368	nan	3	US	USD
840120001	Existing Home Sales	2025.12.19 18:00:00	4.13	4.07	4.1	4.11	3	US	USD
840010007	GDP q/q	2025.12.23 16:30:00	4.3	3.1	3.8	nan	3	US	USD
840010018	GDP Sales q/q	2025.12.23 16:30:00	4.6	4.6	7.5	nan	3	US	USD
840020013	Durable Goods Orders m/m	2025.12.23 16:30:00	-2.2	1.2	0.5	0.7	3	US	USD
840180002	CB Consumer Confidence Index	2025.12.23 18:00:00	89.1	83.4	88.7	92.9	3	US	USD
840140001	Initial Jobless Claims	2025.12.24 16:30:00	214.0	227.0	224.0	nan	3	US	USD
840200001	EIA Crude Oil Stocks Change	2025.12.24 18:30:00	0.405	-1.19	-1.274	nan	3	US	USD
840200001	EIA Crude Oil Stocks Change	2025.12.30 01:00:00	-1.934	nan	0.405	nan	3	US	USD
840510001	MNI Chicago Business Barometer	2025.12.30 17:45:00	43.5	42.4	36.3	nan	3	US	USD
840140001	Initial Jobless Claims	2025.12.31 16:30:00	199.0	227.0	214.0	215.0	3	US	USD
840040001	ISM Manufacturing PMI	2026.01.05 18:00:00	47.9	nan	48.2	48.2	3	US	USD
840040002	ISM Manufacturing Prices Paid	2026.01.05 18:00:00	58.5	nan	58.5	58.5	3	US	USD
840190001	ADP Nonfarm Employment Change	2026.01.07 16:15:00	41.0	3.0	-31.0	nan	3	US	USD
840040003	ISM Non-Manufacturing PMI	2026.01.07 18:00:00	54.4	nan	nan	52.6	3	US	USD
840040008	ISM Non-Manufacturing Prices Paid	2026.01.07 18:00:00	64.3	nan	nan	65.4	3	US	USD
840030021	JOLTS Job Openings	2026.01.07 18:00:00	7.146	7.381	7.67	7.449	3	US	USD
840200001	EIA Crude Oil Stocks Change	2026.01.07 18:30:00	-3.832	-1.736	-1.934	nan	3	US	USD
840140001	Initial Jobless Claims	2026.01.08 16:30:00	208.0	226.0	199.0	200.0	3	US	USD
840030015	Unemployment Rate	2026.01.09 16:30:00	4.4	4.8	4.6	4.5	3	US	USD
840030016	Nonfarm Payrolls	2026.01.09 16:30:00	50.0	100.0	64.0	56.0	3	US	USD
840030018	Average Hourly Earnings m/m	2026.01.09 16:30:00	0.3	0.3	0.1	0.2	3	US	USD
840220014	10-Year Note Auction	2026.01.12 21:00:00	4.173	nan	4.175	nan	3	US	USD
840030005	CPI m/m	2026.01.13 16:30:00	0.3	nan	nan	nan	3	US	USD
840030006	Core CPI m/m	2026.01.13 16:30:00	0.2	nan	nan	nan	3	US	USD
840030007	CPI y/y	2026.01.13 16:30:00	2.7	2.7	2.7	nan	3	US	USD
840030034	Core CPI n.s.a. m/m	2026.01.13 16:30:00	0.0	nan	nan	nan	3	US	USD
840030035	CPI	2026.01.13 16:30:00	326.03	325.833	325.031	nan	3	US	USD
840020008	New Home Sales	2026.01.13 18:00:00	0.738	0.694	0.8	nan	3	US	USD
840020008	New Home Sales	2026.01.13 18:00:00	0.737	nan	0.738	0.738	3	US	USD
840220015	30-Year Bond Auction	2026.01.13 21:00:00	4.825	nan	4.773	nan	3	US	USD
840030001	PPI m/m	2026.01.14 16:30:00	0.2	0.0	0.3	0.1	3	US	USD
840020010	Retail Sales m/m	2026.01.14 16:30:00	0.6	1.1	0.0	-0.1	3	US	USD
840020011	Core Retail Sales m/m	2026.01.14 16:30:00	0.5	0.2	0.4	0.2	3	US	USD
840200001	EIA Crude Oil Stocks Change	2026.01.14 18:30:00	3.391	0.723	-3.832	nan	3	US	USD
840140001	Initial Jobless Claims	2026.01.15 16:30:00	198.0	225.0	208.0	207.0	3	US	USD
840070001	Philadelphia Fed Manufacturing Index	2026.01.15 16:30:00	12.6	nan	-10.2	-8.8	3	US	USD
840010007	GDP q/q	2026.01.22 16:30:00	4.4	nan	4.3	3.8	3	US	USD
840010018	GDP Sales q/q	2026.01.22 16:30:00	4.5	nan	4.6	7.5	3	US	USD
840140001	Initial Jobless Claims	2026.01.22 16:30:00	200.0	223.0	198.0	199.0	3	US	USD
840010001	Core PCE Price Index m/m	2026.01.22 18:00:00	0.2	0.2	0.2	nan	3	US	USD
840010002	Core PCE Price Index y/y	2026.01.22 18:00:00	2.8	2.7	2.8	2.7	3	US	USD
840200001	EIA Crude Oil Stocks Change	2026.01.22 20:00:00	3.602	1.451	3.391	nan	3	US	USD
840020013	Durable Goods Orders m/m	2026.01.26 16:30:00	5.3	6.8	-2.2	-2.1	3	US	USD
840180002	CB Consumer Confidence Index	2026.01.27 18:00:00	84.5	86.8	89.1	94.2	3	US	USD
840200001	EIA Crude Oil Stocks Change	2026.01.28 18:30:00	-2.295	0.256	3.602	nan	3	US	USD
840050014	Fed Interest Rate Decision	2026.01.28 22:00:00	3.75	nan	3.75	nan	3	US	USD
840140001	Initial Jobless Claims	2026.01.29 16:30:00	209.0	211.0	200.0	210.0	3	US	USD
840030001	PPI m/m	2026.01.30 16:30:00	0.5	0.5	0.2	nan	3	US	USD
840510001	MNI Chicago Business Barometer	2026.01.30 17:45:00	54.0	nan	43.5	nan	3	US	USD
840040001	ISM Manufacturing PMI	2026.02.02 18:00:00	52.6	47.4	47.9	nan	3	US	USD
840040002	ISM Manufacturing Prices Paid	2026.02.02 18:00:00	59.0	58.4	58.5	nan	3	US	USD
840190001	ADP Nonfarm Employment Change	2026.02.04 16:15:00	22.0	7.0	41.0	nan	3	US	USD
840040003	ISM Non-Manufacturing PMI	2026.02.04 18:00:00	53.8	51.8	54.4	53.8	3	US	USD
840040008	ISM Non-Manufacturing Prices Paid	2026.02.04 18:00:00	66.6	67.5	64.3	65.1	3	US	USD
840200001	EIA Crude Oil Stocks Change	2026.02.04 18:30:00	-3.455	-1.007	-2.295	nan	3	US	USD
840140001	Initial Jobless Claims	2026.02.05 16:30:00	231.0	207.0	209.0	nan	3	US	USD
840030021	JOLTS Job Openings	2026.02.05 18:00:00	6.542	7.536	7.146	6.928	3	US	USD
840020010	Retail Sales m/m	2026.02.10 16:30:00	0.0	0.1	0.6	nan	3	US	USD
840020011	Core Retail Sales m/m	2026.02.10 16:30:00	0.0	0.2	0.5	0.4	3	US	USD
840030015	Unemployment Rate	2026.02.11 16:30:00	4.3	4.2	4.4	nan	3	US	USD
840030016	Nonfarm Payrolls	2026.02.11 16:30:00	130.0	89.0	50.0	48.0	3	US	USD
840030018	Average Hourly Earnings m/m	2026.02.11 16:30:00	0.4	0.3	0.3	0.1	3	US	USD
840200001	EIA Crude Oil Stocks Change	2026.02.11 18:30:00	8.53	-0.293	-3.455	nan	3	US	USD
840220014	10-Year Note Auction	2026.02.11 21:00:00	4.177	nan	4.173	nan	3	US	USD
840140001	Initial Jobless Claims	2026.02.12 16:30:00	227.0	204.0	231.0	232.0	3	US	USD
840120001	Existing Home Sales	2026.02.12 18:00:00	3.91	4.1	4.13	4.27	3	US	USD
840220015	30-Year Bond Auction	2026.02.12 21:00:00	4.75	nan	4.825	nan	3	US	USD
840030005	CPI m/m	2026.02.13 16:30:00	0.2	0.2	0.3	nan	3	US	USD
840030006	Core CPI m/m	2026.02.13 16:30:00	0.3	0.1	0.2	nan	3	US	USD
840030007	CPI y/y	2026.02.13 16:30:00	2.4	2.5	2.7	nan	3	US	USD
840030034	Core CPI n.s.a. m/m	2026.02.13 16:30:00	0.4	nan	0.0	nan	3	US	USD
840030035	CPI	2026.02.13 16:30:00	326.588	326.277	326.03	326.031	3	US	USD
840020013	Durable Goods Orders m/m	2026.02.18 16:30:00	-1.4	-3.2	5.3	5.4	3	US	USD
840140001	Initial Jobless Claims	2026.02.19 16:30:00	206.0	205.0	227.0	229.0	3	US	USD
840070001	Philadelphia Fed Manufacturing Index	2026.02.19 16:30:00	16.3	3.0	12.6	nan	3	US	USD
840200001	EIA Crude Oil Stocks Change	2026.02.19 20:00:00	-9.014	4.532	8.53	nan	3	US	USD
840010001	Core PCE Price Index m/m	2026.02.20 16:30:00	0.4	0.2	0.2	nan	3	US	USD
840010002	Core PCE Price Index y/y	2026.02.20 16:30:00	3.0	2.8	2.8	nan	3	US	USD
840010007	GDP q/q	2026.02.20 16:30:00	1.4	4.2	4.4	nan	3	US	USD
840010018	GDP Sales q/q	2026.02.20 16:30:00	1.2	5.1	4.5	nan	3	US	USD
840020008	New Home Sales	2026.02.20 18:00:00	0.758	0.696	0.737	0.656	3	US	USD
840020008	New Home Sales	2026.02.20 18:00:00	0.745	0.706	0.758	nan	3	US	USD
840180002	CB Consumer Confidence Index	2026.02.24 18:00:00	91.2	91.8	84.5	89.0	3	US	USD
840200001	EIA Crude Oil Stocks Change	2026.02.25 18:30:00	15.989	-3.052	-9.014	nan	3	US	USD
840140001	Initial Jobless Claims	2026.02.26 16:30:00	212.0	216.0	206.0	208.0	3	US	USD
840030001	PPI m/m	2026.02.27 16:30:00	0.5	0.5	0.5	0.4	3	US	USD
840510001	MNI Chicago Business Barometer	2026.02.27 17:45:00	57.7	nan	54.0	nan	3	US	USD
840500001	S&P Global Manufacturing PMI	2026.03.02 17:45:00	51.6	nan	nan	nan	3	US	USD
840040001	ISM Manufacturing PMI	2026.03.02 18:00:00	52.4	53.0	52.6	nan	3	US	USD
840040002	ISM Manufacturing Prices Paid	2026.03.02 18:00:00	70.5	62.2	59.0	nan	3	US	USD
840190001	ADP Nonfarm Employment Change	2026.03.04 16:15:00	63.0	11.0	22.0	nan	3	US	USD
840500002	S&P Global Services PMI	2026.03.04 17:45:00	51.7	nan	nan	nan	3	US	USD
840040003	ISM Non-Manufacturing PMI	2026.03.04 18:00:00	56.1	52.3	53.8	nan	3	US	USD
840040008	ISM Non-Manufacturing Prices Paid	2026.03.04 18:00:00	63.0	65.5	66.6	nan	3	US	USD
840200001	EIA Crude Oil Stocks Change	2026.03.04 18:30:00	3.475	4.787	15.989	nan	3	US	USD
840140001	Initial Jobless Claims	2026.03.05 16:30:00	213.0	222.0	212.0	213.0	3	US	USD
840030015	Unemployment Rate	2026.03.06 16:30:00	4.4	4.2	4.3	nan	3	US	USD
840030016	Nonfarm Payrolls	2026.03.06 16:30:00	-92.0	79.0	130.0	126.0	3	US	USD
840030018	Average Hourly Earnings m/m	2026.03.06 16:30:00	0.4	0.2	0.4	nan	3	US	USD
840020010	Retail Sales m/m	2026.03.06 16:30:00	-0.2	-0.3	0.0	nan	3	US	USD
840020011	Core Retail Sales m/m	2026.03.06 16:30:00	0.0	0.1	0.0	nan	3	US	USD
840120001	Existing Home Sales	2026.03.10 17:00:00	4.09	3.75	3.91	4.02	3	US	USD
840030005	CPI m/m	2026.03.11 15:30:00	0.3	0.3	0.2	nan	3	US	USD
840030006	Core CPI m/m	2026.03.11 15:30:00	0.2	0.2	0.3	nan	3	US	USD
840030007	CPI y/y	2026.03.11 15:30:00	2.4	2.2	2.4	nan	3	US	USD
840030034	Core CPI n.s.a. m/m	2026.03.11 15:30:00	0.4	nan	0.4	nan	3	US	USD
840030035	CPI	2026.03.11 15:30:00	327.46	326.83	326.588	nan	3	US	USD
840200001	EIA Crude Oil Stocks Change	2026.03.11 17:30:00	3.824	1.832	3.475	nan	3	US	USD
840220014	10-Year Note Auction	2026.03.11 20:00:00	4.217	nan	4.177	nan	3	US	USD
840140001	Initial Jobless Claims	2026.03.12 15:30:00	213.0	221.0	213.0	214.0	3	US	USD
840220015	30-Year Bond Auction	2026.03.12 20:00:00	4.871	nan	4.75	nan	3	US	USD
840010001	Core PCE Price Index m/m	2026.03.13 15:30:00	0.4	0.3	0.4	nan	3	US	USD
840010002	Core PCE Price Index y/y	2026.03.13 15:30:00	3.1	2.8	3.0	nan	3	US	USD
840010007	GDP q/q	2026.03.13 15:30:00	0.7	1.4	1.4	nan	3	US	USD
840010018	GDP Sales q/q	2026.03.13 15:30:00	0.4	1.2	1.2	nan	3	US	USD
840020013	Durable Goods Orders m/m	2026.03.13 15:30:00	0.0	-0.5	-1.4	-0.9	3	US	USD
840030021	JOLTS Job Openings	2026.03.13 17:00:00	6.946	7.116	6.542	6.55	3	US	USD
840030001	PPI m/m	2026.03.18 15:30:00	0.7	0.5	0.5	nan	3	US	USD
840200001	EIA Crude Oil Stocks Change	2026.03.18 17:30:00	6.156	0.045	3.824	nan	3	US	USD
840050014	Fed Interest Rate Decision	2026.03.18 21:00:00	3.75	nan	3.75	nan	3	US	USD
840140001	Initial Jobless Claims	2026.03.19 15:30:00	205.0	218.0	213.0	nan	3	US	USD
840070001	Philadelphia Fed Manufacturing Index	2026.03.19 15:30:00	18.1	3.0	16.3	nan	3	US	USD
840020008	New Home Sales	2026.03.19 17:00:00	0.587	0.71	0.745	0.712	3	US	USD
840200001	EIA Crude Oil Stocks Change	2026.03.25 17:30:00	6.926	0.07	6.156	nan	3	US	USD
840140001	Initial Jobless Claims	2026.03.26 15:30:00	210.0	216.0	205.0	nan	3	US	USD
840510001	MNI Chicago Business Barometer	2026.03.31 16:45:00	52.8	nan	57.7	nan	3	US	USD
840180002	CB Consumer Confidence Index	2026.03.31 17:00:00	91.8	98.2	91.2	91.0	3	US	USD
840030021	JOLTS Job Openings	2026.03.31 17:00:00	6.882	6.926	6.946	7.24	3	US	USD
840190001	ADP Nonfarm Employment Change	2026.04.01 15:15:00	62.0	20.0	63.0	nan	3	US	USD
840020010	Retail Sales m/m	2026.04.01 15:30:00	0.6	0.3	-0.2	-0.1	3	US	USD
840020011	Core Retail Sales m/m	2026.04.01 15:30:00	0.5	0.3	0.0	nan	3	US	USD
840500001	S&P Global Manufacturing PMI	2026.04.01 16:45:00	52.3	52.1	51.6	nan	3	US	USD
840040001	ISM Manufacturing PMI	2026.04.01 17:00:00	52.7	52.2	52.4	52.4	3	US	USD
840040002	ISM Manufacturing Prices Paid	2026.04.01 17:00:00	78.3	73.6	70.5	70.5	3	US	USD
840200001	EIA Crude Oil Stocks Change	2026.04.01 17:30:00	5.451	2.877	6.926	nan	3	US	USD
840140001	Initial Jobless Claims	2026.04.02 15:30:00	202.0	211.0	210.0	211.0	3	US	USD
840030015	Unemployment Rate	2026.04.03 15:30:00	4.3	4.6	4.4	nan	3	US	USD
840030016	Nonfarm Payrolls	2026.04.03 15:30:00	178.0	-6.0	-92.0	-133.0	3	US	USD
840030018	Average Hourly Earnings m/m	2026.04.03 15:30:00	0.2	0.3	0.4	nan	3	US	USD
840500002	S&P Global Services PMI	2026.04.03 16:45:00	49.8	52.7	51.7	nan	3	US	USD
840040003	ISM Non-Manufacturing PMI	2026.04.03 17:00:00	54.0	54.8	56.1	56.1	3	US	USD
840040008	ISM Non-Manufacturing Prices Paid	2026.04.03 17:00:00	70.7	65.7	63.0	63.0	3	US	USD
840020013	Durable Goods Orders m/m	2026.04.07 15:30:00	-1.4	-2.2	0.0	-0.5	3	US	USD
840200001	EIA Crude Oil Stocks Change	2026.04.08 17:30:00	3.081	3.234	5.451	nan	3	US	USD
840220014	10-Year Note Auction	2026.04.08 20:00:00	4.282	nan	4.217	nan	3	US	USD
840010001	Core PCE Price Index m/m	2026.04.09 15:30:00	0.4	0.4	0.4	nan	3	US	USD
840010002	Core PCE Price Index y/y	2026.04.09 15:30:00	3.0	2.9	3.1	nan	3	US	USD
840010007	GDP q/q	2026.04.09 15:30:00	0.5	0.7	0.7	nan	3	US	USD
840010018	GDP Sales q/q	2026.04.09 15:30:00	0.3	0.4	0.4	nan	3	US	USD
840140001	Initial Jobless Claims	2026.04.09 15:30:00	219.0	206.0	202.0	203.0	3	US	USD
840220015	30-Year Bond Auction	2026.04.09 20:00:00	4.876	nan	4.871	nan	3	US	USD
840030005	CPI m/m	2026.04.10 15:30:00	0.9	0.3	0.3	nan	3	US	USD
840030006	Core CPI m/m	2026.04.10 15:30:00	0.2	0.2	0.2	nan	3	US	USD
840030007	CPI y/y	2026.04.10 15:30:00	3.3	2.3	2.4	nan	3	US	USD
840030034	Core CPI n.s.a. m/m	2026.04.10 15:30:00	0.3	nan	0.4	nan	3	US	USD
840030035	CPI	2026.04.10 15:30:00	330.293	327.824	327.46	nan	3	US	USD
840120001	Existing Home Sales	2026.04.13 17:00:00	3.98	4.01	4.09	4.13	3	US	USD
840030001	PPI m/m	2026.04.14 15:30:00	0.5	0.9	0.7	0.5	3	US	USD
840200001	EIA Crude Oil Stocks Change	2026.04.15 17:30:00	-0.913	9.761	3.081	nan	3	US	USD
840070001	Philadelphia Fed Manufacturing Index	2026.04.16 15:30:00	26.7	3.3	18.1	nan	3	US	USD
840140001	Initial Jobless Claims	2026.04.16 15:30:00	207.0	212.0	219.0	218.0	3	US	USD
840020010	Retail Sales m/m	2026.04.21 15:30:00	1.7	0.6	0.6	0.7	3	US	USD
840020011	Core Retail Sales m/m	2026.04.21 15:30:00	1.9	0.4	0.5	0.7	3	US	USD
840200001	EIA Crude Oil Stocks Change	2026.04.22 17:30:00	1.925	0.705	-0.913	nan	3	US	USD
840140001	Initial Jobless Claims	2026.04.23 15:30:00	214.0	211.0	207.0	208.0	3	US	USD
840180002	CB Consumer Confidence Index	2026.04.28 17:00:00	92.8	99.0	91.8	92.2	3	US	USD
840020013	Durable Goods Orders m/m	2026.04.29 15:30:00	0.8	4.7	-1.4	-1.2	3	US	USD
840200001	EIA Crude Oil Stocks Change	2026.04.29 17:30:00	-6.234	-2.825	1.925	nan	3	US	USD
840050014	Fed Interest Rate Decision	2026.04.29 21:00:00	3.75	nan	3.75	nan	3	US	USD
840010001	Core PCE Price Index m/m	2026.04.30 15:30:00	0.3	0.3	0.4	nan	3	US	USD
840010002	Core PCE Price Index y/y	2026.04.30 15:30:00	3.2	3.1	3.0	nan	3	US	USD
840010007	GDP q/q	2026.04.30 15:30:00	2.0	-0.2	0.5	nan	3	US	USD
840010018	GDP Sales q/q	2026.04.30 15:30:00	1.6	4.1	0.3	nan	3	US	USD
840140001	Initial Jobless Claims	2026.04.30 15:30:00	189.0	210.0	214.0	215.0	3	US	USD
840510001	MNI Chicago Business Barometer	2026.04.30 16:45:00	49.2	50.1	52.8	nan	3	US	USD
840500001	S&P Global Manufacturing PMI	2026.05.01 16:45:00	54.5	52.0	52.3	nan	3	US	USD
840040001	ISM Manufacturing PMI	2026.05.01 17:00:00	52.7	49.8	52.7	nan	3	US	USD
840040002	ISM Manufacturing Prices Paid	2026.05.01 17:00:00	84.6	82.6	78.3	nan	3	US	USD
840500002	S&P Global Services PMI	2026.05.05 16:45:00	51.0	50.6	49.8	nan	3	US	USD
840040003	ISM Non-Manufacturing PMI	2026.05.05 17:00:00	53.6	54.6	54.0	nan	3	US	USD
840040008	ISM Non-Manufacturing Prices Paid	2026.05.05 17:00:00	70.7	67.4	70.7	nan	3	US	USD
840030021	JOLTS Job Openings	2026.05.05 17:00:00	6.866	6.913	6.882	6.922	3	US	USD
840020008	New Home Sales	2026.05.05 17:00:00	0.635	0.678	0.587	0.583	3	US	USD
840020008	New Home Sales	2026.05.05 17:00:00	0.682	0.711	0.635	0.635	3	US	USD
840200001	EIA Crude Oil Stocks Change	2026.05.06 17:30:00	-2.313	3.891	-6.234	nan	3	US	USD
840140001	Initial Jobless Claims	2026.05.07 15:30:00	200.0	204.0	189.0	190.0	3	US	USD
840030015	Unemployment Rate	2026.05.08 15:30:00	4.3	4.3	4.3	nan	3	US	USD
840030016	Nonfarm Payrolls	2026.05.08 15:30:00	115.0	90.0	178.0	185.0	3	US	USD
840030018	Average Hourly Earnings m/m	2026.05.08 15:30:00	0.2	0.3	0.2	nan	3	US	USD
840120001	Existing Home Sales	2026.05.11 17:00:00	4.02	3.96	3.98	4.01	3	US	USD
840030005	CPI m/m	2026.05.12 15:30:00	0.6	0.7	0.9	nan	3	US	USD
840030006	Core CPI m/m	2026.05.12 15:30:00	0.4	0.1	0.2	nan	3	US	USD
840030007	CPI y/y	2026.05.12 15:30:00	3.8	3.7	3.3	nan	3	US	USD
840030034	Core CPI n.s.a. m/m	2026.05.12 15:30:00	0.4	nan	0.3	nan	3	US	USD
840030035	CPI	2026.05.12 15:30:00	332.407	330.747	330.293	nan	3	US	USD
840220014	10-Year Note Auction	2026.05.12 20:00:00	4.468	nan	4.282	nan	3	US	USD
840030001	PPI m/m	2026.05.13 15:30:00	1.4	0.4	0.5	0.7	3	US	USD
840200001	EIA Crude Oil Stocks Change	2026.05.13 17:30:00	-4.306	-5.433	-2.313	nan	3	US	USD
840220015	30-Year Bond Auction	2026.05.13 20:00:00	5.046	nan	4.876	nan	3	US	USD
840020010	Retail Sales m/m	2026.05.14 15:30:00	0.5	1.2	1.7	1.6	3	US	USD
840020011	Core Retail Sales m/m	2026.05.14 15:30:00	0.7	1.5	1.9	nan	3	US	USD
840140001	Initial Jobless Claims	2026.05.14 15:30:00	211.0	209.0	200.0	199.0	3	US	USD
840200001	EIA Crude Oil Stocks Change	2026.05.20 17:30:00	-7.863	-17.631	-4.306	nan	3	US	USD
840070001	Philadelphia Fed Manufacturing Index	2026.05.21 15:30:00	-0.4	2.9	26.7	nan	3	US	USD
840140001	Initial Jobless Claims	2026.05.21 15:30:00	209.0	208.0	211.0	212.0	3	US	USD
840180002	CB Consumer Confidence Index	2026.05.26 17:00:00	93.1	99.7	92.8	93.8	3	US	USD
840020013	Durable Goods Orders m/m	2026.05.28 15:30:00	7.9	-3.2	0.8	1.3	3	US	USD
840010001	Core PCE Price Index m/m	2026.05.28 15:30:00	0.2	0.2	0.3	nan	3	US	USD
840010002	Core PCE Price Index y/y	2026.05.28 15:30:00	3.3	3.1	3.2	nan	3	US	USD
840010007	GDP q/q	2026.05.28 15:30:00	1.6	2.0	2.0	nan	3	US	USD
840010018	GDP Sales q/q	2026.05.28 15:30:00	1.5	1.6	1.6	nan	3	US	USD
840140001	Initial Jobless Claims	2026.05.28 15:30:00	215.0	203.0	209.0	210.0	3	US	USD
840020008	New Home Sales	2026.05.28 17:00:00	0.622	0.713	0.682	0.663	3	US	USD
840200001	EIA Crude Oil Stocks Change	2026.05.28 19:00:00	-3.327	-5.506	-7.863	nan	3	US	USD
840510001	MNI Chicago Business Barometer	2026.05.29 16:45:00	62.7	44.0	49.2	nan	3	US	USD
840500001	S&P Global Manufacturing PMI	2026.06.01 16:45:00	55.1	53.2	54.5	nan	3	US	USD
